edition,page(s),line_id / count,category,owner,issue/detail,text,suggested_action
Al Naharot Bavel,9,r1l13,schema violation,NOA,stage span requires a type attribute (no bare stage),(וויטהענד),fix per schema
Al Naharot Bavel,9,r1l31,schema violation,NOA,stage span requires a type attribute (no bare stage),"(וויל איהם אנגרייפען, זמרי שטויסט איהם אוועק)",fix per schema
Al Naharot Bavel,10,r1l36,untagged speaker (named),NOA,label 'זמרי' matches cast role,זמרי: חַ חַ חַ חַ הָאט שׁוֹין דָנִיאֵל פ,tag speaker xmlid:zimri
Al Naharot Bavel,12,r1l8,schema violation,NOA,stage span requires a type attribute (no bare stage),פערוואַנדלונג.,fix per schema
Al Naharot Bavel,18,r1l6,schema violation,NOA,stage span requires a type attribute (no bare stage),פֶערוואנְדְלונְג.,fix per schema
Al Naharot Bavel,19,r1l31,untagged speaker (named),NOA,label 'קעניג' matches cast role,"קעניג: יאָ דָאס וִויל אִיך, אוּן דִי גֶע",tag speaker xmlid:belshatsar
Al Naharot Bavel,25,r1l9,schema violation,NOA,stage span requires a type attribute (no bare stage),פאָרהאַנג.,fix per schema
Al Naharot Bavel,25,line_1649597840955_2176,schema violation,NOA,stage span requires a type attribute (no bare stage),עֶנְדֶע פונ'ם עֶרְשְׁטעֶן אַקט.,fix per schema
Al Naharot Bavel,31,r1l3,schema violation,NOA,stage span requires a type attribute (no bare stage),פערוואַנדלונג.,fix per schema
Al Naharot Bavel,35,r1l13,untagged speaker (unknown),NOA,turn-like 'הויפטמאן' not in cast (OCR?),הויפטמאן: אִיהר שווייגט?,fix OCR / link to a cast xmlid
Al Naharot Bavel,37,r1l20,schema violation,NOA,stage span requires a type attribute (no bare stage),(פארהאנג).,fix per schema
Al Naharot Bavel,37,line_1649598655516_2903,schema violation,NOA,stage span requires a type attribute (no bare stage),(ענדע פונ'ם צווייטען אקט).,fix per schema
Al Naharot Bavel,43,r1l4,schema violation,NOA,stage span requires a type attribute (no bare stage),פערוואַנדלונג,fix per schema
Al Naharot Bavel,43,r1l15,schema violation,NOA,stage span requires a type attribute (no bare stage),פערוואַנדלונג.,fix per schema
Al Naharot Bavel,44,line_1649595572369_896,untagged speaker (named),NOA,label 'פאלמירא' matches cast role,פאלמירא:,tag speaker xmlid:palmira
Al Naharot Bavel,50,r1l25,schema violation,NOA,stage span requires a type attribute (no bare stage),פֶערוואנְדְלונְג.,fix per schema
Al Naharot Bavel,50,r1l33,schema violation,NOA,stage span requires a type attribute (no bare stage),פאָרהאַנג.,fix per schema
Al Naharot Bavel,53,r1l38,untagged speaker (named),NOA,label 'זמרי' matches cast role,זמרי: נֵיין קֶענִיג בּלשצר! טריוּמפיערע ,tag speaker xmlid:zimri
Al Naharot Bavel,59,r1l8,schema violation,NOA,stage span requires a type attribute (no bare stage),פאָרהאַנג.,fix per schema
Al Naharot Bavel,60,line_1649538258191_4864,schema violation,NOA,stage span requires a type attribute (no bare stage),עֶפִּילָאג,fix per schema
Al Naharot Bavel,61,r1l31,untagged speaker (named),NOA,label 'אליקים' matches cast role,אליקים: אוֹי אִיך פִינְסטֶערֶער דלוּת! מ,tag speaker xmlid:elyakim
Al Naharot Bavel,63,r1l15,schema violation,NOA,stage span requires a type attribute (no bare stage),פערוואַנדלונג.,fix per schema
Al Naharot Bavel,63,r1l24,schema violation,NOA,stage span requires a type attribute (no bare stage),פאָרהאַנג.,fix per schema
Al Naharot Bavel,63,r1l25,schema violation,NOA,stage span requires a type attribute (no bare stage),עֶנְדֶע.,fix per schema
Blimele (di Perle von Warsha),6,line_1648912729557_2003,untagged cast entry,NOA,castList line 'ארט דער האנדלונג' has no role/roleDesc span,"אָרט דער האנדלונג: פאָלען, פאָזען אונד ו",tag role + roleDesc
Blimele (di Perle von Warsha),7,r_1_1l5,untagged speaker (collective),AUTO,collective 'קאר' — no speaker span,"קאר: וִויר גראטוליערען ווינְשֶׁען גלִיק,",tag speaker xmlid:chor
Blimele (di Perle von Warsha),7,r_1_1l11,untagged speaker (collective),AUTO,collective 'קאר' — no speaker span,קאר: (אבגעהענד) וִויר גראטוליערען ווינְש,tag speaker xmlid:chor
Blimele (di Perle von Warsha),7,r_1_1l17,untagged speaker (unknown),NOA,turn-like 'בערל' not in cast (OCR?),בערל: וואס וואוּנְדֶערְסט דוא דיך אַזוֹי,fix OCR / link to a cast xmlid
Blimele (di Perle von Warsha),7,r_1_1l19,untagged speaker (unknown),NOA,turn-like 'בערל' not in cast (OCR?),בערל: וואָס גֶעהט דִיך אָן פוּן וואַנען?,fix OCR / link to a cast xmlid
Blimele (di Perle von Warsha),7,r_1_1l22,untagged speaker (unknown),NOA,turn-like 'בערל' not in cast (OCR?),בערל: וואָס אִיז מִיט דִיר זֶעלִיקֶעל? ו,fix OCR / link to a cast xmlid
Blimele (di Perle von Warsha),7,r_1_1l26,untagged speaker (unknown),NOA,turn-like 'בערל' not in cast (OCR?),בערל: אָבּער זֶעלִיקֶעל בּיזט דוּא מְשוּ,fix OCR / link to a cast xmlid
Blimele (di Perle von Warsha),8,r_5_1l1,untagged speaker (unknown),NOA,turn-like 'בערל' not in cast (OCR?),בערל: אָבּער וואָס אִיז גֶעשֶׁעהֶען זֶעל,fix OCR / link to a cast xmlid
Blimele (di Perle von Warsha),8,r_5_1l5,untagged speaker (unknown),NOA,turn-like 'בערל' not in cast (OCR?),בערל: נוּ יאָ בּליהמעלע: (נייגעריג).,fix OCR / link to a cast xmlid
Blimele (di Perle von Warsha),8,r_5_1l8,untagged speaker (unknown),NOA,turn-like 'בערל' not in cast (OCR?),בערל: אָבּער וואָס אִיז גֶעשֶׁעהֶען מִיט,fix OCR / link to a cast xmlid
Blimele (di Perle von Warsha),8,r_5_1l10,untagged speaker (unknown),NOA,turn-like 'בערל' not in cast (OCR?),בערל: מִיט ווֶעמֶען? וואָס אִיז בּליהמעל,fix OCR / link to a cast xmlid
Blimele (di Perle von Warsha),8,r_5_1l14,untagged speaker (unknown),NOA,turn-like 'בערל' not in cast (OCR?),בערל: (גאנץ ניעדער געשלאגען) בּליהמעלע ה,fix OCR / link to a cast xmlid
Blimele (di Perle von Warsha),8,r_5_1l16,untagged speaker (unknown),NOA,turn-like 'בערל' not in cast (OCR?),בערל: אוּן וֶוער אִיז דֶער גלִיקלִיכֶער ,fix OCR / link to a cast xmlid
Blimele (di Perle von Warsha),8,r_5_1l18,untagged speaker (unknown),NOA,turn-like 'בערל' not in cast (OCR?),בערל: וִויא אַהין זאָל אִיך גֶעהֶען?,fix OCR / link to a cast xmlid
Blimele (di Perle von Warsha),8,r_5_1l20,untagged speaker (unknown),NOA,turn-like 'בערל' not in cast (OCR?),בערל: וואָס טויג דִיר דִיא מקוה זֶעלִיקל,fix OCR / link to a cast xmlid
Blimele (di Perle von Warsha),8,r_5_1l24,untagged speaker (unknown),NOA,turn-like 'בערל' not in cast (OCR?),בערל: זאָג מִיר נאָר זֶעלִיקל בּיזט דוּא,fix OCR / link to a cast xmlid
Blimele (di Perle von Warsha),8,r_5_1l26,untagged speaker (unknown),NOA,turn-like 'בערל' not in cast (OCR?),בערל: וַוייל אַ נאר זֶעה אִיך בּיזט דוּא,fix OCR / link to a cast xmlid
Blimele (di Perle von Warsha),8,r_5_1l27,untagged speaker (named),NOA,label 'געליקל' matches cast role,געליקל: וואָס האָסְט דוּא מִיט דַיין חכמ,tag speaker xmlid:zelikel_mnagen
Blimele (di Perle von Warsha),9,r_2_1l14,untagged speaker (unknown),NOA,turn-like 'בערל' not in cast (OCR?),בערל: יאָ דַאנִיאֵל ר' ליפּע שוחט'ס זוּה,fix OCR / link to a cast xmlid
Blimele (di Perle von Warsha),9,r_2_1l20,untagged speaker (unknown),NOA,turn-like 'בערל' not in cast (OCR?),בערל: יאָ דאָנִיאֵל אִיז בּליהמעלעס גלִי,fix OCR / link to a cast xmlid
Blimele (di Perle von Warsha),9,r_2_1l21,untagged speaker (named),NOA,label 'עליק' matches cast role,"עליק: יאָ, דאָנִיאֵל פִיהרְט הַיינְט בּל",tag speaker xmlid:zelikel_mnagen
Blimele (di Perle von Warsha),9,r_2_1l24,untagged speaker (unknown),NOA,turn-like 'בערל' not in cast (OCR?),בערל: (אַליין) אַזוי דאָנִיאֵל פִיהרְט ה,fix OCR / link to a cast xmlid
Blimele (di Perle von Warsha),10,r_1_1l7,untagged speaker (collective),AUTO,collective 'קאר' — no speaker span,קאר: (אויפֿטריט) לאָזט אונז יעטצט זיִנְג,tag speaker xmlid:chor
Blimele (di Perle von Warsha),10,r_1_1l16,untagged speaker (collective),AUTO,collective 'מענער' — no speaker span,מענער: זעהט דאָס פּאהרל געהען,tag speaker xmlid:mener
Blimele (di Perle von Warsha),10,r_1_1l17,untagged speaker (collective),AUTO,collective 'דאמען' — no speaker span,דאמען: וִויא עהרְלִיך אוּן שֶׁעהן. (ביס),tag speaker xmlid:damen
Blimele (di Perle von Warsha),10,r_1_1l20,untagged speaker (collective),AUTO,collective 'אלע' — no speaker span,"אלע: שֶׁעהן שֶׁעהן דאָס פּאהרל גֶעהֶען,",tag speaker xmlid:alle
Blimele (di Perle von Warsha),10,r_1_1l29,untagged speaker (collective),AUTO,collective 'קאר' — no speaker span,"קאר: אָמן שְׁרֵייט אַלע, יעטצט חָתָן וכל",tag speaker xmlid:chor
Blimele (di Perle von Warsha),13,r_2_1l21,untagged speaker (collective),AUTO,collective 'ביידע' — no speaker span,ביידע: וואָס זְשֶׁע טהוּט מֶען?,tag speaker xmlid:beyde
Blimele (di Perle von Warsha),13,r_2_1l22,untagged speaker (unknown),NOA,turn-like 'דועט ביידע' not in cast (OCR?),דועט ביידע: וואָס טהוּט מֶען? איך שעהם מ,fix OCR / link to a cast xmlid
Blimele (di Perle von Warsha),13,r_2_1l30,untagged speaker (unknown),NOA,turn-like 'ער' not in cast (OCR?),ער: אִיך מוּז איהר ערצעהלען,fix OCR / link to a cast xmlid
Blimele (di Perle von Warsha),13,r_2_1l32,untagged speaker (unknown),NOA,turn-like 'זיא' not in cast (OCR?),זיא: נוּ זאָג זאָג שֶׁעהם דִיך נִיט.,fix OCR / link to a cast xmlid
Blimele (di Perle von Warsha),14,TextRegion_1648914043394_3102l2,untagged speaker (unknown),NOA,turn-like 'ער' not in cast (OCR?),"ער: דָא בּרענט דאָס דָא בּריהט דאס,",fix OCR / link to a cast xmlid
Blimele (di Perle von Warsha),14,TextRegion_1648914043394_3102l4,untagged speaker (unknown),NOA,turn-like 'זיא' not in cast (OCR?),"זיא: זאָג זאָג זאג, שֶׁעהם דִיך נִישְט ש",fix OCR / link to a cast xmlid
Blimele (di Perle von Warsha),14,line_1648914091085_3164,untagged speaker (unknown),NOA,turn-like 'ער' not in cast (OCR?),"ער: דָא נֵייגט דָאס דָא זַיינְט דָאס,",fix OCR / link to a cast xmlid
Blimele (di Perle von Warsha),14,TextRegion_1648914043394_3102l10,untagged speaker (unknown),NOA,turn-like 'זיא' not in cast (OCR?),זיא: בּאלד בּאלד ערְקלֶעהר אִיך דִיר.,fix OCR / link to a cast xmlid
Blimele (di Perle von Warsha),14,TextRegion_1648914043394_3102l17,untagged speaker (unknown),NOA,turn-like 'ער' not in cast (OCR?),ער: וֶועה אִיז מִיר.,fix OCR / link to a cast xmlid
Blimele (di Perle von Warsha),14,TextRegion_1648914043394_3102l18,untagged speaker (unknown),NOA,turn-like 'זיא' not in cast (OCR?),"זיא: אוּם... צוּ קִיסֶען, אוּם... צוּ קִ",fix OCR / link to a cast xmlid
Blimele (di Perle von Warsha),14,TextRegion_1648914043394_3102l19,untagged speaker (unknown),NOA,turn-like 'ער' not in cast (OCR?),ער: אוֹי אוֹי... עֶס אִיז דָאך אַ גְרויִ,fix OCR / link to a cast xmlid
Blimele (di Perle von Warsha),14,TextRegion_1648914043394_3102l20,untagged speaker (unknown),NOA,turn-like 'זיא' not in cast (OCR?),זיא: דִיא עבירה זֶעהסט דוּא נֶעהם אִיך א,fix OCR / link to a cast xmlid
Blimele (di Perle von Warsha),14,TextRegion_1648914043394_3102l21,untagged speaker (unknown),NOA,turn-like 'ער' not in cast (OCR?),ער: אוּן דִיא רפוּאָה קרִיעג אִיך בּאלד ,fix OCR / link to a cast xmlid
Blimele (di Perle von Warsha),14,TextRegion_1648914043394_3102l22,untagged speaker (collective),AUTO,collective 'ביידע' — no speaker span,ביידע: יאָ לאָמיִר פּריווען אוֹיף קאטווע,tag speaker xmlid:beyde
Blimele (di Perle von Warsha),14,TextRegion_1648914043394_3102l31,untagged speaker (collective),AUTO,collective 'ביידע' — no speaker span,ביידע: אוֹי וֶועה וָואס אִיז דארְטֶען? (,tag speaker xmlid:beyde
Blimele (di Perle von Warsha),15,TextRegion_1648914288835_3334l5,untagged speaker (collective),AUTO,collective 'קאר' — no speaker span,"קאר: וֶועה אוּנז וֶועה אוּנז, וואָס אִיז",tag speaker xmlid:chor
Blimele (di Perle von Warsha),15,l,untagged speaker (collective),AUTO,collective 'מענער' — no speaker span,מענער: ,tag speaker xmlid:mener
Blimele (di Perle von Warsha),15,l_1,untagged speaker (collective),AUTO,collective 'דאמען' — no speaker span,דאמען:,tag speaker xmlid:damen
Blimele (di Perle von Warsha),15,TextRegion_1648914288835_3334l16,untagged speaker (collective),AUTO,collective 'אלע' — no speaker span,"אלע: יאָ שׁרֶעקט אַייך נִישְט, דֶען דֶער",tag speaker xmlid:alle
Blimele (di Perle von Warsha),16,r_2_1l7,untagged speaker (named),NOA,label 'דיעפע' matches cast role,דיעפע: אוֹי חוּס ורחם עלינוּ,tag speaker xmlid:liepe
Blimele (di Perle von Warsha),16,r_2_1l12,untagged speaker (unknown),NOA,turn-like 'דאניאל בליהמעלע דועט' not in cast (OCR?),דאניאל בליהמעלע דועט: יאָ קֵיינֶע האפנוּ,fix OCR / link to a cast xmlid
Blimele (di Perle von Warsha),16,r_2_1l19,untagged speaker (collective),AUTO,collective 'אלע' — no speaker span,אלע: קֵיין האפנוּנג פֶערְלִיער,tag speaker xmlid:alle
Blimele (di Perle von Warsha),16,r_2_1l23,untagged speaker (collective),AUTO,collective 'אלע' — no speaker span,אלע: אַדיע גֶעה מִיט גלִיק. (עס פֿאלט אי,tag speaker xmlid:alle
Blimele (di Perle von Warsha),17,TextRegion_1648914686521_3620l9,untagged speaker (named),NOA,label 'גראף' matches cast role,גראף: ערשיינט גאנץ מוטהלאָז). וִויא גֶעה,tag speaker xmlid:graf_stanislav
Blimele (di Perle von Warsha),17,TextRegion_1648914686521_3620l11,untagged speaker (named),NOA,label 'גראף' matches cast role,גראף: אָ פריינד מאקסִים וִויא גֶעהטס?,tag speaker xmlid:graf_stanislav
Blimele (di Perle von Warsha),17,TextRegion_1648914686521_3620l13,untagged speaker (named),NOA,label 'גראף' matches cast role,"גראף: פּיס... פּאויל, דוא קאנסט שאן גֶעה",tag speaker xmlid:graf_stanislav
Blimele (di Perle von Warsha),17,TextRegion_1648914686521_3620l16,untagged speaker (named),NOA,label 'גראף' matches cast role,גראף: אוּם דִיר צוּ זאָגען דאַס אִיך אוּ,tag speaker xmlid:graf_stanislav
Blimele (di Perle von Warsha),17,TextRegion_1648914686521_3620l20,untagged speaker (named),NOA,label 'גראף' matches cast role,גראף: אַלעס פערלוּמפּט פֶערְשׁווענְדֶעט ,tag speaker xmlid:graf_stanislav
Blimele (di Perle von Warsha),17,TextRegion_1648914686521_3620l23,untagged speaker (named),NOA,label 'גראף' matches cast role,גראף: נָאך ווענִיגֶער אַלס ניכטס.,tag speaker xmlid:graf_stanislav
Blimele (di Perle von Warsha),17,TextRegion_1648914686521_3620l25,untagged speaker (named),NOA,label 'גראף' matches cast role,גראף: וואהִין גֶעהסט דוּא פְרֵיינְד?,tag speaker xmlid:graf_stanislav
Blimele (di Perle von Warsha),17,TextRegion_1648914686521_3620l27,untagged speaker (named),NOA,label 'גראף' matches cast role,גראף: אַבּער הֶעלְפֶע מִיר פריינד מאקסִי,tag speaker xmlid:graf_stanislav
Blimele (di Perle von Warsha),17,TextRegion_1648914686521_3620l29,untagged speaker (named),NOA,label 'גראף' matches cast role,גראף: הַייכלֶער.,tag speaker xmlid:graf_stanislav
Blimele (di Perle von Warsha),18,TextRegion_1648914754601_3673l1,untagged speaker (named),NOA,label 'גראף' matches cast role,"גראף: אָבּער בּלייבּע דָאך פרייַנד, דֶען",tag speaker xmlid:graf_stanislav
Blimele (di Perle von Warsha),18,TextRegion_1648914754601_3673l5,untagged speaker (named),NOA,label 'גראף' matches cast role,גראף: דוּא האָסְט יַא נִיכְט צַייט האסט ,tag speaker xmlid:graf_stanislav
Blimele (di Perle von Warsha),18,TextRegion_1648914754601_3673l8,untagged speaker (named),NOA,label 'גראף' matches cast role,"גראף: דוּא וַוייסְט יאַ פרייַנד, דאס דאס",tag speaker xmlid:graf_stanislav
Blimele (di Perle von Warsha),18,TextRegion_1648914754601_3673l14,untagged speaker (named),NOA,label 'גראף' matches cast role,גראף: אוּנְד דֶער טַייפֶעל ווֵייס וִויא ,tag speaker xmlid:graf_stanislav
Blimele (di Perle von Warsha),18,TextRegion_1648914754601_3673l23,untagged speaker (named),NOA,label 'גראף' matches cast role,"גראף: יאָ דַיין פּלאן געֶפֶעלְט מִיר, אַ",tag speaker xmlid:graf_stanislav
Blimele (di Perle von Warsha),18,TextRegion_1648914754601_3673l26,untagged speaker (named),NOA,label 'גראף' matches cast role,גראף: וַוייל דֶער יוּדישער דאָקטאר דאָנִ,tag speaker xmlid:graf_stanislav
Blimele (di Perle von Warsha),18,TextRegion_1648914754601_3673l31,untagged speaker (named),NOA,label 'גראף' matches cast role,גראף: וִויא זאָ דֶען? וֶוען דֶער קֶענִיג,tag speaker xmlid:graf_stanislav
Blimele (di Perle von Warsha),19,r_2_1l3,untagged speaker (named),NOA,label 'גראף' matches cast role,"גראף: פּאויל, פּאויל! (פויל ערשיינט גע א",tag speaker xmlid:graf_stanislav
Blimele (di Perle von Warsha),19,r_2_1l28,untagged speaker (named),NOA,label 'גראף' matches cast role,גראף: נוּן גוּט. נוּן פּאויל דוא קאנסט ש,tag speaker xmlid:graf_stanislav
Blimele (di Perle von Warsha),20,r_1_1l2,untagged speaker (named),NOA,label 'גראף' matches cast role,גראף: יאָ פריינד מאקסִים וֶוען דוּא עֶס ,tag speaker xmlid:graf_stanislav
Blimele (di Perle von Warsha),20,r_1_1l6,untagged speaker (named),NOA,label 'גראף' matches cast role,גראף: דָאן געבּע אִיך דִיר מֵיין עהרֶען ,tag speaker xmlid:graf_stanislav
Blimele (di Perle von Warsha),20,r_1_1l9,untagged speaker (named),NOA,label 'גראף' matches cast role,גראף: וואצוּ בּרויכסט דוּא שרייבּצייג?,tag speaker xmlid:graf_stanislav
Blimele (di Perle von Warsha),20,r_1_1l12,untagged speaker (named),NOA,label 'גראף' matches cast role,גראף: מֵיינֶעט וועגֶען. פּאויל! (פאויל ע,tag speaker xmlid:graf_stanislav
Blimele (di Perle von Warsha),20,r_1_1l16,untagged speaker (named),NOA,label 'גראף' matches cast role,גראף: אוּנְד וֶוען גאט וִוירְד נִיכְט הֶ,tag speaker xmlid:graf_stanislav
Blimele (di Perle von Warsha),20,r_1_1l26,untagged speaker (named),NOA,label 'גראף' matches cast role,גראף: וואָס זאָל אִיך שרייבּען?,tag speaker xmlid:graf_stanislav
Blimele (di Perle von Warsha),20,r_1_1l31,untagged speaker (named),NOA,label 'גראף' matches cast role,גראף: יאַ פריינד.,tag speaker xmlid:graf_stanislav
Blimele (di Perle von Warsha),20,r_1_1l36,untagged speaker (named),NOA,label 'גראף' matches cast role,"גראף: וואָס, צוּם טַייפֶעל בּיזט דוּא פֶ",tag speaker xmlid:graf_stanislav
Blimele (di Perle von Warsha),20,r_1_1l39,untagged speaker (named),NOA,label 'גראף' matches cast role,גראף: עֶס פֶעלְט מִיר גאָר נִיכְט אֵיין ,tag speaker xmlid:graf_stanislav
Blimele (di Perle von Warsha),21,r_2_1l1,untagged speaker (named),NOA,label 'גראף' matches cast role,גראף: נוּן גוּט דִיקטִיערֶע נוּר ווייטֶע,tag speaker xmlid:graf_stanislav
Blimele (di Perle von Warsha),21,r_2_1l4,untagged speaker (named),NOA,label 'גראף' matches cast role,גראף: נָאך נִיכְט (שרייבט) זעלבּסט ערְמא,tag speaker xmlid:graf_stanislav
Blimele (di Perle von Warsha),21,r_2_1l5,untagged speaker (named),NOA,label 'מאקים' matches cast role,מאקים: אוּם דִיא ערבשאפט צוּ בּעקאמען. ז,tag speaker xmlid:maksim
Blimele (di Perle von Warsha),21,r_2_1l9,untagged speaker (named),NOA,label 'גראף' matches cast role,גראף: נָאך נִיכְט לוִיפֶע נִיכְט זא שנעֶ,tag speaker xmlid:graf_stanislav
Blimele (di Perle von Warsha),21,r_2_1l13,untagged speaker (named),NOA,label 'גראף' matches cast role,גראף: שאן פֶערְטִיג...,tag speaker xmlid:graf_stanislav
Blimele (di Perle von Warsha),21,r_2_1l16,untagged speaker (named),NOA,label 'גראף' matches cast role,גראף: וואַס מֵיינֶען נָאמֶען? חַ חַ חַ. ,tag speaker xmlid:graf_stanislav
Blimele (di Perle von Warsha),21,r_2_1l26,untagged speaker (named),NOA,label 'גראף' matches cast role,גראף: יאָ אִיך אוּנטערשרייבּע. (ער שרייב,tag speaker xmlid:graf_stanislav
Blimele (di Perle von Warsha),21,r_2_1l28,untagged speaker (named),NOA,label 'גראף' matches cast role,גראף: נוּן האָסְט דוּא דאָס פּאפּיער פרי,tag speaker xmlid:graf_stanislav
Blimele (di Perle von Warsha),22,r_2_1l2,untagged speaker (named),NOA,label 'גראף' matches cast role,גראף: נָאך נִיע דִיא עהרֶע געהאבּט.,tag speaker xmlid:graf_stanislav
Blimele (di Perle von Warsha),22,r_2_1l6,untagged speaker (named),NOA,label 'גראף' matches cast role,גראף: וַוייל דֶער אוּמגאַנג מִיט דֶען יי,tag speaker xmlid:graf_stanislav
Blimele (di Perle von Warsha),22,r_2_1l10,untagged speaker (named),NOA,label 'קעניג' matches cast role,קעניג: אַלע זאגסט דוּא גְרַאף?,tag speaker xmlid:kenig_oygust
Blimele (di Perle von Warsha),22,r_2_1l11,untagged speaker (named),NOA,label 'גראס' matches cast role,גראס: יאוואהל מאִיעסטֶעט אָהנֶע אוִיסנאה,tag speaker xmlid:graf_stanislav
Blimele (di Perle von Warsha),22,r_2_1l16,untagged speaker (named),NOA,label 'קעניג' matches cast role,קעניג: גְרַאף דוּא וואגסט צוּ פִיעל.,tag speaker xmlid:kenig_oygust
Blimele (di Perle von Warsha),22,r_2_1l17,untagged speaker (named),NOA,label 'גראף' matches cast role,גראף: אוּנְד וֶוען אִיך זִיא פִיר מֵיינֶ,tag speaker xmlid:graf_stanislav
Blimele (di Perle von Warsha),22,r_2_1l19,untagged speaker (named),NOA,label 'קעניג' matches cast role,קעניג: נוּן וואָס האט מֵיין גוּטער דאָנִ,tag speaker xmlid:kenig_oygust
Blimele (di Perle von Warsha),22,r_2_1l23,untagged speaker (named),NOA,label 'גראף' matches cast role,גראף: זאָ שׁטֶעלֶע דַיינֶע פרוִיא אוֹיף ,tag speaker xmlid:graf_stanislav
Blimele (di Perle von Warsha),22,r_2_1l26,untagged speaker (named),NOA,label 'גראף' matches cast role,גראף: יוּדע אונד גלויבּסט דוּא דאַס וִוי,tag speaker xmlid:graf_stanislav
Blimele (di Perle von Warsha),22,r_2_1l31,untagged speaker (named),NOA,label 'קעניג' matches cast role,קעניג: דאָנִיאֵל גלויבּסט דוּא אַן דִיא ,tag speaker xmlid:kenig_oygust
Blimele (di Perle von Warsha),23,r_2_1l1,untagged speaker (named),NOA,label 'קעניג' matches cast role,קעניג: זָא געבּע דַיינֶען גֶענְגֶער דִיא,tag speaker xmlid:kenig_oygust
Blimele (di Perle von Warsha),23,r_2_1l6,untagged speaker (named),NOA,label 'קעניג' matches cast role,קעניג: הַאלְט וֶוען עֶס אֵיין דוּעל אוֹי,tag speaker xmlid:kenig_oygust
Blimele (di Perle von Warsha),23,r_2_1l10,untagged speaker (named),NOA,label 'גראף' matches cast role,גראף: עֶס גִילְט.,tag speaker xmlid:graf_stanislav
Blimele (di Perle von Warsha),23,r_2_1l11,untagged speaker (named),NOA,label 'קעניג' matches cast role,קעניג: זאָ רֵייכְט אַייך דִיא הֶענְדֶע! ,tag speaker xmlid:kenig_oygust
Blimele (di Perle von Warsha),23,r_2_1l13,untagged speaker (named),NOA,label 'קעניג' matches cast role,קעניג: נוּן הָאט נָאך יעמאנְד פָאן אַייך,tag speaker xmlid:kenig_oygust
Blimele (di Perle von Warsha),23,r_2_1l14,untagged speaker (named),NOA,label 'גראף' matches cast role,גראף: יאוואהל מאִיעסטֶעט. אִיך וִויל דֶע,tag speaker xmlid:graf_stanislav
Blimele (di Perle von Warsha),23,r_2_1l19,untagged speaker (named),NOA,label 'גראף' matches cast role,גראף: יעטצט אִיהְרֶע אַדרעססע הֶערְר דאק,tag speaker xmlid:graf_stanislav
Blimele (di Perle von Warsha),23,r_2_1l21,untagged speaker (named),NOA,label 'גראף' matches cast role,גראף: נָאך אֵיינֶעם מֵיין קֶענִיג. אִיך ,tag speaker xmlid:graf_stanislav
Blimele (di Perle von Warsha),23,r_2_1l23,untagged speaker (named),NOA,label 'קעניג' matches cast role,קעניג: דָאן שׁוועהרֶעט.,tag speaker xmlid:kenig_oygust
Blimele (di Perle von Warsha),23,r_2_1l24,untagged speaker (collective),AUTO,collective 'אלע' — no speaker span,אלע: וִויר שׁוועהרֶען.,tag speaker xmlid:alle
Blimele (di Perle von Warsha),23,r_2_1l25,untagged speaker (named),NOA,label 'קעניג' matches cast role,קעניג: אַלע זַייט יעטצט בּערייט מִיר צוּ,tag speaker xmlid:kenig_oygust
Blimele (di Perle von Warsha),23,r_2_1l26,untagged speaker (collective),AUTO,collective 'אלע' — no speaker span,אלע: אַך וִויר שׁוועהרֶען יַא וִויא גֶעה,tag speaker xmlid:alle
Blimele (di Perle von Warsha),23,r_2_1l28,untagged speaker (named),NOA,label 'קעניג' matches cast role,"קעניג: שׁוועהרְט מִיר אוֹיף דֶען אָרט, א",tag speaker xmlid:kenig_oygust
Blimele (di Perle von Warsha),23,r_2_1l29,untagged speaker (collective),AUTO,collective 'קאר' — no speaker span,קאר: אַך וויר שׁוועהרֶען יַא וִויא גֶערֶ,tag speaker xmlid:chor
Blimele (di Perle von Warsha),24,TextRegion_1649021288331_370l1,untagged speaker (named),NOA,label 'קעניג' matches cast role,קעניג: וֶוער זַיין וואָרט נִיכְט הֶעלְט ,tag speaker xmlid:kenig_oygust
Blimele (di Perle von Warsha),24,TextRegion_1649021288331_370l4,untagged speaker (collective),AUTO,collective 'קאר' — no speaker span,"קאר: יאָ, יאָ, וִויר שׁוועהרֶען, פאם הֶע",tag speaker xmlid:chor
Blimele (di Perle von Warsha),24,TextRegion_1649021288331_370l5,untagged speaker (named),NOA,label 'קעניג' matches cast role,קעניג: גֶערֶען שׁוועהרט.,tag speaker xmlid:kenig_oygust
Blimele (di Perle von Warsha),24,line_1649534676638_2492,untagged speaker (collective),AUTO,collective 'קאר' — no speaker span,קאר: וִויר שׁוועהרֶען יַא וִויר שׁוועהרֶ,tag speaker xmlid:chor
Blimele (di Perle von Warsha),24,TextRegion_1649021288331_370l29,untagged speaker (named),NOA,label 'קעניג' matches cast role,קעניג:,tag speaker xmlid:kenig_oygust
Blimele (di Perle von Warsha),24,TextRegion_1649021288331_370l45,untagged speaker (named),NOA,label 'קעניג' matches cast role,קעניג:,tag speaker xmlid:kenig_oygust
Blimele (di Perle von Warsha),24,line_1649534590337_2417,untagged speaker (collective),AUTO,collective 'מענער' — no speaker span,מענער:,tag speaker xmlid:mener
Blimele (di Perle von Warsha),24,line_1649534958912_2740,untagged speaker (collective),AUTO,collective 'דאמען' — no speaker span,דאמען:,tag speaker xmlid:damen
Blimele (di Perle von Warsha),24,TextRegion_1649021288331_370l42,untagged speaker (collective),AUTO,collective 'מענער' — no speaker span,מענער:,tag speaker xmlid:mener
Blimele (di Perle von Warsha),24,TextRegion_1649021288331_370l44,untagged speaker (collective),AUTO,collective 'קאר' — no speaker span,קאר: עֶר גֶעוויינְט,tag speaker xmlid:chor
Blimele (di Perle von Warsha),24,TextRegion_1649021288331_370l40,untagged speaker (collective),AUTO,collective 'דאמען' — no speaker span,דאמען:,tag speaker xmlid:damen
Blimele (di Perle von Warsha),24,TextRegion_1649021288331_370l43,untagged speaker (collective),AUTO,collective 'קאר' — no speaker span,קאר: וִויר וועטֶען ביס,tag speaker xmlid:chor
Blimele (di Perle von Warsha),25,TextRegion_1649021362562_549l28,untagged speaker (named),NOA,label 'קעניג' matches cast role,קעניג:,tag speaker xmlid:kenig_oygust
Blimele (di Perle von Warsha),25,line_1649535513296_3198,untagged speaker (collective),AUTO,collective 'מענער' — no speaker span,מענער:,tag speaker xmlid:mener
Blimele (di Perle von Warsha),25,line_1649535516464_3216,untagged speaker (collective),AUTO,collective 'דאמען' — no speaker span,דאמען:,tag speaker xmlid:damen
Blimele (di Perle von Warsha),25,line_1649536060443_3717,untagged speaker (named),NOA,label 'קעניג' matches cast role,קעניג:,tag speaker xmlid:kenig_oygust
Blimele (di Perle von Warsha),25,line_1649535424037_3093,untagged speaker (collective),AUTO,collective 'מענער' — no speaker span,מענער: (צוּם גראף),tag speaker xmlid:mener
Blimele (di Perle von Warsha),25,line_1649536088613_3749,untagged speaker (collective),AUTO,collective 'דאמען' — no speaker span,דאמען:,tag speaker xmlid:damen
Blimele (di Perle von Warsha),31,r_1_1l28,untagged speaker (named),NOA,label 'קעניג' matches cast role,קעניג: אַך וִויא מִיסגֶעשׁטִימְט אִיך בּ,tag speaker xmlid:kenig_oygust
Blimele (di Perle von Warsha),32,r_2_1l2,untagged speaker (named),NOA,label 'קעניג' matches cast role,קעניג: זִינְגֶע נוּר ווייטֶער אִיך הֶערֶ,tag speaker xmlid:kenig_oygust
Blimele (di Perle von Warsha),32,r_2_1l7,untagged speaker (named),NOA,label 'קעניג' matches cast role,קעניג: טרֶעטֶע נֶעהֶער יוּנגע!,tag speaker xmlid:kenig_oygust
Blimele (di Perle von Warsha),32,r_2_1l12,untagged speaker (named),NOA,label 'קעניג' matches cast role,קעניג: זאגע האסט דוּא מִיך שׁוֹין אַמאל ,tag speaker xmlid:kenig_oygust
Blimele (di Perle von Warsha),32,r_2_1l14,untagged speaker (named),NOA,label 'קעניג' matches cast role,קעניג: וואָס זאגסט דוּא?,tag speaker xmlid:kenig_oygust
Blimele (di Perle von Warsha),32,r_2_1l16,untagged speaker (named),NOA,label 'קעניג' matches cast role,קעניג: וואָס?,tag speaker xmlid:kenig_oygust
Blimele (di Perle von Warsha),32,r_2_1l20,untagged speaker (named),NOA,label 'קעניג' matches cast role,קעניג: וואָס ציאַה?,tag speaker xmlid:kenig_oygust
Blimele (di Perle von Warsha),32,r_2_1l24,untagged speaker (named),NOA,label 'קעניג' matches cast role,קעניג: זאגע צוּ וועם בּיזט דוּא געקאמען?,tag speaker xmlid:kenig_oygust
Blimele (di Perle von Warsha),32,r_2_1l30,untagged speaker (named),NOA,label 'קעניג' matches cast role,קעניג: אוּנד דוּא פערטרייבּסט דִיר דִיא ,tag speaker xmlid:kenig_oygust
Blimele (di Perle von Warsha),33,r_2_1l4,untagged speaker (named),NOA,label 'קעניג' matches cast role,קעניג: וואָס קאמפּאזיציאָן מֵיינְסט דוּא,tag speaker xmlid:kenig_oygust
Blimele (di Perle von Warsha),33,r_2_1l6,untagged speaker (named),NOA,label 'קעניג' matches cast role,קעניג: ווילְסט דוּא מִיר וואָס פארְזִינְ,tag speaker xmlid:kenig_oygust
Blimele (di Perle von Warsha),33,r_2_1l8,untagged speaker (named),NOA,label 'קעניג' matches cast role,קעניג: אַבּער זִינְגֶע יוּנגע אִיך בּעפע,tag speaker xmlid:kenig_oygust
Blimele (di Perle von Warsha),33,r_2_1l11,untagged speaker (named),NOA,label 'קעניג' matches cast role,קעניג: זִינְגֶע וואָס שֶׁענֶעס פאר.,tag speaker xmlid:kenig_oygust
Blimele (di Perle von Warsha),34,TextRegion_1649021803322_1112l32,untagged speaker (named),NOA,label 'קעניג' matches cast role,"קעניג: בּראווא יוּנְגֶע, יעטצט קאנסט דוּ",tag speaker xmlid:kenig_oygust
Blimele (di Perle von Warsha),37,TextRegion_1649022105512_1430l11,untagged speaker (collective),AUTO,collective 'קאר' — no speaker span,קאר: יאבלאנאוויטש לעבּע האך,tag speaker xmlid:chor
Blimele (di Perle von Warsha),37,TextRegion_1649022105512_1430l23,untagged speaker (collective),AUTO,collective 'קאר' — no speaker span,קאר: דֶער יוּדע קאמט.,tag speaker xmlid:chor
Blimele (di Perle von Warsha),37,TextRegion_1649022105512_1430l25,untagged speaker (collective),AUTO,collective 'קאר' — no speaker span,קאר: דֶער יוּדע קאמט.,tag speaker xmlid:chor
Blimele (di Perle von Warsha),37,TextRegion_1649022105512_1430l30,untagged speaker (collective),AUTO,collective 'קאר' — no speaker span,קאר: אֵיין עֶנְדֶע אֵיין עֶנְדֶע אִיזְט ,tag speaker xmlid:chor
Blimele (di Perle von Warsha),38,TextRegion_1649022194628_1556l3,untagged speaker (collective),AUTO,collective 'קאר' — no speaker span,קאר: צוּם קֶענִיג לאסט אוּנז יעטצט גֶעהֶ,tag speaker xmlid:chor
Blimele (di Perle von Warsha),38,TextRegion_1649022194628_1556l7,untagged speaker (collective),AUTO,collective 'קאר' — no speaker span,קאר: קאמְט שׁנֶעלֶער. (3 מאל) יאָ בּעווי,tag speaker xmlid:chor
Blimele (di Perle von Warsha),38,TextRegion_1649022194628_1556l10,untagged speaker (collective),AUTO,collective 'קאר' — no speaker span,"קאר: דֶער קֶענִיג קאמְט עֶר קאמְט, בּעגר",tag speaker xmlid:chor
Blimele (di Perle von Warsha),38,TextRegion_1649022194628_1556l11,untagged speaker (named),NOA,label 'קעניג' matches cast role,קעניג: גְרַאף יאבּלאנאוויטש אִיזְט צוּרי,tag speaker xmlid:kenig_oygust
Blimele (di Perle von Warsha),38,TextRegion_1649022194628_1556l12,untagged speaker (collective),AUTO,collective 'אלע' — no speaker span,אלע: אוּנד מִיט אִיהם (ביס) אִיזְט דֶער ,tag speaker xmlid:alle
Blimele (di Perle von Warsha),38,TextRegion_1649022194628_1556l13,untagged speaker (named),NOA,label 'קעניג' matches cast role,קעניג: קאם טרוִיע אִיך מֵיינֶען אָהרען ו,tag speaker xmlid:kenig_oygust
Blimele (di Perle von Warsha),38,TextRegion_1649022194628_1556l14,untagged speaker (collective),AUTO,collective 'אלע' — no speaker span,אלע: זָא אִיזְט עֶס וַואהְר יאָ קֶענִיג.,tag speaker xmlid:alle
Blimele (di Perle von Warsha),38,TextRegion_1649022194628_1556l15,untagged speaker (named),NOA,label 'קעניג' matches cast role,קעניג: נוּן וִויא אִיזְט עֶס צוּגֶענאנְג,tag speaker xmlid:kenig_oygust
Blimele (di Perle von Warsha),38,TextRegion_1649022194628_1556l23,untagged speaker (named),NOA,label 'קעניג' matches cast role,קעניג: (צייגט איהם) אִיזְט עֶס דאָנִיאֵל,tag speaker xmlid:kenig_oygust
Blimele (di Perle von Warsha),38,TextRegion_1649022194628_1556l28,untagged speaker (named),NOA,label 'קעניג' matches cast role,קעניג: יַא יַא נָאך הוֹיזֶע דאָנִיאֵל זא,tag speaker xmlid:kenig_oygust
Blimele (di Perle von Warsha),39,r_1_1l4,untagged speaker (named),NOA,label 'גראף' matches cast role,גראף: מֵיין גָאט וואָס הֶערֶע אִיך. אוּנ,tag speaker xmlid:graf_stanislav
Blimele (di Perle von Warsha),39,r_1_1l15,untagged speaker (unknown),NOA,turn-like 'ליעפע דאניאל זעליקל' not in cast (OCR?),ליעפע דאניאל זעליקל: אַך גָאט אִין הִימֶ,fix OCR / link to a cast xmlid
Blimele (di Perle von Warsha),39,r_1_1l17,untagged speaker (unknown),NOA,turn-like 'ליעפע זעליק' not in cast (OCR?),ליעפע זעליק: עפנֶע קֶענִיג עפנֶע דַיינֶע,fix OCR / link to a cast xmlid
Blimele (di Perle von Warsha),39,r_1_1l20,untagged speaker (unknown),NOA,turn-like 'מאקסים גראף' not in cast (OCR?),מאקסים גראף: פאַלש אונד דוּם אִיזְט דאַס,fix OCR / link to a cast xmlid
Blimele (di Perle von Warsha),39,r_1_1l24,untagged speaker (collective),AUTO,collective 'קאר' — no speaker span,קאר: ראכֶע נֶעהמֶעט ראכֶע אַן דִיא מֶערְ,tag speaker xmlid:chor
Blimele (di Perle von Warsha),39,r_1_1l27,untagged speaker (collective),AUTO,collective 'קאר' — no speaker span,קאר: נוּן אֵייעֶר שוּלד האַט זִיך בּעווי,tag speaker xmlid:chor
Blimele (di Perle von Warsha),39,r_1_1l29,untagged speaker (unknown),NOA,turn-like 'דאניאל ליעפע זעליקל' not in cast (OCR?),דאניאל ליעפע זעליקל: (שרייען) מיִטלייַד ,fix OCR / link to a cast xmlid
Blimele (di Perle von Warsha),39,r_1_1l30,untagged speaker (collective),AUTO,collective 'קאר' — no speaker span,קאר: נֵיין קֵיין מיִטלייַד מִיט דִיא מֶע,tag speaker xmlid:chor
Blimele (di Perle von Warsha),41,r_2_1l24,untagged speaker (named),NOA,label 'גראס' matches cast role,גראס: אָ דֶער קֶענִיג אִיזְט אֵיין יוּדע,tag speaker xmlid:graf_stanislav
Blimele (di Perle von Warsha),41,r_2_1l26,untagged speaker (named),NOA,label 'גראפ' matches cast role,גראפ: (צוּם אַלטען) זאגע דוּא אַלטער מֶע,tag speaker xmlid:graf_stanislav
Blimele (di Perle von Warsha),42,r_1_1l2,untagged speaker (named),NOA,label 'גראף' matches cast role,גראף: אָ אוּה רייבּער גֶעזִינְדְל דֶענְק,tag speaker xmlid:graf_stanislav
Blimele (di Perle von Warsha),42,r_1_1l5,untagged speaker (named),NOA,label 'גראף' matches cast role,גראף: שׁווייגֶע יוּנגע בּאלד קאמסט דוּא ,tag speaker xmlid:graf_stanislav
Blimele (di Perle von Warsha),42,r_1_1l14,untagged speaker (named),NOA,label 'גראף' matches cast role,גראף: קאמע דוּא אַלטער מֶערְדֶער. (שלעפט,tag speaker xmlid:graf_stanislav
Blimele (di Perle von Warsha),45,TextRegion_1649022405573_1898l5,untagged speaker (collective),AUTO,collective 'איינער' — no speaker span,איינער: (וואַרפֿט אַריין ליעפען) זעליקל:,tag speaker xmlid:eyner
Blimele (di Perle von Warsha),46,r_2_1l4,untagged speaker (named),NOA,label 'גראף' matches cast role,גראף: פאָרט מִיט אִיהם אִין דִיא פאַלטער,tag speaker xmlid:graf_stanislav
Blimele (di Perle von Warsha),46,r_2_1l9,untagged speaker (named),NOA,label 'גראף' matches cast role,גראף: צַייג נוּר הֶער. (ער חאפט אויס דאס,tag speaker xmlid:graf_stanislav
Blimele (di Perle von Warsha),46,r_2_1l13,untagged speaker (named),NOA,label 'גראף' matches cast role,גראף: וואָ אִיזְט דַיין גאט וִוירְד הֶעל,tag speaker xmlid:graf_stanislav
Blimele (di Perle von Warsha),46,r_2_1l15,untagged speaker (named),NOA,label 'גראף' matches cast role,גראף: דֶער טַייפֶעל זאָל דִיך שאן מִיט ד,tag speaker xmlid:graf_stanislav
Blimele (di Perle von Warsha),54,TextRegion_1649022903679_2425l18,untagged speaker (named),NOA,label 'גראף' matches cast role,גראף: פּאויל פּאויל נאך וויין הֶער!,tag speaker xmlid:graf_stanislav
Blimele (di Perle von Warsha),54,TextRegion_1649022903679_2425l21,untagged speaker (named),NOA,label 'גראף' matches cast role,גראף: יאָ אִיך האבּ גַאנְץ פֶערְגֶעסֶען.,tag speaker xmlid:graf_stanislav
Blimele (di Perle von Warsha),54,TextRegion_1649022903679_2425l23,untagged speaker (named),NOA,label 'גראף' matches cast role,גראף: פִיעל זֶעהְר פִיעל נֵייעס. דֶער ער,tag speaker xmlid:graf_stanislav
Blimele (di Perle von Warsha),54,TextRegion_1649022903679_2425l31,untagged speaker (named),NOA,label 'גראף' matches cast role,גראף: הֶערֶע פרֵיינְד מאקסִים. אִיך האבּ,tag speaker xmlid:graf_stanislav
Blimele (di Perle von Warsha),55,r_1_1l8,untagged speaker (named),NOA,label 'גראף' matches cast role,גראף: פִילֵייכט אִיזְט עֶר קְרַאנְק אוּנ,tag speaker xmlid:graf_stanislav
Blimele (di Perle von Warsha),55,r_1_1l19,untagged speaker (named),NOA,label 'גראף' matches cast role,גראף: האַלע אִיהְם דֶער קוּקוּק.,tag speaker xmlid:graf_stanislav
Blimele (di Perle von Warsha),55,r_1_1l23,untagged speaker (named),NOA,label 'גראף' matches cast role,גראף: הֶע וואָס האבּע אִיך פאן דַיינֶע ד,tag speaker xmlid:graf_stanislav
Blimele (di Perle von Warsha),55,r_1_1l33,untagged speaker (named),NOA,label 'גראף' matches cast role,גראף: קוּרץ פרֵיינְד מאקסִים דוּא בּיזט ,tag speaker xmlid:graf_stanislav
Blimele (di Perle von Warsha),56,TextRegion_1649022970409_2521l2,untagged speaker (named),NOA,label 'גראף' matches cast role,גראף: וואָס האבּע אִיך דאפאן? אִיך בּליי,tag speaker xmlid:graf_stanislav
Blimele (di Perle von Warsha),56,TextRegion_1649022970409_2521l12,untagged speaker (named),NOA,label 'גראף' matches cast role,גראף: ווארְהאפטִיג דִיא שׁטִימֶע פָאן דֶ,tag speaker xmlid:graf_stanislav
Blimele (di Perle von Warsha),56,TextRegion_1649022970409_2521l17,untagged speaker (named),NOA,label 'גראף' matches cast role,גראף: אִיך פִירְכטֶע חַ חַ חַ אִיך פִירְ,tag speaker xmlid:graf_stanislav
Blimele (di Perle von Warsha),56,TextRegion_1649022970409_2521l20,untagged speaker (named),NOA,label 'גראף' matches cast role,"גראף: אִיך פִירְכטֶע נִיכְט, נִיכְט. אָב",tag speaker xmlid:graf_stanislav
Blimele (di Perle von Warsha),56,TextRegion_1649022970409_2521l26,untagged speaker (named),NOA,label 'גראף' matches cast role,גראף: עֶר אִיזְט שַׁיינְט מִיר פֶערִיקט?,tag speaker xmlid:graf_stanislav
Blimele (di Perle von Warsha),56,TextRegion_1649022970409_2521l32,untagged speaker (named),NOA,label 'גראף' matches cast role,גראף: וואָס אִיזְט מִיט זַיינֶער שׁוועסט,tag speaker xmlid:graf_stanislav
Blimele (di Perle von Warsha),57,r_3_1l5,untagged speaker (named),NOA,label 'גראף' matches cast role,גראף: צוּם טַייפֶעל דִיעזֶער פֶערְרִיקטֶ,tag speaker xmlid:graf_stanislav
Blimele (di Perle von Warsha),57,r_3_1l21,untagged speaker (named),NOA,label 'גראף' matches cast role,גראף: אִיך האַבּע דִיר דָאך עֶרְסט געגעב,tag speaker xmlid:graf_stanislav
Blimele (di Perle von Warsha),57,r_3_1l27,untagged speaker (named),NOA,label 'גראף' matches cast role,גראף: וואָס נָאך גֶעלְד?,tag speaker xmlid:graf_stanislav
Blimele (di Perle von Warsha),57,r_3_1l31,untagged speaker (named),NOA,label 'גראף' matches cast role,גראף: האָסְט דוּא דאס גאנצע. (גיבט איהם ,tag speaker xmlid:graf_stanislav
Blimele (di Perle von Warsha),57,r_3_1l33,untagged speaker (named),NOA,label 'גראף' matches cast role,גראף: צוּם טַייפֶעל אִיך האבּע דִיר שאן ,tag speaker xmlid:graf_stanislav
Blimele (di Perle von Warsha),58,TextRegion_1649023032266_2595l1,untagged speaker (named),NOA,label 'גראף' matches cast role,גראף: וואַס מֵיינְט עֶר דאמִיט? וואָס זא,tag speaker xmlid:graf_stanislav
Blimele (di Perle von Warsha),58,TextRegion_1649023032266_2595l5,untagged speaker (named),NOA,label 'גראף' matches cast role,גראף: קרִיעג עֶס בּייא אִיהְם הערויס!,tag speaker xmlid:graf_stanislav
Blimele (di Perle von Warsha),58,TextRegion_1649023032266_2595l9,untagged speaker (named),NOA,label 'גראף' matches cast role,גראף: (שרייט העריין אין דיא קוליססען) הֶ,tag speaker xmlid:graf_stanislav
Blimele (di Perle von Warsha),58,TextRegion_1649023032266_2595l15,untagged speaker (named),NOA,label 'גראף' matches cast role,"גראף: וַוארְטֶע נָאך אַפּאר טאגֶע, טרוִי",tag speaker xmlid:graf_stanislav
Blimele (di Perle von Warsha),58,TextRegion_1649023032266_2595l19,untagged speaker (named),NOA,label 'גראף' matches cast role,גראף: האָסט דוּא דאַס גֶעוויסֶע פּאפּיער,tag speaker xmlid:graf_stanislav
Blimele (di Perle von Warsha),58,TextRegion_1649023032266_2595l22,untagged speaker (named),NOA,label 'גראף' matches cast role,גראף: צַייגֶע עֶס נוּר הֶער. (וויל חאפען,tag speaker xmlid:graf_stanislav
Blimele (di Perle von Warsha),58,TextRegion_1649023032266_2595l24,untagged speaker (named),NOA,label 'גראף' matches cast role,גראף: הִיעֶר האסט דוּא גֶעלְד (צייגט איה,tag speaker xmlid:graf_stanislav
Blimele (di Perle von Warsha),58,TextRegion_1649023032266_2595l31,untagged speaker (named),NOA,label 'גראף' matches cast role,גראף: אַלזָא פֶערְטרוִיען גֶעגֶען פֶערְט,tag speaker xmlid:graf_stanislav
Blimele (di Perle von Warsha),59,TextRegion_1649023056201_2604l2,untagged speaker (named),NOA,label 'גראף' matches cast role,גראף: (עפענט דאס פאפיער דרייט עס פֿון אַ,tag speaker xmlid:graf_stanislav
Blimele (di Perle von Warsha),59,TextRegion_1649023056201_2604l4,untagged speaker (named),NOA,label 'גראף' matches cast role,גראף: דִיך אַלטער הוּנד. וואָס האָסְט דו,tag speaker xmlid:graf_stanislav
Blimele (di Perle von Warsha),59,TextRegion_1649023056201_2604l7,untagged speaker (named),NOA,label 'גראף' matches cast role,גראף: מֵיינֶע האנדשׁרִיפט? קאם הֶער לֶעז,tag speaker xmlid:graf_stanislav
Blimele (di Perle von Warsha),59,TextRegion_1649023056201_2604l9,untagged speaker (named),NOA,label 'גראף' matches cast role,גראף: צַייג נוּר הֶער דאַס גֶעלְד. (זיא ,tag speaker xmlid:graf_stanislav
Blimele (di Perle von Warsha),59,TextRegion_1649023056201_2604l12,untagged speaker (named),NOA,label 'גראף' matches cast role,גראף: אַבּער וואָס לֶעזֶעסְט דוּא דארט? ,tag speaker xmlid:graf_stanislav
Blimele (di Perle von Warsha),59,TextRegion_1649023056201_2604l15,untagged speaker (named),NOA,label 'גראף' matches cast role,גראף: נוּן וָוא אִיזְט דָאס פּאפּיער?,tag speaker xmlid:graf_stanislav
Blimele (di Perle von Warsha),59,TextRegion_1649023056201_2604l18,untagged speaker (named),NOA,label 'גראף' matches cast role,גראף: קרִיעגֶעס בּייא אִיהְם הֶערוִיס אִ,tag speaker xmlid:graf_stanislav
Blimele (di Perle von Warsha),60,TextRegion_1649023101499_2721l6,untagged speaker (collective),AUTO,collective 'קאר' — no speaker span,קאר: יאָ דֶער מאסקען-בּאל פאַנגט אָן (בי,tag speaker xmlid:chor
Blimele (di Perle von Warsha),60,TextRegion_1649023101499_2721l11,untagged speaker (named),NOA,label 'קעניג' matches cast role,"קעניג: מֵיינֶע גֶעסטֶע זֵייט בּערייט, צו",tag speaker xmlid:kenig_oygust
Blimele (di Perle von Warsha),60,TextRegion_1649023101499_2721l13,untagged speaker (named),NOA,label 'קעניג' matches cast role,קעניג: לאסֶע זִיא קאמֶען (פאזשע אב).,tag speaker xmlid:kenig_oygust
Blimele (di Perle von Warsha),60,TextRegion_1649023101499_2721l35,untagged speaker (named),NOA,label 'קעניג' matches cast role,קעניג: לאסֶע זִיא קאמֶען (פאזשע אב).,tag speaker xmlid:kenig_oygust
Blimele (di Perle von Warsha),61,TextRegion_1649023118998_2754l3,untagged speaker (unknown),NOA,turn-like 'טויבען' not in cast (OCR?),"טויבען: אוּ ווא, קרא קרא (16 מאל).",fix OCR / link to a cast xmlid
Blimele (di Perle von Warsha),61,TextRegion_1649023118998_2754l4,untagged speaker (unknown),NOA,turn-like 'זיא' not in cast (OCR?),זיא: דִיא מֶענְשֶען גֶעפֶעלֶען אוּנז נִי,fix OCR / link to a cast xmlid
Blimele (di Perle von Warsha),61,TextRegion_1649023118998_2754l5,untagged speaker (unknown),NOA,turn-like 'ער' not in cast (OCR?),ער: וַוייל זַייא שטרעבּען נוּר נָאך מֶענ,fix OCR / link to a cast xmlid
Blimele (di Perle von Warsha),61,TextRegion_1649023118998_2754l6,untagged speaker (unknown),NOA,turn-like 'זיא' not in cast (OCR?),זיא: אַיינֶע דִיא צווייטע ערְשׁטִיקֶען.,fix OCR / link to a cast xmlid
Blimele (di Perle von Warsha),61,TextRegion_1649023118998_2754l7,untagged speaker (unknown),NOA,turn-like 'ער' not in cast (OCR?),ער: אוּם צוּ רויבּען דֶעם צווייטֶענְס גל,fix OCR / link to a cast xmlid
Blimele (di Perle von Warsha),61,TextRegion_1649023118998_2754l8,untagged speaker (collective),AUTO,collective 'ביידע' — no speaker span,"ביידע: אָבּער מִיר ליעבּעס טויבּען פַאר,",tag speaker xmlid:beyde
Blimele (di Perle von Warsha),61,TextRegion_1649023118998_2754l12,untagged speaker (named),NOA,label 'קעניג' matches cast role,קעניג: נוּר קאמֶען (פאזשע אב).,tag speaker xmlid:kenig_oygust
Blimele (di Perle von Warsha),61,TextRegion_1649023118998_2754l15,untagged speaker (unknown),NOA,turn-like 'ציגיינער' not in cast (OCR?),ציגיינער: עלִיען טשוּעהֶעה עלִיען אַמאדי,fix OCR / link to a cast xmlid
Blimele (di Perle von Warsha),61,line_1649150579061_501,untagged speaker (unknown),NOA,turn-like 'ער' not in cast (OCR?),ער: יא יא אויף שנעֶע אוּנד רעגען לאדען,fix OCR / link to a cast xmlid
Blimele (di Perle von Warsha),61,TextRegion_1649023118998_2754l26,untagged speaker (unknown),NOA,turn-like 'זיא' not in cast (OCR?),זיא: וִויר ציגַיינֶער וואנדערען אַרוּם,fix OCR / link to a cast xmlid
Blimele (di Perle von Warsha),61,line_1649150584999_512,untagged speaker (collective),AUTO,collective 'ביידע' — no speaker span,ביידע: וִויר וואנְדֶערֶען אִימֶער. דָאך ,tag speaker xmlid:beyde
Blimele (di Perle von Warsha),62,TextRegion_1649023141197_2831l9,untagged speaker (named),NOA,label 'קעניג' matches cast role,קעניג: נוּן גְרַאף וֶוער אוּנְטֶער דִיא ,tag speaker xmlid:kenig_oygust
Blimele (di Perle von Warsha),62,TextRegion_1649023141197_2831l11,untagged speaker (named),NOA,label 'גראף' matches cast role,גראף: אָהנע צווייפֶעל מאִיעסטֶעט דִיא לֶ,tag speaker xmlid:graf_stanislav
Blimele (di Perle von Warsha),62,TextRegion_1649023141197_2831l13,untagged speaker (named),NOA,label 'קעניג' matches cast role,קעניג: בּראווא גְרַאף דוּא האָסְט אֵיין ,tag speaker xmlid:kenig_oygust
Blimele (di Perle von Warsha),62,TextRegion_1649023141197_2831l17,untagged speaker (named),NOA,label 'גראף' matches cast role,גראף: הִיעֶר שֶׁענֶע מאסקע. (וויל איהר ג,tag speaker xmlid:graf_stanislav
Blimele (di Perle von Warsha),62,TextRegion_1649023141197_2831l19,untagged speaker (named),NOA,label 'קעניג' matches cast role,קעניג: הָאט דִיר יעמאנְד פִילֵייכט וֶועה,tag speaker xmlid:kenig_oygust
Blimele (di Perle von Warsha),62,TextRegion_1649023141197_2831l22,untagged speaker (named),NOA,label 'קעניג' matches cast role,קעניג: אוּנד ווארִין בּעשטעהט זֵיינֶע זִ,tag speaker xmlid:kenig_oygust
Blimele (di Perle von Warsha),62,TextRegion_1649023141197_2831l27,untagged speaker (named),NOA,label 'קעניג' matches cast role,קעניג: נוּן וואָס זאגסט דוּא גְרַאף?,tag speaker xmlid:kenig_oygust
Blimele (di Perle von Warsha),62,TextRegion_1649023141197_2831l28,untagged speaker (named),NOA,label 'גראף' matches cast role,גראף: שֶׁענֶע מאסקע דוּא בּיזט פִילֵייכט,tag speaker xmlid:graf_stanislav
Blimele (di Perle von Warsha),62,TextRegion_1649023141197_2831l34,untagged speaker (named),NOA,label 'קעניג' matches cast role,קעניג: אִיך ערלויבּע עֶס דִיר.,tag speaker xmlid:kenig_oygust
Blimele (di Perle von Warsha),63,TextRegion_1649023169895_2948l1,untagged speaker (named),NOA,label 'גראף' matches cast role,גראף: שאם לאזֶעס ווייבּ צוּם עֶרְסטֶען מ,tag speaker xmlid:graf_stanislav
Blimele (di Perle von Warsha),63,line_1649150320792_274,untagged speaker (named),NOA,label 'גראף' matches cast role,גראף: פערפלוּכטעס ווייבּ אִיך האבּע דִיך,tag speaker xmlid:graf_stanislav
Blimele (di Perle von Warsha),63,TextRegion_1649023169895_2948l8,untagged speaker (named),NOA,label 'קעניג' matches cast role,קעניג: גְרַאף שווערדע דאס דוּא דִיעזֶעס ,tag speaker xmlid:kenig_oygust
Blimele (di Perle von Warsha),63,TextRegion_1649023169895_2948l11,untagged speaker (named),NOA,label 'גראף' matches cast role,גראף: אִיך שׁוועהרֶע דִיר מאִיעסטֶעט דָא,tag speaker xmlid:graf_stanislav
Blimele (di Perle von Warsha),63,TextRegion_1649023169895_2948l13,untagged speaker (named),NOA,label 'קעניג' matches cast role,קעניג: זאָ האט דִיך דַיין אַייגענער מוּנ,tag speaker xmlid:kenig_oygust
Blimele (di Perle von Warsha),63,TextRegion_1649023169895_2948l14,untagged speaker (named),NOA,label 'גראף' matches cast role,גראף: אָבּער אִיך פֶערְזִיכֶערֶע מאִיעסט,tag speaker xmlid:graf_stanislav
Blimele (di Perle von Warsha),63,TextRegion_1649023169895_2948l20,untagged speaker (named),NOA,label 'גראף' matches cast role,גראף: וֶוער וואַגט עֶס צוּ מִיר זָא פרֶע,tag speaker xmlid:graf_stanislav
Blimele (di Perle von Warsha),63,TextRegion_1649023169895_2948l24,untagged speaker (collective),AUTO,collective 'איינער' — no speaker span,איינער: (פֿאָם פֿאָלק) הָאך לעבּע דאָקטא,tag speaker xmlid:eyner
Blimele (di Perle von Warsha),63,TextRegion_1649023169895_2948l25,untagged speaker (collective),AUTO,collective 'אלע' — no speaker span,אלע: האך!,tag speaker xmlid:alle
Blimele (di Perle von Warsha),63,TextRegion_1649023169895_2948l28,untagged speaker (named),NOA,label 'קעניג' matches cast role,קעניג: יעטצט זֶעה אִיך דאָס דִיא בּלוּט ,tag speaker xmlid:kenig_oygust
Blimele (di Perle von Warsha),63,TextRegion_1649023169895_2948l30,untagged speaker (named),NOA,label 'גראף' matches cast role,גראף: מאִיעסטֶעט דִיא וֶועטֶע האַבּע אִי,tag speaker xmlid:graf_stanislav
Blimele (di Perle von Warsha),63,TextRegion_1649023169895_2948l32,untagged speaker (named),NOA,label 'קעניג' matches cast role,קעניג: דאָס ווערְדֶען וִויר אוּנז שאן אי,tag speaker xmlid:kenig_oygust
Blimele (di Perle von Warsha),64,r_3_1l6,untagged speaker (unknown),NOA,turn-like 'דער איינער' not in cast (OCR?),דער איינער: מאִיעסטֶעט דִיעזֶער מַאן אִי,fix OCR / link to a cast xmlid
Blimele (di Perle von Warsha),64,r_3_1l8,untagged speaker (named),NOA,label 'קעניג' matches cast role,קעניג: האַלטעט אִיהְם פֶעסט. (מען האלט א,tag speaker xmlid:kenig_oygust
Blimele (di Perle von Warsha),64,r_3_1l18,untagged speaker (named),NOA,label 'קעניג' matches cast role,קעניג: נוּן טראגט אִיהם פארט. (מען טראגט,tag speaker xmlid:kenig_oygust
Blimele (di Perle von Warsha),64,r_3_1l25,untagged speaker (named),NOA,label 'גראף' matches cast role,גראף: דָאס פּאפּיער אִיזְט געֶפֶעלְשׁט א,tag speaker xmlid:graf_stanislav
Blimele (di Perle von Warsha),64,r_3_1l33,untagged speaker (named),NOA,label 'קעניג' matches cast role,קעניג: נוּן גענוּג פאָרט מִיט בּיידען אִ,tag speaker xmlid:kenig_oygust
Blimele (di Perle von Warsha),64,r_3_1l34,untagged speaker (named),NOA,label 'גראף' matches cast role,גראף: נוּן וָוא אִיזְט דַיין גאט וִוירְד,tag speaker xmlid:graf_stanislav
Blimele (di Perle von Warsha),65,TextRegion_1649023695561_3075l8,untagged speaker (named),NOA,label 'קעניג' matches cast role,קעניג: נוּן יעטצט רוּפט מִיט מִיר צוּזאמ,tag speaker xmlid:kenig_oygust
Blimele (di Perle von Warsha),65,TextRegion_1649023695561_3075l10,untagged speaker (collective),AUTO,collective 'אלע' — no speaker span,אלע: הָאך.,tag speaker xmlid:alle
Blimele (di Perle von Warsha),65,TextRegion_1649023695561_3075l12,untagged speaker (collective),AUTO,collective 'אלע' — no speaker span,אלע: הָאך. (זינגען),tag speaker xmlid:alle
Der Mann untern Tisch,5,r_1_1l6,schema violation,NOA,"stage.type must be one of {'entrance', 'setting', 'location', 'delivery', 'mixed', 'costume', 'exit', 'novelistic', 'business'}, got 'settingָ'","גאָפעל אוּן מעסער, ווען דער פאָרהאַנג געהט אַרוֹיף שטעהט",fix per schema
Der Mann untern Tisch,10,r_2_1l11,schema violation,NOA,stage span requires a type attribute (no bare stage),(טוּר⸗,fix per schema
Der Mann untern Tisch,10,r_2_1l14,schema violation,NOA,stage span requires a type attribute (no bare stage),(עֵר,fix per schema
Der Mann untern Tisch,14,r_1_1l26,schema violation,NOA,stage span requires a type attribute (no bare stage),(קלערְט אבּייסיל),fix per schema
Der Mann untern Tisch,18,r_1_1l3,schema violation,NOA,stage span requires a type attribute (no bare stage),(בּיס),fix per schema
Di Seder Nakht,5,TextRegion_1647705133639_852l13,untagged speaker (collective),AUTO,collective 'אלע' — no speaker span,"אַלע: גוּטֶען טַאג הֶערְר רִיזְוַואן, גו",tag speaker xmlid:alle
Di Seder Nakht,5,TextRegion_1647705133639_852l21,untagged speaker (collective),AUTO,collective 'אלע' — no speaker span,אלע: יַא יַא יַא.,tag speaker xmlid:alle
Di Seder Nakht,5,l,untagged speaker (named),NOA,label 'דוד' matches cast role,דוד: בְּרַאוָוא בְּרַאוָוא הֶערְר רִיזְו,tag speaker xmlid:dovid_kahn
Di Seder Nakht,6,r_2_1l1,untagged speaker (collective),AUTO,collective 'אלע' — no speaker span,אלע: דַאנְקֶע הֶערְר קָאהְן (קאהר אב).,tag speaker xmlid:alle
Di Seder Nakht,6,r_2_1l29,untagged speaker (named),NOA,label 'מאיר' matches cast role,מאיר: פוֹן דֶער רוֹיטֶער בְּרִיק! עֶר אִ,tag speaker xmlid:meir_dreyer
Di Seder Nakht,7,TextRegion_1647705629974_1099l5,untagged speaker (named),NOA,label 'דוד' matches cast role,דוד: וֶוער זָאגְט אִיהְר?,tag speaker xmlid:dovid_kahn
Di Seder Nakht,9,r_3_1l3,untagged speaker (unknown),NOA,turn-like 'ולמן' not in cast (OCR?),ולמן: עַם וואוּנְדֶערְט דִיך מֵיין קִינְ,fix OCR / link to a cast xmlid
Di Seder Nakht,9,r_3_1l32,untagged speaker (collective),AUTO,collective 'אלע' — no speaker span,אלע: אָבּער ווארוּם?,tag speaker xmlid:alle
Di Seder Nakht,11,r_1_1l29,untagged speaker (collective),AUTO,collective 'אלע' — no speaker span,אלע: אמְת?,tag speaker xmlid:alle
Di Seder Nakht,19,r_3_1l10,untagged speaker (collective),AUTO,collective 'אלע' — no speaker span,אלע: אָמֵן.,tag speaker xmlid:alle
Di Seder Nakht,31,TextRegion_1649444107459_94l23,untagged speaker (collective),AUTO,collective 'אלע' — no speaker span,אלע: וואַס גֶעהט דָא פַאר?,tag speaker xmlid:alle
Di Seder Nakht,32,r_1_1l7,untagged speaker (unknown),NOA,turn-like 'דו' not in cast (OCR?),דו: מֵיין שׁולְד מֵיין אַייגֶענֶע שוּלד!,fix OCR / link to a cast xmlid
Di Seder Nakht,32,r_1_1l10,untagged speaker (collective),AUTO,collective 'אלע' — no speaker span,אלע: (לויפען און שרייען) וואַסער! הִילְפ,tag speaker xmlid:alle
Di Seder Nakht,42,TextRegion_1649447129991_873l3,untagged speaker (collective),AUTO,collective 'אלע' — no speaker span,"אלע: גיִט יו""ַט, גיִט יו""ַט.",tag speaker xmlid:alle
Di Seder Nakht,42,TextRegion_1649447129991_873l26,untagged speaker (collective),AUTO,collective 'אלע' — no speaker span,אלע: וואַס אִיז גֶעשֶׁעהן?,tag speaker xmlid:alle
Di Seder Nakht,43,r_3_1l23,untagged speaker (collective),AUTO,collective 'אלע' — no speaker span,אלע: בּלוּטה?,tag speaker xmlid:alle
Di Seder Nakht,48,TextRegion_1649448170749_1423l30,untagged speaker (collective),AUTO,collective 'אלע' — no speaker span,אלע: וואָס הֶערֶען וִויר?,tag speaker xmlid:alle
Di Seder Nakht,54,r_1_1l18,untagged speaker (collective),AUTO,collective 'אלע' — no speaker span,אלע: בּרוּךְ מתּיר אָסוּרים.,tag speaker xmlid:alle
Di Seder Nakht,54,r_1_1l34,untagged speaker (collective),AUTO,collective 'אלע' — no speaker span,אלע: עה הִיום עשה ד' נגִילְה ונְשׁמְחה ב,tag speaker xmlid:alle
Di Seder Nakht,56,TextRegion_1649531546552_699l5,untagged speaker (unknown),NOA,turn-like 'סאלא אלט' not in cast (OCR?),סאלא אלט: דיא שעהנע ראזע בּליהט,fix OCR / link to a cast xmlid
Di Seder Nakht,59,TextRegion_1649532660213_1267l4,untagged speaker (collective),AUTO,collective 'דועט' — no speaker span,דועט:,tag speaker xmlid:duet
Di Seder Nakht,59,TextRegion_1649532650275_1255l1,untagged speaker (collective),AUTO,collective 'ביידע' — no speaker span,ביידע: וועסטוּ נוּר מיינע אויף אימער זײַ,tag speaker xmlid:beyde
Di Seder Nakht,59,line_1649532802921_1396,untagged speaker (collective),AUTO,collective 'ביידע' — no speaker span,ביידע: טריי בּין אין טאד,tag speaker xmlid:beyde
Di Seder Nakht,60,region_1649532950552_1410l8,untagged speaker (collective),AUTO,collective 'ביידע' — no speaker span,ביידע: געטריי צוּ זיין.,tag speaker xmlid:beyde
Di Seder Nakht,62,TextRegion_1649533285594_1649l17,untagged speaker (collective),AUTO,collective 'דאמען' — no speaker span,דאמען: מיט מעל אין אַ גוּטער שעה,tag speaker xmlid:damen
Di Seder Nakht,63,TextRegion_1649533464042_1744l17,untagged speaker (collective),AUTO,collective 'מענער' — no speaker span,"מענער: יוּדען, פרייט אַייך",tag speaker xmlid:mener
Di Seder Nakht,63,TextRegion_1649533464042_1744l26,untagged speaker (collective),AUTO,collective 'אלע' — no speaker span,אלע: נוּ נוּ טאקע נוּ,tag speaker xmlid:alle
Di Seder Nakht,63,line_1649533648504_1825,untagged speaker (collective),AUTO,collective 'אלע' — no speaker span,אלע: נוּ טאקע נוּ,tag speaker xmlid:alle
Di Seder Nakht,64,TextRegion_1649533774828_1837l3,untagged speaker (collective),AUTO,collective 'אלע' — no speaker span,אַלע: אוי אוֹי אוי,tag speaker xmlid:alle
Di Seder Nakht,64,TextRegion_1649533774828_1837l5,untagged speaker (collective),AUTO,collective 'אלע' — no speaker span,אלע: בּויך אַרײַן,tag speaker xmlid:alle
Di Seder Nakht,64,TextRegion_1649533774828_1837l11,untagged speaker (collective),AUTO,collective 'אלע' — no speaker span,אַלע: אוי אוי נוּ נוּ נוּ נוּ,tag speaker xmlid:alle
Di Seder Nakht,64,TextRegion_1649533774828_1837l28,untagged speaker (collective),AUTO,collective 'קינדער' — no speaker span,קינדער: קוּמט קוּמט קינדערליך,tag speaker xmlid:kinder
Di Seder Nakht,64,line_1649533859022_1906,untagged speaker (collective),AUTO,collective 'אלע' — no speaker span,אלע: דיא מאמע,tag speaker xmlid:alle
Di Seder Nakht,65,TextRegion_1649533891997_1934l14,untagged speaker (collective),AUTO,collective 'אלע' — no speaker span,אלע: ווינשט מיר צי,tag speaker xmlid:alle
Di Seder Nakht,65,line_1649533939004_1964,untagged speaker (collective),AUTO,collective 'אלע' — no speaker span,אלע: פלעסקעט צי.,tag speaker xmlid:alle
Di Seder Nakht,65,TextRegion_1649533891997_1934l19,untagged speaker (unknown),NOA,turn-like '2) קינד' not in cast (OCR?),2) קינד.: איך זאָל נוּר דערלעבּען דיא גד,fix OCR / link to a cast xmlid
Di Seder Nakht,69,line_1649448420472_1578,untagged speaker (unknown),NOA,turn-like 'רעפריין' not in cast (OCR?),רעפריין: יוּדאלע נישט האָבּ קיין מורה,fix OCR / link to a cast xmlid
Di Seder Nakht,70,TextRegion_1649421514322_415l8,untagged speaker (collective),AUTO,collective 'אלט' — no speaker span,אלט: אודך אודך בּי עניתני,tag speaker xmlid:alt
Di Seder Nakht,70,TextRegion_1649421514322_415l11,untagged speaker (collective),AUTO,collective 'טענאר' — no speaker span,טענאר: אָבן מאָסוּ הבּוֹנים,tag speaker xmlid:tenor
Di Seder Nakht,70,TextRegion_1649421514322_415l13,untagged speaker (collective),AUTO,collective 'אלט' — no speaker span,אַלט: אוי אָבן מאָסוּ הבּוֹנִים,tag speaker xmlid:alt
Di Seder Nakht,70,line_1649422076759_523,untagged speaker (collective),AUTO,collective 'באס' — no speaker span,באס: מאת ה' היתה זאת זאת זאת,tag speaker xmlid:bas
Di Seder Nakht,70,TextRegion_1649421514322_415l20,untagged speaker (collective),AUTO,collective 'סאפראן' — no speaker span,סאפּראן: זה היום עשה ה',tag speaker xmlid:sopran
Di Seder Nakht,70,TextRegion_1649421514322_415l21,untagged speaker (collective),AUTO,collective 'אלט' — no speaker span,אַלט: זה היום עשה ה',tag speaker xmlid:alt
Di Seder Nakht,70,TextRegion_1649421514322_415l22,untagged speaker (collective),AUTO,collective 'טענאר' — no speaker span,טענאר: נגילה ונשמחה בו,tag speaker xmlid:tenor
Di Seder Nakht,—,role:alle,unreferenced cast,NOA,declared in cast_dict but never used by any speaker,alle,verify the role is real / find its speeches
Ezra,8,line_1639248699323_321,untagged speaker (collective),AUTO,collective 'אלע' — no speaker span,אלע: עֶס,tag speaker xmlid:alle
Ezra,8,line_1639248751873_346,untagged speaker (collective),AUTO,collective 'אלע' — no speaker span,"אלע: ראכֶע, ראכֶע יא דאכֶע, (ראכֶע אַן ד",tag speaker xmlid:alle
Ezra,8,line_1639248776482_361,untagged speaker (collective),AUTO,collective 'אלע' — no speaker span,אלע: ראכֶע,tag speaker xmlid:alle
Ezra,8,line_1639248817583_381,untagged speaker (collective),AUTO,collective 'ביידע' — no speaker span,ביידע: דֶער קֶענִיג!,tag speaker xmlid:beyde
Ezra,8,line_1639248825082_386,untagged speaker (collective),AUTO,collective 'אלע' — no speaker span,"אלע: הָא זַייערע קלֵיידֶער מִיט בּלוּט, ",tag speaker xmlid:alle
Ezra,8,line_1639248854112_400,untagged speaker (collective),AUTO,collective 'ביידע' — no speaker span,ביידע: וֶועה מִיר!,tag speaker xmlid:beyde
Ezra,8,line_1639248860412_405,untagged speaker (collective),AUTO,collective 'אלע' — no speaker span,"אלע: זַיינֶע קלֵיידֶער מִיט בּלוּט, מֶער",tag speaker xmlid:alle
Ezra,9,TextRegion_1647553460054_185l3,untagged speaker (collective),AUTO,collective 'ביידע' — no speaker span,"ביידע: וֶועה, וֶועה מִיר, וואָס גֶעהט מִ",tag speaker xmlid:beyde
Ezra,9,TextRegion_1647553460054_185l16,untagged speaker (collective),AUTO,collective 'ביידע' — no speaker span,ביידע: גנאדע קעניג וויר זינד אונשוּלדיג,tag speaker xmlid:beyde
Ezra,9,TextRegion_1647553444393_175l4,untagged speaker (collective),AUTO,collective 'אלע' — no speaker span,אלע: הֶערֶע זִיא נִיכְט קֶענִיג — דאַס א,tag speaker xmlid:alle
Ezra,9,TextRegion_1647553444393_175l8,untagged speaker (collective),AUTO,collective 'ביידע' — no speaker span,"ביידע: וִויא וֶועה טהוּט עֶס מִיר, דאַס ",tag speaker xmlid:beyde
Ezra,9,line_1647553682673_291,untagged speaker (collective),AUTO,collective 'אלע' — no speaker span,"אלע: זאָלכע פרעכע יוּדען, זאָלען זאוואָס",tag speaker xmlid:alle
Ezra,9,TextRegion_1647553444393_175l17,untagged speaker (collective),AUTO,collective 'אלע' — no speaker span,אלע: פאָרט מִיט דִיא מֶערְדֶער אִין דֶעם,tag speaker xmlid:alle
Ezra,9,TextRegion_1647553444393_175l20,untagged speaker (collective),AUTO,collective 'אלע' — no speaker span,אלע: קֵיין גָאט קֵיין טַייפֶעל וִוירְד א,tag speaker xmlid:alle
Ezra,9,TextRegion_1647553444393_175l21,untagged speaker (collective),AUTO,collective 'ביידע' — no speaker span,ביידע: יאַ מיִטלייַד קֶענִיג בּעטען וויר,tag speaker xmlid:beyde
Ezra,9,TextRegion_1647553444393_175l22,untagged speaker (collective),AUTO,collective 'אלע' — no speaker span,"אלע: פאָרט מִיט דִיא מֶערְדֶער, פאָרט פָ",tag speaker xmlid:alle
Ezra,12,TextRegion_1647606584238_147l21,untagged speaker (collective),AUTO,collective 'ביידע' — no speaker span,ביידע: נאך קראקוֹי אִיז אוּנזער צִיעל.,tag speaker xmlid:beyde
Ezra,13,TextRegion_1647606934716_306l2,untagged speaker (collective),AUTO,collective 'ביידע' — no speaker span,"ביידע: קראקוֹי... (טאנץ ביז אב, דאן ביהנ",tag speaker xmlid:beyde
Ezra,13,TextRegion_1647606934716_306l20,untagged speaker (collective),AUTO,collective 'קאהר' — no speaker span,קאהר: לויבּט גאט אַלע זיין הייליגען נאמע,tag speaker xmlid:chor
Ezra,13,r_1_1l3,untagged speaker (collective),AUTO,collective 'אלע' — no speaker span,אלע: וואהִין? וואהין?,tag speaker xmlid:alle
Ezra,13,r_1_1l14,untagged speaker (collective),AUTO,collective 'אלע' — no speaker span,אלע: אַחדות.,tag speaker xmlid:alle
Ezra,13,r_1_1l27,untagged speaker (collective),AUTO,collective 'אלע' — no speaker span,אלע: הֶעלְף אוּנז עזרא וואָס זָאלֶען וִו,tag speaker xmlid:alle
Ezra,14,TextRegion_1647607230000_470l2,untagged speaker (collective),AUTO,collective 'אלע' — no speaker span,אלע: ראכֶע נקמה.,tag speaker xmlid:alle
Ezra,14,TextRegion_1647607230000_470l4,untagged speaker (collective),AUTO,collective 'אלע' — no speaker span,אלע: וִויר שוועהרֶען (קניען).,tag speaker xmlid:alle
Ezra,14,TextRegion_1647607230000_470l17,untagged speaker (collective),AUTO,collective 'קאהר' — no speaker span,קאהר: (ערוואכט מיט מוּטה) צוּם הֵיילִיגֶ,tag speaker xmlid:chor
Ezra,14,TextRegion_1647607230000_470l25,untagged speaker (collective),AUTO,collective 'אלע' — no speaker span,אלע: וויר שווערען וויר שווערען.,tag speaker xmlid:alle
Ezra,14,line_1647607488094_517,untagged speaker (collective),AUTO,collective 'אלע' — no speaker span,אלע: וויר שווערען,tag speaker xmlid:alle
Ezra,14,TextRegion_1647607215394_459l2,untagged speaker (collective),AUTO,collective 'אלע' — no speaker span,אלע: אָפּפערן זאָל זִיך דֶער יחיד פאר'ן ,tag speaker xmlid:alle
Ezra,14,TextRegion_1647607215394_459l5,untagged speaker (collective),AUTO,collective 'אלע' — no speaker span,אלע: מיר שווערען דיר טרייא,tag speaker xmlid:alle
Ezra,14,TextRegion_1647607215394_459l7,untagged speaker (collective),AUTO,collective 'אלע' — no speaker span,אלע: וִויר שׁווערֶען דִיר פרייא.,tag speaker xmlid:alle
Ezra,14,TextRegion_1647607215394_459l9,untagged speaker (collective),AUTO,collective 'אלע' — no speaker span,אלע: וִויר שׁווערֶען דֶען הֵיילִיגֶען שׁ,tag speaker xmlid:alle
Ezra,14,TextRegion_1647607215394_459l11,untagged speaker (collective),AUTO,collective 'אלע' — no speaker span,אלע: וִויר שׁווערֶען דִיר טרֵייא.,tag speaker xmlid:alle
Ezra,14,TextRegion_1647607215394_459l13,untagged speaker (collective),AUTO,collective 'אלע' — no speaker span,אלע: וִויר שׁווערֶען דִיר פרֵייא פאַר דִ,tag speaker xmlid:alle
Ezra,14,TextRegion_1647607215394_459l18,untagged speaker (collective),AUTO,collective 'אלע' — no speaker span,אלע: ערוואכט ערוואכט צום הייליגען קאמפּף,tag speaker xmlid:alle
Ezra,15,r_3_1l4,untagged speaker (named),NOA,label 'זייגעסמונד' matches cast role,זייגעסמונד: (רופט) וואלענטִין אוּן קאטער,tag speaker xmlid:zigizmund
Ezra,15,r_3_1l6,untagged speaker (collective),AUTO,collective 'ביידע' — no speaker span,ביידע: (ווערפען זיך צו באָדען) ליעבּער ה,tag speaker xmlid:beyde
Ezra,15,r_1_1l29,untagged speaker (collective),AUTO,collective 'ביידע' — no speaker span,ביידע: ליעבּער הֶערְר קֶענִיג!,tag speaker xmlid:beyde
Ezra,17,TextRegion_1647612863849_3299l23,untagged speaker (collective),AUTO,collective 'ביידע' — no speaker span,ביידע: אַ שֶׁעהנֶעם גְרוֹיסֶען דַאנְק טה,tag speaker xmlid:beyde
Ezra,17,TextRegion_1647612857245_3295l6,untagged speaker (named),NOA,label 'גיזיזמונד' matches cast role,גיזיזמונד: וַוארְטֶעט אוֹיף אֵייֶערֶעם ב,tag speaker xmlid:zigizmund
Ezra,19,r_9_1l4,untagged speaker (named),NOA,label 'גרעגאר' matches cast role,גרעגאר: וואָס פֶערְלאנְגט אִיהְר?,tag speaker xmlid:gregor
Ezra,19,r_9_1l11,untagged speaker (named),NOA,label 'גרעגאר' matches cast role,גרעגאר: ווארטעט בּין איך אייך מעלדען ווע,tag speaker xmlid:gregor
Ezra,19,TextRegion_1647612207996_2880l5,untagged speaker (named),NOA,label 'גרעגאר' matches cast role,גרעגאר: דֶער גנֶעדִיגֶער גְרַאף פֶערְלאנ,tag speaker xmlid:gregor
Ezra,19,TextRegion_1647612207996_2880l10,untagged speaker (collective),AUTO,collective 'אלע' — no speaker span,אלע: וִויר ווערְדֶען שפּיעלען אוּנְד עֶר,tag speaker xmlid:alle
Ezra,19,TextRegion_1647612207996_2880l12,untagged speaker (collective),AUTO,collective 'איינער' — no speaker span,איינער: (קוליסען) הָאך! לעבּע דֶער גְרַא,tag speaker xmlid:eyner
Ezra,19,TextRegion_1647612207996_2880l13,untagged speaker (collective),AUTO,collective 'אלע' — no speaker span,אלע: הוּרא!,tag speaker xmlid:alle
Ezra,19,TextRegion_1647612207996_2880l22,untagged speaker (collective),AUTO,collective 'אלע' — no speaker span,אלע: הוּרא! (טרינקען),tag speaker xmlid:alle
Ezra,19,TextRegion_1647612207996_2880l26,untagged speaker (collective),AUTO,collective 'אלע' — no speaker span,אלע: הוּרא!,tag speaker xmlid:alle
Ezra,19,TextRegion_1647612207996_2880l32,untagged speaker (collective),AUTO,collective 'אלע' — no speaker span,אלע: טאמְטֶעדֶעראמדאם.,tag speaker xmlid:alle
Ezra,20,TextRegion_1647611889150_2713l4,untagged speaker (collective),AUTO,collective 'אלע' — no speaker span,אלע: טאמְטֶעדֶעראמדאם.,tag speaker xmlid:alle
Ezra,20,TextRegion_1647611889150_2713l6,untagged speaker (collective),AUTO,collective 'אלע' — no speaker span,"אלע: טשינגארא, טשינגארא, טשינגארא,",tag speaker xmlid:alle
Ezra,20,TextRegion_1647611889150_2713l20,untagged speaker (collective),AUTO,collective 'אלע' — no speaker span,אלע: וואָס?,tag speaker xmlid:alle
Ezra,21,TextRegion_1647611639576_2570l10,untagged speaker (named),NOA,label 'גרעגאר' matches cast role,"גרעגאר: זאפארט. (אב, שטורם).",tag speaker xmlid:gregor
Ezra,27,TextRegion_1647609677695_1550l26,untagged speaker (named),NOA,label 'סטאניסלאוי' matches cast role,סטאניסלאוי: אַזוי אִיז דאָס וִויא מיין ו,tag speaker xmlid:stanislav
Ezra,29,TextRegion_1647609121203_1300l12,untagged speaker (collective),AUTO,collective 'אלע' — no speaker span,אלע: הוּרא!,tag speaker xmlid:alle
Ezra,29,TextRegion_1647609123757_1306l4,untagged speaker (collective),AUTO,collective 'קאהר' — no speaker span,קאהר: מִיט יוּבּעל אוּנד פרֵיידֶע לאמֶען,tag speaker xmlid:chor
Ezra,29,TextRegion_1647609123757_1306l20,untagged speaker (collective),AUTO,collective 'אלע' — no speaker span,אלע: חַ חַ חַ דֶער עזֶעל וואלענטין אִיז ,tag speaker xmlid:alle
Ezra,29,TextRegion_1647609123757_1306l25,untagged speaker (collective),AUTO,collective 'קאהר' — no speaker span,"קאהר: ח ח ח ניין ניין ניין,",tag speaker xmlid:chor
Ezra,30,TextRegion_1647608824195_1111l5,untagged speaker (collective),AUTO,collective 'קאהר' — no speaker span,קאהר: הערט הערט רוּהע!,tag speaker xmlid:chor
Ezra,30,TextRegion_1647608824195_1111l23,untagged speaker (collective),AUTO,collective 'קאהר' — no speaker span,קאהר: בּראווא בראווא בראווא בראווא,tag speaker xmlid:chor
Ezra,30,TextRegion_1647608824195_1111l26,untagged speaker (collective),AUTO,collective 'קאהר' — no speaker span,קאהר: קאפּף אין די העהע,tag speaker xmlid:chor
Ezra,30,TextRegion_1647608799647_1099l5,untagged speaker (collective),AUTO,collective 'קאהר' — no speaker span,קאהר: איין פייערטאג זאָל הייטע זיין.,tag speaker xmlid:chor
Ezra,30,TextRegion_1647608799647_1099l7,untagged speaker (collective),AUTO,collective 'קאהר' — no speaker span,קאהר: איין פייערטאג זאָל הייטע זיין.,tag speaker xmlid:chor
Ezra,30,TextRegion_1647608799647_1099l10,untagged speaker (collective),AUTO,collective 'קאהר' — no speaker span,קאהר: קאזימיר זאָל לעבּען לאַנג,tag speaker xmlid:chor
Ezra,30,TextRegion_1647608799647_1099l20,untagged speaker (collective),AUTO,collective 'קאהר' — no speaker span,קאהר: גלייך אַלע אַלע אַלע גלייך הוּררא ,tag speaker xmlid:chor
Ezra,32,r_5_1l9,untagged speaker (collective),AUTO,collective 'ביידע' — no speaker span,ביידע: לעמאלֶע מֶע....,tag speaker xmlid:beyde
Ezra,32,r_5_1l18,untagged speaker (collective),AUTO,collective 'ביידע' — no speaker span,ביידע: לעמאלֶע מֶע... (אב),tag speaker xmlid:beyde
Ezra,33,TextRegion_1647553089066_20l8,untagged speaker (named),NOA,label 'געזרא' matches cast role,"געזרא: אֵיין פֶעסטֶער וִוילֶע קאן אַלעס,",tag speaker xmlid:ezra
Ezra,33,TextRegion_1647553089066_20l32,untagged speaker (named),NOA,label 'ערא' matches cast role,ערא: יאָך וואהל דַיינֶע זאכֶע וַוייל דוא,tag speaker xmlid:ezra
Ezra,35,TextRegion_1647552037666_758l2,untagged speaker (named),NOA,label 'לעבארא' matches cast role,לעבארא: יַא יַא דוּא האָסְט רֶעכט! עֶס א,tag speaker xmlid:debora
Ezra,36,TextRegion_1647551842777_596l9,untagged speaker (named),NOA,label 'אוויצקי' matches cast role,אוויצקי: נאטִירְלִיך קֶענֶען וִויר דאָס ,tag speaker xmlid:savitsky
Ezra,36,r_2_1l5,untagged speaker (collective),AUTO,collective 'קאהר' — no speaker span,קאהר: (קניעט) גָאט זֶעגנֶע גאט ערהאלטע,tag speaker xmlid:chor
Ezra,36,r_2_1l14,untagged speaker (collective),AUTO,collective 'קאהר' — no speaker span,קאהר: (זינגט) אַך וואָס אִיז דָא פַאר אֵ,tag speaker xmlid:chor
Ezra,36,r_2_1l21,untagged speaker (collective),AUTO,collective 'קאהר' — no speaker span,קאהר: (געזאנג) פאָרט מִיט דִיא מֶערְדֶער,tag speaker xmlid:chor
Ezra,37,line_1638791387414_2448,untagged speaker (collective),AUTO,collective 'ביידע' — no speaker span,בּיידע: וויר שוועהרען,tag speaker xmlid:beyde
Ezra,37,line_1638791430242_2473,untagged speaker (collective),AUTO,collective 'קאהר' — no speaker span,קאהר: (קניעט) הללויה הללויה הללויה,tag speaker xmlid:chor
Isha Raa,4,tr_2_tl_9,schema violation,NOA,span out of range (line len=9),מִילְכָּה,fix per schema
Isha Raa,5,tr_1_tl_4,untagged speaker (collective),AUTO,collective 'קאהר' — no speaker span,קאהר: זִיעגֶעס לִיעדֶער לָאזְט אוּנז פְר,tag speaker xmlid:chor
Isha Raa,5,tr_1_tl_32,untagged speaker (collective),AUTO,collective 'מעדכען' — no speaker span,מעדכען: פֶערְפלאסֶען זִינְד שׁוֹין בּאלד,tag speaker xmlid:meydkhen
Isha Raa,5,tr_1_tl_41,untagged speaker (collective),AUTO,collective 'קאהר' — no speaker span,קאהר: דער גראסער הֶעלד,tag speaker xmlid:chor
Isha Raa,5,tr_1_tl_45,untagged speaker (collective),AUTO,collective 'קאהר' — no speaker span,קאהר: בּעריהמט אויף דער וועלט,tag speaker xmlid:chor
Isha Raa,6,tr_1_tl_2,untagged speaker (collective),AUTO,collective 'קאהר' — no speaker span,קאהר: דֶער גְרויִסעֶר הֶעלְד,tag speaker xmlid:chor
Isha Raa,6,tr_1_tl_7,untagged speaker (collective),AUTO,collective 'קאהר' — no speaker span,קאהר: דאס לַאנְד בּעגריעסט,tag speaker xmlid:chor
Isha Raa,6,tr_1_tl_9,untagged speaker (unknown),NOA,turn-like 'אללע' not in cast (OCR?),אללע: יַא יַא עֶר לעבּע לאַנְג,fix OCR / link to a cast xmlid
Isha Raa,6,tr_1_tl_14,untagged speaker (collective),AUTO,collective 'מעדכען' — no speaker span,מעדכען: פֶערְפלאסֶען זִינְד שאן... (מעדכ,tag speaker xmlid:meydkhen
Isha Raa,10,tr_1_tl_37,untagged speaker (unknown),NOA,turn-like 'מלכה' not in cast (OCR?),מלכה: פרֶצְ'ל !,fix OCR / link to a cast xmlid
Isha Raa,11,tr_1_tl_28,untagged speaker (unknown),NOA,turn-like 'אנטינגוס' not in cast (OCR?),אנטינגוס: אִיזְט דַיינֶע הֶערְרִין צוּ ה,fix OCR / link to a cast xmlid
Isha Raa,16,tr_1_tl_21,untagged speaker (unknown),NOA,turn-like 'דוד' not in cast (OCR?),דוד: (זיפצט) בּרוּך דיין אמְת.,fix OCR / link to a cast xmlid
Isha Raa,19,tr_2_tl_38,untagged speaker (collective),AUTO,collective 'קאהר' — no speaker span,קאהר: עֶס לעבּע דֶער העלד זייא ווילקאמען,tag speaker xmlid:chor
Isha Raa,20,tr_1_tl_17,untagged speaker (named),NOA,label 'קעניג' matches cast role,קעניג: מַיין טאפּפערער אוּנד טרֵייעֶר אַ,tag speaker xmlid:kenig_hurknos
Isha Raa,20,tr_1_tl_38,untagged speaker (collective),AUTO,collective 'אלע' — no speaker span,אלע: האך!,tag speaker xmlid:alle
Isha Raa,20,tr_1_tl_39,untagged speaker (named),NOA,label 'קעניג' matches cast role,קעניג: אוּנד נוּן דִיעזֶע יוּנגלינגע וֶו,tag speaker xmlid:kenig_hurknos
Isha Raa,21,tr_1_tl_45,untagged speaker (collective),AUTO,collective 'אלע' — no speaker span,אלע: (קניען אויסער תלמי) עדְלֶער אבּנר!,tag speaker xmlid:alle
Isha Raa,21,tr_1_tl_51,untagged speaker (collective),AUTO,collective 'אלע' — no speaker span,אלע: וִויר שׁוועהרֶען! (שטעהען אויף),tag speaker xmlid:alle
Isha Raa,22,tr_1_tl_21,untagged speaker (unknown),NOA,turn-like 'שלומיר' not in cast (OCR?),שלומיר: געליעבּטער פָאטֶער! זַייא נִיכְט,fix OCR / link to a cast xmlid
Isha Raa,22,tr_1_tl_31,untagged speaker (named),NOA,label 'קעניג' matches cast role,קעניג: (וועלכער האָט ביז יעטצט שטיל געשפ,tag speaker xmlid:kenig_hurknos
Isha Raa,22,tr_1_tl_36,untagged speaker (collective),AUTO,collective 'אלע' — no speaker span,אלע: הִידְד!,tag speaker xmlid:alle
Isha Raa,22,tr_1_tl_37,untagged speaker (named),NOA,label 'קעניג' matches cast role,קעניג: אוֹיף מַיין טאפּפערער קרִיעגֶער א,tag speaker xmlid:kenig_hurknos
Isha Raa,23,tr_1_tl_3,untagged speaker (collective),AUTO,collective 'קאהר' — no speaker span,קאהר: וִויוואט וִויוואט וויוואט!,tag speaker xmlid:chor
Isha Raa,23,tr_1_tl_10,untagged speaker (collective),AUTO,collective 'קאהר' — no speaker span,קאהר: בּעגריעסעט מִיט יוּבּעל אוּנזער גר,tag speaker xmlid:chor
Isha Raa,23,tr_1_tl_13,untagged speaker (collective),AUTO,collective 'קאהר' — no speaker span,קאהר: בּעגריעסעט מִיט יוּבּעל אוּנזער גר,tag speaker xmlid:chor
Isha Raa,23,tr_1_tl_21,untagged speaker (collective),AUTO,collective 'קאהר' — no speaker span,קאהר: האָסְט פֶערְדִיענְט מִיט רֶעכט דִי,tag speaker xmlid:chor
Isha Raa,23,tr_1_tl_26,untagged speaker (collective),AUTO,collective 'קאהר' — no speaker span,קאהר: בּעגריעסעט מִיט יוּבּעל אוּנזע גרא,tag speaker xmlid:chor
Isha Raa,24,tr_1_tl_24,untagged speaker (named),NOA,label 'קעניג' matches cast role,קעניג: נוּן אוֹיף צוּם פעסט,tag speaker xmlid:kenig_hurknos
Isha Raa,27,tr_1_tl_21,untagged speaker (collective),AUTO,collective 'ביידע' — no speaker span,ביידע: פֶעראַיינְט בּלייבּען וִויר,tag speaker xmlid:beyde
Isha Raa,28,tr_1_tl_9,untagged speaker (collective),AUTO,collective 'ביידע' — no speaker span,ביידע: גָאט וִוירְד שיטצען אונדזר ליעבּע,tag speaker xmlid:beyde
Isha Raa,29,tr_1_tl_5,untagged speaker (named),NOA,label 'קעניג' matches cast role,קעניג: הִימְלִישֶׁער רִיכְטֶער העלפע העל,tag speaker xmlid:kenig_hurknos
Isha Raa,29,tr_1_tl_13,untagged speaker (collective),AUTO,collective 'קאהר' — no speaker span,קאהר: אמן אמן אמן.,tag speaker xmlid:chor
Isha Raa,29,tr_1_tl_14,untagged speaker (named),NOA,label 'קעניג' matches cast role,קעניג: פִיהרְט פַאר דֶען אַנגעקלאגטען. (,tag speaker xmlid:kenig_hurknos
Isha Raa,29,tr_1_tl_19,untagged speaker (named),NOA,label 'קעניג' matches cast role,קעניג: אַבנר אָפְטְמָאלְס האסט דוּא מִיר,tag speaker xmlid:kenig_hurknos
Isha Raa,29,tr_1_tl_58,untagged speaker (named),NOA,label 'קעניג' matches cast role,קעניג: אוֹיך מַיינֶע בּרוּסט וואר מִיט ש,tag speaker xmlid:kenig_hurknos
Isha Raa,29,tr_1_tl_75,untagged speaker (named),NOA,label 'קעניג' matches cast role,קעניג: בּיסט דוּא עֶס נִיכְט אבער זָא וִ,tag speaker xmlid:kenig_hurknos
Isha Raa,30,tr_1_tl_12,untagged speaker (named),NOA,label 'קעניג' matches cast role,"קעניג: זא זאָל דאַס גֶערִיכְט בּעגינען, ",tag speaker xmlid:kenig_hurknos
Isha Raa,30,tr_1_tl_29,untagged speaker (named),NOA,label 'קעניג' matches cast role,קעניג: האָסְט דוּא גֶעהֶערְט אַבּער?,tag speaker xmlid:kenig_hurknos
Isha Raa,31,tr_1_tl_33,untagged speaker (named),NOA,label 'קעניג' matches cast role,"קעניג: אָיזבּל דוא הִיעֶר, וואָס אִיזְט ",tag speaker xmlid:kenig_hurknos
Isha Raa,32,tr_1_tl_60,untagged speaker (named),NOA,label 'קעניג' matches cast role,"קעניג: אִיזבל אִיך זֶעה דִיך צִיטֶערֶען,",tag speaker xmlid:kenig_hurknos
Isha Raa,33,tr_1_tl_8,untagged speaker (named),NOA,label 'קעניג' matches cast role,קעניג: אוּנְד דִיעזֶע בּריעפע וִויא זא ק,tag speaker xmlid:kenig_hurknos
Isha Raa,33,tr_1_tl_11,untagged speaker (named),NOA,label 'קעניג' matches cast role,קעניג: אִיזבל! צוּם לֶעצטֶען מאל פראג אִ,tag speaker xmlid:kenig_hurknos
Isha Raa,33,tr_1_tl_14,untagged speaker (named),NOA,label 'קעניג' matches cast role,קעניג: בּייא גָאט!  (II. Ritt. Melodrama,tag speaker xmlid:kenig_hurknos
Isha Raa,33,tr_1_tl_16,untagged speaker (named),NOA,label 'קעניג' matches cast role,קעניג: פִיהרְט זִיא וועק. (וואַנקט זיא ו,tag speaker xmlid:kenig_hurknos
Isha Raa,33,tr_1_tl_26,untagged speaker (named),NOA,label 'קעניג' matches cast role,קעניג: נוּן סנהדרִין אִיהר האבּט גֶעהֶער,tag speaker xmlid:kenig_hurknos
Isha Raa,33,tr_1_tl_33,untagged speaker (unknown),NOA,turn-like 'פאזשע' not in cast (OCR?),פאזשע: מַיין הֶערְר אוּנד קֶענִיג!,fix OCR / link to a cast xmlid
Isha Raa,33,tr_1_tl_34,untagged speaker (named),NOA,label 'קעניג' matches cast role,קעניג: בּרינגסט דוּא דאס אורטהייל?,tag speaker xmlid:kenig_hurknos
Isha Raa,33,tr_1_tl_35,untagged speaker (unknown),NOA,turn-like 'פאזשע' not in cast (OCR?),פאזשע: יאָ מַיין קֶענִיג.,fix OCR / link to a cast xmlid
Isha Raa,33,tr_1_tl_36,untagged speaker (named),NOA,label 'קעניג' matches cast role,קעניג: זַיין איינהאַלט,tag speaker xmlid:kenig_hurknos
Isha Raa,33,tr_1_tl_37,untagged speaker (unknown),NOA,turn-like 'פאזשע' not in cast (OCR?),פאזשע: טאָדט!,fix OCR / link to a cast xmlid
Isha Raa,34,tr_1_tl_3,untagged speaker (named),NOA,label 'קעניג' matches cast role,קעניג: טאדְט? (שלוכצענד) טאדט!,tag speaker xmlid:kenig_hurknos
Isha Raa,34,tr_1_tl_4,untagged speaker (unknown),NOA,turn-like 'פאזשע' not in cast (OCR?),פאזשע: ערְפִילְט האבּען דִיא סנהדרִין אִ,fix OCR / link to a cast xmlid
Isha Raa,34,tr_1_tl_8,untagged speaker (named),NOA,label 'קעניג' matches cast role,קעניג: וואָס בּעדייטעט דִיעזֶער לֶערְם ד,tag speaker xmlid:kenig_hurknos
Isha Raa,34,tr_1_tl_16,untagged speaker (named),NOA,label 'קעניג' matches cast role,קעניג: וואָס אֵיין אוִיפשׁטאנְד?,tag speaker xmlid:kenig_hurknos
Isha Raa,34,tr_1_tl_30,untagged speaker (named),NOA,label 'קעניג' matches cast role,קעניג: אוּנד וואָס אִיזְט יעטצט דַיין רא,tag speaker xmlid:kenig_hurknos
Isha Raa,34,tr_1_tl_38,untagged speaker (named),NOA,label 'קעניג' matches cast role,קעניג: (צוּם פאזשע) שנעֶל געה איהאויס צו,tag speaker xmlid:kenig_hurknos
Isha Raa,34,tr_1_tl_56,untagged speaker (named),NOA,label 'קעניג' matches cast role,"קעניג: בּלוּטיער! ראטהגעבער, שוויגע !!! ",tag speaker xmlid:kenig_hurknos
Isha Raa,35,tr_1_tl_13,untagged speaker (named),NOA,label 'קעניג' matches cast role,קעניג: צִיטֶערֶע נִיכְט מיינֶע אַיינְצִי,tag speaker xmlid:kenig_hurknos
Isha Raa,35,tr_1_tl_19,untagged speaker (named),NOA,label 'קעניג' matches cast role,קעניג: זַייט אִיהר דִיא רֶעדֶעלספיהרער פ,tag speaker xmlid:kenig_hurknos
Isha Raa,35,tr_1_tl_26,untagged speaker (named),NOA,label 'קעניג' matches cast role,קעניג: זֶעהט! הִיעֶר אִיזְט זַיין אורטהי,tag speaker xmlid:kenig_hurknos
Isha Raa,35,tr_1_tl_44,untagged speaker (named),NOA,label 'קעניג' matches cast role,קעניג: דאָס אִיזְט דֶער לאהן פִיר זִיין ,tag speaker xmlid:kenig_hurknos
Isha Raa,35,tr_1_tl_72,untagged speaker (named),NOA,label 'קעניג' matches cast role,קעניג: סאלְדאטֶען! בירגער! אַנטווארטעט ק,tag speaker xmlid:kenig_hurknos
Isha Raa,35,tr_1_tl_75,untagged speaker (collective),AUTO,collective 'אלע' — no speaker span,אלע: נֵיין נֵיין !,tag speaker xmlid:alle
Isha Raa,36,tr_1_tl_3,untagged speaker (named),NOA,label 'קעניג' matches cast role,קעניג: הָאט יעמאנְד פאן אַייךְ אֵיין פֶע,tag speaker xmlid:kenig_hurknos
Isha Raa,36,tr_1_tl_10,untagged speaker (collective),AUTO,collective 'אלע' — no speaker span,אלע: נֵיין נֵיין!,tag speaker xmlid:alle
Isha Raa,36,tr_1_tl_13,untagged speaker (named),NOA,label 'קעניג' matches cast role,קעניג: אוּנְד דִיעזֶע גֶערעכטֶע מֶענֶער ,tag speaker xmlid:kenig_hurknos
Isha Raa,36,tr_1_tl_37,untagged speaker (collective),AUTO,collective 'אלע' — no speaker span,אלע: נֵיין נֵיין! (גרויסער געמורמעל),tag speaker xmlid:alle
Isha Raa,36,tr_1_tl_69,untagged speaker (collective),AUTO,collective 'אלע' — no speaker span,"אלע: גנאדֶע גוּטער זהערשער, גנאדֶע פִיר ",tag speaker xmlid:alle
Isha Raa,36,tr_1_tl_70,untagged speaker (named),NOA,label 'קעניג' matches cast role,קעניג: וואָס זעֶה אִיך? האבּען מיֵינֶע ג,tag speaker xmlid:kenig_hurknos
Isha Raa,37,tr_1_tl_15,untagged speaker (named),NOA,label 'קעניג' matches cast role,קעניג: דוּא זאלְסט אִיהם פָאן זַיין קֶער,tag speaker xmlid:kenig_hurknos
Isha Raa,37,tr_1_tl_23,untagged speaker (named),NOA,label 'קעניג' matches cast role,קעניג: גענוג קיין וַוארְט ווייטֶער! צֶער,tag speaker xmlid:kenig_hurknos
Isha Raa,37,tr_1_tl_26,untagged speaker (collective),AUTO,collective 'אלע' — no speaker span,אלע: יְחִי הַמֶלֶך! הִידְד! (מֶען הֶעבּט,tag speaker xmlid:alle
Isha Raa,38,tr_1_tl_37,untagged speaker (unknown),NOA,turn-like 'חנוד' not in cast (OCR?),חנוד: אַלץ דאס אייגֶענֶע אוּנְד וִויעדֶע,fix OCR / link to a cast xmlid
Isha Raa,40,tr_1_tl_41,untagged speaker (unknown),NOA,turn-like 'אינטיגוס' not in cast (OCR?),אינטיגוס: וואָס קִימֶערְט מִיך וואָס עֶר,fix OCR / link to a cast xmlid
Isha Raa,44,l_1,untagged speaker (named),NOA,label 'פרע' matches cast role,פרע: אֵיין אשה רעה!.... יאָ דאָס בּיזט ד,tag speaker xmlid:perets
Isha Raa,45,l_4,untagged speaker (named),NOA,label 'פרע' matches cast role,"פרע: פּאוואליע! דֶערְהרְגֶע מִיך נִישְט,",tag speaker xmlid:perets
Isha Raa,46,tr_1_tl_11,untagged speaker (named),NOA,label 'פרע' matches cast role,פרע: שאט קאטשקעס!... לָאזְט מִיך אוִיסרע,tag speaker xmlid:perets
Isha Raa,46,tr_1_tl_24,untagged speaker (named),NOA,label 'פרע' matches cast role,פרע: אִיך גֶעדֶענְק שׁוֹין נִיט וָואס דֶ,tag speaker xmlid:perets
Isha Raa,46,l_1,untagged speaker (named),NOA,label 'פרע' matches cast role,"פרע: גֶעדֶענְק אִיך שׁוֹין אוֹיך נִיט, א",tag speaker xmlid:perets
Isha Raa,47,tr_1_tl_18,untagged speaker (named),NOA,label 'פרע' matches cast role,פרע: וֶוער עֶר אִיז פוּן וואַנען עֶר אִי,tag speaker xmlid:perets
Isha Raa,47,tr_1_tl_25,untagged speaker (unknown),NOA,turn-like 'ה' not in cast (OCR?),"ה: אָה הֶערְרִין, נָאך אִיזְט עֶס צַייט,",fix OCR / link to a cast xmlid
Isha Raa,47,l_1,untagged speaker (named),NOA,label 'פרע' matches cast role,פרע: אַרויס מיט'ן אב.,tag speaker xmlid:perets
Isha Raa,47,tr_1_tl_27,untagged speaker (collective),AUTO,collective 'ביידע' — no speaker span,"ביידע: דֶעם אָמת, זאָג דֶעם אמְת.",tag speaker xmlid:beyde
Isha Raa,48,tr_1_tl_4,untagged speaker (named),NOA,label 'פרע' matches cast role,פרע: דאָס יאָ!,tag speaker xmlid:perets
Isha Raa,48,tr_1_tl_9,untagged speaker (unknown),NOA,turn-like 'פרי' not in cast (OCR?),פרי: אַז.,fix OCR / link to a cast xmlid
Isha Raa,48,tr_1_tl_11,untagged speaker (named),NOA,label 'פרע' matches cast role,פרע: מוֹרָא? גָאט אִיז מִיט דִיר! אויבּ ,tag speaker xmlid:perets
Isha Raa,48,tr_1_tl_14,untagged speaker (named),NOA,label 'פרע' matches cast role,פרע: אִיך נָאר אִיך! אָט זֶעהסט דוּא עֶס,tag speaker xmlid:perets
Isha Raa,48,tr_1_tl_18,untagged speaker (named),NOA,label 'פרע' matches cast role,פרע: אַ מִיתה משוּנה! פוּן דֶעסטוועגֶען ,tag speaker xmlid:perets
Isha Raa,49,tr_1_tl_10,untagged speaker (collective),AUTO,collective 'ביידע' — no speaker span,ביידע: אַ מאן ליעבּען כּבוד עהרֶע,tag speaker xmlid:beyde
Isha Raa,50,l_5,untagged speaker (named),NOA,label 'וועכטער' matches cast role,וועכטער: הֶע בּורשע וֶוער בּיזט דוּא?,tag speaker xmlid:wechtter
Isha Raa,50,l_4,untagged speaker (named),NOA,label 'וועכטער' matches cast role,וועכטער: אוּנד וואָס זוּכסט דוּא הִיעֶר ,tag speaker xmlid:wechtter
Isha Raa,50,l_2,untagged speaker (named),NOA,label 'וועכטער' matches cast role,וועכטער: ווילְסט דִיעזֶען בּלינדען פִיהר,tag speaker xmlid:wechtter
Isha Raa,50,l,untagged speaker (named),NOA,label 'וועכטער' matches cast role,וועכטער: אוּנד וַוייסְט דוּא וֶוער דִיעז,tag speaker xmlid:wechtter
Isha Raa,51,tr_1_tl_2,untagged speaker (named),NOA,label 'וועכטער' matches cast role,וועכטער: האָסְט אִיהם שאן אַמאל גֶעזֶעהֶ,tag speaker xmlid:wechtter
Isha Raa,51,tr_1_tl_5,untagged speaker (named),NOA,label 'וועכטער' matches cast role,וועכטער: דוּא וויינְסְט? דוּא שַׁיינְסט ,tag speaker xmlid:wechtter
Isha Raa,51,tr_1_tl_12,untagged speaker (named),NOA,label 'וועכטער' matches cast role,וועכטער: אִינְטֶערֶעסִיערְט דִיך זַיין א,tag speaker xmlid:wechtter
Isha Raa,51,tr_1_tl_18,untagged speaker (named),NOA,label 'וועכטער' matches cast role,וועכטער: אַלזא דוּא ווילְסט זַיין פִיהרֶ,tag speaker xmlid:wechtter
Isha Raa,51,tr_1_tl_32,untagged speaker (named),NOA,label 'וועכטער' matches cast role,וועכטער: נִיכְט נוּר אויִס עֶס געפענגניס,tag speaker xmlid:wechtter
Isha Raa,52,l_1,untagged speaker (named),NOA,label 'וועכטער' matches cast role,וועכטער: עֶס אִיזְט אֵיין קנאבּע וֶועלְכ,tag speaker xmlid:wechtter
Isha Raa,52,tr_1_tl_5,untagged speaker (named),NOA,label 'וועכטער' matches cast role,וועכטער: דֶער קנאבּע וִויל דַיין פִיהרֶע,tag speaker xmlid:wechtter
Isha Raa,53,tr_1_tl_7,untagged speaker (unknown),NOA,turn-like 'אבנד' not in cast (OCR?),אבנד: וֶועלְכֶע שׁטִימֶע?,fix OCR / link to a cast xmlid
Isha Raa,54,tr_1_tl_5,untagged speaker (collective),AUTO,collective 'קאהר' — no speaker span,קאהר: וואַכט אוֹיף וואכט אוֹיף צוּם קאמפ,tag speaker xmlid:chor
Isha Raa,54,tr_1_tl_17,untagged speaker (collective),AUTO,collective 'קאהר' — no speaker span,קאהר: בעשטירמען...,tag speaker xmlid:chor
Isha Raa,54,tr_1_tl_23,untagged speaker (collective),AUTO,collective 'קאהר' — no speaker span,קאהר: אַלע פרִישׁ מִיט מוּטה — זִיעגֶער ,tag speaker xmlid:chor
Isha Raa,55,tr_1_tl_15,untagged speaker (collective),AUTO,collective 'אלע' — no speaker span,אלע: אַבּנר אוּנד ראכֶע!,tag speaker xmlid:alle
Isha Raa,55,tr_1_tl_32,untagged speaker (collective),AUTO,collective 'ביידע' — no speaker span,ביידע: פעריאָגט זִינְד וִויר - אוֹיף דֶע,tag speaker xmlid:beyde
Isha Raa,55,tr_1_tl_37,untagged speaker (collective),AUTO,collective 'ביידע' — no speaker span,ביידע: שֶׁענְקט אַ נדבה דֶעם גֶעוֶועזֶענ,tag speaker xmlid:beyde
Isha Raa,55,tr_1_tl_45,untagged speaker (collective),AUTO,collective 'ביידע' — no speaker span,ביידע: דֶעם רֶעטֶער פָאן דֶעם פאטֶערְלַא,tag speaker xmlid:beyde
Isha Raa,57,tr_1_tl_27,untagged speaker (unknown),NOA,turn-like 'שלומי' not in cast (OCR?),שלומי: דוּא בּיזט עֶס? תלמי!,fix OCR / link to a cast xmlid
Isha Raa,59,tr_1_tl_21,untagged speaker (collective),AUTO,collective 'ביידע' — no speaker span,ביידע: וואָס זאגסט דוּא?,tag speaker xmlid:beyde
Isha Raa,59,tr_1_tl_23,untagged speaker (collective),AUTO,collective 'ביידע' — no speaker span,ביידע: איין פיינדלינג,tag speaker xmlid:beyde
Isha Raa,—,role:wechtter,unreferenced cast,NOA,declared in cast_dict but never used by any speaker,wechtter,verify the role is real / find its speeches
Kidush Hashem,1,line_1644617903098_2305,schema violation,NOA,unknown tag 'Header',קדוש,fix per schema
Kidush Hashem,1,line_1644617903098_2305,schema violation,NOA,unknown tag 'Header', הַשֵׁ,fix per schema
Kidush Hashem,1,r1l7,schema violation,NOA,unknown tag 'Header',אפֶערֶעטֶע אִין 5 א,fix per schema
Kidush Hashem,1,r1l8,schema violation,NOA,unknown tag 'Header',פוּן,fix per schema
Kidush Hashem,1,r1l9,schema violation,NOA,unknown tag 'Header',יאזֶעף לאטַיינֶ,fix per schema
Kidush Hashem,5,r1l1,schema violation,NOA,unknown tag 'Header',קִדוּש הַשֵׁ,fix per schema
Kidush Hashem,5,r1l2,schema violation,NOA,unknown tag 'Header',אָפֶערֶעטֶע אִין פִֿינְף,fix per schema
Kidush Hashem,6,r1l1,schema violation,NOA,unknown tag 'Header',פערזאנען:,fix per schema
Kidush Hashem,7,r3l8,schema violation,NOA,unknown tag 'Header',ערְשׁטֶער אַ,fix per schema
Kidush Hashem,8,r1l2,schema violation,NOA,speaker span requires xmlid attribute (link to a role xml:id),טאביאס,fix per schema
Kidush Hashem,8,r1l4,schema violation,NOA,speaker span requires xmlid attribute (link to a role xml:id),טאביאס:,fix per schema
Kidush Hashem,8,r1l9,schema violation,NOA,unknown tag 'textStyle',בּסעלע שִׁ,fix per schema
Kidush Hashem,12,r1l9,untagged speaker (unknown),NOA,turn-like 'פיקאלע' not in cast (OCR?),פיקאלע: דֶער גרַאף הָאט דָאך נִישְט מֶעה,fix OCR / link to a cast xmlid
Kidush Hashem,13,r1l8,untagged speaker (unknown),NOA,turn-like 'איזראעל' not in cast (OCR?),"איזראעל :) גִיבּ מִיר דַיין הַאנְד, מַיִ",fix OCR / link to a cast xmlid
Kidush Hashem,22,r1l7,untagged speaker (unknown),NOA,turn-like 'בראווא' not in cast (OCR?),בראווא: דאָס אִיז גֶעווֶען אַ קוּנסטפוּל,fix OCR / link to a cast xmlid
Kidush Hashem,25,r1l26,schema violation,NOA,stage span requires a type attribute (no bare stage),פאָרהאַנג פאלְט.,fix per schema
Kidush Hashem,25,r1l27,schema violation,NOA,stage span requires a type attribute (no bare stage),עֶנְדֶע דֶער ערְשׁטֶער אַקְט.,fix per schema
Kidush Hashem,26,r1l5,schema violation,NOA,unknown attrs on head: ['unit-type'],צווייטֶער אַ,fix per schema
Kidush Hashem,28,r1l2,schema violation,NOA,stage span requires a type attribute (no bare stage),פֿערוואנדלונג,fix per schema
Kidush Hashem,31,r1l2,schema violation,NOA,stage span requires a type attribute (no bare stage),פֶערוואנְדְלונְג.,fix per schema
Kidush Hashem,32,r1l29,untagged speaker (named),NOA,label 'יוליע' matches cast role,"יוליע: הָאט עֶר עֶס פֶערְלוִירֶען, צִי ה",tag speaker xmlid:yulye
Kidush Hashem,32,r1l30,untagged speaker (named),NOA,label 'טאביאס' matches cast role,"טאביאס: סאִיז פשוט אַ רֶעטזֶעל, וואָס עֶ",tag speaker xmlid:tobyas
Kidush Hashem,42,r1l12,schema violation,NOA,unknown tag 'textStyle',ן. ,fix per schema
Kidush Hashem,45,r1l4,schema violation,NOA,unknown tag 'textStyle',גוּטע,fix per schema
Kidush Hashem,46,r1l40,schema violation,NOA,stage span requires a type attribute (no bare stage),פאָרהאַנג פאלְט.,fix per schema
Kidush Hashem,46,r1l41,schema violation,NOA,stage span requires a type attribute (no bare stage),עֶנְדֶע דֶער צווייטֶער אַקְט.,fix per schema
Kidush Hashem,47,r2l1,schema violation,NOA,unknown attrs on head: ['unit-type'],דרִיטֶער אַק,fix per schema
Kidush Hashem,51,r1l22,schema violation,NOA,stage span requires a type attribute (no bare stage),פאָרהאַנג פאלְט.,fix per schema
Kidush Hashem,51,r1l23,schema violation,NOA,stage span requires a type attribute (no bare stage),עֶנְדֶע דֶער דרִיטֶער אַקְט.,fix per schema
Kidush Hashem,52,r1l2,schema violation,NOA,unknown attrs on head: ['unit-type'],פִירְטֶער אַ,fix per schema
Kidush Hashem,57,r1l4,untagged speaker (named),NOA,label 'מענדעס' matches cast role,"מענדעס: אַלזא אִין גאטֶעס נָאמֶען, קוּם!",tag speaker xmlid:mendes
Kidush Hashem,57,r1l22,schema violation,NOA,stage span requires a type attribute (no bare stage),פאָרהאַנג פאלְט.,fix per schema
Kidush Hashem,58,r1l2,schema violation,NOA,stage span requires a type attribute (no bare stage),פֶערוואנְדְלונְג,fix per schema
Kidush Hashem,65,r1l22,schema violation,NOA,stage span requires a type attribute (no bare stage),פאָרהאַנג פאלְט.,fix per schema
Kidush Hashem,65,r1l23,schema violation,NOA,stage span requires a type attribute (no bare stage),עֶנְדֶע דֶער פֿירטער אַקְט.,fix per schema
Kidush Hashem,66,r1l2,schema violation,NOA,unknown attrs on head: ['unit-type'],פִינְפטֶער אַ,fix per schema
Kidush Hashem,70,r1l5,schema violation,NOA,unknown tag 'textStyle',טו,fix per schema
Kidush Hashem,74,r1l4,schema violation,NOA,stage span requires a type attribute (no bare stage),פֶערוואנְדְלונְג.,fix per schema
Kidush Hashem,75,r1l23,schema violation,NOA,stage span requires a type attribute (no bare stage),פאָרהאַנג פאלְט.,fix per schema
Kidush Hashem,75,r1l24,schema violation,NOA,stage span requires a type attribute (no bare stage),עֶנְדֶע דֶער פּיעססע.,fix per schema
Mishke Mashke,1,line_1638099098543_145,schema violation,NOA,unknown tag 'add',ל,fix per schema
Mishke Mashke,1,line_1638099101892_150,schema violation,NOA,unknown tag 'Header',מִישְׁקֶע אוּן מָאשְׁקֶע,fix per schema
Mishke Mashke,1,line_1638099166315_225,schema violation,NOA,unknown tag 'Header',אָדָעֶר,fix per schema
Mishke Mashke,1,line_1638099166315_225,schema violation,NOA,unknown tag 'unclear',אָדָעֶר,fix per schema
Mishke Mashke,1,line_1638099111567_160,schema violation,NOA,unknown tag 'Header',אֵיירָאפֶּעעֶר אִין אַמֶעְרִיקַא.,fix per schema
Mishke Mashke,1,line_1638099115015_165,schema violation,NOA,unknown tag 'unclear',קָאמֶעְדיֶע,fix per schema
Mishke Mashke,2,line_1638099521897_403,schema violation,NOA,unknown tag 'unclear',נִיט,fix per schema
Mishke Mashke,2,line_1638099524962_408,schema violation,NOA,unknown tag 'unclear',נִיט,fix per schema
Mishke Mashke,3,line_1638099694857_528,schema violation,NOA,unknown tag 'Header',מִישְׁקֶע אוּן מָאשְׁקֶע,fix per schema
Mishke Mashke,3,line_1638099699136_533,schema violation,NOA,unknown tag 'Header',אָדֶער,fix per schema
Mishke Mashke,3,line_1638099708444_542,schema violation,NOA,unknown tag 'Header',אֵיירָאפֶּעעֶר אִין אַמֶעְרִיקַא.,fix per schema
Mishke Mashke,3,line_1638099712350_547,schema violation,NOA,unknown tag 'Header',אַ קָאמֶעְדיֶע אִין 5 אַקְטֶען.,fix per schema
Mishke Mashke,3,line_1638099712350_547,schema violation,NOA,unknown tag 'unclear',קָאמֶעְדיֶע,fix per schema
Mishke Mashke,4,line_1638100007471_710,schema violation,NOA,unknown tag 'textStyle',II. 42.3098,fix per schema
Mishke Mashke,4,line_1638100086994_755,schema violation,NOA,unknown tag 'Header',פערזאנען:,fix per schema
Mishke Mashke,4,line_1638100090700_760,schema violation,NOA,unknown tag 'unclear',בּאַנקיִר,fix per schema
Mishke Mashke,4,line_1638100094172_765,schema violation,NOA,unknown tag 'unclear',מאנקאדזשאו,fix per schema
Mishke Mashke,4,line_1638100119225_785,schema violation,NOA,unknown tag 'unclear',גֶעלִיִעבְּטֶעֶ,fix per schema
Mishke Mashke,4,line_1638100123958_790,schema violation,NOA,unknown tag 'unclear',פעֶטעֶר,fix per schema
Mishke Mashke,4,line_1638100131460_795,schema violation,NOA,unknown tag 'unclear',מישקע,fix per schema
Mishke Mashke,4,line_1638100137660_800,schema violation,NOA,unknown tag 'unclear',אַמעֲריקאַנישעֶר,fix per schema
Mishke Mashke,4,line_1638100137660_800,schema violation,NOA,unknown tag 'unclear',בַּאַנְקיִר,fix per schema
Mishke Mashke,4,line_1638100145373_805,schema violation,NOA,unknown tag 'unclear',שאַרלאָטאַ'ס,fix per schema
Mishke Mashke,4,line_1638100145373_805,schema violation,NOA,unknown tag 'unclear',גוטעֶ,fix per schema
Mishke Mashke,4,line_1638100145373_805,schema violation,NOA,unknown tag 'unclear',נדיִן,fix per schema
Mishke Mashke,4,line_1638100149342_810,schema violation,NOA,unknown tag 'unclear',פּאַסאַזשירעֶן,fix per schema
Mishke Mashke,5,line_1638100303101_903,schema violation,NOA,unknown tag 'Header',עֶרשְׁטֶער א,fix per schema
Mishke Mashke,5,line_1638100306226_908,schema violation,NOA,unknown tag 'unclear',בּיִסינג'ס,fix per schema
Mishke Mashke,5,line_1638100306226_908,schema violation,NOA,unknown tag 'unclear',שׁטֶעלְט,fix per schema
Mishke Mashke,5,line_1638100306226_908,schema violation,NOA,unknown tag 'unclear',בּיִהנע,fix per schema
Mishke Mashke,5,line_1638100316895_913,schema violation,NOA,unknown tag 'unclear',מייַן,fix per schema
Mishke Mashke,5,line_1638100322114_918,schema violation,NOA,unknown tag 'unclear',מייַן,fix per schema
Mishke Mashke,5,line_1638100326555_923,schema violation,NOA,unknown tag 'unclear',קייַן,fix per schema
Mishke Mashke,5,line_1638100342743_933,schema violation,NOA,unknown tag 'unclear',פייַנדע,fix per schema
Mishke Mashke,5,line_1638100342743_933,schema violation,NOA,unknown tag 'unclear',מֵייַנֶע,fix per schema
Mishke Mashke,5,line_1638100348444_938,schema violation,NOA,unknown tag 'unclear',מייַן,fix per schema
Mishke Mashke,5,line_1638100348444_938,schema violation,NOA,unknown tag 'unclear',ֵיין,fix per schema
Mishke Mashke,5,line_1638100353749_943,schema violation,NOA,unknown tag 'unclear',בְּלַייַבֶּען,fix per schema
Mishke Mashke,5,line_1638100353749_943,schema violation,NOA,unknown tag 'unclear',מֵייַנֶע,fix per schema
Mishke Mashke,5,line_1638100353749_943,schema violation,NOA,unknown tag 'unclear',היִער,fix per schema
Mishke Mashke,5,line_1638100353749_943,schema violation,NOA,unknown tag 'unclear',קייַן,fix per schema
Mishke Mashke,5,line_1638100353749_943,schema violation,NOA,unknown tag 'unclear',אַבּער,fix per schema
Mishke Mashke,5,line_1638100358687_948,schema violation,NOA,unknown tag 'unclear',הִיער,fix per schema
Mishke Mashke,5,line_1638100358687_948,schema violation,NOA,unknown tag 'unclear',אַבּער,fix per schema
Mishke Mashke,5,line_1638100362868_953,schema violation,NOA,unknown tag 'unclear',נֵיי,fix per schema
Mishke Mashke,5,line_1638100368611_958,schema violation,NOA,unknown tag 'unclear',נייַ,fix per schema
Mishke Mashke,5,line_1638100376104_968,schema violation,NOA,stage span requires a type attribute (no bare stage),מאָנקאַדזשאו פון הינטער די קוליסען פייַפט,fix per schema
Mishke Mashke,5,line_1638100376104_968,schema violation,NOA,unknown tag 'unclear',מאָנקאַדזשאו,fix per schema
Mishke Mashke,5,line_1638100376104_968,schema violation,NOA,unknown tag 'unclear',פייַפט,fix per schema
Mishke Mashke,5,line_1638100386376_973,schema violation,NOA,unknown tag 'unclear',בּייַ,fix per schema
Mishke Mashke,5,line_1638100392044_978,schema violation,NOA,stage span requires a type attribute (no bare stage), (אויפטריט דיענ,fix per schema
Mishke Mashke,5,line_1638100392044_978,schema violation,NOA,unknown tag 'unclear',בּייַ,fix per schema
Mishke Mashke,5,line_1638100402130_988,schema violation,NOA,unknown tag 'unclear',מאָנקאַדזשאוּ,fix per schema
Mishke Mashke,5,line_1638100408497_993,schema violation,NOA,unknown tag 'unclear',מאָנקאַדזשאוּ,fix per schema
Mishke Mashke,5,line_1638100408497_993,schema violation,NOA,unknown tag 'unclear',בּייַ,fix per schema
Mishke Mashke,5,line_1638100422575_1003,schema violation,NOA,unknown tag 'unclear',פייַפט,fix per schema
Mishke Mashke,5,line_1638100422575_1003,schema violation,NOA,unknown tag 'unclear',שיַיַנט,fix per schema
Mishke Mashke,5,line_1638100426085_1008,schema violation,NOA,unknown tag 'unclear',זייַן,fix per schema
Mishke Mashke,5,line_1638100432814_1013,schema violation,NOA,stage span requires a type attribute (no bare stage), (דיענער אָ,fix per schema
Mishke Mashke,5,line_1638100432814_1013,schema violation,NOA,unknown tag 'unclear',מייַן,fix per schema
Mishke Mashke,5,line_1638100440879_1023,schema violation,NOA,unknown tag 'unclear',הִיער,fix per schema
Mishke Mashke,5,line_1638100445226_1028,schema violation,NOA,stage span requires a type attribute (no bare stage),אויפטריט מאָנקאַדושאו,fix per schema
Mishke Mashke,5,line_1638100445226_1028,schema violation,NOA,unknown tag 'unclear',מאָנקאַדושאו,fix per schema
Mishke Mashke,5,line_1638100454748_1033,schema violation,NOA,unknown tag 'unclear',מאנקאדזשאו,fix per schema
Mishke Mashke,5,line_1638100454748_1033,schema violation,NOA,unknown tag 'unclear',הִיער,fix per schema
Mishke Mashke,5,line_1638100464094_1038,schema violation,NOA,unknown tag 'unclear',מאָנקאַדזשאוּ,fix per schema
Mishke Mashke,5,line_1638100464094_1038,schema violation,NOA,unknown tag 'unclear',בּייַ,fix per schema
Mishke Mashke,6,line_1638100585540_1176,schema violation,NOA,unknown tag 'unclear',מאנקאדזשאו,fix per schema
Mishke Mashke,6,line_1638100597631_1186,schema violation,NOA,unknown tag 'unclear',פוֹילְענדער,fix per schema
Mishke Mashke,6,line_1638100605809_1191,schema violation,NOA,unknown tag 'unclear',מאנקאדזשאו,fix per schema
Mishke Mashke,6,line_1638100605809_1191,schema violation,NOA,unknown tag 'unclear',ווייַל,fix per schema
Mishke Mashke,6,line_1638100610071_1196,schema violation,NOA,unknown tag 'unclear',אַיינֶע,fix per schema
Mishke Mashke,6,line_1638100615712_1201,schema violation,NOA,unknown tag 'unclear',וֵוייַטֶער,fix per schema
Mishke Mashke,6,line_1638100615712_1201,schema violation,NOA,unknown tag 'unclear',הַייטֶע,fix per schema
Mishke Mashke,6,line_1638100628080_1211,schema violation,NOA,unknown tag 'unclear',הַייטֶע,fix per schema
Mishke Mashke,6,line_1638100635890_1216,schema violation,NOA,unknown tag 'unclear',מאנקאדזשאו,fix per schema
Mishke Mashke,6,line_1638100642911_1221,schema violation,NOA,unknown tag 'unclear',אוּמפערשעמטהייַט,fix per schema
Mishke Mashke,6,line_1638100651253_1226,schema violation,NOA,unknown tag 'unclear',מאנקאדזשאו,fix per schema
Mishke Mashke,6,line_1638100654875_1231,schema violation,NOA,unknown tag 'unclear',שנאַפּס,fix per schema
Mishke Mashke,6,line_1638100674089_1251,schema violation,NOA,unknown tag 'unclear',מאָנקאַדזשאוּ,fix per schema
Mishke Mashke,6,line_1638100692936_1256,schema violation,NOA,unknown tag 'unclear',מאנקאדזשאו,fix per schema
Mishke Mashke,6,line_1638100692936_1256,schema violation,NOA,unknown tag 'unclear',זַייטֶ,fix per schema
Mishke Mashke,6,line_1638100706762_1271,schema violation,NOA,unknown tag 'unclear',אֵיינע,fix per schema
Mishke Mashke,6,line_1638100977171_1315,schema violation,NOA,unknown tag 'unclear',מאָנקאַדזשאוּ,fix per schema
Mishke Mashke,6,line_1638101035222_1320,schema violation,NOA,unknown tag 'unclear',מאנקאדזשאו,fix per schema
Mishke Mashke,6,line_1638101035222_1320,schema violation,NOA,unknown tag 'unclear',מאָנקאַדזשאוּ,fix per schema
Mishke Mashke,6,line_1638101533560_1325,schema violation,NOA,unknown tag 'unclear',מאָנקאַדזשאוּ,fix per schema
Mishke Mashke,6,line_1638101533560_1325,schema violation,NOA,unknown tag 'unclear',אַיינע,fix per schema
Mishke Mashke,6,line_1638101533560_1325,schema violation,NOA,unknown tag 'unclear',שאַרפע,fix per schema
Mishke Mashke,6,line_1638101538553_1330,schema violation,NOA,unknown tag 'unclear',טאַשען,fix per schema
Mishke Mashke,6,line_1638101538553_1330,schema violation,NOA,unknown tag 'unclear',טאַשע,fix per schema
Mishke Mashke,6,line_1638101563913_1345,schema violation,NOA,unknown tag 'unclear',מאנקאדזשאו,fix per schema
Mishke Mashke,6,line_1638101563913_1345,schema violation,NOA,unknown tag 'unclear',זייַט,fix per schema
Mishke Mashke,6,line_1638101583604_1350,schema violation,NOA,unknown tag 'unclear',הֵייַטֶע,fix per schema
Mishke Mashke,6,line_1638101592004_1360,schema violation,NOA,unknown tag 'unclear',מאָנקאַדזשאוּ,fix per schema
Mishke Mashke,6,line_1638101598016_1365,schema violation,NOA,unknown tag 'unclear',מאנקאדזשאו,fix per schema
Mishke Mashke,6,line_1638101600914_1370,schema violation,NOA,unknown tag 'unclear',בּלייַבּ,fix per schema
Mishke Mashke,6,line_1638101613585_1380,schema violation,NOA,unknown tag 'unclear',מאנקאדזשאו,fix per schema
Mishke Mashke,6,line_1638101622874_1390,schema violation,NOA,unknown tag 'unclear',שיַיַנט,fix per schema
Mishke Mashke,6,line_1638101631985_1400,schema violation,NOA,unknown tag 'unclear',הֶערְר,fix per schema
Mishke Mashke,6,line_1638101800379_1569,schema violation,NOA,unknown tag 'unclear',העָרר,fix per schema
Mishke Mashke,6,line_1638101909474_1589,schema violation,NOA,unknown tag 'unclear',ציַיַט,fix per schema
Mishke Mashke,6,line_1638101965512_1599,schema violation,NOA,unknown tag 'unclear',רייַכער,fix per schema
Mishke Mashke,6,line_1638101965512_1599,schema violation,NOA,unknown tag 'unclear',היִרהעָר,fix per schema
Mishke Mashke,6,line_1638101965512_1599,schema violation,NOA,unknown tag 'unclear',מֵייַנֶער,fix per schema
Mishke Mashke,6,line_1638101968470_1604,schema violation,NOA,unknown tag 'unclear',געשטאָרבּען,fix per schema
Mishke Mashke,6,line_1638101968470_1604,schema violation,NOA,unknown tag 'unclear',הֵייַטֶע,fix per schema
Mishke Mashke,6,line_1638101971588_1609,schema violation,NOA,unknown tag 'unclear',מייַן,fix per schema
Mishke Mashke,6,line_1638101974987_1614,schema violation,NOA,unknown tag 'unclear',הֵייַטֶע,fix per schema
Mishke Mashke,6,line_1638101994142_1629,schema violation,NOA,unknown tag 'unclear',מאנקאדזשאו,fix per schema
Mishke Mashke,6,line_1638101998446_1634,schema violation,NOA,unknown tag 'unclear',לֶעגט,fix per schema
Mishke Mashke,6,line_1638102004766_1644,schema violation,NOA,unknown tag 'unclear',אֵיינֶע,fix per schema
Mishke Mashke,6,line_1638102119162_1659,schema violation,NOA,unknown tag 'unclear',מייַן,fix per schema
Mishke Mashke,6,line_1638102127963_1669,schema violation,NOA,unknown tag 'unclear',מאנקאדזשאו,fix per schema
Mishke Mashke,6,line_1638102179591_1684,schema violation,NOA,unknown tag 'unclear',מאנקאדזשאו,fix per schema
Mishke Mashke,6,line_1638102252726_1694,schema violation,NOA,unknown tag 'unclear',מאנקאדזשאו,fix per schema
Mishke Mashke,6,line_1638102288043_1699,schema violation,NOA,unknown tag 'unclear',עטאַזש,fix per schema
Mishke Mashke,6,line_1638102288043_1699,schema violation,NOA,unknown tag 'unclear',דרייַ,fix per schema
Mishke Mashke,6,line_1638102294204_1704,schema violation,NOA,unknown tag 'unclear',שׁאָן,fix per schema
Mishke Mashke,6,line_1638102299453_1709,schema violation,NOA,unknown tag 'unclear',גֶעוִויס,fix per schema
Mishke Mashke,6,line_1638102299453_1709,schema violation,NOA,unknown tag 'unclear',שׁאָן,fix per schema
Mishke Mashke,6,line_1638102303103_1714,schema violation,NOA,unknown tag 'unclear',גֶעוִויִס,fix per schema
Mishke Mashke,6,line_1638102305642_1719,schema violation,NOA,unknown tag 'unclear',גֶעהן,fix per schema
Mishke Mashke,6,line_1638102311845_1724,schema violation,NOA,unknown tag 'unclear',מאנקאדזשאו,fix per schema
Mishke Mashke,6,line_1638102311845_1724,schema violation,NOA,unknown tag 'unclear',טַאַשֶׁע,fix per schema
Mishke Mashke,6,line_1638102328118_1739,schema violation,NOA,unknown tag 'unclear',מאנקאדזשאו,fix per schema
Mishke Mashke,6,line_1638102338076_1749,schema violation,NOA,unknown tag 'unclear',העָרר,fix per schema
Mishke Mashke,7,line_1638102565038_1924,schema violation,NOA,unknown tag 'unclear',מאָנקאַדזשאוּ,fix per schema
Mishke Mashke,7,line_1638102588997_1938,schema violation,NOA,unknown tag 'unclear',מאנקאדזשאו,fix per schema
Mishke Mashke,7,line_1638102592853_1943,schema violation,NOA,unknown tag 'unclear',דֶער,fix per schema
Mishke Mashke,7,line_1638102636225_1970,schema violation,NOA,unknown tag 'unclear',מאנקאדזשאו,fix per schema
Mishke Mashke,7,line_1638102636225_1970,schema violation,NOA,unknown tag 'unclear',הייַסט,fix per schema
Mishke Mashke,7,line_1638102640621_1975,schema violation,NOA,unknown tag 'unclear',וֵוייַטֶער,fix per schema
Mishke Mashke,7,line_1638102646236_1980,schema violation,NOA,unknown tag 'unclear',מאָנקאַדזשאוּ,fix per schema
Mishke Mashke,7,line_1638102651011_1985,schema violation,NOA,unknown tag 'unclear',בְּלַייַבֶּען,fix per schema
Mishke Mashke,7,line_1638102651011_1985,schema violation,NOA,unknown tag 'unclear',בּייַם,fix per schema
Mishke Mashke,7,line_1638102651011_1985,schema violation,NOA,unknown tag 'unclear',בּייַ,fix per schema
Mishke Mashke,7,line_1638102657213_1990,schema violation,NOA,unknown tag 'unclear',מאָנקאַדזשאוּ,fix per schema
Mishke Mashke,7,line_1638102657213_1990,schema violation,NOA,unknown tag 'unclear',בּייַם,fix per schema
Mishke Mashke,7,line_1638102657213_1990,schema violation,NOA,unknown tag 'unclear',בּייַ,fix per schema
Mishke Mashke,7,line_1638102670480_2000,schema violation,NOA,unknown tag 'unclear',שריַיַבּען,fix per schema
Mishke Mashke,7,line_1638102670480_2000,schema violation,NOA,unknown tag 'unclear',שריַיַבּט,fix per schema
Mishke Mashke,7,line_1638102670480_2000,schema violation,NOA,unknown tag 'unclear',שלאַק,fix per schema
Mishke Mashke,7,line_1638102679909_2005,schema violation,NOA,unknown tag 'unclear',אוּנטערשרייַכען,fix per schema
Mishke Mashke,7,line_1638102679909_2005,schema violation,NOA,unknown tag 'unclear',בּייַס,fix per schema
Mishke Mashke,7,line_1638102679909_2005,schema violation,NOA,unknown tag 'unclear',בּייַ,fix per schema
Mishke Mashke,7,line_1638102679909_2005,schema violation,NOA,unknown tag 'unclear',נִיט,fix per schema
Mishke Mashke,7,line_1638102691375_2010,schema violation,NOA,unknown tag 'unclear',דֶער,fix per schema
Mishke Mashke,7,line_1638102704257_2020,schema violation,NOA,unknown tag 'unclear',מאנקאדזשאו,fix per schema
Mishke Mashke,7,line_1638102722961_2035,schema violation,NOA,unknown tag 'unclear',שְׁלָאַפֶען,fix per schema
Mishke Mashke,7,line_1638102732580_2045,schema violation,NOA,unknown tag 'unclear',מאנקאדזשאו,fix per schema
Mishke Mashke,7,line_1638102744997_2055,schema violation,NOA,unknown tag 'unclear',שְׁלָאַפֶען,fix per schema
Mishke Mashke,7,line_1638102752926_2060,schema violation,NOA,unknown tag 'unclear',קייַן,fix per schema
Mishke Mashke,7,line_1638102752926_2060,schema violation,NOA,unknown tag 'unclear',בּייַ,fix per schema
Mishke Mashke,7,line_1638102757381_2065,schema violation,NOA,unknown tag 'unclear',וועקשטאָהלען,fix per schema
Mishke Mashke,7,line_1638102757381_2065,schema violation,NOA,unknown tag 'unclear',גֶעשֶׁעפטֶען,fix per schema
Mishke Mashke,7,line_1638102763889_2070,schema violation,NOA,unknown tag 'unclear',אוּמפערשעמטהייַט,fix per schema
Mishke Mashke,7,line_1638102763889_2070,schema violation,NOA,unknown tag 'unclear',מאָנקאַדזשאוּ,fix per schema
Mishke Mashke,7,line_1638102772068_2075,schema violation,NOA,unknown tag 'unclear',וִוילְסְט,fix per schema
Mishke Mashke,7,line_1638102784933_2080,schema violation,NOA,unknown tag 'unclear',מאנקאדזשאו,fix per schema
Mishke Mashke,7,line_1638102784933_2080,schema violation,NOA,unknown tag 'unclear',הייַסט,fix per schema
Mishke Mashke,7,line_1638102814894_2101,schema violation,NOA,unknown tag 'unclear',מאנקאדזשאו,fix per schema
Mishke Mashke,7,line_1638102814894_2101,schema violation,NOA,unknown tag 'unclear',טיראַניש,fix per schema
Mishke Mashke,7,line_1638102824459_2106,schema violation,NOA,unknown tag 'unclear',קייַן,fix per schema
Mishke Mashke,7,line_1638102827768_2111,schema violation,NOA,unknown tag 'unclear',געבּראַטענע,fix per schema
Mishke Mashke,7,line_1638102827768_2111,schema violation,NOA,unknown tag 'unclear',אַיינע,fix per schema
Mishke Mashke,7,line_1638102910806_2170,schema violation,NOA,unknown tag 'unclear',מאנקאדזשאו,fix per schema
Mishke Mashke,7,line_1638102910806_2170,schema violation,NOA,unknown tag 'unclear',בּלייַבט,fix per schema
Mishke Mashke,7,line_1638102966597_2175,schema violation,NOA,unknown tag 'unclear',דֶער,fix per schema
Mishke Mashke,7,line_1638102969620_2180,schema violation,NOA,unknown tag 'unclear',וֵוייטֶער,fix per schema
Mishke Mashke,7,line_1638102969620_2180,schema violation,NOA,unknown tag 'unclear',אַיינֶע,fix per schema
Mishke Mashke,7,line_1638102969620_2180,schema violation,NOA,unknown tag 'unclear',אַיינֶע,fix per schema
Mishke Mashke,7,line_1638102969620_2180,schema violation,NOA,unknown tag 'unclear',דֶער,fix per schema
Mishke Mashke,7,line_1638102987102_2190,schema violation,NOA,unknown tag 'unclear',קֵייַנֶע,fix per schema
Mishke Mashke,7,line_1638102995654_2195,schema violation,NOA,unknown tag 'unclear',שְׁפְּרַאַכֶע,fix per schema
Mishke Mashke,7,line_1638102995654_2195,schema violation,NOA,unknown tag 'unclear',אַיינֶע,fix per schema
Mishke Mashke,7,line_1638103017733_2209,schema violation,NOA,unknown tag 'unclear',מאנקאדזשאו,fix per schema
Mishke Mashke,7,line_1638103017733_2209,schema violation,NOA,unknown tag 'unclear',שְׁפְּרַאַכֶע,fix per schema
Mishke Mashke,7,line_1638103017733_2209,schema violation,NOA,unknown tag 'unclear',אַיינע,fix per schema
Mishke Mashke,7,line_1638103017733_2209,schema violation,NOA,unknown tag 'unclear',אַיינֶע,fix per schema
Mishke Mashke,7,line_1638103026627_2219,schema violation,NOA,unknown tag 'unclear',מאַרש,fix per schema
Mishke Mashke,7,line_1638103035187_2224,schema violation,NOA,unknown tag 'unclear',מאנקאדזשאו,fix per schema
Mishke Mashke,7,line_1638103035187_2224,schema violation,NOA,unknown tag 'unclear',גֶעהן,fix per schema
Mishke Mashke,7,line_1638103035187_2224,schema violation,NOA,unknown tag 'unclear',מאַרש,fix per schema
Mishke Mashke,7,line_1638103035187_2224,schema violation,NOA,unknown tag 'unclear',מאַרש,fix per schema
Mishke Mashke,7,line_1638103254862_2234,schema violation,NOA,unknown tag 'unclear',זייַן,fix per schema
Mishke Mashke,7,line_1638103261832_2239,schema violation,NOA,unknown tag 'unclear',גֶעהן,fix per schema
Mishke Mashke,7,line_1638103268057_2244,schema violation,NOA,unknown tag 'unclear',מאנקאדזשאו,fix per schema
Mishke Mashke,7,line_1638103268057_2244,schema violation,NOA,unknown tag 'unclear',גֶעהן,fix per schema
Mishke Mashke,7,line_1638103284873_2259,schema violation,NOA,unknown tag 'unclear',וויִלְסְט,fix per schema
Mishke Mashke,7,line_1638103302999_2269,schema violation,NOA,unknown tag 'unclear',מאנקאדזשאו,fix per schema
Mishke Mashke,7,line_1638103302999_2269,schema violation,NOA,unknown tag 'unclear',גֶעהן,fix per schema
Mishke Mashke,7,line_1638103302999_2269,schema violation,NOA,unknown tag 'unclear',מייַן,fix per schema
Mishke Mashke,7,line_1638103310673_2274,schema violation,NOA,unknown tag 'unclear',מייַן,fix per schema
Mishke Mashke,7,line_1638103317103_2279,schema violation,NOA,unknown tag 'unclear',וֵוייַטֶער,fix per schema
Mishke Mashke,7,line_1638103317103_2279,schema violation,NOA,unknown tag 'unclear',אַהעֶר,fix per schema
Mishke Mashke,7,line_1638103325145_2284,schema violation,NOA,unknown tag 'unclear',שייַנט,fix per schema
Mishke Mashke,7,line_1638103325145_2284,schema violation,NOA,unknown tag 'unclear',שׁאָן,fix per schema
Mishke Mashke,7,line_1638103325145_2284,schema violation,NOA,unknown tag 'unclear',דֶער,fix per schema
Mishke Mashke,7,line_1638103332570_2289,schema violation,NOA,unknown tag 'unclear',מאנקאדזשאו,fix per schema
Mishke Mashke,7,line_1638103332570_2289,schema violation,NOA,unknown tag 'unclear',טיַיַפעל,fix per schema
Mishke Mashke,7,line_1638103332570_2289,schema violation,NOA,unknown tag 'unclear',דעַר,fix per schema
Mishke Mashke,7,line_1638103336179_2294,schema violation,NOA,unknown tag 'unclear',שְׁלאָגְט,fix per schema
Mishke Mashke,7,line_1638103359741_2314,schema violation,NOA,unknown tag 'unclear',מַיין,fix per schema
Mishke Mashke,7,line_1638103359741_2314,schema violation,NOA,unknown tag 'unclear',מייַן,fix per schema
Mishke Mashke,7,line_1638103359741_2314,schema violation,NOA,unknown tag 'unclear',דֶערְ,fix per schema
Mishke Mashke,7,line_1638103368366_2319,schema violation,NOA,unknown tag 'unclear',מאנקאדזשאו,fix per schema
Mishke Mashke,7,line_1638103368366_2319,schema violation,NOA,unknown tag 'unclear',דראַמאַטיש,fix per schema
Mishke Mashke,7,line_1638103383450_2329,schema violation,NOA,unknown tag 'unclear',וואַהרהייַט,fix per schema
Mishke Mashke,7,line_1638103399149_2344,schema violation,NOA,unknown tag 'unclear',הֵייַטֶע,fix per schema
Mishke Mashke,7,line_1638103399149_2344,schema violation,NOA,unknown tag 'unclear',דֶער,fix per schema
Mishke Mashke,7,line_1638103405830_2349,schema violation,NOA,unknown tag 'unclear',מאנקאדזשאו,fix per schema
Mishke Mashke,7,line_1638103405830_2349,schema violation,NOA,unknown tag 'unclear',שׁאָן,fix per schema
Mishke Mashke,7,line_1638103410397_2354,schema violation,NOA,unknown tag 'unclear',קייַן,fix per schema
Mishke Mashke,7,line_1638103410397_2354,schema violation,NOA,unknown tag 'unclear',שׁאָן,fix per schema
Mishke Mashke,8,line_1638103614714_2436,schema violation,NOA,unknown tag 'unclear',אַבּער,fix per schema
Mishke Mashke,8,line_1638103618356_2441,schema violation,NOA,unknown tag 'unclear',מִיַיַן,fix per schema
Mishke Mashke,8,line_1638103665825_2466,schema violation,NOA,unknown tag 'unclear',בּיַיַ,fix per schema
Mishke Mashke,8,line_1638103669881_2471,schema violation,NOA,unknown tag 'unclear',גֶעהן,fix per schema
Mishke Mashke,8,line_1638103690879_2491,schema violation,NOA,unknown tag 'unclear',קְיֵין,fix per schema
Mishke Mashke,8,line_1638103690879_2491,schema violation,NOA,unknown tag 'unclear',בְּיַיַ,fix per schema
Mishke Mashke,8,line_1638103696223_2496,schema violation,NOA,unknown tag 'unclear',מאנקאדזשאו,fix per schema
Mishke Mashke,8,line_1638103704216_2501,schema violation,NOA,unknown tag 'unclear',בַּיי,fix per schema
Mishke Mashke,8,line_1638103704216_2501,schema violation,NOA,unknown tag 'unclear',בַּיי,fix per schema
Mishke Mashke,8,line_1638103714287_2511,schema violation,NOA,unknown tag 'unclear',מאנקאדזשאוּ,fix per schema
Mishke Mashke,8,line_1638103714287_2511,schema violation,NOA,unknown tag 'unclear',שׁאָן,fix per schema
Mishke Mashke,8,line_1638103739941_2526,schema violation,NOA,unknown tag 'unclear',מייַן,fix per schema
Mishke Mashke,8,line_1638103743648_2531,schema violation,NOA,unknown tag 'unclear',זייַן,fix per schema
Mishke Mashke,8,line_1638103755418_2541,schema violation,NOA,unknown tag 'unclear',שטאַרבּט,fix per schema
Mishke Mashke,8,line_1638103755418_2541,schema violation,NOA,unknown tag 'unclear',מֵייַנֶע,fix per schema
Mishke Mashke,8,line_1638103763111_2546,schema violation,NOA,unknown tag 'unclear',געהן,fix per schema
Mishke Mashke,8,line_1638103769812_2551,schema violation,NOA,unknown tag 'unclear',מאנקאדזשאו,fix per schema
Mishke Mashke,8,line_1638103783364_2561,schema violation,NOA,unknown tag 'unclear',מאנקאדזשאו,fix per schema
Mishke Mashke,8,line_1638103783364_2561,schema violation,NOA,unknown tag 'unclear',שׁאָן,fix per schema
Mishke Mashke,8,line_1638103799811_2576,schema violation,NOA,unknown tag 'unclear',מאנקאדזשאו,fix per schema
Mishke Mashke,8,line_1638103799811_2576,schema violation,NOA,unknown tag 'unclear',שׁאָן,fix per schema
Mishke Mashke,8,line_1638103803146_2581,schema violation,NOA,unknown tag 'unclear',מיַיַנע,fix per schema
Mishke Mashke,8,line_1638103807254_2586,schema violation,NOA,unknown tag 'unclear',געשטאָרבּען,fix per schema
Mishke Mashke,8,line_1638103811733_2591,schema violation,NOA,unknown tag 'unclear',דריַיַ,fix per schema
Mishke Mashke,8,line_1638103811733_2591,schema violation,NOA,unknown tag 'unclear',שלאַק,fix per schema
Mishke Mashke,8,line_1638103811733_2591,schema violation,NOA,unknown tag 'unclear',שׁאָן,fix per schema
Mishke Mashke,8,line_1638103811733_2591,untagged speaker (named),NOA,label 'טאדט' matches cast role,"טאדט: אַיינְס, צְוֵויי, דריַיַ, — אונְד ",tag speaker xmlid:todt
Mishke Mashke,8,line_1638103822724_2601,schema violation,NOA,unknown tag 'unclear',מאנקאַדזשאוּ,fix per schema
Mishke Mashke,8,line_1638103822724_2601,schema violation,NOA,unknown tag 'unclear',שפּאַסען,fix per schema
Mishke Mashke,8,line_1638103822724_2601,schema violation,NOA,unknown tag 'unclear',קֵיין,fix per schema
Mishke Mashke,8,line_1638458493386_180,schema violation,NOA,unknown tag 'unclear',מאנקאדזשאו,fix per schema
Mishke Mashke,8,line_1638458512717_192,schema violation,NOA,unknown tag 'unclear',מאנקאדזשאו,fix per schema
Mishke Mashke,8,line_1638458512717_192,schema violation,NOA,unknown tag 'unclear',שטראַסע,fix per schema
Mishke Mashke,8,line_1638458517832_197,schema violation,NOA,unknown tag 'unclear',גֶעהט,fix per schema
Mishke Mashke,8,line_1638458522692_202,schema violation,NOA,unknown tag 'unclear',שטראַסע,fix per schema
Mishke Mashke,8,line_1638458528327_207,schema violation,NOA,unknown tag 'unclear',שטראַסען,fix per schema
Mishke Mashke,8,line_1638458528327_207,schema violation,NOA,unknown tag 'unclear',שטראַסע,fix per schema
Mishke Mashke,8,line_1638458540136_217,schema violation,NOA,unknown tag 'unclear',פאַהרען,fix per schema
Mishke Mashke,8,line_1638458569815_238,schema violation,NOA,unknown tag 'unclear',אוּנפראַקטישער,fix per schema
Mishke Mashke,8,line_1638458569815_238,schema violation,NOA,unknown tag 'unclear',מאנקאדזשאו,fix per schema
Mishke Mashke,8,line_1638458581295_248,schema violation,NOA,unknown tag 'unclear',זַיין,fix per schema
Mishke Mashke,8,line_1638458581295_248,schema violation,NOA,unknown tag 'unclear',מַיין,fix per schema
Mishke Mashke,8,line_1638458581295_248,schema violation,NOA,unknown tag 'unclear',מַיין,fix per schema
Mishke Mashke,8,line_1638458591536_258,schema violation,NOA,unknown tag 'unclear',צִיהט,fix per schema
Mishke Mashke,8,line_1638458628271_292,schema violation,NOA,unknown tag 'unclear',שטראַססע,fix per schema
Mishke Mashke,8,line_1638458648805_302,schema violation,NOA,unknown tag 'unclear',מאנקאדזשאו,fix per schema
Mishke Mashke,8,line_1638458654516_307,schema violation,NOA,unknown tag 'unclear',יאָהרָעָן,fix per schema
Mishke Mashke,8,line_1638458654516_307,schema violation,NOA,unknown tag 'unclear',קֵיין,fix per schema
Mishke Mashke,8,line_1638458659236_312,schema violation,NOA,unknown tag 'unclear',בֵּיי,fix per schema
Mishke Mashke,9,line_1638458851028_507,schema violation,NOA,unknown tag 'Header',צְוֵוייטֶער אַ,fix per schema
Mishke Mashke,9,line_1638458854325_512,schema violation,NOA,unknown tag 'unclear',שׁטֶעלְט,fix per schema
Mishke Mashke,9,line_1638458866484_522,schema violation,NOA,unknown attrs on lg: ['continued'],שׁטֶעלְט אַייךְ אוֹיף אַלֶע אִין דִי רֵייהֶע! אַלֶע א,fix per schema
Mishke Mashke,9,line_1638458866484_522,schema violation,NOA,unknown tag 'unclear',שׁטֶעלְט,fix per schema
Mishke Mashke,9,line_1638458866484_522,untagged speaker (collective),AUTO,collective 'קאהר' — no speaker span,קאהר: שׁטֶעלְט אַייךְ אוֹיף אַלֶע אִין ד,tag speaker xmlid:chor
Mishke Mashke,9,line_1638458872435_527,schema violation,NOA,unknown attrs on lg: ['continued'],אַיינְס צְוֵויי דריַיַ! טאַנצעֶן זִינְגֶען לוסטִיג אִין דֶער רֵי,fix per schema
Mishke Mashke,9,line_1638458872435_527,schema violation,NOA,unknown tag 'unclear',לוסטִיג,fix per schema
Mishke Mashke,9,line_1638458872435_527,schema violation,NOA,unknown tag 'unclear',דריַיַ,fix per schema
Mishke Mashke,9,line_1638458878832_532,schema violation,NOA,unknown attrs on lg: ['continued'],"לוסטִיג גֶעהט, אוֹיף דִי רֵייזֶע אֵיין קוס! אֵיין קוּס! (בּיסס) טר",fix per schema
Mishke Mashke,9,line_1638458878832_532,schema violation,NOA,unknown tag 'unclear',לוסטִיג,fix per schema
Mishke Mashke,9,line_1638458878832_532,schema violation,NOA,unknown tag 'unclear',גֶעהט,fix per schema
Mishke Mashke,9,line_1638458894633_542,untagged speaker (named),NOA,label 'טיראללע' matches cast role,טיראללע: רוהִיג מַיינֶע הֶערְרֶען! ווִי ,tag speaker xmlid:tirale
Mishke Mashke,9,line_1638458900577_547,schema violation,NOA,unknown tag 'unclear',זייַן,fix per schema
Mishke Mashke,10,line_1638459008086_645,schema violation,NOA,unknown tag 'unclear',מֵייַנֶע,fix per schema
Mishke Mashke,10,line_1638459021511_654,schema violation,NOA,unknown tag 'unclear',טִי,fix per schema
Mishke Mashke,10,line_1638459036223_664,untagged speaker (collective),AUTO,collective 'קאהר' — no speaker span,קאהר: יאַ יאַ יאַ יאַ.,tag speaker xmlid:chor
Mishke Mashke,10,line_1638459049888_669,schema violation,NOA,unknown tag 'unclear',גאָלוּבּישקאַ,fix per schema
Mishke Mashke,10,line_1638459049888_669,schema violation,NOA,unknown tag 'unclear',מאַטוּשקאַ,fix per schema
Mishke Mashke,10,line_1638459049888_669,schema violation,NOA,unknown tag 'unclear',טִי,fix per schema
Mishke Mashke,10,line_1638459049888_669,untagged speaker (named),NOA,label 'דוס' matches cast role,"דוס: רוּסע טו מאַטוּשקאַ, טִי מאָיאַ גאָ",tag speaker xmlid:dos
Mishke Mashke,10,line_1638459055336_674,schema violation,NOA,unknown tag 'unclear',פּראָשצייא,fix per schema
Mishke Mashke,10,line_1638459068653_679,schema violation,NOA,unknown tag 'unclear',שְׁטאַנְד,fix per schema
Mishke Mashke,10,line_1638459074636_684,schema violation,NOA,unknown tag 'unclear',פּראָשציאי,fix per schema
Mishke Mashke,10,line_1638459084113_689,schema violation,NOA,unknown tag 'unclear',מַיינֶע,fix per schema
Mishke Mashke,10,line_1638459084113_689,schema violation,NOA,unknown tag 'unclear',טי,fix per schema
Mishke Mashke,10,line_1638459084113_689,untagged speaker (named),NOA,label 'טיראללע' matches cast role,טיראללע: יֶעצְט מַיינֶע לִיעבֶּע פְרֵיינ,tag speaker xmlid:tirale
Mishke Mashke,10,line_1638459100562_699,untagged speaker (collective),AUTO,collective 'קאהר' — no speaker span,קאהר : יאַ יאַ יאַ יאַ!,tag speaker xmlid:chor
Mishke Mashke,10,line_1638459119656_718,schema violation,NOA,unknown tag 'unclear',אַנגעלעטשיאַ,fix per schema
Mishke Mashke,10,line_1638459119656_718,schema violation,NOA,unknown tag 'unclear',אַנגעלעטשיאַ,fix per schema
Mishke Mashke,10,line_1638459119656_718,untagged speaker (named),NOA,label 'חינעזע' matches cast role,חינעזע: אַנגעלעטשיאַ! אַנגעלעטשיאַ (בוסס,tag speaker xmlid:chinezer
Mishke Mashke,10,line_1638459141165_728,untagged speaker (collective),AUTO,collective 'קאהר' — no speaker span,קאהר : בּראַוואָ ! בּראַוואָ! בּראַוואָ:,tag speaker xmlid:chor
Mishke Mashke,10,line_1638459149593_733,untagged speaker (collective),AUTO,collective 'איינער' — no speaker span,איינער: צוּם מִיטָאָג! צוּם מִיטָאָג!,tag speaker xmlid:eyner
Mishke Mashke,10,line_1638459162257_738,untagged speaker (collective),AUTO,collective 'קאהר' — no speaker span,קאהר: יֶעצְט גֶעהֶען וִויר צוּם מִיטָאָג,tag speaker xmlid:chor
Mishke Mashke,10,line_1638459190389_748,untagged speaker (named),NOA,label 'סאלע' matches cast role,"סאלע: מאַמאַ, ס'אִיזט וואַהר דאָס דֶער פ",tag speaker xmlid:sala
Mishke Mashke,10,line_1638459386965_758,untagged speaker (named),NOA,label 'עמיליא' matches cast role,"עמיליא: יאָ, מַיין קִינְד! דֶער פּאַפּאַ",tag speaker xmlid:emilye
Mishke Mashke,10,line_1638459399344_768,schema violation,NOA,unknown tag 'unclear',זייַן,fix per schema
Mishke Mashke,10,line_1638459399344_768,untagged speaker (named),NOA,label 'סאלע' matches cast role,"סאלע: מאַמאַ, וואַן וֶוערְדֶען וִויר זיי",tag speaker xmlid:sala
Mishke Mashke,10,line_1638459412784_773,schema violation,NOA,unknown tag 'unclear',הֵייַטֶע,fix per schema
Mishke Mashke,10,line_1638459412784_773,schema violation,NOA,unknown tag 'unclear',זייַן,fix per schema
Mishke Mashke,10,line_1638459412784_773,untagged speaker (named),NOA,label 'עמיליא' matches cast role,עמיליא: דֶער קאַפּיטאַן האַט געזאַנט דאָ,tag speaker xmlid:emilye
Mishke Mashke,10,line_1638459416518_778,schema violation,NOA,unknown tag 'unclear',טי,fix per schema
Mishke Mashke,10,line_1638459445409_809,schema violation,NOA,unknown tag 'unclear',פרייַליין,fix per schema
Mishke Mashke,10,line_1638459445409_809,schema violation,NOA,unknown tag 'unclear',גֶעהט,fix per schema
Mishke Mashke,10,line_1638459445409_809,untagged speaker (named),NOA,label 'סאלע' matches cast role,"סאלע: מאַמאַ זֶעה נוּר, דאָרְט גֶעהט קאַ",tag speaker xmlid:sala
Mishke Mashke,10,line_1638459461599_819,untagged speaker (named),NOA,label 'עמיליא' matches cast role,עמיליא: פוִי! עֶס אִיזְט נִיכְט שֶׁעהן פ,tag speaker xmlid:emilye
Mishke Mashke,10,line_1638459471315_829,schema violation,NOA,unknown tag 'unclear',שאַרלאָטאַ,fix per schema
Mishke Mashke,10,line_1638459505501_839,schema violation,NOA,unknown tag 'unclear',שארלאטא,fix per schema
Mishke Mashke,10,line_1638459505501_839,schema violation,NOA,unknown tag 'unclear',גֶעהט,fix per schema
Mishke Mashke,10,line_1638459513846_844,untagged speaker (named),NOA,label 'עמיליא' matches cast role,עמיליא: גאָט זַײַ דאַנְק!,tag speaker xmlid:emilye
Mishke Mashke,10,line_1638459524691_849,schema violation,NOA,unknown tag 'unclear',שארלאטא,fix per schema
Mishke Mashke,10,line_1638459539067_859,schema violation,NOA,unknown tag 'unclear',הַייטֶע,fix per schema
Mishke Mashke,10,line_1638459539067_859,untagged speaker (named),NOA,label 'עמיליא' matches cast role,"עמיליא: דֶער קאַפּיטאַן האַט גֶעזָאָגְט,",tag speaker xmlid:emilye
Mishke Mashke,10,line_1638459545388_864,schema violation,NOA,unknown tag 'unclear',זייַן,fix per schema
Mishke Mashke,10,line_1638459545388_864,schema violation,NOA,unknown tag 'unclear',טי,fix per schema
Mishke Mashke,10,line_1638459653217_928,untagged speaker (named),NOA,label 'עמיליא' matches cast role,"עמיליא: אַך, מַיין הֶערְץ אִיזְט מִיר זא",tag speaker xmlid:emilye
Mishke Mashke,10,line_1638459665381_938,schema violation,NOA,unknown tag 'unclear',מאָשקען,fix per schema
Mishke Mashke,10,line_1638459665381_938,schema violation,NOA,unknown tag 'unclear',מאָשקע,fix per schema
Mishke Mashke,10,line_1638459682376_948,schema violation,NOA,unknown tag 'unclear',מאשקע,fix per schema
Mishke Mashke,10,line_1638459689702_953,schema violation,NOA,unknown tag 'unclear',מאָשקע,fix per schema
Mishke Mashke,10,line_1638459698091_958,schema violation,NOA,unknown tag 'unclear',מאשקע,fix per schema
Mishke Mashke,10,line_1638459704865_963,schema violation,NOA,unknown tag 'unclear',שפּאַציִרעֶן,fix per schema
Mishke Mashke,10,line_1638459722340_973,schema violation,NOA,unknown tag 'unclear',מאָשקע,fix per schema
Mishke Mashke,10,line_1638459750122_983,schema violation,NOA,unknown tag 'unclear',מאשקע,fix per schema
Mishke Mashke,10,line_1638459750122_983,schema violation,NOA,unknown tag 'unclear',לֶעבּעֶן,fix per schema
Mishke Mashke,10,line_1638459761563_988,schema violation,NOA,unknown tag 'unclear',מאשׁקֶע,fix per schema
Mishke Mashke,10,line_1638459761563_988,schema violation,NOA,unknown tag 'unclear',שטאַרבּ,fix per schema
Mishke Mashke,10,line_1638459761563_988,schema violation,NOA,unknown tag 'unclear',לֶעבֶּען,fix per schema
Mishke Mashke,10,line_1638459769595_993,schema violation,NOA,unknown tag 'unclear',מאשקע,fix per schema
Mishke Mashke,10,line_1638459788256_1003,schema violation,NOA,unknown tag 'unclear',מאשקע,fix per schema
Mishke Mashke,10,line_1638459853284_1018,schema violation,NOA,unknown tag 'unclear',מאָשקע,fix per schema
Mishke Mashke,10,line_1638459859653_1023,schema violation,NOA,unknown tag 'unclear',מאשקע,fix per schema
Mishke Mashke,10,line_1638459859653_1023,schema violation,NOA,unknown tag 'unclear',לֶעבֶּען,fix per schema
Mishke Mashke,10,line_1638459869194_1028,schema violation,NOA,unknown tag 'unclear',מאשׁקֶע,fix per schema
Mishke Mashke,10,line_1638459869194_1028,schema violation,NOA,unknown tag 'unclear',שטאַרבּ,fix per schema
Mishke Mashke,10,line_1638459885293_1033,schema violation,NOA,unknown tag 'unclear',שטאַרבּען,fix per schema
Mishke Mashke,10,line_1638459885293_1033,schema violation,NOA,unknown tag 'unclear',מאשקע,fix per schema
Mishke Mashke,10,line_1638459885293_1033,schema violation,NOA,unknown tag 'unclear',שטאַרבּ,fix per schema
Mishke Mashke,10,line_1638459885293_1033,schema violation,NOA,unknown tag 'unclear',שטאַרבּ,fix per schema
Mishke Mashke,10,line_1638459885293_1033,schema violation,NOA,unknown tag 'unclear',שטאַרבּ,fix per schema
Mishke Mashke,10,line_1638459929103_1053,schema violation,NOA,unknown tag 'unclear',פאַרשטומט,fix per schema
Mishke Mashke,10,line_1638459929103_1053,schema violation,NOA,unknown tag 'unclear',שוואַרץ,fix per schema
Mishke Mashke,10,line_1638459939205_1063,schema violation,NOA,unknown tag 'unclear',שטאַרבּען,fix per schema
Mishke Mashke,10,line_1638459939205_1063,schema violation,NOA,unknown tag 'unclear',שטאַרבּ,fix per schema
Mishke Mashke,10,line_1638459943504_1068,schema violation,NOA,unknown tag 'unclear',שטאַרבּען,fix per schema
Mishke Mashke,10,line_1638459943504_1068,schema violation,NOA,unknown tag 'unclear',זֶעצֶענִישׁ,fix per schema
Mishke Mashke,10,line_1638459943504_1068,schema violation,NOA,unknown tag 'unclear',שטאַרבּ,fix per schema
Mishke Mashke,10,line_1638459949346_1073,schema violation,NOA,unknown tag 'unclear',מאשׁקֶע,fix per schema
Mishke Mashke,10,line_1638459949346_1073,schema violation,NOA,unknown tag 'unclear',לֶעבֶּען,fix per schema
Mishke Mashke,10,line_1638459963433_1083,schema violation,NOA,unknown tag 'unclear',מאשקע,fix per schema
Mishke Mashke,10,line_1638459963433_1083,schema violation,NOA,unknown tag 'unclear',לֶעבֶּען,fix per schema
Mishke Mashke,10,line_1638459963433_1083,schema violation,NOA,unknown tag 'unclear',גֶעהט,fix per schema
Mishke Mashke,11,line_1638460147224_1241,schema violation,NOA,unknown tag 'unclear',מאשקע,fix per schema
Mishke Mashke,11,line_1638460167083_1256,schema violation,NOA,unknown tag 'unclear',שׁטֶענְדִיג,fix per schema
Mishke Mashke,11,line_1638460176714_1266,schema violation,NOA,unknown tag 'unclear',פֶערְגלוסט,fix per schema
Mishke Mashke,11,line_1638460180845_1271,schema violation,NOA,unknown tag 'unclear',שאָקלען,fix per schema
Mishke Mashke,11,line_1638460186001_1276,schema violation,NOA,unknown tag 'unclear',געטרייַער,fix per schema
Mishke Mashke,11,line_1638460208601_1281,schema violation,NOA,unknown tag 'unclear',אַבּער,fix per schema
Mishke Mashke,11,line_1638460223918_1291,schema violation,NOA,unknown tag 'unclear',לאָקשעֶן,fix per schema
Mishke Mashke,11,line_1638460241107_1301,schema violation,NOA,unknown tag 'unclear',גֶעהט,fix per schema
Mishke Mashke,11,line_1638460253072_1311,schema violation,NOA,unknown tag 'unclear',מאשקע,fix per schema
Mishke Mashke,11,line_1638460253072_1311,schema violation,NOA,unknown tag 'unclear',בִּיסֶעל,fix per schema
Mishke Mashke,11,line_1638460253072_1311,schema violation,NOA,unknown tag 'unclear',לֶעבֶּען,fix per schema
Mishke Mashke,11,line_1638460257902_1316,schema violation,NOA,unknown tag 'unclear',פְעֶרדרעה,fix per schema
Mishke Mashke,11,line_1638460257902_1316,schema violation,NOA,unknown tag 'unclear',בַּיִסְעַל,fix per schema
Mishke Mashke,11,line_1638460289957_1341,schema violation,NOA,unknown tag 'unclear',מאשקע,fix per schema
Mishke Mashke,11,line_1638460289957_1341,schema violation,NOA,unknown tag 'unclear',צייַט,fix per schema
Mishke Mashke,11,line_1638460326528_1361,schema violation,NOA,unknown tag 'unclear',מאשקע,fix per schema
Mishke Mashke,11,line_1638460364242_1386,schema violation,NOA,unknown tag 'unclear',אונְטֶער,fix per schema
Mishke Mashke,11,line_1638460364242_1386,schema violation,NOA,unknown tag 'unclear',מאָשקע,fix per schema
Mishke Mashke,11,line_1638460364242_1386,schema violation,NOA,unknown tag 'unclear',גֶעהט,fix per schema
Mishke Mashke,11,line_1638460375128_1391,schema violation,NOA,unknown tag 'unclear',מאשקע,fix per schema
Mishke Mashke,11,line_1638460402017_1406,schema violation,NOA,unknown tag 'unclear',מאשקע,fix per schema
Mishke Mashke,11,line_1638460489275_1496,schema violation,NOA,unknown tag 'unclear',מאשקע,fix per schema
Mishke Mashke,11,line_1638460517820_1520,schema violation,NOA,unknown tag 'unclear',מאשקע,fix per schema
Mishke Mashke,11,line_1638460535912_1530,schema violation,NOA,unknown tag 'unclear',מאשקע,fix per schema
Mishke Mashke,11,line_1638460555504_1535,schema violation,NOA,unknown tag 'unclear',מאָשקע,fix per schema
Mishke Mashke,11,line_1638460573503_1540,schema violation,NOA,unknown tag 'unclear',מאשקע,fix per schema
Mishke Mashke,11,line_1638460573503_1540,schema violation,NOA,unknown tag 'unclear',שׁטֶעלְט,fix per schema
Mishke Mashke,11,line_1638460588971_1545,schema violation,NOA,unknown tag 'unclear',מאָשקע,fix per schema
Mishke Mashke,11,line_1638460592744_1550,schema violation,NOA,unknown tag 'unclear',קעשענאָוו,fix per schema
Mishke Mashke,11,line_1638460604531_1555,schema violation,NOA,unknown tag 'unclear',מאשקע,fix per schema
Mishke Mashke,11,line_1638460634755_1570,schema violation,NOA,unknown tag 'unclear',קאַשקעטעל,fix per schema
Mishke Mashke,11,line_1638460643494_1575,schema violation,NOA,unknown tag 'unclear',מאשקע,fix per schema
Mishke Mashke,11,line_1638460776211_1614,schema violation,NOA,unknown tag 'unclear',מאשקע,fix per schema
Mishke Mashke,11,line_1638460821420_1632,schema violation,NOA,unknown tag 'unclear',מאשקע,fix per schema
Mishke Mashke,11,line_1638460845780_1652,schema violation,NOA,unknown tag 'unclear',מאשקע,fix per schema
Mishke Mashke,11,line_1638460879439_1677,schema violation,NOA,unknown tag 'unclear',מאשקע,fix per schema
Mishke Mashke,11,line_1638460879439_1677,schema violation,NOA,unknown tag 'unclear',אָבֶּער,fix per schema
Mishke Mashke,11,line_1638460948230_1692,schema violation,NOA,unknown tag 'unclear',מאשקע,fix per schema
Mishke Mashke,11,line_1638460975800_1702,schema violation,NOA,unknown tag 'unclear',לֶעבּעֶן,fix per schema
Mishke Mashke,12,line_1638461104620_1812,schema violation,NOA,unknown tag 'unclear',מאשקע,fix per schema
Mishke Mashke,12,line_1638461112170_1817,schema violation,NOA,unknown tag 'unclear',שׁטֶעלְט,fix per schema
Mishke Mashke,12,line_1638461143164_1832,schema violation,NOA,unknown tag 'unclear',מאשקע,fix per schema
Mishke Mashke,12,line_1638461148100_1837,schema violation,NOA,unknown tag 'unclear',שאַרט,fix per schema
Mishke Mashke,12,line_1638461181905_1862,schema violation,NOA,unknown tag 'unclear',מאשקע,fix per schema
Mishke Mashke,12,line_1638461191810_1872,schema violation,NOA,unknown tag 'unclear',שְׁפַּאַצִיערֶען,fix per schema
Mishke Mashke,12,line_1638461195716_1877,schema violation,NOA,unknown tag 'unclear',שׁטֶעלְט,fix per schema
Mishke Mashke,12,line_1638461318060_1986,schema violation,NOA,unknown tag 'unclear',לאָקשען,fix per schema
Mishke Mashke,12,line_1638461338015_2001,schema violation,NOA,unknown tag 'unclear',בּאָרשט,fix per schema
Mishke Mashke,12,line_1638461343185_2006,schema violation,NOA,unknown tag 'unclear',חאָטְשׁ,fix per schema
Mishke Mashke,12,line_1638461348920_2011,schema violation,NOA,unknown tag 'unclear',בּאָרשט,fix per schema
Mishke Mashke,12,line_1638461354280_2016,schema violation,NOA,unknown tag 'unclear',מאָשקע,fix per schema
Mishke Mashke,12,line_1638461393350_2049,schema violation,NOA,unknown tag 'unclear',פָאָרְגֶעשְׁטֶעלְט,fix per schema
Mishke Mashke,12,line_1638461393350_2049,schema violation,NOA,unknown tag 'unclear',שְׁטֶעלְט,fix per schema
Mishke Mashke,12,line_1638461397449_2054,schema violation,NOA,unknown tag 'unclear',העריַיַן,fix per schema
Mishke Mashke,12,line_1638461402430_2059,schema violation,NOA,unknown tag 'unclear',פרייליַיִן,fix per schema
Mishke Mashke,13,line_1638461519750_2142,schema violation,NOA,unknown tag 'unclear',אַנגאַזשירען,fix per schema
Mishke Mashke,13,line_1638461519750_2142,schema violation,NOA,unknown tag 'unclear',בְּעֶשֶליסען,fix per schema
Mishke Mashke,13,line_1638461523587_2147,schema violation,NOA,unknown tag 'unclear',שטראַפסט,fix per schema
Mishke Mashke,13,line_1638461533262_2157,schema violation,NOA,unknown tag 'unclear',שלאָפסט,fix per schema
Mishke Mashke,13,line_1638461533262_2157,schema violation,NOA,unknown tag 'unclear',לֶעבֶּען,fix per schema
Mishke Mashke,13,line_1638461637741_2197,schema violation,NOA,unknown tag 'unclear',מאַלעריקאַניש,fix per schema
Mishke Mashke,13,line_1638461637741_2197,schema violation,NOA,unknown tag 'unclear',בּייַ,fix per schema
Mishke Mashke,13,line_1638461668232_2222,schema violation,NOA,unknown tag 'unclear',איבּערשפּאַרען,fix per schema
Mishke Mashke,13,line_1638461668232_2222,schema violation,NOA,unknown tag 'unclear',שׁטֶענְדִיג,fix per schema
Mishke Mashke,13,line_1638461677492_2232,schema violation,NOA,unknown tag 'unclear',קעקעטשלאַך,fix per schema
Mishke Mashke,13,line_1638461695882_2247,schema violation,NOA,unknown tag 'unclear',שפּאַרסט,fix per schema
Mishke Mashke,13,line_1638461700852_2252,schema violation,NOA,unknown tag 'unclear',שׁטִיקֶעל,fix per schema
Mishke Mashke,13,line_1638461706832_2257,schema violation,NOA,unknown tag 'unclear',שפּראַך,fix per schema
Mishke Mashke,13,line_1638461722672_2267,schema violation,NOA,unknown tag 'unclear',גְרָאָשֶׁען,fix per schema
Mishke Mashke,13,line_1638461737602_2272,schema violation,NOA,unknown tag 'unclear',גְרָאָשֶׁען,fix per schema
Mishke Mashke,13,line_1638461751421_2277,schema violation,NOA,unknown tag 'unclear',קעקעטשלאַך,fix per schema
Mishke Mashke,13,line_1638461751421_2277,schema violation,NOA,unknown tag 'unclear',גְרָאָשֶׁען,fix per schema
Mishke Mashke,13,line_1638461757762_2282,schema violation,NOA,unknown tag 'unclear',גְרָאָשֶׁען,fix per schema
Mishke Mashke,13,line_1638461763846_2287,schema violation,NOA,unknown tag 'unclear',קעקעטשלאַך,fix per schema
Mishke Mashke,13,line_1638461763846_2287,schema violation,NOA,unknown tag 'unclear',לֶעבֶּען,fix per schema
Mishke Mashke,13,line_1638461842371_2362,schema violation,NOA,unknown tag 'unclear',שפּאַרסט,fix per schema
Mishke Mashke,13,line_1638461852242_2372,schema violation,NOA,unknown tag 'unclear',קעקעטשלאַך,fix per schema
Mishke Mashke,13,line_1638461852242_2372,schema violation,NOA,unknown tag 'unclear',גְרָאָשֶׁען,fix per schema
Mishke Mashke,13,line_1638461892541_2397,untagged speaker (named),NOA,label 'עמיליא' matches cast role,"עמיליא : נוּן, וואָס הֶערְט מאַן נײַעס, ",tag speaker xmlid:emilye
Mishke Mashke,13,line_1638461904822_2407,schema violation,NOA,unknown tag 'unclear',שׁאָן,fix per schema
Mishke Mashke,13,line_1638461913391_2412,untagged speaker (named),NOA,label 'עמיליא' matches cast role,"עמיליא: גאָט זַײַ דאַנְק, בּײַ וועהם?",tag speaker xmlid:emilye
Mishke Mashke,13,line_1638461961111_2444,schema violation,NOA,unknown tag 'unclear',שטראַפּסט,fix per schema
Mishke Mashke,13,line_1638461961111_2444,untagged speaker (named),NOA,label 'עמיליא' matches cast role,עמיליא: מײַן זאָהן אַלְס דִיענֶער! אָה ג,tag speaker xmlid:emilye
Mishke Mashke,13,line_1638461987501_2464,schema violation,NOA,unknown tag 'unclear',ביי,fix per schema
Mishke Mashke,13,line_1638461992631_2469,schema violation,NOA,unknown tag 'unclear',מאָשקע,fix per schema
Mishke Mashke,13,line_1638462001966_2474,schema violation,NOA,unknown tag 'unclear',מאשקע,fix per schema
Mishke Mashke,13,line_1638462013051_2484,schema violation,NOA,unknown tag 'unclear',מאָנען,fix per schema
Mishke Mashke,13,line_1638462018421_2489,schema violation,NOA,unknown tag 'unclear',לֶעבֶּען,fix per schema
Mishke Mashke,13,line_1638462022821_2494,schema violation,NOA,unknown tag 'unclear',לֶעבֶּען,fix per schema
Mishke Mashke,13,line_1638462030956_2499,schema violation,NOA,unknown tag 'unclear',מאָשקע,fix per schema
Mishke Mashke,13,line_1638462030956_2499,schema violation,NOA,unknown tag 'unclear',לֶעבֶּען,fix per schema
Mishke Mashke,13,line_1638462040726_2504,schema violation,NOA,unknown tag 'unclear',מאשקע,fix per schema
Mishke Mashke,13,line_1638462063391_2519,schema violation,NOA,unknown tag 'unclear',מאָשקע,fix per schema
Mishke Mashke,13,line_1638462063391_2519,schema violation,NOA,unknown tag 'unclear',לֶעבֶּען,fix per schema
Mishke Mashke,13,line_1638462077776_2529,schema violation,NOA,unknown tag 'unclear',מאשקע,fix per schema
Mishke Mashke,13,line_1638462077776_2529,schema violation,NOA,unknown tag 'unclear',לֶעבּעֶן,fix per schema
Mishke Mashke,13,line_1638462083036_2534,schema violation,NOA,unknown tag 'unclear',לֶעבּעֶן,fix per schema
Mishke Mashke,13,line_1638462118401_2554,schema violation,NOA,unknown tag 'unclear',אונְטֶער,fix per schema
Mishke Mashke,14,line_1638462348136_2803,schema violation,NOA,unknown tag 'unclear',מאשקע,fix per schema
Mishke Mashke,14,line_1638462348136_2803,schema violation,NOA,unknown tag 'unclear',בּאָרשט,fix per schema
Mishke Mashke,14,line_1638462353065_2808,schema violation,NOA,unknown tag 'unclear',בּיי,fix per schema
Mishke Mashke,14,line_1638462361206_2813,schema violation,NOA,unknown tag 'unclear',בּאָרשט,fix per schema
Mishke Mashke,14,line_1638462361206_2813,schema violation,NOA,unknown tag 'unclear',מישקע,fix per schema
Mishke Mashke,14,line_1638462361206_2813,schema violation,NOA,unknown tag 'unclear',עֶסֶעֶן,fix per schema
Mishke Mashke,14,line_1638462366526_2818,schema violation,NOA,unknown tag 'unclear',בּאָרשט,fix per schema
Mishke Mashke,14,line_1638462366526_2818,schema violation,NOA,unknown tag 'unclear',עָסען,fix per schema
Mishke Mashke,14,line_1638462371016_2823,schema violation,NOA,unknown tag 'unclear',נִישְׁט,fix per schema
Mishke Mashke,14,line_1638462371016_2823,schema violation,NOA,unknown tag 'unclear',דעָן,fix per schema
Mishke Mashke,14,line_1638462374956_2828,schema violation,NOA,unknown tag 'unclear',נִישְׁט,fix per schema
Mishke Mashke,14,line_1638462374956_2828,schema violation,NOA,unknown tag 'unclear',האָטש,fix per schema
Mishke Mashke,14,line_1638462378426_2833,schema violation,NOA,unknown tag 'unclear',בּאָרשט,fix per schema
Mishke Mashke,14,line_1638462385791_2838,schema violation,NOA,unknown tag 'unclear',מאשקע,fix per schema
Mishke Mashke,14,line_1638462385791_2838,schema violation,NOA,unknown tag 'unclear',דֶען,fix per schema
Mishke Mashke,14,line_1638462393966_2843,schema violation,NOA,unknown tag 'unclear',מאָשקע,fix per schema
Mishke Mashke,14,line_1638462393966_2843,schema violation,NOA,unknown tag 'unclear',מישקע,fix per schema
Mishke Mashke,14,line_1638462402755_2853,schema violation,NOA,unknown tag 'unclear',מאשקע,fix per schema
Mishke Mashke,14,line_1638462410076_2858,schema violation,NOA,unknown tag 'unclear',מישקע,fix per schema
Mishke Mashke,14,line_1638462417116_2863,schema violation,NOA,unknown tag 'unclear',מאשקע,fix per schema
Mishke Mashke,14,line_1638462417116_2863,schema violation,NOA,unknown tag 'unclear',עֶסֶעֶן,fix per schema
Mishke Mashke,14,line_1638462423266_2868,schema violation,NOA,unknown tag 'unclear',מישקע,fix per schema
Mishke Mashke,14,line_1638462423266_2868,schema violation,NOA,unknown tag 'unclear',דעָן,fix per schema
Mishke Mashke,14,line_1638462430911_2873,schema violation,NOA,unknown tag 'unclear',מאשקע,fix per schema
Mishke Mashke,14,line_1638462430911_2873,schema violation,NOA,unknown tag 'unclear',עָסען,fix per schema
Mishke Mashke,14,line_1638462430911_2873,schema violation,NOA,unknown tag 'unclear',אַהעָר,fix per schema
Mishke Mashke,14,line_1638462430911_2873,schema violation,NOA,unknown tag 'unclear',העָר,fix per schema
Mishke Mashke,14,line_1638462437686_2878,schema violation,NOA,unknown tag 'unclear',מישקע,fix per schema
Mishke Mashke,14,line_1638462444646_2883,schema violation,NOA,unknown tag 'unclear',מאשקע,fix per schema
Mishke Mashke,14,line_1638462453155_2888,schema violation,NOA,unknown tag 'unclear',מישקע,fix per schema
Mishke Mashke,14,line_1638462453155_2888,schema violation,NOA,unknown tag 'unclear',עסֶען,fix per schema
Mishke Mashke,14,line_1638462463586_2898,schema violation,NOA,unknown tag 'unclear',מאשקע,fix per schema
Mishke Mashke,14,line_1638462463586_2898,schema violation,NOA,unknown tag 'unclear',הֶעָרְ,fix per schema
Mishke Mashke,14,line_1638462472960_2903,schema violation,NOA,unknown tag 'unclear',מישקע,fix per schema
Mishke Mashke,14,line_1638462472960_2903,schema violation,NOA,unknown tag 'unclear',עסֶען,fix per schema
Mishke Mashke,14,line_1638462484480_2908,schema violation,NOA,unknown tag 'unclear',מאשקע,fix per schema
Mishke Mashke,14,line_1638462484480_2908,schema violation,NOA,unknown tag 'unclear',מִישׁקֶע,fix per schema
Mishke Mashke,14,line_1638462484480_2908,schema violation,NOA,unknown tag 'unclear',שטאַרבּ,fix per schema
Mishke Mashke,14,line_1638462484480_2908,schema violation,NOA,unknown tag 'unclear',עֶסֶעֶן,fix per schema
Mishke Mashke,14,line_1638462492290_2913,schema violation,NOA,unknown tag 'unclear',מאָשקע,fix per schema
Mishke Mashke,14,line_1638462492290_2913,schema violation,NOA,unknown tag 'unclear',מישקע,fix per schema
Mishke Mashke,14,line_1638462492290_2913,schema violation,NOA,unknown tag 'unclear',ניִשט,fix per schema
Mishke Mashke,14,line_1638462496310_2918,schema violation,NOA,unknown tag 'unclear',שׁטִיקֶעל,fix per schema
Mishke Mashke,14,line_1638462496310_2918,schema violation,NOA,unknown tag 'unclear',נִיִשְׁט,fix per schema
Mishke Mashke,14,line_1638462504390_2923,schema violation,NOA,unknown tag 'unclear',גֶעבְּלִיִבֶּען,fix per schema
Mishke Mashke,14,line_1638462504390_2923,schema violation,NOA,unknown tag 'unclear',מאשקע,fix per schema
Mishke Mashke,14,line_1638462504390_2923,schema violation,NOA,unknown tag 'unclear',נִישְׁט,fix per schema
Mishke Mashke,14,line_1638462516175_2933,schema violation,NOA,unknown tag 'unclear',מאָשקע,fix per schema
Mishke Mashke,14,line_1638462516175_2933,schema violation,NOA,unknown tag 'unclear',מישקע,fix per schema
Mishke Mashke,14,line_1638462521025_2938,schema violation,NOA,unknown tag 'unclear',אַפילוּ,fix per schema
Mishke Mashke,14,line_1638462521025_2938,schema violation,NOA,unknown tag 'unclear',נִישְׁט,fix per schema
Mishke Mashke,14,line_1638462530360_2948,schema violation,NOA,unknown tag 'unclear',אַחשורש,fix per schema
Mishke Mashke,14,line_1638462530360_2948,schema violation,NOA,unknown tag 'unclear',אַחשורש,fix per schema
Mishke Mashke,14,line_1638462530360_2948,schema violation,NOA,unknown tag 'unclear',מאשקע,fix per schema
Mishke Mashke,14,line_1638462530360_2948,schema violation,NOA,unknown tag 'unclear',מִישׁקֶע,fix per schema
Mishke Mashke,14,line_1638462530360_2948,schema violation,NOA,unknown tag 'unclear',העָר,fix per schema
Mishke Mashke,14,line_1638462533100_2953,schema violation,NOA,unknown tag 'unclear',וויִינְט,fix per schema
Mishke Mashke,14,line_1638462533100_2953,schema violation,NOA,unknown tag 'unclear',מיִשקע,fix per schema
Mishke Mashke,14,line_1638462538860_2958,schema violation,NOA,unknown tag 'unclear',מישקע,fix per schema
Mishke Mashke,14,line_1638462538860_2958,schema violation,NOA,unknown tag 'unclear',נִישְׁט,fix per schema
Mishke Mashke,14,line_1638462542526_2963,schema violation,NOA,unknown tag 'unclear',נִישְׁט,fix per schema
Mishke Mashke,14,line_1638462553146_2973,schema violation,NOA,unknown tag 'unclear',נִישְׁט,fix per schema
Mishke Mashke,14,line_1638462690590_3028,schema violation,NOA,unknown tag 'unclear',מאשקע,fix per schema
Mishke Mashke,14,line_1638462694385_3033,schema violation,NOA,unknown tag 'unclear',קוֹילעטש,fix per schema
Mishke Mashke,14,line_1638462698026_3038,schema violation,NOA,unknown tag 'unclear',גיִבּסט,fix per schema
Mishke Mashke,14,line_1638462709153_3048,schema violation,NOA,unknown tag 'unclear',מישקע,fix per schema
Mishke Mashke,14,line_1638462716735_3053,schema violation,NOA,unknown tag 'unclear',מאשקע,fix per schema
Mishke Mashke,14,line_1638462723135_3058,schema violation,NOA,unknown tag 'unclear',מישקע,fix per schema
Mishke Mashke,14,line_1638462729705_3063,schema violation,NOA,unknown tag 'unclear',מאשקע,fix per schema
Mishke Mashke,14,line_1638462736475_3068,schema violation,NOA,unknown tag 'unclear',מישקע,fix per schema
Mishke Mashke,14,line_1638462884822_3073,schema violation,NOA,unknown tag 'unclear',מאשקע,fix per schema
Mishke Mashke,14,line_1638462884822_3073,schema violation,NOA,unknown tag 'unclear',דֶען,fix per schema
Mishke Mashke,14,line_1638462892832_3078,schema violation,NOA,unknown tag 'unclear',מאָשקע,fix per schema
Mishke Mashke,14,line_1638462892832_3078,schema violation,NOA,unknown tag 'unclear',מישקע,fix per schema
Mishke Mashke,14,line_1638462892832_3078,schema violation,NOA,unknown tag 'unclear',זייַן,fix per schema
Mishke Mashke,14,line_1638462892832_3078,schema violation,NOA,unknown tag 'unclear',נִישְׁט,fix per schema
Mishke Mashke,14,line_1638462895703_3083,schema violation,NOA,unknown tag 'unclear',שטיִקְעָל,fix per schema
Mishke Mashke,14,line_1638462895703_3083,schema violation,NOA,unknown tag 'unclear',ניִשט,fix per schema
Mishke Mashke,14,line_1638462905733_3088,schema violation,NOA,unknown tag 'unclear',מאשקע,fix per schema
Mishke Mashke,14,line_1638462909577_3093,schema violation,NOA,unknown tag 'unclear',אִיש,fix per schema
Mishke Mashke,14,line_1638462919582_3103,schema violation,NOA,unknown tag 'unclear',מישקע,fix per schema
Mishke Mashke,14,line_1638462919582_3103,schema violation,NOA,unknown tag 'unclear',זייַן,fix per schema
Mishke Mashke,14,line_1638462930422_3113,schema violation,NOA,unknown tag 'unclear',מאשקע,fix per schema
Mishke Mashke,14,line_1638462930422_3113,schema violation,NOA,unknown tag 'unclear',אַהֶער,fix per schema
Mishke Mashke,14,line_1638462930422_3113,schema violation,NOA,unknown tag 'unclear',הֶער,fix per schema
Mishke Mashke,14,line_1638462935472_3118,schema violation,NOA,unknown tag 'unclear',מישקע,fix per schema
Mishke Mashke,14,line_1638462942123_3123,schema violation,NOA,unknown tag 'unclear',מאשקע,fix per schema
Mishke Mashke,14,line_1638462942123_3123,schema violation,NOA,unknown tag 'unclear',מִישׁקֶע,fix per schema
Mishke Mashke,14,line_1638462942123_3123,schema violation,NOA,unknown tag 'unclear',נִישְׁט,fix per schema
Mishke Mashke,14,line_1638462945303_3128,schema violation,NOA,unknown tag 'unclear',גֶעהט,fix per schema
Mishke Mashke,14,line_1638462945303_3128,schema violation,NOA,unknown tag 'unclear',גֶעהט,fix per schema
Mishke Mashke,14,line_1638462954603_3138,schema violation,NOA,unknown tag 'unclear',מישקע,fix per schema
Mishke Mashke,14,line_1638462954603_3138,schema violation,NOA,unknown tag 'unclear',עֶסֶעֶן,fix per schema
Mishke Mashke,14,line_1638462954603_3138,schema violation,NOA,unknown tag 'unclear',בּייַ,fix per schema
Mishke Mashke,14,line_1638462959877_3143,schema violation,NOA,unknown tag 'unclear',מאשקע,fix per schema
Mishke Mashke,14,line_1638462959877_3143,schema violation,NOA,unknown tag 'unclear',שטאַרבּ,fix per schema
Mishke Mashke,14,line_1638462959877_3143,schema violation,NOA,unknown tag 'unclear',עֶסֶעֶן,fix per schema
Mishke Mashke,14,line_1638463017492_3153,schema violation,NOA,unknown tag 'unclear',מישקע,fix per schema
Mishke Mashke,14,line_1638463021643_3158,schema violation,NOA,unknown tag 'unclear',עָסען,fix per schema
Mishke Mashke,14,line_1638463027942_3163,schema violation,NOA,unknown tag 'unclear',שְׁלָאָפֶען,fix per schema
Mishke Mashke,14,line_1638463027942_3163,schema violation,NOA,unknown tag 'unclear',שְׁלָאָפֶען,fix per schema
Mishke Mashke,14,line_1638463027942_3163,schema violation,NOA,unknown tag 'unclear',מאשקע,fix per schema
Mishke Mashke,14,line_1638463027942_3163,schema violation,NOA,unknown tag 'unclear',דֶען,fix per schema
Mishke Mashke,14,line_1638463030635_3168,schema violation,NOA,unknown tag 'unclear',עֶסֶעֶן,fix per schema
Mishke Mashke,14,line_1638463037222_3173,schema violation,NOA,unknown tag 'unclear',מישקע,fix per schema
Mishke Mashke,14,line_1638463037222_3173,schema violation,NOA,unknown tag 'unclear',נִישְׁט,fix per schema
Mishke Mashke,14,line_1638463086682_3183,schema violation,NOA,unknown tag 'unclear',מאשקע,fix per schema
Mishke Mashke,14,line_1638463091487_3188,schema violation,NOA,unknown tag 'unclear',מישקע,fix per schema
Mishke Mashke,14,line_1638463097712_3193,schema violation,NOA,unknown tag 'unclear',שאַרען,fix per schema
Mishke Mashke,14,line_1638463101262_3198,schema violation,NOA,unknown tag 'unclear',קעשעניאָוו,fix per schema
Mishke Mashke,14,line_1638463101262_3198,schema violation,NOA,unknown tag 'unclear',אַפילוּ,fix per schema
Mishke Mashke,14,line_1638463101262_3198,schema violation,NOA,unknown tag 'unclear',קייַן,fix per schema
Mishke Mashke,14,line_1638463101262_3198,schema violation,NOA,unknown tag 'unclear',שאַרט,fix per schema
Mishke Mashke,14,line_1638463101262_3198,schema violation,NOA,unknown tag 'unclear',נִישְׁט,fix per schema
Mishke Mashke,14,line_1638463103622_3203,schema violation,NOA,unknown tag 'unclear',קעָשעניאָוו,fix per schema
Mishke Mashke,14,line_1638463103622_3203,schema violation,NOA,unknown tag 'unclear',מאָשקע,fix per schema
Mishke Mashke,14,line_1638463109282_3208,schema violation,NOA,unknown tag 'unclear',מאשקע,fix per schema
Mishke Mashke,14,line_1638463109282_3208,schema violation,NOA,unknown tag 'unclear',מִישׁקֶע,fix per schema
Mishke Mashke,15,line_1638463455082_3491,schema violation,NOA,unknown tag 'unclear',גֶעשִׁיקְט,fix per schema
Mishke Mashke,15,line_1638463469927_3496,schema violation,NOA,unknown tag 'unclear',זַיין,fix per schema
Mishke Mashke,15,line_1638463482372_3506,schema violation,NOA,unknown tag 'unclear',גֶעשִׁיקְט,fix per schema
Mishke Mashke,15,line_1638463490802_3516,schema violation,NOA,unknown tag 'unclear',גֶעשִׁיקְט,fix per schema
Mishke Mashke,15,line_1638463504332_3521,schema violation,NOA,unknown tag 'unclear',צוּקער,fix per schema
Mishke Mashke,15,line_1638463504332_3521,untagged speaker (collective),AUTO,collective 'ביידע' — no speaker span,"ביידע: אַ משׁקה'לֶע, אַ כּוס'עלע, אַ טאָ",tag speaker xmlid:beyde
Mishke Mashke,15,line_1638463508422_3526,schema violation,NOA,unknown tag 'unclear',צוּקעַר,fix per schema
Mishke Mashke,15,line_1638463508422_3526,schema violation,NOA,unknown tag 'unclear',זִיס,fix per schema
Mishke Mashke,15,line_1638463523362_3536,schema violation,NOA,unknown tag 'unclear',צוּקֶער,fix per schema
Mishke Mashke,15,line_1638463523362_3536,schema violation,NOA,unknown tag 'unclear',צוּקֶער,fix per schema
Mishke Mashke,15,line_1638463523362_3536,schema violation,NOA,unknown tag 'unclear',זִיס,fix per schema
Mishke Mashke,15,line_1638463523362_3536,schema violation,NOA,unknown tag 'unclear',זִיס,fix per schema
Mishke Mashke,15,line_1638463544006_3551,schema violation,NOA,unknown tag 'unclear',צוּקֶער,fix per schema
Mishke Mashke,15,line_1638463544006_3551,schema violation,NOA,unknown tag 'unclear',זִיס,fix per schema
Mishke Mashke,15,line_1638463582470_3571,schema violation,NOA,unknown tag 'unclear',דֶער,fix per schema
Mishke Mashke,15,line_1638463587221_3576,schema violation,NOA,unknown tag 'unclear',דעָר,fix per schema
Mishke Mashke,15,line_1638463602366_3586,schema violation,NOA,unknown tag 'unclear',שאַרלאָטע,fix per schema
Mishke Mashke,15,line_1638463642717_3596,schema violation,NOA,unknown tag 'unclear',שארלאטע,fix per schema
Mishke Mashke,15,line_1638463642717_3596,schema violation,NOA,unknown tag 'unclear',מייַן,fix per schema
Mishke Mashke,15,line_1638463642717_3596,untagged speaker (named),NOA,label 'שארלאטע' matches cast role,שארלאטע: אַ גוּט יאָהר (צוּ סאַלאַ) זאָג,tag speaker xmlid:sharlata
Mishke Mashke,15,line_1638463646695_3601,schema violation,NOA,unknown tag 'unclear',געָנוּמען,fix per schema
Mishke Mashke,15,line_1638463660895_3606,untagged speaker (named),NOA,label 'סאלא' matches cast role,סאלא: אִיךְ האָבּ מִיךְ אַרויפגעחאַפּט א,tag speaker xmlid:sala
Mishke Mashke,15,line_1638463672025_3616,schema violation,NOA,unknown tag 'unclear',שְׁטאַרְק,fix per schema
Mishke Mashke,15,line_1638463672025_3616,schema violation,NOA,unknown tag 'unclear',אַהעָר,fix per schema
Mishke Mashke,15,line_1638463691125_3626,schema violation,NOA,unknown tag 'unclear',בּרעָנגעָן,fix per schema
Mishke Mashke,15,line_1638463700500_3631,schema violation,NOA,unknown tag 'unclear',שארלאטע,fix per schema
Mishke Mashke,15,line_1638463700500_3631,schema violation,NOA,unknown tag 'unclear',מייַן,fix per schema
Mishke Mashke,15,line_1638463700500_3631,untagged speaker (named),NOA,label 'שארלאטע' matches cast role,שארלאטע: וואוּ אִיז דאָס מייַן קִינְד דִ,tag speaker xmlid:sharlata
Mishke Mashke,15,line_1638463757105_3651,schema violation,NOA,unknown tag 'unclear',שארלאטע,fix per schema
Mishke Mashke,15,line_1638463757105_3651,untagged speaker (named),NOA,label 'שארלאטע' matches cast role,שארלאטע: קוּם סאַלאַ!,tag speaker xmlid:sharlata
Mishke Mashke,15,line_1638463913645_3656,untagged speaker (named),NOA,label 'סאלא' matches cast role,סאלא: גֶעה דוּ אַרײַן מוּטֶער אִיךְ וֶוע,tag speaker xmlid:sala
Mishke Mashke,15,line_1638463916485_3661,schema violation,NOA,unknown tag 'unclear',דֶערְ,fix per schema
Mishke Mashke,15,line_1638463921615_3666,schema violation,NOA,unknown tag 'unclear',דֶערְ,fix per schema
Mishke Mashke,15,line_1638463921615_3666,schema violation,NOA,unknown tag 'unclear',דער,fix per schema
Mishke Mashke,15,line_1638463926275_3671,schema violation,NOA,unknown tag 'unclear',זייַן,fix per schema
Mishke Mashke,15,line_1638463926275_3671,untagged speaker (collective),AUTO,collective 'איינער' — no speaker span,איינער: אִיךְ וֶועל זייַן מרְרְכִי.,tag speaker xmlid:eyner
Mishke Mashke,15,line_1638463994680_3722,untagged speaker (collective),AUTO,collective 'איינער' — no speaker span,איינער: עֶס אִיזְט דאָך מײַן פֶערְד!,tag speaker xmlid:eyner
Mishke Mashke,15,line_1638464001015_3727,untagged speaker (named),NOA,label 'סאלא' matches cast role,סאלא: עַם אִיזְט דָאךְ מײַן שׁטִיער!,tag speaker xmlid:sala
Mishke Mashke,15,line_1638464012786_3732,untagged speaker (collective),AUTO,collective 'איינער' — no speaker span,איינער: נוּא זַײַ דוּ מרְדְכִי! אוּן אִי,tag speaker xmlid:eyner
Mishke Mashke,15,line_1638464901326_3743,schema violation,NOA,unknown tag 'unclear',דֶער,fix per schema
Mishke Mashke,15,line_1638464901326_3743,untagged speaker (named),NOA,label 'סאלא' matches cast role,סאלא: המְן דֶער שׁלֶעכטֶער יוּנְג,tag speaker xmlid:sala
Mishke Mashke,15,line_1638464909476_3753,schema violation,NOA,unknown tag 'unclear',בּרענגען,fix per schema
Mishke Mashke,15,line_1638464929273_3773,untagged speaker (collective),AUTO,collective 'אלע' — no speaker span,אלע: מרְדְכִי! מרְדְכִי! אָלרייט!,tag speaker xmlid:alle
Mishke Mashke,15,line_1638464936583_3778,untagged speaker (named),NOA,label 'סאלא' matches cast role,סאלא: האַ אִין דִי סאַר!,tag speaker xmlid:sala
Mishke Mashke,15,line_1638464946573_3783,schema violation,NOA,unknown tag 'unclear',דֶער,fix per schema
Mishke Mashke,15,line_1638464946573_3783,untagged speaker (collective),AUTO,collective 'אלע' — no speaker span,אלע: המְן המְן אִין סאַר! קוּמְט שׁוֹין ,tag speaker xmlid:alle
Mishke Mashke,15,line_1638464957677_3788,untagged speaker (named),NOA,label 'סאלא' matches cast role,סאלא: עֶס האָט נִישְׁט לאַנְג גֶעדוִיערְ,tag speaker xmlid:sala
Mishke Mashke,15,line_1638464968728_3798,schema violation,NOA,unknown tag 'unclear',דאַבּייַ,fix per schema
Mishke Mashke,15,line_1638464973293_3803,schema violation,NOA,unknown tag 'unclear',זייַן,fix per schema
Mishke Mashke,16,line_1638465056083_3878,schema violation,NOA,unknown tag 'Header',פִיערְטֶער א,fix per schema
Mishke Mashke,16,line_1638465145403_3883,schema violation,NOA,stage span requires a type attribute (no bare stage),"דִי בּיִהנע שׁטֶעלְט פאָר, אַ ז",fix per schema
Mishke Mashke,16,line_1638465145403_3883,schema violation,NOA,unknown tag 'unclear',שׁטֶעלְט,fix per schema
Mishke Mashke,16,line_1638465145403_3883,schema violation,NOA,unknown tag 'unclear',בּיִהנע,fix per schema
Mishke Mashke,16,line_1638465168559_3888,schema violation,NOA,unknown tag 'unclear',שאַרלאָטאַ,fix per schema
Mishke Mashke,16,line_1638465173828_3893,schema violation,NOA,unknown tag 'unclear',רַייַכֶען,fix per schema
Mishke Mashke,16,line_1638465178840_3898,schema violation,NOA,unknown tag 'unclear',דייַנען,fix per schema
Mishke Mashke,16,line_1638465193003_3908,schema violation,NOA,unknown tag 'unclear',שארלאטא,fix per schema
Mishke Mashke,16,line_1638465223134_3918,schema violation,NOA,unknown tag 'unclear',שארלאטא,fix per schema
Mishke Mashke,16,line_1638465248180_3923,schema violation,NOA,unknown tag 'unclear',מייַן,fix per schema
Mishke Mashke,16,line_1638465261906_3928,schema violation,NOA,unknown tag 'unclear',מייַן,fix per schema
Mishke Mashke,16,line_1638465300649_3953,schema violation,NOA,unknown tag 'unclear',פאַהרען,fix per schema
Mishke Mashke,16,line_1638465310320_3963,schema violation,NOA,unknown tag 'unclear',שטאַדט,fix per schema
Mishke Mashke,16,line_1638465313966_3968,schema violation,NOA,unknown tag 'unclear',שׁאָן,fix per schema
Mishke Mashke,16,line_1638465319470_3973,schema violation,NOA,unknown tag 'unclear',מֵייַנֶע,fix per schema
Mishke Mashke,16,line_1638465328028_3978,schema violation,NOA,unknown tag 'unclear',פאַהרען,fix per schema
Mishke Mashke,16,line_1638465339292_3988,schema violation,NOA,unknown tag 'unclear',זייַן,fix per schema
Mishke Mashke,16,line_1638465356164_3998,schema violation,NOA,unknown tag 'unclear',געשוואָהרען,fix per schema
Mishke Mashke,16,line_1638465356164_3998,schema violation,NOA,unknown tag 'unclear',מֵייַנֶע,fix per schema
Mishke Mashke,16,line_1638465360909_4003,schema violation,NOA,unknown tag 'unclear',צייַט,fix per schema
Mishke Mashke,16,line_1638465366387_4008,schema violation,NOA,unknown tag 'unclear',אַבּער,fix per schema
Mishke Mashke,16,line_1638465366387_4008,schema violation,NOA,unknown tag 'unclear',בּייַ,fix per schema
Mishke Mashke,16,line_1638465394584_4033,schema violation,NOA,unknown tag 'unclear',שאַרלאָטאַ,fix per schema
Mishke Mashke,16,line_1638465406475_4043,schema violation,NOA,unknown tag 'unclear',שאַרלאָטאַ,fix per schema
Mishke Mashke,17,line_1638465523454_4174,schema violation,NOA,unknown tag 'unclear',שארלאטא,fix per schema
Mishke Mashke,17,line_1638465553531_4194,schema violation,NOA,unknown tag 'unclear',שאַרלאָטאַ,fix per schema
Mishke Mashke,17,line_1638465623932_4234,schema violation,NOA,unknown tag 'unclear',מיִסטער,fix per schema
Mishke Mashke,17,line_1638465636375_4239,schema violation,NOA,unknown tag 'unclear',פַאַלְשֶׁע ,fix per schema
Mishke Mashke,17,line_1638465642907_4244,schema violation,NOA,unknown tag 'unclear',מַיינֶע,fix per schema
Mishke Mashke,17,line_1638465661235_4254,schema violation,NOA,unknown tag 'unclear',נייַען,fix per schema
Mishke Mashke,17,line_1638465682635_4264,schema violation,NOA,unknown tag 'unclear',שאַרלאָטאַ,fix per schema
Mishke Mashke,17,line_1638465690505_4269,schema violation,NOA,unknown tag 'unclear',שיקזאַל,fix per schema
Mishke Mashke,17,line_1638465705259_4279,schema violation,NOA,unknown tag 'unclear',שיקזאַל,fix per schema
Mishke Mashke,17,line_1638465705259_4279,schema violation,NOA,unknown tag 'unclear',אַבּער,fix per schema
Mishke Mashke,17,line_1638465715404_4289,schema violation,NOA,unknown tag 'unclear',געשלאָסען,fix per schema
Mishke Mashke,17,line_1638465715404_4289,schema violation,NOA,unknown tag 'unclear',אַבּער,fix per schema
Mishke Mashke,17,line_1638465739148_4304,schema violation,NOA,unknown tag 'unclear',שׁאָן,fix per schema
Mishke Mashke,17,line_1638465746520_4309,schema violation,NOA,unknown tag 'unclear',מַיינֶע,fix per schema
Mishke Mashke,17,line_1638465746520_4309,schema violation,NOA,unknown tag 'unclear',געֵה,fix per schema
Mishke Mashke,17,line_1638465781593_4322,schema violation,NOA,unknown tag 'unclear',אַבּער,fix per schema
Mishke Mashke,17,line_1638465786619_4327,schema violation,NOA,unknown tag 'unclear',זייַ,fix per schema
Mishke Mashke,17,line_1638465792008_4332,schema violation,NOA,unknown tag 'unclear',שאַרלאָטאַ,fix per schema
Mishke Mashke,17,line_1638465792008_4332,schema violation,NOA,unknown tag 'unclear',מֵייַנֶע,fix per schema
Mishke Mashke,17,line_1638466644982_4337,schema violation,NOA,unknown tag 'unclear',מאָנקאַדזשאוּ,fix per schema
Mishke Mashke,17,line_1638466644982_4337,schema violation,NOA,unknown tag 'unclear',געשראָקען,fix per schema
Mishke Mashke,17,line_1638466651650_4342,schema violation,NOA,unknown tag 'unclear',מאָנקאַדשאוּ,fix per schema
Mishke Mashke,17,line_1638466651650_4342,schema violation,NOA,unknown tag 'unclear',געשטאָרבּען,fix per schema
Mishke Mashke,17,line_1638466651650_4342,schema violation,NOA,unknown tag 'unclear',שׁאָן,fix per schema
Mishke Mashke,17,line_1638466656206_4347,schema violation,NOA,unknown tag 'unclear',שׁאָן,fix per schema
Mishke Mashke,17,line_1638466665745_4352,schema violation,NOA,unknown tag 'unclear',מאנקאדזשאו,fix per schema
Mishke Mashke,17,line_1638466665745_4352,schema violation,NOA,unknown tag 'unclear',מאָנקאַדזשאוּ,fix per schema
Mishke Mashke,17,line_1638466665745_4352,schema violation,NOA,unknown tag 'unclear',לֶעבְּט,fix per schema
Mishke Mashke,17,line_1638466672237_4357,schema violation,NOA,unknown tag 'unclear',מאָנקאַרזשאוּ,fix per schema
Mishke Mashke,17,line_1638466716059_4407,schema violation,NOA,unknown tag 'unclear',מאנקאדזשאו,fix per schema
Mishke Mashke,17,line_1638466742313_4416,schema violation,NOA,unknown tag 'unclear',מאָנקאַדזשאוּ,fix per schema
Mishke Mashke,17,line_1638466749879_4421,schema violation,NOA,unknown tag 'unclear',מאנקאדזשאו,fix per schema
Mishke Mashke,17,line_1638466749879_4421,schema violation,NOA,unknown tag 'unclear',פֶענְסטֶער,fix per schema
Mishke Mashke,17,line_1638466773885_4436,schema violation,NOA,unknown tag 'unclear',מאנקאדזשאו,fix per schema
Mishke Mashke,17,line_1638466784681_4441,schema violation,NOA,unknown tag 'unclear',מאָנקאַדזשאוּ,fix per schema
Mishke Mashke,17,line_1638466796431_4446,schema violation,NOA,unknown tag 'unclear',מאנקאדזשאו,fix per schema
Mishke Mashke,17,line_1638466796431_4446,schema violation,NOA,unknown tag 'unclear',שׁאָן,fix per schema
Mishke Mashke,17,line_1638466833111_4461,schema violation,NOA,unknown tag 'unclear',מאָנקאַדזשאוּ,fix per schema
Mishke Mashke,17,line_1638466856611_4476,schema violation,NOA,unknown tag 'unclear',מאנקאדזשאו,fix per schema
Mishke Mashke,17,line_1638466856611_4476,schema violation,NOA,unknown tag 'unclear',שׁאָן,fix per schema
Mishke Mashke,17,line_1638466860639_4481,schema violation,NOA,unknown tag 'unclear',גֶעהן,fix per schema
Mishke Mashke,17,line_1638466860639_4481,schema violation,NOA,unknown tag 'unclear',גֶעה,fix per schema
Mishke Mashke,17,line_1638466867588_4486,schema violation,NOA,unknown tag 'unclear',מאָנקאַדזשאוּ,fix per schema
Mishke Mashke,17,line_1638466885129_4491,schema violation,NOA,unknown tag 'unclear',מאנקאדזשאו,fix per schema
Mishke Mashke,17,line_1638466885129_4491,schema violation,NOA,unknown tag 'unclear',מאָנקאַדזשאוּ,fix per schema
Mishke Mashke,17,line_1638466919876_4511,schema violation,NOA,unknown tag 'unclear',מאנקאדזשאו,fix per schema
Mishke Mashke,17,line_1638466972431_4516,schema violation,NOA,unknown tag 'unclear',לעֶבּט,fix per schema
Mishke Mashke,17,line_1638466972431_4516,schema violation,NOA,unknown tag 'unclear',אַבּעֶר,fix per schema
Mishke Mashke,17,line_1638466990776_4526,schema violation,NOA,unknown tag 'unclear',מאנקאדזשאו,fix per schema
Mishke Mashke,17,line_1638467053762_4536,schema violation,NOA,unknown tag 'unclear',מאנקאדזשאו,fix per schema
Mishke Mashke,17,line_1638467056971_4541,schema violation,NOA,unknown tag 'unclear',בּייַ,fix per schema
Mishke Mashke,17,line_1638467061446_4546,schema violation,NOA,unknown tag 'unclear',שלאַק,fix per schema
Mishke Mashke,17,line_1638467065057_4551,schema violation,NOA,unknown tag 'unclear',טִישׁ,fix per schema
Mishke Mashke,17,line_1638467079753_4561,schema violation,NOA,unknown tag 'unclear',מאנקאדזשאו,fix per schema
Mishke Mashke,17,line_1638467079753_4561,schema violation,NOA,unknown tag 'unclear',בֵּיי,fix per schema
Mishke Mashke,17,line_1638467103023_4581,schema violation,NOA,unknown tag 'unclear',מאנקאדזשאו,fix per schema
Mishke Mashke,17,line_1638467111049_4586,schema violation,NOA,unknown tag 'unclear',וויִרסט,fix per schema
Mishke Mashke,18,line_1638467497086_4791,schema violation,NOA,unknown tag 'unclear',מאנקאדזשאו,fix per schema
Mishke Mashke,18,line_1638467578697_4806,schema violation,NOA,unknown tag 'unclear',מאנקאדזשאו,fix per schema
Mishke Mashke,18,line_1638467582736_4811,schema violation,NOA,unknown tag 'unclear',גלייַכע,fix per schema
Mishke Mashke,18,line_1638467625850_4826,schema violation,NOA,unknown tag 'unclear',דַייַנֶע,fix per schema
Mishke Mashke,18,line_1638467678804_4836,schema violation,NOA,unknown tag 'unclear',מאנקאדזשאו,fix per schema
Mishke Mashke,18,line_1638467706572_4851,schema violation,NOA,unknown tag 'unclear',מֵייַנֶע,fix per schema
Mishke Mashke,18,line_1638467706572_4851,schema violation,NOA,unknown tag 'unclear',שׁאָן,fix per schema
Mishke Mashke,18,line_1638467757139_4866,schema violation,NOA,unknown tag 'unclear',אויפגעשריִבען,fix per schema
Mishke Mashke,18,line_1638467757139_4866,schema violation,NOA,unknown tag 'unclear',הִיער,fix per schema
Mishke Mashke,18,line_1638467760690_4871,schema violation,NOA,unknown tag 'unclear',מאָנקאַדזשאו,fix per schema
Mishke Mashke,18,line_1638467776391_4881,schema violation,NOA,unknown tag 'unclear',מאנקאדזשאו,fix per schema
Mishke Mashke,18,line_1638467776391_4881,schema violation,NOA,unknown tag 'unclear',אַבּער,fix per schema
Mishke Mashke,18,line_1638467785366_4886,schema violation,NOA,unknown tag 'unclear',שׁאָן,fix per schema
Mishke Mashke,18,line_1638467793300_4891,schema violation,NOA,unknown tag 'unclear',מאנקאדזשאו,fix per schema
Mishke Mashke,18,line_1638467793300_4891,schema violation,NOA,unknown tag 'unclear',שׁאָן,fix per schema
Mishke Mashke,18,line_1638467911699_4911,schema violation,NOA,unknown tag 'unclear',גֶעשֶׁעָהֶעֵן,fix per schema
Mishke Mashke,18,line_1638467911699_4911,schema violation,NOA,unknown tag 'unclear',שאַרלאָטאַ,fix per schema
Mishke Mashke,18,line_1638467914910_4916,schema violation,NOA,unknown tag 'unclear',מאָנקאַדזשאו,fix per schema
Mishke Mashke,18,line_1638467922485_4921,schema violation,NOA,unknown tag 'unclear',מאנקאדזשאו,fix per schema
Mishke Mashke,18,line_1638467922485_4921,schema violation,NOA,unknown tag 'unclear',שׁאָן,fix per schema
Mishke Mashke,18,line_1638467931065_4931,schema violation,NOA,unknown tag 'unclear',אַבּער,fix per schema
Mishke Mashke,18,line_1638467931065_4931,schema violation,NOA,unknown tag 'unclear',אַבּער,fix per schema
Mishke Mashke,18,line_1638467931065_4931,schema violation,NOA,unknown tag 'unclear',שׁאָן,fix per schema
Mishke Mashke,18,line_1638467935701_4936,schema violation,NOA,unknown tag 'unclear',אַבּער,fix per schema
Mishke Mashke,18,line_1638467939722_4941,schema violation,NOA,unknown tag 'unclear',אִי,fix per schema
Mishke Mashke,18,line_1638468085656_5117,schema violation,NOA,unknown tag 'Header',פִינְפטֶער א,fix per schema
Mishke Mashke,18,line_1638468094031_5122,schema violation,NOA,unknown tag 'unclear',שאַרלאָטאַ'ס,fix per schema
Mishke Mashke,18,line_1638468094031_5122,schema violation,NOA,unknown tag 'unclear',שאַרלאָטאַ,fix per schema
Mishke Mashke,18,line_1638468110484_5132,schema violation,NOA,unknown tag 'unclear',שאַרלאָטאַ,fix per schema
Mishke Mashke,18,line_1638468115563_5137,schema violation,NOA,unknown tag 'unclear',עשאַפאָט,fix per schema
Mishke Mashke,18,line_1638468119045_5142,schema violation,NOA,unknown tag 'unclear',בְּלַייַבֶּען,fix per schema
Mishke Mashke,18,line_1638468119045_5142,schema violation,NOA,unknown tag 'unclear',הִיער,fix per schema
Mishke Mashke,18,line_1638468119045_5142,schema violation,NOA,unknown tag 'unclear',הִיער,fix per schema
Mishke Mashke,18,line_1638468119045_5142,schema violation,NOA,unknown tag 'unclear',שׁאָן,fix per schema
Mishke Mashke,18,line_1638468122239_5147,schema violation,NOA,unknown tag 'unclear',שאַרלאָטאַ,fix per schema
Mishke Mashke,18,line_1638468125082_5152,schema violation,NOA,unknown tag 'unclear',שאַרלאָטאַ,fix per schema
Mishke Mashke,18,line_1638468132156_5157,schema violation,NOA,unknown tag 'unclear',שארלאטא,fix per schema
Mishke Mashke,18,line_1638468140058_5162,schema violation,NOA,unknown tag 'unclear',שאַרלאָטאַ,fix per schema
Mishke Mashke,18,line_1638468140058_5162,schema violation,NOA,unknown tag 'unclear',היִער,fix per schema
Mishke Mashke,18,line_1638468148410_5167,schema violation,NOA,unknown tag 'unclear',שארלאטא,fix per schema
Mishke Mashke,18,line_1638468148410_5167,schema violation,NOA,unknown tag 'unclear',מֵייַנֶע,fix per schema
Mishke Mashke,18,line_1638468237144_5172,schema violation,NOA,unknown tag 'unclear',מֵייַנֶעם,fix per schema
Mishke Mashke,18,line_1638468237144_5172,schema violation,NOA,unknown tag 'unclear',מֵייַנֶע,fix per schema
Mishke Mashke,18,line_1638468237144_5172,schema violation,NOA,unknown tag 'unclear',לֶעבּעֶן,fix per schema
Mishke Mashke,18,line_1638468241411_5177,schema violation,NOA,unknown tag 'unclear',עשאַפאָט,fix per schema
Mishke Mashke,18,line_1638468287979_5192,schema violation,NOA,unknown tag 'unclear',שארלאטא,fix per schema
Mishke Mashke,18,line_1638468292215_5197,schema violation,NOA,unknown tag 'unclear',מאָשקע,fix per schema
Mishke Mashke,18,line_1638468292215_5197,schema violation,NOA,unknown tag 'unclear',מיִשקע,fix per schema
Mishke Mashke,18,line_1638468298397_5202,schema violation,NOA,unknown tag 'unclear',מישקע,fix per schema
Mishke Mashke,18,line_1638468304853_5207,schema violation,NOA,unknown tag 'unclear',פאָרצוּשטעלען,fix per schema
Mishke Mashke,18,line_1638468354935_5217,schema violation,NOA,unknown tag 'unclear',מאשקע,fix per schema
Mishke Mashke,18,line_1638468370385_5227,schema violation,NOA,unknown tag 'unclear',מאָשקע,fix per schema
Mishke Mashke,18,line_1638468370385_5227,schema violation,NOA,unknown tag 'unclear',מישקע,fix per schema
Mishke Mashke,18,line_1638468370385_5227,schema violation,NOA,unknown tag 'unclear',העָרר,fix per schema
Mishke Mashke,18,line_1638468386202_5232,schema violation,NOA,unknown tag 'unclear',מאשקע,fix per schema
Mishke Mashke,18,line_1638468386202_5232,schema violation,NOA,unknown tag 'unclear',מִישׁקֶע,fix per schema
Mishke Mashke,18,line_1638468394177_5237,schema violation,NOA,unknown tag 'unclear',מישקע,fix per schema
Mishke Mashke,18,line_1638468394177_5237,schema violation,NOA,unknown tag 'unclear',אָבֶּער,fix per schema
Mishke Mashke,18,line_1638468407771_5247,schema violation,NOA,unknown tag 'unclear',שארלאטא,fix per schema
Mishke Mashke,18,line_1638468407771_5247,schema violation,NOA,unknown tag 'unclear',שִׁיִקֶען ,fix per schema
Mishke Mashke,18,line_1638468515766_5252,schema violation,NOA,unknown tag 'unclear',מאשקע,fix per schema
Mishke Mashke,18,line_1638468569464_5275,schema violation,NOA,unknown tag 'unclear',מישקע,fix per schema
Mishke Mashke,18,line_1638468572556_5280,schema violation,NOA,unknown tag 'unclear',בּייַ,fix per schema
Mishke Mashke,19,line_1638468769102_5409,schema violation,NOA,unknown tag 'unclear',מאשקע,fix per schema
Mishke Mashke,19,line_1638468773414_5414,schema violation,NOA,unknown tag 'unclear',מאָנקאַדזשאוּ,fix per schema
Mishke Mashke,19,line_1638468773414_5414,schema violation,NOA,unknown tag 'unclear',בּיִסינג,fix per schema
Mishke Mashke,19,line_1638468783902_5419,schema violation,NOA,unknown tag 'unclear',מאָנקאַדזשאוּ,fix per schema
Mishke Mashke,19,line_1638468783902_5419,schema violation,NOA,unknown tag 'unclear',בִּיסִינְג,fix per schema
Mishke Mashke,19,line_1638468793091_5424,schema violation,NOA,unknown tag 'unclear',מאָנקאַרזשאוּ,fix per schema
Mishke Mashke,19,line_1638468798147_5429,schema violation,NOA,unknown tag 'unclear',בִּיסִינְג,fix per schema
Mishke Mashke,19,line_1638468811190_5434,schema violation,NOA,unknown tag 'unclear',גֶעשֶׁעפטֶען,fix per schema
Mishke Mashke,19,line_1638468811190_5434,schema violation,NOA,unknown tag 'unclear',מאשקע,fix per schema
Mishke Mashke,19,line_1638468811190_5434,schema violation,NOA,unknown tag 'unclear',אָבֶּער,fix per schema
Mishke Mashke,19,line_1638468820127_5439,schema violation,NOA,unknown tag 'unclear',מאָנקאַדזשאוּ,fix per schema
Mishke Mashke,19,line_1638468820127_5439,schema violation,NOA,unknown tag 'unclear',בּיסינג,fix per schema
Mishke Mashke,19,line_1638468820127_5439,schema violation,NOA,unknown tag 'unclear',אַבּער,fix per schema
Mishke Mashke,19,line_1638468833699_5449,schema violation,NOA,unknown tag 'unclear',מאשקע,fix per schema
Mishke Mashke,19,line_1638468833699_5449,schema violation,NOA,unknown tag 'unclear',אָבֶּער,fix per schema
Mishke Mashke,19,line_1638468859253_5464,schema violation,NOA,unknown tag 'unclear',קעשעניאָוו,fix per schema
Mishke Mashke,19,line_1638468867078_5469,schema violation,NOA,unknown tag 'unclear',מאַלעריִקאַ,fix per schema
Mishke Mashke,19,line_1638468878044_5479,schema violation,NOA,unknown tag 'unclear',נִישְׁט,fix per schema
Mishke Mashke,19,line_1638468884164_5484,schema violation,NOA,unknown tag 'unclear',קאַפּעליוּש,fix per schema
Mishke Mashke,19,line_1638468884164_5484,schema violation,NOA,unknown tag 'unclear',עֶפִּיס,fix per schema
Mishke Mashke,19,line_1638468904928_5499,schema violation,NOA,unknown tag 'unclear',מאשקע,fix per schema
Mishke Mashke,19,line_1638468945214_5534,schema violation,NOA,unknown tag 'unclear',מאשקע,fix per schema
Mishke Mashke,19,line_1638468945214_5534,schema violation,NOA,unknown tag 'unclear',מחִיה,fix per schema
Mishke Mashke,19,line_1638468953667_5539,schema violation,NOA,unknown tag 'unclear',זייַן,fix per schema
Mishke Mashke,19,line_1638468964543_5544,schema violation,NOA,unknown tag 'unclear',מאַלעריִקאַנער,fix per schema
Mishke Mashke,19,line_1638468964543_5544,schema violation,NOA,unknown tag 'unclear',מאַלעריִקאַ,fix per schema
Mishke Mashke,19,line_1638468964543_5544,schema violation,NOA,unknown tag 'unclear',עָפּיס,fix per schema
Mishke Mashke,19,line_1638468971286_5549,schema violation,NOA,unknown tag 'unclear',קעשעניאָוו,fix per schema
Mishke Mashke,19,line_1638468981779_5559,schema violation,NOA,unknown tag 'unclear',קאַפּעליוּש,fix per schema
Mishke Mashke,19,line_1638468981779_5559,schema violation,NOA,unknown tag 'unclear',מאַלעריקאַ,fix per schema
Mishke Mashke,19,line_1638468992707_5569,schema violation,NOA,unknown tag 'unclear',מאַלעריקאַ,fix per schema
Mishke Mashke,19,line_1638468992707_5569,schema violation,NOA,unknown tag 'unclear',מייַן,fix per schema
Mishke Mashke,19,line_1638468992707_5569,schema violation,NOA,unknown tag 'unclear',נִישְׁט,fix per schema
Mishke Mashke,19,line_1638468996932_5574,schema violation,NOA,unknown tag 'unclear',קעשעניאָוו,fix per schema
Mishke Mashke,19,line_1638468996932_5574,schema violation,NOA,unknown tag 'unclear',ניִשט,fix per schema
Mishke Mashke,19,line_1638469000928_5579,schema violation,NOA,unknown tag 'unclear',קעשעניאָוו,fix per schema
Mishke Mashke,19,line_1638469008602_5584,schema violation,NOA,unknown tag 'unclear',גֶעהן,fix per schema
Mishke Mashke,19,line_1638469008602_5584,schema violation,NOA,unknown tag 'unclear',אָבֶּעָר,fix per schema
Mishke Mashke,19,line_1638469016294_5589,schema violation,NOA,unknown tag 'unclear',מאַלעריִקע,fix per schema
Mishke Mashke,19,line_1638469016294_5589,schema violation,NOA,unknown tag 'unclear',שאַרלאָטאַ,fix per schema
Mishke Mashke,19,line_1638469024654_5594,schema violation,NOA,unknown tag 'unclear',מאָשקע,fix per schema
Mishke Mashke,19,line_1638469024654_5594,schema violation,NOA,unknown tag 'unclear',עֶפִּיס,fix per schema
Mishke Mashke,19,line_1638469095178_5665,schema violation,NOA,unknown tag 'unclear',מאשקע,fix per schema
Mishke Mashke,19,line_1638469106768_5675,schema violation,NOA,unknown tag 'unclear',אַלֵיין,fix per schema
Mishke Mashke,19,line_1638469111875_5680,schema violation,NOA,unknown tag 'unclear',שארלאטא,fix per schema
Mishke Mashke,19,line_1638469152618_5694,schema violation,NOA,unknown tag 'unclear',זייַן,fix per schema
Mishke Mashke,19,line_1638469156633_5699,schema violation,NOA,unknown tag 'unclear',מאַלעריקאַ,fix per schema
Mishke Mashke,19,line_1638469156633_5699,schema violation,NOA,unknown tag 'unclear',אַליֵין,fix per schema
Mishke Mashke,19,line_1638469162869_5704,schema violation,NOA,unknown tag 'unclear',שארלאטא,fix per schema
Mishke Mashke,19,line_1638469207461_5714,schema violation,NOA,unknown tag 'unclear',קעשעניאָוו,fix per schema
Mishke Mashke,19,line_1638469207461_5714,schema violation,NOA,unknown tag 'unclear',שארלאטא,fix per schema
Mishke Mashke,19,line_1638469214271_5719,schema violation,NOA,unknown tag 'unclear',קעשעניאָוו,fix per schema
Mishke Mashke,19,line_1638469214271_5719,schema violation,NOA,unknown tag 'unclear',קעשעניאָוו,fix per schema
Mishke Mashke,19,line_1638469214271_5719,schema violation,NOA,unknown tag 'unclear',מאָשקע,fix per schema
Mishke Mashke,19,line_1638469217731_5724,schema violation,NOA,unknown tag 'unclear',קעשעניאָוו,fix per schema
Mishke Mashke,19,line_1638469217731_5724,schema violation,NOA,unknown tag 'unclear',קעשעניאָוו,fix per schema
Mishke Mashke,19,line_1638469227076_5734,schema violation,NOA,unknown tag 'unclear',שארלאטא,fix per schema
Mishke Mashke,19,line_1638469235051_5739,schema violation,NOA,unknown tag 'unclear',נִישְׁט,fix per schema
Mishke Mashke,19,line_1638469242391_5744,schema violation,NOA,unknown tag 'unclear',שארלאטא,fix per schema
Mishke Mashke,19,line_1638469248566_5749,schema violation,NOA,unknown tag 'unclear',אָמעריִקאַ,fix per schema
Mishke Mashke,19,line_1638469252911_5754,schema violation,NOA,unknown tag 'unclear',געשטאָרבען,fix per schema
Mishke Mashke,19,line_1638469258581_5759,schema violation,NOA,unknown tag 'unclear',געשטאָרבּען,fix per schema
Mishke Mashke,19,line_1638469266921_5764,schema violation,NOA,unknown tag 'unclear',פערבּייַטסט,fix per schema
Mishke Mashke,19,line_1638469266921_5764,schema violation,NOA,unknown tag 'unclear',מאשקע,fix per schema
Mishke Mashke,19,line_1638469277391_5774,schema violation,NOA,unknown tag 'unclear',געשטאָרבּען,fix per schema
Mishke Mashke,19,line_1638469277391_5774,schema violation,NOA,unknown tag 'unclear',מאשקע,fix per schema
Mishke Mashke,19,line_1638469290766_5784,schema violation,NOA,unknown tag 'unclear',שארלאטא,fix per schema
Mishke Mashke,19,line_1638469295456_5789,schema violation,NOA,unknown tag 'unclear',געשטאָרבּען,fix per schema
Mishke Mashke,19,line_1638469301551_5794,schema violation,NOA,unknown tag 'unclear',מאָשקע,fix per schema
Mishke Mashke,19,line_1638469311373_5799,schema violation,NOA,unknown tag 'unclear',מאשקע,fix per schema
Mishke Mashke,19,line_1638469323331_5809,schema violation,NOA,unknown tag 'unclear',שארלאטא,fix per schema
Mishke Mashke,19,line_1638469332211_5819,schema violation,NOA,unknown tag 'unclear',געשיִכטע,fix per schema
Mishke Mashke,19,line_1638469332211_5819,schema violation,NOA,unknown tag 'unclear',שׁאָן,fix per schema
Mishke Mashke,19,line_1638469348101_5829,schema violation,NOA,unknown tag 'unclear',גֶעשִׁיכטֶע,fix per schema
Mishke Mashke,19,line_1638469348101_5829,schema violation,NOA,unknown tag 'unclear',גֶעשִׁיכטֶע,fix per schema
Mishke Mashke,19,line_1638469356021_5834,schema violation,NOA,unknown tag 'unclear',גֶעשִׁיכטֶע,fix per schema
Mishke Mashke,19,line_1638469370386_5849,schema violation,NOA,unknown tag 'unclear',געֶהעָרט,fix per schema
Mishke Mashke,19,line_1638469370386_5849,schema violation,NOA,unknown tag 'unclear',שׁטִיקֶעל,fix per schema
Mishke Mashke,19,line_1638469370386_5849,schema violation,NOA,unknown tag 'unclear',צייַט,fix per schema
Mishke Mashke,19,line_1638469373491_5854,schema violation,NOA,unknown tag 'unclear',מיַין,fix per schema
Mishke Mashke,20,line_1638469503961_6016,schema violation,NOA,unknown tag 'unclear',געשטאָרבּען,fix per schema
Mishke Mashke,20,line_1638469509241_6021,schema violation,NOA,unknown tag 'unclear',הייַסט,fix per schema
Mishke Mashke,20,line_1638469517151_6026,schema violation,NOA,unknown tag 'unclear',שארלאטא,fix per schema
Mishke Mashke,20,line_1638469517151_6026,schema violation,NOA,unknown tag 'unclear',שאַרלאָטאַ,fix per schema
Mishke Mashke,20,line_1638469533181_6031,schema violation,NOA,unknown tag 'unclear',שקאַרלאָטאַ,fix per schema
Mishke Mashke,20,line_1638469533181_6031,schema violation,NOA,unknown tag 'unclear',שקאַרלאָטע,fix per schema
Mishke Mashke,20,line_1638469533181_6031,schema violation,NOA,unknown tag 'unclear',שֶׁעַהנֶער,fix per schema
Mishke Mashke,20,line_1638469533181_6031,schema violation,NOA,unknown tag 'unclear',מישקע,fix per schema
Mishke Mashke,20,line_1638469545738_6041,schema violation,NOA,unknown tag 'unclear',קעשעניאָוו,fix per schema
Mishke Mashke,20,line_1638469552221_6046,schema violation,NOA,unknown tag 'unclear',שיֵינדעלע,fix per schema
Mishke Mashke,20,line_1638469552221_6046,schema violation,NOA,unknown tag 'unclear',שארלאטא,fix per schema
Mishke Mashke,20,line_1638469561111_6051,schema violation,NOA,unknown tag 'unclear',מישקע,fix per schema
Mishke Mashke,20,line_1638469565631_6056,schema violation,NOA,unknown tag 'unclear',עִפּיִס,fix per schema
Mishke Mashke,20,line_1638469565631_6056,schema violation,NOA,unknown tag 'unclear',זעָהן,fix per schema
Mishke Mashke,20,line_1638469571516_6061,schema violation,NOA,unknown tag 'unclear',מאשקע,fix per schema
Mishke Mashke,20,line_1638469571516_6061,schema violation,NOA,unknown tag 'unclear',מיִשקע,fix per schema
Mishke Mashke,20,line_1638469571516_6061,schema violation,NOA,unknown tag 'unclear',נִישְׁט,fix per schema
Mishke Mashke,20,line_1638469585571_6066,schema violation,NOA,unknown tag 'unclear',מישקע,fix per schema
Mishke Mashke,20,line_1638469585571_6066,schema violation,NOA,unknown tag 'unclear',זייַן,fix per schema
Mishke Mashke,20,line_1638469585571_6066,schema violation,NOA,unknown tag 'unclear',נִישְׁט,fix per schema
Mishke Mashke,20,line_1638469605561_6081,schema violation,NOA,unknown tag 'unclear',מיִשקע,fix per schema
Mishke Mashke,20,line_1638469605561_6081,schema violation,NOA,unknown tag 'unclear',מיִשקע,fix per schema
Mishke Mashke,20,line_1638469619721_6096,schema violation,NOA,unknown tag 'unclear',שארלאטא,fix per schema
Mishke Mashke,20,line_1638469619721_6096,schema violation,NOA,unknown tag 'unclear',הֶער,fix per schema
Mishke Mashke,20,line_1638469626165_6101,schema violation,NOA,unknown tag 'unclear',מישקע,fix per schema
Mishke Mashke,20,line_1638469630540_6106,schema violation,NOA,unknown tag 'unclear',שיֵינדעלע,fix per schema
Mishke Mashke,20,line_1638469642671_6111,schema violation,NOA,unknown tag 'unclear',שיֵינדעלע,fix per schema
Mishke Mashke,20,line_1638469642671_6111,schema violation,NOA,unknown tag 'unclear',מאשקע,fix per schema
Mishke Mashke,20,line_1638469642671_6111,schema violation,NOA,unknown tag 'unclear',הֶער,fix per schema
Mishke Mashke,20,line_1638469647426_6116,schema violation,NOA,unknown tag 'unclear',מאָשקע,fix per schema
Mishke Mashke,20,line_1638469658020_6126,schema violation,NOA,unknown tag 'unclear',מאָשקע,fix per schema
Mishke Mashke,20,line_1638469658020_6126,schema violation,NOA,unknown tag 'unclear',מישקע,fix per schema
Mishke Mashke,20,line_1638469665780_6131,schema violation,NOA,unknown tag 'unclear',שיֵינדעלע,fix per schema
Mishke Mashke,20,line_1638469665780_6131,schema violation,NOA,unknown tag 'unclear',מאשקע,fix per schema
Mishke Mashke,20,line_1638469671675_6136,schema violation,NOA,unknown tag 'unclear',שַׁיינְדֶעלֶע,fix per schema
Mishke Mashke,20,line_1638469671675_6136,schema violation,NOA,unknown tag 'unclear',מישקע,fix per schema
Mishke Mashke,20,line_1638469680186_6146,schema violation,NOA,unknown tag 'unclear',שיֵינדעלע,fix per schema
Mishke Mashke,20,line_1638469702991_6156,schema violation,NOA,unknown tag 'unclear',מישקע,fix per schema
Mishke Mashke,20,line_1638469712060_6161,schema violation,NOA,unknown tag 'unclear',שַׁיינְדֶעלֶע,fix per schema
Mishke Mashke,20,line_1638469725158_6171,schema violation,NOA,unknown tag 'unclear',מישקע,fix per schema
Mishke Mashke,20,line_1638469725158_6171,schema violation,NOA,unknown tag 'unclear',נִישְׁט,fix per schema
Mishke Mashke,20,line_1638469737145_6181,schema violation,NOA,unknown tag 'unclear',שארלאטא,fix per schema
Mishke Mashke,20,line_1638469743260_6186,schema violation,NOA,unknown tag 'unclear',זֶעהן,fix per schema
Mishke Mashke,20,line_1638469930530_6380,schema violation,NOA,unknown tag 'unclear',מישקע,fix per schema
Mishke Mashke,20,line_1638469938580_6385,schema violation,NOA,unknown tag 'unclear',מאשקע,fix per schema
Mishke Mashke,20,line_1638469949490_6395,schema violation,NOA,unknown tag 'unclear',מישקע,fix per schema
Mishke Mashke,20,line_1638469949490_6395,schema violation,NOA,unknown tag 'unclear',גֶעהן,fix per schema
Mishke Mashke,20,line_1638469955170_6400,schema violation,NOA,unknown tag 'unclear',מאשקע,fix per schema
Mishke Mashke,20,line_1638469955170_6400,schema violation,NOA,unknown tag 'unclear',נִישְׁט,fix per schema
Mishke Mashke,20,line_1638469976400_6419,schema violation,NOA,unknown tag 'unclear',וִויִלְקָאָמֶען,fix per schema
Mishke Mashke,20,line_1638469983310_6424,schema violation,NOA,unknown tag 'unclear',מישקע,fix per schema
Mishke Mashke,20,line_1638469988440_6429,schema violation,NOA,unknown tag 'unclear',עֶפִּיס,fix per schema
Mishke Mashke,20,line_1638469988440_6429,schema violation,NOA,unknown tag 'unclear',זֶעהן,fix per schema
Mishke Mashke,20,line_1638469995635_6434,schema violation,NOA,unknown tag 'unclear',מאשקע,fix per schema
Mishke Mashke,20,line_1638470002179_6439,schema violation,NOA,unknown tag 'unclear',ניִשט,fix per schema
Mishke Mashke,20,line_1638470008889_6444,schema violation,NOA,unknown tag 'unclear',מישקע,fix per schema
Mishke Mashke,20,line_1638470008889_6444,schema violation,NOA,unknown tag 'unclear',זַיין,fix per schema
Mishke Mashke,20,line_1638470008889_6444,schema violation,NOA,unknown tag 'unclear',נִישְׁט,fix per schema
Mishke Mashke,20,line_1638470011759_6449,schema violation,NOA,unknown tag 'unclear',דֶערְקֶענְט,fix per schema
Mishke Mashke,20,line_1638470032659_6464,schema violation,NOA,unknown tag 'unclear',מישקע,fix per schema
Mishke Mashke,20,line_1638470045794_6474,schema violation,NOA,unknown tag 'unclear',דֶערְקֶענְט,fix per schema
Mishke Mashke,20,line_1638470045794_6474,schema violation,NOA,unknown tag 'unclear',מאשקע,fix per schema
Mishke Mashke,20,line_1638470074559_6517,schema violation,NOA,unknown tag 'unclear',שְׁוַואָגֶער,fix per schema
Mishke Mashke,20,line_1638470074559_6517,schema violation,NOA,unknown tag 'unclear',מאָשקע,fix per schema
Mishke Mashke,20,line_1638470086139_6527,schema violation,NOA,unknown tag 'unclear',מאשקע,fix per schema
Mishke Mashke,20,line_1638470086139_6527,schema violation,NOA,unknown tag 'unclear',הֶערְ,fix per schema
Mishke Mashke,20,line_1638470101409_6542,schema violation,NOA,unknown tag 'unclear',מאשקע,fix per schema
Mishke Mashke,20,line_1638470109909_6552,untagged speaker (collective),AUTO,collective 'אלע' — no speaker span,אלע: וואָס?!,tag speaker xmlid:alle
Mishke Mashke,20,line_1638470115839_6557,schema violation,NOA,unknown tag 'unclear',מאשקע,fix per schema
Mishke Mashke,20,line_1638470115839_6557,schema violation,NOA,unknown tag 'unclear',נִישְׁט,fix per schema
Mishke Mashke,20,line_1638470172279_6592,schema violation,NOA,unknown tag 'unclear',קלְיֵין,fix per schema
Mishke Mashke,20,line_1638470180359_6597,schema violation,NOA,unknown tag 'unclear',שארלאטא,fix per schema
Mishke Mashke,20,line_1638470180359_6597,schema violation,NOA,unknown tag 'unclear',העָר,fix per schema
Mishke Mashke,20,line_1638470188109_6602,schema violation,NOA,unknown tag 'unclear',נִישְׁט,fix per schema
Mishke Mashke,20,line_1638470188109_6602,untagged speaker (named),NOA,label 'ביסיגג' matches cast role,"ביסיגג: אָה, נֵיין! רוּף מִיךְ נִישְׁט מ",tag speaker xmlid:bising
Mishke Mashke,20,line_1638470214889_6617,untagged speaker (collective),AUTO,collective 'אלע' — no speaker span,אלע: מֶערְדֶער?,tag speaker xmlid:alle
Mishke Mashke,21,line_1638470331919_6738,schema violation,NOA,unknown tag 'unclear',לֶעבֶּען,fix per schema
Mishke Mashke,21,line_1638470331919_6738,schema violation,NOA,unknown tag 'unclear',זייַן,fix per schema
Mishke Mashke,21,line_1638470331919_6738,schema violation,NOA,unknown tag 'unclear',בּייַ,fix per schema
Mishke Mashke,21,line_1638470340754_6748,schema violation,NOA,unknown tag 'unclear',מֵייַנֶען,fix per schema
Mishke Mashke,21,line_1638470340754_6748,schema violation,NOA,unknown tag 'unclear',מֵייַנֶע,fix per schema
Mishke Mashke,21,line_1638470340754_6748,schema violation,NOA,unknown tag 'unclear',העֶר,fix per schema
Mishke Mashke,21,line_1638470348307_6753,schema violation,NOA,unknown tag 'unclear',הֶערְ,fix per schema
Mishke Mashke,21,line_1638470351570_6758,schema violation,NOA,unknown tag 'unclear',מֵייַנֶע,fix per schema
Mishke Mashke,21,line_1638470351570_6758,schema violation,NOA,unknown tag 'unclear',מייַן,fix per schema
Mishke Mashke,21,line_1638470369783_6763,schema violation,NOA,unknown tag 'unclear',הֶערְ,fix per schema
Mishke Mashke,21,line_1638470374178_6768,schema violation,NOA,unknown tag 'unclear',שׁאָן,fix per schema
Mishke Mashke,21,line_1638470383349_6778,schema violation,NOA,unknown tag 'unclear',לֶעבּעֶן,fix per schema
Mishke Mashke,21,line_1638470409283_6786,schema violation,NOA,unknown tag 'unclear',זייַטע,fix per schema
Mishke Mashke,21,line_1638470409283_6786,schema violation,NOA,unknown tag 'unclear',זייַט,fix per schema
Mishke Mashke,21,line_1638470431489_6811,schema violation,NOA,unknown tag 'unclear',אִיבּעֶר,fix per schema
Mishke Mashke,21,line_1638470447038_6821,schema violation,NOA,unknown tag 'unclear',אַבּער,fix per schema
Mishke Mashke,21,line_1638470450349_6826,schema violation,NOA,unknown tag 'unclear',שאַרלאָטאַ,fix per schema
Mishke Mashke,21,line_1638470450349_6826,schema violation,NOA,unknown tag 'unclear',דייַנען,fix per schema
Mishke Mashke,21,line_1638470455849_6831,schema violation,NOA,unknown tag 'unclear',שארלאטא,fix per schema
Mishke Mashke,21,line_1638470484293_6841,schema violation,NOA,unknown tag 'unclear',שיקזאַל,fix per schema
Mishke Mashke,21,line_1638470493868_6851,schema violation,NOA,unknown tag 'unclear',קעָן,fix per schema
Mishke Mashke,21,line_1638470497699_6856,schema violation,NOA,unknown tag 'unclear',אַייגענע,fix per schema
Mishke Mashke,21,line_1638470497699_6856,schema violation,NOA,unknown tag 'unclear',זייַן,fix per schema
Mishke Mashke,21,line_1638470513168_6871,schema violation,NOA,unknown tag 'unclear',אַפילוּ,fix per schema
Mishke Mashke,21,line_1638470520639_6876,schema violation,NOA,unknown tag 'unclear',מֵייַנֶע,fix per schema
Mishke Mashke,21,line_1638470524333_6881,schema violation,NOA,unknown tag 'unclear',מייַן,fix per schema
Mishke Mashke,21,line_1638470535288_6891,schema violation,NOA,unknown tag 'unclear',זייַן,fix per schema
Mishke Mashke,21,line_1638470535288_6891,schema violation,NOA,unknown tag 'unclear',שֶׁעה,fix per schema
Mishke Mashke,21,line_1638470538598_6896,schema violation,NOA,unknown tag 'unclear',מאָנקאַדזשאו,fix per schema
Mishke Mashke,21,line_1638470544718_6901,schema violation,NOA,unknown tag 'unclear',מאנקאדזשאו,fix per schema
Mishke Mashke,21,line_1638470548791_6906,schema violation,NOA,unknown tag 'unclear',מאָנקאַרזשאוּ,fix per schema
Mishke Mashke,21,line_1638470669728_7047,schema violation,NOA,unknown tag 'unclear',בֵּיי,fix per schema
Mishke Mashke,21,line_1638470669728_7047,schema violation,NOA,unknown tag 'unclear',הֶערְ,fix per schema
Mishke Mashke,21,line_1638470669728_7047,schema violation,NOA,unknown tag 'unclear',הֶער,fix per schema
Mishke Mashke,21,line_1638470677848_7057,schema violation,NOA,unknown tag 'unclear',מאנקאדזשאו,fix per schema
Mishke Mashke,21,line_1638470677848_7057,schema violation,NOA,unknown tag 'unclear',זייַט,fix per schema
Mishke Mashke,21,line_1638470681428_7062,schema violation,NOA,unknown tag 'unclear',געמיֵינער,fix per schema
Mishke Mashke,21,line_1638470681428_7062,schema violation,NOA,unknown tag 'unclear',מיֵינע,fix per schema
Mishke Mashke,21,line_1638470685172_7067,schema violation,NOA,unknown tag 'unclear',הער,fix per schema
Mishke Mashke,21,line_1638470685172_7067,schema violation,NOA,unknown tag 'unclear',הֶערְ,fix per schema
Mishke Mashke,21,line_1638470716988_7087,untagged speaker (named),NOA,label 'מאנקאדזשאר' matches cast role,מאנקאדזשאר: וואַס טְהוּט אִיהר? דאַס אִי,tag speaker xmlid:monkadshu
Mishke Mashke,21,line_1638470722188_7092,schema violation,NOA,unknown tag 'unclear',אִיבֶּער,fix per schema
Mishke Mashke,21,line_1638470725018_7097,schema violation,NOA,unknown tag 'unclear',גֶעהן,fix per schema
Mishke Mashke,21,line_1638470731283_7102,schema violation,NOA,unknown tag 'unclear',מאנקאדזשאו,fix per schema
Mishke Mashke,21,line_1638470731283_7102,schema violation,NOA,unknown tag 'unclear',גֶעהן,fix per schema
Mishke Mashke,21,line_1638470740888_7112,schema violation,NOA,unknown tag 'unclear',הֶערְ,fix per schema
Mishke Mashke,21,line_1638470747398_7117,schema violation,NOA,unknown tag 'unclear',קייַן,fix per schema
Mishke Mashke,21,line_1638470752488_7122,schema violation,NOA,unknown tag 'unclear',מאָנקאַדזשאוּ,fix per schema
Mishke Mashke,21,line_1638470759598_7132,schema violation,NOA,unknown tag 'unclear',לֶעבֶּען,fix per schema
Mishke Mashke,21,line_1638470766658_7137,schema violation,NOA,unknown tag 'unclear',מאנקאדזשאו,fix per schema
Mishke Mashke,21,line_1638470770238_7142,schema violation,NOA,unknown tag 'unclear',שׁאָן,fix per schema
Mishke Mashke,21,line_1638470783678_7152,schema violation,NOA,unknown tag 'unclear',געשטאָרבּען,fix per schema
Mishke Mashke,21,line_1638470783678_7152,schema violation,NOA,unknown tag 'unclear',שְׁלָאַפֶען,fix per schema
Mishke Mashke,21,line_1638470786968_7157,schema violation,NOA,unknown tag 'unclear',געשטאָרבּענער,fix per schema
Mishke Mashke,21,line_1638470801568_7172,schema violation,NOA,unknown tag 'unclear',געהן,fix per schema
Mishke Mashke,21,line_1638470805098_7177,schema violation,NOA,unknown tag 'unclear',נאַשען,fix per schema
Mishke Mashke,22,line_1638471048847_7473,schema violation,NOA,unknown tag 'unclear',אֵיין,fix per schema
Mishke Mashke,22,line_1638471052668_7478,schema violation,NOA,unknown tag 'unclear',קעשעניאָוו,fix per schema
Mishke Mashke,22,line_1638471057998_7483,schema violation,NOA,unknown tag 'unclear',קעָשעניאָוו,fix per schema
Mishke Mashke,22,line_1638471057998_7483,schema violation,NOA,unknown tag 'unclear',קעשעניאָוו,fix per schema
Mishke Mashke,22,line_1638471057998_7483,untagged speaker (collective),AUTO,collective 'אלע' — no speaker span,"אלע: יאַ, יאַ, אִין קעָשעניאָוו, אִין קע",tag speaker xmlid:alle
Mishke Mashke,22,line_1638471089263_7506,schema violation,NOA,unknown tag 'unclear',אונְטֶער,fix per schema
Mishke Mashke,22,line_1638471102038_7520,schema violation,NOA,unknown tag 'unclear',לייַטע,fix per schema
Mishke Mashke,22,line_1638471102038_7520,schema violation,NOA,unknown tag 'unclear',בִּיכֶער,fix per schema
Mishke Mashke,22,line_1638471105568_7525,schema violation,NOA,unknown tag 'unclear',שוועריגקייַט,fix per schema
Mishke Mashke,22,line_1638471105568_7525,schema violation,NOA,unknown tag 'unclear',אייַנגעזעהען,fix per schema
Mishke Mashke,22,line_1638471105568_7525,schema violation,NOA,unknown tag 'unclear',בּראַנזשע,fix per schema
Mishke Mashke,22,line_1638471110762_7530,schema violation,NOA,unknown tag 'unclear',פֿערשאַפֿען,fix per schema
Mishke Mashke,22,line_1638471110762_7530,schema violation,NOA,unknown tag 'unclear',שׁטֶענְדִיג,fix per schema
Mishke Mashke,22,line_1638471110762_7530,schema violation,NOA,unknown tag 'unclear',קוִיפֶער,fix per schema
Mishke Mashke,22,line_1638471110762_7530,schema violation,NOA,unknown tag 'unclear',שאַפֿען,fix per schema
Mishke Mashke,22,line_1638471110762_7530,schema violation,NOA,unknown tag 'unclear',בּייַם,fix per schema
Mishke Mashke,22,line_1638471114683_7535,schema violation,NOA,unknown tag 'unclear',פֶֿערְשִׁיעדֶענֶע,fix per schema
Mishke Mashke,22,line_1638471114683_7535,schema violation,NOA,unknown tag 'unclear',פֿערפֿאַסער,fix per schema
Mishke Mashke,22,line_1638471114683_7535,schema violation,NOA,unknown tag 'unclear',פֿערלעגער,fix per schema
Mishke Mashke,22,line_1638471114683_7535,schema violation,NOA,unknown tag 'unclear',ווייַל,fix per schema
Mishke Mashke,22,line_1638471114683_7535,schema violation,NOA,unknown tag 'unclear',בִּיכֶער,fix per schema
Mishke Mashke,22,line_1638471118607_7540,schema violation,NOA,unknown tag 'unclear',פֿעראינטערעסירט,fix per schema
Mishke Mashke,22,line_1638471118607_7540,schema violation,NOA,unknown tag 'unclear',פֿערשפּרייַטען,fix per schema
Mishke Mashke,22,line_1638471118607_7540,schema violation,NOA,unknown tag 'unclear',זייַענדיג,fix per schema
Mishke Mashke,22,line_1638471121798_7545,schema violation,NOA,unknown tag 'unclear',נִיט,fix per schema
Mishke Mashke,22,line_1638471145668_7560,schema violation,NOA,unknown tag 'unclear',שוויריגקייַטען,fix per schema
Mishke Mashke,22,line_1638471145668_7560,schema violation,NOA,unknown tag 'unclear',קויפֿער,fix per schema
Mishke Mashke,22,line_1638471145668_7560,schema violation,NOA,unknown tag 'unclear',שאַפען,fix per schema
Mishke Mashke,22,line_1638471149963_7565,schema violation,NOA,unknown tag 'unclear',בּעקוועמליכקייַט,fix per schema
Mishke Mashke,22,line_1638471149963_7565,schema violation,NOA,unknown tag 'unclear',אֵיין,fix per schema
Mishke Mashke,22,line_1638471153587_7570,schema violation,NOA,unknown tag 'unclear',שפּאָרט,fix per schema
Mishke Mashke,22,line_1638471153587_7570,schema violation,NOA,unknown tag 'unclear',אייַן,fix per schema
Mishke Mashke,22,line_1638471153587_7570,schema violation,NOA,unknown tag 'unclear',צייַט,fix per schema
Mishke Mashke,22,line_1638471158048_7575,schema violation,NOA,unknown tag 'unclear',פֿערווירקליכען,fix per schema
Mishke Mashke,22,line_1638471161517_7580,schema violation,NOA,unknown tag 'unclear',פֿערלעגער,fix per schema
Mishke Mashke,22,line_1638471161517_7580,schema violation,NOA,unknown tag 'unclear',גרֶעסטֶען,fix per schema
Mishke Mashke,22,line_1638471161517_7580,schema violation,NOA,unknown tag 'unclear',פֿערקעהר,fix per schema
Mishke Mashke,22,line_1638471161517_7580,schema violation,NOA,unknown tag 'unclear',געשאַפֿט,fix per schema
Mishke Mashke,22,line_1638471170398_7590,schema violation,NOA,unknown tag 'unclear',קויפֿער,fix per schema
Mishke Mashke,22,line_1638471174017_7595,schema violation,NOA,unknown tag 'unclear',גרֶעסטֶען,fix per schema
Mishke Mashke,22,line_1638471174017_7595,schema violation,NOA,unknown tag 'unclear',שׁטֶענְדִיג,fix per schema
Mishke Mashke,22,line_1638471177833_7600,schema violation,NOA,unknown tag 'unclear',העָבּרעָאיש,fix per schema
Mishke Mashke,22,line_1638471177833_7600,schema violation,NOA,unknown tag 'unclear',פּאָלניש,fix per schema
Mishke Mashke,22,line_1638471177833_7600,schema violation,NOA,unknown tag 'unclear',אידִיש,fix per schema
Mishke Mashke,22,line_1638471177833_7600,schema violation,NOA,unknown tag 'unclear',בְּיִכעָר,fix per schema
Mishke Mashke,22,line_1638471182083_7605,schema violation,NOA,unknown tag 'unclear',שפּראַכען,fix per schema
Mishke Mashke,22,line_1638471185592_7610,schema violation,NOA,unknown tag 'unclear',פֶֿערְשִׁיִעדֶענֶע,fix per schema
Mishke Mashke,22,line_1638471185592_7610,schema violation,NOA,unknown tag 'unclear',גרֶעסטֶען,fix per schema
Mishke Mashke,22,line_1638471185592_7610,schema violation,NOA,unknown tag 'unclear',בִּיכֶער,fix per schema
Mishke Mashke,22,line_1638471188827_7615,schema violation,NOA,unknown tag 'unclear',שפראַכען,fix per schema
Mishke Mashke,22,line_1638471195313_7625,schema violation,NOA,unknown tag 'unclear',שׁטֶענְדִיג,fix per schema
Mishke Mashke,22,line_1638471203307_7635,schema violation,NOA,unknown tag 'unclear',אידיש,fix per schema
Mishke Mashke,22,line_1638471206438_7640,schema violation,NOA,unknown tag 'unclear',אַייַעֶרֶע,fix per schema
Mishke Mashke,22,line_1638471209878_7645,schema violation,NOA,unknown tag 'unclear',אָרענטליִך,fix per schema
Mishke Mashke,22,line_1638471231847_7650,schema violation,NOA,unknown tag 'unclear',שנעלקייַט,fix per schema
Mishke Mashke,22,line_1638471239942_7655,schema violation,NOA,unknown tag 'unclear',פֿערשפּאָרט,fix per schema
Mishke Mashke,22,line_1638471239942_7655,schema violation,NOA,unknown tag 'unclear',שפּאָרט,fix per schema
Mishke Mashke,—,role:chinezer,unreferenced cast,NOA,declared in cast_dict but never used by any speaker,chinezer,verify the role is real / find its speeches
Mishke Mashke,—,role:dos,unreferenced cast,NOA,declared in cast_dict but never used by any speaker,dos,verify the role is real / find its speeches
Mishke Mashke,—,role:sala,unreferenced cast,NOA,declared in cast_dict but never used by any speaker,sala,verify the role is real / find its speeches
Mishke Mashke,—,role:tirale,unreferenced cast,NOA,declared in cast_dict but never used by any speaker,tirale,verify the role is real / find its speeches
Mishke Mashke,—,role:todt,unreferenced cast,NOA,declared in cast_dict but never used by any speaker,todt,verify the role is real / find its speeches
Mishke Mashke,—,acts,act numbering,NOA,"act @n not contiguous 1..k: saw [1, 2, 3, 5]",,check for missing/extra act heading
Yudale der Blinder,4,line_1647266039449_1125,schema violation,NOA,span out of range (line len=5),ראזַא,fix per schema
Yudale der Blinder,4,r1l2,schema violation,NOA,span out of range (line len=8),אַלטעריל,fix per schema
Yudale der Blinder,4,r1l10,schema violation,NOA,span out of range (line len=10),דבורה'לע },fix per schema
Yudale der Blinder,4,line_1647266100041_1154,schema violation,NOA,span out of range (line len=9),בּערמאן },fix per schema
Yudale der Blinder,6,r23l49,untagged speaker (collective),AUTO,collective 'אלע' — no speaker span,אלע: נֵיין???,tag speaker xmlid:alle
Yudale der Blinder,6,line_1647268254610_1966,schema violation,NOA,unknown tag 'unclear',ה,fix per schema
Yudale der Blinder,7,r1l8,untagged speaker (collective),AUTO,collective 'אלע' — no speaker span,אלע: דְבוֹרֶה'לֶע???,tag speaker xmlid:alle
Yudale der Blinder,7,r1l19,untagged speaker (collective),AUTO,collective 'אלע' — no speaker span,אלע: ווָאס???,tag speaker xmlid:alle
Yudale der Blinder,10,line_1647437762030_567,untagged speaker (collective),AUTO,collective 'אלע' — no speaker span,אלע: וָואס אִיז פִישֶׁעל?,tag speaker xmlid:alle
Yudale der Blinder,10,r1l6,untagged speaker (collective),AUTO,collective 'אלע' — no speaker span,אלע: וואָס פאַר אַ אונְגלִיק?,tag speaker xmlid:alle
Yudale der Blinder,10,line_1647437794498_587,untagged speaker (collective),AUTO,collective 'אלע' — no speaker span,אלע: וואָס נֶעטראפֶען?,tag speaker xmlid:alle
Yudale der Blinder,10,line_1647437815797_602,untagged speaker (collective),AUTO,collective 'אלע' — no speaker span,אלע: ווִי אִיז זִי ?,tag speaker xmlid:alle
Yudale der Blinder,10,line_1647437835369_612,untagged speaker (collective),AUTO,collective 'אלע' — no speaker span,אלע: מֶען בּרענגט זִי גָאר?,tag speaker xmlid:alle
Yudale der Blinder,11,line_1647439360988_1021,untagged speaker (collective),AUTO,collective 'אלע' — no speaker span,אלע: ווֶער?,tag speaker xmlid:alle
Yudale der Blinder,14,line_1647512918897_214,untagged speaker (collective),AUTO,collective 'ביידע' — no speaker span,ביידע: נִיע זִיך שַׁיידֶען נִיע זיךְ קוו,tag speaker xmlid:beyde
Yudale der Blinder,15,r1l4,untagged speaker (collective),AUTO,collective 'ביידע' — no speaker span,"ביידע: אָשא עִינִי אָל ההרִים, דִיא אוֹי",tag speaker xmlid:beyde
Yudale der Blinder,15,line_1647513264664_336,untagged speaker (collective),AUTO,collective 'ביידע' — no speaker span,ביידע: ווֶער — דִי הִילְפֶע אִיז נוּר עֵ,tag speaker xmlid:beyde
Yudale der Blinder,20,TextRegion_1648506461053_3149l25,untagged speaker (collective),AUTO,collective 'ביידע' — no speaker span,ביידע: אוֹי אִיז דֶען אַ מוּז לַיידֶען א,tag speaker xmlid:beyde
Yudale der Blinder,21,TextRegion_1648506293321_3101l12,untagged speaker (collective),AUTO,collective 'ביידע' — no speaker span,"ביידע: אוֹי גוּט אוֹי ווֹאהל, אוֹי עֶס א",tag speaker xmlid:beyde
Yudale der Blinder,24,TextRegion_1648505709688_2823l2,untagged speaker (collective),AUTO,collective 'אלע' — no speaker span,אלע: דְבוֹרֶה'לֶע???,tag speaker xmlid:alle
Yudale der Blinder,24,TextRegion_1648505709688_2823l4,untagged speaker (collective),AUTO,collective 'אלע' — no speaker span,אלע: זַיין כּלה.,tag speaker xmlid:alle
Yudale der Blinder,25,line_1648547836471_1264,untagged speaker (collective),AUTO,collective 'ביידע' — no speaker span,ביידע: אַך ווִי שְׁוֶוער מִיר אִיז צוּ ש,tag speaker xmlid:beyde
Yudale der Blinder,26,TextRegion_1648547526269_948l17,untagged speaker (collective),AUTO,collective 'אלע' — no speaker span,אלע: שפוך!,tag speaker xmlid:alle
Yudale der Blinder,26,TextRegion_1648547526269_948l19,untagged speaker (collective),AUTO,collective 'אלע' — no speaker span,אלע: חמְתך!,tag speaker xmlid:alle
Yudale der Blinder,26,TextRegion_1648547526269_948l21,untagged speaker (collective),AUTO,collective 'אלע' — no speaker span,אלע: עַל הגוִים!,tag speaker xmlid:alle
Yudale der Blinder,27,TextRegion_1648547312487_852l27,untagged speaker (collective),AUTO,collective 'אלע' — no speaker span,אלע: אַ בּשוּרה טוֹבָה?,tag speaker xmlid:alle
Yudale der Blinder,27,TextRegion_1648547312487_852l29,untagged speaker (collective),AUTO,collective 'אלע' — no speaker span,אלע: דְבוֹרֶה'לֶע?,tag speaker xmlid:alle
Yudale der Blinder,28,TextRegion_1648546803200_782l10,untagged speaker (collective),AUTO,collective 'אלע' — no speaker span,אלע: אַ וואָס?,tag speaker xmlid:alle
Yudale der Blinder,30,TextRegion_1648546584361_642l9,untagged speaker (collective),AUTO,collective 'אלע' — no speaker span,אלע: אַלטעריל?,tag speaker xmlid:alle
Yudale der Blinder,32,line_1648549414223_1913,untagged speaker (collective),AUTO,collective 'ביידע' — no speaker span,ביידע: נאַטעניוּ וואָס הָאט דאָס פאַר אַ,tag speaker xmlid:beyde
Yudale der Blinder,38,TextRegion_1648550605789_2511l12,untagged speaker (collective),AUTO,collective 'ביידע' — no speaker span,"ביידע: דאַס וֶועט טאָקע, אוֹי אוֹי טאָקע",tag speaker xmlid:beyde
Yudale der Blinder,38,line_1648551082394_2700,untagged speaker (collective),AUTO,collective 'ביידע' — no speaker span,ביידע: אִיך זאָג אַייך מֶעהר נִיט חלעבּע,tag speaker xmlid:beyde
Yudale der Blinder,38,line_1648551089512_2709,untagged speaker (collective),AUTO,collective 'ביידע' — no speaker span,ביידע: אַזא שׁמְחה צוּ דערלעבּען,tag speaker xmlid:beyde
Yudale der Blinder,41,TextRegion_1648551378523_2919l30,untagged speaker (named),NOA,label 'איסר' matches cast role,איסר: (ציטערט) אוֹי עֵר האַט פֶערְגֶעסֶע,tag speaker xmlid:iser
Yudale der Blinder,43,TextRegion_1648551957694_3087l41,untagged speaker (unknown),NOA,turn-like 'געאנטווארטעט' not in cast (OCR?),געאנטווארטעט: אָנקעל! אִיך ליעבּע רָאזא',fix OCR / link to a cast xmlid
Yudale der Blinder,55,TextRegion_1648506721504_3211l16,untagged speaker (collective),AUTO,collective 'אלע' — no speaker span,אלע: וואָס אִיז גֶעשֶׁעהן? נוּן?,tag speaker xmlid:alle
Yudale der Blinder,56,TextRegion_1647615177224_4787l31,untagged speaker (collective),AUTO,collective 'אלע' — no speaker span,אלע: יוּדאלע!,tag speaker xmlid:alle
Yudale der Blinder,60,r1l40,untagged speaker (collective),AUTO,collective 'אלע' — no speaker span,אלע: דֶער פּראפעסאר!?,tag speaker xmlid:alle
Yudale der Blinder,64,r1l5,untagged speaker (collective),AUTO,collective 'אלע' — no speaker span,אלע: וואָס אִיז גֶעשֶׁעהן?,tag speaker xmlid:alle
Yudale der Blinder,64,r1l14,untagged speaker (collective),AUTO,collective 'אלע' — no speaker span,אלע: בּלינד?,tag speaker xmlid:alle
Yudale der Blinder,64,r1l51,untagged speaker (named),NOA,label 'חזן' matches cast role,חזן: (פאַנגט אן) בּרוּך אַתה ד'!,tag speaker xmlid:khazn
Yudale der Blinder,65,r2l30,untagged speaker (collective),AUTO,collective 'אלע' — no speaker span,אלע: וואָס?,tag speaker xmlid:alle
Yudale der Blinder,65,r2l55,untagged speaker (collective),AUTO,collective 'אלע' — no speaker span,אלע: וואָס?,tag speaker xmlid:alle
Yudale der Blinder,66,r1l20,untagged speaker (collective),AUTO,collective 'אלע' — no speaker span,אלע: וִויוַואט מֶעל טוֹב!,tag speaker xmlid:alle
Yudale der Blinder,—,role:alle,unreferenced cast,NOA,declared in cast_dict but never used by any speaker,alle,verify the role is real / find its speeches
Yudale der Blinder,—,role:beyde,unreferenced cast,NOA,declared in cast_dict but never used by any speaker,beyde,verify the role is real / find its speeches
Yudale der Blinder,—,role:khazn,unreferenced cast,NOA,declared in cast_dict but never used by any speaker,khazn,verify the role is real / find its speeches
Das Yudishe Kind,1,r_5_1_tl_2,schema violation,NOA,unknown tag 'unclear',וואַרשאווער,fix per schema
Das Yudishe Kind,1,r_7_1_tl_1,schema violation,NOA,unknown tag 'unclear',וואַרשוי,fix per schema
Das Yudishe Kind,1,r_7_1_tl_1,schema violation,NOA,unknown tag 'unclear',פֿערקויף,fix per schema
Das Yudishe Kind,1,r_7_1_tl_1,schema violation,NOA,unknown tag 'unclear',פֿערלאַג,fix per schema
Das Yudishe Kind,12,r_3_1_tl_29,untagged speaker (collective),AUTO,collective 'ביידע' — no speaker span,בּיידע:,tag speaker xmlid:beyde
Das Yudishe Kind,—,role:beyde,unreferenced cast,NOA,declared in cast_dict but never used by any speaker,beyde,verify the role is real / find its speeches
