cluster_id	canonical_yiddish	org_type	cluster_size	name_variants	extracted_settlements	extracted_addresses	extracted_venues	extracted_countries	candidate_db_ids	candidate_scores	candidate_methods	decision	aligned_db_id	reviewer_notes	reviewer_settlement	reviewer_address	reviewer	reviewed_at
ORG-C00001	קאָנסערוואַטאָריע	Education	32	קאָנסערוואַטאָריע | קאָנסערוואַטאָריע אין בּוקאַרעסט | קאָנסערוואַטאָריע אין ווין | קאָנסערוואַטאָריע אין שיקאַגאָ	אָדעס | בּוקאַרעסט | בוקאַרעסט | בערלין | וואַרשע | וואָרשע | ווילנע | ווין | יאָסי | לעמבערג | מינכען | ניויאָרק | פּעטערבורג | שיקאַגאָ		קאָנסערוואַטאָריע	דייטשלאַנד | פּאָלן | פּוילן | רומעניע										
ORG-C00002	שאָוו-סערי	Traveling Company	1	שאָוו-סערי								DISCUSS						
ORG-C00003	יידישער שפּיגל	Theatre	1	יידישער שפּיגל	פּאַריז			פראַנקרייך	466 | 461	1.000 | 0.643	exact | ipa_phonetic	NEW	466					
ORG-C00004	טעאַטער פעמינאַ	Theatre	2	טעאַטער פעמינאַ	וואַרשעווער געטאָ | פּאַריז	שאַנס עליזע	"טעאַטער פעמינאַ | טעאַטער „פעמינאַ"""		581 | 173 | 475 | 580	0.769 | 0.714 | 0.600 | 0.600	ipa_phonetic | ipa_phonetic | ipa_phonetic | ipa_phonetic	UNCLUSTER						
ORG-C00005	פאַוויליאָן-טעאַטער	Theatre	49	פּאָווילאָן-טעאַטער | פּאוויליאָן-טעאַטער | פאַוויליאָן-טעאַטער	וואַרשע | טשערנאָוויץ | לאָנדאָן | שיקאַגאָ	פיקאַדילי צירק | רוסישער גאַס	"'פּאַוויליאָן'-טעאָטער | יידיש פאַוויליאָן טעאַטער | לאָנדאָנער פאַוויליאָן-טעאַטער | פּאַוויליאָן טעאַטער | פּאַוויליאָן-טעאַטער | פּאָווילאָן-טעאַטער | פּאָוויליאָן טעאַטער | פּאָוויליאָן-טעאַטער | פּאָוויליאָןטעאַטער | פּאוויליאָן-טעאַטער | פֿאַוויליאָן-טעאַטער | פאַוויליאָן טעאַטער | פאַוויליאָן טעאַטער | פאַוויליאָן-טעאַטער | פאַוויליאָן-טעאַטער | „פּאַוויליאָן""-טעאַטער | „פּאָוויליאָן""-טעאַטער | „פאַוויליאָן""-טעאַטער | „פאַוויליאָן'-טעאַטער | „פאַוויליאָן“ טעאַטער | פֿאַוויליאָן-טעאַטער"	ענגלאַנד | ענגלאנד | פּוילן	514 | 526 | 622 | 123 | 176	0.667 | 0.667 | 0.667 | 0.600 | 0.600	ipa_phonetic | ipa_phonetic | ipa_phonetic | ipa_phonetic | ipa_phonetic	UNCLUSTER						
ORG-C00006	בלויען פויגל	Traveling Company	1	בלויען פויגל					467	1.000	exact	NEW	467					
ORG-C00007	קאָלאָמביאַ	Media (Radio/ Film/TV)	5	קאָלאָמביאַ	ניו-יאָרק							UNCLUSTER						
ORG-C00008	בוף	Theatre	2	בוף	וואַרשע		בוף		476	1.000	exact	NEW	476					
ORG-C00009	קינדער-קאָלעקטיוו א'ר פֿון מאַרק מייערסאָן	Traveling Company	1	קינדער-קאָלעקטיוו א'ר פֿון מאַרק מייערסאָן					468	1.000	exact	ALIGN	468				Sinai	2026-04-05T17:43:45Z
ORG-C00010	ראַפּעלס טרופּע	Traveling Company	8	ראַפּעלס טרופּע	אָדעס | וואַרשע	קאַראָוואַ גאַס	עליזעום | קאַראָוואַ גאַס	פּוילן	469 | 545 | 559 | 566 | 43	1.000 | 0.750 | 0.733 | 0.714 | 0.714	exact | ipa_phonetic | ipa_phonetic | ipa_phonetic | ipa_phonetic	NEW	469					
ORG-C00011	שוואַרצבאַרדס טרופּע	Traveling Company	1	שוואַרצבאַרדס טרופּע	פינסק				470 | 629	1.000 | 0.647	exact | ipa_phonetic	NEW	470					
ORG-C00012	אָדעסער יידישן מלוכה-טעאַטער	Theatre	7	אָדעסער יידישן מלוכה-טעאַטער	אָדעס				472 | 505 | 515 | 534 | 501	1.000 | 0.885 | 0.885 | 0.857 | 0.852	exact | ipa_phonetic | ipa_phonetic | ipa_phonetic | ipa_phonetic	NEW	472					
ORG-C00013	קיעווער יידישן מלוכה-טעאַטער א'נ פון שלום-עליכם	Theatre	1	קיעווער יידישן מלוכה-טעאַטער א'נ פון שלום-עליכם	קיעוו				473 | 598	1.000 | 0.600	exact | ipa_phonetic	NEW	473					
ORG-C00014	יידישן באַוועגלעכן טעאַטערקאָלעקטיוו אויפן נאָמען פון אסתר-רחל קאמינסקאַ	Traveling Company	1	יידישן באַוועגלעכן טעאַטערקאָלעקטיוו אויפן נאָמען פון אסתר-רחל קאמינסקאַ					477	1.000	exact	NEW	477					
ORG-C00015	ערשטן יידישן באַוועגלעכן מלוכהטעאַטער פון אוקראינע	Theatre	1	ערשטן יידישן באַוועגלעכן מלוכהטעאַטער פון אוקראינע								DISCUSS						
ORG-C00016	יידיש אַרבעטער-טעאַטער	Theatre	1	יידיש אַרבעטער-טעאַטער	באָקו				480 | 620	1.000 | 0.606	exact | ipa_phonetic	NEW	480					
ORG-C00017	אָרטיקער פילהאַרמאָניע	Theatre	1	אָרטיקער פילהאַרמאָניע	טאָשקענט				479 | 517 | 586	1.000 | 0.737 | 0.682	exact | ipa_phonetic | ipa_phonetic	NEW	479					
ORG-C00018	כאַרקאָווער יידישן מלוכה-טעאַטער	Theatre	15	כאַרקאָווער יידישן מלוכה-טעאַטער	כאַרקאָוו | כאַרקאָווער | סאָמאַרקאַנד		כאַרקאָווער | כאַרקאָווער יידישן מלוכה טעאַטער | כאַרקאָווער יידישן מלוכה-טעאַטער	ראָטנפֿאַרבאַנד	478 | 518 | 534 | 543 | 502	1.000 | 0.857 | 0.857 | 0.857 | 0.833	exact | ipa_phonetic | ipa_phonetic | ipa_phonetic | ipa_phonetic	ALIGN	478					
ORG-C00019	קיעווער יידישן מלוכה-טעאַטער	Theatre	13	קיעווער יידישן מלוכה-טעאַטער | קיעווער יידישע מלוכה-טעאַטער | קיעווער יידישער מלוכה-טעאַטער	קאָקאַנד | קאָקאנד | קיעוו		קיעווער יידישן מלוכה-טעאַטער | קיעווער יידישן מלוכה-טעאַטער	אוקראַינע | סאָוויעט-רוסלאַנד	515 | 472 | 500 | 505 | 518	1.000 | 0.885 | 0.885 | 0.885 | 0.885	exact | ipa_phonetic | ipa_phonetic | ipa_phonetic | ipa_phonetic	NEW	515				Sinai	2026-04-27T11:24:15Z
ORG-C00020	פֿאַרייניקטע דראַמאַטישע קאָמפּאָניע	Theatre	1	פֿאַרייניקטע דראַמאַטישע קאָמפּאָניע	פּערט			אויסטראָליע	474	1.000	exact	ALIGN	474					
ORG-C00021	וואַרשעווער יודישען קאָלענדאַר	Publisher	1	וואַרשעווער יודישען קאָלענדאַר	וואַרשע				481	1.000	exact	NEW	474					
ORG-C00022	יודישער האַנדעלס קאַלענדאָר	Publisher	1	יודישער האַנדעלס קאַלענדאָר					482	1.000	exact	NEW	481					
ORG-C00023	פּוילישע טרופּע אונטער דער דירעקציע פֿון ה' סמאָטריצקי	Traveling Company	1	פּוילישע טרופּע אונטער דער דירעקציע פֿון ה' סמאָטריצקי	וואַרשע		עלדאָראַדאָ					NEW	482					
ORG-C00024	טעאַטער עלדאָראַדאָ	Theatre	8	טעאַטער עלדאָראַדאָ	וואַרשע		טעאַטער עלדאָראַדאָ | טעאַטער עלדאָראָדאָ | עלדאָראַדאָ	פּוילן	475 | 235 | 173 | 581	0.667 | 0.625 | 0.600 | 0.600	ipa_phonetic | fuzzy | ipa_phonetic | ipa_phonetic	ALIGN	235					
ORG-C00025	גאָרטן-טעאַטער „אַלהאַמבראַ“	Theatre	1	גאָרטן-טעאַטער „אַלהאַמבראַ“	וואַרשע				475	1.000	exact	DISCUSS						
ORG-C00026	כאָר צו קאַמינסקין	Theatre	1	כאָר צו קאַמינסקין								NEW	475					
ORG-C00027	וואַנדער-טרופּע פֿון ראַבינאָוויטש	Traveling Company	1	וואַנדער-טרופּע פֿון ראַבינאָוויטש														
ORG-C00028	טרופּע פֿון ווייספעלד	Traveling Company	2	טרופּע פֿון ווייספעלד	וואַרשע				483 | 542 | 578 | 596 | 486	1.000 | 0.667 | 0.667 | 0.667 | 0.611	exact | ipa_phonetic | ipa_phonetic | ipa_phonetic | ipa_phonetic	ALIGN	483	[Sinai 2026-05-17] unaligned from db_id=366: name mismatch flagged in Yiddish-backfill review.			Sinai	2026-05-18T04:55:38Z
ORG-C00029	קאַמינסקי	Traveling Company	37	טרופּע פון קאַמינסקין | טרופּע פֿון קאַמינסקי | טרופּעס פֿון קאַמינסקי | טרופּעס פֿון קאָ מינסקי | קאַמינסקי | קאַמינסקי אין וואַרשע | קאָמינסקי	אָדעס | וואַרשע | יעקאַטערינאָסלאָוו | לאָדזש		פּוילן | קאַמינסקי טעאַטער | קאמינסקי	פּוילן										
ORG-C00030	גענפער	Traveling Company	24	גענפער | גענפֿער | טרופּע פֿון גענפער | טרופּעס פון גענפּער	ווילנע | טוקום | קעשעניעוו				254	0.800	fuzzy							
ORG-C00031	פעלדמאַן	Traveling Company	4	טרופּע פֿון פעלדמאַן | פעלדמאַן | פעלדמאַן'ס טרופּע														
ORG-C00032	בערנשטיין	Traveling Company	5	בערנשטיין | טרופּע פֿון בערנשטיין	קרעמענטשוג													
ORG-C00033	גוזיק	Traveling Company	10	גוזיק | טרופּע פֿון גוזיק	האָמעל				486 | 264	1.000 | 0.750	exact | fuzzy	ALIGN	486				Sinai	2026-04-05T17:28:14Z
ORG-C00034	אָפּערע-טעאַַטער אין פּערם	Theatre	1	אָפּערע-טעאַַטער אין פּערם	פּערם							NEW	486					
ORG-C00035	אינסטיטוט א'נ פֿון אָסטראָווסקי	Education	1	אינסטיטוט א'נ פֿון אָסטראָווסקי	לענינגראָד				484	1.000	exact	ALIGN	484					
ORG-C00036	רוסישן טעאַטער	Theatre	14	רוסישן טעאַטער | רוסישן טעאַטער אין וויטעבסק | רוסישן טעאַטער אין נאָוואָסיבירסק | רוסישן טעאַטער אין קאַזאָן | רוסישע טעאַטער	אָדעסער | באָברויסק | גראָזני | וויטעבסק | ווילנע | נאָוואָסיבירסק | קאַזאָן | רעוועל		נאָראָדני דאָם | רוסישן טעאַטער | רוסישע טעאַטער	עסטלאַנד | פּוילן	577 | 124 | 252 | 263 | 556	0.692 | 0.615 | 0.615 | 0.615 | 0.615	ipa_phonetic | ipa_phonetic | ipa_phonetic | ipa_phonetic | ipa_phonetic	SPLIT		Cluster contains distinct Russian theaters in Vitebsk, Novosibirsk, Kazan, and other cities; name is too generic for a single entity.			auto_drafter	2026-05-18T04:16:44Z
ORG-C00037	טעאַטער „קאָמעדיאָ“	Theatre	1	טעאַטער „קאָמעדיאָ“	לענינגראַד				491 | 581 | 580 | 612	1.000 | 0.688 | 0.688 | 0.667	exact | ipa_phonetic | ipa_phonetic | ipa_phonetic	ALIGN	491					
ORG-C00038	יידישן מלוכןן טעאַטער א'נ פֿון אַסתר-רחל קאמינסקאַ	Theatre	1	יידישן מלוכןן טעאַטער א'נ פֿון אַסתר-רחל קאמינסקאַ				פּוילן	599 | 598	0.741 | 0.609	ipa_phonetic | ipa_phonetic	NEW	491					
ORG-C00039	ירושלימער אוניווערזיטעט	Education	1	ירושלימער אוניווערזיטעט	ירושלים			מדינת ישראל	487 | 561 | 585 | 588 | 589	1.000 | 0.727 | 0.682 | 0.682 | 0.682	exact | ipa_phonetic | ipa_phonetic | ipa_phonetic | ipa_phonetic	ALIGN	487					
ORG-C00040	„קעלער-זינגער“ סאָבסיי, פישקינד	Traveling Company	1	„קעלער-זינגער“ סאָבסיי, פישקינד								NEW	487					
ORG-C00041	טרופּעס פֿון יידל און נפתלי (ברידער פֿון אַברהם) גאָלדפאַדען	Traveling Company	1	טרופּעס פֿון יידל און נפתלי (ברידער פֿון אַברהם) גאָלדפאַדען														
ORG-C00042	יעקב ספּיוואַקאָווסקיס טרופּע	Traveling Company	3	יעקב ספּיוואַקאָווסקיס טרופּע | יעקב ספּיוואָקאָווסקי			שווייץ	בעלגיע | שווייץ										
ORG-C00043	שמ׳רן	Traveling Company	1	שמ׳רן										[Sinai 2026-05-17] unaligned from db_id=391: name mismatch flagged in Yiddish-backfill review.			Sinai	2026-05-17T20:43:00Z
ORG-C00044	גאַרטענשטיין	Traveling Company	1	גאַרטענשטיין										[Sinai 2026-05-17] unaligned from db_id=385: name mismatch flagged in Yiddish-backfill review.			Sinai	2026-05-17T20:43:00Z
ORG-C00045	אַקסעלראדס טרופּע	Traveling Company	26	אַקסעלראדס טרופּע	טשעראָוויץ | טשערנאָוויץ | יאַסי | סטרי | קראָקע		גאַליציע | גאַליצישער פּראָווינץ | טשערנאָוויץ ביי אַקסעלראָד | יאַסער פּאָמול ווערדע | רומעניע	רומעניע	469 | 545 | 559 | 566 | 610	0.600 | 0.600 | 0.600 | 0.600 | 0.600	ipa_phonetic | ipa_phonetic | ipa_phonetic | ipa_phonetic | ipa_phonetic							
ORG-C00046	יידל גאָלדפאַדנס טרופּע	Traveling Company	3	טרופּע פֿון יידל גאָלדפאַדן | יידל גאָלדפֿאַדענס טרופּע | יידל גאָלדפאַדנס טרופּע	אָדעס | קעשענעוו				492 | 345 | 313	1.000 | 0.773 | 0.600	exact | ipa_phonetic | ipa_phonetic	ALIGN	492				Sinai	2026-04-12T09:52:19Z
ORG-C00047	טרופּע ציפקוס	Traveling Company	4	טרופּע ציפקוס	לובלין		פּראָווינץ	פּוילן | רושלאַנד	490 | 42	1.000 | 1.000	exact | exact	ALIGN	42					
ORG-C00048	סאַן פּאָולאַ יידישער געזעלשאַפט	Welfare/Aid organization	1	סאַן פּאָולאַ יידישער געזעלשאַפט	סאַן פּאָולאָ			בראַזיל				NEW	490					
ORG-C00049	בורג-טעאַטער	Theatre	1	בורג-טעאַטער	ווין		בורג-טעאַטער		489 | 123 | 124 | 529 | 560	1.000 | 0.727 | 0.727 | 0.727 | 0.727	exact | ipa_phonetic | ipa_phonetic | ipa_phonetic | ipa_phonetic	ALIGN	489					
ORG-C00050	ווינער דייטשן פאָלקס-טעאַטער	Theatre	1	ווינער דייטשן פאָלקס-טעאַטער	ווין		ווינער דייטשן פאָלקס-טעאַטער		494 | 541 | 565 | 570 | 608	1.000 | 0.808 | 0.714 | 0.680 | 0.680	exact | ipa_phonetic | ipa_phonetic | ipa_phonetic | ipa_phonetic	NEW	489					
ORG-C00051	באַלאַגעניידען	Theatre	3	באַלאַגעניידען	דאַנציג | ווילנע				497	1.000	exact	ALIGN	497				Sinai	2026-04-05T17:37:46Z
ORG-C00052	אַראַראַט	Theatre	12	אַראַראַט	לאָדזש | לאָדזש			פּוילן	488	1.000	exact	NEW	488					
ORG-C00053	א. קאָמפּאַנעעצס יידישער טרופּע	Theatre	1	א. קאָמפּאַנעעצס יידישער טרופּע								NEW	488					
ORG-C00054	פישזאָן	Traveling Company	30	טרופּע פֿון פישזאָן | טרופּעס פֿון פישזאַן | טרופּעס פֿון פֿישזאָן | פישזאָן	אָדעס | ווילנע | יעקאַטערינאָסלאָוו | יעקאָטעדינאָסלאָוו | פּעטערבורג | קעשעניעוו | ראָוונע		פֿישזאָן	רוסלאַנד										
ORG-C00055	הכל הבל	Theatre	1	הכל הבל	בוענאָס איירעס				498	1.000	exact	DISCUSS						
ORG-C00056	ועד החינוך	Education	1	ועד החינוך														
ORG-C00057	קולטור-קאָנגרעס	Jewish political bodies	2	קולטור-קאָנגרעס														
ORG-C00058	העבראיקאַ	Theatre	1	העבראיקאַ			העבראיקאַ		504	1.000	exact	NEW	504					
ORG-C00059	קיעווער גימנאַזיע	Education	2	קיעווער גימנאַזיע	קיעוו		קיעווער גימנאַזיע	אוקראינע										
ORG-C00060	קיעווער אוניווערזיטעט	Education	5	קיעווער אוניווערזיטעט	קיעוו		קיעווער אוניווערזיטעט | קיעווער אוניווערסיטעט	אוקראַאינע | אוקראַאנא | אוקראינע	595 | 587 | 588 | 589 | 590	0.842 | 0.789 | 0.789 | 0.762 | 0.750	ipa_phonetic | ipa_phonetic | ipa_phonetic | ipa_phonetic | ipa_phonetic	GENERIC						
ORG-C00061	קיעווער אַלעקסייעוו מיליטער-שול	Education	1	קיעווער אַלעקסייעוו מיליטער-שול	קיעוו			אוקראינע										
ORG-C00062	סעמינאָר פֿון פּראָפעסאָר שפּאַן	Education	1	סעמינאָר פֿון פּראָפעסאָר שפּאַן	ווין			עסטרייך										
ORG-C00063	אוניווערזיטעטן פֿון קעניגסבערג און באָן	Education	1	אוניווערזיטעטן פֿון קעניגסבערג און באָן								SPLIT		Cluster refers to two distinct educational institutions (University of Königsberg and University of Bonn) joined by a conjunction.			auto_drafter	2026-05-17T17:07:26Z
ORG-C00064	וומיריע איסקוסטווא	Journals/ Newspapers	1	וומיריע איסקוסטווא														
ORG-C00065	די אידישע צייטונג	Journals/ Newspapers	12	אידישע צייטונג | די אידישע צייטונג	אַנטווערפּען | ארגענטינע | ב'א | ב'אַ | ב. א. | בוענאָס-איירעס | ווילנע		אַרגענטינע | „אידישע צייטונג“	אַרגענטינע | אָרגענטינע	81 | 347	0.706 | 0.600	ipa_phonetic | ipa_phonetic	SPLIT		Cluster contains distinct newspapers from Buenos Aires, Antwerp, and Vilna sharing a generic name; no direct DB match.			auto_drafter	2026-05-17T17:07:26Z
ORG-C00066	די פּרעסע	Journals/ Newspapers	10	די פּרעסע | פרעסע	בוענאָס איירעס | בוענאָס-איירעס			אַרגענטינע | ארגענטינע										
ORG-C00067	"ייוו""אָ"	Heritage Institution	31	"ייוו""אָ"	וואַרשע | ווילנע | מיאמי | ניו-יאָרק | שיקאַגאָ | פֿילאַדעלפיע		אָרגענטינע | טעאַטער-מוזיי | ייוו'אַ | ייוואָ	אַמעריקע | אָרגענטינע | ליטע										
ORG-C00068	אַקטיאָרן-פאַריין	Theatre-related Society/ Union	3	אַקטיאָרן-פאַריין	בוענאָס איירעס			אַרגענטינע	496	1.000	exact	ALIGN	496				Sinai	2026-05-17T15:21:59Z
ORG-C00069	צווישאָ	Education	1	צווישאָ														
ORG-C00070	איפט	Theatre	5	איפט	בוענאָס איירעס | בוענאָס-אַיירעס		אַרגענטינע | איפט	אַרגענטינע										
ORG-C00071	דרוקעריי פון ראָם	Publisher	1	דרוקעריי פון ראָם	ווילנע		דרוקעריי		495	1.000	exact	ALIGN	495				Bella	2026-04-13T09:55:12Z
ORG-C00072	ווילנער דרוקער-פאַריין	Trade Union / Professional Association	1	ווילנער דרוקער-פאַריין	ווילנע		ווילנער דרוקער-פאַריין					NEW	508					
ORG-C00073	ראַדיאָ	Media (Radio/ Film/TV)	5	ראַדיאָ | ראָדיאָ	וואַרשע		ראַדיאָ	אַמעריקע				DESCRIPTIVE					Sinai	2026-05-18T10:12:11Z
ORG-C00074	טרופּע פון קלמן יוווילער	Traveling Company	1	טרופּע פון קלמן יוווילער	בוקאַרעסט				563 | 578	0.619 | 0.619	ipa_phonetic | ipa_phonetic							
ORG-C00075	בוקאַרעשטער „פאָלקסבלאַט“	Journals/ Newspapers	1	בוקאַרעשטער „פאָלקסבלאַט“														
ORG-C00076	יאַנקעלע דער הייזעריקער	Traveling Company	1	יאַנקעלע דער הייזעריקער	ביעלאָ צערקאָוו													
ORG-C00077	שניידערישער שול	Theatre	2	שניידערישער שול	קיעוו		שניידערשער שול											
ORG-C00078	אוקראינישער אָפּערעטע פֿון קראָפּאָווניצקי	Theatre	1	אוקראינישער אָפּערעטע פֿון קראָפּאָווניצקי														
ORG-C00079	פולק	Military	1	פולק														
ORG-C00080	יעקב-בער גימפּעל	Theatre	1	יעקב-בער גימפּעל			גאַליציע											
ORG-C00081	סעם אַגעד	Traveling Company	1	סעם אַגעד	ניו יאָרק			יו-עס-עי										
ORG-C00082	טרופּע פֿון געליס	Traveling Company	4	געליס | טרופּע פֿון געליס	פּאַריז | קאָנסטאַנטינאָפּאָל			פראנקרייך	542 | 486 | 578 | 596 | 283	1.000 | 0.800 | 0.765 | 0.733 | 0.706	exact | ipa_phonetic | ipa_phonetic | ipa_phonetic | ipa_phonetic	NEW	542				Bella	2026-04-29T08:36:45Z
ORG-C00083	טרייטלער	Traveling Company	5	טרופּע פֿון טרייטלער | טרייטלער	גאָלאַץ | קראָקע				421	0.857	fuzzy	ALIGN	421				Bella	2026-05-18T14:22:05Z
ORG-C00084	טעאַטער אַמבו	Theatre	3	טעאַטער אַמבו	בוענאָס איירעס | בוענאָס-אַיירעס		טעאַטער „אַמבו״	ארגענטינע	581 | 475	0.692 | 0.667	ipa_phonetic | ipa_phonetic							
ORG-C00085	אָלימפּיאַ טעאַטער	Theatre	7	אַלימפּיאַ טעאַטער | אַלימפּיאָ | אָלימפּיאַ טעאַטער	בוענאָס איירעס | בוענאָס-אַיירעס | בוענאָס-איירעס | לאָדזש		'אָלימפּיאַ'-טעאַטער | אַלימפּיאַ | אַלימפּיאַ-טעאָטער | אָלימפּיאַ טעאַטער | טעאַטער אָלימפּיאַ	אַרגענטינע | בוענאָס-אַיירעס	176 | 527	0.643 | 0.643	ipa_phonetic | ipa_phonetic	SPLIT		Cluster contains distinct Olympia Theatres in Lodz and Buenos Aires; candidates are phonetically weak and geographically irrelevant.			auto_drafter	2026-05-17T17:07:26Z
ORG-C00086	טעאַטער „ריוואָדאָוויא“	Theatre	1	טעאַטער „ריוואָדאָוויא“			טעאַטער „ריוואָדאָוויא“	אָרגענטינע	612 | 491	1.000 | 0.667	exact | ipa_phonetic	NEW	612				Bella	2026-05-15T10:18:23Z
ORG-C00087	קיעווער אָפּערע-הויז	Theatre	1	קיעווער אָפּערע-הויז	קיעוו		קיעווער אָפּערע-הויז											
ORG-C00088	אַן אייגענע שולע	Education	1	אַן אייגענע שולע	קיעוו													
ORG-C00089	ווינדזאָר-טעאַטער	Theatre	55	ווינדזאָר-טעאַטער	ניו יאָרק | ניו יארק | ניו יאָָרק | ניו יאָרק | ניו-יאָרק | ניו-יאָרקער		"ווינדזאָר טעאַטער | ווינדזאָר טעאַטער | ווינדזאָר-טעאַטער | ווינדזאָר-טעאָטער | ווינדזאָר-טעאַטער | ווינדזאָרטעאַטער | „ווינדזאָר""-טעאַטער | „ווינדזאָר""-טעאָ טער | „ווינדזאָר""-טעאַטער"	אַמעריקע | אמעריקע | אַמעריקע	124 | 520 | 526 | 528 | 426	0.643 | 0.643 | 0.643 | 0.643 | 0.643	ipa_phonetic | ipa_phonetic | ipa_phonetic | ipa_phonetic | ipa_phonetic	ALIGN	134				Sinai	2026-05-18T10:27:13Z
ORG-C00090	רוסישער אָפּערע	Theatre	2	רוסישער אָפּערע				רוסלאַנד	532	0.692	ipa_phonetic							
ORG-C00091	קאָנסערוואַטאָריום	Education	4	קאָנסערוואַטאָריום	אָדעם | ווין | פּעטערסבורג | קיעוו		קאָנסערוואַטאָריום											
ORG-C00092	רוסישער טרופּע א'ל פֿון פרוי כרעניקאָוואַ	Traveling Company	1	רוסישער טרופּע א'ל פֿון פרוי כרעניקאָוואַ	זשיטאָמיר													
ORG-C00093	יורידישן פֿאַקולטעט פֿון אוניווערזיטעט	Education	1	יורידישן פֿאַקולטעט פֿון אוניווערזיטעט	אָדעס													
ORG-C00094	אָרטיקער קאָנסערוואַטאָריע	Education	7	אָרטיקער קאָנסערוואַטאָריע | דער דאָרטיקער קאָנסערוואַטאָריע	אָדעס | וואַרשע | טשערנאָוויץ | סינסינעטי | פּעטערבורג | קיעוו		אָרטיקע קאָנסערוואַטאָריע | אָרטיקער קאָנסערוואַטאָריע | קאָנסערוואַטאָריע	אַמעריקע | אוקראָאינע | פּוילן | רומעניע										
ORG-C00095	יידישע פֿאָלקס-בינע	Traveling Company	3	יידישע פֿאָלקס-בינע	לאָס אַנדזשעלעס | קיעוו		יידישע פֿאָלקס בינע	לעטלאַנד										
ORG-C00096	פֿאָלקס-טעאַטער	Theatre	48	פֿאָלקס-טעאַטער	בוענאָס איירעס | ווילנע | לאַס אַנדזשעלעס | לאָנדאָן | ניו יאָרק | ניו יאָרק | ניו-יאָרק | ריגע	צוועלפטער סטריט	"12-סטריט און 2 עוועניו | וואַרשעווער | נ. י. „פֿאָלקס-טעאַטער“ | פֿאָלקסטעאַטער | פאָלקס טעאַטער | „פֿאָלקס""-טעאַטער | „פֿאָלקס-טעאַטער“ | פֿאָלקס טעאַטער | פֿאָלקס-טעאַטער | פֿאָלקס-טעאַטער"	אָרגענטינע | אמעריקע | אַמעריקע	123 | 600 | 616 | 514 | 526	0.833 | 0.833 | 0.750 | 0.714 | 0.667	ipa_phonetic | ipa_phonetic | ipa_phonetic | ipa_phonetic | ipa_phonetic	SPLIT		Generic name 'Folks-teater' associated with multiple distinct cities (NYC, Buenos Aires, Vilna, London, Riga) indicates distinct organizations.			auto_drafter	2026-05-17T17:07:26Z
ORG-C00097	אַמכא	Traveling Company	2	אַמכא				אוקראַאינע										
ORG-C00098	דורך טרערן	Media (Radio/ Film/TV)	1	דורך טרערן														
ORG-C00099	צעירי יהודה	Jewish political bodies	2	צעירי יהודה	לעמבערג													
ORG-C00100	פּראָפעסיאנעלער יידישער טרופּע פֿון ר. פינקעלשטיין	Traveling Company	1	פּראָפעסיאנעלער יידישער טרופּע פֿון ר. פינקעלשטיין	מעלבורן			אויסטראַליע										
ORG-C00101	יידישע בינע	Traveling Company	25	יידישע בינע | יידישע בינע אין אָמעריקע	ווין | וולאַצלאָוועק | וולאָצלאַוועק | וולאָצלאַווקער | לאָוויטש | לאָדזש | מאָהילעוו | מעלבורן | ריגע | פֿילאַדעלפיע	טאבאר שטראַסע	"""יידישע בינע"" | אָמעריקע | ווינער יידישע ביהנע"	אויסטראַליע | אמעריקע | עסטרייך | פּוילן | רומעניע										
ORG-C00102	יוגנט פאַריין	Education	1	יוגנט פאַריין														
ORG-C00103	ווילנער טרופּע	Theatre	178	די ווילנער | די ווילנער טרופּע | דער ווילנער טרופּע | ווילנער | ווילנער טרופּע	אַמעריקע | בוקאַרעסט | ביאַליסטאָק | בערלין | בראַנקס | בראַנקס, ניו-יאָרק | וואַרשע | ווילנע | ווין | יאָס' | לאָס אַנדזשעלעס | לעמבערג | לאָדזש | ניו יאָרק | ניו-יאָרק | ניו-יאָָרק | ניויאָרק | פּאַריז | פאַריז | קליוולאַנד | קעשענעוו | קראָקע | קראקע | שיקאַגאָ | שיקאַגע | שיקאָגאָ	149 סטריט	"149 סטריט | אַמעריקע | אינטימייד טעאַטער | אינטימייד-טעאַטער | אינטימעד טעאַטער | בראַנקס | בראַנקס, נ. י. | בראָדוויי | וואַרשעווער 'עליזעום'-טעאַטער | ווילנער טרופּע | זשיגניצע | ליפּצין""-טעאַטער | ליפּצין-טעאַטער | מערב-אייראָפּע | עליזעאום-טעאַטער | עליזעאום-טעאַטער | עליזעום-טעאַטער | פּוילן | קאַמינסקי-טעאַטער | רומעניע | „ווילנער טרופּע"""	אַמעריקע | אמעריקע | בעלגיע | דייטשלאַנד | טשעכאָסלאָוואַקיי | מערב-אייראָפּע | עסטרייך | פּוילן | פראנקרייך | רומעניע | אַמעריקע	41 | 43 | 182 | 459 | 257	0.750 | 0.643 | 0.643 | 0.643 | 0.615	ipa_phonetic | ipa_phonetic | ipa_phonetic | ipa_phonetic | ipa_phonetic	NEW	551				Bella	2026-05-03T08:02:16Z
ORG-C00104	גילאָרינאַ	Theatre	1	גילאָרינאַ														
ORG-C00105	אַזאַזעל	Theatre	28	אַזאַזעל	וואַרשע			פּוילן				NEW	636				Sinai	2026-05-18T04:24:13Z
ORG-C00106	חברים-טרופּע	Traveling Company	40	חברים-טרופּע | חברים-טרופּע אין לעמבערג	אָדעס | בוענאָס איירעס | ביאַליסטאָק | וואַרשע | ווילנע | טאָשקענט | לאָדזש | לעמבערג | פּאַריז | פּאָריז | פּראָווינץ		"וואַרשעווער סקאָלאָ-טעאַטער | ווילנער טעאַטער „פּאַלאַס"" | לאָדזשער סקאָלאָ-טעאַטער | לאדזשער 'סקאַלאַ'-טעאַטער | פּוילישער פּראָווינץ | פּוילן | קאַמינסקי-טעאַטער | רוסלאַנד"	ארגענטינע | דרום-אפריקע | טשעכאָ-סלאָוואָקייע | פּוילן | רוסלאַנד	373 | 395	0.667 | 0.615	ipa_phonetic | ipa_phonetic							
ORG-C00107	ביאַליסטאָקער טרופּע	Traveling Company	1	ביאַליסטאָקער טרופּע					41	0.647	ipa_phonetic							
ORG-C00108	יידישן אַרטיסטן-פֿאַריין אין פּוילן	Theatre-related Society/ Union	56	יידישן אַרטיסטן-פאַריין | יידישן אַרטיסטן-פֿאַראיין | יידישן אַרטיסטן-פֿאַראיין אין וואַרשע | יידישן אַרטיסטן-פֿאַריין | יידישן אַרטיסטן-פֿאַריין אין פּוילן	וואַרשע | ווילנע | כאָרקאָוו | לאָדזש | לעמבערג | פּאַריז | קיעוו		אַרטיסטן-פֿאַריין | יידישן אַרטיסטן-פאַראיין | לאָדזשער פֿאַרוואַלטונג | לאָקאָל פון פאַריין | פּוילן	מדינת ישראל | פּוילן				ALIGN	442				Sinai	2026-05-18T04:22:21Z
ORG-C00109	נידערשלעזישן יידישן טעאַטער	Theatre	5	נידערשלעזישן יידישן טעאַטער			נידערשלעזישן יידישן טעאַטער	פּוילן	472 | 500	0.654 | 0.654	ipa_phonetic | ipa_phonetic							
ORG-C00110	גראַנד פּאָליי	Theatre	3	גראַנד פּאָליי	לאָנדאָן		"גראַנד פּאָליי | גרענד פּאַליי | „גרענד פאליי"""	ענגלאַנד										
ORG-C00111	לעמבערגער יידישן טעאַטער	Theatre	14	לעמבערגער יידישן טעאַטער	לעמבערג | לעמבערגער		לעמבערגער יידישן טעאַטער | לעמבערגער יידישן טעאַטער | לעמבערגער יידישע בינע | פּאָדסראָקאַן		544 | 472 | 500 | 575 | 609	0.793 | 0.739 | 0.739 | 0.696 | 0.652	ipa_phonetic | ipa_phonetic | ipa_phonetic | ipa_phonetic | ipa_phonetic							
ORG-C00112	אוצר הספרות	Journals/ Newspapers	1	אוצר הספרות														
ORG-C00113	עליזעום	Theatre	12	עליזעום	וואַרשע		"טעאַטער ""עליזעום“ | עליזעום | „עליזעום“"	פּוילן	516	1.000	exact	NEW	516		Warsaw		Sinai	2026-04-27T12:23:39Z
ORG-C00114	הזמיר	Musical organization	42	הזמיר	ביאַליסטאָקער | וואַרשע | טאָמאַשאָוו | כערסאָן | לאָדזש | לאָנדאָן | לובלין | לאָדזש | מאָנטרעאַל | מלאַווע | נאָוואַראַדאָמסק | סאָסנאָוויץ | פּאַריז | פאַריז | קאָוונע		דראַמאַטישער סעקציע | הזמיר | „הזמיר“	אוקראינע | פּוילן | פֿראַנקרייך				SPLIT		Hazamir was a network of distinct local musical societies; settlements list confirms multiple cities (Warsaw, Lodz, Bialystok, etc.) requiring individual entities.			auto_drafter	2026-05-17T17:07:26Z
ORG-C00115	פרץ-דראַמקרייז	Education	1	פרץ-דראַמקרייז	וואַרשע													
ORG-C00116	מוראַנאָווער טעאַטער	Theatre	22	דאָס מוראַנאָווער | מוראַנאָווער | מוראַנאָווער טעאַטער	וואַרשע | וואָרשע		וואַרשעווער „מוראַנאָווער טעאַטער“ | מוראַנאָווער טעאַטער | מוראַנאָווער טעאָטער | מוראַנאָווער טעאַטער | מוראָנאָווער טעאַטער	פּוילן	161 | 577 | 426 | 527 | 627	1.000 | 0.688 | 0.688 | 0.625 | 0.625	exact | ipa_phonetic | ipa_phonetic | ipa_phonetic | ipa_phonetic	ALIGN	161				Bella	2026-04-29T07:55:37Z
ORG-C00117	טרופּע פון יצחק זאַנדבערג	Traveling Company	2	טרופּע פון יצחק זאַנדבערג | יצחק זאַנדבערג	לאָדזש													
ORG-C00118	פּראָפעסיאנעלן יידישן אַרטיסטן-פאַראיין אין פּוילן	Theatre-related Society/ Union	5	פּראָפעסיאנעלן יידישן אַרטיסטן פאַריין | פּראָפעסיאנעלן יידישן אַרטיסטן פֿאַריין אין וואַרשע | פּראָפעסיאנעלן יידישן אַרטיסטן-פאַראיין אין פּוילן | פּראָפעסיאנעלן יידישן אַרטיסטןפֿאַראיין	באָקו | וואַרשע			פּוילן										
ORG-C00119	קאָמעדיע-טעאַטער א'נ „שלום-עליכם“	Theatre	1	קאָמעדיע-טעאַטער א'נ „שלום-עליכם“	מאָסקווע													
ORG-C00120	"טעאַטער-סטודיע אויפן נאָמען פון „שלום-עליכם"""	Theatre	1	"טעאַטער-סטודיע אויפן נאָמען פון „שלום-עליכם"""	מאָסקווע													
ORG-C00121	טעאַטער א'נ „בעזקער“	Theatre	1	טעאַטער א'נ „בעזקער“	קיעוו		קלוב „קאָמפּאָן“											
ORG-C00122	ישיבות	Education	2	ישיבות														
ORG-C00123	"לערער-סעמינאָר פֿון דייטש-יידישן הילפס-פֿאַריין ""עזרה"""	Education	1	"לערער-סעמינאָר פֿון דייטש-יידישן הילפס-פֿאַריין ""עזרה"""														
ORG-C00124	תל-אביבער שטאָט-ביבליאָטעק „שערי ציון“	Library	1	תל-אביבער שטאָט-ביבליאָטעק „שערי ציון“	תל-אביב			ארץ-ישראל										
ORG-C00125	העברעישער און יידישער פּרעסע	Journals/ Newspapers	2	העברעישער און יידישער פּרעסע														
ORG-C00126	אַרכיוו פֿאַר געשיכטע פֿון יידישן טעאַטער און דראַמע	Journals/ Newspapers	2	אַרכיוו פֿאַר געשיכטע פֿון יידישן טעאַטער און דראַמע | אַרכיוו פֿאַר דער געשיכטע פֿון יידישן טעאַטער און דראָמע	ווילנע													
ORG-C00127	יידישער טרופּע פֿון מישוראַט	Traveling Company	4	יידישער טרופּע פֿון מישוראַט	באָלטאָ													
ORG-C00128	קלאַראַ יאָנגס טרופּע	Traveling Company	4	קלאַראַ יאָנגס טרופּע	מאָסקווע			אייראָפּע	521	0.647	ipa_phonetic							
ORG-C00129	אַלרוסישן יידישן אַרטיסטן פֿאַריין	Theatre-related Society/ Union	1	אַלרוסישן יידישן אַרטיסטן פֿאַריין														
ORG-C00130	קונסט-ווינקל	Traveling Company	25	קונסט-ווינקל	אָדעס | דניעפּראָפּיעטראָווסק | דניעפּראָפּעטראָווסק | כאָרקאָוו | פּאָלטאָווע | קייעוו | קיעוו | פֿילאַדעלפיע		"קיעווער „קונסט ווינקל“ | „קונסט ווינקל"""		306	0.727	ipa_phonetic	ALIGN	307				Bella	2026-05-03T08:27:56Z
ORG-C00131	טעאַטער עקסעלסיאָר	Theatre	9	טעאַטער עקסעלסיאָר	אָרגענטינע | בוענאָס אַרעס | בוענאָס איירעס | בוענאָס-איירעס		"טעאַטער עקסעלסיאָר | טעאַטער ״עקסעלסיאָר“ | טעאַטער „עקסעלסיאָר“ | טעאַטער ""עקסעלסיאָר“ | עקסעלסיאָר | עקסעלסיאָר טעאַטער"	אַרגענטינע | אָרגענטינע	491 | 397	0.625 | 0.611	ipa_phonetic | ipa_phonetic							
ORG-C00132	פֿאָלקס שטימע	Journals/ Newspapers	2	פֿאָלקס שטימע	וואַרשע													
ORG-C00133	י. ג. הערדער-אינסטיטוט	Education	1	י. ג. הערדער-אינסטיטוט	מאַרבורג													
ORG-C00134	צייטשריפט פֿיר אָסטפאַרשונג	Journals/ Newspapers	1	צייטשריפט פֿיר אָסטפאַרשונג														
ORG-C00135	דייטשער ראַדיאָ אין קעלן	Media (Radio/ Film/TV)	1	דייטשער ראַדיאָ אין קעלן	קעלן													
ORG-C00136	פישזאָן גענפער	Traveling Company	1	פישזאָן גענפער														
ORG-C00137	סעם אַדלער	Traveling Company	14	טרופּע פֿון סעם אַדלער | טרופּעס פֿון סעם אַדלער | סעם אַדלער	וואַרשע | מינסק | קריוואָיראָג	מאָקאָטאָווסקא 137	טעאַטער קרולעווסקי		376	0.875	fuzzy	ALIGN	376				Bella	2026-05-18T08:14:15Z
ORG-C00138	נוזיק	Traveling Company	1	נוזיק					486	0.800	ipa_phonetic							
ORG-C00139	טרופּע פון שטשערבאַקאָוו	Traveling Company	3	טרופּע פון שטשערבאַקאָוו | שטשערבאַקאָוו	רוסלאַנד און בעסאַראַביע				523 | 531 | 596	0.600 | 0.600 | 0.600	ipa_phonetic | ipa_phonetic | ipa_phonetic							
ORG-C00140	טרופּע פֿון ראָטשטיין	Traveling Company	4	טרופּע פֿון ראָטשטיין | ראָטשטיין					523 | 563 | 578 | 596 | 626	0.667 | 0.667 | 0.667 | 0.667 | 0.667	ipa_phonetic | ipa_phonetic | ipa_phonetic | ipa_phonetic | ipa_phonetic							
ORG-C00141	ניי-אַזאַזעל	Theatre	5	ניי-אַזאַזעל	וואַרשע | וואַרשעווער געטאָ	טלאָמאַצקע 13 | נאָוואָליפּיע 72	וואַרשעווער געטאָ | יידישן ליטעראַטן און זשורנאַליסטן-פֿאַראיין | ניי אַזאַזעל | ניי-אַזאַזעל	פּוילן										
ORG-C00142	שאָפּ	Labour (factory/workshop)	4	שאָפּ	וואַרשע | וואַרשעווער געטאָ	לעשנאַ 27	וואַרשעווער געטאָ											
ORG-C00143	געבעט-הויז פֿון באַפּטיסטן	Religious institutions/organizations	1	געבעט-הויז פֿון באַפּטיסטן	וואַרשעווער געטאָ													
ORG-C00144	עלדאָראַדאָ	Theatre	20	עלדאָראַדאָ	וואַרשע | וואַרשעווער | וואַרשעווער געטאָ | ניו-יאָרק	בויערי און ריווינגטאָן סטריט | דזשעלנע 1 | דזשעלנע גאַס | טוואַרדע גאַס	עלדאַראַדאָ | עלדאָראַדאָ	פּוילן										
ORG-C00145	גימנאַזיע	Education	59	גימנאַזיע | גימנאַזיע אין וואַרשע | גימנאַזיע אין טאַשקענט | גימנאַזיע אין טאָרנע | גימנאַזיע אין מינסק	בוקאַרעשט | בערלין | וואַרשע | ווילנע | זשיטאָמיר | טאַשקענט | טאָרנע | טשערנאָוויץ | יעקאַטערינאָסלאָוו | לאָדזש | לעמבערג | מאָסקווע | מינסק | ניקאָ'אַיעוו | סואַוואָלק | פּאָלטאַווע | פּלאָצק | פּעטערבורג | קאָלאָמיי | קאמעניעץ-פּאָדאָלסק | קעשענעוו | קרעמעניץ		גימנאַזיע	דייטשלאַנד | פּויליש-ליטע | פּוילן | רומעניע				DESCRIPTIVE					Sinai	2026-05-18T04:18:56Z
ORG-C00146	דראַמאַטישע שול ביים קייזערלעכן אָלעקסאַנדער טעאַטער	Education	1	דראַמאַטישע שול ביים קייזערלעכן אָלעקסאַנדער טעאַטער	פּעטערבורג													
ORG-C00147	טעאַטער פון סאַבוראָוו	Theatre	1	טעאַטער פון סאַבוראָוו	פּעטערבורג				398	0.611	ipa_phonetic							
ORG-C00148	טעאַטער פון דער פרייער קאָמעדיע	Theatre	1	טעאַטער פון דער פרייער קאָמעדיע	פּעטערבורג													
ORG-C00149	באַלאַגאַנטשיק	Theatre	1	באַלאַגאַנטשיק	פּעטערבורג													
ORG-C00150	רוסישער דראַמע	Theatre	3	דער רוסישער דראַמע | רוסישער דראַמע	פּאָלטאָוואַ | ריגע													
ORG-C00151	בלויען פויגל א'ד יוזשני	Traveling Company	1	בלויען פויגל א'ד יוזשני			מערב-איידאָפּע											
ORG-C00152	„סימכעוועסאָסען“ (שמחה וששון)	Theatre	2	„סימכעוועסאָסען“ (שמחה וששון)	גראָדנע													
ORG-C00153	"""גראָדנער מאָמענט"""	Journals/ Newspapers	2	"""גראָדנער מאָמענט"""	גראָדנע				215	0.625	ipa_phonetic							
ORG-C00154	בונד	Jewish political bodies	34	בונד | דעם בונד	באָברויסק | וואַרשע | ווילנע | קראָקע | ריגע													
ORG-C00155	פּראָגרעסיוו דראַמאַטיק קלוב	Theatre	28	פּראָגרעסיוו דראַמאַטיק קלאָב | פּראָגרעסיוו דראַמאַטיק קלוב | פּראָגרעסיון דראַמאַטיק קלאָבּ	טאַראַנטאָ | נואַרק | ניו יאָרק | ניו-יאָרק | קליוולאַנד		גרענד טעאַטער | לייבאָר לייסעום | ניו-יאָרקער | פּראָגרעסיוו-דראַמאָטיקקלאָב	אַמעריקע | אמעריקע	363	0.739	ipa_phonetic							
ORG-C00156	ליפּצין-טעאַטער	Theatre	27	ליפּצין-טעאַטער	ניו יאָרק | ניו-יאָרק		"ליפּצין טעאַטער | ליפּצין-טעאַטער | ליפּצין-טעאַַטער | ליפּצין-טעאַטער | „ליפּצין""-טעאַטער"	אַמעריקע	176 | 509 | 520 | 536 | 553	0.714 | 0.643 | 0.643 | 0.643 | 0.643	ipa_phonetic | ipa_phonetic | ipa_phonetic | ipa_phonetic | ipa_phonetic	ALIGN	299				Sinai	2026-05-18T04:25:34Z
ORG-C00157	ליבערטי-טעאַטער	Theatre	67	ליבערטי-טעאַטער	בראַנזווייל | בראַנזוויל | בראָנזווייל | בראָנזוויל | ברוקלין | ברוקלינער | כראַנזוויל | ניו יאָרק | ניו-יאָרק | ניויאָָרק | פּראָווינץ | פֿילאַדעלפיע		"בראַנזוויל | ליבערטי טעאַטער | ליבערטי טעאַטער | ליבערטי-טעאַטער | ליבערטי-טעאַטער | ליבערטן-טעאַטער | „ליבערטי טעאַטער“ | „ליבערטי""-טעאַטער | אַמעריקע"	אַמעריקע | אמעריקע | ניו יאָרק | אַמעריקע	176 | 509 | 553 | 122 | 237	0.714 | 0.714 | 0.714 | 0.643 | 0.643	ipa_phonetic | ipa_phonetic | ipa_phonetic | ipa_phonetic | ipa_phonetic	SPLIT					Bella	2026-05-03T09:25:17Z
ORG-C00158	מאריס-טעאַטער	Theatre	1	מאריס-טעאַטער					616 | 176 | 529 | 552 | 600	1.000 | 0.750 | 0.750 | 0.750 | 0.750	exact | ipa_phonetic | ipa_phonetic | ipa_phonetic | ipa_phonetic	NEW	616				Bella	2026-05-15T11:12:57Z
ORG-C00159	נאָראַ בעיס-טעאַטער	Theatre	1	נאָראַ בעיס-טעאַטער					616 | 520 | 527	0.688 | 0.625 | 0.625	ipa_phonetic | ipa_phonetic | ipa_phonetic							
ORG-C00160	יידישער קונסט טעאַטער	Theatre	33	יידישע קונסט | יידישער קונסט טעאַטער | יידישער קונסט טעטער	ביאָליסטאָק | ביאליסטאָק | ניו יאָרק | ניו יאָרק | ניו-יאָרק		אייראָפּע | יידישער קונסט טעאַטער | יידישער קונסט טעאַטער	אַמעריקע | אמעריקע	623 | 466	0.630 | 0.615	ipa_phonetic | ipa_phonetic	SPLIT						
ORG-C00161	ראָלאַנד-טעאַטער	Theatre	35	ראָלאַנד-טעאַטער	בראָנזווייל | ברוקלין | ברוקלינער | ניו יאָרק		ראָלאַנד טעאַטער | ראָלאַנד טעאַטער | ראָלאַנד-טעאַ טער | ראָלאַנד-טעאַטער | ראָלאַנד-טעאַטער	אַמעריקע	526 | 528 | 124 | 552 | 514	0.769 | 0.769 | 0.692 | 0.692 | 0.643	ipa_phonetic | ipa_phonetic | ipa_phonetic | ipa_phonetic | ipa_phonetic							
ORG-C00162	יידישער טעאַטער-שול ביי דער „קולטור-ליגע“	Theatre education	1	יידישער טעאַטער-שול ביי דער „קולטור-ליגע“														
ORG-C00163	יידישער סטודיע פֿון ווייסרוסלאַנד	Traveling Company	2	יידישער סטודיע פֿון ווייסרוסלאַנד	מאָסקווע | מינסק													
ORG-C00164	ווימ'ט	Theatre	22	ווימ'ט	האָמעל													
ORG-C00165	זאַסלאַווסקי	Traveling Company	7	זאַסלאַווסקי	פּאָלטאַווע | פּאָלטאָווע | פּעטערבורג													
ORG-C00166	"וואַרשעווער ""עלדאָראַדאָ""-טעאַטער"	Theatre	3	"וואַרשעווער ""עלדאָראַדאָ""-טעאַטער"	וואַרשע		וואַרשעווער עלדאָראַדאָ-טעאַטער | עלדאָראַדאָ | עלדאָראָדאָ-טעאַטער	פּוילן										
ORG-C00167	ליבהאָבער	Traveling Company	23	ליבהאָבער | ליבהאָבער אין בעלץ	אָדעס | אָטוואָצק | באָקו | בעלץ | האָמעל | וואַרשע | ווילנע | וויניפּעג | וויניצע | טאַרנאָוו | טאָשקענט | לאָדזש | מינעאפּאָליס | ניו יאָרק | ניויאָרק		סביבה פֿון ניויאָרק | פּוילן | קליינע פּראָווינץ-שטעטלעך	אוקראַינע | פּוילן | קאַנאַדע				DESCRIPTIVE					Sinai	2026-05-18T04:20:02Z
ORG-C00168	וואַרשעווער מוראַנאָווער טעאַטער	Theatre	8	וואַרשעווער מוראַנאָווער טעאָטער | וואַרשעווער מוראַנאָווער טעאַטער	וואַרשע		וואַרשעווער מוראַנאָווער טעאַטער | מואַרנאָווער טעאַטער | מוראַנאָווער טעאַטער | מוראַנאָווער טעאָטער | מוראַנאָווער טעאַטער | מוראָנאָווער טעאַטער	פּוילן	161	0.667	fuzzy							
ORG-C00169	טעאַטער ווענוס	Theatre	4	טעאַטער ווענוס	וואַרשע	דזשעלנע גאַס	ווענוס-טעאַטער | טעאַטער ווענוס	פּוילן	398	0.625	ipa_phonetic							
ORG-C00170	פּאָליטעכניקום	Education	6	פּאָליטעכניקום	בערלין | ווין | מעקסיקע סיטי | נאָנסי | קאָרלסרוע		פּאָליטעכניקום											
ORG-C00171	פּוטיליאָווער (שפּעטער — קיראַוונער) זאַוואָד	Labour (factory/workshop)	1	פּוטיליאָווער (שפּעטער — קיראַוונער) זאַוואָד	פּעטערבורג													
ORG-C00172	דער יוּד	Journals/ Newspapers	14	דער יוּד | יוד	קראָקע				219	1.000	exact	ALIGN	219				Bella	2026-04-19T07:03:19Z
ORG-C00173	יעוורעיסקאַיאָ ענציקלאָפּעדיאַ	Publisher	1	יעוורעיסקאַיאָ ענציקלאָפּעדיאַ	פּעטערבורג													
ORG-C00174	צוקונפט	Journals/ Newspapers	42	די צוקונפט | צוקונפט	נ. י | נ. י. | ניו יאָרק | ניו יארק | ניו יאָרק | ניו-יאָרק		נ. י.	אַמעריקע | אמעריקע | פּוילן										
ORG-C00175	ביכער-וועלט	Journals/ Newspapers	1	ביכער-וועלט	וואַרשע													
ORG-C00176	אינסטיטוט פֿון די פֿעלקער פֿון אַזיע ביי דער וויסנשאַפֿטלעכער אַקאַדעמיע	Heritage Institution	1	אינסטיטוט פֿון די פֿעלקער פֿון אַזיע ביי דער וויסנשאַפֿטלעכער אַקאַדעמיע	לענינגראַד													
ORG-C00177	באַקוער יידישן טעאַטער	Theatre	1	באַקוער יידישן טעאַטער	באַקו				575 | 472 | 500 | 609 | 543	0.818 | 0.800 | 0.800 | 0.714 | 0.667	ipa_phonetic | ipa_phonetic | ipa_phonetic | ipa_phonetic | ipa_phonetic							
ORG-C00178	נייער יידישער טעאַטער	Theatre	18	נייער יידישער טעאַטער | נייער יידישער טעאַטער אין ליטע	לאָנדאָן | ניו יאָרק | ריגע | ריגער		נייער יידישער טעאַטער | ריגער	אַמעריקע | ליטע | לעטלאַנד | ענגלאַנד	609 | 472 | 500 | 575 | 571	0.857 | 0.750 | 0.750 | 0.739 | 0.615	ipa_phonetic | ipa_phonetic | ipa_phonetic | ipa_phonetic | ipa_phonetic	SPLIT		Cluster spans London, NY, Riga, and Lithuania; 'New Yiddish Theatre' is a common name for distinct entities in different countries.			auto_drafter	2026-05-17T17:07:26Z
ORG-C00179	קונסט-רינג	Theatre	16	קונסט-רינג	ניו יאָרק | ניו-יאָרק		אַמעריקע | יידישן קונסט-טעאַטער	אַמעריקע	306 | 307	1.000 | 0.727	exact | ipa_phonetic	ALIGN	306					
ORG-C00180	יידישן קונסט-טעאַטער	Theatre	107	דאָס יידישע קונסט-טעאַטער | יידישן קונסט-טעאַטער | יידישע קונסט-טעאַטער אין אָמעריקע	אַמעריקע | אָדעס | אמעריקע | בוענאָס איירעס | ניו יאָרק | ניו יארק | ניו יאָָרק | ניו-יאָרק | ניו-יאָָרק | פֿילאַדעלפיע		"""יידישן קונסטטעאַטער"" | אויף 39טע סטרייט | אוירווינג פלייס טעאַטער | יידישן קונסט טעאַטער | יידישן קונסט טעאַטער | יידישן קונסט-טעאַטער | יידישן קונסט-טעאטער | יידישן קונסט-טעאַטער | יידישן קונסטטעאַטער | יידישן קונסטטעאַטער | מעדיסאָן סקווער גאַרדן | מעדיסאָן סקווער-גאַרדן | סעקאָנד עוועניו טעאַטער | פּראָווינץ | קונסט-טעאַטער"	אַמעריקע | אַרגענטינע | אָמעריקע | אמעריקע | אַמעריקע | פֿאַראייניקטע שטאטן	623 | 480 | 608	0.667 | 0.650 | 0.600	ipa_phonetic | ipa_phonetic | ipa_phonetic	SPLIT		Cluster contains multiple distinct 'Yiddish Art Theatre' entities across New York, Buenos Aires, and Odessa; requires manual separation.			auto_drafter	2026-05-17T17:07:26Z
ORG-C00181	לאָנדייל-טעאַטער	Theatre	8	לאַנדעיל-טעאַטער | לאָנדייל-טעאַטער	שיקאַגאַ | שיקאַגאָ | שיקאַגע | שיקאַגער		לאַנדייל-טעאַטער | לאַנדיילטעאַטער | לאָנדייל-טעאַטער | לאָנדייל-טעאַטער | שיקאַגער לאָנדייל-טעאַטער		520 | 176 | 252 | 509 | 526	1.000 | 0.643 | 0.643 | 0.643 | 0.643	exact | ipa_phonetic | ipa_phonetic | ipa_phonetic | ipa_phonetic	NEW	520				Bella	2026-04-28T10:37:57Z
ORG-C00182	יידישע קולטור	Journals/ Newspapers	7	יידישע קולטור	נ. י. | ניו יאָרק | ניו-יאָרק													
ORG-C00183	יידיש בוך	Publisher	1	יידיש בוך	וואַרשע			פּוילן										
ORG-C00184	מאָסקווער יידישן מלוכה-טעאַטער	Theatre	50	באַקווער יידישן מלוכה-טעאַטער | טעאַטער-סטודיע פֿון מאָסקווער יידישן מלוכה-טעאַטער | מאָסקווער יידישן מלוּכה-טעאַטער | מאָסקווער יידישן מלוכה-טעאַטער | מאָסקווער יידישע מלוכה טעאַטער | מאָסקווער יידישער מלוכה-טעאַטער | סטודיע פֿון מאָסקווער יידישן מלוכה-טעאַטער | שול פֿון מאָסקווער יידישן מלוכה-טעאַטער	באַקו | באַקוו | טאַשקענט | מאָסקווע | מאָסקווער | קיעוו		באַקווער | באַקווער יידישן מלוכה-טעאַטער | יידישן מלוכהטעאַטער | מאָסקווע | מאָסקווער יידישן מלוכה-טעאַטער | מאָסקווער יידישן מלוכה-טעאַטער | מאָסקווער יידישן מלוכהטעאַטער | מלוכה-טעאַטער	בעלגיע | סאָוועט רוסלאַנד | פ. ס. ס. ר. | ראַטנפֿאַרבאַנד | רוסלאַנד	543 | 501 | 505 | 478 | 472	1.000 | 0.889 | 0.889 | 0.857 | 0.852	exact | ipa_phonetic | ipa_phonetic | ipa_phonetic | ipa_phonetic	SPLIT					Sinai	2026-04-05T17:41:20Z
ORG-C00185	דייטשער דראַמאַטישער שול	Education	1	דייטשער דראַמאַטישער שול	ווין			עסטרייך										
ORG-C00186	יידישן דראַמאַטישן קריין א'נ „פֿערדינאַנד לאַסאַל“	Theatre	1	יידישן דראַמאַטישן קריין א'נ „פֿערדינאַנד לאַסאַל“	ווין			עסטרייך										
ORG-C00187	טרופּע פֿון דירעקטאָר אַקסעלראָד	Traveling Company	1	טרופּע פֿון דירעקטאָר אַקסעלראָד														
ORG-C00188	טרופּע פֿון דירעקטאָר עבעל	Traveling Company	1	טרופּע פֿון דירעקטאָר עבעל														
ORG-C00189	טרופּע פֿון צוקערבערג	Traveling Company	1	טרופּע פֿון צוקערבערג	קראָקע			פּוילן	283 | 523 | 578 | 596	0.600 | 0.600 | 0.600 | 0.600	ipa_phonetic | ipa_phonetic | ipa_phonetic | ipa_phonetic							
ORG-C00190	פֿאָלקסבינע	Theatre	27	פֿאָלקסבינע	בערלין | ווין | לאָס אַנדזשעלעס | ניו יאָרק | ניו-יאָרק		אַרבייטער רינג | ניו יאָרקער | פאָלקס-בינע | פאָלקסבינע | פֿאָלקס-בינע | פֿאָלקסבינע	אַמעריקע | עסטרייך				SPLIT		Cluster contains multiple distinct Folksbiene entities across Berlin, Vienna, and New York; no single DB candidate exists.			auto_drafter	2026-05-17T17:07:26Z
ORG-C00191	וויק'ט	Traveling Company	46	וויק'ט	וואַרשע | ווילנע | יאָס' | לעמבערג		'וויקט' | וויקט | לעמבערג | עליזעום-טעאַטער | פּוילן | צענטראַל-טעאַטער | קאַמינסקיס טעאַטער | רומעניע	פּוילן | רומעניע				ALIGN	433				Sinai	2026-05-18T10:27:35Z
ORG-C00192	ערשטן פֿאָלקסטעאַטער	Theatre	1	ערשטן פֿאָלקסטעאַטער			אַרגענטינע	אַרגענטינע	570 | 608 | 494	0.652 | 0.650 | 0.640	ipa_phonetic | ipa_phonetic | ipa_phonetic							
ORG-C00193	פּאַריזער יידישע קונסט-טעאַטער	Theatre	1	פּאַריזער יידישע קונסט-טעאַטער	פּאַריז			פראַנקרייך	623 | 500 | 536 | 478 | 534	1.000 | 0.667 | 0.667 | 0.643 | 0.643	exact | ipa_phonetic | ipa_phonetic | ipa_phonetic | ipa_phonetic	NEW	623				Bella	2026-05-15T12:42:55Z
ORG-C00194	טעאַטער מיטרע	Theatre	6	טעאַטער מיטרע	בוענאָס איירעס		טעאַטער מיטרע | טעאַטער „מיטרע“	אַרגענטינע | אָרגענטינע	173 | 581 | 580	0.714 | 0.615 | 0.600	ipa_phonetic | ipa_phonetic | ipa_phonetic							
ORG-C00195	יידיש קונסט טעאַטער	Theatre	18	יידיש קונסט טעאַטער	ניו יאָרק | ניו יארק | ניו יאָרק | ניו-יאָרק | פֿילאָדעלפיע	27טער סטריט און לעקסינגטאָן עוועניו	יידיש קונסט-טעאַטער | יידישע קונסט טעאַטער | יידישע קונסט-טעאַטער | מעדיסאָן סקווער גאַרדן | פילאַדעלפיע	אַמעריקע | אַמעריקע	480 | 623	0.650 | 0.630	ipa_phonetic | ipa_phonetic							
ORG-C00196	יידישע געזעלשאַפט אין לאָס אַנדזשעלעס	Theatre	1	יידישע געזעלשאַפט אין לאָס אַנדזשעלעס	לאָס אַנדזשעלעס													
ORG-C00197	שלום-עליכם פֿאָלקס-אינסטיטוט	Education	8	שלום עליכם פאָלקס אינסטיטוט | שלום-עליכם פאָלקאינסטיטוט | שלום-עליכם פֿאָלקס-אינסטיטוט	דעטראָיט | ניו יאָרק | ניו-יאָרק | שיקאַגאָ	1100 קעדזי עוועניו	קעלער פון דעם הויז	אַמעריקע										
ORG-C00198	אַרבעטער-רינג	Jewish political bodies	35	אַרבעטער-רינג	ברוקלין | דעטראָיט | וואלדהיים | ל. א. | לאָנדאָן | לאָס אַנדזשעלעס | ניו יאָרק | ניו-יאָרק | שיקאַגע		"אַרבעטער רינג-סענטער | אַרבעטער-רינג | בית עולם | בית-עולם פֿין אַרבעטער-רינג (הר הכרמל) | בית-עלמין פון „אַרבעטער-רינג"" | הר הכרמל | מאָסאַטשוזעטס"	אַמעריקע | אַמעריקע	189	0.750	ipa_phonetic	SPLIT		Cluster contains multiple local branches (Brooklyn, Detroit, London, LA, Chicago) and cemeteries of the international Arbeter Ring organization.			auto_drafter	2026-05-17T17:07:26Z
ORG-C00199	יידישע אַקטיאָרן-יוניאָן	Theatre-related Society/ Union	5	יידישע אַקטיאָרן-יוניאָן	ניו יאָרק | ניו-יאָרק | שיקאַגאָ													
ORG-C00200	יידישן אַקטיאָרן פאַריין אין פּוילן	Theatre-related Society/ Union	1	יידישן אַקטיאָרן פאַריין אין פּוילן				פּוילן										
ORG-C00201	קאָמיטעט צו שאַפן אַ געזעלשאַפטלעך טעאַטער אין דעטראָיט	Theatre	1	קאָמיטעט צו שאַפן אַ געזעלשאַפטלעך טעאַטער אין דעטראָיט	דעטראָיט													
ORG-C00202	רוסישער דראָמאַטישער שול	Education	3	רוסישער דראָמאַטישער שול	אָדעס | ווילנע													
ORG-C00203	הירשביין-טרופּע	Traveling Company	18	הירשביין-טרופּע	אָדעם | אָדעס | וואַרשע | יעקאַטערינאָסלאָוו		טעאַטער 'האַרמאָניע'	רוסלאַנד	279	0.625	ipa_phonetic							
ORG-C00204	ערשטן צוזאַמענפֿאָר פֿון די יידישע אַקטיאָרן	Theatre-related Society/ Union	1	ערשטן צוזאַמענפֿאָר פֿון די יידישע אַקטיאָרן	קיעוו													
ORG-C00205	אָדעסער הויך-שול	Education	1	אָדעסער הויך-שול	אָדעס													
ORG-C00206	אַקטיאָרן-אָרגאַניזאַציע	Theatre-related Society/ Union	1	אַקטיאָרן-אָרגאַניזאַציע	כאַרקאָוו													
ORG-C00207	חדר	Education	56	חדר	ווילנע | קלעשטשעל							DESCRIPTIVE					Sinai	2026-05-18T04:19:13Z
ORG-C00208	מוזיק-שול	Education	6	מוזיק-שול | מוזיק-שול אין פּעטערבורג	אָדעס | טאָמסק | לעמבערג | מאָסקווע | ניקאָ'אַיעוו | פּעטערבורג		מוזיק שול | מוזיק-שול	רוסלאַנד										
ORG-C00209	אוקראינישן מלוכהטעאַטער פֿון קליינער פֿאָרמעס „געזבולט“	Theatre	1	אוקראינישן מלוכהטעאַטער פֿון קליינער פֿאָרמעס „געזבולט“														
ORG-C00210	הצפירה	Journals/ Newspapers	16	הצפירה | הצפֿירה					68 | 271	1.000 | 0.714	exact | ipa_phonetic	ALIGN	68					
ORG-C00211	יידישע באַנדע	Traveling Company	12	יידישע באַנדע | יידישער באַנדע אין אַמעריקע	קאָליש			די פאַרייניקטע שטאַטן | ליטע | פּוילן | פֿאַראייניקטע שטאָטן פֿון אַמעריקע										
ORG-C00212	נאָוואָשטשי	Theatre	1	נאָוואָשטשי	וואַרשע		נאָוואָשטשי	פּוילן	507	1.000	exact	NEW	507					
ORG-C00213	ניי-וואָרט	Journals/ Newspapers	1	ניי-וואָרט														
ORG-C00214	באַנדאָ	Theatre	1	באַנדאָ	וואַרשע			פּוילן										
ORG-C00215	מ. פֿאָטאָפּערסקי	Publisher	1	מ. פֿאָטאָפּערסקי	ווילקאָווישקי													
ORG-C00216	ניויאָרק פּאָבליק לייברערי	Library	1	ניויאָרק פּאָבליק לייברערי														
ORG-C00217	קרית ספר	Journals/ Newspapers	1	קרית ספר														
ORG-C00218	פעלדשער-קורסן	Education	1	פעלדשער-קורסן														
ORG-C00219	יידיש-רוסישע רעגירונגסשול	Education	1	יידיש-רוסישע רעגירונגסשול														
ORG-C00220	קדימה דראַמאָטיק סוירקל	Theatre	1	קדימה דראַמאָטיק סוירקל	מעלבורן			אויסטראַליע										
ORG-C00221	צענגוטס וואָריעטע	Theatre	1	צענגוטס וואָריעטע														
ORG-C00222	יידישן אַרטיסטן-פאַריין „אַברהם גאָלדפאָדן“	Theatre-related Society/ Union	1	יידישן אַרטיסטן-פאַריין „אַברהם גאָלדפאָדן“														
ORG-C00223	טרופּע פֿון דוד פֿאַכלער	Traveling Company	1	טרופּע פֿון דוד פֿאַכלער					483 | 486 | 531 | 578	0.600 | 0.600 | 0.600 | 0.600	ipa_phonetic | ipa_phonetic | ipa_phonetic | ipa_phonetic							
ORG-C00224	טרופּע פֿון סידי טאָל	Traveling Company	1	טרופּע פֿון סידי טאָל					531 | 283 | 483 | 486 | 523	0.684 | 0.611 | 0.611 | 0.611 | 0.611	ipa_phonetic | ipa_phonetic | ipa_phonetic | ipa_phonetic | ipa_phonetic							
ORG-C00225	טרופּע פֿון אָננאַ יאָקובאָוויטש	Traveling Company	2	טרופּע פֿון אָננאַ יאָקובאָוויטש				פּוילן										
ORG-C00226	טרופּע פֿון לידיאַ פּאַטאָצקאַ	Traveling Company	2	טרופּע פֿון לידיאַ פּאַטאָצקאַ | לידיאַ פּאַטאָצקאַס טרופּע														
ORG-C00227	טרופּע פֿון מישע פישזאָן	Traveling Company	2	טרופּע פֿון מישע פישזאָן | מישע פישזאָן	רומעניע			רומעניע	596	0.619	ipa_phonetic							
ORG-C00228	טרופּע פֿון היימי פּריזאַנט	Traveling Company	2	היימי פּריזאַנט | טרופּע פֿון היימי פּריזאַנט														
ORG-C00229	טרופּע פֿון בעני אַדלער	Traveling Company	1	טרופּע פֿון בעני אַדלער					483 | 578 | 542	0.650 | 0.650 | 0.600	ipa_phonetic | ipa_phonetic | ipa_phonetic							
ORG-C00230	טרופּע פֿון יעקב רעכצייט	Traveling Company	1	טרופּע פֿון יעקב רעכצייט														
ORG-C00231	טרופּע פֿון דוד זיידערמאַן	Traveling Company	1	טרופּע פֿון דוד זיידערמאַן														
ORG-C00232	מאָלדעוואָנישער יידישער מלוכה-טעאַטער	Theatre	1	מאָלדעוואָנישער יידישער מלוכה-טעאַטער	קעשעניעוו				510 | 540 | 472 | 597 | 478	1.000 | 0.818 | 0.727 | 0.727 | 0.697	exact | ipa_phonetic | ipa_phonetic | ipa_phonetic | ipa_phonetic	NEW	510					
ORG-C00233	אוזבעקישער מלוכהשער פילהאַרמאָניע	Theatre	1	אוזבעקישער מלוכהשער פילהאַרמאָניע														
ORG-C00234	גאָלדינג געווערק-שול	Education	1	גאָלדינג געווערק-שול														
ORG-C00235	דייטשן טעאַטער	Theatre	11	דייטשן טעאַטער | דייטשן טעאַטער אין אינסברוק | דייטשן טעאַטער אין טשערנאָוויץ	אינסברוק | בריסק | טשערנאָוויץ | לאָדזש | לאָדזש | ניו-יאָרק | קורלאַנד		אוירווינג פלעיס | דייטשן טעאַטער	איטאליע | פּוילן	553 | 278 | 622 | 252 | 536	0.692 | 0.643 | 0.643 | 0.615 | 0.615	ipa_phonetic | ipa_phonetic | ipa_phonetic | ipa_phonetic | ipa_phonetic	SPLIT		Cluster name refers to generic 'German Theatre' in multiple distinct cities (Innsbruck, Czernowitz, etc.) rather than a single organization.			auto_drafter	2026-05-17T17:07:26Z
ORG-C00236	"ניו-יאָרקער יידישן „טאָליאַ""-טעאַטער"	Theatre	1	"ניו-יאָרקער יידישן „טאָליאַ""-טעאַטער"	ניו-יאָרק			אַמעריקע	615 | 501 | 505 | 535 | 538	0.812 | 0.625 | 0.625 | 0.625 | 0.625	ipa_phonetic | ipa_phonetic | ipa_phonetic | ipa_phonetic | ipa_phonetic							
ORG-C00237	ווערדי-טעאַטער	Theatre	1	ווערדי-טעאַטער	פֿילאָדעלפיע				509 | 122 | 528 | 552 | 553	1.000 | 0.750 | 0.750 | 0.750 | 0.750	exact | ipa_phonetic | ipa_phonetic | ipa_phonetic | ipa_phonetic	NEW	509					
ORG-C00238	פֿאָלקס-שול	Education	38	פֿאָלקס-שול	וואַרשע | לאָדזש | לעמבערג | נאָוואָסעליץ | סיגעט | פּאַריז		פֿאָלקס-שול	אונגאָרן				DESCRIPTIVE					Sinai	2026-05-18T10:31:38Z
ORG-C00239	ווינער קאָנסערוואַטאָריע	Education	3	ווינער קאָנסערוואַטאָריע	ווילנע | ווין		ווינער קאָנסערוואַטאָריע	עסטרייך										
ORG-C00240	רומענישן יידישן מלוכהטעאַטער	Theatre	1	רומענישן יידישן מלוכהטעאַטער					567 | 550 | 592 | 510 | 500	1.000 | 0.793 | 0.774 | 0.742 | 0.741	exact | ipa_phonetic | ipa_phonetic | ipa_phonetic | ipa_phonetic	NEW	567				Bella	2026-05-04T09:00:32Z
ORG-C00241	קיעווער כעמיש-פֿאַרמאַצעווטישן אינסטיטוט	Education	1	קיעווער כעמיש-פֿאַרמאַצעווטישן אינסטיטוט	קיעוו													
ORG-C00242	מוזיקאַלישע שול	Education	2	מוזיקאַלישע שול														
ORG-C00243	אָרקאָדיאָ-טעאַטער	Theatre	2	אָרקאָדיאָ-טעאַטער	ווין				527 | 235 | 509 | 526 | 528	0.786 | 0.667 | 0.643 | 0.643 | 0.643	ipa_phonetic | ipa_phonetic | ipa_phonetic | ipa_phonetic | ipa_phonetic							
ORG-C00244	אַברהם יצחק קאַמינסקיס טרופּע	Traveling Company	3	אַברהם יצחק קאַמינסקיס טרופּע	יעקאַטערינאָסלאַוו | לאָדזש													
ORG-C00245	פרץ הירשביינס טרופּע	Traveling Company	4	פרץ הירשביינס טרופּע	אָדעס | וואַרשע		אָדעסער פילהאַרמאָניע	רוסלאַנד	203	0.600	ipa_phonetic							
ORG-C00246	קולטור-ליגע	Heritage Institution	35	קולטור-ליגע	אומאַן | וואַרשע | מאָסקווער | פּאַריז | פּאָלטאָוואָ | פאַריז | קאָוונע | קייעוו | קיעוו | קיעווער		דראַמקרייז | קולטור-ליגע | קיעווער | קיעווער פֿאַרלאָג	אוקראַאינע | אוקראינע | פּוילן | פראַנקרייך				SPLIT		Cluster contains multiple distinct branches of the Kultur-Lige (Kiev, Warsaw, Paris) which operated as separate entities across different countries.			auto_drafter	2026-05-17T17:07:26Z
ORG-C00247	קיעווער „קונסט-ווינקל“	Theatre	8	קיעווער „קונסט-ווינקל“	קיעוו | קיעווער		"קונסט-ווינקל | קיעווער „קונסט ווינקל"" | קיעווער „קונסטווינקל"""											
ORG-C00248	ראָפּעל	Traveling Company	15	טרופּע פֿון ראַפּעל | טרופּעס פון ראַפּעל | ראָפּעל	אָדעם | אָדעס | וואַרשע		ראָפּעלן	רוסלאַנד	469	1.000	exact	ALIGN	469				Bella	2026-04-19T08:22:15Z
ORG-C00249	ליציי אין באַטאָשאַן	Education	1	ליציי אין באַטאָשאַן	באַטאָשאַן			רומעניע										
ORG-C00250	סאַציאָליסטישער באַוועגונג	Non-Jewish political bodies	3	סאַציאָליסטישער באַוועגונג			אַמעריקע	אַמעריקע										
ORG-C00251	גרויסע טעגלעכע צייטונגען פֿון בוקאַרעשט און יאָסי	Journals/ Newspapers	1	גרויסע טעגלעכע צייטונגען פֿון בוקאַרעשט און יאָסי	בוקאַרעשט			רומעניע										
ORG-C00252	יידישער פּעריאָדיקע אין גאַליציע	Journals/ Newspapers	2	יידישער פּעריאָדיקע | יידישער פּעריאָדיקע אין גאַליציע			גאַליציע											
ORG-C00253	"דייטשער סאַציאַליסטישער „פאָלקסצייטונג"""	Journals/ Newspapers	1	"דייטשער סאַציאַליסטישער „פאָלקסצייטונג"""	ניו יאָָרק			יונײַטעד סטייטס										
ORG-C00254	יידישעס טאָגעבלאַט	Journals/ Newspapers	10	יידישעס טאָגעבלאַט	ניו-יאָרק			אַמעריקע | אַמעריקע	449	1.000	exact	ALIGN	449					
ORG-C00255	יעקב פּ. אַדלער	Traveling Company	2	יעקב פּ. אַדלער	ניו-יאָרק													
ORG-C00256	טהעאַטער מאַיוונג פיקטשורס	Journals/ Newspapers	1	טהעאַטער מאַיוונג פיקטשורס	ניו יאָרק			יונײַטעד סטייטס										
ORG-C00257	פֿאַרווערטס	Journals/ Newspapers	91	פֿאַרווערטס	אַמעריקע | דעטראָיט | נ. י. | ניו יאָרק | ניו-יאָרק | ניויאָרק | שיקאַגאָ | פֿילאָדעלפיע		"אַמעריקע | נ. י. | ניו יאָרק | פֿאַרווערטס | פאַרווערטס | רעדאַקציע | רעדאַקציע פון „פאַרווערטס"" | פֿאַרווערטס"	אַמעריקע	249	1.000	exact	ALIGN	249				Sinai	2026-05-11T21:35:41Z
ORG-C00258	"„הזמיר""-כאָר"	Musical organization	2	"„הזמיר""-כאָר"	סאָסנאָוויץ			פּוילן										
ORG-C00259	בער לינער קאָמישער אָפּערע	Theatre	2	בער לינער קאָמישער אָפּערע	בערלין		בערלינער קאָמישער אָפּערע	דייטשלאַנד										
ORG-C00260	יידישן אָפּערעטן-טעאַטער	Theatre	7	יידישן אָפּערעטן-טעאַטער | יידישן אָפּערעטן-טעאַטער אין לאָדזש | יידישן אָפּערעטן-טעאַטער אין פּוילן	וואַרשע | לאָדזש | לאָנדאָן | פאַריז		יידישן אָפּערעטןטעאַטער	דרוםאפריקע | ענגלאַנד | פּוילן | פראַנקרייך	480 | 571	0.714 | 0.654	ipa_phonetic | ipa_phonetic	SPLIT		Cluster variants and settlements (Lodz, Poland, London, Paris) indicate multiple distinct operetta theaters rather than a single entity.			auto_drafter	2026-05-17T17:07:26Z
ORG-C00261	קאָנצערט בריגאָדע	Traveling Company	1	קאָנצערט בריגאָדע	ביאַליסטאָק													
ORG-C00262	קול ישראל	Media (Radio/ Film/TV)	2	קול ישראל				ישראל										
ORG-C00263	קאָנסערוואַטאָריע אוו מיוזיק	Education	1	קאָנסערוואַטאָריע אוו מיוזיק	טאָראַנטאָ		קאָנסערוואַטאָריע אוו מיוזיק	קאַנאַדע										
ORG-C00264	אָקאַדעמי און מוזיק-טעאַטער	Theatre	1	אָקאַדעמי און מוזיק-טעאַטער	ניו יאָרק		אָקאַדעמי און מוזיק-טעאַטער	יו-עס-עי										
ORG-C00265	קעפּיטאָל טעאַטער	Theatre	3	קעפּיטאַל | קעפּיטאָל טעאַטער	לאָס אַנדזשעלעס | ניו יאָרק | ניו-יאָרק	בראָדוועי	קעפּיטאַל | קעפּיטאָל טעאַטער	אמעריקע | יו-עס-עי | אַמעריקע	553 | 555 | 628 | 151	0.643 | 0.643 | 0.643 | 0.600	ipa_phonetic | ipa_phonetic | ipa_phonetic | ipa_phonetic	SPLIT		Cluster contains distinct Capitol Theatre locations in New York (Broadway) and Los Angeles; no direct DB match exists.			auto_drafter	2026-05-17T17:07:26Z
ORG-C00266	מעקינלי סקווער טעאַטער	Theatre	33	מעקינלי סקווער | מעקינלי סקווער טעאַטער	בראַנקס | בראַנקסער | בראָנסקער | בראָנקס | ניו יאָרק | ניו-יאָרק		"בראַנקס | מעקינלי סקווער | מעקינלי סקווער טעאַטער | מעקינלי סקווער טעאַטער | מעקינלי סקווער""-טעאַטער | מעקינלי סקווער-טעאַטער | מעקינלי סקווערטעאַטער | מעקינלי-סקווער-טעאַטער | מעקינלי-סקווער-טעאַטער"	אַמעריקע | יו עס עי | יו-עס-עי										
ORG-C00267	יידישע טעאַטערס אויף סעקאָנד עוועניו	Theatre	1	יידישע טעאַטערס אויף סעקאָנד עוועניו	ניו יאָרק		סעקאָנד עוועניו	יו-עס-עי										
ORG-C00268	פאַלעסטיין סטרינג קוואַרטעט	Traveling Company	1	פאַלעסטיין סטרינג קוואַרטעט														
ORG-C00269	מיאָמער וואָדעוויל-טעאַטער	Theatre	1	מיאָמער וואָדעוויל-טעאַטער	מיאָמער		מיאָמער וואָדעוויל-טעאַטער	יו-עס-עי										
ORG-C00270	יידישע טעאַטריקל עלייענס	Theatre-related Society/ Union	40	יידישע טעאַטריקל עלייענס | יידישער טעאַטריקל עלייענס | יידישער טעאָטריקעל-עלייענס	ניו יאָרק | ניו-יאָרק		ביוראָ פֿון דער אָרגאַניזאַציע | בית עולם | בית עולם פֿון די יידישע טעאַטריקל עלייענס | בית-החיים | בית-עולם פֿון די יידישע טעאַטריקל-עליינס | קרקע	אַמעריקע | יו-עס-עי | אַמעריקע										
ORG-C00271	שטאָטישע שול	Education	18	די שטאָטישע שול | שטאָטישע שול | שטאָטישע שול אין כאָטין	אָדעם | אָדעס | בוקאַרעסט | בערדיאָנסק | יאָסי | כאָטין | מינסק | ריגע		די שטאָטישע שול | שטאַטישע שול | שטאָטישער שול	לעטלאַנד | רומעניע				SPLIT					Sinai	2026-05-18T10:33:20Z
ORG-C00272	אַרבעטער רינג-שול	Education	4	אַרבעטער רינג-שול | אַרבעטעררינג-שול אין פּיטסבורג	באָסטאָן | פּיטסבורג		אַרבעטער-רינג-שול		189	0.625	ipa_phonetic	SPLIT		Cluster contains schools in distinct cities (Boston, Pittsburgh); candidate 189 is the parent organization, not the specific schools.			auto_drafter	2026-05-17T17:07:26Z
ORG-C00273	פרייע אַרבייטער שטימע	Journals/ Newspapers	34	פרייע אַרבייטער שטימע | פרייע אַרבעטער שטימע | פֿרייע אַרבעטער שטימע | פֿרייע אָרבייטער שטימע	נ. י. | ניו יאָרק | ניו-יאָרק		„פרייע אַרבייטער שטימע“ | אַמעריקע	אַמעריקע | אַמעריקע										
ORG-C00274	קינדער זשורנאַל	Journals/ Newspapers	9	קינדער זשורנאַל	נ. י. | ניו יאָרק | ניו-יאָרק				301	0.714	ipa_phonetic							
ORG-C00275	דאָ רע מי	Theatre	1	דאָ רע מי														
ORG-C00276	הבימה	Theatre	32	הבימה	ביאַליסטאָק | וואַרשע | ווין | ליפּקאָן | מאָסקווע | מעץ | ניו יאָרק | תּל-אָבֿיבֿ		הבימה | טשעכאָסלאָוואַקיישן יידישן טעאַטער | מוגראַבי | ציוניסטישן קאָנגרעס	אַמעריקע | אָרץ-ישראל | ארץ-ישראל | טשעכאָסלאָוואַקיי				ALIGN	266				Sinai	2026-05-18T10:28:11Z
ORG-C00277	קולטור-אָפּטיילונג ביי דער קהלה איז בוענאָס איירעס	Religious institutions/organizations	1	קולטור-אָפּטיילונג ביי דער קהלה איז בוענאָס איירעס	בוענאָס איירעס		קהלה	אָרגענטינע										
ORG-C00278	ליעטאָפּיס	Journals/ Newspapers	1	ליעטאָפּיס														
ORG-C00279	קיעוו סקאיאָ מיסל	Journals/ Newspapers	1	קיעוו סקאיאָ מיסל														
ORG-C00280	קאָמוניסטישער פֿאָן	Publisher	1	קאָמוניסטישער פֿאָן	קיעוו		קאָמוניסטישער פֿאָן											
ORG-C00281	מלוכהשן יידישן טעאַטער אין אוקראינע	Theatre	1	מלוכהשן יידישן טעאַטער אין אוקראינע			מלוכהשן יידישן טעאַטער	אוקראינע										
ORG-C00282	אוקראַ נישער שרייבער-פאַרבאַנד	Theatre-related Society/ Union	1	אוקראַ נישער שרייבער-פאַרבאַנד														
ORG-C00283	אינסטיטוט פֿאַר דייטשער שפּראַך און ליטעראַטור	Education	1	אינסטיטוט פֿאַר דייטשער שפּראַך און ליטעראַטור	בערלין			דייטשלאַנד										
ORG-C00284	"יידישן עקספּערימענטאַלן טעאַטער „אידראַמס"""	Theatre	1	"יידישן עקספּערימענטאַלן טעאַטער „אידראַמס"""	בוענאָס איירעס			אַרגענטינע										
ORG-C00285	בוקאַרעשטער יידישן מלוכה-טעאַטער	Theatre	7	בוקאַרעסטער יידישן מלוכה-טעאַטער | בוקאַרעשטער יידישן מלוכה-טעאַטער	בוקאַרעסט | בוקאַרעשט		בוקאַרעשטער יידישן מלוכה-טעאַטער | זאָל פֿונעם בוקאַרעשטער יידישן מלוכה-טעאַטער | יידישן מלוכה-טעאַטער | יידישן מלוכה-טעאַטער	רומעניע	502 | 478 | 472 | 515 | 518	1.000 | 0.833 | 0.800 | 0.800 | 0.800	exact | ipa_phonetic | ipa_phonetic | ipa_phonetic | ipa_phonetic	ALIGN	502				Bella	2026-04-13T09:46:23Z
ORG-C00286	פאַרלאָג בכורים	Publisher	1	פאַרלאָג בכורים	בוקאַרעשט													
ORG-C00287	איקיף-שטימע	Journals/ Newspapers	1	איקיף-שטימע	בוקאַרעשט													
ORG-C00288	מאָרגן-פרייהייט	Journals/ Newspapers	7	מאַרגען-פּרייהייט | מאָרגן-פרייהייט | מאָרגען-פֿרייהייט	ניו יאָרק			אמעריקע										
ORG-C00289	טשערנאָוויצער בלעטער	Journals/ Newspapers	2	טשערנאָוויצער בלעטער	טשערנאָוויץ													
ORG-C00290	וועג-ווייזער	Journals/ Newspapers	1	וועג-ווייזער	בוקאַרעשט													
ORG-C00291	היי-סקול	Education	9	היי-סקול	ניו יאָרק		אַמעריקע	אַמעריקע | אַמעריקע										
ORG-C00292	באָלטימאָרער פֿאָלי-טעאַטער	Theatre	2	באָלטימאָרער פֿאָלי-טעאַטער	באָלטימאָר		באָלטימאָרער פֿאָליטעאַטער	אַמעריקע										
ORG-C00293	פֿילאָדעלפֿיער אָרטש סטריט-טעאַטער	Theatre	18	פֿילאַדעלפֿיער אַרטש סטריט טעאַטער | פילאדלפיער-אַרטש-סטריט-טעאַטער | פֿילאָדעלפֿיער אָרטש סטריט-טעאַטער | פֿילאדעלפֿיער אָרטש-סטריט-טעאַטער	פֿילאַדעלפֿיע | פילאָדעלפיע | פילאדלפיע | פֿילאַדעלפֿיע | פֿילאָדעליע | פֿילאָדעלפֿיע | פֿילאָדעלפֿיער | פֿילאדעלפֿיע | פֿילאדעלפֿיער	Arch Street | אָרטש-סטריט	אַרטש סטריט-טעאַטער | אַרטש-סטריט-טעאַטער | אָרטש סטריט טעאַטער | אָרטש סטריט-טעאַטער | אָרטש סטריט-טעאַטער | אָרטש-סטריט-טעאַטער | אָרטש-סטריט-טעאַטער | אָרטש. סטריט-טעאַטער | פילאדלפיער-אַרטש-סטריט-טעאַטער | פֿילאָדעליער אַרטשסטריט-טעאַטער | פֿילאָדעלפֿיער אַרטש-סטריט-טעאַטער	אַמעריקע										
ORG-C00294	ברוקלינער האָפּקינסאָן-טעאַטער	Theatre	7	ברוקלינער האָפּקינסאָן-טעאַטער | ברוקלינער האָפּקינסקאָן טעאַטער	ברוקלין | ברוקלינער		ברוקלינער האָפּקינסאָן טעאַטער | ברוקלינער האָפּקינסאָן-טעאַטער | ברוקלינער האָפּקינסאָן-טעאַטער | האָפּקינסאָן טעאַטער | האָפּקינסאָן-טעאַטער | האָפּקינסקאָן טעאַטער	אַמעריקע										
ORG-C00295	קעמפּ בויבעריק	Education	11	קעמפּ בויבעריק			"קעמפּ ""בויבעריק"""	אַמעריקע										
ORG-C00296	קאָנסערוואַטאָריע פֿאַר מוזיק	Education	1	קאָנסערוואַטאָריע פֿאַר מוזיק														
ORG-C00297	יאָסער יידישן מלוכה-טעאַטער	Theatre	1	יאָסער יידישן מלוכה-טעאַטער	יאָס				505 | 501 | 543 | 472 | 515	1.000 | 0.889 | 0.889 | 0.885 | 0.885	exact | ipa_phonetic | ipa_phonetic | ipa_phonetic | ipa_phonetic	NEW	505					
ORG-C00298	קולטורוועגווייזער	Journals/ Newspapers	1	קולטורוועגווייזער	בוקאַרעסט													
ORG-C00299	12-יאָריקער טעכנישער מיטל-שול	Education	1	12-יאָריקער טעכנישער מיטל-שול	יאָס													
ORG-C00300	מיטל-שול פֿאַר מוזיק	Education	1	מיטל-שול פֿאַר מוזיק	יאָס													
ORG-C00301	כאַרקאָווער פאַרלאָג „ליטעראַטור און קונסט“	Publisher	1	כאַרקאָווער פאַרלאָג „ליטעראַטור און קונסט“	כאַרקאָוו		פאַרלאָג „ליטעראַטור און קונסט“											
ORG-C00302	יידישער אָפּטייל פון כאָרקאָווער פּעדאַגאָנישן אינסטיטוט	Education	1	יידישער אָפּטייל פון כאָרקאָווער פּעדאַגאָנישן אינסטיטוט	כאָרקאָוו		פּעדאַגאָנישן אינסטיטוט											
ORG-C00303	יידישער אָפּטייל פונם מאָסקווער מלוכהשן פּעראַגאָגישן אינסטיטוט	Education	1	יידישער אָפּטייל פונם מאָסקווער מלוכהשן פּעראַגאָגישן אינסטיטוט	מאָסקווע		מאָסקווער מלוכהשן פּעראַגאָגישן אינסטיטוט											
ORG-C00304	אַלמנאָך „סאָוועטיש“	Journals/ Newspapers	1	אַלמנאָך „סאָוועטיש“														
ORG-C00305	ביראָבידזשאַנער שטערנ	Journals/ Newspapers	1	ביראָבידזשאַנער שטערנ														
ORG-C00306	ביראָבידזשאַנער „פאַרפּאַסט“	Journals/ Newspapers	1	ביראָבידזשאַנער „פאַרפּאַסט“														
ORG-C00307	אַלמאַנאָך „ביראָ בידזשאַן“	Journals/ Newspapers	1	אַלמאַנאָך „ביראָ בידזשאַן“														
ORG-C00308	ביראָ ביאָזשאַנער יידישן מלוכה-טעאַטער	Theatre	3	ביראַ בידזשאַנער יידישן מלוכה-טעאַטער | ביראָ ביאָזשאַנער יידישן מלוכה-טעאַטער | ביראָ בידזשאַנער יידישן מלוכה-טעאַטער	ביראָ בידזשאַנער | ביראָ בידזשאָן		ביראָ ביאָזשאַנער יידישן מלוכה-טעאַטער		506 | 539 | 538 | 478 | 500	1.000 | 0.818 | 0.758 | 0.727 | 0.727	exact | ipa_phonetic | ipa_phonetic | ipa_phonetic | ipa_phonetic	ALIGN	506				Sinai	2026-04-05T17:39:18Z
ORG-C00309	מאָסקווער פאַרלאָג „דער עמעס“	Publisher	1	מאָסקווער פאַרלאָג „דער עמעס“	מאָסקווע		פאַרלאָג „דער עמעס“											
ORG-C00310	סאָוועטיש היימלאַנד	Journals/ Newspapers	3	סאָוועטיש היימלאַנד	מאָסקווע													
ORG-C00311	מאָסקווער (איצט טשייקאָווסקי) קאָנסערוואַטאָריע	Education	1	מאָסקווער (איצט טשייקאָווסקי) קאָנסערוואַטאָריע	מאָסקווע													
ORG-C00312	מאָסקווער אָפּערע-סטודיע	Theatre	1	מאָסקווער אָפּערע-סטודיע	מאָסקווע													
ORG-C00313	פֿרונזער (קירגיזיע) מלוכהשן אָקאַדעמישן אָפּערעטעאַטער	Theatre	1	פֿרונזער (קירגיזיע) מלוכהשן אָקאַדעמישן אָפּערעטעאַטער	פֿרונזער		פֿרונזער (קירגיזיע) מלוכהשן אָקאַדעמישן אָפּערעטעאַטער	קירגיזיע										
ORG-C00314	מאָלער-שול אין אָדעס	Education	1	מאָלער-שול אין אָדעס	אָדעס		מאָלער-שול											
ORG-C00315	קינסטלערישע וואַנדערער	Traveling Company	1	קינסטלערישע וואַנדערער	כערסאָן													
ORG-C00316	מישוראָטס טרופּע	Traveling Company	6	מישוראָטס טרופּע | מישרוראַטס טרופּע	אומאַן | זשיטאָמיר | קאָכאָווקע				269 | 325 | 330 | 198	0.643 | 0.643 | 0.643 | 0.600	ipa_phonetic | ipa_phonetic | ipa_phonetic | ipa_phonetic							
ORG-C00317	פישזאָןס טרופּע	Traveling Company	27	פישזאָונס טרופּע | פישזאָןס טרופּע | פֿישואָנס טרופּע	אָדעס | בערדיטשעוו | וואַרשע | זשיטאָמיר | יעקאַטערינאָסלאַוו | כאָרקאָוו | סימפעראָפּאָל | קאנאַטאָפּ		זשאָרדען ד'היווער		325 | 330 | 583 | 264 | 559	0.769 | 0.643 | 0.615 | 0.615 | 0.600	ipa_phonetic | ipa_phonetic | ipa_phonetic | ipa_phonetic | ipa_phonetic							
ORG-C00318	מלוכהשן טעאַטער	Theatre	1	מלוכהשן טעאַטער	אָדעס				577	0.643	ipa_phonetic							
ORG-C00319	יידישן זעלבסטשטענדיקן טעאַטער אין באַקי ביים „געזערד“	Theatre	1	יידישן זעלבסטשטענדיקן טעאַטער אין באַקי ביים „געזערד“	באַקי		געזערד											
ORG-C00320	אַרבעטער-צייטונג	Journals/ Newspapers	3	אַרבעטער-צייטונג	טשערנאָוויץ | ניו-יאָרק		ניו-יאָרקער		81	0.882	ipa_phonetic	DISCUSS						
ORG-C00321	טשערנאָוויצער יידישן שפּיטאָל	Health institutions	1	טשערנאָוויצער יידישן שפּיטאָל	טשערנאָוויץ		יידישן שפּיטאָל											
ORG-C00322	גרענד אָפּערע הויז	Theatre	9	גרענד אָפּערע הויז	באָסטאָן | ניו הייווען		"גרענד אָפּערע הויז | גרענד אָפּערע-הויז | גרענד-אָפּערע-הויז | גרענדאָפּערע-הויז | „גרענד אָפּערע הויז"""		145	0.647	ipa_phonetic	DISCUSS						
ORG-C00323	טשעסלי	Theatre	1	טשעסלי														
ORG-C00324	פרענקלין פאַרק	Theatre	2	פרענקלין פּאַרק טעאַטער | פרענקלין פאַרק														
ORG-C00325	זשיגניצאָ-טעאַטער	Theatre	4	זשיגניצאָ-טעאַטער	בוקאַרעסט | בוקאַרעשט | בוקאָרעסט		זשיגניצאָ-טעאַטער | זשיגניצאָ-טעאַטער | זשיגניצאָטעאַטער | זשיגניצע-טעאַטער	רומעניע	553 | 628 | 124 | 151 | 176	0.667 | 0.667 | 0.600 | 0.600 | 0.600	ipa_phonetic | ipa_phonetic | ipa_phonetic | ipa_phonetic | ipa_phonetic							
ORG-C00326	רומענישער אָפּערעטן-טרופּע גריגאָרין	Traveling Company	1	רומענישער אָפּערעטן-טרופּע גריגאָרין														
ORG-C00327	טעאַטער-זאַל „דאָטשיאָ“	Theatre	1	טעאַטער-זאַל „דאָטשיאָ“														
ORG-C00328	גרויסער אויסשטעלונג פון 1906 יאָר אין בוקאַרעשט	Heritage Institution	1	גרויסער אויסשטעלונג פון 1906 יאָר אין בוקאַרעשט	בוקאַרעשט		גרויסער אויסשטעלונג פון 1906 יאָר	רומעניע										
ORG-C00329	יידישע שול אויף דעמיעווקע אין קיעוו	Education	1	יידישע שול אויף דעמיעווקע אין קיעוו	קיעוו		דעמיעווקע											
ORG-C00330	קיעווער מוזיקאַלישער סטודייע אויפֿן נאָמען פֿון ליסיענקאָ	Education	1	קיעווער מוזיקאַלישער סטודייע אויפֿן נאָמען פֿון ליסיענקאָ	קיעוו													
ORG-C00331	"קיעווער טעאַטער-סטודיע ""אָנהייב"""	Theatre	1	"קיעווער טעאַטער-סטודיע ""אָנהייב"""	קיעוו													
ORG-C00332	"קיעווער יידישן טעאַטער „קונסט-ווינקל"""	Theatre	1	"קיעווער יידישן טעאַטער „קונסט-ווינקל"""	קיעוו													
ORG-C00333	"כאַרקאָווער יידישן מלוכה-טעאַטער „געזקולט"""	Theatre	1	"כאַרקאָווער יידישן מלוכה-טעאַטער „געזקולט"""	כאַרקאָוו				478 | 518 | 534 | 543 | 472	0.743 | 0.632 | 0.632 | 0.632 | 0.605	fuzzy | ipa_phonetic | ipa_phonetic | ipa_phonetic | ipa_phonetic	ALIGN	478	"מה פירוש המילה ""געזקולט"" בשם? אולי שיבוש?"			Bella	2026-05-04T10:14:28Z
ORG-C00334	„מאָסקאָווסקאַיאָ גאָזעטאָ“	Journals/ Newspapers	1	„מאָסקאָווסקאַיאָ גאָזעטאָ“	בערלין			דייטשלאַנד										
ORG-C00335	פֿריינד	Journals/ Newspapers	22	דער פריינד | דער פֿריינד | פֿריינד	וואַרשע | פּעטערבורג			רוסלאַנד										
ORG-C00336	היינט	Journals/ Newspapers	16	היינט	וואַרשע | וואַרשעווער		רעדאַקציע	פּוילן	272	1.000	exact	ALIGN	272				Sinai	2026-05-17T15:22:50Z
ORG-C00337	"„דער קרומער שפּיגל"""	Theatre	2	"„דער קרומער שפּיגל"""	ניו יאָרק			יו עס עי | רוסלאַנד										
ORG-C00338	ליריק-טעאַטער		67	ליריק-טעאַטער | ליריק-טעאַטער אין ברוקלין	בּראָנז וויל | בראַנזוויל | ברוקלין | וויליאַמסבורג | טאָראַנטאָ | טאָראָנטאָ | יאָסי | לאָנדאָן | ניו יאָרק | ניו-יאָרק	סיגעל סטריט	"ברוקלינער ליריק-טעאַטער | וויליאַמסבורגער קאָאָפּעראַטיוון „ליריק""-טעאַטער | טאָראָלס און עגנעס | טעאַטער ליריק | ליריק טעאַטער | ליריק טעאַטער | ליריק-טעאַטער | ליריק-טעאַטער | ליריקטעאַטער | ״ליריק״-טעאַטער"	אַמעריקע | ענגלאנד | קאַנאַדע | קאנאַדע | רומעניע	176 | 600 | 616 | 631 | 122	1.000 | 0.750 | 0.750 | 0.750 | 0.667	exact | ipa_phonetic | ipa_phonetic | ipa_phonetic | ipa_phonetic	ALIGN	176				Bella	2026-04-26T12:50:57Z
ORG-C00339	"„טאָמאַשעווסקיס בראָדוויי""-טעאַטער"	Theatre	1	"„טאָמאַשעווסקיס בראָדוויי""-טעאַטער"	ניו יאָרק		בראָדוויי											
ORG-C00340	נעשאָנאַל-טעאַטער	Media (Radio/ Film/TV)	127	געשאַנאַל | געשאַנאַל-טעאַטער | געשאַנאָל טעאַטער | געשאָנאַל-טעאַטער (check) | ניישאַנאַל-טעאַטער | ניישאָנאַל-טעאַטער | נעשאָנאַל | נעשאָנאַל טעאַטער אין פֿילאָדעלפיע | נעשאָנאַל טעאָטער אין ניו יאָרק | נעשאָנאַל-טעאַטער | נעשאָנאל טעאַטער	אַמעריקע | טאָראַנטאָ | ניו יאָרק | ניו יאָרקער | ניו יאָָרק | ניו-יאָרק | ניו-יאָרקער | ניו-יאָרק | פֿילאַדעלפיע | פֿילאָדעלפיע	בויערי | סעקאָנד געוועניו און האוסטאָן סטריט | סעקאָנד עוועניו | ערשטער סטריט | קאָרנער 2טע און קאָלאָהיל סטריט	בראָדוויי | געשאַנאָל טעאַטער | געשאָנאַל'-טעאַטער | געשאָנאַל-טעאַטער | געשאָנאָל טעאַטער | געשאָנאָל טעאַטער | ניישאָנאַל-טעאַטער | ניישאָנאַל-טעאָטער | ניישאָנאַל-טעאַטער | ניישאָנאל-טעאַטער | נעשאַנאַל-טעאַטער | נעשאַנאַל-טעאַטער | נעשאַנאַלטעאַטער | נעשאָנאַל | נעשאָנאַל טעאַטער | נעשאָנאַל טעאָטער | נעשאָנאַל טעאַטער | נעשאָנאַל-טעאַטער | נעשאָנאַל-טעאַטער | נעשאָנאָל-טעאַטער | נעשאָנאל טעאַטער | נעשאָנאל-טעאַטער | נעשאָנעל טעאַטער | נעשאנאַל-טעאַטער | „נעשאָנאַל טעאַטער“	אַמעריקע | אמעריקע | אַמעריקע				SPLIT		Cluster contains multiple distinct National Theatres in New York, Philadelphia, and Toronto; requires splitting by location before alignment.			auto_drafter	2026-05-17T17:07:26Z
ORG-C00341	האָליוויד	Not an organization	1	האָליוויד	לאָס אַנדזשעלעס		האָליוויד	יו עס עי										
ORG-C00342	דראַמאַטישער שול פֿון ראָכמאַנינאָי	Education	1	דראַמאַטישער שול פֿון ראָכמאַנינאָי														
ORG-C00343	רוסישן אָדעסער דראַמאַטישן טעאַטער	Theatre	1	רוסישן אָדעסער דראַמאַטישן טעאַטער	אָדעס													
ORG-C00344	מלוכהשער אוקראינישער אָפּערעטע	Theatre	1	מלוכהשער אוקראינישער אָפּערעטע	דאָנבאַס													
ORG-C00345	טעאַטער-סטודיע „קולטור-ליגע“	Theatre education	3	טעאַטער-סטודיע „קולטור-ליגע“	קיעוו													
ORG-C00346	כאַרקאָווער טעאַטער	Theatre	3	כאַרקאָווער טעאַטער	כאַרקאָוו | כארקאָווער				161 | 252 | 627 | 630 | 296	0.688 | 0.667 | 0.667 | 0.667 | 0.667	ipa_phonetic | ipa_phonetic | ipa_phonetic | ipa_phonetic | ipa_phonetic							
ORG-C00347	כאַרקאָווער מלוכהשן יידישן טעאַטער	Theatre	2	כאַרקאָווער מלוכהשן יידישן טעאַטער	כאַרקאָוו | כאָרקאָוו			אוקראַאינע	575 | 478 | 562	0.700 | 0.656 | 0.618	ipa_phonetic | fuzzy | ipa_phonetic	ALIGN	478				Bella	2026-04-27T09:35:36Z
ORG-C00348	פרייקונסט	Traveling Company	7	פרייקונסט	מאָסקווע		פריי-קונסט											
ORG-C00349	פּוילישער אַרמיי	Military	9	פּוילישער אַרמיי | פּוילישער אַרמעע			פּוילן	פּוילן										
ORG-C00350	פ׳ג „קינדער-פֿריינד“	Publisher	1	פ׳ג „קינדער-פֿריינד“	וואַרשע													
ORG-C00351	מיטרע	Theatre	3	מיטרע	בוענאָס איירעס | בוענאָס-אַיירעס		מיטרע	אַרגענטינע										
ORG-C00352	פּועלי-ציון	Jewish political bodies	9	פּועלי-ציון	דעטראָיט | קראָקע			אַמעריקע										
ORG-C00353	אוירווינג פלייס טעאַטער	Theatre	70	אוירווינג פלייס | אוירווינג פלייס טעאַטער | אוירווינג פלעים טעאַטער	ניו יאָרק | ניו יאָָרק | ניו- יאָרק | ניו-יאָרק	Irving Place | אוירווינג פּלייס	אוירווינג פלייס | אוירווינג פלייס טעאַטער | אוירווינג פלייס טעאַטער | אוירווינג פלייס-טעאַטער | אוירווינג פלייסטעאַטער | אוירווינג פלעיס טעאַטער | אוירווינג פלעיס טעאַטער | אוירווינג-פּלייס | אוירווינג-פּלייס-טעאַטער | אוירווינג-פּלייס-טעאָטער | אוירווינג-פלייס | אוירווינג-פלייס-טעאַטער | ניו יאָרקער אוירווינג פלייסטעאַטער	אַמעריקע				ALIGN	116				Sinai	2026-05-18T04:18:11Z
ORG-C00354	ווילנער קלעצקין פֿאַרלאַג	Publisher	3	ווילנער קלעצקין פֿאַרלאַג	ווילנע													
ORG-C00355	ניו-יאָרקער בלאָך פּאָבלישינג קאָמפּ.	Publisher	1	ניו-יאָרקער בלאָך פּאָבלישינג קאָמפּ.	ניו-יאָרק													
ORG-C00356	מזרח	Publisher	1	מזרח	נ. י.													
ORG-C00357	נחמיה	Publisher	1	נחמיה	נ. י.													
ORG-C00358	מאָרגען זשורנאַל	Journals/ Newspapers	24	מאַרנען זשורנאַל | מאָרגען זשורנאַל	ניו יאָרק | ניו-יאָרק		מאָרגען זשורנאַל | מאָרגען-זשורנאַל	אַמעריקע | אמעריקע				NEW	660				Sinai	2026-05-18T10:33:02Z
ORG-C00359	ייד. טעאַטער אין דעטראָיט	Theatre	1	ייד. טעאַטער אין דעטראָיט	דעטראָיט		ייד. טעאַטער אין דעטראָיט											
ORG-C00360	האָפּקינסאָן-טעאַטער	Theatre	67	האָפּקינסאָן-טעאַטער	בראַנזווייל | בראַנזוויל | בראָנזוויל | ברוקליינער | ברוקלין | ברוקלינער | דעטראָיט | כראַנזוויל | ניו יאָרק | ניו יאָרק		"בראָנזווילער האָפּקינסאָן-טעאַטער | ברוקלינער האָפּקינסאָן-טעאַטער | האָפּקינסאָן טעאַטער | האָפּקינסאָן טעאַטער | האָפּקינסאָן-טעאַטער | האָפּקינסאָן-טעאַַטער | האָפּקינסאָן-טעאַטער | „האָפּקינסאָן""-טעאַטער | „האָפּקינסאָן-טעאַטער"	אַמעריקע | אמעריקע | אַמעריקע	514 | 526 | 527 | 616	0.625 | 0.625 | 0.625 | 0.625	ipa_phonetic | ipa_phonetic | ipa_phonetic | ipa_phonetic	SPLIT					Sinai	2026-05-18T04:18:48Z
ORG-C00361	דאָגלאָס פּאַרק-טעאַטער	Theatre	3	דאָגלאָס פּאַרק-טעאַטער	שיקאַגאָ | שיקאַגע		דאָגלאָס פאַרק טעאַטער		600 | 608	0.611 | 0.600	ipa_phonetic | ipa_phonetic							
ORG-C00362	ברייטאָן-טעאַטער	Theatre	2	ברייטאָן-טעאַטער	ניו יאָרק		ברייטען טעאַטער		553 | 628 | 151 | 124 | 526	0.714 | 0.714 | 0.667 | 0.643 | 0.643	ipa_phonetic | ipa_phonetic | ipa_phonetic | ipa_phonetic | ipa_phonetic							
ORG-C00363	אַרט טעאַטער	Theatre	2	אַרט טעאַטער	בראַנקסער | בראָנסקער		אַרט טעאַטער		529 | 600 | 252 | 552 | 616	0.818 | 0.727 | 0.692 | 0.667 | 0.667	ipa_phonetic | ipa_phonetic | ipa_phonetic | ipa_phonetic | ipa_phonetic							
ORG-C00364	סיווויק פלעיהאוז	Theatre	2	סיווויק פלעיהאוז	לאָס אַנדזשעלעס		סיוויק פלעי האוז											
ORG-C00365	אַבענד בלאַט	Journals/ Newspapers	8	אַבענד בלאַט | דאָס אַבענד בלאָט	ניו-יאָרק			אַמעריקע										
ORG-C00366	פ׳ג פֿון מאַקס מייזעל	Publisher	1	פ׳ג פֿון מאַקס מייזעל	ניו-יאָרק													
ORG-C00367	דפוס רי חיים קעלטער נ׳י	Publisher	1	דפוס רי חיים קעלטער נ׳י	וואַרשאָו		דפוס רי חיים קעלטער נ׳י											
ORG-C00368	"ניו-יאָרקער ייוו""אָביבליאָטעק"	Library	1	"ניו-יאָרקער ייוו""אָביבליאָטעק"	ניו-יאָרק		"ניו-יאָרקער ייוו""אָביבליאָטעק"											
ORG-C00369	באַראַן הירש-שול	Education	9	באַראַן הירש-שול	ווילנע | ווין | סאָסאָוו		באַראַן הירש-שול | באָראָן הירש-שול											
ORG-C00370	יודישער אַרבייטער	Journals/ Newspapers	4	דער יודישער אַרבייטער | יודישער אַרבייטער	ווין | לעמבערג													
ORG-C00371	איזראַעליט	Journals/ Newspapers	1	איזראַעליט	ווין		איזראַעליט											
ORG-C00372	וואַרשעווער יידישע צייטונג-אויסגאָבעס	Journals/ Newspapers	1	וואַרשעווער יידישע צייטונג-אויסגאָבעס	וואַרשעווער		וואַרשעווער יידישע צייטונג-אויסגאָבעס											
ORG-C00373	קימבל האָל קאָנסערוואַטאָריע	Education	1	קימבל האָל קאָנסערוואַטאָריע	שיקאַגע			אַמעריקע										
ORG-C00374	שיקאַגער דראַמאַטיק קלוב	Theatre	1	שיקאַגער דראַמאַטיק קלוב	שיקאַגע			אַמעריקע										
ORG-C00375	טעוויע אָפּערע קאָמפּאָני	Traveling Company	1	טעוויע אָפּערע קאָמפּאָני														
ORG-C00376	סאָן קאָרלאָ אָפּערע	Traveling Company	1	סאָן קאָרלאָ אָפּערע														
ORG-C00377	ריל אָפּערע קאָמפּאַני	Traveling Company	1	ריל אָפּערע קאָמפּאַני				אויסטראַליע										
ORG-C00378	אַרטש סטריט טעאַטער	Theatre	45	אַרטש סטריט | אַרטש סטריט טעאַטער	פֿילאַדעלפיע | פולאדעלפיע | פילאַדעלפיע | פילאָדעלפיע | פֿילאַדעלפיע | פֿילאַדעלפֿיע | פֿילאַדעלפֿיער | פֿילאַָעלפֿיער | פֿילאָדעלפיע | פֿילאָדעלפֿיע | פֿילאָדעלפֿיער | פֿילאדעלפיע | פֿילאדעלפֿייע | פֿילאדעלפֿיע | פֿילאדעלפֿיער	Orchard Street | אָרטש-סטריט	"""אַרטש סטריט טעאַטער“ | ""אַרטש סטריט""-טעאַטער | ""ארטש סטריט""-טעאַטער | אַרטש סטריט | אַרטש סטריט טעאַטער | אַרטש סטריט טעאַטער | אַרטש סטריט-טעאַטער | אַרטש-סטריט טעאַטער | אַרטש-סטריט-טעאַטער | אַרטש-סטריט-טעאַטער | אָרטש סטריט טעאַטער | אָרטש סטריט טעאַטער | אָרטש סטריט-טעאַטער | אָרטש סטריט-טעאַטער | אָרטש סטריטטעאַטער | אָרטש-סטריט טעאָטער | אָרטש-סטריט-טעאַטער | אָרטש-סטריט-טעאַטער | ארטש סטריט טעאַטער | ארטש סטריט טעאטער | ארטש סטריט טעאַטער | ארטש סטריט-טעאַטער | ארטש סטריט-טעאטער | ארטש. סטריט-טעאַטער | „אַרטש סטריט""-טעאַטער | פֿילאַדעלפֿיער ""אַרטש סטריט""-טעאַטער"	אַמעריקע | אמעריקע | אַמעריקע | פֿאַרייניקטע שטאָטן	513	0.684	ipa_phonetic							
ORG-C00379	יידישן וועלפעיר באָאַרד	Welfare/Aid organization	1	יידישן וועלפעיר באָאַרד														
ORG-C00380	אַרבייטער רינג	Jewish political bodies	9	אַרבייטער רינג	ניו יאָרק | ניו-יאָרק | פֿילאַדעלפיע		"בית עולם פון „אַרבייטער רינג"" | ברענטש 2"	פֿאַרייניקטע שטאָטן	189 | 81	0.769 | 0.706	ipa_phonetic | ipa_phonetic							
ORG-C00381	האָפנונג	Theatre	1	האָפנונג	פילאָדעלפיע		"קעמפּ „האָפנונג"""											
ORG-C00382	יונגוועלט	Theatre	1	יונגוועלט				קאַנאַדע										
ORG-C00383	פאַרבאַנד	Jewish political bodies	4	פאַרבאַנד														
ORG-C00384	יידישער אַקטיאָרן-יוניע	Theatre-related Society/ Union	113	יידישער אַקטיאָרן-יוניע | יידישער אַקטיאָרן-יוניע אין אַמעריקע	ניו יאָרק | ניו יאָרק | ניו-יאָרק | ניו-יאָָרק | פֿילאָדעלפיע		אידישער אַקטיאָרן-יוניע | יידישער אַקטיאָרן-יוניע | יידישער אַקטיאָרןיוניע | אַמעריקע	אַמעריקע | אמעריקע | אַמעריקע				DEFER					Sinai	2026-04-05T12:22:43Z
ORG-C00385	יידישן מוזיק-פאַראיין	Musical organization	2	יידישן מוזיק-פאַראיין	ניו-יאָרק													
ORG-C00386	סטינסאָן רעקאָרד קאָמפּאַני	Publisher	1	סטינסאָן רעקאָרד קאָמפּאַני														
ORG-C00387	אינטערנעשאָנאָל רעקאָרדס	Publisher	1	אינטערנעשאָנאָל רעקאָרדס														
ORG-C00388	קאָלאָמביאַ רעקאָרדס	Publisher	2	קאָלאָמביאַ רעקאָרדס														
ORG-C00389	ברעיל אינסטיטוט	Publisher	1	ברעיל אינסטיטוט														
ORG-C00390	לענאָקס-טעאַטער	Theatre	37	לענאָקס-טעאַטער	בראַנקס | בראנקס | האַדלעם | האַרלעם | האָבלעם | האָרלעם | ניו יאָרק | ניו-יאָרק | ניויאָרק		"לענאַקס טעאַטער | לענאָקס טעאַטער | לענאָקס טעאַטער | לענאָקס-טעאַטער | לענאָקס-טעאָטער | לענאָקס-טעאַטער | „לענאָקס""-טעאַטער | „לענאָקס-טעאַטער“"	אַמעריקע | אַמעריקע	613 | 176 | 528 | 557 | 628	0.769 | 0.692 | 0.692 | 0.692 | 0.692	ipa_phonetic | ipa_phonetic | ipa_phonetic | ipa_phonetic | ipa_phonetic	ALIGN	140				Sinai	2026-05-18T10:32:04Z
ORG-C00391	מאַנהעטן סקול און מוזיק	Education	1	מאַנהעטן סקול און מוזיק	ניו-יאָרק		מאַנהעטן סקול און מוזיק											
ORG-C00392	יעקב און לאה ראַטבאום	Traveling Company	1	יעקב און לאה ראַטבאום	וואַרשע													
ORG-C00393	אידא קאַמינסקאַס טרופּע	Traveling Company	5	אידא קאַמינסקאַס טרופּע | אידאַ קאַמינסקאַ (טרופּע) | טרופּע פֿון אידא קאַמינסקאַ	וואַרשע		נאָוואָשטשי-טעאַטער | סאָוויעטרוסלאַנד	סאָוויעטרוסלאַנד										
ORG-C00394	בדרך	Traveling Company	1	בדרך	בערלין		"בערלינער ""די פי""-לאַגער"	דייטשלאַנד										
ORG-C00395	שלום-אָרגאַניזאַציע פון די ניי-געקומענע	Welfare/Aid organization	1	שלום-אָרגאַניזאַציע פון די ניי-געקומענע	שיקאַגע			אַמעריקע										
ORG-C00396	גאַסטראָלירנדיקער רוסישער טרופּע	Traveling Company	1	גאַסטראָלירנדיקער רוסישער טרופּע														
ORG-C00397	טעכניקום ביים טעאַטער	Education	1	טעכניקום ביים טעאַטער			מאָסקווע											
ORG-C00398	מאָסקווער אַקאַדעמישן דראַמאַטישן טעאַטער	Theatre	1	מאָסקווער אַקאַדעמישן דראַמאַטישן טעאַטער			מאָסקווע		576	0.647	ipa_phonetic							
ORG-C00399	שאַמוט-טעאַטער	Theatre	1	שאַמוט-טעאַטער	באָסטאָן		שאַמוט-טעאַטער		529 | 296 | 526 | 552 | 555	0.750 | 0.750 | 0.667 | 0.667 | 0.667	ipa_phonetic | ipa_phonetic | ipa_phonetic | ipa_phonetic | ipa_phonetic							
ORG-C00400	קאָטצס און ביבערס פֿאָלקס קאָמפּאַני	Traveling Company	1	קאָטצס און ביבערס פֿאָלקס קאָמפּאַני														
ORG-C00401	טשעלסי-טעאַטער	Theatre	4	טשעלסי-טעאַטער	באָסטאָן | טשעלסי		טשעלסי טעאַטער | טשעלסי-טעאַטער		509 | 123 | 553 | 555 | 556	1.000 | 0.692 | 0.692 | 0.692 | 0.692	exact | ipa_phonetic | ipa_phonetic | ipa_phonetic | ipa_phonetic	ALIGN	509				Bella	2026-04-26T08:25:08Z
ORG-C00402	אוניווערזיטעט פֿון וואַרשע	Education	1	אוניווערזיטעט פֿון וואַרשע	וואַרשע		אוניווערזיטעט פֿון וואַרשע	פּוילן										
ORG-C00403	אוניווערזיטעט פֿון נאַנסי	Education	1	אוניווערזיטעט פֿון נאַנסי	נאַנסי		אוניווערזיטעט פֿון נאַנסי	פֿראַנקרייך										
ORG-C00404	"„וושעכניצא"""	Education	1	"„וושעכניצא"""	וואַרשע		"„וושעכניצא"""											
ORG-C00405	פּעדאַגאָגישן אינסטיטוט	Education	3	פּעדאַגאָגישן אינסטיטוט	וואַרשע | יאסי		פּעדאַגאָגישן אינסטיטוט | פּעדאָגאַגישן אינסטיטוט	רוסלאַנד										
ORG-C00406	פּוילישער רעגירונג	Non-Jewish political bodies	1	פּוילישער רעגירונג														
ORG-C00407	הויכשול פֿון יוריספּרודענץ און פּאָליטישער עקאָנאָמיע	Education	1	הויכשול פֿון יוריספּרודענץ און פּאָליטישער עקאָנאָמיע	תל-אביב		הויכשול פֿון יוריספּרודענץ און פּאָליטישער עקאָנאָמיע	מדינת ישראל										
ORG-C00408	"וואַרשעווער „פֿריינד"""	Journals/ Newspapers	1	"וואַרשעווער „פֿריינד"""	וואַרשע		"וואַרשעווער „פֿריינד"""											
ORG-C00409	סקאַלאַ-טעאַטער	Theatre	44	סקאַלאַ-טעאַטער | סקאָלאַ-טעאַטער (וואַרשע) | סקאָלאַ-טעאַטער (לאָדזש)	וואַרשע | לאָדזש | לאדזש	דזשעלנע | דזשעלנע 1	"טעאַטער „סקאַלאַ“ | לאָדזשער סקאַלאַ-טעאַטער | לאָדזשער „סקאַלאַ""-טעאַטער | סקאַלאַ טעאַטער | סקאַלאַ'-טעאַטער | סקאַלאַ-טעאַטער | סקאַלאַ-טעאָטער | סקאַלאַ-טעאַטער | סקאַלאַטעאַטער | סקאָלאַ-טעאַטער | סקאָלאָ-טעאַטער | סקאָלאָטעאַטער | סקאלא-טעאַטער | „סקאַלאַ טעאַטער“ | „סקאָלאַ""-טעאַטער"	פּוילן | פוילן	529 | 514 | 123 | 526 | 555	0.750 | 0.714 | 0.667 | 0.667 | 0.667	ipa_phonetic | ipa_phonetic | ipa_phonetic | ipa_phonetic | ipa_phonetic	SPLIT		Cluster contains distinct Scala Theatres in Warsaw and Lodz as explicitly noted in name variants and settlements.			auto_drafter	2026-05-17T17:07:26Z
ORG-C00410	קאָמסאָמאָלישע אָרגאַניזאַציעס	Non-Jewish political bodies	1	קאָמסאָמאָלישע אָרגאַניזאַציעס														
ORG-C00411	"דראַמאַטישער סטודיע פון דער „קולטור ליגע"""	Theatre education	1	"דראַמאַטישער סטודיע פון דער „קולטור ליגע"""	מאָסקווע													
ORG-C00412	מאָסקווער טעאַטראַלע שול ביים מאָסקווער יידישן מלוכהטעאַטער	Education	1	מאָסקווער טעאַטראַלע שול ביים מאָסקווער יידישן מלוכהטעאַטער	מאָסקווע													
ORG-C00413	רוסישן דראַמאַטישן טעאַטער אין קאָמטשאַטקאַ	Theatre	3	רוסישן דראַמאַטישן טעאַטער | רוסישן דראַמאַטישן טעאַטער אין קאָמטשאַטקאַ | רוסישן דראַמאַטישן טעאַטער אין ריגע	בריסק | קאָמטשאַטקאַ | ריגע			לעטלאַנד				SPLIT		Cluster contains distinct Russian dramatic theaters in geographically distant locations (Kamchatka and Riga) and no DB candidates exist.			auto_drafter	2026-05-17T17:07:26Z
ORG-C00414	"„פּראָפ"" הורוויצס אָפּערעטן"	Theatre	1	"„פּראָפ"" הורוויצס אָפּערעטן"														
ORG-C00415	יידישער אַרבעטער-באַוועגונג	Jewish political bodies	8	דער יידישער אַרבעטער-באָוועגונג | יידישער אַרבעטער-באַוועגונג	שיקאָגאָ													
ORG-C00416	דער אַרבייטער גייסט	Journals/ Newspapers	1	דער אַרבייטער גייסט					81 | 632	0.647 | 0.611	ipa_phonetic | ipa_phonetic							
ORG-C00417	י. ראָקאָווס וואַנדער-טרופּע	Traveling Company	1	י. ראָקאָווס וואַנדער-טרופּע	ריגע													
ORG-C00418	סטודיע פֿון יידישן מלוכה-טעאַטער אין ווייס-רוסלאַנד	Education	1	סטודיע פֿון יידישן מלוכה-טעאַטער אין ווייס-רוסלאַנד			סטודיע פֿון יידישן מלוכה-טעאַטער		601	1.000	exact	NEW	601				Bella	2026-05-10T19:56:25Z
ORG-C00419	קאַנקאָרדיאָ	Theatre	1	קאַנקאָרדיאָ	קאָנסטאַנטינאָפּאָל		קאַנקאָרדיאָ	טערקיי										
ORG-C00420	אָן אייזן-טעאַטער	Theatre	1	אָן אייזן-טעאַטער					520 | 526 | 527 | 552 | 553	0.667 | 0.667 | 0.667 | 0.600 | 0.600	ipa_phonetic | ipa_phonetic | ipa_phonetic | ipa_phonetic | ipa_phonetic							
ORG-C00421	אונטערערדישער סאַציאָליסטישער באַוועגונג	Non-Jewish political bodies	1	אונטערערדישער סאַציאָליסטישער באַוועגונג														
ORG-C00422	שטאָט-טעאַטער	Theatre	8	שטאָט-טעאַטער	אָדעס | גראָדנע | וויטעבּסק | ווילנע | לאָדזש | מינסק | קארלסבאַד | קיעוו		שטאָט-טעאַטער | שטאָט-טעאַטער		526 | 529 | 628 | 553 | 557	0.727 | 0.727 | 0.727 | 0.667 | 0.667	ipa_phonetic | ipa_phonetic | ipa_phonetic | ipa_phonetic | ipa_phonetic							
ORG-C00423	יידישער מלוכה-סטודיע פֿון ווייס-רוסלאַנד	Education	3	יידישער מלוכה-סטודיע פֿון ווייס-רוסלאַנד	מאָסקווע				601	0.600	fuzzy							
ORG-C00424	וואָלאָזשינער ישיבה	Education	10	וואָלאָזשינער ישיבה	וואָלאָזשין		וואָלאָזשינער ישיבה											
ORG-C00425	שוואַרץ-קוואַרטעט	Traveling Company	1	שוואַרץ-קוואַרטעט														
ORG-C00426	יוגנט-אָרגאַניזאַצע „השומר“	Jewish political bodies	1	יוגנט-אָרגאַניזאַצע „השומר“														
ORG-C00427	עסטרייכישער אַרמעע	Military	5	עסטרייכישער אַרמעע			איטאַליעניש-עסטרייכישן פֿראַנט											
ORG-C00428	"קראָקעווער העברעישער וואָכנצייטונג „המצפּה"""	Journals/ Newspapers	1	"קראָקעווער העברעישער וואָכנצייטונג „המצפּה"""	קראָקע													
ORG-C00429	בוענאָס-איירעסער קהלה-פֿאַרוואַלטונג	Religious institutions/organizations	1	בוענאָס-איירעסער קהלה-פֿאַרוואַלטונג	בוענאָס-איירעס			אָרגענטינע										
ORG-C00430	קאָמוניסטישער פּרטיי	Non-Jewish political bodies	1	קאָמוניסטישער פּרטיי														
ORG-C00431	14-טער אַרמעע	Military	1	14-טער אַרמעע														
ORG-C00432	יידישע טרופּע „פּראָגרעס“	Traveling Company	1	יידישע טרופּע „פּראָגרעס“	קיעוו													
ORG-C00433	אוקראַינישן כאַרקאָווער מלוכהטעאַטער	Theatre	1	אוקראַינישן כאַרקאָווער מלוכהטעאַטער	כאַרקאָוו		כאַרקאָווער		540 | 592	0.697 | 0.677	ipa_phonetic | ipa_phonetic							
ORG-C00434	טרופּע „רויטער פקל״	Traveling Company	1	טרופּע „רויטער פקל״														
ORG-C00435	"אוקראינישן באַוועגלעכן מלוכה-טעאַטער „רויטער האָמער"""	Theatre	1	"אוקראינישן באַוועגלעכן מלוכה-טעאַטער „רויטער האָמער"""														
ORG-C00436	אַלאוקראינישן פֿאַריין „קינסט טוער“	Theatre-related Society/ Union	1	אַלאוקראינישן פֿאַריין „קינסט טוער“														
ORG-C00437	וויניצער דראַמקרייז	Amateur	1	וויניצער דראַמקרייז	וויניצע													
ORG-C00438	פֿאַרלאָג פֿון ר. מאַזין	Publisher	1	פֿאַרלאָג פֿון ר. מאַזין	לאָנדאָן		פֿאַרלאָג פֿון ר. מאַזין	ענגלאַנד										
ORG-C00439	קונסט-טעאַטער בצלאַל	Theatre	1	קונסט-טעאַטער בצלאַל	וואַרשע		קונסט-טעאַטער בצלאַל	פּוילן										
ORG-C00440	צענטראַל	Publisher	7	צענטראַל	וואַרשע	דזשיקע גאַס	צענטראַל	פּוילן										
ORG-C00441	פּוילישן טעאַטער	Theatre	16	פּוילישן טעאַטער | פּוילישן טעאַטער אין וואַרשע	ביאַליסטאָק | בערדיטשעוו | וואַרשע | לאָדזש | לעמבערג | פּלאָצק		פּוילישן טעאַטער | פּוילישן טעאַטער | פּוילישן שטאָטטעאַטער	אוקראינע | פּוילן	608	0.700	ipa_phonetic							
ORG-C00442	ראָבינער-שול	Education	11	ראָבינער-שול	בערלין | ווילנע | זשיטאָמיר							SPLIT		Cluster contains Rabbinical schools in distinct cities (Vilna, Zhitomir, Berlin) which are separate historical institutions.			auto_drafter	2026-05-17T17:07:26Z
ORG-C00443	ישראליק	Journals/ Newspapers	4	ישראליק	לעמבערג													
ORG-C00444	טרופּע פֿון שייקעוויטש (שמ׳ר)	Traveling Company	1	טרופּע פֿון שייקעוויטש (שמ׳ר)	אָדעס													
ORG-C00445	טרופּע פֿון אַברהם פישזאָן און זון	Traveling Company	1	טרופּע פֿון אַברהם פישזאָן און זון			רוסלאַנד	רוסלאַנד										
ORG-C00446	דרוק „הצפירה‟	Publisher	1	דרוק „הצפירה‟	וואַרשע	מאַריאַנסקא 2												
ORG-C00447	זשאַרדען ד'היווער	Theatre	13	זשאַרדען ד'היווער | זשארדן ד'היווער	וואַרשע	כמיעלנאַ גאַס | כמיעלנע 9	'זשאַרדען ד'היווער' | זשאַרדען ד'היווער | זשאָרדען ד'היווער | זשארדן ד'היווער | כמיעלנאַ גאַס											
ORG-C00448	יידישער אַרטיסטן-פאַריין	Theatre-related Society/ Union	11	יידישער אַרטיסטן-פֿאַריין אין פּוילן | יידישער אַרטיסטן-פאַראיין אין פּוילן | יידישער אַרטיסטן-פאַריין | יידישער אַרטיסטן-פאַריין אין וואַרשע | יידישער אַרטיסטן-פאַריין אין ווין | יידישער אַרטיסטן-פֿאַראיין אין רוסלאַנד	וואַרשע | ווין | קיעוו	לעשנא 2	טלאָמאַצקע 13 | יידישן אַרטיסטן-פאַריין | פּוילן | קיעווער אוניווערזיטעט	עסטרייך | פּוילן				SPLIT		Cluster contains distinct unions for different countries/cities (Poland/Warsaw, Vienna, Russia) which are separate legal entities.			auto_drafter	2026-05-17T17:07:26Z
ORG-C00449	ווילאַ זשאָטקינאַ	Theatre	1	ווילאַ זשאָטקינאַ	כאַרקאָוו		ווילאַ זשאָטקינאַ											
ORG-C00450	ניכטערן געזעלשאַפט	Theatre	1	ניכטערן געזעלשאַפט	אָדעס													
ORG-C00451	כאַרקאָווער יידישן אַרבעטער-קלוב	Amateur	1	כאַרקאָווער יידישן אַרבעטער-קלוב	כאַרקאָוו		כאַרקאָווער יידישן אַרבעטער-קלוב											
ORG-C00452	רודאָלף זאַסלאַווסקיס טרופּע	Traveling Company	2	רודאָלף זאַסלאַווסקיס טרופּע														
ORG-C00453	צענטראָ סטודיע	Education	1	צענטראָ סטודיע	קיעוו													
ORG-C00454	טעאַטער אָנהייב	Theatre	1	טעאַטער אָנהייב	קיעוו				475	0.667	ipa_phonetic							
ORG-C00455	סעמדאָר	Theatre	1	סעמדאָר	קיעוו													
ORG-C00456	קיעווער סטודיע קולטור ליגע	Theatre education	1	קיעווער סטודיע קולטור ליגע	קיעוו													
ORG-C00457	אַלאוקראינישן יידישן מלוכה-טעאַטער	Theatre	1	אַלאוקראינישן יידישן מלוכה-טעאַטער					592 | 510 | 540 | 594 | 550	0.906 | 0.812 | 0.788 | 0.781 | 0.750	ipa_phonetic | ipa_phonetic | ipa_phonetic | ipa_phonetic | ipa_phonetic							
ORG-C00458	שטאָט-שול	Religious institutions/organizations	6	שטאָט-שול	וואַרשע | לאָדזש		שטאָט-שול											
ORG-C00459	תלמוד-תורה	Education	22	תלמוד-תורה | תלמוד-תורה אין מינעאָפּאָליס	אָשמינע | אומאַן | ביאָליסטאָק | בערדיטשעוו | זוואָניץ | טשענסטאָכאָוו | כאָרבין | מילוואַקיי | מינעאָפּאָליס | סוכארי | קאמענעץ-פּאַדאָלסק	סענטראָל עוועניו	תלמוד תורה | תלמוד-תורה | תלמודתורה	כינע | פּויליש-ליטע | פּוילן				SPLIT					Sinai	2026-05-18T10:18:56Z
ORG-C00460	כאַרקאָווער כאָר-שול	Education	1	כאַרקאָווער כאָר-שול	כאַרקאָוו		כאַרקאָווער כאָר-שול											
ORG-C00461	לעדער-פֿאַריין	Trade Union / Professional Association	1	לעדער-פֿאַריין														
ORG-C00462	רויטער אַרמעע	Military	5	רויטער אַרמעע	מאָסקווע													
ORG-C00463	טשעקא	Non-Jewish political bodies	1	טשעקא	מאָסקווע													
ORG-C00464	כאַרקאָווער בערשטן-פֿאָבריק אויפֿן נאָמען פֿון פֿרונזע	Labour (factory/workshop)	1	כאַרקאָווער בערשטן-פֿאָבריק אויפֿן נאָמען פֿון פֿרונזע	כאַרקאָוו													
ORG-C00465	דראָמקרייז אויפֿן נאָמען פֿון קאַלינין	Amateur	1	דראָמקרייז אויפֿן נאָמען פֿון קאַלינין														
ORG-C00466	ערשטער יידישער מלוכה-טעאַטער אין אוקראינע	Theatre	1	ערשטער יידישער מלוכה-טעאַטער אין אוקראינע	כאַרקאָוו			אוקראינע	540 | 471 | 499	0.632 | 0.600 | 0.600	fuzzy | ipa_phonetic | ipa_phonetic							
ORG-C00467	היועץ	Journals/ Newspapers	5	היועץ	בּוקאַרעסט | בוקאַרעסט | בוקאַרעשט		בּוקאַרעסטער	רומעניע										
ORG-C00468	פֿאָלקסבלאַט	Journals/ Newspapers	7	דאָס פאָלקסבלאַט | פֿאָלקסבלאַט	יאָסי | לעמבערג | ניו יאָרק			רומעניע										
ORG-C00469	איזראַעליטישען פֿאָלקס-קאָלענדער	Publisher	1	איזראַעליטישען פֿאָלקס-קאָלענדער														
ORG-C00470	טעאַטער	Journals/ Newspapers	6	טעאַטער | טעאַטער אין אָדעס | טעאַטער אין ווילנער געטאָ | טעאַטער אין כאָסטאָן | טעאַטער אין קיעוו	אָדעס | וואַרשע | ווילנע | קיעוו		ווילנער געטאָ | טעאַטער	רוסלאַנד										
ORG-C00471	טעאַטראַלן טעכניקום	Education	1	טעאַטראַלן טעכניקום														
ORG-C00472	קיעווער דראַמסטודיע	Theatre	2	קיעווער דראַמסטודיע	קיעוו		קיעווער דראַמסטודיע											
ORG-C00473	קונסטקאָמיסיע אין דער אָפּטיילונג פֿאַר „פֿאָלקס-בילדונג“	Non-Jewish political bodies	1	קונסטקאָמיסיע אין דער אָפּטיילונג פֿאַר „פֿאָלקס-בילדונג“														
ORG-C00474	טעאַטראַלן קאָמיטעט	Theatre-related Society/ Union	1	טעאַטראַלן קאָמיטעט	קרעמענטשוג													
ORG-C00475	קאָליסנאטשענקאָס טרופּע	Traveling Company	1	קאָליסנאטשענקאָס טרופּע	יעליסאַ וועטגראַד													
ORG-C00476	זאַסלאַווסקיס טרופּע	Traveling Company	10	זאַסלאַווסקיס טרופּע	ניקאָלאַיעוו				456 | 337	0.625 | 0.625	ipa_phonetic | ipa_phonetic							
ORG-C00477	רומעניען אָפּערע הויז	Theatre	3	רומעניען אָפּערע הויז	ניו יאָרק | ניו-יאָרק	בויערי	רומעניען אָפּערע הויז | רומעניען-אָפּערע-הויז	אַמעריקע										
ORG-C00478	גרענד מוזעאום	Theatre	2	גרענד מוזעאום	ניו-יאָרק | ניו-יאָרק	גרענד סטריט	גרענד-מוזעאום	אַמעריקע										
ORG-C00479	זינג-שפּיל-געזעלשאַפט	Traveling Company	1	זינג-שפּיל-געזעלשאַפט	ווין													
ORG-C00480	יודישע ביהנע	Traveling Company	2	יודישע ביהנע	ווין	טאַבאָר-שטראַסע	האָטעל סטעפאַני	עסטרייך										
ORG-C00481	פרייע יידישע פֿאָלקס-בינע	Theatre	42	די פרייע יידישע פאָלקס-בינע | די פֿרייע יידישע פֿאָלקס-בינע | פרייע יידישע פֿאָלקס-בינע | פרייער יידישער פֿאָלקס-בינע	אָמעריקע | ווין | ווינער | ניו יאָרק | ניו-יאָרק | פּאַריז		בירגער און קאָרל-טעאַטער | בירגער-און קאַרל-טעאַטער | ניו יאָרק | עסטרייך | פרייע יידישע פאָלקס-בינע | פרייע יידישע פֿאָלקס-בינע | פרייע יידישע פֿאָלקסבינע	אמעריקע | עסטרייך | פראנקרייך | רומעניע | אַמעריקע										
ORG-C00482	אַברהם גאָלדפֿאַדען פֿאַראיין	Theatre-related Society/ Union	1	אַברהם גאָלדפֿאַדען פֿאַראיין	לעמבערג													
ORG-C00483	עסטרייכישן (דייטשן) בינע-פֿאַרבאַנד	Theatre-related Society/ Union	1	עסטרייכישן (דייטשן) בינע-פֿאַרבאַנד														
ORG-C00484	ניו-יאָרקער קונסט-טעאַטער-טרופּע	Traveling Company	1	ניו-יאָרקער קונסט-טעאַטער-טרופּע														
ORG-C00485	אָדעסער מוזיקאַלישער שול	Education	1	אָדעסער מוזיקאַלישער שול	אָדעס													
ORG-C00486	אַברהם פישזאָנס טרופּע	Traveling Company	17	אַברהם פישזאָן | אַברהם פישזאָנס טרופּע | אברהם פישזאָן אין טרופּע | טרופּע פֿון אַברהם פישזאָן	אָדעס | קרעמענטשוג		גרויסרוסלאַנד | שול	אוקראָינע | רוסלאַנד										
ORG-C00487	רוסישער אָפּערעטע	Theatre	4	דער רוסישער אָפּערעטע | רוסישער אָפּערעטע | רוסישער אָפּערעטע אין אָדעס	אָדעס | כערסאָן				532	0.600	ipa_phonetic							
ORG-C00488	אָדעסער פילהאַרמאָניע	Theatre	1	אָדעסער פילהאַרמאָניע	אָדעס		אָדעסער פילהאַרמאָניע		479 | 517 | 586	1.000 | 0.778 | 0.682	exact | ipa_phonetic | ipa_phonetic	ALIGN	479				Bella	2026-04-19T07:51:40Z
ORG-C00489	יידישן קאָנצערט-אַנסאַמבל	Traveling Company	1	יידישן קאָנצערט-אַנסאַמבל														
ORG-C00490	ווייסרוסישן יידישן מלוכה-טעאַטער	Theatre	10	ווייסרוסיש-יידישן מלוכה-טעאַטער | ווייסרוסישן יידישן מלוכה-טעאַטער | ווייסרוסישער יידישן מלוכה-טעאַטער	ביאַליסטאָק | מינסק		ווייסרוסישן יידישן מלוכה-טעאַטער | ווייסרוסישן יידישן מלוכה-טעאַטער		593 | 592 | 537 | 550 | 510	1.000 | 0.774 | 0.767 | 0.767 | 0.742	exact | ipa_phonetic | ipa_phonetic | ipa_phonetic | ipa_phonetic	NEW	593				Bella	2026-05-10T09:34:04Z
ORG-C00491	כאָר ביי אַברהם פישזאָן	Traveling Company	1	כאָר ביי אַברהם פישזאָן														
ORG-C00492	בראַנשטייןס טרופּע	Traveling Company	2	בראַנשטייןס טרופּע	בעסאַראַביע				203 | 469 | 43 | 455	1.000 | 0.625 | 0.625 | 0.625	exact | ipa_phonetic | ipa_phonetic | ipa_phonetic	ALIGN	203				Bella	2026-05-05T07:32:05Z
ORG-C00493	שאַנטאַנען	Theatre	1	שאַנטאַנען	רומעניע		שאַנטאַנען											
ORG-C00494	יידישער רעגירונגס-שול	Education	2	יידישער רעגירונגס-שול	קאָמעניעץ		יידישער רעגירונגס-שול											
ORG-C00495	בערנשטייןס טרופּע	Traveling Company	10	בערנשטייןס טרופּע	וואַרשע | וולאַצלאַוועק | ליבאַווע | קליוולאַנד | קרעמענטשוג			פּוילן	203 | 579 | 610 | 182 | 195	0.875 | 0.625 | 0.625 | 0.625 | 0.625	ipa_phonetic | ipa_phonetic | ipa_phonetic | ipa_phonetic | ipa_phonetic	NEW	661				Bella	2026-05-18T14:20:37Z
ORG-C00496	טרופּע פון שאַראַוונער	Traveling Company	6	טרופּע פון שאַראַוונער | טרופּע פֿון שאַראַזונער | טרופּעס פֿון שאַראַוונער | שאַראַוונער	ווילנע		קאָוונער גובערניע		629 | 563 | 578 | 626 | 283	0.857 | 0.667 | 0.667 | 0.667 | 0.611	fuzzy | ipa_phonetic | ipa_phonetic | ipa_phonetic | ipa_phonetic	ALIGN	629				Bella	2026-05-18T08:31:50Z
ORG-C00497	טרופּע פֿון זשיטאָמירסקי	Traveling Company	9	זשיטאָמירסקי | טרופּע פֿון זשיטאָמירסקי	פּאָלאָצק				283 | 486 | 523 | 531 | 542	0.600 | 0.600 | 0.600 | 0.600 | 0.600	ipa_phonetic | ipa_phonetic | ipa_phonetic | ipa_phonetic | ipa_phonetic							
ORG-C00498	וואַרשעווער פֿאַראייניקטער יידישער טעאַטער	Theatre	1	וואַרשעווער פֿאַראייניקטער יידישער טעאַטער														
ORG-C00499	יידישער פֿאָלקסטעאַטער	Theatre	3	יידישער פֿאָלקסטעאַטער	לאָנדאָן				608 | 570 | 541 | 480 | 494	0.700 | 0.652 | 0.615 | 0.600 | 0.600	ipa_phonetic | ipa_phonetic | ipa_phonetic | ipa_phonetic | ipa_phonetic							
ORG-C00500	סאיגאַדעטשני'ס אוקראַאינישער טרופּע	Traveling Company	1	סאיגאַדעטשני'ס אוקראַאינישער טרופּע														
ORG-C00501	ליבערט'ס דראַמאַטישער טרופּע	Traveling Company	1	ליבערט'ס דראַמאַטישער טרופּע					322	0.609	ipa_phonetic							
ORG-C00502	ערשטן יידישן אַקטיאָרן-פֿאַראיין	Theatre-related Society/ Union	1	ערשטן יידישן אַקטיאָרן-פֿאַראיין														
ORG-C00503	קיעווער פּראָפֿעסיאנעלן אַקטיאָרן-פֿאַראיין „קיפסאָטטריד“	Theatre-related Society/ Union	1	קיעווער פּראָפֿעסיאנעלן אַקטיאָרן-פֿאַראיין „קיפסאָטטריד“	קיעוו													
ORG-C00504	"טרופּע „אונזער ווינקל"""	Traveling Company	1	"טרופּע „אונזער ווינקל"""	קיעוו													
ORG-C00505	טעאַטער-קאָלעקטיוו מיט אסתר רחל קאמינסקאַ	Traveling Company	1	טעאַטער-קאָלעקטיוו מיט אסתר רחל קאמינסקאַ														
ORG-C00506	וואַרשעווער קאַמינסקי-טעאַטער	Theatre	16	וואַרשעווער קאַמינסקי-טעאַטער	וואַרשע | וואַרשעווער		וואַרשעווער קאַמינסקי טעאַטער | וואַרשעווער קאַמינסקי-טעאַטער | וואַרשעווער קאמינסקי-טעאַטער | וואַרשעווער „קאַמינסקי-טעאַטער“ | קאַמינסקי-טעאַטער | קאמינסקי טעאַטער | „קאַמינסקי“-טעאַטער	פּוילן | פוילן	534	0.607	ipa_phonetic							
ORG-C00507	נעסטאָר און גאָלדשטיין	Traveling Company	1	נעסטאָר און גאָלדשטיין	לאָס אַנדזשעלעס													
ORG-C00508	סעם אויערבאַך	Traveling Company	2	סעם אויערבאַך | סעם אויערבאַך אין לאָס אַנדזשעלעס	לאָס אַנדזשעלעס			אַמעריקע										
ORG-C00509	ליטמאַנ'ס יידיש טעאַטער	Theatre	1	ליטמאַנ'ס יידיש טעאַטער	דעטראָיט				500 | 472 | 575 | 609	0.684 | 0.650 | 0.636 | 0.619	ipa_phonetic | ipa_phonetic | ipa_phonetic | ipa_phonetic							
ORG-C00510	דזשאָן הענקאָק אינשורענס קאָמפּאַני	Business	1	דזשאָן הענקאָק אינשורענס קאָמפּאַני														
ORG-C00511	עמעס	Journals/ Newspapers	5	עמעס	מאָסקווע													
ORG-C00512	וואַרשעווער דייטשער סינאַגאָגע	Religious institutions/organizations	1	וואַרשעווער דייטשער סינאַגאָגע	וואַרשע		וואַרשעווער דייטשער סינאַגאָגע	פּוילן										
ORG-C00513	געברידער פּאָול	Traveling Company	1	געברידער פּאָול	וואַרשע			פּוילן										
ORG-C00514	נייט-סקול	Education	7	נייט-סקול	פֿילאַדעלפיע		נייט-סקול	אַמעריקע										
ORG-C00515	טאַליאַ-טעאַטער	Theatre	79	טאַליאַ-טעאַטער	בערלין | לאָדזש | ניו יאָרק | ניו-יאָרק | ניוּ-יאָרק | ניו־יאָרק | פֿילאָדעלפיע | פֿילאדעלפיע | פֿילאדעלפֿיע	4-טע און קאלא-היל | 46-48 בויערי | באַוערי	"אָמעריקע | טאַליא- טעאַטער | טאַליאַ | טאַליאַ טעאַטער | טאַליאַ טעאַטער | טאַליאַ-טעאַטער | טאַליאַ-טעאָטער | טאַליאַ-טעאַטער | טאָליאַ טעאַטער | טאָליאַ-טעאַטער | טאָליאַ-טעאַטער | טאָליאָ | טאָליאָ-טעאַטער | טאליאַ-טעאַטער | „טאַליאַ""-טעאַטער"	אַמעריקע | אָמעריקע | דייטשלאַנד | פּוילן | אַמעריקע	616 | 527 | 509 | 123 | 176	0.750 | 0.714 | 0.692 | 0.667 | 0.667	ipa_phonetic | ipa_phonetic | ipa_phonetic | ipa_phonetic | ipa_phonetic	SPLIT		Cluster contains Thalia Theatres in distinct cities (NYC, Berlin, Lodz, Philadelphia) which are separate entities, not a single traveling troupe.			auto_drafter	2026-05-17T17:07:26Z
ORG-C00516	ווינדזאָר	Theatre	6	ווינדזאָר			ווינדזאָר | ווינדזאָר-טעאַטער	אמעריקע										
ORG-C00517	מאָנהעטן לייסעאום	Theatre	2	מאָנהעטן לייסעאום	ניו יאָרק													
ORG-C00518	שייקעוויטש אין פּיטסבורג	Traveling Company	1	שייקעוויטש אין פּיטסבורג	פּיטסבורג													
ORG-C00519	מאָהילעווער טעכנישער שול פֿון אי״קא	Education	1	מאָהילעווער טעכנישער שול פֿון אי״קא	מאָהילעוו		מאָהילעווער טעכנישער שול	רוסלאַנד										
ORG-C00520	סט. דזשיימס קאלעדזש	Education	1	סט. דזשיימס קאלעדזש	לאָנדאָן		סט. דזשיימס קאלעדזש	ענגלאַנד										
ORG-C00521	אידישער עקספרעס	Journals/ Newspapers	3	אידישער עקספרעס | דער אידישער עקספרעס	לאָנדאָן		רעדאַקציע	ענגלאַנד										
ORG-C00522	פאַרלאג ל. מ. שטיין	Publisher	1	פאַרלאג ל. מ. שטיין	שיקאַגאָ		פאַרלאַג	אַמעריקע										
ORG-C00523	יידישדראַמאַטישן קרייז	Traveling Company	1	יידישדראַמאַטישן קרייז	מילוואָקי			אַמעריקע										
ORG-C00524	פֿאַרלאַג ב. קלעצקין	Publisher	4	פֿאַרלאַג ב. קלעצקין	ווילנע | ווילנע-וואַרשע		פאַרלאַג	פּוילן										
ORG-C00525	די פֿעדער	Journals/ Newspapers	8	די פעדער | די פֿעדער	ניו יאָרק | ניו-יאָרק		רעדאַקציע	אַמעריקע										
ORG-C00526	קאָמ. צוקונפט	Jewish political bodies	1	קאָמ. צוקונפט														
ORG-C00527	יידישער אַרבעטער-בינע	Theatre	2	יידישער אַרבעטער-בינע	בודאָפּעסט			אונגערן	480	0.650	ipa_phonetic							
ORG-C00528	"דראַמשול א""ל פֿון דר. מ. ווייכערט און דוד הערמאַן"	Education	1	"דראַמשול א""ל פֿון דר. מ. ווייכערט און דוד הערמאַן"														
ORG-C00529	דוד הערמאַנ'ס דראַמסטודיע	Theatre	1	דוד הערמאַנ'ס דראַמסטודיע	וואַרשע													
ORG-C00530	קליינקונסט-טעאַטער „אַזאַזעל“	Theatre	2	קליינקונסט-טעאַטער „אַזאַזעל“														
ORG-C00531	קראָקעווער יידישן געזעלשאַפֿטלעכן טעאַטער	Theatre	9	קראָקעווער יידישן געזעלשאַפטלעכן טעאַטער | קראָקעווער יידישן געזעלשאַפֿטלעכן טעאַטער	קראָקע | קראָקעוו		קראָקעווער יידישן געזעלשאַפטלעכן טעאַטער | קראָקעווער יידישן געזעלשאַפֿטלעכן טעאַטער	פּוילן										
ORG-C00532	הערמאַנ׳ס סטודיע	Traveling Company	1	הערמאַנ׳ס סטודיע														
ORG-C00533	ווניט	Traveling Company	9	ווניט	וואַרשע | וואָרששע	קאַראָווע גאַס	וו'ניט | עליזעום-טעאַטער											
ORG-C00534	ראָטשילד'ס שול	Religious institutions/organizations	1	ראָטשילד'ס שול	לאָנדאָן													
ORG-C00535	"„סינאַגאָג קאָראַל עלייענס"""	Musical organization	1	"„סינאַגאָג קאָראַל עלייענס"""														
ORG-C00536	"„מאַסטער אינסטיטוט און יונייטער אַרטס"""	Education	1	"„מאַסטער אינסטיטוט און יונייטער אַרטס"""														
ORG-C00537	בראָנקסער טעאַטער אַמעריקאַן	Theatre	1	בראָנקסער טעאַטער אַמעריקאַן	ניו יאָרק													
ORG-C00538	שלום-עליכם פֿאָלקס-שולן	Education	1	שלום-עליכם פֿאָלקס-שולן														
ORG-C00539	טאָג	Journals/ Newspapers	38	דער טאָג | טאָג	וואַרשע | ווילנע | ניו יאָרק | ניו-יאָרק | פּעטערבורג | קראקע | פֿילאַדעלפיע		"טאָג | רעדאַקציע פֿון „טאָג"""	אַמעריקע | פֿאַראייניקטע שטאַטן	216	1.000	exact	ALIGN	216				Sinai	2026-05-11T21:37:43Z
ORG-C00540	"פֿאַרלאָג „לעוואַנט"""	Publisher	1	"פֿאַרלאָג „לעוואַנט"""	ניו יאָרק													
ORG-C00541	פֿאַרלאַג „האַרמאָניע“	Publisher	1	פֿאַרלאַג „האַרמאָניע“	ניו-יאָרק													
ORG-C00542	ישיבות פֿון סלוצק און סלאָבאָדקע	Education	1	ישיבות פֿון סלוצק און סלאָבאָדקע								SPLIT		The name refers to two distinct institutions (Yeshivas of Slutsk and Slobodka) and must be split.			auto_drafter	2026-05-17T17:07:26Z
ORG-C00543	יידישער וועלטלעכער שול-באַוועגונג	Education	1	יידישער וועלטלעכער שול-באַוועגונג														
ORG-C00544	פאָלקסצייטונג	Journals/ Newspapers	9	די פּאָלקס-צייטונג | פאָלקסצייטונג | פֿאָלקסצעטונג	וואַרשע | ווילנע | לאָס אַנדזשעלעס		וואַרשעווער | ווילנער											
ORG-C00545	"ציש""אָ"	Education	3	"ציש""אָ"	ווילנע													
ORG-C00546	וואַרשעווער יידישן קונסט-טעאַטער	Theatre	1	וואַרשעווער יידישן קונסט-טעאַטער					623 | 534 | 472 | 478 | 502	0.821 | 0.750 | 0.679 | 0.679 | 0.667	ipa_phonetic | ipa_phonetic | ipa_phonetic | ipa_phonetic | ipa_phonetic							
ORG-C00547	קינדער-וועלט	Journals/ Newspapers	3	קינדער-וועלט	ניו יאָרק													
ORG-C00548	יידישן אַרבעטער קאָמיטעט	Jewish political bodies	4	יידישן אַרבעטער קאָמיטעט	לאָס אַנדזשעלעס | שיקאַגע			אַמעריקע | אַמעריקע										
ORG-C00549	פאַרלאָג „קינדער“	Publisher	1	פאַרלאָג „קינדער“	ביאַליסטאָק													
ORG-C00550	פאַרלאָג א. גיטלין	Publisher	3	פאַרלאָג א. גיטלין	וואַרשע													
ORG-C00551	סוואָבאָדני טעאַטער	Theatre	1	סוואָבאָדני טעאַטער	פּעטערבורג			רוסלאַנד	161 | 252 | 526 | 527 | 552	0.625 | 0.600 | 0.600 | 0.600 | 0.600	ipa_phonetic | ipa_phonetic | ipa_phonetic | ipa_phonetic | ipa_phonetic							
ORG-C00552	פּעטערבורגער דראַמאטישן טעאַטער	Theatre	1	פּעטערבורגער דראַמאטישן טעאַטער	פּעטערבורג			רוסלאַנד	576	0.618	ipa_phonetic							
ORG-C00553	ניעזלאָבינ'ס טעאַטער	Theatre	1	ניעזלאָבינ'ס טעאַטער	פּעטערבורג			רוסלאַנד										
ORG-C00554	פּעטערבורגער קינסטלערישן טעאַטער	Theatre	1	פּעטערבורגער קינסטלערישן טעאַטער	פּעטערבורג			רוסלאַנד										
ORG-C00555	ווינער 'פרייע יידישע פֿאָלקסבינע'	Theatre	4	ווינער 'פרייע יידישע פֿאָלקסבינע'	ווין		ווינער	עסטרייך										
ORG-C00556	לאָנדאָנער פּאַוויליאָן טעאַטער	Theatre	18	לאָנדאָנער פּאַוויליאָן טעאַטער | לאָנדאָנער פּאוויליאָן-טעאַטער | לאָנדאָנער פאַוויליאָן טעאַטער	לאָנדאָן | לאָנדאָנער		לאָנדאָנער פּאַוויליאָן טעאַטער | לאָנדאָנער פּאַוויליאָן-טעאַטער | לאָנדאָנער פּאַוויליאָן-טעאַטער | לאָנדאָנער פּאָוויליאָן-טעאָטער | פּאַוויליאָן טעאַטער | פּאָוויליאָן-טעאַטער | פּאָוויליאָן-טעאַטער | פּאוויליאָן טעאַטער | פאַוויליאָן טעאַטער	ענגלאַנד | ענגלאנד	472 | 575 | 565	0.625 | 0.625 | 0.607	ipa_phonetic | ipa_phonetic | ipa_phonetic							
ORG-C00557	וואַרשעווער צענטראָל-טעאַטער	Theatre	24	וואַרשעווער צענטראָל-טעאַטער	וואַרשע | וואַרשעווער	לעשנא 1	"וואַרשעווער 'צענטראַל'-טעאַטער | וואַרשעווער 'צענטראַל'-טעאָטער | וואַרשעווער צענטראַל-טעאַטער | וואַרשעווער צענטראַל-טעאטער | וואַרשעווער צענטראָל-טעאַטער | וואַרשעווער צענטראָל-טעאַטער | וואַרשעווער „צענטראַל""-טעאַטער | צענטראָל-טעאַטער | צענטראָל-טעאַטער | צענטראל טעאַטער"	פּוילן	151	0.625	ipa_phonetic							
ORG-C00558	וואַרשעווער יידישן ליטעראַטן-פאַריין	Theatre-related Society/ Union	3	וואַרשעווער יידישן ליטעראַטן-פאַריין | וואַרשעווער יידישן ליטעראַטן-פֿאַראיין	וואַרשע	טלאָמאַצקע 13	ליטעראַטן-פאַריין	פּוילן										
ORG-C00559	אונדער לעבען	Journals/ Newspapers	9	אונדער לעבען	אָדעס | וואַרשע			פּוילן	425 | 426	1.000 | 0.615	exact | ipa_phonetic	ALIGN	425	ייתכן שגיאת תעתיק- אונזער ולא אונדער			Bella	2026-04-19T07:25:05Z
ORG-C00560	נאַציאָנאַלן מוזיי	Heritage Institution	1	נאַציאָנאַלן מוזיי	ירושלים													
ORG-C00561	ליבהאָבער-קרייז פֿאַרן בעסערן רעפּערטואר	Traveling Company	1	ליבהאָבער-קרייז פֿאַרן בעסערן רעפּערטואר	בענדין													
ORG-C00562	ערשטער יידישער דראַמאַטישער שול	Education	3	ערשטער יידישער דראַמאַטישער סטודיע אין ווילנע | ערשטער יידישער דראַמאַטישער שול	ווילנע													
ORG-C00563	טעאַטער-סטודיע	Education	2	טעאַטער-סטודיע														
ORG-C00564	קראָק. יידיש. דראמ. טעאַטער	Theatre	1	קראָק. יידיש. דראמ. טעאַטער	קראָקע													
ORG-C00565	כאַליאַסטרע	Traveling Company	2	כאַליאַסטרע	וואַרשע		עליזעאום											
ORG-C00566	ווייסרוסלענדיש-יידישער מלוכה-סטודיע	Theatre	2	ווייסרוסלענדיש-יידישער מלוכה-סטודיע	מאָסקווע			ווייסרוסלאַנד										
ORG-C00567	ווייסרוסלענדיש-יידישן מלוכה-טעאַטער	Theatre	5	ווייסרוסלענדיש-יידישן מלוכה-טעאַטער | ווייסרוסלענדישן יידישן מלוכה-טעאַטער | ווייסרוסלענדישן יידישן מלכה-טעאַַטער	מינסק			ווייסרוסלאַנד	593 | 537 | 567 | 501 | 505	0.788 | 0.697 | 0.697 | 0.667 | 0.667	ipa_phonetic | ipa_phonetic | ipa_phonetic | ipa_phonetic | ipa_phonetic							
ORG-C00568	פאָלקסקאָמבילד פֿון ווייסרוסלאַנד	Education	1	פאָלקסקאָמבילד פֿון ווייסרוסלאַנד				ווייסרוסלאַנד										
ORG-C00569	מאָסקווער פילהאַרמאָניע	Education	1	מאָסקווער פילהאַרמאָניע	מאָסקווע							NEW	558				Bella	2026-05-03T08:20:06Z
ORG-C00570	צעירי ציון	Jewish political bodies	2	צעירי ציון	וואַרשע			פּוילן										
ORG-C00571	התאַחדות	Theatre	1	התאַחדות														
ORG-C00572	שניאור-כאָר	Traveling Company	2	שניאור-כאָר	וואַרשע			פּוילן										
ORG-C00573	גאָלינקינ'ס אָפערע	Theatre	1	גאָלינקינ'ס אָפערע			גאָלינקינ'ס אָפערע	ארץ-ישראל										
ORG-C00574	"„אוהל""-טרופּע"	Traveling Company	1	"„אוהל""-טרופּע"					295	0.615	ipa_phonetic							
ORG-C00575	"„דראַמקרייז מ. ווינטשעווסקי"""	Theatre	1	"„דראַמקרייז מ. ווינטשעווסקי"""	מאָנטעווידעאָ		"„דראַמקרייז מ. ווינטשעווסקי"""	אורוגוויי										
ORG-C00576	ווייספעלדן	Traveling Company	3	ווייספעלדן	וואַרשע	מאָקאטאָווער 59		פּוילן	483	1.000	exact	ALIGN	483				Bella	2026-04-13T09:50:00Z
ORG-C00577	גענפערס טרופּע	Traveling Company	16	גענפערס טרופּע	בענדער | וויטעבסק | ווילנע | לובני | נאָווגאָראָד | פינסק			רוסלאַנד	254 | 579 | 182 | 583 | 610	1.000 | 0.846 | 0.786 | 0.769 | 0.769	exact | ipa_phonetic | ipa_phonetic | ipa_phonetic | ipa_phonetic	ALIGN	254				Bella	2026-04-26T08:43:28Z
ORG-C00578	דייטש-יידיש טעאַטער	Theatre	3	דייטש-יידיש | דייטש-יידיש טעאַטער	בערלין | לעמבערג		אַ וואָריעטע | גימפּעל-בינע		472 | 609 | 500	0.700 | 0.667 | 0.632	ipa_phonetic | ipa_phonetic | ipa_phonetic	SPLIT		Cluster spans Berlin and Lemberg (Gimpel-bi-ne) with generic 'German-Jewish Theatre' name; likely distinct local entities rather than one organization.			auto_drafter	2026-05-17T17:07:26Z
ORG-C00579	לאָדזשער סקאַלאַ-טעאַטער	Theatre	35	לאָדזשער סקאַלאַ-טעאַטער | לאדזשער סקאָלאָ-טעאַטער	לאָדזש | לאדזש | לאָדזש		'סקאַלאַ'-טעאַטער | לאָדזער סקאָלאָ-טעאַטער | לאָדזשער 'סקאַלאַ'-טעאַטער | לאָדזשער 'סקאָלאַ'-טעאָטער | לאָדזשער סקאַלאַ-טעאַטער | לאָדזשער סקאָלאָ-טעאַטער | לאָדזשער „סקאָלאַ'-טעאַטער | לאדזשער סקאַלאַ-טעאַטער | לאדזשער סקאלא-טעאַטער | לאָדזשער סקאָלאָ-טעאַטער | סקאַלאַ-טעאַטער | סקאַלאָ טעאַטער | סקאָלאָ-טעאַטער | סקאָלאָ-טעאַטער | סקאלא-טעאַטער | „סקאַלאַ“-טעאַטער | „סקאַלאַ“-טעאַטער	פּוילן | פוילן	604	1.000	exact	NEW	604				Sinai	2026-05-11T21:38:33Z
ORG-C00580	מינכענער פאָלקסטעאַטער	Theatre	1	מינכענער פאָלקסטעאַטער	מינכן		מינכענער פאָלקסטעאַטער	דייטשלאַנד	494 | 608	0.600 | 0.600	ipa_phonetic | ipa_phonetic							
ORG-C00581	הינדריא-געזעלשאַפט	Publisher	1	הינדריא-געזעלשאַפט					446	0.600	ipa_phonetic							
ORG-C00582	יידישער סאַציאָליסטישער אַרבעטער-באַוועגונג	Jewish political bodies	1	יידישער סאַציאָליסטישער אַרבעטער-באַוועגונג														
ORG-C00583	דראַמסעקציע ביים „הזמיר“	Amateur	1	דראַמסעקציע ביים „הזמיר“	סאָסנאָוויץ		הזמיר	פּוילן										
ORG-C00584	טרופּע פֿון א. י. קאַמינסקי	Traveling Company	4	א. י. קאַמינסקיס טרופּע | טרופּע פֿון א. י. קאַמינסקי	לאָדזש													
ORG-C00585	יוליוס אַדלערס טרופּע	Traveling Company	18	טרופּע פון יוליוס אַדלער | טרופּע פֿון יוליוס אַדלער | יוליוס אַדלער | יוליוס אַדלערס טרופּע			פּוילישער פראָווינץ	פּוילן | רוסלאַנד	376 | 568	0.684 | 0.632	ipa_phonetic | ipa_phonetic							
ORG-C00586	טרופּע פֿון י. ווייסהאָף	Traveling Company	1	טרופּע פֿון י. ווייסהאָף					483 | 486 | 542 | 578 | 596	0.600 | 0.600 | 0.600 | 0.600 | 0.600	ipa_phonetic | ipa_phonetic | ipa_phonetic | ipa_phonetic | ipa_phonetic							
ORG-C00587	טרופּע פֿון ה. ב. עפּשטיין און אַקסעלראָד	Traveling Company	2	טרופּע פֿון ה. ב. עפּשטיין און אַקסעלראָד														
ORG-C00588	דראָמאַטישער סעקציע ביים „הזמיר“	Amateur	3	דראָמאַטישער סעקציע ביים „הזמיר“	וואַרשע		הזמיר											
ORG-C00589	„קולטור-פֿאַראיין“	Theatre	1	„קולטור-פֿאַראיין“	מעץ													
ORG-C00590	וויליאַמסבורגער ליריק-טעאַטער	Theatre	6	וויליאַמסבורגער ליריק-טעאַטער	וויליאַמסבורג | וויליאָמסבורגער | ניו יאָרק		"וויליאַמסבורגער 'ליריק'-טעאַטער | וויליאַמסבורגער ליריק-טעאַטער | וויליאַמסבורגער „ליריק טעאַטער“ | וויליאָמסבורגער ליריק-טעאַטער | ליריק טעאַטער | „ליריק""-טעאַטער"	אַמעריקע										
ORG-C00591	יידישער אַקטיאָרן יוניאָן	Theatre-related Society/ Union	6	יידישער אַקטיאָרן יוניאָן	ניו יאָרק | ניו יארק		יידישער אַקטיאָרן יוניאָן	אַמעריקע | אמעריקע										
ORG-C00592	ברוקלינער ליבערטי-טעאַטער	Theatre	11	ברוקלינער ליבערטי-טעאַטער	בּרוּקלינער | ברוקלין | ברוקלינער		בּרוּקלינער ליבּערטיטעאַטער | ליבערטי טעאַטער | ליבערטי-טעאַטער | ליבערטי-טעאָטער | ליבערטי-טעאַטער	אַמעריקע										
ORG-C00593	האָפּקינסאָן	Theatre	11	האָפּקינסאָן	בראָנזוויל | ברוקלין | ניו יאָרק | ניו יאָרק		האָפּקינסאָן											
ORG-C00594	בראַנקס אַרט טעאַטער	Theatre	12	בראַנקס אַרט טעאַטער	בראַנקס		"בראַנקס אַרט טעאַטער | בראַנקס אַרט-טעאַטער | בראַנקס אָרט טעאַטער | בראַנקס אָרט-טעאַטער | „אַרט""-טעאַטער"	אַמעריקע										
ORG-C00595	פּראָספּעקט-טעאַטער	Theatre	43	פּראָספּעקט-טעאַטער | פֿראָספעקט-טעאַטער	בראַנקס | בראָנקס | ניו יאָרק | ניו-יאָרק | ניויאָרק		"בראַנקסער „פּראָספּעקט""-טעאַטער | בראנקס | פּראָספּעקט טעאַטער | פּראָספּעקט טעאַטער | פּראָספּעקט-טעאַטער | פּראָספּעקט-טעאַטער | פּראָספּעקטטעאַטער | „פּראָספּעקט""-טעאַטער"	אַמעריקע | אמעריקע	600 | 123 | 520 | 528 | 529	0.667 | 0.600 | 0.600 | 0.600 | 0.600	ipa_phonetic | ipa_phonetic | ipa_phonetic | ipa_phonetic | ipa_phonetic	ALIGN	364				Sinai	2026-05-18T10:37:36Z
ORG-C00596	יידיש דראַמאַטישן טעאַטער	Theatre	8	יידיש דראַמאַטיש טעאַטער | יידיש דראַמאַטיש טעאַטער אין ווין | יידיש דראַמאַטישן טעאַטער	ווין | מינסק | קאָוונע | קראָקע	באָכענסקע-גאַס	באָכענסקע-גאַס | יידישן דראַמאַטישן טעאַטער | קאָוונער ליטע	ליטע	576 | 480	0.647 | 0.636	ipa_phonetic | ipa_phonetic	SPLIT		Cluster contains distinct entities in Vienna, Minsk, Kovno, and Krakow; name is too generic for a single alignment.			auto_drafter	2026-05-17T17:07:26Z
ORG-C00597	גרויסעס טעאַטער	Theatre	28	גרויסעס טעאַטער	לאָדזש | לאדזש | לאָדזש		"גרוי סעס טעאַטער | גרויסעס טעאַטער | גרויסעס טעאַטער | לאדזשער ""גרויסעס טעאַטער"" | „גרויסעס טעאַטער“"	פּוילן	263 | 630 | 252	0.929 | 0.714 | 0.643	ipa_phonetic | ipa_phonetic | ipa_phonetic	ALIGN	263				Bella	2026-04-19T07:50:53Z
ORG-C00598	גאָרדין	Traveling Company	2	גאָרדין	וואַרשע			פּוילן										
ORG-C00599	לערמאַנ'ס פּראָפעסיאנעלער טרופּע	Traveling Company	2	לערמאַנ'ס פּראָפעסיאנעלער טרופּע				פּוילן										
ORG-C00600	רעגירונגס-גימנאַזיע	Education	4	רעגירונגס-גימנאַזיע	וואַרשע			פּוילן										
ORG-C00601	קאָמפּאַניעיעצ'ס טרופּע	Traveling Company	3	קאָמפּאַניעיעס טרופּע | קאָמפּאַניעיעצ'ס טרופּע	וואַרשע		מוראַנאָווער טעאַטער | פּוילן	פּוילן | רומעניע	302 | 485	1.000 | 0.850	exact | ipa_phonetic	ALIGN	302	צריך למזג עם 485			Sinai	2026-04-05T17:30:55Z
ORG-C00602	ר' יצחק אַלחנן׳ס ישיבה	Education	1	ר' יצחק אַלחנן׳ס ישיבה	קאָוונע													
ORG-C00603	דער פֿאָלקס אַדוואָקאַט	Journals/ Newspapers	4	דער פֿאָלקס אַדוואָקאַט | פֿאָלקס אַדוואָקאָט	ניו יאָרק													
ORG-C00604	פּולס-טעאַטער	Theatre	9	פּולס-טעאַטער	ניו יאָרק | ניו-יאָרק | ניו־יאָרק		פּולס טעאַטער | פּולס-טעאַטער	אַמעריקע	123 | 489 | 600 | 509 | 122	1.000 | 0.727 | 0.727 | 0.692 | 0.667	exact | ipa_phonetic | ipa_phonetic | ipa_phonetic | ipa_phonetic	ALIGN	123				Bella	2026-04-26T09:24:27Z
ORG-C00605	וואַנדער-צירק	Circus	1	וואַנדער-צירק								DESCRIPTIVE					Sinai	2026-05-18T05:04:06Z
ORG-C00606	טרופּע פון יעקב ציפקוס	Traveling Company	2	טרופּע פון יעקב ציפקוס					490 | 42	0.615 | 0.615	ipa_phonetic | ipa_phonetic							
ORG-C00607	גימפּעל	Theatre	37	גימפּעל | גימפּעל אין טעאָטער | טרופּע פֿון גימפּעל	לעמבערג		גאַליציע | גימפּעל | גימפּעל-טעאַטער | גימפּעלן | גימפּעלן טעאַטער | גימפּעלס טעאַטער		257	0.800	fuzzy	ALIGN	257				Sinai	2026-05-18T04:26:31Z
ORG-C00608	בראָדערזינגער	Traveling Company	27	בראָדערזינגער | די בראָדערזינגער | טרופּע פון בראָדערזינגער	ביאַליסטאָק | בראָדי | וואַרשע | לעמבערג	פראָנטשישקאנער 36	גאָרטן פֿון וואָלף ליטוואָקס הויף | די בראָדערזינגער | כאָר | שענק | שענקן און אַכסניות	פּוילן | רומעניע										
ORG-C00609	זשיטאָמירער יידישן מלוכה-טעאַטער	Theatre	5	זשיטאָמירער יידישן מלוכה-טעאַטער	זשיטאָמיר | זשיטאָמירער		זשיטאָמירער יידישן מלוכה-טעאַטער		538 | 505 | 537 | 584 | 472	1.000 | 0.828 | 0.800 | 0.800 | 0.793	exact | ipa_phonetic | ipa_phonetic | fuzzy | ipa_phonetic	NEW	538				Bella	2026-04-29T08:17:12Z
ORG-C00610	טעאַטער צענטראַל	Theatre	6	טעאַטער צענטראַל	וואַרשע | וואָרשע		"""צענטראַל"" טעאַטער | טעאַטער צענטראַל | טעאַטער צענטראָל"	פּוילן	151 | 173	0.600 | 0.600	fuzzy | ipa_phonetic							
ORG-C00611	יידישער ראָדיקאָלער שולע, אַרבעטער רינג, בראנטש נומ' 3	Education	1	יידישער ראָדיקאָלער שולע, אַרבעטער רינג, בראנטש נומ' 3	לאָנדאָן													
ORG-C00612	"פֿאַרלאַג „קונסט"""	Publisher	1	"פֿאַרלאַג „קונסט"""	לאָנדאָן													
ORG-C00613	"לאָנדאָנער „גרענד פאַליי"""	Theatre	1	"לאָנדאָנער „גרענד פאַליי"""	לאָנדאָן		גרענד פאַליי											
ORG-C00614	פּאָלנישע	Traveling Company	3	די פּאָלנישע | פּאָלנישע | פאָלנישע געזעלשאַפט	בודאַפעסט | ווין		קאַפע פֿון שנעקענדאָרף	אונגאַרן | עסטרייך | עסטרייך-אונגאָרן										
ORG-C00615	לעמבערגער טעאַטער-טרופּע	Traveling Company	1	לעמבערגער טעאַטער-טרופּע	לעמבערג		לעמבערגער טעאַטער-טרופּע											
ORG-C00616	סטעפאני	Theatre	1	סטעפאני	ווין		סטעפאני											
ORG-C00617	ווערטהיימ'ס וואַריעטע	Theatre	1	ווערטהיימ'ס וואַריעטע	בודאַפּעשט		ווערטהיימ'ס וואַריעטע											
ORG-C00618	פּעפּי ליטמאַנ'ס וואַנדערנדיקער וואַריעטע-טרופּע	Traveling Company	1	פּעפּי ליטמאַנ'ס וואַנדערנדיקער וואַריעטע-טרופּע														
ORG-C00619	די בודאפּעסטער	Traveling Company	1	די בודאפּעסטער														
ORG-C00620	ווינער בודאפּעסטער	Traveling Company	1	ווינער בודאפּעסטער	ווין	טאַבאָר-שטראַסע	זאל ביי דער טאַבאָר-שטראַסע											
ORG-C00621	סאַציאָליסטישער פּאַרטיי	Non-Jewish political bodies	5	סאַציאָליסטישער פּאַרטיי	ניו-יאָרק | שיקאַגאָ			אַמעריקע										
ORG-C00622	"„פאָרווערטס""-אַסאָסייישאָן"	Jewish political bodies	2	"„פאָרווערטס""-אַסאָסייישאָן"	ניו-יאָרק | שיקאַגאָ			אַמעריקע										
ORG-C00623	עליאס גליקמאַנ'ס יידישער טרופּע	Traveling Company	1	עליאס גליקמאַנ'ס יידישער טרופּע	שיקאַגאָ		בידזשן-טעאַטער											
ORG-C00624	טעאַטער נועוואָ	Theatre	1	טעאַטער נועוואָ	בוענאָס איירעס		טעאַטער נועוואָ	אַרגענטינע	581	0.615	ipa_phonetic							
ORG-C00625	פֿאַרלאָג א. י. שפּיראָ	Publisher	1	פֿאַרלאָג א. י. שפּיראָ	וואַרשע													
ORG-C00626	האַנטווערקער-שול	Education	8	האַנטווערקער-שול | האַנטווערקער-שול אין לאָדזש	אָדעס | טשענסטאָכאָוו | לאָדזש | קיעוו		האַנטווערקער-שול | האַנטווערקערשול	פּוילן				SPLIT		Cluster contains generic trade schools (Handverker-shul) in multiple distinct cities (Lodz, Odessa, Czestochowa, Kiev) which are separate entities.			auto_drafter	2026-05-17T17:07:26Z
ORG-C00627	הבימה העברית	Traveling Company	8	הבימה העברית	ירושלים | לאָדזש | מינסק		הבימה העברית	אַרץ ישראל										
ORG-C00628	לידאַ	Traveling Company	5	לידאַ	לאָדזש | לאָדזש			פּוילן										
ORG-C00629	מ. ד. וואַקסמאַנס טרופּע	Traveling Company	15	טרופּע פֿון מ. ד. וואַקסמאַן | מ. ד. וואַקסמאַן | מ. ד. וואַקסמאַנס טרופּע | מ. ד. וואַקסמאָס טרופּע	יאָהאַנעסבורג | לאָדזש | לאָנדאָן | לאדזש | פּאַריז | פּאָריז | פֿאַריז | פאַריז		"דרום-אָפריקע | טאַליאַ טעאַטער | טאָליאַ-טעאַטער | „טאַליאַ""-טעאַטער"	דרום-אָפריקע | פּוילן | פֿראַנקרעך | פראנקרייך										
ORG-C00630	טרופּע פֿון יוליוס אַדלער און הערמאַן סיעראָצקי	Traveling Company	3	טרופּע פֿון יוליוס אַדלער און הערמאַן סיעראָצקי | יוליוס אַדלער און הערמאַן סיעראָצקיס טרופּע														
ORG-C00631	צענטראַל-טעאַטער	Theatre	35	צענטראַל-טעאַטער | צענטראָל-טעאַטער אין וואַרשע	בוקאַרעשט | וואַרשע | וואַרשעווער	לעשנא 2 | לעשנע 1	"וואַרשעווער צענטראַל-טעאַטער | צענטראַל""-טעאַטער | צענטראַל""-טעאַטער"" | צענטראַל-טעאַטער | צענטראַל-טעאַטער | צענטראַלטעאַטער | צענטראָל-טעאַטער | ״צענטראַל״-טעאַטער | „צענטראַל""-טעאַטער"	פּוילן	151 | 557 | 628 | 631 | 509	1.000 | 0.667 | 0.667 | 0.667 | 0.600	exact | ipa_phonetic | ipa_phonetic | ipa_phonetic | ipa_phonetic	ALIGN	151				Bella	2026-04-19T08:29:13Z
ORG-C00632	משה זיגלער'ס טרופּע	Traveling Company	1	משה זיגלער'ס טרופּע				עסטרייך	583 | 459 | 568 | 376 | 421	0.667 | 0.667 | 0.611 | 0.611 | 0.611	ipa_phonetic | ipa_phonetic | ipa_phonetic | ipa_phonetic | ipa_phonetic							
ORG-C00633	פּיפּלס-טעאַטער	Theatre	84	פּיפּלס-טעאַטער	אָמעריקע | בופֿאָלאָ | לאָנדאָן | ניו יאָרק | ניו יארק | ניו יאָרק | ניו-יאָרק | ניו-יאָרקער | ניוּ-יאָרק	2210	"ניו-יאָרקער פּיפּלס-טעאַטער | פּיפּלס 2210 טעאַטער | פּיפּלס טעאַטער | פּיפּלס טעאַטער | פּיפּלס-טעאַטער | פּיפּלס-טעאַטער | פּיפּלסטעאַטער | פּיפלס-טעאַטער | פּיפלס-טעאַטער | פיפלס-טעאַטער | „פּיפּלס""-טעאַטער | „פּיפלס""-טעאַטער"	אַמעריקע | אמעריקע | ענגלאַנד | אַמעריקע	123 | 509 | 124 | 176 | 600	0.833 | 0.692 | 0.667 | 0.667 | 0.667	ipa_phonetic | ipa_phonetic | ipa_phonetic | ipa_phonetic | ipa_phonetic	SPLIT					Sinai	2026-05-17T15:25:22Z
ORG-C00634	קעסלערס סעקאָנד עוועניו טעאַטער	Theatre	31	קעסלער סעקאָנד-עוועניו טעאַטער | קעסלערס סעקאַנד-עוועניו | קעסלערס סעקאַנדגעוועניו-טעאַטער | קעסלערס סעקאָנד עוועניו טעאַטער	ניו יאָרק | ניו יאָרקער | ניו-יאָרק	Second Avenue | סעקאָנד עוועניו | סעקאָנד עוועניו און 2טע סטריט | סעקאָנד עוועניו און צווייטע סטריט	סעקאַנד-עוועניו-טעאַטער | סעקאָנד עוועניו טעאַטער | סעקאנד-עוועניו-טעאַטער | קעסלער סעקאָנד-עוועניו טעאַטער | קעסלער'ס סעקאָנד עוועניו טעאַטער | קעסלער'ס סעקאָנד עוועניו טעאַטער | קעסלערס טעאַטער | קעסלערס טעאַטער | קעסלערס סעקאַנד-עוועניו-טעאַטער | קעסלערס סעקאַנד-עוועניו-טעאַטער | קעסלערס סעקאַנדגעוועניו-טעאַטער | קעסלערס סעקאָנד עוועניו טעאַטער | קעסלערס סעקאָנד עוועניו טעאַטער | קעסלערס סעקאָנד עוועניו-טעאַטער | קעסלערס סעקאָנד עוועניו-טעאַטער | קעסלערס סעקאָנד-עוועניו-טעאַטער | קעסלערס סעקאנד-עוועניו-טעאַטער	אַמעריקע	128	0.692	fuzzy							
ORG-C00635	פּאָבליק-טעאַטער	Theatre	45	פּאָבליק | פּאָבליק-טעאַטער | פאָבליק טעאַטער	ניו יאָרק | ניו יאָָרק | ניו-יאָרק | ניו-יאָרקער | קליוולאַנד | פֿילאַדעלפיע	4טער סטריט | פערטער סטריט | צווייטער עוועניו, 4 סטריט	"4-טע סטריט און סעקאָנד עוועניו | ניו יאָרק | ניו יאָרקער | פּאָבליק טעאַטער | פּאָבליק טעאַטער | פּאָבליק-טעאַטער | פּאָבליק-טעאַטער | פאָבליק | פאָבליק טעאַטער | פאָבליק-טעאַטער | „פּאָבליק טעאַטער“ | „פּאָבליק""-טעאַטער"	אמעריקע | אַמעריקע	600 | 123 | 176 | 616 | 514	0.769 | 0.692 | 0.692 | 0.692 | 0.643	ipa_phonetic | ipa_phonetic | ipa_phonetic | ipa_phonetic | ipa_phonetic	SPLIT		Cluster contains Public Theatre locations in New York, Philadelphia, and Cleveland; requires splitting by settlement despite no direct DB match.			auto_drafter	2026-05-17T17:07:26Z
ORG-C00636	דזשאָלסאָן טעאַטער	Theatre	2	דזשאָלסאָן טעאַטער	ניו-יאָרק		דזשאָלסאָן טעאַטער		252 | 526	0.643 | 0.643	ipa_phonetic | ipa_phonetic							
ORG-C00637	בית-המדרש	Education	10	בית-המדרש	ווין | זוואָניץ | סאָלעטשניק | פּאַגעוועזש		בית-המדרש | בית-מדרש	עסטרייך										
ORG-C00638	פּאָסטערנאַק האָל / פּיפּלס טעאַטער	Theatre	1	פּאָסטערנאַק האָל / פּיפּלס טעאַטער	טאָראַנטאָ		יוניוואוירסיטי און עלעם סטריט	קאנאַדע										
ORG-C00639	סטאַנדאַרט-טעאַטער	Theatre	12	סטאַנדאַרט-טעאַטער	באלטימאָר | טאָראַנטאָ | טאָראָנטאָ | לאָנדאָן		סטאַנדאַרט טעאַטער | סטאַנדאַרט-טעאַטער | סטאַנדאָרט טעאַטער | סטאַנדארט-טעאַטער | סטאנדארט-טעאַטער | סטענדאָרט-טעאַטער | סטענדארט-טעאַטער	ענגלאַנד | קאַנאַדע | קאנאַדע	520 | 526 | 529 | 527 | 528	0.667 | 0.667 | 0.667 | 0.600 | 0.600	ipa_phonetic | ipa_phonetic | ipa_phonetic | ipa_phonetic | ipa_phonetic	SPLIT		Cluster contains Standard Theatre locations in London, Toronto, and Baltimore; must be split by settlement before alignment.			auto_drafter	2026-05-17T17:07:26Z
ORG-C00640	"פּראָפעסיאנעלן טעאַטער (א""ל פֿון כליוונער)"	Theatre	1	"פּראָפעסיאנעלן טעאַטער (א""ל פֿון כליוונער)"														
ORG-C00641	טרופּע „מאַגילאָוו פּאָדאָלסק“	Traveling Company	1	טרופּע „מאַגילאָוו פּאָדאָלסק“														
ORG-C00642	"אָדעסער מיניאַטור-טעאַטער א""ל פֿון דוד קייזעראָוויטש"	Theatre	1	"אָדעסער מיניאַטור-טעאַטער א""ל פֿון דוד קייזעראָוויטש"	אָדעס		מיניאַטור-טעאַטער											
ORG-C00643	ערשטן יידישן מלוכה-טעאַטער	Theatre	7	ערשטן יידישן מלוכה-טעאַטער	אָדעם | אָדעס | ווילנע		ערשטן יידישן מלוכה-טעאַטער		633 | 500 | 505 | 534 | 574	0.889 | 0.800 | 0.800 | 0.786 | 0.781	ipa_phonetic | ipa_phonetic | ipa_phonetic | ipa_phonetic | ipa_phonetic	SPLIT					Bella	2026-05-03T06:46:58Z
ORG-C00644	מיניאַטור-טעאַטער „קאָמעטא“	Theatre	1	מיניאַטור-טעאַטער „קאָמעטא“	אָדעס		מיניאַטור-טעאַטער „קאָמעטא“											
ORG-C00645	באָלגאַראָוו-טעאַטער	Theatre	1	באָלגאַראָוו-טעאַטער	אָדעס		באָלגאַראָוו-טעאַטער		235 | 514 | 552 | 151 | 176	0.667 | 0.667 | 0.667 | 0.600 | 0.600	ipa_phonetic | ipa_phonetic | ipa_phonetic | ipa_phonetic | ipa_phonetic							
ORG-C00646	טרופּעס פֿון פֿרידמאַן, וואָרגאַטש, לאַמפּע	Traveling Company	1	טרופּעס פֿון פֿרידמאַן, וואָרגאַטש, לאַמפּע	כערסאָן													
ORG-C00647	„קאָלעקטיוו פּאָלטאווטשינא“	Traveling Company	1	„קאָלעקטיוו פּאָלטאווטשינא“														
ORG-C00648	קאָלעקטיוו מיטן גאַסטראָלירנדיקן יוליוס אַדלער	Traveling Company	1	קאָלעקטיוו מיטן גאַסטראָלירנדיקן יוליוס אַדלער														
ORG-C00649	טעאַטער פֿון קליינע פֿאָרמעס	Theatre	1	טעאַטער פֿון קליינע פֿאָרמעס														
ORG-C00650	כאַרקאָווער 'געזקולט'	Theatre	2	כאַרקאָווער 'געזקולט'	כאַרקאָוו | כאַרקאָווער													
ORG-C00651	יעקב בערלין	Traveling Company	1	יעקב בערלין	סט.לואיס													
ORG-C00652	נעלי קעסמאַנ'ס און ש. שטיינבערג'ס טרופּע	Traveling Company	1	נעלי קעסמאַנ'ס און ש. שטיינבערג'ס טרופּע														
ORG-C00653	לאסאל טעאַטער	Theatre	1	לאסאל טעאַטער					627 | 526 | 514 | 520 | 252	0.692 | 0.667 | 0.643 | 0.643 | 0.615	ipa_phonetic | ipa_phonetic | ipa_phonetic | ipa_phonetic | ipa_phonetic							
ORG-C00654	12 סטריט טעאַטער	Theatre	1	12 סטריט טעאַטער	שיקאַגאָ				513 | 577	0.632 | 0.600	ipa_phonetic | ipa_phonetic							
ORG-C00655	מאָנומענט נעשאָנאַל טעאַטער	Theatre	8	מאַנומענט נעכאָנאַל טעאַטער | מאָנומענט נעשאָנאַל טעאַטער	מאָנטרעאַל | מאָנטרעאָל | מאנטרעאָל		מאַנומענט נעכאָנאַל טעאַטער | מאַנומענט-נעשאָנאַל-טעאָטער | מאָנומענט געשאָנאַל טעאַטער | מאָנומענט נעשאָנאַל טעאַטער | מאָנומענט-נעשאַנאַל-טעאַטער | מאָנומענט-נעשאָנאַל טעאַטער	קאַנאַדע										
ORG-C00656	סוירקל טעאַטער	Theatre	6	סוירקל טעאַטער	דעטראָיט	העיסטינגס סטריט	סוירקל-טעאַטער | סוירקל-טעאטער		631 | 176 | 263 | 560 | 600	0.692 | 0.615 | 0.615 | 0.615 | 0.615	ipa_phonetic | ipa_phonetic | ipa_phonetic | ipa_phonetic | ipa_phonetic							
ORG-C00657	אייבי'ס אייריש ראָוז	Theatre	3	אייבי'ס אייריש ראָוז | אייבים אייריש ראָוז														
ORG-C00658	סטריט סין	Traveling Company	1	סטריט סין														
ORG-C00659	חזן אַברהם אָשר	Musical organization	1	חזן אַברהם אָשר	גאַלאַץ													
ORG-C00660	סאלאָנען פֿון שלום שייקעלעס, דיק און אַנדערע	Theatre	1	סאלאָנען פֿון שלום שייקעלעס, דיק און אַנדערע	ניו יאָרק		איסט סייד											
ORG-C00661	ראָיאַל-טעאַטער	Theatre	11	ראָיאַל-טעאַטער	דעטראָיט | דרום-אפריקע | יאָהאַניסבורג | יאָהאָניסבורג | לידז | ניו יאָרק | קליוולענד	דילענסי	"ראָיאַל טעאַטער | ראָיאַל-טעאַטער | ראָיאַל-טעאַטער | ראָיאָל | ראָיאָל טעאַטער | „ראָיאַל""-טעאַטער"	דרום-אפריקע | ענגלאַנד	124 | 526 | 514 | 527 | 528	0.750 | 0.750 | 0.714 | 0.714 | 0.667	ipa_phonetic | ipa_phonetic | ipa_phonetic | ipa_phonetic | ipa_phonetic	SPLIT		Cluster spans distinct locations (Detroit, Johannesburg, Leeds, NYC) with a common name; no single candidate matches.			auto_drafter	2026-05-17T17:07:26Z
ORG-C00662	פּרימאַר-שול	Education	2	פּרימאַר-שול														
ORG-C00663	זשיגניצע	Theatre	17	זשיגניצע	בוקאַרעסט | בוקאַרעשט | בוקאָרעסט		"זשיגניצא | זשיגניצאַ | זשיגניצאָ | זשיגניצע | טעאַטער „זשיגניצע״ | „זשיגניצאַ"" | „זשיגניצע“"	רומעניע										
ORG-C00664	יאָזעף קעסלער	Traveling Company	17	טרופּע פֿון יאָזעף קעסלער | יאָזעף קעסלער | יאָזעף קעסלערס טרופּע	לאָנדאָן | פּאַריז | פּאָריז | שיקאָגאַ		ענגלאַנד	ענגלאַנד	617	0.909	fuzzy	NEW	617				Bella	2026-05-15T11:20:28Z
ORG-C00665	אַמעריקען טעאַטער	Theatre	3	אַמעריקען טעאַטער	ניו יאָרק | פֿילאָדעלפיע | פֿילאדעלפֿיער	בראַנקס	אָמעריקען-טעאַטער | „אַמעריקען טעאַטער“		622 | 252 | 630 | 176 | 263	0.733 | 0.667 | 0.667 | 0.600 | 0.600	ipa_phonetic | ipa_phonetic | ipa_phonetic | ipa_phonetic | ipa_phonetic	SPLIT		Cluster contains 'American Theatre' locations in both New York (Bronx) and Philadelphia, which are distinct historical entities.			auto_drafter	2026-05-17T17:07:26Z
ORG-C00666	ליטמאַנס פּיפּלס טעאַטער	Theatre	5	ליטמאַנס פּיפּלס טעאַטער	דעטראָיט | דעטראיט	12 און סוארד סטריט	"ליטמאַנס פּיפּלס טעאַטער | ליטמאַנס פּיפּלס טעאַטער | ליטמאַנס פּיפּלס-טעאַטער | ליטמאַנ׳ס „פּיפּלס טעאַטער“ | „פּיפּלס""-טעאַטער"	אַמעריקע	325	0.615	ipa_phonetic							
ORG-C00667	„פּראָיעקט טעאַטער“	Theatre	1	„פּראָיעקט טעאַטער“														
ORG-C00668	טעאַטער זשיגניצע	Theatre	3	טעאַטער זשיגניצע	בוקאַרעסט | בוקאַרעשט	סטראַדאַ נעגרא וואָדא נומער 10	זשיגניצא | זשיגניצע טעאַטער | טעאַטער זשיגניצע	רומעניע	173	0.600	ipa_phonetic							
ORG-C00669	מרדכי סעגאלעסקאָ'ס טרופּע	Traveling Company	1	מרדכי סעגאלעסקאָ'ס טרופּע					337	0.609	ipa_phonetic							
ORG-C00670	סעגאַלעסקאָס טרופּע	Traveling Company	9	כעגאָלעסקאַס טרופּע | סעגאַלעסקאָס טרופּע	וואָסלויאי | יאָסי | פאַלטיטשען			רומעניע	337 | 378 | 533 | 376 | 459	0.812 | 0.625 | 0.625 | 0.625 | 0.625	ipa_phonetic | ipa_phonetic | ipa_phonetic | ipa_phonetic | ipa_phonetic							
ORG-C00671	אויסגאָבע אווטאָרן	Publisher	2	אויסגאָבע אווטאָרן	מינסק		אויסגאָבע אווטאָרן											
ORG-C00672	קאַמינסקי-טעאַטער	Theatre	29	קאַמינסקי-טעאַטער | קאָמינסקי-טעאַטער אין וואַרשע	וואַרשע | וואָרשע	אָבאָזשנאַ 1-3 | אָבאָזשנע גאַס	קאַמינסקי טעאַטער | קאַמינסקי טעאַטער | קאַמינסקי-טעאַטער | קאַמינסקי-טעאַטער | קאָמינסקי-טעאַטער | קאָמינסקי-טעאַטער | קאמינסקי-טעאַטער | „קאַמינסקי טעאַטער“	פּוילן	555 | 616 | 296 | 124 | 176	0.667 | 0.667 | 0.667 | 0.600 | 0.600	ipa_phonetic | ipa_phonetic | ipa_phonetic | ipa_phonetic | ipa_phonetic	ALIGN	147				Sinai	2026-05-18T10:30:24Z
ORG-C00673	פנקס	Journals/ Newspapers	1	פנקס	ווילנע													
ORG-C00674	צעזאָר גרינבערג'ס יידישער דראַמאַטישער שול	Education	1	צעזאָר גרינבערג'ס יידישער דראַמאַטישער שול														
ORG-C00675	"באַלטימאָרער „פאָלי טעאַטער"""	Theatre	1	"באַלטימאָרער „פאָלי טעאַטער"""	באַלטימאָר		"באַלטימאָרער „פאָלי טעאַטער"""											
ORG-C00676	אַנשל שאָר	Traveling Company	3	אַנשל שאָר	פילאַדעלפיע | פֿילאַדעלפיע | פֿילאדעלפיע													
ORG-C00677	עליאָס גליקמאַן	Traveling Company	10	עליאַס גליקמאַןס טרופּע | עליאָס גליקמאַן | עליאָס גליקמאַן אין שיקאַגאַ	שיקאַגאַ | שיקאַגאָ | שיקאַגע | שיקאָנאַ		עליאָס גליקמאַן											
ORG-C00678	דזשוליוס נאַטאַנסאָן	Traveling Company	3	דזשוליוס נאַטאַנסאָן | דזשוליוס נאָטאָנסאָן אין כאָסטאָן	באָסטאָן | כאָסטאָן													
ORG-C00679	עדעלשטיין	Theatre	2	עדעלשטיין	ניו יאָרק		סעקאָנד עוועניו											
ORG-C00680	דאָראַ ווייסמאַן און אנשל שאָר	Traveling Company	1	דאָראַ ווייסמאַן און אנשל שאָר				אָרגענטינע										
ORG-C00681	מאָריס שוואַרצס קונסט-טעאַטער	Traveling Company	5	מאָריס שוואַרצס קונסט-טעאַטער	ניו יאָרק			USA										
ORG-C00682	סעקאָנד עוועניו טעאַטער	Theatre	90	סעקאָנד עוועניו | סעקאָנד עוועניו טעאַטער	New York | ניו יאָרק | ניו יארק | ניו יאָָרק | ניו-יאָרק | ניו-יאָרקער | ניואַרק	Second Avenue | סעקאָנד עוועניו	"Second Avenue Theater | אַמעריקע | ניו יאָרקער סעקאָנד עוועניו טעאַטער | סעקאַנד עוועניו-טעאַטער | סעקאַנד-עוועניו-טעאַטער | סעקאַנד-עוועניו-טעאַטער | סעקאַנד-עוועניוטעאַטער | סעקאָנד עוועניו | סעקאָנד עוועניו טאַטער | סעקאָנד עוועניו טעאַטער | סעקאָנד עוועניו טעאַטער | סעקאָנד עוועניו-טעאַטער | סעקאָנד עוועניו-טעאָטער | סעקאָנד-עוועניו טעאַטער | סעקאָנד-עוועניו-טעאַטער | סעקאָנד-עוועניו-טעאָטער | סעקאָנד-עוועניו-טעאטער | סעקאָנד-עוועניו-טעאַטער | רוף-גאַרדן | רוף-גאָרדען | רוף-גארדן פֿון סעקאַנד-עוועניו-טעאַטער | „סעקאָנד עוועניו טעאַטער“ | „סעקאָנד עוועניו""-טעאַטער"	USA | אַמעריקע | אמעריקע	128	1.000	exact	ALIGN	128				Sinai	2026-05-11T21:36:18Z
ORG-C00683	פאַרקוועי טעאַטער	Theatre	14	פאַרקוויי טעאַטערס | פאַרקוועי טעאַטער	ברוקלין		"ברוקלינער „פאַרקוועי""-טעאַטער | פאַרקוועי טעאַטער | פאַרקוועי-טעאַטער"		252 | 600 | 622 | 630 | 426	0.714 | 0.714 | 0.643 | 0.643 | 0.643	ipa_phonetic | ipa_phonetic | ipa_phonetic | ipa_phonetic | ipa_phonetic							
ORG-C00684	גרענד-טעאַטער	Theatre	49	גרענד-טעאַטער	ניו יאָרק | ניו יארק | ניו-יאָרק | ניוּ-יאָרק	גרענד סטריט	"גרענד טעאַטער | גרענד טעאַטער | גרענד-טעאַטער | גרענד-טעאַטער | גרענדטעאַטער | גרענד⸗טעאַטער | „גרענד טעאַטער“ | „גרענד""-טעאַטער"	אַמעריקע | יו. עס. איי. | אַמעריקע	528 | 124 | 552 | 556 | 611	0.917 | 0.750 | 0.750 | 0.750 | 0.750	ipa_phonetic | ipa_phonetic | ipa_phonetic | ipa_phonetic | ipa_phonetic	ALIGN	115				Sinai	2026-05-18T04:59:04Z
ORG-C00685	פּוילישער באַנדע	Traveling Company	1	פּוילישער באַנדע			איבער אַמעריקע	יו. עס. איי.										
ORG-C00686	יו. עס. א. קעמפּ שאוס קאָמפּאני	Traveling Company	1	יו. עס. א. קעמפּ שאוס קאָמפּאני			איבער אַמעריקע	יו. עס. איי.										
ORG-C00687	אָרלאָווסקי'ס וואָקאַלדראַמאַטישע קורסן	Education	1	אָרלאָווסקי'ס וואָקאַלדראַמאַטישע קורסן	קיעוו													
ORG-C00688	רוסישער טרופּע פֿון גאָרסקי	Traveling Company	1	רוסישער טרופּע פֿון גאָרסקי														
ORG-C00689	שאַראָוונער'ס טרופּעס	Traveling Company	1	שאַראָוונער'ס טרופּעס				רוסלאַנד	629 | 521 | 43 | 395 | 182	1.000 | 0.733 | 0.706 | 0.667 | 0.647	exact | ipa_phonetic | ipa_phonetic | ipa_phonetic | ipa_phonetic	ALIGN	629				Sinai	2026-05-17T11:41:52Z
ORG-C00690	רוסישע שטאָט-שול	Education	2	רוסישע שטאָט-שול	באָלטע													
ORG-C00691	אידישע אַרבייטער וועלט	Journals/ Newspapers	6	אידישע אַרבייטער וועלט | די אידישע אַרבייטער-וועלט	שיקאַגאָ | שיקאַגע | שיקאַגער | שיקאָגער		שיקאָגער	אַמעריקע										
ORG-C00692	אידישער קוריער	Journals/ Newspapers	5	אידישער קוריער | דער אידישער קוריער	שיקאַגאָ | שיקאָגאָ													
ORG-C00693	אידישער קעמפער	Journals/ Newspapers	6	אידישער קעמפער | דער אידישער קעמפּפער	פֿילאָדעלפֿיע													
ORG-C00694	גערטנער'ס פּאַוויליאָן-טעאַטער	Theatre	2	גערטנער'ס פּאַוויליאָן-טעאַטער | גערטנערס פאַוויליאָן-טעאַטער	שיקאַגאָ													
ORG-C00695	פּעטערבורגער קאָנסערוואַטאָריע	Education	7	פּעטערבורגער קאָנסערוואַטאָריע	פּעטערבורג		פּעטערבורגער קאָנסערוואַטאָריע	רוסלאַנד										
ORG-C00696	מאָסקווער גרויסן אָפּערע-הויז	Theatre	1	מאָסקווער גרויסן אָפּערע-הויז	מאָסקווער		מאָסקווער גרויסן אָפּערע-הויז											
ORG-C00697	"מאָסקווער „פּערסימפאָניע"""	Traveling Company	1	"מאָסקווער „פּערסימפאָניע"""	מאָסקווער		"מאָסקווער „פּערסימפאָניע"""											
ORG-C00698	דאָס גראָסע וואַנדער טעאַטער פֿון וואַרשע	Theatre	1	דאָס גראָסע וואַנדער טעאַטער פֿון וואַרשע	קוטנע													
ORG-C00699	פּיאַט	Theatre	5	פּיאַט	פּאַריז | פאַריז			פראַנקרייך | פֿראַנקרייך										
ORG-C00700	סט. דזשאָנס יוניוווירסיטי	Education	1	סט. דזשאָנס יוניוווירסיטי	ניו-יאָרק		סט. דזשאָנס יוניוווירסיטי											
ORG-C00701	ביבליאָטעק ביי דער יוניע	Library	1	ביבליאָטעק ביי דער יוניע														
ORG-C00702	לעקסיקאָן פון יידישן טעאַטער	Publisher	38	"לעקסיקאָן פון יידישן טעאַטער | קאָמיטעט פון „לעקסיקאָן פון יידישן טעאַטער“ | קאָמיטעט פֿון „לעקסיקאָן פון יידישן טעאַטער"""					310	1.000	exact	ALIGN	310				Sinai	2026-05-11T21:37:10Z
ORG-C00703	פֿאָלקס פֿאַרבאַנד קונסט-טעאַטער	Theatre	1	פֿאָלקס פֿאַרבאַנד קונסט-טעאַטער														
ORG-C00704	בית-המדרש אויף וואָדיאַנקאַ	Education	1	בית-המדרש אויף וואָדיאַנקאַ	קיעוו	וואָדיאַנקאַ	בית-המדרש											
ORG-C00705	רוסישן „אינטימען טעאַטער“	Theatre	1	רוסישן „אינטימען טעאַטער“														
ORG-C00706	זינגער-פֿאַראיין	Musical organization	1	זינגער-פֿאַראיין														
ORG-C00707	כאָר-שול אין פּעטערבורג	Religious institutions/organizations	1	כאָר-שול אין פּעטערבורג	פּעטערבורג		כאָר-שול											
ORG-C00708	שיקאַגער קאָנצערט-ביוראָ	Musical organization	1	שיקאַגער קאָנצערט-ביוראָ	שיקאַגער		קאָנצערט-ביוראָ	פֿאַראייניקטע שטאטן פֿון אַמעריקע										
ORG-C00709	אָדעסער ישיבה	Education	4	אָדעסער ישיבה	אָדעס		אָדעסער ישיבה											
ORG-C00710	העברעישן קרייז אין אָדעס	Theatre-related Society/ Union	1	העברעישן קרייז אין אָדעס	אָדעס													
ORG-C00711	הפרחים	Journals/ Newspapers	2	הפרחים														
ORG-C00712	מולדת	Journals/ Newspapers	1	מולדת					15	0.600	ipa_phonetic							
ORG-C00713	אוקראַאינישן מלוכה-פֿאַרלאָג פֿאַר נאַציאָנאַלע מינדערהייטן	Publisher	1	אוקראַאינישן מלוכה-פֿאַרלאָג פֿאַר נאַציאָנאַלע מינדערהייטן	בערדיטשעוו													
ORG-C00714	באָלשאָי טעאַטר	Theatre	1	באָלשאָי טעאַטר	מאָסקווע		באָלשאָי טעאַטר											
ORG-C00715	זשאַרגאָנישע קאָמיטעטן	Theatre	1	זשאַרגאָנישע קאָמיטעטן			רוסישער פּראָווינץ	רוסלאַנד										
ORG-C00716	צייט-גייסט	Journals/ Newspapers	3	צייט-גייסט	בערלין													
ORG-C00717	די אידישע וואָכענשריפט	Journals/ Newspapers	2	די אידישע וואָכענשריפט | יידישע וואָכענשריפט	ווין													
ORG-C00718	יידיש נאַציאָנאַלן אַרבעטער-פֿאַרבאַנד	Jewish political bodies	29	יידיש נאַציאָנאַלן אַרבעטער פֿאַרבאַנד אין לאָס אַנדזשעלעס | יידיש נאַציאָנאַלן אַרבעטער-פֿאַרבאַנד | יידיש נאַציאָנאָלן אַרבעטער פֿאַרבאַנד (ברענטש 430) | יידיש-נאַציאָנאַלן אַרבעסער פֿאַרבאַנד | יידישן נאַציאָנאַלן אַרבעטער פאַרבאַנד | יידישן נאַציאָנאַלן אַרבעטעראַ פֿאַרבאַנד	דעטראָיט | טאָראַנטאָ | לאָס אַנדזשעלעס | ניו-יאָרק | ניו-יאָרק | שיקאַגאָ		אַרלאָזאראָוו-צווייג | יידיש נאַציאָנאַלן אַרבעטער-פֿאַרבאַנד | יידישן נאַציאָנאַלן אַרבעטער-פאַרבאַנד	אַמעריקע | אמעריקע										
ORG-C00719	פּועלי ציון-צעירי ציון	Jewish political bodies	1	פּועלי ציון-צעירי ציון														
ORG-C00720	יידישן פּען-קלוב	Theatre-related Society/ Union	3	יידישן פּען-קלוב	פּראַגע		יידישן אַקאַדעמישן הויז											
ORG-C00721	דראַמאַטישער געזעלשאַפֿט	Theatre	2	דראַמאַטישע געזעלשאָפט | דראַמאַטישער געזעלשאַפֿט	דעטראיט				606 | 446	0.621 | 0.609	ipa_phonetic | ipa_phonetic							
ORG-C00722	אונזער טעאַטער	Theatre	24	אונזדער טעאַטער | אונזער טעאַטער	בראַנקס | בראנקס | ווילנע | לאָדז | ניו יאָרק | ניו יאָרקער	באַסטאָן ראָוד און 180טע סטריט	אונזער טעאַטער | אונזער טעאַטער | לייבאָר טעמפּל | אַמעריקע	אַמעריקע | אַמעריקע	426 | 577 | 560 | 627 | 630	1.000 | 0.769 | 0.692 | 0.692 | 0.692	exact | ipa_phonetic | ipa_phonetic | ipa_phonetic | ipa_phonetic	ALIGN	426				Bella	2026-04-19T07:15:56Z
ORG-C00723	בערלין	Education	1	בערלין	בערלין													
ORG-C00724	פּאַריזער סאַרבאָנע	Education	2	פּאַריזער סאַרבאָנע	פּאַריז | פאַריז		פּאַריזער סאַרבאָנע											
ORG-C00725	פאַרלאַג ב. שימין	Publisher	2	פאַרלאַג ב. שימין	וואַרשע													
ORG-C00726	דראַמאַטישע קונסט	Traveling Company	14	דראַמאַטישע קונסט	לאָדזש | לאָנדאָן | לאָדזש | פּאַביאַניץ		דראַמאַטישע קונסט | דראָמאַטישע קונסט											
ORG-C00727	אַרטיסטן-פאַריין	Theatre-related Society/ Union	17	אַרטיסטן-פאַריין | אַרטיסטן-פֿאַראיין | אָרטיסטן-פֿאַריין	וואַרשע | כאַרקאָוו | כערסאָן | לעמבערג | לעמבערנ		אַרטיסטן-פֿאַריין | אַרטיסטן-פֿאַריין	פּוילן	496	0.786	ipa_phonetic	SPLIT		Generic name for actors' unions across multiple cities (Warsaw, Kharkov, Lemberg); needs splitting by location.			auto_drafter	2026-05-17T17:07:26Z
ORG-C00728	מלוכה'ש דראַמאַטיש טעאַטער	Theatre	1	מלוכה'ש דראַמאַטיש טעאַטער	זינאָוויאָווסק													
ORG-C00729	געזקולט	Theatre	4	געזקולט														
ORG-C00730	טיוג	Theatre	1	טיוג	קיעוו													
ORG-C00731	ציפקוס און ליפּאָווסקי	Traveling Company	1	ציפקוס און ליפּאָווסקי														
ORG-C00732	זיגלער	Traveling Company	10	זיגלער | זיגלער טרופּע	ווין													
ORG-C00733	מאָריס אַקסעלראָד	Traveling Company	3	טרופּע פֿון מאָריס אַקסעלראָד | מאָריס אַקסעלראָד	פּאַריז			אַרגענטינע | פראַנקרייך										
ORG-C00734	פּרץ טעאַטער	Theatre	4	פּרץ טעאַטער	פּאַריז | פּאָרין			פראַנקרייך | פֿראַנקרייך	123 | 263 | 616 | 529 | 560	0.727 | 0.692 | 0.667 | 0.636 | 0.636	ipa_phonetic | ipa_phonetic | ipa_phonetic | ipa_phonetic | ipa_phonetic							
ORG-C00735	גאָלדענבערג	Traveling Company	1	גאָלדענבערג	בוקאַרעשט			רומעניע										
ORG-C00736	אַשכנזי	Traveling Company	11	אַשכנזי | טרופּע פֿון אַשכנזי	וואַרשע | יאַסי | יאָס | יאָסי		אַשכנזי | רומעניע	רומעניע										
ORG-C00737	פיקאָן און זילבערט	Traveling Company	1	פיקאָן און זילבערט														
ORG-C00738	בּיי זשיטאָמירסקי	Traveling Company	4	בּיי זשיטאָמירסקי | ביי זשיטאָמירסקי	מאָסקווע													
ORG-C00739	ענגלישע וואָדעוויל-טעאַטערס	Theatre	1	ענגלישע וואָדעוויל-טעאַטערס														
ORG-C00740	פּאָבליק-סקול	Education	69	פּאָבליק-סקול	אָמעריקע | אמעריקע | לאָנדאָן | ניו יאָרק | ניו-יאָרק | סינסינעטי | פילאַדעלפיע | פילאדעלפיע | קליוולאַנד | שיקאָגאָ | פֿילאָדעלפיע		פּאָבליק סקול | פּאָבליק-סקול | פּאָבליק-סקנל	אַמעריקע				DESCRIPTIVE					Sinai	2026-05-18T04:18:24Z
ORG-C00741	האָי-סקול	Education	27	האָי-סקול	ניו יאָרק | סינסינעטי | שיקאָגאָ		האָי סקול | האָי-סקול	אַמעריקע										
ORG-C00742	"""אָרפעאום""-טעאַטער"	Theatre	3	"""אָרפעאום""-טעאַטער"	באָסטאָן | ניואַרק	1125-טע סטריט | 125 סטריט	"""אָרפעאום""-טעאַטער | אָרפעאום טעאַטער | אָרפעאום-טעאַטער"		237 | 514	0.625 | 0.625	ipa_phonetic | ipa_phonetic	SPLIT		Cluster contains Orpheum theaters in distinct cities (Boston, Newark, and NYC 125th St) which are separate entities.			auto_drafter	2026-05-17T17:07:26Z
ORG-C00743	"טעאַטער „דע לאַנקרי"""	Theatre	1	"טעאַטער „דע לאַנקרי"""	פּאַריז		"טעאַטער „דע לאַנקרי"""	פֿראַנקרייך										
ORG-C00744	'ראָזמאַאיטאָשטשי'	Theatre	2	'ראָזמאַאיטאָשטשי'	לאָדזש | ראַדאָם		"„ראָזמאַאיטאשטשי"""	פּוילן										
ORG-C00745	ראָלאַנד-בינע	Theatre	3	ראָלאַנד-בינע	ווין	פּראָטער שטראסע	"„ראָלאַנד בינע"""	עסטרייך										
ORG-C00746	גרין פֿילם-געזעלשאפֿט	Publisher	1	גרין פֿילם-געזעלשאפֿט														
ORG-C00747	"""בירגער טעאַטער“"	Theatre	1	"""בירגער טעאַטער“"	ווין		"""בירגער טעאַטער“"	עסטרייך	630 | 252 | 489 | 577 | 627	0.733 | 0.600 | 0.600 | 0.600 | 0.600	ipa_phonetic | ipa_phonetic | ipa_phonetic | ipa_phonetic | ipa_phonetic							
ORG-C00748	מאדזשעסטיק-טעאַטער	Theatre	2	מאדזשעסטיק-טעאַטער	ברוקלין | דעטראיט		„מאדזשעסטיק טעאַטער״		536 | 604 | 520 | 553 | 616	0.688 | 0.632 | 0.625 | 0.625 | 0.625	ipa_phonetic | ipa_phonetic | ipa_phonetic | ipa_phonetic | ipa_phonetic	SPLIT		Cluster contains Majestic Theatre locations in both Brooklyn and Detroit; these are distinct venues, not a traveling troupe.			auto_drafter	2026-05-17T17:07:26Z
ORG-C00749	„דער אַמעריקאַנער“	Journals/ Newspapers	3	„דער אַמעריקאַנער“														
ORG-C00750	„טעאַטער-העפטן“	Journals/ Newspapers	1	„טעאַטער-העפטן“														
ORG-C00751	גוזיקס טרופּע	Traveling Company	9	גוזיקס טרופּע	אָדעס | קאָוונע | קיעוו | ראָמען		רוסלאַנד	רוסלאַנד	264 | 486 | 337 | 254	1.000 | 0.833 | 0.625 | 0.615	exact | ipa_phonetic | ipa_phonetic | ipa_phonetic	ALIGN	264	יש שני מזהים - השני מיותר			Bella	2026-04-26T09:19:48Z
ORG-C00752	אונזער ווינקל	Theatre	22	אונזער ווינקל	גראָדנע | חיפה | כאַרקאָוו | כאַרקאָווער | כאָרקאָוו | מינסק | קיעוו | תל-אביב		אונזער ווינקל | באַראַק פֿון פּועלי ציוניסטישן קלוב | טעראַסע פֿון אַ הויז | כאַרקאָווער „אונזער ווינקל“ | קיעווער „אונזער ווינקל“	אוקראַינע | רוסלאַנד				ALIGN	427				Sinai	2026-05-18T10:30:55Z
ORG-C00753	שלום-עליכם-סטוּדיע	Education	3	די שלום-עליכם-סטודיאָ | שלום-עליכם-סטוּדיע	מאָסקווע | מאָסקווער													
ORG-C00754	שפּינוועבס	Theatre	1	שפּינוועבס	מינסקער													
ORG-C00755	וואַרשעווער קאָנסערוואַטאָריע	Education	12	וואַרשעווער קאָנסערוואַטאָריע	וואַרשע		וואַרשעווער קאָנסערוואַטאָריע | קאָנסערוואַטאָריע	פּויליש-ליטע | פּוילן										
ORG-C00756	יידישן לערער-אינסטיטוט	Education	3	יידישן לערער-אינסטיטוט | יידישן לערער-אינסטיטוט אין ווילנע	ווילנע													
ORG-C00757	ערשטן יידישן געזאַנג-פֿאַראיין	Musical organization	1	ערשטן יידישן געזאַנג-פֿאַראיין	ווילנע													
ORG-C00758	ווילנער קאָנצערט-זאַל	Theatre	1	ווילנער קאָנצערט-זאַל	ווילנע		ווילנער קאָנצערט-זאַל											
ORG-C00759	"ליטעראַריש-דראַמאַטישן קרייז ביים ""בונד"""	Amateur	1	"ליטעראַריש-דראַמאַטישן קרייז ביים ""בונד"""	ווילנע													
ORG-C00760	ווילנער יידיש וויסנשאַפֿטלעך-ליטעראַרישן קרייז	Theatre-related Society/ Union	1	ווילנער יידיש וויסנשאַפֿטלעך-ליטעראַרישן קרייז	ווילנע													
ORG-C00761	וויטעבסקער רוסישן שטאָטישן טעאַטער	Theatre	1	וויטעבסקער רוסישן שטאָטישן טעאַטער	וויטעבסק		וויטעבסקער רוסישן שטאָטישן טעאַטער											
ORG-C00762	בראָנקסער מעקינלי-סקווער טעאַטער	Theatre	3	בראָנקסער מעקינלי-סקווער טעאַטער | בראנקסער מעקינלי סקווער טעאַטער	בראָנקס | בראנקס		בראנקסער מעקינלי סקווער טעאַטער | מעקינלי-סקווער טעאַטער											
ORG-C00763	שיקאַגאָער ״8 סטר. טעאַטער“	Theatre	1	שיקאַגאָער ״8 סטר. טעאַטער“	שיקאַגאָ		8 סטר. טעאַטער											
ORG-C00764	טאָראָנטאָער „ספּעדיינא קאָנצערט האָל“	Theatre	1	טאָראָנטאָער „ספּעדיינא קאָנצערט האָל“	טאָראָנטאָ		ספּעדיינא קאָנצערט האָל											
ORG-C00765	קליוולאַנדער „מאַנהעטן טעאַטער“	Theatre	1	קליוולאַנדער „מאַנהעטן טעאַטער“	קליוולאַנד		מאַנהעטן טעאַטער											
ORG-C00766	"ניו יאָרקער „דזשאָלסאָן טעאַטער"""	Theatre	1	"ניו יאָרקער „דזשאָלסאָן טעאַטער"""	ניו יאָרק		דזשאָלסאָן טעאַטער		615	0.600	ipa_phonetic							
ORG-C00767	קאָנשטאָטס שול	Education	9	קאָנשטאָטס שול	לאָדזש | לאָדזש		קאָנשטאָטס שול	פּוילן										
ORG-C00768	מיטל-שול	Education	2	מיטל-שול	מינסק													
ORG-C00769	לאַנדויס טעאַטער	Theatre	1	לאַנדויס טעאַטער	פּיטסבורג		לאַנדויס טעאַטער	אַמעריקע	520 | 252 | 263 | 278 | 616	0.786 | 0.643 | 0.643 | 0.643 | 0.643	ipa_phonetic | ipa_phonetic | ipa_phonetic | ipa_phonetic | ipa_phonetic							
ORG-C00770	עלווינגס מעטראָפּאָליטאן טעאַטער	Theatre	2	עלוווינגס מעטראָפּאָליטאָן-טעאַטער | עלווינגס מעטראָפּאָליטאן טעאַטער	נואָרק | ניו-יאָרק		עלוווינגס מעטראָפּאָליטאָן-טעאַטער | עלווינגס מעטראָפּאָליטאן טעאַטער	אַמעריקע	236	0.643	ipa_phonetic							
ORG-C00771	פּראַגער כאָר-שול	Education	1	פּראַגער כאָר-שול	וואַרשע		פּראַגער כאָר-שול	פּוילן										
ORG-C00772	וואַרשעווער כאָרשול אויף טלאָמאצקע	Education	1	וואַרשעווער כאָרשול אויף טלאָמאצקע	וואַרשע	טלאָמאַצקע	וואַרשעווער כאָרשול	פּוילן										
ORG-C00773	טעאַטער אַרגענטינע	Theatre	3	טעאַטער אַרגענטינע	בוענאָס איירעס | בוענאָס-איירעס		טעאַטער אַרגענטינא | טעאַטער אַרגענטינע	אַרגענטינע										
ORG-C00774	טעאַטער אַמבאַ	Theatre	3	טעאַטער אַמבאַ	בוענאָס איירעס | בוענאָס-איירעס		טעאַטער אַמבאַ | טעאַטער „אַמבאַ“	אַרגענטינע	581 | 475 | 173 | 491	0.769 | 0.733 | 0.643 | 0.625	ipa_phonetic | ipa_phonetic | ipa_phonetic | ipa_phonetic							
ORG-C00775	טעאַטער קאָלאָסעאום	Theatre	1	טעאַטער קאָלאָסעאום					581	0.625	ipa_phonetic							
ORG-C00776	יידישן אַקטיאָרן-פֿאַראיין	Theatre-related Society/ Union	8	יידישן אַקטיאָרן פֿאַראיין אין אַרגענטינע | יידישן אַקטיאָרן-פאַראיין אין ווין | יידישן אַקטיאָרן-פֿאַראיין | יידישן אָקטיאָרן-פֿאַריין אין ווין	ווין | לאָדזש | לאָס אַנדזשעלעס		יידישן אַקטיאָרן-פֿאַראיין	אַרגענטינע | אָרגענטינע | עסטרייך	496	0.636	ipa_phonetic	SPLIT		Cluster contains distinct actors' unions from different countries (Argentina and Austria/Vienna) which should be separate entities.			auto_drafter	2026-05-17T17:07:26Z
ORG-C00777	יידישער אַקטיאָרן-היים	Welfare/Aid organization	1	יידישער אַקטיאָרן-היים														
ORG-C00778	שול-כאָר	Musical organization	1	שול-כאָר	ביאַליסטאָק			פּוילן										
ORG-C00779	"ביאליסטאָקער „קונסט-ווינקל"""	Theatre	1	"ביאליסטאָקער „קונסט-ווינקל"""	ביאַליסטאָק													
ORG-C00780	"קאָוונער „פֿאָלקסטעאַטער"""	Theatre	2	"קאָוונער „פֿאָלקסטעאַטער"""	קאָוונע		פֿאָלקס-טעאַטער	ליטע	604	0.600	ipa_phonetic							
ORG-C00781	פֿאַראייניקטע דראַמאַטישע טרופּע פֿון ליטע	Traveling Company	1	פֿאַראייניקטע דראַמאַטישע טרופּע פֿון ליטע	קאָוונע			ליטע										
ORG-C00782	ניו-יאָרקער „אונזער טעאַטער“	Theatre	1	ניו-יאָרקער „אונזער טעאַטער“	ניו-יאָרק													
ORG-C00783	יידישן אַנסאַמבל קונסט-טעאַטער	Theatre	4	יידישן אַנסאַמבל קונסט-טעאַטער	אַמעריקע | ניו-יאָרק		יידישן אַנסאַמבּל-קוּנסט-טעאַטער											
ORG-C00784	יידישער נאַציאָנאַלער אַרבעטער-פֿאַרבאַנד	Jewish political bodies	1	יידישער נאַציאָנאַלער אַרבעטער-פֿאַרבאַנד														
ORG-C00785	יידישע קליין-קונסט-וואַנדער-טעאַטער	Traveling Company	1	יידישע קליין-קונסט-וואַנדער-טעאַטער														
ORG-C00786	קאָוונער מאריאנסקי-גימנאַזיע	Education	1	קאָוונער מאריאנסקי-גימנאַזיע	קאָוונע			ליטע										
ORG-C00787	קאָוונער יידישן דראַמאַטישן פֿאַראיין	Theatre	1	קאָוונער יידישן דראַמאַטישן פֿאַראיין	קאָוונע				576	0.647	ipa_phonetic							
ORG-C00788	קאָוונער דראַמאַטישער סטודיע	Education	1	קאָוונער דראַמאַטישער סטודיע	קאָוונע													
ORG-C00789	ליפּאָווסקיס פֿאָלקס-טעאַטער	Theatre	2	ליפּאָווסקיס פֿאָלקס-טעאַטער					570 | 608 | 494	0.696 | 0.636 | 0.600	ipa_phonetic | ipa_phonetic | ipa_phonetic							
ORG-C00790	ערשטע יידישע פֿאַראייניקטע דראַמאַטישע טרופּע	Traveling Company	1	ערשטע יידישע פֿאַראייניקטע דראַמאַטישע טרופּע														
ORG-C00791	סירקולאָ איזראַעליטא	Welfare/Aid organization	1	סירקולאָ איזראַעליטא	סאַנטיאגאָ			טשילע										
ORG-C00792	ביקור חולים	Health institutions	2	ביקור חולים	ירושלים | סאַנטיאגאָ			טשילע				SPLIT		Cluster contains distinct Bikur Cholim institutions in Jerusalem and Santiago, Chile; no matching candidates in DB.			auto_drafter	2026-05-17T17:07:26Z
ORG-C00793	שלום-עליכם-שול	Education	3	שלום-עליכם-שול	כאָרבין | ניו יאָרק		שלום-עליכם-שול					SPLIT		Cluster contains schools in distinct locations (Harbin and New York) and no matching DB candidates exist.			auto_drafter	2026-05-17T17:07:26Z
ORG-C00794	"שלום עליכם-קעמפּ ""בויבעריק"""	Education	1	"שלום עליכם-קעמפּ ""בויבעריק"""														
ORG-C00795	קלינטאָן-טעאַטער	Theatre	8	קלינטאָן-טעאַטער	ניו יאָרק | ניו-יאָרק | ניו-יאָרקער		קלינטאָן טעאַטער | קלינטאָן-טעאַטער | קלינטאָן-טעאָטער	יו-עס-עי	151 | 124 | 176 | 237 | 526	0.667 | 0.643 | 0.643 | 0.643 | 0.643	ipa_phonetic | ipa_phonetic | ipa_phonetic | ipa_phonetic | ipa_phonetic							
ORG-C00796	ברייטונגס-שול	Education	1	ברייטונגס-שול														
ORG-C00797	פֿאָראַרבעטערן	Education	1	פֿאָראַרבעטערן														
ORG-C00798	גיגאַנט טעאַטער	Theatre	2	גיגאַנט טעאַטער	וואַרשע		גיגאַנט טעאַטער | גיגאנט טעאַטער	פּוילן	560 | 630 | 278 | 124 | 252	0.692 | 0.692 | 0.643 | 0.615 | 0.615	ipa_phonetic | ipa_phonetic | ipa_phonetic | ipa_phonetic | ipa_phonetic							
ORG-C00799	יאקובאָוויטשעס וואָנדער-טרופּע	Traveling Company	1	יאקובאָוויטשעס וואָנדער-טרופּע														
ORG-C00800	גראַן טעאַטער איזראַעליטא	Theatre	2	גראַן טעאַטער איזראַעליטא	בוענאָס איירעס | בוענאָס-אַיירעס		גראַן טעאַטער איזראַעליטא | גראַן טעאַטער איזראָעליטאָ	אַרגענטינע										
ORG-C00801	פֿינקעלשטיינען	Traveling Company	1	פֿינקעלשטיינען	בוענאָס איירעס			ארגענטינע										
ORG-C00802	יידישע גרונטשול	Education	1	יידישע גרונטשול	ריגע			לעטלאַנד										
ORG-C00803	דראַמאַטישער סטודיע ביים 'פרץ-קלוב'	Education	1	דראַמאַטישער סטודיע ביים 'פרץ-קלוב'														
ORG-C00804	ריגער 'נייער יידישער טעאַטער'	Theatre	5	ריגער 'נייער יידישער טעאַטער'	ריגע		נייער יידישער טעאַטער	לעטלאַנד	500 | 575 | 609	0.643 | 0.643 | 0.643	ipa_phonetic | ipa_phonetic | ipa_phonetic							
ORG-C00805	מוזיקאלישער קאָמעדיע	Theatre	1	מוזיקאלישער קאָמעדיע														
ORG-C00806	טעאַטער רעקלאַם	Theatre	3	טעאַטער רעקלאַם	ווין			עסטרייך	173 | 580	0.643 | 0.600	ipa_phonetic | ipa_phonetic							
ORG-C00807	עקסעלסיאָר	Theatre	1	עקסעלסיאָר														
ORG-C00808	היברו דראַמאַטיק קלאָב	Theatre	6	היברו דראַמאַטיק קלאָב	לאָנדאָן	8 פּרינצעס סטריט | פּרינצעס סטריט נומער 3	אַמעריקע | ביי סמיטן | היברו דראַמאַטיק קלאָב | פּרינצעס קלוב											
ORG-C00809	כאָר קיין לעמבערג	Musical organization	1	כאָר קיין לעמבערג	לעמבערג		כאָר											
ORG-C00810	האַרמאָניאַ	Musical organization	1	האַרמאָניאַ	לעמבערג													
ORG-C00811	טרופּע פֿון טרייטלער און יאָוועליר	Traveling Company	1	טרופּע פֿון טרייטלער און יאָוועליר	בוקאַרעסט				578	0.650	ipa_phonetic							
ORG-C00812	קונסט-טעאַטער	Theatre	13	קונסט-טעאַטער	ניו יאָרק | פֿילאָדעלפיע		דרוםאַמעריקע | קובאַ | קונסט טעאַטער | קונסט-טעאַטער	אַמעריקע | דרוםאַמעריקע | קובאַ	123 | 529 | 124 | 489 | 528	0.750 | 0.750 | 0.667 | 0.667 | 0.667	ipa_phonetic | ipa_phonetic | ipa_phonetic | ipa_phonetic | ipa_phonetic	SPLIT		Generic name 'Art Theatre' combined with disparate locations (NY, Philly, Cuba) indicates multiple distinct organizations grouped by a common noun.			auto_drafter	2026-05-17T17:07:26Z
ORG-C00813	סאָסייעטי פֿון יידישע קאָמפּאָזיטארס	Theatre-related Society/ Union	1	סאָסייעטי פֿון יידישע קאָמפּאָזיטארס	ניו יאָרק													
ORG-C00814	צוקונפט פרעס פעדעריישאָן	Trade Union / Professional Association	1	צוקונפט פרעס פעדעריישאָן														
ORG-C00815	די אַרבייטער וועלט	Journals/ Newspapers	1	די אַרבייטער וועלט					81	0.647	ipa_phonetic							
ORG-C00816	דיא טהעאַטער וועלט	Journals/ Newspapers	1	דיא טהעאַטער וועלט	ניו-יאָרק													
ORG-C00817	מוזיק לאָווערס סאָסייעטי	Musical organization	1	מוזיק לאָווערס סאָסייעטי														
ORG-C00818	מאנהעטן סימפאָני אָרקעסטער	Theatre	1	מאנהעטן סימפאָני אָרקעסטער														
ORG-C00819	אַמעריקאַנער יידישן קאָנגרעס	Jewish political bodies	5	אַמעריקאַנער יידישן קאָנגרעס | אַמעריקאַנער יידישער קאָנגרעס	ניו יאָרק | שיקאַגאָ													
ORG-C00820	עברי	Theatre	1	עברי	לעמבערג													
ORG-C00821	אַברהם אַקסעלראָד	Traveling Company	11	אַברהם אַקסעלראָד | אַברהם אַקסעלראָדס טרופּע | טרופּע פון אַברהם אַקסעלראָד | טרופּע פֿון אַברהם אַקסעלראָד	גאַליציע | טשערנאָוויץ		רומעניע	רומעניע										
ORG-C00822	קליינס וואָדעוויל-הויז	Theatre	1	קליינס וואָדעוויל-הויז	ניו יאָרק	קענאָן סטריט	קליינס וואָדעוויל-הויז	אַמעריקע										
ORG-C00823	דוד קעסלער	Traveling Company	3	דוד קעסלער				אַמעריקע										
ORG-C00824	פלאַזאַ גאָרדען טעאַטער	Theatre	1	פלאַזאַ גאָרדען טעאַטער		5 עוועניו און 110 סטריט	פלאַזאַ גאָרדען טעאַטער		252	0.684	ipa_phonetic							
ORG-C00825	לאָקאַל 18	Trade Union / Professional Association	3	לאָקאַל 18 | לאָקאָל 18														
ORG-C00826	יידישער דראַמאַטורגן-ליג	Theatre-related Society/ Union	2	יידישער דראַמאַטורגן-ליג														
ORG-C00827	געזעלשאַפט פון יידישע קאָמפּאָזיטאָרן, ליריק-שרייבער און פּאבלישערס	Theatre-related Society/ Union	1	געזעלשאַפט פון יידישע קאָמפּאָזיטאָרן, ליריק-שרייבער און פּאבלישערס														
ORG-C00828	אַמעריקאַנער	Journals/ Newspapers	7	אַמעריקאַנער	ניו יאָרק | ניו-יאָרק			פאַראייניקטע שטאַטן										
ORG-C00829	די אידישע וועלט	Journals/ Newspapers	25	אידישע וועלט | די אידישע וועלט	וואַרשע | ווילנע | פּעטערבורג | פֿילאָדעלפֿיע | פילאָדעלפיע | פילאדעלפיע | קליוולאַנד | קליוולענד | פֿילאַדעלפיע | פֿילאָדעלפיע | פֿילאָדעלפֿיע		אָרטיקער | אידישע וועלט | די אידישע וועלט | ווילנער | „די יידישע וועלט“	אַמעריקע	223	0.643	ipa_phonetic	SPLIT		Cluster contains multiple distinct newspapers of the same name in Philadelphia, Cleveland, Vilna, and St. Petersburg.			auto_drafter	2026-05-17T17:07:26Z
ORG-C00830	וואַרשעווער יידישער מינע	Education	1	וואַרשעווער יידישער מינע														
ORG-C00831	השומר הצעיר	Jewish political bodies	5	השומר הצעיר	ווילנע | טאָראַנטאָ | כעלם			פּוילן | קאַנאַדע	602 | 9	1.000 | 0.706	exact | ipa_phonetic	NEW	602				Sinai	2026-05-11T21:22:55Z
ORG-C00832	פּוילישן מיליטער	Military	2	פּוילישן מיליטער			סואוואלק											
ORG-C00833	"דראַמסעקציע ביי ""צוקונפט"""	Traveling Company	1	"דראַמסעקציע ביי ""צוקונפט"""														
ORG-C00834	"געזעלשאַפֿט ""יידישע בינע"""	Theatre-related Society/ Union	2	"געזעלשאַפֿט ""יידישע בינע"""			פּוילן											
ORG-C00835	נייע פֿאָלקסצייטונג	Journals/ Newspapers	1	נייע פֿאָלקסצייטונג					347	0.650	ipa_phonetic							
ORG-C00836	וואָכנשריפט	Journals/ Newspapers	1	וואָכנשריפט														
ORG-C00837	יוגנט-וועקער	Journals/ Newspapers	1	יוגנט-וועקער														
ORG-C00838	פֿאָרויס	Journals/ Newspapers	2	פֿאָרויס														
ORG-C00839	רעאַל-שול	Education	16	רעאַל-שול | רעאַל-שול אין ווילנע	בענדער | האַמבורג | וואַרשע | ווילנע | כאַרקאָוו | פּינסק | קעשעניעוו | קרעמענטשוג | ראָוונע | ריגע		רעאַל-שול | רעאַלשול	אוקראַאינע | דייטשלאַנד | ווייס-רוסלאַנד | לעטלאַנד										
ORG-C00840	יידישן פֿאָלקס-טעאַטער	Theatre	14	יידיש פֿאָלקס-טעאָטער | יידישן פאָלקס-טעאָטער אין ווילנע | יידישן פֿאָלקס-טעאַטער | יידישע פאָלקס-טעאַטער	אָרגענטינע | בוענאָס איירעס | ווילנע | לאָנדאָן | לעמבערג | ניו יאָרק | פעלדאַפינג | קאָוונע | קאָנסטאַנטינאָפּאָל | פֿילאָדעלפיע	לודוויסאָרסקאַ 5	יידישן פאָלקס-טעאַטער | יידישן פֿאָלקס-טעאַטער | יידישן פֿאָלקסטעאַטער | יידישע פאָלקס-טעאַטער | יידישע פֿאָלקס-טעאַטער | לאַגער פעלדאַפינג | לודוויסאָרסקאַ 5	אַרגענטינע | דייטשלאַנד | ענגלאַנד	608 | 570 | 541 | 494 | 565	0.850 | 0.783 | 0.731 | 0.720 | 0.679	ipa_phonetic | ipa_phonetic | ipa_phonetic | ipa_phonetic | ipa_phonetic	SPLIT					Bella	2026-05-15T13:13:08Z
ORG-C00841	קעמפּ „ניי-וועלט“	Education	1	קעמפּ „ניי-וועלט“														
ORG-C00842	יידישעס פאָלקסבלאַט	Journals/ Newspapers	7	יידישעס פאָלקסבלאַט					449	0.765	ipa_phonetic							
ORG-C00843	אינטערנאַציאָנאַלער אַרבעטער-בילדונגס-קלאָב	Education	1	אינטערנאַציאָנאַלער אַרבעטער-בילדונגס-קלאָב	לאָנדאָן													
ORG-C00844	אַרבייטער פֿריינד	Theatre	9	אַרבייטער פֿריינד | דער אַרבייטער פֿריינד	לאָנדאָן | לידז			ענגלאַנד	81 | 189	0.706 | 0.600	ipa_phonetic | ipa_phonetic							
ORG-C00845	די פּאָסט	Journals/ Newspapers	3	די פּאָסט	לאָנדאָן													
ORG-C00846	רוסישער שול	Education	8	רוסישער שול	אָדעס		רוסישער שול		25	0.600	ipa_phonetic							
ORG-C00847	קאַפּעליע פֿון אָפּטער חזן ראָמבערג	Traveling Company	1	קאַפּעליע פֿון אָפּטער חזן ראָמבערג			פּוילן, ליטע און רוסלאַנד											
ORG-C00848	טלאָמאָצקער שול	Religious institutions/organizations	1	טלאָמאָצקער שול	וואַרשע													
ORG-C00849	כאָר פֿון פּוילישן טעאַטער	Theatre	1	כאָר פֿון פּוילישן טעאַטער	לעמבערג		פּוילישן טעאַטער		575	0.636	ipa_phonetic							
ORG-C00850	יעקב-בער גימפּעלס לעמבערגער יידישן טעאַטער	Theatre	1	יעקב-בער גימפּעלס לעמבערגער יידישן טעאַטער	לעמבערג		גימפּעלס לעמבערגער יידישן טעאַטער											
ORG-C00851	מאָסקווער דראַמאַטישע אַקאַדעמיע	Education	1	מאָסקווער דראַמאַטישע אַקאַדעמיע	מאָסקווער		מאָסקווער דראַמאַטישע אַקאַדעמיע											
ORG-C00852	אַלאוקראַאינישן טעאַטער-קאָמיטעט	Theatre-related Society/ Union	2	אַלאוקראַאינישן טעאַטער-קאָמיטעט	קיעוו													
ORG-C00853	נואַרקער דראַמאַטישן קרייז	Traveling Company	1	נואַרקער דראַמאַטישן קרייז														
ORG-C00854	שלום עליכם-שול 2	Education	1	שלום עליכם-שול 2														
ORG-C00855	י. ל. פרץ-אינסטיטוט	Education	1	י. ל. פרץ-אינסטיטוט	קאָלגאָרי			קאַנאַדע										
ORG-C00856	פרייהייט דראַמאַטישע סעקציע	Traveling Company	1	פרייהייט דראַמאַטישע סעקציע														
ORG-C00857	געברידער שטיין	Traveling Company	1	געברידער שטיין														
ORG-C00858	בערלינער ווינטערגאַרטן	Theatre	1	בערלינער ווינטערגאַרטן	בערלין		ווינטערגאַרטן											
ORG-C00859	אַרלער בית-המדרש	Education	1	אַרלער בית-המדרש	אָרלע		אַרלער בית-המדרש											
ORG-C00860	ווילנע	Theatre	2	ווילנע	ווילנע													
ORG-C00861	ראָמאַנ-צייטונג	Journals/ Newspapers	6	ראָמאַנ-צייטונג	וואַרשע | וואַרשעווער													
ORG-C00862	גימפּעלס טעאַטער	Theatre	12	גימפּעלס טעאַטער	לעמבערג | לעמערג		גימפּעלס טעאַטער | גימפּעלס טעאַטער		257 | 123 | 252 | 278 | 630	1.000 | 0.643 | 0.643 | 0.643 | 0.643	exact | ipa_phonetic | ipa_phonetic | ipa_phonetic | ipa_phonetic	ALIGN	257				Sinai	2026-05-18T04:57:36Z
ORG-C00863	דעסערס	Traveling Company	1	דעסערס														
ORG-C00864	הנשר	Journals/ Newspapers	1	הנשר														
ORG-C00865	המבשר	Journals/ Newspapers	2	המבשר	יאָסי													
ORG-C00866	ראָהאָטשינער צייטונג	Journals/ Newspapers	1	ראָהאָטשינער צייטונג					81	0.684	ipa_phonetic							
ORG-C00867	גרשם באַדערס „קאַלענדאָר“	Journals/ Newspapers	1	גרשם באַדערס „קאַלענדאָר“														
ORG-C00868	בער האַרטס פּראָווינץ-טרופּע	Traveling Company	1	בער האַרטס פּראָווינץ-טרופּע					198	0.625	ipa_phonetic							
ORG-C00869	נאַציאָנאַלן אוקראַאינישן טעאַטער בעסידאָ	Theatre	1	נאַציאָנאַלן אוקראַאינישן טעאַטער בעסידאָ														
ORG-C00870	אידישער סוחר	Journals/ Newspapers	1	אידישער סוחר	אַרגענטינע			אַרגענטינע										
ORG-C00871	אַ יידיש טעאַטער	Theatre	1	אַ יידיש טעאַטער	ווין		בעמישן האָף	עסטרייך	472 | 500 | 609 | 509 | 553	0.700 | 0.684 | 0.667 | 0.643 | 0.643	ipa_phonetic | ipa_phonetic | ipa_phonetic | ipa_phonetic | ipa_phonetic							
ORG-C00872	טרופּע שטראָמער, ראַבינאָוויטש, ווייץ, שטיין	Traveling Company	1	טרופּע שטראָמער, ראַבינאָוויטש, ווייץ, שטיין														
ORG-C00873	מיניאַטור-טעאַטער	Theatre	8	מיניאַטור-טעאַטער | מיניאַטור-טעאַטער אין לעמבערגער 'באַגאַטעלאַ'-טעאַטער | מיניאַטור-טעאַטערס	ביאַליסטאָק | ווין | לעמבערגער | סאָוויעטןפֿאַרבאַנד | פּוילישער פּראָווינץ | קאָנסטאַנטינאָווקע		'באַגאַטעלאַ'-טעאַטער | מיניאַטור-טעאַטער		124 | 176 | 237 | 480 | 536	0.600 | 0.600 | 0.600 | 0.600 | 0.600	ipa_phonetic | ipa_phonetic | ipa_phonetic | ipa_phonetic | ipa_phonetic	SPLIT		Generic name 'Miniature Theatre' combined with multiple distinct locations (Lemberg, Bialystok, Vienna) indicates a mix of unrelated local entities.			auto_drafter	2026-05-17T17:07:26Z
ORG-C00874	פֿאַרלאַג ש. גאָלדפֿאַרב	Publisher	9	פאַרלאַג ש. גאָלדפאַרב | פֿאַרלאַג ש. גאָלדפֿאַרב	וואַרשאָ | וואַרשע		פערלאָג ש. גאָלדפאַרב | פֿאַרלאַג ש. גאָלדפֿאַרב	פּוילן	50	0.611	ipa_phonetic							
ORG-C00875	טרופּע „האור“	Traveling Company	1	טרופּע „האור“	פּרעסבורג (בראָטיסלאָוואַ)			טשעכאָסלאָוואַקייע										
ORG-C00876	טרופּע א	Traveling Company	1	טרופּע א				פּוילן										
ORG-C00877	סמבטיון	Theatre	13	סמבטיון	וואַרשע		סמבטיון	פּוילן										
ORG-C00878	אַזאַזעל-סמבטיון	Traveling Company	2	אַזאַזעל-סמבטיון	ווילנע													
ORG-C00879	לעמבערגער זומער-טעאַטער	Theatre	1	לעמבערגער זומער-טעאַטער	לעמבערג				544	0.621	ipa_phonetic							
ORG-C00880	טרופּע „וויקט“	Traveling Company	1	טרופּע „וויקט“	לעמבערג				490 | 42	0.615 | 0.615	ipa_phonetic | ipa_phonetic							
ORG-C00881	חיידר	Education	5	חיידר														
ORG-C00882	קריסטענס סטריט האָל	Traveling Company	1	קריסטענס סטריט האָל														
ORG-C00883	סענט דעני טעאַטער	Theatre	1	סענט דעני טעאַטער					128 | 278 | 252	0.700 | 0.688 | 0.625	ipa_phonetic | ipa_phonetic | ipa_phonetic							
ORG-C00884	פוקעלמאַנס טעאַטער	Theatre	2	פוקלמאַנס טעאַטער | פוקעלמאַנס טעאַטער	קעשענעוו		פוקלמאַנס טעאַטער		123 | 278	0.625 | 0.625	ipa_phonetic | ipa_phonetic							
ORG-C00885	נאָוואָסטי	Theatre	1	נאָוואָסטי					507	0.625	ipa_phonetic							
ORG-C00886	פיגאַראַ פלעי הויז	Theatre	1	פיגאַראַ פלעי הויז														
ORG-C00887	וויענער שטאַדט טעאַטער	Theatre	1	וויענער שטאַדט טעאַטער														
ORG-C00888	פאַראיין יידישע פאָלקס-בינע	Theatre	1	פאַראיין יידישע פאָלקס-בינע														
ORG-C00889	טרופּע פון „פאָלקסבינע“	Traveling Company	1	טרופּע פון „פאָלקסבינע“					523 | 596	0.619 | 0.619	ipa_phonetic | ipa_phonetic							
ORG-C00890	שטראַמער-טרופּע	Traveling Company	4	שטראַמער-טרופּע	מונקאַטש		טשעכיע	טשעכאָסלאָוואַקיי | טשעכיע	395 | 197 | 629 | 295 | 625	1.000 | 0.692 | 0.667 | 0.615 | 0.615	exact | ipa_phonetic | ipa_phonetic | ipa_phonetic | ipa_phonetic	ALIGN	395				Bella	2026-05-03T08:40:31Z
ORG-C00891	אַקאַדעמיע דער דאַרשטעלענדער קונסט	Education	1	אַקאַדעמיע דער דאַרשטעלענדער קונסט														
ORG-C00892	מאַרהאַלם-טרופּע	Traveling Company	1	מאַרהאַלם-טרופּע	ווין		ראָלאַנד בינע											
ORG-C00893	לאָרע טעאַטער	Theatre	1	לאָרע טעאַטער	ברעסלוי				252 | 627 | 529 | 600 | 176	0.769 | 0.769 | 0.727 | 0.727 | 0.667	ipa_phonetic | ipa_phonetic | ipa_phonetic | ipa_phonetic | ipa_phonetic							
ORG-C00894	"טעאַטער ""רעקלאַמע"""	Theatre	2	"טעאַטער ""רעקלאַמע"""	ווין				580	0.625	ipa_phonetic							
ORG-C00895	שטאָדט טעאַטער	Theatre	1	שטאָדט טעאַטער	דיסעלדאָרף				529 | 252 | 627	0.667 | 0.615 | 0.615	ipa_phonetic | ipa_phonetic | ipa_phonetic							
ORG-C00896	קאַרל טעאַטער	Theatre	3	קאַרל טעאַטער	ווין		קאַרל טעאַטער | קאַרל-טעאַטער		529 | 600 | 252 | 552 | 616	0.818 | 0.727 | 0.692 | 0.667 | 0.667	ipa_phonetic | ipa_phonetic | ipa_phonetic | ipa_phonetic | ipa_phonetic							
ORG-C00897	פאָלקס-הויז	Theatre	1	פאָלקס-הויז	קאָוונע													
ORG-C00898	יידישעס קולטור-הויז	Heritage Institution	1	יידישעס קולטור-הויז	ווין													
ORG-C00899	יידישע קינסטלער שפּילן	Theatre	1	יידישע קינסטלער שפּילן	ווין													
ORG-C00900	ווינער יידישער קולטום-געמיינדע	Welfare/Aid organization	1	ווינער יידישער קולטום-געמיינדע														
ORG-C00901	קיטשענער קעמפּ	Not an organization	1	קיטשענער קעמפּ	רוטשבאַראַ ביי סענדוויטש			ענגלאַנד										
ORG-C00902	יידיש פראָטערנאָלער פאָלקס-אָרדן	Jewish political bodies	1	יידיש פראָטערנאָלער פאָלקס-אָרדן														
ORG-C00903	פּראָגימנאַזיע	Education	3	פּראָגימנאַזיע | פּראָגימנאָזיע אין צויזמער	אָדעם | צויזמער			פּוילן										
ORG-C00904	וואַרשעווער גימנאַזיע	Education	1	וואַרשעווער גימנאַזיע	וואַרשע													
ORG-C00905	וואַרשעווער אוניווערזיטעט	Education	7	וואַרשעווער אוניווערזיטעט	וואַרשע			פּוילן	585 | 590 | 561 | 587 | 589	1.000 | 0.762 | 0.714 | 0.714 | 0.714	exact | ipa_phonetic | ipa_phonetic | ipa_phonetic | ipa_phonetic	NEW	585				Bella	2026-05-05T07:45:12Z
ORG-C00906	פּעטערבורגער אוניווערזיטעט	Education	5	פּעטערבורגער אוניווערזיטעט	פּעטערבורג		פּעטערבורגער אוניווערזיטעט | פּעטערבורגער אוניווערסיטעט		561 | 585 | 589 | 590	0.667 | 0.625 | 0.625 | 0.625	ipa_phonetic | ipa_phonetic | ipa_phonetic | ipa_phonetic							
ORG-C00907	יידישן חברים-פֿאַרבאַנד	Jewish political bodies	1	יידישן חברים-פֿאַרבאַנד														
ORG-C00908	דער וועג	Journals/ Newspapers	12	דער וועג | וועג	דעטראָיט | וואַרשע | מעקסיקע			מעקסיקע	217 | 216	1.000 | 0.714	exact | ipa_phonetic	ALIGN	217				Bella	2026-04-19T07:04:39Z
ORG-C00909	מאָמענט	Journals/ Newspapers	18	דער מאָמענט | מאָמענט	וואַרשע			פּוילן	215	1.000	exact	ALIGN	215				Sinai	2026-05-18T05:01:43Z
ORG-C00910	טעאַטער-וועלט	Journals/ Newspapers	9	די טעאַטער-וועלט | טעאַטער-וועלט	וואַרשע													
ORG-C00911	פערלאָג א. אַלבעק	Publisher	1	פערלאָג א. אַלבעק	ביאַליסטאָק													
ORG-C00912	אוניווערזיטעט פון ווילנע	Education	2	אוניווערזיטעט פון ווילנע	ווילנע		אוניווערזיטעט פון ווילנע											
ORG-C00913	אוניווערזיטעט פֿון קאָוונע	Education	1	אוניווערזיטעט פֿון קאָוונע	קאָוונע													
ORG-C00914	נייער פאַרלאָג	Publisher	2	נייער פאַרלאָג	וואַרשא | וואַרשע													
ORG-C00915	גאָלדענע פונקען	Journals/ Newspapers	1	גאָלדענע פונקען	וואַרשא				522 | 261	1.000 | 0.714	exact | ipa_phonetic	NEW	522				Bella	2026-04-28T10:47:16Z
ORG-C00916	די נייע טעג	Journals/ Newspapers	1	די נייע טעג	וואַרשע													
ORG-C00917	מאָהילעוו-פּאָדאָלסקער קאָמערץ-שול	Education	1	מאָהילעוו-פּאָדאָלסקער קאָמערץ-שול	מאָהילעוו-פּאָדאָלסקער													
ORG-C00918	קאָלאָמביאַ אוניווערזיטעט	Education	12	קאָלאָמבי אוניווערזיטעט | קאָלאָמביאַ אוניווערזיטעט	נ. י. | ניו יאָרק		קאָלאָמביא אוניווערזיטעט | קאָלאָמביאַ אוניווערזיטעט	אַמעריקע	587 | 530 | 585 | 589 | 590	0.667 | 0.619 | 0.619 | 0.619 | 0.619	ipa_phonetic | ipa_phonetic | ipa_phonetic | ipa_phonetic | ipa_phonetic							
ORG-C00919	ברוקלינער קאָלעדזש פֿאַר יוריספּרודענץ	Education	1	ברוקלינער קאָלעדזש פֿאַר יוריספּרודענץ														
ORG-C00920	אַרטעף	Theatre	20	אַרטעף	ניו יאָרק | ניו-יאָרק		"קאַרנעגי-האָל | „אַרטעף""-טעאַטער"	אַמעריקע										
ORG-C00921	"ד""ר ווילהעלם לעוויס ראָבינער-סעמינאַר"	Education	1	"ד""ר ווילהעלם לעוויס ראָבינער-סעמינאַר"	בערלין			דייטשלאַנד										
ORG-C00922	אופֿאַ פֿילם געז.	Media (Radio/ Film/TV)	1	אופֿאַ פֿילם געז.	בערלין			דייטשלאַנד										
ORG-C00923	פּרימוס פֿילם געז.	Media (Radio/ Film/TV)	1	פּרימוס פֿילם געז.														
ORG-C00924	קליין-קונסט-בינע	Theatre	2	קליין-קונסט-בינע			אַרגענטינע	אַרגענטינע										
ORG-C00925	בראָזיליאַנער אידישע פרעסע	Journals/ Newspapers	1	בראָזיליאַנער אידישע פרעסע			בראַזיל	בראַזיל										
ORG-C00926	אונדער טאָגבלאַט	Journals/ Newspapers	1	אונדער טאָגבלאַט	בריסל			בעלגיע										
ORG-C00927	אהל	Traveling Company	1	אהל	תל-אביב													
ORG-C00928	יונג טעאַטער	Traveling Company	6	יונג טעאַטער	אַנטווערפּן | וואַרשע		יונג טעאַטער	בעלגיע	426	0.692	ipa_phonetic	NEW	560				Bella	2026-05-03T08:28:17Z
ORG-C00929	פאָלקס און יוגנט טעאַטער	Theatre	4	פאָלקס און יוגנט טעאַטער | פֿאָלקס און יוגנט טעאַטער	וואַרשע | לאָדזש		נאָוואָשצי | פילהאַרמאָניע-טעאַטער	פּוילן										
ORG-C00930	טעאַטער ראָזמאַאיטאָשטשי	Theatre	2	טעאַטער ראָזמאַאיטאָשטשי	וואַרשע | ראַדאָם													
ORG-C00931	טורעם	Publisher	1	טורעם	וואַרשע													
ORG-C00932	וואַרשעווער קהילה (גמינע)	Religious institutions/organizations	1	וואַרשעווער קהילה (גמינע)	וואַרשע													
ORG-C00933	פֿאַראיין „הזמיר“	Musical organization	1	פֿאַראיין „הזמיר“	וואַרשע			פּוילן										
ORG-C00934	ליטעראַרישע געזעלשאַפֿט	Theatre-related Society/ Union	2	ליטעראַרישע געזעלשאַפֿט	וואַרשע				322 | 323	1.000 | 0.600	exact | ipa_phonetic	NEW	653				Bella	2026-05-18T07:35:00Z
ORG-C00935	ליטעראַטור און לעבן	Journals/ Newspapers	1	ליטעראַטור און לעבן	וואַרשע													
ORG-C00936	סטאַטיסטישער עקספּעדיציע	Education	1	סטאַטיסטישער עקספּעדיציע				פּוילן										
ORG-C00937	פֿאַרלאַג „פּראָגרעס“	Publisher	1	פֿאַרלאַג „פּראָגרעס“	וואַרשע													
ORG-C00938	זשורנאל „השחר“	Journals/ Newspapers	1	זשורנאל „השחר“	ווין													
ORG-C00939	המליץ	Journals/ Newspapers	15	המליץ														
ORG-C00940	ראָם-פֿאַרלאַג	Publisher	1	ראָם-פֿאַרלאַג	ווילנע													
ORG-C00941	דער יודישער פּאָק	Journals/ Newspapers	2	דער יודישער פּאָק	ניו יאָרק			אַמעריקע	564 | 635 | 461 | 572 | 614	1.000 | 0.722 | 0.722 | 0.650 | 0.611	exact | ipa_phonetic | ipa_phonetic | ipa_phonetic | ipa_phonetic	NEW	564				Bella	2026-05-04T08:31:27Z
ORG-C00942	מאַרינסקי טעאַטער	Theatre	12	מאַרינסקי טעאַטער	אָדעס | פּעטראָגראָד		"מאַרינסקי טעאַטער | מאָרינסקי טעאַטער | מאָרינסקי- טעאַטער | מאָרינסקי-טעאָטער | מארינסקי-טעאַטער | „מאַרינסקי""-טעאַטער | „מאַרינסקי""-טעאַטער"	רוסלאַנד	616 | 161 | 124 | 176 | 252	0.733 | 0.625 | 0.600 | 0.600 | 0.600	ipa_phonetic | ipa_phonetic | ipa_phonetic | ipa_phonetic | ipa_phonetic							
ORG-C00943	ניו יאָרק אוניווערזיטעט	Education	2	ניו יאָרק אוניווערזיטעט	ניו יאָרק				588 | 595 | 487 | 530 | 561	0.667 | 0.667 | 0.636 | 0.619 | 0.619	ipa_phonetic | ipa_phonetic | ipa_phonetic | ipa_phonetic | ipa_phonetic							
ORG-C00944	האַיאַס	Welfare/Aid organization	6	האַיאַס	ריגע													
ORG-C00945	יידישער קאָנגרעס אין אַמעריקע	Jewish political bodies	1	יידישער קאָנגרעס אין אַמעריקע	פֿילאַדעלפֿיע			אַמעריקע										
ORG-C00946	יידישער וועלט-קאָנגרעס	Jewish political bodies	1	יידישער וועלט-קאָנגרעס	זשענעווע			שווייץ										
ORG-C00947	סילווערס דראַמאַטיק קלאָב	Traveling Company	1	סילווערס דראַמאַטיק קלאָב	ניו יאָרק		טורן האָל											
ORG-C00948	קעסלערס טאַליאַ טעאַטער	Theatre	2	קעסלערס טאַליאַ טעאַטער	ניו יאָרק		טאַליאַ טעאַטער | קעסלערס טאַליאַ טעאַטער											
ORG-C00949	די שאַמער-ראָס מאַושאָן פּיקטשור קאָמפּאָני	Publisher	1	די שאַמער-ראָס מאַושאָן פּיקטשור קאָמפּאָני														
ORG-C00950	אָרדן בני ציון	Welfare/Aid organization	1	אָרדן בני ציון														
ORG-C00951	איסטמאַן ביזנעס קאַלעדזש	Education	1	איסטמאַן ביזנעס קאַלעדזש														
ORG-C00952	היברו עדיוקעישאָנאָל סאָסייעטי	Education	2	היברו עדיוקעישאָנאָל סאָסייעטי	בראַנזוויל													
ORG-C00953	דהי יונייטער היברן טשאַריטיס	Welfare/Aid organization	1	דהי יונייטער היברן טשאַריטיס														
ORG-C00954	רויטן מגן דוד	Health institutions	1	רויטן מגן דוד														
ORG-C00955	די ווימענס דזשניש קאָנגרעס אָרגאַניזעישאָן	Jewish political bodies	1	די ווימענס דזשניש קאָנגרעס אָרגאַניזעישאָן														
ORG-C00956	יידישן פּאָבליסיטי ביוראָ	Business	1	יידישן פּאָבליסיטי ביוראָ	ניו יאָרק													
ORG-C00957	גאָרדען טעאַטער	Theatre	6	גאַרדען טעאַטער | גאָרדען טעאַטער	ניו יאָרק | פילאָדעלפיע | פֿילאָדעלפיע | פֿילאָדעלפֿיע | פֿילאָדעלפֿיער	מעדיסאָן סקווער	גאַרדען טעאַטער | גאָרדען טעאַטער | גאָרדען טעאַטער | גאָרדען-טעאַטער | „גאַרדען-טעאַטער	אַמעריקע | אַמעריקע	252 | 552 | 526 | 278 | 520	1.000 | 0.846 | 0.692 | 0.643 | 0.643	exact | ipa_phonetic | ipa_phonetic | ipa_phonetic | ipa_phonetic	ALIGN	252				Bella	2026-04-28T10:33:57Z
ORG-C00958	אָרגענטינער יידישן טעאַטער	Theatre	5	אַרגענטינער יידישן טעאַטער | אָרגענטינער יידישן טעאַטער | אָרגענטינער יידישע טעאַטערס			אַרגענטינע | אָרגענטינע	אַרגענטינע | אָרגענטינע	472 | 500 | 575 | 609	0.750 | 0.750 | 0.708 | 0.667	ipa_phonetic | ipa_phonetic | ipa_phonetic | ipa_phonetic							
ORG-C00959	מאָליאַם	OTHER - elaborate!	1	מאָליאַם	לאָס אַנדזשעלעס													
ORG-C00960	פאַרלאָג איקוף	Publisher	1	פאַרלאָג איקוף	ניו יאָרק													
ORG-C00961	פאַרלאַג אַחיאַסף	Publisher	1	פאַרלאַג אַחיאַסף	ירושלים													
ORG-C00962	שטאָט-אוניווערזיטעט פֿון ניו יאָרק	Education	1	שטאָט-אוניווערזיטעט פֿון ניו יאָרק	ניו יאָרק													
ORG-C00963	עדיוקיישאָנאָל עלייענס	Theatre	4	געדיוקעישאָנאָל עלייענס | עדיווקיישאָנאַל אַלייענס | עדיוקיישאָנאָל עלייענס	ניו יאָרק													
ORG-C00964	קופּער יוניאָן	Education	2	קופּער יוניאָן	ניו יאָרק		קופּער יוניאָן	אַמעריקע										
ORG-C00965	ניו יאָרקער באַאַרד אָוו עדיוקעישאָן	Non-Jewish political bodies	1	ניו יאָרקער באַאַרד אָוו עדיוקעישאָן	ניו יאָרק													
ORG-C00966	הדסה	Welfare/Aid organization	3	הדסה	ברוקלין | דעטראָיט		ישראָל	ישראָל	271	0.600	ipa_phonetic							
ORG-C00967	מאילאַם	Musical organization	1	מאילאַם				אַמעריקע										
ORG-C00968	יידישער מוזיק פֿאָרום	Musical organization	1	יידישער מוזיק פֿאָרום														
ORG-C00969	סטאָקפּאָל סאָנס	Publisher	1	סטאָקפּאָל סאָנס	ניו יאָרק													
ORG-C00970	איקוף	Heritage Institution	15	איקוף	בוענאָס איירעס | בוענאָס-אַיירעס | לאָס אַנדזשעלעס | לאָס אָנדזשעלעס | לאָס-אַנדזשעלעס | ניו יאָרק | ניו-יאָרק		מערי ריטשמאַנס הויז	אַמעריקע | אַרגענטינע | אמעריקע | בעלגיע | אַמעריקע										
ORG-C00971	הרב צירעלסאָנס פּראָגימנאַזיע	Education	1	הרב צירעלסאָנס פּראָגימנאַזיע	קעשענעוו													
ORG-C00972	קדם	Education	1	קדם														
ORG-C00973	קופּת-חולים	Health institutions	2	קופּת-חולים	קרית-ביאליק													
ORG-C00974	ליטמאַנס טרופּע	Traveling Company	1	ליטמאַנס טרופּע	דעטראָיט				325 | 330 | 322 | 583 | 421	1.000 | 0.643 | 0.625 | 0.615 | 0.600	exact | ipa_phonetic | ipa_phonetic | ipa_phonetic | ipa_phonetic	ALIGN	325				Bella	2026-04-27T08:49:21Z
ORG-C00975	יידיש ראַדיאָ-פּראָגראַם	Media (Radio/ Film/TV)	5	יידיש ראַדיאָ-פּראָגראַם	דעטראָיט | לאָס אַנדזשעלעס | מימי ביטש | ניו יאָרק		מעקסיקע	מעקסיקע										
ORG-C00976	וואָדעוויל-הייזער פֿון שובערט, דילינגהעים, זיגפֿילד	Theatre	1	וואָדעוויל-הייזער פֿון שובערט, דילינגהעים, זיגפֿילד								SPLIT		Cluster lists multiple distinct theatrical producers/houses (Shubert, Dillingham, Ziegfeld) rather than a single organization.			auto_drafter	2026-05-17T17:07:26Z
ORG-C00977	אייבאָרן אָפּערע קאָמפּאַני	Theatre	1	אייבאָרן אָפּערע קאָמפּאַני														
ORG-C00978	לאָנדאָנער קאָליסעאום טעאַטער	Theatre	1	לאָנדאָנער קאָליסעאום טעאַטער	לאָנדאָן		לאָנדאָנער קאָליסעאום טעאַטער	ענגלאַנד	565 | 604	0.607 | 0.600	ipa_phonetic | ipa_phonetic							
ORG-C00979	יידישן קונסטסעאַסער	Theatre	1	יידישן קונסטסעאַסער	פּאַריז													
ORG-C00980	גלאָוב, דאָטשעס	Theatre	1	גלאָוב, דאָטשעס	קליוולאַנד													
ORG-C00981	אַרטעף-סטודיא	Education	2	אַרטעף-סטודיא	ניו יאָרק													
ORG-C00982	אַרטער-טעאַטער	Theatre	1	אַרטער-טעאַטער					529 | 296 | 252 | 577 | 426	0.750 | 0.750 | 0.692 | 0.692 | 0.692	ipa_phonetic | ipa_phonetic | ipa_phonetic | ipa_phonetic | ipa_phonetic							
ORG-C00983	סיגאָר-סטאָר	Business	1	סיגאָר-סטאָר	ניו יאָרק		סיגאָר-סטאָר											
ORG-C00984	עקעדעמי אָוו מיוזיק	Theatre	1	עקעדעמי אָוו מיוזיק	פֿילאַדעלפיע		עקעדעמי אָוו מיוזיק											
ORG-C00985	מעטראָפּאָליטאַן אָפּעראַ האוז	Theatre	1	מעטראָפּאָליטאַן אָפּעראַ האוז	פֿילאַדעלפיע		מעטראָפּאָליטאַן אָפּעראַ האוז											
ORG-C00986	קאָלאָמביאַ-טעאַטער	Theatre	14	קאָלאָמביאַ-טעאַטער | קאָלומביאַ-טעאַטער	באָסטאָן | פילאַדעלפיע | פֿילאַדעלפיע | פֿילאָדעלפיע | פֿילאָדעלפֿיע | פֿילאדעלפיע	גרין סטריט | קאָרנער דריטע און גרין סטריט	"קאָלאָמביאַ טעאַטער | קאָלאָמביאַ-טעאַטער | קאָלאָמביאָ טעאַטער | קאָלאָמביאָ-טעאַטער | קאָלומביאַ-טעאַטער | קאָלומביאַ-טעאָטער | „קאָלאָמביאַ""-טעאַטער"	אַמעריקע | אַמעריקע	527 | 555 | 296 | 176 | 235	0.667 | 0.667 | 0.667 | 0.600 | 0.600	ipa_phonetic | ipa_phonetic | ipa_phonetic | ipa_phonetic | ipa_phonetic	SPLIT					Sinai	2026-04-26T08:30:45Z
ORG-C00987	אָרטיקער דראַמאַטישער געזעלשאַפט	Theatre	1	אָרטיקער דראַמאַטישער געזעלשאַפט	בריסק				606 | 621 | 44 | 607	0.690 | 0.676 | 0.656 | 0.647	ipa_phonetic | ipa_phonetic | ipa_phonetic | ipa_phonetic							
ORG-C00988	ברוקלינער ליריק-טעאַטער	Theatre	20	בּרוּקלינער ליריק-טעאַטער | ברוקלינער ליריק-טעאַטער	בּרוּקלינער | ברוקליין | ברוקלין | ברוקלינער		בּרוּקלינער ליריק-טעאַטער | ברוקלינער | ברוקלינער ליריק טעאַטער | ברוקלינער ליריק-טעאַטער | ליריק טעאַטער | ליריק-טעאַטער | ליריק-טעאַטער	אמעריקע										
ORG-C00989	וויליאַמסבורגער אַמפיאָן טעאַטער	Theatre	1	וויליאַמסבורגער אַמפיאָן טעאַטער	וויליאַמסבורגער		וויליאַמסבורגער אַמפיאָן טעאַטער											
ORG-C00990	שטאָטישן יידישן טעאַטער-פּראָיעקט	Theatre	1	שטאָטישן יידישן טעאַטער-פּראָיעקט														
ORG-C00991	פעדעראַלן טעאַטער פּראָיעקט	Theatre	4	פעדעראַלן טעאַטער פּראָיעקט														
ORG-C00992	רוסישער אָפּערעטןטרופּע פֿון סוסלאָוו	Traveling Company	1	רוסישער אָפּערעטןטרופּע פֿון סוסלאָוו														
ORG-C00993	"רוסישן אָפּערעטן-טעאַטער ""בוף"""	Theatre	1	"רוסישן אָפּערעטן-טעאַטער ""בוף"""	פּעטערבורג		בוף											
ORG-C00994	רוסישער אָפּערעטן-טרופּע	Traveling Company	2	רוסישער אָפּערעטן-טרופּע	האַמעל		רוסישער אָפערעטן-טרופּע											
ORG-C00995	פֿילם-טעאַטער „מיטרע“	Theatre	1	פֿילם-טעאַטער „מיטרע“			„מיטרע“	אַרגענטינע										
ORG-C00996	„לעגיטימען“ יידישן טעאַטער	Theatre	1	„לעגיטימען“ יידישן טעאַטער					472 | 500 | 575	0.640 | 0.640 | 0.600	ipa_phonetic | ipa_phonetic | ipa_phonetic							
ORG-C00997	עלוווינגס טעאַטער	Theatre	3	עלוווינגס טעאַטער	נואַרק		עלוויינגס טעאַטער | עלווינגסטעאַטער		124 | 278 | 560 | 613 | 627	0.643 | 0.643 | 0.643 | 0.643 | 0.643	ipa_phonetic | ipa_phonetic | ipa_phonetic | ipa_phonetic | ipa_phonetic							
ORG-C00998	בלייכס ניו יאָרקער פּאָבליק טעאַטער	Theatre	1	בלייכס ניו יאָרקער פּאָבליק טעאַטער														
ORG-C00999	געזעלשאַפֿטלעכן קונסט טעאַטער	Theatre	1	געזעלשאַפֿטלעכן קונסט טעאַטער														
ORG-C01000	לאָדזשער יידישן טעאַטער	Theatre	7	לאָדזשער יידישן טעאַטער | לאדזשער יידישן טעאַטער	לאָדזש | לאדזש | לאָדזש		לאָדזשער יידישן טעאַטער | לאדזשער יידישן טעאַטער | לאָדזשער יידישן טעאַטער	פּוילן	472 | 500 | 575 | 609 | 565	0.850 | 0.800 | 0.773 | 0.762 | 0.679	ipa_phonetic | ipa_phonetic | ipa_phonetic | ipa_phonetic | ipa_phonetic	NEW	664				Bella	2026-05-18T14:50:08Z
ORG-C01001	די גאָלדענע פּאַווע	Theatre	4	גאָלדענע פּאַווע | די גאָלדענע פּאַווע	ווין		קליינקונסט-טעאַטער	דייטשלאַנד	261 | 522	1.000 | 0.714	exact | ipa_phonetic	ALIGN	261				Bella	2026-04-19T08:20:48Z
ORG-C01002	דירעקטאָריום פֿאַר קולטור	OTHER - elaborate!	1	דירעקטאָריום פֿאַר קולטור				דייטשלאַנד										
ORG-C01003	נייעם יידישן טעאַטער	Theatre	7	נייעם יידישן טעאַטער	לאָנדאָן | ניו יאָרק | ריגע		נייעם יידישן טעאַטער | נייעם יידישן טעאַטער	אַמעריקע | לעטלאַנד	472 | 500 | 609 | 575 | 515	0.800 | 0.789 | 0.714 | 0.682 | 0.615	ipa_phonetic | ipa_phonetic | ipa_phonetic | ipa_phonetic | ipa_phonetic	SPLIT		Name 'New Yiddish Theatre' is generic and cluster spans distinct locations (London, NY, Riga) likely representing different entities.			auto_drafter	2026-05-17T17:07:26Z
ORG-C01004	וואַרשעווער מוזיק-שול	Education	1	וואַרשעווער מוזיק-שול	וואַרשע													
ORG-C01005	אָרקעסטער פון רוסישן טעאַטער	Theatre	1	אָרקעסטער פון רוסישן טעאַטער	מינסק				472	0.615	ipa_phonetic							
ORG-C01006	יידישן קלוב	Theatre-related Society/ Union	1	יידישן קלוב	כאָרבין													
ORG-C01007	שלום-עליכם-גאָרטן	Education	1	שלום-עליכם-גאָרטן	כאָרבין													
ORG-C01008	ראָזע זילבערט טעאַטער [האָפּקינסאָן]	Theatre	1	ראָזע זילבערט טעאַטער [האָפּקינסאָן]			ראָזע זילבערט טעאַטער [האָפּקינסאָן]	אמעריקע										
ORG-C01009	טרופּע פֿון ספּיוואַקאָווסקי-סעם אַדלער	Traveling Company	2	טרופּע פֿון ספּיוואַקאָווסקי-סעם אַדלער	פּעטערבורג													
ORG-C01010	וואַרשעווער זשאַרדען ד'היווער	Theatre	5	וואַרשעווער זשאַרדען ד'היווער	וואַרשע		"וואַרשעווער זשאַרדען ד'היווער | וואַרשעווער „זשאַרדען ד'היווער"" | זשאַרדען ד'היווער | זשאָרדען ד'היווער"	פּוילן										
ORG-C01011	לאָדזשער גרויסן טעאַטער	Theatre	22	לאָדזשער גרויסן טעאַטער	לאָדזש | לאָדזשער | לאדזש | לאָדזש		גרויסן טעאַטער | גרויסן טעאַטער | לאָדושער גרויסן טעאַטער | לאָדזשער גרויסן טעאַטער | לאָדזשער גרויסן טעאַטער | לאדזשער גרויסן טעאַטער | לאָדזשער גרויסן טעאַטער | לאָדזשער גרויסן טעאַטער	פּוילן | פּויקן	472 | 604 | 263 | 500	0.650 | 0.650 | 0.600 | 0.600	ipa_phonetic | ipa_phonetic | ipa_phonetic | ipa_phonetic							
ORG-C01012	לאָדזשער פֿאַראייניקטער טרופּע	Traveling Company	1	לאָדזשער פֿאַראייניקטער טרופּע	לאָדזש		לאָדזשער פֿאַראייניקטער טרופּע											
ORG-C01013	קינדער-טרופּע אונטער דער אָנפֿירונג פון פּאַולין ווינטער	Traveling Company	1	קינדער-טרופּע אונטער דער אָנפֿירונג פון פּאַולין ווינטער														
ORG-C01014	עלסמיר טעאַטער	Theatre	3	עלזמיר טעאַטער | עלסמיר טעאַטער	בראַנקס		עלסמיר טעאַטער		577 | 176 | 509 | 555 | 627	0.692 | 0.615 | 0.615 | 0.615 | 0.615	ipa_phonetic | ipa_phonetic | ipa_phonetic | ipa_phonetic | ipa_phonetic							
ORG-C01015	יידישן אינטערנאַציאָנאַלן אַרבעטער אָרדן	Jewish political bodies	1	יידישן אינטערנאַציאָנאַלן אַרבעטער אָרדן														
ORG-C01016	אי ווי די-ראַדיאָ	Media (Radio/ Film/TV)	2	אי ווי די-ראַדיאָ	ניו-יאָרק													
ORG-C01017	תקוה רעקאָרדס	Publisher	1	תקוה רעקאָרדס	ניו יאָרק													
ORG-C01018	וולאַדעק אָפּן-פֿאַרומס	OTHER - elaborate!	1	וולאַדעק אָפּן-פֿאַרומס	ניו יאָרק													
ORG-C01019	קליינקונסט-טעאַטער „אַררט“	Theatre	4	קליינקונסט-טעאַטער „אַראַראַט“ | קליינקונסט-טעאַטער „אַררט“														
ORG-C01020	דראַמאַטישן טעאַטער	Theatre	5	דראַמאַטישן טעאַטער | דראַמאַטישן טעאַטער אין ווילנער שטאָט-זאַל	ווילנע | קאָוונע		ווילנער שטאָט-זאַל | טעאַטער-זאַל 'דען'	ליטע	472	0.600	ipa_phonetic							
ORG-C01021	קראָקעווער יידישן דראַמאַטישן טעאַטער	Theatre	3	קראָקעווער יידיש דראַמאַטיש טעאַטער | קראָקעווער יידישן דראַמאַטישן טעאַטער | קראָקעווער יידישן דראָמאָטישן טעאַטער	קראָקע			גאַליציע | פּוילן	576	0.824	ipa_phonetic							
ORG-C01022	"„פאַקט"" (פֿאַראייניקטע אידישע דראַמאַטישע אַרטיסטן)"	Theatre	1	"„פאַקט"" (פֿאַראייניקטע אידישע דראַמאַטישע אַרטיסטן)"														
ORG-C01023	"גליינקונסט טעאַטער ""באַלאַגאַניידען"""	Theatre	1	"גליינקונסט טעאַטער ""באַלאַגאַניידען"""														
ORG-C01024	דזשאינט	Welfare/Aid organization	5	דזשאינט	וואַרשע		געטאָ	פּוילן										
ORG-C01025	אָרטיקע טעלעוויזיע-פּראָגראַמען	Media (Radio/ Film/TV)	1	אָרטיקע טעלעוויזיע-פּראָגראַמען	טאָראַנטאָ			קאַנאַדע										
ORG-C01026	פּראָווינץ-טרופּע פֿון סעראַ אַדלער	Traveling Company	1	פּראָווינץ-טרופּע פֿון סעראַ אַדלער														
ORG-C01027	אָמפיאָן-טעאַטער	Theatre	15	אָמפיאָן-טעאַטער	ברוקלין | ברוקלינער | בריקלין | ניו יאָרק | ניו יאָָרק | ניו-יאָרק		אַמפּיאָן-טעאַטער | אַמפיאָן-טעאַטער | אַמפיאָן-טעאַטער | אַמפיאָןטעאַטער | אָמפיאָן-טעאַטער | עמפיאָן טעאַטער	אַמעריקע	526 | 514 | 527 | 622 | 123	0.769 | 0.643 | 0.643 | 0.643 | 0.615	ipa_phonetic | ipa_phonetic | ipa_phonetic | ipa_phonetic | ipa_phonetic							
ORG-C01028	ניו יאָרקער ליפּצין-טעאַטער	Theatre	2	ניו יאָרקער ליפּצין-טעאַטער	ניו יאָרק		ליפּצין-טעאַטער		615	0.667	ipa_phonetic							
ORG-C01029	ניו יאָרקער סעקאָנד עוועניו טעאַטער	Theatre	2	ניו יאָרקער סעקאָנד עוועניו טעאַטער | ניו-יאָרקער סעקאַנד עוועניו-טעאַטער	ניו-יאָרק		סעקאַנד עוועניו-טעאַטער		128	0.667	fuzzy							
ORG-C01030	פיפט עוועניו טעאַטער	Theatre	1	פיפט עוועניו טעאַטער	ניו יאָרק		פיפט עוועניו טעאַטער		128	0.650	ipa_phonetic							
ORG-C01031	פעלטמאַנס	Theatre	1	פעלטמאַנס	ניו יאָרק		פעלטמאַנס											
ORG-C01032	ברוך שאָר	Musical organization	1	ברוך שאָר														
ORG-C01033	חזן זינגמאַן	Musical organization	1	חזן זינגמאַן	וויניפּעג			קאַנאַדע										
ORG-C01034	קווינס טעאַטער	Theatre	1	קווינס טעאַטער					263 | 124 | 560 | 278	0.692 | 0.667 | 0.667 | 0.643	ipa_phonetic | ipa_phonetic | ipa_phonetic | ipa_phonetic							
ORG-C01035	מעי וועסט	Traveling Company	1	מעי וועסט				אַמעריקע										
ORG-C01036	פֿאַר און קרייז רעגירונג-שול	Education	1	פֿאַר און קרייז רעגירונג-שול	גאָלדינגען													
ORG-C01037	מיליטער-אָרקעסטער	Traveling Company	1	מיליטער-אָרקעסטער	דינאַבורג (דווינסק)													
ORG-C01038	פּאָלק-אָרקעסטער	Traveling Company	1	פּאָלק-אָרקעסטער	גאָלדינגען													
ORG-C01039	פּרינצעס-קלאָב	Theatre	4	פּרינצעס-קלאָב	לאָנדאָן		פּרינזעס-קלאָב | פּרינצעס-קלאָב | פרינצעס קלאָב											
ORG-C01040	דער פּוילישער אידעל	Journals/ Newspapers	2	דער פּוילישער אידעל	לאָנדאָן				635	0.611	ipa_phonetic							
ORG-C01041	ענגלישן בראָדוויי-טעאַטער	Theatre	1	ענגלישן בראָדוויי-טעאַטער	ניו יאָרק		בראָדוויי-טעאַטער	אַמעריקע										
ORG-C01042	ניו יאָרקער פּיפּלס טעאַטער	Theatre	5	ניו יאָרקער פּיפּלס טעאַטער	ניו יאָרק | ניו-יאָרק		פּיפּלס טעאַטער | פּיפּעלס-טעאַטער		615	0.700	ipa_phonetic							
ORG-C01043	יידישער אַקטיאָרןזייניע	Theatre-related Society/ Union	1	יידישער אַקטיאָרןזייניע														
ORG-C01044	באָריסאָווס רוסישער אָפּערעטן-טרופּע	Traveling Company	2	באָריסאָווס רוסישער אָפּערעטן-טרופּע														
ORG-C01045	קאָמפּאַניעעצס יידישער טרופּע	Traveling Company	1	קאָמפּאַניעעצס יידישער טרופּע					485 | 302	1.000 | 0.615	exact | ipa_phonetic	ALIGN	485				Bella	2026-04-27T09:37:26Z
ORG-C01046	פישזאָנען	Traveling Company	12	פישזאָנען | פישזאָנען אין טרופּע	אָדעם		טערקיי | צענטראָל-רוסלאַנד	טערקיי | רוסלאַנד										
ORG-C01047	טיטעלמאַנען	Traveling Company	1	טיטעלמאַנען					503	0.700	ipa_phonetic							
ORG-C01048	סאַמבערגן	Traveling Company	2	סאַמבערגן	מינסק													
ORG-C01049	מאַקס געבילס טעאַַטער	Theatre	1	מאַקס געבילס טעאַַטער	ניו יאָרק		מאַקס געבילס טעאַַטער	אַמעריקע										
ORG-C01050	סאַראַ אַדלער	Traveling Company	2	סאַראַ אַדלער	פראָווינץ													
ORG-C01051	מאַקס ריינהאַרדטס ניו יאָרקער גאַסטשפּילן	Theatre	1	מאַקס ריינהאַרדטס ניו יאָרקער גאַסטשפּילן	ניו יאָרק													
ORG-C01052	ס. דיקשטיין טרופע	Traveling Company	1	ס. דיקשטיין טרופע	באַלטימאַר													
ORG-C01053	ליריק	Theatre	12	ליריק | ליריק טעאַַטער	בראַנזוויל | ברוקלין | ניו יאָרק | ניו-יאָרק		ליריק | ליריק טעאַַטער	אַמעריקע | אַמעריקע										
ORG-C01054	פֿאַרלאַג יאָטשקאָווסקי	Publisher	1	פֿאַרלאַג יאָטשקאָווסקי	וואַרשע		פֿאַרלאַג יאָטשקאָווסקי	פּוילן										
ORG-C01055	ניו יאָרקער וואָכנבלאַט	Journals/ Newspapers	4	ניו יאָרקער וואָכנבלאַט	ניו יאָרק		ניו-יאָרקער וואָכנבלאַט	אַמעריקע										
ORG-C01056	באדן	Journals/ Newspapers	1	באדן														
ORG-C01057	ישיבה ר' יצחק אַלחנן	Education	1	ישיבה ר' יצחק אַלחנן														
ORG-C01058	ניו יאָרקער קאָלעדזש	Education	2	ניו יאָרקער קאָלעדזש	ניו יאָרק													
ORG-C01059	שטאָטישער שול אין גאַלאַץ	Education	1	שטאָטישער שול אין גאַלאַץ	גאַלאַץ			רומעניע										
ORG-C01060	פּרינץ רודאָלף-גימנאַזיע	Education	1	פּרינץ רודאָלף-גימנאַזיע														
ORG-C01061	יידישער בינע אין אָדעס	Theatre	1	יידישער בינע אין אָדעס	אָדעס													
ORG-C01062	העברעישן טעאַטער	Theatre	3	העברעאישן טעאַטער | העברעאישן טעאַטער אין ארץ-ישראל | העברעישן טעאַטער			"א""י"	"א""י | ארץ-ישראל"	278 | 622 | 472 | 500 | 504	0.667 | 0.667 | 0.650 | 0.632 | 0.625	ipa_phonetic | ipa_phonetic | ipa_phonetic | ipa_phonetic | ipa_phonetic							
ORG-C01063	לעמבערגער שטאָטישער שול	Theatre	1	לעמבערגער שטאָטישער שול	לעמבערג		שטאָטישער שול											
ORG-C01064	"רמב""סס טעמפּל"	Theatre	1	"רמב""סס טעמפּל"	בודאַפעסט		"רמב""סס טעמפּל"											
ORG-C01065	אַטוירני סטריט שול	Theatre	1	אַטוירני סטריט שול	ניו יאָרק	אַטוירני סטריט	אַטוירני סטריט שול	אַמעריקע										
ORG-C01066	שול אין יאָסי	Theatre	1	שול אין יאָסי	יאָסי		שול											
ORG-C01067	רומענישער וואָדעוויל-בינע	Theatre	1	רומענישער וואָדעוויל-בינע														
ORG-C01068	יוניע לאָקאָל 5	Theatre-related Society/ Union	1	יוניע לאָקאָל 5														
ORG-C01069	גאָרדן-טעאַטער	Theatre	4	גאָרדן-טעאַטער					552 | 252 | 509 | 526 | 529	1.000 | 0.846 | 0.750 | 0.750 | 0.750	exact | ipa_phonetic | ipa_phonetic | ipa_phonetic | ipa_phonetic	NEW	552				Bella	2026-05-03T08:07:23Z
ORG-C01070	מעטראָפּאָליטאָן אָפּערע הויז	Theatre	2	מעטראָפּאָליטאָן אָפּערע הויז	ניו-יאָרק | פֿילאַדעלפיע		מעטראָפּאָליטאָן אָפּערע הויז | מעטראָפּאָליטאָן אָפּערע-הויז	אַמעריקע										
ORG-C01071	שול פֿון דיקשטיין און שפּיראָ	Education	1	שול פֿון דיקשטיין און שפּיראָ														
ORG-C01072	טעאַטער אַלהאַמבראַ	Theatre	1	טעאַטער אַלהאַמבראַ	וואַרשע		טעאַטער אַלהאַמבראַ	פּוילן	475 | 581	1.000 | 0.667	exact | ipa_phonetic	ALIGN	475				Bella	2026-04-27T09:39:52Z
ORG-C01073	שוואַרץ און ראָזענפעלד	Traveling Company	1	שוואַרץ און ראָזענפעלד	וואַרשע		וואַרשעווער טעאַטער עלדאָראַדאָ											
ORG-C01074	רוסישער טרופּע אונטער דער דירעקציע פֿון ליצענקאַ	Traveling Company	1	רוסישער טרופּע אונטער דער דירעקציע פֿון ליצענקאַ														
ORG-C01075	"יידישער טרופּע א""א פֿון ליצענקאַ און שייקעוויטש-שמ""ר"	Traveling Company	1	"יידישער טרופּע א""א פֿון ליצענקאַ און שייקעוויטש-שמ""ר"														
ORG-C01076	אינטערנאַציאָנאַלער טרופּע	Traveling Company	1	אינטערנאַציאָנאַלער טרופּע	טשערפּאַנאָוו													
ORG-C01077	צירק סאַראַסאָני	Theatre	1	צירק סאַראַסאָני				פֿראַנקרייך										
ORG-C01078	צירק פראַנקאָ סוויס	Theatre	1	צירק פראַנקאָ סוויס				דייטשלאַנד										
ORG-C01079	טרופּעס פֿון ראָזענבלום	Traveling Company	1	טרופּעס פֿון ראָזענבלום				רומעניע	578 | 542	0.650 | 0.600	ipa_phonetic | ipa_phonetic							
ORG-C01080	סעגאָלעסקאָ	Traveling Company	7	טרופּע פֿון סעגאַלעסקאָ | סעגאָלעסקאָ	בוקאַרעסט | גאָלאַץ			רומעניע										
ORG-C01081	"פּ""צ-יוגנט-באַוועגונג"	Jewish political bodies	1	"פּ""צ-יוגנט-באַוועגונג"														
ORG-C01082	ציב	OTHER - elaborate!	1	ציב	ווין			עסטרייך										
ORG-C01083	באַראָכאָוו-אַרכיוו	Heritage Institution	1	באַראָכאָוו-אַרכיוו	ווין			עסטרייך										
ORG-C01084	"לינקער פּ""צ-פּאַרטיי"	Jewish political bodies	1	"לינקער פּ""צ-פּאַרטיי"			אַמעריקע	אַמעריקע										
ORG-C01085	פּראָלעטאַרישער שטימע	Journals/ Newspapers	1	פּראָלעטאַרישער שטימע														
ORG-C01086	אויפקום	Journals/ Newspapers	6	אויפקום	ניו יאָרק | ניו-יאָרק													
ORG-C01087	מאָרגענפּאָסט	Journals/ Newspapers	1	מאָרגענפּאָסט	ווין													
ORG-C01088	נייע צייט	Journals/ Newspapers	5	די נייע צייט | נייע צייט	ווין | קיעוו													
ORG-C01089	מאַדיקאַט	Theatre	2	מאַדיקאַט														
ORG-C01090	טעאַטער און ראַדיאָ וועלט	Journals/ Newspapers	2	טעאַטער און ראַדיאָ וועלט	ני-ויאָרק				398	0.619	ipa_phonetic							
ORG-C01091	פרעזידענט טעאַטער	Theatre	3	פרעזידענט טעאַטער	ניו יאָרק | ניו יארק		בראָדוויי | פּרעזידענט-טעאַטער | פרעזידענט טעאַטער	אַמעריקע | אַמעריקע	622 | 252 | 263 | 278 | 630	0.688 | 0.625 | 0.625 | 0.625 | 0.625	ipa_phonetic | ipa_phonetic | ipa_phonetic | ipa_phonetic | ipa_phonetic							
ORG-C01092	אַנדערסאָן טעאַטער	Theatre	2	אַנדערסאָן טעאַטער	ניו-יאָרק	4-טע סטריט און סעקאָנד עוועניו	„אַנדערסאָן טעאַטער“		252 | 526 | 426 | 278 | 520	0.667 | 0.667 | 0.667 | 0.600 | 0.600	ipa_phonetic | ipa_phonetic | ipa_phonetic | ipa_phonetic | ipa_phonetic							
ORG-C01093	דער אידישער גראָסערי-מאַן	Journals/ Newspapers	1	דער אידישער גראָסערי-מאַן					614	0.609	ipa_phonetic							
ORG-C01094	געזונט אַלמאַנאַך	Journals/ Newspapers	1	געזונט אַלמאַנאַך														
ORG-C01095	כאָר ביים חזן סענדער	Musical organization	1	כאָר ביים חזן סענדער	יעקאַטערינאָסלאָוו		ביים חזן סענדער	אוקראַאינע										
ORG-C01096	גרענד סטריט-טעאַטער	Theatre	4	גרענד סטריט-טעאַטער	ניו יאָרק | ניויאָרק	גרענד סטריט	גרענד סטריט-טעאַטער		513 | 151 | 528 | 553	0.684 | 0.611 | 0.611 | 0.611	ipa_phonetic | ipa_phonetic | ipa_phonetic | ipa_phonetic							
ORG-C01097	מאונט מאָריס טעאַטער	Theatre	6	מאונט מאָריס טעאַטער	אַמעריקע | האַרלעם | האָרלעם | ניויאָרק		מאונט מאָריס טעאַטער | מאונט מאָריס-טעאַטער	אַמעריקע	577 | 616 | 426 | 344	0.611 | 0.611 | 0.611 | 0.600	ipa_phonetic | ipa_phonetic | ipa_phonetic | ipa_phonetic							
ORG-C01098	היברו פּאָבלישינג קאָמפּאַני	Publisher	15	היברו פּאָבלישינג קאָמפּאַני	נ. י. | ניו יאָרק | ניו יאָרק | ניו-יאָרק	185-3 קאנאל סט.	היברן פּאָבלישינג קאַמפּאַני | ניו יאָרק	אַמעריקע | אמעריקע	52 | 465 | 549	1.000 | 0.783 | 0.720	exact | ipa_phonetic | ipa_phonetic	ALIGN	52				Sinai	2026-04-12T09:53:03Z
ORG-C01099	טעאַטריקל מיוזיקאל קלאָב	Theatre-related Society/ Union	1	טעאַטריקל מיוזיקאל קלאָב	ניו יאָרק													
ORG-C01100	פישזאָנס יידישן טעאַטער	Traveling Company	1	פישזאָנס יידישן טעאַטער														
ORG-C01101	ווילנער כאָר-שול	Education	2	ווילנער כאָר-שול	ווילנע		ווילנער כאָר-שול | כאָר-שול											
ORG-C01102	טלאָמאַצקער סינאַגאָגע	Religious institutions/organizations	3	טלאָמאַצקער סינאַגאָגע	וואַרשע	טלאָמאַצקאַ | טלאָמאַצקע	טלאמאצקער סינאגאגע | סינאַגאָגע	פּוילן										
ORG-C01103	לובלינער פאַנטעאָן טעאַטער	Theatre	1	לובלינער פאַנטעאָן טעאַטער	לובלין		פאַנטעאָן טעאַטער											
ORG-C01104	לאָדזשער גרויסעס טעאַטער	Theatre	11	לאָדזשער גרויסעס טעאַטער | לאָדזשער גרויסעס מעאַטער	לאָדזש | לאָדזש | לאָדזשער		"גרויסעס טעאַטער | גרויסעס טעאַטער | גרויסעס מעאַטער | לאָדזשער גרויסעס טעאַטער | לאָדזשער ""גרויסעס טעאַטער"" | לאָדזשער ""גרויסעס טעאַטער“"	פּוילן	263 | 604 | 609	0.619 | 0.619 | 0.619	ipa_phonetic | ipa_phonetic | ipa_phonetic							
ORG-C01105	וואַרשעווער עליזעאום טעאַטער	Theatre	7	וואַרשעווער עליזעאום | וואַרשעווער עליזעאום טעאַטער	וואַרשע | וואַרשעווער		וואַרשעווער עליזעאום טעאַטער | עליזעאום טעאַטער | עליזעאום טעאַטער | עליזעאום-טעאַטער	פּוילן | פּויקן										
ORG-C01106	וואַרשעווער גרויסער אָפּערע	Theatre	1	וואַרשעווער גרויסער אָפּערע	וואַרשע		גרויסער אָפּערע											
ORG-C01107	חזן קאַהאַן אין ווילנע	Musical organization	1	חזן קאַהאַן אין ווילנע	ווילנע													
ORG-C01108	יוסף דזשייקאָבסאַנס יידישער טרופּע	Traveling Company	1	יוסף דזשייקאָבסאַנס יידישער טרופּע	טאָראַנטאָ			קאַנאַדע	485	0.600	ipa_phonetic							
ORG-C01109	אידישער רעקאָרד	Journals/ Newspapers	1	אידישער רעקאָרד	שיקאַגאָ			יו עס עי	461	0.714	ipa_phonetic							
ORG-C01110	לאָנדאָנער יידישער טעאַטער	Theatre	1	לאָנדאָנער יידישער טעאַטער	לאָנדאָן		לאָנדאָנער יידישער טעאַטער	ענגלאַנד	575 | 609 | 472 | 565 | 500	0.826 | 0.826 | 0.739 | 0.714 | 0.652	ipa_phonetic | ipa_phonetic | ipa_phonetic | ipa_phonetic | ipa_phonetic							
ORG-C01111	נאָוועלטי-טעאַטער	Theatre	4	נאָוועלטי-טעאַטער	ברוקלין		נאָוועלטי טעאַטער | נאָוועלטי-טעאָטער | נאָוועלטי-טעאַטער		509 | 553 | 123 | 514 | 527	0.714 | 0.714 | 0.643 | 0.643 | 0.643	ipa_phonetic | ipa_phonetic | ipa_phonetic | ipa_phonetic | ipa_phonetic							
ORG-C01112	יידישן טעאַטער-מוזיי	Heritage Institution	3	יידישן טעאַטער-מוזיי | יידישן טעאַטער-מוזיי אין ניו יאָרק	ניו יאָרק													
ORG-C01113	טעאַטריקל עליינס	Theatre-related Society/ Union	2	טעאַטריקל עליינס														
ORG-C01114	פֿאַרווערטס זומער-פֿאַלליס	Theatre	1	פֿאַרווערטס זומער-פֿאַלליס														
ORG-C01115	שעפּער	Labour (factory/workshop)	1	שעפּער														
ORG-C01116	זאַרכינס יידיש-רוסישע שול	Education	1	זאַרכינס יידיש-רוסישע שול														
ORG-C01117	טרופּע פֿון א. ג. קאָמפּאַניעיעץ	Traveling Company	3	א. ג. קאָמפּאַנעעץ טרופּע | טרופּע פֿון א. ג. קאָמפּאַניעיעץ | טרופּע פֿון א. ג. קאָמפּאַנעעץ	וויטעבסק				302	0.600	fuzzy							
ORG-C01118	אַנסאַמבל קונסט טעאַטער	Theatre	2	אַנסאַמבל קונסט טעאַטער														
ORG-C01119	די שטאָט פֿון האָפענונג	Health institutions	1	די שטאָט פֿון האָפענונג			די שטאָט פֿון האָפענונג	אַמעריקע										
ORG-C01120	יורידישן פֿאַקולטעט פון אינסטיטוט אין פּעטערבורג	Education	1	יורידישן פֿאַקולטעט פון אינסטיטוט אין פּעטערבורג	פּעטערבורג													
ORG-C01121	וואַנדער-טרופּע, וואָס מישע גערמאַן שטעלט צונויף	Traveling Company	1	וואַנדער-טרופּע, וואָס מישע גערמאַן שטעלט צונויף														
ORG-C01122	טרופּע איבערגענומען דורך יוליוס אַדלער	Traveling Company	1	טרופּע איבערגענומען דורך יוליוס אַדלער														
ORG-C01123	שוואַרצבאַרדן	Traveling Company	1	שוואַרצבאַרדן					470	1.000	exact	ALIGN	470				Bella	2026-04-19T08:29:52Z
ORG-C01124	ווילנער פֿאָלקס-טעאַטער	Theatre	11	ווילנער פּאַלאַס-טעאַטער | ווילנער פֿאָלקס-טעאַטער	ווילנע | ווילנער | קאָוונע		ווילנער | ווילנער פּאַלאַס-טעאַטער | ווילנער „פֿאָלקס טעאַטער“ | פאָלקס טעאַטער	ליטע	608 | 541 | 494 | 573 | 570	0.800 | 0.692 | 0.640 | 0.632 | 0.609	ipa_phonetic | ipa_phonetic | ipa_phonetic | ipa_phonetic | ipa_phonetic	NEW	667				Bella	2026-05-18T15:12:33Z
ORG-C01125	ליפּאָווסקיס טרופּע	Traveling Company	6	ליפּאָווסקיס טרופּע	ווילנע | כאָרבין | קאָוונע				566 | 41 | 325	0.600 | 0.600 | 0.600	ipa_phonetic | ipa_phonetic | ipa_phonetic							
ORG-C01126	כאַרבינער טרופּע	Traveling Company	1	כאַרבינער טרופּע	כאַרבין				521 | 629 | 295 | 551 | 568	1.000 | 0.733 | 0.643 | 0.643 | 0.643	exact | ipa_phonetic | ipa_phonetic | ipa_phonetic | ipa_phonetic	NEW	521				Bella	2026-04-28T10:42:57Z
ORG-C01127	"חברים-טרופּע א""פ פֿון וואָלף שומסקי"	Traveling Company	1	"חברים-טרופּע א""פ פֿון וואָלף שומסקי"				אַמעריקע										
ORG-C01128	וויניפּעג	Theatre	1	וויניפּעג	וויניפּעג													
ORG-C01129	דעטראָיט (דיר. א. ליטמאַן און מישע פישזאָן)	Theatre	1	דעטראָיט (דיר. א. ליטמאַן און מישע פישזאָן)	דעטראָיט			אַמעריקע										
ORG-C01130	קליוולאַנד (מענ. בעני הוירשבערג)	Theatre	2	קליוולאַנד | קליוולאַנד (מענ. בעני הוירשבערג)	קליוולאַנד			אַמעריקע										
ORG-C01131	מאַנהעטן טעאַטער	Theatre	1	מאַנהעטן טעאַטער	קליוולאַנד		מאַנהעטן טעאַטער		252 | 278 | 520 | 577 | 426	0.714 | 0.643 | 0.643 | 0.643 | 0.643	ipa_phonetic | ipa_phonetic | ipa_phonetic | ipa_phonetic | ipa_phonetic							
ORG-C01132	יידישער קהלה אין זשאָלקיעוו	Religious institutions/organizations	1	יידישער קהלה אין זשאָלקיעוו	זשאָלקיעוו													
ORG-C01133	ישיבה	Education	19	ישיבה | ישיבה אין זשאָלקיעוו | ישיבה אין ליבאַווע | ישיבה אין לעמבערג | ישיבה אין מאָהילעוו | ישיבה אין מאָזיר | ישיבה אין קאַרסען | ישיבה אין קלויזענבורג | ישיבה אין קראָקע	זשאָלקיעוו | ליבאַווע | לעמבערג | לעמיש | מאָהילעוו | מאָזיר | סאָכאַטשאָוו | קאַרסען | קלויזענבורג | קראָקע		ישיבה	אונגאַרן | ווייסרוסלאַנד | פּוילן | רוסלאַנד										
ORG-C01134	השכלה-באַוועגונג	OTHER - elaborate!	2	השכלה-באַוועגונג			וואָלין											
ORG-C01135	העברעישע זשורנאַלן	Journals/ Newspapers	1	העברעישע זשורנאַלן														
ORG-C01136	הקול	Journals/ Newspapers	3	הקול					268	0.600	ipa_phonetic							
ORG-C01137	שליפערשטיינען	Traveling Company	4	שליפערשטיינען | שליפערשטיינען אין דער טרופּע	וואַרשע													
ORG-C01138	בערנשטיינען	Traveling Company	3	בערנשטיינען	לובלין | ראָמען													
ORG-C01139	"ירמיהו (""וואָסיעס“) אַדלערס אַ ""מיניאַטור""טעאַטער"	Theatre	1	"ירמיהו (""וואָסיעס“) אַדלערס אַ ""מיניאַטור""טעאַטער"														
ORG-C01140	סאָבסיי	Traveling Company	51	טרופּע פון סאַבסיי | טרופּעס פֿון סאָבסיי | סאָבסיי | סאָבסייס טרופּע | סאבסיי טרופּע	אָדעם | אָדעס | ווילנע | יעקאַטערינאָסלאָוו | קאָלאַראַש | קעלץ | קעשענעוו | ריגע		טעאַטער 'בולגאַראָוו' | סאָבסייס טרופּע					ALIGN	373				Sinai	2026-05-18T04:19:51Z
ORG-C01141	ספּיוואַקאָווסקי און קרויזע	Traveling Company	1	ספּיוואַקאָווסקי און קרויזע				רוסלאַנד										
ORG-C01142	באַראַטאָוו	Traveling Company	5	באַראַטאָוו | טרופּע פֿון באַראַטאָוו			רומעניע	רומעניע										
ORG-C01143	מייערסאָן	Traveling Company	6	דער טרופּע פֿון מעערסאָן | טרופּע פֿון מייערסאָן | מייערסאָן	בענדער													
ORG-C01144	בעסערן יידישן טעאַטער	Theatre	1	בעסערן יידישן טעאַטער	אָדעס				472 | 500 | 609 | 575 | 505	0.850 | 0.800 | 0.762 | 0.682 | 0.640	ipa_phonetic | ipa_phonetic | ipa_phonetic | ipa_phonetic | ipa_phonetic							
ORG-C01145	מישע פֿילזאַנס טריפּע	Traveling Company	1	מישע פֿילזאַנס טריפּע	בעסאַראַביע													
ORG-C01146	באַראַטאָווס טרופּע	Traveling Company	3	באַראַטאָווס טרופּע					269 | 629 | 198 | 469 | 203	0.714 | 0.667 | 0.667 | 0.643 | 0.625	ipa_phonetic | ipa_phonetic | ipa_phonetic | ipa_phonetic | ipa_phonetic							
ORG-C01147	אָרטיקן יידישן מלוכה-טעאַטער	Theatre	2	אָרטיקן יידישן מלוכה-טעאַטער	לעמבערג | מאָלדאָוויע		אָרטיקן יידישן מלוכה-טעאַטער		550 | 472 | 500 | 547 | 478	0.828 | 0.808 | 0.808 | 0.793 | 0.786	ipa_phonetic | ipa_phonetic | ipa_phonetic | ipa_phonetic | ipa_phonetic	SPLIT		מדובר בשני תיאטראות שונים- אחד במולדובה והשני בלבוב.			Bella	2026-05-03T06:44:09Z
ORG-C01148	קעשעניעווער יידישן טעאַטער	Theatre	1	קעשעניעווער יידישן טעאַטער	קעשעניעוו				548 | 472 | 500 | 575 | 574	0.724 | 0.708 | 0.708 | 0.708 | 0.625	ipa_phonetic | ipa_phonetic | ipa_phonetic | ipa_phonetic | ipa_phonetic							
ORG-C01149	אייניקייט	Journals/ Newspapers	1	אייניקייט	מאָסקווע													
ORG-C01150	דיוקעין-טעאַטער	Theatre	1	דיוקעין-טעאַטער	פיטסבורג		דיוקעין-טעאַטער		176 | 520 | 536 | 555 | 622	0.643 | 0.643 | 0.643 | 0.643 | 0.643	ipa_phonetic | ipa_phonetic | ipa_phonetic | ipa_phonetic | ipa_phonetic							
ORG-C01151	שובערט טעאַטער	Theatre	2	שובערט טעאַטער	ניו יאָרק | פלעינפילד	46טע סטריט און בראָדוועי	שובערט-טעאַטער		577 | 630 | 426 | 489 | 529	0.692 | 0.692 | 0.692 | 0.615 | 0.615	ipa_phonetic | ipa_phonetic | ipa_phonetic | ipa_phonetic | ipa_phonetic							
ORG-C01152	בעלאַסקאָ-טעאַטער	Theatre	2	בעלאַסקאָ-טעאַטער	וואַשינגטאָן, ד. ק. | ניו-יאָרק		בעלאַסקאָ-טעאַטער | בעלאָסקאַ-טעאַטער		235 | 123 | 509 | 527 | 557	0.667 | 0.643 | 0.643 | 0.643 | 0.643	ipa_phonetic | ipa_phonetic | ipa_phonetic | ipa_phonetic | ipa_phonetic	SPLIT		Cluster contains Belasco Theatres in both NYC and Washington D.C.; these are distinct venues, not a traveling company.			auto_drafter	2026-05-17T17:07:26Z
ORG-C01153	קאָרט-טעאַטער	Theatre	2	קאָרט-טעאַטער	ניו-יאָרק | ניויאָרק		קאָרט-טעאַטער | קאורט-טעאַטער	אַמעריקע	529 | 600 | 552 | 616 | 296	1.000 | 0.818 | 0.750 | 0.750 | 0.750	exact | ipa_phonetic | ipa_phonetic | ipa_phonetic | ipa_phonetic	NEW	529				Bella	2026-04-28T15:36:16Z
ORG-C01154	מאָסקווער פּעטראָפּאַוולאָווסקער רעאַל-שול	Education	1	מאָסקווער פּעטראָפּאַוולאָווסקער רעאַל-שול	מאָסקווע		מאָסקווער פּעטראָפּאַוולאָווסקער רעאַל-שול	רוסלאַנד										
ORG-C01155	שול סקולפּטור, אַרכיטעקטור און מאָלעריי	Education	1	שול סקולפּטור, אַרכיטעקטור און מאָלעריי														
ORG-C01156	זימינס אָפּערעטעאַטער	Theatre	1	זימינס אָפּערעטעאַטער	מאָסקווע		זימינס אָפּערעטעאַטער											
ORG-C01157	מאָסקווער יידישער מעלוכעטעאַטער	Theatre	1	מאָסקווער יידישער מעלוכעטעאַטער	מאָסקווע		מאָסקווער יידישער מעלוכעטעאַטער		543 | 501 | 505 | 472 | 478	1.000 | 0.714 | 0.714 | 0.679 | 0.679	exact | ipa_phonetic | ipa_phonetic | ipa_phonetic | ipa_phonetic	ALIGN	543				Bella	2026-05-15T09:30:25Z
ORG-C01158	מאָסקווער יידישער טעאַטראַלער טעכניקום	Education	1	מאָסקווער יידישער טעאַטראַלער טעכניקום														
ORG-C01159	טעאַטער אויפֿן נאָמען פֿון מאָסקווער סאָוועט	Theatre	1	טעאַטער אויפֿן נאָמען פֿון מאָסקווער סאָוועט														
ORG-C01160	מינסקער מעלוכעשער יידישער טעאַטער	Theatre	1	מינסקער מעלוכעשער יידישער טעאַטער	מינסק		מינסקער מעלוכעשער יידישער טעאַטער		575	0.625	ipa_phonetic							
ORG-C01161	פּוילישער שול	Education	4	פּוילישער שול	טאַרנאָוו | לעמבערג		פּוילישער שול											
ORG-C01162	טרופּע פֿון ספּיוואַקאָווסקי-פישזאָן	Traveling Company	3	טרופּע פֿון ספּיוואַקאָווסקי-פישזאָן	לאָדזש | לאָדזש													
ORG-C01163	רוסישן קווינטעט	Traveling Company	1	רוסישן קווינטעט														
ORG-C01164	טרופּעס פֿון טאַנצמאַן און סוכמאַן	Traveling Company	1	טרופּעס פֿון טאַנצמאַן און סוכמאַן														
ORG-C01165	פּיפּלס מיוזיק האָל	Theatre	5	פּיפּלס מיוזיק האָל	ניו יאָרק | ניו-יאָרק		פּיפּלס מיוזיק האָל | פּיפּלס מיוזיק-האָל	אַמעריקע										
ORG-C01166	לאָקאָל 5	Trade Union / Professional Association	14	לאָקאַל 5 | לאָקאָל 5 | לאָקאָל 5 (וואָדעווייל אַקטיאָרן יוניע) | לאָקאל 5	ניו יאָרק			אַמעריקע | יונײַטעד סטייטס										
ORG-C01167	ליטמאַן	Theatre	7	ליטמאַן	דעטראָיט | דעטראיט | טאָראַנטאָ		ליטמאַן	אַמעריקע | אַמעריקע	325	0.800	fuzzy							
ORG-C01168	עלוווינגן	Traveling Company	5	עלוווינגן	נו-אָרק | נואַרק		עלווינגן	אַמעריקע | אמעריקע										
ORG-C01169	שילדקרויט	Traveling Company	3	שילדקרויט	מאָנטרעאָל													
ORG-C01170	דעטראָיטער אָפּערע-הויז	Theatre	1	דעטראָיטער אָפּערע-הויז	דעטראָיט													
ORG-C01171	זאַנדבערג	Traveling Company	18	זאַנדבערג | טרופּע פון זאַנדבערג	וואַרשע | לאָדזש | לאָדזש		זאַנדבערגן	פּוילן	455	0.857	fuzzy	ALIGN	455				Bella	2026-05-18T14:26:06Z
ORG-C01172	אַדלער-סיעראָצקי	Traveling Company	8	אַדלער-סיעראָצקי | אַדלער-סיעראָצקיס טרופּע | טרופּע פֿון אַדלער-סיעראָצקי	לאָדזש		גרויסעס טעאַטער	פּוילן										
ORG-C01173	איזידאַראַ דונקאָן-שול	Education	1	איזידאַראַ דונקאָן-שול														
ORG-C01174	ניו סקול	Education	1	ניו סקול														
ORG-C01175	דזשול-יאָרד	Education	1	דזשול-יאָרד														
ORG-C01176	WEVD	Media (Radio/ Film/TV)	5	WEVD	ניו יאָרק													
ORG-C01177	WACA	Media (Radio/ Film/TV)	1	WACA														
ORG-C01178	צו-לאַכ-עס	Traveling Company	2	צו-לאַכ-עס														
ORG-C01179	יידישער ראַדיאָ-יוניאָן	Theatre-related Society/ Union	1	יידישער ראַדיאָ-יוניאָן														
ORG-C01180	חזנים-פֿאַרבאַנד	Religious institutions/organizations	4	חזנים-פֿאַרבאַנד	ניו יאָרק | קליוולאַנד													
ORG-C01181	טאָמאַשעווסקיס טעאַטער	Theatre	9	טאָמאַשעווסקיס טעאַטער	ניו יאָרק | ניו-יאָרק		טאָמאַשעווסקיס טעאַטער | טאָמאָשעווסקיס טעאַטער	אַמעריקע | אַמעריקע	509	0.611	ipa_phonetic							
ORG-C01182	עץ חיים-שול	Religious institutions/organizations	1	עץ חיים-שול	פלעטבוש		עץ חיים-שול											
ORG-C01183	פּראָווינץ-טרופּע	Traveling Company	2	פּראָווינץ-טרופּע	בעיאָן			פּוילן										
ORG-C01184	האָליוואוד טעמפּל בית אַל	Religious institutions/organizations	1	האָליוואוד טעמפּל בית אַל	האָליוואוד		האָליוואוד טעמפּל בית אַל											
ORG-C01185	על מאַראָקאָ האָטעל	Business	1	על מאַראָקאָ האָטעל	פּאַלס ספּרינג		על מאַראָקאָ האָטעל											
ORG-C01186	נדחי ישראל שול	Religious institutions/organizations	1	נדחי ישראל שול	מעקסיקאָ		נדחי ישראל שול											
ORG-C01187	ייקוט	Theatre	2	ייקוט	פּאַריז | פאַריז		ייקוט	פראַנקרייך | פֿראַנקרייך										
ORG-C01188	יידישן לערער-סעמינאר	Education	11	יידישן לערער-סעמינאַר אין ווילנע | יידישן לערער-סעמינאר	ווילנע | ניו יאָרק | ניו-יאָרק		יידישן לערער-סעמינאַר	USA | אַמעריקע | אמעריקע				SPLIT		Cluster contains distinct institutions: the Vilna Yiddish Teachers' Seminary and the New York Yiddish Teachers' Seminary (Herzlia).			auto_drafter	2026-05-17T17:07:26Z
ORG-C01189	יידיש טעאַלאָגישן סעמינאָר	Education	2	יידיש טעאַלאָגישן סעמינאָר | יידישן טעאָלאָגישן סעמינאַר	ניו יאָרק			USA										
ORG-C01190	הבימה הקטנה	Theatre	1	הבימה הקטנה														
ORG-C01191	טעאַטער אויף סימאָנס פּאַסאַזש	Theatre	1	טעאַטער אויף סימאָנס פּאַסאַזש	וואַרשע		טעאַטער אויף סימאָנס פּאַסאַזש	פּוילן										
ORG-C01192	"יידישן טעאַטער א""ד פֿון משה בורשטיין"	Theatre	1	"יידישן טעאַטער א""ד פֿון משה בורשטיין"	פּאַריז			פֿראַנקרייך										
ORG-C01193	טרופּע פֿון הענרי לאַכטיגער	Traveling Company	1	טרופּע פֿון הענרי לאַכטיגער														
ORG-C01194	פֿאַרלאַג רעזניק	Publisher	1	פֿאַרלאַג רעזניק	וואַרשע			פּוילן										
ORG-C01195	שנאָרער	Theatre	1	שנאָרער			אַמעריקע	אַמעריקע										
ORG-C01196	אַרטעף-קלוב	Theatre	1	אַרטעף-קלוב														
ORG-C01197	מאַסן	Journals/ Newspapers	1	מאַסן														
ORG-C01198	מעקסיקאַנער לעבן	Journals/ Newspapers	1	מעקסיקאַנער לעבן	מעקסיקאָ סיטי			מעקסיקאָ										
ORG-C01199	"„פאַרק""-טעאַטער"	Theatre	1	"„פאַרק""-טעאַטער"	ניו יאָרק	120טע סטריט און דריטע עוועניו	"„פאַרק""-טעאַטער"		600 | 529 | 552 | 616 | 631	0.846 | 0.692 | 0.692 | 0.692 | 0.692	ipa_phonetic | ipa_phonetic | ipa_phonetic | ipa_phonetic | ipa_phonetic							
ORG-C01200	צווייטע אַקטיאָרן יוניע (סעקשאָן צוויי)	Theatre-related Society/ Union	1	צווייטע אַקטיאָרן יוניע (סעקשאָן צוויי)														
ORG-C01201	מאַנועל טריידינג היי-סקול	Education	1	מאַנועל טריידינג היי-סקול														
ORG-C01202	קופּער יוניאָן אָרט סקול	Education	1	קופּער יוניאָן אָרט סקול														
ORG-C01203	קונדס	Journals/ Newspapers	11	דער קונדס | קונדס														
ORG-C01204	טריאָ פּרעס	Publisher	1	טריאָ פּרעס														
ORG-C01205	אידישע בעקערס שטימע	Journals/ Newspapers	2	אידישע בעקערס שטימע | די אידישע בעקערס שטימע														
ORG-C01206	מאַנישעוויטש קאָמפּ.	Business	1	מאַנישעוויטש קאָמפּ.														
ORG-C01207	אינדעפּענדענט מאָגעלניצער בענעוואָלענט סאָסייעטי	Welfare/Aid organization	1	אינדעפּענדענט מאָגעלניצער בענעוואָלענט סאָסייעטי														
ORG-C01208	מינסקער הענד ענד הענד דראַמאַטיק ענד בענעוואָלענט אַסאַסיאיישאָן	Theatre	1	מינסקער הענד ענד הענד דראַמאַטיק ענד בענעוואָלענט אַסאַסיאיישאָן	ניו יאָרק			אַמעריקע										
ORG-C01209	יידישער טרופּע פֿון דזשעני קייזער	Traveling Company	1	יידישער טרופּע פֿון דזשעני קייזער														
ORG-C01210	די אפריקאַנער אידישע גאָזזעטען	Journals/ Newspapers	1	די אפריקאַנער אידישע גאָזזעטען				דרוםאפריקע										
ORG-C01211	גוסטאָוו שאַכטס אַמפֿיאַן טעאַטער	Theatre	1	גוסטאָוו שאַכטס אַמפֿיאַן טעאַטער														
ORG-C01212	קאַנאַדער אַדלער	Journals/ Newspapers	6	קאַנאַדער אַדלער	מאָנטרעאַל | מאָנטרעאָל			קאַנאַדע										
ORG-C01213	סט. לואיזער קוריער	Journals/ Newspapers	1	סט. לואיזער קוריער	סט. לואיז													
ORG-C01214	דער אידישער זשורנאַל	Journals/ Newspapers	5	אידישער זשורנאַל | דער אידישער זשורנאַל	טאָראַנטאָ | לאָנדאָן		דער אידישער זשורנאַל | טאָראַנטער	ענגלאַנד | קאַנאַדע	614 | 635 | 461 | 564	1.000 | 0.667 | 0.667 | 0.611	exact | ipa_phonetic | ipa_phonetic | ipa_phonetic	NEW	614				Bella	2026-05-15T10:45:16Z
ORG-C01215	טאָגבלאַט	Journals/ Newspapers	5	טאָגבלאַט	לעמבערג													
ORG-C01216	דער קיביצער	Journals/ Newspapers	5	דער קיביצער	אַמעריקע													
ORG-C01217	דער אידישער גזלן	Journals/ Newspapers	2	דער אידישער גזלן					614 | 564 | 635 | 461	0.722 | 0.625 | 0.611 | 0.611	ipa_phonetic | ipa_phonetic | ipa_phonetic | ipa_phonetic							
ORG-C01218	דער שטאָדט-שייגעץ	Journals/ Newspapers	1	דער שטאָדט-שייגעץ														
ORG-C01219	אַקטיאָרן יוניאָן לאָקאָל 18	Theatre-related Society/ Union	1	אַקטיאָרן יוניאָן לאָקאָל 18														
ORG-C01220	דזשואיש וועלפעיר באַאַרד	Welfare/Aid organization	3	דזשואיש וועלפעיר באַאַרד | דזשואיש וועלפעיר באָרד														
ORG-C01221	פֿאַרבאַנד פֿון די גאַליציאַנער און בוקאָווינער יידן אין אַמעריקע	Welfare/Aid organization	1	פֿאַרבאַנד פֿון די גאַליציאַנער און בוקאָווינער יידן אין אַמעריקע														
ORG-C01222	פֿאַרלאָג ח. בזשאזא	Publisher	2	פֿאַרלאָג ח. בזשאזא | פֿאַרלאָג ח. בזשאַזא	וואַרשע		פֿאַרלאָג ח. בזשאַזא											
ORG-C01223	האָטעל סטעפאַניע	Theatre	4	האָטעל סטעפאַניע	וויין | ווין		האָטעל 'סטעפאַניאַ' | האָטעל סטעפאַניאַ | האָטעל סטעפאַניי | האָטעל סטעפאַניע	עסטרייך										
ORG-C01224	פּאָדזאַמטשע	Theatre	9	פּאָדזאַמטשע	ווין | לעמבערג		פּאָדזאַמטשע | פּאָדזשאַמטשע											
ORG-C01225	פרץ הירשביין צווייג פֿון פֿאַרבאַנד	Jewish political bodies	1	פרץ הירשביין צווייג פֿון פֿאַרבאַנד	לאָס אַנדזשעלעס			אַמעריקע										
ORG-C01226	העברעישער שול	Education	5	העברעאישער שול | העברעישער סטודיע אין ווילנע | העברעישער שול	ווילנע													
ORG-C01227	בית ספר לאומי	Education	1	בית ספר לאומי	ניו יאָרק			אַמעריקע										
ORG-C01228	הרצליה	Education	1	הרצליה	ניו יאָרק													
ORG-C01229	אַנשעל שאָרס אַרטש סטריט	Theatre	1	אַנשעל שאָרס אַרטש סטריט	פֿילאַדעלפיע		אַרטש סטריט											
ORG-C01230	ליטמאַןס טעאַטער	Theatre	2	ליטמאַןס טעאַטער	דעטראָיט				325 | 278 | 560	1.000 | 0.643 | 0.643	exact | ipa_phonetic | ipa_phonetic	NEW	654				Bella	2026-05-18T07:45:52Z
ORG-C01231	גראָדנער אינסטיטוט	Education	1	גראָדנער אינסטיטוט	גראָדנע													
ORG-C01232	כאָר-שול	Education	5	כאָר-שול	מעליטאָפּאָל		באָר-שול | כאַר-שול											
ORG-C01233	שטאָטישן רוסישן טעאַטער	Theatre	1	שטאָטישן רוסישן טעאַטער														
ORG-C01234	"ציוניסטישן „זרובבל""-פֿאַראיין"	Jewish political bodies	1	"ציוניסטישן „זרובבל""-פֿאַראיין"														
ORG-C01235	היינצל-קוניצער	Business	1	היינצל-קוניצער	לאָדזש													
ORG-C01236	טרופּע פֿון גוזיק און צוקער	Traveling Company	1	טרופּע פֿון גוזיק און צוקער	ווילנע													
ORG-C01237	אַקטיאָרן-יוניאָן לאָקאָל 5	Theatre-related Society/ Union	3	אַקטיאָרן-יוניאָן לאָקאָל 5	ניו יאָרק													
ORG-C01238	וואַרשעווער עליזעאים-טעאַטער	Theatre	1	וואַרשעווער עליזעאים-טעאַטער	וואַרשע													
ORG-C01239	אוראַניאַ-טעאַטער	Theatre	1	אוראַניאַ-טעאַטער	לאָדזש				527 | 526 | 124 | 176 | 489	1.000 | 0.714 | 0.643 | 0.643 | 0.643	exact | ipa_phonetic | ipa_phonetic | ipa_phonetic | ipa_phonetic	NEW	527				Bella	2026-04-28T15:24:13Z
ORG-C01240	וועניסטעאַטער	Theatre	1	וועניסטעאַטער	וואַרשע	לעשנאַ			613 | 528 | 555 | 556 | 122	0.750 | 0.727 | 0.727 | 0.727 | 0.667	ipa_phonetic | ipa_phonetic | ipa_phonetic | ipa_phonetic | ipa_phonetic							
ORG-C01241	פּאַלאַס-טעאַטער	Theatre	9	פּאַלאַס-טעאַטער	ווילנע | לייפּציג | לייפציג | סט. לואיס | שיקאַגאָ | שיקאָגאָ		פּאַלאַס-טעאַטער | פּאָלאַס-טעאַטער | פּאָלאַס-טעאַטער		123 | 514 | 526 | 600 | 616	0.833 | 0.786 | 0.750 | 0.750 | 0.750	ipa_phonetic | ipa_phonetic | ipa_phonetic | ipa_phonetic | ipa_phonetic	SPLIT		Name refers to multiple distinct 'Palace Theatre' locations across Vilna, Leipzig, St. Louis, and Chicago; no single DB match.			auto_drafter	2026-05-17T17:07:26Z
ORG-C01242	פעדעראַלן מלוכה טעאַטער-פּראָיעקט	Theatre	1	פעדעראַלן מלוכה טעאַטער-פּראָיעקט														
ORG-C01243	הרב ריינעסעס ישיבה	Education	1	הרב ריינעסעס ישיבה	לידע													
ORG-C01244	באָסטאָנער אוניווערזיטעט	Education	1	באָסטאָנער אוניווערזיטעט	באָסטאָן				561 | 587 | 590 | 585 | 588	0.762 | 0.762 | 0.762 | 0.714 | 0.714	ipa_phonetic | ipa_phonetic | ipa_phonetic | ipa_phonetic | ipa_phonetic							
ORG-C01245	י. ל. פרץ שרייבער פֿאַראיין	Theatre-related Society/ Union	3	י. ל. פרץ שרייבער פֿאַראיין | י. ל. פרץ שרייבער-פאַראיין														
ORG-C01246	ערשטער ווילנער יידישע רעאַל-גימנאַזיע	Education	1	ערשטער ווילנער יידישע רעאַל-גימנאַזיע	ווילנע		ערשטער ווילנער יידישע רעאַל-גימנאַזיע											
ORG-C01247	יידישן סטודענטן-פאַראיין	Education	1	יידישן סטודענטן-פאַראיין	ווילנע		יידישן סטודענטן-פאַראיין											
ORG-C01248	טריבונאַ אַקאַדעמיצקאַ	Journals/ Newspapers	1	טריבונאַ אַקאַדעמיצקאַ														
ORG-C01249	אוניווערזיטעטן פון ניו יאָרק און שיקאַגאָ	Education	1	אוניווערזיטעטן פון ניו יאָרק און שיקאַגאָ	ניו יאָרק		אוניווערזיטעט פון ניו יאָרק					SPLIT		The name explicitly refers to multiple distinct institutions (Universities of New York and Chicago) which should be separate entities.			auto_drafter	2026-05-17T17:07:26Z
ORG-C01250	טאָגמאָרגען זשורנאַל	Journals/ Newspapers	2	טאָגמאָרגען זשורנאַל														
ORG-C01251	טעאַטער-שפּיגעל	Journals/ Newspapers	1	טעאַטער-שפּיגעל	פאַריז		טעאַטער-שפּיגעל	פראַנקרייך										
ORG-C01252	מואָווי-קריטיקער פון דער פרעמד-שפּראַכיקער פּרעסע אין אַמעריקע	Trade Union / Professional Association	1	מואָווי-קריטיקער פון דער פרעמד-שפּראַכיקער פּרעסע אין אַמעריקע														
ORG-C01253	גרופּ-טעאַטער	Theatre	1	גרופּ-טעאַטער	ניו יאָרק				611 | 552 | 628 | 176 | 509	1.000 | 0.750 | 0.727 | 0.667 | 0.667	exact | ipa_phonetic | ipa_phonetic | ipa_phonetic | ipa_phonetic	NEW	611				Bella	2026-05-15T10:11:49Z
ORG-C01254	מאיאַ-טעאַטער	Theatre	1	מאיאַ-טעאַטער	לאָס אַנדזשעלעס		מאיאַ-טעאַטער		616 | 526 | 529 | 600 | 628	0.833 | 0.727 | 0.727 | 0.727 | 0.727	ipa_phonetic | ipa_phonetic | ipa_phonetic | ipa_phonetic | ipa_phonetic							
ORG-C01255	ען-בי-סי מאַטיינעטעאַטער	Theatre	1	ען-בי-סי מאַטיינעטעאַטער														
ORG-C01256	רינג-טעאַטער	Theatre	3	רינג-טעאַטער	ווין		רינג טעאַטער | רינג-טעאַטער		124 | 528 | 489 | 556 | 560	1.000 | 0.818 | 0.727 | 0.727 | 0.727	exact | ipa_phonetic | ipa_phonetic | ipa_phonetic | ipa_phonetic	ALIGN	124				Bella	2026-05-04T10:19:07Z
ORG-C01257	דאון טאון פֿאָלקס-שול	Education	1	דאון טאון פֿאָלקס-שול	ניו יאָָרק			אַמעריקע										
ORG-C01258	באַלעט-שול פֿון מעטראָפּאָליטאָן אָפּערע-הויז	Education	1	באַלעט-שול פֿון מעטראָפּאָליטאָן אָפּערע-הויז	ניו יאָרק		מעטראָפּאָליטאָן אָפּערע-הויז	אַמעריקע										
ORG-C01259	באַלעט-טרופּע פֿון אָפּערע-הויז	Traveling Company	1	באַלעט-טרופּע פֿון אָפּערע-הויז														
ORG-C01260	לאָבאַן טאַנץשול	Education	1	לאָבאַן טאַנץשול	ביירוט			דייטשלאַנד										
ORG-C01261	וויגמאַן-שול	Education	1	וויגמאַן-שול	דרעזדען			דייטשלאַנד										
ORG-C01262	מאַרטין בעק טעאַטער	Theatre	1	מאַרטין בעק טעאַטער	ניו יאָרק		מאַרטין בעק טעאַטער		161	0.647	ipa_phonetic							
ORG-C01263	בראָדוויי	Theatre	4	בראָדוויי	ניו יאָרק		בראָדוויי | בראָדוועי											
ORG-C01264	ישיבה-קאָלעדזש	Education	1	ישיבה-קאָלעדזש														
ORG-C01265	הסתדרות	Jewish political bodies	10	הסתדרות	לאָס אַנדזשעלעס | מיאמי | פיטסבורג			אַמעריקע | אַמעריקע										
ORG-C01266	משה שאָרס טעאַטער	Theatre	1	משה שאָרס טעאַטער	באָלטימאָר			פֿאַראייניקטע שטאָטן	577 | 616	0.600 | 0.600	ipa_phonetic | ipa_phonetic							
ORG-C01267	ברית שלום אוידיטאָריע	Theatre	1	ברית שלום אוידיטאָריע	באָלטימאָר		ברית שלום אוידיטאָריע											
ORG-C01268	אויפֿגאַנג	Publisher	4	אויפֿגאַנג	בוענאָס איירעס | האַוואַנאַ | מאַרמאַראָש סיגעט			קובאַ										
ORG-C01269	דראַמאַטישע סעקציע ביים „השומר הצעיר“	Amateur	1	דראַמאַטישע סעקציע ביים „השומר הצעיר“	כעלם			פּוילן										
ORG-C01270	קלאַראַ מאָרגענשטערענס פּריוואַטע פאָלקס שול	Education	1	קלאַראַ מאָרגענשטערענס פּריוואַטע פאָלקס שול	כעלם			פּוילן										
ORG-C01271	"פילאָלאָגישע גימנאַזיע א""נ פון סטעפאַן טשאַרנעצקי"	Education	1	"פילאָלאָגישע גימנאַזיע א""נ פון סטעפאַן טשאַרנעצקי"	כעלם			פּוילן										
ORG-C01272	שטאָטישער קאָנסערוואַטאָריע	Education	1	שטאָטישער קאָנסערוואַטאָריע	וואַרשע			פּוילן										
ORG-C01273	„אַמבו“-טעאַטער	Theatre	1	„אַמבו“-טעאַטער			„אַמבו“-טעאַטער	אַרגענטינע	296 | 489 | 526 | 529 | 552	0.692 | 0.615 | 0.615 | 0.615 | 0.615	ipa_phonetic | ipa_phonetic | ipa_phonetic | ipa_phonetic | ipa_phonetic							
ORG-C01274	גרושקאַס יידישער ראַדיאָ	Media (Radio/ Film/TV)	1	גרושקאַס יידישער ראַדיאָ	דעטראָיט			פאַראייניקטע שטאַטן										
ORG-C01275	אָרטיקן יידישן טעאַטער	Theatre	4	אָרטיקן יידישן טעאַטער | אָרטיקן יידישן טעאַטער (דיר. גימפּעל)	דעטראָיט | לאָדזש | לעמבערג | קליוולאַנד		אָרטיקן יידישן טעאַטער | אָרטיקן יידישן טעאַטער	פאַראייניקטע שטאַטן	472 | 500 | 575 | 609 | 550	0.750 | 0.750 | 0.727 | 0.667 | 0.621	ipa_phonetic | ipa_phonetic | ipa_phonetic | ipa_phonetic | ipa_phonetic							
ORG-C01276	טעגלעכע יידישע ראַדיאָ	Media (Radio/ Film/TV)	1	טעגלעכע יידישע ראַדיאָ	לאָס אַנדזשעלעס			פאַראייניקטע שטאַטן										
ORG-C01277	ווילשייער איבעל טעאַטער	Theatre	3	ווילשייער איבעל טעאַטער	לאָס אַנדזשעלעס | לאָס אַנדזשעלעסער | לאָס-אַנדזשעלעס		ווילשייער איבעל טעאַטער | ווילשייער איבעל טעאַטער	פאַראייניקטע שטאַטן										
ORG-C01278	טעמפּל	Theatre	8	טעמפּל | טעמפּל טעאַטער	בוקאַרעסט | יאָסי | לאָנדאָן		טעמפּל	רומעניע				SPLIT		Cluster contains 'Temple' theatres in distinct locations (Bucharest, Iasi, London) which are separate entities.			auto_drafter	2026-05-17T17:07:26Z
ORG-C01279	"ווינער ""רעקלאַם""-טעאַטער"	Theatre	1	"ווינער ""רעקלאַם""-טעאַטער"	ווינער		רעקלאַם-טעאַטער											
ORG-C01280	קאָאָפּעראַטיווער טרופּע	Traveling Company	11	קאָאָפּעראַטיווער טרופּע | קאָאָפּעראַטיווער טרופּע אין מאָנטרעאַל | קאָאָפּעראַטיווער טרופּע אין קלייוולאַנד | קאָאָפּעראַטיווער טרופּע אין קראָקע | קאָאָפּעראָטיווער טרופּע אין האַמעל	האַמעל | האָמעל | וואַרשע | כאָרבין | מאָנטרעאַל | קלייוולאַנד | קראָקע | ראָזאָריאַ		קאַמינסקי-טעאַטער	אָרגענטינע	521 | 322	0.667 | 0.611	ipa_phonetic | ipa_phonetic							
ORG-C01281	"וואַרשעווער טעאַטער ""נאָוואָסטשי"""	Theatre	2	"וואַרשעווער טעאַטער ""נאָוואָסטשי"""	וואַרשע | וואַרשעווער		טעאַטער נאָוואָשטשי | נאָוואָסטשי	פּוילן										
ORG-C01282	אַמעריקאַנער אַרמיי	Military	10	אַמעריקאַנער אַרמיי | אַמעריקאַנער אַרמעע			פֿראָנט | פֿראַנקרייך	פֿראַנקרייך | פֿראַנקרייך										
ORG-C01283	סאָלעיל טעאַסער	Theatre	1	סאָלעיל טעאַסער			סאָלעיל טעאַסער	אָרגענטינע	520	0.643	ipa_phonetic							
ORG-C01284	נאָוואָשטשי-טעאַטער	Theatre	12	נאָוואָשטשי-טעאַטער	וואַרשע		"'נאַוואַשטשי'-טעאָטער | וואַרשעווער „נאָוואָשטשי""-טעאַטער | נאָוואָשטשי'-טעאַטער | נאָוואָשטשי-טעאַטער | נאָוואָשטשי-טעאַטער"	פּוילן	514 | 526 | 527 | 529 | 536	0.600 | 0.600 | 0.600 | 0.600 | 0.600	ipa_phonetic | ipa_phonetic | ipa_phonetic | ipa_phonetic | ipa_phonetic							
ORG-C01285	קאָמפּאַנעיעץס טרופּע	Traveling Company	25	קאָמפּאַניעעץס טרופּע | קאָמפּאַנעיעץס טרופּע | קאָמפּאַנעיעצעס טרופּע | קאָמפּאַנעעצס טרופּע | קאָמפּאניעעץן טרופּע	וואַרשע | יעקאַטערינאָסלאָוו | כאַרקאָוו | לאָדזש | מעליטאָפּאָל		מוראַנאַווער-טעאַטער | מוראַנאָווער טעאַטער | מוראַנאָווער'-טעאַטער	אוקראַינע | פּוילן | רומעניע | רוסלאַנד	485 | 302	0.944 | 0.900	ipa_phonetic | ipa_phonetic	ALIGN	485				Sinai	2026-04-12T10:00:25Z
ORG-C01286	אַקטיאָרן-יוניע	Theatre-related Society/ Union	28	אַקטיאָרן-יוּניע (לאָקאַל 1) | אַקטיאָרן-יוניע	ניו יאָרק | ניו-יאָרק | שיקאָנאַ		אַמעריקע	אַמעריקע | אַמעריקע	496	0.643	ipa_phonetic							
ORG-C01287	גליקמאַנס טעאַטער	Traveling Company	6	גליקמאַןס טרופּע | גליקמאַנס טעאַטער	שיקאַגאָ | שיקאַגע | שיקאָגאָ | שיקאגאָ		גליקמאַנס טעאַטער | גליקמאָןס טעאַטער	אַמעריקע	325	0.600	ipa_phonetic							
ORG-C01288	דהי פיעלד סיסטערס	Traveling Company	1	דהי פיעלד סיסטערס														
ORG-C01289	יידישער ראַדיאָ	Media (Radio/ Film/TV)	7	יידישער ראַדיאָ	לעמבערג | ניו יאָרק		יידישער ראַדיאָ		461	0.643	ipa_phonetic	SPLIT		Cluster spans Lemberg and New York; 'Yiddish Radio' is likely a generic descriptor for distinct local stations in different countries.			auto_drafter	2026-05-17T17:07:26Z
ORG-C01290	בעקערס פּראָגימנאָזיע	Education	1	בעקערס פּראָגימנאָזיע			בעקערס פּראָגימנאָזיע											
ORG-C01291	פֿאָלקס אוניווערזיטעט	Education	3	פֿאָלקס אוניווערזיטעט	ניו יאָרק | קוראָוו	גייערס מאַרק	פֿאָלקס אוניווערזיטעט	אַמעריקע	590 | 587 | 588 | 595 | 530	0.700 | 0.684 | 0.667 | 0.667 | 0.650	ipa_phonetic | ipa_phonetic | ipa_phonetic | ipa_phonetic | ipa_phonetic							
ORG-C01292	האַרפע	Theatre	7	האַרפע	לאָדזש | פאַריז		דעם דראַמאַטישן קרייז | האַרפע	פראַנקרייך										
ORG-C01293	לאָדזשער העברעישער ליבהאָבער-טרופע	Traveling Company	1	לאָדזשער העברעישער ליבהאָבער-טרופע	ווין			עסטרייך										
ORG-C01294	לאָדזשער יידישן אַרטיסטן-פֿאַראיין	Theatre-related Society/ Union	1	לאָדזשער יידישן אַרטיסטן-פֿאַראיין	לאָדזש		לאָדזשער יידישן אַרטיסטן-פֿאַראיין	פּוילן										
ORG-C01295	יידישן רעפּרעזענטאַנץ-טעאַטער	Theatre	1	יידישן רעפּרעזענטאַנץ-טעאַטער	וואַרשע		נאָוואָשטשי-טעאַטער	פּוילן										
ORG-C01296	מעוטים-טעאַטער	Theatre	9	מעוטים-טעאַטער	ריגע | ריגער		לעטלאַנד | מעוטים-טעאַטער | מעוטים-טעאַטער	לעטלאַנד	536 | 553 | 509 | 555 | 556	1.000 | 0.769 | 0.692 | 0.692 | 0.692	exact | ipa_phonetic | ipa_phonetic | ipa_phonetic | ipa_phonetic	ALIGN	536				Bella	2026-05-04T10:24:09Z
ORG-C01297	דאָס נייע פּליטים-טעאַטער	Theatre	1	דאָס נייע פּליטים-טעאַטער	ניו יאָרק		דאָס נייע פּליטים-טעאַטער	אַמעריקע	536 | 553	0.611 | 0.611	ipa_phonetic | ipa_phonetic							
ORG-C01298	שוואַרץס יידישן קונסט-טעאַטער	Theatre	6	שוואַרץ יידישן קונסטטעאַטער | שוואַרץס יידישן קוּנסט-טעאַטער | שוואַרץס יידישן קונסט-טעאַטער	ניו יאָרק		שוואַרץ יידישן קונסטטעאַטער | שוואַרץס יידישן קונסט-טעאַטער	אַמעריקע	623 | 502 | 535 | 615	0.741 | 0.633 | 0.607 | 0.600	ipa_phonetic | ipa_phonetic | ipa_phonetic | ipa_phonetic							
ORG-C01299	אַנסאַמבל-טעאַטער	Theatre	1	אַנסאַמבל-טעאַטער	ניו יאָרק		אַנסאַמבל-טעאַטער	אַמעריקע	520 | 526 | 527 | 296	0.643 | 0.643 | 0.643 | 0.643	ipa_phonetic | ipa_phonetic | ipa_phonetic | ipa_phonetic							
ORG-C01300	'היינטיגע נייעס'	Journals/ Newspapers	2	'היינטיגע נייעס'	וואַרשע		היינטיגע נייעס	פּוילן										
ORG-C01301	ישיבות פֿין זאַגער	Education	1	ישיבות פֿין זאַגער														
ORG-C01302	צעירי-ציון-באַוועגונג	Jewish political bodies	1	צעירי-ציון-באַוועגונג														
ORG-C01303	אונזער לעבן	Journals/ Newspapers	2	אונזער לעבן					425 | 426	0.917 | 0.615	ipa_phonetic | ipa_phonetic	ALIGN	425	ייתכן שגיאת תעתיק- אונזער ולא אונדער			Bella	2026-04-19T07:25:37Z
ORG-C01304	לאָדזער נאַכריכטען	Journals/ Newspapers	5	לאָדזער נאַכריכטען	לאָדזש			פּוילן										
ORG-C01305	לאָדזער טאַגעבלאַט	Journals/ Newspapers	12	לאָדזער טאַגעבלאַט	לאָדז | לאָדזער | לאָדזש			פּוילן	449	0.688	ipa_phonetic							
ORG-C01306	לאָדזער פֿאָלקסבלאַט	Journals/ Newspapers	7	דאָס לאָדזער פֿאָלקסבלאַט | לאָדזער פֿאָלקסבלאַט	לאָדז | לאָדזש | לאָדזש		לאָדזער פֿאָלקסבלאַט	פּוילן										
ORG-C01307	וואַרשעווער טאָגעבלאט	Journals/ Newspapers	2	וואַרשעווער טאָגעבלאט	וואַרשע													
ORG-C01308	פֿאָלקס-פּאַרטיי	Jewish political bodies	5	פֿאָלקס-פּאַרטיי	לאָדזש | קאָוונע			פּוילן										
ORG-C01309	טעאַטער און קונסט	Journals/ Newspapers	3	טעאַטער און קונסט	לאָדזש				398	1.000	exact	ALIGN	398				Bella	2026-04-13T10:19:52Z
ORG-C01310	עקספרעס	Journals/ Newspapers	1	עקספרעס	וואַרשע													
ORG-C01311	אונדזער וועלט	Journals/ Newspapers	1	אונדזער וועלט	שאַנכיי			כינע	426	0.615	ipa_phonetic							
ORG-C01312	גאָרדין דראַמאַטיק קלוב	Theatre	3	גאָרדין דראַמאַטיק קלוב | גאָרדין דראַמאָטיק קלאָב	לאָס אַנדזשעלאַס | פֿילאַדעלפיע		גאָרדין דראַמאַטיק קלוב	אַמעריקע										
ORG-C01313	קאָאָפּעראַטיווע סטאָר-טרופּע	Traveling Company	1	קאָאָפּעראַטיווע סטאָר-טרופּע														
ORG-C01314	יאַראָטשינסקיס תלמוד תורה	Education	3	יאַראָטשינסקיס תלמוד תורה	לאָדזש		יאַראָטשינסקיס תלמוד תורה	פּוילן										
ORG-C01315	זלמן זילבערצווייגס האַלב-פּראָפעסיאנעלע טרופּע	Traveling Company	2	זלמן זילבערצווייגס האַלב-פּראָפעסיאנעלע טרופּע	לאָדזש			פּוילן										
ORG-C01316	גרויסן טעאַטער	Theatre	11	גרויסן טעאַטער	אָדעס | וואַרשע | לאָדזש | לאָדזש		גרויסן טעאַטער | גרויסן טעאַטער	פּוילן	263 | 252 | 124 | 552 | 553	0.923 | 0.692 | 0.615 | 0.615 | 0.615	ipa_phonetic | ipa_phonetic | ipa_phonetic | ipa_phonetic | ipa_phonetic	ALIGN	263				Bella	2026-04-19T07:36:44Z
ORG-C01317	לינקער פּועלי ציון פאַרטיי	Jewish political bodies	2	לינקער פּועלי ציון פאַרטיי														
ORG-C01318	אַרבעטער היים	Publisher	5	אַרבעטער היים	וואַרשע | ריגע	קאַרמעליצ קע 23	אַרבעטער-היים | ריגער פֿאַרלאָג											
ORG-C01319	קאָוונער יידישן מלוכה-טעאַטער	Theatre	2	קאָוונער יידישן מלוכה-טעאַטער	קאָוונע		קאָוונער יידישן מלוכה-טעאַטער | קאָוונער יידישן מלוכה-טעאַסער	ליטע	518 | 505 | 515 | 519 | 478	1.000 | 0.885 | 0.885 | 0.885 | 0.857	exact | ipa_phonetic | ipa_phonetic | ipa_phonetic | ipa_phonetic	NEW	518				Sinai	2026-04-28T04:54:40Z
ORG-C01320	„סירענאַ“-טעאַטער	Theatre	1	„סירענאַ“-טעאַטער			„סירענאַ“-טעאַטער		528 | 557 | 631 | 124 | 151	0.667 | 0.667 | 0.667 | 0.600 | 0.600	ipa_phonetic | ipa_phonetic | ipa_phonetic | ipa_phonetic | ipa_phonetic							
ORG-C01321	אַרבעטער-רינג קעמפּ „קינדער-רינג“	Education	1	אַרבעטער-רינג קעמפּ „קינדער-רינג“														
ORG-C01322	אינסטיטוט פֿאַר יידישער דערציאונג	Education	6	אינסטיטוט פאַר יידישער דערצואונג | אינסטיטוט פֿאַר יידישער דערציאונג | אינסטיטיט פֿאַר יידישער דערציאונג	לאָס אַנדזשעלעס | לאָס-אַנדזשעלעס		אינסטיטוט פאַר יידישער דערצואונג | אינסטיטוט פֿאַר יידישער דערציאונג | אינסטיטיט פֿאַר יידישער דערציאונג	אַמעריקע										
ORG-C01323	פּאָבליק און האָי-סקול	Education	14	פּאָבליק און האָי-סקול | פּאָבליק-און האי-סקול | פּובליק און האי-סקול	שיקאָגאָ		פּאָבליק און האָי-סקול | פּובליק און האי-סקול	אַמעריקע | אַמעריקע										
ORG-C01324	האָנטער קאָלעדזש	Education	3	האָנטער קאָלעדזש	ניו-יאָרק		האָנטער קאַלעדזש											
ORG-C01325	גילד-טעאַטער	Theatre	1	גילד-טעאַטער		בראָדוועי	גילד-טעאַטער		552 | 553 | 123 | 124 | 528	0.750 | 0.750 | 0.727 | 0.727 | 0.727	ipa_phonetic | ipa_phonetic | ipa_phonetic | ipa_phonetic | ipa_phonetic							
ORG-C01326	יידישער טעאַטער-געזעלשאַפט	Theatre-related Society/ Union	14	יידישער טעאַטער-געזעלשאַפט	בערלין | ווילנע | לאָס אַנדזשעלעס | לעמבערג | ניו-יאָרק		יידישער טעאַטער געזעלשאַפט | יידישער טעאַטערגעזעלשאַפֿט	דייטשלאַנד	446	0.667	ipa_phonetic	SPLIT		Generic name 'Yiddish Theatre Society' associated with multiple distinct cities (Berlin, Vilna, LA, Lemberg, NY) indicates separate local organizations.			auto_drafter	2026-05-17T17:07:26Z
ORG-C01327	פֿילהאַרמאַניק-אוידיטאָריום	Theatre	1	פֿילהאַרמאַניק-אוידיטאָריום	לאָס אַנדזשעלעס		פֿילהאַרמאַניק-אוידיטאָריום											
ORG-C01328	האַליוואוד-באָל	Theatre	1	האַליוואוד-באָל			האַליוואוד-באָל											
ORG-C01329	גריק-טעאַטער	Theatre	1	גריק-טעאַטער			גריק-טעאַטער		176 | 611 | 552 | 553 | 616	0.833 | 0.818 | 0.750 | 0.750 | 0.750	ipa_phonetic | ipa_phonetic | ipa_phonetic | ipa_phonetic | ipa_phonetic							
ORG-C01330	גילמאָרסטאַדיום	Theatre	1	גילמאָרסטאַדיום			גילמאָרסטאַדיום											
ORG-C01331	ווילשעיר איבעל-טעאַטער	Theatre	1	ווילשעיר איבעל-טעאַטער			ווילשעיר איבעל-טעאַטער											
ORG-C01332	שריין אוידיטאָריע	Theatre	1	שריין אוידיטאָריע			שריין אוידיטאָריע											
ORG-C01333	יידישן קינדער-טעאַטער	Theatre	4	יידישן קינדער-טעאַטער	לאָס אַנדזשעלעס | קיעוו		ווילשייער איבעל טעאַטער | יידישן קינדער-טעאַטער		480	0.700	ipa_phonetic	SPLIT		Cluster contains distinct entities in Kiev and Los Angeles; candidate is a Baku-based workers' theatre, not a match.			auto_drafter	2026-05-17T17:07:26Z
ORG-C01334	יידייכער מיטלשול	Education	1	יידייכער מיטלשול			יידייכער מיטלשול											
ORG-C01335	סענטער-געזעלשאָפֿט	Publisher	1	סענטער-געזעלשאָפֿט			סענטער-געזעלשאָפֿט											
ORG-C01336	קילאָגראַפי פֿאַרלאָג	Publisher	1	קילאָגראַפי פֿאַרלאָג			קילאָגראַפי פֿאַרלאָג											
ORG-C01337	גימנאַזיע פֿון יאָדוויגאַ קרזשעמאָווסקאַ	Education	1	גימנאַזיע פֿון יאָדוויגאַ קרזשעמאָווסקאַ														
ORG-C01338	קאַטאָוויצער קאָנסערוואַטאָריע	Education	1	קאַטאָוויצער קאָנסערוואַטאָריע														
ORG-C01339	דראַמאַטישער געזעלשאַפֿט „מוזאָ“	Theatre	1	דראַמאַטישער געזעלשאַפֿט „מוזאָ“														
ORG-C01340	אַדאָלף מעלצערס ווינטערטעאַטער	Theatre	1	אַדאָלף מעלצערס ווינטערטעאַטער	קראָקע		אַדאָלף מעלצערס ווינטערטעאַטער											
ORG-C01341	קאַטאָוויצער אָפּערע	Theatre	1	קאַטאָוויצער אָפּערע					532	0.625	ipa_phonetic							
ORG-C01342	האַוואַנער קאַבאַרע „סאַן סוסי“	Theatre	1	האַוואַנער קאַבאַרע „סאַן סוסי“	האַוואַנאַ		האַוואַנער קאַבאַרע „סאַן סוסי“	קובא										
ORG-C01343	יידישער טעאַטער-טרופּע פֿון מאָריס בראון און גינטער	Traveling Company	1	יידישער טעאַטער-טרופּע פֿון מאָריס בראון און גינטער	האָוואַנאַ													
ORG-C01344	„פאַקס“	Publisher	1	„פאַקס“														
ORG-C01345	„פאַראַמאונט“	Publisher	1	„פאַראַמאונט“														
ORG-C01346	„פֿיגעראַאַ פלעי האוז“	Theatre	1	„פֿיגעראַאַ פלעי האוז“														
ORG-C01347	„מעיסאָן אָפּערע-האוז“	Theatre	1	„מעיסאָן אָפּערע-האוז“														
ORG-C01348	ראָסע בעטאַנקורס אָרקעסטער	Traveling Company	1	ראָסע בעטאַנקורס אָרקעסטער	שיקאַגאָ													
ORG-C01349	„פּאָלמער-האוז“	Theatre	1	„פּאָלמער-האוז“														
ORG-C01350	„האָטעל וואודראָ“	Theatre	1	„האָטעל וואודראָ“														
ORG-C01351	אָרקעסטער פֿון ראָמאָן אָריאַס	Traveling Company	1	אָרקעסטער פֿון ראָמאָן אָריאַס														
ORG-C01352	די-יו-עס אַ מיליטערישע קעמפּס	Not an organization	1	די-יו-עס אַ מיליטערישע קעמפּס														
ORG-C01353	זילבערצווייגס יידישע ראָדיאָ	Media (Radio/ Film/TV)	2	זילבערצווייגס יידישע ראָדיאָ														
ORG-C01354	דר. באַראַטאָוו מצבה-קאָמיטעט	Theatre-related Society/ Union	1	דר. באַראַטאָוו מצבה-קאָמיטעט														
ORG-C01355	דוד פינסקי צווייג פֿון פֿאַרבאַנד	Jewish political bodies	1	דוד פינסקי צווייג פֿון פֿאַרבאַנד														
ORG-C01356	אַליהו טענענהאַלצס יוביליי-קאָמיטעט	Theatre-related Society/ Union	1	אַליהו טענענהאַלצס יוביליי-קאָמיטעט														
ORG-C01357	אסתר הירשביין-שומיאַטשער בוך-קאָמיטעט	Publisher	1	אסתר הירשביין-שומיאַטשער בוך-קאָמיטעט														
ORG-C01358	ברוקלינער פּאַרקוועי-טעאַטער	Theatre	2	ברוקלינער פּאַרקוועי-טעאַטער	ברוקלין | ברוקלינער		"ברוקלינער פּאַרקוועי-טעאַטער | „פאַרקוועי""-טעאַטער"	אמעריקע										
ORG-C01359	ווינער מאָרגען-צייטונג	Journals/ Newspapers	2	ווינער מאָרגען-צייטונג					347	0.619	ipa_phonetic							
ORG-C01360	די יודישע קינסטלער שפּילע	Theatre	1	די יודישע קינסטלער שפּילע	ווין	פּראַטערשטראַסע	פּראַטערשטראַסע											
ORG-C01361	שיקאַגער דאָגלעס-טעאַטער	Theatre	2	שיקאַגער דאָגלעס-טעאַטער	שיקאַגאָ		"דאָגלעס-טעאַטער | „דאָגלעס""-טעאַטער"											
ORG-C01362	לאָנדאָנער יידישן פֿאָלקס-טעאַטער	Theatre	1	לאָנדאָנער יידישן פֿאָלקס-טעאַטער	לאָנדאָן		לאָנדאָנער יידישן פֿאָלקס-טעאַטער		565 | 541 | 615 | 472 | 478	1.000 | 0.821 | 0.767 | 0.714 | 0.714	exact | ipa_phonetic | ipa_phonetic | ipa_phonetic | ipa_phonetic	NEW	565				Bella	2026-05-04T08:33:09Z
ORG-C01363	ניו יאָרקער פּאָבליק טעאַטער	Theatre	7	ניו יאָרקער פּאָבליק טעאַטער	ניו יאָרק | ניו יאָרקער | ניו-יאָרק | ניו-יאָרקער		ניו יאָרקער פּאָבליק טעאַסער | פּאָבליק טעאַטער | פּאָבליק טעאַטער | פּאָבליק-טעאַטער		615	0.633	ipa_phonetic							
ORG-C01364	טעקניקל קאָלעדזש-טעאַטער	Theatre	1	טעקניקל קאָלעדזש-טעאַטער	יאָהאַנעסבורג		טעקניקל קאָלעדזש-טעאַטער	דרום-אפריקע										
ORG-C01365	"טעאַסער „אַרכענטינע"""	Theatre	1	"טעאַסער „אַרכענטינע"""			"טעאַסער „אַרכענטינע"""	אַרגענטינע										
ORG-C01366	רעאַל-גימנאַזיע	Education	3	רעאַל-גימנאַזיע	וואַרשע | ווילנע													
ORG-C01367	ליראַ	Theatre	1	ליראַ	טשענסטאָכאָוו		ליראַ	פּוילן										
ORG-C01368	טעאַטער פאַריסקי	Theatre	1	טעאַטער פאַריסקי	טשענסטאָכאָוו		"קינאָ-טעאַטער „טעאַטער פאַריסקי"""	פּוילן	581	0.714	ipa_phonetic							
ORG-C01369	טעאַטער אויף דער אַריאַנ בורגער שטראַסע	Theatre	1	טעאַטער אויף דער אַריאַנ בורגער שטראַסע	בערלין	אַריאַנ בורגער שטראַסע	טעאַטער אויף דער אַריאַנ בורגער שטראַסע	דויטשלאַנד										
ORG-C01370	יידישער וואָדעווייל-יוניאָן לאָקאָל 5	Theatre-related Society/ Union	1	יידישער וואָדעווייל-יוניאָן לאָקאָל 5														
ORG-C01371	שנורס וואָדעוויל-הויז	Theatre	1	שנורס וואָדעוויל-הויז														
ORG-C01372	פּלאַזאַ טעאַטער	Theatre	2	פּלאַזאַ טעאַטער					600 | 627 | 426 | 235	0.667 | 0.615 | 0.615 | 0.600	ipa_phonetic | ipa_phonetic | ipa_phonetic | ipa_phonetic							
ORG-C01373	מעקילני סקווער טעאַטער	Theatre	1	מעקילני סקווער טעאַטער														
ORG-C01374	לעגיטים טעאַטער	Theatre	2	לעגיטים טעאַטער | לעניטים טעאַטער	מאָנטרעאַל				536 | 553 | 176	0.714 | 0.714 | 0.643	ipa_phonetic | ipa_phonetic | ipa_phonetic							
ORG-C01375	גרין סטריט טעאַטער	Theatre	2	גרין סטריט טעאַטער	פֿילאַדעלפיע | פֿילאדעלפֿייער		גרין סטריט טעאַטער		513	0.632	ipa_phonetic							
ORG-C01376	איסט סייד טעאַטערס	Theatre	1	איסט סייד טעאַטערס														
ORG-C01377	יידישן אַקטיאָרן קלוב	Theatre-related Society/ Union	2	יידישן אַקטיאָרן קלוב	לאָס אַנדזשעלעס | ניו יאָרק	31 איסט זיבעטע גאַס	בנין פֿון דער יידישער אַקטיאָרן-יוניע											
ORG-C01378	פֿילאָדעלפֿיער טרופּע	Traveling Company	1	פֿילאָדעלפֿיער טרופּע	פֿילאָדעלפֿיער				554 | 566	0.647 | 0.647	ipa_phonetic | ipa_phonetic							
ORG-C01379	ניו יאָרקער אוניווערזיטעט	Education	5	ניו אַרקער אוניווערזיטעט | ניו יאָרקער אוניווערזיטעט	ניו אַרקער | ניו יאָרק | ניו יאָרקער		ניו יאָרקער אוניווערזיטעט	אַמעריקע	487 | 561 | 587 | 588 | 530	0.652 | 0.652 | 0.652 | 0.652 | 0.609	ipa_phonetic | ipa_phonetic | ipa_phonetic | ipa_phonetic | ipa_phonetic							
ORG-C01380	טאַראַנטער אוניווערזיטעט	Education	1	טאַראַנטער אוניווערזיטעט	טאַראַנטאָ		טאַראַנטער אוניווערזיטעט	קאַנאַדע	585 | 587 | 561 | 588 | 589	0.762 | 0.762 | 0.714 | 0.714 | 0.714	ipa_phonetic | ipa_phonetic | ipa_phonetic | ipa_phonetic | ipa_phonetic							
ORG-C01381	פּועלי ציון-באַוועגונג	Jewish political bodies	2	פּועלי ציון-באַוועגונג	סט. לואיס			אַמעריקע										
ORG-C01382	הזמיר קאָנצערט ביוראָ	Business	1	הזמיר קאָנצערט ביוראָ			קאַנאַדע	קאַנאַדע										
ORG-C01383	ליאַ לאָרגמאַנס טרופּע	Traveling Company	1	ליאַ לאָרגמאַנס טרופּע	סאָן פראַנציסקאָ		ליאַ לאָרגמאַנס טרופּע		325 | 313 | 492	0.667 | 0.632 | 0.600	ipa_phonetic | ipa_phonetic | ipa_phonetic							
ORG-C01384	קייט-טרופּע	Traveling Company	2	קייט-טרופּע														
ORG-C01385	"טרופּע א""ל פֿון מאָריס בראַון און מאָריס געלבער"	Traveling Company	1	"טרופּע א""ל פֿון מאָריס בראַון און מאָריס געלבער"														
ORG-C01386	יידישע אַרטיסטן און פֿריינט	Theatre-related Society/ Union	1	יידישע אַרטיסטן און פֿריינט														
ORG-C01387	יידישן טעאַטער	Theatre	218	"יידיש טעאַטער אין בערלין | יידיש טעאַטער אין ד. פּ.-לאַגער אין לינץ | יידיש טעאַטער אין דאַנציג | יידיש טעאַטער אין די עסטרייכישע לאַגערן פֿאַר פליכטלינגע | יידיש טעאַטער אין מינסק | יידיש טעאַטער אין פּאַריז | יידיש טעאַטער אין פּאָלטאָוואָ | יידיש טעאַטער אין ראָסטאָוו | יידיש טעאַטער אין „קאָלאָסעיום""-טעאַטער | יידיש טעאַטער אין אַרגענטינע | יידיש טעאַטער אין וואַרשע אויפֿן מוראַנאָווער פּלאַץ | יידישן טעאַטער | יידישן טעאַטער („פאַוויליאָן ביי זיגמונט פֿיינמאַן) | יידישן טעאַטער אין אָדעס | יידישן טעאַטער אין אָמעריקע | יידישן טעאַטער אין אָרגענטינע | יידישן טעאַטער אין אורוגוויי | יידישן טעאַטער אין בוענאָס-איירעס | יידישן טעאַטער אין בוקאַרעסט | יידישן טעאַטער אין דעטראָיט | יידישן טעאַטער אין וואַרשע | יידישן טעאַטער אין ווילנע | יידישן טעאַטער אין ווין | יידישן טעאַטער אין טשעלסי | יידישן טעאַטער אין טשערנאָוויץ | יידישן טעאַטער אין לעמבערג | יידישן טעאַטער אין לאָדזש | יידישן טעאַטער אין מאָנטרעאל | יידישן טעאַטער אין נואַרק | יידישן טעאַטער אין נידער-שלעזיען | יידישן טעאַטער אין פּוילן | יידישן טעאַטער אין פאַריז | יידישן טעאַטער אין קאָוונע | יידישן טעאַטער אין קאָנאַטאָפּ | יידישן טעאַטער אין קיעוו | יידישן טעאַטער אין קלוב אויף האַנדוויטש 10 | יידישן טעאַטער אין קראָקע | יידישן טעאַטער אין רומעניע | יידישן טעאַטער אין רוסלאַנד | יידישן טעאַטער אין שיקאַגאָ | יידישן טעאַטער אין פֿילאַדעלפיע | יידישן טעאַטער אין געטאָ | יידישן טעאַטער אין ווילנער געטאָ | יידישן טעאַטער אין יאָס | יידישן טעאַטער אין לעמבער | יידישן טעאַטער אין ניו יאָרק | יידישן טעאַטער אין קייפּטאָן | יידישן טעאַטער אין פֿילאָדעלפיע | יידישע טעאַטער געזעלשאַפֿט | יידישע טעאַטערס | יידישע טעאַטערס אין וואַרשע | יידישער טעאַטער אין ריגע"	אָדעם | אָדעס | באָלטימאָר | באָסטאָן | בודאָפּעסט | בוענאָס איירעס | בוענאָס- איירעס | בוענאָס-איירעס | בוקאַרעסט | בוקאַרעשט | ביראַ בידזשאַן | בערלין | דאַנציג | דעטראָיט | דענווער | האַוואַנאַ | וואַרשע | ווילנע | ווין | זשיטאָמיר | טשעלסי | טשענסטאָכאָוו | טשערנאָוויץ | יאַסי | יאָס | יאָסי | יאס | כאַרקאָוו | לאָדזש | לאָנדאָן | לינץ | לינץ (עסטרייך) | לעמבער | לעמבערג | לאָדזש | מאַנטרעאָל | מאָנטרעאַל | מאָנטרעאָל | מאָנטרעאל | מינסק | מעקסיקאָ | נואַרק | ניו יאָרק | ניו-יאָרק | פּאַריז | פּאָלטאָוואָ | פּעטערבורג | פאַריז | קאָוונע | קאָנאַטאָפּ | קייפּטאָן | קיעוו | קליוולאַנד | קראָקע | ראָסטאָוו | ריגע | שיקאַגאָ | שיקאָגאָ | שיקאגאָ | פֿילאַדעלפיע | פֿילאָדעלפיע | פֿילאדעלפיע | פֿראַנקפורט	האַנדוויטש 10 | זולועטאָ 37 | סטראַשון גאַס 7 | פּיעדראַס 564	"אַמעריקע | אָמעריקע | אָרטיקן יידישן טעאַטער | אין געטאָ | גימפּעל | ד. פּ.-לאַגער | דאָרטיקן יידישן טעאַטער | האַנדוויטש 10 | טשילע | יידישן טעאַטער | יידישן טעאַטער אין טשעלסי | יידישן טעאַטער אין נואַרק | יידישן טעאַַטער | יידישן טעאַטער | יידישער טעאַטער | לאַגערן פֿאַר פליכטלינגע | לעמבערגער טעאַטער | מוראַנאָווער פּלאַץ | ניו יאָרק און סביבה | פּוילן | פּיעדראַס 564 | פאַוויליאָן | רומעניע | רוסלאַנד | „קאָלאָסעיום""-טעאַטער"	אַמעריקע | אַרגענטינע | אָמעריקע | אָרגענטינע | אורוגוויי | אמעריקע | אפריקע | דייטשלאַנד | דרום-אפריקע | טשילע | ליטע | לעטלאַנד | מעקסיקאָ | ענגלאַנד | עסטרייך | פּוילן | פראַנקרייך | פראנקרייך | קאַנאַדע | קאָנאָדע | קובאַ | רומעניע | רוסלאַנד | אַמעריקע	500 | 472 | 176 | 252 | 263	0.684 | 0.650 | 0.615 | 0.615 | 0.615	ipa_phonetic | ipa_phonetic | ipa_phonetic | ipa_phonetic | ipa_phonetic	SPLIT					Sinai	2026-05-18T04:17:40Z
ORG-C01388	יידישן דראַמאַטיק-קלוב	Theatre	1	יידישן דראַמאַטיק-קלוב	מילוואָקי													
ORG-C01389	שיקאַגער קוריער	Journals/ Newspapers	1	שיקאַגער קוריער	שיקאַגאָ													
ORG-C01390	מיר שיקאַגאָ	Theatre-related Society/ Union	1	מיר שיקאַגאָ														
ORG-C01391	משה סקולניקס טרופּע	Traveling Company	1	משה סקולניקס טרופּע														
ORG-C01392	"„עמבעסי אוידיטאָריע"""	Theatre	1	"„עמבעסי אוידיטאָריע"""	לאָס אַנדזשעלעס		"„עמבעסי אוידיטאָריע"""											
ORG-C01393	ענדערסאָן-טעאַטער	Theatre	3	ענדערסאָן-טעאַטער	ניו יאָרק	4-טע סטריט	"„ענדערסאָן""טעאַטער"		235 | 526 | 622 | 604 | 151	0.667 | 0.667 | 0.667 | 0.632 | 0.600	ipa_phonetic | ipa_phonetic | ipa_phonetic | ipa_phonetic | ipa_phonetic							
ORG-C01394	לעמבערגער ישיבה	Education	2	לעמבערגער ישיבה	לעמבערג													
ORG-C01395	הבימה בלבוב	Theatre	1	הבימה בלבוב	לבוב													
ORG-C01396	"אַרטיקער פּוילישער דראַמאַטישער שול א""א פֿון קרייזשיזשאַנאָווסקי און פֿראַנטשקאָווסקי"	Education	1	"אַרטיקער פּוילישער דראַמאַטישער שול א""א פֿון קרייזשיזשאַנאָווסקי און פֿראַנטשקאָווסקי"														
ORG-C01397	ריינהאַרד דראַמאַטישער שול ביים יאָזעפשטאַדט טעאַטער	Education	1	ריינהאַרד דראַמאַטישער שול ביים יאָזעפשטאַדט טעאַטער														
ORG-C01398	תיאָטרון עברי	Theatre	4	תיאָטרון עברי	אַרץ-ישראל | אָרץ ישראל		אין אַרץ-ישראל | תיאטרון עברי	אַרץ ישראל | אַרץ-ישראל										
ORG-C01399	ועדת התרבות	Jewish political bodies	1	ועדת התרבות														
ORG-C01400	אַסטיודענפֿאַרבאַנד	Welfare/Aid organization	1	אַסטיודענפֿאַרבאַנד	בערלין													
ORG-C01401	דער קוואַל	Journals/ Newspapers	2	דער קוואַל	ווין				216 | 219	0.625 | 0.625	ipa_phonetic | ipa_phonetic							
ORG-C01402	יידישע קולטור-געזעלשאַפט	Trade Union / Professional Association	5	יידישע קולטור-געזעלשאַפט | יידישער קולטור-געזעלשאַפט ('איקוף')	וואַרשעווער געטאָ | ניו יאָרק | ניו-יאָרק | קליוולאַנד | שיקאַגאָ	1100 קעדזי עוועניו | קינסמאַן און 135-טע גאַס	יידישע קולטור-געזעלשאַפט | כיטי קאָלעדזש | קאונסיל עדוקיישאָנעל עלייענס | קעלער פון דעם הויז		446	0.652	ipa_phonetic	SPLIT		Cluster spans distinct entities (IKUF) in Warsaw Ghetto, NYC, Chicago, and Cleveland; name is a common organizational designation.			auto_drafter	2026-05-17T17:07:26Z
ORG-C01403	יידיש	Publisher	5	יידיש	וואַרשע | ווין | כאָרקאָוו		יידיש											
ORG-C01404	דווקיישאָנעל עלייענס	Theatre	1	דווקיישאָנעל עלייענס														
ORG-C01405	לאַגאָן סקווער-טעאַטער	Theatre	1	לאַגאָן סקווער-טעאַטער	שיקאַגא				604	0.632	ipa_phonetic							
ORG-C01406	קלינטאָן סטריט טעאַטער	Theatre	2	קלינטאָן סטריט טעאַטער			קלינטאָן סטריט-טעאַטער	אַמעריקע	513	0.600	ipa_phonetic							
ORG-C01407	וו. פּ. א.-טעאַטער	Theatre	1	וו. פּ. א.-טעאַטער					514	0.600	ipa_phonetic							
ORG-C01408	עקטאָרס לאַבאַראַטאָרי	Theatre	2	עקטאָרס לאַבאַראַטאָרי | עקטאָרס לאָבאַראַטאָרי טעאַטער														
ORG-C01409	מיר שיקאגער	Theatre-related Society/ Union	1	מיר שיקאגער														
ORG-C01410	יידישע אַרבעטער בינע יעקב גאָרדין	Theatre	2	יידישע אַרבעטער בינע יעקב גאָרדין	לעמבערג													
ORG-C01411	אָדאָן-טעאַטער	Theatre	2	אָדאָן-טעאַטער	ניו יאָרק				526 | 552 | 527 | 252 | 557	1.000 | 0.750 | 0.714 | 0.692 | 0.667	exact | ipa_phonetic | ipa_phonetic | ipa_phonetic | ipa_phonetic	NEW	526	לבדוק כתיב			Bella	2026-04-28T15:16:50Z
ORG-C01412	סיוויק פלעיהויז	Theatre	1	סיוויק פלעיהויז														
ORG-C01413	אייוואַר טעאַטער	Theatre	3	אייוואַר טעאַטער	לאָס אַנדזשעלעס | לאָס-אַנדזשעלעס		אייוואַר טעאַטער	אַמעריקע	560 | 630 | 426 | 526 | 553	0.692 | 0.692 | 0.692 | 0.615 | 0.615	ipa_phonetic | ipa_phonetic | ipa_phonetic | ipa_phonetic | ipa_phonetic							
ORG-C01414	אונדזער קעמפּ	Not an organization	2	אונדזער קעמפּ														
ORG-C01415	פּראָגרעס	Publisher	4	פּראָגרעס	וואַרשע | נ. י.			פּוילן	57	1.000	exact	ALIGN	57				Bella	2026-04-13T10:33:11Z
ORG-C01416	לעצטע נייס	Journals/ Newspapers	2	לעצטע נייס	ווילנע													
ORG-C01417	יידישער הייסטאָריש-עטנאָגראַפישער געזעלשאַפֿט	Heritage Institution	2	יידישער הייסטאָריש-עטנאָגראַפישער געזעלשאַפֿט | ייודישער הייסטאָריש-עטנאָגראָפֿישער געזעלשאָפֿט	ווילנע | פּעטערבורג													
ORG-C01418	מינסקער שטאָט-שול	Education	1	מינסקער שטאָט-שול	מינסק													
ORG-C01419	ניו יאָרקער געשאַנאַל יידישן וואָדעוויל-טעאַטער	Theatre	1	ניו יאָרקער געשאַנאַל יידישן וואָדעוויל-טעאַטער	ניו יאָרק		געשאַנאַל יידישן וואָדעוויל-טעאַטער		615	0.650	ipa_phonetic							
ORG-C01420	פֿאַרבאַנד-טרופּע	Traveling Company	2	פֿאַרבאַנד-טרופּע				קאַנאַדע	521	0.643	ipa_phonetic							
ORG-C01421	לעיבאָרטעמפּל	Theatre	1	לעיבאָרטעמפּל														
ORG-C01422	אַררט	Theatre	8	אַררט	ווילנע | לאָדזש | לאָדזשער		"לאָדזש | „אַררט"""	פּוילן	488	0.800	ipa_phonetic							
ORG-C01423	סקאַלאַ	Theatre	8	סקאַלאַ	וואַרשע | וואַרשעווער | לאָדזש | לאָדזש	דזשעלנע גאַס	וואַרשעווער סקאָלאָ | סקאַלאַ | סקאַלאָ טעאַטער	פּוילן										
ORG-C01424	"קאַמינסקאַ""-טעאַטערס"	Theatre	1	"קאַמינסקאַ""-טעאַטערס"														
ORG-C01425	"„לי לה לו"""	Theatre	1	"„לי לה לו"""														
ORG-C01426	ערשטע יידישע ביבליאָטעק	Library	1	ערשטע יידישע ביבליאָטעק	סאַנדאמיר			פּוילן										
ORG-C01427	יידישן פּראָפעסיאָנעלן פֿאַראיין	Trade Union / Professional Association	1	יידישן פּראָפעסיאָנעלן פֿאַראיין	סאַנדאמיר			פּוילן										
ORG-C01428	ערשטע מאָדערנע שול	Education	1	ערשטע מאָדערנע שול	סאַנדאמיר			פּוילן										
ORG-C01429	די בע צע נאַכריכטען	Journals/ Newspapers	1	די בע צע נאַכריכטען			דייטשלאַנד	דייטשלאַנד										
ORG-C01430	פֿרייהייט דראַמאַטישער פאַראיין	Theatre	1	פֿרייהייט דראַמאַטישער פאַראיין	קליוולאַנד			אַמעריקע	474	0.621	ipa_phonetic							
ORG-C01431	אַרבעטער רינג לערער-סעמינאַר	Education	1	אַרבעטער רינג לערער-סעמינאַר	ניו יאָרק			אַמעריקע										
ORG-C01432	יידישן אַרבעטער אוניווערזיטעט	Education	1	יידישן אַרבעטער אוניווערזיטעט	ניו יאָרק			אַמעריקע	585	0.630	ipa_phonetic							
ORG-C01433	זשורנאָל פון יידישע אַרבעטער-קלובן	Journals/ Newspapers	1	זשורנאָל פון יידישע אַרבעטער-קלובן														
ORG-C01434	דזשאַן האָפּקינס אוניווערזיטעט	Education	1	דזשאַן האָפּקינס אוניווערזיטעט	באַלטימאָר			אַמעריקע	530	0.600	ipa_phonetic							
ORG-C01435	קאַל. יום-טוב בלעטער	Journals/ Newspapers	1	קאַל. יום-טוב בלעטער	לאָס אַנדזשעלעס			אַמעריקע										
ORG-C01436	חשבון	Journals/ Newspapers	1	חשבון	לאָס אַנדזשעלעס			אַמעריקע										
ORG-C01437	דראַמאַטישער שול פֿון צעזאָר גרינבערג	Education	1	דראַמאַטישער שול פֿון צעזאָר גרינבערג														
ORG-C01438	מעטראָפּאָליטאָן-טעאַטער	Theatre	12	מעטראָפּאָליטאַן-טעאַטער | מעטראָפּאָליטאָן-טעאַטער	בראַנזווייל | נואַרק | נואָרק | נוארק | נויאָרק | שיקאַגאָ | שיקאָגאָ | פֿילאַדעלפיע		מעטראָפּאָליטאַן-טעאַטער | מעטראָפּאָליטאָן טעאַטער | מעטראָפּאָליטאָן-טעאַטער | מעטראָפּאָליטאן טעאַטער | מעטראָפּאָליטען-טעאַטער		514	0.632	ipa_phonetic	SPLIT		Cluster contains Metropolitan Theatre mentions across multiple distinct cities (Chicago, Newark, Philadelphia, NYC) which are historically separate entities.			auto_drafter	2026-05-17T17:07:26Z
ORG-C01439	דראַמאַטישער שול	Education	13	די דראַמאַטישע סטודיע | דראַמאַטישע סטודיע אין ניו סקול און סאָשל ריסווירטש | דראַמאַטישע שול | דראַמאַטישער שול	בוענאָס-איירעס | וואַרשע | ווילנע | ווין | כאַרקאָוו | לאָדזש | ניו יאָרק | קיעוו		דראַמאַטישער שול | שטאָט-טעאַטער	אוקראַאינע										
ORG-C01440	מענדל עלקינס דראַמאַטישער שול	Education	1	מענדל עלקינס דראַמאַטישער שול	ניו יאָרק		מענדל עלקינס דראַמאַטישער שול											
ORG-C01441	לעגיטימן ענגלישן טעאַטער	Theatre	1	לעגיטימן ענגלישן טעאַטער														
ORG-C01442	וו. פ. א.	Theatre	2	וו. פ. א.	ניו יאָרק													
ORG-C01443	דראַמאַטישע קורסן ביי דוד הערמאַן	Education	1	דראַמאַטישע קורסן ביי דוד הערמאַן	וואַרשע													
ORG-C01444	"דראַמאַטישער סעקציע ביי דער „אַרבעטער היים"""	Theatre	1	"דראַמאַטישער סעקציע ביי דער „אַרבעטער היים"""	וואַרשע		טאָרלא											
ORG-C01445	פּראָדעט	Theatre	1	פּראָדעט	דעטראיט													
ORG-C01446	ליטמאַנס אָרטיקן יידישן טעאַטער	Theatre	1	ליטמאַנס אָרטיקן יידישן טעאַטער	דעטראיט													
ORG-C01447	יידישע קאָמיוניטי סענטערס	Welfare/Aid organization	1	יידישע קאָמיוניטי סענטערס	לאָס אַנדזשעלעס													
ORG-C01448	ל. א. יידישן קולטור-קלוב	Theatre-related Society/ Union	2	ל. א. יידישן קולטור-קלוב	לאָס אַנדזשעלעס | לאָס-אַנדזשעלעס		ל. א. יידישן קולטור-קלוב											
ORG-C01449	טרופּע פֿון בערמאַן	Traveling Company	2	טרופּע פֿון בערמאַן	רוסלאַנד און בעסאַראַביע				596 | 542 | 626 | 283 | 523	0.750 | 0.688 | 0.688 | 0.647 | 0.647	ipa_phonetic | ipa_phonetic | ipa_phonetic | ipa_phonetic | ipa_phonetic							
ORG-C01450	טרופּע פֿון עסקין	Traveling Company	1	טרופּע פֿון עסקין	רוסלאַנד און בעסאַראַביע				596 | 486 | 542 | 523 | 483	1.000 | 0.733 | 0.733 | 0.706 | 0.667	exact | ipa_phonetic | ipa_phonetic | ipa_phonetic | ipa_phonetic	NEW	596				Bella	2026-05-10T09:49:04Z
ORG-C01451	"„הייבריו דראַמאַטיק קלאָב"""	Theatre	1	"„הייבריו דראַמאַטיק קלאָב"""	פּיטסבורג													
ORG-C01452	ליטעראַריש-דראַמאַטישע געזעלשאַפט	Theatre	3	ליטעראַריש-דראַמאַטישע געזעלשאַפט | ליטעראָריש-דראָמאָטיש טעאַטער	פֿילאַדעלפיע				606 | 44 | 607 | 621	1.000 | 0.719 | 0.706 | 0.649	exact | ipa_phonetic | ipa_phonetic | ipa_phonetic	NEW	606				Bella	2026-05-15T09:25:22Z
ORG-C01453	"„אויפבוי-פּועלי ציון""-גרופּע"	Jewish political bodies	1	"„אויפבוי-פּועלי ציון""-גרופּע"	לאָס אַנדזשעלעס													
ORG-C01454	חזן ר' אַהרעלע	Musical organization	1	חזן ר' אַהרעלע														
ORG-C01455	יאַנקל שוואַרצטימער	Musical organization	1	יאַנקל שוואַרצטימער														
ORG-C01456	שמאַטע-פֿאַבריק אין לאָנדאָן	Publisher	1	שמאַטע-פֿאַבריק אין לאָנדאָן														
ORG-C01457	וועסטערן יוניאָן טעלעגראַף קאָמפּאָני	Business	1	וועסטערן יוניאָן טעלעגראַף קאָמפּאָני														
ORG-C01458	דילענסי סטריט דראַמאַטיק קלאָב	Theatre	1	דילענסי סטריט דראַמאַטיק קלאָב														
ORG-C01459	טרופּע פֿון מאָריס גאָלדבערג	Traveling Company	1	טרופּע פֿון מאָריס גאָלדבערג					563	0.625	ipa_phonetic							
ORG-C01460	אוידיטאָריום-טעאַטער	Theatre	1	אוידיטאָריום-טעאַטער														
ORG-C01461	טרי קידס סוירקל	Traveling Company	1	טרי קידס סוירקל														
ORG-C01462	ראַדיאָ גילד	Theatre-related Society/ Union	1	ראַדיאָ גילד														
ORG-C01463	קליינעם בונד	Jewish political bodies	12	קליינעם בונד	באַראַנאָוויטש | קרעמעניץ													
ORG-C01464	ניו ענגלאַנד קאָנסערוואַטאָריע	Education	1	ניו ענגלאַנד קאָנסערוואַטאָריע	באָסטאָן													
ORG-C01465	נאָרט איסטערן אוניווערזיטעט	Education	1	נאָרט איסטערן אוניווערזיטעט					530 | 487 | 561 | 585 | 589	0.680 | 0.640 | 0.640 | 0.640 | 0.640	ipa_phonetic | ipa_phonetic | ipa_phonetic | ipa_phonetic | ipa_phonetic							
ORG-C01466	קאַבאַרעט סימפאָני	Theatre	1	קאַבאַרעט סימפאָני														
ORG-C01467	גליקמאַןס פּאַלאַס-טעאַטער	Theatre	8	גליקמאַןס פּאַלאַס-טעאַטער | גליקמאָזס פּאָלאַס-טעאָטער	שיקאַגא | שיקאַגאָ | שיקאַגע | שיקאגאָ		"גליקמאַןס פּאַלאַס-טעאַטער | גליקמאַנס „פּאַלאַס“-טעאַטער | גליקמאַנס „פּאלאַס""-טעאַטער"	אַמעריקע	608	0.667	ipa_phonetic							
ORG-C01468	שיקאַגער יידישער דראַמאַטיישער געזעלשאַפט	Theatre	3	שיקאַגער יידישער דראַמאַטיישער געזעלשאַפט | שיקאַגער יידישער דראַמאַטישער געזעלטאַפט	שיקאַגאָ | שיקאַגער				607 | 621 | 606 | 44	0.919 | 0.703 | 0.649 | 0.649	ipa_phonetic | ipa_phonetic | ipa_phonetic | ipa_phonetic	ALIGN	607				Bella	2026-05-18T07:49:56Z
ORG-C01469	"„פֿאַרווערטס""-ראַדיאָ שעה"	Media (Radio/ Film/TV)	1	"„פֿאַרווערטס""-ראַדיאָ שעה"														
ORG-C01470	קאַלאַמביאַ בראָדקעסטינג קאָמפֿאָני	Media (Radio/ Film/TV)	1	קאַלאַמביאַ בראָדקעסטינג קאָמפֿאָני														
ORG-C01471	דיומאָנט טעלעוויזשאָן-קאָמפֿאָני	Media (Radio/ Film/TV)	1	דיומאָנט טעלעוויזשאָן-קאָמפֿאָני														
ORG-C01472	עבעלס טרופּע	Traveling Company	5	עבעלס טרופּע	פּשעמישל | רזשעשאָוו				545 | 469 | 610 | 579 | 195	1.000 | 0.750 | 0.750 | 0.692 | 0.692	exact | ipa_phonetic | ipa_phonetic | ipa_phonetic | ipa_phonetic	NEW	545				Bella	2026-05-03T06:45:48Z
ORG-C01473	נאַציאָנאַלער בינע	Theatre	1	נאַציאָנאַלער בינע														
ORG-C01474	גאָרדין אַנסאַמבל	Traveling Company	1	גאָרדין אַנסאַמבל														
ORG-C01475	קאָאָפּעראַטיוון דראַמאַטישן טעאַטער	Theatre	1	קאָאָפּעראַטיוון דראַמאַטישן טעאַטער					576	0.676	ipa_phonetic							
ORG-C01476	קלוב פֿון די יידישע אַקטיאָרן	Theatre-related Society/ Union	1	קלוב פֿון די יידישע אַקטיאָרן														
ORG-C01477	"יידישע „צישאַ""-שול"	Education	1	"יידישע „צישאַ""-שול"	וואַרשע			פּוילן										
ORG-C01478	יידיש-פּוילישע גימנאַזיע	Education	4	יידיש-פּוילישע גימנאַזיע	וואַרשע			פּוילן										
ORG-C01479	"יידישער דראַמאַטישער שול א""א פֿון יעקב און שרה ראָטבאָום און מאַקס וויסקינד"	Education	1	"יידישער דראַמאַטישער שול א""א פֿון יעקב און שרה ראָטבאָום און מאַקס וויסקינד"	וואַרשע			פּוילן										
ORG-C01480	עמך טעאַטער	Theatre	1	עמך טעאַטער	לאַגערן פֿון פעלדאַנפונג. מינכען. שטוטגאַרט			דייטשלאַנד	555 | 528 | 556 | 560 | 600	0.727 | 0.636 | 0.636 | 0.636 | 0.636	ipa_phonetic | ipa_phonetic | ipa_phonetic | ipa_phonetic | ipa_phonetic							
ORG-C01481	פּ.פּ.ס	Non-Jewish political bodies	4	פּ.פּ.ס	לאָדזש			פּוילן										
ORG-C01482	פּאָזנאַנסקיס שול	Education	6	פּאָזנאַנסקיס שול | פֿאַזנאַנסקיס שולע	לאָדזש													
ORG-C01483	סעם אַדלערס טרופּע	Traveling Company	7	סעם אַדלערס טרופּע	וויטעבק | יעקאַטערינאָסלאָוו | מינסק				376 | 43 | 459 | 617 | 533	1.000 | 0.688 | 0.688 | 0.632 | 0.625	exact | ipa_phonetic | ipa_phonetic | ipa_phonetic | ipa_phonetic	ALIGN	376				Bella	2026-04-19T08:09:38Z
ORG-C01484	קאַמינסקיס ליטעראַדישע טרופע	Traveling Company	1	קאַמינסקיס ליטעראַדישע טרופע														
ORG-C01485	צוואַמענפאָר פֿון יידישע אַקטיאָרן	Theatre-related Society/ Union	1	צוואַמענפאָר פֿון יידישע אַקטיאָרן	קיעוו			רוסלאַנד										
ORG-C01486	בלומענטאָל	Theatre	7	בלומענטאָל | בלומענטאָל'ס טעאַטער	לאָנדאָן | פּאַריז | פּאָריז | פאַריז			ענגלאַנד | פראַנקרייך | פֿראַנקרייך										
ORG-C01487	ניי ליריק-טעאַטער	Theatre	1	ניי ליריק-טעאַטער	לאָנדאָן			ענגלאַנד	176 | 553 | 631	0.750 | 0.625 | 0.625	ipa_phonetic | ipa_phonetic | ipa_phonetic							
ORG-C01488	„ליבהאָבער“ יידיש טעאַטער	Theatre	2	"„ליבהאָבער"" יידיש טעאַטער אין סיטאווא | „ליבהאָבער“ יידיש טעאַטער"	סיטאווא				500 | 575 | 472	0.652 | 0.652 | 0.609	ipa_phonetic | ipa_phonetic | ipa_phonetic							
ORG-C01489	גוזיקס פּראָפעסיאנעלע טרופּע	Traveling Company	1	גוזיקס פּראָפעסיאנעלע טרופּע														
ORG-C01490	וואָלנאַט-טעאַטער	Theatre	1	וואָלנאַט-טעאַטער	פֿילאַדעלפיע		וואָלנאַט-טעאַטער		526 | 529 | 514 | 527 | 123	0.692 | 0.692 | 0.643 | 0.643 | 0.615	ipa_phonetic | ipa_phonetic | ipa_phonetic | ipa_phonetic | ipa_phonetic							
ORG-C01491	יוניע-טרופּע	Traveling Company	1	יוניע-טרופּע	סט. לואיס		יוניע-טרופּע		295 | 625 | 524	0.692 | 0.667 | 0.636	ipa_phonetic | ipa_phonetic | ipa_phonetic							
ORG-C01492	טרעסקיןס מוזיק-שול	Education	2	טרעסקיןס מוזיק-שול	ווילנע		טרעסקינס מוזיק-שול	ליטע										
ORG-C01493	קאַמינסקיס גאַסטראָלירנדיקער טרופּע	Traveling Company	1	קאַמינסקיס גאַסטראָלירנדיקער טרופּע	גראָדנע		קאַמינסקיס גאַסטראָלירנדיקער טרופּע											
ORG-C01494	גאָלדבערגס מוזיק-פֿאַרלאַג	Publisher	1	גאָלדבערגס מוזיק-פֿאַרלאַג	ניו יאָרק		גאָלדבערגס מוזיק-פֿאַרלאַג	אַמעריקע										
ORG-C01495	האָפּ-טעאַטער	Theatre	7	האָפּ-טעאַטער	באָסטאָן		"האָפּ-טעאַטער | האָפּרטעאַטער | „האָופּ""-טעאַטער"	אַמעריקאַ | אמעריקע | אַמעריקע	526 | 529 | 600 | 611 | 552	0.727 | 0.727 | 0.727 | 0.727 | 0.667	ipa_phonetic | ipa_phonetic | ipa_phonetic | ipa_phonetic | ipa_phonetic							
ORG-C01496	מאָנטרעאָלער יידישן טעאַטער	Theatre	1	מאָנטרעאָלער יידישן טעאַטער	מאָנטרעאָל			קאַנאַדע	575 | 472 | 500 | 609 | 478	0.792 | 0.750 | 0.708 | 0.667 | 0.607	ipa_phonetic | ipa_phonetic | ipa_phonetic | ipa_phonetic | ipa_phonetic							
ORG-C01497	יידישן קולטור צענטער	Heritage Institution	2	יידישן קולטור צענטער	מאָנטרעאָל | מיאַמיביעטש							SPLIT		Cluster contains distinct institutions in Montreal and Miami Beach; no DB candidates exist for either.			auto_drafter	2026-05-17T17:07:26Z
ORG-C01498	געיטי-טעאַטער	Theatre	4	געיטי-טעאַטער					553 | 628 | 536 | 509 | 555	1.000 | 0.833 | 0.769 | 0.750 | 0.750	exact | ipa_phonetic | ipa_phonetic | ipa_phonetic | ipa_phonetic	NEW	553				Bella	2026-05-03T08:09:45Z
ORG-C01499	אַמבאַ-טעאַטער	Theatre	1	אַמבאַ-טעאַטער	בוענאָס איירעס			אַרגענטינע	296 | 526 | 628 | 552 | 557	0.750 | 0.727 | 0.727 | 0.667 | 0.667	ipa_phonetic | ipa_phonetic | ipa_phonetic | ipa_phonetic | ipa_phonetic							
ORG-C01500	רומענישער שול	Education	3	רומענישער שול	יאָסי | ניו יאָרק			רומעניע										
ORG-C01501	סיוויק אָפּערע הויז	Theatre	1	סיוויק אָפּערע הויז	שיקאַגער													
ORG-C01502	די קאָלעקטיוו פֿילם פּראָדיוסערס	Publisher	1	די קאָלעקטיוו פֿילם פּראָדיוסערס														
ORG-C01503	WMGM	Theatre	1	WMGM														
ORG-C01504	פּיינס שול	Religious institutions/organizations	1	פּיינס שול	סאָוט פֿאָלסבערג				272	0.600	ipa_phonetic							
ORG-C01505	וואַנדער-טרופּעס פֿון סאבסיי	Traveling Company	1	וואַנדער-טרופּעס פֿון סאבסיי														
ORG-C01506	וואַנדער-טרופּעס פֿון א. קאָמפּאַנעעץ	Traveling Company	1	וואַנדער-טרופּעס פֿון א. קאָמפּאַנעעץ														
ORG-C01507	באַגאַטעלאַ טעאַטער	Theatre	9	באַגאַטעלאַ | באַגאַטעלאַ טעאַטער	וואַרשע | וואַרשעווער		"באַגאַטעלאַ | באַגאַטעלע | טעאַטער 'באַגאַטעלאַ' | ״באַגאַטעלאַ״ | „באַגאַטעלאַ""-טעאַטער"	פּוילן	252 | 514 | 577 | 627 | 628	0.600 | 0.600 | 0.600 | 0.600 | 0.600	ipa_phonetic | ipa_phonetic | ipa_phonetic | ipa_phonetic | ipa_phonetic							
ORG-C01508	ווענוס-טעאַטער	Theatre	3	ווענוס-טעאַטער	וואַרשע		"ווענוסטעאַטער | „ווענוס""-טעאַטער"	פּוילן	613 | 528 | 123 | 124 | 509	1.000 | 0.750 | 0.667 | 0.667 | 0.667	exact | ipa_phonetic | ipa_phonetic | ipa_phonetic | ipa_phonetic	NEW	613				Bella	2026-05-15T10:25:54Z
ORG-C01509	וואַרשעווער יידישן אַרטיסטן-פֿאַריין	Theatre-related Society/ Union	4	וואַרשעווער יידישן אַרטיסטן-פֿאַריין	וואַרשע		וואַרשעווער יידישן אַרטיסטן-פֿאַראיין	פּוילן										
ORG-C01510	קרן היסוד	Jewish political bodies	2	קרן היסוד				פּוילן										
ORG-C01511	עליזעום-טעאַטער	Theatre	12	עליזעום-טעאַטער	וואַרשע	קאַראָווע גאַס	עליזעום'-טעאָטער | עליזעום-טעאַטער | עליזעום-טעאַטער	פּוילן	237 | 176 | 622 | 235	1.000 | 0.643 | 0.643 | 0.600	exact | ipa_phonetic | ipa_phonetic | ipa_phonetic	ALIGN	237				Sinai	2026-04-27T12:24:34Z
ORG-C01512	ניו-יאָרקער יידישן אַרטיסטן-פאַריין	Theatre-related Society/ Union	1	ניו-יאָרקער יידישן אַרטיסטן-פאַריין	ניו-יאָרק			אַמעריקע										
ORG-C01513	"רוסישער „ליבהאָבער""-גרופּע"	Traveling Company	2	"רוסישער „ליבהאָבער""-גרופּע"	אָדעס													
ORG-C01514	טרופּע פֿון פישזאָן און ספּיוואַקאָווסקי	Traveling Company	3	טרופּע פֿון פישזאָן און ספּיוואַקאָווסקי | פישזאָן און ספּיוואָקאָווסקיס טרופּע	קרעמענטשוג													
ORG-C01515	יידישע וואַריעטע-טעאַטערס	Theatre	3	יידישע וואַריעטע-טעאַטערס	ניו יאָרק | ניו-יאָרק		ייִדישע וואַריעטע-טעאַטערס | יידישע וואַריעטע-טעאַטערס	אַמעריקע	480	0.773	ipa_phonetic							
ORG-C01516	פיזשאָן-טרופּע	Traveling Company	1	פיזשאָן-טרופּע				רוסלאַנד	325	0.615	ipa_phonetic							
ORG-C01517	יידישע נישטיוניע טרופּעס	Traveling Company	1	יידישע נישטיוניע טרופּעס			פּראָווינץ	אַמעריקע										
ORG-C01518	שלום-עליכם-מיטלשול	Education	1	שלום-עליכם-מיטלשול														
ORG-C01519	יידישן וויסנשאַפֿטלעכן אינסטיטוט	Publisher	5	יידישן וויסנשאַפֿטלעכן אינסטיטוט | יידישן וויסנשאַפֿטלעכן אינסטיטוט (ייוואָ)	ווילנע	וויוואולסקי-גאס 18	"ייוו""א"											
ORG-C01520	אַרבעטער-רינג אַלומני קלובן	Jewish political bodies	1	אַרבעטער-רינג אַלומני קלובן														
ORG-C01521	ניו-יאָרקער סיטי קאָלעדזש	Education	2	ניו-יאָרקער סיטי קאָלעדזש	ניו-יאָרק		ניו-יאָרקער סיטי קאָלעדזש											
ORG-C01522	שטאַטישן אוניווערזיטעט אין סאָלק לייק סיטי	Education	1	שטאַטישן אוניווערזיטעט אין סאָלק לייק סיטי	סאָלק לייק סיטי		שטאַטישן אוניווערזיטעט											
ORG-C01523	קווינס קאָלעדזש אין ניו יאָרק	Education	1	קווינס קאָלעדזש אין ניו יאָרק	ניו יאָרק		קווינס קאָלעדזש											
ORG-C01524	בראַנדייס אוניווערזיטעט	Education	1	בראַנדייס אוניווערזיטעט					530 | 561 | 587 | 588 | 589	0.667 | 0.667 | 0.667 | 0.667 | 0.667	ipa_phonetic | ipa_phonetic | ipa_phonetic | ipa_phonetic | ipa_phonetic							
ORG-C01525	באַנטאָם בוקס	Publisher	1	באַנטאָם בוקס	ניו-יאָרק													
ORG-C01526	יידישן קולטור-קאָנגרעס	Jewish political bodies	3	יידישן קולטור-קאָנגרעס														
ORG-C01527	טעאַטער-גרופּע פֿון ברוקלין קאָלעדזש	Theatre	1	טעאַטער-גרופּע פֿון ברוקלין קאָלעדזש														
ORG-C01528	אַפּאָלאָ	Theatre	2	אַפּאָלאָ	לאָנדאָן | שיקאַגע		„אַפּאָלאָ“	אַמעריקע				SPLIT		Cluster contains distinct Apollo theatres in London and Chicago; no matching candidates in DB.			auto_drafter	2026-05-17T17:07:26Z
ORG-C01529	„דרולילעין“	Theatre	1	„דרולילעין“	לאָנדאָן		„דרולילעין“											
ORG-C01530	„ראָיאַלטי“	Theatre	1	„ראָיאַלטי“	לאָנדאָן		„ראָיאַלטי“											
ORG-C01531	„פאַרטשון“	Theatre	1	„פאַרטשון“	לאָנדאָן		„פאַרטשון“											
ORG-C01532	בערלינער אוניווערזיטעט	Education	3	בערלינער אוניווערזיטעט	בערלין		בערלינער אוניווערזיטעט	דייטשלאַנד | דייטשלאנד	561 | 588 | 487 | 585 | 587	1.000 | 0.762 | 0.727 | 0.714 | 0.714	exact | ipa_phonetic | ipa_phonetic | ipa_phonetic | ipa_phonetic	NEW	561				Bella	2026-05-03T08:30:03Z
ORG-C01533	גימנאַזיעס אין אָדעס	Education	1	גימנאַזיעס אין אָדעס	אָדעס		גימנאַזיעס											
ORG-C01534	גימנאַזיעס אין קיעוו	Education	1	גימנאַזיעס אין קיעוו	קיעוו		גימנאַזיעס											
ORG-C01535	מעדיצינישן פאַקולטעט אין קיעוו	Education	2	מעדיצינישן פאַקולטעט אין קיעוו | מעדיצינישן פֿאַקולטעט	מאָסקווע | קיעוו		מעדיצינישן פאַקולטעט											
ORG-C01536	רויטער אַרמיי	Military	7	רויטער אַרמיי														
ORG-C01537	דאָס פרייע וואָרט	Journals/ Newspapers	1	דאָס פרייע וואָרט	קיעוו													
ORG-C01538	פֿאַרלאַג עמעס	Publisher	3	פאַרלאָג עמעס | פֿאַרלאַג עמעס	מאָסקווע													
ORG-C01539	דער רויטער וועלט	Journals/ Newspapers	1	דער רויטער וועלט	כאַרקאָוו													
ORG-C01540	קיעווער טעאַטער בוך	Journals/ Newspapers	1	קיעווער טעאַטער בוך	קיעוו													
ORG-C01541	יידישן וואָדעווייל	Theatre	3	יידישן וואָדעווייל														
ORG-C01542	יידישע וואָדעוויל-הייזער	Theatre	5	יידישע וואָדעוויל-הייזער	ני-יאָרק | ניו יאָרק		יידישע וואָדעוויל-הייזער | יידישע וואָרעוויל-הייזער	אַמעריקע										
ORG-C01543	ענגלישער בינע	Theatre	2	ענגלישער בינע			ענגלישער בינע	ענגלאַנד										
ORG-C01544	לעגיטימער אַמעריקאַנער בינע	Theatre	1	לעגיטימער אַמעריקאַנער בינע			בראָדוויי											
ORG-C01545	"פּיעסע „סקידינג"""	Theatre	1	"פּיעסע „סקידינג"""			בראָדוויי											
ORG-C01546	מעטראָפּאָליטאָן	Theatre	1	מעטראָפּאָליטאָן	שיקאַגע		„מעטראָפּאָליטאָן“	אַמעריקע										
ORG-C01547	פאָוויליאָן	Theatre	1	פאָוויליאָן	שיקאַגע		„פאָוויליאָן“	אַמעריקע										
ORG-C01548	"„מיינאַרד""-טעאַטער"	Theatre	1	"„מיינאַרד""-טעאַטער"	ניו-יאָרק		"„מיינאַרד""-טעאַטער"		151 | 235 | 509 | 528 | 552	0.625 | 0.625 | 0.625 | 0.625 | 0.625	ipa_phonetic | ipa_phonetic | ipa_phonetic | ipa_phonetic | ipa_phonetic							
ORG-C01549	סיטי האָל	Non-Jewish political bodies	1	סיטי האָל	שיקאַגע		סיטי האָל											
ORG-C01550	יידישע טעאַטריקל אַלייענסעס	Theatre-related Society/ Union	1	יידישע טעאַטריקל אַלייענסעס														
ORG-C01551	פּעטערבורגער מוזיק-קאָנסערוואַטאָריע	Education	1	פּעטערבורגער מוזיק-קאָנסערוואַטאָריע	פּעטערבורג		פּעטערבורגער מוזיק-קאָנסערוואַטאָריע	רוסלאַנד										
ORG-C01552	געזעלשאַפֿט פֿאַר יידישער מוזיק	Musical organization	1	געזעלשאַפֿט פֿאַר יידישער מוזיק	פּעטערבורג													
ORG-C01553	מלוכה-קאָנסערוואַטאָריע	Education	3	מלוכה-קאָנסערוואַטאָריע | מלוכה-קאָנסערוואַטאָריע אין כאַרקאָוו	כאַרקאָוו | פּעטערבורג		מלוכה-קאָנסערוואַטאָריע											
ORG-C01554	רוסישער אַרמעע	Military	5	רוסישער אַרמיי | רוסישער אַרמעע	כארבין													
ORG-C01555	שמירן אין טרופּע	Traveling Company	2	שמירן אין טרופּע	פינסק													
ORG-C01556	טרופּע פֿון קאָפּילאָוו אין מיכאַלענקאָ	Traveling Company	1	טרופּע פֿון קאָפּילאָוו אין מיכאַלענקאָ														
ORG-C01557	„אַ ווינער אָרקעסטער“	Musical organization	1	„אַ ווינער אָרקעסטער“														
ORG-C01558	"„אָפקינאַ""-פֿילמען"	Media (Radio/ Film/TV)	1	"„אָפקינאַ""-פֿילמען"														
ORG-C01559	פּוילישע דראַמאַטישע שול	Education	2	פּוילישע דראַמאַטישע שול	קראַקע													
ORG-C01560	דראַמאָטישער גרופּע	Traveling Company	1	דראַמאָטישער גרופּע														
ORG-C01561	שטאָטישע רעגירונגס-שול	Education	4	די שטאָטישע רעגירונגסשול | שטאָטישע רעגירונגס-שול	ביאַליסטאָק		שטאָטישע רעגירונגס-שול											
ORG-C01562	פייגס קאָמערץ-שול	Education	1	פייגס קאָמערץ-שול	אָדעס													
ORG-C01563	טאַגעבלאַט	Journals/ Newspapers	4	דאָס טאַגעבלאַט | טאַגעבלאַט	לעמבערג | ניו-יאָרק		ניו-יאָרקער					SPLIT		Cluster contains distinct newspapers from Lemberg and New York; no candidates available in DB.			auto_drafter	2026-05-17T17:07:26Z
ORG-C01564	ווינער קייזער-קעניגלעכער קאָנסערוואַטאָריע	Education	1	ווינער קייזער-קעניגלעכער קאָנסערוואַטאָריע	ווינער		ווינער קייזער-קעניגלעכער קאָנסערוואַטאָריע											
ORG-C01565	האָטעל פיינפּאָינט	Business	1	האָטעל פיינפּאָינט	אַטלאַנטיק סיטי		האָטעל פיינפּאָינט											
ORG-C01566	בוקאַרעשטער אינסטיטוט פֿאַר טעאַַטער און קינאָ	Education	1	בוקאַרעשטער אינסטיטוט פֿאַר טעאַַטער און קינאָ	בוקאַרעשט		בוקאַרעשטער אינסטיטוט פֿאַר טעאַַטער און קינאָ	רומעניע										
ORG-C01567	מלוכה-טעאַטער	Theatre	14	מלוכה-טעאַטער | מלוכה-טעאַטער אין גאַלאַץ	גאַלאַץ | ווילנע | לעמבערג | סאָפיע | קרעמענטשוג	קאָנסקע	מלוכה-טעאַטער | מלוכה-טעאַטער	בולגאָריע | רומעניע	536 | 123 | 489 | 573 | 600	0.692 | 0.667 | 0.667 | 0.667 | 0.667	ipa_phonetic | ipa_phonetic | ipa_phonetic | ipa_phonetic | ipa_phonetic	SPLIT		Generic name 'State Theatre' combined with disparate locations (Galatz, Vilna, Sofia, Lemberg) indicates multiple distinct national or municipal institutions.			auto_drafter	2026-05-17T17:07:26Z
ORG-C01568	יידישן מלוכה-טעאַטער פֿון בוקאַרעשט	Theatre	1	יידישן מלוכה-טעאַטער פֿון בוקאַרעשט	בוקאַרעשט		יידישן מלוכה-טעאַטער	רומעניע	471 | 546 | 502 | 499 | 598	0.750 | 0.750 | 0.727 | 0.719 | 0.688	ipa_phonetic | ipa_phonetic | fuzzy | ipa_phonetic | ipa_phonetic	ALIGN	502				Bella	2026-04-19T08:27:54Z
ORG-C01569	„קאַמעלעאָן“	Traveling Company	1	„קאַמעלעאָן“	טשערנאָוויץ		טשערנאָוויצער קליינקונס-אַנסאַמבל											
ORG-C01570	יאָסער אָפּערע	Theatre	1	יאָסער אָפּערע	יאָס				532 | 41	1.000 | 0.636	exact | ipa_phonetic	NEW	532				Bella	2026-04-29T07:46:58Z
ORG-C01571	יידישער קונסט טעאַטער איקוף	Theatre	1	יידישער קונסט טעאַטער איקוף														
ORG-C01572	יידישן שול-פאַריין	Education	1	יידישן שול-פאַריין														
ORG-C01573	טעאַטער „קוראַזש“	Theatre	1	טעאַטער „קוראַזש“	ווין		טעאַטער „קוראַזש“		491	0.625	ipa_phonetic							
ORG-C01574	מינסטער אוניווערזיטעט	Education	1	מינסטער אוניווערזיטעט	בערלין		סטודיע-בינע		588 | 587 | 590 | 595 | 561	0.800 | 0.700 | 0.700 | 0.700 | 0.667	ipa_phonetic | ipa_phonetic | ipa_phonetic | ipa_phonetic | ipa_phonetic							
ORG-C01575	יורידישן פֿאַקולטעט	Education	2	יורידישן פֿאַקולטעט	ווראַצלאָוו | שיקאָגאָ													
ORG-C01576	יידישן מלוכה-טעאַטער פֿון פּוילן	Theatre	3	יידישן מלוכה-טעאַטער פֿון פּוילן			פּוילן	פּוילן	546 | 499 | 471 | 598 | 519	1.000 | 0.793 | 0.759 | 0.719 | 0.667	exact | ipa_phonetic | ipa_phonetic | ipa_phonetic | fuzzy	NEW	546				Bella	2026-05-03T07:36:45Z
ORG-C01577	פֿאָלקס-כאָר פֿון מ. שניאור	Musical organization	1	פֿאָלקס-כאָר פֿון מ. שניאור														
ORG-C01578	יידישע קליינקונסט-טעאַטערס	Theatre	1	יידישע קליינקונסט-טעאַטערס														
ORG-C01579	„בני ישורון“- סינאַגאָגע און סענטער	Education	1	„בני ישורון“- סינאַגאָגע און סענטער	ניו יאָרק	270 וועסט 89-טע סטריט	בני ישורון											
ORG-C01580	קייזערלעכן הויף	Theatre	1	קייזערלעכן הויף														
ORG-C01581	רוסישער באַראָלער געזעלשאַפֿט	Traveling Company	1	רוסישער באַראָלער געזעלשאַפֿט														
ORG-C01582	פּועלי-ציון געזאַנג סאָסייעטי	Musical organization	1	פּועלי-ציון געזאַנג סאָסייעטי	ניו יאָרק			אַמעריקע										
ORG-C01583	טשאַרלז ק. העריס	Publisher	1	טשאַרלז ק. העריס	ניו יאָרק			אַמעריקע										
ORG-C01584	אָפּעדעטן טעאַטער	Theatre	1	אָפּעדעטן טעאַטער					252 | 622 | 526 | 426	0.714 | 0.714 | 0.643 | 0.643	ipa_phonetic | ipa_phonetic | ipa_phonetic | ipa_phonetic							
ORG-C01585	טרופּע פֿון לייזער בערנשטיין	Traveling Company	4	טרופּע פֿון לייזער בערנשטיין | לייזער בערנשטיין | לייזער בערנשטיינס טרופּע	לובלין													
ORG-C01586	אסתר-רחל קאמינסקאַס טרופּע	Traveling Company	10	אסתר-רחל קאמינסקאַס טרופּע | אסתר-רחל קאמינסקיס טרופּע	ווילנע		אסתר רחל קאמינסקאַס טרופּע	פּוילן										
ORG-C01587	אַרבעטער-סטודיאָ	Education	1	אַרבעטער-סטודיאָ	קרעמענשטוג													
ORG-C01588	אַרבעטער-ליבהאָבער-טעאַטער	Theatre	1	אַרבעטער-ליבהאָבער-טעאַטער	באַקו													
ORG-C01589	קלוב אויפֿן נאָמען גראָסער	Jewish political bodies	1	קלוב אויפֿן נאָמען גראָסער	מינסק													
ORG-C01590	יידישן מלוכהשן באַוועגלעכן טעאַטער פֿון דער אוקראיינישער סאָוועטישער רעפּובליק	Theatre	1	יידישן מלוכהשן באַוועגלעכן טעאַטער פֿון דער אוקראיינישער סאָוועטישער רעפּובליק														
ORG-C01591	גוזיקן	Traveling Company	3	גוזיקן					486 | 264	0.833 | 0.600	ipa_phonetic | fuzzy	ALIGN	486				Bella	2026-04-19T08:26:41Z
ORG-C01592	טרופּע צוזאַמען מיט ספּעקטאָראָוו	Traveling Company	1	טרופּע צוזאַמען מיט ספּעקטאָראָוו														
ORG-C01593	"מלוכה-טעאַטער „דער רויטער האַמער"""	Theatre	1	"מלוכה-טעאַטער „דער רויטער האַמער"""														
ORG-C01594	טרופּע פון ראַבינאָוויטש	Traveling Company	2	טרופּע פון ראַבינאָוויטש	ביאַליסטאָק | טשעטשעלניק				531 | 283 | 523 | 578 | 596	0.650 | 0.600 | 0.600 | 0.600 | 0.600	ipa_phonetic | ipa_phonetic | ipa_phonetic | ipa_phonetic | ipa_phonetic							
ORG-C01595	טרופּע פון א. קאָמפּאַנעעץ	Traveling Company	2	א. קאָמפּאַנעעץ | טרופּע פון א. קאָמפּאַנעעץ	מעליטאָפּאָל | קיעוו				485	0.636	fuzzy	ALIGN	485				Bella	2026-04-28T10:50:48Z
ORG-C01596	טרופּע פון ש. קרויזע	Traveling Company	2	טרופּע פון ש. קרויזע | טרופּע פֿון ס. קרויזע	ניקאָלאַיעוו				283 | 596	0.632 | 0.632	ipa_phonetic | ipa_phonetic							
ORG-C01597	קאַמינסקיס טעאַטער	Traveling Company	33	קאַמינסקאַס טרופּע | קאַמינסקיס טעאַטער | קאַמינסקיס טרופּע | קאָמינסקיס טעאַטער	וואַרשע	אָבאָזשנע גאַס	פּוילן | פּוילן און גאַליציע | קאַמינסקי-טעאַטער | קאַמינסקיס טעאַטער | קאַמינסקיס טעאַטער | קאָמינסקיס טעאַטער | קאָמינסקיס-טעאַטער	פּוילן | רוסלאַנד										
ORG-C01598	ליטעראַרישע טרופּע	Traveling Company	7	ליטעראַרישע טרופּע	וואַרשע | פּעטערבורג				322 | 323 | 325	1.000 | 0.706 | 0.625	exact | ipa_phonetic | ipa_phonetic	ALIGN	322				Bella	2026-04-27T08:42:55Z
ORG-C01599	ערשטן יידישן אַרטיסטן-פאַריין אין רוסלאַנד	Theatre-related Society/ Union	2	ערשטן יידישן אַרטיסטן-פאַריין | ערשטן יידישן אַרטיסטן-פאַריין אין רוסלאַנד	וואַרשע													
ORG-C01600	באַוועגלעכן מלוכה-טעאַטער פון אוקראינע	Theatre	1	באַוועגלעכן מלוכה-טעאַטער פון אוקראינע					546	0.600	ipa_phonetic							
ORG-C01601	יידישן אַרבעטער-טעאַטער „יעווקאַמבער“	Theatre	1	יידישן אַרבעטער-טעאַטער „יעווקאַמבער“	טיפליס				620 | 480	1.000 | 0.667	exact | ipa_phonetic	NEW	620				Bella	2026-05-15T12:18:41Z
ORG-C01602	איצקאָוויטש	Traveling Company	5	איצקאָוויטש | טרופּע פֿון איצקאָוויטש | טרופּע פֿון איצקאָוויץ			בעסאַראַביע | גאַליציע און עסטרייך	עסטרייך										
ORG-C01603	טרופּע פֿון לאַכטיגער	Traveling Company	1	טרופּע פֿון לאַכטיגער					563 | 578 | 596 | 626 | 283	0.667 | 0.667 | 0.667 | 0.667 | 0.611	ipa_phonetic | ipa_phonetic | ipa_phonetic | ipa_phonetic | ipa_phonetic							
ORG-C01604	טרופּע פֿון וואַקסמאַן	Traveling Company	3	וואַקסמאַן | טרופּע פֿון וואַקסמאַן					596 | 578 | 626 | 531 | 483	0.706 | 0.647 | 0.647 | 0.632 | 0.611	ipa_phonetic | ipa_phonetic | ipa_phonetic | ipa_phonetic | ipa_phonetic							
ORG-C01605	ישיבות פֿון נאָוואָ-מינסק	Education	2	ישיבות פֿון נאָוואָ-מינסק	נאָוואָ-מינסק | נאָוואָמינסק		ישיבות											
ORG-C01606	לאָמזשע	Education	1	לאָמזשע	לאָמזשע													
ORG-C01607	ראַמיילעס קלויז	Education	2	ראַמיילעס קלויז	ווילנע		ראמיילעס קלויז											
ORG-C01608	די צייט	Journals/ Newspapers	21	די ציַיט | די צייט | צייט	וואַרשע | ווארשע | לאָנדאָן		די צייט	אַמעריקע | ענגלאַנד				NEW	637				Sinai	2026-05-18T04:47:24Z
ORG-C01609	אומלעגאַלער עליה-ביוראָ פֿאַר ישראל	Jewish political bodies	1	אומלעגאַלער עליה-ביוראָ פֿאַר ישראל	פאַריז													
ORG-C01610	אילוסטרירטע יום-טוב בלעטער	Journals/ Newspapers	1	אילוסטרירטע יום-טוב בלעטער	ניו-יאָרק													
ORG-C01611	מלוכהשע קאָנסערוואַטאָריע פֿאַר דראַמאַטישער קונסט	Education	1	מלוכהשע קאָנסערוואַטאָריע פֿאַר דראַמאַטישער קונסט														
ORG-C01612	"יידישער שול ""זשונימעאַ"""	Education	1	"יידישער שול ""זשונימעאַ"""	יאָס													
ORG-C01613	מאָלדאָוואַנישן מלוכה-טעאַטער	Theatre	1	מאָלדאָוואַנישן מלוכה-טעאַטער	קעשענעוו				591 | 510 | 594 | 605 | 618	1.000 | 0.815 | 0.769 | 0.708 | 0.708	exact | fuzzy | ipa_phonetic | ipa_phonetic | ipa_phonetic	NEW	591				Bella	2026-05-05T07:51:09Z
ORG-C01614	קעשעניעווער פילהאַרמאָניע	Theatre	1	קעשעניעווער פילהאַרמאָניע	קעשעניעוו				586 | 479 | 517	1.000 | 0.682 | 0.682	exact | ipa_phonetic | ipa_phonetic	NEW	586				Bella	2026-05-05T07:46:00Z
ORG-C01615	יידישע פּראָפעסיאנעלע טרופּע	Traveling Company	2	יידישע פּראָפעסיאנעלע טרופּע | יידישער פּראָפעסיאנעלער טרופּע	טשענסטאָכאָוו | מעקסיקאָ			מעקסיקאָ										
ORG-C01616	טשענסטאָכאָווער יידישע „ליבהאָבער“	Theatre	1	טשענסטאָכאָווער יידישע „ליבהאָבער“	טשענסטאָכאָוו													
ORG-C01617	יידישער טעאַטער-סטודיע פֿון אַלעקסאַנדער גראַנאָווסקי	Education	1	יידישער טעאַטער-סטודיע פֿון אַלעקסאַנדער גראַנאָווסקי	לענינגראָד													
ORG-C01618	מאָסקווער יידישע קאָמער-טעאַטער	Theatre	1	מאָסקווער יידישע קאָמער-טעאַטער					543 | 623 | 501 | 505 | 571	0.741 | 0.704 | 0.667 | 0.667 | 0.667	ipa_phonetic | ipa_phonetic | ipa_phonetic | ipa_phonetic | ipa_phonetic							
ORG-C01619	דראַמסטודיע פֿון אַלעקסאַנדער קוגל	Education	1	דראַמסטודיע פֿון אַלעקסאַנדער קוגל														
ORG-C01620	„די מוזע“	Theatre	1	„די מוזע“	בענדין													
ORG-C01621	אַנסאַמבל פֿון די כאַשס	Traveling Company	1	אַנסאַמבל פֿון די כאַשס														
ORG-C01622	טאַרנאַפּאָלער געגנטלעכן יידישן טעאַטער	Theatre	1	טאַרנאַפּאָלער געגנטלעכן יידישן טעאַטער	טאַרנאָפּאָל													
ORG-C01623	קולטור-אָפּטיילונג פֿון יידישן קאָמיטעט	Jewish political bodies	1	קולטור-אָפּטיילונג פֿון יידישן קאָמיטעט	ריכבאַך													
ORG-C01624	הומאָר-פעסטיוואָלן	Theatre	1	הומאָר-פעסטיוואָלן			הומאָר-פעסטיוואָלן											
ORG-C01625	אַמעריקאַנער בינע	Theatre	1	אַמעריקאַנער בינע														
ORG-C01626	קאָליסעום	Theatre	1	קאָליסעום	לאָדזש		קאָליסעום		516	0.625	ipa_phonetic							
ORG-C01627	פלאָראַ	Theatre	1	פלאָראַ	לאָדזש		פלאָראַ											
ORG-C01628	קינדער-טרופּע	Traveling Company	3	קינדער-טרופּע | קינדער-טרופּעס אין וואַרשע	וואַרשע | לאָדזש		אַ גאָרטן | מוראַנאָווער טעאַטער	פּוילן	625 | 524 | 583 | 551 | 41	1.000 | 0.750 | 0.692 | 0.667 | 0.667	exact | ipa_phonetic | ipa_phonetic | ipa_phonetic | ipa_phonetic	NEW	625				Bella	2026-05-15T12:48:02Z
ORG-C01629	פלאַראַ'-טעאַטער	Theatre	3	פלאַראַ'-טעאַטער | פֿלאָראַ-טעאַטער	לאָדזש | לאָדזש		פלאַראַ'-טעאַטער | פֿלאָראַ-טעאַטער		600 | 235 | 514 | 176 | 526	0.769 | 0.733 | 0.714 | 0.692 | 0.692	ipa_phonetic | ipa_phonetic | ipa_phonetic | ipa_phonetic | ipa_phonetic							
ORG-C01630	גלימער	Traveling Company	6	גלימער | טרופּע פֿון גלימער	סטאָניסלאָוואָוו													
ORG-C01631	יידיש קאַבאַריי	Theatre	1	יידיש קאַבאַריי	פֿראַנקפורט ביים מיין													
ORG-C01632	יידישער טרופּע פֿון פאַריז	Traveling Company	1	יידישער טרופּע פֿון פאַריז														
ORG-C01633	לאדזשער „פלאַראָטעאַטער	Theatre	1	לאדזשער „פלאַראָטעאַטער	לאָדזש		לאדזשער „פלאַראָטעאַטער	פּוילן	604	0.737	ipa_phonetic							
ORG-C01634	משה שאָרס טרופּע	Traveling Company	1	משה שאָרס טרופּע					198 | 533 | 269 | 330	0.667 | 0.643 | 0.643 | 0.643	ipa_phonetic | ipa_phonetic | ipa_phonetic | ipa_phonetic							
ORG-C01635	קליידער-געשעפט פֿון הער הענדלער	Theatre	1	קליידער-געשעפט פֿון הער הענדלער	שיקאַגע		קליידער-געשעפט פֿון הער הענדלער											
ORG-C01636	דזשעפערסאָן טעאַטער	Theatre	1	דזשעפערסאָן טעאַטער	שיקאַגע		דזשעפערסאָן טעאַטער		622	0.625	ipa_phonetic							
ORG-C01637	העברעישן פֿאַריין	Theatre-related Society/ Union	1	העברעישן פֿאַריין														
ORG-C01638	"ס""ס"	Jewish political bodies	4	"ס""ס"	באַראַנאָוויטש			פּוילן										
ORG-C01639	די אידישע שטימע	Journals/ Newspapers	4	אידישע שטימע | די אידישע שטימע	לאָס אַנדזשעלעס				223	0.600	ipa_phonetic							
ORG-C01640	ליטעראַרישע בלעטער	Journals/ Newspapers	16	די ליטעראַרישע בלעטער | ליטעראַרישע בלעטער	וואַרשע				323 | 322	1.000 | 0.706	exact | ipa_phonetic	ALIGN	323				Bella	2026-04-19T07:01:48Z
ORG-C01641	פּוילישן אָפּערעטן-טעאַטער	Theatre	2	פּוילישן אָפּערעטן-טעאַטער					608	0.727	ipa_phonetic							
ORG-C01642	אָדעסקיאַ נאָוואָסטי	Journals/ Newspapers	2	אָדעסקיאַ נאָוואָסטי	אָדעס			רוסלאַנד										
ORG-C01643	בירזשעוויאַ וויעדאָמאָסטי	Journals/ Newspapers	1	בירזשעוויאַ וויעדאָמאָסטי														
ORG-C01644	סאָלנצע ראָסיאַ	Journals/ Newspapers	1	סאָלנצע ראָסיאַ														
ORG-C01645	שלום-עליכם-אינסטיטוט	Heritage Institution	11	שלום-עליכם-אינסטיטוט	דעטראָיט | דעטראיט | ניו יאָרק | ניו-יאָרק	גרינפעלד ראוד	ווייאמינג עוועניו	אַמעריקע										
ORG-C01646	מיליטער	Military	3	מיליטער	קראָנשטאַט			רוסלאַנד										
ORG-C01647	דעטשע פֿאָלקס-שול	Education	1	דעטשע פֿאָלקס-שול	נאָוואָסעליץ													
ORG-C01648	עסטרייך אונגאַרישער אַרמיי	Military	3	עסטרייך אונגאַרישער אַרמיי														
ORG-C01649	ליטעראַטור-פאַרלאַג	Publisher	1	ליטעראַטור-פאַרלאַג	בוקאַרעשט			רומעניע										
ORG-C01650	אַקסעלראָדס טשערנאָוויצער יידישן טעאַטער	Theatre	1	אַקסעלראָדס טשערנאָוויצער יידישן טעאַטער	טשערנאָוויץ													
ORG-C01651	דער גראַגער	Journals/ Newspapers	1	דער גראַגער					216	0.600	ipa_phonetic							
ORG-C01652	אָנהייב-שול	Education	1	אָנהייב-שול														
ORG-C01653	רעגירונגסאַנשטאַלט	Non-Jewish political bodies	1	רעגירונגסאַנשטאַלט														
ORG-C01654	פּראָפעסיאנעלן טעאַטער פֿון יעקבבער גימפּעל	Theatre	1	פּראָפעסיאנעלן טעאַטער פֿון יעקבבער גימפּעל														
ORG-C01655	די לאָדזשער טרופּע	Traveling Company	2	די לאָדזשער טרופּע | לאָדזשער טרופּע	לאָדזש			פּוילן	554 | 41 | 43 | 524 | 551	1.000 | 0.750 | 0.714 | 0.667 | 0.667	exact | ipa_phonetic | ipa_phonetic | ipa_phonetic | ipa_phonetic	NEW	554				Bella	2026-05-03T08:12:53Z
ORG-C01656	"טעאַטער ""עליזעום"""	Theatre	2	"טעאַטער ""עליזעום"""	וואַרשע		טעאַטער 'עליזעום'		580	0.625	ipa_phonetic							
ORG-C01657	פירמע מאַכלייד	Business	1	פירמע מאַכלייד														
ORG-C01658	קינאָ-הויז 'פּאַלאַס'	Theatre	1	קינאָ-הויז 'פּאַלאַס'	וואַרשע		קינאָ-הויז 'פּאַלאַס'											
ORG-C01659	דאָס וואָרט	Journals/ Newspapers	2	דאָס וואָרט														
ORG-C01660	סאָכאַטשאָווער ישיבה	Education	1	סאָכאַטשאָווער ישיבה	סאָכאַטשאָוו		סאָכאַטשאָווער ישיבה	פּוילן										
ORG-C01661	פֿאַרלאָג פּנחס גראובאַרד	Publisher	1	פֿאַרלאָג פּנחס גראובאַרד	וואַרשע		פֿאַרלאָג פּנחס גראובאַרד											
ORG-C01662	וואַרשעווער יידישער טעאַטער-סטודיע	Theatre	1	וואַרשעווער יידישער טעאַטער-סטודיע	וואַרשע		וואַרשעווער יידישער טעאַטער-סטודיע		575 | 609	0.633 | 0.633	ipa_phonetic | ipa_phonetic							
ORG-C01663	פֿאַרלאָג „לעצטע נייעס“	Publisher	1	פֿאַרלאָג „לעצטע נייעס“	תל-אביב		פֿאַרלאָג „לעצטע נייעס“	מדינת ישראל										
ORG-C01664	גרופּע יונגע	Theatre-related Society/ Union	1	גרופּע יונגע														
ORG-C01665	אינזל	Journals/ Newspapers	2	אינזל														
ORG-C01666	ווילדזש טעאַטער	Theatre	1	ווילדזש טעאַטער	ניו-יאָרק	סעקאָנד עוועניו	ווילדזש טעאַטער		560 | 630 | 252 | 263	0.667 | 0.667 | 0.615 | 0.615	ipa_phonetic | ipa_phonetic | ipa_phonetic | ipa_phonetic							
ORG-C01667	בראָדווע	Theatre	1	בראָדווע	ניו-יאָרק		בראָדווע											
ORG-C01668	יידישער טרופּע א'ד פון קלמן יאָוועליר	Traveling Company	1	יידישער טרופּע א'ד פון קלמן יאָוועליר	טאַרנאָוו													
ORG-C01669	טרופּע א'ד פון אַדאָלף סעגאַל	Traveling Company	1	טרופּע א'ד פון אַדאָלף סעגאַל			רומעניע	רומעניע										
ORG-C01670	כאָר צו סעגאָלעסקאָן	Musical organization	1	כאָר צו סעגאָלעסקאָן	בוקאַרעשט			רומעניע										
ORG-C01671	ספּיוואַקאָווסקי	Traveling Company	10	טרופּע פֿון ספּיוואַקאָווסקין | טרופּע פֿון ספּיוואָקאָווסקי | ספּיוואַקאָווסקי | ספּיוואַקאָווסקיס טרופּע | ספּיוואָקאָווסקי טרופּע	טשערנאָוויץ | מינסק | פּעטערבורג		גובערנאַטאָרס גאָרטן | רוסלאַנד	רוסלאַנד										
ORG-C01672	אייגענער טרופּע	Traveling Company	4	אייגענע טרופּע | אייגענער טרופּע	בערדיטשעוו | יאָסי				551 | 459 | 521 | 41 | 182	0.714 | 0.714 | 0.643 | 0.643 | 0.643	ipa_phonetic | ipa_phonetic | ipa_phonetic | ipa_phonetic | ipa_phonetic							
ORG-C01673	טרופּע פֿון אַדאָלף סעגאָל	Traveling Company	2	אָדאָלף סעגאָל | טרופּע פֿון אַדאָלף סעגאָל			רוסלאַנד	רוסלאַנד										
ORG-C01674	דירעקטאָר אַשכנזי	Traveling Company	1	דירעקטאָר אַשכנזי														
ORG-C01675	דירעקציע פֿון מאָטיע לייבאָוויטש	Traveling Company	1	דירעקציע פֿון מאָטיע לייבאָוויטש	יאָס			רומעניע										
ORG-C01676	אַשכנזי און לאַרעסקאָ	Traveling Company	1	אַשכנזי און לאַרעסקאָ				רוסלאַנד										
ORG-C01677	סאָוויעטישן אַרבעטער-טעאַטער	Theatre	1	סאָוויעטישן אַרבעטער-טעאַטער	כמעלניק				480 | 605	0.750 | 0.667	ipa_phonetic | ipa_phonetic							
ORG-C01678	"„מאָנהעטן לייסעום""-טעאַטער"	Theatre	1	"„מאָנהעטן לייסעום""-טעאַטער"			"„מאָנהעטן לייסעום""-טעאַטער"											
ORG-C01679	דריטן סטריט טעאַטער	Theatre	6	דריטן סטריט טעאַטער	ניו יאָרק | ניו-יאָרק		דריטן סטריט-טעאַטער | דריטן סטריט-טעאָטער | „דריטן סטריט טעאַטער“	אַמעריקע	513	0.684	ipa_phonetic							
ORG-C01680	"„מאָונט מאָריס""-טעאַטער"	Theatre	1	"„מאָונט מאָריס""-טעאַטער"			"„מאָונט מאָריס""-טעאַטער"		616	0.600	ipa_phonetic							
ORG-C01681	לענינגראָדער טעאַטראַלער אינסטיטוט	Education	1	לענינגראָדער טעאַטראַלער אינסטיטוט	טאָמסק													
ORG-C01682	יידישע מלוכה-טעאַטער א'א פון אידא קאַמינסקאַ	Theatre	1	יידישע מלוכה-טעאַטער א'א פון אידא קאַמינסקאַ	וואַרשע				599 | 598 | 499	0.685 | 0.683 | 0.610	ipa_phonetic | ipa_phonetic | ipa_phonetic							
ORG-C01683	גראָדנער יידישע טעאַטער-געזעלשאַפט	Theatre	1	גראָדנער יידישע טעאַטער-געזעלשאַפט	גראָדנע				446 | 607	0.645 | 0.618	ipa_phonetic | ipa_phonetic							
ORG-C01684	האַנטווערקער-קאָאָפּעראַטיוו	Labour (factory/workshop)	1	האַנטווערקער-קאָאָפּעראַטיוו														
ORG-C01685	שטאָט-ראַט	Non-Jewish political bodies	2	שטאָט-ראַט	גראָדנע | לאָדזש		שטאָט-ראָט											
ORG-C01686	יאָנג דראַמאַטיק קלאָב	Theatre	1	יאָנג דראַמאַטיק קלאָב														
ORG-C01687	וואַלעראַלער האָל	Theatre	1	וואַלעראַלער האָל		אַרטשאַרד סטריט	וואַלעראַלער האָל											
ORG-C01688	טשילדערן דזשעקעט מעיקערס יוניאָן	Trade Union / Professional Association	1	טשילדערן דזשעקעט מעיקערס יוניאָן	ניו יארק		בראַנזוויל	אַמעריקע										
ORG-C01689	טאַליאַ מוזיק-האָל	Theatre	8	טאַליאַ מוזיק-האָל | טאָליאָ מיוזיק-האָל	ניו יאָרק | ניו-יאָרק	ברום סטריט	טאַליאַ | טאַליאַ מוזיק האָל | טאַליאַ מוזיק-האָל	אַמעריקע										
ORG-C01690	ספּיוואַקס וואָדעוויל-הויז	Theatre	1	ספּיוואַקס וואָדעוויל-הויז														
ORG-C01691	אָריענטאָל מוזיק-האָל	Theatre	1	אָריענטאָל מוזיק-האָל														
ORG-C01692	פּיפּלס מוזיק-האָל	Theatre	11	פּיפּלס מוזיק-האָל	ניו יאָרק	בויערי	פּיפּלס מוזיק-האָל | פּיפּעלס מוזיק-האָל | פּיפלס-מוזיק-האָל	אַמעריקע | אַמעריקע										
ORG-C01693	קלינטאָן סטריט רוף-גאַרדן	Theatre	1	קלינטאָן סטריט רוף-גאַרדן		קלינטאָן-סטריט	קלינטאָן סטריט רוף-גאַרדן											
ORG-C01694	קאָמעדי טעאַטער	Theatre	2	קאָמעדי טעאַטער	ניו יאָרק	סאָפאָלק סטריט	קאָמעדי טעאַטער		296 | 555 | 252 | 509 | 529	0.769 | 0.692 | 0.615 | 0.615 | 0.615	ipa_phonetic | ipa_phonetic | ipa_phonetic | ipa_phonetic | ipa_phonetic							
ORG-C01695	טעאַטער אַלימפּיא	Theatre	6	טעאַטער אַלימפּיא | טעאַטער אָלימפּאַ	בוענאָס איירעס | בוענאָס-אַרעס		אָלימפּיא | טעאַטער אָלימפּיא | טעאַטער „אָלימפּאָ“	אַרגענטינע | אָרגענטינע	475 | 581 | 491	0.733 | 0.643 | 0.625	ipa_phonetic | ipa_phonetic | ipa_phonetic							
ORG-C01696	פּנים'ער און פּנים'לאָך	Journals/ Newspapers	1	פּנים'ער און פּנים'לאָך														
ORG-C01697	טאָג-מאָרגן זשורנאַל	Journals/ Newspapers	2	טאָג-מאָרגן זשורנאַל														
ORG-C01698	ניו יאָרקער גילד פֿאַר יידישע בלינדע	Welfare/Aid organization	1	ניו יאָרקער גילד פֿאַר יידישע בלינדע														
ORG-C01699	פּוילישער גערטנערגעזעלשאַפֿט	Trade Union / Professional Association	1	פּוילישער גערטנערגעזעלשאַפֿט														
ORG-C01700	וואַרשעווער זאַל	Theatre	1	וואַרשעווער זאַל	לאָדזש		וואַרשעווער זאַל	פּוילן										
ORG-C01701	פּוילישן מיליטער-דינסט	Military	2	פּוילישן מיליטער-דינסט														
ORG-C01702	יאָשע שענקערס בירשענק	Theatre	1	יאָשע שענקערס בירשענק	לאָנדאָן	בריק ליין	יאָשע שענקערס בירשענק	ענגלאַנד										
ORG-C01703	אַרטיקער אינטערנאַציאָנאַלער ביבליאָטעק	Library	1	אַרטיקער אינטערנאַציאָנאַלער ביבליאָטעק			דער אַרטיקער אינטערנאַציאָנאַלער ביבליאָטעק	דענעמאַרק										
ORG-C01704	לערער-קורסן פֿון אַרבעטער-רינג	Education	1	לערער-קורסן פֿון אַרבעטער-רינג			לערער-קורסן פֿון אַרבעטער-רינג	אַמעריקע										
ORG-C01705	אומפּאַרטייישער אַרבעטער רינג-שול	Education	1	אומפּאַרטייישער אַרבעטער רינג-שול														
ORG-C01706	גרינינקע בוימעלעך	Journals/ Newspapers	2	גרינינקע בוימעלעך			גרינינקע ביימעלעך	אייראָפּע										
ORG-C01707	יונגוואַרג	Journals/ Newspapers	3	יונגוואַרג	ניו יאָרק		יונגוואַרג	אַמעריקע										
ORG-C01708	מאָרגן פרעהייט	Journals/ Newspapers	2	מאָרגן פרעהייט														
ORG-C01709	מאָנטרעאָלער „קינדערלאַנד“	Education	1	מאָנטרעאָלער „קינדערלאַנד“	מאָנטרעאָל		מאָנטרעאָלער „קינדערלאַנד“	קאַנאַדע										
ORG-C01710	ניו יאָרקער „קינדער-לאַנד“	Education	1	ניו יאָרקער „קינדער-לאַנד“	ניו יאָרק		ניו יאָרקער „קינדער-לאַנד“	אַמעריקע										
ORG-C01711	קעמפּ „לעיקלאַנד“	Education	2	קעמפּ „לעיקלאַנד“			ביי ניו-יאָרק											
ORG-C01712	שטאָטישער סי-סייד פֿאַרק אין ניו יאָרק	Not an organization	1	שטאָטישער סי-סייד פֿאַרק אין ניו יאָרק	ניו יאָרק		סי-סייד פֿאַרק	אַמעריקע										
ORG-C01713	ברייטענער שול 4	Education	1	ברייטענער שול 4														
ORG-C01714	וויליאַמסבורגער יידישע אַרבעטער רינג שול 1	Education	1	וויליאַמסבורגער יידישע אַרבעטער רינג שול 1														
ORG-C01715	פֿאַרלאָג „רויטע פעדים“	Publisher	1	פֿאַרלאָג „רויטע פעדים“	ניו יאָרק		פֿאַרלאָג „רויטע פעדים“	אַמעריקע										
ORG-C01716	זעליג שאָר	Traveling Company	2	זעליג שאָר	סטאַניסלאַוואָוו													
ORG-C01717	פּעפּי ליטמאַן	Traveling Company	3	טרופּע פֿון פּעפּי ליטמאַן | פּעפּי ליטמאַן			גאַליציע און עסטרייך	עסטרייך										
ORG-C01718	די בלייכמאַנס	Traveling Company	1	די בלייכמאַנס			רומעניע	רומעניע										
ORG-C01719	סידני האַרט	Traveling Company	1	סידני האַרט	קליוולאַנד													
ORG-C01720	גליקמאַן	Traveling Company	14	גליקמאַן | טרופּע פֿון גליקמאַן	שיקאַגאַ | שיקאַגאָ | שיקאַגע | שיקאָגאָ | שיקאָנאַ | שיקאגאָ		גליקמאַן	אַמעריקע | אַמעריקע										
ORG-C01721	לענאָקס	Theatre	9	לענאָקס	ניו יאָרק | ניו-יאָרק		לענאָקס											
ORG-C01722	טרופּע א'ר פֿון מישע גערמאַן און אָנפֿירונג פֿון ווייסהאָף	Traveling Company	1	טרופּע א'ר פֿון מישע גערמאַן און אָנפֿירונג פֿון ווייסהאָף														
ORG-C01723	קיעווער יידישן אַרטיסטן צוזאַמענפֿאָר	Theatre-related Society/ Union	1	קיעווער יידישן אַרטיסטן צוזאַמענפֿאָר														
ORG-C01724	ערשטער יידישער קאָאָפּעראַטיווער דראַמע	Theatre	1	ערשטער יידישער קאָאָפּעראַטיווער דראַמע	יעקאַטערינאָסלאָוו													
ORG-C01725	לעמבערגער טעאַטער	Theatre	2	לעמבערגער טעאַטער	לעמבערג		לעמבערגער טעאַטער		577 | 627 | 630	0.625 | 0.625 | 0.625	ipa_phonetic | ipa_phonetic | ipa_phonetic							
ORG-C01726	טרופּע פֿון די ברידער טשיסטאָגורסקי	Traveling Company	1	טרופּע פֿון די ברידער טשיסטאָגורסקי														
ORG-C01727	וויקטאָריאַ	Theatre	2	וויקטאָריאַ	לאָדזש		וויקטאָריאַ											
ORG-C01728	הערשקאָוויטשעס פּראָפעסיאנעלער יידישער טרופּע	Traveling Company	1	הערשקאָוויטשעס פּראָפעסיאנעלער יידישער טרופּע	לובלין													
ORG-C01729	"דראַמאַטישן טעאַטער א""ד פֿון א. ג. קאָמפּאַנעעץ"	Theatre	1	"דראַמאַטישן טעאַטער א""ד פֿון א. ג. קאָמפּאַנעעץ"														
ORG-C01730	"יידישע טעאַטער-סטודיע „מאַסקע"""	Theatre	1	"יידישע טעאַטער-סטודיע „מאַסקע"""	לעמבערג													
ORG-C01731	ווילנער גימנאַזיע	Education	3	ווילנער גימנאַזיע	ווילנע | ווין		ווילנער גימנאַזיע											
ORG-C01732	חברה מפיצי השכלה	Education	4	חברה מפיצי השכלה	אָדעס | פּעטערבורג													
ORG-C01733	יודישע ביבליאָטעק	Publisher	3	יודישע ביבליאָטעק														
ORG-C01734	וואָסכאָד	Journals/ Newspapers	4	וואָסכאָד	"פּט""ב"			רוסלאַנד										
ORG-C01735	דער שייגעץ	Journals/ Newspapers	1	דער שייגעץ														
ORG-C01736	דער בעזים	Journals/ Newspapers	1	דער בעזים														
ORG-C01737	קאָמיסיאָריאָט פֿאַר יידישע ענינים	Non-Jewish political bodies	1	קאָמיסיאָריאָט פֿאַר יידישע ענינים	פּעטערבורג													
ORG-C01738	קאַמינסקי-טרופּע	Traveling Company	8	קאַמינסקי-טרופּע	וואַרשע | קיעוו	כמעלניאַ 9	וואַרשעווער קאַמינסקי-טעאַטער | פּוילן	פּוילן	297 | 625	0.667 | 0.643	ipa_phonetic | ipa_phonetic							
ORG-C01739	"פֿ'ג „עזראַ"""	Publisher	1	"פֿ'ג „עזראַ"""	פּעטערבורג													
ORG-C01740	ניי יידיש	Journals/ Newspapers	2	ניי יידיש														
ORG-C01741	דער האַמער	Journals/ Newspapers	7	דער האַמער | האַמער	נ. י. | ניו יאָרק | ניו-יאָרק				215	0.700	ipa_phonetic							
ORG-C01742	פרץ-פאַרלאָג	Publisher	1	פרץ-פאַרלאָג	תל אביב													
ORG-C01743	די טרופּעס פֿון זיגלער	Traveling Company	1	די טרופּעס פֿון זיגלער					542 | 578 | 483	0.647 | 0.647 | 0.611	ipa_phonetic | ipa_phonetic | ipa_phonetic	SPLIT		The name uses the plural 'טרופּעס' (troupes), indicating multiple distinct companies under Ziegler's management.			auto_drafter	2026-05-17T17:07:26Z
ORG-C01744	פישזאָן-זאָסלאַווסקי	Traveling Company	2	פישזאָן-זאָסלאַווסקי			רומעניע	רומעניע										
ORG-C01745	משה ליפּמאַן אָנסאַמבל	Traveling Company	2	משה ליפּמאַן אָנסאַמבל														
ORG-C01746	בעטי קעניג	Traveling Company	1	בעטי קעניג														
ORG-C01747	פּריזאַמענט-היידען	Traveling Company	1	פּריזאַמענט-היידען														
ORG-C01748	ברייטמאַן-קאַניעווסקי	Traveling Company	1	ברייטמאַן-קאַניעווסקי														
ORG-C01749	דוד זיידערמאָן-חנה לערנער	Traveling Company	1	דוד זיידערמאָן-חנה לערנער														
ORG-C01750	אַסיפּ רוניטש-אַנסאַמבל	Traveling Company	1	אַסיפּ רוניטש-אַנסאַמבל														
ORG-C01751	מאָלדאָווישער מלוכה-טעאַטער	Theatre	1	מאָלדאָווישער מלוכה-טעאַטער	קעשענעוו			סאָוועט-רוסלאַנד	591 | 573 | 605 | 618 | 619	0.792 | 0.696 | 0.696 | 0.696 | 0.696	ipa_phonetic | ipa_phonetic | ipa_phonetic | ipa_phonetic | ipa_phonetic							
ORG-C01752	יידישן קאָמיטעט	Jewish political bodies	1	יידישן קאָמיטעט	וואָלבזשיך			פּוילן										
ORG-C01753	זאַלצבורגער יידישן צענטראַל-קאָמיטעט	Jewish political bodies	1	זאַלצבורגער יידישן צענטראַל-קאָמיטעט			דיפּי-לאַגערן											
ORG-C01754	אונראַ	Welfare/Aid organization	2	אונראַ														
ORG-C01755	לעאָן ליבגאָלד ליליאַנאַ-אַנסאַמבל	Traveling Company	1	לעאָן ליבגאָלד ליליאַנאַ-אַנסאַמבל				ישראל										
ORG-C01756	פּוילישן טעאַטער ביי טראָפּטשאַ	Theatre	1	פּוילישן טעאַטער ביי טראָפּטשאַ	וולאַצלאַוועק		פּוילישן טעאַטער	פּוילן										
ORG-C01757	אָריענטאַל טעאַטער	Theatre	15	אָריענטאַל טעאַטער	ניו יאָרק | ניו יאָרק | ניו-יאָרק | ניויאָרק		אַריענטאַל-טעאַטער | אַריענטאַל-טעאַטער | אָריענטאַל טעאַטער | אָריענטאַל טעאַטער | אָריענטאַל-טעאַטער | אָריענטאָל-טעאַטער | אָריענטאָל-טעאַטער | אָריענטאל טעאַטער	אַמעריקע | אמעריקע | אַמעריקע	177 | 151 | 252 | 124 | 527	0.688 | 0.667 | 0.667 | 0.600 | 0.600	ipa_phonetic | ipa_phonetic | ipa_phonetic | ipa_phonetic | ipa_phonetic							
ORG-C01758	ענגלישער אָפּערעטע	Theatre	1	ענגלישער אָפּערעטע														
ORG-C01759	יידישן אַרטיסטן און כאָריסטן-פֿאַריין	Theatre-related Society/ Union	1	יידישן אַרטיסטן און כאָריסטן-פֿאַריין														
ORG-C01760	טעאַטער-קאָמיטעט	Theatre-related Society/ Union	1	טעאַטער-קאָמיטעט														
ORG-C01761	סינעלניקאָווס שטאָט-טעאַטער	Theatre	1	סינעלניקאָווס שטאָט-טעאַטער														
ORG-C01762	אַרבעטער-קאָמיטעט	Jewish political bodies	3	אַרבעטער-קאָמיטעט														
ORG-C01763	נאָראָאָבראַז	Non-Jewish political bodies	1	נאָראָאָבראַז														
ORG-C01764	מייק טאָמאַשעווסקי	Traveling Company	9	מייק טאָמאַשעווסקי | מייק טאָמאָשעווסקיס טרופּע	פֿילאַדעלפיע | פילאַדעלפיע | פילאָדעלפיע | פֿילאַדעלפיע | פֿילאָדעלפיע		מייק טאָמאָשעווסקי											
ORG-C01765	חזן יאַנקל דער משוגענער	Musical organization	1	חזן יאַנקל דער משוגענער														
ORG-C01766	רוסישער גענעראַלשע אָלגינסקאַיאָ	Theatre	1	רוסישער גענעראַלשע אָלגינסקאַיאָ	וואַרשע													
ORG-C01767	טרופּע פֿון אַברהם פֿישזאָן און יעקב ספּיוואַקאָווסקי	Traveling Company	1	טרופּע פֿון אַברהם פֿישזאָן און יעקב ספּיוואַקאָווסקי														
ORG-C01768	אָדעסער יידישער טעאַטער	Theatre	1	אָדעסער יידישער טעאַטער	אָדעס				609 | 472 | 575 | 500 | 543	1.000 | 0.905 | 0.783 | 0.714 | 0.643	exact | ipa_phonetic | ipa_phonetic | ipa_phonetic | ipa_phonetic	NEW	609				Bella	2026-05-15T10:02:43Z
ORG-C01769	ראַפֿאַלסקיס אָפּערע	Theatre	1	ראַפֿאַלסקיס אָפּערע														
ORG-C01770	יונייטעד דראַמ. סוירקל	Theatre	1	יונייטעד דראַמ. סוירקל	ניו-יאָרק													
ORG-C01771	מימ'ט	Theatre	11	מימ'ט	מאָסקווע		מאָסקווע | מימט | מערב-אייראָפּע	סאָוויעטרוסלאַנד										
ORG-C01772	ביילטמאָר-טעאַטער	Theatre	1	ביילטמאָר-טעאַטער	לאָס אַנדזשעלעס				553 | 628 | 151 | 536 | 555	0.667 | 0.667 | 0.600 | 0.600 | 0.600	ipa_phonetic | ipa_phonetic | ipa_phonetic | ipa_phonetic | ipa_phonetic							
ORG-C01773	רעפּערטואַר טעאַטער	Theatre	1	רעפּערטואַר טעאַטער	לאָס אַנדזשעלעס				630	0.625	ipa_phonetic							
ORG-C01774	אידטעג	Traveling Company	1	אידטעג														
ORG-C01775	וו. פּ. אַ-טעאַטער-פּראָיעקט	Theatre	1	וו. פּ. אַ-טעאַטער-פּראָיעקט														
ORG-C01776	יידישער פֿאָלקסבינע	Theatre	1	יידישער פֿאָלקסבינע														
ORG-C01777	שיקאַגאַ	Journals/ Newspapers	6	שיקאַגאַ	שיקאַגאַ | שיקאַגאָ | שיקאַגער													
ORG-C01778	יידישע וואָרעוויל-טרופּע	Traveling Company	1	יידישע וואָרעוויל-טרופּע	לאָדזש		קינאָ-טעאַטערס											
ORG-C01779	קאָליסעום-טעאַטער	Theatre	5	קאָלאָסעום-טעאַטער | קאָליסעום-טעאַטער | קאלאסעאום-טעאַטער	לאָדזש | לאָנדאָן | לאדזש | לעמבערג	סלאָנעטשנאַ גאַס 33	קאָלאָסעום-טעאַטער | קאָלאָסעום-טעאַטער | קאָליסעום-טעאַטער	פּוילן	237 | 616 | 296 | 123 | 176	0.800 | 0.667 | 0.667 | 0.600 | 0.600	ipa_phonetic | ipa_phonetic | ipa_phonetic | ipa_phonetic | ipa_phonetic	SPLIT		Cluster contains distinct Coliseum Theatres in London, Lodz, and Lemberg; not a traveling company but separate venues.			auto_drafter	2026-05-17T17:07:26Z
ORG-C01780	ניו יאָרקער פּעדאַגאָגישן סעמינאַר	Education	1	ניו יאָרקער פּעדאַגאָגישן סעמינאַר	ניו יאָרק			אַמעריקע										
ORG-C01781	שטאָטישער פאָלקס שול	Education	1	שטאָטישער פאָלקס שול	וולאָצלאַוועק			פּוילן										
ORG-C01782	דער פאָנאָגראַף	Journals/ Newspapers	1	דער פאָנאָגראַף	לאָנדאָן													
ORG-C01783	יוגענד שטראַהלען	Journals/ Newspapers	1	יוגענד שטראַהלען														
ORG-C01784	דאַנציגער לעבען	Journals/ Newspapers	1	דאַנציגער לעבען	דאַנציג				425	0.600	ipa_phonetic							
ORG-C01785	דאַנציגער טאָגבלאַט	Journals/ Newspapers	1	דאַנציגער טאָגבלאַט	דאַנציג													
ORG-C01786	טעלעגראַפן-אַמט	Business	1	טעלעגראַפן-אַמט														
ORG-C01787	דאָס יידישע באַוועגלעכע דראַמאַטישע טעאַטער	Theatre	1	דאָס יידישע באַוועגלעכע דראַמאַטישע טעאַטער	דאַנציג		קייזער ווילהעלם טעאַטער-זאַל	דייטשלאנד										
ORG-C01788	דאַנציגער מאַגיסטראַט	Non-Jewish political bodies	1	דאַנציגער מאַגיסטראַט														
ORG-C01789	אָדעסער מוזיק-שול	Education	1	אָדעסער מוזיק-שול	אָדעס		אָדעסער מוזיק-שול											
ORG-C01790	"פאַרלאַג „טעאַטער אי איסקוסטוואָ"""	Publisher	1	"פאַרלאַג „טעאַטער אי איסקוסטוואָ"""														
ORG-C01791	טעאַטער פֿון וו. פֿ. קאָמיסאַר-זשעווסקי	Theatre	1	טעאַטער פֿון וו. פֿ. קאָמיסאַר-זשעווסקי	פּעטערבורג		טעאַטער פֿון וו. פֿ. קאָמיסאַר-זשעווסקי											
ORG-C01792	רוס	Journals/ Newspapers	1	רוס	פּעטערבורג													
ORG-C01793	פּועלי-ציון אָרגאַניזאַציע	Jewish political bodies	2	פּועלי-ציון אָרגאַניזאַציע	לויוויטש			פּוילן										
ORG-C01794	יידישער פּראָווינץ-טרופּע	Traveling Company	1	יידישער פּראָווינץ-טרופּע														
ORG-C01795	גימפּעלס לעמבערגער יידישן טעאַטער	Theatre	1	גימפּעלס לעמבערגער יידישן טעאַטער	לעמבערג													
ORG-C01796	מעלצערס טרופּע	Traveling Company	1	מעלצערס טרופּע					533 | 182 | 421 | 579 | 610	1.000 | 0.786 | 0.733 | 0.714 | 0.714	exact | ipa_phonetic | ipa_phonetic | ipa_phonetic | ipa_phonetic	NEW	533				Bella	2026-04-29T07:51:34Z
ORG-C01797	זייגלער-טרופּע	Traveling Company	3	זייגלער-טרופּע	ווין | מונקאָטש			טשעכאָסלאָוואַקיי	459 | 197 | 295 | 583 | 625	0.857 | 0.769 | 0.692 | 0.692 | 0.692	ipa_phonetic | ipa_phonetic | ipa_phonetic | ipa_phonetic | ipa_phonetic							
ORG-C01798	דייטשער גימנאַזיע	Education	1	דייטשער גימנאַזיע	לעמבערג													
ORG-C01799	טשעכאָסלאָוואַקיישן אויטאָרן-פֿאַרבאַנד	Theatre-related Society/ Union	1	טשעכאָסלאָוואַקיישן אויטאָרן-פֿאַרבאַנד														
ORG-C01800	"זשיטאָמירסקיס „טעאַטער"""	Theatre	1	"זשיטאָמירסקיס „טעאַטער"""	מאָסקווע													
ORG-C01801	יידישע אָפּערעטן טעאַטער פֿון בערלין	Traveling Company	1	יידישע אָפּערעטן טעאַטער פֿון בערלין	ליסאַבאָן		אָרטיקן צירק	פּאָרטוגאַל										
ORG-C01802	החבר	Traveling Company	1	החבר	ליסאַבאָן													
ORG-C01803	דייטשיידישעס זינג-שפּיל טעאַטער	Theatre	1	דייטשיידישעס זינג-שפּיל טעאַטער	לעמבערג													
ORG-C01804	באָמבאַכס שענק	Theatre	1	באָמבאַכס שענק	לעמבערג		באָמבאַכס שענק											
ORG-C01805	ווילנער ראַמאילעס ישיבה	Education	1	ווילנער ראַמאילעס ישיבה	ווילנע													
ORG-C01806	שול פֿון „מפיצי השכלה“	Education	1	שול פֿון „מפיצי השכלה“	ווילנע													
ORG-C01807	דראַמאַטישער סטודיע ביי דער ווילנער „קונסט געזעלשאַפט“	Education	1	דראַמאַטישער סטודיע ביי דער ווילנער „קונסט געזעלשאַפט“	ווילנע		קונסט געזעלשאַפט											
ORG-C01808	גדאַנסקער (דאַנציגער) יידישן טעאַטער-קאָלעקטיוו	Theatre	1	גדאַנסקער (דאַנציגער) יידישן טעאַטער-קאָלעקטיוו	גדאַנסק													
ORG-C01809	ווילנער יידישן דראַמאַטישן קאָלעקטיוו	Theatre	1	ווילנער יידישן דראַמאַטישן קאָלעקטיוו	ווילנע													
ORG-C01810	וואַרשעווער יידישן מלוכה-טעאַטער	Theatre	2	וואַרשעווער יידישן מלוכה-טעאַטער	וואַרשע				534 | 472 | 478 | 502 | 500	1.000 | 0.857 | 0.857 | 0.833 | 0.821	exact | ipa_phonetic | ipa_phonetic | ipa_phonetic | ipa_phonetic	NEW	534				Bella	2026-04-29T08:08:26Z
ORG-C01811	ערשטער ווילנער יידישער דראָמאַטישער סטודיע	Education	1	ערשטער ווילנער יידישער דראָמאַטישער סטודיע	ווילנע													
ORG-C01812	זאָל פֿון די האַנטווערקער	Theatre	1	זאָל פֿון די האַנטווערקער	ווילנע		זאָל פֿון די האַנטווערקער											
ORG-C01813	האַסיף	Journals/ Newspapers	2	האַסיף														
ORG-C01814	דאָס יודישע וואָרט	Journals/ Newspapers	4	דאָס יודישע וואָרט	קראָקע		בעלגיע	בעלגיע	564	0.600	ipa_phonetic							
ORG-C01815	דייטשער פּרעס-פאַרוואַלטונג	Non-Jewish political bodies	1	דייטשער פּרעס-פאַרוואַלטונג	וואַרשע			פּוילן										
ORG-C01816	נאָוואַ גאָזעטאָ	Journals/ Newspapers	1	נאָוואַ גאָזעטאָ														
ORG-C01817	יידישער טעאַטער-סטודיע א'א פון דר. מ. ווייכערט	Education	1	יידישער טעאַטער-סטודיע א'א פון דר. מ. ווייכערט	וואַרשע													
ORG-C01818	"וואַרשעווער ""יונג טעאַטער"""	Theatre	2	"וואַרשעווער ""יונג טעאַטער"""	וואַרשע													
ORG-C01819	„טעאַטער פאַר יוגנט“ א'א פון קלאַראַ סעגאַלאָוויטש	Theatre	1	„טעאַטער פאַר יוגנט“ א'א פון קלאַראַ סעגאַלאָוויטש														
ORG-C01820	"ווילנער מאַריאָנעטן-טעאַטער ""מיידעם"""	Theatre	1	"ווילנער מאַריאָנעטן-טעאַטער ""מיידעם"""	ווילנע													
ORG-C01821	"רעווי-טעאַטער „דווקאַ"""	Theatre	1	"רעווי-טעאַטער „דווקאַ"""	ווילנע													
ORG-C01822	טרופּע קאַדיש-כאַש	Traveling Company	4	טרופּע קאַדיש-כאַש | טרופּע קאדיש-חאש | טרופּע קדיש-כאַש					531	0.789	ipa_phonetic							
ORG-C01823	ניי-געגרינדעטן יידישן מלוכה-טעאַטער	Theatre	1	ניי-געגרינדעטן יידישן מלוכה-טעאַטער	פינסק				500 | 537 | 544 | 547 | 593	0.706 | 0.706 | 0.706 | 0.706 | 0.706	ipa_phonetic | ipa_phonetic | ipa_phonetic | ipa_phonetic | ipa_phonetic							
ORG-C01824	ברענטש 6 אַרבעטער רינג	Jewish political bodies	1	ברענטש 6 אַרבעטער רינג														
ORG-C01825	רוסישער טרופּע פֿון באַגאַטיילאָוו	Traveling Company	1	רוסישער טרופּע פֿון באַגאַטיילאָוו	קיעוו			אוקראינע										
ORG-C01826	„קאָפע ראָיאַל“	Business	1	„קאָפע ראָיאַל“	שיקאַגע			אַמעריקע										
ORG-C01827	שיקאַגער יידישע דראַמאַטישע געזעלשאַפט	Theatre	2	שיקאַגער יידישע דראַמאַטישע געזעלשאַפט	שיקאַגאָ | שיקאַגע			אַמעריקע	607 | 621 | 606 | 44 | 446	1.000 | 0.784 | 0.706 | 0.706 | 0.647	exact | ipa_phonetic | ipa_phonetic | ipa_phonetic | ipa_phonetic	NEW	607				Bella	2026-05-15T09:37:39Z
ORG-C01828	פּרינצעס טעאַטער	Theatre	2	פּרינצעס טעאַטער	שיקאַגע | פֿילאָדעלפיע		פּרינצעס טעאַטער | פּרינצעס-טעאַטער	אַמעריקע	263 | 630 | 161 | 124 | 278	0.667 | 0.667 | 0.625 | 0.600 | 0.600	ipa_phonetic | ipa_phonetic | ipa_phonetic | ipa_phonetic | ipa_phonetic	SPLIT		Cluster contains Princess Theatre locations in both Chicago and Philadelphia; these are distinct stationary venues, not a traveling troupe.			auto_drafter	2026-05-17T17:07:26Z
ORG-C01829	דראַמקרייז אין מילוואָקי	Theatre	1	דראַמקרייז אין מילוואָקי	מילוואָקי													
ORG-C01830	פּאַפּסט טעאַטער	Theatre	1	פּאַפּסט טעאַטער	מילוואָקי		פּאַפּסט טעאַטער		123 | 529 | 600 | 252 | 263	0.667 | 0.667 | 0.667 | 0.615 | 0.615	ipa_phonetic | ipa_phonetic | ipa_phonetic | ipa_phonetic | ipa_phonetic							
ORG-C01831	קולטור קלוב	Theatre-related Society/ Union	1	קולטור קלוב	לאָס אַנדזשעלעס							ALIGN	47				Bella	2026-04-19T16:27:16Z
ORG-C01832	בית המדרש ביים אייזערנעם טויער	Education	1	בית המדרש ביים אייזערנעם טויער	וואַרשע	אייזערנעם טויער	בית המדרש	פּוילן										
ORG-C01833	וואַרשעווער סינאַגאָגע	Theatre	4	וואַרשעווער סינאַגאָגע	וואַרשע	דאָנילאָוואַטשעווסקא	דער וואַרשעווער סינאָגאָגע | וואַרשעווער סינאַגאָגע | סינאַגאָגע	פּוילן										
ORG-C01834	פּוילישער בינע	Theatre	5	פּוילישער בינע	րաճօմ | לעמבערג | ראַדאָם		յքայՠեր բթնե | פּוילישער בינע											
ORG-C01835	אַלט-נייער שול	Religious institutions/organizations	1	אַלט-נייער שול	ריגע		דער אַלט-נייער שול	לעטלאַנד										
ORG-C01836	סטאַר דראַמאָטיק פֿאַראיין	Theatre	1	סטאַר דראַמאָטיק פֿאַראיין														
ORG-C01837	אַטלאַנטיק גאָרדן	Theatre	1	אַטלאַנטיק גאָרדן														
ORG-C01838	מעטראָפּאָליטאָן מוזיק האָל	Theatre	2	מעטראָפּאָליטאָן מוזיק האָל	בראַנזוויל | ניו יאָרק	פּיטקיין עוועניו	מעטראָפּאָליטאָן מוזיק האָל | מעטראָפּאָליטאָן מוזיק-האָל											
ORG-C01839	איי דאָבל יו, איי דאָבל יו-אַקטיאָרן-יוניע	Theatre-related Society/ Union	1	איי דאָבל יו, איי דאָבל יו-אַקטיאָרן-יוניע														
ORG-C01840	קעני ליפּצין	Traveling Company	3	קעני ליפּצין | קעני ליפּצינס טרופּע	ניו יאָרק													
ORG-C01841	גאָלד-טעאַטער	Theatre	2	גאָלד-טעאַטער	ניו-יאָרק		גאָלד-טעאַטער		552 | 123 | 528 | 529 | 600	0.833 | 0.727 | 0.727 | 0.727 | 0.727	ipa_phonetic | ipa_phonetic | ipa_phonetic | ipa_phonetic | ipa_phonetic							
ORG-C01842	יידישן לעגיאָן	Military	7	יידישן לעגיאָן	לוד	נעבן דער סטאַציע לוד	אַמפיטעאַטער אין לעגיאָן | אַמפיטעאַטער פֿון יידישן לעגיאָן | אָמפיטעאַטער | יידישן לעגיאָן	אָרץ-ישראל | ארץ ישראל | אַמעריקע										
ORG-C01843	פּוילישער דראַמאַטישער שול	Education	5	פּוילישער דראַמאַטישער שול	וואַרשע													
ORG-C01844	טרופּע אונטער דער דירעקציע פֿון ציפקוס	Traveling Company	1	טרופּע אונטער דער דירעקציע פֿון ציפקוס														
ORG-C01845	צוזאַמענפֿאָר פֿון די יידישע אַקטיאָרן	Theatre-related Society/ Union	1	צוזאַמענפֿאָר פֿון די יידישע אַקטיאָרן	קיעוו													
ORG-C01846	"סאָוועטישע ""יידיש קינסטלערישע מלוכה-טעאַטער“"	Theatre	1	"סאָוועטישע ""יידיש קינסטלערישע מלוכה-טעאַטער“"	אָדעס				550	0.610	ipa_phonetic							
ORG-C01847	יידישן מוסטער און קינסטלערטעאַטער	Theatre	1	יידישן מוסטער און קינסטלערטעאַטער				רומעניע										
ORG-C01848	מאָגולעסקאָס טרופּע	Traveling Company	7	מאָגולעסקאָס טרופּע	בוקאַרעסט | יאָסי | ניו יאָרק		מאָגולעסקאָס טרופּע | רומעניאַ-אָפּערע-הויז | רומעניע	רומעניע	337 | 533 | 568 | 264	1.000 | 0.625 | 0.625 | 0.625	exact | ipa_phonetic | ipa_phonetic | ipa_phonetic	ALIGN	337				Bella	2026-05-05T07:40:49Z
ORG-C01849	"צירק ""סידאלי"""	Theatre	1	"צירק ""סידאלי"""	יאָסי		"צירק ""סידאלי"""	רומעניע										
ORG-C01850	אַקטיאָרן יוניאָן, לאָקאל 2	Theatre-related Society/ Union	1	אַקטיאָרן יוניאָן, לאָקאל 2														
ORG-C01851	"יעקב פֿיינשטיינס „קינדער-טרופּע"""	Traveling Company	1	"יעקב פֿיינשטיינס „קינדער-טרופּע"""														
ORG-C01852	מאָריס וואַקסמאַן	Traveling Company	1	מאָריס וואַקסמאַן	פּאַריז			פראַנקרייך										
ORG-C01853	וואַנדערנדיקע טרופּעס	Traveling Company	1	וואַנדערנדיקע טרופּעס				רוסלאַנד										
ORG-C01854	בראָנדעסקאָ	Traveling Company	3	בראָנדעסקאָ	געניטשעסק													
ORG-C01855	מלוכהשן יידישן באַוועגלעכן טעאַטער פֿון אוקראינע	Theatre	2	מלוכהשן יידישן באַוועגלעכן טעאַטער פֿון אוקראינע			אוקראינע	אוקראינע										
ORG-C01856	רויטער האַמער	Theatre	2	רויטער האַמער			אוקראַאינע	אוקראַאינע										
ORG-C01857	ביראָבידזשאַנער יידישער מלוכה-טעאַטער	Theatre	1	ביראָבידזשאַנער יידישער מלוכה-טעאַטער	ביראָבידזשאַן				506 | 539 | 540 | 510 | 538	0.879 | 0.788 | 0.758 | 0.727 | 0.727	ipa_phonetic | ipa_phonetic | ipa_phonetic | ipa_phonetic | ipa_phonetic	ALIGN	506				Sinai	2026-04-28T04:58:23Z
ORG-C01858	ווייסרוסישן פֿאָלקס-טעאַטער	Theatre	1	ווייסרוסישן פֿאָלקס-טעאַטער	סלאָנים				570 | 608 | 494 | 541 | 593	1.000 | 0.739 | 0.680 | 0.654 | 0.633	exact | ipa_phonetic | ipa_phonetic | ipa_phonetic | ipa_phonetic	NEW	570				Bella	2026-05-04T09:18:10Z
ORG-C01859	מישאַ גענפֿערס טרופּע	Traveling Company	1	מישאַ גענפֿערס טרופּע	ווילנע				254 | 629 | 566 | 568 | 579	0.722 | 0.667 | 0.611 | 0.611 | 0.611	ipa_phonetic | ipa_phonetic | ipa_phonetic | ipa_phonetic | ipa_phonetic							
ORG-C01860	נחום ליפּאָווסקיס טרופּע	Traveling Company	4	נחום ליפּאָווסקיס טרופּע	ווילנע													
ORG-C01861	טרופּע פון דר. פאול באַראַטאָוו	Traveling Company	2	טרופּע פון דר. פאול באַראַטאָוו			יוגאָסלאַוויע	יוגאָסלאַוויע										
ORG-C01862	"יידישע טעאַטער-סטודיע „פרייקונסט"""	Theatre	1	"יידישע טעאַטער-סטודיע „פרייקונסט"""	מאָסקווע													
ORG-C01863	ניישאַצס סינאַגאַגע	Religious institutions/organizations	2	ניישאַצס סינאַגאַגע	יאָסי | יאסי		ניישאַצס סינאַגאַגע | ניישאַצס סינאַגאָגע	רומעניע										
ORG-C01864	פּאָמול ווערדע	Theatre	9	פּאָמול ווערדע	יאָס | יאָסי | יאסי		"גאָרטן „פאמול ווערדע“ | יאָסער יידישן גאָרטן-טעאַטער „פּּאָמול ווערדע"" | פּאַמול ווערדי | פּאָמול ווערדי | פּאָמול ווערדע | פּאמול ווערדע | פאָמול ווערדי"	רומעניע	137	1.000	exact	ALIGN	137				Bella	2026-04-19T07:28:14Z
ORG-C01865	14 סטריט-טעאַטער	Theatre	1	14 סטריט-טעאַטער	ניו יארק		14 סטריט-טעאַטער	אַמעריקע	513 | 151 | 176 | 529 | 536	0.737 | 0.600 | 0.600 | 0.600 | 0.600	ipa_phonetic | ipa_phonetic | ipa_phonetic | ipa_phonetic | ipa_phonetic							
ORG-C01866	אוירווינג פלייס קונסט-טעאַטער	Theatre	7	אוירווינג פלייס קונסט-טעאַטער	ניו יאָרק | ניו יארק	אוירווינג פּלייס	אוירווינג פּלייס קונסט-טעאַטער | אוירווינג פלייס | אוירווינג פלייס קונסט טעאַטער | אוירווינג-פלייס קונסטטעאַטער	אַמעריקע | אמעריקע										
ORG-C01867	חסך פון די יידישע אַקטיאָרן	Theatre-related Society/ Union	1	חסך פון די יידישע אַקטיאָרן														
ORG-C01868	דאָטש-טעאַטער	Theatre	1	דאָטש-טעאַטער					526 | 529 | 600 | 628 | 552	0.727 | 0.727 | 0.727 | 0.727 | 0.667	ipa_phonetic | ipa_phonetic | ipa_phonetic | ipa_phonetic | ipa_phonetic							
ORG-C01869	פיבאָדי פלעי האוז	Theatre	1	פיבאָדי פלעי האוז	באָסטאָן		פיבאָדי פלעי האוז											
ORG-C01870	שאַמאַ-טעאַטער	Theatre	1	שאַמאַ-טעאַטער					296 | 526 | 529 | 555 | 600	0.750 | 0.727 | 0.727 | 0.727 | 0.727	ipa_phonetic | ipa_phonetic | ipa_phonetic | ipa_phonetic | ipa_phonetic							
ORG-C01871	באָסטאָן היבריו עקטאָרס יוניאָן	Theatre-related Society/ Union	1	באָסטאָן היבריו עקטאָרס יוניאָן	באָסטאָן													
ORG-C01872	טרופּע פון סאַמבערג	Traveling Company	2	טרופּע פון סאַמבערג	קרעמענטשוג				626 | 523 | 578 | 483	0.706 | 0.647 | 0.647 | 0.611	ipa_phonetic | ipa_phonetic | ipa_phonetic | ipa_phonetic							
ORG-C01873	האַרלאַמפּ-קאַניעווסקיס טרופּע	Traveling Company	1	האַרלאַמפּ-קאַניעווסקיס טרופּע	פּאָלטאָוואַ													
ORG-C01874	ערשטן יידישן קינסטלער-טעאַטער	Theatre	1	ערשטן יידישן קינסטלער-טעאַטער	אָדעס				633 | 623	0.679 | 0.607	ipa_phonetic | ipa_phonetic							
ORG-C01875	"זשורנאַל ""ברקאי"""	Journals/ Newspapers	1	"זשורנאַל ""ברקאי"""	יאָהאָנעסבורג													
ORG-C01876	פּילנער ביר-ברויעריי	Business	1	פּילנער ביר-ברויעריי	ראַדאָמיסל		פּילנער ביר-ברויעריי	אוקראינע										
ORG-C01877	טרופּע פֿון אייזיק סאָמבערג	Traveling Company	1	טרופּע פֿון אייזיק סאָמבערג	קרעמענטשוג													
ORG-C01878	טרופּע פֿון חאַרלאַמפּ-קאַניעווסקי	Traveling Company	1	טרופּע פֿון חאַרלאַמפּ-קאַניעווסקי	פּאָלטאָוואָ													
ORG-C01879	איציקל גאָלדענבערג	Theatre	13	איציקל גאָלדענבערג | איציקל גאָלדענבערגס טרופּע | טרופּע פֿון איציקל גאָלדענבערג	בוקאַרעסט | בוקאַרעשט		בוקאַרעסטער זשיגניצא	רומעניע										
ORG-C01880	שלעזינגער טעאַטער-געזעלשאַפט	Theatre	1	שלעזינגער טעאַטער-געזעלשאַפט				דרום אָפריקע										
ORG-C01881	לאַגער דעמבאָ	Not an organization	1	לאַגער דעמבאָ	דעמבאָ		לאַגער	פוילן										
ORG-C01882	רוסיש-העברעישע גימנאַזיע	Education	1	רוסיש-העברעישע גימנאַזיע														
ORG-C01883	צ'ק פֿון ווייסרוסלאַנד און פּוילן	Non-Jewish political bodies	1	צ'ק פֿון ווייסרוסלאַנד און פּוילן														
ORG-C01884	פֿאַרייניקטער פּאַרטיי רעכטע פּ'צ	Jewish political bodies	1	פֿאַרייניקטער פּאַרטיי רעכטע פּ'צ	וואַרשע			פּוילן										
ORG-C01885	ליגע פֿאַרן אַרבעטנדיקן א'י	Jewish political bodies	1	ליגע פֿאַרן אַרבעטנדיקן א'י														
ORG-C01886	"מפּא""י"	Jewish political bodies	1	"מפּא""י"			ישראל	ישראל										
ORG-C01887	בימות ובדים	Media (Radio/ Film/TV)	1	בימות ובדים			ישראל	ישראל										
ORG-C01888	השחר	Journals/ Newspapers	5	השחר	ווין			עסטרייך										
ORG-C01889	היום	Journals/ Newspapers	3	היום	פּעטערבורג													
ORG-C01890	יודישען פֿאָלקס בלאַט	Journals/ Newspapers	2	יודישען פֿאָלקס בלאַט														
ORG-C01891	יודישע פֿאָלקסביבליאָטעק	Journals/ Newspapers	3	יודישע פֿאָלקסביבליאָטעק														
ORG-C01892	אוניווערזיטעט פֿון ברעסלוי	Education	1	אוניווערזיטעט פֿון ברעסלוי	ברעסלוי		אוניווערזיטעט											
ORG-C01893	הדור	Journals/ Newspapers	2	הדור	וואַרשע				267	1.000	exact	ALIGN	267				Bella	2026-04-19T06:58:54Z
ORG-C01894	שטייבעל-פֿאַרלאַג	Publisher	1	שטייבעל-פֿאַרלאַג	מאָסקווע													
ORG-C01895	התקופה	Journals/ Newspapers	4	התקופה	וואַרשע			פּוילן										
ORG-C01896	בורשטיין	Traveling Company	2	בורשטיין	פאַריז			פראַנקרייך										
ORG-C01897	פּיפּלס פלעיס	Theatre	1	פּיפּלס פלעיס	לאָנדאָן		פּיפּלס פלעיס											
ORG-C01898	פֿאַראייניקטע טרופּע	Traveling Company	20	די פאַראייניקטע טרופּע | פאַרייניקטע טרופּע | פֿאַראייניקטע טרופּע | פֿאַרייניקטע טרופּע אין ליטע | פֿאַרייניקטער טרופּע	וואַרשע | לאָדזש | פּעטערבורג | פאַריז		עליזעאום טעאַטער | עליזעום-טעאַטער | רוסלאַנד	ליטע | פּוילן | רוסלאַנד										
ORG-C01899	דראַמאַטישע סטודיע ביים וואַרשעווער יידישן מלוכה-טעאַטער	Theatre	1	דראַמאַטישע סטודיע ביים וואַרשעווער יידישן מלוכה-טעאַטער	וואַרשע			פּוילן										
ORG-C01900	וואַרשעווער „הזמיר“	Musical organization	4	וואַרשעווער „הזמיר“	וואַרשע		הזמיר | וואַרשעווער „הזמיר“	פּוילן										
ORG-C01901	אַרבעטער טעאַטער-סטודיע „אַרטעס“	Theatre	1	אַרבעטער טעאַטער-סטודיע „אַרטעס“														
ORG-C01902	יידישער רעפּערטואַר טעאַטער	Theatre	1	יידישער רעפּערטואַר טעאַטער	לאָס אַנדזשעלעס		פֿיגעראָאַ-טעאַטער		480	0.625	ipa_phonetic							
ORG-C01903	האַנדלס-שול	Education	12	האַנדלס-שול | האַנדלס-שול אין לאָדזש	וואַרשע | ווין | טשערנאָוויץ | לאָדזש | פּעטערבורג		האַנדלסשול | עק דזשייקאַ און וואָלינסקא	עסטרייך | פּוילן										
ORG-C01904	ווינער באַנק	Business	1	ווינער באַנק	ווין		ווינער באַנק											
ORG-C01905	יידישן וואָדעוויל-טעאַטער פֿון סעם אַגער	Theatre	1	יידישן וואָדעוויל-טעאַטער פֿון סעם אַגער				אַמעריקע										
ORG-C01906	עסטרייכישע אַרמיי	Military	6	עסטרייכישע אַרמיי														
ORG-C01907	יידישן אַרטיסטין פֿאַריין אין פּוילן	Theatre-related Society/ Union	1	יידישן אַרטיסטין פֿאַריין אין פּוילן				פּוילן										
ORG-C01908	אַרטערסטודיע	Education	1	אַרטערסטודיע	ניו יאָרק													
ORG-C01909	אַנסאַמבל	Traveling Company	1	אַנסאַמבל														
ORG-C01910	רוסישער פֿאָלקס-שול	Education	8	רוסישע פאָלקס-שול | רוסישער פֿאָלקס-שול	ווילנע		רוסישע פאָלקס-שול											
ORG-C01911	פּאַרטייסאַציאַליסטן-ציוניסטן	Jewish political bodies	1	פּאַרטייסאַציאַליסטן-ציוניסטן														
ORG-C01912	פינסקי ליסטאָק	Journals/ Newspapers	1	פינסקי ליסטאָק	פינסק													
ORG-C01913	לערער-סעמינאַר	Education	1	לערער-סעמינאַר														
ORG-C01914	לאָקאָל 156	Trade Union / Professional Association	1	לאָקאָל 156														
ORG-C01915	פֿאַרשרייט	Journals/ Newspapers	1	פֿאַרשרייט														
ORG-C01916	פרייהייט	Journals/ Newspapers	17	די פֿרייהייט | פרייהייט	ניו יאָרק | ניו-יאָרק | ניויארק		ניו יאָרקער	אַמעריקע | יו-עס-עי										
ORG-C01917	באַגינען	Journals/ Newspapers	1	באַגינען														
ORG-C01918	צוזאַמען	Journals/ Newspapers	2	צוזאַמען	נ. י.													
ORG-C01919	"פ'ג ""צוזאַמען“"	Publisher	1	"פ'ג ""צוזאַמען“"	ניו-יאָרק		נ. י.											
ORG-C01920	שטערנס קאָנסערוואַטאָריום	Education	1	שטערנס קאָנסערוואַטאָריום	בערלין		שטערנס קאָנסערוואַטאָריום	דייטשלאַנד										
ORG-C01921	זאַנדבערגס גרויסעס טעאַטער	Theatre	2	זאַנדבערגס גרויסעס טעאַטער	לאָדזש | לאָדזש		זאַנדבערגס גרויסעס טעאַטער | זאַנדבערגס גרויסעס טעאַטער	פּוילן	455	0.706	ipa_phonetic							
ORG-C01922	יידישן פילהאַרמאָנישן כאָר	Musical organization	1	יידישן פילהאַרמאָנישן כאָר	ניו-יאָרק			אַמעריקע										
ORG-C01923	איקוף-צוזאַמענפֿאָר	Heritage Institution	1	איקוף-צוזאַמענפֿאָר														
ORG-C01924	ניסן בעלזער פֿון ניקאָלאַיעוו	Musical organization	1	ניסן בעלזער פֿון ניקאָלאַיעוו	אָדעס													
ORG-C01925	"טאַבאַק-פֿאָבריק „וויניק"""	Labour (factory/workshop)	1	"טאַבאַק-פֿאָבריק „וויניק"""	לעמבערג		וויניק											
ORG-C01926	קלמן יווועליר	Traveling Company	1	קלמן יווועליר	לעמבערג		"„פאָד סעראָקע"""											
ORG-C01927	"„בראָדערזינגער""-קאָמפּאָניעס"	Traveling Company	1	"„בראָדערזינגער""-קאָמפּאָניעס"	גאַליציע													
ORG-C01928	הורוויץ-הלוי-טרופּע	Traveling Company	1	הורוויץ-הלוי-טרופּע	ווין													
ORG-C01929	דוד עדלהאַפער	Theatre	1	דוד עדלהאַפער	ווין		"האָטעל 'אַרקאָ"""											
ORG-C01930	נאַציאָנאָל גאַזעטען	Journals/ Newspapers	1	נאַציאָנאָל גאַזעטען	לאָנדאָן													
ORG-C01931	כאָר פֿון די גאַסטראָלירנדיקע יידישע טרופּעס	Traveling Company	1	כאָר פֿון די גאַסטראָלירנדיקע יידישע טרופּעס	מאַנטשעסטער			ענגלאַנד										
ORG-C01932	די געברידער פֿיינבערג	Traveling Company	1	די געברידער פֿיינבערג	לאָנדאָן			ענגלאַנד										
ORG-C01933	וויינקאָרט קלוב	Theatre	1	וויינקאָרט קלוב	לאָנדאָן													
ORG-C01934	סעגאַלעסקאָן	Traveling Company	1	סעגאַלעסקאָן				רומעניע										
ORG-C01935	דאָטשעס טעאַטער	Theatre	1	דאָטשעס טעאַטער	קליוולאַנד		דאָטשעס טעאַטער		252 | 278 | 509 | 577 | 616	0.692 | 0.643 | 0.615 | 0.615 | 0.615	ipa_phonetic | ipa_phonetic | ipa_phonetic | ipa_phonetic | ipa_phonetic							
ORG-C01936	פּראָפעסיאנעלער טרופּע	Traveling Company	2	פּראָפעסיאנעלער טרופּע | פּראָפעסיאנעלער טרופּע (דיר. — לערמאַן)			אַרגענטינע	אַרגענטינע										
ORG-C01937	טעאַטער נאָווי	Theatre	5	טעאַטער נאָווי	אָדעם | אָדעס | וואַרשע	קרולעווסקאַ גאַס	טעאַטער נאָווי | נאָווי | נאָווי טעאַטער | קרולעווסקאַ	פּוילן	581	0.692	ipa_phonetic							
ORG-C01938	רעגירונגס-טעאַטערס	Theatre	1	רעגירונגס-טעאַטערס					124	0.647	ipa_phonetic							
ORG-C01939	צוגרייטונגס-שולע	Education	1	צוגרייטונגס-שולע														
ORG-C01940	רעגירונגס-שול	Education	3	רעגירונגס-שול	אָדעס													
ORG-C01941	"פּויליש טעאַטער ""פּאָפּולאַרני"""	Theatre	1	"פּויליש טעאַטער ""פּאָפּולאַרני"""	לאָדזש		"פּויליש טעאַטער ""פּאָפּולאַרני"""											
ORG-C01942	פּוילישע מיניאַטור-טעאַטער	Theatre	1	פּוילישע מיניאַטור-טעאַטער	לאָדזש				608	0.652	ipa_phonetic							
ORG-C01943	ריגער מלוכה-טעאַטער	Theatre	1	ריגער מלוכה-טעאַטער	ריגע		ריגער מלוכה-טעאַטער	לעטלאַנד	573 | 500 | 618 | 619 | 630	1.000 | 0.720 | 0.684 | 0.684 | 0.667	exact | ipa_phonetic | ipa_phonetic | ipa_phonetic | ipa_phonetic	NEW	573				Bella	2026-05-04T09:42:28Z
ORG-C01944	קאָוונער יידישן טעאַטער	Theatre	1	קאָוונער יידישן טעאַטער	קאָוונע		קאָוונער יידישן טעאַטער	ליטע	575 | 472 | 500 | 518 | 609	0.818 | 0.800 | 0.800 | 0.731 | 0.714	ipa_phonetic | ipa_phonetic | ipa_phonetic | ipa_phonetic | ipa_phonetic							
ORG-C01945	ווינער בורג-טעאַטער	Theatre	1	ווינער בורג-טעאַטער	ווין		בורג-טעאַטער	עסטרייך	573 | 489	0.667 | 0.647	ipa_phonetic | ipa_phonetic	ALIGN	489				Bella	2026-04-27T10:12:31Z
ORG-C01946	ווינער קייזערלעכן טעאַטער	Theatre	1	ווינער קייזערלעכן טעאַטער	ווין		ווינער קייזערלעכן טעאַטער		500	0.609	ipa_phonetic							
ORG-C01947	ווינער אָפּערע	Theatre	1	ווינער אָפּערע	ווין		ווינער אָפּערע		532	0.727	ipa_phonetic							
ORG-C01948	דראַמאַטישן קרייז ביי דער יאַסער „קולטור-ליגע“	Amateur	1	דראַמאַטישן קרייז ביי דער יאַסער „קולטור-ליגע“	יאַס		יאַסער קולטור-ליגע											
ORG-C01949	בעלצער קולטור-ליגע	Heritage Institution	1	בעלצער קולטור-ליגע	בעלץ			רומעניע										
ORG-C01950	בעלצער קהילה	Religious institutions/organizations	1	בעלצער קהילה	בעלץ													
ORG-C01951	יאַסער יידישן שפּיטאָל	Health institutions	1	יאַסער יידישן שפּיטאָל	יאַס		יאַסער יידישן שפּיטאָל											
ORG-C01952	טרופּע פֿון גראָדנער און הורוויטש	Traveling Company	1	טרופּע פֿון גראָדנער און הורוויטש	בוקאַרעשט			רומעניע										
ORG-C01953	פּרינצעס קלוב	Theatre	3	פּרינצעס קלוב	לאָנדאָן		פּרינצעס קלוב	ענגלאַנד										
ORG-C01954	מעדיסאָן סטריט-טעאַטער	Theatre	4	מעדיסאָן סטריט-טעאַטער	שיקאַגאָ | שיקאַגע | שיקאָגאָ	מעדיסאָן סטריט	מעדיסאָן סטריט-טעאַטער	אַמעריקע	170 | 513	0.636 | 0.600	ipa_phonetic | ipa_phonetic							
ORG-C01955	טאָמאַשעווסקיס נעשאַנאַל-טעאַטער	Theatre	5	טאָמאַשעווסקי נעשאָנאַל-טעאַטער | טאָמאַשעווסקיס נעשאַנאַל-טעאַטער | טאָמאָשעווסקיס ניישאָנאַל-טעאַטער	ניו יאָרק	האוסטאַן סטריט און סעקאַנד עוועניו	נעשאַנאַל-טעאַטער	אַמעריקע										
ORG-C01956	געבילס פּאָבליק-טעאַטער	Theatre	7	געבילס פּאָבליק-טעאַטער	ניו יאָרק | ניויאָרק		געבילס פּאָבליק-טעאַטער | פּאָבליק-טעאַטער	אַמעריקע										
ORG-C01957	"אַקטיאָרן יוניאָן „לאָקאַל צוויי"""	Theatre-related Society/ Union	1	"אַקטיאָרן יוניאָן „לאָקאַל צוויי"""														
ORG-C01958	ניואַנסן	Journals/ Newspapers	1	ניואַנסן														
ORG-C01959	רויערד	Journals/ Newspapers	1	רויערד	מאָנטרעאָל													
ORG-C01960	פֿאָלקסביבליאָטעק	Library	1	פֿאָלקסביבליאָטעק	מאַנטרעאָל													
ORG-C01961	פּאַסיפיק	Journals/ Newspapers	1	פּאַסיפיק	לאָס אַנדזשעלעס													
ORG-C01962	מתנות	Publisher	4	מתנות	ניו יאָרק | ניו-יאָרק			אַמעריקע										
ORG-C01963	נייע יידישע פֿאָלקס שול	Publisher	2	נייע יידישע פֿאָלקס שול	ווילנע													
ORG-C01964	טרופּע אונטער דער דירעקציע פֿון טרייטלער און ראָזענבלום	Traveling Company	1	טרופּע אונטער דער דירעקציע פֿון טרייטלער און ראָזענבלום	בערלאָד			רומעניע										
ORG-C01965	עליזעום-באַגאַטעלאַ	Theatre	1	עליזעום-באַגאַטעלאַ	וואַרשע		עליזעום-באַגאַטעלאַ	פּוילן	237	0.688	ipa_phonetic							
ORG-C01966	ערמיטאַזש	Theatre	2	ערמיטאַזש	וואַרשע		ערמיטאַזש	פּוילן										
ORG-C01967	אַדלערס „טאָליאַ“-טעאַטער	Theatre	1	אַדלערס „טאָליאַ“-טעאַטער	ניו יאָרק		טאָליאַ-טעאַטער	אַמעריקע	604	0.667	ipa_phonetic							
ORG-C01968	וואַרשעווער קונסט-שול	Education	1	וואַרשעווער קונסט-שול	וואַרשע		וואַרשעווער קונסט-שול											
ORG-C01969	קונסט-אָקאָדעמיע	Education	7	קונסט-אַקאַדעמיעס | קונסט-אָקאַדעמיע אין פּעטערבורג | קונסט-אָקאָדעמיע	אַנטווערפן | מינכען | פּאַריז | פּעטערבורג | פאַריז		אייראָפּע | קונסט-אַקאַדעמיע	פראַנקרייך				SPLIT		Cluster contains generic references to art academies in multiple distinct cities (Petersburg, Munich, Paris, Antwerp) rather than a single organization.			auto_drafter	2026-05-17T17:07:26Z
ORG-C01970	'עקאָל דע ב'יז אָרט'	Education	1	'עקאָל דע ב'יז אָרט'	פאַריז		'עקאָל דע ב'יז אָרט'											
ORG-C01971	נאַציאָנאַלן פּוילישן מוזעום 'זאַכענטאַ'	Heritage Institution	1	נאַציאָנאַלן פּוילישן מוזעום 'זאַכענטאַ'	וואַרשע		נאַציאָנאַלן פּוילישן מוזעום 'זאַכענטאַ'	פּוילן										
ORG-C01972	'נאָוועמבער-גרופּע'	Traveling Company	1	'נאָוועמבער-גרופּע'	בערלין		'נאָוועמבער-גרופּע'											
ORG-C01973	'שטורעם-גרופּע'	Traveling Company	1	'שטורעם-גרופּע'	בערלין		'שטורעם-גרופּע'											
ORG-C01974	געזעלשאַפֿט פֿאַר דער פֿאַרשפּרייטונג פֿון יידישער קונסט	Theatre-related Society/ Union	1	געזעלשאַפֿט פֿאַר דער פֿאַרשפּרייטונג פֿון יידישער קונסט	וואַרשע		געזעלשאַפֿט פֿאַר דער פֿאַרשפּרייטונג פֿון יידישער קונסט											
ORG-C01975	"גאַלעריי ""קרעס"""	Heritage Institution	1	"גאַלעריי ""קרעס"""	פאַריז		"גאַלעריי ""קרעס"""											
ORG-C01976	"„פּאַלעי דע לאַ דעקואַווערט"""	Heritage Institution	1	"„פּאַלעי דע לאַ דעקואַווערט"""	פּאַריז		"„פּאַלעי דע לאַ דעקואַווערט"""											
ORG-C01977	מוזעום פֿאַר מאָדערנע קונסט	Theatre	2	מוזעום פֿאַר מאָדערנע קונסט	מעקסיקע סיטי | ניו יאָרק		מוזעום פֿאַר מאָדערנער קונסט	אַמעריקע | מעקסיקע				SPLIT		Cluster contains museums in two distinct cities (NYC and Mexico City) and is incorrectly typed as a Theatre.			auto_drafter	2026-05-17T17:07:26Z
ORG-C01978	דאָס לעבען	Journals/ Newspapers	3	דאָס לעבען	פּעטערבורג			רוסלאַנד										
ORG-C01979	דער שטראַהל	Journals/ Newspapers	2	דער שטראַהל	וואַרשע			פּוילן	216	0.600	ipa_phonetic							
ORG-C01980	השלוח	Journals/ Newspapers	1	השלוח														
ORG-C01981	בינשטאַק	Publisher	1	בינשטאַק	אָדעס			רוסלאַנד										
ORG-C01982	גוט מאָרגען	Journals/ Newspapers	2	גוט מאָרגען	אָדעס			רוסלאַנד										
ORG-C01983	שלום-עליכם	Journals/ Newspapers	1	שלום-עליכם	אָדעס			רוסלאַנד										
ORG-C01984	קלעצקינס פֿאַרלאַג	Publisher	1	קלעצקינס פֿאַרלאַג	ווילנע													
ORG-C01985	בלימעלאָך	Publisher	2	בלימעלאָך	אָדעס			רוסלאַנד										
ORG-C01986	הוצאת יורשי המחבר	Publisher	1	הוצאת יורשי המחבר	בערלין			דייטשלאַנד										
ORG-C01987	אָדעסער פֿאָלקסבלאט	Journals/ Newspapers	1	אָדעסער פֿאָלקסבלאט	אָדעס			רוסלאַנד										
ORG-C01988	"""שייפערס אַרפעום""-טעאַטער"	Theatre	1	"""שייפערס אַרפעום""-טעאַטער"	באַלטימאָר		"""שייפערס אַרפעום""-טעאַטער"											
ORG-C01989	"לאָדזש 510 פֿון די ""נייטס אָוו פּיטהיאָס"""	Welfare/Aid organization	1	"לאָדזש 510 פֿון די ""נייטס אָוו פּיטהיאָס"""														
ORG-C01990	אונדער צייט	Journals/ Newspapers	3	אונדער צייט	קאָוונע | ריגע				426	0.615	ipa_phonetic							
ORG-C01991	נייס	Journals/ Newspapers	2	נייס	קאָוונע			ליטע										
ORG-C01992	"פֿאַרלאַג „ליכט"""	Publisher	1	"פֿאַרלאַג „ליכט"""	קאָוונע													
ORG-C01993	יידישן נאַציאָנאָל-ראָט	Jewish political bodies	1	יידישן נאַציאָנאָל-ראָט	קאָוונע													
ORG-C01994	קאָוונער יידישער דראָמאַטישער געזעלשאַפֿט	Theatre	1	קאָוונער יידישער דראָמאַטישער געזעלשאַפֿט	קאָוונע				607 | 621 | 44 | 606 | 446	0.829 | 0.703 | 0.686 | 0.657 | 0.629	ipa_phonetic | ipa_phonetic | ipa_phonetic | ipa_phonetic | ipa_phonetic							
ORG-C01995	אַלגעמיינע בילדונגס-קורסן	Education	1	אַלגעמיינע בילדונגס-קורסן	ווילנע													
ORG-C01996	רעפּערטואָר	Publisher	1	רעפּערטואָר														
ORG-C01997	אָדעסער רעגירונגס מוזיק-שול	Education	1	אָדעסער רעגירונגס מוזיק-שול	אָדעס		אָדעסער רעגירונגס מוזיק-שול											
ORG-C01998	געזעלשאַפט פאַר יידישע פאָלקס-מוזיק	Musical organization	1	געזעלשאַפט פאַר יידישע פאָלקס-מוזיק	פּעטערבורג		געזעלשאַפט פאַר יידישע פאָלקס-מוזיק											
ORG-C01999	יעקאַטערינאָסלאַווער מוזיק-שול	Education	1	יעקאַטערינאָסלאַווער מוזיק-שול	יעקאַטערינאָסלאַוו		יעקאַטערינאָסלאַווער מוזיק-שול											
ORG-C02000	סימפאָנישער אָרקעסטער און אָפּערע	Traveling Company	1	סימפאָנישער אָרקעסטער און אָפּערע	יעקאַטערינאָסלאָוו		סימפאָנישער אָרקעסטער און אָפּערע											
ORG-C02001	יידישן מוזיק-פאַרלאַג אין בערלין	Publisher	1	יידישן מוזיק-פאַרלאַג אין בערלין	בערלין		יידישן מוזיק-פאַרלאַג אין בערלין	דייטשלאנד										
ORG-C02002	ליטעראַטור-היסטאָרישע קורסן פֿון פּראָפ. ראַיעוו	Education	1	ליטעראַטור-היסטאָרישע קורסן פֿון פּראָפ. ראַיעוו	פּעטערבורג			רוסלאַנד										
ORG-C02003	לאָזאַנער אוניווערזיטעט	Education	1	לאָזאַנער אוניווערזיטעט	לאָזאַן			שווייץ	587 | 590 | 588 | 561 | 585	0.800 | 0.800 | 0.750 | 0.714 | 0.714	ipa_phonetic | ipa_phonetic | ipa_phonetic | ipa_phonetic | ipa_phonetic							
ORG-C02004	ווילנער יידישן פֿאָלקס-טעאַטער	Theatre	1	ווילנער יידישן פֿאָלקס-טעאַטער	ווילנע				541 | 565 | 494 | 519 | 571	1.000 | 0.821 | 0.808 | 0.808 | 0.769	exact | ipa_phonetic | ipa_phonetic | ipa_phonetic | ipa_phonetic	NEW	541				Bella	2026-04-29T08:33:34Z
ORG-C02005	אילוסטרירטע וואָך	Journals/ Newspapers	3	אילוסטרירטע וואָך	וואַרשע				284	0.625	ipa_phonetic							
ORG-C02006	פילהאַרמאָניע	Theatre	2	פילהאַרמאָניע	לאָדזש | לאָס-אַנדזשעלעס		פילהאַרמאָניע | פילהאַרמאָניק	אַמעריקע | פּוילן	479 | 517	0.611 | 0.611	ipa_phonetic | ipa_phonetic	SPLIT		Cluster contains distinct Philharmonic venues in Lodz, Poland and Los Angeles, USA; name is too generic for a single entity.			auto_drafter	2026-05-17T17:07:26Z
ORG-C02007	יידישן מעוטים-טעאַטער	Theatre	10	דאָס יידישע מעוטים-טעאַטער | יידישן מעוטים-טעאַטער | יידישער מיעוטים-טעאַטער | יידישער מעוטים-טעאַטער	קאָוונע | ריגע		יידישן מעוטים-טעאַטער | ריגער	ליטע | לעטלאַנד	536 | 480 | 618 | 619 | 237	0.769 | 0.650 | 0.650 | 0.650 | 0.600	ipa_phonetic | ipa_phonetic | ipa_phonetic | ipa_phonetic | ipa_phonetic							
ORG-C02008	אַרגענטינע	Theatre	1	אַרגענטינע	בוענאָס-אַיירעס		אַרגענטינע	אַרגענטינע										
ORG-C02009	יידישן טעאַטער א'ד פֿון עבעל	Theatre	1	יידישן טעאַטער א'ד פֿון עבעל	פּשעמישל		יידישן טעאַטער		598	0.656	ipa_phonetic							
ORG-C02010	נאָרבערט גלימערס אָפּערעטן-טעאַטער	Theatre	1	נאָרבערט גלימערס אָפּערעטן-טעאַטער														
ORG-C02011	מוזיקער יוניאָן	Theatre-related Society/ Union	1	מוזיקער יוניאָן														
ORG-C02012	עדוקיישנאַל עלייענס	Theatre	1	עדוקיישנאַל עלייענס														
ORG-C02013	וועלוול באַרזשערס חברותא	Traveling Company	1	וועלוול באַרזשערס חברותא														
ORG-C02014	"וואַרשעווער קונסט-אַקאַדעמיע ""שקאָלאַ שטוק פּיענקניך"""	Education	1	"וואַרשעווער קונסט-אַקאַדעמיע ""שקאָלאַ שטוק פּיענקניך"""	וואַרשע		וואַרשעווער קונסט-אַקאַדעמיע	פּוילן										
ORG-C02015	"קונסט-שול ""בצלאַל"""	Education	1	"קונסט-שול ""בצלאַל"""				פּאַלעסטינע										
ORG-C02016	קיעווער קונסט-אַקאַדעמיע	Education	1	קיעווער קונסט-אַקאַדעמיע	קיעוו			אוקראַינע										
ORG-C02017	סאָוויעטישן קינסטלער-פֿאַרבאַנד	Theatre-related Society/ Union	1	סאָוויעטישן קינסטלער-פֿאַרבאַנד														
ORG-C02018	אַשכאַבאַדער מוזיי	Heritage Institution	1	אַשכאַבאַדער מוזיי	אַשכאַבאַד													
ORG-C02019	ביראָבידזשאַנער געגנט-מוזיי	Heritage Institution	1	ביראָבידזשאַנער געגנט-מוזיי	ביראָבידזשאַן													
ORG-C02020	פּרעס פּיעסן	Publisher	1	פּרעס פּיעסן														
ORG-C02021	"אַלמאַנאַך ""יידיש"""	Journals/ Newspapers	1	"אַלמאַנאַך ""יידיש"""														
ORG-C02022	רוסישע גימנאַזיע	Education	10	רוסישע גימנאַזיע	אָדעס | וואַרשע | וולאַצלאַוועק | קאָוונע		רוסישער גימנאַזיע	פּוילן										
ORG-C02023	יידישע נאָציאָנאַלע בינע	Theatre	1	יידישע נאָציאָנאַלע בינע	וואַרשע													
ORG-C02024	פֿיינמאַן יידישע פאָלקס טעאַטער קאָמפּאַניע לימיטער	Theatre	1	פֿיינמאַן יידישע פאָלקס טעאַטער קאָמפּאַניע לימיטער	לאָנדאָן		טעמפּל											
ORG-C02025	דיוקס פלייס שול	Education	1	דיוקס פלייס שול														
ORG-C02026	ענגלישער ציוניסטישער פעדעראַציע	Jewish political bodies	1	ענגלישער ציוניסטישער פעדעראַציע														
ORG-C02027	יאָרק מיניסטער מוזיק האָל	Theatre	1	יאָרק מיניסטער מוזיק האָל														
ORG-C02028	קאָווענט גאָרדען	Theatre	2	קאָווען גאָרדען | קאָווענט גאָרדען	לאָנדאָן		קאָווען גאָרדען | קאָווענט גאָרדען	ענגלאָנד										
ORG-C02029	פּראָגרעסיוו סיגאַרמעיקערס יוניאָן אָוו אַמעריקאַ	Trade Union / Professional Association	1	פּראָגרעסיוו סיגאַרמעיקערס יוניאָן אָוו אַמעריקאַ														
ORG-C02030	פֿאַראייניקטע יידישע געווערקשאַפטן	Jewish political bodies	12	די פֿאַראייניקטע יידישע געווערקשאַפטן | פֿאַראייניקטע יידישע געווערקשאַפטן אין שיקאַגע | פֿאַראייניקטע יידישע געווערקשאַפטן | פֿאַראייניקטע יידישע געווערקשאָפֿטן	שיקאַגע | פֿילאַדעלפיע		אַמעריקע | פאַראייניקטע יידישע געווערקשאַפטן	אַמעריקע										
ORG-C02031	אייידישער קעמפער	Journals/ Newspapers	1	אייידישער קעמפער														
ORG-C02032	לינקער פֿוטער (פֿאַריערס) אַרבעטער-יוניאָן	Trade Union / Professional Association	1	לינקער פֿוטער (פֿאַריערס) אַרבעטער-יוניאָן	ניו-יאָרק													
ORG-C02033	די טריבונע	Journals/ Newspapers	1	די טריבונע														
ORG-C02034	אונזער וואָרט	Journals/ Newspapers	2	אונזער וואָרט	וויניפּעג		וויניפּעגער		426	0.615	ipa_phonetic							
ORG-C02035	פּראָלעטפּען	Theatre-related Society/ Union	2	פּראָלעטפּען														
ORG-C02036	סיגנאַל	Journals/ Newspapers	1	סיגנאַל														
ORG-C02037	יידישן פֿראַטערנאָלן פֿאָלקס-אָרדן	Welfare/Aid organization	2	יידישן פֿראַטערנאָלן פֿאָלקס-אָרדן	ניויאָרק													
ORG-C02038	יידישן מוזיק-פֿאַרבאַנד	Musical organization	1	יידישן מוזיק-פֿאַרבאַנד														
ORG-C02039	מינסקער צעך-פֿאַרוואַלטונג	Trade Union / Professional Association	1	מינסקער צעך-פֿאַרוואַלטונג	מינסק													
ORG-C02040	קונסט-שול	Education	5	קונסט-שול	אָדעס | קיעוו		קונסט-שול		306	0.600	ipa_phonetic							
ORG-C02041	מינסקער געזעלשאַפֿט פֿון קונסט-ליבהאָבער	Theatre	1	מינסקער געזעלשאַפֿט פֿון קונסט-ליבהאָבער	מינסק													
ORG-C02042	אַדלערס טרופּע	Traveling Company	7	אַדלערס טרופּע	לאָנדאָן | ניו יאָרק		פּרינצעסקלוב | פולס טעאַטער | רומעניען-אָפּערע-הויז	אַמעריקע | ענגלאַנד	568 | 43 | 583 | 610 | 376	0.786 | 0.786 | 0.769 | 0.750 | 0.750	ipa_phonetic | ipa_phonetic | ipa_phonetic | ipa_phonetic | ipa_phonetic							
ORG-C02043	לודווייג זאַצס טעאַטער	Theatre	1	לודווייג זאַצס טעאַטער														
ORG-C02044	גערמאָןס פאָלקס-טעאַטער	Theatre	3	גערמאַנס פֿאָלקסטעאַטער | גערמאָןס פאָלקס-טעאַטער					570 | 608 | 494	0.652 | 0.650 | 0.600	ipa_phonetic | ipa_phonetic | ipa_phonetic							
ORG-C02045	בולאָווס פֿאָלקסטעאַטער	Theatre	1	בולאָווס פֿאָלקסטעאַטער					608 | 570	0.650 | 0.609	ipa_phonetic | ipa_phonetic							
ORG-C02046	דזשעני גאָלדשטיינס טעאַטערס	Theatre	1	דזשעני גאָלדשטיינס טעאַטערס														
ORG-C02047	מיכאלעסקאָס טעאַטער	Theatre	1	מיכאלעסקאָס טעאַטער														
ORG-C02048	מאַלי פיקאָנס טעאַטער	Theatre	1	מאַלי פיקאָנס טעאַטער														
ORG-C02049	לעאָן בלאַנק	Traveling Company	1	לעאָן בלאַנק														
ORG-C02050	שיקאַגער מעטראָפּאָליטאָן טעאַטער	Theatre	2	שיקאַגער מעטראָפּאָליטאָן טעאַטער | שיקאָנער מעטראָפּאָליטאָן-טעאַטער	שיקאַגאָ | שיקאַגער		מעטראָפּאָליטאָן-טעאַטער											
ORG-C02051	טרופּע פֿון „דראַנאָוו“	Traveling Company	1	טרופּע פֿון „דראַנאָוו“					283 | 523 | 596 | 626	0.611 | 0.611 | 0.611 | 0.611	ipa_phonetic | ipa_phonetic | ipa_phonetic | ipa_phonetic							
ORG-C02052	טרופּע פֿון סאַנדלער	Traveling Company	1	טרופּע פֿון סאַנדלער					578 | 542 | 626 | 563 | 483	0.765 | 0.647 | 0.647 | 0.619 | 0.611	ipa_phonetic | ipa_phonetic | ipa_phonetic | ipa_phonetic | ipa_phonetic							
ORG-C02053	טרופּע פֿון ליפּמאַן	Traveling Company	1	טרופּע פֿון ליפּמאַן					596 | 483 | 523 | 531 | 486	0.688 | 0.667 | 0.647 | 0.632 | 0.625	ipa_phonetic | ipa_phonetic | ipa_phonetic | ipa_phonetic | ipa_phonetic							
ORG-C02054	טרופּע פֿון האָרט	Traveling Company	1	טרופּע פֿון האָרט			גאַליציע		626 | 283 | 486 | 542 | 596	1.000 | 0.765 | 0.667 | 0.667 | 0.667	exact | ipa_phonetic | ipa_phonetic | ipa_phonetic | ipa_phonetic	NEW	626				Bella	2026-05-15T12:51:19Z
ORG-C02055	טרופּע פֿון קאַדיש-כאַש	Traveling Company	5	טרופּע פֿון קאַדיש-כאַש | קאַדיש-כאַש | קאדיש-כאַש טרופּע			ליטע	ליטע | פּוילן	531 | 563 | 486	1.000 | 0.667 | 0.632	exact | ipa_phonetic | ipa_phonetic	NEW	531				Bella	2026-04-29T07:19:48Z
ORG-C02056	סווערדלאָווסקער פֿילהאַרמאָניע	Theatre	1	סווערדלאָווסקער פֿילהאַרמאָניע	סווערדלאָווסק				479 | 517 | 586	0.667 | 0.625 | 0.625	ipa_phonetic | ipa_phonetic | ipa_phonetic							
ORG-C02057	נאַציאָנאַלן מעקסיקאַנער אוניווערזיטעט	Education	1	נאַציאָנאַלן מעקסיקאַנער אוניווערזיטעט	מעקסיקע סיטי													
ORG-C02058	מעקסיקאַנער בילדונגס-מיניסטעריום	Publisher	1	מעקסיקאַנער בילדונגס-מיניסטעריום														
ORG-C02059	על נאַסיאָנאַל	Journals/ Newspapers	1	על נאַסיאָנאַל	בוענאָס-אַיירעס													
ORG-C02060	על דיאַ	Journals/ Newspapers	1	על דיאַ	מעקסיקע													
ORG-C02061	אינדעפּענדענט דראַמאָטיק קלוב	Theatre	1	אינדעפּענדענט דראַמאָטיק קלוב														
ORG-C02062	נייטאן גאָלדבערג	Traveling Company	2	נייטאָן גאָלדבערגס טרופּע | נייטאן גאָלדבערג	נואַרק													
ORG-C02063	"וואַרשעווער „לינת הצדק"""	Welfare/Aid organization	1	"וואַרשעווער „לינת הצדק"""	וואַרשע			פּוילן										
ORG-C02064	גרענד פּאַלע טעאַטער	Theatre	2	גרענד פּאַלע טעאַטער | גרענד פּאַלעי טעאַטער	לאָנדאָן		גרענד פּאַלע | גרענד פּאַלעי טעאַטער	ענגלאַנד										
ORG-C02065	לאדזשער מוזיק-פֿאַריין „הזמיר“	Musical organization	1	לאדזשער מוזיק-פֿאַריין „הזמיר“	לאָדזש			פּוילן										
ORG-C02066	לאדזשער „פֿילהאַרמאָניע“-קאָנצערט-זאַל	Theatre	1	לאדזשער „פֿילהאַרמאָניע“-קאָנצערט-זאַל	לאָדזש		„פֿילהאַרמאָניע“-קאָנצערט-זאַל	פּוילן										
ORG-C02067	אָפּערע פֿון טריער	Theatre	1	אָפּערע פֿון טריער	טריער		אָפּערע פֿון טריער	דייטשלאַנד										
ORG-C02068	איסקראגרופּע פֿון דער רוסישער ס'ד-פּאַרטיי	Non-Jewish political bodies	1	איסקראגרופּע פֿון דער רוסישער ס'ד-פּאַרטיי	קיעוו			אוקראַינע										
ORG-C02069	יונגע	Theatre-related Society/ Union	3	די יונגע | יונגע														
ORG-C02070	יוגנט	Journals/ Newspapers	1	יוגנט														
ORG-C02071	ליטעראַטור	Journals/ Newspapers	1	ליטעראַטור														
ORG-C02072	שריפטן	Journals/ Newspapers	3	שריפטן														
ORG-C02073	היאָס	Welfare/Aid organization	3	היאָס	בוקאַרעשט | שיקאַגע			אַמעריקע | רומעניע				SPLIT					Sinai	2026-05-18T10:35:50Z
ORG-C02074	פֿאַרלאַג אַמעריקע	Publisher	1	פֿאַרלאַג אַמעריקע	אַמעריקע													
ORG-C02075	דוד איגנאַטאָוו ליטעראַטור פֿאַנד	Publisher	1	דוד איגנאַטאָוו ליטעראַטור פֿאַנד														
ORG-C02076	ציקאָ ביכער פֿאַרלאָג	Publisher	1	ציקאָ ביכער פֿאַרלאָג	ניו יאָרק													
ORG-C02077	רוסישער קייזערלעכער אָפּערע	Theatre	1	רוסישער קייזערלעכער אָפּערע														
ORG-C02078	„טהי קאָל“	Journals/ Newspapers	1	„טהי קאָל“	ניו-יאָרק			אַמעריקע										
ORG-C02079	מאַקס נ. מייזעל אידישער פערלאַג פֿאַר ליטעראַטור און ווייסענשאַפט	Publisher	1	מאַקס נ. מייזעל אידישער פערלאַג פֿאַר ליטעראַטור און ווייסענשאַפט	ניו-יאָרק			אַמעריקע										
ORG-C02080	אונזער געזונד	Journals/ Newspapers	3	אונזער געזונד	ניו-יאָרק			אַמעריקע | אמעריקע	425 | 426	0.692 | 0.615	ipa_phonetic | ipa_phonetic							
ORG-C02081	רעסטאָראַן פֿון דוד קישקע	Theatre	1	רעסטאָראַן פֿון דוד קישקע	פֿאָלטישען		רעסטאָראַן פֿון דוד קישקע											
ORG-C02082	אברהם קאָפּקע	Not an organization	1	אברהם קאָפּקע				רומעניע										
ORG-C02083	ב. בערקאָוויץ און לואיס זעלטענער לאָדזש	Welfare/Aid organization	1	ב. בערקאָוויץ און לואיס זעלטענער לאָדזש	ניו יאָרק		הר חברון-בית עולם	אַמעריקע										
ORG-C02084	יידישע פֿאָלקס-שול א'נ פֿון שמעון פֿרוג	Education	1	יידישע פֿאָלקס-שול א'נ פֿון שמעון פֿרוג	ווילנע			פּויליש-ליטע										
ORG-C02085	סאָפיאַ מאַרקאָוונאַס יידישע גימנאַזיע	Education	1	סאָפיאַ מאַרקאָוונאַס יידישע גימנאַזיע	ווילנע													
ORG-C02086	באַלעט-שול א'ל פֿון העלענאַ לאַשקאָוויטש	Education	1	באַלעט-שול א'ל פֿון העלענאַ לאַשקאָוויטש	ווילנע													
ORG-C02087	דראַמאַטישע שול ביים פּוילישן טעאַטער ״רעדוטאָ״	Education	1	דראַמאַטישע שול ביים פּוילישן טעאַטער ״רעדוטאָ״	ווילנע		פּוילישן טעאַטער ״רעדוטאָ״											
ORG-C02088	ווילנער „אָפּערעטן אַנסאַמבל״	Traveling Company	1	ווילנער „אָפּערעטן אַנסאַמבל״	ווילנע													
ORG-C02089	ראָזענבלום — מעלניק-טעאַטער	Theatre	1	ראָזענבלום — מעלניק-טעאַטער														
ORG-C02090	איסט-טעאַטער	Theatre	1	איסט-טעאַטער	בוענאָס אַיירעס				616 | 124 | 526 | 529 | 176	0.750 | 0.727 | 0.727 | 0.727 | 0.667	ipa_phonetic | ipa_phonetic | ipa_phonetic | ipa_phonetic | ipa_phonetic							
ORG-C02091	יודישע זאַמעלביכער	Journals/ Newspapers	3	די יודישע זאַמעלביכער | יודישע זאַמעלביכער	וואַרשע			פּוילן	482	0.600	ipa_phonetic							
ORG-C02092	בילדונגס-קאָמיטעט פֿון אַרבעטער רינג	Jewish political bodies	1	בילדונגס-קאָמיטעט פֿון אַרבעטער רינג														
ORG-C02093	"בראַנקסער „וויי, עם, ציטש, עי"""	Theatre	1	"בראַנקסער „וויי, עם, ציטש, עי"""	בראנקס		"בראַנקסער „וויי, עם, ציטש, עי"""	אַמעריקע										
ORG-C02094	בראנקסער אָרדן-מיטלשול	Education	1	בראנקסער אָרדן-מיטלשול	בראנקס		בראנקסער אָרדן-מיטלשול	אַמעריקע										
ORG-C02095	האַרוואַרד קאָלעדזש	Education	1	האַרוואַרד קאָלעדזש	באָסטאָן		האַרוואַרד	אַמעריקע										
ORG-C02096	האַרוואַרד אוניווערזיטעט	Education	1	האַרוואַרד אוניווערזיטעט					587 | 585 | 530 | 588 | 590	0.700 | 0.667 | 0.650 | 0.650 | 0.650	ipa_phonetic | ipa_phonetic | ipa_phonetic | ipa_phonetic | ipa_phonetic							
ORG-C02097	„אַמעריקען פֿרימאַ״	Journals/ Newspapers	1	„אַמעריקען פֿרימאַ״														
ORG-C02098	קאָליערס נאַציאָנאַלער ענציקלאָפּעדיע	Publisher	1	קאָליערס נאַציאָנאַלער ענציקלאָפּעדיע														
ORG-C02099	„אַמעריקען מערקיורי״	Journals/ Newspapers	1	„אַמעריקען מערקיורי״														
ORG-C02100	„איסט און וועסט״	Journals/ Newspapers	1	„איסט און וועסט״	ניו-יאָרק													
ORG-C02101	„דזשאָן וו. לוס און קאָמפּ,״	Publisher	1	„דזשאָן וו. לוס און קאָמפּ,״	באָסטאָן													
ORG-C02102	„ב. וו. היבש״	Publisher	1	„ב. וו. היבש״	באָסטאָן													
ORG-C02103	„סטראַטפאָרד זשורנאַל“	Journals/ Newspapers	1	„סטראַטפאָרד זשורנאַל“	באָסטאָן													
ORG-C02104	„מנורה זשורנאַל“	Journals/ Newspapers	1	„מנורה זשורנאַל“	ניו-יאָרק													
ORG-C02105	„אַקספֿאָרד דזשוירנאָל“	Journals/ Newspapers	1	„אַקספֿאָרד דזשוירנאָל“														
ORG-C02106	„באָסטאָן איוונינג טראַנסקריפּט״	Journals/ Newspapers	1	„באָסטאָן איוונינג טראַנסקריפּט״														
ORG-C02107	"קינאָ „אַרקאַדיאַ"""	Theatre	1	"קינאָ „אַרקאַדיאַ"""	לאָדזש		אַרקאַדיאַ											
ORG-C02108	בוקאַרעשטער גאָרטן-טעאַטער „טעאַטרול נאָו“	Theatre	1	בוקאַרעשטער גאָרטן-טעאַטער „טעאַטרול נאָו“	בוקאַרעשט		טעאַטרול נאָו	רומעניע										
ORG-C02109	בוקאַרעשטער באַר „אָלקאַזאַר דע טעי“	Theatre	1	בוקאַרעשטער באַר „אָלקאַזאַר דע טעי“	בוקאַרעשט		אָלקאַזאַר דע טעי	רומעניע										
ORG-C02110	מאָלדאָוואַנישן יידישן מלוכה-טעאַטער	Theatre	1	מאָלדאָוואַנישן יידישן מלוכה-טעאַטער	קעשענעוו		מלוכה-טעאַטער		510 | 591 | 592 | 550 | 593	1.000 | 0.815 | 0.806 | 0.774 | 0.774	exact | fuzzy | ipa_phonetic | ipa_phonetic | ipa_phonetic	ALIGN	510				Bella	2026-04-29T08:20:28Z
ORG-C02111	יידיש רעווי-טעאַטער	Traveling Company	4	יידיש רעווי-טעאַטער | יידישן רעווי-טעאַטער אין 'נאָוואָשטשי' | יידישן רעווי-טעאַטער אין טאַשקענט	בוקאַרעסט | וואַרשע | טאַשקענט	ביעלאַנסקאַ גאָס	נאָוואָשטשי	פּוילן										
ORG-C02112	שוישפּילער און מוזיקער-פֿאַרבאַנד	Theatre-related Society/ Union	1	שוישפּילער און מוזיקער-פֿאַרבאַנד														
ORG-C02113	פא'ש	Journals/ Newspapers	8	פא'ש | פֿא'ש	נ. י.		פא'ש											
ORG-C02114	וואַרהייט	Journals/ Newspapers	4	וואַרהייט	ניו יאָרק													
ORG-C02115	וואָכענבלאָט	Journals/ Newspapers	1	וואָכענבלאָט														
ORG-C02116	אָדעאָן-טעאַטער	Theatre	15	אָדעאָן-טעאַטער	מאָנטרעאַל | ניו יאָרק | ניו-יאָרק | סט. לואיס	קלינטאָן-סטריט	אָדעאָן טעאַטער | אָדעאָן-טעאַטער | אָדעאָן-טעאַטער	אַמעריקע | אמעריקע | קאָנאָדע	526 | 520 | 527 | 252 | 622	0.917 | 0.714 | 0.714 | 0.692 | 0.692	ipa_phonetic | ipa_phonetic | ipa_phonetic | ipa_phonetic | ipa_phonetic	SPLIT		Cluster spans distinct locations (Montreal, NYC, St. Louis) for a non-itinerant org type; likely refers to different Odeon Theatres.			auto_drafter	2026-05-17T17:07:26Z
ORG-C02117	נאַציאָנאַלער אַקאַדעמיע	Education	1	נאַציאָנאַלער אַקאַדעמיע	ניו-יאָרק		נאַציאָנאַלער אַקאַדעמיע											
ORG-C02118	מאַדיאָקאַט	Theatre	2	מאַדיאָקאַט	מזרח און מערב-אייראָפּע | ניו-יאָרק	12טער גאָס	פלאַץ אויף אַ דריטן שטאָק אויף דער 12טער גאָס											
ORG-C02119	שטעטלדיקער קלעזמער-קאַפּעליע	Traveling Company	1	שטעטלדיקער קלעזמער-קאַפּעליע														
ORG-C02120	קאַנאַדאָ	Journals/ Newspapers	1	קאַנאַדאָ														
ORG-C02121	גרויסער פאָלקס-ביבליאָטעק	Library	1	גרויסער פאָלקס-ביבליאָטעק	מאָנטרעאַל													
ORG-C02122	פאַרלאַג פֿון ה. קיילעס	Publisher	1	פאַרלאַג פֿון ה. קיילעס	מאָנטרעאַל													
ORG-C02123	אַרטיסטן און פֿריינט	Theatre-related Society/ Union	3	אַרטיסטן און פֿריינט	ניו-יאָרק													
ORG-C02124	יוגנטלעכער סאַציאַל-דעמאָקראַטישער אַרבעטער-פּאַרטיי	Non-Jewish political bodies	1	יוגנטלעכער סאַציאַל-דעמאָקראַטישער אַרבעטער-פּאַרטיי														
ORG-C02125	אַרבעטער-פֿאַריין	Jewish political bodies	2	אַרבעטער-פֿאַריין | אָרבעטער פאַריין														
ORG-C02126	דראַמאַטישע סעקציע ביי דער פּאַרטיי	Traveling Company	1	דראַמאַטישע סעקציע ביי דער פּאַרטיי														
ORG-C02127	אברהם אַקסעלדאָך טרופּע	Traveling Company	1	אברהם אַקסעלדאָך טרופּע			בוקאָווינע											
ORG-C02128	דייטשע הויז	Theatre	1	דייטשע הויז	טשערנאָוויץ		דייטשע הויז											
ORG-C02129	מישע פישזאָן-טרופּע	Traveling Company	1	מישע פישזאָן-טרופּע														
ORG-C02130	טויבענהאַלע	Theatre	1	טויבענהאַלע	טשערנאָוויץ		טויבענהאַלע											
ORG-C02131	אברהם גאָלדפֿאַדנס דראַמאַטישן קלוב	Theatre	1	אברהם גאָלדפֿאַדנס דראַמאַטישן קלוב	ניו-יאָרק													
ORG-C02132	עלדריטש וואָדעווייל הויז	Theatre	1	עלדריטש וואָדעווייל הויז														
ORG-C02133	יידישער וואָדעוויל-יוניאָן	Theatre-related Society/ Union	1	יידישער וואָדעוויל-יוניאָן														
ORG-C02134	פאַדאָ	Traveling Company	4	פאַדאָ	ווילנע													
ORG-C02135	אַרבעטער רינג יוגנט צענטער	Jewish political bodies	1	אַרבעטער רינג יוגנט צענטער	ניו-יאָרק	22 איסט 15סטע גאַס	אַרבעטער רינג יוגנט צענטער	אַמעריקע										
ORG-C02136	בילדונגס-דעפּאָרטמענט ביים אַרבייטער רינג	Jewish political bodies	1	בילדונגס-דעפּאָרטמענט ביים אַרבייטער רינג														
ORG-C02137	דער אַרבייטער	Journals/ Newspapers	3	אַרבייטער | דער אַרבייטער	לאָנדאָן													
ORG-C02138	אינטימייט-טעאַטער	Theatre	1	אינטימייט-טעאַטער	ניו-יאָרק		"„אינטימייט""-טעאַטער"		520 | 536	0.625 | 0.625	ipa_phonetic | ipa_phonetic							
ORG-C02139	אַרכעאָלאָגישן אינסטיטוט אין פּעטערבורג	Education	1	אַרכעאָלאָגישן אינסטיטוט אין פּעטערבורג	פּעטערבורג		אַרכעאָלאָגישן אינסטיטוט											
ORG-C02140	רויטן קרייץ	Health institutions	4	רויטן קרייץ														
ORG-C02141	טיפליסער סאָוויעט פֿון אַרבעטער און סאָלדאָטן-דעפּוטאָטן	Non-Jewish political bodies	1	טיפליסער סאָוויעט פֿון אַרבעטער און סאָלדאָטן-דעפּוטאָטן														
ORG-C02142	"טעאַטער „פּעל מעל"""	Theatre	1	"טעאַטער „פּעל מעל"""	באַקו		פּעל מעל		580	0.625	ipa_phonetic							
ORG-C02143	יידישן הויז	Theatre	1	יידישן הויז	באַקו		יידישן הויז											
ORG-C02144	מיליטערישן קונסטטעאַטער	Theatre	1	מיליטערישן קונסטטעאַטער					623	0.630	ipa_phonetic							
ORG-C02145	בערטהאָלד לעווי פֿאַרלאָג	Publisher	1	בערטהאָלד לעווי פֿאַרלאָג	בערלין		בערטהאָלד לעווי פֿאַרלאָג											
ORG-C02146	פֿאַרלאָג „אַרבעטער וועלט“	Publisher	1	פֿאַרלאָג „אַרבעטער וועלט“	שיקאָגאָ		פֿאַרלאָג „אַרבעטער וועלט“											
ORG-C02147	קאָלעדזש פֿאַר דזשואיש סטאַדיס	Education	1	קאָלעדזש פֿאַר דזשואיש סטאַדיס	שיקאַגע		"ביבליאָטעק פון „קאָלעדזש פֿאַר דזשואיש סטאַדיס"""											
ORG-C02148	טרופּע א'ד פון ישראל גראָדנער	Traveling Company	1	טרופּע א'ד פון ישראל גראָדנער	לאָנדאָן		ביר האלעס	ענגלאַנד										
ORG-C02149	רומעניע-אָפּערע-הויז	Theatre	24	רומעניע-אָפּערע-הויז	ניו יאָרק | ניו יארק | ניו-יאָרק | רומעניע	בּויערי | באַווער	נעשאָנאַל-טעאַטער | רומעניאַ אָפּערן-הויז | רומעניאַ-אָפּערע-הויז | רומעניע אָפּערןהויז | רומעניע אָפּערע הויז | רומעניע אָפּערע-הויז | רומעניע-אָפּערע-הויז	אַמעריקע | אמעריקע | אַמעריקע										
ORG-C02150	יוניאָן-טעאַטער	Theatre	10	יוניאָן-טעאַטער	ניו יאָרק | ניו-יאָרק	8-טע סטריט	יוניאָן טעאַטער | יוניאָן-טעאַטער	אַמעריקע	527 | 526 | 560 | 622 | 123	0.714 | 0.692 | 0.692 | 0.643 | 0.615	ipa_phonetic | ipa_phonetic | ipa_phonetic | ipa_phonetic | ipa_phonetic							
ORG-C02151	סטאַר-טעאַטער	Theatre	3	סטאַר-טעאַטער	ניו יאָרק	10 גאַס | 106 סטריט און לעקסינקטאן עוועניו | לעקסינגטאָן עוועניו און 10טע סטריט	סטאַר-טעאַטער | סטאַרט-טעאַטער | סטאָר-טעאַטער	אַמעריקע	557 | 526 | 529 | 600 | 628	0.750 | 0.727 | 0.727 | 0.727 | 0.727	ipa_phonetic | ipa_phonetic | ipa_phonetic | ipa_phonetic | ipa_phonetic							
ORG-C02152	דאָס גרענד אָפּערע האָוז	Theatre	2	גרענד אָפּערע האוז | דאָס גרענד אָפּערע האָוז	באָסטאָן		גרענד אָפּערע האָוז | גרענד אָפּערע האוז	אַמעריקע	145	0.647	ipa_phonetic							
ORG-C02153	וואַרשעווער תלמוד תורה	Education	1	וואַרשעווער תלמוד תורה	וואַרשע			פּוילן										
ORG-C02154	בּיכער פֿאַר אַלע	Publisher	2	בּיכער פֿאַר אַלע	וואַרשע													
ORG-C02155	ווילקאָמירער יידישע רעאַל-שול	Education	1	ווילקאָמירער יידישע רעאַל-שול	ווילקאָמיר			ליטע										
ORG-C02156	קאָוונער יידישער צייטונג „דאָס וואָרט“	Journals/ Newspapers	1	קאָוונער יידישער צייטונג „דאָס וואָרט“	קאָוונע			ליטע										
ORG-C02157	אָוונט-בלאַט“	Journals/ Newspapers	1	אָוונט-בלאַט“														
ORG-C02158	ליטווישער נייעס-אַגענטור	Media (Radio/ Film/TV)	1	ליטווישער נייעס-אַגענטור														
ORG-C02159	קולטור-פּאַלאַץ פֿון די פּראָפעסיאנעלע פֿאַראיינען אין ווילנע	Theatre	1	קולטור-פּאַלאַץ פֿון די פּראָפעסיאנעלע פֿאַראיינען אין ווילנע	ווילנע		זאָל פֿון קולטור-פּאַלאַץ פֿון די פּראָפעסיאנעלע פֿאַראיינען											
ORG-C02160	אָרטיקן דייטשן אָפּערעטן-טעאַטער	Theatre	1	אָרטיקן דייטשן אָפּערעטן-טעאַטער					571	0.607	ipa_phonetic							
ORG-C02161	ווילנער יידישן טעאַטער	Theatre	17	ווילנער יידישן טעאַטער | ווילנער יידישע טעאַטער געזעלשאַפט | ווינער יידישן טעאַטער	ווילנע | ווילנער | ווין | ווינער	לוקישקער פּלאַץ	ווילנער יידישן טעאַטער | יידישן טעאַטער | צירק	עסטרייך	500 | 472 | 624 | 519 | 541	0.850 | 0.800 | 0.760 | 0.731 | 0.731	ipa_phonetic | ipa_phonetic | ipa_phonetic | ipa_phonetic | ipa_phonetic	SPLIT		Cluster mixes distinct entities in Vilna (Vilna Yiddish Theatre) and Vienna (Wiener Yiddish Theatre/Austria), as evidenced by settlements and variants.			auto_drafter	2026-05-17T17:07:26Z
ORG-C02162	יידישער דראָמאַטישער טרופּע פֿון אַבאַ קאָמפּאַנעעץ	Traveling Company	1	יידישער דראָמאַטישער טרופּע פֿון אַבאַ קאָמפּאַנעעץ	לאָדזש		פּוילישעס טעאַטער											
ORG-C02163	ריגער יידישן געזעלשאַפֿטלעכן טעאַטער	Theatre	2	ריגער יידישן געזעלשאַפֿטלעכן טעאַטער	ריגע		ריגער יידישן געזעלשאַפֿטלעכן טעאַטער		500 | 536	0.654 | 0.636	ipa_phonetic | ipa_phonetic							
ORG-C02164	וואַרשעווער ליטעראַטן-פאַריין	Theatre-related Society/ Union	3	וואַרשעווער ליטעראַטן-פאַריין	וואַרשע		וואַרשעווער ליטעראַטן- פאַריין	פּוילן										
ORG-C02165	גאָלדפֿאָדן פֿאַריין אין סטאָניסלאַוואָוו	Traveling Company	2	גאָלדפֿאָדן פֿאַריין אין סטאָניסלאַוואָוו | גאָלדפֿאָדן-פֿאַריין	סטאַניסלאַוואָוו | סטאָניסלאַוואָוו													
ORG-C02166	רוסישער טרופּע פֿון ביעלאַיעוו	Traveling Company	1	רוסישער טרופּע פֿון ביעלאַיעוו														
ORG-C02167	ווילנער צירק	Theatre	1	ווילנער צירק														
ORG-C02168	פאַקט	Traveling Company	5	פאַקט | פֿאַקט	לאָדזש		"סקאַלאַ""-טעאַטער"											
ORG-C02169	דראַמאַטישער שול ביי דער קולטור-ליגע	Theatre education	1	דראַמאַטישער שול ביי דער קולטור-ליגע	וואַרשע													
ORG-C02170	מינסקער יידישן מלוכה-טעאַטער	Theatre	4	מינסקער יידישן מלוכה-טעאַטער	מינסק		מינסקער יידישן מלוכה-טעאַטער	ווייסרוסלאַנד	501 | 505 | 543 | 535 | 472	1.000 | 0.889 | 0.889 | 0.857 | 0.852	exact | ipa_phonetic | ipa_phonetic | ipa_phonetic | ipa_phonetic	ALIGN	501				Bella	2026-04-13T09:48:02Z
ORG-C02171	טרופּע פֿאַר כערסאָן	Traveling Company	1	טרופּע פֿאַר כערסאָן	כערסאָן			אוקראינע	596	0.625	ipa_phonetic							
ORG-C02172	גימפּעלן אין לעמבערג	Theatre	2	גימפּעלן אין לעמבערג	לעמבערג		גימפּעלן											
ORG-C02173	געזאַנג-קוואַרטעטן	Musical organization	1	געזאַנג-קוואַרטעטן														
ORG-C02174	שמ'רס טרופּע	Traveling Company	9	שמ'רס טרופּע	אָדעם | ניקאָלאַיעוו | פינסק | קעשעניעוו		רוסלאַנד	רוסלאַנד	610 | 545 | 269 | 579 | 583	0.667 | 0.636 | 0.636 | 0.615 | 0.615	ipa_phonetic | ipa_phonetic | ipa_phonetic | ipa_phonetic | ipa_phonetic							
ORG-C02175	ראָזענזאַלס טרופּע	Traveling Company	1	ראָזענזאַלס טרופּע					559 | 582 | 469 | 545 | 566	1.000 | 0.750 | 0.733 | 0.600 | 0.600	exact | ipa_phonetic | ipa_phonetic | ipa_phonetic | ipa_phonetic	NEW	559				Bella	2026-05-03T08:26:38Z
ORG-C02176	"קאַמינסקאַס [„די ליטעראַרישע טרופּע""]"	Traveling Company	1	"קאַמינסקאַס [„די ליטעראַרישע טרופּע""]"	פּעטערבורג													
ORG-C02177	"טעאַטער ""באָלגאַראָוואַ"""	Theatre	2	"טעאַטער ""באָלגאַראָוואַ"""	אָדעס	סטאַר רעזשניטשנע גאַס	באָלגאַראָוואַ		475	0.611	ipa_phonetic							
ORG-C02178	קאָמערץ-שול	Education	5	קאָמערץ-שול	אומאַן | קרעמענטשוג													
ORG-C02179	ספּענצערס יידישער רעגירונגס-גימנאַזיע	Education	1	ספּענצערס יידישער רעגירונגס-גימנאַזיע	אָדעס		ספּענצערס יידישער רעגירונגס-גימנאַזיע	אוקראינע										
ORG-C02180	ראַפּעלס יידישע טרופּע	Traveling Company	1	ראַפּעלס יידישע טרופּע					485 | 469	0.654 | 0.632	ipa_phonetic | ipa_phonetic	ALIGN	469				Bella	2026-04-29T07:53:11Z
ORG-C02181	געאָרג מילער פאַרלאַג	Publisher	1	געאָרג מילער פאַרלאַג	מינכען													
ORG-C02182	קינדער לאַנד	Journals/ Newspapers	2	קינדער לאַנד	ניו יאָרק				206	0.600	ipa_phonetic							
ORG-C02183	אַרבעטער רינג קינדער ביבליאָטעק	Publisher	1	אַרבעטער רינג קינדער ביבליאָטעק	ניו-יאָרק													
ORG-C02184	א'ר פֿון גרודסקי	Theatre	1	א'ר פֿון גרודסקי	אָדעס													
ORG-C02185	סיטי קאָלעדזש	Education	1	סיטי קאָלעדזש														
ORG-C02186	די יוניווערסיטי לאָ-סקול אין ניו-יאָרק	Education	1	די יוניווערסיטי לאָ-סקול אין ניו-יאָרק														
ORG-C02187	סטענדאָרט פֿעקטאָרס קאָרפּאָרעישאָן	Business	1	סטענדאָרט פֿעקטאָרס קאָרפּאָרעישאָן														
ORG-C02188	יידישער צדקה-פֿעדעראַציע	Welfare/Aid organization	1	יידישער צדקה-פֿעדעראַציע														
ORG-C02189	דענווער סאַנייטאָריע	Health institutions	1	דענווער סאַנייטאָריע														
ORG-C02190	לבנון-האָספּיטאָל	Health institutions	1	לבנון-האָספּיטאָל														
ORG-C02191	נייטס אָוו פּיטיס	Fraternal order	1	נייטס אָוו פּיטיס								NEW	646				Sinai	2026-05-18T05:12:59Z
ORG-C02192	גרענד סטריט-באָיס	Education	1	גרענד סטריט-באָיס														
ORG-C02193	טעאָדאָר רוזוועלטס פּראָגרעסיווער פּאַרטיי	Non-Jewish political bodies	1	טעאָדאָר רוזוועלטס פּראָגרעסיווער פּאַרטיי														
ORG-C02194	דעמאָקראַטישן טיקעט	Non-Jewish political bodies	1	דעמאָקראַטישן טיקעט														
ORG-C02195	מוניסיפל קאָוורט	Non-Jewish political bodies	1	מוניסיפל קאָוורט														
ORG-C02196	שיף, דאָרמאַן און בראָף	Business	1	שיף, דאָרמאַן און בראָף														
ORG-C02197	סטאַנדאַרט פֿינענשעל קאָרפֿאַרישאָן	Business	1	סטאַנדאַרט פֿינענשעל קאָרפֿאַרישאָן														
ORG-C02198	לאָנדאָנער טעכנישע און קונסט-שול	Education	1	לאָנדאָנער טעכנישע און קונסט-שול			לאָנדאָנער טעכנישע און קונסט-שול											
ORG-C02199	עדוואַרד ר. גלענס סטודיאָ	Education	1	עדוואַרד ר. גלענס סטודיאָ			עדוואַרד ר. גלענס סטודיאָ											
ORG-C02200	אַרט סטודענטס ליג	Education	1	אַרט סטודענטס ליג														
ORG-C02201	אוניווערזיטעט פֿון מישיגען	Education	2	אוניווערזיטעט פֿון מישיגען			Michigan											
ORG-C02202	וועין אוניווערזיטעט	Education	3	וועין אוניווערזיטעט	דעטראָיט		וועין אוניווערזיטעט		588 | 595 | 561 | 530 | 587	0.722 | 0.722 | 0.714 | 0.700 | 0.684	ipa_phonetic | ipa_phonetic | ipa_phonetic | ipa_phonetic | ipa_phonetic							
ORG-C02203	האָדסאַנס דיספּלען דעפּאַרטמענט	Business	1	האָדסאַנס דיספּלען דעפּאַרטמענט														
ORG-C02204	וועין סטעיט יוניוואוירסיטי פרעס	Publisher	1	וועין סטעיט יוניוואוירסיטי פרעס	דעטראָיט		וועין סטעיט יוניוואוירסיטי פרעס											
ORG-C02205	נאַציאָנאַל-פּוילישער רעוואָלוציאָנערער אָרגאַניזאַציע	Non-Jewish political bodies	1	נאַציאָנאַל-פּוילישער רעוואָלוציאָנערער אָרגאַניזאַציע														
ORG-C02206	ציוניסטישער און אין דער נאַציאָנאַל-יידישער באַוועגונג	Jewish political bodies	1	ציוניסטישער און אין דער נאַציאָנאַל-יידישער באַוועגונג														
ORG-C02207	האצפירה	Journals/ Newspapers	1	האצפירה					68 | 271	0.875 | 0.625	ipa_phonetic | ipa_phonetic	ALIGN	68				Bella	2026-04-13T09:49:14Z
ORG-C02208	לייבאָר לייסעומס	Theatre	1	לייבאָר לייסעומס														
ORG-C02209	פארלאג פ. קאַנטאָראָוויטש	Publisher	2	פארלאג פ. קאַנטאָראָוויטש	וואַרשע	מאַריאַנסקא 2												
ORG-C02210	פאַרלאָג קינדער-טעאַטער	Publisher	1	פאַרלאָג קינדער-טעאַטער	וואַרשע													
ORG-C02211	י. י. לערנערס טרופּע	Traveling Company	4	י. י. לערנער | י. י. לערנער אין טרופּע | י. י. לערנערס טרופּע	אָדעס				568 | 617 | 288	0.632 | 0.632 | 0.600	ipa_phonetic | ipa_phonetic | ipa_phonetic							
ORG-C02212	אברהם הירש קאַצענעלבאָגן	Publisher	1	אברהם הירש קאַצענעלבאָגן	ווילנע													
ORG-C02213	יצחק לייב	Publisher	1	יצחק לייב	ווילנע													
ORG-C02214	רומעניע אָפּערע האָוז	Theatre	7	רומעניע אָפּערע האָוז | רומעניען אָפּערע האָוז	ניו יאָרק | ניו-יאָרק	104-106 בויערי סטריט	אויף דער בויער | רומעניע אָפּערע האָוז | רומעניען אָפּערע האָוז | רומעניען אָפּערע האוז | „רומעניע אָפּערע האָוז“	אַמעריקע										
ORG-C02215	פּולס	Theatre	6	פּולס | פולס טעאַטער	ניו יאָרק | ניו-יאָרק	8-טע סטריט און דריטע עוועניו	פּולס | פולס טעאַטער	אַמעריקע				ALIGN	123				Bella	2026-04-26T09:30:18Z
ORG-C02216	גאָלדפאָדן-רעפּערטואַר	Traveling Company	1	גאָלדפאָדן-רעפּערטואַר														
ORG-C02217	אַמעריקאַנער יידישן טעאַטער	Theatre	1	אַמעריקאַנער יידישן טעאַטער					575 | 472 | 500 | 609 | 478	0.792 | 0.750 | 0.750 | 0.667 | 0.607	ipa_phonetic | ipa_phonetic | ipa_phonetic | ipa_phonetic | ipa_phonetic							
ORG-C02218	קיעווער מלוכהשער מוזיקאַלישער שול	Education	1	קיעווער מלוכהשער מוזיקאַלישער שול	קיעוו		קיעווער מלוכהשער מוזיקאַלישער שול											
ORG-C02219	מלוכהפֿאַרלאַג פֿון סאָוועטנפֿאַרבאַנד	Publisher	1	מלוכהפֿאַרלאַג פֿון סאָוועטנפֿאַרבאַנד														
ORG-C02220	הענרי סטריט שול	Religious institutions/organizations	2	הענרי סטריט שול	ניו-יאָרק	הענרי סטריט	הענרי סטריט שול | הענרי סטריט-שול											
ORG-C02221	דער אַרבעטער פֿריינט	Business	1	דער אַרבעטער פֿריינט	ניו-יאָרק	קאָרנער עסעקס און העסטער סטריטס	דער אַרבעטער פֿריינט		81 | 189	0.647 | 0.643	ipa_phonetic | ipa_phonetic							
ORG-C02222	טורן-האָל	Theatre	6	טורן-האָל	ניו יאָרק | ניו-יאָרק	113 בויערי | 4טע סטריט, צווישן צווייטער און דריטע עוועניוס | פערטע סטריט צווישן סעקאָנד עוועניו און דריטע עוועניו | פערטע סטריט, צווישן צווייטער און דריטער עוועניו	טורן האָל | טורן-האָל	אַמעריקע | אמעריקע	131	0.667	ipa_phonetic							
ORG-C02223	אימיגראַנטן- קאָמיטעט	Welfare/Aid organization	1	אימיגראַנטן- קאָמיטעט														
ORG-C02224	יאָרמילאָווסקיס באַנק	Business	1	יאָרמילאָווסקיס באַנק														
ORG-C02225	קעשעניעווער גימנאַזיע	Education	2	קעשעניעווער גימנאַזיע	קעשעניעוו | קעשענעווער		קעשענעווער גימנאַזיע	רוסלאַנד										
ORG-C02226	יידישן זעלבסטשוץ	Military	2	יידישן זעלבסטשוץ	קעשענעווער													
ORG-C02227	געטינגער אוניווערזיטעט	Education	1	געטינגער אוניווערזיטעט			געטינגער אוניווערזיטעט	דייטשלאַנד	561 | 588 | 587 | 585 | 589	0.762 | 0.762 | 0.714 | 0.667 | 0.667	ipa_phonetic | ipa_phonetic | ipa_phonetic | ipa_phonetic | ipa_phonetic							
ORG-C02228	התקוה	Publisher	2	התקוה	לעמבערג													
ORG-C02229	קינסטלער-היים	Theatre	1	קינסטלער-היים	קיעוו													
ORG-C02230	קולטור	Journals/ Newspapers	2	קולטור	שיקאַגע | שיקאַגער													
ORG-C02231	שטיבל-פֿאַרלאַג	Publisher	3	שטיבל-פאַרלאָג | שטיבל-פֿאַרלאַג	בערלין													
ORG-C02232	בענסענהויסטער ישיבה	Education	1	בענסענהויסטער ישיבה	ניו-יאָרק		בענסענהויסטער ישיבה											
ORG-C02233	פערטער לעמבערגער גימנאַזיע	Education	1	פערטער לעמבערגער גימנאַזיע	לעמבערג		פערטער לעמבערגער גימנאַזיע											
ORG-C02234	רומשינסקי-בוך	Publisher	1	רומשינסקי-בוך	ניו-יאָרק													
ORG-C02235	רעגירונגס פאָלקס-שול	Education	2	רעגירונגס פאָלקס-שול	טשענסטאָכאָוו			פּוילן										
ORG-C02236	מוראַנאָווער יידישן טעאַטער	Theatre	2	מוראַנאָווער יידישן טעאַטער	וואַרשע		מוראַנאָווער יידישן טעאַטער		575 | 472 | 500 | 161 | 609	0.783 | 0.739 | 0.739 | 0.652 | 0.652	ipa_phonetic | ipa_phonetic | ipa_phonetic | ipa_phonetic | ipa_phonetic							
ORG-C02237	קאָמוניסטישער פּאַרטיי	Non-Jewish political bodies	7	קאָמוניסטישער פּאַרטיי														
ORG-C02238	טעכנאָלאָגישן אינסטיטוט	Education	1	טעכנאָלאָגישן אינסטיטוט	פּעטערבורג													
ORG-C02239	סאָרבאָנע	Education	5	סאָרבאָנע	פּאַריז		סאָרבאָנע	פראַנקרייך | פראנקרייך										
ORG-C02240	יידישן אַרבעטער-פֿאַריין	Jewish political bodies	1	יידישן אַרבעטער-פֿאַריין	פּאַריז													
ORG-C02241	דיאַ צוקונפט	Journals/ Newspapers	1	דיאַ צוקונפט														
ORG-C02242	די פּראָלעטאַרישע וועלט	Publisher	2	די פּראָלעטאַרישע וועלט	וואַרשע			פּוילן										
ORG-C02243	דער שטאַדט אַנצייגער	Journals/ Newspapers	2	דער שטאַדט אַנצייגער	ניו-יאָרק													
ORG-C02244	סאַציאָל דעמאָקראַטישן פֿאַרבאַנד	Jewish political bodies	1	סאַציאָל דעמאָקראַטישן פֿאַרבאַנד														
ORG-C02245	יוסף פּערל-שול	Education	2	יוסף פּערל-שול	טאַרנאָפּאָל | טאָרנאָפּאָל		יוסף פּערל-שול											
ORG-C02246	דרוק פ. בענדינער	Publisher	1	דרוק פ. בענדינער	ווין													
ORG-C02247	טעלזער ישיבה	Education	2	טעלזער ישיבה	טעלז			ליטע										
ORG-C02248	ליטווישן נאַציאָנאַל-ראַט	Jewish political bodies	1	ליטווישן נאַציאָנאַל-ראַט														
ORG-C02249	נחלת יצחק	Religious institutions/organizations	1	נחלת יצחק	נחלת יצחק			ארץ ישראל										
ORG-C02250	בראַסלאַווער חסיד	Religious institutions/organizations	1	בראַסלאַווער חסיד														
ORG-C02251	אָדעסער סוחר פֿון דריטער גילדע	Labour (factory/workshop)	1	אָדעסער סוחר פֿון דריטער גילדע	אָדעס													
ORG-C02252	אינסטיטוט פֿאַר יידישער קולטור ביי דער אַלאַוקראַנישער ווייסנשאַפֿטלעכער אַקאַדעמיע	Heritage Institution	1	אינסטיטוט פֿאַר יידישער קולטור ביי דער אַלאַוקראַנישער ווייסנשאַפֿטלעכער אַקאַדעמיע	קיעוו													
ORG-C02253	יידיש-ליטעראַרישן קרייז	Theatre-related Society/ Union	1	יידיש-ליטעראַרישן קרייז	מינסק		יידיש-ליטעראַרישן קרייז											
ORG-C02254	יידישע פֿאָלקסשול	Education	9	יידישע פאָלקס-שול | יידישע פֿאָלקס-שולן | יידישע פֿאָלקסשול | יידישער פאָלקסשול | יידישער פֿאָלקס-שול אין ראָסיין	דעטראָיט | ווילנע | מינסק | ראָסיין		יידישע פֿאָלקסשולן | יידישע פֿאָלקסשול					SPLIT		Cluster contains generic school name across multiple distinct cities (Detroit, Vilna, Minsk, Raseiniai) which are separate institutions.			auto_drafter	2026-05-17T17:07:26Z
ORG-C02255	פּ׳פ „פּראָגרעס“	Publisher	1	פּ׳פ „פּראָגרעס“	וואַרשע		פּ׳פ „פּראָגרעס“											
ORG-C02256	רוסיש-קירכלעכע פֿאָלקסשול	Education	1	רוסיש-קירכלעכע פֿאָלקסשול	מאָהילנע		רוסיש-קירכלעכע פֿאָלקסשול											
ORG-C02257	גרויסער אָדעסער שול	Education	1	גרויסער אָדעסער שול	אָדעס		גרויסער אָדעסער שול											
ORG-C02258	"""עלדאָראַדאָ""-טעאַטער"	Theatre	11	"""עלדאָראַדאָ""-טעאַטער"	וואַרשע | וואַרשעווער געטאָ	דזשעלנע	"""עלדאָראַדאָ""-טעאַטער | 'עלדאָראַדאָ'-טעאַטער | וואַרשעווער געטאָ | עלדאַראַדאָ טעאַטער | עלדאָראַדאַ-טעאַטער | עלדאָראַדאָ | עלדאָראַדאָ-טעאַטער | עלדאָראָדאָ-טעאָטער | ״עלדאָראַדאָ״"	פּוילן	235	0.882	ipa_phonetic	ALIGN	235				Sinai	2026-04-05T17:34:53Z
ORG-C02259	פּאָלאָקעוויטשעס פּאַפּיראָסן-פֿאַבריק	Labour (factory/workshop)	2	פּאָלאָקעוויטשעס פּאַפּיראָסן-פֿאַבריק | פּאָליאַקעוויטשעס פּאַפּיראָסן-פֿאַבריק	וואַרשע		פּאָלאָקעוויטשעס פּאַפּיראָסן-פֿאַבריק											
ORG-C02260	הוט-פֿאַבריק	Labour (factory/workshop)	1	הוט-פֿאַבריק														
ORG-C02261	לובלינער גרויסן טעאַטער	Theatre	1	לובלינער גרויסן טעאַטער	לובלין		לובלינער גרויסן טעאַטער											
ORG-C02262	שול פֿון פּוטמאַן	Education	1	שול פֿון פּוטמאַן														
ORG-C02263	קאָמיסאַרזשעווסקאַס טעאַטער	Theatre	1	קאָמיסאַרזשעווסקאַס טעאַטער	פּעטערבורג		קאָמיסאַרזשעווסקאַס טעאַטער											
ORG-C02264	יידישער מלוכה-טעאַטער אויפֿן נאָמען פֿון אסתר-רחל קאמינסקאַ	Theatre	1	יידישער מלוכה-טעאַטער אויפֿן נאָמען פֿון אסתר-רחל קאמינסקאַ	וואַרשע			פּוילן	599	1.000	exact	NEW	599				Bella	2026-05-10T10:01:51Z
ORG-C02265	טעאַטער פֿון קרעסטאָווסקיס גאָרטן	Theatre	1	טעאַטער פֿון קרעסטאָווסקיס גאָרטן	פּעטערבורג		טעאַטער פֿון קרעסטאָווסקיס גאָרטן											
ORG-C02266	הויף פון רבין ברוך פון מעזשיבעזש	Religious institutions/organizations	1	הויף פון רבין ברוך פון מעזשיבעזש	מעזשיבעזש													
ORG-C02267	ביאַליסטאָקער יידישן מלוכה-טעאַטער	Theatre	8	ביאַליסטאָקער יידישן מלוכה-טעאַטער	ביאַליסטאָק | ביאַליסטאָקער		ביאַליסטאָקער יידישן מלוכה-טעאַטער | ביאַליסטאָקער יידישע מלוכה-טעאַטער		539 | 506 | 501 | 505 | 535	1.000 | 0.818 | 0.806 | 0.806 | 0.806	exact | ipa_phonetic | ipa_phonetic | ipa_phonetic | ipa_phonetic	NEW	539				Bella	2026-04-29T08:22:23Z
ORG-C02268	ערשטן יידישן קליינקונסט טעאַטער	Theatre	1	ערשטן יידישן קליינקונסט טעאַטער					633	0.733	ipa_phonetic							
ORG-C02269	טרופּע פֿון יעקב בערלין און מאָלי קאָהן	Traveling Company	1	טרופּע פֿון יעקב בערלין און מאָלי קאָהן	סאָן פראַנציסקאָ													
ORG-C02270	ערשטן יידישן ראַדיאָ-פּראָגראַם אין סאָן פֿראַנציסקאָ	Media (Radio/ Film/TV)	1	ערשטן יידישן ראַדיאָ-פּראָגראַם אין סאָן פֿראַנציסקאָ	סאָן פֿראַנציסקאָ													
ORG-C02271	"ישיבה „חפץ חיים"""	Education	1	"ישיבה „חפץ חיים"""	באַלטימאָר		"ישיבה „חפץ חיים"""											
ORG-C02272	דירעקטאָר גלימער	Traveling Company	1	דירעקטאָר גלימער														
ORG-C02273	ניו-יאָרקער פאַרקוועי טעאַטער	Theatre	1	ניו-יאָרקער פאַרקוועי טעאַטער	ניו-יאָרק		פאַרקוועי טעאַטער											
ORG-C02274	רומענישן נאַציאָנאַלן טעאַטער	Theatre	3	רומענישן נאַציאָנאַל-טעאַטער | רומענישן נאַציאָנאַלן טעאַטער | רומענישן נאָציאָנאָל טעאַטער	בוקאַרעסט | בוקאַרעשט		רומענישן נאַציאָנאַל-טעאַטער | רומענישן נאַציאָנאַלן טעאַטער | רומענישן נאָציאָנאָל טעאַטער	רומעניע	567	0.630	ipa_phonetic							
ORG-C02275	יידישע טעאַטער-סטודיע ביי דער „פֿאָלקס-פּאַרטיי“	Education	1	יידישע טעאַטער-סטודיע ביי דער „פֿאָלקס-פּאַרטיי“														
ORG-C02276	ביאַליסטאָקער מיניאַטור טעאַטער	Theatre	1	ביאַליסטאָקער מיניאַטור טעאַטער	ביאַליסטאָק				539	0.677	ipa_phonetic							
ORG-C02277	טרופּע פֿון משה ליפּמאַן	Traveling Company	3	טרופּע פֿון משה ליפּמאַן | משה ליפמאַן	וואַרשע		אויבערשלעזיע	פּוילן	523 | 542 | 578 | 596	0.600 | 0.600 | 0.600 | 0.600	ipa_phonetic | ipa_phonetic | ipa_phonetic | ipa_phonetic							
ORG-C02278	דזשיגאַן און שומאַכער טרופּע	Traveling Company	2	דזשיגאַן און שומאַכער טרופּע | דזשיגאָן און שומאַכער	סאָסנאָוויץ		אַמעריקע	אַמעריקע										
ORG-C02279	בען באַנוס טרופּעס	Traveling Company	1	בען באַנוס טרופּעס			אַמעריקע	אַמעריקע	198 | 330	0.688 | 0.625	ipa_phonetic | ipa_phonetic	SPLIT		The name uses the plural form 'טרופּעס' (troupes), indicating multiple distinct companies under Ben Banus rather than a single itinerant unit.			auto_drafter	2026-05-17T17:07:26Z
ORG-C02280	געהיימען ליטעראַריש-דראַמאַטישן קרעז	Theatre	1	געהיימען ליטעראַריש-דראַמאַטישן קרעז	מאַקאַראָוו													
ORG-C02281	קיעווער קאָמערץ-אינסטיטוט	Education	1	קיעווער קאָמערץ-אינסטיטוט	קיעוו													
ORG-C02282	יידישער אָנפֿאַנג-שול	Education	1	יידישער אָנפֿאַנג-שול	מאַקאַראָוו													
ORG-C02283	יידישע טעאַטער-סטודיע	Theatre	7	יידישע טעאַטער-סטודיע | יידישע טעאַטערסטודיע אין קיעוו	טשערנאָוויץ | לאָדזש | פּעטראָגראָד | קיעוו		סובאָרין-טעאַטער											
ORG-C02284	ערשטן קיעווער יידישן מלוכה-טעאַטער	Theatre	1	ערשטן קיעווער יידישן מלוכה-טעאַטער	קיעוו				574 | 515 | 548 | 500 | 501	1.000 | 0.800 | 0.781 | 0.750 | 0.750	exact | fuzzy | ipa_phonetic | ipa_phonetic | ipa_phonetic	NEW	574				Bella	2026-05-04T10:10:19Z
ORG-C02285	טעאַטערסטודיע ביים מאָסקווער יידישן קאַמער-טעאַטער	Education	1	טעאַטערסטודיע ביים מאָסקווער יידישן קאַמער-טעאַטער	מאָסקווע				634	0.756	ipa_phonetic							
ORG-C02286	פֿאַריין פֿון סאָוועטישע שרייבער	Theatre-related Society/ Union	1	פֿאַריין פֿון סאָוועטישע שרייבער														
ORG-C02287	יידישן אַנטיפֿאַשיסטישן קאָמיטעט	Jewish political bodies	1	יידישן אַנטיפֿאַשיסטישן קאָמיטעט	מאָסקווע													
ORG-C02288	קיעווער טעאַטראַלן אינסטיטוט	Education	1	קיעווער טעאַטראַלן אינסטיטוט	קיעוו													
ORG-C02289	מאָסקווער מלוכישן יידישן טעאַטראַלן אינסטיטוט	Education	1	מאָסקווער מלוכישן יידישן טעאַטראַלן אינסטיטוט	מאָסקווע													
ORG-C02290	שטערן	Journals/ Newspapers	4	שטערן	מינסק													
ORG-C02291	דייטשער אָפּערעטעס-טרופּע	Traveling Company	1	דייטשער אָפּערעטעס-טרופּע														
ORG-C02292	יודישעס פֿאָלקסבלאַט	Journals/ Newspapers	3	יודישעס פֿאָלקסבלאַט					449	0.647	ipa_phonetic							
ORG-C02293	טשערנאָוויצער יידיש-קאָנפֿערענץ	Jewish political bodies	1	טשערנאָוויצער יידיש-קאָנפֿערענץ														
ORG-C02294	בית עם	Education	2	בית עם	ירושלים | לאָדזש							SPLIT		Cluster contains 'Beit Am' institutions in both Jerusalem and Lodz, which are distinct entities; no DB candidates exist.			auto_drafter	2026-05-17T17:07:26Z
ORG-C02295	פֿאַרלאַג קולטור	Publisher	2	פֿאַרלאַג קולטור	וואַרשאָ | מינסק													
ORG-C02296	פֿאַרלאַג אידיש	Publisher	1	פֿאַרלאַג אידיש	ניו יאָרק													
ORG-C02297	אייראָפּעאישע ליטעראַטור	Journals/ Newspapers	2	אייראָפּעאישע ליטעראַטור	וואַרשע		אייראָפּעאישע ליטעראַטור											
ORG-C02298	יידישער קולטור-באַוועגונג	OTHER - elaborate!	1	יידישער קולטור-באַוועגונג														
ORG-C02299	ערשטער יידישער וועלטלעכער שול אין ליפקאַן	Education	1	ערשטער יידישער וועלטלעכער שול אין ליפקאַן	ליפקאַן		ערשטער יידישער וועלטלעכער שול											
ORG-C02300	טשערנאָוויצער שטאָט-טעאַטער	Theatre	2	טשערנאָוויצער שטאָט-טעאַטער	טשערנאָוויץ		טשערנאָוויצער שטאָט-טעאַטער | טשערנאָוויצער שטאָטטעאַטער		597	0.606	ipa_phonetic							
ORG-C02301	קלאָב גימנאַסטיק	Theatre	1	קלאָב גימנאַסטיק	ריאָ		קלאָב גימנאַסטיק	בראַזיל										
ORG-C02302	קאָמיטעט אויף אַרויסצוגעבן אַלע אַליעזר שטיינבאַרגס שריפטן	Publisher	1	קאָמיטעט אויף אַרויסצוגעבן אַלע אַליעזר שטיינבאַרגס שריפטן	טשערנאָוויץ													
ORG-C02303	פֿאַרלאָג שלום עליכם	Publisher	1	פֿאַרלאָג שלום עליכם	בוקאַרעשט			רומעניע										
ORG-C02304	קול מבשר	Journals/ Newspapers	9	קול מבשר														
ORG-C02305	דייטש-עוואָנגעלישע שול	Education	1	דייטש-עוואָנגעלישע שול	יאַס		דייטש-עוואָנגעלישע שול											
ORG-C02306	ניו יאָרקער „טאָג“	Journals/ Newspapers	2	ניו יאָרקער „טאָג“	ניו יאָרק | ניו-יאָרק													
ORG-C02307	פֿילאָדעלפֿיער „אידישע וועלט“	Journals/ Newspapers	1	פֿילאָדעלפֿיער „אידישע וועלט“	פֿילאָדעלפֿיער													
ORG-C02308	היבריו ליטעראַטור סאָסייעטי	Theatre	4	היברו ליטעראַטור סאָסייעטי | היבריו ליטעראַטור סאָסייעטי	פילאַדעלפיע | פֿילאַדעלפיע | פֿילאָדעלפֿיער		אוידיטאָריום	אַמעריקע										
ORG-C02309	המטיב	Trade Union / Professional Association	1	המטיב	יאָס			רומעניע										
ORG-C02310	דיואי טעאַטער	Theatre	1	דיואי טעאַטער	ניו-יאָרק		דיואי טעאַטער		560 | 557 | 630 | 536	0.750 | 0.667 | 0.667 | 0.615	ipa_phonetic | ipa_phonetic | ipa_phonetic | ipa_phonetic							
ORG-C02311	מאָלערמאַנס ליטעראַרישע פּאָבלישינג קאָמפּאָני	Publisher	1	מאָלערמאַנס ליטעראַרישע פּאָבלישינג קאָמפּאָני	פֿילאַדעלפיע ניו-יאָרק													
ORG-C02312	פֿאַרלעגער עוואָלענקאָ	Publisher	1	פֿאַרלעגער עוואָלענקאָ														
ORG-C02313	טרופּע פֿון הורוויץ און סעגאָלעסקאָ	Traveling Company	1	טרופּע פֿון הורוויץ און סעגאָלעסקאָ			פּאָמול ווערדי											
ORG-C02314	גאָלדענבערג און יאָוועליר	Traveling Company	1	גאָלדענבערג און יאָוועליר														
ORG-C02315	וואַנדער-טרופּע א'אַ פֿון יאָקובאָוויטש	Traveling Company	1	וואַנדער-טרופּע א'אַ פֿון יאָקובאָוויטש			וואַנדער-טרופּע											
ORG-C02316	אַמבו	Theatre	2	אַמבו	בוענאָס-אַיירעס		אַמבו	אַרגענטינע | אָרגענטינע										
ORG-C02317	אסתר פּערלמאַן טעאַטער	Theatre	1	אסתר פּערלמאַן טעאַטער	סאַן פאַולאָ			בראַזיל	472	0.600	ipa_phonetic							
ORG-C02318	פֿאַרברייטונגס-שול	Education	1	פֿאַרברייטונגס-שול														
ORG-C02319	לואיס	Theatre	1	לואיס	שיקאַגע													
ORG-C02320	טאָמאָשעווסקי	Traveling Company	16	טאָמאָשעווסקי	טאַראַנטאָ | לאָס אַנדזשעלאָס | ניו יאָרק | פּאַריז | פֿילאָדעלפיע		טאָמאָשעווסקין											
ORG-C02321	גאָלדענבורג און צילע אַדלער	Traveling Company	1	גאָלדענבורג און צילע אַדלער	ברוקלין													
ORG-C02322	פּערהיפט	Traveling Company	9	פּערהיפט	מילוואַקי | מילוואַקיי | מילוואָקי			אַמעריקע | יו-עס-עי										
ORG-C02323	יידישן קאָמיוניטי סענטער אין מילוואָקי	Welfare/Aid organization	1	יידישן קאָמיוניטי סענטער אין מילוואָקי	מילוואָקי		יידישן קאָמיוניטי סענטער											
ORG-C02324	יידישן קאָמיוניט סענטער	Theatre	1	יידישן קאָמיוניט סענטער	שיקאַגע		יידישן קאָמיוניט סענטער											
ORG-C02325	וויסקאָנסן דזשואיש קראָניקל	Journals/ Newspapers	1	וויסקאָנסן דזשואיש קראָניקל														
ORG-C02326	יידישן קולטור קלוב	Theatre-related Society/ Union	6	יידישן קולטור קלוב	ל. א. | לאָס אַנדזשעלעס | לאָס אָנדזשעלעס		יידישן קולטור-קלוב											
ORG-C02327	סענטער פלעיערס	Theatre	3	סענטער פלעיערס														
ORG-C02328	יידישער בינע אין גאַליציע	Theatre	1	יידישער בינע אין גאַליציע														
ORG-C02329	דראַמקרעז פֿון „ליבהאָבער“	Theatre	1	דראַמקרעז פֿון „ליבהאָבער“	בעלץ													
ORG-C02330	טרופּע פֿון קאָריק	Traveling Company	4	טרופּע פֿון קאָריק | קאָריק	אָדעס | כערסאָן				486 | 626 | 531 | 542 | 596	0.800 | 0.800 | 0.737 | 0.733 | 0.733	ipa_phonetic | ipa_phonetic | ipa_phonetic | ipa_phonetic | ipa_phonetic	ALIGN	486				Bella	2026-04-19T07:38:32Z
ORG-C02331	וויניצער יידישן טעאַטער	Theatre	1	וויניצער יידישן טעאַטער	וויניצע				472 | 500 | 535 | 575 | 609	0.773 | 0.773 | 0.750 | 0.727 | 0.682	ipa_phonetic | ipa_phonetic | ipa_phonetic | ipa_phonetic | ipa_phonetic							
ORG-C02332	"זשיטאָמירער יידישן אַרבעטער קאָלכאָז-טעאַטער א'נ ""שלום-עליכם"""	Theatre	1	"זשיטאָמירער יידישן אַרבעטער קאָלכאָז-טעאַטער א'נ ""שלום-עליכם"""	זשיטאָמיר													
ORG-C02333	יידישן דראַמאַטישן קאָלעקטיוו ביים קולטור-פּאַלאַץ פֿון די פּראָפעסיאָנעלע פֿאַריינען	Theatre	1	יידישן דראַמאַטישן קאָלעקטיוו ביים קולטור-פּאַלאַץ פֿון די פּראָפעסיאָנעלע פֿאַריינען	קאָוונע		קולטור-פּאַלאַץ פֿון די פּראָפעסיאָנעלע פֿאַריינען	ליטע										
ORG-C02334	ווילנער יידישן קינסטלערישן קאָלעקטיוו	Theatre	1	ווילנער יידישן קינסטלערישן קאָלעקטיוו	ווילנע		ווילנער יידישן קינסטלערישן קאָלעקטיוו											
ORG-C02335	אַראָנסאַנס יידישער שול	Education	1	אַראָנסאַנס יידישער שול														
ORG-C02336	קאמינערס פּראָגימנאַזיע	Education	1	קאמינערס פּראָגימנאַזיע														
ORG-C02337	טרופּע פֿונעם באַרימטן דראַמאַטורג פרץ הירשביין	Traveling Company	1	טרופּע פֿונעם באַרימטן דראַמאַטורג פרץ הירשביין	אָדעס													
ORG-C02338	ערשטער יידישער פֿאָלקס-טעאַטער	Theatre	4	ערשטע יידישע פֿאָלקס-טעאַטער | ערשטער יידישער פֿאָלקס-טעאַטער	ווילנע | פאַריז		טעאַטער דע טאַמפּל		541 | 565 | 494 | 500 | 597	0.778 | 0.714 | 0.667 | 0.667 | 0.667	ipa_phonetic | ipa_phonetic | ipa_phonetic | ipa_phonetic | ipa_phonetic	SPLIT		Cluster conflates the Vilna Folks-teater with a Paris-based entity (Théâtre du Temple), requiring separation before alignment.			auto_drafter	2026-05-17T17:07:26Z
ORG-C02339	דראַמאַטישע גרופּעס	Traveling Company	1	דראַמאַטישע גרופּעס	עסטערגאָם			אונגארן										
ORG-C02340	אָדעסער יידישן טעאַטער	Theatre	2	אָדעסער יידישן טעאַטער	אָדעס				472 | 609 | 500 | 575 | 515	1.000 | 0.905 | 0.800 | 0.773 | 0.654	exact | ipa_phonetic | ipa_phonetic | ipa_phonetic | ipa_phonetic	ALIGN	472				Sinai	2026-05-03T09:40:24Z
ORG-C02341	יידישע דראַמאַטישע טרופּע פאָלקסבינע	Traveling Company	1	יידישע דראַמאַטישע טרופּע פאָלקסבינע														
ORG-C02342	וויניצער יידישן מלוכהשן טעאַטער	Theatre	1	וויניצער יידישן מלוכהשן טעאַטער	וויניצע				535 | 501 | 505 | 633 | 569	1.000 | 0.767 | 0.767 | 0.767 | 0.750	exact | ipa_phonetic | ipa_phonetic | ipa_phonetic | ipa_phonetic	ALIGN	535				Bella	2026-05-03T07:48:13Z
ORG-C02343	מאָסקווער צענטראָלן קינדער-טעאַטער	Theatre	1	מאָסקווער צענטראָלן קינדער-טעאַטער	מאָסקווע													
ORG-C02344	מאָסקווער יידישן דראַמאַטישן אַנסאַמבל	Traveling Company	1	מאָסקווער יידישן דראַמאַטישן אַנסאַמבל	מאָסקווע													
ORG-C02345	פאַרבאַנד פון די ליטעראַריש-דראַמאַטישע פאַריינען	Theatre-related Society/ Union	1	פאַרבאַנד פון די ליטעראַריש-דראַמאַטישע פאַריינען	קליוולאַנד		וואודלאַנד פאָבליק לייברערי											
ORG-C02346	דראַמע-סענטער	Theatre	1	דראַמע-סענטער	קליוולאַנד		טעאַטערבנין											
ORG-C02347	ידע עם	Heritage Institution	1	ידע עם														
ORG-C02348	וואָלפּער-שול	Religious institutions/organizations	1	וואָלפּער-שול	קאַרלין		וואָלפּער-שול											
ORG-C02349	דער טהעאַטער זינגער	Journals/ Newspapers	1	דער טהעאַטער זינגער	ניו-יאָָרק													
ORG-C02350	עקוויטי	Theatre-related Society/ Union	1	עקוויטי														
ORG-C02351	היבריו טעאַטריקל גילד	Theatre-related Society/ Union	1	היבריו טעאַטריקל גילד														
ORG-C02352	קרינסקיס גימנאַזיע	Education	3	קרינסקים גימנאָזיע | קרינסקיס גימנאַזיע	וואַרשע			פּוילן										
ORG-C02353	דעפּוטאטן-הויז	Non-Jewish political bodies	1	דעפּוטאטן-הויז	מעקסיקע סיטי			מעקסיקע										
ORG-C02354	מעקסיקאַנער רעגירונגס-סעמינאַר	Education	1	מעקסיקאַנער רעגירונגס-סעמינאַר	מעקסיקע			מעקסיקע										
ORG-C02355	אוניווערסאָל גראַפיקאָ	Journals/ Newspapers	1	אוניווערסאָל גראַפיקאָ	מעקסיקע			מעקסיקע										
ORG-C02356	די שטימע	Journals/ Newspapers	3	די שטימע	מעקסיקע			מעקסיקע										
ORG-C02357	אַנטי דעפעמעישאָן ליג	Welfare/Aid organization	2	אַנטי דעפעמעישאָן ליג	מעקסיקע | קווינס			אַמעריקע | מעקסיקע										
ORG-C02358	לאַ ווערדאַד	Publisher	1	לאַ ווערדאַד														
ORG-C02359	גימפּעלס טרופּע	Traveling Company	21	גימפּעלס טרופּע	ווין | לעמבערג		גימפּעלס טרופּע		469 | 254 | 545 | 583 | 566	0.769 | 0.769 | 0.692 | 0.692 | 0.643	ipa_phonetic | ipa_phonetic | ipa_phonetic | ipa_phonetic | ipa_phonetic	ALIGN	257				Bella	2026-05-03T09:24:57Z
ORG-C02360	מזרחי	Media (Radio/ Film/TV)	1	מזרחי														
ORG-C02361	טעאַטער „אַקאַדעמי“	Theatre	1	טעאַטער „אַקאַדעמי“	פילאַדעלפיע		טעאַטער „אַקאַדעמי“	אַמעריקע	491 | 612 | 581 | 580	0.750 | 0.667 | 0.625 | 0.625	ipa_phonetic | ipa_phonetic | ipa_phonetic | ipa_phonetic	ALIGN	491				Bella	2026-04-19T08:32:20Z
ORG-C02362	ווילנער באַלעבעסל	Traveling Company	1	ווילנער באַלעבעסל	ווילנע				435	0.600	ipa_phonetic							
ORG-C02363	חיים לאַמזשער	Traveling Company	1	חיים לאַמזשער														
ORG-C02364	אָפּערע	Theatre	3	אָפּערע | די אָפּערע אין ניו-יאָָרק | דער אָפּערע	וואַרשע | ניו-יאָָרק		אָפּערע	אָמעריקע										
ORG-C02365	יידיש-ענגליש וואָדעוויל-טעאַטער	Theatre	1	יידיש-ענגליש וואָדעוויל-טעאַטער	מימי		יידיש-ענגליש וואָדעוויל-טעאַטער	אַמעריקע										
ORG-C02366	גראָדנער ישיבה	Education	3	גראָדנער ישיבה	גראָדנע | גראָדנער		גראָדנער ישיבה											
ORG-C02367	איקוט	Theatre	1	איקוט	פּאַריז		איקוט	פראַנקרייך										
ORG-C02368	אַלוועלטלעכן יידישן קולטור-קאָנגרעס	Jewish political bodies	3	אַלוועלטלעכן יידישן קולטור-קאָנגרעס	ניו יאָרק | פאַריז			פראַנקרייך										
ORG-C02369	דראַמאַטישער שול פֿון לאָרענצאָ און מיכיילאָווסקי	Education	1	דראַמאַטישער שול פֿון לאָרענצאָ און מיכיילאָווסקי														
ORG-C02370	גלאָגאָלינס קונסט-טרופּע	Traveling Company	1	גלאָגאָלינס קונסט-טרופּע														
ORG-C02371	המגיד	Journals/ Newspapers	8	המגיד	לייפּציג			דייטשלאַנד										
ORG-C02372	לייפּציגער קהלה	Theatre	1	לייפּציגער קהלה	לייפּציג			דייטשלאַנד										
ORG-C02373	בראָדער קהילה	Theatre	1	בראָדער קהילה	בראָד													
ORG-C02374	ברידער קאָרנפעלד	Not an organization	1	ברידער קאָרנפעלד	בראָד		הויז פון די גבירישע ברידער קאָרנפעלד											
ORG-C02375	אַרבעטער טעאַטער-פֿאַרבאַנד אַרטעף	Traveling Company	1	אַרבעטער טעאַטער-פֿאַרבאַנד אַרטעף	ניו-יאָרק			אַמעריקע										
ORG-C02376	די פרייהייט דראַמאַטישע סטודיע	Education	1	די פרייהייט דראַמאַטישע סטודיע														
ORG-C02377	יידישער טעאַטער אַנסאַמבל	Traveling Company	1	יידישער טעאַטער אַנסאַמבל														
ORG-C02378	יאָנג וואירקערס ליג	Non-Jewish political bodies	1	יאָנג וואירקערס ליג	ניו-יאָרק													
ORG-C02379	יידישער סאַציאָליסטישער געזאַנג-פֿאַריין אין שיקאַגע	Theatre	1	יידישער סאַציאָליסטישער געזאַנג-פֿאַריין אין שיקאַגע	שיקאַגע		וועסטסייד אוידיטאָריום	אַמעריקע										
ORG-C02380	פֿרייהייט געזאַנג פֿאַריין	Theatre	1	פֿרייהייט געזאַנג פֿאַריין	ניו-יאָרק		קאַרנעני האָל											
ORG-C02381	שיקאַגער קאָלעדזש אָוו מיוזיק	Education	1	שיקאַגער קאָלעדזש אָוו מיוזיק	שיקאַגע													
ORG-C02382	יידישער מוזיק-פֿאַרבאַנד	Musical organization	1	יידישער מוזיק-פֿאַרבאַנד	ניו-יאָרק													
ORG-C02383	אוקראיינישע מלוכהשע פילהאַרמוניע	Theatre	1	אוקראיינישע מלוכהשע פילהאַרמוניע	כאַרקאָוו			אוקראינע										
ORG-C02384	קעמפּ קינדערלאַנד	Education	4	קעמפּ קינדערלאַנד	ניו-יאָרק		קעמפּ קינדערלאַנד		206	1.000	exact	ALIGN	206				Bella	2026-04-19T16:07:50Z
ORG-C02385	בונדישער באַוועגונג	Jewish political bodies	4	בונדישער באַוועגונג														
ORG-C02386	יידישע באָלשעוויסטישע קאָמיסאַריאָטן	Non-Jewish political bodies	1	יידישע באָלשעוויסטישע קאָמיסאַריאָטן	פּעטראָגראַד													
ORG-C02387	פאָלקס-שטימע	Journals/ Newspapers	2	פאָלקס-שטימע	וואַרשע | ווילנע			פּוילן										
ORG-C02388	מאָסקווער מלוכה-סטודיע פֿון שלמה מיכאַעלס	Education	1	מאָסקווער מלוכה-סטודיע פֿון שלמה מיכאַעלס	מאָסקווע			סאָוועט-רוסלאַנד										
ORG-C02389	"פֿאַרלאַג-קאָמיטעט פֿון ""לעקסיקאָן פון יידישן טעאַטער"""	Publisher	2	"פֿאַרלאַג-קאָמיטעט פֿון ""לעקסיקאָן פון יידישן טעאַטער"" | פֿאַרלאַגס-קאָמיטעט פֿון „לעקסיקאן פון יידישן טעאַטער“"														
ORG-C02390	פֿילאַדעלפֿיער יידישע פֿאָלקס-בינע	Theatre	1	פֿילאַדעלפֿיער יידישע פֿאָלקס-בינע	פֿילאַדעלפיע			אַמעריקע										
ORG-C02391	נייע יידיש אַמעריקאַנער	Traveling Company	3	די נייע יידישע אַמעריקאַנער | נייע יידיש אַמעריקאַנער	פֿילאַדעלפיע			אַמעריקע										
ORG-C02392	"יוגנטלעכער טעאַטער-סטודיע ביי דער ""יידישער קולטור אָרגאַניזאַציע"""	Education	1	"יוגנטלעכער טעאַטער-סטודיע ביי דער ""יידישער קולטור אָרגאַניזאַציע"""	פֿילאַדעלפיע													
ORG-C02393	טעלעוויזיע קאַנאָל 29	Media (Radio/ Film/TV)	1	טעלעוויזיע קאַנאָל 29														
ORG-C02394	תיאָטרון העולים	Theatre	2	תיאָטרון העולים				ישראל | מדינת ישראל										
ORG-C02395	בני ברית	Traveling Company	2	בני ברית	פֿילאַדעלפיע			אַמעריקע										
ORG-C02396	הדסה צווייגן	Welfare/Aid organization	1	הדסה צווייגן	פֿילאַדעלפיע			אַמעריקע										
ORG-C02397	ברית שלום-אָפּטיילונגען	Welfare/Aid organization	1	ברית שלום-אָפּטיילונגען	פֿילאַדעלפיע			אַמעריקע										
ORG-C02398	קאָמיטעט פֿאַרן „לעקסיקאָן פֿון יידישן טעאַטער“	Theatre-related Society/ Union	1	קאָמיטעט פֿאַרן „לעקסיקאָן פֿון יידישן טעאַטער“														
ORG-C02399	קאַנאַל 6	Media (Radio/ Film/TV)	1	קאַנאַל 6	פֿילאַדעלפיע													
ORG-C02400	קאַנאַל 29	Media (Radio/ Film/TV)	1	קאַנאַל 29	פֿילאַדעלפיע													
ORG-C02401	בנית ברית לאָדזשעס	Welfare/Aid organization	1	בנית ברית לאָדזשעס														
ORG-C02402	באָאַרד אָוו ראָבייס פֿון פֿילאַדעלפיע	Religious institutions/organizations	1	באָאַרד אָוו ראָבייס פֿון פֿילאַדעלפיע														
ORG-C02403	טשערנאָוויצער כאָר-שול	Education	1	טשערנאָוויצער כאָר-שול	טשערנאָוויץ		טשערנאָוויצער כאָר-שול											
ORG-C02404	רויטן אַרמעע אַנסאַמבל	Traveling Company	1	רויטן אַרמעע אַנסאַמבל														
ORG-C02405	יידישן טעאַטער פֿון דער שטאָט באַקו	Theatre	1	יידישן טעאַטער פֿון דער שטאָט באַקו	באַקו													
ORG-C02406	אוניווערזיטעט פֿון לאָס-אַנדזשעלעס	Education	1	אוניווערזיטעט פֿון לאָס-אַנדזשעלעס	לאָס-אַנדזשעלעס													
ORG-C02407	אוניווערזיטעט פֿון אינדיאַנא	Education	1	אוניווערזיטעט פֿון אינדיאַנא														
ORG-C02408	דערציונגס טעאַטער זשורנאַל	Journals/ Newspapers	1	דערציונגס טעאַטער זשורנאַל														
ORG-C02409	אַמעריקאַנער דערציונגס-טעאַטער-געזעלשאַפט	Theatre-related Society/ Union	1	אַמעריקאַנער דערציונגס-טעאַטער-געזעלשאַפט														
ORG-C02410	ניויאָרקער שטאָט-קאָנסל פֿאַר קונסט	Non-Jewish political bodies	1	ניויאָרקער שטאָט-קאָנסל פֿאַר קונסט														
ORG-C02411	יידישן מוזעום	Theatre	1	יידישן מוזעום														
ORG-C02412	אַמעריקאַנער יידישער הייסטאָרישער געזעלשאַפֿט	Heritage Institution	1	אַמעריקאַנער יידישער הייסטאָרישער געזעלשאַפֿט														
ORG-C02413	קאָנגרעס-לייברער	Publisher	1	קאָנגרעס-לייברער	וואַשינגטאָן		קאָנגרעס-לייברער											
ORG-C02414	דירעקטאָר יאַקאָבי אין קראָקע	Theatre	1	דירעקטאָר יאַקאָבי אין קראָקע	קראָקע													
ORG-C02415	סטאָבילן יידישן טעאַטער אין מעקסיקע	Theatre	2	סטאָבילן יידישן טעאַטער | סטאָבילן יידישן טעאַטער אין מעקסיקע	לעמבערג | מעקסיקע													
ORG-C02416	פֿאָלקלאָר-קאָמיסיע	Heritage Institution	1	פֿאָלקלאָר-קאָמיסיע	ווילנע													
ORG-C02417	סלאָבאָדקער ישיבה	Education	3	סלאָבאָדקער ישיבה	סלאָבאָדקע													
ORG-C02418	אוניווערזיטעט פֿון אָדעס	Education	1	אוניווערזיטעט פֿון אָדעס	אָדעס			אוקראַינע										
ORG-C02419	"""אָרט""-שול פֿון אָדעס"	Education	1	"""אָרט""-שול פֿון אָדעס"	אָדעס			אוקראַינע										
ORG-C02420	קלוב „שועינאָוו“	Theatre	1	קלוב „שועינאָוו“														
ORG-C02421	ראַדיקאַלן אַרבעטער-סענטער	Theatre	1	ראַדיקאַלן אַרבעטער-סענטער					480	0.652	ipa_phonetic							
ORG-C02422	קולטור-סענטער	Theatre	2	קולטור-סענטער	קרית גת		קולטור-סענטער	מדינת ישראל										
ORG-C02423	שפּאַניש-יידישער ענציקלאָפּעדיע	Publisher	1	שפּאַניש-יידישער ענציקלאָפּעדיע	מעקסיקע													
ORG-C02424	איטא	Media (Radio/ Film/TV)	1	איטא														
ORG-C02425	יד ושם	Heritage Institution	1	יד ושם														
ORG-C02426	יידישער מוזיי אין ניו-יאָרק	Theatre	1	יידישער מוזיי אין ניו-יאָרק	ניו-יאָרק			יו-עס-עי										
ORG-C02427	נאַציאָנאַלן מוזיי אין ירושלים	Theatre	1	נאַציאָנאַלן מוזיי אין ירושלים	ירושלים			ישראל										
ORG-C02428	רעסטאָראַן „כרמל“	Theatre	1	רעסטאָראַן „כרמל“	מעקסיקע													
ORG-C02429	מינע-תלמוד תורה	Education	1	מינע-תלמוד תורה	וואַרשע			פּוילן										
ORG-C02430	נאָזשיקס שול	Religious institutions/organizations	5	נאָזשיקס שול	וואַרשע		נאָזשיקס שול	פּוילן | פוילן										
ORG-C02431	בעקערס טרופּע	Traveling Company	3	בעקערס טרופּע	לידע			רוסלאַנד	610 | 579 | 254 | 545 | 533	1.000 | 0.846 | 0.769 | 0.750 | 0.714	exact | ipa_phonetic | ipa_phonetic | ipa_phonetic | ipa_phonetic	NEW	610				Bella	2026-05-15T10:08:15Z
ORG-C02432	טרופּע פֿון סעם אַדלער און מאַרק מייערסאָן	Traveling Company	1	טרופּע פֿון סעם אַדלער און מאַרק מייערסאָן														
ORG-C02433	אַגעדס מוזיקהאָל	Theatre	1	אַגעדס מוזיקהאָל	ניו-יאָרק		אַגעדס מוזיקהאָל	אַמעריקע										
ORG-C02434	אַקטיאָרן יוניע לאָקאַל, 5	Theatre-related Society/ Union	1	אַקטיאָרן יוניע לאָקאַל, 5														
ORG-C02435	גלאָב-טעאַטער	Theatre	2	גלאָב-טעאַטער	דעטראָיט | קליוולאַנד		גלאָב-טעאַטער		526 | 611 | 628 | 552 | 553	0.727 | 0.727 | 0.727 | 0.667 | 0.667	ipa_phonetic | ipa_phonetic | ipa_phonetic | ipa_phonetic | ipa_phonetic							
ORG-C02436	פעדעראַציע פֿון פּוילישע יידן אין אַמעריקע	Welfare/Aid organization	2	פעדעראַציע פֿון פּוילישע יידן | פעדעראַציע פֿון פּוילישע יידן אין אַמעריקע	דעטראָיט													
ORG-C02437	קאָמיטעט אַרויסצוגעבן דעם „לעקסיקאן פון יידישן טעאַטער“	Publisher	1	קאָמיטעט אַרויסצוגעבן דעם „לעקסיקאן פון יידישן טעאַטער“														
ORG-C02438	מאַקס ריינהאָרדס דראַמאַטישער שול	Education	1	מאַקס ריינהאָרדס דראַמאַטישער שול	בערלין			דייטשלאַנד										
ORG-C02439	יידישע דראַמאַטישע גרופן	Traveling Company	1	יידישע דראַמאַטישע גרופן	סט. לואיס													
ORG-C02440	סט. לואיס אוניווערזיטעט	Education	1	סט. לואיס אוניווערזיטעט	סט. לואיס				530	0.636	ipa_phonetic							
ORG-C02441	קינדער-טעאַטער-שול	Education	1	קינדער-טעאַטער-שול	דעטראָיט													
ORG-C02442	קליוולאַנדער טעאַטער סטודיאָ	Theatre	1	קליוולאַנדער טעאַטער סטודיאָ	קליוולאנד													
ORG-C02443	משה האַר פֿאָנדעישאָן	Publisher	1	משה האַר פֿאָנדעישאָן	דעטראָיט													
ORG-C02444	אַרבעטער-רינג רינג שול	Education	1	אַרבעטער-רינג רינג שול														
ORG-C02445	יידישער מיטלשול	Education	1	יידישער מיטלשול														
ORG-C02446	פֿעדעראָלן אָרט טעאַטער-קורס	Theatre education	1	פֿעדעראָלן אָרט טעאַטער-קורס														
ORG-C02447	הענרי סטריט פּלעיהאוז	Theatre	1	הענרי סטריט פּלעיהאוז														
ORG-C02448	ניו-יאָרקער סיוויל סוירוויז קאָמישאָן	Non-Jewish political bodies	1	ניו-יאָרקער סיוויל סוירוויז קאָמישאָן														
ORG-C02449	פּראָקטאַר און געמבלס פֿייערסייד טעאַטער	Theatre	1	פּראָקטאַר און געמבלס פֿייערסייד טעאַטער														
ORG-C02450	יידישן פֿעדעראַציע-קאָונסיל	Welfare/Aid organization	1	יידישן פֿעדעראַציע-קאָונסיל														
ORG-C02451	אָמעריקען לאָבאַראַטאָרי טעאָטער	Education	1	אָמעריקען לאָבאַראַטאָרי טעאָטער														
ORG-C02452	„נעיבאָרהוד פלעי האוז“	Education	1	„נעיבאָרהוד פלעי האוז“														
ORG-C02453	פלעיערס רינג	Theatre	1	פלעיערס רינג														
ORG-C02454	סאַברעראַ פלעיהאָוז	Theatre	1	סאַברעראַ פלעיהאָוז														
ORG-C02455	ניו פלעיהאַוז	Theatre	1	ניו פלעיהאַוז	לאָס אַנדזשעלעס													
ORG-C02456	אַקאַדעמיע זשולען	Education	1	אַקאַדעמיע זשולען	פאַריז		אַקאַדעמיע זשולען											
ORG-C02457	סאָלאָן פון אומאָפּהענגיקייט	Heritage Institution	1	סאָלאָן פון אומאָפּהענגיקייט	פאַריז		סאָלאָן פון אומאָפּהענגיקייט											
ORG-C02458	גאַלערעע פון רענעסאַנס	Heritage Institution	1	גאַלערעע פון רענעסאַנס	פאַריז		גאַלערעע פון רענעסאַנס											
ORG-C02459	אַרט-אינסטיטוט פון שיקאַגע	Heritage Institution	1	אַרט-אינסטיטוט פון שיקאַגע	שיקאַגע		אַרט-אינסטיטוט פון שיקאַגע											
ORG-C02460	שיקאַגער נאָרוועגישן קלוב	Theatre	1	שיקאַגער נאָרוועגישן קלוב	שיקאַגע		שיקאַגער נאָרוועגישן קלוב											
ORG-C02461	ווהיטני מוזעאום	Heritage Institution	1	ווהיטני מוזעאום	ניו-יאָרק		ווהיטני מוזעאום											
ORG-C02462	ברוקלין מוזעאום	Heritage Institution	1	ברוקלין מוזעאום	ניו-יאָרק		ברוקלין מוזעאום											
ORG-C02463	ציניזעליס צירק	Circus	1	ציניזעליס צירק	ברעסט-ליטאָווסק		ציניזעליס צירק					NEW	643				Sinai	2026-05-18T05:04:30Z
ORG-C02464	עקסעלסיאָר-טעאַטער	Theatre	2	עקסעלסיאָר-טעאַטער	בוענאָס איירעס | בוענאָס-איירעס		עקסעלסיאָר-טעאַטער	אַרגענטינע	509 | 151 | 555 | 557	0.688 | 0.625 | 0.625 | 0.625	ipa_phonetic | ipa_phonetic | ipa_phonetic | ipa_phonetic							
ORG-C02465	מאָזגאָוואָיס פֿארשטעלונגען	Theatre	1	מאָזגאָוואָיס פֿארשטעלונגען	טשיגרין			אוקראַינע										
ORG-C02466	סטודיע פֿון 18 מאָלער	Education	1	סטודיע פֿון 18 מאָלער	ניו-יאָרק			אַמעריקע										
ORG-C02467	פֿעים אָרט גאַלערי	Heritage Institution	1	פֿעים אָרט גאַלערי	לאָס אַנדזשעלעס			אַמעריקע										
ORG-C02468	ביוראָ פֿאַר יידישער דערציאונג	Education	3	ביוראָ פֿאַר יידישער דערציאונג	לאָס אַנדזשעלעס			אַמעריקע										
ORG-C02469	"טעאַטער „פֿאָסטי"""	Theatre	1	"טעאַטער „פֿאָסטי"""					580 | 491	0.667 | 0.625	ipa_phonetic | ipa_phonetic							
ORG-C02470	"„לאָזשאַ לומינא"""	Traveling Company	1	"„לאָזשאַ לומינא"""														
ORG-C02471	"„דער נייער פּאָמול ווערדע"""	Theatre	1	"„דער נייער פּאָמול ווערדע"""			אַרבעטער-קוואַרטאָל „פאָדול ראָשן“											
ORG-C02472	יאָסער טעאַטער „סקאַלא“	Theatre	1	יאָסער טעאַטער „סקאַלא“	יאָס													
ORG-C02473	אייראָפּעאישע קאָאָפּעראַטיווע טרופּע	Traveling Company	4	אייראָפּעאישע קאָאָפּעראַטיווע טרופּע | די אייראָפּענשע קאָאָפּעראַטיווע טרופּע			אַמעריקע	אַמעריקע										
ORG-C02474	יידישן וואָרעוויל-טעאַטער	Theatre	7	יידישן וואָדעוויל-טעאַטער | יידישן וואָרעוויל-טעאַטער	בוקאָרעסט | מיאמי | ניו יאָָרק | שיקאַגאָ		יידישן וואָרעוויל- טעאַטער | יידישן וואָרעוויל-טעאַטער | יידישע וואָדעוויל-טעאַטער		480	0.714	ipa_phonetic							
ORG-C02475	קעמי-טעאַטער	Theatre	1	קעמי-טעאַטער					555 | 556 | 122 | 509 | 553	1.000 | 0.818 | 0.750 | 0.750 | 0.750	exact | ipa_phonetic | ipa_phonetic | ipa_phonetic | ipa_phonetic	NEW	555				Bella	2026-05-03T08:14:06Z
ORG-C02476	סינעמאַ-טעאַטער	Theatre	1	סינעמאַ-טעאַטער	מיאמי ביטש	וואַשינגטאָן עוועניו און 12-טע גאָס	סינעמאַ-טעאַטער		124 | 555 | 557 | 628 | 151	0.692 | 0.692 | 0.692 | 0.692 | 0.667	ipa_phonetic | ipa_phonetic | ipa_phonetic | ipa_phonetic | ipa_phonetic							
ORG-C02477	"„אל. דזשאָלסאָן""-טעאַטער"	Theatre	1	"„אל. דזשאָלסאָן""-טעאַטער"														
ORG-C02478	יוניע פֿון קאַסירער און פובליסיטי-לייט	Theatre-related Society/ Union	1	יוניע פֿון קאַסירער און פובליסיטי-לייט														
ORG-C02479	סאַול דיקשטיינס טרופּע	Traveling Company	1	סאַול דיקשטיינס טרופּע			"„גיבסאָן""-טעאַטער"		203	0.600	ipa_phonetic							
ORG-C02480	טרופּע פֿון לואיס קרעמער	Traveling Company	1	טרופּע פֿון לואיס קרעמער	ניו-יאָרק		„אַמפיאָן“ טעאַטער											
ORG-C02481	"„מיטרע""-עמפרעסע"	Theatre	1	"„מיטרע""-עמפרעסע"			אַרגענטינע	אַרגענטינע										
ORG-C02482	"ניו-אָרקער „נעשאָנאַל""-טעאַטער"	Theatre	1	"ניו-אָרקער „נעשאָנאַל""-טעאַטער"	ניו-יאָרק		"„נעשאָנאַל""-טעאַטער"		615	0.633	ipa_phonetic							
ORG-C02483	"ניו-אָרקער ""אַנדערסאָן""-טעאַטער"	Theatre	1	"ניו-אָרקער ""אַנדערסאָן""-טעאַטער"	ניו-יאָרק		"""אַנדערסאָן""-טעאַטער"											
ORG-C02484	גרענד	Theatre	2	גרענד														
ORG-C02485	קאַליש	Theatre	1	קאַליש														
ORG-C02486	סעקאָנד געוועניו-טעאַטער	Theatre	3	סעקאָנד געוועניו-טעאַטער | סעקאנד-געוועניו-טעאַטער	ניו יאָרק		סעקאָנדגעוועניו-טעאַטער | סעקאנד-געוועניו-טעאַטער		128	0.857	ipa_phonetic	ALIGN	128				Sinai	2026-05-18T04:58:39Z
ORG-C02487	פּריוואַטער שול	Education	1	פּריוואַטער שול														
ORG-C02488	פּועלי-ציוניסטישע קורסן	Education	2	פּועלי-ציוניסטישע קורסן														
ORG-C02489	אָרט	Welfare/Aid organization	4	אָרט	כאַרקאָוו | שיקאַגע			אַמעריקע										
ORG-C02490	קדימה	Theatre	2	קדימה														
ORG-C02491	פעדעראַלן טעאַטער	Theatre	3	פעדעראַלן טעאַטער	שיקאַגאָ		פֿעדעראַלן טעאַטער	אַמעריקע | אַמעריקע	622 | 151 | 235 | 252 | 526	0.667 | 0.600 | 0.600 | 0.600 | 0.600	ipa_phonetic | ipa_phonetic | ipa_phonetic | ipa_phonetic | ipa_phonetic							
ORG-C02492	דזשואיש סענטערס לעקטשורס ביוראָ	Welfare/Aid organization	1	דזשואיש סענטערס לעקטשורס ביוראָ														
ORG-C02493	יידישן נאַציאָנאלפֿאַנד	Jewish political bodies	9	יידישן נאַציאָנאָל פאַנד | יידישן נאַציאָנאלפֿאַנד (קרן קימת לישראל) | יידישן נאַציאָנאלפֿאַנד	דעטראָיט		פּוילן	פּוילן | פֿאַראייניקטע שטאָטן פֿון אַמעריקע										
ORG-C02494	רוסישער בּינע	Theatre	4	רוסישער בּינע	וויטעבּסק		רוסלאַנד	רוסלאַנד										
ORG-C02495	ל. א. יוווא	Heritage Institution	1	ל. א. יוווא	לאָס אָנדזשעלעס													
ORG-C02496	רוסישער ס.ר.-פּארטיי	Non-Jewish political bodies	1	רוסישער ס.ר.-פּארטיי	וועליש													
ORG-C02497	יידישער ס. ס.	Jewish political bodies	1	יידישער ס. ס.	ריגע													
ORG-C02498	נאַציאָנאַל-פֿאָנד	Jewish political bodies	2	נאַציאָנאַל-פֿאָנד														
ORG-C02499	„ליכ האָבער“	Traveling Company	1	„ליכ האָבער“				פּוילן										
ORG-C02500	פּראָפעסיאנעלן יידישן טעאַטער	Theatre	7	פּראָפעסיאָנעלן יודישן טעאַטער | פּראָפעסיאָנעלן יידישן טעאַטער אין אַמעריקע | פּראָפעסיאנעל יידיש טעאַטער | פּראָפעסיאנעלן יידישן טעאַטער	דעטראָיט | דעטראיט | ווילנע		אַמעריקע | פּראָפעסיאנעלן יידישן טעאַטער	אַמעריקע	472 | 500 | 575 | 609	0.692 | 0.654 | 0.654 | 0.615	ipa_phonetic | ipa_phonetic | ipa_phonetic | ipa_phonetic							
ORG-C02501	וועסט-סייד יידישן סענטער אינסטיטוט פֿאַר יידישער דערציונג	Education	1	וועסט-סייד יידישן סענטער אינסטיטוט פֿאַר יידישער דערציונג														
ORG-C02502	לאָס אָנדזשעלעסער יידישן קולטור-קלוב	Theatre	1	לאָס אָנדזשעלעסער יידישן קולטור-קלוב	לאָס אָנדזשעלעס													
ORG-C02503	פּליטים-אָרגאָניזאַציע	Welfare/Aid organization	1	פּליטים-אָרגאָניזאַציע														
ORG-C02504	מלאווער-אָפּאַטאָשו קלוב	Welfare/Aid organization	1	מלאווער-אָפּאַטאָשו קלוב														
ORG-C02505	"קאָנסערוואָטיוון טעמפּל ""בית אל"""	Education	1	"קאָנסערוואָטיוון טעמפּל ""בית אל"""														
ORG-C02506	"לערער-סעמינאָר פון ""אַרבעטער רינג"""	Education	1	"לערער-סעמינאָר פון ""אַרבעטער רינג"""	ניו-יאָרק													
ORG-C02507	זאַמלונגען	Journals/ Newspapers	2	זאַמלונגען	ניו יאָרק		נ. י.											
ORG-C02508	די ישראל שטימע	Journals/ Newspapers	1	די ישראל שטימע	תל-אָביב													
ORG-C02509	קאָראָסטישאָווער לאַנדסמאָנשאַפט	Welfare/Aid organization	1	קאָראָסטישאָווער לאַנדסמאָנשאַפט	דעטראָיט													
ORG-C02510	ראָשן וואָר רעליף	Welfare/Aid organization	1	ראָשן וואָר רעליף	דעטראָיט													
ORG-C02511	נאַציאָנאלפאַנד	Jewish political bodies	1	נאַציאָנאלפאַנד	לאָס אָנדזשעלעס													
ORG-C02512	יידישער פּראָגרעסיווער באוועגונג	Jewish political bodies	1	יידישער פּראָגרעסיווער באוועגונג	לאָס אָנדזשעלעס		מערי ריטשמאַנס הויז											
ORG-C02513	ח. בזשאַזא	Publisher	3	ח. בזשאַזא	וואַרשע		ח. בזשאָזא											
ORG-C02514	יידישן שרייבער-פֿאַריין	Theatre-related Society/ Union	2	יידישן שרייבער-פֿאַריין	לעמבערג			ישראל										
ORG-C02515	לייוויק-הויז	Heritage Institution	2	לייוויק-הויז	תל אביב			מדינת ישראל										
ORG-C02516	געווערקשאָפטן	Trade Union / Professional Association	3	געווערקשאָפטן	ניו-יאָרק			אַמעריקע										
ORG-C02517	אַמאָלגעמייטער	Trade Union / Professional Association	1	אַמאָלגעמייטער														
ORG-C02518	אינטערנעשאָ נאָל	Trade Union / Professional Association	1	אינטערנעשאָ נאָל								DEFER					Sinai	2026-05-18T04:54:22Z
ORG-C02519	ערשטע שוך-יוניאָן	Trade Union / Professional Association	1	ערשטע שוך-יוניאָן	ברוקלין			אַמעריקע										
ORG-C02520	הויכע האנדלסשול	Education	1	הויכע האנדלסשול														
ORG-C02521	דרעזדענער באַנק	Business	1	דרעזדענער באַנק	דרעזען													
ORG-C02522	פֿאַרבאַנד פֿון די יידישע טרויהענדלער	Trade Union / Professional Association	1	פֿאַרבאַנד פֿון די יידישע טרויהענדלער														
ORG-C02523	פֿאָרבאַנד פֿון יידישע אונטערנעמער איבער גאַנץ דייטשלאַנד	Theatre-related Society/ Union	1	פֿאָרבאַנד פֿון יידישע אונטערנעמער איבער גאַנץ דייטשלאַנד														
ORG-C02524	יידישע קהלות אין בייערן	Religious institutions/organizations	1	יידישע קהלות אין בייערן			בייערן											
ORG-C02525	צענטראָל-ראט פֿון די יודן אין מערב-דייטשלאַנד	Jewish political bodies	1	צענטראָל-ראט פֿון די יודן אין מערב-דייטשלאַנד			מערב-דייטשלאַנד	מערב-דייטשלאַנד										
ORG-C02526	יידישן וועלט-קאָנגרעס	Jewish political bodies	2	יידישן וועלט-קאָנגרעס														
ORG-C02527	ישראל באָנד-אַקציעס	Jewish political bodies	1	ישראל באָנד-אַקציעס	מיאמי													
ORG-C02528	ציוניסטישן לאַנטשן-קלוב	Jewish political bodies	1	ציוניסטישן לאַנטשן-קלוב	מיאמי													
ORG-C02529	פרויען-דיוויזיע	Welfare/Aid organization	1	פרויען-דיוויזיע	דעטראָיט													
ORG-C02530	יידישן ראָדיאָפּראָגראָם	Media (Radio/ Film/TV)	1	יידישן ראָדיאָפּראָגראָם	דעטראָיט													
ORG-C02531	„פֿאָלקסהויז“	Theatre	1	„פֿאָלקסהויז“	לויוויטש			פּוילן										
ORG-C02532	דראָמאַטישער סעקציע פּועלי ציון	Amateur	1	דראָמאַטישער סעקציע פּועלי ציון	לויוויטש			פּוילן										
ORG-C02533	די פּראָפעסיאנעלע פֿאַריינען	Trade Union / Professional Association	1	די פּראָפעסיאנעלע פֿאַריינען														
ORG-C02534	שניידער-שול פֿאַר יידן	Education	1	שניידער-שול פֿאַר יידן	וואַרשע			פּוילן										
ORG-C02535	טשענסטאָכאָווער גערטנער-שול	Education	1	טשענסטאָכאָווער גערטנער-שול	טשענסטאָכאָוו			פּוילן										
ORG-C02536	וועלטלעכן פּועלי-ציון קאָנגרעס	Jewish political bodies	1	וועלטלעכן פּועלי-ציון קאָנגרעס	וואַרשע			פּוילן										
ORG-C02537	„דאָס גרינע ווינקעלע“	Theatre	1	„דאָס גרינע ווינקעלע“	דעטראָיט			אַמעריקע										
ORG-C02538	אַרלאָזאָראָוו הענריעטאַ הערמעלין, נעהרן און פֿריינט צווייג ביים „פֿאַרבאַנד“	Jewish political bodies	1	אַרלאָזאָראָוו הענריעטאַ הערמעלין, נעהרן און פֿריינט צווייג ביים „פֿאַרבאַנד“														
ORG-C02539	ציוניסטיש-סאַציאָליסטישער (ס'ס)-פּאָרטיי	Jewish political bodies	1	ציוניסטיש-סאַציאָליסטישער (ס'ס)-פּאָרטיי														
ORG-C02540	זשיטאָמירער זעלבסטשוץ-באָוועגונג	Military	1	זשיטאָמירער זעלבסטשוץ-באָוועגונג														
ORG-C02541	"יידישער טעריטאָריאָליסטישער געזעלשאַפּט (יט""א)"	Jewish political bodies	1	"יידישער טעריטאָריאָליסטישער געזעלשאַפּט (יט""א)"														
ORG-C02542	פֿאָרד מאָטאָר קאָמפּאני	Business	1	פֿאָרד מאָטאָר קאָמפּאני	דעטראָיט													
ORG-C02543	די נאציאָנאלע ראדיקאלע שולע	Education	1	די נאציאָנאלע ראדיקאלע שולע	דעטראָיט		קוירבי און העסטינג											
ORG-C02544	לאָקאל פֿון די אינדיפּענדענט לאָנדרי דרייווערס יוניאָן	Trade Union / Professional Association	1	לאָקאל פֿון די אינדיפּענדענט לאָנדרי דרייווערס יוניאָן														
ORG-C02545	טימסטערס אינטערנעשאָנאל יוניאָן	Trade Union / Professional Association	1	טימסטערס אינטערנעשאָנאל יוניאָן														
ORG-C02546	יונייטער דזשואיש אַפּיל	Welfare/Aid organization	8	יונייטער דזשואיש אַפּיל	ניו יאָרק			אַמעריקע										
ORG-C02547	"קינדער-היים „כרמית"""	Education	1	"קינדער-היים „כרמית"""														
ORG-C02548	וועין סטעיט אוניווערזיטעט	Education	1	וועין סטעיט אוניווערזיטעט	דעטראיט		Detroit		588 | 561 | 587 | 595	0.652 | 0.609 | 0.609 | 0.609	ipa_phonetic | ipa_phonetic | ipa_phonetic | ipa_phonetic							
ORG-C02549	אַמעריקען סעיווינגס און לאון אסאָסיישאָן	Business	1	אַמעריקען סעיווינגס און לאון אסאָסיישאָן														
ORG-C02550	סיטיזענס פאַמיליע פֿאַרזיכערונגס געזעלשאָפֿט	Business	1	סיטיזענס פאַמיליע פֿאַרזיכערונגס געזעלשאָפֿט														
ORG-C02551	סטעיט באר אין מישיגען	Trade Union / Professional Association	1	סטעיט באר אין מישיגען														
ORG-C02552	פֿאַרייניקטן יידישן קאָמפּיין	Welfare/Aid organization	1	פֿאַרייניקטן יידישן קאָמפּיין														
ORG-C02553	הבונים	Jewish political bodies	1	הבונים	דעטראָיט		Detroit											
ORG-C02554	יידישער וועלפעיר פעדעראַציע	Welfare/Aid organization	1	יידישער וועלפעיר פעדעראַציע														
ORG-C02555	נאַציאָנאלער פֿונדאַציע פֿאַר יידישער קולטור	Jewish political bodies	1	נאַציאָנאלער פֿונדאַציע פֿאַר יידישער קולטור														
ORG-C02556	באָברויסקער ישיבה	Education	2	באָברויסקער ישיבה	באָברויסק													
ORG-C02557	ציוניסטישער אַרבעטער-באַוועגונג	Jewish political bodies	4	ציוניסטישער אַרבעטער-באַוועגונג	דעטראָיט | לאָס-אַנדזשעלעס | ספּרינגפעלד													
ORG-C02558	פּועלי-ציון פּאַרטיי	Jewish political bodies	4	פּועלי-ציון פּאַרטיי	דעטראָיט			אַמעריקע										
ORG-C02559	נאַציאָנאל-פֿאַנד-קאָונסיל	Jewish political bodies	1	נאַציאָנאל-פֿאַנד-קאָונסיל	דעטראָיט													
ORG-C02560	יודישן קאָמיוניטי קאָונסיל	Welfare/Aid organization	1	יודישן קאָמיוניטי קאָונסיל	דעטראָיט													
ORG-C02561	ציוניסטישן קאָונסיל	Jewish political bodies	1	ציוניסטישן קאָונסיל	דעטראָיט													
ORG-C02562	יווואָ	Heritage Institution	1	יווואָ				אַמעריקע										
ORG-C02563	פּאָבליק און אָוונט-שול	Education	1	פּאָבליק און אָוונט-שול				אַמעריקע										
ORG-C02564	בר אילן אוניווערזיטעט	Education	2	בר אילן אוניווערזיטעט				מדינת ישראל	530 | 561 | 590 | 487 | 585	1.000 | 0.667 | 0.650 | 0.636 | 0.619	exact | ipa_phonetic | ipa_phonetic | ipa_phonetic | ipa_phonetic	NEW	530				Bella	2026-04-28T15:55:55Z
ORG-C02565	מלאווער ישיבה	Education	1	מלאווער ישיבה	מלאווע													
ORG-C02566	דעטראָיטער צווייג פֿון ציקאָ	Heritage Institution	1	דעטראָיטער צווייג פֿון ציקאָ	דעטראָיט													
ORG-C02567	לאַנדסמאָנשאַפטן-אָרגאניזאַציע פֿון טשעכאַנאָוו	Welfare/Aid organization	1	לאַנדסמאָנשאַפטן-אָרגאניזאַציע פֿון טשעכאַנאָוו														
ORG-C02568	ניט געדאַגהט	OTHER - elaborate!	1	ניט געדאַגהט	דעטראָיט													
ORG-C02569	פּיאָנערן פרויען אָרגאַניזאַציע	Jewish political bodies	4	פּיאָנערן פרויען אָרגאַניזאַציע	דעטראיט | לאָס אַנדזשעלעס | מיאמי													
ORG-C02570	ישראַל-באָנד-אַקציע	Jewish political bodies	1	ישראַל-באָנד-אַקציע														
ORG-C02571	אוהב צדק שול	Religious institutions/organizations	2	אוהב צדק שול			אוהב צדק שול											
ORG-C02572	וואָלטער דעמראָש מוזיק אינסטיטוט	Education	1	וואָלטער דעמראָש מוזיק אינסטיטוט	ניו-יאָרק		וואָלטער דעמראָש מוזיק אינסטיטוט											
ORG-C02573	ווערדי טורינג אָפּערע קאָמפּאני	Traveling Company	1	ווערדי טורינג אָפּערע קאָמפּאני														
ORG-C02574	שערי צדק	Religious institutions/organizations	1	שערי צדק	דעטראָיט		שערי צדק											
ORG-C02575	הלוי-כאָר	Traveling Company	2	הלוי-כאָר	דעטראָיט		הלוי-כאָר											
ORG-C02576	יידישע דראַמאַטישע שול	Education	19	אידישע דראַמאַטישע געזעלשאַפט | יידישע דראַמאַטישע סטודיע | יידישע דראַמאַטישע שול | יידישע דראָמאָטישע געזעלשאַפטן | יידישער דראַמאַטישער שול | יידישער דראָמאַטישער סטודיע	ביאלאַ פּאָדלאַסקאַ | וואַרשע | ווילנע | ווין | מאָסקווע | ניו יאָרק | קאָפּענהאַגען | קיעוו		טעאַטער-געזעלשאַפֿט | יידישע דראַמאַטישע שול | שול	דענעמאַרק | עסטרייך | פּוילן				SPLIT		Cluster conflates multiple distinct educational and dramatic institutions across Warsaw, Vilna, Moscow, and New York with no DB candidates.			auto_drafter	2026-05-17T17:07:26Z
ORG-C02577	יידיש-העברעישן קאָמיטעט ביים יידישן סענטער	Welfare/Aid organization	1	יידיש-העברעישן קאָמיטעט ביים יידישן סענטער	דעטראיט		יידישן סענטער											
ORG-C02578	שלום-עליכם לייען קרעז	Theatre-related Society/ Union	1	שלום-עליכם לייען קרעז														
ORG-C02579	ציוניסטישע יוגנט-אָרגאָניזאַציעס	Jewish political bodies	1	ציוניסטישע יוגנט-אָרגאָניזאַציעס				פּוילן										
ORG-C02580	פרייע פֿאָלקסבינע	Traveling Company	2	פרייע פֿאָלקסבינע	ניו-יאָרק		ניו-יאָרקער	אַמעריקע										
ORG-C02581	קאָלעדזש פֿון געזעץ	Education	1	קאָלעדזש פֿון געזעץ	דעטראָיט													
ORG-C02582	אינטערנעשאָנאל גארמענט טרעיד	Trade Union / Professional Association	1	אינטערנעשאָנאל גארמענט טרעיד														
ORG-C02583	פֿעדעראַציע פֿון דער יידיש-פּוילישער הילף-פעדעראַציע	Welfare/Aid organization	1	פֿעדעראַציע פֿון דער יידיש-פּוילישער הילף-פעדעראַציע														
ORG-C02584	דזשענעראל לינען	Business	1	דזשענעראל לינען	דעטראָיט			אַמעריקע										
ORG-C02585	אַמפּאַל	Jewish political bodies	2	אַמפּאַל														
ORG-C02586	ישראל באָנדס	Jewish political bodies	3	ישראל באָנדס			לאָס אַנדזשעלעס											
ORG-C02587	וויצאָ	Welfare/Aid organization	2	וויצאָ														
ORG-C02588	קאָמיוניטי טשעסט	Welfare/Aid organization	1	קאָמיוניטי טשעסט														
ORG-C02589	ווייצמאַן-אינסטיטוט	Education	1	ווייצמאַן-אינסטיטוט														
ORG-C02590	יודישער האָנדלס-קאמער	Trade Union / Professional Association	1	יודישער האָנדלס-קאמער	מעקסיקע							ALIGN	482				Bella	2026-04-19T15:54:20Z
ORG-C02591	העברעאישער גימנאַזיע	Education	3	העברעאישער גימנאַזיע | העברעישער גימנאָזיע אין ביאַליסטאָק	ביאַליסטאָק | וויניצע | לאָדזש			פּוילן				SPLIT		Cluster contains Hebrew gymnasiums in distinct cities (Bialystok, Vinnitsa, Lodz) which are separate institutions.			auto_drafter	2026-05-17T17:07:26Z
ORG-C02592	פֿארן פֿאָלק	Journals/ Newspapers	1	פֿארן פֿאָלק	מעקסיקע			מעקסיקע										
ORG-C02593	ליגע פֿאַרן אַרבעטנדיקן אַרץ ישראל	Jewish political bodies	1	ליגע פֿאַרן אַרבעטנדיקן אַרץ ישראל														
ORG-C02594	למען החייל	Welfare/Aid organization	1	למען החייל														
ORG-C02595	יורידישן פֿאָקולטעט פֿון מעקסיקאָנער אוניווערזיטעט	Education	1	יורידישן פֿאָקולטעט פֿון מעקסיקאָנער אוניווערזיטעט	מעקסיקע			מעקסיקע										
ORG-C02596	צווייג 331 פֿון יידישן נאָציאָנאָלן אַרבעטער פּאַרבאַנד	Jewish political bodies	1	צווייג 331 פֿון יידישן נאָציאָנאָלן אַרבעטער פּאַרבאַנד	ניו-יאָרק		ברייטן ביטש											
ORG-C02597	שלום-עליכם צווייג 305	Welfare/Aid organization	1	שלום-עליכם צווייג 305			לאָס אַנדזשעלעס											
ORG-C02598	כפר חבד	Not an organization	1	כפר חבד	כפר חבד		"„כפר חבד"""	מדינת ישראל										
ORG-C02599	נויע לאָדזשער צייטונג	Journals/ Newspapers	1	נויע לאָדזשער צייטונג	לאָדזש				347 | 81	1.000 | 0.600	exact | ipa_phonetic	ALIGN	347				Bella	2026-04-27T09:45:56Z
ORG-C02600	די יידישע ביזנעס וועלט	Journals/ Newspapers	1	די יידישע ביזנעס וועלט	שיקאַגאָ			אַמעריקע										
ORG-C02601	קאָנצענטראַציע-לאַגער אויף 117 זגערזשער גאַס	Theatre	1	קאָנצענטראַציע-לאַגער אויף 117 זגערזשער גאַס	לאָדזש	זגערזשער גאַס 117												
ORG-C02602	הויכשל פון קעניגסבערג	Education	1	הויכשל פון קעניגסבערג	קעניגסבערג			דייטשלאַנד										
ORG-C02603	ישיבה פון ר׳ שמואל קאַליש	Education	2	ישיבה פון ר׳ שמואל קאַליש | ישיבה פֿון רי שמואל קאַליש	לעמבערג													
ORG-C02604	קראָקעווער יידישן טעאַטער א'ד פֿון עבעל	Theatre	1	קראָקעווער יידישן טעאַטער א'ד פֿון עבעל	קראָקע		קראָקעווער יידישן טעאַטער											
ORG-C02605	טאַנענצאָפּ	Traveling Company	5	טאַנענצאָפּ | טרופּע פֿון טאַנענצאפּ | טרופּעס פון טאַנענצאָפּ			גאַליציע | גאַליצישער פּראָווינץ											
ORG-C02606	יונגווירט	Traveling Company	4	יונגווירט	ווין		טשעכיע	טשעכיע | עסטרייך										
ORG-C02607	טאַנענצאַפּס טרופּע	Traveling Company	5	טאַנענצאַפּס טרופּע	פּאָדהייצע | קאלאמעא				559 | 533 | 579 | 582 | 330	0.688 | 0.625 | 0.625 | 0.625 | 0.625	ipa_phonetic | ipa_phonetic | ipa_phonetic | ipa_phonetic | ipa_phonetic							
ORG-C02608	משה ריכטערס וואַנדער-טרופּע	Traveling Company	1	משה ריכטערס וואַנדער-טרופּע														
ORG-C02609	האַרטס טרופּע	Traveling Company	2	האַרטס טרופּע			גאַליציע | גאַליצישער פּראָווינץ		269 | 198 | 469 | 626 | 283	1.000 | 0.733 | 0.667 | 0.667 | 0.643	exact | ipa_phonetic | ipa_phonetic | fuzzy | ipa_phonetic	ALIGN	269				Bella	2026-05-03T08:34:50Z
ORG-C02610	זייגלערס טרופּע	Traveling Company	5	זייגלערס טרופּע	ווין | יאָס'				459 | 583 | 421 | 533 | 568	1.000 | 0.857 | 0.800 | 0.714 | 0.714	exact | ipa_phonetic | ipa_phonetic | ipa_phonetic | ipa_phonetic	ALIGN	459				Bella	2026-04-19T16:24:43Z
ORG-C02611	עמיל גימפּעל	Theatre	4	עמיל גימפּעל	לעמבערג													
ORG-C02612	בער האַרט	Traveling Company	10	בער האַרט | בערל האָרט | טרופּע פֿון בערל האַרט | טרופּע פֿון בער האַרט | טרופּעס פון בער האַרט	דראָהאָביטש | טאַרנאָפּאָל | לעמבערג		גאַליציע | גאַליצישער פּראָווינץ		198	0.857	fuzzy	ALIGN	198				Bella	2026-05-18T08:12:48Z
ORG-C02613	רעווי-טעאַטער 'אַזאַועל'	Theatre	1	רעווי-טעאַטער 'אַזאַועל'														
ORG-C02614	ווילנער מלוכה-טעאַטער	Theatre	4	ווילנער מלוכה-טעאַטער	ווילנע		ווילנער מלוכה-טעאַטער	ליטע	573 | 519 | 618 | 619 | 605	0.842 | 0.692 | 0.684 | 0.684 | 0.636	ipa_phonetic | ipa_phonetic | ipa_phonetic | ipa_phonetic | ipa_phonetic	NEW	666				Bella	2026-05-18T15:09:09Z
ORG-C02615	פאַרלאַג 'די צייט'	Publisher	1	פאַרלאַג 'די צייט'	וואַרשע			פּוילן										
ORG-C02616	יט'א	Journals/ Newspapers	2	יט'א	ניו יאָרק			אַמעריקע										
ORG-C02617	ביבליאָטעק צו פאַרשפּרייטן בילדונג	Library	1	ביבליאָטעק צו פאַרשפּרייטן בילדונג														
ORG-C02618	נייער פאָלקסבלאַט	Journals/ Newspapers	4	דאָס נייע פֿאָלקסבלאַט | נייער פאָלקסבלאַט	לאָדזש			פּוילן										
ORG-C02619	די יידישע בערזע	Journals/ Newspapers	1	די יידישע בערזע					461	0.643	ipa_phonetic							
ORG-C02620	דער תכשיט	Journals/ Newspapers	1	דער תכשיט														
ORG-C02621	ביאַליסטאָקער ליטעראַטן-פאַריין	Theatre-related Society/ Union	1	ביאַליסטאָקער ליטעראַטן-פאַריין	ביאַליסטאָק													
ORG-C02622	ווילנער געטאָ	Theatre	3	ווילנער געטאָ	ווילנע	סטעפאנסקא 27	ווילנער געטאָ											
ORG-C02623	זאַנדבערגס יידישן טעאַטער	Theatre	1	זאַנדבערגס יידישן טעאַטער	לאָדזש			פּוילן	472 | 500 | 575 | 609 | 455	0.739 | 0.696 | 0.696 | 0.652 | 0.625	ipa_phonetic | ipa_phonetic | ipa_phonetic | ipa_phonetic | ipa_phonetic							
ORG-C02624	יידישע טעאַטער-סטודיע ביים לאָדזשער „הזמיר“	Theatre education	1	יידישע טעאַטער-סטודיע ביים לאָדזשער „הזמיר“	לאָדזש													
ORG-C02625	לעמבערגער גימפּעל-טעאַטער	Theatre	1	לעמבערגער גימפּעל-טעאַטער	לעמבערג		גימפּעל-טעאַטער		544	0.655	ipa_phonetic							
ORG-C02626	קולטור-הויז	Theatre	1	קולטור-הויז	לאָדזשער געטאָ	קראַוויעצקאַ דריי	קולטור-הויז											
ORG-C02627	קליינ-קונסט-טעאַטער	Theatre	2	קליינ-קונסט-טעאַטער	לאָדזשער געטאָ			רומעניע	613	0.611	ipa_phonetic							
ORG-C02628	לאָדזשער פילהאַרמאַניע	Theatre	2	לאָדזשער פילהאַרמאַניע	לאָדזש		לאָדזשער פילהאַרמאָניע		479 | 517 | 586	0.833 | 0.778 | 0.636	ipa_phonetic | ipa_phonetic | ipa_phonetic	ALIGN	479				Bella	2026-04-19T16:07:23Z
ORG-C02629	יידישער בינע אין ווין	Theatre	1	יידישער בינע אין ווין	ווין		יידישער בינע אין ווין	עסטרייך										
ORG-C02630	דייטשע טעאַטערס	Theatre	1	דייטשע טעאַטערס	ווין		דייטשע טעאַטערס	עסטרייך	553	0.643	ipa_phonetic							
ORG-C02631	'פאָלקס-הויז'-טעאָטער	Theatre	1	'פאָלקס-הויז'-טעאָטער	קאָוונע		פאָלקס-הויז	ליטע										
ORG-C02632	זונטיק-האַנדלס-שול	Education	1	זונטיק-האַנדלס-שול														
ORG-C02633	דייטשער סינאַגאָגע	Musical organization	12	דייטשער סינאַגאָגע | דער דייטשער סינאגאָגע	וואַרשע | לאָדזש	טלאָמאַצקע	דייטשער סינאַגאָגע | דייטשער סינאָגאָגע | דער דייטשער סינאגאָגע	פּוילן										
ORG-C02634	טרופּע פֿון אדאלף שליפערשטיין	Traveling Company	1	טרופּע פֿון אדאלף שליפערשטיין				פּוילן										
ORG-C02635	טרופּע פֿון הערמאַן בערמאַן און א. י. קאמינסקי	Traveling Company	1	טרופּע פֿון הערמאַן בערמאַן און א. י. קאמינסקי														
ORG-C02636	געזאַנג און טאַנץ קאַפּעלע	Traveling Company	1	געזאַנג און טאַנץ קאַפּעלע				פּוילן										
ORG-C02637	וואָנדערטרופּע	Traveling Company	1	וואָנדערטרופּע				פּוילן	524 | 625 | 455 | 41 | 295	1.000 | 0.750 | 0.667 | 0.636 | 0.615	exact | ipa_phonetic | ipa_phonetic | ipa_phonetic | ipa_phonetic	NEW	524				Bella	2026-04-28T11:04:10Z
ORG-C02638	וואַנדער-טרופּע פֿון אַברהם יצחק קאמינסקי	Traveling Company	1	וואַנדער-טרופּע פֿון אַברהם יצחק קאמינסקי			פּראָווינץ	פּוילן										
ORG-C02639	וואַרשעווער יידישע טעאַטערס	Theatre	1	וואַרשעווער יידישע טעאַטערס	וואַרשע				472 | 575 | 609 | 500 | 534	0.739 | 0.739 | 0.739 | 0.696 | 0.643	ipa_phonetic | ipa_phonetic | ipa_phonetic | ipa_phonetic | ipa_phonetic							
ORG-C02640	ליטעראַטן-פאַריין	Theatre-related Society/ Union	8	ליטעראַטן-פאַריין | ליטעראָטן-פֿאַריין	וואַרשע | לאָדזש	טלאָמאַצקע | טלאָמאַצקע 13	טלאָמאַצקע 13 | ליטעראַטן-פֿאַריין | ליטעראָטן-פֿאַריין | שרייבער-היים	פּוילן	496	0.667	ipa_phonetic							
ORG-C02641	וואַרשטאָט פֿון ראַזיר-אָפּאַראַטן	Labour (factory/workshop)	1	וואַרשטאָט פֿון ראַזיר-אָפּאַראַטן	וואַרשעווער געטאָ	מילנע גאַס												
ORG-C02642	לאָדזשער יידישע וואָרעווייל-הייזער	Theatre	1	לאָדזשער יידישע וואָרעווייל-הייזער	לאָדזש		לאָדזשער יידישע וואָרעווייל-הייזער											
ORG-C02643	טיטעלמאַנס טרופּע	Traveling Company	2	טיטעלמאַנס טרופּע | טיטעלמאָזס טרופּע	לאָדזש		אַלימפּיאָטעאַטער		325 | 330 | 469 | 545 | 559	0.800 | 0.667 | 0.600 | 0.600 | 0.600	ipa_phonetic | ipa_phonetic | ipa_phonetic | ipa_phonetic | ipa_phonetic							
ORG-C02644	זשיטאָמירסקיס טרופּע	Traveling Company	6	זשיטאָמירסקיס טרופּע	פּסקאָוו		זשיטאָמירסקיס טרופּע | רוסלאַנד	רוסלאַנד										
ORG-C02645	ס. קופּערמאַנס טרופּע	Traveling Company	1	ס. קופּערמאַנס טרופּע					330	0.611	ipa_phonetic							
ORG-C02646	לאָדזשער קאָלעקטיוו	Traveling Company	3	לאָדזשער קאָלעקטיוו	לאָדזש | לאָדזש													
ORG-C02647	יידישן טעאַטער א'אַ פֿון היים סאַנדלער	Theatre	1	יידישן טעאַטער א'אַ פֿון היים סאַנדלער	וואַרשעווער געטאָ		יידישן טעאַטער											
ORG-C02648	'אָפּאָלאַ'-טעאַטער	Theatre	2	'אָפּאָלאַ'-טעאַטער	לאָדזש		אָפּאָלאָ-טעאַטער	פּוילן	514 | 123 | 526 | 600 | 235	1.000 | 0.643 | 0.643 | 0.643 | 0.600	exact | ipa_phonetic | ipa_phonetic | ipa_phonetic | ipa_phonetic	NEW	514				Sinai	2026-04-26T08:34:53Z
ORG-C02649	פֿאַראייניקטער טרופּע פֿון 'מוראַנאָווער' טעאַטער	Traveling Company	2	פֿאַראייניקטער טרופּע פֿון 'מוראַנאָווער' טעאַטער														
ORG-C02650	ווענוס	Theatre	5	ווענוס	וואַרשע | לובלין		ווענוס | זומער-טעאַטער 'רוסאַלקאַ'	פּוילן										
ORG-C02651	צעלמייסטער-פּיקאָן-טרופּע	Traveling Company	2	צעלמייסטער-פּיקאָן-טרופּע	וואַרשע			פּוילן										
ORG-C02652	אַדלערס דראָמאַטישער טרופּע	Traveling Company	2	אַדלערס דראָמאַטישער טרופּע				פּוילן										
ORG-C02653	גימפּלטעאַטער	Theatre	1	גימפּלטעאַטער	לעמבערג		גימפּלטעאַטער		611 | 553 | 124 | 555 | 628	0.727 | 0.667 | 0.636 | 0.636 | 0.636	ipa_phonetic | ipa_phonetic | ipa_phonetic | ipa_phonetic | ipa_phonetic							
ORG-C02654	אַרטיסטן-קיך	Welfare/Aid organization	4	אַרטיסטן-קיך	וואַרשע | וואַרשעווער געטאָ	לעשנא 2	אַרטיסטן-קיך	פּוילן										
ORG-C02655	יודאָאיסטישער ביבליאָטעק	Library	1	יודאָאיסטישער ביבליאָטעק	וואַרשע	טלאָמאַצקע 5												
ORG-C02656	לעאַ-פֿילם	Theatre	1	לעאַ-פֿילם	וואַרשע		לעאַ פֿאַרבערטס פאַטאָגראַפֿישן אַטעליע	פּוילן										
ORG-C02657	פאַרבערט-פֿילם	Publisher	3	פאַרבערט-פֿילם	וואַרשע			פּוילן										
ORG-C02658	יידישע צייטונגען	Journals/ Newspapers	1	יידישע צייטונגען			פּוילן	פּוילן										
ORG-C02659	רינגעלבלום אַרכיוו	Heritage Institution	2	רינגעלבלום אַרכיוו | רינגעלבלומס אַרכיוו	וואַרשע		געטאָ											
ORG-C02660	מקראַ קודש	Jewish political bodies	2	מקראַ קודש														
ORG-C02661	גאָלדפֿאַדען-פֿאַריין	Theatre	10	גאָלדפאַדן-פאַריין אין סטאַניסלאַוואָוו | גאָלדפאַדען פאַריין אין סטאַניסלאַוו | גאָלדפאַדען-פאַריין | גאָלדפֿאַדען פאַראיין | גאָלדפֿאַדען-פֿאַריין | גאָלדפֿאָדען פאַריין	לעמבערג | סטאַניסלאַוו | סטאַניסלאַוואָוו | סטאָניסלאָוו | סטאָניסלאָוואָוו		גאָלדפאַדען פאַריין | גאָלדפֿאַדען פאַראיין		496	0.625	ipa_phonetic							
ORG-C02662	פעבוס	Media (Radio/ Film/TV)	1	פעבוס	בערלין													
ORG-C02663	יעקב גאָרדין-פאַריין	Theatre-related Society/ Union	1	יעקב גאָרדין-פאַריין	לעמבערג				496	0.611	ipa_phonetic							
ORG-C02664	קאָלאָסעום	Theatre	2	קאָלאָסעום	לעמבערג	פּאַסאַזש פון די ברידער הערמאַן	קאָלאָסעום											
ORG-C02665	בער האַרטס טרופּע	Traveling Company	1	בער האַרטס טרופּע			פּראָווינץ		198 | 269 | 610 | 182 | 533	1.000 | 0.733 | 0.667 | 0.667 | 0.600	exact | ipa_phonetic | ipa_phonetic | ipa_phonetic | ipa_phonetic	ALIGN	198				Bella	2026-04-19T07:41:28Z
ORG-C02666	4-קלאַסיקע רוסישע מלוכה-שול פֿאַר יידן	Education	1	4-קלאַסיקע רוסישע מלוכה-שול פֿאַר יידן														
ORG-C02667	יידישער טעאַטער- טרופּע פֿון שוואַרץ	Traveling Company	1	יידישער טעאַטער- טרופּע פֿון שוואַרץ	לובלין													
ORG-C02668	יוסף וויינשטאָקס טרופּע	Traveling Company	1	יוסף וויינשטאָקס טרופּע	לובלין													
ORG-C02669	דאָרפס-פאַרוואַלטונג ביים שטאָט-אַמט	Non-Jewish political bodies	1	דאָרפס-פאַרוואַלטונג ביים שטאָט-אַמט	לובלין													
ORG-C02670	דאָרפֿישער פֿאַרוואַלטונג	Non-Jewish political bodies	1	דאָרפֿישער פֿאַרוואַלטונג														
ORG-C02671	לובלינסקיאַ גובערנסקיאַ וויעדאָמאָסטי	Journals/ Newspapers	2	לובלינסקיאַ גובערנסקיאַ וויעדאָמאָסטי	לובלין													
ORG-C02672	פֿראַנץ סטעפּאַנסקיס טרופּע	Traveling Company	1	פֿראַנץ סטעפּאַנסקיס טרופּע	לובלין		טעאַטער 'רוסאָלקאַ'											
ORG-C02673	לובלינער סטודענטן-קרייז	Theatre	1	לובלינער סטודענטן-קרייז	לובלין		טעאַטער 'רוסאָלקאַ'											
ORG-C02674	פֿאַרלאַג פֿון גאָלדפֿאַרב	Publisher	1	פֿאַרלאַג פֿון גאָלדפֿאַרב	וואַרשע													
ORG-C02675	בעטי קעניגס טרופּע	Traveling Company	1	בעטי קעניגס טרופּע	לובלין		'פּאַנטעאָן'-טעאָטער		610	0.647	ipa_phonetic							
ORG-C02676	צעלמייסטערס טרופע	Traveling Company	1	צעלמייסטערס טרופע	וואַרשע		'צענטראַל'-טעאַטער		533 | 376 | 421 | 234 | 459	0.667 | 0.667 | 0.667 | 0.611 | 0.611	ipa_phonetic | ipa_phonetic | ipa_phonetic | ipa_phonetic | ipa_phonetic							
ORG-C02677	זיגמונט טורקאָווס טרופּע	Traveling Company	1	זיגמונט טורקאָווס טרופּע	ווילנע		'פּאַלאַס'-טעאָטער											
ORG-C02678	יאָנאַס טורקאָווס טרופּע	Traveling Company	4	טרופּע פון יאָנאַס טורקאָוו | יאָנאַס טורקאָוו | יאָנאַס טורקאָווס טרופּע	דאַנציג | קאָוועל | קראָקע													
ORG-C02679	4-קלאַסיקע רעגירונגס-שול	Education	2	4-קלאַסיקע רעגירונגס-שול	אָדעם													
ORG-C02680	קאַמינסקי און קאָמפּאַנעעץ	Traveling Company	2	קאַמינסקי און קאָמפּאַנעעץ | קאמינסקי און קאָמפּאָנעיעץ														
ORG-C02681	דירעקציע צוזאַמען מיט שוואַרצבאַרד	Theatre	1	דירעקציע צוזאַמען מיט שוואַרצבאַרד														
ORG-C02682	ליפּאָווסקי	Traveling Company	14	ליפּאָווסקי | ליפּאָווסקי אין ווילנע	באָברויסק | ווילנע | לאָדזש | ליבאַווע | ריגע													
ORG-C02683	יוליוס אַדלער און ה. סיעראָצקי	Traveling Company	2	יוליוס אַדלער און ה. סיעראָצקי	לאָדזש													
ORG-C02684	לאָדזשער געטאָ	Not an organization	3	לאָדזשער געטאָ	לאָדזש		לאָדזשער געטאָ											
ORG-C02685	צאָן-אַרצטלעכן אינסטיטוט	Education	1	צאָן-אַרצטלעכן אינסטיטוט	קיעוו													
ORG-C02686	יידישער קינסטלער-טעאַטער	Theatre	2	יידישער קינסטלער-טעאַטער	בערלין		יידישער קינסטלער-טעאַטער	דייטשלאַנד	480	0.696	ipa_phonetic							
ORG-C02687	ווילנער טעאַטער-געזעלשאַפט	Theatre-related Society/ Union	2	ווילנער טעאַטער-געזעלשאַפט	ווילנע													
ORG-C02688	ייקטאָוו	Theatre	5	ייקטאָוו | ייקטאוו	ווילנע													
ORG-C02689	רומענישער אָפּערעטע פֿון ניקאַ פּאַיענאָרו	Theatre	2	רומענישער אָפּערעטע פֿון ניקאַ פּאַיענאָרו														
ORG-C02690	רומענישער אָפּערן און אָפּערעטן-טרופּע פֿון גריגאָריאַ	Traveling Company	2	רומענישער אָפּערן און אָפּערעטן-טרופּע פֿון גריגאָריאַ														
ORG-C02691	צירק פֿון טרוצי	Circus	2	צירק פֿון טרוצי								NEW	644				Sinai	2026-05-18T05:05:19Z
ORG-C02692	ווינער יידישער בינע	Theatre	2	ווינער יידישער בינע	ווין													
ORG-C02693	קאַמעראל בינע	Theatre	1	קאַמעראל בינע	וואַרשע	ביעלאַנסקאַ 7												
ORG-C02694	קליינער שטאָט-זאַל	Theatre	1	קליינער שטאָט-זאַל														
ORG-C02695	קלאַסישער גימנאַזיע	Education	2	קלאַסישער גימנאַזיע | קלאָסישער גימנאָזיע אין מאַריאָמפּאָל	מאַריאַמפּאָל | מאַריאָמפּאָל		קלאַסישער גימנאַזיע	ליטע										
ORG-C02696	מעדיציניש-כירורגישער אַקאַדעמיע	Education	2	מעדיציניש-כירורגישער אַקאַדעמיע | מעדיציניש-כירורגישער אָקאָדעמיע אין פּעטערבורג	פּעטערבורג		מעדיציניש-כירורגישער אַקאַדעמיע	רוסלאַנד										
ORG-C02697	קאָנסטיטוציאָנעל-דעמאָקראַטישע פּאַרטיי(קאַדעטן)	Non-Jewish political bodies	1	קאָנסטיטוציאָנעל-דעמאָקראַטישע פּאַרטיי(קאַדעטן)														
ORG-C02698	ציוניסטישער אָרגאַניזאַציע	Jewish political bodies	3	ציוניסטישער אָרגאַניזאַציע | ציוניסטישער אָרגאַניזאַציע אין עגיפּטען			עגיפּטען	מעקסיקע | עגיפּטען										
ORG-C02699	ליטווישער רעגירונג	Non-Jewish political bodies	1	ליטווישער רעגירונג														
ORG-C02700	פּוילישן סיים	Non-Jewish political bodies	3	פּוילישן סיים	וואַרשע		סיים | פּוילישן סיים	פּוילן										
ORG-C02701	יידישער דעמאָקראַטישער קהלה	Jewish political bodies	1	יידישער דעמאָקראַטישער קהלה	ווילנע		קהלה											
ORG-C02702	יודענראַט	Judenrat	4	יודענראַט	וואַרשע | וואַרשעווער געטאָ | ווילנע | לעמבערג		בונקער | יודען-ראַט	ליטע | פּוילן				SPLIT					Sinai	2026-05-18T05:10:55Z
ORG-C02703	אַנטי-היטלער-קאָמיטעט	Jewish political bodies	1	אַנטי-היטלער-קאָמיטעט														
ORG-C02704	ריגער קאָמעדיע און אָפּערעטן-טעאַטער	Theatre	2	ריגער קאָמעדיע און אָפּערעטן-טעאַטער	ריגע		ריגער קאָמעדיע און אָפּערעטן-טעאַטער	לעטלאַנד										
ORG-C02705	קאָפע גערטנער	Theatre	2	קאָפע גערטנער	וואַרשע | וואַרשעווער געטאָ	טלאָמאַצקע 13	'קאָפע גערטנער' | קאָפע גערטנער											
ORG-C02706	חיים סאַנדלערס 'שאַפּ'	Labour (factory/workshop)	2	חיים סאַנדלערס 'שאַפּ'	וואַרשעווער געטאָ		חיים סאַנדלערס 'שאַפּ'											
ORG-C02707	פּאָניאַטאָווער לאַגער	Not an organization	1	פּאָניאַטאָווער לאַגער	פּאָניאַטאָוו		פּאָניאַטאָווער לאַגער											
ORG-C02708	המיר	Musical organization	1	המיר	וואַרשע													
ORG-C02709	זימין אָפּערע	Theatre	1	זימין אָפּערע	מאָסקווע		זימין אָפּערע											
ORG-C02710	וואַרשעווער אָפּערע	Theatre	3	וואַרשעווער אָפּערע	וואַרשע		וואַרשעווער אָפּערע		532	0.643	ipa_phonetic							
ORG-C02711	לעמבערגער רעפאַרמירטן טעמפּל	Religious institutions/organizations	1	לעמבערגער רעפאַרמירטן טעמפּל	לעמבערג		לעמבערגער רעפאַרמירטן טעמפּל											
ORG-C02712	יידישן גימפל-טעאָטער	Theatre	1	יידישן גימפל-טעאָטער	לעמבערג		גימפעל-בודע		480 | 608	0.600 | 0.600	ipa_phonetic | ipa_phonetic							
ORG-C02713	קרינסקיס פרויען-גימנאַזיע	Education	2	קרינסקיס פרויען-גימנאַזיע	וואַרשע		קרינסקיס פרויען-גימנאַזיע	פּוילן										
ORG-C02714	פּוילישע דראַמאַטישע שול פֿון הריניעוויעצקא	Education	4	פּוילישע דראַמאַטישע שול פֿון הריניעוויעצקא | פּוילישער דראַמאַטישער שול פון הריניוויעצקאַ | פּוילישער דראָמאָטישער שול פֿון הריניוויעצקאָ	וואַרשע		פּוילישע דראַמאַטישע שול פֿון הריניעוויעצקא | פּוילישער דראַמאַטישער שול פון הריניוויעצקאַ	פּוילן										
ORG-C02715	פירמע י. מייזעל	Publisher	1	פירמע י. מייזעל	לאָדזש		פירמע י. מייזעל	פּוילן										
ORG-C02716	טרופּע פון ירמיהו אַדלער און מישאַ שיין	Traveling Company	1	טרופּע פון ירמיהו אַדלער און מישאַ שיין	קאָנסטאַנטינאָפּאָל													
ORG-C02717	גראָדנער כאָר-שול	Education	2	גראָדנער כאָר-שול	גראָדנע		גראָדנער כאָר-שול											
ORG-C02718	גראָדנער רוסישן שטאָטטעאַטער	Theatre	2	גראָדנער רוסישן שטאָטטעאַטער	גראָדנע		גראָדנער רוסישן שטאָטטעאַטער		624	0.600	ipa_phonetic							
ORG-C02719	ראָטשטייןס יידישער טרופּע	Traveling Company	2	ראָטשטייןס יידישער טרופּע	יוזעפקא | יוזעפקאַ				485	0.654	ipa_phonetic							
ORG-C02720	ווילנער אָפּערעטן-טרופּע	Traveling Company	8	די ווילנער אָפּערעטןטרופּע | ווילנער אָפּערעטן-טרופּע	ווילנע | ריגע		פּוילן	פּוילן	435	0.650	ipa_phonetic							
ORG-C02721	קליין-קונסט-בריגאַדע	Traveling Company	1	קליין-קונסט-בריגאַדע	פינסק													
ORG-C02722	ווילנער יידישן מלוכה-טעאַטער	Theatre	7	ווילנער יידישן מלוכה-טעאַטער	ווילנע	סטראַשון-גאַס 15	ווילנער יידישן מלוכה-טעאַטער | ווילנער יידישן מלוכה-טעאַטער		519 | 500 | 505 | 515 | 518	1.000 | 0.885 | 0.885 | 0.885 | 0.885	exact | ipa_phonetic | ipa_phonetic | ipa_phonetic | ipa_phonetic	NEW	519				Sinai	2026-04-28T04:55:58Z
ORG-C02723	ווילנער יידישע רעאַל-גימנאַזיע	Education	2	ווילנער יידישע רעאַל-גימנאַזיע	ווילנע		ווילנער יידישער רעאַל-גימנאַזיע	פּויליש-ליטע										
ORG-C02724	געסטאָפּאַ	Non-Jewish political bodies	1	געסטאָפּאַ														
ORG-C02725	קאמינסקי-הערמאַן בעראַן און טרילינג	Traveling Company	1	קאמינסקי-הערמאַן בעראַן און טרילינג	לאָדזש	קאָנסטאַנטינער גאַס	אַ קליין גערטנדל מיט אַן אָפענער בינע											
ORG-C02726	טשיזיק, טאַראַנטשיק, בליפעלד, פּיורניק	Traveling Company	1	טשיזיק, טאַראַנטשיק, בליפעלד, פּיורניק	פּראָווינץ		די שאָפּעס פֿון די פֿייערלעשער, שטאַלן	פּוילן										
ORG-C02727	טרופּע פֿון ראָזע אַרנשטיין	Traveling Company	2	טרופּע פֿון ראָזע אַרנשטיין														
ORG-C02728	טרופּע א'פ פֿון יוליוס אָסקאַר	Traveling Company	1	טרופּע א'פ פֿון יוליוס אָסקאַר														
ORG-C02729	לאָדזשער 'אָפּאָלאַ'-טעאַטער	Theatre	1	לאָדזשער 'אָפּאָלאַ'-טעאַטער	לאָדזש		לאָדזשער 'אָפּאָלאַ'-טעאַטער		604 | 514	0.810 | 0.667	ipa_phonetic | ipa_phonetic							
ORG-C02730	ש. קרויזען אין טרופּע	Traveling Company	2	ש. קרויזען אין טרופּע														
ORG-C02731	לאָדזשער 'פאַרייניקטע טרופּע'	Traveling Company	3	"לאָדזשער 'פאַרייניקטע טרופּע' | לאָדזשער „פֿאַראייניקטע טרופּע"" | לאָדזשער „פֿאַרייניקטע טרופּע"	לאָדזש		"לאָדזשער „פֿאַראייניקטע טרופּע"""	פּוילן										
ORG-C02732	חבריםטרופּעס פֿון פּאָטאָצקאַ, באַראַטאָוו און משה ליפּמאַן	Traveling Company	1	חבריםטרופּעס פֿון פּאָטאָצקאַ, באַראַטאָוו און משה ליפּמאַן														
ORG-C02733	גראַמאָפֿאָן	Publisher	2	גראַמאָפֿאָן														
ORG-C02734	ווילנער העברעאישער גימנאַזיע	Education	2	ווילנער העברעאישער גימנאַזיע	ווילנע		ווילנער העברעאישער גימנאַזיע											
ORG-C02735	קאָוונער 'מכבי'	Sports/Recreation	1	קאָוונער 'מכבי'	קאָוונע							NEW	648				Sinai	2026-05-18T05:14:06Z
ORG-C02736	מוזיקאַלישן אינסטיטוט	Education	1	מוזיקאַלישן אינסטיטוט	ווילנע													
ORG-C02737	עלעקטריקט	Publisher	1	עלעקטריקט	ווילנע													
ORG-C02738	געטאָ-טעאַטער	Theatre	5	געטאָ-טעאַטער	ווילנע | ווילנער געטאָ		געטאָ טעאַטער-זאָל | געטאָ-טעאַטער | קליינעם שטאָט-זאַל		628 | 553 | 557 | 528 | 555	1.000 | 0.833 | 0.750 | 0.727 | 0.727	exact | ipa_phonetic | ipa_phonetic | ipa_phonetic | ipa_phonetic	NEW	628				Bella	2026-05-16T07:38:25Z
ORG-C02739	י.ק. פּאָזנאַנסקי	Business	1	י.ק. פּאָזנאַנסקי	לאָדזש													
ORG-C02740	דראַמ.-סעקציע ביים ראַדאָמער גראָסער-קלוב א'נ 'אַרבעטערווינקל'	Traveling Company	2	דראַמ.-סעקציע ביים ראַדאָמער גראָסער-קלוב א'נ 'אַרבעטערווינקל'	ראַדאָם													
ORG-C02741	לערמאַנקעס טרופּע	Traveling Company	4	לערמאַנקעס טרופּע	מוראוויאָוו | מינסק		רוסלאַנד	רוסלאַנד	325 | 579 | 182 | 330 | 376	0.733 | 0.667 | 0.667 | 0.667 | 0.625	ipa_phonetic | ipa_phonetic | ipa_phonetic | ipa_phonetic | ipa_phonetic							
ORG-C02742	יאָק וויפּאַריזשו	Theatre	1	יאָק וויפּאַריזשו	וואַרשע	דזשיקע גאַס 12	יאָק וויפּאַריזשו											
ORG-C02743	יידישן טעאַטער-קאָלעקטיוו	Traveling Company	1	יידישן טעאַטער-קאָלעקטיוו	גראָדנע													
ORG-C02744	לובזיינער פאָלקשול	Education	1	לובזיינער פאָלקשול														
ORG-C02745	יידיש-פּוילישער שול	Education	1	יידיש-פּוילישער שול														
ORG-C02746	יידישער טרופּע פון ש. הערשקאָוויטש	Traveling Company	1	יידישער טרופּע פון ש. הערשקאָוויטש														
ORG-C02747	וואַנדער-טרופּע פון אַדאָלף בערמאַן און גוסטאַוו שוואַרצבאַרד	Traveling Company	1	וואַנדער-טרופּע פון אַדאָלף בערמאַן און גוסטאַוו שוואַרצבאַרד														
ORG-C02748	טרופּע פון זיגמונד טורקאָוו און אידאַ קאַמינסקי	Traveling Company	2	טרופּע פון זיגמונד טורקאָוו און אידאַ קאַמינסקי | טרופּע פֿון זינמונט טורקאָוו און אידא קאַמינסקאַ	ווילנע													
ORG-C02749	'וויקט'-טעאַטער	Theatre	1	'וויקט'-טעאַטער			פּוילן	פּוילן	553 | 514 | 124 | 176 | 529	0.692 | 0.643 | 0.615 | 0.615 | 0.615	ipa_phonetic | ipa_phonetic | ipa_phonetic | ipa_phonetic | ipa_phonetic							
ORG-C02750	וואַרשעווער יידישן דראַמאַטישן טעאַטער	Theatre	4	וואַרשעווע יידישן דראַמאָטישן טעאַטער | וואַרשעווער יידישן דראַמאַטישן טעאַטער | וואַרשעווער יידישן דראַמאָטישן טעאַטער	וואַרשע		וואַרשעווער	פּוילן	576 | 534	0.853 | 0.656	ipa_phonetic | ipa_phonetic	NEW	663				Bella	2026-05-18T14:45:01Z
ORG-C02751	לעמבערגער 'יודנראַט' טעאַטער-ראָט	Theatre-related Society/ Union	1	לעמבערגער 'יודנראַט' טעאַטער-ראָט	לעמבערג													
ORG-C02752	יאַנאָווער לאַגער	Not an organization	2	יאַנאָווער לאַגער	לעמבערג		יאַנאָווער לאַגער											
ORG-C02753	יידישע אונטערערדישע קאַמפס-גרופּע	Military	1	יידישע אונטערערדישע קאַמפס-גרופּע	לעמבערג													
ORG-C02754	אברהם פישזאָנען אין כאָר	Musical organization	1	אברהם פישזאָנען אין כאָר	אָדעס													
ORG-C02755	יידישן טעאַטער צו קאמינסקין	Theatre	1	יידישן טעאַטער צו קאמינסקין	לאָדזש													
ORG-C02756	"לאדזשער ""גרויסעס טעאַטער"""	Theatre	4	"לאדזשער ""גרויסעס טעאַטער"" | לאדזשער ""גרויסער טעאַטער"""	לאָדזש | לאדזש													
ORG-C02757	יאָנג-בעזמאַן	Traveling Company	1	יאָנג-בעזמאַן				רוסלאַנד										
ORG-C02758	שול פֿון קונסט-מאָלעריי	Education	1	שול פֿון קונסט-מאָלעריי														
ORG-C02759	טרופּע פֿון קאָכאַנסקי	Traveling Company	1	טרופּע פֿון קאָכאַנסקי					531 | 596 | 486 | 542 | 578	0.684 | 0.667 | 0.611 | 0.611 | 0.611	ipa_phonetic | ipa_phonetic | ipa_phonetic | ipa_phonetic | ipa_phonetic							
ORG-C02760	מוסטער טעאַטער	Theatre	2	מוסטער טעאַטער				רומעניע	577 | 426 | 627 | 630 | 161	1.000 | 0.769 | 0.692 | 0.692 | 0.688	exact | ipa_phonetic | ipa_phonetic | ipa_phonetic | ipa_phonetic	NEW	577				Bella	2026-05-04T10:25:40Z
ORG-C02761	ווילנער אָפּערעטע	Traveling Company	3	ווילנער אָפּערעטע	ווילנע				435	1.000	exact	ALIGN	435				Bella	2026-05-16T07:34:57Z
ORG-C02762	יעוורעיסקי עקספּערימענטאַלני טעאַטער	Theatre	1	יעוורעיסקי עקספּערימענטאַלני טעאַטער	קעשענעוו													
ORG-C02763	פישזאָן-זאָסלאָווסקאַ אַנסאַמבל	Traveling Company	1	פישזאָן-זאָסלאָווסקאַ אַנסאַמבל														
ORG-C02764	מאַלי פיקאָן-קאָליך אָנסאַמבל	Traveling Company	1	מאַלי פיקאָן-קאָליך אָנסאַמבל														
ORG-C02765	מאָלדאָווישן יידישן מלוכה טעאַטער	Theatre	4	מאָלדאַווישן יידישן מלוכה-טעאַטער | מאָלדאָוויש יידישן מלוכה-טעאַטער | מאָלדאָווישן יידישן מלוכה טעאַטער	קעשענעוו				510 | 550 | 567 | 592 | 593	0.871 | 0.793 | 0.759 | 0.742 | 0.733	ipa_phonetic | ipa_phonetic | ipa_phonetic | ipa_phonetic | ipa_phonetic	ALIGN	510				Bella	2026-04-19T08:36:11Z
ORG-C02766	טשערנאָוויצער קולטור-פּאָלאַטע	Theatre	1	טשערנאָוויצער קולטור-פּאָלאַטע	טשערנאָוויץ		קולטור-פּאָלאַטע											
ORG-C02767	גימפּעלס יידישן טעאַטער	Theatre	6	גימפּעלס יידישן טעאַטער	לעמבערג		גימפּעלס טעאַטער | גימפּעלס יידישן טעאַטער		500 | 472 | 575 | 609 | 624	0.762 | 0.714 | 0.636 | 0.619 | 0.600	ipa_phonetic | ipa_phonetic | ipa_phonetic | ipa_phonetic | ipa_phonetic							
ORG-C02768	קאַרל עבעלס טרופּע	Traveling Company	1	קאַרל עבעלס טרופּע					545 | 469 | 521 | 629	0.688 | 0.625 | 0.625 | 0.625	ipa_phonetic | ipa_phonetic | ipa_phonetic | ipa_phonetic							
ORG-C02769	טרופּע פֿון אַקסעלראָדן	Traveling Company	2	טרופּע פֿון אַקסעלראָדן | טרופּע פֿון אַקסעלראָד	טשערנאָוויץ | קראָקע				483 | 542 | 578 | 596	0.632 | 0.632 | 0.632 | 0.632	ipa_phonetic | ipa_phonetic | ipa_phonetic | ipa_phonetic							
ORG-C02770	שלום פּאָדזאַמטשע	Traveling Company	1	שלום פּאָדזאַמטשע	ווין													
ORG-C02771	נ. בלומענטאָלס טרופּע	Traveling Company	2	נ. בלומענטאַל | נ. בלומענטאָלס טרופּע	פּאַריז													
ORG-C02772	באַוועגלעכן יידישן דראַמאַטישן טעאַטער	Theatre	3	באַוועגלעך יידיש דראַמאָטישן טעאַטער | באַוועגלעכן יידישן דראַמאַטישן טעאַטער	דאַנציג | פּוילישער פּראָווינץ | קאָלאָמיי		'קייזער ווילהעלם' טעאַטער-זאַל	פּוילן	576 | 547	0.794 | 0.697	ipa_phonetic | ipa_phonetic							
ORG-C02773	טאַנענצאַפּ-טרופּע	Traveling Company	1	טאַנענצאַפּ-טרופּע														
ORG-C02774	מינע און דיאַנאַ בלומעפעלדס טורניי	Traveling Company	1	מינע און דיאַנאַ בלומעפעלדס טורניי				פּוילן										
ORG-C02775	טעכנישער שול פֿון וואַוועלבערג און ראָטוואַנד	Education	1	טעכנישער שול פֿון וואַוועלבערג און ראָטוואַנד	וואַרשע		טעכנישער שול פֿון וואַוועלבערג און ראָטוואַנד	פּוילן										
ORG-C02776	קאַמעראַלע טעאַטער	Traveling Company	1	קאַמעראַלע טעאַטער	קראָקע		באָכענסקע-גאָס		296	0.733	ipa_phonetic							
ORG-C02777	טרופּע פֿון די יונגע קרעפטן	Traveling Company	1	טרופּע פֿון די יונגע קרעפטן			פּוילישער פּראָווינץ	פּוילן										
ORG-C02778	שפּיטאָל-וועזן אין געטאָ	Health institutions	1	שפּיטאָל-וועזן אין געטאָ	וואַרשע		וואַרשעווער געטאָ											
ORG-C02779	ווינער יידישן טעאַטער רעקלאַם	Theatre	2	ווינער יידישן טעאַטער רעקלאַם	ווין		ווינער יידישן טעאַטער רעקלאָם		500	0.654	ipa_phonetic							
ORG-C02780	אונגאַרישן טעאַטער	Theatre	1	אונגאַרישן טעאַטער	בודאַפּעסט				252 | 426 | 527 | 552 | 560	0.688 | 0.688 | 0.625 | 0.625 | 0.625	ipa_phonetic | ipa_phonetic | ipa_phonetic | ipa_phonetic | ipa_phonetic							
ORG-C02781	האָטעל בייערישן הויף	Theatre	1	האָטעל בייערישן הויף														
ORG-C02782	יידישן קינצלער-קאָבאַרעט	Theatre	3	יידישן קינצלער-קאָבאַרעט														
ORG-C02783	אשוויענטשים	Not an organization	1	אשוויענטשים														
ORG-C02784	"פֿאַריין ""ציון"""	Theatre	3	"פֿאַריין ""ציון"""														
ORG-C02785	דראַמאַטישע קורסן ביי דער 'פרייע יידישע פֿאָלקסבינע'	Education	1	דראַמאַטישע קורסן ביי דער 'פרייע יידישע פֿאָלקסבינע'														
ORG-C02786	פּראָפעסיאנעלע טעאַטער 'פרייע יידישע פֿאָלקס-בינע'	Theatre	1	פּראָפעסיאנעלע טעאַטער 'פרייע יידישע פֿאָלקס-בינע'														
ORG-C02787	יידישע קינסטלער-שפּילע	Traveling Company	2	יידישע קינסטלער-שפּילע	ווין			עסטרייך										
ORG-C02788	קאַלישער זומער-טעאַטער	Theatre	1	קאַלישער זומער-טעאַטער					237 | 296	0.600 | 0.600	ipa_phonetic | ipa_phonetic							
ORG-C02789	פּוילישן מיניאַטור-טעאטער ראַדיאן	Theatre	1	פּוילישן מיניאַטור-טעאטער ראַדיאן	ווילנע	מיצקעוויטש גאַס	זיין טעאַטער	פּוילן										
ORG-C02790	שטרעמערס טעאַטער	Theatre	1	שטרעמערס טעאַטער	ווילנע	ברייטע גאַס 44	ביי שטרעמערן	פּוילן	630 | 252 | 278 | 577 | 627	0.667 | 0.600 | 0.600 | 0.600 | 0.600	ipa_phonetic | ipa_phonetic | ipa_phonetic | ipa_phonetic | ipa_phonetic							
ORG-C02791	נחום ליפּאָווסקיס יידיש טעאַטער	Theatre	1	נחום ליפּאָווסקיס יידיש טעאַטער														
ORG-C02792	טעאַטער 'פילהאַרמאָניע'	Theatre	3	טעאַטער 'פילהאַרמאָניע'	ווילנע	נאָוויגאָראָד 8	טעאַטער 'פילהאַרמאָניע' | פילהארמאָניע		479 | 517	0.700 | 0.700	ipa_phonetic | ipa_phonetic							
ORG-C02793	מאָריס שוואַרצס אַנסאַמבל	Traveling Company	1	מאָריס שוואַרצס אַנסאַמבל														
ORG-C02794	קליין-קונסט טעאַטער 'רעמיקאַט'	Theatre	1	קליין-קונסט טעאַטער 'רעמיקאַט'	ווילנע													
ORG-C02795	'אַרטיסטיש ווינקעלע'	Theatre	3	'אַרטיסטיש ווינקעלע'	וואַרשע		הזמיר	פּוילן	226	0.706	fuzzy							
ORG-C02796	'לובלינער טאָגבלאַט'	Journals/ Newspapers	2	'לובלינער טאָגבלאַט'	לובלין													
ORG-C02797	ליפּאָווסקיס יידישער טרופּע	Traveling Company	1	ליפּאָווסקיס יידישער טרופּע	באַרקאָוו			רוסלאַנד	485	0.654	ipa_phonetic							
ORG-C02798	כאַרקאָווער יידישן טעאַטער	Theatre	1	כאַרקאָווער יידישן טעאַטער	כאַרקאָוו			רוסלאַנד	575 | 472 | 500 | 478 | 609	1.000 | 0.773 | 0.773 | 0.750 | 0.682	exact | ipa_phonetic | ipa_phonetic | ipa_phonetic | ipa_phonetic	NEW	575				Bella	2026-05-04T10:11:55Z
ORG-C02799	דאָס קאַלישער לעבן	Journals/ Newspapers	1	דאָס קאַלישער לעבן														
ORG-C02800	טעאַטער-צייטונג	Journals/ Newspapers	3	טעאַטער-צייטונג	וואַרשע		„טעאַטער-צייטונג“		81 | 347	0.706 | 0.600	ipa_phonetic | ipa_phonetic							
ORG-C02801	מעלאָדי פּאַלאַס	Theatre	3	מעלאָדי פּאַלאַס	וואַרשע | וואַרשעווער געטאָ		מעלאָדי פּאַלאַס | מעלאָדיפּאַלאַס	פּוילן										
ORG-C02802	געזעלשאַפטלעכן יידישן טעאַטער	Theatre	3	געזעלשאַפֿטלעכן יידישן טעאַטער אין קראָקע | געזעלשאַפטלעך יידיש טעאַטער אין שיקאַגאָ | געזעלשאַפטלעכן יידישן טעאַטער	קראָקע | שיקאַגאָ							SPLIT		Cluster contains distinct organizations in Krakow and Chicago; name is a descriptive title for a communal Yiddish theatre.			auto_drafter	2026-05-17T17:07:26Z
ORG-C02803	לאָמזשער ישיבה	Education	6	לאָמזשער ישיבה	לאָמזשע | לאָמזשער		לאָמזשער ישיבה	פּוילן										
ORG-C02804	מעטאָל-וואַרשטאַטן	Labour (factory/workshop)	1	מעטאָל-וואַרשטאַטן	וואַרשע	מילנע גאַס	מעטאָל-וואַרשטאַטן	פּוילן										
ORG-C02805	חנאַ וואָלפסטאַלס טרופּע	Traveling Company	3	חנא וואָלפסטאַלס | חנאַ וואָלפסטאַלס טרופּע	בודאפּעסט				337	0.632	ipa_phonetic							
ORG-C02806	זיגמונט פֿיינמאַן אין טעאַטער	Theatre	1	זיגמונט פֿיינמאַן אין טעאַטער	לאָנדאָן													
ORG-C02807	לאָדזשער פאַריין 'דראַמאַטישע יוגנט'	Theatre	1	לאָדזשער פאַריין 'דראַמאַטישע יוגנט'	לאָדזש			פּוילן										
ORG-C02808	טרופּע פֿון אסתר רחל קאמינסקי	Traveling Company	6	אסתר רחל קאמינסקי | טרופּע פון אסתר רחל קאַמינסקאַ | טרופּע פֿון אסתר רחל קאמינסקאַ | טרופּע פֿון אסתר רחל קאמינסקי	וואַרשע | נעזשניווקע | פּעטערבורג			אוקראָינע										
ORG-C02809	יידיש טעאַטער 'פּאַלאַסט'	Theatre	1	יידיש טעאַטער 'פּאַלאַסט'	ווילנע													
ORG-C02810	וואַרשעווער 'מאָמענט'	Journals/ Newspapers	1	וואַרשעווער 'מאָמענט'	וואַרשע													
ORG-C02811	'דער טעאַטער לץ'	Journals/ Newspapers	1	'דער טעאַטער לץ'														
ORG-C02812	נעסוויזשער צישאַ-שול	Education	1	נעסוויזשער צישאַ-שול	נעסוויזש													
ORG-C02813	מאַגיסטראַט	Non-Jewish political bodies	2	מאַגיסטראַט	נעסוויזש | קאָוונע			ליטע										
ORG-C02814	באַראָכאָוו-שול	Education	2	באַראָכאָוו-שול	לאָדזש | פינסק							SPLIT		Cluster contains schools named after Borochov in two distinct cities (Lodz and Pinsk) which are separate entities.			auto_drafter	2026-05-17T17:07:26Z
ORG-C02815	גראָדנער שטאָט-טעאַטער	Theatre	1	גראָדנער שטאָט-טעאַטער	גראָדנע		גראָדנער שטאָט-טעאַטער		604	0.632	ipa_phonetic							
ORG-C02816	נחום ליפּאָווסקיס 'פאָלקס-טעאַטער'	Theatre	1	נחום ליפּאָווסקיס 'פאָלקס-טעאַטער'	ווילנע		'פאָלקס-טעאַטער'											
ORG-C02817	ווילנער יידישע אָפּערעטן-טרופּע	Traveling Company	1	ווילנער יידישע אָפּערעטן-טרופּע														
ORG-C02818	טרופּע א'א פון לובאַרסקי	Traveling Company	1	טרופּע א'א פון לובאַרסקי	קיעוו													
ORG-C02819	טרופּע פון יעקב ליבערט	Traveling Company	1	טרופּע פון יעקב ליבערט			רוסלאַנד	רוסלאַנד	578 | 542	0.667 | 0.619	ipa_phonetic | ipa_phonetic							
ORG-C02820	יידיש באַוועגלעכן מלוכהטעאַטער	Theatre	1	יידיש באַוועגלעכן מלוכהטעאַטער			ראַטן-רוסלאַנד	ראַטן-רוסלאַנד	547	0.625	fuzzy							
ORG-C02821	טרופּע 'פאַקט'	Traveling Company	2	טרופּע 'פאַקט'	לאָדזש													
ORG-C02822	מייזלערס שול	Education	2	מייזלערס שול														
ORG-C02823	וואַוועלבערגס פּאָליטעכניקום	Education	2	וואַוועלבערגס פּאָליטעכניקום														
ORG-C02824	יידישער סעקציע ביי פּ. פּ. ס.	Non-Jewish political bodies	2	יידישער סעקציע ביי פּ. פּ. ס.														
ORG-C02825	בערנשטייןס פּראָווינץ-טרופּע	Traveling Company	2	בערנשטייןס פּראָווינץ-טרופּע														
ORG-C02826	אידא קאַמינסקאַ זיגמונט טורקאָווס טרופּע	Traveling Company	2	אידא קאַמינסקאַ זיגמונט טורקאָווס טרופּע														
ORG-C02827	וואַרשעווער אַרטיסטן-פאַריין	Theatre-related Society/ Union	1	וואַרשעווער אַרטיסטן-פאַריין	וואַרשע			פּוילן										
ORG-C02828	קינסטלער-שאָפּ	Labour (factory/workshop)	1	קינסטלער-שאָפּ	וואַרשע	מילנע גאַס	מילנע גאַס	פּוילן										
ORG-C02829	תורת אמת	Education	2	תורת אמת														
ORG-C02830	תפֿאַרת בחורים	Education	3	תפארת בחורים | תפֿאַרת בחורים	בויסק		הויז פֿון הרב קוק											
ORG-C02831	גמנסיה עברית	Education	2	גמנסיה עברית														
ORG-C02832	זומער-קאָלאָניע נעבן וואַרשע	Education	1	זומער-קאָלאָניע נעבן וואַרשע	וואַרשע		נעבן וואַרשע	פּוילן										
ORG-C02833	דראַמאַטישן קרייז	Theatre	3	דראַמאַטישן קרייז | דראַמאַטישן קרייז אין דער קאָלאָניע	דוווינסק | קאָלנע			פּוילן										
ORG-C02834	יידיש-וועלטלעכער שול	Education	2	יידיש-וועלטלעכער שול	וואַרשע	דלוגא 26 | דלוגאַ 26	דלוגאַ 26 | יידיש-וועלטלעכער שול	פּוילן										
ORG-C02835	ווילנער טעכניקום	Education	1	ווילנער טעכניקום	ווילנע		טעכניקום											
ORG-C02836	ווילנער קונסטגעזעלשאַפֿט	Theatre	1	ווילנער קונסטגעזעלשאַפֿט	ווילנע		ווילנער קונסטגעזעלשאַפֿט											
ORG-C02837	אינטערמעדיען-טעאַטער	Theatre	1	אינטערמעדיען-טעאַטער					472 | 500 | 609	0.650 | 0.632 | 0.619	ipa_phonetic | ipa_phonetic | ipa_phonetic							
ORG-C02838	ווילנער דראַמאַטישע שול	Education	1	ווילנער דראַמאַטישע שול														
ORG-C02839	אָפּערעטן-טרופּע פֿון קדיש-כאַש	Traveling Company	1	אָפּערעטן-טרופּע פֿון קדיש-כאַש					531	0.654	ipa_phonetic							
ORG-C02840	די פאַראייניקונג פֿון ליטעראַטן און קינסטלער	Theatre-related Society/ Union	1	די פאַראייניקונג פֿון ליטעראַטן און קינסטלער														
ORG-C02841	ווילנער פֿאַרלאַג אין ניו יאָרק	Publisher	1	ווילנער פֿאַרלאַג אין ניו יאָרק	ניו יאָרק			אַמעריקע										
ORG-C02842	טעבענסעס 'שאַפּ'	etc	2	טעבענסעס 'שאַפּ'														
ORG-C02843	לאַגער פֿון פּאָניאַטאָוו	Not an organization	1	לאַגער פֿון פּאָניאַטאָוו	לובלין													
ORG-C02844	יידישע אונטערערדישע באַוועגונג	Military	1	יידישע אונטערערדישע באַוועגונג														
ORG-C02845	מאידאַנעק	Not an organization	2	מאידאַנעק	לובלין		מיידאַנעק											
ORG-C02846	מלוכהשן לערער- סעמינאַר	Education	2	מלוכהשן לערער- סעמינאַר	לעמבערג													
ORG-C02847	קאָנסערוואַטאָריע פֿאַר קלאַוויר אין לעמבערג	Education	2	קאָנסערוואַטאָריע פֿאַר קלאַוויר | קאָנסערוואַטאָריע פֿאַר קלאַוויר אין לעמבערג	לעמבערג													
ORG-C02848	פּראָווינץחברים טרופּע פֿון פ. באָריץ	Traveling Company	1	פּראָווינץחברים טרופּע פֿון פ. באָריץ														
ORG-C02849	יידישן מלוכה-טעאַטער	Theatre	73	יידישן מלוכה טעאַטער אין בעסאַראָביע | יידישן מלוכה-טעאַטער | יידישן מלוכה-טעאַטער אין אָדעס | יידישן מלוכה-טעאַטער אין באָקו | יידישן מלוכה-טעאַטער אין ביראָבידזשאָן | יידישן מלוכה-טעאַטער אין ווילנע | יידישן מלוכה-טעאַטער אין יאָס | יידישן מלוכה-טעאַטער אין לעמבערג | יידישן מלוכה-טעאַטער אין מאָסקווע | יידישן מלוכה-טעאַטער אין מינסק | יידישן מלוכה-טעאַטער אין קיעוו | יידישן מלוכה-טעאַטער (וו. פּ. א.) | יידישן מלוכה-טעאַטער אין אוקראַאינע | יידישן מלוכה-טעאַטער אין נידערשלעזיע | יידישן מלוכהטעאַטער אין פּוילן | יידישע מלוכה-טעאַטער | יידישע מלוכה-טעאַטער אין פּוילן | יידישע מלוכהטעאַטער אין לעמבערג | יידישער מלוכה-טעאַטער | יידישער מלוכה-טעאַטער (וו. פּ. א.)	אָדעס | באַקו | באָקו | בוקאַרעשט | ביאַליסטאָק | ביראָבידזשאָן | בערדיטשעוו | וואַרשע | ווילנע | טאַרנאָפּאָל | יאָס | כאַרקאָוו | לאָדזש | לעמבערג | מאָסקווע | מינסק | נידערשלעזיע | פּאָלטאָווע | פּעטראָגראָד | קיעוו | ריגע		ווילנער | יידישן מלוכה טעאַטער | יידישן מלוכה-טעאַטער | יידישן מלוכה-טעאַטער | יידישער מלוכה-טעאַטער | מלוכה-טעאַטער | מלוכה-טעאַטער | מענדעלע-טעאַטער | פּוילן	אוקראַאינע | אוקראינע | לעטלאַנד | סאָוועטן-פאַרבאַנד | פּוילן | ראַטנפאַרבאַנד | רומעניע	618 | 619 | 605 | 500 | 505	0.842 | 0.842 | 0.773 | 0.760 | 0.760	ipa_phonetic | ipa_phonetic | ipa_phonetic | ipa_phonetic | ipa_phonetic	SPLIT					Bella	2026-05-10T06:49:42Z
ORG-C02850	טרופּע פֿון טיטעלמאַן	Traveling Company	2	טרופּע פֿון טיטעלמאַן					523 | 542 | 578 | 596 | 503	0.667 | 0.667 | 0.667 | 0.667 | 0.625	ipa_phonetic | ipa_phonetic | ipa_phonetic | ipa_phonetic | ipa_phonetic							
ORG-C02851	טרופּע פֿון יוליוס אַדלער-הערמאַן סיעראָצקי	Traveling Company	2	טרופּע פֿון יוליוס אַדלער-הערמאַן סיעראָצקי														
ORG-C02852	טרופּע פֿון זאַנדבערג-וואַקסמאַן	Traveling Company	2	טרופּע פֿון זאַנדבערג-וואַקסמאַן														
ORG-C02853	טרופּע פֿון קופּערמאַן	Traveling Company	4	טרופּע פֿון קופּערמאַן | קופּערמאַן	לאָדזש				596 | 531 | 283 | 486 | 542	0.667 | 0.632 | 0.611 | 0.611 | 0.611	ipa_phonetic | ipa_phonetic | ipa_phonetic | ipa_phonetic | ipa_phonetic							
ORG-C02854	לאָדזשער אָפּטיילונג פֿון יידישן אַרטיסטן-פאַריין אין פּוילן	Theatre-related Society/ Union	2	לאָדזשער אָפּטיילונג פֿון יידישן אַרטיסטן-פאַריין אין פּוילן | לאָדזשער אָפּטיילונג פֿון יידישן אַרטיסטן-פֿאַראיין אין פּוילן	לאָדזש			פּוילן										
ORG-C02855	צענטראַל-פֿאַרוואַלטונג פֿון פּראָפ. יידישן אַרטיסטןפֿאַריין אין פּוילן	Theatre-related Society/ Union	2	צענטראַל-פֿאַרוואַלטונג פֿון פּראָפ. יידישן אַרטיסטןפֿאַריין אין פּוילן | צענטראָל-פֿאַרוואַלטונג פֿון פּראָפ. יידישן אַרטיסטן-פֿאַראיין אין פּוילן			פּוילן	פּוילן										
ORG-C02856	לאָדזשער 'פילהאַרמאָניע'-זאַל	Theatre	2	לאָדזשער 'פילהאַרמאָניע'-זאַל	לאָדזש		לאָדזשער 'פילהאַרמאָניע'-זאַל | לאדזשער פילהאַרמאָניע-זאָל	פּוילן	479	0.625	ipa_phonetic							
ORG-C02857	לאָדזשער 'פילהאַרמאָניע-טעאַטער'	Theatre	1	לאָדזשער 'פילהאַרמאָניע-טעאַטער'	לאָדזש		לאָדזשער 'פילהאַרמאָניע-טעאַטער'	פּוילן										
ORG-C02858	טעאַטער פֿון חיים סאַנדלער	Theatre	1	טעאַטער פֿון חיים סאַנדלער	וואַרשע		וואַרשעווער געטאָ	פּוילן										
ORG-C02859	לאָדזשער פֿאַראיין 'דראַמע און מוזיק'	Theatre	1	לאָדזשער פֿאַראיין 'דראַמע און מוזיק'	לאָדזש			פּוילן										
ORG-C02860	דראַמע-קרייז 'די בינע'	Theatre	1	דראַמע-קרייז 'די בינע'	ריישע		זאַל פונעם יידישן שפּיטאָל											
ORG-C02861	טעאַטער קאַמעראַלני	Theatre	2	טעאַטער קאַמעראַלני	וואַרשע | וואַרשעווער געטאָ	נאָוואָליפקי 52			581 | 491	0.688 | 0.625	ipa_phonetic | ipa_phonetic							
ORG-C02862	יידישן טעאַטער 'נייאַזאַזעל'	Theatre	2	יידישן טעאַטער 'נייאַזאַזעל'	געטאָ-וואַרשע | וואַרשעווער געטאָ	נאָוואָליפּיע עק זשעלאַזנאַ | נאָוואָליפּיע עק זשעלאַזנע	'ניי-אַזאַזעל' | 'נייאַזאַזעל'											
ORG-C02863	וואַרשעווער האַנדלס-פֿירמע	Business	1	וואַרשעווער האַנדלס-פֿירמע	וואַרשע		וואַרשעווער											
ORG-C02864	"ד""ר ווייכערטס דראַמאַטישער סטודיע"	Theatre	1	"ד""ר ווייכערטס דראַמאַטישער סטודיע"														
ORG-C02865	קראָקעווער יידישן זומער-טעאַטער	Theatre	1	קראָקעווער יידישן זומער-טעאַטער	קראָקע		קראָקעווער		472 | 478 | 515 | 518 | 548	0.679 | 0.679 | 0.679 | 0.679 | 0.655	ipa_phonetic | ipa_phonetic | ipa_phonetic | ipa_phonetic | ipa_phonetic							
ORG-C02866	ניי טעאַטער	Theatre	2	ניי טעאַטער	ווילנע				555 | 556 | 426 | 122 | 509	0.727 | 0.727 | 0.692 | 0.667 | 0.667	ipa_phonetic | ipa_phonetic | ipa_phonetic | ipa_phonetic | ipa_phonetic							
ORG-C02867	וואַרשעווער פּוילישער קונסט-געזעלשאַפט (זאַכענטאַ)	Theatre	1	וואַרשעווער פּוילישער קונסט-געזעלשאַפט (זאַכענטאַ)	וואַרשע		זאַכענטאַ											
ORG-C02868	קראָקעווער קונסט-אַקאַדעמיע	Education	1	קראָקעווער קונסט-אַקאַדעמיע	קראָקע													
ORG-C02869	וואַרשעווער אַקאַדעמיע פאַר מאָלעריי	Education	1	וואַרשעווער אַקאַדעמיע פאַר מאָלעריי	וואַרשע													
ORG-C02870	יידישער געזעלשאַפט צו פאַרשפּרייטן קונסט	Theatre-related Society/ Union	2	יידישער געזעלשאַפט צו פאַרשפּרייטן קונסט														
ORG-C02871	יידישן קינסטלער-פאַריין אין פּוילן	Theatre-related Society/ Union	1	יידישן קינסטלער-פאַריין אין פּוילן														
ORG-C02872	יידישער אַליינהילף	Welfare/Aid organization	3	יידישער אַליינהילף	געטאָ													
ORG-C02873	שניאורס כאָר	Musical organization	1	שניאורס כאָר														
ORG-C02874	וואַנדער-טרופּע פֿון אַברהם מאָרעווסקי	Traveling Company	1	וואַנדער-טרופּע פֿון אַברהם מאָרעווסקי														
ORG-C02875	יידישן סימפּאָנישן אָרקעסטער	Musical organization	2	יידישן סימפּאָנישן אָרקעסטער	וואַרשע		וואַרשעווער געטאָ	פּוילן										
ORG-C02876	פּראָפעסאָר י. פייווישיס כאָר	Traveling Company	1	פּראָפעסאָר י. פייווישיס כאָר	וואַרשע		וואַרשעווער געטאָ	פּוילן										
ORG-C02877	כאָר צו זאַנדבערגן	Theatre	2	כאָר צו זאַנדבערגן														
ORG-C02878	יידישע דרוקעריי	Publisher	1	יידישע דרוקעריי	ווילנע		יידישע דרוקעריי											
ORG-C02879	ווילנער טאָגבלאַט	Journals/ Newspapers	1	ווילנער טאָגבלאַט	ווילנע				449	0.625	ipa_phonetic							
ORG-C02880	שלום-עליכמס טור	Traveling Company	1	שלום-עליכמס טור														
ORG-C02881	יידישן ליטעראַטן און זשורנאַליסטן-פֿאַראיין	Theatre-related Society/ Union	6	יידישן ליטעראַטן און זשורנאַליסטן פֿאַראיין אין וואַרשע | יידישן ליטעראַטן און זשורנאַליסטן-פאַראיין אין ווילנע | יידישן ליטעראַטן און זשורנאַליסטן-פֿאַראיין | יידישן ליטעראַטן און זשורנאַליסטנפֿאַריין | יידישער ליטעראָטן און זשורנאַליסטן-פאַריין	בוענאָס איירעס | וואַרשע | ווילנע	טלאָמאַצקע 13		אַרגענטינע				SPLIT		Cluster contains distinct branches in Warsaw (Tlomackie 13), Vilna, and Buenos Aires which should be separate entities.			auto_drafter	2026-05-17T17:07:26Z
ORG-C02882	גרויסע 'שטאָט-טעאַטער'	Theatre	1	גרויסע 'שטאָט-טעאַטער'	גראָדנע		שטאָט-טעאַטער		263	0.650	ipa_phonetic							
ORG-C02883	לאָדזשער 'פּוילישער טעאַטער'	Theatre	1	לאָדזשער 'פּוילישער טעאַטער'	לאָדזש		לאָדזשער 'פּוילישער טעאַטער'	פּוילן	609	0.667	ipa_phonetic							
ORG-C02884	ש. קופּערמאַנס טעאַטער	Theatre	1	ש. קופּערמאַנס טעאַטער														
ORG-C02885	לעאָניד סאָקאָלאָוו	Traveling Company	1	לעאָניד סאָקאָלאָוו	ווילנע			ליטע										
ORG-C02886	טרופּע פון כאַש-קאַדיש-נחמה	Traveling Company	2	טרופּע פון כאַש-קאַדיש-נחמה | טרופּע פֿון כאַש-קדיש-נחמה				פּוילן	531	0.667	ipa_phonetic							
ORG-C02887	שאַראַוונערס טרופּע	Traveling Company	5	שאַראַוונערס טרופּע			רוסלאַנד	רוסלאַנד	629 | 43 | 521 | 182 | 469	1.000 | 0.800 | 0.733 | 0.733 | 0.667	exact | ipa_phonetic | ipa_phonetic | ipa_phonetic | ipa_phonetic	NEW	629				Bella	2026-05-16T07:41:57Z
ORG-C02888	טעאַטער 'אַמביגי'	Theatre	1	טעאַטער 'אַמביגי'	פאַריז			פראנקרייך	581 | 173 | 580	0.667 | 0.600 | 0.600	ipa_phonetic | ipa_phonetic | ipa_phonetic							
ORG-C02889	טעאַטער 'מוטואַליטע'	Theatre	2	טעאַטער 'מוטואַליטע'	פּאַריז | פאַריז		טעאַטער מוטואַליטע	פראַנקרייך | פראנקרייך										
ORG-C02890	פאַרבאַנד פון פראַנצויזישע שרייבערס	Theatre-related Society/ Union	1	פאַרבאַנד פון פראַנצויזישע שרייבערס														
ORG-C02891	פּוילישער אָפּערעטן-טרופּע	Traveling Company	1	פּוילישער אָפּערעטן-טרופּע	לאָדזש													
ORG-C02892	אָרטיקן דייטשן טעאַטער	Theatre	1	אָרטיקן דייטשן טעאַטער	לאָדזש				472 | 500	0.600 | 0.600	ipa_phonetic | ipa_phonetic							
ORG-C02893	גרובינסקיס אָפּערעטן-דראַמאַטישער טרופּע	Traveling Company	1	גרובינסקיס אָפּערעטן-דראַמאַטישער טרופּע	וואַרשע													
ORG-C02894	וואַרשעווער 'לודאָווי'-טעאַטער	Theatre	2	וואַרשעווער 'לודאָווי'-טעאַטער	וואַרשע			פּוילן										
ORG-C02895	פּוילישער אָפּערע	Theatre	2	פּוילישער אָפּערע	וואַרשע			פּוילן	532	0.643	ipa_phonetic							
ORG-C02896	נאָווני	Theatre	1	נאָווני	וואַרשע	קרולעווסקאַ גאַס												
ORG-C02897	פּוילישן פאָלקס-טעאַטער	Theatre	2	פּוילישן פאָלקס-טעאַטער | פּוילישן פֿאָלקס-טעאָטער	וואַרשע		וואַרשע און אין פּראַגע | פּוילישן פֿאָלקס-טעאָטער	פּוילן	608 | 570 | 541 | 494 | 565	1.000 | 0.739 | 0.654 | 0.640 | 0.607	exact | ipa_phonetic | ipa_phonetic | ipa_phonetic | ipa_phonetic	NEW	608				Bella	2026-05-15T09:47:51Z
ORG-C02898	אַלעקסאַנדער שולע	Education	1	אַלעקסאַנדער שולע	לאָדזש			פּוילן										
ORG-C02899	דוד סאַבסיי	Traveling Company	2	דוד סאַבסיי | טרופּע פֿון דוד סאָבסיי	קרעמענטשוג													
ORG-C02900	יצחק גענפערס טרופּע	Traveling Company	1	יצחק גענפערס טרופּע	ווילנע		טעאַטער פילהאַרמאָניע		254 | 617 | 287	0.688 | 0.632 | 0.615	fuzzy | ipa_phonetic | ipa_phonetic							
ORG-C02901	ערשטן סאָוויעטישן טעאַטער	Theatre	1	ערשטן סאָוויעטישן טעאַטער	באָברויסק													
ORG-C02902	קולטור-בונד-טעאַטער	Theatre	4	קולטור-בונד-טעאַטער	דאַנציג													
ORG-C02903	רוסישע אָפּערעס	Theatre	1	רוסישע אָפּערעס														
ORG-C02904	דראַמע-קאָמעדיע טעאַטער	Theatre	3	דראַמע-קאָמעדיע טעאַטער	ווילנע													
ORG-C02905	בירגער-שול	Education	4	בירגער-שול	לעמבערג		בירגער-שול											
ORG-C02906	קאָרמאַנס בעקעריי	Business	1	קאָרמאַנס בעקעריי	וואַרשע	נאָוואָליפּיע גאַס												
ORG-C02907	מעטאַל'שאָפּ'	Labour (factory/workshop)	2	מעטאַל'שאָפּ'	וואַרשע	מילנע גאַס	מעטאַלשאַפּ'											
ORG-C02908	"דוווינסקער העברעישער שול פֿון ""מפיצי השכלה"""	Education	2	"דוווינסקער העברעישער שול פֿון ""מפיצי השכלה"""	דוווינסק | דווינסק		דווינסקער העברעישער שול	לעטלאַנד										
ORG-C02909	סאַבסיי און בערנשטיין	Traveling Company	2	סאַבסיי און בערנשטיין														
ORG-C02910	רוסישער מיליטערישער דראַמאַטישער קרייז	Theatre	2	רוסישער מיליטערישער דראַמאַטישער קרייז	אַסכאַבאַד													
ORG-C02911	יידישער טרופּע א'א פֿון לייזער בערנשטיין און זשיטקאָווסקי	Traveling Company	2	יידישער טרופּע א'א פֿון לייזער בערנשטיין און זשיטקאָווסקי	ריגע													
ORG-C02912	רוסישע טרופּע פֿון אַקטיאָר שמיילאָ	Traveling Company	1	רוסישע טרופּע פֿון אַקטיאָר שמיילאָ	ווילנער		ווילנער סאַנייטאָר-עוואַקוואַציעפּונקט											
ORG-C02913	יידישן דראַמאַטישן קרייז	Theatre	3	יידישן דראַמאַטישן קרייז	ריגע | רעזשיצע													
ORG-C02914	"פֿירמע ""מינטוס"""	Publisher	2	"פֿירמע ""מינטוס"""														
ORG-C02915	ריגער טעאַטער	Theatre	1	ריגער טעאַטער	ריגע				630 | 622 | 263 | 577 | 627	1.000 | 0.714 | 0.692 | 0.692 | 0.692	exact | ipa_phonetic | ipa_phonetic | ipa_phonetic | ipa_phonetic	NEW	630				Bella	2026-05-16T07:46:48Z
ORG-C02916	ווילנער יידישן געטאָ-טעאַטער	Theatre	1	ווילנער יידישן געטאָ-טעאַטער	ווילנע		געטאָ		624 | 571 | 519 | 541 | 536	1.000 | 0.808 | 0.769 | 0.769 | 0.731	exact | ipa_phonetic | ipa_phonetic | ipa_phonetic | ipa_phonetic	NEW	624				Bella	2026-05-15T12:46:14Z
ORG-C02917	דואַטמערגען	Not an organization	1	דואַטמערגען			דואַטמערגען											
ORG-C02918	טאָרף-לאַגער ביים דאָרף רעשע	Not an organization	1	טאָרף-לאַגער ביים דאָרף רעשע	רעשע		טאָרף-לאַגער											
ORG-C02919	אָדעסער תלמוד תורה	Education	2	אָדעסער תלמוד תורה	אָדעס		אָדעסער תלמוד תורה	אוקראַאינע										
ORG-C02920	טרופּע פֿון דזשאָו קעסלער	Traveling Company	1	טרופּע פֿון דזשאָו קעסלער	לאָנדאָן			ענגלאַנד	578 | 563	0.667 | 0.619	ipa_phonetic | ipa_phonetic							
ORG-C02921	טרופּע פֿון פעני וואַקסמאַן	Traveling Company	4	טרופּע פֿון פעני וואַקסמאַן | פעני וואַקסמאַן	אַנטווערפן | לאָנדאָן | פּאָריז | פאַריז			בעלגיע | ענגלאַנד | פראַנקרייך										
ORG-C02922	טעאַטער דע טאַמפּל	Theatre	2	טעאַטער דע טאַמפּל | טעאַטער די טאַמפּל	פּאַריז		טעאַטער דע טאַמפּל	פראַנקרייך										
ORG-C02923	אַסאָלינעום	Publisher	1	אַסאָלינעום	לעמבערג													
ORG-C02924	קלעצקין	Publisher	1	קלעצקין														
ORG-C02925	יידישן קונסט-מוזיי	Heritage Institution	1	יידישן קונסט-מוזיי	ווילנע													
ORG-C02926	פּוילישע פאָלקס שול	Education	1	פּוילישע פאָלקס שול														
ORG-C02927	וואַרשעווער באַלעט-שול	Education	1	וואַרשעווער באַלעט-שול	וואַרשעווער													
ORG-C02928	טעאַטער-שול	Education	2	טעאַטער-שול | טעאַטער-שול אין לעמבערג	לעמבערג													
ORG-C02929	טרופּע פון אַלעקס שטיין	Traveling Company	1	טרופּע פון אַלעקס שטיין					596 | 483	0.667 | 0.619	ipa_phonetic | ipa_phonetic							
ORG-C02930	קאָנצענטראַציע-לאַגער פּאָניאַטאָוו	Not an organization	1	קאָנצענטראַציע-לאַגער פּאָניאַטאָוו	פּאָניאַטאָוו													
ORG-C02931	וואַרשעווער יידישן טעאַטער	Theatre	3	וואַרשעווער יידישן טעאַטער	וואַרשע | וואַרשעווער געטאָ				472 | 575 | 500 | 609 | 534	0.818 | 0.818 | 0.773 | 0.727 | 0.714	ipa_phonetic | ipa_phonetic | ipa_phonetic | ipa_phonetic | ipa_phonetic							
ORG-C02932	טרופּע פֿון שטאָקפֿעדער	Traveling Company	1	טרופּע פֿון שטאָקפֿעדער	שעדלעץ				578 | 483 | 563	0.684 | 0.632 | 0.619	ipa_phonetic | ipa_phonetic | ipa_phonetic							
ORG-C02933	טרופּע פון לערמאַנקע	Traveling Company	4	טרופּע פון לערמאַנקע | לערמאַנקע					596 | 283 | 483 | 486 | 523	0.667 | 0.611 | 0.611 | 0.611 | 0.611	ipa_phonetic | ipa_phonetic | ipa_phonetic | ipa_phonetic | ipa_phonetic							
ORG-C02934	יצחק זאַנדבערגן אין טעאַטער	Theatre	1	יצחק זאַנדבערגן אין טעאַטער	לאָדזש		טעאַטער	פּוילן										
ORG-C02935	דירעקטאָריאַט	Theatre	1	דירעקטאָריאַט														
ORG-C02936	יידישער סאָציאַלער אַליינהילף	Welfare/Aid organization	8	יידישער סאָציאַלער אַליינהילף	וואַרשע	לעשנע 13	געטאָ | הילף-אינסטיטוציע | וואַרשעווער געטאָ	פּוילן										
ORG-C02937	מאָהילעווער דראַמאַטישן קרייז	Theatre	1	מאָהילעווער דראַמאַטישן קרייז	מאָהילעוו													
ORG-C02938	קונסט-געזעלשאַפֿט	Theatre	2	קונסט-געזעלשאַפֿט	גראָדנע | ווילנע													
ORG-C02939	צירק-טעאַטער	Theatre	2	צירק-טעאַטער	ווילנע | לאָדזש				631 | 176 | 600 | 124 | 151	1.000 | 0.750 | 0.750 | 0.667 | 0.667	exact | ipa_phonetic | ipa_phonetic | ipa_phonetic | ipa_phonetic	NEW	631				Bella	2026-05-16T07:49:18Z
ORG-C02940	גראָדנערס טרופּע	Traveling Company	8	גראָדנערס טרופּע	ברעסט-ליטאַווסק | גראָדנע | יאָסי | לאָנדאָן		גראָדנערס טרופּע	רומעניע	43 | 629 | 182 | 469 | 254	1.000 | 0.800 | 0.786 | 0.714 | 0.714	exact | ipa_phonetic | ipa_phonetic | ipa_phonetic | ipa_phonetic	ALIGN	43				Bella	2026-05-05T06:36:48Z
ORG-C02941	זעלבסט-טעטיקייט-קריין	Theatre	1	זעלבסט-טעטיקייט-קריין	גראָדנע		קונסט-פאַרוואַלטונג											
ORG-C02942	יאָגאָלאַנסקי אוניווערזיטעט אין קראָקע	Education	1	יאָגאָלאַנסקי אוניווערזיטעט אין קראָקע	קראָקע		יאָגאָלאַנסקי אוניווערזיטעט											
ORG-C02943	דראַמאַטישער שול א'פ פֿון פֿראַנטשישעק וויסאָצקי	Education	2	דראַמאַטישער שול א'פ פֿון פֿראַנטשישעק וויסאָצקי														
ORG-C02944	יידישער סאַציאַליסטישער פּאַרטיי	Jewish political bodies	3	יידייידישער סאַציאָליסטישער פּאַרטיי | יידישער סאַציאַליסטישער פּאַרטיי														
ORG-C02945	קראָקעווער יידישן טעאַטער	Theatre	10	קראָקאָווער יידישן טעאַטער | קראָקעווער יידישן טעאַטער | קראָקעער יידישן טעאַטער	קראָקע | קראָקעוו		קראָקעווער יידישן טעאַטער | קראָקעווער יידישן טעאַטער		472 | 575 | 500 | 609 | 478	0.818 | 0.818 | 0.773 | 0.727 | 0.643	ipa_phonetic | ipa_phonetic | ipa_phonetic | ipa_phonetic | ipa_phonetic							
ORG-C02946	קראָקעווער 'יידישער טעאַטער-געזעלשאַפֿט'	Theatre-related Society/ Union	1	קראָקעווער 'יידישער טעאַטער-געזעלשאַפֿט'	קראָקע													
ORG-C02947	ווילנער יידישער פֿאָליציי	Jewish political bodies	1	ווילנער יידישער פֿאָליציי	ווילנע													
ORG-C02948	ליפּאָווסקיס ווילנער 'פאָלקס-טעאַטער'	Theatre	1	ליפּאָווסקיס ווילנער 'פאָלקס-טעאַטער'	ווילנע													
ORG-C02949	ריגער יידישן מעוטים-טעאַטער	Theatre	8	דאָס ריגער יידישע מיעוטים-טעאַטער | ריגער יידישן מעוטים-טעאַטער	ריגע		יידישן מעוטים טעאַטער | יידישן מעוטים-טעאַטער | מעוטים-טעאָטער	לעטלאַנד	536 | 500 | 505 | 515 | 519	1.000 | 0.846 | 0.731 | 0.731 | 0.731	exact | ipa_phonetic | ipa_phonetic | ipa_phonetic | ipa_phonetic	NEW	536				Bella	2026-04-29T08:13:54Z
ORG-C02950	כאַש-טרופּע	Traveling Company	1	כאַש-טרופּע														
ORG-C02951	ווילנער שטאָט-טעאַטער	Education	4	ווילנער שטאָט-טעאַטער	ווילנע | ווין		ווילנער שטאָט-טעאַטער	עסטרייך										
ORG-C02952	טרופּע, וועלכע יצחק דייטש האָט צונויפגעשטעלט	Traveling Company	1	טרופּע, וועלכע יצחק דייטש האָט צונויפגעשטעלט	מאַריענבאַד		רעסטאָראַן ביי דאָוויד לייטנער											
ORG-C02953	יידישן 'סטעפאַני'-טעאַטער	Theatre	2	יידישן 'סטעפאַני'-טעאַטער					480	0.609	ipa_phonetic							
ORG-C02954	שטראַמערס טרופּע	Traveling Company	2	שטראַמערס טרופּע	בודאָפּעסט			טשעכיע	395 | 629 | 469 | 43 | 182	0.857 | 0.800 | 0.714 | 0.714 | 0.714	ipa_phonetic | ipa_phonetic | ipa_phonetic | ipa_phonetic | ipa_phonetic	ALIGN	395				Bella	2026-04-21T07:05:40Z
ORG-C02955	וועשעריי	Business	1	וועשעריי	קראָקע													
ORG-C02956	גרופּע „ליבהאָבער“	Traveling Company	7	גרופּע „ליבהאָבער“	בריסק | ניו-יאָרק | ראַקאָוו		מאָנהעטן לייסעאום											
ORG-C02957	דער וועקער	Journals/ Newspapers	7	דער וועקער | וועקער	בריסק | ראַקאָוו													
ORG-C02958	אַרבעטער-קאָמיסאַריאַט	Non-Jewish political bodies	2	אַרבעטער-קאָמיסאַריאַט	אומאַן													
ORG-C02959	מינכענער קונסט הויכשול	Education	1	מינכענער קונסט הויכשול	מינכען													
ORG-C02960	טעאַטער-מוזיי א'נ פֿון אסתר רחל קאמינסקי	Heritage Institution	1	טעאַטער-מוזיי א'נ פֿון אסתר רחל קאמינסקי	ווילנע													
ORG-C02961	יידישער קונסט-געזעלשאַפֿט	Theatre-related Society/ Union	1	יידישער קונסט-געזעלשאַפֿט	ווילנע				446	0.652	ipa_phonetic							
ORG-C02962	פאַרלאַג פון ווילנער געטאָ	Publisher	1	פאַרלאַג פון ווילנער געטאָ	ווילנע		ווילנער געטאָ											
ORG-C02963	ראָזענבערג-שטאַב	Non-Jewish political bodies	1	ראָזענבערג-שטאַב	ווילנע													
ORG-C02964	טעאַטער-קאָלעקטיוו	Traveling Company	1	טעאַטער-קאָלעקטיוו	ווילנע		ווילנער געטאָ											
ORG-C02965	פּ.פּ.וו. (פּלאַסטיקער פּלאַן ווילנע)	Heritage Institution	1	פּ.פּ.וו. (פּלאַסטיקער פּלאַן ווילנע)	ווילנע		ווילנער געטאָ											
ORG-C02966	ווילנער געטאָ-טעאַטער	Theatre	1	ווילנער געטאָ-טעאַטער	ווילנע		ווילנער געטאָ		624 | 622 | 628	0.680 | 0.611 | 0.611	ipa_phonetic | ipa_phonetic | ipa_phonetic							
ORG-C02967	לעמבערגער גרויסן טעאַטער	Theatre	1	לעמבערגער גרויסן טעאַטער	לעמבערג		לעמבערגער גרויסן טעאַטער		544	0.655	ipa_phonetic							
ORG-C02968	לעמבערגער אויסשטעלונגען	Heritage Institution	1	לעמבערגער אויסשטעלונגען	לעמבערג													
ORG-C02969	ליפּאָווסקין אין טעאַטער	Theatre	1	ליפּאָווסקין אין טעאַטער														
ORG-C02970	גאַסט שפּילן פֿון סאַראַ און ישראל זובאַק	Traveling Company	1	גאַסט שפּילן פֿון סאַראַ און ישראל זובאַק	זשאַלודאָק													
ORG-C02971	ביאַליסטאָקער גימנאַזיע	Education	1	ביאַליסטאָקער גימנאַזיע	ביאַליסטאָק		ביאַליסטאָקער גימנאַזיע											
ORG-C02972	"יידישן רעווי-טעאַטער „גילאָריינע"""	Theatre	1	"יידישן רעווי-טעאַטער „גילאָריינע"""														
ORG-C02973	לעמבערגער קאָנסערוואַטאָריע	Education	4	לעמבערגער קאָנסערוואַטאָריע	לעמבערג		לעמבערגער קאָנסערוואַטאָריע											
ORG-C02974	שטאָטישער אָפּערע	Theatre	2	שטאָטישער אָפּערע					532	0.643	ipa_phonetic							
ORG-C02975	זלמן זילבערצווייגס גרופּע	Traveling Company	2	זלמן זילבערצווייגס גרופּע														
ORG-C02976	לעמבערגער יידישן מלוכה-טעאַטער	Theatre	4	לעמבערגער יידישן מלוכה-טעאַטער	לעמבערג		מלוכה-טעאַטער		544 | 537 | 472 | 500 | 501	1.000 | 0.800 | 0.793 | 0.793 | 0.793	exact | ipa_phonetic | ipa_phonetic | ipa_phonetic | ipa_phonetic	NEW	544				Bella	2026-05-03T06:44:34Z
ORG-C02977	מאָריס מאָשקאָוויטש	Traveling Company	1	מאָריס מאָשקאָוויטש														
ORG-C02978	מאָריס שוואַרץ	Traveling Company	4	מאָריס שוואַרץ | מאָריס שוואַרצס טרופּע	לאָנדאָן | פּאַריז			פראַנקרייך										
ORG-C02979	קעשנעווער מלוכה פּופּן-טעאַטער	Theatre	1	קעשנעווער מלוכה פּופּן-טעאַטער	קעשנעוו		מלוכה פּופּן-טעאַטער											
ORG-C02980	שלמה קוטנערס וואַנדער-טרופּע	Traveling Company	2	שלמה קוטנערס וואַנדער-טרופּע	בריסק													
ORG-C02981	בריגאָדעס	Traveling Company	1	בריגאָדעס	מיטלאַזיע													
ORG-C02982	קאָשטשושקאָ-דיוויזיע	Military	1	קאָשטשושקאָ-דיוויזיע														
ORG-C02983	ווילנער מלוכהשע קאָנסערוואַטאָריע	Education	1	ווילנער מלוכהשע קאָנסערוואַטאָריע	ווילנע													
ORG-C02984	העבראישע גימנאַזיע	Education	3	העבראישע גימנאַזיע | העברעישע גימנאַזיע אין ווילנע	ווילנע | יפו													
ORG-C02985	ווילנער פילהאַרמאָניע	Theatre	1	ווילנער פילהאַרמאָניע	ווילנע				517 | 479 | 586	1.000 | 0.778 | 0.682	exact | ipa_phonetic | ipa_phonetic	NEW	517				Sinai	2026-04-28T04:53:30Z
ORG-C02986	סימפּאַנישן אַרקעסטער	Theatre	2	סימפּאַנישן אַרקעסטער	אומאַן | ווילנע		סימפּאָנישן אַרקעסטער											
ORG-C02987	העברעישער כאָר	Traveling Company	1	העברעישער כאָר	ווילנע													
ORG-C02988	קולטור-אָפּטיילונג	Jewish political bodies	1	קולטור-אָפּטיילונג	ווילנע													
ORG-C02989	העברעישער דראַמאַטישער סטודיע אין געטאָ	Traveling Company	1	העברעישער דראַמאַטישער סטודיע אין געטאָ	ווילנע													
ORG-C02990	ספּאָרט-קלוב 'שטערן'	Theatre	1	ספּאָרט-קלוב 'שטערן'														
ORG-C02991	באָראָכאָוו-היים	Theatre	1	באָראָכאָוו-היים		קאַרמעליקע	באָראָכאָוו-היים											
ORG-C02992	פּועלי-ציוניסטישע יידישע בינע	Theatre	1	פּועלי-ציוניסטישע יידישע בינע														
ORG-C02993	האַנדלס-אָנגעשטעלטע	Trade Union / Professional Association	1	האַנדלס-אָנגעשטעלטע														
ORG-C02994	אַרבעטער אָוונט-קורסן	Education	2	אַרבעטער אָוונט-קורסן														
ORG-C02995	אַליינהילף	Welfare/Aid organization	1	אַליינהילף														
ORG-C02996	גרופּע יונגע יידישע אַקטיאָרן	Traveling Company	1	גרופּע יונגע יידישע אַקטיאָרן	וולאָדאַווע													
ORG-C02997	טרופּע פֿון גאַסטראָלירנדיקן אַברהם אַקסעלראָד	Traveling Company	2	דער טרופּע פֿון גאַסטראָלירנדיקן אַברהם אַקסעלראָד | טרופּע פֿון גאַסטראָלירנדיקן אַברהם אַקסעלראָד	טשערנאָוויץ													
ORG-C02998	ביי אַשכנזי	Traveling Company	1	ביי אַשכנזי			רומעניע	רומעניע										
ORG-C02999	ביי עבעל	Traveling Company	1	ביי עבעל			גאַליציע											
ORG-C03000	ביי יאַקאָב	Theatre	2	ביי יאַקאָב	קראַקע | קראָקע													
ORG-C03001	א'ד פֿון ש. הערשקאָוויטש	Traveling Company	1	א'ד פֿון ש. הערשקאָוויטש	לובלין													
ORG-C03002	ביי חיים סאַנדלער	Traveling Company	1	ביי חיים סאַנדלער														
ORG-C03003	עוואָנגעלישער שול	Education	2	עוואָנגעלישער שול	בוקאַרעסט		עוואָנגעלישער שול	רומעניע										
ORG-C03004	יידישן זשיגניצאָ-טעאַטער	Theatre	4	יידישן זשיגניצאַ-טעאַטער | יידישן זשיגניצאָ-טעאַטער	בוקאַרעסט | בוקאַרעשט		"הויף פֿון יידישן זשיגניצאַ-טעאַטער | הויף פֿון יידישן זשיגניצאָ-טעאַטער | זשיגניצאַ-טעאַטער | „זשיגניצע""-טעאַטער"	רומעניע	480	0.636	ipa_phonetic							
ORG-C03005	סעגאַלעסקאָ-גאָלדענבערג	Traveling Company	2	סעגאַלעסקאָ-גאָלדענבערג														
ORG-C03006	"„פֿרייע יידישע פֿאָלקסבינע"""	Theatre	1	"„פֿרייע יידישע פֿאָלקסבינע"""	ווין		"„פֿרייע יידישע פֿאָלקסבינע"""	עסטרייך										
ORG-C03007	פּריוואָט-שול פֿון קאָן	Education	1	פּריוואָט-שול פֿון קאָן	לאָדזש			פּוילן										
ORG-C03008	מאַזאַ	Traveling Company	1	מאַזאַ				רומעניע										
ORG-C03009	וואַרשעווער סקאַלאַ-טעאַטער	Theatre	6	וואַרשעווער סקאַלאַ-טעאַטער | וואַרשעווער סקאָלאָ-טעאַטער	וואַרשע		וואַרשעווער סקאָלאָ-טעאַטער | וואַרשעווער סקאלא-טעאַטער | סקאַלאַ'טעאַטער | סקאַלאַ-טעאַטער	פּוילן	604	0.762	ipa_phonetic							
ORG-C03010	פּראָווינץ- טרופּע א'אַ פֿון רייף	Traveling Company	1	פּראָווינץ- טרופּע א'אַ פֿון רייף			פּראָווינץ											
ORG-C03011	לעמבערגער טעאַטער-סטודיע 'מאַסקע'	Traveling Company	1	לעמבערגער טעאַטער-סטודיע 'מאַסקע'	לעמבערג													
ORG-C03012	'באַלאַגאַניידן'	Theatre	1	'באַלאַגאַניידן'					497	0.692	ipa_phonetic	ALIGN	497				Sinai	2026-04-26T08:34:23Z
ORG-C03013	יידישן מלוכהשן טעאַטער	Theatre	2	יידישן מלוכהשן טעאַטער	אָדעס | לעמבערג				633 | 618 | 619 | 535 | 500	0.778 | 0.714 | 0.714 | 0.700 | 0.640	ipa_phonetic | ipa_phonetic | ipa_phonetic | ipa_phonetic | ipa_phonetic	SPLIT		Cluster name is generic 'Jewish State Theatre' and contains distinct locations (Odessa, Lemberg) representing different state-sponsored institutions.			auto_drafter	2026-05-17T17:07:26Z
ORG-C03014	סאָפיאַ מאַרקאָוונאַס גימנאַזיע	Education	1	סאָפיאַ מאַרקאָוונאַס גימנאַזיע														
ORG-C03015	יאָוועלירס טרופּע	Traveling Company	6	יאָוועלירס טרופּע	יאָסי | לעמבערג		זשיגניצאַ | שענק פֿון אָדאָלף ליפשיץ		566 | 578 | 568 | 469 | 41	1.000 | 0.833 | 0.786 | 0.714 | 0.714	exact | fuzzy | ipa_phonetic | ipa_phonetic | ipa_phonetic	NEW	566				Bella	2026-05-04T08:46:28Z
ORG-C03016	עדוואַרד מאָרגולעסעס טרופּע	Traveling Company	2	עדואָרד מאָרגוליעסעס טרופּע | עדוואַרד מאָרגולעסעס טרופּע	סטרי													
ORG-C03017	אָריענטאַליאַ	Theatre-related Society/ Union	2	אָריענטאַליאַ	בערלין			דייטשלאַנד										
ORG-C03018	לאַכטייגער	Traveling Company	1	לאַכטייגער	פאַריז			פראַנקרייך										
ORG-C03019	זאַנדבערגס טרופּע	Traveling Company	4	זאַנדבערגס טרופּע	לאָדזש			פּוילן	455 | 583 | 524 | 568 | 579	1.000 | 0.733 | 0.667 | 0.667 | 0.667	exact | ipa_phonetic | ipa_phonetic | ipa_phonetic | ipa_phonetic	ALIGN	455				Bella	2026-04-19T07:46:07Z
ORG-C03020	טרופּע בלומענטאָל-וואַקסמאַן	Traveling Company	1	טרופּע בלומענטאָל-וואַקסמאַן	לאָנדאָן													
ORG-C03021	מיט פֿישעלעוויטש	Traveling Company	1	מיט פֿישעלעוויטש	בערלין													
ORG-C03022	ריגער געטאָ	Theatre	1	ריגער געטאָ	ריגע		ריגער פאָרשטאָט — מאָסקווער פאָרשטאָט		630	0.667	ipa_phonetic							
ORG-C03023	האַנאָווער בונקער	Not an organization	1	האַנאָווער בונקער	ריגע		האַנאָווער בונקער											
ORG-C03024	נאָרבערט גלימערס טרופּע	Traveling Company	2	נאָרבערט גלימערס טרופּע	קאַלאָמעאַ | קאָלאָמעאָ				421	0.619	ipa_phonetic							
ORG-C03025	כאָר ביי האַרט	Musical organization	2	כאָר ביי האַרט	סטאַניסלאַוואָוו | סטאָניסלאָוואָוו													
ORG-C03026	חברים-טרופּע א'אַ פֿון פּאַלעפּאַדע	Traveling Company	1	חברים-טרופּע א'אַ פֿון פּאַלעפּאַדע														
ORG-C03027	טרופּע... א'ד פֿון אָביש מייזעלס	Traveling Company	1	טרופּע... א'ד פֿון אָביש מייזעלס	מאַריענבאַד													
ORG-C03028	אסתר וואַלערשטיין	Traveling Company	1	אסתר וואַלערשטיין	פּאַריז			פראנקרייך										
ORG-C03029	סעראַ אַדלערס פֿאַרשטעלונגען	Traveling Company	1	סעראַ אַדלערס פֿאַרשטעלונגען				בעלגיע										
ORG-C03030	ראָטשילדס מושב זקנים	Welfare/Aid organization	1	ראָטשילדס מושב זקנים	פּאַריז		ראָטשילדס מושב זקנים	פראנקרייך										
ORG-C03031	בלאַק קייליס	Not an organization	1	בלאַק קייליס														
ORG-C03032	בלומען	Publisher	2	בלומען	ווארשע													
ORG-C03033	דער פרייער פויגל	Journals/ Newspapers	1	דער פרייער פויגל					632	1.000	exact	NEW	632				Bella	2026-05-16T07:54:40Z
ORG-C03034	מיכאַלעסקאָ	Traveling Company	1	מיכאַלעסקאָ	וואַרשע													
ORG-C03035	ווילנער אַמאַטאָרן-אַנסאַמבלען	Traveling Company	1	ווילנער אַמאַטאָרן-אַנסאַמבלען														
ORG-C03036	מאידים	Theatre	3	מאידים	ווילנע													
ORG-C03037	דוקאַ	Theatre	1	דוקאַ														
ORG-C03038	נשרפים- סעקציע	Welfare/Aid organization	1	נשרפים- סעקציע	וואַרשע													
ORG-C03039	'פאַרזאָרגונגס-שטעלע'	Welfare/Aid organization	1	'פאַרזאָרגונגס-שטעלע'			אומשלאַגפּלאַץ											
ORG-C03040	אַרבעטער-בינע א'נ פון יעקב גאָרדין	Theatre	1	אַרבעטער-בינע א'נ פון יעקב גאָרדין														
ORG-C03041	סאַשאַ פילם	Publisher	1	סאַשאַ פילם														
ORG-C03042	אָרטיקע גימנאַזיע	Education	3	אָרטיקע גימנאַזיע	זלאַטאָפּאָל | מינסק			רוסלאַנד										
ORG-C03043	קאָוונער אוניווערזיטעט	Education	1	קאָוונער אוניווערזיטעט	קאָוונע		קאָוונער אוניווערזיטעט	ליטע	587 | 588 | 589 | 590 | 595	1.000 | 0.789 | 0.762 | 0.750 | 0.737	exact | ipa_phonetic | ipa_phonetic | ipa_phonetic | ipa_phonetic	NEW	587				Bella	2026-05-05T07:46:53Z
ORG-C03044	ציוניסטישער באַוועגונג	Jewish political bodies	6	ציוניסטישער באַוועגונג														
ORG-C03045	יידן-פֿאַרוואַלטונג	Jewish political bodies	1	יידן-פֿאַרוואַלטונג	ווילנע		ווילנער געטאָ											
ORG-C03046	קאָוונער „פֿאָלקסבלאַט“	Journals/ Newspapers	1	קאָוונער „פֿאָלקסבלאַט“	קאָוונע													
ORG-C03047	„געטאָ ידיעות“	Journals/ Newspapers	1	„געטאָ ידיעות“	ווילנע													
ORG-C03048	לאַגער אולינורמען	Not an organization	1	לאַגער אולינורמען	ביי דאָרפּאַט		לאַגער אולינורמען	עסטלאַנד										
ORG-C03049	גימפּעלן אין יידישן טעאַטער	Theatre	1	גימפּעלן אין יידישן טעאַטער	לעמבערג		גימפּעלס טעאַטער		500 | 472	0.640 | 0.600	ipa_phonetic | ipa_phonetic							
ORG-C03050	פּוילישער מלוכהשער קאָנסערוואַטאָריע	Education	1	פּוילישער מלוכהשער קאָנסערוואַטאָריע														
ORG-C03051	רעווי-טעאַטער	Theatre	1	רעווי-טעאַטער	ווילנע		ווילנער געטאָ		556 | 528 | 555 | 122 | 509	1.000 | 0.818 | 0.818 | 0.750 | 0.750	exact | ipa_phonetic | ipa_phonetic | ipa_phonetic | ipa_phonetic	NEW	556				Bella	2026-05-03T08:16:30Z
ORG-C03052	יידישן טעאַטער-אָרקעסטער	Traveling Company	1	יידישן טעאַטער-אָרקעסטער	ווילנע		ווילנער געטאָ											
ORG-C03053	לידער פֿון די געטאָס	Publisher	1	לידער פֿון די געטאָס														
ORG-C03054	טרופּע אונטער דער אָנפֿירונג פֿון בער האַרט	Traveling Company	1	טרופּע אונטער דער אָנפֿירונג פֿון בער האַרט	פּראָווינץ													
ORG-C03055	יאַקאָב	Traveling Company	2	יאַקאָב	קראָקע													
ORG-C03056	עבעל	Traveling Company	4	עבעל					545	0.667	fuzzy							
ORG-C03057	פֿראַנצאָס	Traveling Company	1	פֿראַנצאָס				טשעכאָסלאָוואַקייע										
ORG-C03058	רעקלאַם	Theatre	1	רעקלאַם	ווין		רעקלאַם											
ORG-C03059	שטרענג	Traveling Company	2	שטרענג	ווין			עסטרייך										
ORG-C03060	אַסטאָר'-טעאַטער	Theatre	2	אַסטאָר'-טעאַטער	ווין | ניו-יאָרק		אַסטאָר'-טעאַטער | אַסטאָר-טעאַטער		526 | 529 | 600 | 628 | 631	0.692 | 0.692 | 0.692 | 0.692 | 0.692	ipa_phonetic | ipa_phonetic | ipa_phonetic | ipa_phonetic | ipa_phonetic	SPLIT		Cluster contains distinct Astor Theatres in Vienna and New York; no direct match in DB.			auto_drafter	2026-05-17T17:07:26Z
ORG-C03061	אייראָפּעישן טורניי פֿון באָריס טאָמאַשעווסקי	Traveling Company	1	אייראָפּעישן טורניי פֿון באָריס טאָמאַשעווסקי				טשעכאָסלאָוואַקייע										
ORG-C03062	משה ריכטערס טעאַטער	Theatre	1	משה ריכטערס טעאַטער	ניו יאַרק		אָדעאָן		577 | 630	0.611 | 0.611	ipa_phonetic | ipa_phonetic							
ORG-C03063	באַוועגלעכן יידישן מלוכה-טעאַטער	Theatre	6	באַוועגלעכן יידישן מלוכה-טעאַטער | באַוועגלעכן יידישן מלוכה-טעאַטער אין אוקראַאינע	סלאָנים				547 | 472 | 502 | 478 | 500	1.000 | 0.793 | 0.767 | 0.759 | 0.759	exact | ipa_phonetic | ipa_phonetic | ipa_phonetic | ipa_phonetic	NEW	547				Bella	2026-05-03T07:38:35Z
ORG-C03064	בערלינער זאָל	Theatre	2	בערלינער זאָל	לאָדזש		בערלינער זאָל	פּוילן										
ORG-C03065	וואַנדערטרופּע איבער רוסלאַנד	Traveling Company	1	וואַנדערטרופּע איבער רוסלאַנד			רוסלאַנד	רוסלאַנד										
ORG-C03066	פלייש-רעזאָרט	Jewish political bodies	1	פלייש-רעזאָרט	לאָדזש		לאָדזשער געטאָ											
ORG-C03067	בעקעריי	Labour (factory/workshop)	1	בעקעריי	לאָדזש		לאָדזשער געטאָ											
ORG-C03068	פישזאָנס „מוסטער טעאַטער“	Theatre	1	פישזאָנס „מוסטער טעאַטער“														
ORG-C03069	טרופּע קאָמפּאַניעעץ-פישזאָן	Traveling Company	2	טרופּע קאָמפּאַניעעץ-פישזאָן	כאַרקאָוו													
ORG-C03070	לאָדזשער חברים-טרופּע	Traveling Company	2	לאָדזשער חברים-טרופּע	לאָדזש | לאָדזשער		לאָדזשער											
ORG-C03071	אַקטיאָרן-קיך	Welfare/Aid organization	1	אַקטיאָרן-קיך	וואַרשע	לעשנא 2	לאָקאַל פונם געוועזענעם יידישן אַרטיסטן-פאַריין		496	0.643	ipa_phonetic							
ORG-C03072	גאָלדבערגס פּריוואַט שול	Education	1	גאָלדבערגס פּריוואַט שול					455	0.625	ipa_phonetic							
ORG-C03073	יאַראָטשינסקיס שול	Education	4	יאַראָטשינסקיס שול	לאָדזש		יאַראָנטשינסקיס שול											
ORG-C03074	פֿאַרשיידענע פּעריאָדישע אויסגאָבן	Journals/ Newspapers	1	פֿאַרשיידענע פּעריאָדישע אויסגאָבן														
ORG-C03075	קיך פֿון די לינקע פּועלי ציון אין דער לאדזשער געטאָ	Welfare/Aid organization	1	קיך פֿון די לינקע פּועלי ציון אין דער לאדזשער געטאָ	לאָדזש		קיך פֿון די לינקע פּועלי ציון	פּוילן										
ORG-C03076	פּאָליצייאישע רעווי	Traveling Company	1	פּאָליצייאישע רעווי	לאָדזש			פּוילן										
ORG-C03077	לעמבערגער פאָלקס-שול	Education	1	לעמבערגער פאָלקס-שול	לעמבערג													
ORG-C03078	אומלעגאַלן סטודענטן-פאַריין	OTHER - elaborate!	1	אומלעגאַלן סטודענטן-פאַריין														
ORG-C03079	לעמבערגער יונג-יידישע ליטעראַרישער גרופּע	Theatre-related Society/ Union	1	לעמבערגער יונג-יידישע ליטעראַרישער גרופּע	לעמבערג													
ORG-C03080	דער אידישער אַרבייטער	Journals/ Newspapers	2	דער אידישער אַרבייטער	לעמבערג				614 | 635	0.600 | 0.600	ipa_phonetic | ipa_phonetic							
ORG-C03081	פרימאָרגן	Journals/ Newspapers	2	פרימאָרגן	ריגע													
ORG-C03082	נאָש פּזשעגלאָנד	Journals/ Newspapers	1	נאָש פּזשעגלאָנד	וואַרשע													
ORG-C03083	יידישן טעאַטער [לעמבערג]	Theatre	1	יידישן טעאַטער [לעמבערג]	לעמבערג													
ORG-C03084	ווידערשטאַנד-אַרגאַניזאַציע	Military	1	ווידערשטאַנד-אַרגאַניזאַציע	ריגער געטאָ													
ORG-C03085	געטאָ-שול	Education	1	געטאָ-שול	ריגער געטאָ													
ORG-C03086	פּעטערבורגער טעאַטער-שול	Education	1	פּעטערבורגער טעאַטער-שול	פּעטערבורג		פּעטערבורגער טעאַטער-שול											
ORG-C03087	שירווינטס אַפּטייק	Business	1	שירווינטס אַפּטייק	ווילנע	דייטשישער גאַס	שירווינטס אַפּטייק											
ORG-C03088	ווילנער יידישער קונסטגעזעלשאַפט	Theatre-related Society/ Union	1	ווילנער יידישער קונסטגעזעלשאַפט	ווילנע				446	0.621	ipa_phonetic							
ORG-C03089	יידישן מוזיקאַלישן אינסטיטוט	Education	2	יידישן מוזיקאַלישן אינסטיטוט	ווילנע		יידישן מוזיקאַלישן אינסטיטוט											
ORG-C03090	טעאַטער-קרייזל	Traveling Company	1	טעאַטער-קרייזל	קרושנעוויץ			פּוילן										
ORG-C03091	קרושע און ענדע	Publisher	1	קרושע און ענדע														
ORG-C03092	עונג שבת	Heritage Institution	2	עונג שבת	וואַרשע													
ORG-C03093	קאַמעראַלני	Theatre	1	קאַמעראַלני	וואַרשע		וואַרשעווער געטאָ											
ORG-C03094	העברעישע טעאַטער-סטודיע	Education	2	העברעישע טעאַטער-סטודיע	וואַרשע	קרולעווסקע גאָס	וואַרשעווער געטאָ | מרכז הצעירים											
ORG-C03095	מיניאַטור-טרופּע פון קוסטין-בורשטיין-יעדוואָב	Traveling Company	1	מיניאַטור-טרופּע פון קוסטין-בורשטיין-יעדוואָב	לאָדזש													
ORG-C03096	באַר פון איזאַק גערטנער	Theatre	1	באַר פון איזאַק גערטנער	וואַרשע													
ORG-C03097	מאַריאָנעטן-טעאַטער 'מיידים'	Theatre	4	מאַריאָנעטן-טעאַטער 'מיידים'	ווילנע | לאָדזש			פּויליש-ליטע										
ORG-C03098	יידישן וואַריעטע	Theatre	2	יידישן וואַריעטע	לעמבערג		יידישן וואַריעטע											
ORG-C03099	וואָריעטע-טעאַטער	Theatre	4	וואַריעטע-טעאַטער | וואָריעטע-טעאַטערס | וואָריעטע-טעאַטער	טשעכאָסלאָוואַקיישע שטעט און שטעטלעך | ניו יאָרק		אָמעריקע | וואַריעטע-טעאַטער | וואָריעטע-טעאַטער	אָמעריקע | טשעכאָסלאָוואַקיי	529 | 616 | 124 | 176 | 252	0.714 | 0.714 | 0.643 | 0.643 | 0.643	ipa_phonetic | ipa_phonetic | ipa_phonetic | ipa_phonetic | ipa_phonetic							
ORG-C03100	גאַסטשפּילן פֿון מאַלי פיקאָן	Traveling Company	1	גאַסטשפּילן פֿון מאַלי פיקאָן	ווין													
ORG-C03101	מזרח און מערב	Media (Radio/ Film/TV)	1	מזרח און מערב														
ORG-C03102	דראַמאַטישע שול פֿון דיר. ווילאַנד	Education	2	דראַמאַטישע שול פֿון דיר. ווילאַנד														
ORG-C03103	יודיש קינצלער קאַבאַרעט	Theatre	2	יודיש קינצלער קאַבאַרעט	ווין	פּראַטער שטר. 60	יודיש קינצלער קאָבאַרעט											
ORG-C03104	טעאַטער צו גימפּעל	Theatre	2	טעאַטער צו גימפּעל	לעמבערג		טעאַטער צו גימפּעלן											
ORG-C03105	מיט דוד וועטשטיין	Traveling Company	1	מיט דוד וועטשטיין														
ORG-C03106	ווילנער לערער-סעמינאָר	Education	2	ווילנער לערער-סעמינאָר	ווילנע													
ORG-C03107	מעדעם-סאַנאַטאָריע	Education	1	מעדעם-סאַנאַטאָריע														
ORG-C03108	כמורנער-שול	Education	1	כמורנער-שול	וואַרשע													
ORG-C03109	געטאָ-אַדמיניסטראַציע	Jewish political bodies	1	געטאָ-אַדמיניסטראַציע	ווילנע		ווילנער געטאָ											
ORG-C03110	יוגנט-קלוב	Education	2	יוגנט-קלוב	ווילנע		ווילנער געטאָ											
ORG-C03111	'מיידים'	Theatre	2	'מיידים'	ווילנע		טעאַטער „מיידים“	פּויליש-ליטע										
ORG-C03112	דזשיגאָן-שומאַכער	Traveling Company	1	דזשיגאָן-שומאַכער	ווילנע													
ORG-C03113	קייליס	Not an organization	1	קייליס	ווילנע													
ORG-C03114	שטוטהאָף	Not an organization	1	שטוטהאָף														
ORG-C03115	פֿאַמיליע נאַטאַן	Traveling Company	1	פֿאַמיליע נאַטאַן			עסטרייך	עסטרייך										
ORG-C03116	קאָאָפּעראַטיוון יידישן טעאַטער	Theatre	1	קאָאָפּעראַטיוון יידישן טעאַטער	סאַמאַרקאַנד				575 | 472 | 500	0.680 | 0.640 | 0.640	ipa_phonetic | ipa_phonetic | ipa_phonetic							
ORG-C03117	בעלצער ישיבה	Education	3	בעלצער ישיבה	בעלץ		בעלצער ישיבה											
ORG-C03118	טרופּע פֿון סטאַנאָווסקי	Traveling Company	1	טרופּע פֿון סטאַנאָווסקי	בעלץ				596	0.632	ipa_phonetic							
ORG-C03119	חיים מאיר סעגאָלעסקאָס טרופּע	Traveling Company	3	חיים מאיר סעגאָלעסקאָס טרופּע | טרופּע פֿון חיים מאיר סעגאָלעסקאָ	קעשענעוו													
ORG-C03120	טרופּע פֿון זאָלאָטניצקי	Traveling Company	1	טרופּע פֿון זאָלאָטניצקי					283 | 542	0.619 | 0.619	ipa_phonetic | ipa_phonetic							
ORG-C03121	טרופּע פֿון קאַנאַפּאָוו	Traveling Company	1	טרופּע פֿון קאַנאַפּאָוו					531 | 578 | 626 | 563 | 483	0.684 | 0.647 | 0.647 | 0.619 | 0.611	ipa_phonetic | ipa_phonetic | ipa_phonetic | ipa_phonetic | ipa_phonetic							
ORG-C03122	מאַלי פיקאָן-יעקב קאַלייך	Traveling Company	1	מאַלי פיקאָן-יעקב קאַלייך														
ORG-C03123	פּאַטאָצקאַ	Traveling Company	4	טרופּע פֿון פּאָטאָצקאַ | פּאַטאָצקאַ														
ORG-C03124	ביי אַברהם פישזאָן	Traveling Company	1	ביי אַברהם פישזאָן														
ORG-C03125	העברעישן טעאַטער 'הבימה'	Theatre	1	העברעישן טעאַטער 'הבימה'	מאָסקווע													
ORG-C03126	פּאָלאַס	Theatre	1	פּאָלאַס	ביאַליסטאָק		פּאָלאַס											
ORG-C03127	בערנאַרד האַרטס טרופּע	Traveling Company	1	בערנאַרד האַרטס טרופּע					198	0.789	ipa_phonetic							
ORG-C03128	סאָוויעטישן יידישן מלוכה-טעאַטער	Theatre	1	סאָוויעטישן יידישן מלוכה-טעאַטער	לעמבערג				550 | 605 | 567 | 510 | 592	1.000 | 0.800 | 0.793 | 0.774 | 0.774	exact | fuzzy | ipa_phonetic | ipa_phonetic | ipa_phonetic	ALIGN	550				Bella	2026-05-15T09:12:29Z
ORG-C03129	ערשטע יידישע געזעלשאַפט צו פֿאַרשפּרייטן קונסט	Trade Union / Professional Association	1	ערשטע יידישע געזעלשאַפט צו פֿאַרשפּרייטן קונסט	לעמבערג													
ORG-C03130	יידישן ליטעראַרישן קרייז	Theatre-related Society/ Union	1	יידישן ליטעראַרישן קרייז	לעמבערג													
ORG-C03131	די מאַסקע	Theatre education	1	די מאַסקע	לעמבערג													
ORG-C03132	סעמאַפאָר	Theatre	1	סעמאַפאָר	לעמבערג													
ORG-C03133	שטשוטעק	Journals/ Newspapers	1	שטשוטעק	לעמבערג													
ORG-C03134	קורסקער פרויען-גימנאַזיע	Education	1	קורסקער פרויען-גימנאַזיע	קורסק		קורסקער פרויען-גימנאַזיע	רוסלאַנד										
ORG-C03135	אָרטיקער אוניווערזיטעט	Education	1	אָרטיקער אוניווערזיטעט	קיעוו		אָרטיקער אוניווערזיטעט		561 | 585 | 588 | 487 | 589	0.762 | 0.762 | 0.750 | 0.727 | 0.714	ipa_phonetic | ipa_phonetic | ipa_phonetic | ipa_phonetic | ipa_phonetic	NEW	595				Bella	2026-05-10T09:36:03Z
ORG-C03136	אָרטיקן רוסישן דראַמאַטישן טעאַטער	Theatre	1	אָרטיקן רוסישן דראַמאַטישן טעאַטער	ריגע		אָרטיקן רוסישן דראַמאַטישן טעאַטער		576	0.676	ipa_phonetic							
ORG-C03137	יידישער דראַמאַטישער שול ביי דער ווילנער טעאַטער-געזעלשאַפֿט	Education	1	יידישער דראַמאַטישער שול ביי דער ווילנער טעאַטער-געזעלשאַפֿט	ווילנע		ווילנער טעאַטער-געזעלשאַפֿט											
ORG-C03138	ווילנער העברעישער דראַמאַטישער סטודיאָ	Education	1	ווילנער העברעישער דראַמאַטישער סטודיאָ	ווילנע													
ORG-C03139	מלוכהשן אינסטיטוט פֿאַר טעאַטער-קונסט	Education	1	מלוכהשן אינסטיטוט פֿאַר טעאַטער-קונסט	וואַרשע			פּוילן										
ORG-C03140	פּוילישן שטאָטישן טעאַטער אין ווילנע	Theatre	1	פּוילישן שטאָטישן טעאַטער אין ווילנע	ווילנע													
ORG-C03141	וואַרשעווער 'יוגנט-טעאַטער'	Theatre	1	וואַרשעווער 'יוגנט-טעאַטער'	וואַרשע													
ORG-C03142	צייכן-שול	Education	1	צייכן-שול														
ORG-C03143	יידישן ליטעראַטן-פאַריין	Theatre-related Society/ Union	2	יידישן ליטעראַטן-פאַריין	וואַרשע	טלאָמאַצקע 13	טלאָמאַצקע 13											
ORG-C03144	אידישער זשורנאַליסט	Journals/ Newspapers	1	אידישער זשורנאַליסט					614	0.812	fuzzy							
ORG-C03145	יונג יידיש	Traveling Company	5	יונג יידיש	לאָדז | לאָדזש													
ORG-C03146	חד גדיאַ	Theatre	2	חד גדיאַ	לאָדזש													
ORG-C03147	לאָדזשער יידישער טעאַטער-סטודיע ביים 'הזמיר'	Theatre education	1	לאָדזשער יידישער טעאַטער-סטודיע ביים 'הזמיר'	לאָדזש		הזמיר											
ORG-C03148	פאָרמאַט	Journals/ Newspapers	1	פאָרמאַט	לאָדזש													
ORG-C03149	קונסט-סאַלאָן פון קאַטערבאַ	Theatre	1	קונסט-סאַלאָן פון קאַטערבאַ	וואַרשע	קרעדיטאָווע	קונסט-סאַלאָן פון קאַטערבאַ											
ORG-C03150	יידישן היסטאָרישן אינסטיטוט	Heritage Institution	1	יידישן היסטאָרישן אינסטיטוט	וואַרשע													
ORG-C03151	שוואַרצבאַרד-וויינבערג	Traveling Company	2	שוואַרצבאַרד-וויינבערג														
ORG-C03152	קרויזעס טרופּע	Traveling Company	3	קרויזעס טרופּע	ניקאָלאַיעוו		טערקיי	טערקיי	521 | 421 | 568 | 43 | 305	0.714 | 0.667 | 0.643 | 0.643 | 0.615	ipa_phonetic | ipa_phonetic | ipa_phonetic | ipa_phonetic | ipa_phonetic							
ORG-C03153	דוד הערמאָן-סטודיאָ	Theatre	2	דוד הערמאָן-סטודיאָ														
ORG-C03154	געזאַנג-פינפטל	Traveling Company	1	געזאַנג-פינפטל	וואַרשע	רימאַרסקע גאַס	מעלאָדי-פּאַלאַס											
ORG-C03155	8 קלאַסיקע קרייז-שול	Education	2	8 קלאַסיקע קרייז-שול	לעמבערג | לעמערג													
ORG-C03156	אַדאָלף מעלצער	Traveling Company	4	אַדאָלף מעלצער | אַדאָלף מעלצערס טרופּע | אָדאָלף מעלצעראַס טרופּע	יאָסי | פּשעמישל		גאַליציע											
ORG-C03157	צוקערבער	Traveling Company	1	צוקערבער	קראָקע													
ORG-C03158	קלוג	Traveling Company	2	קלוג	פּראָג													
ORG-C03159	צאָלמאַן	Traveling Company	1	צאָלמאַן	קראָקע				503	1.000	exact	NEW	503					
ORG-C03160	שילינג	Traveling Company	1	שילינג														
ORG-C03161	קונסט-סאַלאָן פון גאַרלינסקי	Heritage Institution	1	קונסט-סאַלאָן פון גאַרלינסקי	וואַרשע	מאַזאָׁוויעצקאַ גאַס	קונסט-סאַלאָן פון גאַרלינסקי	פּוילן										
ORG-C03162	פאַרבאַנד פון יידישע פלאַסטיקער	Theatre-related Society/ Union	1	פאַרבאַנד פון יידישע פלאַסטיקער	וואַרשע			פּוילן										
ORG-C03163	וואַרשעווער יודענראַט	Judenrat	1	וואַרשעווער יודענראַט	וואַרשע		זיצונגס-זאַל											
ORG-C03164	יידישן קולטור-ראַט	Theatre-related Society/ Union	1	יידישן קולטור-ראַט	וואַרשע		וואַרשעווער געטאָ											
ORG-C03165	קינסטלער קאָאָפּעראַטיוו	Labour (factory/workshop)	2	קינסטלער קאָאָפּעראַטיוו	וואַרשע | וואַרשעווער געטאָ	מילנע 9 | מילנע א9												
ORG-C03166	"ס""ס פּאַרטיי"	Jewish political bodies	3	"ס""ס פּאַרטיי"	בודאָפּעסט													
ORG-C03167	"פֿאַרלאַג ""צענטראַל"""	Publisher	1	"פֿאַרלאַג ""צענטראַל"""														
ORG-C03168	יידישער נאַציאָנאַלער בינע	Theatre	2	יידישער נאַציאָנאַלער בינע	וואַרשע													
ORG-C03169	טעאַטער פאַר יוגנט	Theatre	1	טעאַטער פאַר יוגנט					398	0.625	ipa_phonetic							
ORG-C03170	"„פּיאַט""-טעאַטער"	Theatre	4	"„פּיאַט""-טעאַטער"	פּאַריז | פאַריז			פֿראַנקרייך	553 | 600 | 123 | 124 | 176	0.692 | 0.692 | 0.615 | 0.615 | 0.615	ipa_phonetic | ipa_phonetic | ipa_phonetic | ipa_phonetic | ipa_phonetic							
ORG-C03171	טעאַטער „פּיאַט“	Theatre	6	טעאַטער „פּיאַט“	פּאַריז | פאַריז		"טעאַטער „פּיאַט“ | טעאַטער „פּיאָט"""	פראַנקרייך	491 | 612 | 580	0.625 | 0.611 | 0.600	ipa_phonetic | ipa_phonetic | ipa_phonetic							
ORG-C03172	דוד הערמאַנס טעאַטער-סטודיע	Education	2	דוד הערמאַנס טעאַטער-סטודיע														
ORG-C03173	וואַרשעווער „נאָוואָשטשי'-טעאַטער	Theatre	3	וואַרשעווער „נאָוואָשטשי'-טעאַטער	וואַרשע		"וואַרשעווער „נאַוואַשטשי""-טעאַטער | וואַרשעווער „נאָוואָשטשי'-טעאַטער | „נאָוואָשטשי'-טעאַטער"	פּוילן										
ORG-C03174	יעוורעיסקאָיע נאַטשאַלנאָיע אוטשילישטשע	Education	1	יעוורעיסקאָיע נאַטשאַלנאָיע אוטשילישטשע														
ORG-C03175	דוקשטער פֿאָלקס-שול	Education	1	דוקשטער פֿאָלקס-שול														
ORG-C03176	ווילנער יידישן לערער-סעמינאַר	Education	1	ווילנער יידישן לערער-סעמינאַר														
ORG-C03177	יישאַ	Education	1	יישאַ	שעדלעץ													
ORG-C03178	ווילנער יידישער סקויטןאָרגאַניזאַציע 'די בין'	Education	1	ווילנער יידישער סקויטןאָרגאַניזאַציע 'די בין'	ווילנע													
ORG-C03179	מעדעם סאַניטאַריום	Education	1	מעדעם סאַניטאַריום	מיעדזשעשין			פּוילן										
ORG-C03180	פֿרייער פּוילישער הויך-שול אין וואַרשע	Education	1	פֿרייער פּוילישער הויך-שול אין וואַרשע	וואַרשע													
ORG-C03181	יידנראָט	Judenrat	3	יידנראָט	ווילנע | סווענציאַן		ווילנער געטאָ											
ORG-C03182	אַרבעטערפאַריינען	Trade Union / Professional Association	1	אַרבעטערפאַריינען														
ORG-C03183	וואַרשעווער יידישער דראַמאַטישער שול פון מיכאל ווייכערט	Education	1	וואַרשעווער יידישער דראַמאַטישער שול פון מיכאל ווייכערט	וואַרשע		וואַרשעווער יידישער דראַמאַטישער שול	פּוילן										
ORG-C03184	באַוועגלעכן טעאַטער	Theatre	1	באַוועגלעכן טעאַטער					252 | 426	0.625 | 0.625	ipa_phonetic | ipa_phonetic							
ORG-C03185	פרייע יידישע אַרבעטער-בינע	Theatre	2	פרייע יידישע אַרבעטער-בינע	פאַריז			פראַנקרייך										
ORG-C03186	טרופּע פֿון בלייכמאַן	Traveling Company	2	טרופּע פֿון בלייכמאַן	באַזעל			שווייץ	596 | 486 | 531 | 483 | 523	0.722 | 0.667 | 0.632 | 0.611 | 0.611	ipa_phonetic | ipa_phonetic | ipa_phonetic | ipa_phonetic | ipa_phonetic							
ORG-C03187	וואַרשעווער עקספרעס	Journals/ Newspapers	3	וואַרשעווער עקספרעס	וואַרשע			פּוילן										
ORG-C03188	רעזשיסערן-שול אין דייטשלאַנד	Education	1	רעזשיסערן-שול אין דייטשלאַנד			דייטשלאַנד	דייטשלאַנד										
ORG-C03189	קליינקונסטבינע פֿון דער בערלינער קולטוסגעמיינדע	Theatre	1	קליינקונסטבינע פֿון דער בערלינער קולטוסגעמיינדע	בערלין			דייטשלאַנד										
ORG-C03190	יידישער קולטור-בונד	Theatre-related Society/ Union	2	יידישער קולטור-בונד	בערלין			דייטשלאַנד										
ORG-C03191	יידישער קינסטלערישער טעאַטער אין ווילנע	Theatre	3	יידיש קינסטלעריש טעאַטער | יידישע קינסטלערישע טעאַטער | יידישער קינסטלערישער טעאַטער אין ווילנע	אָדעס | בערלין | ווילנע	קאָמענדאַנטען-שטראָסע												
ORG-C03192	טעאַטער-טרופּע קדיש-כאש	Traveling Company	1	טעאַטער-טרופּע קדיש-כאש	ריגע													
ORG-C03193	יעקב שטערנבערגס ספעקטאַקלען	Traveling Company	1	יעקב שטערנבערגס ספעקטאַקלען														
ORG-C03194	סידי טאַלס אַנסאַמבל	Traveling Company	1	סידי טאַלס אַנסאַמבל														
ORG-C03195	קעשענעווער ראַדיאָ	Journals/ Newspapers	1	קעשענעווער ראַדיאָ	קעשענעוו													
ORG-C03196	איזראַליטיש-דייטשער פֿאָלקס-שול	Education	1	איזראַליטיש-דייטשער פֿאָלקס-שול														
ORG-C03197	טשערנאָוויצער רעאַל-שול	Education	1	טשערנאָוויצער רעאַל-שול	טשערנאָוויץ		טשערנאָוויצער רעאַל-שול											
ORG-C03198	"אומאָפּהענגיקן דראַמקרייז ""יונג יידיש"""	Theatre	1	"אומאָפּהענגיקן דראַמקרייז ""יונג יידיש"""	יאָס		זאָל „קולטוראַ“											
ORG-C03199	אַווענטול	Journals/ Newspapers	1	אַווענטול														
ORG-C03200	טשערנאָוויצער יידישן מלוכה טעאַטער	Theatre	2	טשערנאָוויצער יידישן מלוכה טעאַטער | טשערנאוויצער יידישן מלוכה- טעאַטער	טשערנאָוויץ | טשערנאוויץ		טשערנאָוויצער יידישן מלוכה טעאַטער		569 | 597 | 535 | 472 | 478	1.000 | 0.879 | 0.781 | 0.719 | 0.719	exact | ipa_phonetic | ipa_phonetic | ipa_phonetic | ipa_phonetic	NEW	569				Bella	2026-05-04T09:06:54Z
ORG-C03201	ראמיילעס ישיבה	Education	4	ראַמיילס ישיבה | ראמיילעס ישיבה	ווילנע		ראמייליס ישיבה | ראמיילעס ישיבה											
ORG-C03202	'אַרבעטער פֿריינטקלוב'	Theatre	1	'אַרבעטער פֿריינטקלוב'	לאָנדאָן													
ORG-C03203	קעמפּ דראַנסי	Not an organization	1	קעמפּ דראַנסי	דראַנסי			פֿראַנקרייך										
ORG-C03204	דראַמ'-קרייז ביי דער גאָסטינינער ביבליאָטעק	Traveling Company	1	דראַמ'-קרייז ביי דער גאָסטינינער ביבליאָטעק	גאָסטינין		גאָסטינינער ביבליאָטעק	פּוילן										
ORG-C03205	אסתר (רחל) קאַמינסקאַס דראַמאַטישן טעאַטער	Theatre	1	אסתר (רחל) קאַמינסקאַס דראַמאַטישן טעאַטער	וואַרשע			פּוילן										
ORG-C03206	אומאָפּהענגיקע סאַציאַליסטישע פאַרטיי	Non-Jewish political bodies	1	אומאָפּהענגיקע סאַציאַליסטישע פאַרטיי														
ORG-C03207	באָברויסקער סאָוויעטישן מלוכה-טעאַטער	Theatre	1	באָברויסקער סאָוויעטישן מלוכה-טעאַטער	באָברויסק				472 | 478 | 500 | 501 | 505	0.667 | 0.667 | 0.667 | 0.667 | 0.667	ipa_phonetic | ipa_phonetic | ipa_phonetic | ipa_phonetic | ipa_phonetic							
ORG-C03208	פּוילישעס טעאַטער	Theatre	4	פּוילישעס טעאַטער	לאָדזש | לאדזש		פּוילישעס טעאַטער		608 | 123 | 263 | 622 | 630	0.650 | 0.600 | 0.600 | 0.600 | 0.600	ipa_phonetic | ipa_phonetic | ipa_phonetic | ipa_phonetic | ipa_phonetic							
ORG-C03209	אָפּערעטן-טרופּע קאַניעווסקאַ-ברייטמאַן	Traveling Company	1	אָפּערעטן-טרופּע קאַניעווסקאַ-ברייטמאַן														
ORG-C03210	שאַפּ פֿון אַקטיאָר חיים סאַנדלער	Labour (factory/workshop)	1	שאַפּ פֿון אַקטיאָר חיים סאַנדלער	וואַרשעווער געטאָ													
ORG-C03211	קליינע טרופּע פון דילעטאַנטן	Traveling Company	1	קליינע טרופּע פון דילעטאַנטן	וואַרשע			פּוילן										
ORG-C03212	גאָלדפלוס	Traveling Company	1	גאָלדפלוס	ווין													
ORG-C03213	מאַריענבאַדער יידישן וועראַנדע-טעאַטער	Theatre	1	מאַריענבאַדער יידישן וועראַנדע-טעאַטער	מאַריענבאַד		האָטעל לייטנער		565 | 571 | 624 | 478 | 501	0.636 | 0.636 | 0.636 | 0.606 | 0.606	ipa_phonetic | ipa_phonetic | ipa_phonetic | ipa_phonetic | ipa_phonetic							
ORG-C03214	נייטאַן בלומענטאָל	Traveling Company	1	נייטאַן בלומענטאָל	לאָנדאָן													
ORG-C03215	באָריס בוקאַנץ	Traveling Company	1	באָריס בוקאַנץ	קאָוונע													
ORG-C03216	גימנאַזיע פֿון זאָפּיאַ קאַלעצקאַ	Education	1	גימנאַזיע פֿון זאָפּיאַ קאַלעצקאַ	וואַרשע		גימנאַזיע	פּוילן										
ORG-C03217	קאַמעראַל-טעאַטער	Theatre	1	קאַמעראַל-טעאַטער	וואַרשע		קאַמעראַל-טעאַטער		296 | 529 | 151 | 509 | 514	0.857 | 0.714 | 0.667 | 0.643 | 0.643	ipa_phonetic | ipa_phonetic | ipa_phonetic | ipa_phonetic | ipa_phonetic	NEW	638				Sinai	2026-05-18T04:56:30Z
ORG-C03218	ארטייקער גרויסער כאָר-שול	Education	1	ארטייקער גרויסער כאָר-שול	ריגע		ארטייקער גרויסער כאָר-שול	לעטלאַנד										
ORG-C03219	כאָר פֿון יידישן טעאַטער	Theatre	3	כאָר פֿון יידישן טעאַטער	לאָנדאָן		יידישן טעאַטער		575 | 472 | 500 | 609 | 478	0.773 | 0.714 | 0.714 | 0.619 | 0.607	ipa_phonetic | ipa_phonetic | ipa_phonetic | ipa_phonetic | ipa_phonetic							
ORG-C03220	יוגנט-טעאַטער	Theatre	1	יוגנט-טעאַטער					560 | 123 | 124 | 489 | 526	0.750 | 0.667 | 0.667 | 0.667 | 0.667	ipa_phonetic | ipa_phonetic | ipa_phonetic | ipa_phonetic | ipa_phonetic							
ORG-C03221	דראַמאַטישן טעאַטער פֿון ל. סאָקאָלאָוו	Theatre	1	דראַמאַטישן טעאַטער פֿון ל. סאָקאָלאָוו														
ORG-C03222	נייער יידישער מלוכה-טעאַטער	Theatre	1	נייער יידישער מלוכה-טעאַטער	ריגע			לעטלאַנד	472 | 500 | 505 | 515 | 501	0.808 | 0.808 | 0.808 | 0.808 | 0.778	ipa_phonetic | ipa_phonetic | ipa_phonetic | ipa_phonetic | ipa_phonetic	ALIGN	536	"בהמשך הופך ל""ריגער יידישן מעוטים-טעאַטער"""			Bella	2026-05-04T10:03:54Z
ORG-C03223	גורדוניה	Jewish political bodies	1	גורדוניה	ריגע													
ORG-C03224	מיט קאַמינסקי און טורקאָוו	Traveling Company	1	מיט קאַמינסקי און טורקאָוו														
ORG-C03225	ווילנער דראַמע	Theatre	2	ווילנער דראַמע	ווילנע													
ORG-C03226	קהלשער תלמוד תירה	Education	1	קהלשער תלמוד תירה														
ORG-C03227	טשערנאָבילער ביתהמדרש	Theatre	1	טשערנאָבילער ביתהמדרש														
ORG-C03228	כאָרשול אין זשיטאָמיר	Education	1	כאָרשול אין זשיטאָמיר	זשיטאָמיר		כאָרשול											
ORG-C03229	וואַרשעווער רעגירונגס-אָפּערע	Theatre	2	וואַרשעווער רעגירונגס-אָפּערע	וואַרשע | וואַרשעווער		וואַרשעווער רעגירונגס-אָפּערע | רעגירונגס-אָפּערע											
ORG-C03230	הצופה	Journals/ Newspapers	5	הצופה					271	0.833	ipa_phonetic							
ORG-C03231	א. גיטלין	Publisher	6	א. גיטלין	וואַרשע | וואָרשע		א. גיטלין		49	1.000	exact	ALIGN	49				Sinai	2026-04-05T17:40:49Z
ORG-C03232	פֿאַרלאַג ש. צוקער	Publisher	1	פֿאַרלאַג ש. צוקער	וואָרשע													
ORG-C03233	וואַרשעווער סינאַגאָגע-כאָר	Theatre	1	וואַרשעווער סינאַגאָגע-כאָר														
ORG-C03234	ניו יאָרקער 'פאַרווערטס'	Journals/ Newspapers	2	ניו יאָרקער 'פאַרווערטס'	ניו-יארק													
ORG-C03235	יונג ווילנע	Traveling Company	2	יונג ווילנע	ווילנע		ווילנער געטאָ											
ORG-C03236	טרופּע א'אַ פֿון פֿראַנצאָס	Traveling Company	1	טרופּע א'אַ פֿון פֿראַנצאָס			טשעכאָסלאָוואַקייע	טשעכאָסלאָוואַקייע										
ORG-C03237	די גערמאַנס	Traveling Company	1	די גערמאַנס														
ORG-C03238	ווינער אוניווערזיטעט	Education	3	ווינער אוניווערזיטעט	ווילנע | ווין		ווילנער אוניווערזיטעט	עסטרייך | פּויליש-ליטע	588 | 587 | 595 | 561 | 590	1.000 | 0.789 | 0.778 | 0.762 | 0.700	exact | ipa_phonetic | ipa_phonetic | ipa_phonetic | ipa_phonetic	NEW	588				Bella	2026-05-05T07:47:54Z
ORG-C03239	כאָר יוראַנדאַ	Musical organization	1	כאָר יוראַנדאַ	ווילנע													
ORG-C03240	פיקאָלאָ	Traveling Company	1	פיקאָלאָ	ווילנע													
ORG-C03241	איציקל גאָלדענבערג, אַשכנזי, קענער און זיגלער	Traveling Company	1	איציקל גאָלדענבערג, אַשכנזי, קענער און זיגלער														
ORG-C03242	יידישע טרופּע פֿון קאַמינסקי	Traveling Company	1	יידישע טרופּע פֿון קאַמינסקי	אָדעם													
ORG-C03243	טשערנאָוויצער יידישן טעאַטער	Theatre	1	טשערנאָוויצער יידישן טעאַטער	טשערנאָוויץ		טשערנאָוויצער יידישן טעאַטער		569 | 597 | 472 | 500 | 575	0.781 | 0.727 | 0.692 | 0.692 | 0.692	ipa_phonetic | ipa_phonetic | ipa_phonetic | ipa_phonetic | ipa_phonetic							
ORG-C03244	סטאַניסלאַוואָווער „גאָלדפֿאַדען-פאַריין“	Theatre	1	סטאַניסלאַוואָווער „גאָלדפֿאַדען-פאַריין“	סטאַניסלאַוואָוו													
ORG-C03245	יידישער קונסטגעזעלשאַפט	Theatre-related Society/ Union	1	יידישער קונסטגעזעלשאַפט	ווילנע				446	0.682	ipa_phonetic							
ORG-C03246	טעאַטער-געזעלשאַפט	Theatre-related Society/ Union	3	טעאַטער-געזעלשאַפֿט אין ווילנע | טעאַטער-געזעלשאַפט	ווילנע													
ORG-C03247	פּאַטראָנאָט פון דער יידישער דראַמאַטישער שול	Education	1	פּאַטראָנאָט פון דער יידישער דראַמאַטישער שול	ווילנע													
ORG-C03248	יידישער רעאַלגימנאַזיע	Education	1	יידישער רעאַלגימנאַזיע	ווילנע		זאַל פֿון דער באַרימטער יידישער רעאַלגימנאַזיע											
ORG-C03249	קינדער-טרופּע אויף קאַראָווע גאָס	Traveling Company	1	קינדער-טרופּע אויף קאַראָווע גאָס	וואַרשע	קאַראָווע גאַס	קאַראָווע גאָס											
ORG-C03250	פֿאַבריק פון שטרוים-פֿעדערן	Labour (factory/workshop)	1	פֿאַבריק פון שטרוים-פֿעדערן	וואַרשע													
ORG-C03251	לערמאַנס יידישער טרופּע	Traveling Company	1	לערמאַנס יידישער טרופּע	קאַנאַטאָפּ				485	0.654	ipa_phonetic							
ORG-C03252	טרופּע פֿון יעקב ליבערט, רודאָלף זאַסלאַווסקי און ה. ווייסמאַן	Traveling Company	1	טרופּע פֿון יעקב ליבערט, רודאָלף זאַסלאַווסקי און ה. ווייסמאַן														
ORG-C03253	וואַרשעווער פּאָוויליאָן-טעאַטער	Theatre	3	וואַרשעווער פּאָוויליאָן-טעאַטער	וואַרשע		וואַרשעווער „פּאָוויליאָן-טעאַטער“ | פּאַוויליאָן'-טעאַטער	פּוילן										
ORG-C03254	פאַרשיידענע טעאַטערס	Theatre	1	פאַרשיידענע טעאַטערס					252 | 622	0.667 | 0.611	ipa_phonetic | ipa_phonetic							
ORG-C03255	ביי יעקב שטערנבערגן	Traveling Company	1	ביי יעקב שטערנבערגן			רומעניע	רומעניע										
ORG-C03256	ערשטע יידישע עקספּערימענטאַלע סטודיע	Theatre	1	ערשטע יידישע עקספּערימענטאַלע סטודיע	קאָוונע													
ORG-C03257	ראַשעל בערגערס טעאַטער	Theatre	1	ראַשעל בערגערס טעאַטער	קאָוונע													
ORG-C03258	מלוכה-פאַבריק	Labour (factory/workshop)	1	מלוכה-פאַבריק	קאָוונע													
ORG-C03259	4-קלאַסיקע פֿאָלקס-שול	Education	5	4-קלאַסיקע פֿאָלקס-שול | 8-קלאסיקע פֿאָלקס-שול | ד-קלאָסיקע פֿאָלקס-שול	בוקאַרעשט | ווין			רומעניע										
ORG-C03260	דראַמאַטישער סטודיע באַגינען ביים בונד	Theatre education	1	דראַמאַטישער סטודיע באַגינען ביים בונד	לאָדזש													
ORG-C03261	יידישער פּעריאָדישער פּרעסע	Journals/ Newspapers	2	יידישער פּעריאָדישער פּרעסע	ניו יאָרק													
ORG-C03262	אַקאַרד	Traveling Company	1	אַקאַרד														
ORG-C03263	קאָריקס טרופּע	Traveling Company	3	קאָריקס טרופּע	אָדעס | קעשעניעוו		קאָריקס טרופּע		264 | 269 | 521 | 469 | 566	0.750 | 0.750 | 0.714 | 0.667 | 0.643	ipa_phonetic | ipa_phonetic | ipa_phonetic | ipa_phonetic | ipa_phonetic							
ORG-C03264	לאָלאַ פאָלמאַנס טרופּע	Traveling Company	1	לאָלאַ פאָלמאַנס טרופּע					313 | 325 | 492	0.632 | 0.611 | 0.600	ipa_phonetic | ipa_phonetic | ipa_phonetic							
ORG-C03265	באַוועגלעכע יידישע טעאַטער פאַר די מערב-געביטן	Theatre	1	באַוועגלעכע יידישע טעאַטער פאַר די מערב-געביטן	סלאָנים													
ORG-C03266	תלמוד תורה אויפֿן נאָמען פֿון הרב מייזעל	Education	1	תלמוד תורה אויפֿן נאָמען פֿון הרב מייזעל														
ORG-C03267	לאָדזשער דייטשער סינאַגאָגע	Religious institutions/organizations	1	לאָדזשער דייטשער סינאַגאָגע	לאָדזש		לאָדזשער דייטשער סינאַגאָגע	פּוילן										
ORG-C03268	כאָרקאָווער אוניווערזיטעט	Education	3	כאָרקאָווער אוניווערזיטעט	כאַרקאָוו | כאָרקאָוו		כאַרקאָווער אוניווערזיטעט		585 | 587 | 589 | 561 | 590	0.762 | 0.762 | 0.762 | 0.714 | 0.714	ipa_phonetic | ipa_phonetic | ipa_phonetic | ipa_phonetic | ipa_phonetic							
ORG-C03269	טאָז	Welfare/Aid organization	2	טאָז	וואַרשע | ווילנע			פּוילן										
ORG-C03270	פֿאָלקסגעזונט	Journals/ Newspapers	1	פֿאָלקסגעזונט														
ORG-C03271	געזעלשאַפֿט פֿריינט פֿונם יידישן טעאַטער	Theatre-related Society/ Union	1	געזעלשאַפֿט פֿריינט פֿונם יידישן טעאַטער														
ORG-C03272	טאָז-פֿאַרלאַג	Publisher	1	טאָז-פֿאַרלאַג	וואַרשע													
ORG-C03273	"דראַמאַטיישן קרייז ביי דער „קולטור-ליגע"""	Amateur	1	"דראַמאַטיישן קרייז ביי דער „קולטור-ליגע"""	פאַריז		דראַמאַטיישן קרייז											
ORG-C03274	מאַסקע	Traveling Company	4	מאַסקע	לעמבערג													
ORG-C03275	פאַריזער פיאַט'-טעאַטער	Theatre	1	פאַריזער פיאַט'-טעאַטער	פאַריזער				573 | 604	0.600 | 0.600	ipa_phonetic | ipa_phonetic							
ORG-C03276	ליטבל'ט	Journals/ Newspapers	1	ליטבל'ט														
ORG-C03277	ליגע פאַר לופט-פאַרטיידיקונג	Military	1	ליגע פאַר לופט-פאַרטיידיקונג				פּוילן										
ORG-C03278	פאָלקס-קיך נומער 145	Welfare/Aid organization	1	פאָלקס-קיך נומער 145														
ORG-C03279	טרופּע פֿון אַברהם-יצחק און אסתר-רחל קאמינסקי	Traveling Company	1	טרופּע פֿון אַברהם-יצחק און אסתר-רחל קאמינסקי														
ORG-C03280	יידישע קינדער-טרופּע	Traveling Company	2	יידישע קינדער-טרופּע	וואַרשע		מוראַנאָווער יידישן טעאַטער	פּוילן	625	0.632	ipa_phonetic							
ORG-C03281	ערמיטאַזש'-טעאַטער	Theatre	1	ערמיטאַזש'-טעאַטער					173 | 124 | 235 | 237 | 509	0.625 | 0.600 | 0.600 | 0.600 | 0.600	fuzzy | ipa_phonetic | ipa_phonetic | ipa_phonetic | ipa_phonetic							
ORG-C03282	מועטים טעאַטער	Theatre	1	מועטים טעאַטער	ריגע		מועטים טעאַטער		536 | 577 | 553 | 555 | 556	0.769 | 0.769 | 0.615 | 0.615 | 0.615	ipa_phonetic | ipa_phonetic | ipa_phonetic | ipa_phonetic | ipa_phonetic							
ORG-C03283	פֿאַרלאַג „ראָי“	Publisher	1	פֿאַרלאַג „ראָי“														
ORG-C03284	כאָר פֿון באַקאַנטן דיריגענט מ. שניאור	Musical organization	1	כאָר פֿון באַקאַנטן דיריגענט מ. שניאור														
ORG-C03285	"יוגנט-אָרגאַניזאַציע ""צוקונפט"""	Jewish political bodies	2	"יוגנט-אָרגאַניזאַציע ""צוקונפט"""														
ORG-C03286	"ד""ר ווייכערטס יידישער דראַמאַטישער שול"	Education	1	"ד""ר ווייכערטס יידישער דראַמאַטישער שול"														
ORG-C03287	ציוניסטישע יוגנט-גרופּעס	Jewish political bodies	1	ציוניסטישע יוגנט-גרופּעס	ריישע													
ORG-C03288	פּראָפעסיאנעלער באַוועגונג פֿון די אָנגעשטעלטע און אַרבעטער	Jewish political bodies	1	פּראָפעסיאנעלער באַוועגונג פֿון די אָנגעשטעלטע און אַרבעטער														
ORG-C03289	יידיש-נאַציאָנאַלער ליסטע	Jewish political bodies	1	יידיש-נאַציאָנאַלער ליסטע														
ORG-C03290	לייבל טויבישעס וואָכענבלאַט	Journals/ Newspapers	1	לייבל טויבישעס וואָכענבלאַט														
ORG-C03291	דראַמאַטישע און מוזיקאַלישע קלובן	Theatre	1	דראַמאַטישע און מוזיקאַלישע קלובן														
ORG-C03292	סוועט שאָפּ	Theatre	1	סוועט שאָפּ			סוועט שאָפּ	אַמעריקע										
ORG-C03293	געזאַנגס-פאַריינען	Musical organization	1	געזאַנגס-פאַריינען				אַמעריקע										
ORG-C03294	פּועלי-ציון געזאַנג-פֿאַריין	Musical organization	2	פּועלי ציון געזאַנג-פֿאַראיין | פּועלי-ציון געזאַנג-פֿאַריין				אַמעריקע										
ORG-C03295	לעמבערגער „טאָגבלאַט“	Journals/ Newspapers	5	לעמבערגער „טאַגעבלאָט“ | לעמבערגער „טאָגבלאַט“	לעמבערג													
ORG-C03296	ציוניסטישן קלוב	Jewish political bodies	1	ציוניסטישן קלוב	ריישע													
ORG-C03297	וויענער מאָרגענצייטונג	Journals/ Newspapers	1	וויענער מאָרגענצייטונג														
ORG-C03298	יום טוב ביכער	Publisher	2	יום טוב ביכער	ברין													
ORG-C03299	יידישיסטישע קולטור-פאַריינען און אַמאַטאָרןקלובן	Amateur	1	יידישיסטישע קולטור-פאַריינען און אַמאַטאָרןקלובן														
ORG-C03300	הילפס-אינסטיטוציעס	Welfare/Aid organization	1	הילפס-אינסטיטוציעס	ריישע													
ORG-C03301	קינדער-היימען	Education	1	קינדער-היימען	ריישע													
ORG-C03302	דירעקטאָריאַט ביים אַרטיסטן-פֿאַריין	Theatre-related Society/ Union	1	דירעקטאָריאַט ביים אַרטיסטן-פֿאַריין														
ORG-C03303	אַרטיסטישער גרופּע	Traveling Company	1	אַרטיסטישער גרופּע	ביאַליסטאָק													
ORG-C03304	סידי טהאָל	Traveling Company	1	סידי טהאָל														
ORG-C03305	קעשענעווער יידישן מלוכה-טעאַטער	Theatre	1	קעשענעווער יידישן מלוכה-טעאַטער	קעשענעוו				548 | 515 | 518 | 537 | 472	1.000 | 0.828 | 0.828 | 0.800 | 0.793	exact | ipa_phonetic | ipa_phonetic | ipa_phonetic | ipa_phonetic	NEW	548				Bella	2026-05-03T07:39:45Z
ORG-C03306	פּעדאַגאָגישע קורסן	Education	1	פּעדאַגאָגישע קורסן														
ORG-C03307	"דראַמאַטישן קרייז ביים דאָרטיקן „הזמיר"""	Amateur	1	"דראַמאַטישן קרייז ביים דאָרטיקן „הזמיר"""	טאָמאַשאָוו		"„הזמיר"""	פּוילן										
ORG-C03308	פּפּר	Non-Jewish political bodies	1	פּפּר														
ORG-C03309	זיגמונט טורקאָווס און איראַ קאַמינסקאַס טעאַטערס	Theatre	1	זיגמונט טורקאָווס און איראַ קאַמינסקאַס טעאַטערס														
ORG-C03310	מילנע גאַס שאַפּ	Theatre	1	מילנע גאַס שאַפּ	וואַרשעווער געטאָ	מילנע גאַס	שאַפּ											
ORG-C03311	פּריוואַטער צייכןשול פֿון י. לעמאַן	Education	1	פּריוואַטער צייכןשול פֿון י. לעמאַן	לאָדזש			פּוילן										
ORG-C03312	ווינער קונסט-געווערבע שול	Education	1	ווינער קונסט-געווערבע שול	ווין													
ORG-C03313	"לאָדזשער ""אַראַראָט"	Theatre	1	"לאָדזשער ""אַראַראָט"	לאָדזש													
ORG-C03314	יידישן פלאַסטיקערפאַרבאַנד	Theatre-related Society/ Union	1	יידישן פלאַסטיקערפאַרבאַנד		לעשנע 12												
ORG-C03315	קאָאָפּעראָטיוו פֿון קינסטלער	Traveling Company	1	קאָאָפּעראָטיוו פֿון קינסטלער	וואַרשע	מילנע גאַס	פֿאַבריק פֿון פראַשעק											
ORG-C03316	ווילנער יידישער דראַמאַטישער סטודיע	Education	2	ווילנער יידישע דראַמאַטישע סטודיע | ווילנער יידישער דראַמאַטישער סטודיע	ווילנע													
ORG-C03317	ריגער יידישן טעאַטער	Theatre	10	ריגער יידישן טעאַטער	ריגע		ריגער יידישן טעאַטער | ריגער יידישן טעאַטער	לעטלאַנד	500 | 472 | 575 | 536 | 609	1.000 | 0.800 | 0.773 | 0.731 | 0.714	exact | ipa_phonetic | ipa_phonetic | ipa_phonetic | ipa_phonetic	ALIGN	500				Sinai	2026-05-03T09:38:13Z
ORG-C03318	יידישע מלוכהשע טעאַטערס	Theatre	1	יידישע מלוכהשע טעאַטערס	כאַרקאָוו			סאָוויעט-רוסלאַנד	633 | 618 | 619 | 535	0.667 | 0.636 | 0.636 | 0.600	ipa_phonetic | ipa_phonetic | ipa_phonetic | ipa_phonetic							
ORG-C03319	קינדער-טעאַטער	Theatre	3	קינדער-טעאַטער	וואַרשע | ווילנע		וואַרשעווער געטאָ		296 | 520 | 124 | 528 | 630	0.769 | 0.714 | 0.692 | 0.692 | 0.692	ipa_phonetic | ipa_phonetic | ipa_phonetic | ipa_phonetic | ipa_phonetic							
ORG-C03320	צענטאָס	Welfare/Aid organization	1	צענטאָס														
ORG-C03321	איקאָר	Jewish political bodies	2	איקאָר														
ORG-C03322	מאָלער-אַקאַדעמיע	Education	2	מאָלער-אַקאַדעמיע	וואַרשע			פּוילן										
ORG-C03323	פּוילישער קונסט-געזעלשאַפט „זאַכענטאַ“	Trade Union / Professional Association	2	פּוילישער קונסט-געזעלשאַפט „זאַכענטאַ“ | פּוילישער קונסט-געזעלשאָפֿט „זאָכענטא“														
ORG-C03324	פּוילישן לעגיאָן	Military	2	פּוילישן לעגיאָן				פראַנקרייך										
ORG-C03325	די כאַליאַסטרע	Journals/ Newspapers	1	די כאַליאַסטרע														
ORG-C03326	דער אַלבאַטראָס	Journals/ Newspapers	1	דער אַלבאַטראָס														
ORG-C03327	געזעלשאַפֿט צו פֿאַרשפּרייטן קונסט צווישן יידן	Trade Union / Professional Association	1	געזעלשאַפֿט צו פֿאַרשפּרייטן קונסט צווישן יידן														
ORG-C03328	וואַרשטאָט פֿאַר אויספֿאַרטיקונג פֿון קינסטלערישע מצבות	Labour (factory/workshop)	1	וואַרשטאָט פֿאַר אויספֿאַרטיקונג פֿון קינסטלערישע מצבות	וואַרשע	מילנע גאַס												
ORG-C03329	יום (יידישע אונטערשטיצונגס-שטעלע)	Welfare/Aid organization	1	יום (יידישע אונטערשטיצונגס-שטעלע)														
ORG-C03330	אַרטיסטן-גאַרטן	Business	1	אַרטיסטן-גאַרטן														
ORG-C03331	געזעלשאַפט „קולטור“	Theatre-related Society/ Union	2	געזעלשאַפט „קולטור“	אַנטווערפן | פֿילאַדעלפיע		געזעלשאַפט „קולטור“					SPLIT		Cluster contains distinct 'Kultur' societies in Antwerp and Philadelphia; no DB candidates exist for either.			auto_drafter	2026-05-17T17:07:26Z
ORG-C03332	דער אָוונט-קוריער	Journals/ Newspapers	2	אָוונט-קוריער | דער אָוונט-קוריער	ווילנע													
ORG-C03333	פאַריין פון יידישע ליטעראַטן און זשורנאַליסטן	Theatre-related Society/ Union	3	פאַריין פון יידישע ליטעראַטן און זשורנאַליסטן | פֿאַריין פֿון די יידישע ליטעראַטן און זשורנאַליסטן | פֿאַריין פֿון יידישע ליטעראַטן און זשורנאָליסטן	וואַרשע | ווילנע		פאַריין פון יידישע ליטעראַטן און זשורנאַליסטן											
ORG-C03334	"„אַראַראַט""-טעאַטער"	Theatre	1	"„אַראַראַט""-טעאַטער"	לאָדזש		"„אַראַראַט""-טעאַטער"	פּוילן	235 | 514 | 529 | 526 | 527	0.667 | 0.667 | 0.667 | 0.600 | 0.600	ipa_phonetic | ipa_phonetic | ipa_phonetic | ipa_phonetic | ipa_phonetic							
ORG-C03335	טעאַטער באַלעגעניידן	Theatre	1	טעאַטער באַלעגעניידן														
ORG-C03336	גרופּע 'יונג-יידיש'	Theatre-related Society/ Union	1	גרופּע 'יונג-יידיש'	ביאַליסטאָק													
ORG-C03337	"זשורנאָל ""יונג יידיש"""	Journals/ Newspapers	1	"זשורנאָל ""יונג יידיש"""														
ORG-C03338	גרשם באַדערס און משה פראָסטיגס קאַלענדאַרן	Publisher	1	גרשם באַדערס און משה פראָסטיגס קאַלענדאַרן														
ORG-C03339	פאָלקס-פריינד	Journals/ Newspapers	1	פאָלקס-פריינד														
ORG-C03340	ווילנער מאַריאָנעטן-טעאַטער 'מיידים'	Theatre	1	ווילנער מאַריאָנעטן-טעאַטער 'מיידים'	ווילנע		ווילנער מאַריאָנעטן-טעאַטער 'מיידים'	פּוילישליטע										
ORG-C03341	רומענישן יידישן טעאַטער	Theatre	1	רומענישן יידישן טעאַטער			רומענישן יידישן טעאַטער	רומעניע	567 | 500 | 472 | 575 | 550	0.815 | 0.727 | 0.682 | 0.636 | 0.621	ipa_phonetic | ipa_phonetic | ipa_phonetic | ipa_phonetic | ipa_phonetic							
ORG-C03342	עמיל פֿרידעס יידישער טרופּע	Traveling Company	2	עמיל פֿרידעס יידישער טרופּע | עמיל פֿרידעסעס יידישער טרופּע	ווין				485	0.615	ipa_phonetic							
ORG-C03343	ווילנער יידישער אָפּערע	Theatre	1	ווילנער יידישער אָפּערע	ווילנע				609 | 571	0.619 | 0.615	ipa_phonetic | ipa_phonetic							
ORG-C03344	אַרטיקער ראַדיאָ	Theatre	1	אַרטיקער ראַדיאָ	ווילנע													
ORG-C03345	מוזיק-שול פֿון געטאָ	Education	1	מוזיק-שול פֿון געטאָ	ווילנע													
ORG-C03346	קאַגאַנס מיטלשול	Education	1	קאַגאַנס מיטלשול	ווילנע													
ORG-C03347	פּעטערסבורגער פּאָליטעכניקום	Education	1	פּעטערסבורגער פּאָליטעכניקום	פּעטערסבורג													
ORG-C03348	וואַרשעווער ליטעראַטן און זשורנאַ ליסטן-פאַריין	Theatre-related Society/ Union	1	וואַרשעווער ליטעראַטן און זשורנאַ ליסטן-פאַריין	וואַרשע	טלאָמאַצקע 13												
ORG-C03349	רוסישע טעאַטער-שול	Education	1	רוסישע טעאַטער-שול			רוסישע טעאַטער-שול	רוסלאַנד										
ORG-C03350	לעאַפילם	Media (Radio/ Film/TV)	1	לעאַפילם	וואַרשע			פּוילן										
ORG-C03351	אַסעקוראַציע-געזעלשאַפט 'אייראָפּע'	Business	1	אַסעקוראַציע-געזעלשאַפט 'אייראָפּע'	וואַרשע			פּוילן										
ORG-C03352	טעאַטער אויף קאַראַווע 18	Theatre	1	טעאַטער אויף קאַראַווע 18	וואַרשע	קאַראַווע 18	טעאַטער אויף קאַראַווע 18	פּוילן										
ORG-C03353	יידישער פּאָליציי	Jewish political bodies	1	יידישער פּאָליציי	וואַרשע		וואַרשעווער געטאָ											
ORG-C03354	גראָדנער טרופּע פֿון אַזאַרך	Traveling Company	1	גראָדנער טרופּע פֿון אַזאַרך	גראָדנע													
ORG-C03355	באַוועגלעכן יידישן מלוכהטעאַטער פֿאַר די מערב-געביטן	Theatre	1	באַוועגלעכן יידישן מלוכהטעאַטער פֿאַר די מערב-געביטן			באַוועגלעכן יידישן מלוכהטעאַטער											
ORG-C03356	גאַכאַנסקיס טרופּע	Traveling Company	1	גאַכאַנסקיס טרופּע					337 | 559 | 629 | 43 | 182	0.625 | 0.600 | 0.600 | 0.600 | 0.600	ipa_phonetic | ipa_phonetic | ipa_phonetic | ipa_phonetic | ipa_phonetic							
ORG-C03357	מפיצי השכלה	Education	2	מפיצי השכלה														
ORG-C03358	ווילביג	Theatre-related Society/ Union	1	ווילביג	ווילנע													
ORG-C03359	דאָווקע	Theatre	3	דאָווקע	ווילנע													
ORG-C03360	קאָמעטאַ	Theatre	2	קאָמעטאַ	אָדעס | וואַרשע		וואַרשעווער דראַמקרייז 'קאָמעטאַ' | קאָמעטאָ	אוקראינע | פּוילן				SPLIT		Cluster contains distinct entities: a drama circle in Warsaw and a theatre in Odessa; no DB candidates exist.			auto_drafter	2026-05-17T17:07:26Z
ORG-C03361	ווילנער 'גמנסיה עברית'	Education	1	ווילנער 'גמנסיה עברית'	ווילנע		ווילנער 'גמנסיה עברית'											
ORG-C03362	"קליין-קונסט-בינע „די יאָגעניש אין פאַס"""	Theatre	1	"קליין-קונסט-בינע „די יאָגעניש אין פאַס"""	ווילנער געטאָ		קליין-קונסט-בינע											
ORG-C03363	טשערנאָוויצער פילהאַרמאָניע	Musical organization	1	טשערנאָוויצער פילהאַרמאָניע	טשערנאָוויץ		טשערנאָוויצער פילהאַרמאָניע		558	0.625	ipa_phonetic							
ORG-C03364	מאַרק אַרנשטיין דר. ראָזענזאָל	Traveling Company	1	מאַרק אַרנשטיין דר. ראָזענזאָל	וואַרשע													
ORG-C03365	טרופּע פון די ברידער קאָריק	Traveling Company	1	טרופּע פון די ברידער קאָריק	כערסאָן													
ORG-C03366	קאָוונער נייעם יידישן טעאַטער	Theatre	1	קאָוונער נייעם יידישן טעאַטער	קאָוונע				575 | 472 | 500	0.692 | 0.654 | 0.615	ipa_phonetic | ipa_phonetic | ipa_phonetic							
ORG-C03367	טרופּעס א'ד פֿון בלומענטאָל	Traveling Company	1	טרופּעס א'ד פֿון בלומענטאָל														
ORG-C03368	יידישע טעאַטער-פֿאַרשטעלונגען	Theatre	1	יידישע טעאַטער-פֿאַרשטעלונגען	אַנטווערפן													
ORG-C03369	טרופּע פֿון דער גאַסטראָלירנדיקער רעגינע צוקער	Traveling Company	1	טרופּע פֿון דער גאַסטראָלירנדיקער רעגינע צוקער	בערלין			דייטשלאַנד										
ORG-C03370	יידישן טעאַטער ביי זאַנדבערגן	Theatre	2	יידישן טעאַטער ביי זאַנדבערגן | יידישן טעאַטער ביי זאַנדבערג	לאָדזש		יידישן טעאַטער ביי זאַנדבערגן	פּוילן										
ORG-C03371	בוקאַרעשטער קאָנסערוואַטאָריע	Education	1	בוקאַרעשטער קאָנסערוואַטאָריע	בוקאַרעשט			רומעניע										
ORG-C03372	נאַציאָנאַל-טעאַטער	Theatre	3	נאַציאָנאַל-טעאַטער	אַסי | יאָסי		נאַציאָנאַל-טעאַטער | נאַציאָנאַל-טעאָטער	רומעניע	151 | 514 | 526 | 527 | 631	0.625 | 0.625 | 0.625 | 0.625 | 0.625	ipa_phonetic | ipa_phonetic | ipa_phonetic | ipa_phonetic | ipa_phonetic							
ORG-C03373	שאָפּ אויף דער מילנע גאַס	Labour (factory/workshop)	1	שאָפּ אויף דער מילנע גאַס	וואַרשע	מילנע גאַס	שאָפּ											
ORG-C03374	ווילנער טאַנץ-סטודיע פֿון העלענע לאַקעוויטש	Education	1	ווילנער טאַנץ-סטודיע פֿון העלענע לאַקעוויטש	ווילנע		ווילנער טאַנץ-סטודיע											
ORG-C03375	ווילנער שטאָט-זאַל	Theatre	2	ווילנער שטאָט-זאַל	ווילנע		ווילנער שטאָט-זאַל | שטאָט-זאָל											
ORG-C03376	ווילנער 'אונדזער טעאַטער'	Theatre	1	ווילנער 'אונדזער טעאַטער'	ווילנע		אונדזער טעאַטער											
ORG-C03377	'רעמיקאַט'	Theatre	1	'רעמיקאַט'	ווילנע		רעמיקאַט											
ORG-C03378	אַרמיי	Military	1	אַרמיי														
ORG-C03379	באטשע הויז	Theatre	1	באטשע הויז	טשערנאָוויץ		באטשע הויז											
ORG-C03380	טשערנאָוויצער שניידער-זאַל	Theatre	1	טשערנאָוויצער שניידער-זאַל	טשערנאָוויץ		טשערנאָוויצער שניידער-זאַל											
ORG-C03381	פּויזנער קאָנסערוואַטאָריע	Education	1	פּויזנער קאָנסערוואַטאָריע	פּויזן		פּויזנער קאָנסערוואַטאָריע											
ORG-C03382	מינסקער (ווייסרוסישן יידישן מלוכה-טעאַטער	Theatre	1	מינסקער (ווייסרוסישן יידישן מלוכה-טעאַטער	מינסקער		מינסקער (ווייסרוסישן יידישן מלוכה-טעאַטער		593 | 501 | 592 | 543 | 550	0.744 | 0.692 | 0.667 | 0.641 | 0.641	ipa_phonetic | ipa_phonetic | ipa_phonetic | ipa_phonetic | ipa_phonetic							
ORG-C03383	ווילנער יידישער קאָנסערוואַטאָריע	Education	1	ווילנער יידישער קאָנסערוואַטאָריע														
ORG-C03384	ווילנער יידישן אָפּערע-טעאַטער	Theatre	1	ווילנער יידישן אָפּערע-טעאַטער					571 | 624 | 519 | 541 | 500	1.000 | 0.808 | 0.769 | 0.769 | 0.692	exact | ipa_phonetic | ipa_phonetic | ipa_phonetic | ipa_phonetic	NEW	571				Bella	2026-05-04T09:24:02Z
ORG-C03385	דאַנציגער יידישן טעאַטער	Theatre	1	דאַנציגער יידישן טעאַטער	דאַנציג		דאַנציגער יידישן טעאַטער		472 | 500 | 575 | 609 | 535	0.783 | 0.783 | 0.739 | 0.696 | 0.607	ipa_phonetic | ipa_phonetic | ipa_phonetic | ipa_phonetic | ipa_phonetic							
ORG-C03386	זלמן קאָלעשניקאָווס וואַנדער-טרופּע	Traveling Company	1	זלמן קאָלעשניקאָווס וואַנדער-טרופּע			איבער פּוילן	פּוילן										
ORG-C03387	באַלעט-שול	Education	1	באַלעט-שול														
ORG-C03388	תרבות-שול	Education	1	תרבות-שול	וואַרשע	קאַרמעליצקאַ 22	תרבות-שול											
ORG-C03389	ערשטער ווילנער יידישער ליי און שפּאָר-קאַסע פֿאַר האַנטווערקער און קליינהענדלער	Business	1	ערשטער ווילנער יידישער ליי און שפּאָר-קאַסע פֿאַר האַנטווערקער און קליינהענדלער	ווילנע													
ORG-C03390	ציפּקוסעס פּראָווינץ-טרופּע	Traveling Company	3	ציפּקוסעס פּראָווינץ-טרופּע	פּלאָצק													
ORG-C03391	טרופּע פון מישוראַט	Traveling Company	9	טרופּע פון מישוראַט | טרופּעס פֿון מישוראט | מישוראַט	בערעזאָווקע				626 | 531 | 283 | 486 | 563	0.706 | 0.684 | 0.647 | 0.647 | 0.619	ipa_phonetic | ipa_phonetic | ipa_phonetic | ipa_phonetic | ipa_phonetic							
ORG-C03392	טרופּע פון קאַניעווסקאַ-כאַרלאַמפּ	Traveling Company	3	טרופּע פון קאַניעווסקאַ-כאַרלאַמפּ | טרופּע פֿון קאַניעווסקי-חאַרלאַמפּ | קאָניעווסקי-כאַרלאמפּ														
ORG-C03393	טרופּע פון זשאָרזש און בעקער	Traveling Company	1	טרופּע פון זשאָרזש און בעקער	וויטעבסק													
ORG-C03394	קינאָ 'יאָק ווי פאַריזשו'	Theatre	1	קינאָ 'יאָק ווי פאַריזשו'	וואַרשע	דזשיקע גאַס 12	קינאָ 'יאָק ווי פאַריזשו'	פּוילן										
ORG-C03395	האָמלער 'אונדזער טעאַטער'	Theatre	1	האָמלער 'אונדזער טעאַטער'	האָמל		האָמלער 'אונדזער טעאַטער'	רוסלאַנד										
ORG-C03396	דראַמסטודיע	Education	3	דראַמסטודיע | דראַמסטודיע אין וויטעבסק	וויטעבּסק | וויטעבסק													
ORG-C03397	יידישער טעאַטער-קאָלעקטיוו	Traveling Company	1	יידישער טעאַטער-קאָלעקטיוו	גראָדנע													
ORG-C03398	ווייסרוסישן יידישן באַוועגלעכן טעאַטער	Theatre	1	ווייסרוסישן יידישן באַוועגלעכן טעאַטער					593	0.735	ipa_phonetic							
ORG-C03399	פערלאַג נאַציאָנאַל	Publisher	1	פערלאַג נאַציאָנאַל	וואַרשע													
ORG-C03400	מאָסקווער יידישע טעאַטראַלע שול	Education	11	די מאָסקווער יידישע טעאַטראַלע שול | מאָסקווער יידישע טעאַטראַלע שול | מאָסקווער יידישער טעאַטראַלער שול	מאָסקווע | מאָסקווער		די מאָסקווער יידישע טעאַטראַלע שול | מאָסקווער יידישע טעאַטראַלע שול | מאָסקווער יידישע טעאטראלע שול | מאָסקווער יידישער טעאַטראַלער שול											
ORG-C03401	עלעקטראָטעכנישן טעכניקום	Education	1	עלעקטראָטעכנישן טעכניקום														
ORG-C03402	יידישער קאָמף-אַרגאַניזאַציע	Military	1	יידישער קאָמף-אַרגאַניזאַציע	וואַרשע	מילע 18	מילע 18											
ORG-C03403	ביאַליסטאָקער געטאָ	Not an organization	1	ביאַליסטאָקער געטאָ	ביאַליסטאָק													
ORG-C03404	סאָקאָלאָווס טעלעגראַף	Journals/ Newspapers	1	סאָקאָלאָווס טעלעגראַף														
ORG-C03405	פֿאַר פֿאָלקלאָר און פֿילאָלאָגיע ביי אונז יודען	Journals/ Newspapers	1	פֿאַר פֿאָלקלאָר און פֿילאָלאָגיע ביי אונז יודען														
ORG-C03406	יאָסער טויבנהאַלע	Welfare/Aid organization	1	יאָסער טויבנהאַלע	יאָס		יאָסער טויבנהאַלע	רומעניע										
ORG-C03407	העברעיש-פּוילישע גימנאַזיע פֿון דר. ברוידע	Education	1	העברעיש-פּוילישע גימנאַזיע פֿון דר. ברוידע														
ORG-C03408	לינקער פּצ-יוגנט-באַוועגונג	Jewish political bodies	1	לינקער פּצ-יוגנט-באַוועגונג														
ORG-C03409	טויז רויט	Publisher	1	טויז רויט														
ORG-C03410	יידישן געטאָ-טעאַטער	Theatre	1	יידישן געטאָ-טעאַטער	לאָדזשער געטאָ				624 | 480 | 536 | 628 | 608	0.720 | 0.700 | 0.615 | 0.611 | 0.600	ipa_phonetic | ipa_phonetic | ipa_phonetic | ipa_phonetic | ipa_phonetic							
ORG-C03411	"סעמינאַר פון ""יידיש-קענטניש"""	Education	1	"סעמינאַר פון ""יידיש-קענטניש"""	לאָדזשער געטאָ													
ORG-C03412	הזמן	Journals/ Newspapers	5	הזמן	ווילנע				274	0.667	ipa_phonetic							
ORG-C03413	די נאַציאָנאָל צייטונג	Journals/ Newspapers	1	די נאַציאָנאָל צייטונג			באַלטישן געגנט											
ORG-C03414	פרייטאָג	Journals/ Newspapers	1	פרייטאָג														
ORG-C03415	נייעם לאָדזער מאָרגענבלאַט	Journals/ Newspapers	2	נייעם לאָדזער מאָרגענבלאַט	לאָדזש			פּוילן										
ORG-C03416	לאָדזשער פֿאָלקסשטימע	Journals/ Newspapers	1	לאָדזשער פֿאָלקסשטימע														
ORG-C03417	אונזער עקספרעס	Journals/ Newspapers	5	אונדזער עקספּרעס | אונזער עקספרעס	וואַרשע			פּוילן										
ORG-C03418	לובלינער יידישן טעאַטער	Theatre	1	לובלינער יידישן טעאַטער	לובלין		לובלינער יידישן טעאַטער		500 | 472 | 575 | 565 | 624	0.773 | 0.727 | 0.727 | 0.643 | 0.640	ipa_phonetic | ipa_phonetic | ipa_phonetic | ipa_phonetic | ipa_phonetic							
ORG-C03419	גימנאַזיע פֿון שאַלב	Education	1	גימנאַזיע פֿון שאַלב														
ORG-C03420	דראַמאַטישע קורסן פֿון אַנדרעעוו-פּעטראָווסקי	Education	1	דראַמאַטישע קורסן פֿון אַנדרעעוו-פּעטראָווסקי														
ORG-C03421	קליינעם טעאַטער	Theatre	2	קליינעם טעאַטער	אומאַן				237 | 263 | 627 | 630	0.643 | 0.643 | 0.643 | 0.643	ipa_phonetic | ipa_phonetic | ipa_phonetic | ipa_phonetic							
ORG-C03422	צוויי-קלאַסיקע עלעמענטאַר-שול פֿון גערמייזע	Education	1	צוויי-קלאַסיקע עלעמענטאַר-שול פֿון גערמייזע														
ORG-C03423	דיקשטיין-מייזלערס פּריוואַט גימנאַזיע	Education	2	דיקשטיין-מייזלערס פּריוואַט גימנאַזיע														
ORG-C03424	איזראַעליטאַ	Journals/ Newspapers	2	איזראַעליטאַ														
ORG-C03425	דראַמאַטישן קלוב פֿון דער ציוניסטישער יוגנט	Theatre	1	דראַמאַטישן קלוב פֿון דער ציוניסטישער יוגנט	וואָסילקאָוו													
ORG-C03426	טעאַטערסטודיע ביי דער קולטור-ליגע	Theatre education	1	טעאַטערסטודיע ביי דער קולטור-ליגע														
ORG-C03427	סטודיע פֿון ווייסרוסישן מלוכה-אינסטיטוט פֿאַר טעאַטראַלער קונסט	Education	2	ווייס-רוסישן מלוכה-אונסטיטוט פֿאָר טעאַטראָלער קונסט | סטודיע פֿון ווייסרוסישן מלוכה-אינסטיטוט פֿאַר טעאַטראַלער קונסט														
ORG-C03428	רוסישן טעאַטער אויפֿן נאָמען פֿון יערמאָלאָוו	Theatre	1	רוסישן טעאַטער אויפֿן נאָמען פֿון יערמאָלאָוו	מאָסקווע													
ORG-C03429	יידישן דראַמאַטישן טעאַטער פֿאַר דער יוגנט	Theatre	1	יידישן דראַמאַטישן טעאַטער פֿאַר דער יוגנט														
ORG-C03430	גרופּע רעזשיסערן ביים באַרימטן סטאַניסלאַווסקי	Theatre	1	גרופּע רעזשיסערן ביים באַרימטן סטאַניסלאַווסקי														
ORG-C03431	קיעווער יידישן מלוכה-טעאַטער פֿון יונגען צושויער	Theatre	7	קיעווער יידישן מלוכה-טעאַטער פֿון יונגען צושויער | קיעווער יידישן מלוכה-טעאַטער פאַרן יונגן צושויער | קיעווער יידישן מלוכה-טעאַטער פֿאַרן יונגען צושויער	קיעוו		קיעווער יידישן מלוכה-טעאַטער פאַרן יונגן צושויער | קיעווער יידישן מלוכה-טעאַטער פון יונגען צושויער | קיעווער יידישן מלוכה-טעאַטער פֿאַרן יונגען צושויער | קיעווער יידישן מלוכה-טעאַטער פֿון יונגען צושויער	אוקראינע	473	0.674	ipa_phonetic							
ORG-C03432	סאָוויעטישער אַרמיי	Military	8	כאָוויעטישער ארמיי | סאָוויעטישער אַרמיי | סאוויעטישער ארמיי	סעוואַסטאָפּאָל													
ORG-C03433	„גלאָקן“	Journals/ Newspapers	1	„גלאָקן“														
ORG-C03434	אַרבעטער קולטור ון קונסט	Journals/ Newspapers	2	אַרבעטער קולטור ון קונסט	וואַרשע													
ORG-C03435	אָדעסער מוז דראַמשול	Education	1	אָדעסער מוז דראַמשול	אָדעס													
ORG-C03436	יידישן טעאַטער פֿאַר יוגנט	Theatre	1	יידישן טעאַטער פֿאַר יוגנט	דניעפּראָפּיעטראָווסק													
ORG-C03437	קונסט-פֿאַרוואַלטונג פֿון קיעווער געגנט	Non-Jewish political bodies	1	קונסט-פֿאַרוואַלטונג פֿון קיעווער געגנט			קיעווער געגנט											
ORG-C03438	ליענפילם	Media (Radio/ Film/TV)	1	ליענפילם	לענינגראָד		ליענפילם											
ORG-C03439	לוואָווער יידישער געטאָ	Not an organization	1	לוואָווער יידישער געטאָ	לוואָוו	קרעסאָווער גאַס	הויז נומער 16											
ORG-C03440	לוואָווער ראָטהויז	Non-Jewish political bodies	1	לוואָווער ראָטהויז	לוואָוו		לוואָווער ראָטהויז											
ORG-C03441	"טעאַטער „מיידים"""	Theatre	1	"טעאַטער „מיידים"""	ווילנע			פּויליש-ליטע	580 | 491	1.000 | 0.688	exact | ipa_phonetic	NEW	580				Bella	2026-05-05T07:18:38Z
ORG-C03442	יידישע סאָציאַל-דעמאָקראַטישע פאַרטיי אין גאַליציע	Jewish political bodies	1	יידישע סאָציאַל-דעמאָקראַטישע פאַרטיי אין גאַליציע			גאַליציע											
ORG-C03443	סאַציאַל-דעמאָקראַט	Journals/ Newspapers	3	דער סאָציאַל-דעמאָקראַט | סאַציאַל-דעמאָקראַט														
ORG-C03444	דאָס ביכעל	Publisher	1	דאָס ביכעל														
ORG-C03445	אביגדור שפּריצער	Publisher	1	אביגדור שפּריצער	בוענאָס איירעס													
ORG-C03446	בילדונג	Education	1	בילדונג	קראָקע													
ORG-C03447	וויניצער יידישן מלוכה-טעאַטער	Theatre	1	וויניצער יידישן מלוכה-טעאַטער	וויניצע		וויניצער יידישן מלוכה-טעאַטער		535 | 501 | 505 | 472 | 500	1.000 | 0.857 | 0.857 | 0.821 | 0.821	exact | ipa_phonetic | ipa_phonetic | ipa_phonetic | ipa_phonetic	NEW	535				Bella	2026-04-29T08:11:52Z
ORG-C03448	כאַרקאָווער יידישן טעאַטער פֿון אַרבעטער יוגנט	Theatre	1	כאַרקאָווער יידישן טעאַטער פֿון אַרבעטער יוגנט	כאַרקאָוו		כאַרקאָווער יידישן טעאַטער פֿון אַרבעטער יוגנט											
ORG-C03449	קריטיק	Journals/ Newspapers	1	קריטיק	ווין													
ORG-C03450	די בימה	Journals/ Newspapers	2	די בימה	ווילנע													
ORG-C03451	אוקראיינישע פֿאָלקס-שול	Education	1	אוקראיינישע פֿאָלקס-שול														
ORG-C03452	פּוילישע גימנאַזיע	Education	3	די פּוילישע גימנאַזיע | פּוילישע גימנאַזיע	סטאַניסלאָוו | סטאָניסלאָוואָוו		די פּוילישע גימנאַזיע											
ORG-C03453	גאָלדפֿאַדען-אַרטיסטן-פֿאַריין	Theatre-related Society/ Union	1	גאָלדפֿאַדען-אַרטיסטן-פֿאַריין														
ORG-C03454	טרופּע בלומענטאַל	Traveling Company	1	טרופּע בלומענטאַל	פאַריז													
ORG-C03455	"חברים-טרופּע „האור"""	Traveling Company	1	"חברים-טרופּע „האור"""			טשעכאָסלאָוואַקייע	טשעכאָסלאָוואַקייע										
ORG-C03456	יידישן שוישפּילער פאַריין	Theatre-related Society/ Union	1	יידישן שוישפּילער פאַריין														
ORG-C03457	ישיבות פֿון לאָמזשע	Education	1	ישיבות פֿון לאָמזשע														
ORG-C03458	ישיבות פֿון סלאָבאָדקע	Education	2	ישיבות פֿון סלאָבאָדקע														
ORG-C03459	דאָס פאָלק	Journals/ Newspapers	2	דאָס פאָלק	ריגע													
ORG-C03460	יס'אַ	Theatre	2	יס'אַ	וואַרשעווער געטאָ		בנין פון יס'אַ											
ORG-C03461	פּליטים-פּונקט פאַר דער אינטעליגענץ	Not an organization	1	פּליטים-פּונקט פאַר דער אינטעליגענץ	וואַרשע		לעשנע 14											
ORG-C03462	שאָפּ פון האָפּמאַנען	Labour (factory/workshop)	1	שאָפּ פון האָפּמאַנען														
ORG-C03463	קוטנער שטאָטישן טעאַטער	Theatre	1	קוטנער שטאָטישן טעאַטער	קוטנע		קוטנער שטאָטישן טעאַטער	פּוילן	472 | 500	0.619 | 0.619	ipa_phonetic | ipa_phonetic							
ORG-C03464	די לצים	Traveling Company	1	די לצים	לאָדזש		סקאַלאַ	פּוילן										
ORG-C03465	דער געדאַנק	Journals/ Newspapers	2	דער געדאַנק	לאָדזש			פּוילן										
ORG-C03466	גרינע בלעטער	Journals/ Newspapers	1	גרינע בלעטער	לאָדזש			פּוילן										
ORG-C03467	פערלאַג „די טעאַטער-וועלט“	Publisher	1	פערלאַג „די טעאַטער-וועלט“	לאָדזש		וואַרשע לאָדז	פּוילן										
ORG-C03468	מאָרגנבלאַט	Journals/ Newspapers	1	מאָרגנבלאַט	לאָדזש			פּוילן										
ORG-C03469	לאָדזשער פאַריין פון האַנטווערקער	Trade Union / Professional Association	1	לאָדזשער פאַריין פון האַנטווערקער	לאָדזש			פּוילן										
ORG-C03470	„סמבטיון-טרופּע	Traveling Company	1	„סמבטיון-טרופּע	וואַרשע		"„סקאַלאַ""-טעאָטער"											
ORG-C03471	בינע-יוביליי פון דער שוישפּילערין חנה לעווין	Theatre	1	בינע-יוביליי פון דער שוישפּילערין חנה לעווין	וואַרשע		געטאָ											
ORG-C03472	מעבל-פֿאַבריק	Labour (factory/workshop)	1	מעבל-פֿאַבריק														
ORG-C03473	ביעלאָצערקאָווער דראַמקרייז	Amateur	1	ביעלאָצערקאָווער דראַמקרייז	ביעלאָצערקאָוו		ביעלאָצערקאָווער											
ORG-C03474	זשיטאָמירער באַוועגלעכן יידישן טעאַטער	Theatre	1	זשיטאָמירער באַוועגלעכן יידישן טעאַטער	זשיטאָמיר		זשיטאָמירער											
ORG-C03475	אָדעסער מוזיק-דראַמשול	Education	1	אָדעסער מוזיק-דראַמשול	אָדעס		אָדעסער מוזיק-דראַמשול											
ORG-C03476	מינסקער ראַדיאָ	Media (Radio/ Film/TV)	1	מינסקער ראַדיאָ	מינסק		מינסקער ראַדיאָ											
ORG-C03477	אָדעסער דראַמסטודיע	Education	1	אָדעסער דראַמסטודיע	אָדעס		אָדעסער דראַמסטודיע											
ORG-C03478	כאַרקאָווער יידישער טעאַטער	Theatre	1	כאַרקאָווער יידישער טעאַטער	כאַרקאָוו		כאַרקאָווער יידישער טעאַטער		575 | 609 | 472 | 500 | 478	1.000 | 0.783 | 0.696 | 0.696 | 0.679	exact | ipa_phonetic | ipa_phonetic | ipa_phonetic | ipa_phonetic	ALIGN	575				Bella	2026-05-15T10:09:48Z
ORG-C03479	דניעפּראָפּיעטראָווסקער יידישן טעאַטער פֿאַר יוגנט	Theatre	1	דניעפּראָפּיעטראָווסקער יידישן טעאַטער פֿאַר יוגנט	דניעפּראָפּיעטראָווסק		דניעפּראָפּיעטראָווסקער יידישן טעאַטער פֿאַר יוגנט											
ORG-C03480	טרופּע פֿון אַקטיאָר בערנשטיין	Traveling Company	1	טרופּע פֿון אַקטיאָר בערנשטיין														
ORG-C03481	קאָלעקטיוו פֿון חיהלע פֿרידמאַן און גוטהערץ	Traveling Company	1	קאָלעקטיוו פֿון חיהלע פֿרידמאַן און גוטהערץ														
ORG-C03482	קיעווער יידישער טעאַטראַלער סטודיע	Education	1	קיעווער יידישער טעאַטראַלער סטודיע	קיעוו													
ORG-C03483	אוקראַאינישן יידישן מלוכה-טעאַטער	Theatre	4	אוקראַאינישיידישן מלוכה-טעאַטער | אוקראַאינישן יידישן מלוכה-טעאַטער | אוקראיינישן יידישן מלוכה-טעאַטער	כאַרקאָוו		אוקראַאינישן יידישן מלוכה-טעאַטער		592 | 540 | 510 | 550 | 567	1.000 | 0.879 | 0.806 | 0.774 | 0.774	exact | ipa_phonetic | ipa_phonetic | ipa_phonetic | ipa_phonetic	NEW	592				Bella	2026-05-10T09:32:02Z
ORG-C03484	לוואָווער יידישן מלוכה-טעאַטער	Theatre	8	לוואָווער יידישן מלוכה-טעאַטער	לוואָוו | לוואָווער		לוואָווער יידישן מלוכה-טעאַטער | לוואָווער יידישן מלוכה-טעאַטער		525 | 505 | 472 | 500 | 515	1.000 | 0.885 | 0.846 | 0.846 | 0.846	exact | ipa_phonetic | ipa_phonetic | ipa_phonetic | ipa_phonetic	NEW	525				Bella	2026-04-28T15:06:14Z
ORG-C03485	ישיבות פֿון בערעזין און מיר	Education	2	ישיבות פון בערעזיין און מיר | ישיבות פֿון בערעזין און מיר	בערעזיין | מיר		בערעזיין און מיר					SPLIT		Cluster combines two distinct institutions (Yeshivas of Berezin and Mir) and lacks DB candidates.			auto_drafter	2026-05-17T17:07:26Z
ORG-C03486	ערשטער יידישער אַוונט שול	Education	2	ערשטער יידישער אַוונט שול	ווילנע													
ORG-C03487	יידישער 'קינדער-פֿאַרזאָרגונגס-געזעלשאַפט'	Welfare/Aid organization	1	יידישער 'קינדער-פֿאַרזאָרגונגס-געזעלשאַפט'	ווילנע													
ORG-C03488	מכבי	Sports/Recreation	5	מכבי	מילוואַקיי | קאָוונע							SPLIT					Sinai	2026-05-18T05:13:54Z
ORG-C03489	העברעישער מיידל-שול 'יהודית'	Education	1	העברעישער מיידל-שול 'יהודית'														
ORG-C03490	ייקאָר	Heritage Institution	1	ייקאָר	וואַרשע		וואַרשעווער געטאָ											
ORG-C03491	געזעלשאַפט פון סאָציאַלער אַליינהילף	Welfare/Aid organization	1	געזעלשאַפט פון סאָציאַלער אַליינהילף	וואַרשע		וואַרשעווער געטאָ											
ORG-C03492	בוקאַרעסטער טאַגעבלאַט	Journals/ Newspapers	2	בוקאַרעסטער טאַגעבלאַט														
ORG-C03493	רומענישער ליאָד	Journals/ Newspapers	1	רומענישער ליאָד														
ORG-C03494	טרופּע פֿון קלמן יאָוועליר	Traveling Company	2	טרופּע פֿון קלמן יאָוועליר | קלמן יאָוועלירס טרופּע	יאָסי			רומעניע	578	0.750	fuzzy							
ORG-C03495	אהרן ראָזענבלומס טרופּע	Traveling Company	3	אהרן ראָזענבלומס טרופּע	בערלאד				582	0.762	ipa_phonetic							
ORG-C03496	טרייטלערס טרופּע	Traveling Company	10	טרייטלערס טרופּע	גאָליציע | טאַרנאָפּאָל | מאַנטשעסטער | קאָלאָמעא | קראָקע			ענגלאַנד	421 | 459 | 533 | 568 | 583	1.000 | 0.800 | 0.733 | 0.733 | 0.733	exact | ipa_phonetic | ipa_phonetic | ipa_phonetic | ipa_phonetic	ALIGN	421				Bella	2026-04-19T07:48:01Z
ORG-C03497	גימפּעל-טרופּע	Traveling Company	2	גימפּעל-טרופּע	לעמבערג	יאָגעלאַנסקאַ 11	זומער-טעאַטער		625 | 367 | 254	0.667 | 0.615 | 0.615	ipa_phonetic | ipa_phonetic | ipa_phonetic							
ORG-C03498	זומער-טעאַטער	Theatre	1	זומער-טעאַטער	לעמבערג	יאָגעלאַנסקאַ 11	זומער-טעאַטער		296 | 577 | 426 | 123 | 489	0.833 | 0.692 | 0.692 | 0.667 | 0.667	ipa_phonetic | ipa_phonetic | ipa_phonetic | ipa_phonetic | ipa_phonetic	NEW	639				Sinai	2026-05-18T04:58:03Z
ORG-C03499	זעליג שאָרס טרופּע	Traveling Company	3	זעליג שאָרס טרופּע					459 | 533 | 583 | 198 | 325	0.750 | 0.625 | 0.625 | 0.625 | 0.625	ipa_phonetic | ipa_phonetic | ipa_phonetic | ipa_phonetic | ipa_phonetic							
ORG-C03500	עמפּייער טעאַטער	Theatre	1	עמפּייער טעאַטער	לאָנדאָן		עמפּייער טעאַטער		577 | 627 | 630 | 426	0.714 | 0.643 | 0.643 | 0.643	ipa_phonetic | ipa_phonetic | ipa_phonetic | ipa_phonetic							
ORG-C03501	ש. איריס	Traveling Company	1	ש. איריס														
ORG-C03502	אַרטיקער קולטוס-געמיינדע	Religious institutions/organizations	2	אַרטיקער קולטוס-געמיינדע	לעמבערג													
ORG-C03503	פּוילישן אָפּערן-טעאַטער	Theatre	2	פּוילישן אָפּערן-טעאַטער	לעמבערג				608 | 571	0.750 | 0.615	ipa_phonetic | ipa_phonetic							
ORG-C03504	פּאַרטיי-אָרגאַניזאַציע פֿון טעאַטער	Non-Jewish political bodies	1	פּאַרטיי-אָרגאַניזאַציע פֿון טעאַטער														
ORG-C03505	קליינקונסט-טעאַטער „סמבטיון“	Theatre	1	קליינקונסט-טעאַטער „סמבטיון“														
ORG-C03506	קיעווער יידישן אַרבעטער-טעאַטער	Theatre	1	קיעווער יידישן אַרבעטער-טעאַטער	קיעוו				571 | 480 | 515 | 624 | 536	0.750 | 0.714 | 0.714 | 0.714 | 0.679	ipa_phonetic | ipa_phonetic | ipa_phonetic | ipa_phonetic | ipa_phonetic							
ORG-C03507	קינאָ	Theatre	1	קינאָ														
ORG-C03508	לאַנדווירטשאַפֿטלעכער אויסשטעלונג	Heritage Institution	1	לאַנדווירטשאַפֿטלעכער אויסשטעלונג	מאָסקווע													
ORG-C03509	קיעווער קינסטלערישן אינסטיטוט	Education	2	קיעווער קינסטלערישן אינסטיטוט	קיעוו		קיעווער קינסטלערישן אינסטיטוט											
ORG-C03510	פֿראָנט	Military	1	פֿראָנט														
ORG-C03511	קליין-קונסט-טעאַטער „דאַווקע“	Theatre	2	קליין-קונסט-טעאַטער „דאַווקע“														
ORG-C03512	חסד של אמת	Welfare/Aid organization	2	חסד של אמת	וואַרשע													
ORG-C03513	עמינאַ	Theatre	1	עמינאַ	וואַרשע	לעשנע 35	עמינאַ											
ORG-C03514	שולצן אין שאָפּ	Labour (factory/workshop)	1	שולצן אין שאָפּ	וואַרשע	נאָוואָליפקי גאַס	סאַמעטס אָפּטיילונג											
ORG-C03515	"קאַרל צימערמאַן „אַ האָ-גע"""	Labour (factory/workshop)	1	"קאַרל צימערמאַן „אַ האָ-גע"""														
ORG-C03516	קונסט געווערבע שול ביים פּרינץ אַלברעכט מוזיי	Education	2	קונסט געווערבע שול ביים פּרינץ אַלברעכט מוזיי | קונסט געווערע שול ביים פּרינץ אַלברעכט-מוזיי	בערלין		פּרינץ אַלברעכט-מוזיי											
ORG-C03517	טעאַטער-אַטעליע פֿון הוגאָ באַרוך	Theatre	2	טעאַטער-אַטעליע פֿון הוגאָ באַרוך	בערלין		טעאַטער- אַטעליע פֿון הוגאָ באַרוך											
ORG-C03518	כאַרקאָווער רוסישן אָפּערע-טעאַטער	Theatre	2	כאַרקאָווער רוסישן אָפּערע-טעאַטער	כאַרקאָוו		רוסישן אָפּערע-טעאַטער		478 | 571 | 575	0.679 | 0.679 | 0.643	ipa_phonetic | ipa_phonetic | ipa_phonetic							
ORG-C03519	נאָדל צענטראַלע אין פּוילן	Trade Union / Professional Association	1	נאָדל צענטראַלע אין פּוילן														
ORG-C03520	דר. ווייכערטס דראַמאַטיישער שול	Education	2	דר. ווייכערטס דראַמאַטיישער שול														
ORG-C03521	דוד הערמאַנס סטודיע	Education	4	דוד הערמאַנס סטודיע | דוד הערמאָזס סטודיע	וואַרשע													
ORG-C03522	לידיאַ פּאַטאָצקאַס וואַנדער-טרופּע	Traveling Company	2	לידיאַ פּאַטאָצקאַס וואַנדער-טרופּע				פּוילן										
ORG-C03523	גראָדנער דראַמאַטישער סטודיע „אַדווי“	Theatre	2	גראָדנער דראַמאַטישער סטודיע „אַדווי“	גראָדנע		גראָדנער דראַמאַטישער סטודיע „אַדווי“ | גראָדנער דראָמאַטישער סטודיע „אַדווי“											
ORG-C03524	יידישן פֿאַקולטעט פֿון טעאַטער-אינסטיטוט	Education	1	יידישן פֿאַקולטעט פֿון טעאַטער-אינסטיטוט	קיעוו													
ORG-C03525	יידישן מלוכה-טעאַטער פֿאַרן יונגען צושויער אין קיעוו	Theatre	3	יידישן מלוכה-טעאַטער פֿון יונגען צושויער | יידישן מלוכה-טעאַטער פֿאַרן יונגן צושויער | יידישן מלוכה-טעאַטער פֿאַרן יונגען צושויער אין קיעוו	קיעוו													
ORG-C03526	דער נייער גייסט	Journals/ Newspapers	1	דער נייער גייסט	וואַרשע			פּוילן	632	0.625	ipa_phonetic							
ORG-C03527	אוקראיינישער שרייבער-פאַריין	Theatre-related Society/ Union	1	אוקראיינישער שרייבער-פאַריין	לעמבערג													
ORG-C03528	בערגן-בעלזען	Not an organization	1	בערגן-בעלזען														
ORG-C03529	יידישן טעאַטער פֿון יצחק זאַנדבערג	Theatre	1	יידישן טעאַטער פֿון יצחק זאַנדבערג	לאָדזש													
ORG-C03530	"וואַרשעווער עליזעום""-טעאַטער"	Theatre	2	"וואַרשעווער עליזעום""-טעאַטער"	וואַרשע | וואַרשעווער		"עליזעום""-טעאַטער"		534	0.607	ipa_phonetic							
ORG-C03531	ניו יאָרקער אוירוויינג פלייס-טעאַטער	Theatre	4	ניו יאָרקער אוירוויינג פלייס-טעאַטער	ניו יאָרק | ניו-יאָרק		אוירווינג פלייס טעאַטער | אוירווינג-פלייס-טעאָטער | ניו-יאָרקער אוירווינג פלייס-טעאַטער		615	0.697	ipa_phonetic							
ORG-C03532	הויכשולע דער מוזיק	Education	1	הויכשולע דער מוזיק	בערלין			דייטשלאַנד										
ORG-C03533	גרויסער בערליינער סינאַגאָגע	Religious institutions/organizations	1	גרויסער בערליינער סינאַגאָגע	בערלין		סינאַגאָגע	דייטשלאַנד										
ORG-C03534	יוסף פ. קאַץ מוזיק-פֿאַרלאַג	Publisher	1	יוסף פ. קאַץ מוזיק-פֿאַרלאַג	ניו יאָרק													
ORG-C03535	"„סקאַלאַ""-געביידע"	Theatre	1	"„סקאַלאַ""-געביידע"	וואַרשעווער געטאָ		סקאַלאַ-געביידע											
ORG-C03536	לינקער באַוועגונג	Non-Jewish political bodies	1	לינקער באַוועגונג														
ORG-C03537	לעטישער דיוויזיע	Military	1	לעטישער דיוויזיע														
ORG-C03538	טרופּע פֿון ווייסהאָף און שוואַרצבאַרד	Traveling Company	1	טרופּע פֿון ווייסהאָף און שוואַרצבאַרד														
ORG-C03539	בוקאַרעסטער זשיגניצא	Theatre	6	בוקאַרעסטער זשיגניצא	בוקאַרעסט | בוקאַרעסטער | בוקאַרעשט		זשיגניצא | זשיגניצאַ | זשיגניצאָ | זשיגניצע	רומעניע										
ORG-C03540	פּראָווינץ-טרופּע פֿון דוד פֿאַכלער	Traveling Company	1	פּראָווינץ-טרופּע פֿון דוד פֿאַכלער				רומעניע										
ORG-C03541	טרופּעס פֿון גינאַ זלאָטאַיאָ	Traveling Company	1	טרופּעס פֿון גינאַ זלאָטאַיאָ	טשערנאָוויץ			רומעניע	578	0.609	ipa_phonetic							
ORG-C03542	זשעני שמילאָוויטש (שפּעטער — לאָוויץ)	Traveling Company	1	זשעני שמילאָוויטש (שפּעטער — לאָוויץ)														
ORG-C03543	קאָלעקטיוו	Traveling Company	1	קאָלעקטיוו	מינסק													
ORG-C03544	„אַרטיסטיש ווינקעלע“ ביים „הזמיר“	Amateur	1	„אַרטיסטיש ווינקעלע“ ביים „הזמיר“	וואַרשע		ביים „הזמיר“											
ORG-C03545	טרופּע פֿון רודאָלף זאַסלאַווסקי און לוקסעמבורג	Traveling Company	2	טרופּע פֿון רודאָלף זאַסלאַווסקי און לוקסעמבורג | טרופּע פֿון רודאָלף זאָסלאווסקי און לוקסעמבורג														
ORG-C03546	פּאָלטאַווער „קונסט-ווינקל“	Traveling Company	2	פּאָלטאַווער „קונסט-ווינקל“	פּאָלטאַווע | קרעמענטשוג													
ORG-C03547	אַלאוקראיינישן מלוכה-טעאַטער פֿאַר קליינע פֿאָרמען „געז-קולט“	Theatre	1	אַלאוקראיינישן מלוכה-טעאַטער פֿאַר קליינע פֿאָרמען „געז-קולט“														
ORG-C03548	קיעווער קינאָ-פֿאַבריק	Education	1	קיעווער קינאָ-פֿאַבריק	קיעוו		קיעווער קינאָ-פֿאַבריק											
ORG-C03549	„11טן אַלפֿאַרבאַנדישן פּוילישן טעאַטער“	Theatre	1	„11טן אַלפֿאַרבאַנדישן פּוילישן טעאַטער“	קיעוו													
ORG-C03550	„פּעדאַגאָגיש יידיש-אוקראיינישער מלוכה-טעאַטער פֿאַר קינדער“	Theatre	1	„פּעדאַגאָגיש יידיש-אוקראיינישער מלוכה-טעאַטער פֿאַר קינדער“	קיעוו													
ORG-C03551	מענדעלע-מוזיי	Heritage Institution	2	מענדעלע-מוזיי	אָדעס		„מענדעלע מוזיי“											
ORG-C03552	„אַלאַוקראינישער סאָוויעטישער ענציקלאָפּעדיע“ („אַרע“)	Publisher	1	„אַלאַוקראינישער סאָוויעטישער ענציקלאָפּעדיע“ („אַרע“)														
ORG-C03553	קאָמערץ אינסטיטוט אין כאַרקאָוו	Education	1	קאָמערץ אינסטיטוט אין כאַרקאָוו	כאַרקאָוו													
ORG-C03554	קאָמערץ-באַנק	Business	1	קאָמערץ-באַנק	שאַוול													
ORG-C03555	קורסן פֿאַר בוכהאַלטאָרן	Education	1	קורסן פֿאַר בוכהאַלטאָרן	שאַוול													
ORG-C03556	מעזשדונאַראָדנאַיאַ קניגאַ	Publisher	1	מעזשדונאַראָדנאַיאַ קניגאַ														
ORG-C03557	אָפּטיילונג פֿאַרן אויסלענדישן בוך	Non-Jewish political bodies	1	אָפּטיילונג פֿאַרן אויסלענדישן בוך			ליטע	ליטע										
ORG-C03558	יידישער גימנאָזיע אויפֿן נאָמען פֿון שלום-עליכם	Education	1	יידישער גימנאָזיע אויפֿן נאָמען פֿון שלום-עליכם	קאָוונע													
ORG-C03559	יידישער שול אין דער געטאָ	Education	1	יידישער שול אין דער געטאָ	ריגע		ריגער געטאָ											
ORG-C03560	דער כאָר-שול אויף פּעטער גאַס	Education	1	דער כאָר-שול אויף פּעטער גאַס	ריגע	פּעטער גאַס	כאָר-שול											
ORG-C03561	אינדער האָפענינג	Journals/ Newspapers	1	אינדער האָפענינג	וואַרשע			פּוילן										
ORG-C03562	יובל	Publisher	2	יובל	פּשעמישל | תל-אביב													
ORG-C03563	לעמבערגער יידישן הילפסקאָמיטעט	Welfare/Aid organization	1	לעמבערגער יידישן הילפסקאָמיטעט	לעמבערג													
ORG-C03564	ליגע פֿאַר מענטשן רעכט	Non-Jewish political bodies	1	ליגע פֿאַר מענטשן רעכט	פּאַריז			פראַנקרייך										
ORG-C03565	וואַרשעווער קינאַ-טעאָטער 'פאַמאַ'	Theatre	1	וואַרשעווער קינאַ-טעאָטער 'פאַמאַ'	וואַרשע		קינאַ-טעאָטער 'פאַמאַ'											
ORG-C03566	וואַרשעווער יידישן אַרטיסטן ווינקל	Theatre	1	וואַרשעווער יידישן אַרטיסטן ווינקל	וואַרשע													
ORG-C03567	יידישע דראַמאַטישע געזעלשאַפֿט בינע	Theatre	1	יידישע דראַמאַטישע געזעלשאַפֿט בינע	ריישע				607 | 621 | 446	0.629 | 0.629 | 0.613	fuzzy | fuzzy | ipa_phonetic							
ORG-C03568	פֿראַנצויזיש-העברעישער אַליאַנס-שול	Education	1	פֿראַנצויזיש-העברעישער אַליאַנס-שול	זכרון יעקב			ארץ ישראל										
ORG-C03569	יידישער פֿאָלקס-פּאַרטיי	Jewish political bodies	1	יידישער פֿאָלקס-פּאַרטיי	וואַרשע			פּוילן										
ORG-C03570	פֿאָלקיסטישן יוגנט-פֿאַרבאַנד פרץ	Jewish political bodies	1	פֿאָלקיסטישן יוגנט-פֿאַרבאַנד פרץ														
ORG-C03571	טעאַטערצייטונג און פֿאַרוויילונגסבלאַט	Journals/ Newspapers	1	טעאַטערצייטונג און פֿאַרוויילונגסבלאַט	וואַרשע			פּוילן										
ORG-C03572	"יס""א"	Welfare/Aid organization	1	"יס""א"	וואַרשע		וואַרשעווער געטאָ	פּוילן										
ORG-C03573	תקומה	Theatre-related Society/ Union	1	תקומה	וואַרשע		וואַרשעווער געטאָ	פּוילן										
ORG-C03574	פֿאַראייניקטן אַנטי-היטלעריסטישן קאָמיטעט	Jewish political bodies	1	פֿאַראייניקטן אַנטי-היטלעריסטישן קאָמיטעט														
ORG-C03575	נאַציאָנאַל-סאָציאַליסטישער פֿראַקציע	Jewish political bodies	1	נאַציאָנאַל-סאָציאַליסטישער פֿראַקציע														
ORG-C03576	רוסישיידישער אָנפאַנג-שול פון פּאַס	Education	1	רוסישיידישער אָנפאַנג-שול פון פּאַס														
ORG-C03577	יעוורעיסקי מיר	Journals/ Newspapers	1	יעוורעיסקי מיר														
ORG-C03578	אַנ-סקי קאָמיטעט	Heritage Institution	1	אַנ-סקי קאָמיטעט														
ORG-C03579	סאָוויעטיש-יידישער ראַדיאָ	Media (Radio/ Film/TV)	1	סאָוויעטיש-יידישער ראַדיאָ	לעמבערג													
ORG-C03580	קונסט-פֿאַריין	Theatre	1	קונסט-פֿאַריין	ווילנע				306	0.667	ipa_phonetic							
ORG-C03581	קדיש-כאַש	Traveling Company	1	קדיש-כאַש					531	0.625	fuzzy							
ORG-C03582	אַברהם גאַכאַנסקיס וואַנדער-טרופּע	Traveling Company	1	אַברהם גאַכאַנסקיס וואַנדער-טרופּע	קעשענער													
ORG-C03583	רוסיש-יידישע פֿאָלקשול	Education	1	רוסיש-יידישע פֿאָלקשול	ווילנע													
ORG-C03584	פֿאַך-שול „הילף דורך אַרבעט“	Education	1	פֿאַך-שול „הילף דורך אַרבעט“	ווילנע													
ORG-C03585	דראַמקאָלעקטיוו „דאָווקע“	Traveling Company	1	דראַמקאָלעקטיוו „דאָווקע“														
ORG-C03586	ווילנער יידישן מאַריאָנעטן-טעאַטער „מיידים“	Theatre	1	ווילנער יידישן מאַריאָנעטן-טעאַטער „מיידים“	ווילנע													
ORG-C03587	ווייסרוסישן אָפּערע-טעאַטער	Theatre	1	ווייסרוסישן אָפּערע-טעאַטער					570 | 571	0.739 | 0.654	ipa_phonetic | ipa_phonetic							
ORG-C03588	"דראַמאַטישע טרופּע אין טעאַטער „צענטראַל"""	Traveling Company	1	"דראַמאַטישע טרופּע אין טעאַטער „צענטראַל"""	וואַרשע	לעש 1	"טעאַטער „צענטראַל"""											
ORG-C03589	"ברוקלינער „געטי""-טעאַטער"	Theatre	1	"ברוקלינער „געטי""-טעאַטער"	ברוקלין		"„געטי""-טעאַטער"											
ORG-C03590	מאָריס שוואַרצס יידישן קונסט-טעאַטער	Theatre	3	מאָריס שוואַרצס יידישן קונסט-טעאַטער	ניו יאָרק		יידישן קונסט-טעאַטער	אַמעריקע	623	0.697	ipa_phonetic							
ORG-C03591	פילהאַרמאָניע-זאָל	Theatre	1	פילהאַרמאָניע-זאָל	לאדזשער		פילהאַרמאָניע-זאָל											
ORG-C03592	פילהאַרמאָניעטעאַטער	Theatre	1	פילהאַרמאָניעטעאַטער	לאָדזש		לאָדזשער פילהאַרמאָניעטעאַטער											
ORG-C03593	רעוויי קאָסמאָפּאָליטאָן	Theatre	1	רעוויי קאָסמאָפּאָליטאָן														
ORG-C03594	דרור	Education	1	דרור	וואַרשע													
ORG-C03595	הבמה העברית	Theatre	1	הבמה העברית	לאָדזש		זאַל פון „הזמיר											
ORG-C03596	גימנאַזיע פֿון לעווין	Education	1	גימנאַזיע פֿון לעווין	לאָדזש													
ORG-C03597	הקיבוץ המאוחד	Publisher	1	הקיבוץ המאוחד				אַרץישראל	2	1.000	exact	ALIGN	2				Sinai	2026-04-12T09:54:15Z
ORG-C03598	גראָדנער רוסישער טרופּע	Traveling Company	1	גראָדנער רוסישער טרופּע	גראָדנע				43	0.667	ipa_phonetic							
ORG-C03599	יידישער דראַמאַטישער טעאַטער	Theatre	1	יידישער דראַמאַטישער טעאַטער	וואַרשע				480 | 609	0.640 | 0.600	ipa_phonetic | ipa_phonetic							
ORG-C03600	מאָריס שוואַרץ-אַנסאַמבל	Traveling Company	1	מאָריס שוואַרץ-אַנסאַמבל														
ORG-C03601	רייכע קבצנים	Theatre	1	רייכע קבצנים														
ORG-C03602	קיעווער יידישן טעאַטער פֿון דער אַרבעטער-יוגנט	Theatre	1	קיעווער יידישן טעאַטער פֿון דער אַרבעטער-יוגנט	קיעוו		קיעווער יידישן טעאַטער פֿון דער אַרבעטער-יוגנט											
ORG-C03603	קיעווער דראַמאַטישן אינסטיטוט	Education	1	קיעווער דראַמאַטישן אינסטיטוט	קיעוו		קיעווער דראַמאַטישן אינסטיטוט											
ORG-C03604	קיעווער יידישן קינדער-טעאַטער	Theatre	1	קיעווער יידישן קינדער-טעאַטער	קיעוו		קיעווער יידישן קינדער-טעאַטער		515 | 571 | 472 | 500 | 505	0.741 | 0.704 | 0.667 | 0.667 | 0.667	ipa_phonetic | ipa_phonetic | ipa_phonetic | ipa_phonetic | ipa_phonetic							
ORG-C03605	טעאַטראַלן אינסטיטוט	Education	2	טעאַטראַלן אינסטיטוט	מאָסקווע		טעאַטראָלן אינסטיטוט											
ORG-C03606	כערסאָנער טעאַטער	Theatre	1	כערסאָנער טעאַטער	כערסאָן		כערסאָנער טעאַטער		161 | 577 | 627 | 630 | 296	0.688 | 0.667 | 0.667 | 0.667 | 0.667	ipa_phonetic | ipa_phonetic | ipa_phonetic | ipa_phonetic | ipa_phonetic							
ORG-C03607	לוואָווער טעאַטער	Theatre	1	לוואָווער טעאַטער	לוואָוו		לוואָווער טעאַטער		627 | 577 | 426 | 630 | 296	1.000 | 0.769 | 0.769 | 0.692 | 0.692	exact | ipa_phonetic | ipa_phonetic | ipa_phonetic | ipa_phonetic	NEW	627				Bella	2026-05-15T13:06:15Z
ORG-C03608	טשערנאָוויצער יידישער מלוכה-טעאַטער	Theatre	1	טשערנאָוויצער יידישער מלוכה-טעאַטער	טשערנאָוויץ		טשערנאָוויצער יידישער מלוכה-טעאַטער		597 | 569 | 535 | 540 | 510	1.000 | 0.879 | 0.758 | 0.758 | 0.727	exact | ipa_phonetic | ipa_phonetic | ipa_phonetic | ipa_phonetic	NEW	597				Bella	2026-05-10T09:58:30Z
ORG-C03609	דרוקעריי פֿון שריפֿטזעצער און ראָזענקראַנץ	Publisher	1	דרוקעריי פֿון שריפֿטזעצער און ראָזענקראַנץ	ווילנע		דרוקעריי פֿון שריפֿטזעצער און ראָזענקראַנץ											
ORG-C03610	טרופּע פֿון טעאַטער-דירעקטאָר מישע נעמער	Traveling Company	1	טרופּע פֿון טעאַטער-דירעקטאָר מישע נעמער														
ORG-C03611	פּרץ הירשביין-טרופּע	Traveling Company	2	פּרץ הירשביין-טרופּע														
ORG-C03612	סאַלאָמאָן גענפער	Traveling Company	1	סאַלאָמאָן גענפער	ווילנע													
ORG-C03613	די אידישע וואָך	Journals/ Newspapers	2	די אידישע וואָך	וואַרשע			פּוילן	223 | 614 | 564	0.692 | 0.611 | 0.600	ipa_phonetic | ipa_phonetic | ipa_phonetic							
ORG-C03614	פּויליש-יידישער גימנאַזיע	Education	1	פּויליש-יידישער גימנאַזיע	וואַרשע			פּוילן										
ORG-C03615	„אידדראַמסט“	Traveling Company	1	„אידדראַמסט“	בוענאָס איירעס			אַרגענטינע										
ORG-C03616	„דער פאַראייניקטער דראַמקרייז די קאָפּעליע“	Traveling Company	1	„דער פאַראייניקטער דראַמקרייז די קאָפּעליע“	בריסל			בעלגיע										
ORG-C03617	טעאַטער פֿאַר דער אַרבעטער-יוגנט	Theatre	1	טעאַטער פֿאַר דער אַרבעטער-יוגנט														
ORG-C03618	מאָסקווער מלוכהשער יידישער טעאַטראַלער שול	Education	1	מאָסקווער מלוכהשער יידישער טעאַטראַלער שול	מאָסקווע													
ORG-C03619	דאָריאַ ניקאָדעמים	Theatre	1	דאָריאַ ניקאָדעמים	בוקאַרעשט		דאָריאַ ניקאָדעמים	רומעניע										
ORG-C03620	סידי טהאָלטרופּע	Traveling Company	1	סידי טהאָלטרופּע	בוקאַרעשט			רומעניע										
ORG-C03621	אָדעסער קאָלעקטיוו	Traveling Company	3	אָדעסער קאָלעקטיוו	אָדעס | אָדעסער		אָדעסער קאָלעקטיוו											
ORG-C03622	אָסטיודישער צייטונג	Journals/ Newspapers	1	אָסטיודישער צייטונג					81	0.684	ipa_phonetic							
ORG-C03623	טשערנאָוויצער מאָרגענבלאַט	Journals/ Newspapers	1	טשערנאָוויצער מאָרגענבלאַט	טשערנאָוויץ													
ORG-C03624	יודישער פריינד	Journals/ Newspapers	1	יודישער פריינד														
ORG-C03625	טשערנאָוויצער שולפאַריין	Education	1	טשערנאָוויצער שולפאַריין	טשערנאָוויץ													
ORG-C03626	ראַדזימינער בית המדרש	Education	1	ראַדזימינער בית המדרש	ראַדזימין		בית המדרש											
ORG-C03627	ליטעראַטורפאַנד ביים וואַרשעווער פאַריין פון יידישע ליטעראַטן און זשורנאַליסטן	Publisher	1	ליטעראַטורפאַנד ביים וואַרשעווער פאַריין פון יידישע ליטעראַטן און זשורנאַליסטן	וואַרשע			פּוילן										
ORG-C03628	וואַרשעווער פאַריין פון יידישע ליטעראַטן און זשורנאַליסטן	Theatre-related Society/ Union	1	וואַרשעווער פאַריין פון יידישע ליטעראַטן און זשורנאַליסטן	וואַרשע			פּוילן										
ORG-C03629	וואַרשעווער אַלמאַנאָך	Journals/ Newspapers	1	וואַרשעווער אַלמאַנאָך	וואַרשע			פּוילן										
ORG-C03630	זשיטאָמירער גימנאַזיע	Education	1	זשיטאָמירער גימנאַזיע	זשיטאָמיר													
ORG-C03631	העכערע פּעדאַגאָגישע קורסן	Education	1	העכערע פּעדאַגאָגישע קורסן	קיעוו													
ORG-C03632	קיעווער טעאַטעראינסטיטוט	Education	1	קיעווער טעאַטעראינסטיטוט	קיעוו													
ORG-C03633	משולחת	Traveling Company	1	משולחת	קיעוו													
ORG-C03634	מלוכה-טעאַטער פאַרן יונגען צושויער	Theatre	1	מלוכה-טעאַטער פאַרן יונגען צושויער	קיעוו													
ORG-C03635	פאַרבאַנד פֿון סאָוויעטישע שרייבער אין אוקראַינע	Theatre-related Society/ Union	1	פאַרבאַנד פֿון סאָוויעטישע שרייבער אין אוקראַינע														
ORG-C03636	זשורנאַל שטערן	Journals/ Newspapers	2	זשורנאַל שטערן	מינסק													
ORG-C03637	אַנדיזשאַנסקער שול פאַר קוילן-וואַרפער	Education	1	אַנדיזשאַנסקער שול פאַר קוילן-וואַרפער	אַנדיזשאַן													
ORG-C03638	מאָסקווער הינטער אויגיקן טעאַטראַלן אינסטיטוט	Education	1	מאָסקווער הינטער אויגיקן טעאַטראַלן אינסטיטוט	מאָסקווע													
ORG-C03639	קיעווער יידישן פּעדאַגאָגישן אינסטיטוט	Education	1	קיעווער יידישן פּעדאַגאָגישן אינסטיטוט	קיעוו													
ORG-C03640	פֿאַכלערס מיניאַטור-טרופּע	Traveling Company	2	פֿאַכלערס מיניאַטור-טרופּע	קאָנסטאַנטינאָפּאָל			רוסלאַנד										
ORG-C03641	מלוכהשע דראָמאַטישע שול אין וואַרשע	Education	1	מלוכהשע דראָמאַטישע שול אין וואַרשע	וואַרשע													
ORG-C03642	פּוילישע וועלדער	Media (Radio/ Film/TV)	1	פּוילישע וועלדער														
ORG-C03643	דוד שטעפּלער (פּאַרקע)	Labour (factory/workshop)	1	דוד שטעפּלער (פּאַרקע)	לעמבערג													
ORG-C03644	די פּוילישע זינגער	Traveling Company	2	די פּוילישע זינגער | פּוילישע זינגער														
ORG-C03645	לעקסיקאָן-אָוונט	Theatre	2	לעקסיקאָן-אָוונט	לעמבער | לעמבערג													
ORG-C03646	די לינקע פּועלי ציון	Jewish political bodies	1	די לינקע פּועלי ציון														
ORG-C03647	גראָשן-ביבליאָטעק	Publisher	1	גראָשן-ביבליאָטעק														
ORG-C03648	פעניקס	Publisher	2	פעניקס	וואַרשע			פּוילן										
ORG-C03649	טרופּע פון זיידערמאַן-קוטנער	Traveling Company	1	טרופּע פון זיידערמאַן-קוטנער														
ORG-C03650	לאָדזשער „הזמיר“	Musical organization	2	לאָדזשער „הזמיר“	לאָדזש | לאָדזשער		הזמיר	פּוילן										
ORG-C03651	לאָדזשער „האַרפע“	Musical organization	1	לאָדזשער „האַרפע“	לאָדזש			פּוילן										
ORG-C03652	לאדזשער דייטשן „טאַליאַ-טעאַטער“	Theatre	1	לאדזשער דייטשן „טאַליאַ-טעאַטער“	לאדזש		„טאַליאַ-טעאַטער“	פּוילן	494 | 565 | 604	0.679 | 0.607 | 0.607	ipa_phonetic | ipa_phonetic | ipa_phonetic							
ORG-C03653	אָרקעסטער פֿון פֿייערלעשער	Musical organization	1	אָרקעסטער פֿון פֿייערלעשער														
ORG-C03654	רעכטע פּועלי ציון	Jewish political bodies	1	רעכטע פּועלי ציון														
ORG-C03655	'דער סוחר'	Journals/ Newspapers	1	'דער סוחר'	וואַרשע													
ORG-C03656	'די פּאַנאַראַמע'	Journals/ Newspapers	1	'די פּאַנאַראַמע'	וואַרשע													
ORG-C03657	שרייבער-הויז	Heritage Institution	1	שרייבער-הויז	ביאַליסטאָק													
ORG-C03658	פֿאָלקס-מיליץ	Military	1	פֿאָלקס-מיליץ														
ORG-C03659	פּאַרטיזאַנער	Military	1	פּאַרטיזאַנער														
ORG-C03660	אַרלאַמפּ-קאַניעווסקאַ	Traveling Company	2	אַרלאַמפּ-קאַניעווסקאַ | האָרלאָמפּ-קאַניעווסקאַ	קרעמענטשוג		האָרלאָמפּ-קאַניעווסקאַ											
ORG-C03661	קרויזע	Traveling Company	6	קרויזע	אָדעס | קאָנסטאַנטינאָפּאָל													
ORG-C03662	ווייספעלדס יידיש טעאַטער	Theatre	1	ווייספעלדס יידיש טעאַטער	וואַרשע	מאָקאַטאָווסקאַ	ווייספעלדס יידיש טעאַטער		472 | 500	0.636 | 0.636	ipa_phonetic | ipa_phonetic							
ORG-C03663	ניקייטינסקי-טעאַטער	Theatre	1	ניקייטינסקי-טעאַטער	מאָסקווע		ניקייטינסקי-טעאַטער		553	0.611	ipa_phonetic							
ORG-C03664	סאָלאָווצאָווס טעאַטער	Theatre	1	סאָלאָווצאָווס טעאַטער	קיעוו		סאָלאָווצאָווס טעאַטער											
ORG-C03665	"צישאַ""-שול"	Education	1	"צישאַ""-שול"	וואַרשע			פּוילן										
ORG-C03666	"וואַרשעווער „פֿאָלקסצייטונג"""	Journals/ Newspapers	1	"וואַרשעווער „פֿאָלקסצייטונג"""	וואַרשע			פּוילן										
ORG-C03667	וואַרשעווער יידישן דרוקער-פאַריין	Trade Union / Professional Association	1	וואַרשעווער יידישן דרוקער-פאַריין	וואַרשע			פּוילן										
ORG-C03668	קרימער יידישן קאָלעקטיוויסטן טעאַטער	Theatre	1	קרימער יידישן קאָלעקטיוויסטן טעאַטער					536 | 500 | 541	0.636 | 0.606 | 0.606	ipa_phonetic | ipa_phonetic | ipa_phonetic							
ORG-C03669	צאַרישער אַרמיי	Military	1	צאַרישער אַרמיי			קאַווקאַז	רוסלאַנד										
ORG-C03670	בריוסאָווס ליטעראַרישן אינסטיטוט	Education	1	בריוסאָווס ליטעראַרישן אינסטיטוט	מאָסקווע			רוסלאַנד										
ORG-C03671	גימפּעלן אין לעמבערגער יידישן טעאַטער	Theatre	1	גימפּעלן אין לעמבערגער יידישן טעאַטער	לעמבערג		לעמבערגער יידישן טעאַטער											
ORG-C03672	וואַרשע עפּעלבערג	Theatre	1	וואַרשע עפּעלבערג	וואַרשע													
ORG-C03673	אוקראַינישער טרופּע פֿון י. מ. סאַגאַידאַטשני	Traveling Company	1	אוקראַינישער טרופּע פֿון י. מ. סאַגאַידאַטשני														
ORG-C03674	דראַמקרייז „דראַמע און מוזיק“	Theatre	1	דראַמקרייז „דראַמע און מוזיק“														
ORG-C03675	פּראָווינץ-טרופּע „לידאַ“	Traveling Company	1	פּראָווינץ-טרופּע „לידאַ“														
ORG-C03676	גאַסטשפּילן פון לעאָניד סניעגאָוו	Traveling Company	1	גאַסטשפּילן פון לעאָניד סניעגאָוו														
ORG-C03677	לאָדזשער יידישן דראַמאַטישן טעאַטער	Theatre	2	לאָדזשער יידישן דראַמאַטישן טעאַטער | לאָדזשער יידישן דראָמאָטישן טעאַטער	לאָדזש		לאָדזשער יידישן דראַמאַטישן טעאַטער | לאָדזשער יידישן דראָמאָטישן טעאַטער		576 | 472 | 505 | 518 | 525	0.794 | 0.600 | 0.600 | 0.600 | 0.600	ipa_phonetic | ipa_phonetic | ipa_phonetic | ipa_phonetic | ipa_phonetic							
ORG-C03678	ערשטער פֿאַראייניקטער טרופּע אין ליטע	Traveling Company	1	ערשטער פֿאַראייניקטער טרופּע אין ליטע				ליטע										
ORG-C03679	סטודיע ביים קאָוונער „קינדער הויז“	Education	1	סטודיע ביים קאָוונער „קינדער הויז“	קאָוונע		קינדער הויז											
ORG-C03680	טרופּע פֿון בראָנדעסקאָ און בראָסלאָווסקי	Traveling Company	2	טרופּע פֿון בראָנדעסקאָ און בראָסלאָווסקי														
ORG-C03681	מ. רייש	Traveling Company	1	מ. רייש	טשערנאָוויץ													
ORG-C03682	יידישע דראַמאַטישע סעקציע	Traveling Company	1	יידישע דראַמאַטישע סעקציע	טשענסטאָכאָוו													
ORG-C03683	טרופּעס פֿון יפּאָווסקי	Traveling Company	3	טרופּעס פון ליפּאָווסקי | טרופּעס פֿון יפּאָווסקי					578 | 596 | 486 | 542 | 626	0.667 | 0.667 | 0.611 | 0.611 | 0.611	ipa_phonetic | ipa_phonetic | ipa_phonetic | ipa_phonetic | ipa_phonetic							
ORG-C03684	יידישער אַרטיסטן צוזאַמענפֿאָר	Theatre-related Society/ Union	1	יידישער אַרטיסטן צוזאַמענפֿאָר														
ORG-C03685	טרופּע פֿון סיעראָצקי, ראָשטיין א. א.	Traveling Company	1	טרופּע פֿון סיעראָצקי, ראָשטיין א. א.														
ORG-C03686	פֿילם-געזעלשאַפט „מזרחי“	Media (Radio/ Film/TV)	1	פֿילם-געזעלשאַפט „מזרחי“														
ORG-C03687	בןציון וויטלער	Traveling Company	1	בןציון וויטלער														
ORG-C03688	לעמבערגער חברים-טרופּע	Traveling Company	2	לעמבערגער חברים-טרופּע	לעמבערג													
ORG-C03689	וואַנדערנדע חברים-טרופּע א'א פֿון גרשם ראָט	Traveling Company	1	וואַנדערנדע חברים-טרופּע א'א פֿון גרשם ראָט														
ORG-C03690	העכערע רעאַל-שול	Education	1	העכערע רעאַל-שול														
ORG-C03691	קיעווער יידישן טעאַטער	Theatre	1	קיעווער יידישן טעאַטער	קיעוו				472 | 500 | 575 | 609 | 515	0.850 | 0.850 | 0.773 | 0.762 | 0.731	ipa_phonetic | ipa_phonetic | ipa_phonetic | ipa_phonetic | ipa_phonetic	NEW	665				Bella	2026-05-18T15:07:34Z
ORG-C03692	קרימער קאָמוניסטישער אונטערערדישער באַוועגונג	Non-Jewish political bodies	1	קרימער קאָמוניסטישער אונטערערדישער באַוועגונג														
ORG-C03693	וויניצער זשיטאָמירער יידישן מלוכה-טעאַטער	Theatre	10	וויניצער זשיטאָמירער יידישן מלוכה-טעאַטער	וויניצע | זשיטאָמיר | יעקאַטערינאָסלאָוו		וויניצער-זשיטאמירער יידישן מלוכה-טעאַטער		584 | 538 | 535 | 506 | 539	1.000 | 0.800 | 0.714 | 0.684 | 0.684	exact | fuzzy | fuzzy | ipa_phonetic | ipa_phonetic	NEW	584				Bella	2026-05-05T07:42:58Z
ORG-C03694	אוניווערזיטעט	Education	27	אוניווערזיטעט | אוניווערזיטעט אין בערלין | אוניווערזיטעט אין ווין | אוניווערזיטעט אין פּעטערבורג | אוניווערזיטעט אין קראָקע | דעם אוניווערזיטעט	בוקאַרעסט | בערלין | וואַרשע | ווין | טשערנאָוויץ | לאָנדאָן | לענינגראַד | מאָסקווע | סאַראַטאָוו | פּעטערבורג | קיעוו | קראָקע		אוּניווערזיטעט | אוניווערזיטעט | אוניווערזייטעט	דייטשלאַנד | פּוילן | רומעניע | רוסלאַנד	587 | 588 | 595	0.625 | 0.625 | 0.625	fuzzy | fuzzy | fuzzy	SPLIT					Sinai	2026-05-18T10:31:22Z
ORG-C03695	ערשטע ציוניסטישע יוגנט-אָרגאַניזאַציע אין מערבגאַליציע	Jewish political bodies	1	ערשטע ציוניסטישע יוגנט-אָרגאַניזאַציע אין מערבגאַליציע														
ORG-C03696	פּ'-פּאַרטיי	Jewish political bodies	1	פּ'-פּאַרטיי														
ORG-C03697	יידישן נאַציאָנאַלדאַט	Jewish political bodies	1	יידישן נאַציאָנאַלדאַט	קראָקע													
ORG-C03698	יידישן זעלבסטשוץ-רעגימענט	Military	1	יידישן זעלבסטשוץ-רעגימענט	קראָקע													
ORG-C03699	פּוילישן גרינדונגס-סיים	Non-Jewish political bodies	1	פּוילישן גרינדונגס-סיים	וואַרשע			פּוילן										
ORG-C03700	אַלגעמיינע ציוניסטן	Jewish political bodies	1	אַלגעמיינע ציוניסטן														
ORG-C03701	יידישער קאָלאָ	Jewish political bodies	1	יידישער קאָלאָ					461	0.714	ipa_phonetic							
ORG-C03702	ווינער אינסטיטוט פֿאַר סאָציאַלע וויסנשאַפטן	Education	1	ווינער אינסטיטוט פֿאַר סאָציאַלע וויסנשאַפטן	ווין		אינסטיטוט											
ORG-C03703	פאַרלאַג 'אַרבעטער-היים'	Publisher	1	פאַרלאַג 'אַרבעטער-היים'	וואַרשע													
ORG-C03704	לעמבערגער אוניווערזיטעט	Education	4	לעמבערגער אוניווערזיטעט	לעמבערג		אוניווערסיטעט		561 | 585 | 589 | 590 | 487	0.682 | 0.682 | 0.682 | 0.682 | 0.636	ipa_phonetic | ipa_phonetic | ipa_phonetic | ipa_phonetic | ipa_phonetic							
ORG-C03705	יידישן אַקאַדעמישן הויז	Education	1	יידישן אַקאַדעמישן הויז	וואַרשע													
ORG-C03706	וואַרשעווער טעגלעכער פּרעסע	Journals/ Newspapers	1	וואַרשעווער טעגלעכער פּרעסע	וואַרשע			פּוילן										
ORG-C03707	"ווילנער טעאַטער „פּאַלאַס"""	Theatre	2	"ווילנער טעאַטער „פּאַלאַס"""	ווילנע		"ווילנער טעאַטער „פּאַלאַס"" | ווילנער טעאַטער „פאלאס“"											
ORG-C03708	די וואָך	Journals/ Newspapers	4	די וואָך	ווילנע | נ. י. | ריגע							SPLIT		Cluster contains publications with the same name ('Di Vokh') from distinct locations (Vilna, Riga, New York) which are separate entities.			auto_drafter	2026-05-17T17:07:26Z
ORG-C03709	פערלאָג נ. מאַזיאַ	Publisher	1	פערלאָג נ. מאַזיאַ	ווילנאַ													
ORG-C03710	פאַרלאַג ש. שרעבערק	Publisher	1	פאַרלאַג ש. שרעבערק	ווילנע													
ORG-C03711	אַנטי-פאַשיסטישער באַוועגונג	Non-Jewish political bodies	1	אַנטי-פאַשיסטישער באַוועגונג														
ORG-C03712	אָדעסער תלמוד תורה א'אַ	Education	1	אָדעסער תלמוד תורה א'אַ	אָדעס			אוקראַינע										
ORG-C03713	אָדעסער שטאָטישער שול פֿון אַפרתי	Education	2	אָדעסער שטאָטישער שול פֿון אַפרתי	אָדעס													
ORG-C03714	אָפיצירן-קלוב אין וואָלסק	Military	1	אָפיצירן-קלוב אין וואָלסק	וואָלסק													
ORG-C03715	ערשטער יידישער קאָנסערוואַטאָריע פֿון פּיניע מינקאָווסקי	Education	2	ערשטער יידישער קאָנסערוואַטאָריע פֿון פּיניע מינקאָווסקי														
ORG-C03716	"יידישן מלוכה-טעאַטער „קונסט-ווינקל"""	Theatre	2	"יידישן מלוכה-טעאַטער „קונסט-ווינקל"""	קיעוו		קונסט-ווינקל		546 | 471 | 499 | 598	0.758 | 0.667 | 0.667 | 0.606	ipa_phonetic | ipa_phonetic | ipa_phonetic | ipa_phonetic							
ORG-C03717	אַרבעטער קינדער-טעאַטער אין אַרגענטינע	Theatre	1	אַרבעטער קינדער-טעאַטער אין אַרגענטינע				אַרגענטינע										
ORG-C03718	"אַרבעטער-קלוב „ספּאַרטאַק"""	Jewish political bodies	1	"אַרבעטער-קלוב „ספּאַרטאַק"""	בוענאָס איירעס			אַרגענטינע										
ORG-C03719	אָפּערעטן-טעאַטער	Theatre	2	אָפּערעטן-טעאַטער	ווין		אָפּערעטן-טעאַטער	עסטרייך	622 | 122 | 509 | 526 | 528	0.857 | 0.643 | 0.643 | 0.643 | 0.643	ipa_phonetic | ipa_phonetic | ipa_phonetic | ipa_phonetic | ipa_phonetic							
ORG-C03720	טעאַטראַלן אינסטיטוט אויף ליסענקאָס נאָמען	Education	1	טעאַטראַלן אינסטיטוט אויף ליסענקאָס נאָמען														
ORG-C03721	קאָמוניסטישע פאָן	Journals/ Newspapers	1	קאָמוניסטישע פאָן	קיעוו													
ORG-C03722	קינדער-פֿאַרלאַג באָט צ. ק. ל. ק. י. פ. או.	Publisher	1	קינדער-פֿאַרלאַג באָט צ. ק. ל. ק. י. פ. או.	כאַרקאָוו													
ORG-C03723	אוקרמעלוכענאַנצינדפֿאַרלאָג	Publisher	1	אוקרמעלוכענאַנצינדפֿאַרלאָג	קיעוו													
ORG-C03724	קיעווער טעאַטראַלן אינסטיטוט אויפֿן נאָמען פֿון לייסענקאַ	Education	1	קיעווער טעאַטראַלן אינסטיטוט אויפֿן נאָמען פֿון לייסענקאַ	קיעוו		קיעווער טעאַטראַלן אינסטיטוט											
ORG-C03725	„געגנטלעכן יידישן מלוכה טעאַטער אויפֿן נאָמען פֿון שלום-עליכם ביים זשיטאָמירער געגנטלעכן אָפּטייל פֿאַר קונסט“	Theatre	1	„געגנטלעכן יידישן מלוכה טעאַטער אויפֿן נאָמען פֿון שלום-עליכם ביים זשיטאָמירער געגנטלעכן אָפּטייל פֿאַר קונסט“	זשיטאָמיר		זשיטאָמירער געגנטלעכן אָפּטייל פֿאַר קונסט											
ORG-C03726	אָדעסער מוזיי אויפֿן נאָמען פֿון מענדעלע מוכר ספרים	Heritage Institution	1	אָדעסער מוזיי אויפֿן נאָמען פֿון מענדעלע מוכר ספרים	אָדעס		אָדעסער מוזיי אויפֿן נאָמען פֿון מענדעלע מוכר ספרים											
ORG-C03727	אָדעסער יידישע טעאַטער-סטודיע	Education	1	אָדעסער יידישע טעאַטער-סטודיע	אָדעסע													
ORG-C03728	יידישן מלוכה-טעאַטער „געזקולט	Theatre	1	יידישן מלוכה-טעאַטער „געזקולט				אוקראינע	546 | 471 | 499 | 598	0.724 | 0.714 | 0.714 | 0.656	ipa_phonetic | ipa_phonetic | ipa_phonetic | ipa_phonetic							
ORG-C03729	יידישן טעאַטער פֿון אַרבעטער-יוגנט	Theatre	1	יידישן טעאַטער פֿון אַרבעטער-יוגנט	כאַרקאָוו		יידישן טעאַטער פֿון אַרבעטער-יוגנט											
ORG-C03730	קרימער יידישן קאָלווירטישן טעאַטער	Theatre	1	קרימער יידישן קאָלווירטישן טעאַטער			קרים		576 | 536 | 500 | 535 | 633	0.647 | 0.645 | 0.613 | 0.613 | 0.613	ipa_phonetic | ipa_phonetic | ipa_phonetic | ipa_phonetic | ipa_phonetic							
ORG-C03731	מאָסקווער יידישע טעאַטערשול	Education	1	מאָסקווער יידישע טעאַטערשול	מאָסקווער													
ORG-C03732	יאָנג מען חבר אַסאַסייישן	Welfare/Aid organization	1	יאָנג מען חבר אַסאַסייישן	מעקסיקע													
ORG-C03733	כאַנק באַנקאַ מערקאָנטייל דע מעניקאָ	Business	1	כאַנק באַנקאַ מערקאָנטייל דע מעניקאָ	מעקסיקע													
ORG-C03734	גרויסער יידישער שול אין מעקסיקע	Education	3	גרויסער יידישער שול אין מעקסיקע | דער גרויסער יידישער שול אין מעקסיקע	מעקסיקע		דער גרויסער יידישער שול											
ORG-C03735	מעקסיקאַנער פֿילם קאָמפּאָני	Media (Radio/ Film/TV)	1	מעקסיקאַנער פֿילם קאָמפּאָני	מעקסיקע													
ORG-C03736	מעקסיקאַנער ישראל האַנדלס קאָמער	Business	1	מעקסיקאַנער ישראל האַנדלס קאָמער	מעקסיקע													
ORG-C03737	אינדוסטרי פינאַנס באַנק	Business	1	אינדוסטרי פינאַנס באַנק														
ORG-C03738	יתומים-היים פֿאַר מיידלעך	Welfare/Aid organization	1	יתומים-היים פֿאַר מיידלעך	ירושלים			ישראל										
ORG-C03739	אוניווערסיטעט אין תל אביב	Education	1	אוניווערסיטעט אין תל אביב	תל אביב			ישראל										
ORG-C03740	יוגנט-היים	Welfare/Aid organization	1	יוגנט-היים	פת													
ORG-C03741	פֿריינט פֿון אַרבעטנדיקן ישראל	Jewish political bodies	1	פֿריינט פֿון אַרבעטנדיקן ישראל														
ORG-C03742	קולטורקאָמיסיע ביים יידישן צענטראָל-קאָמיטעט אין מעקסיקע	Jewish political bodies	1	קולטורקאָמיסיע ביים יידישן צענטראָל-קאָמיטעט אין מעקסיקע	מעקסיקע													
ORG-C03743	יידישן צענטראָל-קאָמיטעט אין מעקסיקע	Jewish political bodies	1	יידישן צענטראָל-קאָמיטעט אין מעקסיקע	מעקסיקע													
ORG-C03744	יידישן הילפס-פֿאַריין	Welfare/Aid organization	1	יידישן הילפס-פֿאַריין				מעקסיקע										
ORG-C03745	מדינת ישראל	Jewish political bodies	1	מדינת ישראל														
ORG-C03746	יידישער זעלבסטשוץ	Military	1	יידישער זעלבסטשוץ														
ORG-C03747	קליידער-פֿאָבריק	Labour (factory/workshop)	1	קליידער-פֿאָבריק	לאָס אָנדזשעלעס													
ORG-C03748	בלעקסטאָון ריטייערמענט רעזידענץ	Not an organization	1	בלעקסטאָון ריטייערמענט רעזידענץ	מימי ביעטש		בלעקסטאָון ריטייערמענט רעזידענץ											
ORG-C03749	דרום פלאָרידא קאונסל פון בני ברית לאָדזשעס	Welfare/Aid organization	1	דרום פלאָרידא קאונסל פון בני ברית לאָדזשעס			דרום פלאָרידא											
ORG-C03750	מימי ביעטש סיוויק ליג	Non-Jewish political bodies	1	מימי ביעטש סיוויק ליג	מימי ביעטש													
ORG-C03751	בראַדערהוד פֿון טעמפּל עמנואל	Religious institutions/organizations	1	בראַדערהוד פֿון טעמפּל עמנואל														
ORG-C03752	עלקס	Welfare/Aid organization	1	עלקס														
ORG-C03753	אָפּטימיסטס	Welfare/Aid organization	1	אָפּטימיסטס														
ORG-C03754	אַלד פעלאָוס	Welfare/Aid organization	1	אַלד פעלאָוס														
ORG-C03755	סטעיט קאָמישאַן פֿאַר עלטערע מענטשן	Non-Jewish political bodies	1	סטעיט קאָמישאַן פֿאַר עלטערע מענטשן			פלאָרידאַ											
ORG-C03756	פלאָרידאַ קאָונסל פֿאַר עלטערע מענטשן	Welfare/Aid organization	1	פלאָרידאַ קאָונסל פֿאַר עלטערע מענטשן			פלאָרידאַ											
ORG-C03757	דזשעראַנטאָלאָדזשיקל סאָסייעט פֿון אַמעריקע	Trade Union / Professional Association	1	דזשעראַנטאָלאָדזשיקל סאָסייעט פֿון אַמעריקע			אַמעריקע	אַמעריקע										
ORG-C03758	וועסטסייד יידישן צענטער	Welfare/Aid organization	1	וועסטסייד יידישן צענטער	לאָס אַנדזשעלעס		וועסטסייד יידישן צענטער											
ORG-C03759	אָרגאַניזאַציע פון דער שאַרית הפליטה	Welfare/Aid organization	1	אָרגאַניזאַציע פון דער שאַרית הפליטה														
ORG-C03760	מלאָווער אָפּאַטאָשן קלוב	Theatre-related Society/ Union	1	מלאָווער אָפּאַטאָשן קלוב														
ORG-C03761	בית אל	Theatre	1	בית אל	לאָס אַנדזשעלעס		בית אל											
ORG-C03762	רוסישער רעאַל-שול	Education	2	רוסישער רעאַל-שול	כאָר		רוסישער רעאַל-שול											
ORG-C03763	דראַמאַטישע „טאָג-צייטונגען“	Theatre	1	דראַמאַטישע „טאָג-צייטונגען“														
ORG-C03764	וואַרדי-יאַעליט טעאַטער סטודיע	Theatre	1	וואַרדי-יאַעליט טעאַטער סטודיע														
ORG-C03765	יוניוואוירסיטי פֿאַר דזשודאָאיזם	Education	1	יוניוואוירסיטי פֿאַר דזשודאָאיזם	לאָס אַנדזשעלעס													
ORG-C03766	שטילער און ביעלאָשעווסקי	Business	1	שטילער און ביעלאָשעווסקי														
ORG-C03767	מעטראָפּאָליטאָן-אָפּערע	Theatre	4	מעטראָפּאָליטאָן-אָפּערע	אַטלאַנטאָ | ניו-יאָרק | ניו-יאָָרק | פֿילאָדעלפיע		מעטראָפּאָליטאָן-אָפּערע	אַמעריקע | אַמעריקע										
ORG-C03768	„מעיסאָן“	Theatre	1	„מעיסאָן“	לאָס אַנדזשעלעס	בראָדוועי												
ORG-C03769	„פילהאַרמאָניע“-אוידיטאָריע	Theatre	1	„פילהאַרמאָניע“-אוידיטאָריע	לאָס אַנדזשעלעס													
ORG-C03770	נעשאַנאָל בראָדקעסטינג	Media (Radio/ Film/TV)	1	נעשאַנאָל בראָדקעסטינג														
ORG-C03771	דייטשישער שול	Education	1	דייטשישער שול	פּיאַטריקאָוו		דייטשישער שול	פּוילן										
ORG-C03772	קרינסקי שולע	Education	1	קרינסקי שולע	פּיאַטריקאָוו		קרינסקי שולע	פּוילן										
ORG-C03773	וואָרשעווער חיים סאַלאָמאָן האום און שול	Education	1	וואָרשעווער חיים סאַלאָמאָן האום און שול			וואָרשעווער חיים סאַלאָמאָן האום און שול	אַמעריקע										
ORG-C03774	מאָסקווער טעאָטער-סטודיע	Education	1	מאָסקווער טעאָטער-סטודיע	מאָסקווער													
ORG-C03775	קדושים באַנד	Publisher	1	קדושים באַנד														
ORG-C03776	סטאָר פלעיערס	Traveling Company	1	סטאָר פלעיערס														
ORG-C03777	רחל-גרופּע פון דער פּיאָנערן פרויען-אָרגאָניזאַציע	Jewish political bodies	1	רחל-גרופּע פון דער פּיאָנערן פרויען-אָרגאָניזאַציע														
ORG-C03778	דער אַשכנזישער קהלה אין מעקסיקע	Religious institutions/organizations	1	דער אַשכנזישער קהלה אין מעקסיקע	מעקסיקע			מעקסיקע										
ORG-C03779	קולטור-דעפּאָרטאָמענט	Religious institutions/organizations	1	קולטור-דעפּאָרטאָמענט	מעקסיקע			מעקסיקע										
ORG-C03780	כאָר „הזמיר“	Musical organization	1	כאָר „הזמיר“														
ORG-C03781	פעסטיוואָל פון יידישער מוזיק און נגינה	Not an organization	1	פעסטיוואָל פון יידישער מוזיק און נגינה														
ORG-C03782	דראָמקרייז פֿון בעלי מלאַכות (האַנטווערקער פֿאַראיין)	Theatre	1	דראָמקרייז פֿון בעלי מלאַכות (האַנטווערקער פֿאַראיין)	טשענסטאָכאָוו			פּוילן										
ORG-C03783	ווילנער אָפּערעטן טרופּע פֿון קדיש-כאש	Traveling Company	1	ווילנער אָפּערעטן טרופּע פֿון קדיש-כאש														
ORG-C03784	שלמה מענדעלסאָן ברענטש 683	Jewish political bodies	1	שלמה מענדעלסאָן ברענטש 683	שיקאַגע			אַמעריקע										
ORG-C03785	אָרטור זיגעלבוים ברענטש	Jewish political bodies	1	אָרטור זיגעלבוים ברענטש	שיקאַגע			אַמעריקע										
ORG-C03786	זאָגלעמביא קלוב	Welfare/Aid organization	1	זאָגלעמביא קלוב	לאָס אַנדזשעלעס			אַמעריקע										
ORG-C03787	לאָדזשער אָרטיקן יידישן טעאַטער	Theatre	1	לאָדזשער אָרטיקן יידישן טעאַטער	לאָדזש				472 | 575	0.667 | 0.630	ipa_phonetic | ipa_phonetic							
ORG-C03788	אָדלער	Traveling Company	9	אָדלער | טרופּע פֿון אָדלער	ניו יאָרק | פּראָווינץ		אַמעריקע	אַמעריקע										
ORG-C03789	אָרטיקער יידישער ביבליאָטעק	Library	1	אָרטיקער יידישער ביבליאָטעק	נאָשעלסק			פּוילן										
ORG-C03790	נאָשעלקעס און אומגעגענד הילפס סאָסייעטי	Welfare/Aid organization	1	נאָשעלקעס און אומגעגענד הילפס סאָסייעטי	לאָס אַנדזשעלעס			אַמעריקע										
ORG-C03791	קינדער-היים	Not an organization	1	קינדער-היים	קרית אונו			ישראל										
ORG-C03792	נאַשעלסקער אָרגאַניזאַציע	Welfare/Aid organization	1	נאַשעלסקער אָרגאַניזאַציע														
ORG-C03793	ראובן בריינין קליניק	Health institutions	1	ראובן בריינין קליניק				ישראל										
ORG-C03794	פֿאַך שול אין ינחלת נאָשעלסק	Education	1	פֿאַך שול אין ינחלת נאָשעלסק	ינחלת נאָשעלסק			ישראל										
ORG-C03795	„היים פֿאַר עלטערע“ ביים אַרבעטער רינג	Welfare/Aid organization	1	„היים פֿאַר עלטערע“ ביים אַרבעטער רינג														
ORG-C03796	לאָדזשער יאָנג לעידיס	Welfare/Aid organization	1	לאָדזשער יאָנג לעידיס														
ORG-C03797	אַסאָשיעיד לאָדזשער לעידיס	Welfare/Aid organization	1	אַסאָשיעיד לאָדזשער לעידיס														
ORG-C03798	יונייטער לאָדזשער רעליף	Welfare/Aid organization	1	יונייטער לאָדזשער רעליף														
ORG-C03799	אַרבעטער רינג כרענטש 324	Jewish political bodies	1	אַרבעטער רינג כרענטש 324														
ORG-C03800	פֿרויען כרענטש ב 342	Welfare/Aid organization	1	פֿרויען כרענטש ב 342														
ORG-C03801	פֿרויען דיוויזיע ביי דער „היים“	Welfare/Aid organization	1	פֿרויען דיוויזיע ביי דער „היים“														
ORG-C03802	די וולאָדעק קינדער-היים	Not an organization	1	די וולאָדעק קינדער-היים	פאַריז													
ORG-C03803	ספּעציעלע פֿאַנדעישאָן	Welfare/Aid organization	1	ספּעציעלע פֿאַנדעישאָן														
ORG-C03804	טוראַ-סינאַגאָג	Religious institutions/organizations	1	טוראַ-סינאַגאָג	ניופּאָרט		טוראַ-סינאַגאָג											
ORG-C03805	אַמעריקאַנער רעגירונג	Non-Jewish political bodies	1	אַמעריקאַנער רעגירונג														
ORG-C03806	וועלטפֿאַרבאַנד פֿון די בערגען כעלזענער	Welfare/Aid organization	1	וועלטפֿאַרבאַנד פֿון די בערגען כעלזענער														
ORG-C03807	דראָמאַטישע סעקציע	Traveling Company	1	דראָמאַטישע סעקציע														
ORG-C03808	פאַראייניקטער מעמאָריאַל-קאָמיטעט אין לאָס אַנדזשעלעס	OTHER - elaborate!	1	פאַראייניקטער מעמאָריאַל-קאָמיטעט אין לאָס אַנדזשעלעס	לאָס אַנדזשעלעס			אַמעריקע										
ORG-C03809	סטאַר פּלעיערס-קלוב	Traveling Company	1	סטאַר פּלעיערס-קלוב	לאָס אַנדזשעלעס		ווילשייער איבעל טעאַטער											
ORG-C03810	פּאַריזער יידישן טעאַטער א'ד פֿון אבאַ קאָמפּאַנעעץ	Theatre	1	פּאַריזער יידישן טעאַטער א'ד פֿון אבאַ קאָמפּאַנעעץ	פּאַריז		פּאַריזער יידישן טעאַטער	פֿראַנקרייך										
ORG-C03811	צאַרישן מיליטער	Military	1	צאַרישן מיליטער			סיביר											
ORG-C03812	וואַרשעווער געטאָ-אויפֿשטאַנד	Not an organization	1	וואַרשעווער געטאָ-אויפֿשטאַנד	וואַרשע													
ORG-C03813	ישובה „חכמי לובלין“	Education	1	ישובה „חכמי לובלין“	לובלין			פּוילן										
ORG-C03814	פּוילישן פּראָפעסיאנעלן מוזיקער פֿאַריין	Theatre-related Society/ Union	1	פּוילישן פּראָפעסיאנעלן מוזיקער פֿאַריין														
ORG-C03815	קאָמפּאָנעעץ-טעאַטער	Theatre	1	קאָמפּאָנעעץ-טעאַטער	וואָרליסט		מוראַנאָוו		296	0.647	ipa_phonetic	ALIGN	485				Bella	2026-04-27T08:36:43Z
ORG-C03816	אסתר רחל קאמינסקאַ טעאַטער	Theatre	1	אסתר רחל קאמינסקאַ טעאַטער	וואָרליסט	אָבאָזשנע												
ORG-C03817	קאָמיטעט פֿון זעלבסט-הילף פֿאָר קינסטלער (מוזיקער, אַקטיאָרן און מאָלער)	Theatre-related Society/ Union	1	קאָמיטעט פֿון זעלבסט-הילף פֿאָר קינסטלער (מוזיקער, אַקטיאָרן און מאָלער)	וואַרשע		וואַרשעווער געטאָ											
ORG-C03818	פאבריק פון י. ל. שערעשעווסקי	Labour (factory/workshop)	1	פאבריק פון י. ל. שערעשעווסקי	גראדנע		פאבריק פון י. ל. שערעשעווסקי											
ORG-C03819	פרדס רוסאטא	Business	1	פרדס רוסאטא	חדרה		פרדס רוסאטא											
ORG-C03820	ביי טאָמאַשעווסקין	Theatre	2	ביי טאָמאַשעווסקין | ביי טאָמאָשעווסקי	אַמעריקע													
ORG-C03821	קיעטס וואָדעוויל-סוירקייט	Theatre	1	קיעטס וואָדעוויל-סוירקייט														
ORG-C03822	נואַרקער מעטראָפּאָליטאַן-טעאַטער	Theatre	4	נואַרקער מעטראָפּאָליטאַן-טעאַטער | ניאָרקער מעטראָפּאָליטאָן-טעאַטער	נואַרק | נואַרקער | ניאָרק | ניואַרק		מעטראָפּאָליטאן-טעאַטער | נואַרקער מעטראָפּאָליטאַן-טעאַטער | ניאָרקער מעטראָפּאָליטאָן-טעאַטער	אַמעריקע										
ORG-C03823	"פּוילישע דראַמאַטישע שול א""ד פֿון קאַזשימיזש קאַמינסקי"	Education	1	"פּוילישע דראַמאַטישע שול א""ד פֿון קאַזשימיזש קאַמינסקי"				פּוילן										
ORG-C03824	אַרגענטינער יידישן ליטעראַטן און זשורנאַליסטן-פאַריין	Theatre-related Society/ Union	1	אַרגענטינער יידישן ליטעראַטן און זשורנאַליסטן-פאַריין				אַרגענטינע										
ORG-C03825	גרויס און קליין	Journals/ Newspapers	1	גרויס און קליין				אַרגענטינע										
ORG-C03826	פּנימער אין פּנימלעך	Journals/ Newspapers	1	פּנימער אין פּנימלעך				אַרגענטינע										
ORG-C03827	אַוועזשאַנעדער שטימע	Journals/ Newspapers	1	אַוועזשאַנעדער שטימע	אַוועזשאַנעדער			אַרגענטינע										
ORG-C03828	איטאַלייענישער אָפּערע	Theatre	2	איטאַלייענישער אָפּערע	אָדעס | פּאָלטאווע			אוקראַאינע										
ORG-C03829	ניסן בעלזער	Traveling Company	1	ניסן בעלזער	בערדיטשעוו													
ORG-C03830	יאָקאָבי	Traveling Company	2	יאָקאָבי	ניו-יאָרק | קראָקע	טשעטהעם-סקווער	פּאַפּיראָסן-פֿאַבריק											
ORG-C03831	רומענישן אָפּערע-הויז	Theatre	1	רומענישן אָפּערע-הויז	ניו יאָרק		רומענישן אָפּערע-הויז											
ORG-C03832	די אידישע ביהנע	Journals/ Newspapers	6	די אידישע ביהנע | דיאַ אידישע ביהנע	ניו -יאָרק | ניו יאָרק | ניו-יאָרק | ניו-יאָרק			אַמעריקע	223	0.600	ipa_phonetic							
ORG-C03833	טאָמאַשעווסקיס בראָדוויי אידישער טעאַטער	Theatre	1	טאָמאַשעווסקיס בראָדוויי אידישער טעאַטער	ניו יאָרק	44 סטריט, וועסט פֿון בראָדוויי	בראָדוויי											
ORG-C03834	דיים מוזעאום	Theatre	1	דיים מוזעאום			דיים מוזעאום											
ORG-C03835	קאָנקאָרדיא-האָל	Theatre	1	קאָנקאָרדיא-האָל	באָלטימאָר		קאָנקאָרדיא-האָל											
ORG-C03836	שלעגעלס האָל	Theatre	1	שלעגעלס האָל	באָלטימאָר		שלעגעלס האָל											
ORG-C03837	באָסטאָן מיוזיק האָל	Theatre	2	באָסטאָן מיוזיק האָל	באָסטאָן		באָסטאָן מיוזיק האָל | באָסטאָן מיוזיק-האָל	אַמעריקע										
ORG-C03838	דראַמאַטיק-האָל	Theatre	3	דראַמאַטיק-האָל	פֿילאָדעלפיע | פֿילאדעלפיע	געסקיל סטריט | קאַרנער געסקיל סטריט	דראַמאַטיק-האָל | דראַמאָטיק האָל | „דראַמאַטיק האָל“											
ORG-C03839	בערליינער יידישן טעאַטער	Theatre	2	בערליינער יידישן טעאַטער	בערלין		בערליינער יידישן טעאַטער | בערלינער יידישן טעאַטער	דייטשלאַנד	500 | 472 | 575 | 609 | 544	0.783 | 0.739 | 0.739 | 0.652 | 0.621	ipa_phonetic | ipa_phonetic | ipa_phonetic | ipa_phonetic | ipa_phonetic							
ORG-C03840	בעסי טאָמאַשעווסקיס פּיפּלס-טעאטער	Theatre	2	בעסי טאָמאַשעווסקיס פּיפּלס-טעאטער	ניו-יאָרק		בעסי טאָמאַשעווסקיס פּיפּלס-טעאטער											
ORG-C03841	קעסלערס טעאַטער	Theatre	4	קעסלערס טעאַטער	ניו-יאָרק		קעסלערס טעאַטער | קעסלערס טעאַטער		278 | 577 | 627 | 630 | 296	0.714 | 0.714 | 0.643 | 0.643 | 0.643	ipa_phonetic | ipa_phonetic | ipa_phonetic | ipa_phonetic | ipa_phonetic							
ORG-C03842	דיא וואַרהייט פּאָבּלישינג קאָמפּאַני	Publisher	2	דיא וואַרהייט פּאָבּלישינג קאָמפּאַני	ניו-יאָרק | ניוּ-יאָרק		דיא וואַרהייט פּאָבּלישינג קאָמפּאַני | דיאַ וואַרהייט פאַבלישינג קאָמפּאָני		52 | 549 | 465	0.690 | 0.690 | 0.655	ipa_phonetic | ipa_phonetic | ipa_phonetic							
ORG-C03843	סעלווין טעאַטער	Theatre	2	סעלווין טעאַטער	ניו יאָרק		סעלווין טעאַטער | סעלווין-טעאַטער		557 | 278 | 252 | 263 | 509	0.692 | 0.643 | 0.615 | 0.615 | 0.615	ipa_phonetic | ipa_phonetic | ipa_phonetic | ipa_phonetic | ipa_phonetic							
ORG-C03844	סענטשודייטאָטער	Theatre	1	סענטשודייטאָטער	ניו יאָרק		סענטשודייטאָטער											
ORG-C03845	ניו-קאָלאָמבי	Theatre	1	ניו-קאָלאָמבי	ניו יאָרק		ניו-קאָלאָמבי											
ORG-C03846	סטענדערט	Theatre	1	סטענדערט	באָלטימאַר		סטענדערט											
ORG-C03847	פרענקלין	Theatre	1	פרענקלין	באָלטימאַר		פרענקלין											
ORG-C03848	פּאַלי-טעאַטער	Theatre	2	פּאַלי-טעאַטער	באָלטימאַר | שיקאָגאָ		פּאַלי-טעאַטער		123 | 600 | 122 | 616 | 529	0.818 | 0.818 | 0.750 | 0.750 | 0.727	ipa_phonetic | ipa_phonetic | ipa_phonetic | ipa_phonetic | ipa_phonetic	SPLIT		Cluster contains 'Pali-Theater' in both Baltimore and Chicago; these are distinct local venues, not a traveling company.			auto_drafter	2026-05-17T17:07:26Z
ORG-C03849	האַליוואוד באָול	Theatre	1	האַליוואוד באָול	קאָליפֿאַרניע		האַליוואוד באָול											
ORG-C03850	צוקער-פֿאַבריק	Labour (factory/workshop)	1	צוקער-פֿאַבריק			צוקער-פֿאַבריק											
ORG-C03851	עסיג-ברויז	Business	1	עסיג-ברויז	קיעוו													
ORG-C03852	עם עולם	Jewish political bodies	4	עם עולם	אָדעס							ALIGN	0				Bella	2026-04-21T07:04:49Z
ORG-C03853	סיגאָר-פֿאַבריק	Labour (factory/workshop)	1	סיגאָר-פֿאַבריק														
ORG-C03854	באָריס טאָמאַשעווסקיס קלאָב	Theatre	1	באָריס טאָמאַשעווסקיס קלאָב	באָלטימאַר													
ORG-C03855	שיקאַגער פּאוויליאָן-טעאַטער	Theatre	1	שיקאַגער פּאוויליאָן-טעאַטער	שיקאַגער		שיקאַגער פּאוויליאָן-טעאַטער		500	0.609	ipa_phonetic							
ORG-C03856	יידישע פֿאַרם אינשורענס- (פֿאַרזיכערונגס] געזעלשאַפט	Business	1	יידישע פֿאַרם אינשורענס- (פֿאַרזיכערונגס] געזעלשאַפט														
ORG-C03857	באָריס טאָמאַשעווסקיס פּיפלס-טעאַטער	Theatre	1	באָריס טאָמאַשעווסקיס פּיפלס-טעאַטער														
ORG-C03858	ניו-יאָרקער יודישע אילוסטרירטע צייטונג	Journals/ Newspapers	3	ניו-יאָרקער יודישע אילוסטרירטע צייטונג	ניו יאָרק			אַמעריקע										
ORG-C03859	זשיטאָמירער יידישן אַרבעטער-קלוב	Amateur	1	זשיטאָמירער יידישן אַרבעטער-קלוב	זשיטאָמיר													
ORG-C03860	כעמישן טעכניקום	Education	1	כעמישן טעכניקום														
ORG-C03861	קלוב פֿון די קוסטארן	Theatre-related Society/ Union	1	קלוב פֿון די קוסטארן														
ORG-C03862	"קלוב פון די מעטאַליסטן א""נ טאָמסקי"	Trade Union / Professional Association	1	"קלוב פון די מעטאַליסטן א""נ טאָמסקי"														
ORG-C03863	יידישן מלוכה-טעאַטער פֿון אוקראַאינע	Theatre	1	יידישן מלוכה-טעאַטער פֿון אוקראַאינע					546 | 471 | 499 | 598 | 592	0.758 | 0.697 | 0.697 | 0.697 | 0.657	ipa_phonetic | ipa_phonetic | ipa_phonetic | ipa_phonetic | fuzzy							
ORG-C03864	רוסישער פּרעסע	Journals/ Newspapers	1	רוסישער פּרעסע														
ORG-C03865	טאָמאַשעווסקיס טרופּע	Traveling Company	1	טאָמאַשעווסקיס טרופּע	פילאדעלפיע				337	0.647	ipa_phonetic							
ORG-C03866	ענגלישער פּרעסע	Journals/ Newspapers	1	ענגלישער פּרעסע														
ORG-C03867	אָדעסער אוניווערזיטעט	Education	2	אָדעסער אוניווערזיטעט	אָדעס			אוקראַאינע	590 | 585 | 589 | 587 | 588	0.800 | 0.762 | 0.762 | 0.737 | 0.737	ipa_phonetic | ipa_phonetic | ipa_phonetic | ipa_phonetic | ipa_phonetic							
ORG-C03868	גראָדנער מיטל-שול	Education	1	גראָדנער מיטל-שול	גראָדנע		גראָדנער מיטל-שול	פּוילישליטע										
ORG-C03869	דראַמאַטישער פֿאַראיין אין קאָוונע	Theatre	1	דראַמאַטישער פֿאַראיין אין קאָוונע	קאָוונע		דראַמאַטישער פֿאַראיין											
ORG-C03870	פֿילאדעלפֿיער קאַסינאָ-טעאַטער	Theatre	3	פֿילאָדעלפֿיער קאַסינאָ-טעאַטער | פֿילאדעלפֿיער קאַסינאָ-טעאַטער	פֿילאָדעלפֿיער | פֿילאדעלפֿיע		קאַסינאָ-טעאַטער | קאַסינאָ-טעאַטער		604	0.600	ipa_phonetic							
ORG-C03871	מאָנטרעאָלער מאַנומענט נעשאַנאַל-טעאַטער	Theatre	2	מאָנטרעאַלער מאָנומענט נעשאַנאַל-טעאטער | מאָנטרעאָלער מאַנומענט נעשאַנאַל-טעאַטער	מאָנטרעאַל | מאָנטרעאָל		מאַנומענט נעשאַנאַל-טעאַטער | מאָנומענט נעשאַנאַל-טעאטער											
ORG-C03872	משה שאָר	Traveling Company	1	משה שאָר														
ORG-C03873	יידיש-דייטש-טעאַטער	Traveling Company	2	יידיש-דייטש-טעאַטער	וואַרשע													
ORG-C03874	הענגעןס טעאַטער	Theatre	2	הענגעןס טעאַטער	ניו-יאָרק		הענגעןס טעאַטער	אַמעריקע	278 | 252 | 560 | 613 | 622	1.000 | 0.643 | 0.643 | 0.643 | 0.643	exact | ipa_phonetic | ipa_phonetic | ipa_phonetic | ipa_phonetic	ALIGN	278				Bella	2026-04-26T10:49:22Z
ORG-C03875	משה מרדכי צוקערמאַנן	Publisher	1	משה מרדכי צוקערמאַנן	וואַרשע													
ORG-C03876	יעקב דרוקערמאַן	Publisher	1	יעקב דרוקערמאַן	ניו-יאָרק													
ORG-C03877	די טרופּע ספּיוואָקאָווסקי. ראָזענבערג	Traveling Company	1	די טרופּע ספּיוואָקאָווסקי. ראָזענבערג	ריגע			לעטלאַנד										
ORG-C03878	שלמה הערשקאָוויטשעס אַרטיקער טרופּע	Traveling Company	1	שלמה הערשקאָוויטשעס אַרטיקער טרופּע			וואָלין											
ORG-C03879	אַלאוקראַאינישן מלוכה-טעאַטער	Theatre	1	אַלאוקראַאינישן מלוכה-טעאַטער					594 | 592 | 472 | 505 | 525	1.000 | 0.759 | 0.731 | 0.731 | 0.731	exact | fuzzy | ipa_phonetic | ipa_phonetic | ipa_phonetic	NEW	594				Bella	2026-05-10T09:34:50Z
ORG-C03880	פּראַגער מענער-גימנאַזיע	Education	1	פּראַגער מענער-גימנאַזיע	וואַרשע		פּראַגער מענער-גימנאַזיע	פּוילן										
ORG-C03881	ליבהאָבער-קרייז א'א פֿון שיידלאָ	Traveling Company	1	ליבהאָבער-קרייז א'א פֿון שיידלאָ														
ORG-C03882	"„אַרטיסטיש ווינקעלע"" ביים וואַרשעווער „הזמיר“"	Amateur	1	"„אַרטיסטיש ווינקעלע"" ביים וואַרשעווער „הזמיר“"	וואַרשע		„הזמיר“											
ORG-C03883	בערלינער פֿאָלקס-בינע	Theatre	1	בערלינער פֿאָלקס-בינע	בערלין		בערלינער פֿאָלקס-בינע	דייטשלאַנד										
ORG-C03884	גימפּעל-טעאַטער	Theatre	1	גימפּעל-טעאַטער	לעמבערג		גימפּעל-טעאַטער		611 | 296 | 520 | 123 | 124	0.692 | 0.692 | 0.643 | 0.615 | 0.615	ipa_phonetic | ipa_phonetic | ipa_phonetic | ipa_phonetic | ipa_phonetic							
ORG-C03885	צעזאָר גרינבערגס וואַנדער-טרופּע	Traveling Company	1	צעזאָר גרינבערגס וואַנדער-טרופּע														
ORG-C03886	אינדעפּענדענט היברו עקטאָרס ליג	Theatre-related Society/ Union	3	אינדעפּענדענט היברו עקטאָרס ליג														
ORG-C03887	העראלד	Journals/ Newspapers	1	העראלד														
ORG-C03888	יידישער בינע אין רומעניע	Theatre	1	יידישער בינע אין רומעניע			רומעניע	רומעניע										
ORG-C03889	צ. ק. פֿון דער יידישער סעקציע אין דער קאָמוניסטישער פּאַרטיי	Jewish political bodies	1	צ. ק. פֿון דער יידישער סעקציע אין דער קאָמוניסטישער פּאַרטיי														
ORG-C03890	יידישן סאָציאַליסטישן פֿאַרבאַנד	Jewish political bodies	2	יידישן סאָציאַליסטישן פֿאַרבאַנד	ניו-דזשוירזי | ניו-יאָרק		בית עולם											
ORG-C03891	בריסקער ישיבה	Education	2	בריסקער ישיבה	בריסק													
ORG-C03892	נאָוואָגרודקער ישיבה	Education	1	נאָוואָגרודקער ישיבה														
ORG-C03893	די מאַהיליווער טרופּע	Traveling Company	1	די מאַהיליווער טרופּע					295 | 521 | 551 | 554 | 568	0.667 | 0.667 | 0.667 | 0.667 | 0.667	ipa_phonetic | ipa_phonetic | ipa_phonetic | ipa_phonetic | ipa_phonetic							
ORG-C03894	האַלענדערס טרופּע	Traveling Company	3	האַלענדערס טרופּע	טאָראַנטאָ | טאָראָנטאָ | מאָנטרעאָל			קאַנאַדע | קאנאדע	579 | 254 | 524 | 533 | 551	0.733 | 0.733 | 0.667 | 0.667 | 0.667	ipa_phonetic | ipa_phonetic | ipa_phonetic | ipa_phonetic | ipa_phonetic							
ORG-C03895	ניו-יאָרקער נעשאַנאַל-טעאַטער	Theatre	7	ניו יאָרקער געשאָנאַל-טעאַטער | ניו יאָרקער ניישאָנאַל-טעאַטער | ניו-יאָרקער נעשאַנאַל-טעאַטער	ניו יאָרק | ניו-יאָרק | ניו-יאָרקער		ניו-יאָרקער געשאַנאַל-טעאַטער | ניו-יאָרקער ניישאָנאַל-טעאַטער | ניו-יאָרקער נעשאַנאַל-טעאַטער | ניו-יאָרקער נעשאָנאַל- טעאַטער | נעשאַנאַל-טעאַטער | נעשאַנאַל-טעאַטער | נעשאָנאַל-טעאַטער	אַמעריקע	615	0.667	ipa_phonetic							
ORG-C03896	האָלענדער-טרופּע	Traveling Company	3	האָלענדער-טרופּע	טאָראַָנטאָ | טאָראַנטאָ | פּיטסבורג			קאַנאַדע	524 | 625 | 295 | 551 | 197	0.714 | 0.714 | 0.643 | 0.643 | 0.643	ipa_phonetic | ipa_phonetic | ipa_phonetic | ipa_phonetic | ipa_phonetic							
ORG-C03897	אַרבעטער רינג קעמפּ	Education	3	אַרבעטער רינג קעמפּ	באָסטאָן | סאוט העיווען			אַמעריקע										
ORG-C03898	באָסטאַנער גרענד-אָפּערע-הויז	Theatre	3	באָסטאַנער גרענד-אָפּערע-הויז | באָסטאָנער נרענד-אָפּערע-הויז	באָסטאַן | באָסטאָן		באָסטאָנער נרענד-אָפּערע-הויז | גרענד אָפּערע-הויז | גרענד-אָפּערע-הויז											
ORG-C03899	קאָפּעלמאַנען	Traveling Company	2	קאָפּעלמאַנען					503	0.600	ipa_phonetic							
ORG-C03900	קראַנער	Traveling Company	1	קראַנער	טאָראָנטאָ													
ORG-C03901	ניו-יאָרקער נעשאַנאַל	Theatre	1	ניו-יאָרקער נעשאַנאַל	ניו-יאָרק		ניו-יאָרקער נעשאַנאַל											
ORG-C03902	געביל	Theatre	21	געביל | געביל טעאַטער | געבילס טעאַטער	ניו יאָרק | ניו יארק | אַמעריקע		געבילס טעאַטער | געבילס טעאַטער | געבילס-טעאַטער	אַמעריקע										
ORG-C03903	ליבערטי	Theatre	15	ליבערטי	ברוקלין | ניו יאָרק		ליבערט | ליבערט' | ליבערטי	אַמעריקע										
ORG-C03904	פילאדעלפיע מיט טאָמאַשעווסקין	Traveling Company	1	פילאדעלפיע מיט טאָמאַשעווסקין	פילאדעלפיע													
ORG-C03905	ניו-יאָרקער אָמפיאָן	Theatre	1	ניו-יאָרקער אָמפיאָן	ניו-יאָרק		ניו-יאָרקער אָמפיאָן											
ORG-C03906	טאָלנער ישיבה	Education	1	טאָלנער ישיבה														
ORG-C03907	קיעווער קאָנסערוואַטאָריע	Education	3	קיעווער קאָנסערוואַטאָריע	קיעוו		קיעווער קאָנסערוואַטאָריע											
ORG-C03908	סימפאַניע אַרקעסטער	Musical organization	1	סימפאַניע אַרקעסטער	לוגאַנסק													
ORG-C03909	"""טאָג""-ראַדיאָ-קאָנצערטן"	Media (Radio/ Film/TV)	1	"""טאָג""-ראַדיאָ-קאָנצערטן"														
ORG-C03910	עמיל פּרידעסעס טרופּע	Traveling Company	1	עמיל פּרידעסעס טרופּע	ווין													
ORG-C03911	ווילנער צייכן-שול	Education	1	ווילנער צייכן-שול	ווילנע													
ORG-C03912	דער גרויסער קונדס	Journals/ Newspapers	6	דער גרויסער קונדס	ניו יאָרק													
ORG-C03913	דער אַרבעטער	Journals/ Newspapers	1	דער אַרבעטער	ניו-יאָרק													
ORG-C03914	ביכער	Publisher	1	ביכער	וואַרשע													
ORG-C03915	לעווין- עפּשטיין	Publisher	1	לעווין- עפּשטיין	וואַרשע				67	1.000	exact	ALIGN	67				Bella	2026-04-19T07:50:06Z
ORG-C03916	אַרבעטער-באַוועגונג	Jewish political bodies	6	אַרבעטער-באַוועגונג														
ORG-C03917	וואַנדער-טרופּע פֿון ציפקוס	Traveling Company	1	וואַנדער-טרופּע פֿון ציפקוס														
ORG-C03918	סוכאָדאָלסקיס אוקראַאינישער טרופּע	Traveling Company	1	סוכאָדאָלסקיס אוקראַאינישער טרופּע														
ORG-C03919	יידישער טרופּע אונטער זאַסלאַווסקיס אָנפֿירונג	Traveling Company	1	יידישער טרופּע אונטער זאַסלאַווסקיס אָנפֿירונג	פּאָלטאווע													
ORG-C03920	"סעגאַלס ""מוזיקאַלישע סאַטירע"""	Traveling Company	1	"סעגאַלס ""מוזיקאַלישע סאַטירע"""														
ORG-C03921	רוסישער שול פֿון מוראַוולאַוו	Education	1	רוסישער שול פֿון מוראַוולאַוו														
ORG-C03922	קרינסקיס האַנדלסשול	Education	2	קרינסקיס האַנדלסשול														
ORG-C03923	רוסיש-פּוילישער דראַמאַטישער מלוכה-שול ביי די וואַרשעווער רעגירונגס-טעאַטערס	Education	1	רוסיש-פּוילישער דראַמאַטישער מלוכה-שול ביי די וואַרשעווער רעגירונגס-טעאַטערס	וואַרשע		וואַרשעווער רעגירונגס-טעאַטערס											
ORG-C03924	פּריוואַטער דראַמאַטישער שול ביי דער פּוילישער מוזיק-געזעלשאַפֿט	Education	1	פּריוואַטער דראַמאַטישער שול ביי דער פּוילישער מוזיק-געזעלשאַפֿט														
ORG-C03925	הריניעוועצקאַס דראַמאַטישער שול	Education	1	הריניעוועצקאַס דראַמאַטישער שול														
ORG-C03926	"אַרנאָלד שיפמאָןס „טעאַטער פֿאָלסקי"""	Theatre	1	"אַרנאָלד שיפמאָןס „טעאַטער פֿאָלסקי"""														
ORG-C03927	"העברעישער ליבהאָבער-גרופּע „הבמה"""	Traveling Company	1	"העברעישער ליבהאָבער-גרופּע „הבמה"""														
ORG-C03928	דאָס אַרטיסטישע ווינקעלע	Traveling Company	3	דאָס אַרטיסטישע ווינקעלע	וואַרשע			פּוילן	226	1.000	exact	ALIGN	226				Bella	2026-04-28T15:56:42Z
ORG-C03929	אופֿא	Publisher	2	אופֿא	בערלין		אופֿאַ	דייטשלאַנד										
ORG-C03930	"טעאַטער-מוזיי א""נ פֿון א. ר. קאַמינסקי"	Heritage Institution	1	"טעאַטער-מוזיי א""נ פֿון א. ר. קאַמינסקי"	ווילנע		יידישן וויסנשאַפטלעכן אינסטיטוט											
ORG-C03931	וואַרש. רעאַל-גימנאַזיע	Education	1	וואַרש. רעאַל-גימנאַזיע	וואַרשע			פּוילן										
ORG-C03932	קרינסקיס האַנדלער-שול	Education	1	קרינסקיס האַנדלער-שול														
ORG-C03933	דאָס באַוועגלעכע דראַמאַטישע טעאַטער	Theatre	1	דאָס באַוועגלעכע דראַמאַטישע טעאַטער	וואַרשע				576	0.618	ipa_phonetic							
ORG-C03934	קראָקאָווער געזעלשאַפֿטלעכן יידישן טעאַטער	Theatre	1	קראָקאָווער געזעלשאַפֿטלעכן יידישן טעאַטער	קראָקע													
ORG-C03935	וו	Theatre	1	וו	וואַרשע													
ORG-C03936	ערשטע פּוילישע אַקאַדעמיע פֿאַר קינאָמאַטאָגראַפֿישער קונסט	Education	1	ערשטע פּוילישע אַקאַדעמיע פֿאַר קינאָמאַטאָגראַפֿישער קונסט														
ORG-C03937	נייטראל	Publisher	1	נייטראל	וואַרשע													
ORG-C03938	אונזער בוך	Publisher	4	אונזער בוך	וואַרשע | נ. י.				425	0.667	ipa_phonetic							
ORG-C03939	מיטן שטראָם	Publisher	1	מיטן שטראָם	וואַרשע													
ORG-C03940	ש. גאָלדפֿאַרב	Publisher	1	ש. גאָלדפֿאַרב	וואַרשע				50	1.000	exact	ALIGN	50				Bella	2026-04-19T09:38:36Z
ORG-C03941	קלעצקין-פֿאַרלאָג	Publisher	4	קלעצקין-פֿאַרלאָג	ווילנע | פּעטערבורג			רוסלאַנד										
ORG-C03942	דוברוש טורש	Publisher	1	דוברוש טורש	וואַרשע	נאָלעווקי נומ. 7	דוברוש טורש											
ORG-C03943	וויגאָדאָ	Publisher	1	וויגאָדאָ	וואַרשע		וויגאָדאָ											
ORG-C03944	קרויזע-ספּיוואקאָווסקי	Traveling Company	1	קרויזע-ספּיוואקאָווסקי														
ORG-C03945	פּרץ-געזעלשאַפט	Education	1	פּרץ-געזעלשאַפט	מאָסקווע			רוסלאַנד										
ORG-C03946	יידיש. דראַמגעזעלשאַפֿט	Theatre	1	יידיש. דראַמגעזעלשאַפֿט	מינסק				446	1.000	exact	ALIGN	446				Bella	2026-04-19T16:08:15Z
ORG-C03947	ליט. דראמ. געזעלשאַפט	Theatre	1	ליט. דראמ. געזעלשאַפט	שיקאַגאָ				446	0.700	ipa_phonetic							
ORG-C03948	פרייע דראַמאַטישע סטודיע	Education	1	פרייע דראַמאַטישע סטודיע														
ORG-C03949	שיקאַגער לאָנדייל-טעאַטער	Theatre	11	שיקאַגער לאַנדייל-טעאַטער | שיקאַגער לאָנדייל-טעאַטער	שיקאַגאָ | שיקאַגער | שיקאָגער		לאַנדייל טעאַטער | לאַנדייל-טעאַטער | לאָנדייל-טעאַטער | לאָנדייל-טעאַטער | לאָנדיילטעאַטער | שיקאַגער לאָנדייל-טעאַטער		520	0.636	ipa_phonetic							
ORG-C03950	בראַנסקער פּראָספּעקט-טעאַטער	Theatre	5	בּראָנסקער פּראָספּעקט-טעאַטער | בראַנסקער פּראָספּעקט-טעאַטער	בראַנסקער | בראנסק		בראַנסקער פּראָספּעקט-טעאַטער | בראַנסקער פּראָספּעקט-טעאַטער											
ORG-C03951	יאַטשקאָווסקיס ביבליאָטעק	Publisher	1	יאַטשקאָווסקיס ביבליאָטעק	וואַרשע		וואַרשע ניו יאָרק											
ORG-C03952	יעקב גאָרדין דראַמאַטישע געזעלשאַפט	Theatre	2	יעקב גאָרדין דראַמאַטישע געזעלשאַפט	פאַריז				606 | 607 | 621	0.710 | 0.706 | 0.649	ipa_phonetic | ipa_phonetic | ipa_phonetic							
ORG-C03953	וואַלערשטייןס טרופּע	Traveling Company	2	וואַלערשטייןס טרופּע			דרום-אָפריקע	דרום-אָפריקע	203	0.706	ipa_phonetic							
ORG-C03954	ווילנער יודישן לערער-אינסטיטוט	Education	2	ווילנער יודישן לערער-אינסטיטוט	ווילנע | ווילנער		ווילנער יודישן לערער-אינסטיטוט | ווילנער יידישן לערער-אינסטיטוט											
ORG-C03955	בונדישע קרייזלעך	Jewish political bodies	1	בונדישע קרייזלעך														
ORG-C03956	יעקאָפּא	Welfare/Aid organization	1	יעקאָפּא	כאַרקאָוו													
ORG-C03957	יידישן מיניסטעריום	Non-Jewish political bodies	1	יידישן מיניסטעריום	קיעוו													
ORG-C03958	מינסקער ווייסרוסלענדישן מלוכה-פֿאַרלאָג	Publisher	1	מינסקער ווייסרוסלענדישן מלוכה-פֿאַרלאָג	מינסק													
ORG-C03959	דראַמקרייז ביים מינסקער קלוב „רויטער בויער“	Theatre	1	דראַמקרייז ביים מינסקער קלוב „רויטער בויער“	מינסק		קלוב „רויטער בויער“											
ORG-C03960	דער גרופּע פֿון משה קאָפּ	Traveling Company	1	דער גרופּע פֿון משה קאָפּ			גאַליציע											
ORG-C03961	הורוויץן	Traveling Company	3	הורוויץן	בודאָפּעסט | בוקאַרעסט				283	0.800	fuzzy							
ORG-C03962	יעדוואַבס טרופּע	Traveling Company	1	יעדוואַבס טרופּע					330 | 545 | 579 | 610 | 195	0.643 | 0.615 | 0.615 | 0.615 | 0.615	ipa_phonetic | ipa_phonetic | ipa_phonetic | ipa_phonetic | ipa_phonetic							
ORG-C03963	בראַנקסער פּראָספּעקט-טעאַטער	Theatre	4	בראַנקסער פּראָספּעקט-טעאַטער	בראַנקס | בראַנקסער | בראָנקס | בראָנקסער		בראַנקסער פּראָספּעקט-טעאַטער | בראָנקסער פּראָספּעקט-טעאַטער | פּראָספּעקט-טעאַטער | פּראָספּעקט-טעאַטער											
ORG-C03964	דייטשן טאָליאַ טעאַטער	Theatre	2	דייטשן טאָליאַ טעאַטער	לאָדזש				494 | 608	0.600 | 0.600	ipa_phonetic | ipa_phonetic							
ORG-C03965	יידישער וואַנדער-טרופּע פֿון סיעראָצקי און ווייסמאַן	Traveling Company	1	יידישער וואַנדער-טרופּע פֿון סיעראָצקי און ווייסמאַן														
ORG-C03966	וואַקסמאָן-ספּיוואַקאָווסקיס טרופּע	Traveling Company	1	וואַקסמאָן-ספּיוואַקאָווסקיס טרופּע	פּאַריז													
ORG-C03967	לאָנדאָנער יידישן פּאַוויליאָן-טעאַטער	Theatre	4	לאָנדאָנער יידישן פּאַוויליאָן-טעאַטער | לאָנדאָנער יידישן פּאָוויליאָן טעאַטער | לאָנדאָנער יידישן פאַווילאָן-טעאַטער	לאָנדאָן		לאָנדאָנער | לאָנדאָנער יידישן פאַווילאָן-טעאַטער | פּאַוויליאָן-טעאַטער	ענגלאַנד	565 | 541 | 472 | 478 | 518	0.839 | 0.677 | 0.645 | 0.645 | 0.645	ipa_phonetic | ipa_phonetic | ipa_phonetic | ipa_phonetic | ipa_phonetic							
ORG-C03968	פֿיינמאַן קונסט-טעמפּל	Theatre	2	פֿיינמאַן קונסט-טעמפּל	לאָנדאָן		פֿיינמאַן קונסטטעמפּל											
ORG-C03969	נאַציאָנאַל-סאַציאָליסטישער באַוועגונג	Non-Jewish political bodies	1	נאַציאָנאַל-סאַציאָליסטישער באַוועגונג														
ORG-C03970	נייער אייידישער טעאַטער	Theatre	1	נייער אייידישער טעאַטער					609 | 472 | 500 | 575	0.773 | 0.682 | 0.682 | 0.652	ipa_phonetic | ipa_phonetic | ipa_phonetic | ipa_phonetic							
ORG-C03971	צענטראָלער זאַמלפּלאַץ פֿאַר אַלע מאַטעריאָלן פֿון יידישן טעאַטער און יידישער דראַמע	Heritage Institution	1	צענטראָלער זאַמלפּלאַץ פֿאַר אַלע מאַטעריאָלן פֿון יידישן טעאַטער און יידישער דראַמע	ווילנע	וויוואולסקי-גאס 18	"בנין פֿון ייוו""א"											
ORG-C03972	יידישער קאַמער-טעאַטער אין מאָסקווע	Theatre	2	יידישער קאַמער-טעאַטער אין מאָסקווע | יידישער קאָמער-טעאָטער	מאָסקווע				471 | 499	0.677 | 0.645	ipa_phonetic | ipa_phonetic							
ORG-C03973	די וויטעבּסקער סטוּדיע	Theatre education	1	די וויטעבּסקער סטוּדיע	וויטעבּסק													
ORG-C03974	יידישער קאָמיסאַריאַט	Non-Jewish political bodies	2	יידישער קאָמיסאַריאַט	מאָסקווע													
ORG-C03975	יידישע מלוכהשע סטודיע פֿון ווייסרוסלאַנד	Theatre	1	יידישע מלוכהשע סטודיע פֿון ווייסרוסלאַנד			ווייסרוסלאַנד	ווייסרוסלאַנד										
ORG-C03976	יידישן מלוּכהטעאַטער פֿוּן ווייסרוסלאַנד	Theatre	1	יידישן מלוּכהטעאַטער פֿוּן ווייסרוסלאַנד			ווייסרוסלאַנד	ווייסרוסלאַנד	546 | 499 | 471	0.735 | 0.647 | 0.618	ipa_phonetic | ipa_phonetic | ipa_phonetic							
ORG-C03977	קיעווער סטוּדיע	Theatre	1	קיעווער סטוּדיע	קיעוו													
ORG-C03978	טעאַליג	Trade Union / Professional Association	1	טעאַליג	ניוּ-יאָרק			אַמעריקע										
ORG-C03979	יידישער קוּלטוּר-געזעלשאַפט	Theatre-related Society/ Union	1	יידישער קוּלטוּר-געזעלשאַפט					446	0.625	ipa_phonetic							
ORG-C03980	מאַנהעטען-לייסעאוּם	Theatre	1	מאַנהעטען-לייסעאוּם														
ORG-C03981	פּריוואַטער דראַמאַטישער שוּל פֿוּן מאַדאַם מאָרגענראָט	Education	1	פּריוואַטער דראַמאַטישער שוּל פֿוּן מאַדאַם מאָרגענראָט														
ORG-C03982	פּראָגרעסיווע יידישע פֿאָלקס-בּינע	Traveling Company	1	פּראָגרעסיווע יידישע פֿאָלקס-בּינע														
ORG-C03983	סעקאָנד-עוועניוּ רוּף-גאַרדען	Theatre	1	סעקאָנד-עוועניוּ רוּף-גאַרדען														
ORG-C03984	יידישן ליריק-טעאַטער	Theatre	1	יידישן ליריק-טעאַטער					176 | 480 | 608	0.632 | 0.600 | 0.600	ipa_phonetic | ipa_phonetic | ipa_phonetic							
ORG-C03985	ברוּקלינער אַמפיאָן-טעאַטער	Theatre	2	ברוּקלינער אַמפיאָן-טעאַטער | ברוקלינער אַמפיאָן-טעאַטער	ברוקלין		אַמפיאָן-טעאַטער	אַמעריקע										
ORG-C03986	מעטרא גאָלדווין מייער קאָמפּאַני	Theatre	1	מעטרא גאָלדווין מייער קאָמפּאַני	האָליוואוּד													
ORG-C03987	לאָס אַנדזשעלאָס יידיש קלאָבּ	Traveling Company	1	לאָס אַנדזשעלאָס יידיש קלאָבּ														
ORG-C03988	אינטים יידיש קוּנסטטעאַטער	Theatre	1	אינטים יידיש קוּנסטטעאַטער	לאָס אַנדזשעלאָס		אינטים יידיש קוּנסטטעאַטער		623 | 550 | 535	0.704 | 0.621 | 0.607	ipa_phonetic | ipa_phonetic | ipa_phonetic							
ORG-C03989	טעאַטער-מוּזיי	Theatre	1	טעאַטער-מוּזיי	ניו-יאָרק		טעאַטער-מוּזיי											
ORG-C03990	דיא וואַרהייט	Journals/ Newspapers	18	דיא וואַרהייט	ניו-יאָרק | פֿילאָדעלפֿיע		אַמעריקע | פֿילאָדעלפֿיער אָפּטיילונג	אַמעריקע | אַמעריקע	463	1.000	exact	DEFER					Sinai	2026-04-05T17:38:41Z
ORG-C03991	קיבּעצער	Journals/ Newspapers	1	קיבּעצער														
ORG-C03992	שיקאַגער עמפּייר-טעאַטער	Theatre	2	שיקאַגער עמפּייר-טעאַטער	שיקאַגאָ | שיקאַגער		עמפּייר-טעאַטער | שיקאַגער עמפּייר-טעאַטער		573	0.619	ipa_phonetic							
ORG-C03993	יידישן טעאַטער-מוּזיי	Heritage Institution	1	יידישן טעאַטער-מוּזיי	ניו-יאָרק		יידישן טעאַטער-מוּזיי											
ORG-C03994	דיא אידישע טהעאַטער וועלט	Journals/ Newspapers	1	דיא אידישע טהעאַטער וועלט	שיקאַגאָ													
ORG-C03995	יידיש-נאַציאָנאַלער באַוועגוּנג	Jewish political bodies	1	יידיש-נאַציאָנאַלער באַוועגוּנג														
ORG-C03996	ציוניסטישע קאָנגרעסן	Jewish political bodies	2	ציוניסטישע קאָנגרעסן														
ORG-C03997	מאַקס מייזעל	Publisher	2	מאַקס מייזעל	ניו יאָרק | ניוּ-יאָרק		מאַקס מייזעל											
ORG-C03998	ווילנער פֿאַרלאַג פֿוּן בּ. א. קלעצקין	Publisher	1	ווילנער פֿאַרלאַג פֿוּן בּ. א. קלעצקין	ווילנע		ווילנער פֿאַרלאַג פֿוּן בּ. א. קלעצקין											
ORG-C03999	דייטשן קאַרל-טעאַטער	Theatre	1	דייטשן קאַרל-טעאַטער	ווין		קאַרל-טעאַטער		494 | 608	0.600 | 0.600	ipa_phonetic | ipa_phonetic							
ORG-C04000	טשערנאָוויצער דייטשן שטאָט-טעאַטער	Theatre	1	טשערנאָוויצער דייטשן שטאָט-טעאַטער	טשערנאָוויץ		שטאָט-טעאַטער		569 | 597	0.688 | 0.667	ipa_phonetic | ipa_phonetic							
ORG-C04001	אַקסעלראדס יידישער טרופּע	Traveling Company	1	אַקסעלראדס יידישער טרופּע					485	0.615	ipa_phonetic							
ORG-C04002	יידישן רעוויסטאַ	Theatre	1	יידישן רעוויסטאַ	בּוּקאַרעסט			רוּמעניע										
ORG-C04003	שטאָטישער גימנאַזיע	Education	2	שטאָטישער גימנאַזיע	אָדעס			אוקראָאינע										
ORG-C04004	העבּרעיש-רוּסישע שוּל	Education	1	העבּרעיש-רוּסישע שוּל	ראָסטאָוו		ראָסטאָוו בּיים דאָן											
ORG-C04005	מאָנטעפיאָרע תּלמוּד-תּורה	Education	1	מאָנטעפיאָרע תּלמוּד-תּורה	ניוּ-יאָרק													
ORG-C04006	די זוּן	Journals/ Newspapers	1	די זוּן														
ORG-C04007	נאַטוּר אוּנד לעבּן	Journals/ Newspapers	1	נאַטוּר אוּנד לעבּן														
ORG-C04008	טעאַטער-בּיבּליאָטעק	Publisher	1	טעאַטער-בּיבּליאָטעק	וואַרשע													
ORG-C04009	מעלאָדיע	Publisher	1	מעלאָדיע	וואַרשע													
ORG-C04010	בּראָדסקין	Business	1	בּראָדסקין	אָדעס													
ORG-C04011	מיט יעקב ספּיוואַקאָווסקי	Traveling Company	1	מיט יעקב ספּיוואַקאָווסקי			בּעלגיע	בּעלגיע										
ORG-C04012	אַרבּעטער-פֿריינט-קלאָבּ	Theatre	1	אַרבּעטער-פֿריינט-קלאָבּ	לאָנדאָן		אַרבּעטער-פֿריינט-קלאָבּ											
ORG-C04013	ראָמעס, שוואַרץ און שאָר	Traveling Company	1	ראָמעס, שוואַרץ און שאָר			טעאַטער											
ORG-C04014	הורוויץס טרופּע	Traveling Company	8	הורוויטשעס טרופּע | הורוויץס טרופּע | הורוויצעס טרופע	בודאָפּעסט | בוקאַרעסט | ווין		רומעניע	עסטרייך | רומעניע	283 | 269 | 264 | 421	0.800 | 0.714 | 0.643 | 0.600	fuzzy | ipa_phonetic | ipa_phonetic | ipa_phonetic							
ORG-C04015	דוד הערמאַןס דראַמאַטישער סטוּדיע	Education	1	דוד הערמאַןס דראַמאַטישער סטוּדיע														
ORG-C04016	"טעאַטער „קוּנסט-ווינקל"""	Theatre	2	"טעאַטער „קוּנסט-ווינקל"" | טעאַטער „קונסט ווינקל"" אין קיעוו"	קיעוו | קיעווער		קונסט-ווינקל											
ORG-C04017	שלום-עליכם-טעאַטער	Theatre	4	שלום-עליכם-טעאַטער	מאָסקווע		שלום-עליכם-טעאַטער	רוסלאַנד										
ORG-C04018	שוּבּערטן	Theatre	1	שוּבּערטן														
ORG-C04019	קיטס ענגלישן וואָדעווייל	Theatre	1	קיטס ענגלישן וואָדעווייל	ניוּ-יאָרק													
ORG-C04020	קאָלאָמבּיאַ בּראָדקעסטינג-סטיישאָן	Media (Radio/ Film/TV)	1	קאָלאָמבּיאַ בּראָדקעסטינג-סטיישאָן														
ORG-C04021	פראַנקרייך אַ 6 קלאַסיקע פֿאָלקסשוּל	Education	1	פראַנקרייך אַ 6 קלאַסיקע פֿאָלקסשוּל				פראַנקרייך										
ORG-C04022	פּעטערבּורגער קייזערלעכער קאָנסערוואַטאָריע	Education	1	פּעטערבּורגער קייזערלעכער קאָנסערוואַטאָריע	פּעטערבּורגער													
ORG-C04023	אַלעקסעיעווס פּאַרק	Theatre	1	אַלעקסעיעווס פּאַרק	קיעוו		אַלעקסעיעווס פּאַרק											
ORG-C04024	טרוּפּעס פֿוּן גענפער, סאבּסיי, קאַזשדאַן אוּן גראָסמאַן	Traveling Company	1	טרוּפּעס פֿוּן גענפער, סאבּסיי, קאַזשדאַן אוּן גראָסמאַן														
ORG-C04025	מאָסקווער טעאַטער סלאָוויאַנסקי באַזאַר“	Theatre	1	מאָסקווער טעאַטער סלאָוויאַנסקי באַזאַר“	מאָסקווער		סלאָוויאַנסקי באַזאַר											
ORG-C04026	גאַסטראָלירנדער קלאַראַ יאָנג	Traveling Company	1	גאַסטראָלירנדער קלאַראַ יאָנג				אַרגענטינע										
ORG-C04027	סטוּדיע פֿוּן ראַפאַלסקי	Education	1	סטוּדיע פֿוּן ראַפאַלסקי	מאָסקווע													
ORG-C04028	שטאָטישער תּלמוּד-תּורה	Education	1	שטאָטישער תּלמוּד-תּורה														
ORG-C04029	דאָס יוּדישע לעבען	Journals/ Newspapers	1	דאָס יוּדישע לעבען														
ORG-C04030	למען הספר	Publisher	1	למען הספר	וואַרשע		וואַרשעווער פֿאַרלאַג											
ORG-C04031	פערלאַנס-בּיוּראָ	Publisher	1	פערלאַנס-בּיוּראָ	וואַרשע													
ORG-C04032	יידישן פּאַוויליאָן-טעאַטער	Theatre	2	יידישן פּאַוויליאָן-טעאַטער	לאָנדאָן		יידישן פּאַוויליאָן-טעאַטער | יידישן פּאָוויליאָן-טעאַטער	ענגלאַנד	480 | 608	0.636 | 0.636	ipa_phonetic | ipa_phonetic							
ORG-C04033	רוּסישן טעאַטער אַמטאקעל	Theatre	1	רוּסישן טעאַטער אַמטאקעל	נאַרוואַ													
ORG-C04034	יידישער טרופּע פוּן קאַהאַן	Traveling Company	1	יידישער טרופּע פוּן קאַהאַן	וואַרשע		טעאַטער אַרקאַדיאַ											
ORG-C04035	קייזערלעכער אָפּערע	Theatre	1	קייזערלעכער אָפּערע	מאָסקווע													
ORG-C04036	טרוּפּע פישזאָןס-געליס	Traveling Company	1	טרוּפּע פישזאָןס-געליס	טאָמאַשאָוו				542	0.684	ipa_phonetic							
ORG-C04037	טרוּפּע פֿוּן אברהם-יצחק קאַמינסקי	Traveling Company	1	טרוּפּע פֿוּן אברהם-יצחק קאַמינסקי														
ORG-C04038	טרוּפּע קאַמינסקי-ספּיוואַקאָווסקי	Traveling Company	1	טרוּפּע קאַמינסקי-ספּיוואַקאָווסקי	פּאָלטאַווע													
ORG-C04039	טרוּפּע קיידאַנאָוו-גאָלדפאַדען	Traveling Company	1	טרוּפּע קיידאַנאָוו-גאָלדפאַדען														
ORG-C04040	אונטער ווייספעלדס דירעקציע	Theatre	1	אונטער ווייספעלדס דירעקציע	וואַרשע													
ORG-C04041	גוּטענטאַגס יידישער טרוּפּע	Traveling Company	1	גוּטענטאַגס יידישער טרוּפּע					485	0.615	ipa_phonetic							
ORG-C04042	טרוּפּע פֿוּן בּעני שיינגאָלד אוּן סעם שילינג	Traveling Company	1	טרוּפּע פֿוּן בּעני שיינגאָלד אוּן סעם שילינג	בוּענאָס-איירעס													
ORG-C04043	הערשל צוקערבערג	Traveling Company	3	הערשל צוּקערבּערגס טרוּפּע | הערשל צוקערבערג	מאָנטרעאַל | קראָקע | פֿילאָדעלפיע													
ORG-C04044	קונסט-מאָלעריי-שול	Education	1	קונסט-מאָלעריי-שול	אָדעס													
ORG-C04045	רב צעירס ישיבה	Education	1	רב צעירס ישיבה	אָדעס													
ORG-C04046	ליט. קונסט געזעלשאַפט	Theatre-related Society/ Union	1	ליט. קונסט געזעלשאַפט	וויניצע													
ORG-C04047	וויניצער שטאָט-טעאַטער	Theatre	1	וויניצער שטאָט-טעאַטער	וויניצע		וויניצער שטאָט-טעאַטער											
ORG-C04048	Еврейская Летопись	Journals/ Newspapers	1	Еврейская Летопись														
ORG-C04049	יעיל-אוניווערסיטעט	Education	2	יעיל-אוניווערסיטעט	ניו-הייווען				595 | 588 | 530	0.667 | 0.611 | 0.600	ipa_phonetic | ipa_phonetic | ipa_phonetic							
ORG-C04050	ברוקלין לאָ-סקול	Education	1	ברוקלין לאָ-סקול														
ORG-C04051	אַמעריקן וויקלי דזשואיש ניוס	Journals/ Newspapers	1	אַמעריקן וויקלי דזשואיש ניוס														
ORG-C04052	זמרה	Traveling Company	1	זמרה														
ORG-C04053	בראָדוויי-טעאַטער	Theatre	1	בראָדוויי-טעאַטער					489 | 509 | 520 | 526 | 556	0.643 | 0.643 | 0.643 | 0.643 | 0.643	ipa_phonetic | ipa_phonetic | ipa_phonetic | ipa_phonetic | ipa_phonetic							
ORG-C04054	ראָקסי- [וואָדעוויל] טעאַטער	Theatre	1	ראָקסי- [וואָדעוויל] טעאַטער														
ORG-C04055	חסידים-קאַפּעליע	Traveling Company	1	חסידים-קאַפּעליע														
ORG-C04056	יעקב גאָרדין דראַמאַטיק קלאָב	Theatre	1	יעקב גאָרדין דראַמאַטיק קלאָב	באָסטאָן													
ORG-C04057	אָסקאַר גרין סטאַק קאָמפּאַניע	Traveling Company	1	אָסקאַר גרין סטאַק קאָמפּאַניע					40	0.625	ipa_phonetic							
ORG-C04058	פּיפּעדיאַ פּלעי הויז	Theatre	1	פּיפּעדיאַ פּלעי הויז	באָסטאָן													
ORG-C04059	קאָלאָמעער קולטור-פֿאַראיין	Theatre-related Society/ Union	1	קאָלאָמעער קולטור-פֿאַראיין	קאָלאָמעע													
ORG-C04060	"„די פרייע יידישע פֿאָלקס-בינע"" א""ל פֿון ברעכער און דייטש"	Theatre	1	"„די פרייע יידישע פֿאָלקס-בינע"" א""ל פֿון ברעכער און דייטש"	ווין													
ORG-C04061	קאָוונער פֿאַראייניקטע טרופּע	Traveling Company	1	קאָוונער פֿאַראייניקטע טרופּע														
ORG-C04062	ליבערטס טרופּע	Traveling Company	1	ליבערטס טרופּע	פּענזע				545 | 583 | 610 | 269 | 325	0.692 | 0.692 | 0.692 | 0.692 | 0.692	ipa_phonetic | ipa_phonetic | ipa_phonetic | ipa_phonetic | ipa_phonetic							
ORG-C04063	ברייטמאַןס טרופּע	Traveling Company	1	ברייטמאַןס טרופּע	אַסטראַכאַן				325 | 421 | 203 | 330 | 533	0.800 | 0.733 | 0.688 | 0.667 | 0.600	ipa_phonetic | ipa_phonetic | ipa_phonetic | ipa_phonetic | ipa_phonetic							
ORG-C04064	לערמאַןס טרופּע	Traveling Company	1	לערמאַןס טרופּע			פּראָווינץ		325 | 330 | 198 | 182 | 545	0.846 | 0.786 | 0.667 | 0.643 | 0.615	ipa_phonetic | ipa_phonetic | ipa_phonetic | ipa_phonetic | ipa_phonetic	NEW	641				Sinai	2026-05-18T05:00:49Z
ORG-C04065	ביי נאַטאַנסאָן-גראָסמאַן	Traveling Company	1	ביי נאַטאַנסאָן-גראָסמאַן	טאַשקענט													
ORG-C04066	"יידישן טעאַטער „קונסט-ווינקל"""	Theatre	1	"יידישן טעאַטער „קונסט-ווינקל"""	אוקראַאינע													
ORG-C04067	באַוועגלעכן טעאַטער „בעזקער“	Theatre	1	באַוועגלעכן טעאַטער „בעזקער“														
ORG-C04068	כאַרקאָווער ערשטן יידישן מלוכה-טעאַטער	Theatre	1	כאַרקאָווער ערשטן יידישן מלוכה-טעאַטער	כאַרקאָוו				562 | 478 | 502 | 534 | 472	1.000 | 0.794 | 0.735 | 0.735 | 0.706	exact | ipa_phonetic | ipa_phonetic | ipa_phonetic | ipa_phonetic	NEW	563				Bella	2026-05-03T09:27:17Z
ORG-C04069	קיעווער מלוכה-טעאַטער	Theatre	1	קיעווער מלוכה-טעאַטער	קיעוו				573 | 515 | 618 | 619 | 605	0.842 | 0.692 | 0.684 | 0.684 | 0.682	ipa_phonetic | ipa_phonetic | ipa_phonetic | ipa_phonetic | ipa_phonetic							
ORG-C04070	כאַרלאָווער טעאַטער פֿאַר קליינע פֿאָרמען	Theatre	1	כאַרלאָווער טעאַטער פֿאַר קליינע פֿאָרמען	כאַרקאָוו													
ORG-C04071	יעקב גאָלדשטייןס טרופּע	Traveling Company	1	יעקב גאָלדשטייןס טרופּע			קאַליפֿאָרניע		203 | 492	0.667 | 0.619	ipa_phonetic | ipa_phonetic							
ORG-C04072	יוניע	Theatre-related Society/ Union	31	די יוניע | דער יוניע | יוניע	ניו יאָרק			אַמעריקע										
ORG-C04073	איציק מענדל בערמאָןס טרופּע	Traveling Company	2	איציק מענדל בערמאָןס טרופּע	באָטאָשאן				287	1.000	exact	ALIGN	287				Bella	2026-04-26T11:54:50Z
ORG-C04074	דאָס אידישע וואָכענבלאַט	Journals/ Newspapers	5	אידישעס וואכענבלאט | אידישער וואָכענבלאט | דאָס אידישע וואָכענבלאַט	נ. י.				449	0.688	ipa_phonetic							
ORG-C04075	זינגערס ניי-מאַשינען	Business	2	זינגערס ניי-מאַשינען														
ORG-C04076	בראָשורען-גרופּע פֿון דער פּראָגרעסיוו לייברערי	Publisher	1	בראָשורען-גרופּע פֿון דער פּראָגרעסיוו לייברערי	ניו-יאָרק													
ORG-C04077	פּראָגרעסיוו ליטעראַרישער קלאָב	Theatre-related Society/ Union	1	פּראָגרעסיוו ליטעראַרישער קלאָב	שיקאַגאָ													
ORG-C04078	קליוולאַנדער יידישן טעאַטער	Theatre	2	קליוולאַנדער יידישן טעאַטער	קליוולאַנד		קליוולאַנדער יידישן טעאַטער		575 | 500 | 472 | 565 | 615	0.750 | 0.708 | 0.667 | 0.607 | 0.600	ipa_phonetic | ipa_phonetic | ipa_phonetic | ipa_phonetic | ipa_phonetic							
ORG-C04079	דעטראיטער סוירקל-טעאַטער	Theatre	1	דעטראיטער סוירקל-טעאַטער	דעטראיט													
ORG-C04080	רויז טעאַטער	Theatre	1	רויז טעאַטער	מילוואָקי				263 | 630 | 124 | 528 | 556	0.769 | 0.667 | 0.636 | 0.636 | 0.636	ipa_phonetic | ipa_phonetic | ipa_phonetic | ipa_phonetic | ipa_phonetic							
ORG-C04081	קליוולאַנד גלאָוב-טעאַטער	Theatre	1	קליוולאַנד גלאָוב-טעאַטער	קליוולאַנד													
ORG-C04082	אַרטש סט. טעאַטער	Theatre	1	אַרטש סט. טעאַטער	פֿילאַדעלפיע				263	0.600	ipa_phonetic							
ORG-C04083	ניו-יאָרקער גערמאַןס פאָלקס-טעאַטער	Theatre	1	ניו-יאָרקער גערמאַןס פאָלקס-טעאַטער	ניו-יאָרק				615 | 494	0.774 | 0.613	ipa_phonetic | ipa_phonetic							
ORG-C04084	נאָווי-טעאַטער	Theatre	1	נאָווי-טעאַטער	אָדעס		נאָווי-טעאַטער		616 | 529 | 555 | 556 | 600	0.750 | 0.727 | 0.727 | 0.727 | 0.727	ipa_phonetic | ipa_phonetic | ipa_phonetic | ipa_phonetic | ipa_phonetic							
ORG-C04085	פערלאג תּ. יאקובסאָהן און מ. גאָלדבערג	Publisher	1	פערלאג תּ. יאקובסאָהן און מ. גאָלדבערג	וואַרשע													
ORG-C04086	גאָלדפאַדען דראַמאַטיק פֿאַראיין	Theatre	1	גאָלדפאַדען דראַמאַטיק פֿאַראיין														
ORG-C04087	זאָלאָטאַרעווסקיס טרופּע	Traveling Company	1	זאָלאָטאַרעווסקיס טרופּע														
ORG-C04088	אָדעסער באָלגאַראַווטעאַטער	Theatre	2	אָדעסער באָלגאַראַווטעאַטער	אָדעס				472 | 609	0.619 | 0.619	ipa_phonetic | ipa_phonetic							
ORG-C04089	טעאַטער סאָלאָווצאָוו	Theatre	2	טעאַטער סאָלאָווצאָוו	קיעוו		טעאַטער סאָלאָווצאָוו		475	0.625	ipa_phonetic							
ORG-C04090	מאָסקווער אַקוואָריום-טעאָטער	Theatre	1	מאָסקווער אַקוואָריום-טעאָטער														
ORG-C04091	יענאַ-טעאַטער	Theatre	1	יענאַ-טעאַטער					528 | 628 | 557 | 613 | 124	0.818 | 0.818 | 0.750 | 0.750 | 0.727	ipa_phonetic | ipa_phonetic | ipa_phonetic | ipa_phonetic | ipa_phonetic							
ORG-C04092	רעלקינס בוקינג-אָפיס	Business	1	רעלקינס בוקינג-אָפיס	לין													
ORG-C04093	אָרטיקע שטאָט-גימנאַזיע	Education	1	אָרטיקע שטאָט-גימנאַזיע	ריגע			לעטלאַנד										
ORG-C04094	א'פּ סאָווסקי	Education	1	א'פּ סאָווסקי														
ORG-C04095	נעזלאָביןס שטאָט-טעאַטער	Theatre	1	נעזלאָביןס שטאָט-טעאַטער														
ORG-C04096	ביעלאַיעווס טרופּע	Traveling Company	1	ביעלאַיעווס טרופּע	ווילנע				234 | 533 | 583 | 610 | 195	0.688 | 0.667 | 0.667 | 0.667 | 0.667	ipa_phonetic | ipa_phonetic | ipa_phonetic | ipa_phonetic | ipa_phonetic							
ORG-C04097	קאָמפּאַנעעץ	Traveling Company	37	דער טרופּע פֿון קאָמפּאַנעיעץ | טרופּע פֿון קאָמפּאַנעעץ | טרופּעס פון קאָמפּאַנעיעץ | קאָמפּאַנעעץ	וואַרשע | לאָדזש | קאַווקאַז | קיעוו | ריגע		כאַרקאָוו, יעקאַטערינאָסלאָוו, יעליסאַוועטגראַד, באַקן, מאָסקווע, פּעטערבורג און ריגע	לעטלאַנד | פּוילן | רוסלאַנד	485	0.875	fuzzy	ALIGN	485				Bella	2026-04-19T07:00:46Z
ORG-C04098	לאָדזשער צירק	Theatre	2	לאָדזשער צירק	לאָדזש | לאדזש		לאָדזשער צירק											
ORG-C04099	"קינאָמאַטאָגראַפישער פירמע „מינטוּס"""	Publisher	1	"קינאָמאַטאָגראַפישער פירמע „מינטוּס"""														
ORG-C04100	טאָראָנטאָ יידישן טעאַטער	Theatre	1	טאָראָנטאָ יידישן טעאַטער	טאָראָנטאָ			קאַנאַדע	575 | 472 | 500 | 609 | 478	0.773 | 0.714 | 0.714 | 0.619 | 0.607	ipa_phonetic | ipa_phonetic | ipa_phonetic | ipa_phonetic | ipa_phonetic							
ORG-C04101	קעסלערס רוף-גאַרדן	Theatre	4	קעסלער רוף-גאַרדען | קעסלערס רוף-גאַרדן | קעסלערס רוף-גאָרדען	ניו יאָרק | ניו-יאָרק	אויפֿן דאַך פֿון סעקאַנד עוועניו-טעאַטער	סעקאַנד עוועניו-טעאַטער | קעסלערס רוף-גאַרדן | קעסלערס רוף-גאָרדען	אַמעריקע										
ORG-C04102	י. קעסלערס טרופּע	Traveling Company	1	י. קעסלערס טרופּע	שיקאַגאָ				617 | 566 | 568 | 533 | 579	0.789 | 0.688 | 0.688 | 0.625 | 0.625	ipa_phonetic | ipa_phonetic | ipa_phonetic | ipa_phonetic | ipa_phonetic							
ORG-C04103	סעלצניק מוּווינג פיקטשור קאָמפּאַניע	Publisher	1	סעלצניק מוּווינג פיקטשור קאָמפּאַניע														
ORG-C04104	באַלטימאָרער ליריק-טעאַטער	Theatre	1	באַלטימאָרער ליריק-טעאַטער	באַלטימאָר													
ORG-C04105	קאָנצערט-ביוראָ אין באַלטימאָר	Business	1	קאָנצערט-ביוראָ אין באַלטימאָר	באַלטימאָר							NEW	659				Sinai	2026-05-18T10:11:15Z
ORG-C04106	"""רוסישע דראָמע"""	Theatre	1	"""רוסישע דראָמע"""			אוקראַאינע	אוקראַאינע										
ORG-C04107	דראָמאַטישער סטודיע פֿון רעזשיסער אַטיאַנאָוו	Education	1	דראָמאַטישער סטודיע פֿון רעזשיסער אַטיאַנאָוו														
ORG-C04108	4-קלאַסיקע שטאָטישע שול	Education	1	4-קלאַסיקע שטאָטישע שול														
ORG-C04109	מוזיקאַלישן טעכניקום	Education	1	מוזיקאַלישן טעכניקום														
ORG-C04110	דייטשער מיסיאָנערן-שול	Education	1	דייטשער מיסיאָנערן-שול	סיריע													
ORG-C04111	"גימנאַזיע „הרצליה"""	Education	1	"גימנאַזיע „הרצליה"""	יפו													
ORG-C04112	ועדת החזיונות	Theatre-related Society/ Union	2	ועדת החזיונות														
ORG-C04113	פּעטראָווסקער-ראָזאַמאָווסקער אַקאַדעמיע	Education	1	פּעטראָווסקער-ראָזאַמאָווסקער אַקאַדעמיע	מאָסקווע													
ORG-C04114	וואַרדי יאָעליט-טעאַטער-סטודיע	Education	1	וואַרדי יאָעליט-טעאַטער-סטודיע														
ORG-C04115	קאַליש-טעאַטער	Theatre	1	קאַליש-טעאַטער	ניו-יאָרק		קאַליש-טעאַטער		529 | 555 | 616 | 296 | 123	0.750 | 0.750 | 0.750 | 0.750 | 0.667	ipa_phonetic | ipa_phonetic | ipa_phonetic | ipa_phonetic | ipa_phonetic							
ORG-C04116	אַדלערס גרענד-טעאַטער	Theatre	6	אַדלערס גרענד-טעאַטער | אָדלערס גרענד-טעאַטער	ניו יאָרק		אַדלערס גרענד-טעאַטער | אַדלערס גרענד-טעאַטער | אָדלערס גרענד-טעאַטער		622	0.632	ipa_phonetic							
ORG-C04117	פאַרלאַג פֿון ש. גאָלדפֿאַרב	Publisher	1	פאַרלאַג פֿון ש. גאָלדפֿאַרב	וואַרשע		פאַרלאַג פֿון ש. גאָלדפֿאַרב											
ORG-C04118	דרוקעריי פון דער אלמנה און יתומים פּרופּס	Printer	1	דרוקעריי פון דער אלמנה און יתומים פּרופּס	אַמסטערדאַם		דרוקעריי פון דער אלמנה און יתומים פּרופּס					NEW	649				Sinai	2026-05-18T05:14:57Z
ORG-C04119	סינאַגאָגע	Theatre	4	סינאַגאָגע	לעמבערג | סטאָניסלאַוואוו		סינאָגאָגע											
ORG-C04120	טרופע יוליוס אַדלער-ליפּאָווסקי	Traveling Company	1	טרופע יוליוס אַדלער-ליפּאָווסקי	ווילנע													
ORG-C04121	כאָר פֿון דער סינאַגאָגע	Musical organization	2	כאָר פון דער סינאָגאָגע | כאָר פֿון דער סינאַגאָגע	לאָדזש			פּוילן										
ORG-C04122	יונגוויץ-יאָנג	Traveling Company	1	יונגוויץ-יאָנג	וואַרשע													
ORG-C04123	חיימאָוויטש, כאַראַז און סאַמבערג	Traveling Company	1	חיימאָוויטש, כאַראַז און סאַמבערג				רוסלאַנד										
ORG-C04124	פאַראייניקטער חברים-טרופּע	Traveling Company	1	פאַראייניקטער חברים-טרופּע	פאַריז													
ORG-C04125	דובאָווסקי	Traveling Company	1	דובאָווסקי	לאָנדאָן													
ORG-C04126	צימבאַליסט-צוקער	Traveling Company	1	צימבאַליסט-צוקער				פּוילן										
ORG-C04127	יעקב זילבערט און בעטי קעניג	Traveling Company	1	יעקב זילבערט און בעטי קעניג														
ORG-C04128	הערמאַן בערמאַנס טרופּע	Traveling Company	1	הערמאַן בערמאַנס טרופּע	ליפּנע				287 | 182 | 203 | 330 | 455	0.615 | 0.600 | 0.600 | 0.600 | 0.600	ipa_phonetic | ipa_phonetic | ipa_phonetic | ipa_phonetic | ipa_phonetic							
ORG-C04129	קאמינסקי און פישזאָן	Traveling Company	1	קאמינסקי און פישזאָן	קיעוו													
ORG-C04130	בערנשטיין-סעם אַדלער	Traveling Company	1	בערנשטיין-סעם אַדלער			רוסלאַנד	רוסלאַנד										
ORG-C04131	ליפּאָווסקי-משפּחה	Traveling Company	1	ליפּאָווסקי-משפּחה	כאָרבין													
ORG-C04132	ספּיוואַקאָווסקיס עלדאָראַדאָ-טעאַטער	Theatre	1	ספּיוואַקאָווסקיס עלדאָראַדאָ-טעאַטער	וואַרשע		עלדאָראַדאָ-טעאַטער											
ORG-C04133	וויינקאָרט-האָל	Theatre	1	וויינקאָרט-האָל	לאָנדאָן		וויינקאָרט-האָל	ענגלאַנד										
ORG-C04134	ניו-יאָרקער יידישן טעאַטער	Theatre	3	ניו-יאָרקער יידישן טעאַטער	ניו יאָרק | ניו-יאָרק		ניו-יאָרקער יידישן טעאַטער	אַמעריקע	615 | 500 | 575 | 472 | 539	0.767 | 0.708 | 0.708 | 0.667 | 0.613	ipa_phonetic | ipa_phonetic | ipa_phonetic | ipa_phonetic | ipa_phonetic							
ORG-C04135	קאַרנעגי האָל	Theatre	3	קאַרנעגי האָל	ניו-יאָרק		קאַרנעגי האָל | קאַרנעני האָל | קאָרנעגי-האָל											
ORG-C04136	פּערלאג יהואָש	Publisher	1	פּערלאג יהואָש	ניו-יאָרק		פּערלאג יהואָש											
ORG-C04137	The Stratford Journal	Journals/ Newspapers	1	The Stratford Journal														
ORG-C04138	D. Appleton and Company	Publisher	1	D. Appleton and Company	New York		D. Appleton and Company											
ORG-C04139	דאָס נייע לעבן	Journals/ Newspapers	4	דאָס נייע לעבן	אָדעס | ניו יאָרק		אַמעריקע	אַמעריקע										
ORG-C04140	זשעטלער ישיבה	Education	1	זשעטלער ישיבה	זשעטל													
ORG-C04141	"פאַרלאַג „מעהר ליכט"""	Publisher	1	"פאַרלאַג „מעהר ליכט"""	ניו-יאָרק													
ORG-C04142	ענציקלאָפּעדיע פֿון יידישן טעאַטער	Journals/ Newspapers	1	ענציקלאָפּעדיע פֿון יידישן טעאַטער					310	0.710	ipa_phonetic							
ORG-C04143	מיטלשול פֿון פינקל	Education	1	מיטלשול פֿון פינקל														
ORG-C04144	בונדישער אַקאַדעמישער אָרגאַניזאַציע	Jewish political bodies	1	בונדישער אַקאַדעמישער אָרגאַניזאַציע														
ORG-C04145	לאַנדראַט פֿון די פּראָפעסיאנעלע פֿאַראיינען	Trade Union / Professional Association	1	לאַנדראַט פֿון די פּראָפעסיאנעלע פֿאַראיינען														
ORG-C04146	צענטראַלן לעדער-פֿאַראיין	Trade Union / Professional Association	1	צענטראַלן לעדער-פֿאַראיין														
ORG-C04147	צענטראַלן דרוקער-פֿאַראיין	Trade Union / Professional Association	1	צענטראַלן דרוקער-פֿאַראיין														
ORG-C04148	"פ""ג האַלפּערין"	Publisher	1	"פ""ג האַלפּערין"	ווילנע													
ORG-C04149	"פֿאַרלאַג ""ביליקע ביכער"""	Publisher	1	"פֿאַרלאַג ""ביליקע ביכער"""	ריגע													
ORG-C04150	יידישע בינע יונג-אַרגענטינע	Theatre	1	יידישע בינע יונג-אַרגענטינע	בוענאָס-איירעס													
ORG-C04151	ביי זיגלער	Traveling Company	1	ביי זיגלער	ווין													
ORG-C04152	Руское Богатство	Journals/ Newspapers	1	Руское Богатство														
ORG-C04153	Восходь	Journals/ Newspapers	1	Восходь														
ORG-C04154	Знамя	Publisher	1	Знамя														
ORG-C04155	די וועלט	Publisher	5	די וועלט	וואַרשע | ווילנע													
ORG-C04156	געבילס קאָמעדיע טעאַטער	Theatre	3	געבילס קאָמעדיע טעאַטער	ניו יאָרק | ניו-יאָרק	סאָפאָלק סטריט	געבילס קאָמעדיע טעאַטער | געבילס קאָמעדיע-טעאַטער	אַמעריקע | אמעריקע										
ORG-C04157	געזעלשאַפט „פרייע יידישע בינע“	Theatre	1	געזעלשאַפט „פרייע יידישע בינע“	מעלבורן			אויסטראָליע										
ORG-C04158	יידישער שול-אָרגאַניזאַציע	Education	1	יידישער שול-אָרגאַניזאַציע														
ORG-C04159	קונסט-דעפּאַרטאַמענט ביים פּוילישן בילדונגס-מיניסטעריום	Non-Jewish political bodies	1	קונסט-דעפּאַרטאַמענט ביים פּוילישן בילדונגס-מיניסטעריום														
ORG-C04160	האָטעל בעלאַ וויסטא	Theatre	1	האָטעל בעלאַ וויסטא	יפו		האָטעל בעלאַ וויסטא											
ORG-C04161	גדוד מגיני השפה	Jewish political bodies	1	גדוד מגיני השפה														
ORG-C04162	מעלוכישער יידישער טעאַטער אין אוקראַאינע	Theatre	1	מעלוכישער יידישער טעאַטער אין אוקראַאינע				אוקראַאינע										
ORG-C04163	בילדונגס-קאָמיסאַריאט פֿאַר ליטע	Theatre	1	בילדונגס-קאָמיסאַריאט פֿאַר ליטע														
ORG-C04164	רעפּערטואר-קאָמיסיע	Theatre	1	רעפּערטואר-קאָמיסיע														
ORG-C04165	יידישע שול	Education	8	יידישע סטודיע | יידישע שול | יידישער סטודיע אין ווייסרוסלאַנד	בוקאַרעסט | בראָד | כערגען-כעלזען | מינסק		יידישער שול	ווייסרוסלאַנד	223	0.600	fuzzy							
ORG-C04166	16-טער רוסישער אַרמעע	Military	1	16-טער רוסישער אַרמעע			ווייסרוסלאַנד											
ORG-C04167	מייזעל-פֿאַרלאַג	Publisher	2	מייזעל-פאַרלאָג | מייזעל-פֿאַרלאַג	נ. י. | ניו יאָרק													
ORG-C04168	טאָראָנטער ליריק-טעאַטער	Theatre	1	טאָראָנטער ליריק-טעאַטער	טאָראָנטאָ		ליריק-טעאַטער											
ORG-C04169	גיבסאָן-טעאַטער	Theatre	3	גיבסאָן-טעאַטער	פֿילאַדעלפיע | פֿילאָדעלפֿיע | פֿילאָרעלפיע		גיבסאָן טעאַטער | גיבסאָן-טעאַטער | גיבסאָן-טעאַטער	אַמעריקע	526 | 552 | 628 | 123 | 124	0.692 | 0.692 | 0.692 | 0.615 | 0.615	ipa_phonetic | ipa_phonetic | ipa_phonetic | ipa_phonetic | ipa_phonetic							
ORG-C04170	סאול דיקשטייןס פאָלקס-טעאַטער	Theatre	1	סאול דיקשטייןס פאָלקס-טעאַטער	פֿילאַדעלפיע		פאָלקס-טעאַטער		608	0.630	ipa_phonetic							
ORG-C04171	ניו-יאָרקער ליבערטי	Theatre	1	ניו-יאָרקער ליבערטי	ניו-יאָרק		ליבערטי											
ORG-C04172	לאדזשער דייטשן טעאַטער	Theatre	1	לאדזשער דייטשן טעאַטער	לאָדזש				472 | 500 | 604 | 575 | 609	0.700 | 0.650 | 0.650 | 0.636 | 0.619	ipa_phonetic | ipa_phonetic | ipa_phonetic | ipa_phonetic | ipa_phonetic							
ORG-C04173	"„פֿאַראייניקטער טרופּע"" פֿון אַברהם-יצחק און אסתר-רחל קאמינסקי"	Traveling Company	1	"„פֿאַראייניקטער טרופּע"" פֿון אַברהם-יצחק און אסתר-רחל קאמינסקי"														
ORG-C04174	"מינסקער „אונזער ווינקל"""	Theatre	1	"מינסקער „אונזער ווינקל"""	מינסק		"מינסקער „אונזער ווינקל"""											
ORG-C04175	מאיר שוואַרץס טרופּע	Traveling Company	1	מאיר שוואַרץס טרופּע					198	0.667	ipa_phonetic							
ORG-C04176	יידישע גליקן	Media (Radio/ Film/TV)	4	יידישע גליקן														
ORG-C04177	ערשטע רעגירונגס-שול	Education	1	ערשטע רעגירונגס-שול														
ORG-C04178	קרייז „ליבהאָבער“	Traveling Company	1	קרייז „ליבהאָבער“														
ORG-C04179	ראָפּעלן אין טרופּע	Traveling Company	1	ראָפּעלן אין טרופּע					469 | 559	0.688 | 0.688	ipa_phonetic | ipa_phonetic	ALIGN	469				Bella	2026-05-05T07:19:18Z
ORG-C04180	דראַמקרייז ביים קלוב פֿון געוו. „פּועלי ציון“	Amateur	1	דראַמקרייז ביים קלוב פֿון געוו. „פּועלי ציון“														
ORG-C04181	יידישער טרופּע פֿון טשעטשעלניצקי	Traveling Company	1	יידישער טרופּע פֿון טשעטשעלניצקי														
ORG-C04182	טרופּע פֿון קלאַראַ יאָנג	Traveling Company	5	טרופּע פֿון קלאַראַ יאָנג | קלאַראַ יאָנג			רוסלאַנד	רוסלאַנד	523 | 563 | 283 | 531 | 578	0.700 | 0.619 | 0.600 | 0.600 | 0.600	ipa_phonetic | ipa_phonetic | ipa_phonetic | ipa_phonetic | ipa_phonetic							
ORG-C04183	"באַוועגלעכן טעאַטער פֿון קליינע פֿאָרמען ביים „געזקולט"""	Theatre	1	"באַוועגלעכן טעאַטער פֿון קליינע פֿאָרמען ביים „געזקולט"""	כאַרקאָוו													
ORG-C04184	וואַרשעווער טרופּע (אסתר-רחל קאמינסקאַ)	Traveling Company	1	וואַרשעווער טרופּע (אסתר-רחל קאמינסקאַ)	וואַרשע													
ORG-C04185	טרופּע אין וועלכער עס גאַסטראָלירט מ. ד. וואַקסמאַן	Traveling Company	3	די טרופּע | די טרופע אין צענטראל-טעאַטער | טרופּע אין וועלכער עס גאַסטראָלירט מ. ד. וואַקסמאַן	בוקאַרעסט | וואַרשע		צענטראל-טעאַטער											
ORG-C04186	באָסטאָן ביי האָלענדער	Theatre	1	באָסטאָן ביי האָלענדער	באָסטאָן													
ORG-C04187	דעטראָיטער יידישן טעאַטער	Theatre	1	דעטראָיטער יידישן טעאַטער	דעטראָיט		דעטראָיטער יידישן טעאַטער		500 | 472 | 575 | 609 | 569	0.783 | 0.739 | 0.739 | 0.652 | 0.625	ipa_phonetic | ipa_phonetic | ipa_phonetic | ipa_phonetic | ipa_phonetic							
ORG-C04188	„הד הזמן“	Journals/ Newspapers	1	„הד הזמן“														
ORG-C04189	"„המעורר"""	Journals/ Newspapers	1	"„המעורר"""														
ORG-C04190	ניו יאָרקער יידישעס טאָגעבלאַט	Journals/ Newspapers	2	ניו יאָרקער יידישעס טאָגעבלאַט	ניו-יאָרק			אַמעריקע										
ORG-C04191	יאָווילער-טרופּע	Traveling Company	1	יאָווילער-טרופּע	בוקאַרעסט				295 | 568 | 41 | 521 | 566	1.000 | 0.786 | 0.692 | 0.643 | 0.643	exact | ipa_phonetic | ipa_phonetic | ipa_phonetic | ipa_phonetic	ALIGN	295				Sinai	2026-05-11T21:34:01Z
ORG-C04192	רומענישער אָפּערעטעס-טרופּע פֿון ניקאָלעסקו	Theatre	1	רומענישער אָפּערעטעס-טרופּע פֿון ניקאָלעסקו														
ORG-C04193	"רומענישער טרופּע א""א פֿון באבעסקו"	Theatre	1	"רומענישער טרופּע א""א פֿון באבעסקו"														
ORG-C04194	יידישער טרופּע קאַגאַן-שאַץ	Theatre	1	יידישער טרופּע קאַגאַן-שאַץ														
ORG-C04195	טרופּעס פֿון אסתר-רחל קאמינסקאַ	Theatre	1	טרופּעס פֿון אסתר-רחל קאמינסקאַ														
ORG-C04196	"טרופּע א""א פֿון אַלבערט סעגאַלעסקאָ"	Theatre	1	"טרופּע א""א פֿון אַלבערט סעגאַלעסקאָ"														
ORG-C04197	וואַנדער-קאָלעקטיוו א'א פֿון פעדערעסקאָ	Theatre	1	וואַנדער-קאָלעקטיוו א'א פֿון פעדערעסקאָ														
ORG-C04198	פּראָווינץ-טרופּע פֿון משה גאָלדוואורם	Traveling Company	1	פּראָווינץ-טרופּע פֿון משה גאָלדוואורם														
ORG-C04199	פֿאַמיליע שיינגאָלד	Traveling Company	1	פֿאַמיליע שיינגאָלד	ראטשעסטער													
ORG-C04200	יידישן אַטלאַנטיק גאַרדען וואָדעוויל	Theatre	1	יידישן אַטלאַנטיק גאַרדען וואָדעוויל	ניו-יאָרק	עלדריטש סטריט 133												
ORG-C04201	געבילס בויערי-טעאַטער	Theatre	1	געבילס בויערי-טעאַטער														
ORG-C04202	עקטאָר-ליג	Theatre-related Society/ Union	1	עקטאָר-ליג														
ORG-C04203	דזשעני וואליער	Traveling Company	1	דזשעני וואליער														
ORG-C04204	אַדלער-פאמיליע	Traveling Company	1	אַדלער-פאמיליע														
ORG-C04205	קראָקעווער אוניווערזיטעט	Education	3	קראַקאָווער אוניווערזיטעט | קראָקעווער אוניווערזיטעט	קראָקע		פילאָסאָפישן פאַקולטעט | קראָקעווער אוניווערזיטעט		589 | 587 | 590 | 585 | 595	1.000 | 0.762 | 0.762 | 0.714 | 0.714	exact | ipa_phonetic | ipa_phonetic | ipa_phonetic | ipa_phonetic	NEW	589				Bella	2026-05-05T07:48:33Z
ORG-C04206	קראָקעווער פּוילישע דראַמאַטישע שול	Education	2	קראָקעווער פּוילישע דראַמאַטישע שול	קראָקע		קראָקעווער פּוילישע דראַמאַטישע שול											
ORG-C04207	מלוכה-גימנאַזיע	Education	1	מלוכה-גימנאַזיע														
ORG-C04208	שול פֿון מאָסקווער קונסט-טעאַטער	Education	1	שול פֿון מאָסקווער קונסט-טעאַטער														
ORG-C04209	טרופּע פֿון קאָרש-טעאַטער	Traveling Company	1	טרופּע פֿון קאָרש-טעאַטער					563 | 296 | 531 | 578 | 626	1.000 | 0.750 | 0.667 | 0.619 | 0.619	exact | ipa_phonetic | ipa_phonetic | ipa_phonetic | ipa_phonetic	NEW	563				Bella	2026-05-04T08:28:31Z
ORG-C04210	לאָס אַנדזשעלעסער יידישן טעאַטער	Theatre	1	לאָס אַנדזשעלעסער יידישן טעאַטער	לאָס אַנדזשעלעס		לאָס אַנדזשעלעסער יידישן טעאַטער		472 | 575 | 609	0.714 | 0.643 | 0.643	ipa_phonetic | ipa_phonetic | ipa_phonetic							
ORG-C04211	לאַנצמאַן	Traveling Company	2	לאַנצמאַן	קאַליש													
ORG-C04212	ראטשיינען	Traveling Company	1	ראטשיינען														
ORG-C04213	אַרבעטס-שול	Education	1	אַרבעטס-שול	וואַרשע		אַרבעטס-שול											
ORG-C04214	"באַגאַטעלאַ-טעאַטער „חיים-יואַל"""	Theatre	1	"באַגאַטעלאַ-טעאַטער „חיים-יואַל"""														
ORG-C04215	רומענישע תלמוד-תורות	Education	1	רומענישע תלמוד-תורות														
ORG-C04216	ישיבה פֿון ר' יחיאָל מיכל ר'ם אין יאַסי	Education	1	ישיבה פֿון ר' יחיאָל מיכל ר'ם אין יאַסי	יאַסי		ישיבה	רומעניע										
ORG-C04217	יאַסער טרופּע	Traveling Company	1	יאַסער טרופּע	יאַסי			רומעניע	41 | 551 | 566 | 568 | 295	1.000 | 0.750 | 0.714 | 0.714 | 0.692	exact | ipa_phonetic | ipa_phonetic | ipa_phonetic | ipa_phonetic	ALIGN	41				Bella	2026-04-19T06:59:24Z
ORG-C04218	פערלאַג פון אַמקרויט עט פֿריינד	Publisher	3	פערלאַג פון אַמקרויט עט פֿריינד | פֿערלאַג פֿון אַמקרויט עט פרוינד	פּשעמישל | פאָדגורזע | פשעמישל		בּוכהאַנדלונג | פֿערלאַג פֿון אַמקרויט עט פרוינד											
ORG-C04219	ספּיוואַקאָווסקי-פישזאָן-טרוּפּע	Traveling Company	1	ספּיוואַקאָווסקי-פישזאָן-טרוּפּע	לאָדזש													
ORG-C04220	לאַנצמאַןס טרוּפּע	Traveling Company	2	לאַנצמאַןס טרוּפּע | לאַנצמאָזס טרופּע					325 | 330 | 470 | 203 | 533	0.800 | 0.667 | 0.647 | 0.625 | 0.600	ipa_phonetic | ipa_phonetic | ipa_phonetic | ipa_phonetic | ipa_phonetic							
ORG-C04221	טעאַטער אַמבּיני	Theatre	1	טעאַטער אַמבּיני	פּאַריז		טעאַטער אַמבּיני	פראַנקרייך	581 | 580 | 491 | 475	0.692 | 0.667 | 0.625 | 0.600	ipa_phonetic | ipa_phonetic | ipa_phonetic | ipa_phonetic							
ORG-C04222	טרופּע זשאָרזש אוּן בּעקער	Traveling Company	1	טרופּע זשאָרזש אוּן בּעקער	ווייטעבּסק													
ORG-C04223	האָמלער „אוּנזער ווינקל“	Theatre	1	האָמלער „אוּנזער ווינקל“														
ORG-C04224	בּיי בּראַנדעסקאָ	Traveling Company	1	בּיי בּראַנדעסקאָ	מאָסקווע													
ORG-C04225	סלוצקער ישיבה	Education	1	סלוצקער ישיבה														
ORG-C04226	לאָקאל 5 און לאָקאָל 1	Theatre-related Society/ Union	1	לאָקאל 5 און לאָקאָל 1								SPLIT		Cluster refers to two distinct union locals (Local 5 and Local 1) and should be separated.			auto_drafter	2026-05-17T17:07:26Z
ORG-C04227	ליטעראָריש-דראָמאָטישן קלאָב	Theatre	5	ליטעראַריש-דראַמאַטישן קלוב | ליטעראָריש-דראָמאָטישן קלאָב	ניו יאָרק | ניו-יאָרק | ניויאָרק		238 איסט בראָדוויי	אָמעריקע	606	0.724	ipa_phonetic							
ORG-C04228	27-טע סטריט טעאַטער	Theatre	1	27-טע סטריט טעאַטער					513	0.737	ipa_phonetic							
ORG-C04229	מאַרק שווייס קונסט-טעאַטער	Theatre	1	מאַרק שווייס קונסט-טעאַטער	בראנקס				623	0.630	ipa_phonetic							
ORG-C04230	פּאָליטעכנישן אינסטיטוט	Education	1	פּאָליטעכנישן אינסטיטוט														
ORG-C04231	רוסישער דראַמאַטישער סטודיע פֿון לאַרענצאַ	Education	1	רוסישער דראַמאַטישער סטודיע פֿון לאַרענצאַ														
ORG-C04232	רוסישע דראַמאַטישע שול	Education	2	רוסישע דראַמאַטישע שול	קיעוו													
ORG-C04233	"רוסישן טעאַטער „קראָסני פאַקל"""	Theatre	1	"רוסישן טעאַטער „קראָסני פאַקל"""														
ORG-C04234	רוסישן טעאַטער „מאַסאַדראם“	Theatre	1	רוסישן טעאַטער „מאַסאַדראם“														
ORG-C04235	תיאָטרון אַמנותי	Theatre	2	תיאָטרון אַמנותי			אָרץ-ישראל	אָרץ-ישראל										
ORG-C04236	תיאַטרון לאומי	Theatre	3	תיאַטרון לאומי	אָרץ-ישראל			אַרץ ישראל										
ORG-C04237	"„קומקום"""	Theatre	1	"„קומקום"""														
ORG-C04238	„המטאַטאָ“	Theatre	2	„המטאַטאָ“	אָרץ-ישראל													
ORG-C04239	געווערבע-האָכשולע	Education	1	געווערבע-האָכשולע	ווין													
ORG-C04240	דער סאָציאַלער קריעג	Journals/ Newspapers	1	דער סאָציאַלער קריעג			די פֿאַראייניקטע שטאָטן	די פֿאַראייניקטע שטאָטן										
ORG-C04241	פֿ'ג אַמעריקאַ	Publisher	1	פֿ'ג אַמעריקאַ	נ. י.													
ORG-C04242	מ. ח. טיטעלמאַן	Traveling Company	1	מ. ח. טיטעלמאַן	מינסק													
ORG-C04243	זאַנדבערג א'נ גאַדלעוויטש	Traveling Company	1	זאַנדבערג א'נ גאַדלעוויטש	לאָדזש													
ORG-C04244	לעמבערגער קלויז	Education	1	לעמבערגער קלויז	לעמבערג		לעמבערגער קלויז											
ORG-C04245	סאַדיגודער קלויז	Education	2	סאַדיגודער קלויז | סאָריגודער קלויז														
ORG-C04246	בית המדרש לרבנים	Education	2	בית המדרש לרבנים	אָדעס													
ORG-C04247	ר. מאזין	Publisher	1	ר. מאזין	לאָנדאָן													
ORG-C04248	וואַרשעווער טעאַטער „בוף“	Theatre	1	וואַרשעווער טעאַטער „בוף“	וואַרשע		וואַרשעווער טעאַטער „בוף“	פּוילן										
ORG-C04249	פּוילישער אָפּערעטע פֿון קאָשטשעלסקי	Traveling Company	1	פּוילישער אָפּערעטע פֿון קאָשטשעלסקי	לאדזש		לאדזשער וויקטאָריאַ-טעאַטער	פּוילן										
ORG-C04250	מילאַנער אָפּערע	Theatre	1	מילאַנער אָפּערע	מילאַן			איטאָליע	532	0.769	ipa_phonetic							
ORG-C04251	"„סטאַלסקי"""	Traveling Company	1	"„סטאַלסקי"""	לאָדזש			פּוילן										
ORG-C04252	"יידישן טעאַטער ""נאָווי"""	Theatre	1	"יידישן טעאַטער ""נאָווי"""	וואַרשע	קרולעווסקאַ גאַס		פּוילן										
ORG-C04253	יידיש-אַמעריקאָנע פּרעסע	Journals/ Newspapers	1	יידיש-אַמעריקאָנע פּרעסע														
ORG-C04254	„פּורים-שפּילן“	Theatre	1	„פּורים-שפּילן“			אין שטעטל											
ORG-C04255	„די ליטעראַרישע פאָלקס-בינע“	Theatre	1	„די ליטעראַרישע פאָלקס-בינע“														
ORG-C04256	ברוקלינער נאַוועלטי-טעאַטער	Theatre	1	ברוקלינער נאַוועלטי-טעאַטער	ברוקלין		ברוקלינער נאַוועלטי-טעאַטער											
ORG-C04257	יידישער וואָדעוויל-יוניע (לאָקאַל 5)	Theatre-related Society/ Union	2	יידישער וואָדעוויל-יוניע | יידישער וואָדעוויל-יוניע (לאָקאַל 5)														
ORG-C04258	האַרטעמער לענאָקס-טעאַטער	Theatre	1	האַרטעמער לענאָקס-טעאַטער	האַרטעם		לענאָקס-טעאַטער											
ORG-C04259	יידישן קולטור-פֿאַראיין	Theatre-related Society/ Union	2	יידישן קולטור-פֿאַראיין	מעץ | קוראָוו													
ORG-C04260	יידישער פּרעסע	Journals/ Newspapers	4	דער יידישער פּרעסע | יידישער פּרעסע	לאָנדאָן			אַמעריקע	461	0.643	ipa_phonetic							
ORG-C04261	ספּיוואַקאָווסקי און סעם אַדלערס טרופּע	Traveling Company	1	ספּיוואַקאָווסקי און סעם אַדלערס טרופּע	פּעטערבורג													
ORG-C04262	"""באראָן הירש""-פֿאָלקס-שול"	Education	2	"""באראָן הירש""-פֿאָלקס-שול"	האָראָדענקאָ													
ORG-C04263	גאַליציאַנער לאַנדסלייט-פֿאַראיין	Welfare/Aid organization	1	גאַליציאַנער לאַנדסלייט-פֿאַראיין			אַרגענטינע	אַרגענטינע										
ORG-C04264	יונג אָרגענטינע	Education	4	יונג אָרגענטינע	ב. א. | בוענאָס-איירעס		אַרגענטינע | אָרגענטינע	אַרגענטינע | אָרגענטינע										
ORG-C04265	פּאָזנאַנסקיס אָוונט-שול	Education	1	פּאָזנאַנסקיס אָוונט-שול														
ORG-C04266	פֿייווישאָווס טרופּע	Traveling Company	1	פֿייווישאָווס טרופּע	פינסק				195 | 325 | 330 | 459	0.600 | 0.600 | 0.600 | 0.600	ipa_phonetic | ipa_phonetic | ipa_phonetic | ipa_phonetic							
ORG-C04267	"אַלאוקראַאינישן מלוכה-טעאַטער פֿון קליינע פֿאַרמען „געזקולט"""	Theatre	1	"אַלאוקראַאינישן מלוכה-טעאַטער פֿון קליינע פֿאַרמען „געזקולט"""	כאַרקאָוו													
ORG-C04268	קיעווער 3-יאָריקע מלוכה-קורסן פֿאַר פרעמדע לשונות	Education	1	קיעווער 3-יאָריקע מלוכה-קורסן פֿאַר פרעמדע לשונות	קיעוו													
ORG-C04269	קיעווער דראַמאַטישן אינסטיטוט א'נ ליסענקאָ	Education	1	קיעווער דראַמאַטישן אינסטיטוט א'נ ליסענקאָ	קיעוו													
ORG-C04270	איבערגרייט-קורסן פֿאַר קלוב רעזשיסאָרן פֿון דראַמ. אַרבעט	Education	1	איבערגרייט-קורסן פֿאַר קלוב רעזשיסאָרן פֿון דראַמ. אַרבעט														
ORG-C04271	שטראַספאָגעלן	Traveling Company	1	שטראַספאָגעלן			שטראַספאָגעלן											
ORG-C04272	אייראָפּעאישע קאָאָפּעראַטיווע יידישע טרופּע	Traveling Company	1	אייראָפּעאישע קאָאָפּעראַטיווע יידישע טרופּע	ניו דזשוירסי													
ORG-C04273	מישוראָטס גאַסטראָלירנדיקער טרופּע	Traveling Company	1	מישוראָטס גאַסטראָלירנדיקער טרופּע	אלטשעווסק													
ORG-C04274	כאָר פֿון נאָזשיקס שול	Musical organization	1	כאָר פֿון נאָזשיקס שול	וואַרשע		נאָזשיקס שול	פּוילן										
ORG-C04275	לובלינער יידישער טרופּע פֿון שלמה הערשקאָוויטש	Traveling Company	1	לובלינער יידישער טרופּע פֿון שלמה הערשקאָוויטש	לובלין			פּוילן										
ORG-C04276	טשיין	Theatre	1	טשיין	באָסטאָן		טשיין	אַמעריקע										
ORG-C04277	דאָס נייע לאַנד	Journals/ Newspapers	3	דאָס נייע לאַנד | נייע לאַנד	ניו יאָרק		דאָס נייע לאַנד	אמעריקע										
ORG-C04278	ליטעראַריש-דראַמאַטישער פֿאַראיין	Theatre-related Society/ Union	1	ליטעראַריש-דראַמאַטישער פֿאַראיין	פּאַריז													
ORG-C04279	טרופּע פֿון דזשעני קייזער	Traveling Company	1	טרופּע פֿון דזשעני קייזער														
ORG-C04280	בלומענטאַלס טרופּע	Traveling Company	2	בלומענטאַלס טרופּע	פּאַריז				559	0.688	ipa_phonetic							
ORG-C04281	אונזער טעאַטער — אונזער לעבן	Journals/ Newspapers	1	אונזער טעאַטער — אונזער לעבן	פּאַריז				425	0.679	ipa_phonetic							
ORG-C04282	בורשטייןס טרופּע	Traveling Company	1	בורשטייןס טרופּע					203 | 469 | 610 | 182 | 195	0.812 | 0.600 | 0.600 | 0.600 | 0.600	ipa_phonetic | ipa_phonetic | ipa_phonetic | ipa_phonetic | ipa_phonetic							
ORG-C04283	פאַריזער בלעטער	Journals/ Newspapers	1	פאַריזער בלעטער														
ORG-C04284	דער טעמפּל	Journals/ Newspapers	1	דער טעמפּל														
ORG-C04285	גלאָקן-טעאַטער	Theatre	1	גלאָקן-טעאַטער					526 | 552 | 529 | 553 | 600	0.750 | 0.750 | 0.667 | 0.667 | 0.667	ipa_phonetic | ipa_phonetic | ipa_phonetic | ipa_phonetic | ipa_phonetic							
ORG-C04286	גאָלדפֿאַדען	Traveling Company	15	גאָלדפאַדען | גאָלדפֿאַדען | גאָלדפֿאַדען אין טרופּע | טרופּע פֿון גאָלדפֿאַרען | טרופּע פֿון גאָלדפֿאָדען	אָדעס | בוקאַרעסט | גאַלאַץ		גאָלדפֿאַדען אין טרופּע	רומעניע										
ORG-C04287	א'נ לאובע	Traveling Company	1	א'נ לאובע														
ORG-C04288	קעניגלעכן טעאַטער	Theatre	1	קעניגלעכן טעאַטער	יאַסי			רומעניע	278 | 622 | 630	0.688 | 0.688 | 0.625	ipa_phonetic | ipa_phonetic | ipa_phonetic							
ORG-C04289	מאַרינסקאַיאַ גימנאַזיע	Education	1	מאַרינסקאַיאַ גימנאַזיע	ווילנע													
ORG-C04290	כאָר-שול ביים חזן באַכמאַן	Education	1	כאָר-שול ביים חזן באַכמאַן														
ORG-C04291	כהןס גימנאַזיע	Education	2	כהןס גימנאַזיע	ווילנע		כהנס גימנאַזיע											
ORG-C04292	דראַמאַטישע קורסן פֿון רוסישן רעזשיסער טראַגאַנאַוו-באַבראָוו	Education	2	דראַמאַטישע קורסן פֿון רוסישן רעזשיסער טראַגאַנאַוו-באַבראָוו | דראָמאַטישע קורסן פֿון רוסישן רעזשיסער סטראָגאַנאָוו-באָגראַף	ווילנע													
ORG-C04293	דראַמאַטישן קרייז ביים אָרטיקן יידישן אַקאַדעמישן קולטור-פֿאַראיין	Traveling Company	1	דראַמאַטישן קרייז ביים אָרטיקן יידישן אַקאַדעמישן קולטור-פֿאַראיין	לייפּציג													
ORG-C04294	אזרא-עלמית	Traveling Company	1	אזרא-עלמית				בעלגיע										
ORG-C04295	טרופּע קאַמינסקי, הערמאַן בערמאַן און טרילינג	Traveling Company	1	טרופּע קאַמינסקי, הערמאַן בערמאַן און טרילינג	לאָדזש	קאָנסטאַנטינער גאַס	אַ קליין גערטנדל מיט אַן אָפענער בינע	פּוילן										
ORG-C04296	געבילן	Traveling Company	8	געבילן | געבילן אין טעאַטער	ניו יאָרק													
ORG-C04297	מיט בעסי און באָריס טאָמאַשעווסקי	Traveling Company	1	מיט בעסי און באָריס טאָמאַשעווסקי														
ORG-C04298	זאַץס פאָלקס-טעאַטער	Theatre	9	זאַץס פאָלקס-טעאַטער	ניו יאָרק		זאַץס פאָלקס-טעאַטער	אַמעריקע	570 | 608 | 514	0.652 | 0.650 | 0.611	ipa_phonetic | ipa_phonetic | ipa_phonetic							
ORG-C04299	קאָפּעלמאָןס וואַריעטע	Theatre	1	קאָפּעלמאָןס וואַריעטע				אַמעריקע										
ORG-C04300	וואַריעטע-יוניע (לאָקאל 5)	Theatre-related Society/ Union	2	וואַריעטע-יוניע (לאָקאל 5) | וואָריעטע-יוניע														
ORG-C04301	ביים גאָלדענעם ווידער	Theatre	1	ביים גאָלדענעם ווידער	ווין		גאַרטן											
ORG-C04302	פֿריימויערער-לאָזשע	Welfare/Aid organization	1	פֿריימויערער-לאָזשע	בוקאַרעסט													
ORG-C04303	ווילנער יידישע צייטונגען	Journals/ Newspapers	1	ווילנער יידישע צייטונגען	ווילנע													
ORG-C04304	קאָמיטעט צו גרינדן אַ יידיש-קינסט-לערישן טעאַטער	Theatre	1	קאָמיטעט צו גרינדן אַ יידיש-קינסט-לערישן טעאַטער														
ORG-C04305	סאָלדאַטישן און אָפיצירישן טעאַטער	Theatre	1	סאָלדאַטישן און אָפיצירישן טעאַטער														
ORG-C04306	מאָסקווער יידישער ליטעראַריש-קינסטלערישער געזעלשאַפט א'נ פֿון י. ל. פרץ	Theatre	1	מאָסקווער יידישער ליטעראַריש-קינסטלערישער געזעלשאַפט א'נ פֿון י. ל. פרץ	מאָסקווע													
ORG-C04307	יידישער אָפּטיילונג ביים אָדעסער פֿאָלקס-אוניווערזיטעט	Education	1	יידישער אָפּטיילונג ביים אָדעסער פֿאָלקס-אוניווערזיטעט	אָדעס													
ORG-C04308	ערשטן יידישן מלוכהשן טעאַטער	Theatre	1	ערשטן יידישן מלוכהשן טעאַטער	קיעוו				633 | 535 | 500 | 505 | 574	1.000 | 0.767 | 0.704 | 0.704 | 0.688	exact | ipa_phonetic | ipa_phonetic | ipa_phonetic | ipa_phonetic	NEW	633				Bella	2026-05-16T09:15:32Z
ORG-C04309	מלוכישן העכסטן רעזשיסאַרישן וואַרשטאָט	Education	1	מלוכישן העכסטן רעזשיסאַרישן וואַרשטאָט	מאָסקווע													
ORG-C04310	באַקוער אַרבעטער-טעאַטער	Theatre	1	באַקוער אַרבעטער-טעאַטער	באַקו				480	0.714	ipa_phonetic							
ORG-C04311	באַקווער יידישער סטודיע	Theatre	1	באַקווער יידישער סטודיע	באַקו				575	0.609	ipa_phonetic							
ORG-C04312	מעלוכישן יידישן טעאַטער אין אוקראַאינע	Theatre	1	מעלוכישן יידישן טעאַטער אין אוקראַאינע	כאַרקאָוו			אוקראַאינע										
ORG-C04313	מאָסקווער טעאַטער אימפּראָווייזאַציע	Theatre	1	מאָסקווער טעאַטער אימפּראָווייזאַציע	מאָסקווע													
ORG-C04314	סאָווקינאָ	Publisher	1	סאָווקינאָ														
ORG-C04315	מלוכהש יידיש טעאַטראַל טעכניקום ביים מאָסקווער יידישן מלוכה-טעאַטער	Education	1	מלוכהש יידיש טעאַטראַל טעכניקום ביים מאָסקווער יידישן מלוכה-טעאַטער	מאָסקווע													
ORG-C04316	מאָסקווער יידישן טראַמ	Theatre	1	מאָסקווער יידישן טראַמ	מאָסקווע				575 | 472	0.636 | 0.600	ipa_phonetic | ipa_phonetic							
ORG-C04317	דראַמאַטישער סעקציע א'ר פֿון דוד הערמאַן	Education	1	דראַמאַטישער סעקציע א'ר פֿון דוד הערמאַן														
ORG-C04318	דראַמאַטישער סטודיע פֿון דוד הערמאַן	Theatre	1	דראַמאַטישער סטודיע פֿון דוד הערמאַן														
ORG-C04319	ניו יאָרקער יידישן קונסט-טעאַטער	Theatre	15	ניו יאָרקער יידישן קונסט-טעאַטער	ווין | ניו יאָרק | ניו-יאָרק		יידישן קונסט-טעאַטער | ניו יאָרקער יידישן קונסט-טעאַטער | ניו יאָרקער יידישן קונסט-טעאַטער | ניו-יאָרקער יידישן קונסט-טעאַטער | ניו-יאָרקער יידישן קונסטטעאַטער | קונסט-טעאַטער	אַמעריקע	615 | 623 | 539 | 506 | 501	0.833 | 0.733 | 0.645 | 0.636 | 0.633	ipa_phonetic | ipa_phonetic | ipa_phonetic | ipa_phonetic | ipa_phonetic							
ORG-C04320	סעם אַדלער-ספּיוואַקאָווסקיס טרופּע	Traveling Company	2	סעם אַדלער-ספּיוואַקאָווסקיס טרופּע	קיעוו | ריגע													
ORG-C04321	קיעווער יידישן מלוכה-טעאַטער פֿאַר קינדער	Theatre	1	קיעווער יידישן מלוכה-טעאַטער פֿאַר קינדער	קיעוו				515 | 473 | 574 | 472 | 500	0.706 | 0.644 | 0.641 | 0.622 | 0.622	fuzzy | ipa_phonetic | fuzzy | ipa_phonetic | ipa_phonetic							
ORG-C04322	ווילנער שטאָט-שול	Education	1	ווילנער שטאָט-שול	ווילנע		ווילנער שטאָט-שול											
ORG-C04323	רוסישער אָפּערעטעס-טרופּע	Traveling Company	1	רוסישער אָפּערעטעס-טרופּע	קיעוו													
ORG-C04324	פישזאַנס יידישער טרופּע	Traveling Company	1	פישזאַנס יידישער טרופּע	קיעוו				485	0.654	ipa_phonetic							
ORG-C04325	ווילנער גרויסער שול	Theatre	1	ווילנער גרויסער שול	ווילנע		ווילנער גרויסער שול											
ORG-C04326	בוקאַרעסטער רעפאָרם-טעמפּל	Theatre	1	בוקאַרעסטער רעפאָרם-טעמפּל	בוקאַרעסט		בוקאַרעסטער רעפאָרם-טעמפּל											
ORG-C04327	וואַרשעווער טלאָמאַצקער סינאַגאָגע	Theatre	1	וואַרשעווער טלאָמאַצקער סינאַגאָגע	וואַרשע		וואַרשעווער טלאָמאַצקער סינאַגאָגע											
ORG-C04328	ניגון	Publisher	2	ניגון														
ORG-C04329	גראַסער-קלוב	Jewish political bodies	1	גראַסער-קלוב	וואַרשע		גראַסער-קלוב											
ORG-C04330	פּעטערסאַנער יידישן געזאַנגס-פֿאַראיין	Theatre	1	פּעטערסאַנער יידישן געזאַנגס-פֿאַראיין	פּעטערסאַן													
ORG-C04331	ביתאַל-טעמפּל	Theatre	1	ביתאַל-טעמפּל	באָראָ-פּאַרק		ביתאַל-טעמפּל	אַמעריקע										
ORG-C04332	לעבען און וויסענשאַפט	Journals/ Newspapers	2	לעבען און וויסענשאַפט	ווילנע													
ORG-C04333	יידישער טרופּע א'א פֿון פֿראַנצאָס	Traveling Company	1	יידישער טרופּע א'א פֿון פֿראַנצאָס			טשעכאָסלאָוואַקיע	טשעכאָסלאָוואַקיע										
ORG-C04334	ביי אַברהם אַקסעלראָד	Traveling Company	1	ביי אַברהם אַקסעלראָד	טשערנאוויץ													
ORG-C04335	פערלאַג די יידישע בינע	Publisher	1	פערלאַג די יידישע בינע	וואַרשע			פּוילן										
ORG-C04336	טעאַטערמוזיי ביים ייוואָ	Heritage Institution	1	טעאַטערמוזיי ביים ייוואָ	ניו-יאָרק		ייוואָ											
ORG-C04337	גאָרטן „זשיגניצא“	Theatre	1	גאָרטן „זשיגניצא“	בוקאַרעסט		זשיגניצא	רומעניע										
ORG-C04338	טרופּע פֿון טרילינג	Traveling Company	1	טרופּע פֿון טרילינג					523 | 542 | 596 | 283 | 486	1.000 | 0.706 | 0.706 | 0.647 | 0.647	exact | ipa_phonetic | ipa_phonetic | ipa_phonetic | ipa_phonetic	NEW	523				Bella	2026-04-28T10:58:20Z
ORG-C04339	טרופּע פֿון קאַזשדאַן	Traveling Company	1	טרופּע פֿון קאַזשדאַן					596 | 626 | 531 | 523 | 578	0.688 | 0.688 | 0.684 | 0.647 | 0.647	ipa_phonetic | ipa_phonetic | ipa_phonetic | ipa_phonetic | ipa_phonetic							
ORG-C04340	רומענישער סאַציאָליסטישער באַוועגונג	Non-Jewish political bodies	1	רומענישער סאַציאָליסטישער באַוועגונג			רומעניע	רומעניע										
ORG-C04341	רומענישער סאַציאָליסטישער פּרעסע	Journals/ Newspapers	1	רומענישער סאַציאָליסטישער פּרעסע														
ORG-C04342	היברו דראַמאָטיק ליג	Theatre	1	היברו דראַמאָטיק ליג	ניו-יאָרק			אמעריקע										
ORG-C04343	רוסישער טרופּע	Traveling Company	1	רוסישער טרופּע	וואַרשע			פּוילן	41 | 521 | 568 | 295 | 551	0.692 | 0.643 | 0.643 | 0.615 | 0.615	ipa_phonetic | ipa_phonetic | ipa_phonetic | ipa_phonetic | ipa_phonetic							
ORG-C04344	עליזעאום טעאַטער	Theatre	13	עליזעאום | עליזעאום טעאַטער	וואַרשע		טעאַטער עליזעאום | עליזעאום | עליזעאום טעאַטער | עליזעאום-טעאַטער | עליזעאום-טעאטער | עליזעאוםטעאַטער	פּוילן	516 | 237 | 235 | 630 | 426	0.875 | 0.867 | 0.600 | 0.600 | 0.600	ipa_phonetic | ipa_phonetic | ipa_phonetic | ipa_phonetic | ipa_phonetic	SPLIT					Bella	2026-04-26T09:21:14Z
ORG-C04345	דראַמאַטישע אָוונטקורס פֿון דער אַקטעריסע מאַרסקאָי	Education	1	דראַמאַטישע אָוונטקורס פֿון דער אַקטעריסע מאַרסקאָי														
ORG-C04346	טרוד	Education	2	טרוד														
ORG-C04347	גרופּע „ליבהאָבער“ א'נ פֿון אַברהם גאָלדפאַדען	Traveling Company	1	גרופּע „ליבהאָבער“ א'נ פֿון אַברהם גאָלדפאַדען				אָרגענטינע										
ORG-C04348	גאָרדין-קלוב	Theatre	2	גאָרדין-קלוב	טאַרנאַפּאָל													
ORG-C04349	שול פֿון די אויפֿגעקלערטע	Religious institutions/organizations	1	שול פֿון די אויפֿגעקלערטע	יאסי			רומעניע										
ORG-C04350	טעמפּל ביי ניישאַץ	Religious institutions/organizations	1	טעמפּל ביי ניישאַץ														
ORG-C04351	„ציון“-פֿאַרבאַנד	Jewish political bodies	1	„ציון“-פֿאַרבאַנד	יאסי													
ORG-C04352	בוקאָווינער איזראַעליטישע פאַמיליענבלאַט	Journals/ Newspapers	1	בוקאָווינער איזראַעליטישע פאַמיליענבלאַט														
ORG-C04353	חוטי הזהב	Theatre-related Society/ Union	2	חוטי הזהב	יאַסי | יאסי													
ORG-C04354	לבנון	Theatre-related Society/ Union	2	לבנון	יאַסי													
ORG-C04355	דייטש-יידישעס טעאַטער	Theatre	1	דייטש-יידישעס טעאַטער	בערלין		וואַריעטע אויף אַלעקסאַנדער-פּלאַץ		609 | 472 | 500	0.714 | 0.650 | 0.600	ipa_phonetic | ipa_phonetic | ipa_phonetic							
ORG-C04356	לאָדזשער פּוילישן טעאַטער	Theatre	2	לאָדזשער פּוילישן טעאָטער | לאָדזשער פּוילישן טעאַטער	לאָדזש | לאדזש		לאָדזשער פּוילישן טעאָטער | פּוילישן טעאַטער		472 | 500 | 604 | 575 | 609	0.714 | 0.667 | 0.667 | 0.636 | 0.619	ipa_phonetic | ipa_phonetic | ipa_phonetic | ipa_phonetic | ipa_phonetic							
ORG-C04357	לאָדזשער טאָליאַ-טעאַטער	Theatre	3	לאָדזשער טאָליאַ-טעאַטער	לאָדזש | לאדזש		"טאָליאַ-טעאַטער | „טאליאַ""-טעאַטער"	פּוילן	604 | 527	0.842 | 0.632	ipa_phonetic | ipa_phonetic							
ORG-C04358	דראַמסעקציע	Traveling Company	2	דראַמסעקציע	אומאַן													
ORG-C04359	טרופּע פֿון פֿישל קאַנאַפּאָוו	Traveling Company	1	טרופּע פֿון פֿישל קאַנאַפּאָוו														
ORG-C04360	טרופּע פֿון וויעראַ קאָניעווסקאַ-ברייטמאַן	Traveling Company	1	טרופּע פֿון וויעראַ קאָניעווסקאַ-ברייטמאַן														
ORG-C04361	טרופּע פֿון דינה קעניג	Traveling Company	1	טרופּע פֿון דינה קעניג					578 | 523 | 542 | 596	0.650 | 0.600 | 0.600 | 0.600	ipa_phonetic | ipa_phonetic | ipa_phonetic | ipa_phonetic							
ORG-C04362	טרופּע פֿון שלום ברין און לידיאַ פּאטאָצקאַ	Traveling Company	1	טרופּע פֿון שלום ברין און לידיאַ פּאטאָצקאַ														
ORG-C04363	ווילנער אָפּערעטעס-טרופּע	Traveling Company	3	די ווילנער אָפּערעטעס טרופּע | ווילנער אָפּערעטעס-טרופּע			רומעניע	פּוילן | רומעניע	435	0.632	fuzzy							
ORG-C04364	די יידישע טרופּע פֿון מאָגולעסקאָ	Traveling Company	1	די יידישע טרופּע פֿון מאָגולעסקאָ														
ORG-C04365	ציוניסטן-סאַציאַליסטן	Jewish political bodies	1	ציוניסטן-סאַציאַליסטן														
ORG-C04366	וואָזראָזשעניע	Jewish political bodies	1	וואָזראָזשעניע														
ORG-C04367	"פּאַרטיי „פאַראייניקטע"""	Jewish political bodies	1	"פּאַרטיי „פאַראייניקטע"""														
ORG-C04368	קאָמפאַרבאַנד	Jewish political bodies	1	קאָמפאַרבאַנד														
ORG-C04369	שול און בוך	Publisher	2	שול און בוך	מאָסקווע		שול און בוך	פ. ס. ס. ר.										
ORG-C04370	"„ליבהאָבער""- קרייז א'א פֿון אַקטיאָר גרישע עפּשטיין"	Theatre	1	"„ליבהאָבער""- קרייז א'א פֿון אַקטיאָר גרישע עפּשטיין"														
ORG-C04371	"סטודיע ביים כאַרקאָווער „אונזער ווינקל"""	Education	1	"סטודיע ביים כאַרקאָווער „אונזער ווינקל"""	כאַרקאָוו													
ORG-C04372	"כאַרקאָווער „אונזער ווינקל"""	Theatre	2	"כאַרקאָווער „אונזער ווינקל"""	כאַרקאָוו | כאָרקאָוו													
ORG-C04373	קולטור-קרייז א'נ פֿון טורגעניעוו	Theatre	1	קולטור-קרייז א'נ פֿון טורגעניעוו	מינסק													
ORG-C04374	דראַמסטודיע ראָבפאַק	Theatre	1	דראַמסטודיע ראָבפאַק	מינסק													
ORG-C04375	ראפֿאלסקיס יידישער סטודיע	Theatre	1	ראפֿאלסקיס יידישער סטודיע	מינסק													
ORG-C04376	מינסקער צענטראָלן אַרבעטער-קלוב א'נ פֿון גראסער	Theatre	1	מינסקער צענטראָלן אַרבעטער-קלוב א'נ פֿון גראסער	מינסק													
ORG-C04377	יידישער מלוכה-סטודיע ביים ווייסרוסישן טעאַטער-אינסטיטוט	Education	1	יידישער מלוכה-סטודיע ביים ווייסרוסישן טעאַטער-אינסטיטוט	מאָסקווע		ווייסרוסישן טעאַטער-אינסטיטוט											
ORG-C04378	קאָמיסאַריאט פֿאַר פֿאָלקסבילדונג פֿון ליטע אין ווייסרוסלאַנד	Non-Jewish political bodies	1	קאָמיסאַריאט פֿאַר פֿאָלקסבילדונג פֿון ליטע אין ווייסרוסלאַנד														
ORG-C04379	יעקאַטערינבורגער גובערנאָלן בילדונגס-אָפּטייל	Non-Jewish political bodies	1	יעקאַטערינבורגער גובערנאָלן בילדונגס-אָפּטייל	יעקאַטערינבורג													
ORG-C04380	אקטאָבער	Journals/ Newspapers	1	אקטאָבער	מינסק													
ORG-C04381	פּאלעסקאיאַ פּראַוודאַ	Journals/ Newspapers	1	פּאלעסקאיאַ פּראַוודאַ	האָמל													
ORG-C04382	צענטראל-ראט פֿון די פּראָפפאַריינען אין ווייסרוסלאַנד	Publisher	1	צענטראל-ראט פֿון די פּראָפפאַריינען אין ווייסרוסלאַנד	מינסק													
ORG-C04383	מינסקער ישיבה	Education	4	מינסקער ישיבה | פּינסקער ישיבה	מינסק		מינסקער ישיבה					SPLIT		Cluster contains two distinct locations (Minsk and Pinsk) which represent different educational institutions.			auto_drafter	2026-05-17T17:07:26Z
ORG-C04384	אָוונט-סקול	Education	1	אָוונט-סקול														
ORG-C04385	סטאַר דראַמאַטיק קלאָב	Traveling Company	1	סטאַר דראַמאַטיק קלאָב	מאָנהעטן		מאָנהעטן-לייסעאום											
ORG-C04386	אַקטיאָרן-יוניאָן לאָקל 18 (2)	Theatre-related Society/ Union	1	אַקטיאָרן-יוניאָן לאָקל 18 (2)														
ORG-C04387	לייסעאום טעאַטער	Theatre	4	לייסעאום טעאַטער	ניו-יאָרק | שיקאַגאָ	דעספלעין סטריט	לייסעאום טעאַטער | ניו-יאָרקער לייסעאום-טעאַטער	אַמעריקע	237 | 263 | 278 | 627 | 630	0.667 | 0.600 | 0.600 | 0.600 | 0.600	ipa_phonetic | ipa_phonetic | ipa_phonetic | ipa_phonetic | ipa_phonetic	SPLIT		Cluster contains distinct Lyceum Theatres in New York and Chicago (Desplaines St); candidates are phonetic mismatches.			auto_drafter	2026-05-17T17:07:26Z
ORG-C04388	ווינער יידישן אָרטיסט-פאַראיין	Theatre-related Society/ Union	1	ווינער יידישן אָרטיסט-פאַראיין	ווין													
ORG-C04389	יידיש-רומענישער שול	Education	1	יידיש-רומענישער שול	יאסי			רומעניע										
ORG-C04390	טרופּע פֿון פינקו פֿרידמאַן און אַדאָלף סעגאָל	Traveling Company	1	טרופּע פֿון פינקו פֿרידמאַן און אַדאָלף סעגאָל														
ORG-C04391	עסטרייכישן מיליטער	Military	2	עסטרייכישן מיליטער														
ORG-C04392	פּ'צ-אויסגאַבן	Journals/ Newspapers	1	פּ'צ-אויסגאַבן	וואַרשע													
ORG-C04393	דבר	Journals/ Newspapers	1	דבר	ארץ-ישראל													
ORG-C04394	לינקע פּ'צ	Jewish political bodies	1	לינקע פּ'צ	א'י													
ORG-C04395	וועסט סייד אוידיטאָריום	Theatre	1	וועסט סייד אוידיטאָריום	שיקאַגא		וועסט סייד אוידיטאָריום											
ORG-C04396	דער טעגליכער אידישער קוריער	Journals/ Newspapers	2	דער טעגליכער אידישער קוריער	שיקאָגאָ		„דער אידישער קוריער“											
ORG-C04397	בערזינער ישיבה	Education	2	בערזינער ישיבה	בערעזין		בערעזינער ישיבה											
ORG-C04398	ווילנער פֿאַרלאָג פֿון ב. קלעצקין	Publisher	5	ווילנער פֿאַרלאָג פֿון ב. קלעצקין | ווילנער פֿאַרלאג פֿון ב. קלעצקין	ווילנע		פֿאַרלאג פֿון ב. קלעצקין											
ORG-C04399	קיעווער קינא-פֿאַבריק	Media (Radio/ Film/TV)	1	קיעווער קינא-פֿאַבריק	קיעוו		קינא-פֿאַבריק											
ORG-C04400	1-טן אַלפאַרבאַנדישן פּוילישן טעאַטער	Theatre	1	1-טן אַלפאַרבאַנדישן פּוילישן טעאַטער	קיעוו													
ORG-C04401	פּעדאַגאנישער יידיש-אוקראיינישער מלוכה-טעאַטער פֿאַר קינדער	Theatre	1	פּעדאַגאנישער יידיש-אוקראיינישער מלוכה-טעאַטער פֿאַר קינדער	קיעוו													
ORG-C04402	אָלאוקראַאינישער סאָוויעטישער ענציקלאָפּעדיע	Journals/ Newspapers	1	אָלאוקראַאינישער סאָוויעטישער ענציקלאָפּעדיע														
ORG-C04403	דראַמקרייז א'נ „מענדעלע“	Theatre	1	דראַמקרייז א'נ „מענדעלע“	לעמבערג													
ORG-C04404	פּוילישער דראמ. שול ביי דער לעמבערגער קאָנסערוואַטאָריע	Education	1	פּוילישער דראמ. שול ביי דער לעמבערגער קאָנסערוואַטאָריע	לעמבערג		לעמבערגער קאָנסערוואַטאָריע											
ORG-C04405	יידישן דראָמאַטישן ״יעקב גאָרדין-פאַראיין״	Theatre	1	יידישן דראָמאַטישן ״יעקב גאָרדין-פאַראיין״														
ORG-C04406	דראמ. ״י. ל. פרץ-קלוב״	Theatre	1	דראמ. ״י. ל. פרץ-קלוב״														
ORG-C04407	יוליוס אַדלער-ליפּאָווסקי	Traveling Company	1	יוליוס אַדלער-ליפּאָווסקי	לאדזש		לאדזשער צירק											
ORG-C04408	נאַראבראַז	Traveling Company	1	נאַראבראַז	פּאָלטאָווע													
ORG-C04409	דראמאטישן פֿאַראיין	Theatre	1	דראמאטישן פֿאַראיין														
ORG-C04410	יידיש וואָדעוויל-הויז	Theatre	1	יידיש וואָדעוויל-הויז														
ORG-C04411	קאָפּעלמאןס טאַליאַ-מוזיק-האָל	Theatre	1	קאָפּעלמאןס טאַליאַ-מוזיק-האָל														
ORG-C04412	יוניאָן-וואָדעוויל-הויז	Theatre	1	יוניאָן-וואָדעוויל-הויז														
ORG-C04413	איסט סייד-טעאַטער	Theatre	1	איסט סייד-טעאַטער														
ORG-C04414	מעקינלי-טעאַטער	Theatre	11	מעקינלי-טעאַטער	בראַנקס | ניו יאָרק		מעקינלי טעאַטער | מעקינלי-טעאַטער | מעקינליטעאַטער	אמעריקע	553 | 124 | 509 | 528 | 536	0.714 | 0.643 | 0.643 | 0.643 | 0.643	ipa_phonetic | ipa_phonetic | ipa_phonetic | ipa_phonetic | ipa_phonetic							
ORG-C04415	אספת חכמים	Journals/ Newspapers	1	אספת חכמים														
ORG-C04416	טרופּע פֿון ראָזענבערג און נפתלי גאָלדפאַדען	Traveling Company	1	טרופּע פֿון ראָזענבערג און נפתלי גאָלדפאַדען	יעליסאַוועטגראד													
ORG-C04417	לעמעל-שול	Education	2	לעמעל-שול	ירושלים													
ORG-C04418	דער יידישער וועקקער	Journals/ Newspapers	1	דער יידישער וועקקער					461 | 614 | 635 | 564 | 572	0.643 | 0.611 | 0.611 | 0.611 | 0.600	ipa_phonetic | ipa_phonetic | ipa_phonetic | ipa_phonetic | ipa_phonetic							
ORG-C04419	לערנערס	Traveling Company	1	לערנערס														
ORG-C04420	בונדישער פּרעסע	Journals/ Newspapers	1	בונדישער פּרעסע														
ORG-C04421	פֿילאָלאַנישע גימנאָזיע פֿון פּאַזנער	Education	1	פֿילאָלאַנישע גימנאָזיע פֿון פּאַזנער	וואַרשע			פּוילן										
ORG-C04422	ספּאָרט-יוגנט	Education	1	ספּאָרט-יוגנט														
ORG-C04423	צעדעראָווסקאַ	Traveling Company	1	צעדעראָווסקאַ														
ORG-C04424	ר. ק. א.	Theatre	1	ר. ק. א.			אמעריקע	אמעריקע										
ORG-C04425	מינדליןס טרופּע	Traveling Company	1	מינדליןס טרופּע					583 | 566 | 325 | 330 | 203	0.714 | 0.643 | 0.643 | 0.643 | 0.625	ipa_phonetic | ipa_phonetic | ipa_phonetic | ipa_phonetic | ipa_phonetic							
ORG-C04426	ג. בעקער	Traveling Company	1	ג. בעקער														
ORG-C04427	זאָלקאָווער	Traveling Company	1	זאָלקאָווער														
ORG-C04428	חברים-טרופּעס פֿון לערמאַן, בערנשטיין און בעקער	Traveling Company	1	חברים-טרופּעס פֿון לערמאַן, בערנשטיין און בעקער														
ORG-C04429	אַרקאַדיא	Theatre	1	אַרקאַדיא	לאָדזש	פּיעטריקאָווער 22	אַרקאַדיא											
ORG-C04430	טרופּע קאָניעווסקי-ברייטמאָן	Traveling Company	1	טרופּע קאָניעווסקי-ברייטמאָן	פּאָלטאַווע													
ORG-C04431	פערלאַג מ. גאָלדפֿאַרב	Publisher	5	פערלאַג מ. גאָלדפֿאַרב | פערלאג ל. גאָלדפאַרב	וואַרשא | וואַרשאָ | וואַרשע		פערלאַג מ. גאָלדפֿאַרב | פערלאג מ. גאָלדפֿאַרב	פּוילן	50	0.611	ipa_phonetic							
ORG-C04432	פֿאַרלאג „מלאַדיע“	Publisher	1	פֿאַרלאג „מלאַדיע“	וואַרשע													
ORG-C04433	די גלייכהייט	Journals/ Newspapers	1	די גלייכהייט														
ORG-C04434	זשיטאָמירער ראָבינער-שול	Education	10	זשיטאָמירער ראָבינער-שול	זשיטאָמיר		זשיטאָמירער ראָבינער-שול | ראָבינער-שול	אוקראַאינע										
ORG-C04435	יונגוואלד	Journals/ Newspapers	1	יונגוואלד														
ORG-C04436	טרופּע פישזאָן	Traveling Company	2	טרופּע פישזאָן														
ORG-C04437	„פֿאַראייניקטע טרופּע״ מיט א. ר. קאַמינסקאַ	Traveling Company	1	„פֿאַראייניקטע טרופּע״ מיט א. ר. קאַמינסקאַ														
ORG-C04438	״פֿילהאַרמאָניע א'ל פֿון שעסטאקאָוו	Education	1	״פֿילהאַרמאָניע א'ל פֿון שעסטאקאָוו														
ORG-C04439	מאָסקווער קליינעם טעאַטער	Theatre	1	מאָסקווער קליינעם טעאַטער	מאָסקווע		מאָסקווער קליינעם טעאַטער		575	0.609	ipa_phonetic							
ORG-C04440	רוסישער טרופּע פֿון נעזלאָבין	Traveling Company	1	רוסישער טרופּע פֿון נעזלאָבין	ווילנע													
ORG-C04441	דיפּלאָמאטישן קארפּוס פֿון דער ליטווישער רעגירונג	Non-Jewish political bodies	1	דיפּלאָמאטישן קארפּוס פֿון דער ליטווישער רעגירונג														
ORG-C04442	אַדלער ליפּאָווסקי	Traveling Company	2	אַדלער ליפּאָווסקי	לאָדזש | לאדזש		לאדזשער צירק | לאָדזשער צירק-בנין	רוסלאַנד										
ORG-C04443	ראַדינער ישיבה	Education	1	ראַדינער ישיבה														
ORG-C04444	טעאַטער אויף דער דריטער עוועניו	Theatre	1	טעאַטער אויף דער דריטער עוועניו	ניו-יאָרק	דריטער עוועניו	טעאַטער אויף דער דריטער עוועניו	אַמעריקע										
ORG-C04445	רוסיש-יידישן אַרבעטער-קלוב און אינסטיטוט	Theatre	1	רוסיש-יידישן אַרבעטער-קלוב און אינסטיטוט	לאָנדאָן	10 האַנדס-ריטש	10 האַנדס-ריטש	ענגלאַנד										
ORG-C04446	אאָריענטאל-טעאַטער	Theatre	1	אאָריענטאל-טעאַטער	ניו-יאָרק		אאָריענטאל-טעאַטער	אַמעריקע	151 | 527 | 124 | 252 | 520	0.688 | 0.688 | 0.625 | 0.625 | 0.625	ipa_phonetic | ipa_phonetic | ipa_phonetic | ipa_phonetic | ipa_phonetic							
ORG-C04447	דער טעגלייכער העראָלד	Journals/ Newspapers	3	דער טעגלייכער העראָלד | דער טעגלעכער העראָלד					603 | 461	1.000 | 0.700	exact | ipa_phonetic	NEW	603				Sinai	2026-05-11T21:27:26Z
ORG-C04448	פֿיינמאָן-טעאַטער	Theatre	4	פיינמאַן-טעאַטער | פֿיינמאָן-טעאַטער	לאַנדאָן | לאָנדאָן				622 | 124 | 526 | 528 | 553	0.714 | 0.643 | 0.643 | 0.643 | 0.643	ipa_phonetic | ipa_phonetic | ipa_phonetic | ipa_phonetic | ipa_phonetic							
ORG-C04449	רוסיש מלוכה-טעאַטער	Theatre	1	רוסיש מלוכה-טעאַטער					618 | 619 | 573 | 605 | 500	0.789 | 0.789 | 0.778 | 0.682 | 0.640	ipa_phonetic | ipa_phonetic | ipa_phonetic | ipa_phonetic | ipa_phonetic							
ORG-C04450	ווייסרוסישער בינע	Theatre	1	ווייסרוסישער בינע			ווייסרוסלאַנד	ווייסרוסלאַנד										
ORG-C04451	Der Kampf	Journals/ Newspapers	1	Der Kampf														
ORG-C04452	Freie Tribune	Journals/ Newspapers	1	Freie Tribune	ווין													
ORG-C04453	Judisches Theater	Journals/ Newspapers	1	Judisches Theater	ווין				464	1.000	exact	ALIGN	464				Bella	2026-04-26T08:26:45Z
ORG-C04454	יעקב סאפּירשטייןס דרוקעריי	Publisher	1	יעקב סאפּירשטייןס דרוקעריי														
ORG-C04455	מארינסקאַ גימנאָזיע	Education	1	מארינסקאַ גימנאָזיע														
ORG-C04456	ביאַליסטאָקער פּוילישער דראַמאַטישער שול	Education	1	ביאַליסטאָקער פּוילישער דראַמאַטישער שול	ביאַליסטאָק													
ORG-C04457	יידישע פֿראָנט-טרופּע	Traveling Company	1	יידישע פֿראָנט-טרופּע														
ORG-C04458	ערשטן יידישן ווייסרוסישן מלוכה-טעאַטער	Theatre	1	ערשטן יידישן ווייסרוסישן מלוכה-טעאַטער	מינסק				593 | 574 | 550 | 567 | 592	0.812 | 0.722 | 0.639 | 0.639 | 0.639	fuzzy | ipa_phonetic | ipa_phonetic | ipa_phonetic | ipa_phonetic							
ORG-C04459	לענינגראָדער קאָלעקטיוו	Theatre	1	לענינגראָדער קאָלעקטיוו	סימפּעראָפּאָל													
ORG-C04460	1-טן אַלאוקראַאינישן יידישן מלוכה-טעאַטער	Theatre	1	1-טן אַלאוקראַאינישן יידישן מלוכה-טעאַטער	כאַרקאָוו				592 | 510 | 540 | 594 | 506	0.816 | 0.711 | 0.711 | 0.706 | 0.632	ipa_phonetic | ipa_phonetic | ipa_phonetic | fuzzy | ipa_phonetic							
ORG-C04461	ערשטן אַלפאַרבאַנדישן פּוילישן מלוכה-טעאַטער	Theatre	1	ערשטן אַלפאַרבאַנדישן פּוילישן מלוכה-טעאַטער					510 | 574 | 592	0.667 | 0.615 | 0.615	ipa_phonetic | ipa_phonetic | ipa_phonetic							
ORG-C04462	אינטערעסאַנטען בלאַט	Journals/ Newspapers	1	אינטערעסאַנטען בלאַט	לעמבערג			גאַליציע										
ORG-C04463	קיעווער פ'ג	Publisher	1	קיעווער פ'ג	קיעוו			אוקראַאינע										
ORG-C04464	אחיספר	Publisher	1	אחיספר	וואַרשע		וואַרשעווער											
ORG-C04465	אַמעריקאַנער רויטן קרייז	Health institutions	1	אַמעריקאַנער רויטן קרייז	כארבין													
ORG-C04466	בראַנזוויק רעקאָרד קאָמפּאָני	Publisher	1	בראַנזוויק רעקאָרד קאָמפּאָני														
ORG-C04467	דראַמאַטישער טרופּע פֿון מיכאַאיל הערמאָלענסקי	Traveling Company	1	דראַמאַטישער טרופּע פֿון מיכאַאיל הערמאָלענסקי														
ORG-C04468	רוסישן קלוב	Theatre	1	רוסישן קלוב														
ORG-C04469	שילדקרויט-טעאַטער	Theatre	8	דאָס שילדקרויט טעאַטער | שילדקרויט-טעאַטער | שילדקרויטס טעאַטער	בראָנקס	180 סטריט און באָסטאָן ראָוד	דאָס שילדקרויט טעאַטער	אַמעריקע	176 | 235	0.625 | 0.625	ipa_phonetic | ipa_phonetic							
ORG-C04470	מאָדערנעם אָפּערעטע-טעאַטער צענטראַל	Theatre	1	מאָדערנעם אָפּערעטע-טעאַטער צענטראַל	וואַרשע													
ORG-C04471	"פּוילישן פֿארלאַגס-קאָמיטעט פֿון ערשטן באַנד פון „לעקסיקאן פון יידישן טעאַטער"""	Publisher	1	"פּוילישן פֿארלאַגס-קאָמיטעט פֿון ערשטן באַנד פון „לעקסיקאן פון יידישן טעאַטער"""														
ORG-C04472	ריגער יידישן קאָמעדיע און אָפּערעטעס-טעאַטער	Theatre	1	ריגער יידישן קאָמעדיע און אָפּערעטעס-טעאַטער	ריגע		ריגער יידישן קאָמעדיע און אָפּערעטעס-טעאַטער	לעטלאַנד	536	0.600	ipa_phonetic							
ORG-C04473	פּאַריזער יידישע גרופּעס	Traveling Company	1	פּאַריזער יידישע גרופּעס	פּאַריז			פראַנקרייך										
ORG-C04474	בערלינער יידישע גרופּעס	Traveling Company	1	בערלינער יידישע גרופּעס	בערלין			דייטשלאַנד										
ORG-C04475	אַוונט-שול	Education	4	אַוונט-שול				אַמעריקע										
ORG-C04476	ראָיאַל-יוניאָן-טעאַטער	Theatre	2	ראָיאַל-יוניאָן-טעאַטער														
ORG-C04477	אָדעסער גימנאַזיע פֿון ראַשקאָווסקי	Education	1	אָדעסער גימנאַזיע פֿון ראַשקאָווסקי	אָדעס		אָדעסער גימנאַזיע	אוקראַאינע										
ORG-C04478	קאָריקס פּראָווינץ-טרופּ	Traveling Company	1	קאָריקס פּראָווינץ-טרופּ														
ORG-C04479	אָפּערעטעס-טרופּע א'א פֿון מישע אָפּעלבוים און קאַלמאַנאָוויטש	Traveling Company	1	אָפּערעטעס-טרופּע א'א פֿון מישע אָפּעלבוים און קאַלמאַנאָוויטש	פּאָלטאַווע													
ORG-C04480	האַנדלס-שול פֿון פּראָפּ. האָכמאַן	Education	1	האַנדלס-שול פֿון פּראָפּ. האָכמאַן	אָדעס													
ORG-C04481	מאַנהיימער אינזשיניערן-פּאָליטעכניקום	Education	1	מאַנהיימער אינזשיניערן-פּאָליטעכניקום	מאַנהיימער													
ORG-C04482	האַמלער סאַציאַליסטישן אַרבעטער-רינג פֿון האַרלעם	Jewish political bodies	1	האַמלער סאַציאַליסטישן אַרבעטער-רינג פֿון האַרלעם	האַרלעם													
ORG-C04483	פֿאַרלאַג אַ. ביידערמאַן	Publisher	1	פֿאַרלאַג אַ. ביידערמאַן	ניו יאָרק													
ORG-C04484	"טעאַטער-סטודיע פֿון דער „קולטור-ליגע"""	Theatre education	1	"טעאַטער-סטודיע פֿון דער „קולטור-ליגע"""	קיעוו													
ORG-C04485	ווילנער רעגירונגס-גימנאַזיע	Education	1	ווילנער רעגירונגס-גימנאַזיע	ווילנע													
ORG-C04486	וואַרשעווער פּראָפעסיאנעלן יידישן אַרטיסטין-פֿאַראיין	Theatre-related Society/ Union	1	וואַרשעווער פּראָפעסיאנעלן יידישן אַרטיסטין-פֿאַראיין	וואַרשע			פּוילן										
ORG-C04487	אַלימפּאַ	Theatre	1	אַלימפּאַ				אָרגענטינע										
ORG-C04488	אַרבעטער-קולטור צענטר מ. ווינטשעווסקי	Education	1	אַרבעטער-קולטור צענטר מ. ווינטשעווסקי	מאָנטיווידאַ			אורוגוויי										
ORG-C04489	פֿיינמאַנען	Traveling Company	2	טרופּע פֿון פֿיינמאָנען | פֿיינמאַנען				אָרגענטינע										
ORG-C04490	העברעישע ליבהאָבער-פֿאָרשטעלונגען	Traveling Company	1	העברעישע ליבהאָבער-פֿאָרשטעלונגען														
ORG-C04491	וואַנדער-טרופּע פֿון זאַקסישן הויף-שוישפּילער מאַקסים עלווינג	Traveling Company	1	וואַנדער-טרופּע פֿון זאַקסישן הויף-שוישפּילער מאַקסים עלווינג														
ORG-C04492	קאַרל שולץ-טעאַטער	Theatre	1	קאַרל שולץ-טעאַטער	האַמבורג		קאַרל שולץ-טעאַטער		529	0.647	ipa_phonetic							
ORG-C04493	גערעכטיגקייט	Journals/ Newspapers	2	גערעכטיגקייט														
ORG-C04494	דער פֿאָלקסוועכטער	Journals/ Newspapers	1	דער פֿאָלקסוועכטער	פֿילאָדעלפֿיער													
ORG-C04495	John W. Luce and Company	Publisher	1	John W. Luce and Company	Boston													
ORG-C04496	פֿיינשטייןס יידישע קינדער-טרופּע	Traveling Company	1	פֿיינשטייןס יידישע קינדער-טרופּע														
ORG-C04497	ליבערט- זאָסלאַווסקי	Traveling Company	1	ליבערט- זאָסלאַווסקי			רוסלאַנד	רוסלאַנד										
ORG-C04498	פילאדעלפֿיער גאָרדען-טעאַטער	Theatre	4	"פילאדעלפֿיער גאָרדען-טעאַטער | פֿילאַדעלפיער גאַרדן טעאַטער | פֿילאַדעלפֿיער „גאַרדען""טעאַטער | פֿילאָדעלפֿיער גאָרדן-טעאַטער"	פילאדעלפֿיער | פֿילאַדעלפיע | פֿילאַדעלפֿיע | פֿילאָדעלפֿיע		"גאָרדען-טעאַטער | „גאַרדען""טעאַטער"											
ORG-C04499	ערשטן יידישן קוואָרטעט	Traveling Company	1	ערשטן יידישן קוואָרטעט	אָדעס													
ORG-C04500	ברוקלינער סינגער-האָל	Theatre	1	ברוקלינער סינגער-האָל	ברוקלין		סינגער-האָל											
ORG-C04501	שוואגער-האָל	Theatre	1	שוואגער-האָל	נואַרק													
ORG-C04502	גערמאניק-האָל	Theatre	1	גערמאניק-האָל	באלטימאָר													
ORG-C04503	פֿראָנט סטריט טעאַטער	Theatre	3	פֿראָנט סטריט טעאַטער	באָלטימאָר | באלטימאָר		פֿראַנט-סטריט טעאַטער | פֿראָנט-סטריט טעאַטער		513	0.632	ipa_phonetic							
ORG-C04504	מושב זקנים	Welfare/Aid organization	4	מושב זקנים	באלטימאָר | לאָס אַנדזשעלעס	דזשעפערסאָן און טשערי סטריט	מושב זקנים					SPLIT		Generic name for old age homes; settlements include both Baltimore and Los Angeles, indicating distinct local institutions.			auto_drafter	2026-05-17T17:07:26Z
ORG-C04505	לובלינער ישיבה	Education	1	לובלינער ישיבה														
ORG-C04506	סטאַניסלאַווער גאָלדפֿאַדען-פאַראיין	Traveling Company	1	סטאַניסלאַווער גאָלדפֿאַדען-פאַראיין	סטאָניסלאָוואָוו													
ORG-C04507	בזשאָזאַ-פאַרלאג	Publisher	1	בזשאָזאַ-פאַרלאג	וואַרשע		וואַרשעווער											
ORG-C04508	יידישער גמינע	Religious institutions/organizations	1	יידישער גמינע	וואַרשע													
ORG-C04509	פרץס פאַרשיידענע אויסגאבן	Publisher	1	פרץס פאַרשיידענע אויסגאבן														
ORG-C04510	סטאָניסלאווער גאָלדפאַדען-פאַראיין	Theatre	1	סטאָניסלאווער גאָלדפאַדען-פאַראיין	סטאָניסלאוו													
ORG-C04511	ראָזענקראַנץ-שרייפטזעצער	Publisher	2	ראָזענקראַנץ-שרייפטזעצער	ווילנא		ראָזענקראַנץ-שריפטזעצער											
ORG-C04512	לאדזשער „הבימה העברית“	Theatre	1	לאדזשער „הבימה העברית“	לאָדזש			פּוילן										
ORG-C04513	קונסט-טעאַטער „אונזער ווינקל“	Theatre	1	קונסט-טעאַטער „אונזער ווינקל“	כאַרקאָוו			אוקראַאינע										
ORG-C04514	העברעישן קינדער-פאַרלאג „הספר“	Publisher	1	העברעישן קינדער-פאַרלאג „הספר“	כאַרקאָוו			אוקראַאינע										
ORG-C04515	„טעאַטער-זכרונות“	Journals/ Newspapers	1	„טעאַטער-זכרונות“														
ORG-C04516	פֿילאָדעלפֿיער יידישן טעאַטער	Theatre	2	פֿילאָדעלפֿיער יידישן טעאַטער	פֿילאָדעלפֿיע | פֿילאדעלפֿיע				472 | 500 | 575 | 609	0.760 | 0.680 | 0.680 | 0.680	ipa_phonetic | ipa_phonetic | ipa_phonetic | ipa_phonetic							
ORG-C04517	אומאַנער ישיבה	Education	1	אומאַנער ישיבה	אומאַן		אומאַנער ישיבה											
ORG-C04518	יונייטער דראַמאָטיק סוירקל אָף בראַנזוויל	Traveling Company	1	יונייטער דראַמאָטיק סוירקל אָף בראַנזוויל	בראַנזוויל													
ORG-C04519	טרופּע פֿון לעאָן גאָלובאָק און וואָלפֿזאָן	Traveling Company	1	טרופּע פֿון לעאָן גאָלובאָק און וואָלפֿזאָן														
ORG-C04520	סיימאָןס טרופּעס	Traveling Company	1	סיימאָןס טרופּעס					325 | 330	0.714 | 0.643	ipa_phonetic | ipa_phonetic	SPLIT		The name uses the plural form 'טרופּעס' (troupes), indicating multiple distinct companies under Simon's management.			auto_drafter	2026-05-17T17:07:26Z
ORG-C04521	האַנטווערקער-תלמוד-תורה	Education	1	האַנטווערקער-תלמוד-תורה	לאָדזש													
ORG-C04522	דער נייער וועג	Journals/ Newspapers	1	דער נייער וועג	ווילנע				632	0.625	ipa_phonetic							
ORG-C04523	קינדער-היים פֿאַר יתומים	Education	1	קינדער-היים פֿאַר יתומים	סאָקאָלאָוו		קינדער-היים פֿאַר יתומים	פּוילן										
ORG-C04524	קלוב פֿון קאָמ. יוגנט-פֿאַרבאַנד	Theatre	1	קלוב פֿון קאָמ. יוגנט-פֿאַרבאַנד	וויטעבסק		קלוב פֿון קאָמ. יוגנט-פֿאַרבאַנד	ווייסרוסלאַנד										
ORG-C04525	רוסישער דראַמסטוריע א'פ פֿון אונגערן	Education	1	רוסישער דראַמסטוריע א'פ פֿון אונגערן														
ORG-C04526	באַלעט-שול א'פ פֿון אַנדערסאָן	Education	1	באַלעט-שול א'פ פֿון אַנדערסאָן														
ORG-C04527	ווייסרוסישן הויך אינסטיטוט פֿון טעאַטראַלער קונסט	Education	1	ווייסרוסישן הויך אינסטיטוט פֿון טעאַטראַלער קונסט	מאָסקווע		ווייסרוסישן הויך אינסטיטוט פֿון טעאַטראַלער קונסט											
ORG-C04528	לאָנדאָנער יידישן טעאַטער	Theatre	4	לאָנדאָנער יידישן טעאַטער	לאָנדאָן		לאָנדאָנער יידישן טעאַטער	ענגלאַנד	472 | 575 | 565 | 500 | 609	0.818 | 0.818 | 0.786 | 0.727 | 0.727	ipa_phonetic | ipa_phonetic | ipa_phonetic | ipa_phonetic | ipa_phonetic	NEW	656				Bella	2026-05-18T08:24:27Z
ORG-C04529	יידישן קאָמעדיע-און אָפּערעטעס-טעאַטער	Theatre	1	יידישן קאָמעדיע-און אָפּערעטעס-טעאַטער			יידישן קאָמעדיע-און אָפּערעטעס-טעאַטער	לעטלאַנד										
ORG-C04530	ניי-רוסישן אוניווערזיטעט	Education	1	ניי-רוסישן אוניווערזיטעט	אָדעס				530 | 487 | 561	0.652 | 0.609 | 0.609	ipa_phonetic | ipa_phonetic | ipa_phonetic							
ORG-C04531	Одесский Вѣстник	Journals/ Newspapers	1	Одесский Вѣстник														
ORG-C04532	עמק שושנים	Journals/ Newspapers	1	עמק שושנים	ווין													
ORG-C04533	Записки Гражданина	Journals/ Newspapers	1	Записки Гражданина	בוקאַרעסט													
ORG-C04534	י. י. לידסקי	Publisher	2	י. י. לידסקי	וואַרשא | וואַרשע	נאַלעווקי 32			60	1.000	exact	ALIGN	60				Bella	2026-04-19T08:04:26Z
ORG-C04535	Русскія Вѣдомости	Journals/ Newspapers	1	Русскія Вѣдомости														
ORG-C04536	י. אַלאַפּין	Publisher	1	י. אַלאַפּין	וואַרשאָ													
ORG-C04537	פאַמיליען פֿריינד	Journals/ Newspapers	3	דער פֿאַמיליען-פֿריינד | פאַמיליען פֿריינד	וואַרשע													
ORG-C04538	דער הויז-פֿריינד	Journals/ Newspapers	4	דער הויז-פֿריינד | דער הויזפריינד | הויזפּריינד | הויזפֿריינד														
ORG-C04539	Новороссійскій Телеграфъ	Journals/ Newspapers	1	Новороссійскій Телеграфъ														
ORG-C04540	חבת-ציון	Jewish political bodies	1	חבת-ציון														
ORG-C04541	הויפפריינד	Journals/ Newspapers	1	הויפפריינד														
ORG-C04542	פערלאָג יודישע ביהנע	Publisher	1	פערלאָג יודישע ביהנע	וואַרשאַ													
ORG-C04543	רומענישער לאָיד	Journals/ Newspapers	1	רומענישער לאָיד														
ORG-C04544	טרופּע פֿון יאָוועליר	Traveling Company	3	טרופּע פֿון יאָוועליר | יאָוועליר | יאָוועליר אין יאסי	יאָסי			רומעניע	578 | 566 | 542 | 486 | 483	1.000 | 0.833 | 0.765 | 0.706 | 0.667	exact | fuzzy | ipa_phonetic | ipa_phonetic | ipa_phonetic	NEW	578				Bella	2026-05-05T06:37:44Z
ORG-C04545	עמפּייר-טעאַטער	Theatre	10	עמפּייר-טעאַטער	לאָנדאָן | שיקאַגאָ | שיקאָגאָ | שיקאָנאַ		8-טע סטריט-טעאַטער | עמפּייר-טעאַטער	אַמעריקע | אַמעריקע	555 | 616 | 296 | 237 | 520	0.692 | 0.692 | 0.692 | 0.643 | 0.643	ipa_phonetic | ipa_phonetic | ipa_phonetic | ipa_phonetic | ipa_phonetic	SPLIT		Cluster contains 'Empire Theatre' locations in both London and Chicago, which are distinct entities. No direct candidate match exists.			auto_drafter	2026-05-17T17:07:26Z
ORG-C04546	ווערטהיימער	Theatre	2	ווערטהיימער	בודאָפּעסט | בודאפּעסט		געזאָנג-און שפּילסאַלאָן | ווערטהיימער											
ORG-C04547	איריס	Traveling Company	1	איריס														
ORG-C04548	מאָריענהאָף אין גלאַזונאָוו	Traveling Company	1	מאָריענהאָף אין גלאַזונאָוו	בוענאָס-איירעס			אַרגענטינע										
ORG-C04549	לאָבעל און באָריס אויערבאַך	Traveling Company	1	לאָבעל און באָריס אויערבאַך														
ORG-C04550	סאָקאָלאָוו	Traveling Company	2	סאָקאָלאָוו														
ORG-C04551	מאַרק אַרנשטיין	Traveling Company	1	מאַרק אַרנשטיין			די יידישע קאָלאָניעס	אַרגענטינע										
ORG-C04552	רי יצחק אַלחנןס ישיבה	Education	1	רי יצחק אַלחנןס ישיבה														
ORG-C04553	געבילס 116 סטריט-טעאַטער	Theatre	1	געבילס 116 סטריט-טעאַטער														
ORG-C04554	גרענד מוזיקהאָל	Theatre	2	גרענד מוזיקהאָל														
ORG-C04555	נעשאָנאַל-רוף-גאָרדן	Theatre	3	נעשאָנאַל-רוף-גאָרדן	ניו יאָרק		נעשאָנאָל רוף-גארדן											
ORG-C04556	טרופּע פֿון אירע עלטערן	Traveling Company	1	טרופּע פֿון אירע עלטערן	קאַאייראָ			עגיפּטען	563 | 578	0.667 | 0.667	ipa_phonetic | ipa_phonetic							
ORG-C04557	איטאַלייענישע פאָלקסשול	Education	1	איטאַלייענישע פאָלקסשול	קאַאייראָ			עגיפּטען										
ORG-C04558	איטאָליענישן טעאַטער א'ד פֿון אַנטאָניאָ מאַיאָרי	Theatre	1	איטאָליענישן טעאַטער א'ד פֿון אַנטאָניאָ מאַיאָרי	קאַאייראָ			עגיפּטען										
ORG-C04559	ביי באָריס טאָמאַשעווסקי	Traveling Company	1	ביי באָריס טאָמאַשעווסקי	פֿילאדעלפיע													
ORG-C04560	יידישער האַנטווערקער-שול	Education	2	יידישער האַנטווערקער-שול	וואַרשע | כאַרקאָוו							SPLIT		Cluster contains schools in two distinct cities (Warsaw and Kharkov) with no DB candidates; requires splitting by location.			auto_drafter	2026-05-17T17:07:26Z
ORG-C04561	מעכאַניק-בויערישן טעכניקום	Education	1	מעכאַניק-בויערישן טעכניקום														
ORG-C04562	כאָר פון חזן יוסף העלער	Musical organization	1	כאָר פון חזן יוסף העלער	זלאטאָפּאָליע													
ORG-C04563	כאָר פון ניסן בּעלזער	Musical organization	1	כאָר פון ניסן בּעלזער	קעשעניעוו													
ORG-C04564	גרויסער שול	Religious institutions/organizations	7	גרויסער שול | די גרויסע שול אין בּוקאַרעסט | די גרויסער שול | דער גרויסער שול	בּוקאַרעסט | טשערנאָוויץ | יאַסי | קרעמענטשוג		גרויסער שוּל | גרויסער שול | די גרויסע שול | די גרויסער שול | דער גרויסער שול	רומעניע										
ORG-C04565	פראַנצעזישער אָפּערעטעס-טרופּע	Traveling Company	1	פראַנצעזישער אָפּערעטעס-טרופּע	בּוקאַרעסט													
ORG-C04566	כאָר איזראעליטאַ	Traveling Company	1	כאָר איזראעליטאַ														
ORG-C04567	קירכן-כאָר	Musical organization	1	קירכן-כאָר														
ORG-C04568	לאַטיינערס טרופּע	Traveling Company	1	לאַטיינערס טרופּע					521 | 568 | 629 | 566 | 579	0.733 | 0.733 | 0.733 | 0.667 | 0.667	ipa_phonetic | ipa_phonetic | ipa_phonetic | ipa_phonetic | ipa_phonetic							
ORG-C04569	פינקעלס טרופּע	Traveling Company	4	פינקעלס טרופּע	פֿילאַדעלפיע		רומעניע	רומעניע	579 | 583 | 469 | 545 | 610	0.769 | 0.769 | 0.692 | 0.692 | 0.692	ipa_phonetic | ipa_phonetic | ipa_phonetic | ipa_phonetic | ipa_phonetic							
ORG-C04570	אָרדען דודס האַרפע	Welfare/Aid organization	1	אָרדען דודס האַרפע														
ORG-C04571	נעקראָלאָג אין דאָס יידישע טאַגעבּלאַט	Journals/ Newspapers	1	נעקראָלאָג אין דאָס יידישע טאַגעבּלאַט														
ORG-C04572	גראָדנער	Traveling Company	3	גראָדנער				רומעניע	43	0.833	fuzzy	ALIGN	43				Bella	2026-05-18T08:33:04Z
ORG-C04573	וויטעבסקער יידישער אַרבעטס-שול	Education	1	וויטעבסקער יידישער אַרבעטס-שול	וויטעבסק													
ORG-C04574	ליבאוויטשער ישיבה	Education	1	ליבאוויטשער ישיבה														
ORG-C04575	ווייסרוסישער מלוכה. שער אינסטיטוט פֿאַר טעאַטראַלער קונסט	Education	1	ווייסרוסישער מלוכה. שער אינסטיטוט פֿאַר טעאַטראַלער קונסט	מאָסקווע													
ORG-C04576	דאָס ערשטע יידישע מאַריאָנעטן-טעאַטער	Theatre	1	דאָס ערשטע יידישע מאַריאָנעטן-טעאַטער	ניו-יאָרק				633	0.655	ipa_phonetic							
ORG-C04577	רענד-סקול-זאָל	Education	1	רענד-סקול-זאָל	ניו-יאָרק		רענד-סקול-זאָל											
ORG-C04578	מאָלעריי-שול אויף קופּער יוניאָן	Education	1	מאָלעריי-שול אויף קופּער יוניאָן	ניו יאָרק													
ORG-C04579	באַראָן הירש קונסט געווערבעשול	Education	1	באַראָן הירש קונסט געווערבעשול														
ORG-C04580	נעשאָנאַל אַקאַדעמיע אָף אָרט	Education	1	נעשאָנאַל אַקאַדעמיע אָף אָרט														
ORG-C04581	פֿ'ג היקל	Publisher	1	פֿ'ג היקל	וויען-ברין													
ORG-C04582	חדירים	Education	1	חדירים														
ORG-C04583	רוסיש יידישע פֿאָלקסשול	Education	1	רוסיש יידישע פֿאָלקסשול														
ORG-C04584	שיקאַגער „וועלט“	Journals/ Newspapers	1	שיקאַגער „וועלט“	שיקאַגאָ													
ORG-C04585	פאַרלאָג „פּאַלמע“	Publisher	1	פאַרלאָג „פּאַלמע“	לאָס אַנדזשעלאָס													
ORG-C04586	זאָקן פֿאַבריק	Labour (factory/workshop)	1	זאָקן פֿאַבריק														
ORG-C04587	וויקטאָריאַ-טעאַטער	Theatre	1	וויקטאָריאַ-טעאַטער	לאָדזש		וויקטאָריאַ-טעאַטער		176 | 527 | 529 | 616 | 235	0.667 | 0.667 | 0.667 | 0.667 | 0.600	ipa_phonetic | ipa_phonetic | ipa_phonetic | ipa_phonetic | ipa_phonetic							
ORG-C04588	מיכאַלעסקאַן	Traveling Company	1	מיכאַלעסקאַן														
ORG-C04589	יעקב וואַקסמאַן	Traveling Company	1	יעקב וואַקסמאַן				אוקראָאינע										
ORG-C04590	אָדעסער טעאַטער „וואָדעוויל“	Theatre	1	אָדעסער טעאַטער „וואָדעוויל“	אָדעסע		אָדעסער טעאַטער „וואָדעוויל“											
ORG-C04591	יידישער בינע אין פּוילן	Theatre	1	יידישער בינע אין פּוילן				פּוילן										
ORG-C04592	רוסישער טרופּע פֿון באָריסאָוו און וולאַדימיראָוו	Traveling Company	1	רוסישער טרופּע פֿון באָריסאָוו און וולאַדימיראָוו														
ORG-C04593	יידישער טרופּע פֿון ספּיוואַקאָווסקי-סעם אַדלער	Traveling Company	1	יידישער טרופּע פֿון ספּיוואַקאָווסקי-סעם אַדלער	יעקאַטערינאָסלאָוו													
ORG-C04594	טרופּעס פֿון קרויזע	Traveling Company	3	טרופּעס פֿון קרויזע	קאָנסטאַנטינאָפּאָל				283 | 486 | 523 | 542 | 596	0.647 | 0.647 | 0.647 | 0.647 | 0.647	ipa_phonetic | ipa_phonetic | ipa_phonetic | ipa_phonetic | ipa_phonetic	SPLIT		The name uses the plural 'טרופּעס' (troupes), indicating multiple distinct companies under Krause rather than a single itinerant unit.			auto_drafter	2026-05-17T17:07:26Z
ORG-C04595	טרופּעס פֿון עסקין ראַפּל	Traveling Company	1	טרופּעס פֿון עסקין ראַפּל					596	0.714	ipa_phonetic							
ORG-C04596	קינדער אדלער	Journals/ Newspapers	1	קינדער אדלער														
ORG-C04597	טאַראַנטער ייד. נאַצ. דעמ. שול	Education	1	טאַראַנטער ייד. נאַצ. דעמ. שול	טאַראַנטע													
ORG-C04598	מאָנטרעאָלער פּיפּלס טעאַטער	Theatre	1	מאָנטרעאָלער פּיפּלס טעאַטער	מאָנטרעאָל													
ORG-C04599	קווינטטעאַטער	Theatre	1	קווינטטעאַטער	וויניפּעג				124 | 526 | 529 | 555 | 263	0.636 | 0.636 | 0.636 | 0.636 | 0.615	ipa_phonetic | ipa_phonetic | ipa_phonetic | ipa_phonetic | ipa_phonetic							
ORG-C04600	דער אידישער קונסט-פֿריינד	Journals/ Newspapers	2	דער אידישער קונסט-פֿריינד	שיקאַגאָ | שיקאָגאָ													
ORG-C04601	רעקאָרד	Journals/ Newspapers	2	רעקאָרד	שיקאַגאָ													
ORG-C04602	האָליוואוד	Media (Radio/ Film/TV)	2	האָליוואוד	לאָס אַנדזשעלאָס													
ORG-C04603	אידישער מוזיקאַלישער זשורנאַל	Journals/ Newspapers	1	אידישער מוזיקאַלישער זשורנאַל	באׁסטאָן				614	0.615	ipa_phonetic							
ORG-C04604	דרוקעריי פֿון אבא דוכנא	Publisher	1	דרוקעריי פֿון אבא דוכנא	אָדעס		דרוקעריי פֿון אבא דוכנא		495	0.636	ipa_phonetic							
ORG-C04605	וואָדעוויל-יוניע	Theatre-related Society/ Union	2	וואָדעוויל-יוניע														
ORG-C04606	יעהל-אוניווערזיטעט	Education	2	יעהל-אוניווערזיטעט			יעל אוניווערזיטעט	אַמעריקע	595 | 588 | 561 | 530 | 590	0.722 | 0.667 | 0.619 | 0.600 | 0.600	ipa_phonetic | ipa_phonetic | ipa_phonetic | ipa_phonetic | ipa_phonetic							
ORG-C04607	יידישער טרופּע פֿון הערשקאָוויטש	Traveling Company	1	יידישער טרופּע פֿון הערשקאָוויטש														
ORG-C04608	פּויליש-יידישער שול	Education	1	פּויליש-יידישער שול														
ORG-C04609	טעאַטער-סינדיקאַט	Theatre	1	טעאַטער-סינדיקאַט	דרום-אפריקע		טעאַטער-סינדיקאַט		581	0.600	ipa_phonetic							
ORG-C04610	וועסט ענד-האָל	Theatre	1	וועסט ענד-האָל	דרום-אפריקע		וועסט ענד-האָל											
ORG-C04611	דיאַ נייע אידישע טהעאַטער געזעלשאַפט	Theatre	1	דיאַ נייע אידישע טהעאַטער געזעלשאַפט					621 | 472 | 500 | 609	0.622 | 0.609 | 0.609 | 0.609	ipa_phonetic | ipa_phonetic | ipa_phonetic | ipa_phonetic							
ORG-C04612	פּריוואָטע פֿירמעס	Business	1	פּריוואָטע פֿירמעס														
ORG-C04613	גראַנאָווסקיס סטודיע	Education	6	גראַנאָווסקיס סטודיע | גראָנאָווסקיס שול	מאָסקווע | פּעטראָגראַד | פּעטראָגראָד		גראָנאָווסקי-סטודיע											
ORG-C04614	סטאַפּניצער ישיבה	Education	1	סטאַפּניצער ישיבה	סטאַפּניצער													
ORG-C04615	אַרבעטער-פֿאַראיינען	Trade Union / Professional Association	1	אַרבעטער-פֿאַראיינען	לאָדזש													
ORG-C04616	טעאַטריקל טרייד-קאָנסול	Theatre-related Society/ Union	1	טעאַטריקל טרייד-קאָנסול														
ORG-C04617	פּרינצעס-קלוב צו סמיט	Theatre	1	פּרינצעס-קלוב צו סמיט	לאַנדאָן		פּרינצעס-קלוב צו סמיט											
ORG-C04618	ליבאָווער העברעאישער גימנאָזיע	Education	1	ליבאָווער העברעאישער גימנאָזיע	ליבאַווע													
ORG-C04619	"ליבאָווער ליטעראַרישן קלוב ""קדימה"""	Theatre	1	"ליבאָווער ליטעראַרישן קלוב ""קדימה"""	ליבאַווע													
ORG-C04620	מאָסקווער אוניווערזיטעט	Education	3	מאָסקווער אוניווערזיטעט	מאָסקווער		מאָסקווער אוניווערזיטעט		587 | 590 | 585 | 589 | 588	0.750 | 0.750 | 0.714 | 0.714 | 0.700	ipa_phonetic | ipa_phonetic | ipa_phonetic | ipa_phonetic | ipa_phonetic							
ORG-C04621	"""עפּעלבערגס יום-טוב-בלעטער“"	Journals/ Newspapers	1	"""עפּעלבערגס יום-טוב-בלעטער“"														
ORG-C04622	כאָר-שול „שערי ציון“	Education	1	כאָר-שול „שערי ציון“														
ORG-C04623	"„די יידישע דראַמאַ"""	Journals/ Newspapers	1	"„די יידישע דראַמאַ"""	ניו-יאָרק													
ORG-C04624	פֿראָממער פּאָבלישינג קאָמפּאַני	Publisher	1	פֿראָממער פּאָבלישינג קאָמפּאַני					549 | 465 | 52	1.000 | 0.760 | 0.720	exact | ipa_phonetic | ipa_phonetic	NEW	549				Bella	2026-05-03T07:53:07Z
ORG-C04625	"„די אידישע מוזיקאַלישע וועלט און טעאַטער-זשורנאָל"""	Journals/ Newspapers	1	"„די אידישע מוזיקאַלישע וועלט און טעאַטער-זשורנאָל"""	ניו-יאָרק													
ORG-C04626	אידישע פערעראַציע פֿאַר מוזיק און דראַמאָ	Theatre-related Society/ Union	1	אידישע פערעראַציע פֿאַר מוזיק און דראַמאָ														
ORG-C04627	יידישער מלוכהשער קאָמער-טעאַטער	Theatre	1	יידישער מלוכהשער קאָמער-טעאַטער	פּעטראָגראָד		פּעטראָגראָדער געוו. סובאָרין-טעאַטער											
ORG-C04628	די שמידע	Publisher	1	די שמידע	בערלין													
ORG-C04629	י. ל. פּאָזנאַנסקי	Business	1	י. ל. פּאָזנאַנסקי	לאָדזש													
ORG-C04630	געזעלשאַנט „דראַמאַטישע קונסט“	Theatre	1	געזעלשאַנט „דראַמאַטישע קונסט“	לאָדזש													
ORG-C04631	ליט. בלעטער	Journals/ Newspapers	1	ליט. בלעטער														
ORG-C04632	קוריער	Journals/ Newspapers	2	קוריער	שיקאַגאָ		רעדאקציע	אַמעריקע										
ORG-C04633	שיקאַגער יידישן טעאַטער	Theatre	1	שיקאַגער יידישן טעאַטער	שיקאַגאָ			אַמעריקע	500 | 575 | 472 | 609 | 478	0.857 | 0.818 | 0.762 | 0.667 | 0.643	ipa_phonetic | ipa_phonetic | ipa_phonetic | ipa_phonetic | ipa_phonetic	NEW	655				Bella	2026-05-18T08:04:17Z
ORG-C04634	באַראַנדעסעס לאָדזש „ווייסע מייז“	Welfare/Aid organization	1	באַראַנדעסעס לאָדזש „ווייסע מייז“														
ORG-C04635	פּוילישן טעמפּל-כאָר	Musical organization	1	פּוילישן טעמפּל-כאָר	לעמבערג		פּוילישן טעמפּל-כאָר											
ORG-C04636	בראַנזוויל אין וואַרעווייל	Theatre	1	בראַנזוויל אין וואַרעווייל	ניו יאָרק		בראַנזוויל	אַמעריקע										
ORG-C04637	די ברידער שניידער	Traveling Company	1	די ברידער שניידער														
ORG-C04638	באַריס טאָמאַשעווסקי	Traveling Company	1	באַריס טאָמאַשעווסקי														
ORG-C04639	ניו-אַרלאַנס יידיש טעאַטער	Theatre	1	ניו-אַרלאַנס יידיש טעאַטער	ניו-אַרלאַנס		ניו-אַרלאַנס יידיש טעאַטער		500 | 575	0.609 | 0.609	ipa_phonetic | ipa_phonetic							
ORG-C04640	דוד קעסלער דראַמאָטיק קלאָב	Theatre	2	דוד קעסלער דראַמאָטיק קלאָב	ניו יאָרק													
ORG-C04641	לאַרגמאַןס טרופּע	Traveling Company	1	לאַרגמאַןס טרופּע	באָלטימאָר				325 | 269 | 330 | 559 | 629	0.786 | 0.643 | 0.643 | 0.600 | 0.600	ipa_phonetic | ipa_phonetic | ipa_phonetic | ipa_phonetic | ipa_phonetic							
ORG-C04642	אוירווינג מוזיק-האָל	Theatre	2	אוירווינג מוזיק-האָל	ניו יאָרק		אוירווינג-מוזיק-האָל											
ORG-C04643	האָפּטעאַטער אין באָסטאָן	Theatre	1	האָפּטעאַטער אין באָסטאָן	באָסטאָן		האָפּטעאַטער											
ORG-C04644	יידישן דזשעראַרד-טעאַטער	Theatre	1	יידישן דזשעראַרד-טעאַטער	פֿילאָדעלפיע		יידישן דזשעראַרד-טעאַטער		480	0.667	ipa_phonetic							
ORG-C04645	ניויאָרקער ליריק טעאַטער	Theatre	3	ניויאָרקער ליריק טעאַטער	ניו יאָרק		ליריק טעאַטער | ליריק-טעאַטער		615	0.600	ipa_phonetic							
ORG-C04646	יידישער אַקטיאָרן-ליג	Theatre-related Society/ Union	1	יידישער אַקטיאָרן-ליג														
ORG-C04647	הויף-טעאַטער	Theatre	1	הויף-טעאַטער	מיינינגען		הויף-טעאַטער		611 | 176 | 553 | 616 | 631	0.727 | 0.667 | 0.667 | 0.667 | 0.667	ipa_phonetic | ipa_phonetic | ipa_phonetic | ipa_phonetic | ipa_phonetic							
ORG-C04648	מיינינגער-טרופּע	Traveling Company	1	מיינינגער-טרופּע					625 | 197 | 295 | 521 | 551	0.667 | 0.667 | 0.600 | 0.600 | 0.600	ipa_phonetic | ipa_phonetic | ipa_phonetic | ipa_phonetic | ipa_phonetic							
ORG-C04649	קייזערלעכן טעאַטער	Theatre	1	קייזערלעכן טעאַטער	פּעטערבורג		קייזערלעכן טעאַטער	רוסלאַנד										
ORG-C04650	דייטשן אוירווינג-פלייס-טעאַטער	Theatre	2	דייטשן אוירווינג-פלייס-טעאַטער	ניו יאָרק | ניו-יאָרק		אוירווינג-פלייס-טעאַטער | דייטשן אוירווינג-פלייס-טעאַטער	אַמעריקע										
ORG-C04651	מענטמייקער קלאָב	Theatre	1	מענטמייקער קלאָב	לאָנדאָן		מענטמייקער קלאָב	ענגלאַנד										
ORG-C04652	מאַגנעס עט קאָמפּ	Business	1	מאַגנעס עט קאָמפּ	לאָנדאָן			ענגלאַנד										
ORG-C04653	טרופּע פֿאָר יאָהאַניסבורג	Traveling Company	1	טרופּע פֿאָר יאָהאַניסבורג	יאָהאַניסבורג			דרום-אפריקע										
ORG-C04654	מוזיק-האָל	Theatre	4	מוזיק-האָל	לאָנדאָן | לאָנראָן | ניו יאָרק		מוזיק-האָלס	ענגלאַנד										
ORG-C04655	טעאַטער אויף טשאַקאָבוקאָ	Theatre	1	טעאַטער אויף טשאַקאָבוקאָ	בוענאָס איירעס	טשאַקאָבוקאָ	טעאַטער אויף טשאַקאָבוקאָ	אַרגענטינע										
ORG-C04656	טעאַטער קאָמיקאַ	Theatre	1	טעאַטער קאָמיקאַ	בוענאָס איירעס		טעאַטער קאָמיקאַ	אַרגענטינע	581 | 173 | 491 | 475	1.000 | 0.714 | 0.688 | 0.667	exact | ipa_phonetic | ipa_phonetic | ipa_phonetic	NEW	581				Bella	2026-05-05T07:22:25Z
ORG-C04657	טעאַטער באַטאָגליאַ	Theatre	1	טעאַטער באַטאָגליאַ	בוענאָס איירעס		טעאַטער באַטאָגליאַ	אַרגענטינע	475 | 581	0.600 | 0.600	ipa_phonetic | ipa_phonetic							
ORG-C04658	גאָלדפאַדעןס אויפֿפֿירונג	Traveling Company	1	גאָלדפאַדעןס אויפֿפֿירונג	באָסטאָן			אַמעריקע										
ORG-C04659	ניו-יאָרקער אָטלאַנטיק-גאָרדען	Theatre	1	ניו-יאָרקער אָטלאַנטיק-גאָרדען	ניו-יאָרק		אָטלאַנטיק-גאָרדען	אַמעריקע										
ORG-C04660	וואַרשעווער ווענוס	Theatre	1	וואַרשעווער ווענוס	וואַרשע		וואַרשעווער ווענוס											
ORG-C04661	מיט היימי און אַננאַ יאָקובאָוויטש	Traveling Company	1	מיט היימי און אַננאַ יאָקובאָוויטש				פּוילן										
ORG-C04662	טעאַטער-שול אויפֿן נאָמען פֿון א. ס. סובאָרין	Education	1	טעאַטער-שול אויפֿן נאָמען פֿון א. ס. סובאָרין	פּעטערבורג			רוסלאַנד										
ORG-C04663	טרופּע פֿון ביעלאַיעוו	Traveling Company	1	טרופּע פֿון ביעלאַיעוו	גראָדנע				542 | 523 | 578 | 596 | 283	0.722 | 0.667 | 0.667 | 0.667 | 0.611	ipa_phonetic | ipa_phonetic | ipa_phonetic | ipa_phonetic | ipa_phonetic							
ORG-C04664	אוופֿאַ	Theatre	1	אוופֿאַ														
ORG-C04665	קראָקעווער יידישער טעאַטער	Theatre	1	קראָקעווער יידישער טעאַטער	קראָקע				575 | 609 | 472 | 500 | 543	0.826 | 0.826 | 0.739 | 0.696 | 0.607	ipa_phonetic | ipa_phonetic | ipa_phonetic | ipa_phonetic | ipa_phonetic							
ORG-C04666	פּראָווינץטרופּעס פֿון בערנשטיין	Traveling Company	1	פּראָווינץטרופּעס פֿון בערנשטיין														
ORG-C04667	טרופּעס פֿון בעקער	Traveling Company	1	טרופּעס פֿון בעקער					542 | 596 | 578 | 486 | 626	0.688 | 0.688 | 0.647 | 0.625 | 0.625	ipa_phonetic | ipa_phonetic | ipa_phonetic | ipa_phonetic | ipa_phonetic							
ORG-C04668	אינדעפּענדענט עקטאָרס ליג	Theatre-related Society/ Union	1	אינדעפּענדענט עקטאָרס ליג														
ORG-C04669	קיעווער מוזיקאָלישער שול	Education	1	קיעווער מוזיקאָלישער שול	קיעוו		קיעווער מוזיקאָלישער שול											
ORG-C04670	שוואַרץס רוסישער אָפּערע- און אָפּערעטעס-טרופּע	Traveling Company	1	שוואַרץס רוסישער אָפּערע- און אָפּערעטעס-טרופּע														
ORG-C04671	רוסישער אָפּערע-טרופּע	Traveling Company	1	רוסישער אָפּערע-טרופּע														
ORG-C04672	מוזיק-האָל יאָרקמינכטער	Theatre	1	מוזיק-האָל יאָרקמינכטער	לאָנדאָן		מוזיק-האָל יאָרקמינכטער											
ORG-C04673	יידישן וואָדעווייל ביי זיגלערן	Traveling Company	1	יידישן וואָדעווייל ביי זיגלערן	ווין													
ORG-C04674	8-טע סטריט-טעאַטער	Theatre	2	8-טע סטריט-טעאַטער	שיקאַגאָ		8-טע סטריט-טעאַטער		513	0.789	ipa_phonetic							
ORG-C04675	סענטער סקווער טעאַטער	Theatre	1	סענטער סקווער טעאַטער	פּיטסבורג		סענטער סקווער טעאַטער											
ORG-C04676	„דער קעמפער“	Journals/ Newspapers	1	„דער קעמפער“	יעקאַטערינאָסלאָוו													
ORG-C04677	"„אייגענס"""	Journals/ Newspapers	1	"„אייגענס"""	קיעוו													
ORG-C04678	אוקראַאינישער יידישער מלוכה-טעאַטער	Theatre	1	אוקראַאינישער יידישער מלוכה-טעאַטער	כאַרקאָוו				540 | 592 | 510 | 597 | 502	1.000 | 0.879 | 0.818 | 0.758 | 0.727	exact | ipa_phonetic | ipa_phonetic | ipa_phonetic | ipa_phonetic	NEW	540				Bella	2026-04-29T08:27:50Z
ORG-C04679	"קעמפּ „ניט געדייגעט"""	Education	2	"קעמפּ „ניט געדייגעט"""														
ORG-C04680	רוסישן טעאַטער אין מאָסקווע (געוו. קאָרש)	Theatre	1	רוסישן טעאַטער אין מאָסקווע (געוו. קאָרש)	מאָסקווע													
ORG-C04681	וואַכטאַנגאָוו-טעאַטער	Theatre	1	וואַכטאַנגאָוו-טעאַטער					527 | 514 | 526	0.688 | 0.625 | 0.625	ipa_phonetic | ipa_phonetic | ipa_phonetic							
ORG-C04682	„פעדעראַציע“	Publisher	1	„פעדעראַציע“	מאָסקווע													
ORG-C04683	ווייסרוסלעניידישער מעלוכע-פאַרלאַג	Publisher	1	ווייסרוסלעניידישער מעלוכע-פאַרלאַג	מינסק													
ORG-C04684	קאַמער-שפּילהויז	Theatre	2	קאַמער-שפּילהויז	ניו יאָרק | ניויאָרק													
ORG-C04685	רוסישן מאַרינסקי-טעאַטער	Theatre	1	רוסישן מאַרינסקי-טעאַטער			רוסישן מאַרינסקי-טעאַטער											
ORG-C04686	אַדלערס פּולס-טעאַטער	Theatre	1	אַדלערס פּולס-טעאַטער	ניו יאָרק		פּולס-טעאַטער		604 | 123 | 608	0.632 | 0.611 | 0.600	ipa_phonetic | ipa_phonetic | ipa_phonetic							
ORG-C04687	מאָלווינע לאָבעלס ראָיאַל-טעאַטער	Theatre	1	מאָלווינע לאָבעלס ראָיאַל-טעאַטער	ניו יאָרק		ראָיאַל-טעאַטער											
ORG-C04688	ראָיאַל-קאָוּרט-טעאַטער	Theatre	1	ראָיאַל-קאָוּרט-טעאַטער	לאָנדאָן		ראָיאַל-קאָוּרט-טעאַטער	ענגלאַנד	514 | 529	0.611 | 0.611	ipa_phonetic | ipa_phonetic							
ORG-C04689	ערעטער קאָאָפּעראַטיווער אָפּערעטעס טרופּע	Traveling Company	1	ערעטער קאָאָפּעראַטיווער אָפּערעטעס טרופּע				רוסלאַנד										
ORG-C04690	פֿאַראייניקטער טרופּע מיט ווייסמאַן מערוויעדאַוואָ	Traveling Company	1	פֿאַראייניקטער טרופּע מיט ווייסמאַן מערוויעדאַוואָ	מינסק													
ORG-C04691	האַנטווערקער-זאָל	Theatre	1	האַנטווערקער-זאָל	אָדעס		האַנטווערקער-זאָל											
ORG-C04692	אינסטיטוט פֿאַר אַקיישערקעס	Education	1	אינסטיטוט פֿאַר אַקיישערקעס														
ORG-C04693	יידישן קאָמער-טעאַטער	Theatre	3	יידישן קאָמער-טעאַטער	מינסק | פּעטראָגראַד				480 | 608 | 296 | 571 | 570	0.700 | 0.650 | 0.632 | 0.615 | 0.609	ipa_phonetic | ipa_phonetic | ipa_phonetic | ipa_phonetic | ipa_phonetic							
ORG-C04694	הצפה	Journals/ Newspapers	1	הצפה					271 | 68	1.000 | 0.714	exact | ipa_phonetic	ALIGN	271				Bella	2026-04-19T07:27:36Z
ORG-C04695	בערנער אוניווערזיטעט	Education	4	בערנער אוניווערזיטעט	בערן		בערנער אוניווערזיטעט	שווייץ	561 | 587 | 588 | 590 | 585	0.857 | 0.789 | 0.789 | 0.750 | 0.714	ipa_phonetic | ipa_phonetic | ipa_phonetic | ipa_phonetic | ipa_phonetic	NEW	657				Sinai	2026-05-18T09:59:22Z
ORG-C04696	די נייע וועלט	Journals/ Newspapers	2	די נייע וועלט	וואַרשע			פּוילן										
ORG-C04697	לאָדזער מאָרגענבלאַט	Journals/ Newspapers	1	לאָדזער מאָרגענבלאַט	לאָדז													
ORG-C04698	קאָמאַנדיט-געזעלשאַפט פאַר אַ גוט יידיש טעאַטער	Theatre	1	קאָמאַנדיט-געזעלשאַפט פאַר אַ גוט יידיש טעאַטער														
ORG-C04699	צענטראָלן הילפס-קאָמיטעט אין פּעטערבורג	Welfare/Aid organization	1	צענטראָלן הילפס-קאָמיטעט אין פּעטערבורג	פּעטערבורג			רוסלאַנד										
ORG-C04700	טעאַליט	Journals/ Newspapers	4	טעאַליט	ניו יאָרק													
ORG-C04701	יידישער דראַמ. סטודיע אַרום דעם זשורנאָל טעאַליט	Education	1	יידישער דראַמ. סטודיע אַרום דעם זשורנאָל טעאַליט														
ORG-C04702	פערלאָג ליטעראַטור	Publisher	2	פערלאָג ליטעראַטור	וואַרשע													
ORG-C04703	צופה להמגיד	Journals/ Newspapers	1	צופה להמגיד														
ORG-C04704	הכרמל	Journals/ Newspapers	3	הכרמל					268	1.000	exact	ALIGN	268				Bella	2026-04-13T10:32:47Z
ORG-C04705	ערשטן אומלעגאַלן יידיען לערער צוזאַמענפאַר	Trade Union / Professional Association	1	ערשטן אומלעגאַלן יידיען לערער צוזאַמענפאַר														
ORG-C04706	יידישער קינדער-פאַרזאָרגונגס-געזעלשאַפט	Welfare/Aid organization	1	יידישער קינדער-פאַרזאָרגונגס-געזעלשאַפט														
ORG-C04707	העברעאישער מיידל-שול יהודית	Education	1	העברעאישער מיידל-שול יהודית														
ORG-C04708	יעפּאַקאַ	Welfare/Aid organization	1	יעפּאַקאַ														
ORG-C04709	הילפס-קאָמיטעט פאַר מלחמה געליטענע אין ווילנע	Welfare/Aid organization	1	הילפס-קאָמיטעט פאַר מלחמה געליטענע אין ווילנע	ווילנע													
ORG-C04710	יידישער טעאַטער-גרופּע פאַד'אַ	Theatre	1	יידישער טעאַטער-גרופּע פאַד'אַ														
ORG-C04711	די גרעסערע ישיבות פֿון ליטע	Education	1	די גרעסערע ישיבות פֿון ליטע														
ORG-C04712	וואָלאָזשין	Education	1	וואָלאָזשין	וואָלאָזשין													
ORG-C04713	פערלאָג זלמן מזח	Publisher	1	פערלאָג זלמן מזח	פֿהילאָדעלפהיאַ			אַמעריקאַ										
ORG-C04714	שטומאַכערס טרופּע	Traveling Company	2	שטומאַכערס טרופּע	בענדין				579 | 610 | 629 | 395 | 234	0.667 | 0.667 | 0.667 | 0.667 | 0.625	ipa_phonetic | ipa_phonetic | ipa_phonetic | ipa_phonetic | ipa_phonetic							
ORG-C04715	דירעקטאָר קענער	Traveling Company	1	דירעקטאָר קענער	קראַקע													
ORG-C04716	מלוכה-קאָלעקטיוו	Traveling Company	1	מלוכה-קאָלעקטיוו	סצבעזש													
ORG-C04717	פּאָליטפּראָסוויעט	Non-Jewish political bodies	1	פּאָליטפּראָסוויעט	פּאָלאָצק													
ORG-C04718	מלוכה טעאַטער ביי בראַנדעסקאָן	Theatre	1	מלוכה טעאַטער ביי בראַנדעסקאָן	מינסק													
ORG-C04719	"קלוב „קים"""	Non-Jewish political bodies	1	"קלוב „קים"""	מינסק													
ORG-C04720	קלוב פון די טראַנספּאָרטאַרבעטער	Theatre-related Society/ Union	1	קלוב פון די טראַנספּאָרטאַרבעטער	מינסק													
ORG-C04721	קלוב פון די שפּייזלער	Trade Union / Professional Association	1	קלוב פון די שפּייזלער	מינסק													
ORG-C04722	קאָלעקטיוו „אַרבעטער-בינע“	Traveling Company	1	קאָלעקטיוו „אַרבעטער-בינע“	מינסק													
ORG-C04723	בּיעלגאָסקינאָ	Media (Radio/ Film/TV)	1	בּיעלגאָסקינאָ														
ORG-C04724	יידישער בינע אין וואַרשע	Theatre	1	יידישער בינע אין וואַרשע	וואַרשע			פּוילן										
ORG-C04725	רוסישן כאָר	Musical organization	1	רוסישן כאָר														
ORG-C04726	לובאָוויטשעס שול	Education	1	לובאָוויטשעס שול														
ORG-C04727	בראַנדעסקאָס טרופּע	Traveling Company	2	בראַנדעסקאָס טרופּע	מאָסקווע			רוסלאַנד	203 | 337 | 469 | 559 | 43	0.688 | 0.688 | 0.625 | 0.625 | 0.625	ipa_phonetic | ipa_phonetic | ipa_phonetic | ipa_phonetic | ipa_phonetic							
ORG-C04728	"פֿאַראיין ""שלום עליכם"""	Theatre-related Society/ Union	1	"פֿאַראיין ""שלום עליכם"""	ווין		לאַגער וויזעלבורג	עסטרייך										
ORG-C04729	אָרגענטינער יידישן אַרטיסטן-פאַראיין	Theatre-related Society/ Union	1	אָרגענטינער יידישן אַרטיסטן-פאַראיין														
ORG-C04730	קאַניעווסקאַ טרופּע פֿון דרום-אפריקע	Traveling Company	1	קאַניעווסקאַ טרופּע פֿון דרום-אפריקע														
ORG-C04731	אוידיטאָריום-האָל	Theatre	1	אוידיטאָריום-האָל	מאָנטרעאָל		אוידיטאָריום-האָל											
ORG-C04732	היברו סיק בענעפיט אַסאָסיישאָן	Welfare/Aid organization	1	היברו סיק בענעפיט אַסאָסיישאָן	מאָנטרעאַל		בית עולם											
ORG-C04733	זיידל העלמאַן	Traveling Company	1	זיידל העלמאַן														
ORG-C04734	אַקטיאָרן-יוניע, לאָקאָל 5	Theatre-related Society/ Union	3	אַקטיאָרן-יוניע, לאָקאָל 5	ניו-יאָרק			אַמעריקע										
ORG-C04735	אידישער אַלמאָנאָך	Journals/ Newspapers	1	אידישער אַלמאָנאָך	קיעוו													
ORG-C04736	דייטשן קלוב	Theatre	1	דייטשן קלוב	אָדעס		דייטשן קלוב											
ORG-C04737	היברו פּאַבלישינג קאָמפ	Publisher	4	היברו פּאַבלישינג קאָמפ	ניו יארק | ניו-יאָרק | ניו-יאָרק		נ. י.	אַמעריקע | אמעריקע	52 | 465 | 549	0.870 | 0.636 | 0.600	ipa_phonetic | ipa_phonetic | ipa_phonetic	ALIGN	52				Sinai	2026-04-05T17:39:49Z
ORG-C04738	פערדינאַנד לאַסאַל	Education	1	פערדינאַנד לאַסאַל	ווין													
ORG-C04739	שילער טעאַטער	Theatre	1	שילער טעאַטער	בערלין		שילער טעאַטער	דייטשלאַנד	630 | 577 | 627 | 426 | 560	0.833 | 0.692 | 0.692 | 0.692 | 0.667	ipa_phonetic | ipa_phonetic | ipa_phonetic | ipa_phonetic | ipa_phonetic							
ORG-C04740	לעסינג טעאַטער	Theatre	1	לעסינג טעאַטער	בערלין		לעסינג טעאַטער	דייטשלאַנד	124 | 560 | 278 | 168 | 176	0.692 | 0.692 | 0.643 | 0.615 | 0.615	ipa_phonetic | ipa_phonetic | ipa_phonetic | ipa_phonetic | ipa_phonetic							
ORG-C04741	14-טן סטריט-טעאַטער	Theatre	1	14-טן סטריט-טעאַטער					513	0.789	ipa_phonetic							
ORG-C04742	דגל מחנה יהודה	Journals/ Newspapers	1	דגל מחנה יהודה	בוקאַרעסט			רומעניע										
ORG-C04743	אַבענד נייעס	Journals/ Newspapers	1	אַבענד נייעס	לאָנדאָן			ענגלאַנד										
ORG-C04744	ענגליש יודישען פערלאָג	Publisher	1	ענגליש יודישען פערלאָג	לאָנדאָן			ענגלאַנד										
ORG-C04745	אידישען זשורנאָל	Publisher	1	אידישען זשורנאָל	לאָנדאָן			ענגלאַנד	614	0.722	ipa_phonetic							
ORG-C04746	מייעראָוויטש און גאָלדבערגס גאָלד-טעאַטער	Theatre	1	מייעראָוויטש און גאָלדבערגס גאָלד-טעאַטער	ניו יאָרק		גאָלד-טעאַטער											
ORG-C04747	אינטערנאַציאָנאָל טעאַטער פֿון קליינע פֿאַרמעס ביים אַלאוקראַאינישן געווערבישן פֿאַרבאַנד פֿון קאָאָפּעראַציע	Theatre	1	אינטערנאַציאָנאָל טעאַטער פֿון קליינע פֿאַרמעס ביים אַלאוקראַאינישן געווערבישן פֿאַרבאַנד פֿון קאָאָפּעראַציע	אָדעס													
ORG-C04748	רוסישער דראָמאַטישער טרופּע א'א פֿון נ. ק. מילאָסלאָווסקי	Traveling Company	1	רוסישער דראָמאַטישער טרופּע א'א פֿון נ. ק. מילאָסלאָווסקי														
ORG-C04749	משה פינקעלס טרופּע	Traveling Company	2	משה פינקעלס טרופּע			משה פינקעלס טרופּע											
ORG-C04750	קיעווער „פאַראיין פֿון קונסט-טוער“	Theatre-related Society/ Union	1	קיעווער „פאַראיין פֿון קונסט-טוער“	קיעווער													
ORG-C04751	רוסישער אָפּערעטעס- טרופּע פֿון איוואנאָוו-נאָוויקאוו	Traveling Company	1	רוסישער אָפּערעטעס- טרופּע פֿון איוואנאָוו-נאָוויקאוו														
ORG-C04752	האַרלעמער לענאָקס טעאַטער	Theatre	2	האַרלעמער לענאָקס טעאַטער	האַרלעמער | ניו יאָרק		האַרלעמער לענאָקס-טעאַטער											
ORG-C04753	האַמלעט דראַמאָטיק קלוב	Theatre	1	האַמלעט דראַמאָטיק קלוב														
ORG-C04754	יידישער טרופּע פֿון זשיטאָמירסקי	Traveling Company	2	יידישע טרופּע פון זשיטאָמירסקי | יידישער טרופּע פֿון זשיטאָמירסקי	יעקאַטערינאָסלאָוו													
ORG-C04755	רוסישער מוזיקאַלישער שול	Education	1	רוסישער מוזיקאַלישער שול														
ORG-C04756	ריגער רעאַל-שול	Education	1	ריגער רעאַל-שול	ריגע		ריגער רעאַל-שול											
ORG-C04757	קיעווער פּריוואַטער האַנדלס-שול	Education	1	קיעווער פּריוואַטער האַנדלס-שול	קיעוו		קיעווער פּריוואַטער האַנדלס-שול											
ORG-C04758	פֿאָלקאַמבילד	Non-Jewish political bodies	1	פֿאָלקאַמבילד														
ORG-C04759	בראָדוויי-מיוזיק-האָל	Theatre	2	בראָדוויי-מיוזיק-האָל														
ORG-C04760	אָטלאַנטיק-גאָרדען	Theatre	1	אָטלאַנטיק-גאָרדען	ברוקלין		אָטלאַנטיק-גאָרדען	אַמעריקע										
ORG-C04761	אַגעדס וואָדעוויל-הויז	Theatre	2	אַגעדס וואָדעוויל-הויז		82 קלינטאָן סטריט	אַגעדס וואָרעוויל-הויז											
ORG-C04762	אינדעפּענדענס האָל	Theatre	1	אינדעפּענדענס האָל	ניו יאָרק		אינדעפּענדענס האָל	אַמעריקע										
ORG-C04763	טעאָטער „אונזער ווינקל“	Theatre	1	טעאָטער „אונזער ווינקל“	מינסק		טעאָטער „אונזער ווינקל“											
ORG-C04764	ווייסרוסישן מוזיי (יידישע אָפּטיילונג)	Heritage Institution	1	ווייסרוסישן מוזיי (יידישע אָפּטיילונג)														
ORG-C04765	טרופּע פֿון טאַנצמאָן-ספּיוואָקאָווסקי	Traveling Company	1	טרופּע פֿון טאַנצמאָן-ספּיוואָקאָווסקי														
ORG-C04766	כאָפּ-שפּילן	Traveling Company	1	כאָפּ-שפּילן			פּראָווינץ											
ORG-C04767	יידישע פֿאַרשטעלונגען אין גאָרטן „לעשניטשוווקאַ“	Theatre	1	יידישע פֿאַרשטעלונגען אין גאָרטן „לעשניטשוווקאַ“	לאָדזש		גאָרטן „לעשניטשוווקאַ“											
ORG-C04768	אַרבייטער צייטונג	Journals/ Newspapers	8	אַרבייטער צייטונג | די אַרבייטער צייטונג | דיאָ אַרבייטער צייטונג	ניו יאָרק | ניו-יאָרק			אַמעריקע	81 | 347	1.000 | 0.600	exact | ipa_phonetic	ALIGN	81				Bella	2026-05-04T09:08:12Z
ORG-C04769	ערשטן יידישן סאַציאָלרעוואָלוציאָנערן קרייזל	Jewish political bodies	1	ערשטן יידישן סאַציאָלרעוואָלוציאָנערן קרייזל														
ORG-C04770	ניו-יאָרקער סאַציאָליסטן	Non-Jewish political bodies	1	ניו-יאָרקער סאַציאָליסטן	ניו יאָרק													
ORG-C04771	אינטערנאַציאָנאַלן סאַציאָליסטישן קאָנגרעס	Non-Jewish political bodies	1	אינטערנאַציאָנאַלן סאַציאָליסטישן קאָנגרעס	פאַריז													
ORG-C04772	דער פֿירער	Journals/ Newspapers	1	דער פֿירער														
ORG-C04773	מיללערס וואָכענשריפט	Journals/ Newspapers	1	מיללערס וואָכענשריפט														
ORG-C04774	די נייע וואַרהייט	Journals/ Newspapers	1	די נייע וואַרהייט					463	0.667	ipa_phonetic							
ORG-C04775	אַדלערס דואי-טעאַטער	Theatre	1	אַדלערס דואי-טעאַטער					604 | 509	0.632 | 0.611	ipa_phonetic | ipa_phonetic							
ORG-C04776	וואָרהייט פובלישינג קאָמפּאָני	Publisher	1	וואָרהייט פובלישינג קאָמפּאָני					549 | 52 | 465	0.720 | 0.680 | 0.680	ipa_phonetic | ipa_phonetic | ipa_phonetic							
ORG-C04777	זוויהילער ישיבה	Education	1	זוויהילער ישיבה														
ORG-C04778	ליטעראַריש-אַרטיסטישן קרייז	Theatre	1	ליטעראַריש-אַרטיסטישן קרייז	וואַרשע	קופּיעצקאַ גאַס	פּריוואַטער וואוינונג											
ORG-C04779	אָרגאַן פֿון פּראָפעסיאנעלן יידישן אַרטיסטפאַראיין	Journals/ Newspapers	1	אָרגאַן פֿון פּראָפעסיאנעלן יידישן אַרטיסטפאַראיין														
ORG-C04780	קייזערלעכער מוזיקאַלישער שול	Education	1	קייזערלעכער מוזיקאַלישער שול														
ORG-C04781	געזעלשאַפט פאַר יידישער פאלק-מוזיק	Musical organization	1	געזעלשאַפט פאַר יידישער פאלק-מוזיק	לייפציג													
ORG-C04782	מלוכה-פילהאַרמאָניע	Theatre	1	מלוכה-פילהאַרמאָניע					517 | 479	0.667 | 0.632	ipa_phonetic | ipa_phonetic							
ORG-C04783	גרויסן דראַמאַטישן טעאַטער	Theatre	1	גרויסן דראַמאַטישן טעאַטער	פּעטערבורג													
ORG-C04784	קולטור-פאַרלאָג	Publisher	1	קולטור-פאַרלאָג	קיעוו													
ORG-C04785	אוניווערזאַל עדישאָן	Publisher	1	אוניווערזאַל עדישאָן	בערלין													
ORG-C04786	מוזסעקטאָר	Publisher	1	מוזסעקטאָר	מאָסקווע													
ORG-C04787	אוקראַאינישער מלוכה- פאַרלאָג	Publisher	1	אוקראַאינישער מלוכה- פאַרלאָג	כאַרקאָוו													
ORG-C04788	שטאָט-חזן ר' משה באָס	Musical organization	1	שטאָט-חזן ר' משה באָס	ביאַליסטאָק													
ORG-C04789	קאַמינסקיס פאַרשטעלונגען	Traveling Company	1	קאַמינסקיס פאַרשטעלונגען	ביאַליסטאָק													
ORG-C04790	ברוקלינער גאָלד-טעאַטער	Theatre	1	ברוקלינער גאָלד-טעאַטער	ברוקלינער		ברוקלינער גאָלד-טעאַטער											
ORG-C04791	אהבת ציון	Jewish political bodies	1	אהבת ציון	בערלין			דייטשלאַנד										
ORG-C04792	י. ל. פרץ-פאַראיין	Theatre-related Society/ Union	1	י. ל. פרץ-פאַראיין														
ORG-C04793	מיניקעס יום-טוב בלעטער	Journals/ Newspapers	2	מיניקעס יום-טוב בלעטער														
ORG-C04794	ראָט פֿון די טעאַטער-אָנגעשטעלטע	Theatre-related Society/ Union	1	ראָט פֿון די טעאַטער-אָנגעשטעלטע														
ORG-C04795	ביל'ו	Jewish political bodies	1	ביל'ו	ארץ-ישראל													
ORG-C04796	די דראַמאָווישע וועלט	Journals/ Newspapers	2	די דראַמאָווישע וועלט | די דראָמאַטישע וועלט														
ORG-C04797	לאָנדאָן-טעאַטער	Theatre	3	לאַנדאָ-טעאַטער | לאָנדאָן-טעאַטער	פּיטסבורג		לאַנדאָ-טעאַטער		526 | 520 | 552 | 252 | 528	0.846 | 0.786 | 0.769 | 0.692 | 0.692	ipa_phonetic | ipa_phonetic | ipa_phonetic | ipa_phonetic | ipa_phonetic	NEW	640				Sinai	2026-05-18T04:59:35Z
ORG-C04798	יידישער העראָלד	Journals/ Newspapers	1	יידישער העראָלד					461	1.000	exact	ALIGN	461				Bella	2026-04-19T08:05:02Z
ORG-C04799	טרופּע צו אַדאָלף מעלצער	Traveling Company	1	טרופּע צו אַדאָלף מעלצער	קראָקע													
ORG-C04800	פּרץ-פאַראיין	Trade Union / Professional Association	1	פּרץ-פאַראיין	דאַנציג													
ORG-C04801	אינטימען קונסט-טעאַטער	Theatre	1	אינטימען קונסט-טעאַטער														
ORG-C04802	מייערכאָלד	Theatre	1	מייערכאָלד														
ORG-C04803	ישיבות פֿון גראָדנע און לאָמזשע	Education	1	ישיבות פֿון גראָדנע און לאָמזשע	גראָדנע							SPLIT		Cluster refers to multiple distinct institutions (Yeshivas of Grodno and Lomza) mentioned together in a single string.			auto_drafter	2026-05-17T17:07:26Z
ORG-C04804	העברעיש. פּוילישער שול	Education	1	העברעיש. פּוילישער שול	קראָקע		העברעיש. פּוילישער שול											
ORG-C04805	פֿאַרלאָג פֿון א. גיטלין	Publisher	2	פֿאַרלאָג פֿון א. גיטלין	וואַרשע													
ORG-C04806	פֿאַר גרויס און קליין	Journals/ Newspapers	1	פֿאַר גרויס און קליין														
ORG-C04807	זשיראַרד-טעאַטער	Theatre	1	זשיראַרד-טעאַטער	פֿילאָדעלפֿיע		זשיראַרד-טעאַטער		176 | 528 | 529 | 552 | 600	0.692 | 0.692 | 0.692 | 0.692 | 0.692	ipa_phonetic | ipa_phonetic | ipa_phonetic | ipa_phonetic | ipa_phonetic							
ORG-C04808	דראַמקרייז ביים יידישן אַרבעטער קולטור קלוב	Traveling Company	1	דראַמקרייז ביים יידישן אַרבעטער קולטור קלוב	טאָראַָטאָ		יידישן אַרבעטער קולטור קלוב	קאַנאַדע										
ORG-C04809	מאָריס נאָוויקאָווס טרופּע	Traveling Company	1	מאָריס נאָוויקאָווס טרופּע	טאָׁראָנטאָ													
ORG-C04810	דער ייד	Journals/ Newspapers	1	דער ייד					219	0.714	ipa_phonetic							
ORG-C04811	רוסישע שטאָטיישע שול	Education	1	רוסישע שטאָטיישע שול														
ORG-C04812	רוסישאוקראַאינישע טרופּעס פֿון א. ס-סלאָוו, ד. היידעמאַקו, טשערנאָוו און סוכאָדאָלסקי	Traveling Company	1	רוסישאוקראַאינישע טרופּעס פֿון א. ס-סלאָוו, ד. היידעמאַקו, טשערנאָוו און סוכאָדאָלסקי														
ORG-C04813	קאָלומביאַ	Publisher	1	קאָלומביאַ														
ORG-C04814	וויקטאָר קאָמפּ	Publisher	1	וויקטאָר קאָמפּ														
ORG-C04815	בּראָנקס-קונסט-טעאַטער	Theatre	1	בּראָנקס-קונסט-טעאַטער	ניו יאָרק		בּראָנקס-קונסט-טעאַטער	אַמעריקע										
ORG-C04816	באַוועגלעכן קאָלעקטיוו א'א פֿון ווייסמאַן און ליבערט	Traveling Company	1	באַוועגלעכן קאָלעקטיוו א'א פֿון ווייסמאַן און ליבערט			קאַווקאַז און גרוזיע											
ORG-C04817	אַרטיקער אַרבעטער-סטודיע ביים צענטראָלן יידישן קולטור-הויז	Theatre	1	אַרטיקער אַרבעטער-סטודיע ביים צענטראָלן יידישן קולטור-הויז	טיפליס													
ORG-C04818	ראַטפּאָלקאָט פֿון דער אוקראַאינישער ראַטנרעפּובליק	Non-Jewish political bodies	1	ראַטפּאָלקאָט פֿון דער אוקראַאינישער ראַטנרעפּובליק														
ORG-C04819	קיעווער טעאַטער-סטודיע „קולטור-ליגע“	Theatre education	1	קיעווער טעאַטער-סטודיע „קולטור-ליגע“	קיעוו		קיעווער											
ORG-C04820	פֿאַרלאַג „ליטעראַטור אין קונסט“	Publisher	1	פֿאַרלאַג „ליטעראַטור אין קונסט“	כאַרקאָוו													
ORG-C04821	ביעלאַצערקאָווער טעאַטראַלער סטודיע „רויטע בליטן“	Education	1	ביעלאַצערקאָווער טעאַטראַלער סטודיע „רויטע בליטן“	ביעלאַצערקאָוו		ביעלאַצערקאָווער											
ORG-C04822	אָדעסער סטודיע	Education	1	אָדעסער סטודיע	אָדעס													
ORG-C04823	מאָסקווער יידישן מלוכהשן טעאָטער	Theatre	1	מאָסקווער יידישן מלוכהשן טעאָטער					543 | 535 | 501 | 505 | 472	0.862 | 0.800 | 0.793 | 0.793 | 0.759	ipa_phonetic | ipa_phonetic | ipa_phonetic | ipa_phonetic | ipa_phonetic	ALIGN	543				Bella	2026-05-03T07:41:21Z
ORG-C04824	עברי אנכי	Journals/ Newspapers	2	עברי אנכי	בראָדי			גאַליציע										
ORG-C04825	הויפן פון „גוטע יידן“	Religious institutions/organizations	1	הויפן פון „גוטע יידן“														
ORG-C04826	פּוילישן אַרטיסטן פאַראיין	Theatre-related Society/ Union	1	פּוילישן אַרטיסטן פאַראיין														
ORG-C04827	בענדינער ישיבה	Education	1	בענדינער ישיבה	בענדין			פּוילן										
ORG-C04828	וואַרשעווער יידישער דראַמאַטישער שול	Education	1	וואַרשעווער יידישער דראַמאַטישער שול	וואַרשע													
ORG-C04829	זיבעל און שילינג	Traveling Company	1	זיבעל און שילינג	ווין													
ORG-C04830	"טעאַטער „סטעפאַניע"""	Theatre	1	"טעאַטער „סטעפאַניע"""	ווין				580	0.647	ipa_phonetic							
ORG-C04831	מעטראָפּאָליטאָן זינגער-האָל	Theatre	4	מעטראָפּאָליטאָן זינגער-האָל	בראַנזווייל | בראַנזוויל		מעטראָפּאָליטאָן זינגער-האָל | מעטראָפּאָליטאָן זינגערהאָל | מעטראָפּאָליטאָן סינגער-האָל | מעטראָפּאָליטאָן-סינגער-האָל	אַמעריקע										
ORG-C04832	פישזאָן-ספּיוואַקאָווסקי	Traveling Company	5	טרופּע פֿון פישזאָן-ספּיוואַקאָווסקי | פישזאָן-ספּיוואַקאָווסקי | פישזאָן-ספּיוואָקאָווסקיס טרופּע	וואַרשע													
ORG-C04833	אַברהם גאָלדפאַדעןס טרופּע	Traveling Company	6	אַברהם גאָלדפאַדעןס טרופּע | אַברהם גאָלדפֿאַדען | אברהם גאָלדפֿאַדנס טרופּע | טרופּע פֿון אַברהם גאָלדפאָדן	אָדעס | בוקאַרעסט | ענגלאַנד		רומעניע	רומעניע	345 | 492	0.773 | 0.727	ipa_phonetic | ipa_phonetic	ALIGN	42				Bella	2026-05-03T08:50:19Z
ORG-C04834	ענגלישן וואָדעווייל	Theatre	3	ענגלישן וואָדעווייל				אַמעריקע										
ORG-C04835	גאונס קלויז	Education	1	גאונס קלויז	ווילנע		גאונס קלויז											
ORG-C04836	חברת ציון	Theatre	1	חברת ציון	מאַנטשעסטער			ענגלאַנד										
ORG-C04837	בערדיטשעווער אַרבעטערקלוב אויפֿן נאָמען פֿון ח' לאָזאָווסקי	Theatre	1	בערדיטשעווער אַרבעטערקלוב אויפֿן נאָמען פֿון ח' לאָזאָווסקי	בערדיטשעוו		בערדיטשעווער אַרבעטערקלוב											
ORG-C04838	קאָמוניסט	Theatre	1	קאָמוניסט	מאָסקווע		"יידישן אַרבעטער-קלוב „קאָמוניסט"""											
ORG-C04839	3-טער אינטערנאַציצנאָל	Theatre	1	3-טער אינטערנאַציצנאָל	כאַרקאָוו		כאַרקאָווער קלוב											
ORG-C04840	רויטע בליטן	Theatre	1	רויטע בליטן	ביעלאַ-צערקאָוו		"סטודיע „רויטע בליטן"""											
ORG-C04841	יידישער שלום-עליכם-אָוונט שול	Education	1	יידישער שלום-עליכם-אָוונט שול	ריגע		יידישער שלום-עליכם-אָוונט שול											
ORG-C04842	ևօմթհձճթ-ձրւքե	Traveling Company	1	ևօմթհձճթ-ձրւքե				քւյՠհ										
ORG-C04843	ձրւքեձ ֒ւհ ՠթքօւրձճթ	Traveling Company	1	ձրւքեձ ֒ւհ ՠթքօւրձճթ														
ORG-C04844	գեհ֒եր	Traveling Company	1	գեհ֒եր														
ORG-C04845	גימאַזיע	Education	1	גימאַזיע	כאַרקאָוו													
ORG-C04846	כאַרקאָווער טאַנץ-שול	Education	1	כאַרקאָווער טאַנץ-שול	כאַרקאָוו													
ORG-C04847	כאַרקאָווער פאָלקס-הויז	Theatre	1	כאַרקאָווער פאָלקס-הויז	כאַרקאָוו		פאָלקס-הויז											
ORG-C04848	כאַרקאַווער מלוכה-אָפּערע	Theatre	1	כאַרקאַווער מלוכה-אָפּערע	כאַרקאַוו		מלוכה-אָפּערע											
ORG-C04849	כאַרקאָווער מלוכהשן קינדער-טעאַטער	Theatre	1	כאַרקאָווער מלוכהשן קינדער-טעאַטער	כאַרקאָוו		מלוכהשן קינדער-טעאַטער		478	0.600	ipa_phonetic							
ORG-C04850	ווינער יידישן סטעפאַניי-טעאַטער	Theatre	1	ווינער יידישן סטעפאַניי-טעאַטער	ווין			עסטרייך	541 | 571 | 624 | 536 | 494	0.714 | 0.714 | 0.714 | 0.679 | 0.643	ipa_phonetic | ipa_phonetic | ipa_phonetic | ipa_phonetic | ipa_phonetic							
ORG-C04851	פֿאַראַלג פ'ג בזשאָזאַ	Publisher	1	פֿאַראַלג פ'ג בזשאָזאַ	וואַרשע			פּוילן										
ORG-C04852	האור	Theatre	1	האור			טשעכאָסלאָוואַקייע	טשעכאָסלאָוואַקייע	267	0.750	ipa_phonetic							
ORG-C04853	קאָמערשפּילע	Theatre	1	קאָמערשפּילע	ווין													
ORG-C04854	פּראָווינציעלער חבריםטרופּע א'ל פֿון פ. באַריץ	Traveling Company	1	פּראָווינציעלער חבריםטרופּע א'ל פֿון פ. באַריץ														
ORG-C04855	"נאַציאָנאָלן פֿאַראיין „קדימה"""	Jewish political bodies	1	"נאַציאָנאָלן פֿאַראיין „קדימה"""	לאָנדאָן													
ORG-C04856	די נאציאָנאַלע שטימע	Journals/ Newspapers	1	די נאציאָנאַלע שטימע														
ORG-C04857	ניו יאָרקער רומעניע אָפּערע הויז	Theatre	2	ניו יאָרקער רומעניע אָפּערע הויז	ניו יאָרק		ניויאָרקער רומעניע-אָפּערע-הויז	אַמעריקע										
ORG-C04858	יידישער דראַמאַטורגען ליג	Theatre-related Society/ Union	1	יידישער דראַמאַטורגען ליג														
ORG-C04859	פּראָפעסיאנעלער יידישער טרופּע פֿון קאָניעווסקי	Traveling Company	1	פּראָפעסיאנעלער יידישער טרופּע פֿון קאָניעווסקי														
ORG-C04860	"יעקאַטערינאָסלאַווער פֿאַראיין פֿון ""סצענישע קונסט-טוער"""	Theatre-related Society/ Union	1	"יעקאַטערינאָסלאַווער פֿאַראיין פֿון ""סצענישע קונסט-טוער"""	יעקאַטערינאָסלאַוו													
ORG-C04861	קאָלעקטיוו פֿון יוגנט-אַרטיסטן	Traveling Company	1	קאָלעקטיוו פֿון יוגנט-אַרטיסטן	באַקו													
ORG-C04862	טרופּע א'ד פֿון זשיטאָמירסקי	Traveling Company	1	טרופּע א'ד פֿון זשיטאָמירסקי														
ORG-C04863	אַרבעטער-קלוב פֿון קוסטאַרן	Theatre-related Society/ Union	1	אַרבעטער-קלוב פֿון קוסטאַרן	זשיטאָמיר													
ORG-C04864	פרייע בינע	Traveling Company	1	פרייע בינע														
ORG-C04865	יעקב גערטנער אין שיקאַגאָ	Theatre	1	יעקב גערטנער אין שיקאַגאָ	שיקאַגאָ													
ORG-C04866	שיקאַגער ראָמ. געזעלשאַפט	Theatre	1	שיקאַגער ראָמ. געזעלשאַפט					607	0.618	ipa_phonetic							
ORG-C04867	זשורנאָל „שייקאַגאָ“	Journals/ Newspapers	1	זשורנאָל „שייקאַגאָ“														
ORG-C04868	"ניו-יאָרקער „אונזער פאָלק"""	Journals/ Newspapers	1	"ניו-יאָרקער „אונזער פאָלק"""														
ORG-C04869	"„איזראָעליטישער פאָלקסקאַלענדאָר"""	Journals/ Newspapers	1	"„איזראָעליטישער פאָלקסקאַלענדאָר"""														
ORG-C04870	בונדישער אַרגאַניזאַציע	Jewish political bodies	1	בונדישער אַרגאַניזאַציע														
ORG-C04871	יאָהרבוך פּראָגרעס	Journals/ Newspapers	1	יאָהרבוך פּראָגרעס														
ORG-C04872	וויסנשאַפט	Publisher	1	וויסנשאַפט	יעקאַטערינאָסלאַוו													
ORG-C04873	3-קלאַסיקער קרוינישער שול ביים ווילנער יידישן לערעראינסטיטוט	Education	1	3-קלאַסיקער קרוינישער שול ביים ווילנער יידישן לערעראינסטיטוט	ווילנע													
ORG-C04874	קאַצענעלבויגעןס שול	Education	1	קאַצענעלבויגעןס שול	ווילנע													
ORG-C04875	סטראַשון-ביבליאָטעק	Library	1	סטראַשון-ביבליאָטעק	ווילנע							NEW	652				Sinai	2026-05-18T05:17:11Z
ORG-C04876	פֿרייבורגער אוניווערזיטעט	Education	1	פֿרייבורגער אוניווערזיטעט					487 | 561 | 588 | 589 | 585	0.652 | 0.652 | 0.652 | 0.652 | 0.609	ipa_phonetic | ipa_phonetic | ipa_phonetic | ipa_phonetic | ipa_phonetic							
ORG-C04877	וועלט פֿאַרבאַנד פּועלי ציון	Jewish political bodies	1	וועלט פֿאַרבאַנד פּועלי ציון														
ORG-C04878	נייע וועלט-עמעס	Journals/ Newspapers	1	נייע וועלט-עמעס														
ORG-C04879	קונסטפֿריינד	Journals/ Newspapers	1	קונסטפֿריינד					306	0.727	ipa_phonetic	NEW	642				Sinai	2026-05-18T05:02:27Z
ORG-C04880	טעגלייכע וועלט	Journals/ Newspapers	1	טעגלייכע וועלט														
ORG-C04881	דראַמסטודיע ביים טעאַטער אַרטעף	Education	1	דראַמסטודיע ביים טעאַטער אַרטעף														
ORG-C04882	מעטראָפּאָליטאָן לייף אינשורענס קאָמפּאָני	Business	1	מעטראָפּאָליטאָן לייף אינשורענס קאָמפּאָני														
ORG-C04883	אָדעסער תלמוד-תורה א'אַ פֿון מענדעלע מוכר ספרים און מ. קליינמאַן	Education	1	אָדעסער תלמוד-תורה א'אַ פֿון מענדעלע מוכר ספרים און מ. קליינמאַן	אָדעס		אָדעסער תלמוד-תורה	אוקראַאינע										
ORG-C04884	טרופּעס פֿון קאָמינסקי, גענפער, ליפּאָווסקי, ראַפּעל און שאַראַוונער	Traveling Company	1	טרופּעס פֿון קאָמינסקי, גענפער, ליפּאָווסקי, ראַפּעל און שאַראַוונער								SPLIT		Cluster name lists multiple distinct troupes (Kaminski, Genfer, Lipovski, Rappel, Sharavner) which should be individual entities.			auto_drafter	2026-05-17T17:07:26Z
ORG-C04885	ערשטן אַרבעטער-קינדער-טעאַטער אין אָרגענטינע	Theatre	1	ערשטן אַרבעטער-קינדער-טעאַטער אין אָרגענטינע				אַרגענטינע										
ORG-C04886	"אַרבעטער-טעאַטער-סטודיע ביים אַרבעטער-קלוב „ספּאַרטאַק"""	Theatre	1	"אַרבעטער-טעאַטער-סטודיע ביים אַרבעטער-קלוב „ספּאַרטאַק"""	בוענאָס איירעס		"אַרבעטער-קלוב „ספּאַרטאַק"""	אַרגענטינע										
ORG-C04887	ערשטן יידישן וואָדעוויל-טעאַטער פֿון יונה ספּיוואָק	Theatre	1	ערשטן יידישן וואָדעוויל-טעאַטער פֿון יונה ספּיוואָק														
ORG-C04888	נאַגערס קאָמעדיען-טעאַטער	Theatre	1	נאַגערס קאָמעדיען-טעאַטער	פאַריז			פֿראַנקרייך										
ORG-C04889	דער בלאָפער	Journals/ Newspapers	2	דער בלאָפער	לאָנדאָן			ענגלאַנד										
ORG-C04890	פּעריגען-טעאַטער	Theatre	1	פּעריגען-טעאַטער	לאָנדאָן		פּעריגען-טעאַטער	ענגלאַנד	622 | 122 | 630 | 124 | 176	1.000 | 0.714 | 0.714 | 0.643 | 0.643	exact | ipa_phonetic | ipa_phonetic | ipa_phonetic | ipa_phonetic	ALIGN	622				Sinai	2026-05-17T15:24:01Z
ORG-C04891	טרופּע א'א פֿון מרים טרילינג און קאַזשדאַן	Traveling Company	1	טרופּע א'א פֿון מרים טרילינג און קאַזשדאַן														
ORG-C04892	קאַזשדאַןס טרופּע	Traveling Company	1	קאַזשדאַןס טרופּע	באַקו				325 | 485 | 521 | 330 | 469	0.692 | 0.647 | 0.643 | 0.643 | 0.615	ipa_phonetic | ipa_phonetic | ipa_phonetic | ipa_phonetic | ipa_phonetic							
ORG-C04893	קאָלעקטיוו א'א פֿון מנחם רובין	Traveling Company	1	קאָלעקטיוו א'א פֿון מנחם רובין														
ORG-C04894	דער טעגלישער העראָלד	Journals/ Newspapers	1	דער טעגלישער העראָלד					603 | 461	0.900 | 0.800	ipa_phonetic | ipa_phonetic	ALIGN	461				Bella	2026-04-19T08:01:35Z
ORG-C04895	נאַקינקאַ	Business	1	נאַקינקאַ														
ORG-C04896	פֿ'ג מייזעל	Publisher	1	פֿ'ג מייזעל	ניו יאָרק													
ORG-C04897	פֿ'ג פֿון ב. קלעצקין	Publisher	1	פֿ'ג פֿון ב. קלעצקין	ווילנע													
ORG-C04898	וואַשינגטאָן אוירווינג האָי-סקול	Education	2	וואַשינגטאָן אוירווינג האָי-סקול	וואַשינגטאָן			אַמעריקע										
ORG-C04899	קאַלעדזש	Education	3	קאַלעדזש | קאָלעדזש אין שיקאַגאָ	שיקאַגאָ													
ORG-C04900	נייבאַהורד פּלייהאָוז	Theatre	1	נייבאַהורד פּלייהאָוז														
ORG-C04901	פּראָווינסטאַן פלייערס	Traveling Company	1	פּראָווינסטאַן פלייערס														
ORG-C04902	וואַשינגטאָן סקווער פּלייערס	Traveling Company	1	וואַשינגטאָן סקווער פּלייערס														
ORG-C04903	איסט-וועסט-פּלייערס	Traveling Company	1	איסט-וועסט-פּלייערס														
ORG-C04904	בּין גרייט שעקספּיריען פלייערס	Traveling Company	1	בּין גרייט שעקספּיריען פלייערס														
ORG-C04905	אַרטור האָפּקינסעס ענגלישער טרופּע	Traveling Company	1	אַרטור האָפּקינסעס ענגלישער טרופּע	ניו יאָרק													
ORG-C04906	מינעסאַטער אוניווערזיטעט	Education	1	מינעסאַטער אוניווערזיטעט					588 | 590 | 595 | 487 | 561	0.727 | 0.682 | 0.682 | 0.636 | 0.636	ipa_phonetic | ipa_phonetic | ipa_phonetic | ipa_phonetic | ipa_phonetic							
ORG-C04907	מאַרעניאָףס טרופּע	Traveling Company	1	מאַרעניאָףס טרופּע					559 | 566 | 330 | 582 | 337	0.733 | 0.667 | 0.667 | 0.625 | 0.625	ipa_phonetic | ipa_phonetic | ipa_phonetic | ipa_phonetic | ipa_phonetic							
ORG-C04908	פּאָי-טעאַטער	Theatre	1	פּאָי-טעאַטער	באָלטימאָר				600 | 122 | 557 | 616 | 123	0.818 | 0.750 | 0.750 | 0.750 | 0.727	ipa_phonetic | ipa_phonetic | ipa_phonetic | ipa_phonetic | ipa_phonetic							
ORG-C04909	איטשעס ישיבה	Education	1	איטשעס ישיבה	וואַרשע													
ORG-C04910	יידישער סאָציאַליסטישער באַוועגונג	Jewish political bodies	1	יידישער סאָציאַליסטישער באַוועגונג														
ORG-C04911	יידישן באַגאַטעלאַ-טעאַטער	Theatre	1	יידישן באַגאַטעלאַ-טעאַטער	וואַרשע				480	0.682	ipa_phonetic							
ORG-C04912	זשאָרזש בעקערס פּראָווינץ-טרופּע	Traveling Company	1	זשאָרזש בעקערס פּראָווינץ-טרופּע														
ORG-C04913	ניו יאָרקער ליבערטי-טעאַטער	Theatre	1	ניו יאָרקער ליבערטי-טעאַטער	ניו יאָרק				615	0.633	ipa_phonetic							
ORG-C04914	פאַרלאָג און בוכהאַנדלונג ת. יאָקובסאָן, מ. גאָלדבערג	Publisher	1	פאַרלאָג און בוכהאַנדלונג ת. יאָקובסאָן, מ. גאָלדבערג	וואַרשע													
ORG-C04915	יעקאַטערינאָסלאָווער זומער-טעאַטער „אָבטשעסטוועננאַיע סאָבראניע“	Theatre	1	יעקאַטערינאָסלאָווער זומער-טעאַטער „אָבטשעסטוועננאַיע סאָבראניע“	יעקאַטערינאָסלאָוו													
ORG-C04916	מייזלערס רעאַל-גימנאַזיע	Education	1	מייזלערס רעאַל-גימנאַזיע	וואַרשע		מייזלערס רעאַל-גימנאַזיע	פּוילן										
ORG-C04917	ייִדישן טעאטער ביי קאָמינסקין	Theatre	1	ייִדישן טעאטער ביי קאָמינסקין	וואַרשע		ייִדישן טעאטער ביי קאָמינסקין	פּוילן										
ORG-C04918	ברודערס (פּאָול) טרופּע	Traveling Company	1	ברודערס (פּאָול) טרופּע				רומעניע										
ORG-C04919	פּריביאגאס רעוויסטאַ	Traveling Company	1	פּריביאגאס רעוויסטאַ														
ORG-C04920	סאָוויעטישן מלוכה-טעאַטער	Theatre	1	סאָוויעטישן מלוכה-טעאַטער	באָברויסק				605 | 618 | 619 | 550 | 505	1.000 | 0.818 | 0.818 | 0.800 | 0.720	exact | ipa_phonetic | ipa_phonetic | fuzzy | ipa_phonetic	NEW	605				Bella	2026-05-15T09:07:26Z
ORG-C04921	קאָמפּאַניעעץ און צעלמייסטער	Traveling Company	1	קאָמפּאַניעעץ און צעלמייסטער	וואַרשע													
ORG-C04922	אָפּערעטעס טרופּע קאַניעווסקאַ-ברייטמאַן	Traveling Company	1	אָפּערעטעס טרופּע קאַניעווסקאַ-ברייטמאַן														
ORG-C04923	ווילהעלם לאַנדויס באַנק	Business	1	ווילהעלם לאַנדויס באַנק														
ORG-C04924	טרופּע גוזיק-סאָבסיי	Traveling Company	1	טרופּע גוזיק-סאָבסיי	ווילנע													
ORG-C04925	כאָר פֿון אברהם גאָלדפאַדען	Musical organization	1	כאָר פֿון אברהם גאָלדפאַדען														
ORG-C04926	בראָדסקיס סינאָגאַגע	Religious institutions/organizations	1	בראָדסקיס סינאָגאַגע	קיעוו		בראָדסקיס סינאָגאַגע											
ORG-C04927	יאָנג מענס דראַמאַטישער קלאָב	Traveling Company	1	יאָנג מענס דראַמאַטישער קלאָב	שיקאַגע		יאָנג מענס דראַמאַטישער קלאָב											
ORG-C04928	בערנשטייןס יידישן וואָדעווייל	Theatre	1	בערנשטייןס יידישן וואָדעווייל	קליוולאַנד		בערנשטייןס יידישן וואָדעווייל											
ORG-C04929	עלדריטשסטריט-מיוזיק-האָל	Theatre	1	עלדריטשסטריט-מיוזיק-האָל	ניו יאָרק		עלדריטשסטריט-מיוזיק-האָל											
ORG-C04930	דענווער ליריק-טעאַטער	Theatre	1	דענווער ליריק-טעאַטער	דענווער		דענווער ליריק-טעאַטער		176 | 472	0.632 | 0.600	ipa_phonetic | ipa_phonetic							
ORG-C04931	באַסטאָנער יידישן טעאַטער	Theatre	4	באַסטאָנער יידישן טעאַטער | באָסטאָנע יידישן טעאַטער | באָסטאָנער יידישן טעאַטער	באַסטאָן | באָסטאָן		באָסטאַנער יידישן טעאַטער | באָסטאָנע יידישן טעאַטער | באָסטאָנער יידישן טעאַטער		575 | 472 | 500 | 609 | 565	0.818 | 0.773 | 0.727 | 0.682 | 0.679	ipa_phonetic | ipa_phonetic | ipa_phonetic | ipa_phonetic | ipa_phonetic	NEW	658				Sinai	2026-05-18T10:04:25Z
ORG-C04932	י. ב. גימפּעל	Theatre	1	י. ב. גימפּעל	לעמבערג													
ORG-C04933	לואיס גאָלדבערג	Traveling Company	1	לואיס גאָלדבערג	ניו יאָרק													
ORG-C04934	לערמאַן, מייערסאָן, רובין	Traveling Company	1	לערמאַן, מייערסאָן, רובין	ריגע													
ORG-C04935	בערמאַן און גראָסמאַן	Traveling Company	1	בערמאַן און גראָסמאַן	קיעוו													
ORG-C04936	יידישן אַרבעטער-הויז	Theatre	1	יידישן אַרבעטער-הויז	טאַשקענט		יידישן אַרבעטער-הויז		480	0.650	ipa_phonetic							
ORG-C04937	ניו יאָרקער פֿאָלקס-טעאַטער	Theatre	8	ניו יאָרקער פאָלקס-טעאַטער | ניו יאָרקער פֿאָלקס-טעאַטער	ניו יאָרק | ניו-יאָרק		ניו יאָרקער פֿאָלקס-טעאַטער | ניו יאָרקער פאָלקס-טעאַטער | ניו יאָרקער פֿאָלקס-טעאַטער | פֿאָלקס-טעאַטער		615 | 608 | 494	0.767 | 0.609 | 0.600	ipa_phonetic | ipa_phonetic | ipa_phonetic							
ORG-C04938	טעמפּל א'ל	Musical organization	1	טעמפּל א'ל	ווין		טעמפּל א'ל	עסטרייך										
ORG-C04939	סלאָנימער ישיבה	Education	2	סלאָנימער ישיבה	סלאָנים													
ORG-C04940	ליטערארישדראַמאַטישן קרייז א'אַ פון י. פּיראָזשניקאָוו	Theatre	1	ליטערארישדראַמאַטישן קרייז א'אַ פון י. פּיראָזשניקאָוו	ווילנע													
ORG-C04941	ניו יאָרקער קונסט-טעאַטער	Theatre	1	ניו יאָרקער קונסט-טעאַטער	ניו יאָרק			אַמעריקע	615	0.633	ipa_phonetic							
ORG-C04942	ב. קלעצקין	Publisher	3	ב. קלעצקין	ווילנע		ווילנער | ווילנער פֿאַרלאַג פֿון ב. קלעצקין											
ORG-C04943	„אוהל“	Education	1	„אוהל“	אָרץ-ישראל													
ORG-C04944	תיאטרון אָרץ ישראלי	Theatre	1	תיאטרון אָרץ ישראלי	אָרץ-ישראל													
ORG-C04945	„ראָוונער וואָכנבלאַט“	Journals/ Newspapers	1	„ראָוונער וואָכנבלאַט“	ראָוונע													
ORG-C04946	קונסט-סטודיע פֿון אַלעקסאַנדער מוראַשקאָ	Education	1	קונסט-סטודיע פֿון אַלעקסאַנדער מוראַשקאָ	קיעוו		קונסט-סטודיע פֿון אַלעקסאַנדער מוראַשקאָ											
ORG-C04947	קיעווער רוסישן קינדער-טעאַטער	Theatre	1	קיעווער רוסישן קינדער-טעאַטער	קיעוו		קיעווער רוסישן קינדער-טעאַטער		515	0.630	ipa_phonetic							
ORG-C04948	סטודיע ביים סאָלאָווצאָוו-טעאַטער	Education	1	סטודיע ביים סאָלאָווצאָוו-טעאַטער	קיעוו		סטודיע ביים סאָלאָווצאָוו-טעאַטער											
ORG-C04949	רוסישער קאָמערץ-שול	Education	1	רוסישער קאָמערץ-שול	קיעוו		רוסישער קאָמערץ-שול											
ORG-C04950	רוסישן טעאַטער פאַר דער רויטער אַרמעע	Theatre	1	רוסישן טעאַטער פאַר דער רויטער אַרמעע			רוסישן טעאַטער פאַר דער רויטער אַרמעע											
ORG-C04951	קיעווער דראַמסטודיע ביי דער „קולטורליגע“	Education	1	קיעווער דראַמסטודיע ביי דער „קולטורליגע“	קיעוו		קיעווער דראַמסטודיע											
ORG-C04952	מלוכהשע רוסישע רעאַל-שול	Education	1	מלוכהשע רוסישע רעאַל-שול	וואַרשע													
ORG-C04953	פּוילישן דראמאטישן קלאָס ביי דער מוזיקאַלישער געזעלשאַפֿט	Education	1	פּוילישן דראמאטישן קלאָס ביי דער מוזיקאַלישער געזעלשאַפֿט	וואַרשע													
ORG-C04954	דוד הערמאָןס יידישער דראָמאָטישער סטודיע ביים „הזמיר“	Theatre education	1	דוד הערמאָןס יידישער דראָמאָטישער סטודיע ביים „הזמיר“	וואַרשע		הזמיר											
ORG-C04955	פּוילישער טעאַטראָלער אקאדאַמיע	Education	1	פּוילישער טעאַטראָלער אקאדאַמיע														
ORG-C04956	צענטראָלן יידישן אַרבעטער-קלוב אין פֿון נ. לענין	Theatre	1	צענטראָלן יידישן אַרבעטער-קלוב אין פֿון נ. לענין	מינסק													
ORG-C04957	אַלגעמיינעם מוזיקאַליש-דראָמאָטישן אינסטיטוט	Education	1	אַלגעמיינעם מוזיקאַליש-דראָמאָטישן אינסטיטוט	אָדעס													
ORG-C04958	מלוכהשן יידישן טעאַטער אין אוקראַאינע	Theatre	1	מלוכהשן יידישן טעאַטער אין אוקראַאינע				אוקראַאינע										
ORG-C04959	נייע וועגן	Journals/ Newspapers	1	נייע וועגן	כאַרקאָוו													
ORG-C04960	טעאַטער פּראָנט	Journals/ Newspapers	1	טעאַטער פּראָנט	כאַרקאָוו													
ORG-C04961	אַרטיקער כאַר-שול	Education	1	אַרטיקער כאַר-שול	זשיטאָמיר		אַרטיקער כאַר-שול											
ORG-C04962	חזן נפתלי	Traveling Company	1	חזן נפתלי														
ORG-C04963	אוקראַאינישער טרופּע א'אַ פֿון סוכאָדאָלסקי	Traveling Company	1	אוקראַאינישער טרופּע א'אַ פֿון סוכאָדאָלסקי														
ORG-C04964	בערדיאָנסקער כאַר-שול	Education	1	בערדיאָנסקער כאַר-שול	בערדיאָנסק		כאַר-שול											
ORG-C04965	יידישער טרופּע פֿון גענפער	Traveling Company	2	יידישער טרופּע פֿון גענפער														
ORG-C04966	משה ליפּמאָןס טרופּע	Traveling Company	2	משה ליפּמאָןס טרופּע	זשיטאָמיר | ניקאָלאַיעוו				325	0.706	ipa_phonetic							
ORG-C04967	טעאַטער-קאָלעקטיוו א'אַ פֿון גראָסמאַן און נאַטאַנסאָן	Traveling Company	1	טעאַטער-קאָלעקטיוו א'אַ פֿון גראָסמאַן און נאַטאַנסאָן														
ORG-C04968	טרופּע וואָלפּסאָן און קאַזשדאַן	Traveling Company	1	טרופּע וואָלפּסאָן און קאַזשדאַן	האַמעל													
ORG-C04969	קאָלעקטיוו פֿון מישע אָפּעלבוים	Traveling Company	1	קאָלעקטיוו פֿון מישע אָפּעלבוים	פּאָלטאָווע													
ORG-C04970	קאָלעקטיוו פֿון רודאָלף זאַסלאווסקי	Traveling Company	1	קאָלעקטיוו פֿון רודאָלף זאַסלאווסקי														
ORG-C04971	באַוועגלעך טעאָטער פֿון ליבהאָבער-קרייז	Theatre	1	באַוועגלעך טעאָטער פֿון ליבהאָבער-קרייז	זשיטאָמיר													
ORG-C04972	טרופּע פֿון ליבערט און ראָקייטין	Traveling Company	1	טרופּע פֿון ליבערט און ראָקייטין	קיעוו													
ORG-C04973	דיר. דימאַרסקי	Traveling Company	1	דיר. דימאַרסקי	כאַרקאָוו													
ORG-C04974	"לענינגראָדער יידישן טעאַטער „לעט"""	Theatre	1	"לענינגראָדער יידישן טעאַטער „לעט"""	לענינגראָד													
ORG-C04975	זעלבסטשטענדיקן קרייז	Theatre	1	זעלבסטשטענדיקן קרייז	מעליטאָפּאָל													
ORG-C04976	קיעווער אינסטיטוט ליסענקאַ, יידישער פֿאַקולטעט	Education	1	קיעווער אינסטיטוט ליסענקאַ, יידישער פֿאַקולטעט	קיעוו		קיעווער אינסטיטוט ליסענקאַ											
ORG-C04977	2-טער פֿראָנט-טרופּע	Traveling Company	1	2-טער פֿראָנט-טרופּע														
ORG-C04978	וואַרשעווער טעאַטער ווענוס	Theatre	1	וואַרשעווער טעאַטער ווענוס	וואַרשע													
ORG-C04979	דרוק מאָנעם און זימעל	Publisher	1	דרוק מאָנעם און זימעל	ווילנע													
ORG-C04980	דרוקעריי פֿון די ברידער ראָם	Publisher	1	דרוקעריי פֿון די ברידער ראָם	ווילנער				495	0.615	ipa_phonetic							
ORG-C04981	ישיבה פֿון הרב שמואל קאַליין	Education	1	ישיבה פֿון הרב שמואל קאַליין	באָסקאָוויץ		ישיבה											
ORG-C04982	עקסטערן גימנאַזיע	Education	1	עקסטערן גימנאַזיע	וואַרשע													
ORG-C04983	טעאָטר-בוך	Publisher	1	טעאָטר-בוך	קיעוו													
ORG-C04984	צייטשריפט	Journals/ Newspapers	2	צייטשריפט	מינסק													
ORG-C04985	האָטעל ווילענסקי	Business	1	האָטעל ווילענסקי	וואַרשע		האָטעל ווילענסקי											
ORG-C04986	ליפּאָווסקיס ווילנער פֿאָלקסטעאַטער	Theatre	1	ליפּאָווסקיס ווילנער פֿאָלקסטעאַטער	ווילנע													
ORG-C04987	ישיבה פֿון דער „טאָטערשער קלויז“	Education	1	ישיבה פֿון דער „טאָטערשער קלויז“	מינסק													
ORG-C04988	פּע א'פּ „אַברהמל“	Jewish political bodies	1	פּע א'פּ „אַברהמל“														
ORG-C04989	מאָסקווער יידישער טעאַטער-סטודיע	Theatre	1	מאָסקווער יידישער טעאַטער-סטודיע	מאָסקווע				575 | 609	0.621 | 0.621	ipa_phonetic | ipa_phonetic							
ORG-C04990	טרופּע פֿון קאָמפּנניעעץ	Traveling Company	1	טרופּע פֿון קאָמפּנניעעץ					283 | 563	0.619 | 0.619	ipa_phonetic | ipa_phonetic							
ORG-C04991	חזן משה באָס	Traveling Company	1	חזן משה באָס														
ORG-C04992	יידישע טרופּעס פֿון וויינשטאָק, וויינשטיין	Traveling Company	1	יידישע טרופּעס פֿון וויינשטאָק, וויינשטיין	לאָדזש													
ORG-C04993	טרופּע גאָלדפאַדען-טאַנצמאַן	Traveling Company	1	טרופּע גאָלדפאַדען-טאַנצמאַן	וואַרשע													
ORG-C04994	גליקמאַנען	Traveling Company	2	גליקמאַנען | גליקמאַנען אין שיקאָגאָ	שיקאָגאָ | שיקאגאָ													
ORG-C04995	בני אַמונה	Religious institutions/organizations	1	בני אַמונה	סט. לואיס													
ORG-C04996	איזראַעל	Religious institutions/organizations	1	איזראַעל	סט. לואיס													
ORG-C04997	לאדזשער פּראָגימנאַזיע פֿון יצחק קאַצענעלסאָן	Education	1	לאדזשער פּראָגימנאַזיע פֿון יצחק קאַצענעלסאָן	לאָדזש			פּוילן										
ORG-C04998	טעכנישע שול	Education	2	טעכנישע שול	לאָדזש | קרעמענטשוג		טעכנישע שול											
ORG-C04999	העפטען פֿאַר ליטעראַטור און קונסט	Journals/ Newspapers	1	העפטען פֿאַר ליטעראַטור און קונסט	לאָדזש													
ORG-C05000	לאָדזשער יידישער פּרעסע	Journals/ Newspapers	2	לאָדזשער יידישער פּרעסע	לאָדזש													
ORG-C05001	דאָס יודישע פֿאָלק	Journals/ Newspapers	1	דאָס יודישע פֿאָלק	וואַרשע				564 | 461	0.733 | 0.611	ipa_phonetic | ipa_phonetic							
ORG-C05002	רינגען	Journals/ Newspapers	2	רינגען														
ORG-C05003	ברעסלויער ראָבינער-סעמינאָר	Education	1	ברעסלויער ראָבינער-סעמינאָר														
ORG-C05004	Izraelita	Journals/ Newspapers	1	Izraelita	וואַרשע				286	0.889	ipa_phonetic	ALIGN	286				Bella	2026-04-19T07:02:20Z
ORG-C05005	וואַרשעווער יודישע צייטונג	Journals/ Newspapers	1	וואַרשעווער יודישע צייטונג	וואַרשע													
ORG-C05006	לערנאַנשטאַלט פאַר דער וויסנשאַפט פון יודנטום	Education	1	לערנאַנשטאַלט פאַר דער וויסנשאַפט פון יודנטום	בערלין													
ORG-C05007	ערשטן ציוניסטישן קאָנגרעס	Jewish political bodies	1	ערשטן ציוניסטישן קאָנגרעס														
ORG-C05008	הירן יוניאָן קאלעדזש	Education	1	הירן יוניאָן קאלעדזש	סינסינעטי													
ORG-C05009	אַרטיסטישע וויקעלע	Theatre	1	אַרטיסטישע וויקעלע					226	0.714	ipa_phonetic							
ORG-C05010	שושנה און טאַרלאָ	Traveling Company	1	שושנה און טאַרלאָ	לאָדזש			פּוילן										
ORG-C05011	חדיר	Education	1	חדיר														
ORG-C05012	יידישן מעטראָפּאָליטאָן טעאַטער	Theatre	2	יידישן מעטראָפּאָליטאָן טעאַטער	קליוולאַנד | שיקאַגאָ		יידישן מעטראָפּאָליטאָן-טעאַטער											
ORG-C05013	מינסקער רוסישער סטודיע א'פ פון לייב ליטווינאָוו	Theatre	1	מינסקער רוסישער סטודיע א'פ פון לייב ליטווינאָוו			מינסקער רוסישער סטודיע א'פ פֿון לייב ליטווינאָוו											
ORG-C05014	ראָפאָלסקיס יידישער דראַמאַטישער סטודיע	Theatre	1	ראָפאָלסקיס יידישער דראַמאַטישער סטודיע														
ORG-C05015	דראַמאַטישער שול מאָרסקאָי	Education	1	דראַמאַטישער שול מאָרסקאָי			דראַמאַטישער שול מאָרסקאָי											
ORG-C05016	קאַמינסקיס פאַראייניקטע טרופּע	Traveling Company	1	קאַמינסקיס פאַראייניקטע טרופּע														
ORG-C05017	פאָלקס-טעאַטער א'נ פֿון פֿיינמאַן	Theatre	1	פאָלקס-טעאַטער א'נ פֿון פֿיינמאַן	לאָנדאָן		פאָלקס-טעאַטער	ענגלאַנד										
ORG-C05018	אייראָפּעאישער אָפּערעטעס-טרופּע	Traveling Company	1	אייראָפּעאישער אָפּערעטעס-טרופּע	וואַרשע		וואַרשעווער צענטראָל-טעאַטער	פּוילן										
ORG-C05019	נעשיאָנאַל-רוף גאָרדן	Theatre	1	נעשיאָנאַל-רוף גאָרדן	ניו יאָרק		נעשיאָנאַל-רוף גאָרדן											
ORG-C05020	6 קלאַסיקע שטאָטישע שול	Education	1	6 קלאַסיקע שטאָטישע שול														
ORG-C05021	קיעווער מוזיק-שול	Education	1	קיעווער מוזיק-שול	קיעווער													
ORG-C05022	איטאַלייענישער אָפּערע טרופּע	Traveling Company	1	איטאַלייענישער אָפּערע טרופּע	לאָדזש													
ORG-C05023	נאָרד-סטאָר-טעאַטער	Theatre	1	נאָרד-סטאָר-טעאַטער	ניו יאָרק	106 סטריט און 5 עוועניו	נאָרד-סטאָר-טעאַטער		526 | 529 | 552 | 616	0.625 | 0.625 | 0.625 | 0.625	ipa_phonetic | ipa_phonetic | ipa_phonetic | ipa_phonetic							
ORG-C05024	ריגער יידישן מלוכה-טעאַטער	Theatre	1	ריגער יידישן מלוכה-טעאַטער	ריגער				500 | 515 | 519 | 505 | 501	1.000 | 0.885 | 0.885 | 0.880 | 0.852	exact | ipa_phonetic | ipa_phonetic | ipa_phonetic | ipa_phonetic	ALIGN	500				Bella	2026-04-13T09:58:14Z
ORG-C05025	נפתלי גאָלדפֿאַדעןם טרופּע	Traveling Company	8	טרופּע פֿון נפתלי גאָלדפאַדען | נפתלי גאָלדפאַדנס טרופּע | נפתלי גאָלדפאַדעןס טרופּע | נפתלי גאָלדפֿאַדן | נפתלי גאָלדפֿאַדעןם טרופּע | נפתלי גאָלדפֿאַדענס טרופּע | נפתלי גאָלדפֿאָדען	סאָראָקע | קעשענעוו		בעסאַראָביע		345 | 492	0.955 | 0.727	ipa_phonetic | ipa_phonetic	ALIGN	345	"טעויות הקלדה רבות בערך ""בראַלמאַן, אַברהם הערש"""			Bella	2026-04-26T11:22:50Z
ORG-C05026	טרופּע פֿון יקותיאָל מאַרגולעס	Traveling Company	1	טרופּע פֿון יקותיאָל מאַרגולעס														
ORG-C05027	אייגענע וואַנדער-טרופּע	Traveling Company	1	אייגענע וואַנדער-טרופּע	דווינסק													
ORG-C05028	בוכהאַנדלונג געברידער בלעטניצקי אין אָדעססאַ	Publisher	1	בוכהאַנדלונג געברידער בלעטניצקי אין אָדעססאַ	אָדעססאַ													
ORG-C05029	טרופּע אונטער דער דירעקציע פֿון נחום ליפּאָווסקי	Traveling Company	1	טרופּע אונטער דער דירעקציע פֿון נחום ליפּאָווסקי														
ORG-C05030	טרופּע פֿון מ. וואָלקענשטיין	Traveling Company	1	טרופּע פֿון מ. וואָלקענשטיין	קרעמענטשוג			אוקראַאינע										
ORG-C05031	20-טער יאָרהונדערט-טעאַטער	Theatre	1	20-טער יאָרהונדערט-טעאַטער	אָדעס		20-טער יאָרהונדערט-טעאַטער											
ORG-C05032	געזעלשאָפֿט „מזרח“	Theatre	1	געזעלשאָפֿט „מזרח“	אָדעס													
ORG-C05033	ניו-יאָרקער וואַריעטע עלדאָראַדאָ	Theatre	1	ניו-יאָרקער וואַריעטע עלדאָראַדאָ	ניו-יאָרק		ניו-יאָרקער וואַריעטע עלדאָראַדאָ	אַמעריקע										
ORG-C05034	ערשטן יידישן אַטלאַנטניק גאַרדען	Theatre	1	ערשטן יידישן אַטלאַנטניק גאַרדען		1333 עלדריטש סטריט	ערשטן יידישן אַטלאַנטניק גאַרדען											
ORG-C05035	מאָשקאָוויטשעס מוזיק-האָל	Theatre	1	מאָשקאָוויטשעס מוזיק-האָל	שיקאַגאָ	12 סטריט	מאָשקאָוויטשעס מוזיק-האָל											
ORG-C05036	גליקמאַןס רוסישן כאָר	Traveling Company	1	גליקמאַןס רוסישן כאָר	סט. לואיס													
ORG-C05037	וואַרשעווער זשאַרדן ד' היווער	Theatre	1	וואַרשעווער זשאַרדן ד' היווער	וואַרשע		זשאַרדן ד' היווער	פּוילן										
ORG-C05038	בוענאָס איירעסער אַלימפּאַ-טעאַטער	Theatre	1	בוענאָס איירעסער אַלימפּאַ-טעאַטער	בוענאָס איירעס		אַלימפּאַ-טעאַטער	אַרגענטינע										
ORG-C05039	וואַרשעווער ווני'ט	Theatre	1	וואַרשעווער ווני'ט	וואַרשע		ווני'ט	פּוילן										
ORG-C05040	ברוקלינער געיטי-טעאַטער	Theatre	1	ברוקלינער געיטי-טעאַטער	ברוקלין		געיטי-טעאַטער	אמעריקע										
ORG-C05041	וואַלעראַגאָרטן	Theatre	1	וואַלעראַגאָרטן			וואַלעראַגאָרטן											
ORG-C05042	ווערטהיים	Traveling Company	1	ווערטהיים	בודאָפּעסט			אונגאַרן										
ORG-C05043	גבריאל פינקעלשטיינס טרופּע	Traveling Company	2	גבריאל פינקעלשטיין | גבריאל פינקעלשטיינס טרופּע					203	0.640	ipa_phonetic							
ORG-C05044	אַלעקסאַנדער-טעאַטער	Theatre	1	אַלעקסאַנדער-טעאַטער	בערלין				520 | 296	0.647 | 0.647	ipa_phonetic | ipa_phonetic							
ORG-C05045	יידישער שול פֿון צעלט	Education	1	יידישער שול פֿון צעלט														
ORG-C05046	ליפּאָווסקי-קאָמפּאָניעעץ	Traveling Company	1	ליפּאָווסקי-קאָמפּאָניעעץ														
ORG-C05047	אוקראַאינישער בינע	Theatre	1	אוקראַאינישער בינע														
ORG-C05048	קיעווער שטאָטישן טעאַטער	Theatre	1	קיעווער שטאָטישן טעאַטער	קיעוו		קיעווער שטאָטישן טעאַטער		472 | 500	0.667 | 0.667	ipa_phonetic | ipa_phonetic							
ORG-C05049	נויעס אָפּערעטען-הויז	Theatre	1	נויעס אָפּערעטען-הויז	בערלין		נויעס אָפּערעטען-הויז											
ORG-C05050	קאַניעווסקאַ-ברייטמאַן	Traveling Company	1	קאַניעווסקאַ-ברייטמאַן			רומעניע	רומעניע										
ORG-C05051	טורקאָוו-קאַָמינסקאַ	Traveling Company	1	טורקאָוו-קאַָמינסקאַ			רומעניע	רומעניע										
ORG-C05052	לודווייג זאַץ	Traveling Company	1	לודווייג זאַץ			רומעניע	רומעניע										
ORG-C05053	יידישער טרופּע א'א פֿון מייערסאָן	Traveling Company	1	יידישער טרופּע א'א פֿון מייערסאָן	אומאַן		יידישער טרופּע א'א פֿון מייערסאָן											
ORG-C05054	רוסישער אָפּערעטעס טרופּע פֿון נאָוויקאָוו	Traveling Company	1	רוסישער אָפּערעטעס טרופּע פֿון נאָוויקאָוו	קיעוו		רוסישער אָפּערעטעס טרופּע פֿון נאָוויקאָוו											
ORG-C05055	עפּעלבערגס טרופּע	Traveling Company	1	עפּעלבערגס טרופּע					455 | 234 | 533 | 545 | 579	0.733 | 0.688 | 0.667 | 0.667 | 0.667	ipa_phonetic | ipa_phonetic | ipa_phonetic | ipa_phonetic | ipa_phonetic							
ORG-C05056	מוזיקער-יוניע	Theatre-related Society/ Union	1	מוזיקער-יוניע	ניו-יאָרק		מוזיקער-יוניע											
ORG-C05057	אָרטיקער טרופּע פֿון ליפאָווסקי	Traveling Company	1	אָרטיקער טרופּע פֿון ליפאָווסקי	ווילנע		אָרטיקער טרופּע פֿון ליפאָווסקי											
ORG-C05058	יאָנג דראַמאָטיק אַרבעטאָר-אונטערשטיצונגס-קלאָב	Amateur	1	יאָנג דראַמאָטיק אַרבעטאָר-אונטערשטיצונגס-קלאָב														
ORG-C05059	"יידישער טעאַטער-סטודיע „קולטור-ליגע"""	Theatre education	1	"יידישער טעאַטער-סטודיע „קולטור-ליגע"""	מאָסקווע													
ORG-C05060	רוסישער דראַמאַטישער טרופּע פֿון א. ל. מיראָליובאָוו	Traveling Company	1	רוסישער דראַמאַטישער טרופּע פֿון א. ל. מיראָליובאָוו														
ORG-C05061	טרופּע פֿון איפּאָליטאָוו-אַנדרעיעוו און י. ביעלאָקין	Traveling Company	1	טרופּע פֿון איפּאָליטאָוו-אַנדרעיעוו און י. ביעלאָקין														
ORG-C05062	אידישע דראַמאַטישע טעאַטער פֿון ליטע	Theatre	1	אידישע דראַמאַטישע טעאַטער פֿון ליטע														
ORG-C05063	חבר	Education	1	חבר														
ORG-C05064	באָלגאַראָווס טעאָטער	Theatre	1	באָלגאַראָווס טעאָטער	אָדעס		באָלגאַראָווס טעאָטער		235 | 252	0.625 | 0.625	ipa_phonetic | ipa_phonetic							
ORG-C05065	טרופּע פֿון אַלבערט סעגאַלעסקאָ	Traveling Company	2	אלבערט סעגאלעסקאָס טרופּע | טרופּע פֿון אַלבערט סעגאַלעסקאָ	אָדעס		טרופּע פֿון אַלבערט סעגאַלעסקאָ											
ORG-C05066	ערשטן יידישן קאָמעדיע טאַטער	Theatre	1	ערשטן יידישן קאָמעדיע טאַטער	אָדעס		ערשטן יידישן קאָמעדיע טאַטער		633	0.704	ipa_phonetic							
ORG-C05067	"„טשיין""-טרופּע"	Traveling Company	1	"„טשיין""-טרופּע"			אַמעריקע	אַמעריקע										
ORG-C05068	זשיטאָמירסקין אין טרופע	Traveling Company	1	זשיטאָמירסקין אין טרופע	פּאָלאָצק													
ORG-C05069	רוסישע טרופּע א'ר פֿון אַקטיאָר שמיילאָוו	Traveling Company	1	רוסישע טרופּע א'ר פֿון אַקטיאָר שמיילאָוו			ווילנער סאַניטאַרעווצקיאַציע-פּונקט											
ORG-C05070	דראַמאַטישער טרופּע פֿון ל. סאָקאָלאָוו	Traveling Company	2	דראַמאַטישער טרופּע פֿון ל. סאָקאָלאָוו	ליטע													
ORG-C05071	יאַגעלאָנסקי-אוניווערזיטעט	Education	1	יאַגעלאָנסקי-אוניווערזיטעט	קראָקע		יאַגעלאָנסקי-אוניווערזיטעט		590	0.609	ipa_phonetic							
ORG-C05072	טרופּע קאַדיש-נחמה	Traveling Company	1	טרופּע קאַדיש-נחמה														
ORG-C05073	קראָקעווער יידישע טעאַטער-געזעלשאַפט	Theatre-related Society/ Union	1	קראָקעווער יידישע טעאַטער-געזעלשאַפט	קראָקע		קראָקעווער יידישע טעאַטער-געזעלשאַפט											
ORG-C05074	זאַקסעס שול	Education	1	זאַקסעס שול														
ORG-C05075	רוסיש מאַלאָרוסיש-דייטשער קוואַרטעטן-און דועטן-גרופּע	Traveling Company	1	רוסיש מאַלאָרוסיש-דייטשער קוואַרטעטן-און דועטן-גרופּע														
ORG-C05076	יידישע טרופּע א'ד פֿון אָלגינסקאיא	Traveling Company	1	יידישע טרופּע א'ד פֿון אָלגינסקאיא														
ORG-C05077	וואַרשעווער אַדעאָן-טעאַטער	Theatre	1	וואַרשעווער אַדעאָן-טעאַטער	וואַרשע		אַדעאָן-טעאַטער											
ORG-C05078	יידישער טעאַטער-קאַמפּאַניע אין ריאָ-דע-זשענייראָ	Theatre	1	יידישער טעאַטער-קאַמפּאַניע אין ריאָ-דע-זשענייראָ	ריאָ-דע-זשענייראָ		טעאַטער קאַרלאָס גאַמעס	בראַזיל										
ORG-C05079	די טרופּעס פֿון ס.	Traveling Company	1	די טרופּעס פֿון ס.					596 | 626 | 486 | 542	0.667 | 0.643 | 0.600 | 0.600	ipa_phonetic | ipa_phonetic | ipa_phonetic | ipa_phonetic							
ORG-C05080	סענטאַ נאַדיאַ טעאַטער	Theatre	1	סענטאַ נאַדיאַ טעאַטער					235	0.611	ipa_phonetic							
ORG-C05081	טעאַטער ערמיטאַזש	Theatre	1	טעאַטער ערמיטאַזש	וואַרשע		טעאַטער ערמיטאַזש		173 | 581	1.000 | 0.714	exact | ipa_phonetic	ALIGN	173				Bella	2026-04-27T08:46:51Z
ORG-C05082	טרופּע קאָניעווסקאַ-חאַרלאַמפּ	Traveling Company	1	טרופּע קאָניעווסקאַ-חאַרלאַמפּ														
ORG-C05083	כאַרקאָווער יידישן טעאַטער „אונזער ווינקל“	Theatre	1	כאַרקאָווער יידישן טעאַטער „אונזער ווינקל“	כאַרקאָוו				575	0.606	fuzzy							
ORG-C05084	ווייטעבסקער יידישן מלוכה-טעאַטער	Theatre	1	ווייטעבסקער יידישן מלוכה-טעאַטער	ווייטעבסק				537 | 501 | 472 | 505 | 515	1.000 | 0.833 | 0.800 | 0.800 | 0.800	exact | ipa_phonetic | ipa_phonetic | ipa_phonetic | ipa_phonetic	NEW	537				Bella	2026-04-29T08:15:50Z
ORG-C05085	יידישע דראַמאָטורגען-ליג	Theatre-related Society/ Union	1	יידישע דראַמאָטורגען-ליג				אַמעריקע										
ORG-C05086	פֿאַרלאַג „לעקסיק“	Publisher	1	פֿאַרלאַג „לעקסיק“	ניו יאָרק													
ORG-C05087	חדרים מתוקנים	Education	2	חדרים מתוקנים														
ORG-C05088	4-קלאַסיקע שטאָט-שול	Education	1	4-קלאַסיקע שטאָט-שול	בעלץ		שטאָט-שול											
ORG-C05089	גימנאַזיע פון וואַסקראָסענסקי	Education	1	גימנאַזיע פון וואַסקראָסענסקי	בעלץ		גימנאַזיע											
ORG-C05090	רוסישע באַנק פאַר אינערלעכן האַנדל	Business	1	רוסישע באַנק פאַר אינערלעכן האַנדל														
ORG-C05091	מישוראַטס וואַנדער-טרופּע	Traveling Company	1	מישוראַטס וואַנדער-טרופּע														
ORG-C05092	טרופּע פון בראַנשטיין	Traveling Company	2	בראַנשטיין | טרופּע פון בראַנשטיין					203 | 523 | 578 | 596 | 626	0.875 | 0.632 | 0.632 | 0.632 | 0.632	fuzzy | ipa_phonetic | ipa_phonetic | ipa_phonetic | ipa_phonetic	ALIGN	203	תיקנתי לקמץ במקום פתח בהתאם לכתיב המופיע בטרנסקריבוס			Bella	2026-05-18T08:37:15Z
ORG-C05093	לאדזשער קאָלאָסעום	Theatre	2	לאָדזשער קאָלאָסעאום | לאדזשער קאָלאָסעום	לאָדזש | לאדזש		לאָדזשער קאָלאָסעאום | קאָלאָסעום	פּוילן	604	0.632	ipa_phonetic							
ORG-C05094	אַרראַט	Traveling Company	1	אַרראַט								ALIGN	488				Bella	2026-04-19T07:33:07Z
ORG-C05095	יידישער טרופּע פֿון שאַראַוונער	Traveling Company	1	יידישער טרופּע פֿון שאַראַוונער														
ORG-C05096	טרופּע פֿון מישע גענפער	Traveling Company	1	טרופּע פֿון מישע גענפער					563 | 578	0.619 | 0.619	ipa_phonetic | ipa_phonetic							
ORG-C05097	ערשטער קאָאָפּעראַטיווער טרופּע אין יעקאַטערינאָסלאָוו	Traveling Company	1	ערשטער קאָאָפּעראַטיווער טרופּע אין יעקאַטערינאָסלאָוו	יעקאַטערינאָסלאָוו													
ORG-C05098	פאַראיין יידישער אַרטיסט	Theatre-related Society/ Union	1	פאַראיין יידישער אַרטיסט														
ORG-C05099	פּריוואַטער טרופּע א'ד פֿון בריסקין און בראַסלאָווסקי	Traveling Company	1	פּריוואַטער טרופּע א'ד פֿון בריסקין און בראַסלאָווסקי	פֿאָלטאַווע													
ORG-C05100	פּאָלטאָווער אָפּטייל פֿון „קולטור-ליגע“	Heritage Institution	1	פּאָלטאָווער אָפּטייל פֿון „קולטור-ליגע“														
ORG-C05101	יידישן מלוכה-טעאַטער א'א פֿון י. בערטאַנאָוו	Theatre	1	יידישן מלוכה-טעאַטער א'א פֿון י. בערטאַנאָוו	אָדעס				598 | 471 | 499 | 546	0.744 | 0.667 | 0.641 | 0.641	ipa_phonetic | ipa_phonetic | ipa_phonetic | ipa_phonetic							
ORG-C05102	קאָלעקטיוו א'ל פֿון אַדאָלף סעגאָל	Traveling Company	1	קאָלעקטיוו א'ל פֿון אַדאָלף סעגאָל														
ORG-C05103	"רויטער פֿאַק""ל"	Traveling Company	1	"רויטער פֿאַק""ל"														
ORG-C05104	ראַטנפֿאַרבאַנד-מלוכה	Non-Jewish political bodies	1	ראַטנפֿאַרבאַנד-מלוכה	מאָסקווע													
ORG-C05105	רוסישע דראַמאַטישע שול ביים מאָסקווער קליינעם טעאַטער א'נ פֿון יערמאָלאָוו	Education	1	רוסישע דראַמאַטישע שול ביים מאָסקווער קליינעם טעאַטער א'נ פֿון יערמאָלאָוו	מאָסקווע		מאָסקווער קליינעם טעאַטער											
ORG-C05106	גילה רינה	Theatre	1	גילה רינה	ביאַליסטאָק													
ORG-C05107	פֿאַראיין „ציון“	Theatre	1	פֿאַראיין „ציון“	ווין			עסטרייך										
ORG-C05108	בית-דוד ישיבה	Education	1	בית-דוד ישיבה	טאוואָרעק		בית-דוד ישיבה											
ORG-C05109	קריכטעל-פּאַלאַס	Theatre	1	קריכטעל-פּאַלאַס	פֿילאָדעלפיע	7-טע און מאָריס סטריט	קריכטעל-פּאַלאַס											
ORG-C05110	ענטיןס דראַמאַטישן קלוב	Theatre	1	ענטיןס דראַמאַטישן קלוב	פֿילאַדעלפיע													
ORG-C05111	פּרינצעס וואַריעטע	Theatre	1	פּרינצעס וואַריעטע	פֿילאַדעלפיע													
ORG-C05112	לעאָן שפּאַצער	Traveling Company	1	לעאָן שפּאַצער	טשערנאָוויץ													
ORG-C05113	זילבערט און מאַלווינע לאָבעל	Traveling Company	1	זילבערט און מאַלווינע לאָבעל				עסטרייך										
ORG-C05114	סעם שילינג	Traveling Company	1	סעם שילינג	טאַרנאָפּאָל													
ORG-C05115	סעראַ אַדלער און מאַקס ווילנער	Traveling Company	1	סעראַ אַדלער און מאַקס ווילנער				אמעריקע										
ORG-C05116	סעקציע 2	Theatre-related Society/ Union	1	סעקציע 2														
ORG-C05117	יוניאָן-אַקטיאָרן	Theatre-related Society/ Union	1	יוניאָן-אַקטיאָרן	ניו יאָרק			אַמעריקע										
ORG-C05118	110-טן סטריט-טעאַטער	Theatre	1	110-טן סטריט-טעאַטער	נ. י.				513	0.684	ipa_phonetic							
ORG-C05119	The Liar	Media (Radio/ Film/TV)	1	The Liar														
ORG-C05120	ענגלישע שול	Education	1	ענגלישע שול			ענגלישע שול	דרום-אפריקע										
ORG-C05121	יידישע טרופּעס פֿון מאַגידזאָן	Traveling Company	1	יידישע טרופּעס פֿון מאַגידזאָן				דרום-אפריקע										
ORG-C05122	יידישע טרופּעס פֿון מאָריס וואַקסמאַן	Traveling Company	1	יידישע טרופּעס פֿון מאָריס וואַקסמאַן				דרום-אפריקע										
ORG-C05123	מאָשקאָוויטשן אין טעאַטער	Theatre	1	מאָשקאָוויטשן אין טעאַטער	לאָנדאָן		טעאַטער	ענגלאַנד										
ORG-C05124	יידישן טעאַטער א'ד פֿון י. נוגער	Theatre	1	יידישן טעאַטער א'ד פֿון י. נוגער	בוענאָס איירעס		יידישן טעאַטער	אָרגענטינע										
ORG-C05125	קאָלעדזש אָף סיטי אָף ניו יאָרק	Education	1	קאָלעדזש אָף סיטי אָף ניו יאָרק	ניו-יאָרק													
ORG-C05126	פֿילאדעלפֿייער מעטראָפּאָליטאָן-אָפּערע	Theatre	1	פֿילאדעלפֿייער מעטראָפּאָליטאָן-אָפּערע	פֿילאדעלפֿייע		מעטראָפּאָליטאָן-אָפּערע											
ORG-C05127	רוסקי ראָבאַטשי סאָיוז	Trade Union / Professional Association	1	רוסקי ראָבאַטשי סאָיוז														
ORG-C05128	כאָריסטן-יוניע	Theatre-related Society/ Union	1	כאָריסטן-יוניע														
ORG-C05129	סאַציאָליסטישע פאָלקס-קוך	Welfare/Aid organization	1	סאַציאָליסטישע פאָלקס-קוך														
ORG-C05130	סינקאָףס מעטראָפּאָליטאָן טעאַטער	Theatre	1	סינקאָףס מעטראָפּאָליטאָן טעאַטער	נואַרק													
ORG-C05131	שליפערשטייןס טרופּע	Traveling Company	2	שליפערשטייןס טרופּע	אָזאָרקאָוו			פּוילן | רוסלאַנד	203 | 322 | 325	0.667 | 0.611 | 0.611	ipa_phonetic | ipa_phonetic | ipa_phonetic							
ORG-C05132	ווייספעלדס טרופּע	Traveling Company	5	ווייספעלדס טרופּע	וואַרשע			פּוילן	483 | 469 | 545 | 254 | 459	0.857 | 0.667 | 0.667 | 0.667 | 0.667	fuzzy | ipa_phonetic | ipa_phonetic | ipa_phonetic | ipa_phonetic	ALIGN	483				Bella	2026-04-19T07:05:46Z
ORG-C05133	בראָזיליאַנער פעניקס-טעאַטער	Theatre	1	בראָזיליאַנער פעניקס-טעאַטער			בראָזיליאַנער בינע	בראָזיליע	608	0.600	ipa_phonetic							
ORG-C05134	גאָלדענבורגן	Traveling Company	1	גאָלדענבורגן														
ORG-C05135	טעאַטער באָגאָטעלאָ	Theatre	2	טעאַטער באָגאָטעלאָ	אַרגענטינע | וואַרשע		באַגאַטעלאַ | טעאַטער באָגאָטעלאָ		475 | 581	0.600 | 0.600	ipa_phonetic | ipa_phonetic							
ORG-C05136	אַרבייטער-רינג-שול	Education	1	אַרבייטער-רינג-שול	שיקאַגע			אַמעריקע										
ORG-C05137	יידישער ליטעראַריש-קינסטלערישער רעווי-טעאַטער „סמבטיון“	Theatre	1	יידישער ליטעראַריש-קינסטלערישער רעווי-טעאַטער „סמבטיון“	ווילנע		ווילנער פֿאָלקס-טעאַטער											
ORG-C05138	דראַמאַטישער שול פֿון איוואַן מיכיילאָוויטש שובאַלאָוו	Education	1	דראַמאַטישער שול פֿון איוואַן מיכיילאָוויטש שובאַלאָוו														
ORG-C05139	אָדעסער שטאָטישן „נאַציאָנאל-הויז'	Theatre	1	אָדעסער שטאָטישן „נאַציאָנאל-הויז'	אָדעס		נאַציאָנאל-הויז											
ORG-C05140	סובאָריןס טעאַטער	Theatre	1	סובאָריןס טעאַטער	פּעטערבורג		סובאָריןס טעאַטער		616 | 124 | 252 | 278 | 527	0.667 | 0.600 | 0.600 | 0.600 | 0.600	ipa_phonetic | ipa_phonetic | ipa_phonetic | ipa_phonetic | ipa_phonetic							
ORG-C05141	נאָוואָראָסיסקער אוניווערזיטעט	Education	1	נאָוואָראָסיסקער אוניווערזיטעט					487 | 561 | 585 | 589 | 587	0.640 | 0.640 | 0.640 | 0.640 | 0.600	ipa_phonetic | ipa_phonetic | ipa_phonetic | ipa_phonetic | ipa_phonetic							
ORG-C05142	ס. ד. פאַרטיי	Non-Jewish political bodies	1	ס. ד. פאַרטיי														
ORG-C05143	מארגאָליןס דענטיסטישער שול	Education	1	מארגאָליןס דענטיסטישער שול														
ORG-C05144	באָריסאָווס רוסישער טרופּע	Traveling Company	1	באָריסאָווס רוסישער טרופּע	איזמאַאיל		רוסישער טרופּע											
ORG-C05145	קרילאָווס טרופּע	Traveling Company	1	קרילאָווס טרופּע	ראָסטאָוו		קרילאָווס טרופּע		421 | 568 | 459 | 305 | 469	0.667 | 0.643 | 0.643 | 0.615 | 0.615	ipa_phonetic | ipa_phonetic | ipa_phonetic | ipa_phonetic | ipa_phonetic							
ORG-C05146	יונגען קינסטלערישן טעאַטער	Theatre	1	יונגען קינסטלערישן טעאַטער	מאָסקווא		יונגען קינסטלערישן טעאַטער											
ORG-C05147	וואַריעטע-טרופּע גליקמאַן	Traveling Company	1	וואַריעטע-טרופּע גליקמאַן														
ORG-C05148	טרופּע סעגאַל-גליקמאַן-עטינגער	Traveling Company	1	טרופּע סעגאַל-גליקמאַן-עטינגער														
ORG-C05149	ביאַליסטאָקער צייטונג	Journals/ Newspapers	1	ביאַליסטאָקער צייטונג					81	0.650	ipa_phonetic							
ORG-C05150	בזשאַזאָ	Publisher	2	בזשאַזאָ	וואַרשאַ | וואַרשע													
ORG-C05151	פ'ג א. גיטלין	Publisher	1	פ'ג א. גיטלין	וואַרשע				49	0.700	fuzzy							
ORG-C05152	דראָמאַטישער סטודיע ביי דער יידישער קונסט-געזעלשאַפט	Theatre	1	דראָמאַטישער סטודיע ביי דער יידישער קונסט-געזעלשאַפט	ווילנע													
ORG-C05153	פ'ג „די צייט“	Publisher	1	פ'ג „די צייט“	וואַרשע													
ORG-C05154	רוסיש-יידישן אַרבעטער-קלוב	Jewish political bodies	1	רוסיש-יידישן אַרבעטער-קלוב	לאָנראָן		רוסיש-יידישן אַרבעטער-קלוב											
ORG-C05155	מיוראַטי	Business	1	מיוראַטי														
ORG-C05156	ווונ'ט	Theatre	1	ווונ'ט	וואַרשע													
ORG-C05157	קריסטאָל פּאַלאַס	Theatre	1	קריסטאָל פּאַלאַס	בודאפּעסט		קריסטאָל פּאַלאַס											
ORG-C05158	טעאַטער „קאָמעטא“	Theatre	1	טעאַטער „קאָמעטא“	אָדעס		טעאַטער „קאָמעטא“		491 | 581 | 173 | 612 | 475	0.875 | 0.733 | 0.667 | 0.611 | 0.600	ipa_phonetic | ipa_phonetic | ipa_phonetic | ipa_phonetic | ipa_phonetic	ALIGN	491				Bella	2026-04-13T10:26:19Z
ORG-C05159	די יידן אין רומעניע	Not an organization	1	די יידן אין רומעניע	אָדעס													
ORG-C05160	גאָלדפֿאַדענס טרופּע	Traveling Company	35	גאָלדפאַדנס טרופּע | גאָלדפאַדעןם טרופּעס | גאָלדפאַדעןס טרופּע | גאָלדפֿאַדעןם טרופּע | גאָלדפֿאַדענס טרופּע | גאָלדפֿאָדענס טרופּעס	אָדעס | בּוקאַרעסט | באקאו | בוקאַרעסט | בוקאָרעסט | ביעלאָצערקאָוו | גאַלאַץ | וואַרשע | טשערקאָס | יאָס | כאַרקאָוו | פּעטערבורג | פאַריז		בעסאַראַביע און דרום- רוסלאַנד | קלוב פֿון מאָרינסקי טעאַטער | רומעניע | רוסלאַנד	אוקראַינע | פּוילן | רומעניע | רוסלאַנד	345 | 492 | 469 | 43 | 254	0.727 | 0.700 | 0.625 | 0.625 | 0.625	ipa_phonetic | ipa_phonetic | ipa_phonetic | ipa_phonetic | ipa_phonetic	ALIGN	42				Bella	2026-05-05T06:48:14Z
ORG-C05161	דאַטשיאָ	Theatre	1	דאַטשיאָ	בוקאַרעסט			רומעניע										
ORG-C05162	יידישער טרופּע	Traveling Company	19	יידישע טעאַטער-טרופּע | יידישע טעאַטער-טרופּע אין דרום-אפריקע | יידישע טרופּע | יידישע טרופּע (ראָוונע לוצק-קאָוול) | יידישע טרופּע אין לובלין | יידישע טרופּעס אין רומעניע | יידישער טרופּע | יידישער טרופּע (ישראל ראָזענבערג, יוסף וויינשטאָק און אַברהם פֿישקינד) | יידישער טרופּע (שוואַרצבאַרד, טשיזשיק, סענדיק און די פּוילישע זיינגערין-אַקטריסע לייכניץ) | יידישער טרופּע אין מאָנטרעאַל | יידישער טרופּע אין עלדאָראדא	יאָהאַנעסבורג | יעליסאַוועטגראָד | כאַרבין | לאָנדאָן | לובלין | ליבאַווע | מאָנטרעאַל | מינסק | סלאָנים | סמילע | קאַאיראָ | ראָוונע לוצק-קאָוול		האַלענדישן קלוב | טעאַטער פּאַנטעאָן | יידישער טרופּע | עלדאָראדא | פּראָווינץ	דרום-אפריקע | ווייס-רוסלאַנד | טשילי | מדינת ישראל | ענגלאַנד	551 | 41 | 521 | 568 | 459	0.692 | 0.692 | 0.643 | 0.643 | 0.643	ipa_phonetic | ipa_phonetic | ipa_phonetic | ipa_phonetic | ipa_phonetic							
ORG-C05163	אונגאַרישער קאַפּעלע	Traveling Company	1	אונגאַרישער קאַפּעלע														
ORG-C05164	חיים מאירט טרופּע	Traveling Company	1	חיים מאירט טרופּע					198	0.625	ipa_phonetic							
ORG-C05165	טעאַטער-אַגענטור פֿון עד. רעלקין	Theatre	1	טעאַטער-אַגענטור פֿון עד. רעלקין														
ORG-C05166	קריגס פלאָט פֿון די פֿאַראייניקטע שטאטן	Military	1	קריגס פלאָט פֿון די פֿאַראייניקטע שטאטן														
ORG-C05167	גרויסן בית-המדרש	Religious institutions/organizations	1	גרויסן בית-המדרש	ביעלאָצערקאָוו		גרויסן בית-המדרש	אוקראאינע										
ORG-C05168	קינדער-ליבהאָבער-קרייז	Theatre	1	קינדער-ליבהאָבער-קרייז	יעקאַטערינאָסלאָוו													
ORG-C05169	פֿילאָדעלפֿיער מעטראָפּאָליטאָן אָפּעראָ-הויז	Theatre	2	פֿילאָדעלפֿיער מעטראָפּאָליטאָן אָפּעראָ-הויז	פֿילאָדעלפֿיע | פֿילאדעלפֿיע		מעטראָפּאָליטאָן אָפּעראָ-הויז | מעטראָפּאָליטאן אָפּערע-הויז											
ORG-C05170	קלאראַ יאָנגס ליבערטי-טעאַטער	Theatre	1	קלאראַ יאָנגס ליבערטי-טעאַטער			ליבערטי-טעאַטער											
ORG-C05171	ניו יאָרקער גרענד-טעאַטער	Theatre	3	ניו יאָרקער גרענד-טעאַטער	ניו יאָרק | ניו יאָרקער		גרענד- טעאַטער | גרענד-טעאַטער | גרענד-טעאַטער		615	0.633	ipa_phonetic							
ORG-C05172	געזעלשאַפט פון יידישע קאָמפּאָזיטאַרס	Musical organization	1	געזעלשאַפט פון יידישע קאָמפּאָזיטאַרס														
ORG-C05173	יורידישע הויך-שול	Education	1	יורידישע הויך-שול	ניו יאָרק			אַמעריקע										
ORG-C05174	פֿאַרלאַג נחמיה	Publisher	1	פֿאַרלאַג נחמיה	ניו יאָרק													
ORG-C05175	דראַמאַטישע קורסן אין כאַרקאָוו	Education	2	דראַמאַטישע קורסן אין כאַרקאָוו | דראָמאָטישע קורסן	כאַרקאָוו | קאָפּענהאָגן		דראָמאָטישע קורסן											
ORG-C05176	דראַמאַטישע סטודיע פֿון מאָסקווער קונסט-טעאַטער	Education	1	דראַמאַטישע סטודיע פֿון מאָסקווער קונסט-טעאַטער	מאָסקווער													
ORG-C05177	"טעאַטער ""גראָטעסק"""	Theatre	1	"טעאַטער ""גראָטעסק"""				רוסלאַנד										
ORG-C05178	קאָליךס טרופּע	Traveling Company	1	קאָליךס טרופּע	בוקאַרעסט				264 | 566 | 469 | 269 | 521	0.750 | 0.714 | 0.667 | 0.667 | 0.643	ipa_phonetic | ipa_phonetic | ipa_phonetic | ipa_phonetic | ipa_phonetic							
ORG-C05179	בראָנסקער מעקינלי-סקווער-טעאַטער	Theatre	1	בראָנסקער מעקינלי-סקווער-טעאַטער	בראָנסקער		בראָנסקער מעקינלי-סקווער-טעאַטער	אַמעריקע										
ORG-C05180	פֿאַרשיידענע יידישע פּעריאָדישע אויסגאָבעס	Journals/ Newspapers	1	פֿאַרשיידענע יידישע פּעריאָדישע אויסגאָבעס														
ORG-C05181	זשידאַ געפּלאַץ	Journals/ Newspapers	1	זשידאַ געפּלאַץ														
ORG-C05182	יאָרלעכן אַלמאָנאָך אין אונגאַריש	Journals/ Newspapers	1	יאָרלעכן אַלמאָנאָך אין אונגאַריש														
ORG-C05183	שיקאָגער „אידישער רעקאָרד“	Journals/ Newspapers	1	שיקאָגער „אידישער רעקאָרד“	שיקאַגאָ													
ORG-C05184	„האומה“	Journals/ Newspapers	1	„האומה“														
ORG-C05185	שיקאַגער „דער אידישער קוריער“	Journals/ Newspapers	1	שיקאַגער „דער אידישער קוריער“	שיקאַגאָ													
ORG-C05186	„דער קונסט-פֿריינד“	Journals/ Newspapers	1	„דער קונסט-פֿריינד“														
ORG-C05187	שיקאַגער „פאָרווערטס“	Journals/ Newspapers	1	שיקאַגער „פאָרווערטס“	שיקאַגאָ													
ORG-C05188	אָדעסקי וויעסטניק	Journals/ Newspapers	4	אָדעסקי וויעסטניק	אָדעס		אָדעס | רעדאַקציע											
ORG-C05189	נאָוואָראַסיסקי טעלעגראף	Journals/ Newspapers	2	נאָוואָראַסיסקי טעלעגראף														
ORG-C05190	ערשטע יידישע טרופע אין רוסלאַנד	Traveling Company	1	ערשטע יידישע טרופע אין רוסלאַנד	אָדעס			רוסלאַנד										
ORG-C05191	רעמעסלעני קלוב	Theatre	3	רעמעסלעני קלוב	אָדעס	יידישער גאָס	רעמעסלעגני קלוב | רעמעסלעני קלוב | רעמעסלענני קלוב	רוסלאַנד	369	0.933	ipa_phonetic	ALIGN	369				Bella	2026-04-19T07:47:05Z
ORG-C05192	מאַריענטעאַטער	Theatre	1	מאַריענטעאַטער	אָדעס		מאַריענטעאַטער		616 | 252 | 622 | 176 | 529	0.833 | 0.769 | 0.714 | 0.667 | 0.667	ipa_phonetic | ipa_phonetic | ipa_phonetic | ipa_phonetic | ipa_phonetic							
ORG-C05193	טוביאַ [נפתלי] גאָלדפֿאַדעןס טרופּע	Traveling Company	1	טוביאַ [נפתלי] גאָלדפֿאַדעןס טרופּע					345 | 492	0.733 | 0.600	ipa_phonetic | ipa_phonetic							
ORG-C05194	מאַקס גאַרטן	Theatre	1	מאַקס גאַרטן	יאָסי		מאַקס גאַרטן	רומעניע										
ORG-C05195	גובערנאַטאָרס גאַרטן	Theatre	1	גובערנאַטאָרס גאַרטן	מינסק		גובערנאַטאָרס גאַרטן											
ORG-C05196	שאַטע דע פלאָר	Theatre	1	שאַטע דע פלאָר	וואַרשע		שאַטע דע פלאָר	פּוילן										
ORG-C05197	וואַקסמאַן-טרופּע	Traveling Company	1	וואַקסמאַן-טרופּע	אַנטווערפן			בעלגיע	429	0.643	ipa_phonetic							
ORG-C05198	"דריטער פּארטיע ""עם עולם"""	Jewish political bodies	1	"דריטער פּארטיע ""עם עולם"""	אָדעס													
ORG-C05199	רוסישן אוניווערסיטעט	Education	1	רוסישן אוניווערסיטעט				רוסלאַנד	530 | 487	0.700 | 0.636	ipa_phonetic | ipa_phonetic							
ORG-C05200	קאַריקס יידישער טרופּע	Traveling Company	1	קאַריקס יידישער טרופּע					485 | 521	0.692 | 0.600	ipa_phonetic | ipa_phonetic							
ORG-C05201	הערשקאָוויטשס טרופּע	Traveling Company	2	הערשקאָוויטשס טרופּע	לובלין				198	0.647	ipa_phonetic							
ORG-C05202	פאָלקאמבילד	Non-Jewish political bodies	1	פאָלקאמבילד														
ORG-C05203	גאַסטראָלירנדיקער טרופּע פֿון מישוראַט	Traveling Company	1	גאַסטראָלירנדיקער טרופּע פֿון מישוראַט														
ORG-C05204	בייערישן הויף	Theatre	1	בייערישן הויף	ווין		בייערישן הויף											
ORG-C05205	שניצערס קונסט-טעאַטער	Theatre	8	שניצערס קונסט-טעאַטער	ניו יאָרק		שניצערס קונסט-טעאַטער	אַמעריקע										
ORG-C05206	ברוקלינער ראָלאַנד-טעאַטער	Theatre	8	ברוקלינער ראָלאַנד-טעאַטער	ברוקלין | ברוקלינער		ברוקלינער ראָלאַנד-טעאַטער | ראָלאַנד-טעאַטער											
ORG-C05207	קאָמענעצער ישיבה	Education	1	קאָמענעצער ישיבה	קאמענעץ-פּאַדאָלסק		קאָמענעצער ישיבה											
ORG-C05208	ישיבת רבנו יעקב יוסף	Education	1	ישיבת רבנו יעקב יוסף	ניו יאָרק		ישיבת רבנו יעקב יוסף											
ORG-C05209	בית מדרש למודים	Education	1	בית מדרש למודים														
ORG-C05210	ריגער פּאָליטעכניקום	Education	1	ריגער פּאָליטעכניקום	ריגע													
ORG-C05211	טעכנישער הויכשול	Education	1	טעכנישער הויכשול	דרעזדען													
ORG-C05212	ליבאווער רוסישער פּרעסע	Journals/ Newspapers	1	ליבאווער רוסישער פּרעסע	ליבאַווע													
ORG-C05213	פֿרייטיק	Journals/ Newspapers	1	פֿרייטיק														
ORG-C05214	סטענדפֿאָרד-אוניווערזיטעט	Education	1	סטענדפֿאָרד-אוניווערזיטעט			סטענדפֿאָרד-אוניווערזיטעט	אַמעריקע										
ORG-C05215	היברו פאַבלישינג קאָ	Publisher	1	היברו פאַבלישינג קאָ	נ. י.		היברו פאַבלישינג קאָ		52	0.783	ipa_phonetic	ALIGN	52				Bella	2026-04-19T08:02:09Z
ORG-C05216	אַדלערס פּיפּלס-טעאַטער	Theatre	1	אַדלערס פּיפּלס-טעאַטער					604	0.632	ipa_phonetic							
ORG-C05217	אַדלערס טעאַטער	Theatre	3	אַדלערס טעאַטער	ניו יאָרק		אַדלערס טעאַטער | אַדלערס טעאַטער	אַמעריקע	630 | 426 | 278 | 123 | 252	0.692 | 0.692 | 0.643 | 0.615 | 0.615	ipa_phonetic | ipa_phonetic | ipa_phonetic | ipa_phonetic | ipa_phonetic							
ORG-C05218	סטעפאַני-טעאַטער	Theatre	2	סטעפאַני-טעאַטער | סטעפאַניאַ-טעאַטער	ווין		סטעפאַניע-טעאַטער		557 | 509 | 526 | 527 | 528	0.786 | 0.643 | 0.643 | 0.643 | 0.643	ipa_phonetic | ipa_phonetic | ipa_phonetic | ipa_phonetic | ipa_phonetic							
ORG-C05219	דער יונגער קעמפער	Journals/ Newspapers	1	דער יונגער קעמפער	נ. י.				426	0.615	ipa_phonetic							
ORG-C05220	שול אויף רישעלעווסקאַ גאַס	Education	1	שול אויף רישעלעווסקאַ גאַס	אָדעס	רישעלעווסקאַ גאַס	שול אויף רישעלעווסקאַ גאַס											
ORG-C05221	גאָלדפאַדעןס מאַרינסקיס טעאַטער	Theatre	1	גאָלדפאַדעןס מאַרינסקיס טעאַטער														
ORG-C05222	קלאַסיקע קאָמערץ-שול	Education	1	קלאַסיקע קאָמערץ-שול														
ORG-C05223	מעדיצינישן פֿאַקולטעט פֿון אָדעסער אוניווערזיטעט	Education	1	מעדיצינישן פֿאַקולטעט פֿון אָדעסער אוניווערזיטעט	אָדעס		אָדעסער אוניווערזיטעט											
ORG-C05224	פֿאָלקס-סאַציאָליסטישן טעאַטער	Theatre	1	פֿאָלקס-סאַציאָליסטישן טעאַטער														
ORG-C05225	רוסישן מלוכה-טעאַטער „דער רויטער פֿאַקל“	Theatre	2	רוסישן מלוכה-טעאַטער „דער רויטער פֿאַקל“														
ORG-C05226	רוסישן מלוכה-טעאַטער „סאַציאָליסטישע דראַמע“	Theatre	1	רוסישן מלוכה-טעאַטער „סאַציאָליסטישע דראַמע“														
ORG-C05227	1-טן יידישן מלוכה-טעאַטער-וואַרשטאָט	Theatre	1	1-טן יידישן מלוכה-טעאַטער-וואַרשטאָט	האָמעל		1-טן יידישן מלוכה-טעאַטער-וואַרשטאָט		499	0.625	ipa_phonetic							
ORG-C05228	קלוב „נאַרפיט“	Theatre	1	קלוב „נאַרפיט“	אָדעס		קלוב „נאַרפיט“											
ORG-C05229	אוקראַאינישע קינאַ-פֿאַרוואַלטונג	Media (Radio/ Film/TV)	1	אוקראַאינישע קינאַ-פֿאַרוואַלטונג														
ORG-C05230	מאָסקווער „סאָווקינאָ“	Media (Radio/ Film/TV)	1	מאָסקווער „סאָווקינאָ“	מאָסקווע		„סאָווקינאָ“											
ORG-C05231	זשורנאָל „סילועט“	Journals/ Newspapers	1	זשורנאָל „סילועט“														
ORG-C05232	יידישן וואַקאַלישן אַנסאַמבל ביים „געזקולט“	Traveling Company	1	יידישן וואַקאַלישן אַנסאַמבל ביים „געזקולט“														
ORG-C05233	קאַזשעווניקאָוו	Traveling Company	1	קאַזשעווניקאָוו														
ORG-C05234	ליבהאָבער-פֿאַרשטעלונגען פֿון גאָלדפאַדען-רעפּערטואָר	Theatre	1	ליבהאָבער-פֿאַרשטעלונגען פֿון גאָלדפאַדען-רעפּערטואָר														
ORG-C05235	פּראָפעסיאנעלער טרופּע פֿון לייזער בערנשטיין	Traveling Company	1	פּראָפעסיאנעלער טרופּע פֿון לייזער בערנשטיין														
ORG-C05236	יידיש מלוכה-טעאַטער ביים פֿאָלקבילד	Theatre	1	יידיש מלוכה-טעאַטער ביים פֿאָלקבילד	האָמעל				471 | 546 | 499 | 598	0.688 | 0.688 | 0.656 | 0.625	ipa_phonetic | ipa_phonetic | ipa_phonetic | ipa_phonetic							
ORG-C05237	פֿאָלקבילד	Non-Jewish political bodies	1	פֿאָלקבילד	האָמעל													
ORG-C05238	יידיש-אוקראַאינישן מלוכהשן באַוועגלעכן טעאַטער	Theatre	1	יידיש-אוקראַאינישן מלוכהשן באַוועגלעכן טעאַטער														
ORG-C05239	מאָגולעסקאָ-גאָלדפאַדעןס טרופּעס	Traveling Company	1	מאָגולעסקאָ-גאָלדפאַדעןס טרופּעס			רומעניע	רומעניע	345	0.630	ipa_phonetic	SPLIT		The name uses the plural 'טרופּעס' (troupes), indicating multiple distinct companies led by Mogulesko and Goldfaden.			auto_drafter	2026-05-18T04:16:44Z
ORG-C05240	טרופּע פֿון משה וויינבערג, בערמאַן און טאַנענצאפּ	Traveling Company	1	טרופּע פֿון משה וויינבערג, בערמאַן און טאַנענצאפּ	קראָקע													
ORG-C05241	לאָנדאָנער בראד-סטריט-טעאטער	Theatre	1	לאָנדאָנער בראד-סטריט-טעאטער	לאָנדאָן		בראד-סטריט-טעאטער											
ORG-C05242	יעקב גליקמאַן	Traveling Company	2	יעקב גליקמאַן														
ORG-C05243	ערשטע יידישע נאַציאָנאַל-ראדיקאלע פאָלקסשול	Education	1	ערשטע יידישע נאַציאָנאַל-ראדיקאלע פאָלקסשול														
ORG-C05244	בערגערס טרופּע	Traveling Company	1	בערגערס טרופּע	פאַריז				610 | 197 | 182 | 459 | 579	0.846 | 0.846 | 0.786 | 0.786 | 0.769	ipa_phonetic | ipa_phonetic | ipa_phonetic | ipa_phonetic | ipa_phonetic	ALIGN	197				Bella	2026-04-19T07:26:37Z
ORG-C05245	Medicinisch Chyrurgisch Lehrnanstalt zu Lemberg	Education	1	Medicinisch Chyrurgisch Lehrnanstalt zu Lemberg	לעמבערג		Medicinisch Chyrurgisch Lehrnanstalt zu Lemberg											
ORG-C05246	פֿאַרלאָג „נייע יידישע פֿאָלקסשול“	Publisher	1	פֿאַרלאָג „נייע יידישע פֿאָלקסשול“	ווילנע													
ORG-C05247	פּאַריזער יידישן טעאַטער	Theatre	2	פּאַריזער יידישן טעאַטער	פּאַריז				500 | 575 | 472 | 623 | 609	0.857 | 0.818 | 0.810 | 0.741 | 0.714	ipa_phonetic | ipa_phonetic | ipa_phonetic | ipa_phonetic | ipa_phonetic	NEW	662				Bella	2026-05-18T14:32:33Z
ORG-C05248	יעקב גאָרדין-בינע	Theatre	1	יעקב גאָרדין-בינע														
ORG-C05249	נואָרקער יידישן טעאַטער	Theatre	3	נואָרקער יידישן טעאַטער	נואָרק | נואָרקער		נואָרקער יידישן טעאַטער | נואָרקער יידישן טעאַטער		575 | 472 | 500 | 615 | 609	0.818 | 0.762 | 0.762 | 0.700 | 0.667	ipa_phonetic | ipa_phonetic | ipa_phonetic | ipa_phonetic | ipa_phonetic							
ORG-C05250	קאַסינאַ טעאַטער	Theatre	5	קאַסינאַ טעאַטער | קאָסינאָ	פילאַדעלפיע | פֿילאָדעלפיע		קאַסינאַ טעאַטער | קאַסינאַ-טעאַטער | קאָסינאַ-טעאַטער		124 | 168 | 252 | 263 | 526	0.615 | 0.615 | 0.615 | 0.615 | 0.615	ipa_phonetic | ipa_phonetic | ipa_phonetic | ipa_phonetic | ipa_phonetic							
ORG-C05251	ליביןס סטודיע	Media (Radio/ Film/TV)	1	ליביןס סטודיע	פילאָדעלפיע		ליביןס סטודיע											
ORG-C05252	ליידים גאָרמענט וואירקערס יוניאָן	Trade Union / Professional Association	1	ליידים גאָרמענט וואירקערס יוניאָן														
ORG-C05253	דראָמאַטישן קלוב ביי דער פֿילאָדעלפֿיער היברן ליטעראַטור-סאַסייט	Theatre	1	דראָמאַטישן קלוב ביי דער פֿילאָדעלפֿיער היברן ליטעראַטור-סאַסייט	פֿילאָדעלפֿיער		היברן ליטעראַטור-סאַסייט											
ORG-C05254	מאָקאָווער שיבה	Education	2	מאַקאָווער ישיבה | מאָקאָווער שיבה														
ORG-C05255	שטערןס דראַמאַטישע שול	Education	1	שטערןס דראַמאַטישע שול														
ORG-C05256	העברעישע תלמוד תורה	Education	1	העברעישע תלמוד תורה														
ORG-C05257	דאָס נייע יידישע קונסטטעאַטער	Theatre	1	דאָס נייע יידישע קונסטטעאַטער			אוירווינג-פלייס-טעאַטער		623 | 472 | 515 | 500 | 505	0.778 | 0.615 | 0.615 | 0.600 | 0.600	ipa_phonetic | ipa_phonetic | ipa_phonetic | ipa_phonetic | ipa_phonetic							
ORG-C05258	סטודיע פון מאָסקווער יידישן קאַמער-טעאַטער	Education	1	סטודיע פון מאָסקווער יידישן קאַמער-טעאַטער	מאָסקווע		סטודיע פון מאָסקווער יידישן קאַמער-טעאַטער		634	1.000	exact	NEW	634				Bella	2026-05-16T09:37:30Z
ORG-C05259	מייערכאָלדס סטודיע	Education	1	מייערכאָלדס סטודיע	מאָסקווע		מייערכאָלדס סטודיע											
ORG-C05260	קיעווער סטודיע ביי דער „קולטור-ליגע“	Theatre education	1	קיעווער סטודיע ביי דער „קולטור-ליגע“	קיעוו		קיעווער סטודיע											
ORG-C05261	איזידאָר ליליען	Traveling Company	1	איזידאָר ליליען														
ORG-C05262	מאַקס געבילס גאַסטראָלן	Traveling Company	1	מאַקס געבילס גאַסטראָלן														
ORG-C05263	גורוויטשעס גימנאַזיע	Education	1	גורוויטשעס גימנאַזיע														
ORG-C05264	"פֿאָד""א"	Traveling Company	2	"פֿאָד""א"	ווילנע													
ORG-C05265	דאָס יידישע קינסטלערטעאַטער	Theatre	1	דאָס יידישע קינסטלערטעאַטער	בערלין		דאָס יידישע קינסטלערטעאַטער		480 | 623	0.667 | 0.630	ipa_phonetic | ipa_phonetic							
ORG-C05266	נאָראַ פעיס טעאַטער	Theatre	1	נאָראַ פעיס טעאַטער	ניו יאָרק		נאָראַ פעיס טעאַטער		252 | 616	0.625 | 0.625	ipa_phonetic | ipa_phonetic							
ORG-C05267	Театрь и Искусство	Journals/ Newspapers	1	Театрь и Искусство														
ORG-C05268	אַרטיקער קונסט-געזעלשאַפט	Trade Union / Professional Association	1	אַרטיקער קונסט-געזעלשאַפט	מינסק													
ORG-C05269	טעאַטער בערגאַניע	Theatre	1	טעאַטער בערגאַניע	קיעוו		טעאַטער בערגאַניע		173	0.600	ipa_phonetic							
ORG-C05270	וואַרשעווער יידישע טעאַטער-געזעלשאַפט	Theatre-related Society/ Union	1	וואַרשעווער יידישע טעאַטער-געזעלשאַפט	ליטע													
ORG-C05271	באָברויסקער וואָכנבלאט	Journals/ Newspapers	1	באָברויסקער וואָכנבלאט														
ORG-C05272	מנחם	Publisher	1	מנחם														
ORG-C05273	פּעטראָגראדער טעאַטער געזעלשאַפט	Trade Union / Professional Association	1	פּעטראָגראדער טעאַטער געזעלשאַפט	פּעטראָגראד													
ORG-C05274	קאַמער-טעאַטער	Theatre	1	קאַמער-טעאַטער					296 | 529 | 555 | 627 | 526	1.000 | 0.750 | 0.750 | 0.692 | 0.667	exact | ipa_phonetic | ipa_phonetic | ipa_phonetic | ipa_phonetic	ALIGN	296				Bella	2026-04-26T08:35:45Z
ORG-C05275	יידישער טעאַטער-געזעלשאַפֿט אין ניו-יאָרק	Theatre-related Society/ Union	1	יידישער טעאַטער-געזעלשאַפֿט אין ניו-יאָרק	ניו-יאָרק													
ORG-C05276	דזשוליאד פאָנדיישאָן	Education	1	דזשוליאד פאָנדיישאָן														
ORG-C05277	"פאַראיין ""בני ציון"""	Jewish political bodies	1	"פאַראיין ""בני ציון"""	מאָסקווע													
ORG-C05278	קאַלומביאָ-אוניווערסיטעט	Education	2	קאַלומביאָ-אוניווערסיטעט	ניו-יאָרק			אמעריקע										
ORG-C05279	"שול ""יהודיה"""	Education	1	"שול ""יהודיה"""	וואַרשע													
ORG-C05280	י. ל. פרץ-פרימאָרגן	Traveling Company	1	י. ל. פרץ-פרימאָרגן	אַמעריקע													
ORG-C05281	אונזער פֿאָלק	Journals/ Newspapers	2	אונזער פֿאָלק	ניו יאָרק			אַמעריקע	426	0.615	ipa_phonetic							
ORG-C05282	גימפּעלן אַרויסגעטראָטענער טרופּע	Traveling Company	1	גימפּעלן אַרויסגעטראָטענער טרופּע	בודאפּעסט													
ORG-C05283	וואַנדערער	Publisher	2	וואַנדערער	וואַרשע		"פֿאַרלאַג „וואַנדערער"""	פּוילן										
ORG-C05284	קיעווער סטודיאָ-טעאַטער	Theatre	1	קיעווער סטודיאָ-טעאַטער	קיעוו			אוקראַיִנע	573 | 604	0.600 | 0.600	ipa_phonetic | ipa_phonetic							
ORG-C05285	קאָמוניסטישע שטים	Journals/ Newspapers	1	קאָמוניסטישע שטים	אָדעס													
ORG-C05286	ראדזינער שטיבל	Religious institutions/organizations	1	ראדזינער שטיבל														
ORG-C05287	יום-טוב בלעטער	Journals/ Newspapers	2	יום-טוב בלעטער														
ORG-C05288	עפּעלבערגס קאַלענדארן	Publisher	1	עפּעלבערגס קאַלענדארן														
ORG-C05289	בדפוס י. אַלאַפּין	Publisher	1	בדפוס י. אַלאַפּין														
ORG-C05290	יידישער דראַמע	Theatre	2	יידישער דראַמע					461 | 466	0.714 | 0.615	ipa_phonetic | ipa_phonetic							
ORG-C05291	פּראָגראַם און קריטיק	Journals/ Newspapers	1	פּראָגראַם און קריטיק	וואַרשע													
ORG-C05292	פערלאַג עליזעאום	Publisher	3	פערלאַג עליזעאום	וואַרשע		פערלאַג „עליזעאום“	פּוילן										
ORG-C05293	ל. מאָרגענשטערן	Publisher	2	ל. מאָרגענשטערן	וואַרשע			פּוילן										
ORG-C05294	מ. מייזעל	Publisher	1	מ. מייזעל	נ. י.													
ORG-C05295	רוסישער אָנפֿאַנגס-שול	Education	1	רוסישער אָנפֿאַנגס-שול														
ORG-C05296	יידישן מלוכה-טעאַטער א'פ פֿון אַזראַ	Theatre	1	יידישן מלוכה-טעאַטער א'פ פֿון אַזראַ					598 | 471 | 499 | 546 | 473	1.000 | 0.719 | 0.719 | 0.719 | 0.600	exact | ipa_phonetic | ipa_phonetic | ipa_phonetic | ipa_phonetic	NEW	598				Bella	2026-05-10T09:59:45Z
ORG-C05297	קאמינסקי און טורקאָוו	Traveling Company	1	קאמינסקי און טורקאָוו														
ORG-C05298	דוד הערמאַן	Traveling Company	1	דוד הערמאַן														
ORG-C05299	לעדער-פֿאַבריק	Labour (factory/workshop)	1	לעדער-פֿאַבריק														
ORG-C05300	טרופּעס פֿון עסקרין	Traveling Company	1	טרופּעס פֿון עסקרין					596 | 486 | 523 | 542 | 626	0.882 | 0.647 | 0.647 | 0.647 | 0.647	ipa_phonetic | ipa_phonetic | ipa_phonetic | ipa_phonetic | ipa_phonetic	ALIGN	596				Sinai	2026-05-18T09:36:22Z
ORG-C05301	טרופּעס פֿון קרויזע-גורעוויטש	Traveling Company	1	טרופּעס פֿון קרויזע-גורעוויטש														
ORG-C05302	פרענקליין-טעאַטער	Theatre	1	פרענקליין-טעאַטער	פילאדעלפיע		פרענקליין-טעאַטער		622 | 509 | 520 | 528 | 556	0.688 | 0.625 | 0.625 | 0.625 | 0.625	ipa_phonetic | ipa_phonetic | ipa_phonetic | ipa_phonetic | ipa_phonetic							
ORG-C05303	פּיפּלס קראָן דראַמאָטיק סאָסייטי	Theatre	1	פּיפּלס קראָן דראַמאָטיק סאָסייטי														
ORG-C05304	אַקטיאָרן-יוניע לאָקאַל 18	Theatre-related Society/ Union	1	אַקטיאָרן-יוניע לאָקאַל 18														
ORG-C05305	דרוק אולריך	Publisher	1	דרוק אולריך	אָדעס													
ORG-C05306	קיעווער קונסט-שול פֿאַר סקולפּטור	Education	1	קיעווער קונסט-שול פֿאַר סקולפּטור	קיעוו		קיעווער קונסט-שול											
ORG-C05307	סמיטס טעאַטער	Theatre	2	סמיטס טעאָטער | סמיטס טעאַטער	לאָנדאָן	פּרינצעס סטריט	סמיטס טעאָטער | סמיטס טעאַטער	ענגלאַנד	553 | 263 | 577	0.667 | 0.615 | 0.615	ipa_phonetic | ipa_phonetic | ipa_phonetic							
ORG-C05308	יידישן טעאַטער א'א פֿון אַברהם גאָלדפאַדען	Traveling Company	1	יידישן טעאַטער א'א פֿון אַברהם גאָלדפאַדען														
ORG-C05309	יידישע סאַציאָליסטישע פעדעראַציע	Jewish political bodies	1	יידישע סאַציאָליסטישע פעדעראַציע														
ORG-C05310	אַרבעטער-טעאַטער-פֿאַרבאַנד	Theatre-related Society/ Union	3	אַרבעטער-טעאַטער-פֿאַרבאַנד	ניו-יאָרק													
ORG-C05311	פערלאַג מייזעל עט קאָ.	Publisher	2	פערלאַג מייזעל עט קאָ.	ניו יאָרק | ניו יאָרק													
ORG-C05312	לוח אַחיעבר	Publisher	2	לוח אַחיעבר	ניו יאָרק | ניו-יאָרק		נ. י.	אַמעריקע										
ORG-C05313	רוסישער קרוינישער רעאַל-שול	Education	1	רוסישער קרוינישער רעאַל-שול														
ORG-C05314	די יידישע זאַמלביכער	Journals/ Newspapers	1	די יידישע זאַמלביכער														
ORG-C05315	פּ'צ	Jewish political bodies	1	פּ'צ														
ORG-C05316	אַרבייטער-היים	Publisher	1	אַרבייטער-היים	וואַרשע		אַרבייטער-היים											
ORG-C05317	"ישיבה „לשכת הרבנים"" אין ירושלים"	Education	1	"ישיבה „לשכת הרבנים"" אין ירושלים"	ירושלים		"ישיבה „לשכת הרבנים"""											
ORG-C05318	לערער-סעמינאר פֿון הילפס-פאַראיין	Education	1	לערער-סעמינאר פֿון הילפס-פאַראיין														
ORG-C05319	"שטאָט-ביבליאָטעק ""שער ציון“"	Library	1	"שטאָט-ביבליאָטעק ""שער ציון“"	תל-אביב		"שטאָט-ביבליאָטעק ""שער ציון“"											
ORG-C05320	ראַטנפאַרבאַנד	Theatre	1	ראַטנפאַרבאַנד														
ORG-C05321	טעאַטער-אָשערס-יוניאָן	Theatre-related Society/ Union	1	טעאַטער-אָשערס-יוניאָן														
ORG-C05322	ראָזענבערגס טרופּע	Traveling Company	3	ראָזענבערגס טרופּע	אָדעס | כערסאָן		אָדעסער טרופּע		582 | 559 | 455 | 579 | 583	0.812 | 0.750 | 0.750 | 0.688 | 0.688	ipa_phonetic | ipa_phonetic | ipa_phonetic | ipa_phonetic | ipa_phonetic							
ORG-C05323	מאָסקווער יידישן צ מלוכה-טעאַטער	Theatre	1	מאָסקווער יידישן צ מלוכה-טעאַטער	לענינגראָד				543 | 501 | 505 | 472 | 478	0.867 | 0.800 | 0.800 | 0.767 | 0.767	ipa_phonetic | ipa_phonetic | ipa_phonetic | ipa_phonetic | ipa_phonetic	NEW	543				Bella	2026-04-30T17:18:11Z
ORG-C05324	שול „בלאַט'	Education	1	שול „בלאַט'	בוקאַרעסט		שול „בלאַט'	רומעניע										
ORG-C05325	טעאַטער זשיננוצא	Theatre	1	טעאַטער זשיננוצא	בוקאַרעסט		טעאַטער זשיננוצא	רומעניע	398	0.625	ipa_phonetic							
ORG-C05326	מלבום-שול	Education	1	מלבום-שול	בוקאַרעסט		מלבום-שול	רומעניע										
ORG-C05327	יידישן (מאַרינסקי) טעאַטער	Theatre	1	יידישן (מאַרינסקי) טעאַטער	אָדעס													
ORG-C05328	צעזאָר גרינבערגס אויפֿפֿירונג פֿון „מכירת יוסף“	Traveling Company	1	צעזאָר גרינבערגס אויפֿפֿירונג פֿון „מכירת יוסף“	קאָנסטאַנטינאָפּאָל													
ORG-C05329	„ביים פֿיליטניק“	Theatre	1	„ביים פֿיליטניק“	לעמבערג		„ביים פֿיליטניק“											
ORG-C05330	פי ריינהאָרדס טרופּע	Traveling Company	1	פי ריינהאָרדס טרופּע					470 | 198 | 421	0.611 | 0.611 | 0.611	ipa_phonetic | ipa_phonetic | ipa_phonetic							
ORG-C05331	אַדלערס האָפּ-טעאַטער	Theatre	1	אַדלערס האָפּ-טעאַטער	באָסטאָן		האָפּ-טעאַטער		604	0.632	ipa_phonetic							
ORG-C05332	שוירטמייקערס-יוניאָן	Trade Union / Professional Association	1	שוירטמייקערס-יוניאָן	אמעריקע													
ORG-C05333	דער אידישער פּאָק	Journals/ Newspapers	1	דער אידישער פּאָק					564 | 614 | 635 | 461	0.867 | 0.722 | 0.611 | 0.611	ipa_phonetic | ipa_phonetic | ipa_phonetic | ipa_phonetic	ALIGN	564				Bella	2026-05-18T08:32:26Z
ORG-C05334	דיאַ אידישע טעגליכע פּרעסע	Journals/ Newspapers	1	דיאַ אידישע טעגליכע פּרעסע														
ORG-C05335	ניו יודיש טעאַטער	Theatre	1	ניו יודיש טעאַטער	פֿילאָדעלפיע	גרין און 3טע סטריט	גרין און 3טע סטריט		500	0.632	ipa_phonetic							
ORG-C05336	אייווען אָבראָמסאָן איטאָליען גרענד-אָפּעראָ	Theatre	1	אייווען אָבראָמסאָן איטאָליען גרענד-אָפּעראָ	אַמעריקע													
ORG-C05337	אָקאָדעמיע אָת מיוזיק	Theatre	1	אָקאָדעמיע אָת מיוזיק	ניו יאָרק	14טע סטריט	אָקאָדעמיע אָת מיוזיק											
ORG-C05338	דואי טעאָטער	Theatre	1	דואי טעאָטער	ניו יאָרק	14טע סטריט	דואי טעאָטער		560 | 557 | 527 | 123 | 489	0.727 | 0.667 | 0.643 | 0.636 | 0.636	ipa_phonetic | ipa_phonetic | ipa_phonetic | ipa_phonetic | ipa_phonetic							
ORG-C05339	האָטעל באָמבאַך	Business	1	האָטעל באָמבאַך	לעמבערג		האָטעל באָמבאַך											
ORG-C05340	פֿאַר דער שול	Business	1	פֿאַר דער שול	לעמבערג		פֿאַר דער שול											
ORG-C05341	פאָדען	Business	1	פאָדען	ניו יאָרק	ריווינגטאָן און קלינטאָן-סטריט	פאָדען	אָמעריקע										
ORG-C05342	אַגעדס רעסטאָראָצוע	Business	1	אַגעדס רעסטאָראָצוע	ניו יאָרק	ריווינגטאָן און קלינטאָן-סטריט	אַגעדס רעסטאָראָצוע											
ORG-C05343	קאָמעדיע	Theatre	1	קאָמעדיע		49-59 סאָפֿאָלק סטריט	טעאַטער „קאָמעדיע“											
ORG-C05344	אָגעדס יוניאָן-וואָדעווייל-הויז	Theatre	1	אָגעדס יוניאָן-וואָדעווייל-הויז		331 עלדרידזש סטריט	אָגעדס יוניאָן-וואָדעווייל-הויז											
ORG-C05345	אָגעדס ביסמאָרק גאָרדן	Theatre	1	אָגעדס ביסמאָרק גאָרדן		בושוויק און דזשאָמייקאַ עוועניו	אָגעדס ביסמאָרק גאָרדן											
ORG-C05346	גריכישער שול	Education	1	גריכישער שול														
ORG-C05347	בעלאַסקאָס ענגלישער אויפֿפֿירונג פֿון שיילאָק	Theatre	1	בעלאַסקאָס ענגלישער אויפֿפֿירונג פֿון שיילאָק														
ORG-C05348	ניו יאָרקער יידישן פֿאָלקס-טעאַטער	Theatre	1	ניו יאָרקער יידישן פֿאָלקס-טעאַטער	ניו יאָרק		יידישן פֿאָלקס-טעאַטער		615 | 541 | 565 | 539 | 494	1.000 | 0.767 | 0.767 | 0.677 | 0.667	exact | ipa_phonetic | ipa_phonetic | ipa_phonetic | ipa_phonetic	NEW	615				Bella	2026-05-15T10:47:54Z
ORG-C05349	גאַסטער-שול	Religious institutions/organizations	1	גאַסטער-שול	כוקאָרעסט		גאַסטער-שול											
ORG-C05350	טרופּע פון דוד שוואַרצבאַרד	Traveling Company	2	דוד שוואַרצבאַרדס טרופּע | טרופּע פון דוד שוואַרצבאַרד														
ORG-C05351	טרופּע פון אַברהם קאַמינסקי	Traveling Company	1	טרופּע פון אַברהם קאַמינסקי	ביאַליסטאָק													
ORG-C05352	לאָדזשער צירקבנין	Theatre	1	לאָדזשער צירקבנין	לאָדזש		לאָדזשער צירקבנין											
ORG-C05353	יעוורעיסקאָיע קאַזיאָנאָיע אוטשילישטשע	Education	1	יעוורעיסקאָיע קאַזיאָנאָיע אוטשילישטשע	אָדעס		יעוורעיסקאָיע קאַזיאָנאָיע אוטשילישטשע											
ORG-C05354	צאָל-אַמט	Non-Jewish political bodies	1	צאָל-אַמט	אָדעס		צאָל-אַמט											
ORG-C05355	קלאָב אויף פּרינצעס-סטריט	Theatre	1	קלאָב אויף פּרינצעס-סטריט	לאָנדאָן	Princess Street	קלאָב אויף פּרינצעס-סטריט	ענגלאַנד										
ORG-C05356	לובין־פילם קאָמפּ.	Media (Radio/ Film/TV)	1	לובין־פילם קאָמפּ.	פילאַדעלפיע		לובין־פילם קאָמפּ.	אַמעריקע										
ORG-C05357	ספּיוואַקאָווסקיס רוסישער אויפפירונג פון „שולמית“	Theatre	1	ספּיוואַקאָווסקיס רוסישער אויפפירונג פון „שולמית“														
ORG-C05358	באָגראָגאָווס דראַמאַטישער שול	Education	1	באָגראָגאָווס דראַמאַטישער שול	כאַרקאָוו													
ORG-C05359	זשיטאָמירסקיס יידישער טרופּע	Traveling Company	1	זשיטאָמירסקיס יידישער טרופּע					485	0.654	ipa_phonetic							
ORG-C05360	נאָווי דזשענניק	Journals/ Newspapers	1	נאָווי דזשענניק	קראָקאַווע													
ORG-C05361	וואלף-פאַרלאַג	Publisher	1	וואלף-פאַרלאַג	לאָדזש													
ORG-C05362	ניו-יאָרק יוניוואוירזיטי	Education	1	ניו-יאָרק יוניוואוירזיטי	ניו-יאָרק		ניו-יאָרק יוניוואוירזיטי	אַמעריקע										
ORG-C05363	באָלעסלאַווסקיס דראַמאַטישער סטודיע	Education	1	באָלעסלאַווסקיס דראַמאַטישער סטודיע	ניו-יאָרק		באָלעסלאַווסקיס דראַמאַטישער סטודיע											
ORG-C05364	אָדעסער טרופּע פון ספּיוואַקאָווסקי-פישזאָן	Traveling Company	1	אָדעסער טרופּע פון ספּיוואַקאָווסקי-פישזאָן	אָדעס			רוסלאַנד										
ORG-C05365	יידיש ליטעראַריש קונסט-טעאַטער	Theatre	1	יידיש ליטעראַריש קונסט-טעאַטער	אָדעס													
ORG-C05366	פירמע סעם אַדלער פון אַמעריקע	Traveling Company	1	פירמע סעם אַדלער פון אַמעריקע				רוסלאַנד										
ORG-C05367	שניצערס גאַרדן-טעאַטער	Theatre	1	שניצערס גאַרדן-טעאַטער	ניו-יאָרק		גאַרדן-טעאַטער	אַמעריקע										
ORG-C05368	שוואַרץס טרופּע	Traveling Company	1	שוואַרץס טרופּע	ווין			עסטרייך	269 | 470 | 469 | 264 | 629	0.769 | 0.706 | 0.615 | 0.615 | 0.600	ipa_phonetic | ipa_phonetic | ipa_phonetic | ipa_phonetic | ipa_phonetic							
ORG-C05369	פריימויערער	Welfare/Aid organization	1	פריימויערער														
ORG-C05370	טרופּע פֿון היינע-חיימאָוויטש	Traveling Company	3	היינע-חיימאָוויטש | טרופּע פֿון היינע-חיימאָוויטש	אָדעס													
ORG-C05371	אָרוענטאָל-טעאַטער	Theatre	1	אָרוענטאָל-טעאַטער					151 | 527 | 528 | 628 | 177	0.733 | 0.667 | 0.667 | 0.667 | 0.625	ipa_phonetic | ipa_phonetic | ipa_phonetic | ipa_phonetic | ipa_phonetic							
ORG-C05372	טרופּע פֿינקעל-פֿיינמאָן-מאָגולעסקאָ	Traveling Company	1	טרופּע פֿינקעל-פֿיינמאָן-מאָגולעסקאָ														
ORG-C05373	סאָרדזשענט בעלאַסקאַ סקול אָף אָרט	Theatre education	1	סאָרדזשענט בעלאַסקאַ סקול אָף אָרט														
ORG-C05374	ענגלישן רעפּערטאָרי-טעאַטער	Theatre	1	ענגלישן רעפּערטאָרי-טעאַטער	כאָסטאָן		ענגלישן רעפּערטאָרי-טעאַטער											
ORG-C05375	אָרטיקער פֿאָלקסשול	Education	1	אָרטיקער פֿאָלקסשול	אַלעסקאָ		אָרטיקער פֿאָלקסשול											
ORG-C05376	בני ציוז	Jewish political bodies	1	בני ציוז														
ORG-C05377	דייטשער פּרעסע	Journals/ Newspapers	2	דייטשער פּרעסע														
ORG-C05378	פּעטערבורגער „פֿריינד“	Journals/ Newspapers	1	פּעטערבורגער „פֿריינד“	פּעטערבורג													
ORG-C05379	דייטשער נויע לאָדזשער צייטונג	Journals/ Newspapers	1	דייטשער נויע לאָדזשער צייטונג	לאָדזש				347	0.783	fuzzy							
ORG-C05380	טרופּע אָדלער-סיעראָצקי	Traveling Company	1	טרופּע אָדלער-סיעראָצקי														
ORG-C05381	מאָסקווער גימנאָזיע	Education	1	מאָסקווער גימנאָזיע	מאָסקווע		מאָסקווער גימנאָזיע											
ORG-C05382	הויכשולן פֿון קענינסגערג	Education	1	הויכשולן פֿון קענינסגערג	קענינסגערג													
ORG-C05383	שאָרלאַטענבורג	Education	1	שאָרלאַטענבורג	שאָרלאַטענבורג													
ORG-C05384	דייטשן וואָריעטע	Theatre	1	דייטשן וואָריעטע														
ORG-C05385	רומעניע-אָפּעראָ-הוין	Theatre	1	רומעניע-אָפּעראָ-הוין	ניו יאָרק		רומעניע-אָפּעראָ-הוין											
ORG-C05386	בראָדוויי-מיוזיקאָל-האָל	Theatre	1	בראָדוויי-מיוזיקאָל-האָל	ברוקלין		בראָדוויי-מיוזיקאָל-האָל	אָמעריקע										
ORG-C05387	אוירווינג מיוזיקאָל-האָל	Theatre	1	אוירווינג מיוזיקאָל-האָל														
ORG-C05388	קעסלער דראָמאָטיק-קלאָב	Theatre	1	קעסלער דראָמאָטיק-קלאָב			טורן-האָל											
ORG-C05389	זאָנגען	Journals/ Newspapers	1	זאָנגען	ווילנע													
ORG-C05390	יידישן קעמפער	Journals/ Newspapers	1	יידישן קעמפער														
ORG-C05391	טרופּע קרויזע-ספּיוואָקאָווסקי	Traveling Company	1	טרופּע קרויזע-ספּיוואָקאָווסקי														
ORG-C05392	לאָבעלס ראָיאַל-טעאַטער	Theatre	1	לאָבעלס ראָיאַל-טעאַטער	ניו יאָרק		ראָיאַל-טעאַטער		235	0.632	ipa_phonetic							
ORG-C05393	שיקאַגאָ ביי יאָזעף קעסלער	Theatre	1	שיקאַגאָ ביי יאָזעף קעסלער	שיקאַגאָ													
ORG-C05394	פילאַדעלפיע ביי אָנשעל שאָר	Theatre	1	פילאַדעלפיע ביי אָנשעל שאָר	פילאַדעלפיע													
ORG-C05395	פּיפּעלס טעאַטער	Theatre	4	פּיפּעלס טעאַטער	ניו-יאָרק		פּיפּעלס טעאַטער		123 | 630 | 278 | 509 | 560	0.692 | 0.692 | 0.643 | 0.615 | 0.615	ipa_phonetic | ipa_phonetic | ipa_phonetic | ipa_phonetic | ipa_phonetic							
ORG-C05396	שיקאַגאָ ביי גליקמאַן און מיכאָלעסקאָ	Theatre	1	שיקאַגאָ ביי גליקמאַן און מיכאָלעסקאָ	שיקאַגאָ													
ORG-C05397	סינגער-האָל	Theatre	3	סינגער-האָל	בראַנזווייל | בראַנזוויל | בראָנזוויל		סינגער האָל | סינגער-האָל											
ORG-C05398	ברעמהאָל פליי-הויז	Theatre	1	ברעמהאָל פליי-הויז	ניו יאָרק	27טע סטריט	ברעמהאָל פליי-הויז											
ORG-C05399	כאָר צו גימפּעלן	Traveling Company	1	כאָר צו גימפּעלן	לעמבערג		גימפּעלס טעאַטער											
ORG-C05400	האָרטן	Traveling Company	1	האָרטן			גאַליצישער פּראָווינץ		626	0.667	fuzzy							
ORG-C05401	קראָקאָ	Theatre	1	קראָקאָ	קראָקע													
ORG-C05402	עבעלן	Traveling Company	2	עבעלן														
ORG-C05403	משה ריכטערס	Traveling Company	1	משה ריכטערס	טשערנאָוויץ													
ORG-C05404	ב. האָרט	Traveling Company	2	ב. האָרט			גאַליציע											
ORG-C05405	רוסישן וואָרעוויל	Theatre	1	רוסישן וואָרעוויל														
ORG-C05406	סאָלאָווצאָוו-טעאַטער	Theatre	2	סאָלאָווצאָוו-טעאַטער					514	0.625	ipa_phonetic							
ORG-C05407	קיעווער האָנדלסאינסטיטוט	Education	1	קיעווער האָנדלסאינסטיטוט														
ORG-C05408	ליטעראַריש-דראָמאַטישער קרייז	Theatre	1	ליטעראַריש-דראָמאַטישער קרייז	ווילנע				606	0.708	fuzzy							
ORG-C05409	טעאַטער שאַנס-עליזע	Theatre	1	טעאַטער שאַנס-עליזע	פּאַריז		שאַנס-עליזע	פראַנקרייך										
ORG-C05410	קינגס-וויי-טעאַטער	Theatre	1	קינגס-וויי-טעאַטער	לאָנדאָן		קינגס-וויי-טעאַטער	ענגלאַנד	124	0.625	ipa_phonetic							
ORG-C05411	ניישאָנאַל	Theatre	5	ניישאָנאַל	ניו יאָרק		ניישאָנאַל	אַמעריקע										
ORG-C05412	בון אָנעדן	Theatre	1	בון אָנעדן														
ORG-C05413	קלעירמאָנט-טעאַטער	Theatre	1	קלעירמאָנט-טעאַטער	בראַנקס		קלעירמאָנט-טעאַטער		176 | 235 | 529 | 555 | 622	0.625 | 0.625 | 0.625 | 0.625 | 0.625	ipa_phonetic | ipa_phonetic | ipa_phonetic | ipa_phonetic | ipa_phonetic							
ORG-C05414	לעגיטימען טעאַטער	Theatre	3	לעגיטימען טעאַטער | לעגיטימען טעאַטער אין ניו יאָרק	ניו יאָרק				252 | 263 | 536 | 553 | 622	0.625 | 0.625 | 0.625 | 0.625 | 0.625	ipa_phonetic | ipa_phonetic | ipa_phonetic | ipa_phonetic | ipa_phonetic							
ORG-C05415	דוראָווס צירק	Circus	1	דוראָווס צירק								NEW	645				Sinai	2026-05-18T05:08:44Z
ORG-C05416	אינברודערס טרופּע	Traveling Company	1	אינברודערס טרופּע	פּעטראָגדאָד				583 | 568 | 579 | 610 | 625	0.688 | 0.625 | 0.625 | 0.625 | 0.625	ipa_phonetic | ipa_phonetic | ipa_phonetic | ipa_phonetic | ipa_phonetic							
ORG-C05417	מישע פישזאָוס „מוסטער-טעאַטער“	Theatre	2	מישע פישזאָוס „מוסטער-טעאַטער“ | מישע פישזאָןס „מוסטער-טעאָטער“			מישע פישזאָןס „מוסטער-טעאָטער“	רומעניע										
ORG-C05418	טעאַטער נאו	Theatre	1	טעאַטער נאו	בוקאָרעסט				581	0.615	ipa_phonetic							
ORG-C05419	ישראל ראָזענבערנס טרופּע	Traveling Company	1	ישראל ראָזענבערנס טרופּע	אָדעם				629	0.636	ipa_phonetic							
ORG-C05420	רי הערשלס ישיבה	Education	1	רי הערשלס ישיבה	אומאַן			אוקראָאינע										
ORG-C05421	טאָלנער קלויז	Education	1	טאָלנער קלויז														
ORG-C05422	מחזיקי הדת	Religious institutions/organizations	1	מחזיקי הדת	לאָנדאָן													
ORG-C05423	ענגלישן הענר' אוירווינג דראָמאָטיק און ליטעראָרי קלאָב	Amateur	1	ענגלישן הענר' אוירווינג דראָמאָטיק און ליטעראָרי קלאָב	לאָנדאָן													
ORG-C05424	פֿאַרווערטסקלאָב	Amateur	1	פֿאַרווערטסקלאָב	לאָנדאָן													
ORG-C05425	אידישען טעלעגראָף	Journals/ Newspapers	1	אידישען טעלעגראָף					572	0.650	ipa_phonetic							
ORG-C05426	פֿאָלקס-פֿאָרבאַנד	Theatre-related Society/ Union	1	פֿאָלקס-פֿאָרבאַנד														
ORG-C05427	קונסט-שול פֿון וואָרשע	Education	1	קונסט-שול פֿון וואָרשע	וואָרשע													
ORG-C05428	טעאַטער-סטודיע פֿון דער קולטור-לינע	Education	1	טעאַטער-סטודיע פֿון דער קולטור-לינע														
ORG-C05429	ערשטער יידישער פֿאַראייניקטער דראָמאָטישער טרופּע אין ליטע	Traveling Company	1	ערשטער יידישער פֿאַראייניקטער דראָמאָטישער טרופּע אין ליטע				ליטע										
ORG-C05430	י. מ. ווייסנבערנס פֿאָרלאָג	Publisher	1	י. מ. ווייסנבערנס פֿאָרלאָג														
ORG-C05431	דער אַלטער ישיבה פֿון קעשעניעוו	Education	1	דער אַלטער ישיבה פֿון קעשעניעוו														
ORG-C05432	ציפקוסעס וואַנדער-טרופּע	Traveling Company	1	ציפקוסעס וואַנדער-טרופּע														
ORG-C05433	שאָראַוו	Traveling Company	1	שאָראַוו														
ORG-C05434	זילבערט	Theatre	2	זילבערט														
ORG-C05435	לייבעלע זינגער	Theatre	1	לייבעלע זינגער														
ORG-C05436	אָרטיקן אוניווערזיטעט	Education	1	אָרטיקן אוניווערזיטעט	קעניגסבערג				530 | 561 | 585 | 590 | 487	0.750 | 0.667 | 0.667 | 0.650 | 0.636	ipa_phonetic | ipa_phonetic | ipa_phonetic | ipa_phonetic | ipa_phonetic							
ORG-C05437	חברת דורשי לשון עבר	Theatre	1	חברת דורשי לשון עבר	קענינסבערג													
ORG-C05438	חברת שוחרי הטוב ותושיה בקינינסברג וברלין	Theatre	1	חברת שוחרי הטוב ותושיה בקינינסברג וברלין	קינינסברג													
ORG-C05439	פריישול	Education	1	פריישול	בערלין													
ORG-C05440	המאַסף	Journals/ Newspapers	2	המאַסף	בערלין | קעניגסבערג													
ORG-C05441	חנוך נערים	Publisher	1	חנוך נערים	בערלין													
ORG-C05442	געזעלשאַפט דער פרוינדע	Welfare/Aid organization	1	געזעלשאַפט דער פרוינדע	בערלין													
ORG-C05443	בערטאָ פֿייווישאָוו	Traveling Company	1	בערטאָ פֿייווישאָוו														
ORG-C05444	וואָלפגעשאָפעןס קאָנצעסיע	Traveling Company	1	וואָלפגעשאָפעןס קאָנצעסיע			גאַליציע											
ORG-C05445	קעניגליכן נאַציאָנאַל-טעאָטער	Theatre	1	קעניגליכן נאַציאָנאַל-טעאָטער	בוקאַרעסט													
ORG-C05446	פּראָווינץטרופּע פֿון אייווען אַבראַמסאָן	Traveling Company	1	פּראָווינץטרופּע פֿון אייווען אַבראַמסאָן														
ORG-C05447	2טן (יידישן) שטאָט-טעאַטער	Theatre	1	2טן (יידישן) שטאָט-טעאַטער	ריגע		2טן (יידישן) שטאָט-טעאַטער		624	0.600	ipa_phonetic							
ORG-C05448	"קוטנערס „מוזיקאַלישע קאָמעדיע"""	Traveling Company	1	"קוטנערס „מוזיקאַלישע קאָמעדיע"""														
ORG-C05449	ערשטן לעטישן פֿילם	Theatre	1	ערשטן לעטישן פֿילם														
ORG-C05450	הומיר	Theatre	2	הומיר	אַזאַרקאָוו													
ORG-C05451	וואָרנער בראָדער-סטודיע	Media (Radio/ Film/TV)	1	וואָרנער בראָדער-סטודיע	לאָס-אַנדזשעלאָס													
ORG-C05452	רוסישע דראָמאָטישע טעאַטער	Theatre	1	רוסישע דראָמאָטישע טעאַטער	אָדעם		רוסישע דראָמאָטישע טעאַטער	אוקראינע										
ORG-C05453	טרופּע פֿון מאָריס זייגלער	Traveling Company	2	טרופּע פֿון מאָריס זייגלער | מאָריס זייגלער					563 | 483 | 578	0.652 | 0.609 | 0.609	ipa_phonetic | ipa_phonetic | ipa_phonetic							
ORG-C05454	טרופּע סטרעלסקאַ	Traveling Company	1	טרופּע סטרעלסקאַ														
ORG-C05455	טראַכטענבערגס קליינער וואַנדער-טרופּע	Traveling Company	1	טראַכטענבערגס קליינער וואַנדער-טרופּע														
ORG-C05456	רוסיש מיניאַטור-טעאַטער	Theatre	1	רוסיש מיניאַטור-טעאַטער														
ORG-C05457	אַלטן טיפּ טעאָטער	Theatre	1	אַלטן טיפּ טעאָטער	אָדעם				520 | 426	0.600 | 0.600	ipa_phonetic | ipa_phonetic							
ORG-C05458	וואירקערס פּאָרטיי	Non-Jewish political bodies	1	וואירקערס פּאָרטיי														
ORG-C05459	"פֿאַרלאָג „די וועלט"""	Publisher	2	"פֿאַרלאָג „די וועלט"""	וואַרשע													
ORG-C05460	"פֿ""ג מייזעל עט קאָ."	Publisher	2	"פֿ""ג מייזעל עט קאָ."	ניו יאָרק | ניויאָרק													
ORG-C05461	ישראל ראָזענבערג מיט ספּיוואָקאָווסקין	Traveling Company	1	ישראל ראָזענבערג מיט ספּיוואָקאָווסקין	אָדעס													
ORG-C05462	„אָדעסער קינסטלערישער שול“	Education	1	„אָדעסער קינסטלערישער שול“	אָדעס		אָדעסער קינסטלערישער שול											
ORG-C05463	קאָמינטערן	Non-Jewish political bodies	1	קאָמינטערן	מאָסקווע													
ORG-C05464	קעשעניעווער קאָנסערוואַטאָריום	Education	1	קעשעניעווער קאָנסערוואַטאָריום	קעשעניעוו													
ORG-C05465	ראָיאל קאָלעדזש	Education	1	ראָיאל קאָלעדזש	לאָנדאָן			ענגלאַנד										
ORG-C05466	יידישע דראָמאָטישע און אָפּערן-טעאַטער	Theatre	1	יידישע דראָמאָטישע און אָפּערן-טעאַטער	לאָנדאָן		פּאָוויליאָן טעאַטער											
ORG-C05467	די ליכט	Journals/ Newspapers	2	דאָס ליכט | די ליכט	"ב""א | וואַרשע"													
ORG-C05468	"יידישער דראָמאַטישער סטודיע א""פ פֿון אַברהם סלאַבאָדסקי"	Education	1	"יידישער דראָמאַטישער סטודיע א""פ פֿון אַברהם סלאַבאָדסקי"	ווילנע													
ORG-C05469	"חברים-טרופּע א""ל פֿון מאָריס בראון"	Traveling Company	1	"חברים-טרופּע א""ל פֿון מאָריס בראון"				טשולי										
ORG-C05470	חורש-אויסגאָבע	Journals/ Newspapers	1	חורש-אויסגאָבע														
ORG-C05471	„דאָס אירישע פאָלק“	Journals/ Newspapers	1	„דאָס אירישע פאָלק“														
ORG-C05472	„אידישען קאָנגרעס“	Journals/ Newspapers	1	„אידישען קאָנגרעס“														
ORG-C05473	„איסט בראָרוויי“	Publisher	1	„איסט בראָרוויי“	נ. י.													
ORG-C05474	„די קאָליפאַרניער אידישע שטימע“	Journals/ Newspapers	1	„די קאָליפאַרניער אידישע שטימע“														
ORG-C05475	אָדעסער קייזערלעכער מוזיקאַלישער שול	Education	1	אָדעסער קייזערלעכער מוזיקאַלישער שול	אָדעס													
ORG-C05476	אָרקעסטער פֿון דער אָדעסער אָפּערע	Theatre	1	אָרקעסטער פֿון דער אָדעסער אָפּערע	אָדעס			אוקראַאינע										
ORG-C05477	יידישע טרופּע אונטער דער דירעקציע פֿון פישזאָן	Traveling Company	1	יידישע טרופּע אונטער דער דירעקציע פֿון פישזאָן	כאָרבין													
ORG-C05478	ריישן	Traveling Company	1	ריישן	טשערנאָוויץ													
ORG-C05479	רוסישער פּריוואָט-גימנאַזיע גענעראָל וואָסילעווסקי	Education	1	רוסישער פּריוואָט-גימנאַזיע גענעראָל וואָסילעווסקי	וואַרשע													
ORG-C05480	פֿראַנצויזישער קאָמערץ-שול	Education	1	פֿראַנצויזישער קאָמערץ-שול	קאָנסטאַנטינאָפּאָל													
ORG-C05481	לעאָפּאָלד קאָנערם יידישער טרופּע	Traveling Company	1	לעאָפּאָלד קאָנערם יידישער טרופּע	קאָנסטאַנטינאָפּאָל													
ORG-C05482	רוסישער קליין-קונסט-טרופּע פֿון זעליעגעוו-ווערט	Traveling Company	1	רוסישער קליין-קונסט-טרופּע פֿון זעליעגעוו-ווערט														
ORG-C05483	פּאַלאַס פילם	Theatre	1	פּאַלאַס פילם	אָטען			גריכנלאַנד										
ORG-C05484	מיריאָגראַף גראָסמאַן	Theatre	1	מיריאָגראַף גראָסמאַן	אָדעם													
ORG-C05485	טרופּעס פֿון רייש	Traveling Company	1	טרופּעס פֿון רייש	טשערנאָוויץ				542 | 486 | 596 | 626 | 283	0.733 | 0.667 | 0.667 | 0.667 | 0.647	ipa_phonetic | ipa_phonetic | ipa_phonetic | ipa_phonetic | ipa_phonetic	SPLIT		The name uses the plural 'טרופּעס' (troupes), indicating a collection of distinct companies rather than a single entity.			auto_drafter	2026-05-17T17:07:26Z
ORG-C05486	2טער רעגידונגס-שול	Education	1	2טער רעגידונגס-שול	אָדעם		2טער רעגידונגס-שול											
ORG-C05487	טרופּע פֿון ליבערט	Traveling Company	1	טרופּע פֿון ליבערט					626 | 483 | 283 | 523 | 578	0.750 | 0.667 | 0.647 | 0.647 | 0.647	ipa_phonetic | ipa_phonetic | ipa_phonetic | ipa_phonetic | ipa_phonetic							
ORG-C05488	יידישן קונסט-ווינקל	Theatre	1	יידישן קונסט-ווינקל														
ORG-C05489	כאָר פֿון ער גרויסער שול	Religious institutions/organizations	1	כאָר פֿון ער גרויסער שול	אָדעס		גרויסער שול											
ORG-C05490	קוואָרטעט האָלדין-לעווינזאָן, וויינבוים און אַמאָסיאַ	Traveling Company	1	קוואָרטעט האָלדין-לעווינזאָן, וויינבוים און אַמאָסיאַ														
ORG-C05491	פֿישזאָן און בערענשטיין	Traveling Company	1	פֿישזאָן און בערענשטיין														
ORG-C05492	ספּיוואָקאָווסקי און שאַראַוונער	Traveling Company	1	ספּיוואָקאָווסקי און שאַראַוונער														
ORG-C05493	פּראָפ. יידישן אָרטיסטןפאַראיין אין פּוילן	Theatre-related Society/ Union	1	פּראָפ. יידישן אָרטיסטןפאַראיין אין פּוילן				פּוילן										
ORG-C05494	זילבערצווייגס טרופּע	Traveling Company	2	זילבערצווייגס טרופּע	קאָברין													
ORG-C05495	„השלח“	Journals/ Newspapers	2	„השלח“														
ORG-C05496	וואַרדי יאַעליט-סטודיע	Theatre	2	וואַרדי יאַעליט-סטודיע	ניו יאָרק | ניויאָרק													
ORG-C05497	עקספּעריציע אויפֿן נאָמען פֿון באָראַן האָראַץ גינזבורג	Heritage Institution	1	עקספּעריציע אויפֿן נאָמען פֿון באָראַן האָראַץ גינזבורג														
ORG-C05498	מאָסקווער קונסט-טעאַטער	Theatre	3	מאָסקווער קונסט-טעאַטער	מאָסקווע			רוסלאַנד										
ORG-C05499	"פֿאַרלאָג „אַנ-סקי"""	Publisher	1	"פֿאַרלאָג „אַנ-סקי"""														
ORG-C05500	רוסישער סאַציאָליסטישער קאָלאָניע	Non-Jewish political bodies	1	רוסישער סאַציאָליסטישער קאָלאָניע	בערן													
ORG-C05501	ליבערט-זאָסלאָווסקיס טרופּע	Traveling Company	1	ליבערט-זאָסלאָווסקיס טרופּע														
ORG-C05502	מישע פישזאָןס יידישעס מוסטער און קונסט-טעאַטער	Theatre	1	מישע פישזאָןס יידישעס מוסטער און קונסט-טעאַטער														
ORG-C05503	מישע פישזאָן און משה שאָרס טעאַטער	Theatre	1	מישע פישזאָן און משה שאָרס טעאַטער	דעטראָיט													
ORG-C05504	מישע פישזאָן און ליטמאַןס טעאַטער	Theatre	1	מישע פישזאָן און ליטמאַןס טעאַטער	דעטראיט													
ORG-C05505	סעם אויערבאָדס טעאַטער	Theatre	1	סעם אויערבאָדס טעאַטער														
ORG-C05506	כענטשינסקיס פּוילישע דראָמאָטישע שול	Education	1	כענטשינסקיס פּוילישע דראָמאָטישע שול														
ORG-C05507	„דייטש-יידישן“ טעאַטער	Theatre	1	„דייטש-יידישן“ טעאַטער			עלדאָראָדאָ		472 | 609 | 500	0.714 | 0.667 | 0.619	ipa_phonetic | ipa_phonetic | ipa_phonetic							
ORG-C05508	קאמינסקי און סעם אָדלער	Traveling Company	1	קאמינסקי און סעם אָדלער														
ORG-C05509	אייזיקאָוויטשעס טרופּע	Traveling Company	1	אייזיקאָוויטשעס טרופּע														
ORG-C05510	ישיבה פֿון משה לייב לוליענבלום	Education	1	ישיבה פֿון משה לייב לוליענבלום	ווילקאמיר													
ORG-C05511	"קאָאָפּעראַטיווער טרופּע א""פ פֿון כאָרדאָ און אַנטאָוויל"	Traveling Company	1	"קאָאָפּעראַטיווער טרופּע א""פ פֿון כאָרדאָ און אַנטאָוויל"	טשענסטאָכאָוו			פּוילן										
ORG-C05512	קופּערמאָזס טרופּע	Traveling Company	1	קופּערמאָזס טרופּע				פּוילן	330 | 469 | 559 | 610 | 254	0.667 | 0.600 | 0.600 | 0.600 | 0.600	ipa_phonetic | ipa_phonetic | ipa_phonetic | ipa_phonetic | ipa_phonetic							
ORG-C05513	לאָדזשער טאָליאָ	Theatre	1	לאָדזשער טאָליאָ	לאָדזש		לאָדזשער טאָליאָ	פּוילן										
ORG-C05514	קאָאָפּעראַטיווער אייראָפּעאישער [ניט-יוניע] טרופּע	Traveling Company	1	קאָאָפּעראַטיווער אייראָפּעאישער [ניט-יוניע] טרופּע	ניו יאָרק			אַמעריקע										
ORG-C05515	נעביל	Traveling Company	1	נעביל														
ORG-C05516	שוואָרץס ניי נעגרינדעטן קונסט-טעאַטער	Theatre	1	שוואָרץס ניי נעגרינדעטן קונסט-טעאַטער														
ORG-C05517	לעגיטימער אַקטיאָרן-יוניע	Theatre-related Society/ Union	1	לעגיטימער אַקטיאָרן-יוניע														
ORG-C05518	מייזעלס שול	Education	1	מייזעלס שול	וואַרשע			פּויקן										
ORG-C05519	יידישן עטנאָגראָפישן מוזיי	Heritage Institution	1	יידישן עטנאָגראָפישן מוזיי														
ORG-C05520	רוסישער אָפּערע און אָפּערעטע	Theatre	1	רוסישער אָפּערע און אָפּערעטע														
ORG-C05521	פּאַריזער פאַליע דראַמאָטיק	Theatre	2	פּאַריזער פאַליע דראַמאָטיק	פּאַריז		פּאַריזער פֿאַליע דראַמאָטיק											
ORG-C05522	שפּענצערס גימנאזיע	Education	1	שפּענצערס גימנאזיע														
ORG-C05523	כאָר פֿון „דר. אַלמאָסאָדאָ“	Traveling Company	1	כאָר פֿון „דר. אַלמאָסאָדאָ“														
ORG-C05524	וואָרעוויל	Theatre	3	וואָרעוויל	ניו יאָרק													
ORG-C05525	ברוקלין-טעאָטער	Theatre	1	ברוקלין-טעאָטער					123 | 124 | 489 | 536 | 556	0.643 | 0.643 | 0.643 | 0.643 | 0.643	ipa_phonetic | ipa_phonetic | ipa_phonetic | ipa_phonetic | ipa_phonetic							
ORG-C05526	הורוויץ מיט אַ טרופּע	Traveling Company	1	הורוויץ מיט אַ טרופּע	יאָסי			רומעניע										
ORG-C05527	עסטרייכישער רעגירונג	Non-Jewish political bodies	1	עסטרייכישער רעגירונג														
ORG-C05528	טשערנאָוויצער שטאָט-רעגירונג	Non-Jewish political bodies	1	טשערנאָוויצער שטאָט-רעגירונג	טשערנאָוויץ													
ORG-C05529	שלום שייקעלס גאָרטן	Theatre	1	שלום שייקעלס גאָרטן	יאָסי		שלום שייקעלס גאָרטן	רומעניע										
ORG-C05530	מאָגולעסקאָ	Traveling Company	1	מאָגולעסקאָ				רומעניע	337	0.875	fuzzy	ALIGN	337				Bella	2026-05-18T07:58:37Z
ORG-C05531	ליברעסקאָבערגער	Traveling Company	1	ליברעסקאָבערגער				רומעניע										
ORG-C05532	מרדכי סעגאָלעסקא	Traveling Company	1	מרדכי סעגאָלעסקא														
ORG-C05533	רומענישער אָפּערע	Theatre	1	רומענישער אָפּערע	בוקאַרעסט		נאַציאָנאַל-טעאַטער	רומעניע										
ORG-C05534	דזשוניאָר האָי-סקול	Education	1	דזשוניאָר האָי-סקול	אמעריקע		דזשוניאָר האָי-סקול											
ORG-C05535	וויניפּעגער קווינס-טעאַטער	Theatre	1	וויניפּעגער קווינס-טעאַטער	וויניפּעג		קווינס-טעאַטער											
ORG-C05536	יידישן מלוכה-אינסטיטוט פֿאָר סצענישער קונסט	Education	1	יידישן מלוכה-אינסטיטוט פֿאָר סצענישער קונסט														
ORG-C05537	קיעווער קונסטשול	Education	1	קיעווער קונסטשול	קיעוו													
ORG-C05538	קונסט-סטודיע פון דער קינסטלערין עקסטער	Education	1	קונסט-סטודיע פון דער קינסטלערין עקסטער														
ORG-C05539	יידישער קונסט-סטודיע ביי דער קיעווער „קולטור-ליגע“	Heritage Institution	1	יידישער קונסט-סטודיע ביי דער קיעווער „קולטור-ליגע“	קיעוו													
ORG-C05540	פאַרלאָג „פּעטראָפּאָליס“	Publisher	1	פאַרלאָג „פּעטראָפּאָליס“	בערלין													
ORG-C05541	בערלינער גרויסער קונסט-אויסשטעלונג	Theatre	1	בערלינער גרויסער קונסט-אויסשטעלונג	בערלין													
ORG-C05542	עבריה	Theatre	2	עבריה	ריגע | ריגער		עבריה											
ORG-C05543	יידישע טעאַטערסטודיע ביים נאַציאָנאָלדאָט	Education	1	יידישע טעאַטערסטודיע ביים נאַציאָנאָלדאָט	קאָוונע													
ORG-C05544	מלוכהשער יידישער טעאַטערסטודיע פֿון ווייסרוסלאַנד	Education	1	מלוכהשער יידישער טעאַטערסטודיע פֿון ווייסרוסלאַנד	מאָסקווע													
ORG-C05545	מעלוכישן יידישן טעאַַטער פֿון וו. ס. ס. ר.	Theatre	1	מעלוכישן יידישן טעאַַטער פֿון וו. ס. ס. ר.														
ORG-C05546	פֿאַרלאָג פֿון צענטראָל ראָט פֿון די פּראָפֿאַריינען אין ווייס רוסלאַנד	Publisher	1	פֿאַרלאָג פֿון צענטראָל ראָט פֿון די פּראָפֿאַריינען אין ווייס רוסלאַנד	מינסק													
ORG-C05547	בוען יוננוויץ און בעזמאָן	Traveling Company	1	בוען יוננוויץ און בעזמאָן	אָדעס		בוען יוננוויץ און בעזמאָן											
ORG-C05548	בעזמאָנען	Traveling Company	1	בעזמאָנען	קיעוו		בעזמאָנען											
ORG-C05549	זאַנדבערגס לאָדזשער גרויסן טעאַטער	Theatre	3	זאַנדבערגס לאָדזשער גרויסן טעאַטער | זאַנדבערגס לאָדזשער גרויסען טעאַטער | זאַנדבערגס לאָדזשער רויסן טעאַטער	לאָדזש		זאַנדבערגס לאָדזשער גרויסן טעאַטער | זאַנדבערגס לאָדזשער גרויסען טעאַטער	פּוילן										
ORG-C05550	בעזמאַן-יאָנג	Traveling Company	1	בעזמאַן-יאָנג			רוסלאַנד	רוסלאַנד										
ORG-C05551	נענקערס טרופּע	Traveling Company	1	נענקערס טרופּע	וויטעבסק				579 | 610 | 254 | 583 | 533	1.000 | 0.846 | 0.846 | 0.769 | 0.714	exact | ipa_phonetic | ipa_phonetic | ipa_phonetic | ipa_phonetic	NEW	579				Bella	2026-05-05T06:53:14Z
ORG-C05552	חאַרלאָמפּקאָניעווסקאָ	Traveling Company	1	חאַרלאָמפּקאָניעווסקאָ														
ORG-C05553	טרעסקינס ווילנער מוזיק-שול	Education	1	טרעסקינס ווילנער מוזיק-שול	ווילנע		טרעסקינס ווילנער מוזיק-שול											
ORG-C05554	פּוילישער אָפּערעטע	Theatre	1	פּוילישער אָפּערעטע														
ORG-C05555	ווילנער יידישן אָפּערעטן טעאַטער	Theatre	1	ווילנער יידישן אָפּערעטן טעאַטער	ווילנע		ווילנער יידישן אָפּערעטן טעאַטער		571 | 624 | 541 | 519 | 536	0.857 | 0.750 | 0.714 | 0.679 | 0.643	ipa_phonetic | ipa_phonetic | ipa_phonetic | ipa_phonetic | ipa_phonetic	ALIGN	571				Bella	2026-05-18T14:33:20Z
ORG-C05556	וואַרשעווער אויפפירונג פון בראָדערזאָן און קאָוס אָפּערע „דוד און בת שבע“	Theatre	1	וואַרשעווער אויפפירונג פון בראָדערזאָן און קאָוס אָפּערע „דוד און בת שבע“	וואַרשע													
ORG-C05557	פּעראָגאָנישן אינסטיטוט	Education	1	פּעראָגאָנישן אינסטיטוט														
ORG-C05558	דראָמאַטישע שול פֿון ליסינקאַ	Education	1	דראָמאַטישע שול פֿון ליסינקאַ														
ORG-C05559	"סטודיע „אָנהויב"""	Theatre	1	"סטודיע „אָנהויב"""	קיעוו			אוקראָאינע										
ORG-C05560	סעקרעטאָריאָט פון נאַציאָנאַלע מינדערהייטן	Non-Jewish political bodies	1	סעקרעטאָריאָט פון נאַציאָנאַלע מינדערהייטן														
ORG-C05561	"העברעאישער דראַמאַטישער סטוריע „מסר"""	Theatre	1	"העברעאישער דראַמאַטישער סטוריע „מסר"""				אַרץ-ישראל										
ORG-C05562	2-קלאָסיקע עלעמענטאָרשול פֿון גערמייזע	Education	1	2-קלאָסיקע עלעמענטאָרשול פֿון גערמייזע														
ORG-C05563	"„דאָזמאַאיטאָשטשי"""	Theatre	1	"„דאָזמאַאיטאָשטשי"""														
ORG-C05564	שאָנטאָן זשאָרדען	Theatre	1	שאָנטאָן זשאָרדען														
ORG-C05565	„טעאַטער אי איסקוסטוואָ“	Journals/ Newspapers	1	„טעאַטער אי איסקוסטוואָ“														
ORG-C05566	לובלינער שטאָט-טעאַטער	Theatre	1	לובלינער שטאָט-טעאַטער	לובלין		לובלינער שטאָט-טעאַטער	פּוילן										
ORG-C05567	"„יבנה"""	Publisher	1	"„יבנה"""	וואַרשע		יבנה											
ORG-C05568	קאָמפּאַנעיעץס טעאַטער	Theatre	1	קאָמפּאַנעיעץס טעאַטער					302	0.700	ipa_phonetic	ALIGN	485				Bella	2026-04-26T09:33:07Z
ORG-C05569	זעליןס טעאַטער	Theatre	1	זעליןס טעאַטער	לאָדזש				278 | 123 | 124 | 263 | 528	0.714 | 0.615 | 0.615 | 0.615 | 0.615	ipa_phonetic | ipa_phonetic | ipa_phonetic | ipa_phonetic | ipa_phonetic							
ORG-C05570	דייטשן אָפּערעטן-טעאַטער	Theatre	1	דייטשן אָפּערעטן-טעאַטער	בערלין													
ORG-C05571	בערלינער וואַלנער-טעאַטער	Theatre	1	בערלינער וואַלנער-טעאַטער	בערלין		וואַלנער-טעאַטער											
ORG-C05572	יידישן אָפּערעטן-טעאַטער צענטראָל	Theatre	1	יידישן אָפּערעטן-טעאַטער צענטראָל	וואַרשע		צענטראָל											
ORG-C05573	דייטשער בינע	Theatre	3	דייטשער בינע			דייטשלאַנד	דייטשלאַנד										
ORG-C05574	"„תושיה"""	Publisher	1	"„תושיה"""														
ORG-C05575	"פּרץס ""יודישע ביבליאָטעק“"	Publisher	1	"פּרץס ""יודישע ביבליאָטעק“"														
ORG-C05576	פֿין „פּראָגרעס“	Publisher	1	פֿין „פּראָגרעס“														
ORG-C05577	פּרץ-הערמאַן דראָמאַטישער סטודיע	Theatre	1	פּרץ-הערמאַן דראָמאַטישער סטודיע														
ORG-C05578	קראָקעווער שטאָט-טעאַטער	Theatre	1	קראָקעווער שטאָט-טעאַטער	קראָקע		קראָקעווער שטאָט-טעאַטער											
ORG-C05579	"ווילנער „נייער וועג"""	Journals/ Newspapers	1	"ווילנער „נייער וועג"""														
ORG-C05580	"פֿ""ג „צוקונפט"""	Publisher	1	"פֿ""ג „צוקונפט"""	ווילנע													
ORG-C05581	"ווינער ""יידישע בינע"""	Theatre	1	"ווינער ""יידישע בינע"""	ווינער		יידישע בינע											
ORG-C05582	קאָמיסאָרזשעווסקאָיאָס טרופּע	Traveling Company	1	קאָמיסאָרזשעווסקאָיאָס טרופּע	פּעטערבורג													
ORG-C05583	סלאָוואָצקי שטאָט-טעאַטער	Theatre	1	סלאָוואָצקי שטאָט-טעאַטער	קראָקע		סלאָוואָצקי שטאָט-טעאַטער											
ORG-C05584	„ליטעראַרישע מאַנאָטשרופטען“	Journals/ Newspapers	1	„ליטעראַרישע מאַנאָטשרופטען“					322	0.640	ipa_phonetic							
ORG-C05585	"""ייד. דראָמ. ליט. געזעל."""	Theatre	1	"""ייד. דראָמ. ליט. געזעל."""	שיקאגאָ				512	1.000	exact	NEW	512				Sinai	2026-04-05T17:37:02Z
ORG-C05586	„די יידישע יוגענר“	Publisher	1	„די יידישע יוגענר“	וואַרשאַ													
ORG-C05587	ב. א. קלעצקין	Publisher	4	ב. א. קלעצקין	ווילנע | ווילנער		ווילנער פֿאַרלאָג											
ORG-C05588	וואָרעוויל-הויז	Theatre	1	וואָרעוויל-הויז	ניו יאָרק	עלדרידזש סטריט	וואָרעוויל-הויז	אמעריקע										
ORG-C05589	טרופּע פֿון פרענק און מ. ברוין	Traveling Company	1	טרופּע פֿון פרענק און מ. ברוין	שיקאָנאַ	12טער סטריט		אמעריקע										
ORG-C05590	שטראָלן	Journals/ Newspapers	1	שטראָלן														
ORG-C05591	אַרכיוו פון דער געשיכטע פון יידישן טעאַטער	Publisher	1	אַרכיוו פון דער געשיכטע פון יידישן טעאַטער														
ORG-C05592	קלינטאָן וואָרעוויל-הויז	Theatre	1	קלינטאָן וואָרעוויל-הויז														
ORG-C05593	טאָמאָשעווסקיס פּיפּלס-טעאַטער	Theatre	1	טאָמאָשעווסקיס פּיפּלס-טעאַטער														
ORG-C05594	סיימאָן	Traveling Company	3	טרופּע פֿון סיימאַן | סיימאָן	פּיטסבורג | קליוולאַנד		סיימאַן	אַמעריקע										
ORG-C05595	ווילעט וואָדעוויל-הויז	Theatre	1	ווילעט וואָדעוויל-הויז														
ORG-C05596	עסעקס-טעאַטער	Theatre	1	עסעקס-טעאַטער					509 | 622 | 123 | 528 | 555	0.692 | 0.692 | 0.667 | 0.667 | 0.667	ipa_phonetic | ipa_phonetic | ipa_phonetic | ipa_phonetic | ipa_phonetic							
ORG-C05597	יאָלדען-טעאַטער	Theatre	1	יאָלדען-טעאַטער	טשעלסי		יאָלדען-טעאַטער		252 | 526 | 552 | 520 | 296	0.769 | 0.769 | 0.769 | 0.714 | 0.692	ipa_phonetic | ipa_phonetic | ipa_phonetic | ipa_phonetic | ipa_phonetic							
ORG-C05598	השמש	Journals/ Newspapers	1	השמש	קאָלאָמיי													
ORG-C05599	קראָקאָווער לערער-סעמינאָר	Education	1	קראָקאָווער לערער-סעמינאָר	קראָקע													
ORG-C05600	שול אין פון טשאָצקי	Education	1	שול אין פון טשאָצקי	לעמבערג													
ORG-C05601	טאָנבלאַט	Journals/ Newspapers	1	טאָנבלאַט	לעמבערג													
ORG-C05602	גאָלדפאַדען-פעראיין	Theatre-related Society/ Union	1	גאָלדפאַדען-פעראיין	לעמבערג													
ORG-C05603	אָגערס קלינטאָן-טעאַטער	Theatre	1	אָגערס קלינטאָן-טעאַטער	ניו יאָרק		אָגערס קלינטאָן-טעאַטער											
ORG-C05604	שטראָהלען	Not an organization	2	שטראָהלען	לעמבערנ													
ORG-C05605	תלמוד-תורה כלליי	Education	1	תלמוד-תורה כלליי	קראָקע													
ORG-C05606	ג. באָדערס יידישער פאָלקס-קאָלענדאָר	Publisher	1	ג. באָדערס יידישער פאָלקס-קאָלענדאָר	לעמבערג													
ORG-C05607	א. באַזילינסקי	Publisher	1	א. באַזילינסקי														
ORG-C05608	פּרידונאיסקי קראָי	Journals/ Newspapers	1	פּרידונאיסקי קראָי	איזמאַאיל													
ORG-C05609	פֿאַרלאָג שלייפער	Publisher	1	פֿאַרלאָג שלייפער	בוענאָס איירעס													
ORG-C05610	דרום-אָמעריקע	Journals/ Newspapers	1	דרום-אָמעריקע														
ORG-C05611	אָרגענטינער פֿאַרלאָנס-קאָמיטעט פון „לעקסיקאָן“	Publisher	1	אָרגענטינער פֿאַרלאָנס-קאָמיטעט פון „לעקסיקאָן“														
ORG-C05612	רוסישע פֿאָרשטעלונגען פֿון נאָזימאָוואָ און אוליאָנאָוו	Traveling Company	1	רוסישע פֿאָרשטעלונגען פֿון נאָזימאָוואָ און אוליאָנאָוו	ניו יאָרק													
ORG-C05613	שטאָטישן זומערגאָרטן	Theatre	1	שטאָטישן זומערגאָרטן														
ORG-C05614	מיליטער-קלובן	Theatre	1	מיליטער-קלובן														
ORG-C05615	ציפּקוס	Traveling Company	1	ציפּקוס														
ORG-C05616	רעגירונג פֿון ראָטנפֿאַרבאַנד	Non-Jewish political bodies	1	רעגירונג פֿון ראָטנפֿאַרבאַנד														
ORG-C05617	פּראָווינץ-טרופּע פֿון סאָניע נאַטאָנסאָן	Traveling Company	1	פּראָווינץ-טרופּע פֿון סאָניע נאַטאָנסאָן														
ORG-C05618	קאָאָפּעראָטיוון מיניאַטור-טעאַטער	Theatre	1	קאָאָפּעראָטיוון מיניאַטור-טעאַטער	קריוואָי-ראָג													
ORG-C05619	טרופּע פֿון זשעלאַזאָ	Traveling Company	1	טרופּע פֿון זשעלאַזאָ					542 | 596 | 626 | 523 | 578	0.750 | 0.688 | 0.688 | 0.647 | 0.647	ipa_phonetic | ipa_phonetic | ipa_phonetic | ipa_phonetic | ipa_phonetic							
ORG-C05620	גוזיקס פּראָווינץטרופּע	Traveling Company	1	גוזיקס פּראָווינץטרופּע					264	0.600	ipa_phonetic							
ORG-C05621	טרופּע פֿון זאָסלאָווסקין	Traveling Company	1	טרופּע פֿון זאָסלאָווסקין					596 | 486 | 523 | 531 | 542	0.700 | 0.600 | 0.600 | 0.600 | 0.600	ipa_phonetic | ipa_phonetic | ipa_phonetic | ipa_phonetic | ipa_phonetic							
ORG-C05622	טרופּע פֿון ווינאָקור און בראָנדעסקאָ	Traveling Company	1	טרופּע פֿון ווינאָקור און בראָנדעסקאָ														
ORG-C05623	מאָסקווער טעאַטראָלער סטודיע	Education	1	מאָסקווער טעאַטראָלער סטודיע														
ORG-C05624	גוזיקס אַרופּע	Traveling Company	1	גוזיקס אַרופּע	מינסק				264	0.917	ipa_phonetic	ALIGN	486	תיקנתי את השם- הייתה טעות הקלדה			Bella	2026-04-27T08:45:08Z
ORG-C05625	טרופּע קאָזשדאָן	Traveling Company	1	טרופּע קאָזשדאָן	באָקו													
ORG-C05626	גאָלדן געיט דראַמאָטיק קלאָב	Theatre	1	גאָלדן געיט דראַמאָטיק קלאָב														
ORG-C05627	הענד אין הענד סאָסייעטי	Theatre	1	הענד אין הענד סאָסייעטי														
ORG-C05628	סילווער דראָמאָטיק סאַסייעט'	Theatre	1	סילווער דראָמאָטיק סאַסייעט'														
ORG-C05629	בראָדוויי מוזיק-האָל	Theatre	1	בראָדוויי מוזיק-האָל														
ORG-C05630	ביי אָגעדן	Theatre	1	ביי אָגעדן														
ORG-C05631	מאָקס ראָזענטאָל און געביל	Traveling Company	1	מאָקס ראָזענטאָל און געביל														
ORG-C05632	האָלענדער	Theatre	2	האָלענדער	באָסטאָן													
ORG-C05633	זילבערמאָזס טרופּע	Traveling Company	2	זילבערמאָזס טרופּע	לאָנדאָן			אַמעריקע	583 | 551 | 325 | 330 | 455	0.688 | 0.625 | 0.625 | 0.625 | 0.625	ipa_phonetic | ipa_phonetic | ipa_phonetic | ipa_phonetic | ipa_phonetic							
ORG-C05634	טרופּע איוואָנאָווסקי	Traveling Company	1	טרופּע איוואָנאָווסקי	יעקאַטערינאָסלאָוו				596	0.625	ipa_phonetic							
ORG-C05635	סובאַריזס ליטעראָרישן טעאַטער	Theatre	1	סובאַריזס ליטעראָרישן טעאַטער														
ORG-C05636	פֿריוער יידישער פֿאָלקס-בינע	Theatre	1	פֿריוער יידישער פֿאָלקס-בינע	ווין													
ORG-C05637	קלאַוקמייקער-יוניאָן	Trade Union / Professional Association	1	קלאַוקמייקער-יוניאָן														
ORG-C05638	טשילדרען דזשעקעט מייקערס-יוניאָן	Trade Union / Professional Association	1	טשילדרען דזשעקעט מייקערס-יוניאָן														
ORG-C05639	קלאָדינג וואירקערס יוניאָן	Trade Union / Professional Association	1	קלאָדינג וואירקערס יוניאָן														
ORG-C05640	אַ ק ט י אָ ר ן - י ו נ י אָ ן	Theatre-related Society/ Union	2	אַ ק ט י אָ ר ן - י ו נ י אָ ן														
ORG-C05641	כאריסטן-יוניאן	Theatre-related Society/ Union	2	כאריסטן-יוניאן														
ORG-C05642	באַלטימאָרער פֿרייע פּרעסע	Journals/ Newspapers	1	באַלטימאָרער פֿרייע פּרעסע	באַלטימאָר													
ORG-C05643	ליטעראָרישער פערלאַג	Publisher	1	ליטעראָרישער פערלאַג	ניו יאָרק				322 | 323	0.667 | 0.611	ipa_phonetic | ipa_phonetic							
ORG-C05644	חדר פון רי שלמהלע	Education	1	חדר פון רי שלמהלע														
ORG-C05645	יאָווילערס טרופּע	Traveling Company	2	יאָווילערס טרופּע	קאָלאָמעאַ				568 | 295 | 566 | 421 | 583	1.000 | 0.786 | 0.786 | 0.733 | 0.714	exact | ipa_phonetic | ipa_phonetic | ipa_phonetic | ipa_phonetic	NEW	568				Bella	2026-05-04T09:02:04Z
ORG-C05646	משה וויינבערגס טרופּע	Traveling Company	2	משה וויינבערג | משה וויינבערגס טרופּע	קראָקע													
ORG-C05647	פֿיליפּ ווייזענפֿריינדס טרופּע	Traveling Company	4	פיליפּ ווייזענפריינדס טרופּע | פֿיליפּ ווייזענפֿריינדס טרופּע	שיקאַגאָ | שיקאָנאָ | שיקאגאַ			אַמעריקע										
ORG-C05648	רעלקינס מעטראָפּאָליטאַן-טעאַטער	Theatre	1	רעלקינס מעטראָפּאָליטאַן-טעאַטער														
ORG-C05649	דער פּוילישער ש	Theatre	1	דער פּוילישער ש	לאָדזש													
ORG-C05650	לאָנדאָנער עמפּייר-טעאַטער	Theatre	1	לאָנדאָנער עמפּייר-טעאַטער	לאָנדאָן		לאָנדאָנער עמפּייר-טעאַטער		565	0.643	ipa_phonetic							
ORG-C05651	לאָנדאָנער ליריק-טעאַטער	Theatre	1	לאָנדאָנער ליריק-טעאַטער	לאָנדאָן		לאָנדאָנער ליריק-טעאַטער		565 | 520 | 604	0.679 | 0.619 | 0.619	ipa_phonetic | ipa_phonetic | ipa_phonetic							
ORG-C05652	עטינגער	Traveling Company	1	עטינגער			רומעניע	רומעניע										
ORG-C05653	דרוקער	Traveling Company	1	דרוקער														
ORG-C05654	טרופּע עבעל	Traveling Company	1	טרופּע עבעל														
ORG-C05655	באָריס טאָמאָשעווסקי און לעאָן גאָלובאַק און ישראל באָרסקי אַלס מחבר	Traveling Company	1	באָריס טאָמאָשעווסקי און לעאָן גאָלובאַק און ישראל באָרסקי אַלס מחבר	שיקאָגאָ													
ORG-C05656	ניו-יאָרקער אידישער פֿאָלקס-צייטונג	Journals/ Newspapers	1	ניו-יאָרקער אידישער פֿאָלקס-צייטונג	ניו-יאָרק													
ORG-C05657	בראָדערהוד אָף טיילאָרס	Trade Union / Professional Association	1	בראָדערהוד אָף טיילאָרס	ניויאָרק													
ORG-C05658	שניידער פֿאַרבאַנד	Journals/ Newspapers	1	שניידער פֿאַרבאַנד														
ORG-C05659	בדפוס רי יצחק ראָטהער	Publisher	1	בדפוס רי יצחק ראָטהער			בדפוס רי יצחק ראָטהער											
ORG-C05660	קלמן יאָווילערס טרופּע	Traveling Company	3	קלמן יאָווילער | קלמן יאָווילערס טרופּע	קאָנסטאַנטינאָפּאָל			טערקיי	568 | 376	0.706 | 0.684	fuzzy | ipa_phonetic							
ORG-C05661	מאָסקווער רעגירונגס-טעאַטער	Theatre	1	מאָסקווער רעגירונגס-טעאַטער	מאָסקווע													
ORG-C05662	העברי	Journals/ Newspapers	3	העברי	בראָדי | לעמבערג			גאַליציע										
ORG-C05663	דער מונקאָטשער הומאָריסט	Journals/ Newspapers	1	דער מונקאָטשער הומאָריסט	מונקאָטש													
ORG-C05664	קאָמפּאָניע קלעזמער	Traveling Company	1	קאָמפּאָניע קלעזמער														
ORG-C05665	י. ל. מץ	Publisher	1	י. ל. מץ	ווילנע													
ORG-C05666	פנקס פֿאָר דער געשיכטע פֿון ווילנע אין די יאָרן פֿון מלחמה און אָקופּאַציע	Publisher	1	פנקס פֿאָר דער געשיכטע פֿון ווילנע אין די יאָרן פֿון מלחמה און אָקופּאַציע	ווילנע													
ORG-C05667	מעשטשאַנסקי סטאָראָסטאָ	Non-Jewish political bodies	1	מעשטשאַנסקי סטאָראָסטאָ	זעמבין													
ORG-C05668	גאָלדפֿאַדענען אין טרופּע	Traveling Company	1	גאָלדפֿאַדענען אין טרופּע	אָדעם													
ORG-C05669	באָסלעווער קלעזמער	Traveling Company	1	באָסלעווער קלעזמער	באָסלעוו													
ORG-C05670	די יודישע פאָלקסצייטונג	Journals/ Newspapers	2	די יודישע פאָלקסצייטונג	מאָרמאַראָש סינעט | ניו-יאָרק													
ORG-C05671	ציון	Jewish political bodies	2	ציון	ווין													
ORG-C05672	ליבאָ וויטשער רבי	Religious institutions/organizations	1	ליבאָ וויטשער רבי	ליבאַוויטש		הויף											
ORG-C05673	מינסקער יידישן שפּיטאָל	Health institutions	1	מינסקער יידישן שפּיטאָל	מינסק		מינסקער יידישן שפּיטאָל											
ORG-C05674	מינסקער קהל-שטיבל	Religious institutions/organizations	1	מינסקער קהל-שטיבל	מינסק		מינסקער קהל-שטיבל											
ORG-C05675	ליבאָוויטשער הויף	Theatre	1	ליבאָוויטשער הויף	ליבאָוויטש		ליבאָוויטשער הויף											
ORG-C05676	בן-עמי	Traveling Company	1	בן-עמי														
ORG-C05677	בוי סאָבסיי	Traveling Company	1	בוי סאָבסיי														
ORG-C05678	אָרמיי-טעאַטער-קרייז	Theatre	1	אָרמיי-טעאַטער-קרייז	כאָרבין													
ORG-C05679	פּראָפעסיאנעלער טרופּע פון גוזיק	Traveling Company	2	פּראָפעסיאנעלער טרופּע פון גוזיק	סובאָלק													
ORG-C05680	סאָביים טרופּע	Traveling Company	2	סאָביים טרופּע					373 | 469 | 545 | 41 | 566	1.000 | 0.667 | 0.667 | 0.667 | 0.643	exact | ipa_phonetic | ipa_phonetic | ipa_phonetic | ipa_phonetic	ALIGN	373	תיקנתי את השם- היה שיבוש			Bella	2026-04-27T09:19:52Z
ORG-C05681	הירשביין-טעאַטער	Theatre	1	הירשביין-טעאַטער	אָדעס				176 | 622 | 124 | 252 | 509	0.667 | 0.667 | 0.600 | 0.600 | 0.600	ipa_phonetic | ipa_phonetic | ipa_phonetic | ipa_phonetic | ipa_phonetic							
ORG-C05682	"אימל""ד""ג"	Theatre	1	"אימל""ד""ג"	כאָרבין													
ORG-C05683	שול ביים ווילנער לערער-אינסטיטוט	Education	1	שול ביים ווילנער לערער-אינסטיטוט	ווילנע													
ORG-C05684	קוסטיזס מיניאַטור-טרופּע	Traveling Company	1	קוסטיזס מיניאַטור-טרופּע														
ORG-C05685	שיר-געזעלשאַפט	Business	1	שיר-געזעלשאַפט														
ORG-C05686	ווילנער דראָמאַטישער טרופּע	Traveling Company	1	ווילנער דראָמאַטישער טרופּע														
ORG-C05687	רוסישער קונסט-אָקאָדעמיע	Education	1	רוסישער קונסט-אָקאָדעמיע														
ORG-C05688	פּאָרין ביי בלומענטאָלן	Theatre	1	פּאָרין ביי בלומענטאָלן	פּאָרין		בלומענטאָלן											
ORG-C05689	בראַנזווילער ליבערטי-טעאָטער	Theatre	1	בראַנזווילער ליבערטי-טעאָטער	בראַנזוויל		בראַנזווילער ליבערטי-טעאָטער											
ORG-C05690	קאָמפּאָנעיעץס פֿאָרשטעלונגען	Traveling Company	1	קאָמפּאָנעיעץס פֿאָרשטעלונגען					485	0.600	ipa_phonetic							
ORG-C05691	געברידער בלעטניצקי	Publisher	1	געברידער בלעטניצקי	אָדעססא													
ORG-C05692	ראָמפּע	Publisher	1	ראָמפּע	כאַרקאָוו													
ORG-C05693	דער אידישער אָרטיסט	Journals/ Newspapers	1	דער אידישער אָרטיסט					614	0.667	ipa_phonetic							
ORG-C05694	קרויניב טער פֿאָלקסשול	Education	1	קרויניב טער פֿאָלקסשול														
ORG-C05695	אוניווערסיטעט אין דזשאָרדזשיאָ	Education	1	אוניווערסיטעט אין דזשאָרדזשיאָ														
ORG-C05696	פּאָליטעכניקום פֿון ברוקלין	Education	1	פּאָליטעכניקום פֿון ברוקלין	ברוקלין													
ORG-C05697	אוניווערסיטעט פֿון שטאָט ניו-יאָרק	Education	1	אוניווערסיטעט פֿון שטאָט ניו-יאָרק	ניו-יאָרק													
ORG-C05698	פרייהייט דראָמאַטישע סטודיע	Theatre	1	פרייהייט דראָמאַטישע סטודיע					474	0.621	ipa_phonetic							
ORG-C05699	מאָנהעטן-אָפּערע הויז	Theatre	1	מאָנהעטן-אָפּערע הויז														
ORG-C05700	לאָדזשער דראָמאָטישן טעאַטער	Theatre	1	לאָדזשער דראָמאָטישן טעאַטער	לאָדזש		לאָדזשער דראָמאָטישן טעאַטער	פּוילן	604 | 472	0.652 | 0.609	ipa_phonetic | ipa_phonetic							
ORG-C05701	יידיש ליטעראָריש-דראָמאָטישער געזעלשאַפט	Theatre	1	יידיש ליטעראָריש-דראָמאָטישער געזעלשאַפט	שיקאָגאָ			אַמעריקע	606 | 44 | 621 | 607	0.806 | 0.667 | 0.622 | 0.611	ipa_phonetic | ipa_phonetic | ipa_phonetic | ipa_phonetic							
ORG-C05702	קאָמפּאַנעיעץ... טרופּע	Traveling Company	2	קאָמפּאַנעיעץ... טרופּע				רוסלאַנד	485 | 302	0.800 | 0.800	ipa_phonetic | ipa_phonetic	ALIGN	485				Bella	2026-04-19T07:35:27Z
ORG-C05703	יוליוס אָדלערס וואַנדער-טרופּע	Traveling Company	1	יוליוס אָדלערס וואַנדער-טרופּע				פּוילן										
ORG-C05704	חדרים	Education	2	חדרים														
ORG-C05705	פּאָליציי	Non-Jewish political bodies	1	פּאָליציי	קאָוונע			ליטע										
ORG-C05706	קאָוונער שטאָט-ראָט	Non-Jewish political bodies	1	קאָוונער שטאָט-ראָט	קאָוונע			ליטע										
ORG-C05707	ציוניזם	Jewish political bodies	1	ציוניזם	קאָלאָמעאַ													
ORG-C05708	לייפּציגער אוגיווערזיטעט	Education	1	לייפּציגער אוגיווערזיטעט	לייפּציג		לייפּציגער אוגיווערזיטעט		561 | 487 | 588	0.652 | 0.609 | 0.609	ipa_phonetic | ipa_phonetic | ipa_phonetic							
ORG-C05709	טאָנ	Journals/ Newspapers	1	טאָנ					216	0.667	ipa_phonetic							
ORG-C05710	מיניקעס בלעטער	Journals/ Newspapers	1	מיניקעס בלעטער														
ORG-C05711	פֿילאַזאָפֿישן פֿאָקולטעט	Education	2	פילאָסאָפישן פאָקולטעט | פֿילאַזאָפֿישן פֿאָקולטעט	ווין | ציריך		פֿילאַזאָפֿישן פֿאָקולטעט											
ORG-C05712	דזש. קעסלערס טרופּע	Traveling Company	1	דזש. קעסלערס טרופּע	פאַריז				617 | 376	0.737 | 0.647	ipa_phonetic | ipa_phonetic							
ORG-C05713	ערשטע יידישע רעווי-טעאַטער	Theatre	1	ערשטע יידישע רעווי-טעאַטער	פאַריז				536 | 624 | 623 | 633 | 571	0.654 | 0.640 | 0.630 | 0.630 | 0.615	ipa_phonetic | ipa_phonetic | ipa_phonetic | ipa_phonetic | ipa_phonetic							
ORG-C05714	ניי-פירמע זיננער	Labour (factory/workshop)	1	ניי-פירמע זיננער														
ORG-C05715	דראַמאַטישן-קלוב	Theatre	1	דראַמאַטישן-קלוב														
ORG-C05716	טרופּע שאַראַוונערווייסבלאָט (מיכאָלעסקאָ)	Traveling Company	1	טרופּע שאַראַוונערווייסבלאָט (מיכאָלעסקאָ)			רוסלאַנד	רוסלאַנד										
ORG-C05717	טרופּע לאַנצמאָן	Traveling Company	1	טרופּע לאַנצמאָן			רוסלאַנד	רוסלאַנד	596	0.600	ipa_phonetic							
ORG-C05718	באָבעסקאָ	Traveling Company	1	באָבעסקאָ														
ORG-C05719	טעאַטערשפּיל	Publisher	1	טעאַטערשפּיל	ניו יאָרק													
ORG-C05720	דער פּיאָנער	Journals/ Newspapers	1	דער פּיאָנער					462	0.600	ipa_phonetic							
ORG-C05721	מ. ר. וואַקסמאָזס טרופּע	Traveling Company	1	מ. ר. וואַקסמאָזס טרופּע														
ORG-C05722	הערטאָ וויטשס טרופּע	Traveling Company	1	הערטאָ וויטשס טרופּע	לובליז													
ORG-C05723	קאָזינאַ-טעאַטער	Theatre	1	קאָזינאַ-טעאַטער	קאָפּענהאָגן		קאָזינאַ-טעאַטער		124 | 526 | 529 | 552 | 555	0.692 | 0.692 | 0.692 | 0.692 | 0.692	ipa_phonetic | ipa_phonetic | ipa_phonetic | ipa_phonetic | ipa_phonetic							
ORG-C05724	נאָרדיש-פֿילם-קאָמפּאָני	Media (Radio/ Film/TV)	2	נאָרדיש-פֿילם-קאָמפּאָני														
ORG-C05725	סעמיועל גאָלדענבורגס דראָמאָטישן קלאָב	Theatre	1	סעמיועל גאָלדענבורגס דראָמאָטישן קלאָב	לאָנדאָן			ענגלאַנד										
ORG-C05726	קיניגלעך דראַמאַטישע שול	Education	1	קיניגלעך דראַמאַטישע שול	קאָפּענהאָגן			דענמאַרק										
ORG-C05727	דאָגמאָ-טעאַטער	Theatre	1	דאָגמאָ-טעאַטער	קאָפּענהאָגן			דענמאַרק	235 | 526 | 529 | 552 | 555	0.667 | 0.667 | 0.667 | 0.667 | 0.667	ipa_phonetic | ipa_phonetic | ipa_phonetic | ipa_phonetic | ipa_phonetic							
ORG-C05728	קאַלענדאַר	Journals/ Newspapers	1	קאַלענדאַר														
ORG-C05729	יונג-גאַליצישער אַלמאַנאָך	Journals/ Newspapers	1	יונג-גאַליצישער אַלמאַנאָך														
ORG-C05730	לעמבערגער טאָנבלאָט	Journals/ Newspapers	1	לעמבערגער טאָנבלאָט	לעמבערג													
ORG-C05731	דראָמשולע ביים פוילישן שטאָט-טעאַטער	Education	1	דראָמשולע ביים פוילישן שטאָט-טעאַטער	לעמבערג		פוילישן שטאָט-טעאַטער											
ORG-C05732	לעמבערגער קולטום-געמיינדע	Religious institutions/organizations	1	לעמבערגער קולטום-געמיינדע	לעמבערג													
ORG-C05733	געזעלשאָפֿט יידישע קונסט	Theatre	1	געזעלשאָפֿט יידישע קונסט														
ORG-C05734	דייטשער אָפּערעטן-טרופּע	Traveling Company	2	דייטשער אָפּערעטן-טרופּע	אָמעריקע		אוירווינג פלייס-טעאַטער											
ORG-C05735	רוסישע גימנאַזיע פֿון אָלעקסאָנדראָוו	Education	1	רוסישע גימנאַזיע פֿון אָלעקסאָנדראָוו	אָלעקסאָנדראָוו													
ORG-C05736	קאמינסקי-ראָפּעל	Traveling Company	1	קאמינסקי-ראָפּעל														
ORG-C05737	גאָלדן-רול-וואָדעוויל-הויז	Theatre	1	גאָלדן-רול-וואָדעוויל-הויז	אַמעריקע													
ORG-C05738	אַרליעניעוו-טעאַטער	Theatre	1	אַרליעניעוו-טעאַטער					124 | 176 | 237 | 527 | 528	0.625 | 0.625 | 0.625 | 0.625 | 0.625	ipa_phonetic | ipa_phonetic | ipa_phonetic | ipa_phonetic | ipa_phonetic							
ORG-C05739	קאָמינסקיס גאָסטראָלן	Traveling Company	1	קאָמינסקיס גאָסטראָלן														
ORG-C05740	ניישאַץס 'תומים-הויז	Welfare/Aid organization	1	ניישאַץס 'תומים-הויז	יאָסי		ניישאַץס 'תומים-הויז	רומעניע										
ORG-C05741	אַוועלירן	Traveling Company	1	אַוועלירן	טשערנאָוויץ				578	0.667	fuzzy							
ORG-C05742	טאָמאָשעווסקי, אָדלער און עדעלשטיין	Traveling Company	1	טאָמאָשעווסקי, אָדלער און עדעלשטיין				אָמעריקע										
ORG-C05743	דייטשער שול (עלעמענטאָר-שול, גימנאָזיע און אוניווערסיטעט)	Education	1	דייטשער שול (עלעמענטאָר-שול, גימנאָזיע און אוניווערסיטעט)	ווין													
ORG-C05744	יידישן סטודענטן-פֿאַריין „קדימה“	Jewish political bodies	1	יידישן סטודענטן-פֿאַריין „קדימה“														
ORG-C05745	טשערנאָוויצער קאָנפֿערענץ	Jewish political bodies	1	טשערנאָוויצער קאָנפֿערענץ	טשערנאָוויץ													
ORG-C05746	יידישן טעאַטער-פֿאַריין	Theatre-related Society/ Union	1	יידישן טעאַטער-פֿאַריין	טשערנאָוויץ													
ORG-C05747	אגודת ישראל	Religious institutions/organizations	1	אגודת ישראל														
ORG-C05748	גענפערן אין ווילנע	Theatre	1	גענפערן אין ווילנע	ווילנע													
ORG-C05749	לייזער זשעלאָזאַס טרופּע	Traveling Company	1	לייזער זשעלאָזאַס טרופּע	סאָמאָראָ													
ORG-C05750	מעערסאָנען	Traveling Company	1	מעערסאָנען	אָדעם				330	0.625	fuzzy							
ORG-C05751	אַמעריקאַנעם טייל פֿון דער „ווילנער טרופּע	Traveling Company	1	אַמעריקאַנעם טייל פֿון דער „ווילנער טרופּע														
ORG-C05752	וואָריעטע	Theatre	4	וואָריעטע | וואָריעטע אין ניו יאָרק	ניו יאָרק													
ORG-C05753	ענגלישן בורלעסס מיט בילי וואָטסאָן	Traveling Company	1	ענגלישן בורלעסס מיט בילי וואָטסאָן														
ORG-C05754	ענגליש וואָרעוויל	Traveling Company	1	ענגליש וואָרעוויל														
ORG-C05755	ענגליש לעגיטים-טעאַטער	Theatre	1	ענגליש לעגיטים-טעאַטער														
ORG-C05756	יידיש לעגיטים טעאַטער	Theatre	2	יידיש לעגיטים טעאַטער					480	0.650	ipa_phonetic							
ORG-C05757	געבילס וואָדעוויל-טרופּע	Traveling Company	1	געבילס וואָדעוויל-טרופּע														
ORG-C05758	טעאַטער מאַרקאָני	Theatre	1	טעאַטער מאַרקאָני	בוענאָסאיירעס		טעאַטער מאַרקאָני		581	0.643	ipa_phonetic							
ORG-C05759	טרופּע פֿון ניומאָן-פינקל	Traveling Company	1	טרופּע פֿון ניומאָן-פינקל	בוענאָסאיירעס		טעאַטער מאַרקאָני											
ORG-C05760	טעאַטער ליבערטאָך	Theatre	1	טעאַטער ליבערטאָך			טעאַטער ליבערטאָך		173	0.600	ipa_phonetic							
ORG-C05761	לאטיינערס און מאָגולעסקאָס טרופּע	Traveling Company	1	לאטיינערס און מאָגולעסקאָס טרופּע	אָדעם		מאָרינסקי-טעאַטער											
ORG-C05762	די גאסטראלירנדיקער יידישער טרופע (מאגולעסקא, פיינמאן און קעסלער)	Traveling Company	1	די גאסטראלירנדיקער יידישער טרופע (מאגולעסקא, פיינמאן און קעסלער)														
ORG-C05763	טהע היברן עקטארס פראטעקטיוו יוניאן אף אמעריקא	Theatre-related Society/ Union	1	טהע היברן עקטארס פראטעקטיוו יוניאן אף אמעריקא														
ORG-C05764	ביי מייק טאמאשעווסקי	Traveling Company	1	ביי מייק טאמאשעווסקי	פילאדעלפיע													
ORG-C05765	האָיקול	Education	1	האָיקול														
ORG-C05766	ליפּצין	Traveling Company	1	ליפּצין														
ORG-C05767	ליליען	Theatre	2	ליליען	באָסטאָן													
ORG-C05768	קעשעניעווער ישיבה פֿון רי שלום פּערלמוטער	Education	1	קעשעניעווער ישיבה פֿון רי שלום פּערלמוטער														
ORG-C05769	„פּענסילוועניאַ ריילדאָוד“	Business	1	„פּענסילוועניאַ ריילדאָוד“														
ORG-C05770	קאַטוילישער צייטונג	Journals/ Newspapers	1	קאַטוילישער צייטונג					81 | 347	0.684 | 0.600	ipa_phonetic | ipa_phonetic							
ORG-C05771	אינדעפּענדענט דראָמאָטיק סאָסיועטי	Theatre	1	אינדעפּענדענט דראָמאָטיק סאָסיועטי														
ORG-C05772	פֿאַליי-טעאַטער	Theatre	1	פֿאַליי-טעאַטער	באָלטימאָרער		פֿאַליי-טעאַטער		123 | 600 | 296 | 514 | 520	0.750 | 0.750 | 0.750 | 0.714 | 0.714	ipa_phonetic | ipa_phonetic | ipa_phonetic | ipa_phonetic | ipa_phonetic							
ORG-C05773	ווינער קאַרלטעאַטער	Theatre	2	ווינער קאַרלטעאַטער	ווין		ווינער קאַרלטעאַטער | ווינער קאָרל-טעאַטער		630	0.625	ipa_phonetic							
ORG-C05774	ניו יאָרקער ווינדזאָר-טעאַטער	Theatre	1	ניו יאָרקער ווינדזאָר-טעאַטער	ניו יאָרק		ווינדזאָר-טעאַטער	אַמעריקע	615	0.700	ipa_phonetic							
ORG-C05775	וואָדעוויל-טעאַטער פֿון אָגעך	Theatre	1	וואָדעוויל-טעאַטער פֿון אָגעך														
ORG-C05776	שיקאגער פּאָלאָס-טעאַטער	Theatre	1	שיקאגער פּאָלאָס-טעאַטער	שיקאַגאָ		פּאָלאָס-טעאַטער		514 | 573 | 604 | 608	0.600 | 0.600 | 0.600 | 0.600	ipa_phonetic | ipa_phonetic | ipa_phonetic | ipa_phonetic							
ORG-C05777	מאָנטרעאַל	Theatre	2	מאָנטרעאַל	מאָנטרעאַל | מאָנטרעאָל			קאַנאַדע										
ORG-C05778	„קראָקעווער יידישער דראָמאָטישער טעאַטער“	Theatre	2	„קראָקעווער יידישער דראָמאָטישער טעאַטער“	קראָקע		„קראָקעווער יידישער דראָמאָטישער טעאַטער“		576	0.694	ipa_phonetic							
ORG-C05779	די פּוילישע וועלדער	Not an organization	1	די פּוילישע וועלדער														
ORG-C05780	אָטעליע-טעאַטער	Theatre	1	אָטעליע-טעאַטער	פּאַריז		אָטעליע-טעאַטער	פֿראַנקרייך	509 | 555 | 556 | 237 | 514	0.692 | 0.692 | 0.692 | 0.643 | 0.643	ipa_phonetic | ipa_phonetic | ipa_phonetic | ipa_phonetic | ipa_phonetic							
ORG-C05781	טעכנוקום	Education	1	טעכנוקום	ווילנע													
ORG-C05782	דראַמאָטישער סטודיע ביי דער קונסט-געזעלשאָפֿט	Education	1	דראַמאָטישער סטודיע ביי דער קונסט-געזעלשאָפֿט	ווילנע													
ORG-C05783	טעאַטער פֿאַר קינסטלערישע עסקיזן ביי דער קונסט-געזעלשאָפֿט	Theatre	1	טעאַטער פֿאַר קינסטלערישע עסקיזן ביי דער קונסט-געזעלשאָפֿט														
ORG-C05784	בית-ספר לבנות	Education	1	בית-ספר לבנות	יפֿו		בית-ספר לבנות	ארץ-ישראל										
ORG-C05785	פֿריוער פֿאָלקסבינע	Theatre	1	פֿריוער פֿאָלקסבינע														
ORG-C05786	פֿעלדמעסטער-שול	Education	1	פֿעלדמעסטער-שול			פֿעלדמעסטער-שול	רוסלאַנד										
ORG-C05787	רוימער אוגיווערזיטעט	Education	1	רוימער אוגיווערזיטעט			רוימער אוגיווערזיטעט	איטאָליע	588 | 487 | 561 | 587 | 595	0.737 | 0.727 | 0.714 | 0.684 | 0.684	ipa_phonetic | ipa_phonetic | ipa_phonetic | ipa_phonetic | ipa_phonetic	ALIGN	487	תיקנתי טעות בשם- אוניווערסיטעט			Bella	2026-04-26T11:28:11Z
ORG-C05788	ריינהאָרדס דראָמאַטישער שול	Education	1	ריינהאָרדס דראָמאַטישער שול	בערלין			דייטשלאנד										
ORG-C05789	ערנעסטינע מינהיים	Education	1	ערנעסטינע מינהיים														
ORG-C05790	דייטשן שטאָטס-טעאַטער	Theatre	1	דייטשן שטאָטס-טעאַטער	בערלין			דייטשלאנד	494 | 608	0.600 | 0.600	ipa_phonetic | ipa_phonetic							
ORG-C05791	יידישן קינסטלער-טעאאַטער (אַזראַ)	Theatre	1	יידישן קינסטלער-טעאאַטער (אַזראַ)	בערלין			דייטשלאנד	480	0.633	ipa_phonetic							
ORG-C05792	דייטשן שוישפּיל הויז	Theatre	1	דייטשן שוישפּיל הויז														
ORG-C05793	יאָראַטשינסקיס האַנטווערקער-שול	Education	1	יאָראַטשינסקיס האַנטווערקער-שול	לאָדזש			פּוילן										
ORG-C05794	טרופּע פֿון דוד שאַראַוונער	Traveling Company	1	טרופּע פֿון דוד שאַראַוונער	נאָוואָסעלץ													
ORG-C05795	טרופּע ליבערט	Traveling Company	1	טרופּע ליבערט														
ORG-C05796	טרופּע ספּיוואַקאָווסקי	Traveling Company	1	טרופּע ספּיוואַקאָווסקי														
ORG-C05797	טרופּע מעערסאָן	Traveling Company	1	טרופּע מעערסאָן														
ORG-C05798	טרופּע זאַנדבערג	Traveling Company	1	טרופּע זאַנדבערג														
ORG-C05799	טרופּע ראַפּעל	Traveling Company	1	טרופּע ראַפּעל														
ORG-C05800	אַדעווערול	Journals/ Newspapers	1	אַדעווערול			רומענישער צייטונג	רומעניע										
ORG-C05801	יום-טוב בלעטלעך	Journals/ Newspapers	1	יום-טוב בלעטלעך														
ORG-C05802	רוסישן שטאָט-טעאַטער	Theatre	1	רוסישן שטאָט-טעאַטער	מינסק		רוסישן שטאָט-טעאַטער		570	0.609	ipa_phonetic							
ORG-C05803	טרופּע סעם אָדלער-מעערסאָן	Traveling Company	1	טרופּע סעם אָדלער-מעערסאָן														
ORG-C05804	ערשטע יידישע דראָמאַטישע טעאַטער	Theatre	1	ערשטע יידישע דראָמאַטישע טעאַטער	אָדעם				576 | 633	0.735 | 0.655	ipa_phonetic | ipa_phonetic							
ORG-C05805	יידיש-דראָמאָטישן ליבהאָבער-קרייז	Education	1	יידיש-דראָמאָטישן ליבהאָבער-קרייז	ווילנע													
ORG-C05806	ענגלישער טעאַטער-גילד	Theatre	1	ענגלישער טעאַטער-גילד														
ORG-C05807	ווירצבורגער אוניווערסיטעט	Education	1	ווירצבורגער אוניווערסיטעט	ווירצבורג		ווירצבורגער אוניווערסיטעט		487	0.625	ipa_phonetic							
ORG-C05808	בריטישער געזעלשאָפֿט צו פֿאָרשפּרייטן דאָס קריסטענטום צווישן יידן	Religious institutions/organizations	1	בריטישער געזעלשאָפֿט צו פֿאָרשפּרייטן דאָס קריסטענטום צווישן יידן				ענגלאַנד										
ORG-C05809	וויקטאָריאַ מיוזיק-האָל	Theatre	1	וויקטאָריאַ מיוזיק-האָל		קענאָן סטריט	וויקטאָריאַ מיוזיק-האָל											
ORG-C05810	ישיבה פון די מוסרניקעס	Education	1	ישיבה פון די מוסרניקעס	גראָבין													
ORG-C05811	אוניווערזיטעט פון היידעלבערג	Education	1	אוניווערזיטעט פון היידעלבערג	היידעלבערג													
ORG-C05812	אוניווערזיטעט פון בערלין	Education	1	אוניווערזיטעט פון בערלין	בערלין													
ORG-C05813	סטודענטישע קאָלאָניעס	OTHER - elaborate!	1	סטודענטישע קאָלאָניעס														
ORG-C05814	די יודישע פאַמיליע	Journals/ Newspapers	1	די יודישע פאַמיליע														
ORG-C05815	יודישע קונסט-טעאָטער	Theatre	1	יודישע קונסט-טעאָטער	מאָסקווע				623	0.667	ipa_phonetic							
ORG-C05816	טרופּע בערנשטיין	Traveling Company	1	טרופּע בערנשטיין														
ORG-C05817	לעוויטאָן	Traveling Company	1	לעוויטאָן	כאָסטאָן													
ORG-C05818	גאַסטראָלן פון אָדלערן	Traveling Company	1	גאַסטראָלן פון אָדלערן														
ORG-C05819	עלי הדס	Journals/ Newspapers	1	עלי הדס														
ORG-C05820	טרופּע פֿון יידישע אָרטיסטן אונטער דער דירעקציע פֿון בעלאַו	Traveling Company	1	טרופּע פֿון יידישע אָרטיסטן אונטער דער דירעקציע פֿון בעלאַו	וואַרשע	מוראַנאָווער פּלאַץ	אין אַ ספּעציעל אויפֿגעבויטן בנין											
ORG-C05821	צירק ראָפּפּאָ	Theatre	1	צירק ראָפּפּאָ			צירק ראָפּפּאָ											
ORG-C05822	פרויען-אינסטיטוט אין וואַרשע	Education	1	פרויען-אינסטיטוט אין וואַרשע	וואַרשע			פּוילן										
ORG-C05823	וואַרשעווער דראָמאַטישער רעגירונגס-שול	Education	1	וואַרשעווער דראָמאַטישער רעגירונגס-שול	וואַרשע													
ORG-C05824	דראָמאָטישער סעקציע ביים וואַרשעווער „הזמיר“	Amateur	1	דראָמאָטישער סעקציע ביים וואַרשעווער „הזמיר“	וואַרשע													
ORG-C05825	שוואָרץס קונסט-טעאַטער	Theatre	5	שוואַרץס קונסט-טעאַטער | שוואָרץס קונסט-טעאַטער	ניו יאָרק | ניויאָרק	12טער סטריט	שוואָרץס קונסט-טעאַטער | שוואָרץס קונסט-טעאַטער											
ORG-C05826	קייזערליכער טעאַטער-שול	Education	1	קייזערליכער טעאַטער-שול	מאָסקווע													
ORG-C05827	טעכניקום	Education	1	טעכניקום														
ORG-C05828	רוסישער טרופּע פֿון באָסמאַנאָוו	Traveling Company	1	רוסישער טרופּע פֿון באָסמאַנאָוו	סמאָלענסק													
ORG-C05829	מאָסקווער קליינעם מלוכה-טעאַטער (סאָמבאַטאָוו)	Theatre	1	מאָסקווער קליינעם מלוכה-טעאַטער (סאָמבאַטאָוו)														
ORG-C05830	יידישער טרופּע פֿון שיין	Traveling Company	1	יידישער טרופּע פֿון שיין	קעשעניעוו													
ORG-C05831	רויטן אָרמיי-טעאַטער	Theatre	1	רויטן אָרמיי-טעאַטער														
ORG-C05832	טעאַטער אויפֿן בעסאַראָבער פֿראַנט	Theatre	1	טעאַטער אויפֿן בעסאַראָבער פֿראַנט														
ORG-C05833	רוסישער דראָמאַטישער טרופּע	Traveling Company	1	רוסישער דראָמאַטישער טרופּע	בעסאַראָביע													
ORG-C05834	"אָפּערדראָמ. סטודיע אין „דאָס פּאָלסקי"""	Education	1	"אָפּערדראָמ. סטודיע אין „דאָס פּאָלסקי"""														
ORG-C05835	רוסישע „ליבהאָבער“	Traveling Company	1	רוסישע „ליבהאָבער“														
ORG-C05836	דער יודישער שפּינעל	Publisher	1	דער יודישער שפּינעל	וואַרשע				635 | 564 | 614 | 461 | 572	1.000 | 0.722 | 0.667 | 0.667 | 0.600	exact | ipa_phonetic | ipa_phonetic | ipa_phonetic | ipa_phonetic	NEW	635				Bella	2026-05-17T08:55:27Z
ORG-C05837	דער גרינער ווועגווייזער	Journals/ Newspapers	1	דער גרינער ווועגווייזער				אמעריקע										
ORG-C05838	י. אונטערהענדלער	Publisher	1	י. אונטערהענדלער	וואַרשאַ	סט. יאָרסקיע נומער 24												
ORG-C05839	ישראל ראָזאַמאָווסקי	Publisher	1	ישראל ראָזאַמאָווסקי	ברדיטשוב		בברדיטשוב											
ORG-C05840	ציוניסטישן פֿאָרזין	Jewish political bodies	1	ציוניסטישן פֿאָרזין														
ORG-C05841	רייטשער כאָר-שול	Education	1	רייטשער כאָר-שול	וואַרשע		רייטשער כאָר-שול											
ORG-C05842	קינדער-כאָר	Musical organization	1	קינדער-כאָר	וואַרשע													
ORG-C05843	עדעלהאָפערס טרופּע	Traveling Company	1	עדעלהאָפערס טרופּע					234 | 533 | 254 | 469 | 545	1.000 | 0.688 | 0.688 | 0.625 | 0.625	exact | ipa_phonetic | ipa_phonetic | ipa_phonetic | ipa_phonetic	ALIGN	234				Bella	2026-04-19T15:55:15Z
ORG-C05844	בערגמאַנס טרופּע	Traveling Company	1	בערגמאַנס טרופּע	יאָסי			רומעניע	198 | 325 | 330 | 610 | 182	0.733 | 0.714 | 0.714 | 0.643 | 0.643	ipa_phonetic | ipa_phonetic | ipa_phonetic | ipa_phonetic | ipa_phonetic							
ORG-C05845	פּראָגימנאָזיום	Education	1	פּראָגימנאָזיום														
ORG-C05846	סיגאַרעטןפֿאַבריק	Labour (factory/workshop)	1	סיגאַרעטןפֿאַבריק	לאָנדאָן													
ORG-C05847	טאָבאָק-קלאָב	Trade Union / Professional Association	1	טאָבאָק-קלאָב														
ORG-C05848	טרופּע פֿון טש. נאָטאָנסאָן	Traveling Company	1	טרופּע פֿון טש. נאָטאָנסאָן														
ORG-C05849	טרופּע פֿון פֿיינמאַן	Traveling Company	1	טרופּע פֿון פֿיינמאַן					596 | 483 | 523 | 542 | 531	0.706 | 0.667 | 0.647 | 0.647 | 0.632	ipa_phonetic | ipa_phonetic | ipa_phonetic | ipa_phonetic | ipa_phonetic							
ORG-C05850	דירעקציע בלומענטאָל-וואַקסמאָן	Traveling Company	1	דירעקציע בלומענטאָל-וואַקסמאָן				דרום-אפריקע										
ORG-C05851	פּרינצעס מוזיקהאָל	Theatre	1	פּרינצעס מוזיקהאָל	לאָנדאָן													
ORG-C05852	דירעקציע דזש. קעסלער	Traveling Company	1	דירעקציע דזש. קעסלער	לאָנדאָן													
ORG-C05853	דירעקציע בלומענטאָל	Traveling Company	1	דירעקציע בלומענטאָל	לאָנדאָן													
ORG-C05854	יידישע אָרטיסטן-פֿאַריינען	Theatre-related Society/ Union	1	יידישע אָרטיסטן-פֿאַריינען	פּאַריז													
ORG-C05855	"דראָמאַטישע סטודיע ביי דער „ק""ל“"	Theatre	1	"דראָמאַטישע סטודיע ביי דער „ק""ל“"														
ORG-C05856	פיסקאַטאָר-טעאַטער	Theatre	1	פיסקאַטאָר-טעאַטער					296 | 151 | 514 | 526 | 529	0.667 | 0.600 | 0.600 | 0.600 | 0.600	ipa_phonetic | ipa_phonetic | ipa_phonetic | ipa_phonetic | ipa_phonetic							
ORG-C05857	שיקאָגער יידישער ליט. דראָמ. געזעלשאָפֿט קאָלעקטיוו	Theatre	1	שיקאָגער יידישער ליט. דראָמ. געזעלשאָפֿט קאָלעקטיוו	שיקאַגאָ		שיקאָגער	יו-עס-עי										
ORG-C05858	רומענישיידיש טעאַטער אונטער דער דירעקציאָן פֿון איזאַק ליברעסקאָ און לעאָן בערגער	Theatre	1	רומענישיידיש טעאַטער אונטער דער דירעקציאָן פֿון איזאַק ליברעסקאָ און לעאָן בערגער	בראָדי													
ORG-C05859	טרופּע צוקערמאָן, ספּיוואַקאָווסקי, שיינגאַלד שרה גאָלדשטיין-קאָרפּ, יוסף גאָלדשמידט, וויינשטאָק, שואָל וויינשטיין און די קויפמאָנס	Traveling Company	1	טרופּע צוקערמאָן, ספּיוואַקאָווסקי, שיינגאַלד שרה גאָלדשטיין-קאָרפּ, יוסף גאָלדשמידט, וויינשטאָק, שואָל וויינשטיין און די קויפמאָנס	קעניגסבערג		מייערס לאָקאָל											
ORG-C05860	די יידיש-אַריענטאָלישע טרופּע	Traveling Company	1	די יידיש-אַריענטאָלישע טרופּע														
ORG-C05861	אָריענטאָליש	Traveling Company	1	אָריענטאָליש	האָמבורג													
ORG-C05862	סעמינאָר פֿאַר יידישע לערער	Education	1	סעמינאָר פֿאַר יידישע לערער														
ORG-C05863	קונסט-רינני	Theatre	1	קונסט-רינני					306 | 307	0.818 | 0.727	ipa_phonetic | ipa_phonetic							
ORG-C05864	ענגלישן טעאַטער	Theatre	1	ענגלישן טעאַטער					278	0.643	ipa_phonetic							
ORG-C05865	"שילדקרויטס „אונזער-טעאַטער"""	Theatre	1	"שילדקרויטס „אונזער-טעאַטער"""														
ORG-C05866	לייב קאָריקס טרופּע	Traveling Company	1	לייב קאָריקס טרופּע					198 | 322 | 313	0.647 | 0.647 | 0.632	ipa_phonetic | ipa_phonetic | ipa_phonetic							
ORG-C05867	טרופּע מעערסאָן-עפּשטיין	Traveling Company	1	טרופּע מעערסאָן-עפּשטיין														
ORG-C05868	הכרם	Journals/ Newspapers	1	הכרם					268	0.800	ipa_phonetic							
ORG-C05869	ווילנער רוסישן שטאָטטעאַטער	Theatre	1	ווילנער רוסישן שטאָטטעאַטער	ווילנע		ווילנער רוסישן שטאָטטעאַטער		624 | 519 | 541 | 571	0.720 | 0.615 | 0.615 | 0.615	ipa_phonetic | ipa_phonetic | ipa_phonetic | ipa_phonetic							
ORG-C05870	רוסישן רעגירונגס-טעאַטער	Theatre	1	רוסישן רעגירונגס-טעאַטער	טיפליס		רוסישן רעגירונגס-טעאַטער											
ORG-C05871	סיביריאָקאָווס רוסישן טעאַטער	Theatre	1	סיביריאָקאָווס רוסישן טעאַטער	אָדעס		סיביריאָקאָווס רוסישן טעאַטער											
ORG-C05872	זונטאָנהאַנדלס-שול	Education	1	זונטאָנהאַנדלס-שול														
ORG-C05873	טלאָמאָצקער כאָר-שול	Education	1	טלאָמאָצקער כאָר-שול														
ORG-C05874	רוסישער דירעקטאָרשע אָלגינסקאַ	Traveling Company	1	רוסישער דירעקטאָרשע אָלגינסקאַ	וואַרשע													
ORG-C05875	וואַרשעווער באַגאַטעלאָטעאַטער	Theatre	1	וואַרשעווער באַגאַטעלאָטעאַטער	וואַרשע													
ORG-C05876	רעווי-טעאָטער „סמבטיון“	Theatre	1	רעווי-טעאָטער „סמבטיון“														
ORG-C05877	"„אָמעריקאַן ענגליש קאָמפּאָני"""	Traveling Company	1	"„אָמעריקאַן ענגליש קאָמפּאָני"""	יאָהאָנעסבורג													
ORG-C05878	רוסישע געזאָנג און טאַנץ-קאָפּעלע	Traveling Company	1	רוסישע געזאָנג און טאַנץ-קאָפּעלע				דייטשלאַנד										
ORG-C05879	אָנשעל שאָר	Traveling Company	5	אָנשעל שאָר | אַנשעל שאָר טרופּע	פּשעמישל | פֿילאַדעלפיע | פֿילאָדעלפיע													
ORG-C05880	"הערי בערנשטיין א""פּ ""בערנאָרדי"""	Theatre	1	"הערי בערנשטיין א""פּ ""בערנאָרדי"""	קליוולאַנד													
ORG-C05881	יעקב זילכערט	Traveling Company	1	יעקב זילכערט			פּראָווינץ											
ORG-C05882	גערטנער	Traveling Company	2	גערטנער	שיקאָגאַ | שיקאָנאָ				182	0.833	fuzzy							
ORG-C05883	קאָליך און דיינע פֿיינמאַן	Theatre	1	קאָליך און דיינע פֿיינמאַן	באָסטאָן													
ORG-C05884	ראָט	Theatre	1	ראָט	נואַרק				488	0.600	ipa_phonetic							
ORG-C05885	פּאָפּיראָסן-פֿאָבדיק פֿון פּאָליאָקעוויטש	Labour (factory/workshop)	1	פּאָפּיראָסן-פֿאָבדיק פֿון פּאָליאָקעוויטש														
ORG-C05886	קוואָרטעט פון גאָרדעצקי	Musical organization	1	קוואָרטעט פון גאָרדעצקי														
ORG-C05887	קוואָרטעט שטיין	Traveling Company	1	קוואָרטעט שטיין	פּוילן													
ORG-C05888	פּאָדזאָמטשעס טרופּע	Traveling Company	1	פּאָדזאָמטשעס טרופּע	ווין													
ORG-C05889	פֿרייער פֿאָלקס בינע	Theatre	2	פרייער פֿאָלקס-בינע | פֿרייער פֿאָלקס בינע														
ORG-C05890	נעלי קעסמאַן	Traveling Company	1	נעלי קעסמאַן														
ORG-C05891	"„לעמבערנער טאָגבלאַט"""	Journals/ Newspapers	2	"„לעמבערנער טאָגבלאַט"""	לעמבערג													
ORG-C05892	"„הדואַר"""	Journals/ Newspapers	1	"„הדואַר"""	ניו יאָרק			אַמעריקע										
ORG-C05893	"„דביר"""	Publisher	1	"„דביר"""	תל-אביב			אָרץ-ישראל										
ORG-C05894	ווייסרוסלענדיש-יידישער טעאַטער-סטודיע	Theatre	1	ווייסרוסלענדיש-יידישער טעאַטער-סטודיע														
ORG-C05895	בראָדסקי-קאָמיטעט	Publisher	1	בראָדסקי-קאָמיטעט	בוענאָס-איידעס													
ORG-C05896	פֿאָלקס-פאַנד	Publisher	1	פֿאָלקס-פאַנד														
ORG-C05897	חד- נדיא	Theatre	1	חד- נדיא	לאָדזש													
ORG-C05898	שור הבר	Theatre	1	שור הבר	לאָדזש													
ORG-C05899	פּורימדיקער וואָנדער-טעאַטער	Theatre	1	פּורימדיקער וואָנדער-טעאַטער														
ORG-C05900	פֿאָלקס-קאָבאַדעטן	Theatre	1	פֿאָלקס-קאָבאַדעטן														
ORG-C05901	וואָלף ליטוואָקס גערטנדל	Theatre	1	וואָלף ליטוואָקס גערטנדל	וואַרשע	פראָנטשישקאנער 36	וואָלף ליטוואָקס גערטנדל											
ORG-C05902	גאַסטהויז פינקוס	Theatre	1	גאַסטהויז פינקוס	בראָדי		גאַסטהויז פינקוס											
ORG-C05903	לעמבערגער אויסגאָבע	Publisher	1	לעמבערגער אויסגאָבע	לעמבערג													
ORG-C05904	דער עסטרייכישער אַרטיי	Military	1	דער עסטרייכישער אַרטיי														
ORG-C05905	דייטשע קאָפע-שאָנטאָנען	Theatre	1	דייטשע קאָפע-שאָנטאָנען	ווין		קאָפע-שאָנטאָנען											
ORG-C05906	וואָלף ליטוואַקס גאָרטן	Theatre	4	וואָלף ליטוואַקס גאָרטן	וואַרשע	פראָנטשישקאַנער 36	וואָלף ליטוואַקס גאָרטן | וואָלף ליטוואָקס גאָרטן	פּוילן										
ORG-C05907	וואַרשויער יידישע צייטונג	Journals/ Newspapers	1	וואַרשויער יידישע צייטונג														
ORG-C05908	דיאַ בעריהמטע בראָדערזענגער	Traveling Company	1	דיאַ בעריהמטע בראָדערזענגער		נאָלעווקעס, נאָטאָנזאַנס הויז No. 2244a	באַוואָריע [טיי-הויז]											
ORG-C05909	באַוואָריע	Theatre	1	באַוואָריע	וואַרשע	נאָלעווקעס	נאָטאָנזאַנס הויז No. 2244a											
ORG-C05910	פֿאָלקסזינגער	Traveling Company	4	די פֿאָלקסזינגער | פֿאָלקסזינגער			גאַליציע | רומעניע	רומעניע										
ORG-C05911	ראָזענבערג	Traveling Company	1	ראָזענבערג	אָדעס													
ORG-C05912	פּאָפּערס האָלץ פֿאַבריק	Labour (factory/workshop)	1	פּאָפּערס האָלץ פֿאַבריק														
ORG-C05913	אַ טרופּע פֿאָר בראָד	Traveling Company	1	אַ טרופּע פֿאָר בראָד	בראָד													
ORG-C05914	וואַלסגעשאַפֿוס טרופּע	Traveling Company	1	וואַלסגעשאַפֿוס טרופּע														
ORG-C05915	"""ברעטל-זינגער"" קאָנער"	Traveling Company	1	"""ברעטל-זינגער"" קאָנער"														
ORG-C05916	שלמה אָגער אין קרעטשמע	Theatre	1	שלמה אָגער אין קרעטשמע	לעמבערג		קרעטשמע											
ORG-C05917	מיט אַש פֿייערשטיין און משה דער בלינדער	Traveling Company	1	מיט אַש פֿייערשטיין און משה דער בלינדער			די פּראָווינץ											
ORG-C05918	צום עסטרייכישן אָדלער	Business	1	צום עסטרייכישן אָדלער	קאָנסטאָנטינאָפּאָל		נאָלאָטאָ											
ORG-C05919	קאָסינאַ פֿון פּשעמישלער אָפיצירן	Theatre	1	קאָסינאַ פֿון פּשעמישלער אָפיצירן	פּשעמישל		קאָסינאַ											
ORG-C05920	לעמבערגער מושב-זקנים	Welfare/Aid organization	1	לעמבערגער מושב-זקנים	לעמבערג		לעמבערגער מושב-זקנים											
ORG-C05921	פּריוואָטער מאָדערנער יידישער שול	Education	1	פּריוואָטער מאָדערנער יידישער שול														
ORG-C05922	מעערסאָנס טרופּע	Traveling Company	3	מעערסאָנס טרופּע	ניקאָלאַיעוו				330 | 533 | 610 | 325 | 559	1.000 | 0.714 | 0.643 | 0.643 | 0.600	exact | ipa_phonetic | ipa_phonetic | ipa_phonetic | ipa_phonetic	ALIGN	330				Bella	2026-04-19T08:02:55Z
ORG-C05923	אָבענד-נייעם	Journals/ Newspapers	1	אָבענד-נייעם														
ORG-C05924	נתלי נאָלדפאָדען	Traveling Company	1	נתלי נאָלדפאָדען														
ORG-C05925	געבילם דריטן סטריט-טעאַטער	Theatre	1	געבילם דריטן סטריט-טעאַטער														
ORG-C05926	זאַבלודאָווסקיס שול	Religious institutions/organizations	1	זאַבלודאָווסקיס שול	ביאַליסטאָק		זאַבלודאָווסקיס שול											
ORG-C05927	טעאַטער אָלקאָזאָר	Theatre	1	טעאַטער אָלקאָזאָר	וואַרשע		טעאַטער אָלקאָזאָר		475	0.733	ipa_phonetic							
ORG-C05928	דיען	Journals/ Newspapers	1	דיען														
ORG-C05929	פאָרם בן-שמן	Labour (factory/workshop)	1	פאָרם בן-שמן			בן-שמן											
ORG-C05930	טעאַטער פֿרינטאַנע	Theatre	1	טעאַטער פֿרינטאַנע	קאַאיראָ		טעאַטער פֿרינטאַנע	עניפּטן	173	0.667	ipa_phonetic							
ORG-C05931	פּאָלטאָווער טעאַטערקאָמיטעט	Theatre-related Society/ Union	1	פּאָלטאָווער טעאַטערקאָמיטעט	פּאָלטאָווע			ראָטנפֿאַרבאַנד										
ORG-C05932	פּראָווינץ-טרופּע פֿון שיינפעלד	Traveling Company	1	פּראָווינץ-טרופּע פֿון שיינפעלד														
ORG-C05933	מאָסקווער שלום-עליכם-סטודיע	Education	1	מאָסקווער שלום-עליכם-סטודיע	מאָסקווע													
ORG-C05934	טעאָטער-סטודיע „פֿרייקונסט“	Theatre	1	טעאָטער-סטודיע „פֿרייקונסט“														
ORG-C05935	ווילנער יידישער פּרעסע	Journals/ Newspapers	1	ווילנער יידישער פּרעסע	ווילנע													
ORG-C05936	פיג קונסט	Publisher	1	פיג קונסט														
ORG-C05937	צאָלמאַנען	Traveling Company	1	צאָלמאַנען	קראָקע				503	1.000	exact	ALIGN	503				Bella	2026-04-26T08:31:13Z
ORG-C05938	מעלצערן	Traveling Company	1	מעלצערן	קראָקע				533	0.667	fuzzy							
ORG-C05939	שולינגן	Traveling Company	1	שולינגן														
ORG-C05940	רונישע שטאָטישע שול	Education	1	רונישע שטאָטישע שול														
ORG-C05941	גימנאָיע	Education	1	גימנאָיע														
ORG-C05942	כאָר ביי קאמינסקי און ליבערט	Traveling Company	1	כאָר ביי קאמינסקי און ליבערט			באַנאַטעלאַ											
ORG-C05943	בעקערן	Traveling Company	1	בעקערן	לובלין				610	0.600	fuzzy							
ORG-C05944	פֿאַראייניקטער טרופּע פֿון גוזיק-זשעלאַזאָ-קרויזע	Traveling Company	1	פֿאַראייניקטער טרופּע פֿון גוזיק-זשעלאַזאָ-קרויזע														
ORG-C05945	טרופּע סאַבסיי	Traveling Company	1	טרופּע סאַבסיי														
ORG-C05946	אַן אייגענער טרופּע	Traveling Company	1	אַן אייגענער טרופּע				דרום-אפריקע										
ORG-C05947	ענגלישער סאַציאָליסטישער פּאָרטיי	Non-Jewish political bodies	1	ענגלישער סאַציאָליסטישער פּאָרטיי			ענגלאַנד	ענגלאַנד										
ORG-C05948	"חודשזשורנאָל „דרום אפריקע"""	Journals/ Newspapers	1	"חודשזשורנאָל „דרום אפריקע"""	יאָהאָניסבורג													
ORG-C05949	"פ""ג לייכט"	Publisher	1	"פ""ג לייכט"	קאָוונע													
ORG-C05950	יידישן קאָלעדזש	Education	1	יידישן קאָלעדזש	לאָנדאָן													
ORG-C05951	אַמעריקאַנער ענצוקלאָפּעדיע	Publisher	1	אַמעריקאַנער ענצוקלאָפּעדיע	ניו יאָרק													
ORG-C05952	די ניויאָרק דושוירנאָל	Journals/ Newspapers	1	די ניויאָרק דושוירנאָל	ניו יאָרק													
ORG-C05953	אַשכנזי זיגלער	Traveling Company	1	אַשכנזי זיגלער				רומעניע										
ORG-C05954	הענריעטאַ שניצער	Traveling Company	1	הענריעטאַ שניצער														
ORG-C05955	מאָדערנע חדרים	Education	1	מאָדערנע חדרים														
ORG-C05956	פּריוואָט-שול	Education	1	פּריוואָט-שול														
ORG-C05957	מאָשקאָוויטש	Traveling Company	2	מאָשקאָוויטש	לאָנדאָן			ענגלאנד										
ORG-C05958	זשיטאָמירער שטאָט-טעאַטער	Theatre	1	זשיטאָמירער שטאָט-טעאַטער	זשיטאָמיר		שטאָט-טעאַטער		538	0.621	ipa_phonetic							
ORG-C05959	ערשטן אָלרוסישן אַרטיסטן-פֿאַריין	Theatre-related Society/ Union	1	ערשטן אָלרוסישן אַרטיסטן-פֿאַריין														
ORG-C05960	מענדעלע-טעאַטער	Theatre	1	מענדעלע-טעאַטער	כערסאָן		מענדעלע-טעאַטער		520 | 528 | 278 | 509 | 536	0.714 | 0.714 | 0.643 | 0.643 | 0.643	ipa_phonetic | ipa_phonetic | ipa_phonetic | ipa_phonetic | ipa_phonetic							
ORG-C05961	פּאָלטאָווער גובערניאַלן טעאַטער-קאָמיטעט	Theatre-related Society/ Union	1	פּאָלטאָווער גובערניאַלן טעאַטער-קאָמיטעט														
ORG-C05962	דייטשע טרופּעס	Traveling Company	1	דייטשע טרופּעס			פּראָווינץ פֿון עסטרייך און דייטשלאַנד		421	0.600	ipa_phonetic	SPLIT		The name is plural (טרופּעס - troupes) and refers to multiple German companies rather than a single specific organization.			auto_drafter	2026-05-17T17:07:26Z
ORG-C05963	יידיש קונסט-טעאַטער אויף דייטש	Theatre	1	יידיש קונסט-טעאַטער אויף דייטש	ווין													
ORG-C05964	יאָרנאָבינעם	Theatre	1	יאָרנאָבינעם	ווין													
ORG-C05965	דראַמאַטישער שול פֿון דער פרייע יידישע פֿאָלקסבינע	Education	1	דראַמאַטישער שול פֿון דער פרייע יידישע פֿאָלקסבינע														
ORG-C05966	טעאַטער-גילד	Theatre	1	טעאַטער-גילד														
ORG-C05967	סיוויק רעפּערטואָר-טעאַטער	Theatre	1	סיוויק רעפּערטואָר-טעאַטער														
ORG-C05968	טרופּע קאָמפּאַנעעץ-ראָפּעל	Traveling Company	1	טרופּע קאָמפּאַנעעץ-ראָפּעל	וואַרשע													
ORG-C05969	ראָפּעל און עפּעלבערנס טרופּע	Traveling Company	1	ראָפּעל און עפּעלבערנס טרופּע	וואַרשע													
ORG-C05970	יידיש טעאַטער איז בוענאָס איירעס	Theatre	1	יידיש טעאַטער איז בוענאָס איירעס	בוענאָס איירעס			אַרגענטינע										
ORG-C05971	אַרגענטינער פֿאַרלאָנס-קאָמיטעט פון „לעקסיקאָן פון יידישן טעאַטער“	Publisher	1	אַרגענטינער פֿאַרלאָנס-קאָמיטעט פון „לעקסיקאָן פון יידישן טעאַטער“				אַרגענטינע										
ORG-C05972	קוואָרטעט פֿון די ברידער שוואַרץ	Traveling Company	1	קוואָרטעט פֿון די ברידער שוואַרץ														
ORG-C05973	רובינשטיין	Traveling Company	1	רובינשטיין	לאָנדאָן			ענגלאַנד										
ORG-C05974	די וואָלערשטיין	Traveling Company	1	די וואָלערשטיין				דרום-אפריקע										
ORG-C05975	דראַמאַטישער סעקציע פֿון „הזמיר“	Amateur	1	דראַמאַטישער סעקציע פֿון „הזמיר“	וואַרשע													
ORG-C05976	גערשאָנאָוויטש אין ווייטערסק	Traveling Company	1	גערשאָנאָוויטש אין ווייטערסק	ווייטערסק													
ORG-C05977	רוסישער אָפּערעטע פֿון קרוטשינין	Traveling Company	1	רוסישער אָפּערעטע פֿון קרוטשינין														
ORG-C05978	טשאָרנעצקיס פּוילישער אָפּערעטן-טרופּע	Traveling Company	1	טשאָרנעצקיס פּוילישער אָפּערעטן-טרופּע	ראַדאָם													
ORG-C05979	מיראזש	Theatre	1	מיראזש														
ORG-C05980	אסתר רחל קאמינסקי און זייגמונט טורקאָווס טרופּע	Traveling Company	1	אסתר רחל קאמינסקי און זייגמונט טורקאָווס טרופּע														
ORG-C05981	וועטערינאָר-אינסטיטוט	Education	1	וועטערינאָר-אינסטיטוט	וואַרשע													
ORG-C05982	הבקר אור	Journals/ Newspapers	1	הבקר אור														
ORG-C05983	יהודה ליב מאַרגענשטערן בוכהאַנדלונג	Publisher	1	יהודה ליב מאַרגענשטערן בוכהאַנדלונג	וואַרשאַ		בוכהאַנדלונג											
ORG-C05984	רענד-טעאַטער	Theatre	1	רענד-טעאַטער	ניו יאָרק		רענד-טעאַטער	אַמעריקע	528 | 124 | 556 | 509 | 613	1.000 | 0.818 | 0.818 | 0.750 | 0.750	exact | ipa_phonetic | ipa_phonetic | ipa_phonetic | ipa_phonetic	NEW	528				Bella	2026-04-28T15:34:12Z
ORG-C05985	אַקטיאָרן-יוניע, סעקשאָן — פֿון לאָקאָל 7	Theatre-related Society/ Union	1	אַקטיאָרן-יוניע, סעקשאָן — פֿון לאָקאָל 7														
ORG-C05986	אָרפעום-טעאַטער	Theatre	1	אָרפעום-טעאַטער	האַרלעם	125 סטריט	אָרפעום-טעאַטער		237 | 528 | 556 | 611 | 520	0.714 | 0.692 | 0.692 | 0.692 | 0.643	ipa_phonetic | ipa_phonetic | ipa_phonetic | ipa_phonetic | ipa_phonetic							
ORG-C05987	פּ.פּ.ס'שן קלוב	Theatre	1	פּ.פּ.ס'שן קלוב	לאָנדאָן													
ORG-C05988	מיניקעס יוביליי-נומער	Publisher	1	מיניקעס יוביליי-נומער														
ORG-C05989	טשערנאָוויצער גימנאָזיע	Education	1	טשערנאָוויצער גימנאָזיע	טשערנאָוויץ													
ORG-C05990	קאָאָפּעראָטיוון ראָיאַל-טעאַטער	Theatre	1	קאָאָפּעראָטיוון ראָיאַל-טעאַטער	ניו יאָרק													
ORG-C05991	פאַרלאָג קלעצקין	Publisher	1	פאַרלאָג קלעצקין	ווילנע													
ORG-C05992	אינטימער-טעאַטער	Theatre	2	אינטימער-טעאַטער	בראַנקס | בראָנקס, ניו-יאָרק				536 | 296 | 426 | 124 | 176	0.667 | 0.667 | 0.667 | 0.600 | 0.600	ipa_phonetic | ipa_phonetic | ipa_phonetic | ipa_phonetic | ipa_phonetic							
ORG-C05993	ווייסרוסלענדישן אינסטיטוט פֿון טעאַטראָער קונסט	Education	1	ווייסרוסלענדישן אינסטיטוט פֿון טעאַטראָער קונסט	מאָסקווע													
ORG-C05994	תושה	Publisher	1	תושה														
ORG-C05995	1925	Journals/ Newspapers	1	1925														
ORG-C05996	קיציסן	Traveling Company	1	קיציסן														
ORG-C05997	דירעקטאָר לערמאַן	Traveling Company	1	דירעקטאָר לערמאַן														
ORG-C05998	דיר. בלומענטאָל	Traveling Company	1	דיר. בלומענטאָל	פאַריז													
ORG-C05999	בראַנווילער האָפּקינסאָן-טעאַטער	Theatre	1	בראַנווילער האָפּקינסאָן-טעאַטער	בראַנווילער		האָפּקינסאָן-טעאַטער											
ORG-C06000	זאַקס פאָלקס-טעאַטער	Theatre	2	זאַקס פאָלקס-טעאַטער	ניו יאַרק		זאַקס פאָלקס-טעאַטער		608 | 514 | 570	0.650 | 0.647 | 0.609	ipa_phonetic | ipa_phonetic | ipa_phonetic							
ORG-C06001	טעאַטער באַלגאַראָוו	Theatre	1	טעאַטער באַלגאַראָוו					475 | 581	0.667 | 0.600	ipa_phonetic | ipa_phonetic							
ORG-C06002	ביי איציקל גאָלדענבערג	Traveling Company	2	ביי איציקל גאָלדענבערג														
ORG-C06003	וואַרשעווער פּראָגרעסיוו-דראַמאַטיק-קלאָב	Theatre	1	וואַרשעווער פּראָגרעסיוו-דראַמאַטיק-קלאָב														
ORG-C06004	"ג""אָלדן-רול"	Theatre	2	"ג""אָלדן-רול"														
ORG-C06005	בראַנווילער מעטראָפּאָליטאָן	Theatre	1	בראַנווילער מעטראָפּאָליטאָן	בראַנוויל		מעטראָפּאָליטאָן											
ORG-C06006	זינגער האָל	Theatre	3	זינגער האָל	בראַנזוויל | ברוקלין													
ORG-C06007	לייסעוםטעאַטער	Theatre	1	לייסעוםטעאַטער					237 | 622 | 176 | 263 | 553	0.714 | 0.643 | 0.615 | 0.615 | 0.615	ipa_phonetic | ipa_phonetic | ipa_phonetic | ipa_phonetic | ipa_phonetic							
ORG-C06008	זילבערטס טרופּע	Traveling Company	1	זילבערטס טרופּע	מאָנטרעאַל				583 | 455 | 551 | 459 | 533	0.786 | 0.733 | 0.714 | 0.714 | 0.643	ipa_phonetic | ipa_phonetic | ipa_phonetic | ipa_phonetic | ipa_phonetic							
ORG-C06009	פּראָספּעקט	Theatre	4	פּראָספּעקט	ניו יאָרק		פּראָספּעקט											
ORG-C06010	פּראָפעסיאנעלער רומענישער טרופּע	Traveling Company	1	פּראָפעסיאנעלער רומענישער טרופּע	גאָלאַץ			רומעניע										
ORG-C06011	ביידעםקאָס טרופּע	Traveling Company	1	ביידעםקאָס טרופּע	קאָמענעץ-פּאָדאָלסק				610 | 337 | 545 | 579 | 195	0.667 | 0.625 | 0.600 | 0.600 | 0.600	ipa_phonetic | ipa_phonetic | ipa_phonetic | ipa_phonetic | ipa_phonetic							
ORG-C06012	טעאַטער-שול ביים מאָסקווער יידישן קאָמער-טעאַטער	Education	1	טעאַטער-שול ביים מאָסקווער יידישן קאָמער-טעאַטער	מאָסקווע				634	0.694	fuzzy							
ORG-C06013	מאָסקווער מערבא-אוניווערסיטעט	Education	1	מאָסקווער מערבא-אוניווערסיטעט	מאָסקווע													
ORG-C06014	רומענישער פּרימאַר-שול	Education	1	רומענישער פּרימאַר-שול														
ORG-C06015	מאָדערניזירטער יידישער שול	Education	1	מאָדערניזירטער יידישער שול														
ORG-C06016	קיבוץ פֿון די פּרושים	Education	1	קיבוץ פֿון די פּרושים	מאָלטש													
ORG-C06017	וואָרעוויל-פּלעצער	Theatre	1	וואָרעוויל-פּלעצער														
ORG-C06018	מ. ד. וואַקסמאָןס דראָמאָטישער פאַריין	Theatre	1	מ. ד. וואַקסמאָןס דראָמאָטישער פאַריין	שיקאָגאָ													
ORG-C06019	שוואַרץ	Traveling Company	1	שוואַרץ														
ORG-C06020	דז. קעסלער	Theatre	1	דז. קעסלער	שיקאָגאָ													
ORG-C06021	הורוויץגרינבערגס טרופּע	Traveling Company	1	הורוויץגרינבערגס טרופּע														
ORG-C06022	ערשטער רומענישער טרופּע	Traveling Company	1	ערשטער רומענישער טרופּע	אַמעריקע													
ORG-C06023	נייטען גאָלדבערג דראַמאָטיקקלאָב	Theatre	1	נייטען גאָלדבערג דראַמאָטיקקלאָב														
ORG-C06024	גאָלדענרול-הויז	Theatre	1	גאָלדענרול-הויז														
ORG-C06025	חדר און סקול	Education	1	חדר און סקול	שיקאָגאָ													
ORG-C06026	לעאָן גאָלובאָקס טרופּע	Traveling Company	1	לעאָן גאָלובאָקס טרופּע					313 | 492	1.000 | 0.600	exact | ipa_phonetic	ALIGN	313				Bella	2026-04-21T07:03:55Z
ORG-C06027	אַבאַ שיינגאָלד	Traveling Company	2	אַבאַ שיינגאָלד | אבאַ שיינגאָלדס טרופּע	באָלטימאָר | קעשענעוו													
ORG-C06028	"„איי ענד עס"" פֿילם-קאָמפּאָניע"	Media (Radio/ Film/TV)	1	"„איי ענד עס"" פֿילם-קאָמפּאָניע"														
ORG-C06029	דראָמאָטישער סטודיע ביים קונסט-טעאַטער	Education	1	דראָמאָטישער סטודיע ביים קונסט-טעאַטער														
ORG-C06030	יידיש-רומענישער שול פֿון ייבטשע זאַנדבערג	Education	1	יידיש-רומענישער שול פֿון ייבטשע זאַנדבערג	יאָסי		יידיש-רומענישער שול	רומעניע										
ORG-C06031	טרופּע פינקל, פֿיינמאַן און מאָגולעסקאָ	Traveling Company	1	טרופּע פינקל, פֿיינמאַן און מאָגולעסקאָ	יאָסי			רומעניע										
ORG-C06032	"רומענישן פֿאַרלאָגס-קאָמיטעט פֿון „לעקסיקאָן פון יידישן טעאַטער"""	Publisher	2	"רומענישן פאַרלאַגס-קאָמיטעט פון לעקסיקאָן פון יידישן טעאַטער | רומענישן פֿאַרלאָגס-קאָמיטעט פֿון „לעקסיקאָן פון יידישן טעאַטער"""														
ORG-C06033	גלותטעאַטער	Traveling Company	1	גלותטעאַטער														
ORG-C06034	קאָנער	Traveling Company	2	קאָנער														
ORG-C06035	כאָר ביי רחל אַקסעלראָד	Musical organization	1	כאָר ביי רחל אַקסעלראָד	טשערנאָוויץ													
ORG-C06036	סימפעראָפּאָלער רעגירונגסשול	Education	1	סימפעראָפּאָלער רעגירונגסשול	סימפעראָפּאָל		סימפעראָפּאָלער רעגירונגסשול											
ORG-C06037	דאָס בוקאָוויינער איזראעליטישע פאָלקס-בלאַט	Journals/ Newspapers	1	דאָס בוקאָוויינער איזראעליטישע פאָלקס-בלאַט	טשערנאָוויץ													
ORG-C06038	שמעון מאַרקס גערטנדל	Theatre	2	שמעון מאַרקס גערטנדל	יאַסי | יאָסי		שמעון מאַרקס גערטנדל | שמעון מאַרקס גערטנדעל											
ORG-C06039	האָטעל צוקער	Theatre	1	האָטעל צוקער	גאַלאַץ		האָטעל צוקער											
ORG-C06040	פאַראיינס-ברידער לבנון	Welfare/Aid organization	1	פאַראיינס-ברידער לבנון	גאַלאַץ			רומעניע										
ORG-C06041	רומענישן טעאַטער	Theatre	1	רומענישן טעאַטער					500 | 278 | 527 | 528 | 556	0.632 | 0.600 | 0.600 | 0.600 | 0.600	ipa_phonetic | ipa_phonetic | ipa_phonetic | ipa_phonetic | ipa_phonetic							
ORG-C06042	האָטעל ווייבעל	Theatre	1	האָטעל ווייבעל	בראַאילא		האָטעל ווייבעל											
ORG-C06043	דער יודישער טעלעגראף	Journals/ Newspapers	1	דער יודישער טעלעגראף	בוקאַרעסט				572 | 461 | 564 | 635	1.000 | 0.700 | 0.650 | 0.600	exact | ipa_phonetic | ipa_phonetic | ipa_phonetic	NEW	572				Bella	2026-05-04T09:41:08Z
ORG-C06044	זומער-טעאַטער פון דייטשן קלוב	Theatre	1	זומער-טעאַטער פון דייטשן קלוב	מאָסקווע		זומער-טעאַטער פון דייטשן קלוב	רוסלאַנד										
ORG-C06045	ר. מאַזין קאָמפּ.	Publisher	3	ד. מאזין קאָמפּ. | ר. מאַזין קאָמפּ.	לאָנדאָן													
ORG-C06046	אברהם גאָלדפאַדען'ס טעאַטער	Theatre	1	אברהם גאָלדפאַדען'ס טעאַטער	ניו-יאָרק													
ORG-C06047	חבת-ציון-באַוועגונג	Jewish political bodies	1	חבת-ציון-באַוועגונג	אָדעס													
ORG-C06048	פאַריין לירא	Education	1	פאַריין לירא	ניו-יאָרק	165 איסט בראָדוויי	אַמעריקאן סטאַר-האָל											
ORG-C06049	טעאַטער פאַנטאַזיע פּאַריזיען	Theatre	1	טעאַטער פאַנטאַזיע פּאַריזיען	פּאַריז	רי לאנקרי 42	טעאַטער פאַנטאַזיע פּאַריזיען											
ORG-C06050	ציוניסטישן קאָנגרעס	Jewish political bodies	1	ציוניסטישן קאָנגרעס	לאָנדאָן													
ORG-C06051	די יידישע גאַזעטטען	Journals/ Newspapers	1	די יידישע גאַזעטטען	ניו-יאָרק													
ORG-C06052	ציוניסטישער פּאַרטיי	Jewish political bodies	1	ציוניסטישער פּאַרטיי	פּאַריז													
ORG-C06053	בני-ציון	Jewish political bodies	1	בני-ציון	ליד			ענגלאַנד										
ORG-C06054	דר. הערצל ציון-קלאָב	Jewish political bodies	1	דר. הערצל ציון-קלאָב	ניו-יאָרק		דר. הערצל ציון-קלאָב	אַמעריקע										
ORG-C06055	דער יודישער אַרטיסטען-פאַריין - אברהם גאָלדפאַדען	Theatre-related Society/ Union	1	דער יודישער אַרטיסטען-פאַריין - אברהם גאָלדפאַדען	לעמבערג		דער יודישער אַרטיסטען-פאַריין											
ORG-C06056	גאָלדפאַדעןלאדזש	Welfare/Aid organization	1	גאָלדפאַדעןלאדזש	ניו-יאָרק		גאָלדפאַדעןלאדזש											
ORG-C06057	אַרכיוו פאַר יידיש טעאַטער	Publisher	1	אַרכיוו פאַר יידיש טעאַטער	ווילנע				310	0.654	ipa_phonetic							
ORG-C06058	אידישן טעאַטער מוזיי ניו יאָרק	Heritage Institution	1	אידישן טעאַטער מוזיי ניו יאָרק	ניו יאָרק													
ORG-C06059	אינסטיטוט פאַר ווייסרוסלענדישער קולטור	Publisher	1	אינסטיטוט פאַר ווייסרוסלענדישער קולטור	מינסק													
ORG-C06060	יוסף פישער	Publisher	1	יוסף פישער	קראקא	גראדנגאססע 62			25	1.000	exact	ALIGN	25				Bella	2026-04-19T06:59:39Z
ORG-C06061	בוימריטטער וחתנו גאנשאר	Publisher	1	בוימריטטער וחתנו גאנשאר	וואַרשא	ביעליינסקע 16												
ORG-C06062	ליב מאָרגענשטערן בוכהאַנדלונג	Publisher	1	ליב מאָרגענשטערן בוכהאַנדלונג	וואַרשא	פראַנצישקאַנער שטראססע נומ. 26												
ORG-C06063	ניעזשינער גימנאַזיע	Education	1	ניעזשינער גימנאַזיע														
ORG-C06064	פּעטערבורגער דראַמאַטישער שול פֿון ניקאָליי פּאָפּאָוו	Education	1	פּעטערבורגער דראַמאַטישער שול פֿון ניקאָליי פּאָפּאָוו	פּעטערבורג			רוסלאַנד										
ORG-C06065	ערשטן אַקטיאָרישן פֿאַרבאַנד	Theatre-related Society/ Union	1	ערשטן אַקטיאָרישן פֿאַרבאַנד	אָדעם			אוקראינע										
ORG-C06066	אינטים טעאַטער	Theatre	1	אינטים טעאַטער	ניקאָלאַיעוו		דער נייער וועג	אוקראינע	536 | 426 | 124 | 176 | 553	0.692 | 0.692 | 0.615 | 0.615 | 0.615	ipa_phonetic | ipa_phonetic | ipa_phonetic | ipa_phonetic | ipa_phonetic							
ORG-C06067	שיקאָגאָ ביי גליקמאַן	Theatre	2	שיקאָגאָ ביי גליקמאַן	שיקאָגאָ		גליקמאַן טעאַטער	אַמעריקע										
ORG-C06068	טרופּע „גאָלדפֿאַדען“	Traveling Company	1	טרופּע „גאָלדפֿאַדען“														
ORG-C06069	אָפּטייק	Business	1	אָפּטייק	כאָרבין													
ORG-C06070	גראָסמאָן'ס טעאַטער	Theatre	1	גראָסמאָן'ס טעאַטער	קעשעניעוו		גראָסמאָן'ס טעאַטער		252 | 263 | 526 | 552	0.714 | 0.643 | 0.643 | 0.643	ipa_phonetic | ipa_phonetic | ipa_phonetic | ipa_phonetic							
ORG-C06071	פּראָוודאָ	Journals/ Newspapers	1	פּראָוודאָ	אָדעס													
ORG-C06072	רוסקי יעוורעי	Journals/ Newspapers	1	רוסקי יעוורעי	פּעטערבורג													
ORG-C06073	ראָזסוועט	Journals/ Newspapers	1	ראָזסוועט	פּעטערבורג													
ORG-C06074	בוקאַרעסטער יידישן טעאַטער	Theatre	1	בוקאַרעסטער יידישן טעאַטער	בוקאַרעסט			רומעניע	472 | 575 | 502 | 576 | 500	0.792 | 0.792 | 0.767 | 0.724 | 0.708	ipa_phonetic | ipa_phonetic | ipa_phonetic | fuzzy | ipa_phonetic	ALIGN	502				Bella	2026-04-19T08:37:36Z
ORG-C06075	אַרכיוו	Journals/ Newspapers	1	אַרכיוו	ווילנע													
ORG-C06076	דער טהעאַטער שפּיגעל אונד טהעאַטער פֿריינד	Journals/ Newspapers	1	דער טהעאַטער שפּיגעל אונד טהעאַטער פֿריינד	ניו יאָרק			אַמעריקע										
ORG-C06077	קיעווסקיאָ אַוואָסטי	Journals/ Newspapers	1	קיעווסקיאָ אַוואָסטי	קיעוו													
ORG-C06078	קיעווליאָנין	Journals/ Newspapers	1	קיעווליאָנין	קיעוו													
ORG-C06079	דער איד	Journals/ Newspapers	2	דער איד	אָדעס | וויניפּעג			קאָנאָדע	219	0.714	ipa_phonetic	SPLIT					Bella	2026-05-04T08:55:31Z
ORG-C06080	דרום-אָפריקע-טעאַטער-טראָסט	Business	1	דרום-אָפריקע-טעאַטער-טראָסט				דרום-אפריקע										
ORG-C06081	קאָמעדיע-טעאַטער	Theatre	3	קאָמעדיע-טעאַטער	ניו-יאָרק	סאָפאָלק סטריט	קאָמעדיע-טעאַטער		296 | 555 | 509 | 520 | 526	0.786 | 0.714 | 0.643 | 0.643 | 0.643	ipa_phonetic | ipa_phonetic | ipa_phonetic | ipa_phonetic | ipa_phonetic							
ORG-C06082	אָדלער-סיעראָצקיס לאָדזשער סקאָלאָ-טעאַטער	Theatre	1	אָדלער-סיעראָצקיס לאָדזשער סקאָלאָ-טעאַטער	לאָדזש		סקאָלאָ-טעאַטער											
ORG-C06083	זשינניצע	Theatre	1	זשינניצע	יאָסי	סטראָדאַ באַשאָטע	זשינניצע	רומעניע										
ORG-C06084	באָריסאָווס טרופּע	Traveling Company	1	באָריסאָווס טרופּע					198 | 470 | 568 | 269 | 330	0.667 | 0.647 | 0.643 | 0.643 | 0.643	ipa_phonetic | ipa_phonetic | ipa_phonetic | ipa_phonetic | ipa_phonetic							
ORG-C06085	שטאָטישן טעאַטער	Theatre	3	שטאָטישן טעאַטער	כאַרקאָוו | קאָוונע		שטאָטישן טעאַטער		252	0.643	ipa_phonetic							
ORG-C06086	בראַנזווילער מעטראָפּאָליטען זינגער-האָל	Theatre	1	בראַנזווילער מעטראָפּאָליטען זינגער-האָל	בראַנזוויל													
ORG-C06087	גאָלדן-רול האָל	Theatre	1	גאָלדן-רול האָל														
ORG-C06088	שוואַרץס אוירווינג פלייס-טעאַטער	Theatre	1	שוואַרץס אוירווינג פלייס-טעאַטער														
ORG-C06089	קעפּיטל-טעאַטער	Theatre	2	קעפּיטל-טעאַטער	לאָס אַנדזשעלעס | לאָס-אַנדזשעלאָס		"„קעפּיטל""-טעאַטער"		553 | 555 | 529 | 556 | 628	0.769 | 0.769 | 0.692 | 0.692 | 0.692	ipa_phonetic | ipa_phonetic | ipa_phonetic | ipa_phonetic | ipa_phonetic							
ORG-C06090	יידיש דראָמאָטיש-מוזיקאַלישע ליג	Theatre	1	יידיש דראָמאָטיש-מוזיקאַלישע ליג	ניו יאָרק			אמעריקע										
ORG-C06091	וואָרעוויליוניע (לאָקאָל 5)	Theatre-related Society/ Union	1	וואָרעוויליוניע (לאָקאָל 5)														
ORG-C06092	פֿאַרבאַנד פֿון די טעאַטער-יוניעס	Theatre-related Society/ Union	1	פֿאַרבאַנד פֿון די טעאַטער-יוניעס														
ORG-C06093	ערשטע טרופּע פֿאַר דער פּראָווינץ	Traveling Company	1	ערשטע טרופּע פֿאַר דער פּראָווינץ														
ORG-C06094	טרופּעס פֿון גראָדנער	Traveling Company	1	טרופּעס פֿון גראָדנער					486 | 523 | 542 | 578 | 596	0.611 | 0.611 | 0.611 | 0.611 | 0.611	ipa_phonetic | ipa_phonetic | ipa_phonetic | ipa_phonetic | ipa_phonetic							
ORG-C06095	טרופּעס פֿון מאָגולעסקאָ	Traveling Company	1	טרופּעס פֿון מאָגולעסקאָ					486 | 542 | 531 | 578 | 596	0.650 | 0.650 | 0.600 | 0.600 | 0.600	ipa_phonetic | ipa_phonetic | ipa_phonetic | ipa_phonetic | ipa_phonetic	ALIGN	337				Bella	2026-04-27T10:02:06Z
ORG-C06096	גאָלדפֿאַדענישן טעאָטער	Theatre	1	גאָלדפֿאַדענישן טעאָטער					252	0.632	ipa_phonetic							
ORG-C06097	טעאַטער בוף	Theatre	1	טעאַטער בוף	וואַרשע		טעאַטער בוף											
ORG-C06098	פּעלהעם-סטריטקלאָב	Theatre	1	פּעלהעם-סטריטקלאָב	לאָנדאָן	פּעלהעם-סטריט	פּעלהעם-סטריטקלאָב											
ORG-C06099	קאָאָפּעראַטיוו-טעאַטער	Theatre	1	קאָאָפּעראַטיוו-טעאַטער					527 | 529 | 296	0.647 | 0.647 | 0.647	ipa_phonetic | ipa_phonetic | ipa_phonetic							
ORG-C06100	ייד. אַקט. יוניע	Theatre-related Society/ Union	1	ייד. אַקט. יוניע														
ORG-C06101	שוואָרץן	Theatre	2	שוואָרץן														
ORG-C06102	בן-עמים קונסט-טעאַטער	Theatre	1	בן-עמים קונסט-טעאַטער														
ORG-C06103	יאַקאָבינס פּאָפּיראָסן-פֿאַבריק	Labour (factory/workshop)	1	יאַקאָבינס פּאָפּיראָסן-פֿאַבריק	ניו יאָרק		טשעטהעם סקווער											
ORG-C06104	קאַנקאַרדיע-טעאַטער	Theatre	1	קאַנקאַרדיע-טעאַטער	ניו יאָרק		קאַנקאַרדיע-טעאַטער	אַמעריקע	509 | 520 | 527 | 529 | 552	0.625 | 0.625 | 0.625 | 0.625 | 0.625	ipa_phonetic | ipa_phonetic | ipa_phonetic | ipa_phonetic | ipa_phonetic							
ORG-C06105	יאָקאָביס סיגאָרעטן-פאָבריק	Labour (factory/workshop)	1	יאָקאָביס סיגאָרעטן-פאָבריק														
ORG-C06106	קאָלעקטיוו פֿון וואָרפעווער יידישן אָרטיסטן-פֿאַריין	Theatre	1	קאָלעקטיוו פֿון וואָרפעווער יידישן אָרטיסטן-פֿאַריין														
ORG-C06107	לאָרענצאָס רוסישער דראָמאַטישער שול	Education	1	לאָרענצאָס רוסישער דראָמאַטישער שול	אָדעס		לאָרענצאָס רוסישער דראָמאַטישער שול	אוקראַאינע										
ORG-C06108	מישע פישזאָנס טרופּע	Traveling Company	1	מישע פישזאָנס טרופּע				רומעניע	330	0.611	ipa_phonetic							
ORG-C06109	ווינער „פרייער פֿאָלקסבינע“	Theatre	1	ווינער „פרייער פֿאָלקסבינע“	ווין		ווינער „פרייער פֿאָלקסבינע“											
ORG-C06110	ישיבות פֿון לידע	Education	1	ישיבות פֿון לידע														
ORG-C06111	ישיבות פֿון וואָלאָזשין	Education	1	ישיבות פֿון וואָלאָזשין														
ORG-C06112	קאַטוילישן אוניווערסיטעט	Education	1	קאַטוילישן אוניווערסיטעט	וואַשינגטאָן				530	0.636	ipa_phonetic							
ORG-C06113	אַמעריקאָנער אוניווערסיטעט	Education	1	אַמעריקאָנער אוניווערסיטעט	וואַשינגטאָן				561 | 587 | 588 | 589 | 585	0.696 | 0.652 | 0.652 | 0.652 | 0.609	ipa_phonetic | ipa_phonetic | ipa_phonetic | ipa_phonetic | ipa_phonetic							
ORG-C06114	"ווייסרוסלענדישע אָפּטיילונג ""שול און בוך"""	Publisher	1	"ווייסרוסלענדישע אָפּטיילונג ""שול און בוך"""	מינסק													
ORG-C06115	מינסקער אַרבקאָרנביוראָ	Publisher	1	מינסקער אַרבקאָרנביוראָ	מינסק													
ORG-C06116	רוסישער וואַנדער-טרופּע	Traveling Company	2	רוסישער וואַנדער-טרופּע			רוסישער וואַנדער-טרופּע											
ORG-C06117	יעליסאַוועטגראָדסקי וויעסטניק	Journals/ Newspapers	1	יעליסאַוועטגראָדסקי וויעסטניק			יעליסאַוועטגראָד											
ORG-C06118	דוכאָוונאָיע ביבלעיסקאָיע בראָטסטוואָ	Religious institutions/organizations	1	דוכאָוונאָיע ביבלעיסקאָיע בראָטסטוואָ			יעליסאַוועטגראָד											
ORG-C06119	דיאַ אַרבייטער-ציוטונג	Journals/ Newspapers	1	דיאַ אַרבייטער-ציוטונג			ניו יאָרק		81	0.667	ipa_phonetic							
ORG-C06120	עדיוקיישאָנאַל ליג	Education	1	עדיוקיישאָנאַל ליג			ניו יאָרק											
ORG-C06121	דיאַ אינטערנאַציאָנאַלע ביבליאָטעק	Publisher	1	דיאַ אינטערנאַציאָנאַלע ביבליאָטעק			ניו יאָרק											
ORG-C06122	פּאָלקאָוואי בית-המדרש	Education	1	פּאָלקאָוואי בית-המדרש			פּאָלקאָוואי בית-המדרש											
ORG-C06123	שפּינאָזאַ לאָדזש 23	Welfare/Aid organization	1	שפּינאָזאַ לאָדזש 23	שיקאָגאַ													
ORG-C06124	מירער ישיבה	Education	2	מירער ישיבה														
ORG-C06125	אווענד-בלאַט	Journals/ Newspapers	1	אווענד-בלאַט														
ORG-C06126	טהעאַטער זשורנאַל	Journals/ Newspapers	2	טהעאַטער זשורנאַל	ניו יאָרק													
ORG-C06127	אידישען פֿאַרמער	Journals/ Newspapers	1	אידישען פֿאַרמער														
ORG-C06128	פֿאָראיינס-אָרגאָן	Journals/ Newspapers	1	פֿאָראיינס-אָרגאָן														
ORG-C06129	גאָלדפֿאַדען-קלאָב	Theatre	1	גאָלדפֿאַדען-קלאָב														
ORG-C06130	גאָלדפֿאַדען יאָנג דראַמאָטיק-קלאָב	Theatre	1	גאָלדפֿאַדען יאָנג דראַמאָטיק-קלאָב														
ORG-C06131	עדעלשטייןס מענעדזשמענט	Traveling Company	1	עדעלשטייןס מענעדזשמענט														
ORG-C06132	אָבליק	Education	1	אָבליק														
ORG-C06133	דער טעאָטער-שטערן	Journals/ Newspapers	1	דער טעאָטער-שטערן	ניו יאָרק													
ORG-C06134	ברידער קאָכאַנסקי	Traveling Company	1	ברידער קאָכאַנסקי			רוסלאַנד	רוסלאַנד										
ORG-C06135	קאמינסקי-פישזאָן	Traveling Company	1	קאמינסקי-פישזאָן														
ORG-C06136	אַשכנזיס טרופּע	Traveling Company	1	אַשכנזיס טרופּע					559 | 610 | 195 | 264 | 629	0.667 | 0.615 | 0.615 | 0.615 | 0.600	ipa_phonetic | ipa_phonetic | ipa_phonetic | ipa_phonetic | ipa_phonetic							
ORG-C06137	זינלערס טרופּע	Traveling Company	1	זינלערס טרופּע					583 | 459 | 579 | 254 | 421	1.000 | 0.857 | 0.769 | 0.769 | 0.733	exact | ipa_phonetic | ipa_phonetic | ipa_phonetic | ipa_phonetic	NEW	583				Bella	2026-05-05T07:42:09Z
ORG-C06138	דייטשער פֿילם	Media (Radio/ Film/TV)	1	דייטשער פֿילם	בערלין			דייטשלאַנד										
ORG-C06139	פּראָפעסיאנעלער בינע	Theatre	1	פּראָפעסיאנעלער בינע			עסטרייך	עסטרייך										
ORG-C06140	"צענטראָל-פֿאַרבאַנד פֿון ""בונד"" אין אַמעריקע"	Jewish political bodies	1	"צענטראָל-פֿאַרבאַנד פֿון ""בונד"" אין אַמעריקע"				אַמעריקע										
ORG-C06141	"גענעראָל-עקזעקוטיוו פֿון ""בונד"""	Jewish political bodies	1	"גענעראָל-עקזעקוטיוו פֿון ""בונד"""														
ORG-C06142	באַרבער-יוניע	Trade Union / Professional Association	1	באַרבער-יוניע														
ORG-C06143	פּיפּלס-רעליף-קאָמיטעט	Welfare/Aid organization	1	פּיפּלס-רעליף-קאָמיטעט														
ORG-C06144	יונגן בונד	Jewish political bodies	1	יונגן בונד														
ORG-C06145	"יידישן „ליבהאָבער“-קרייז א""פ פֿון פּיראָזשניקאָוו"	Theatre	1	"יידישן „ליבהאָבער“-קרייז א""פ פֿון פּיראָזשניקאָוו"	ווילנע													
ORG-C06146	פֿאָן מייערס דראָמאַטישע קורסן	Education	1	פֿאָן מייערס דראָמאַטישע קורסן	ווין													
ORG-C06147	שניצערס יידישן קונסט-טעאַטער	Theatre	2	שניצערס יידיש-קונסט-טעאַטער | שניצערס יידישן קונסט-טעאַטער					623 | 535 | 505 | 472 | 500	0.750 | 0.714 | 0.679 | 0.643 | 0.643	ipa_phonetic | ipa_phonetic | ipa_phonetic | ipa_phonetic | ipa_phonetic							
ORG-C06148	יידישן קונסט-טעאַטער ביי שוואָרץ	Theatre	1	יידישן קונסט-טעאַטער ביי שוואָרץ					499	0.600	ipa_phonetic							
ORG-C06149	ביי אָנשעל שאָר	Traveling Company	1	ביי אָנשעל שאָר	פֿילאָדעלפיע													
ORG-C06150	ביי יוליוס נאַטאָנסאָן	Traveling Company	1	ביי יוליוס נאַטאָנסאָן	באָסטאָן													
ORG-C06151	ביי גליקמאַן	Traveling Company	1	ביי גליקמאַן	שיקאָגאָ													
ORG-C06152	ביי ליטמאַן און פישזאָן	Traveling Company	1	ביי ליטמאַן און פישזאָן	דעטראָיט													
ORG-C06153	קינדער-שול ביים טעאַטער	Education	1	קינדער-שול ביים טעאַטער														
ORG-C06154	מאָרינסקער גימנאָזיע	Education	1	מאָרינסקער גימנאָזיע														
ORG-C06155	אוקראַאינישן אָפּערעטן-טעאַטער פֿון סאַקסאַגאַנסקי און קראָפּיווניצקי	Theatre	1	אוקראַאינישן אָפּערעטן-טעאַטער פֿון סאַקסאַגאַנסקי און קראָפּיווניצקי														
ORG-C06156	יידישע טרופּע ספּיוואקאָווסקי און קרויזע	Traveling Company	1	יידישע טרופּע ספּיוואקאָווסקי און קרויזע	יעקאַטערינאָסלאָוו													
ORG-C06157	וואַרשעווער פאַראייניקטער טרופּע	Traveling Company	2	וואַרשעווער פאַראייניקטער טרופּע	וואַרשע													
ORG-C06158	פֿראַנצויזישער דראָמאַטישער סטודיע פֿון רענע מויבעל	Education	1	פֿראַנצויזישער דראָמאַטישער סטודיע פֿון רענע מויבעל														
ORG-C06159	טרופּע פֿון יעקב ספּיוואָקאָווסקי און קאָרל גוטענטאָג	Traveling Company	1	טרופּע פֿון יעקב ספּיוואָקאָווסקי און קאָרל גוטענטאָג														
ORG-C06160	קאָמפּאָנעיעץס וואָרעוויל-טעאַטער	Theatre	1	קאָמפּאָנעיעץס וואָרעוויל-טעאַטער	וואַרשע			פוילן										
ORG-C06161	ציפקוסן	Traveling Company	1	ציפקוסן			פּראָווינץ											
ORG-C06162	ניי-צייט	Journals/ Newspapers	1	ניי-צייט														
ORG-C06163	ליטעראַטור-פֿאַנד	Publisher	1	ליטעראַטור-פֿאַנד														
ORG-C06164	גאָרדין ליטעראָרי-סוירקל	Education	1	גאָרדין ליטעראָרי-סוירקל														
ORG-C06165	צייטנייסט	Journals/ Newspapers	1	צייטנייסט														
ORG-C06166	קליוולענדער גלאָב-טעאַטער	Theatre	1	קליוולענדער גלאָב-טעאַטער	קליוולענד		קליוולענדער גלאָב-טעאַטער											
ORG-C06167	גערמאַן	Traveling Company	1	גערמאַן														
ORG-C06168	זומער-טעאַטער אויף סעקאָנד געוועניו	Theatre	1	זומער-טעאַטער אויף סעקאָנד געוועניו	ניו יאָרק		סעקאָנד געוועניו	אַמעריקע										
ORG-C06169	זומער-טעאַטער אויפן רוף פון ניישאָנאַל-טעאַטער	Theatre	1	זומער-טעאַטער אויפן רוף פון ניישאָנאַל-טעאַטער														
ORG-C06170	יידיש-פּויליש	Theatre	1	יידיש-פּויליש	לעמבערג		גימפּעל-בינע											
ORG-C06171	טרופּע עבעל און לאָגער	Traveling Company	1	טרופּע עבעל און לאָגער														
ORG-C06172	באָריץ	Traveling Company	1	באָריץ														
ORG-C06173	פֿרענקל	Traveling Company	1	פֿרענקל	טאָרנאָפּאָל													
ORG-C06174	ווילנער ישיבות	Education	1	ווילנער ישיבות	ווילנע													
ORG-C06175	פינקעל מיט אַדלערן	Traveling Company	1	פינקעל מיט אַדלערן	ניו יאָרק													
ORG-C06176	יאָקובאָוויטשס טרופּע	Traveling Company	1	יאָקובאָוויטשס טרופּע	אַנטווערפּן													
ORG-C06177	דדער אָרגענטינער יידישער טרופּע פֿון מאָריס בראון	Traveling Company	1	דדער אָרגענטינער יידישער טרופּע פֿון מאָריס בראון	בוענאָס-איירעס													
ORG-C06178	אידיש פליי פּאָבלישינג קאָ.	Publisher	1	אידיש פליי פּאָבלישינג קאָ.	ניויאָָרק													
ORG-C06179	אָדעסער רוסישער אָפּערע	Theatre	1	אָדעסער רוסישער אָפּערע	אָדעס		אָדעסער רוסישער אָפּערע		609	0.667	ipa_phonetic							
ORG-C06180	קיעווער פּעטשערסקער גימנאָזיע	Education	1	קיעווער פּעטשערסקער גימנאָזיע	קיעוו		קיעווער פּעטשערסקער גימנאָזיע											
ORG-C06181	פּערמינאָווס העכערע טעכנישע קורסן	Education	1	פּערמינאָווס העכערע טעכנישע קורסן														
ORG-C06182	אוניווערזיטעט פֿון שטאָט אָהאיאָ	Education	1	אוניווערזיטעט פֿון שטאָט אָהאיאָ	אָהאיאָ		אוניווערזיטעט פֿון שטאָט אָהאיאָ											
ORG-C06183	עלעמענטאָר-רעגירונגס-שול	Education	1	עלעמענטאָר-רעגירונגס-שול														
ORG-C06184	נאַציאָנאַל-שול (גימנאָזיע)	Education	1	נאַציאָנאַל-שול (גימנאָזיע)	בוענאָס איירעס		נאַציאָנאַל-שול (גימנאָזיע)	אָרגענטינע										
ORG-C06185	זעגלען	Journals/ Newspapers	1	זעגלען														
ORG-C06186	די יודישע צייטונג	Journals/ Newspapers	1	די יודישע צייטונג	ב. א.				81 | 347	0.647 | 0.600	ipa_phonetic | ipa_phonetic							
ORG-C06187	ישיבת עץ-חיים	Education	1	ישיבת עץ-חיים	ירושלים													
ORG-C06188	באָסטאָן קונסט-גרופּע	Traveling Company	1	באָסטאָן קונסט-גרופּע	באָסטאָן													
ORG-C06189	ביי סעגאָלעסקאָ	Traveling Company	1	ביי סעגאָלעסקאָ														
ORG-C06190	רומענישער מיליטער-קאָפּעלע	Musical organization	1	רומענישער מיליטער-קאָפּעלע														
ORG-C06191	ניסן בעלזער אין כאָר	Musical organization	1	ניסן בעלזער אין כאָר														
ORG-C06192	קוואַרטעט שוואָרץ	Traveling Company	1	קוואַרטעט שוואָרץ														
ORG-C06193	טרופּע פֿון סעגאָלעסקאָ-גראָדנער	Traveling Company	1	טרופּע פֿון סעגאָלעסקאָ-גראָדנער														
ORG-C06194	סמיטס פּרינצעס-קלאָב	Theatre	1	סמיטס פּרינצעס-קלאָב	לאָנדאָן		סמיטס פּרינצעס-קלאָב											
ORG-C06195	פאַמיליע הערשמאַן	Traveling Company	1	פאַמיליע הערשמאַן	טראָי													
ORG-C06196	טרופּע פיקאַן-אשכנזי	Traveling Company	1	טרופּע פיקאַן-אשכנזי			רומעניע	רומעניע										
ORG-C06197	איסט סייד דראָמאָטיק קלאָב	Theatre	1	איסט סייד דראָמאָטיק קלאָב	ניו יאָרק			אַמעריקע										
ORG-C06198	יאָנג היברוס דראָמאָטיק קלאָב	Theatre	1	יאָנג היברוס דראָמאָטיק קלאָב	ניו יאָרק			אַמעריקע										
ORG-C06199	פֿילאָדעלפֿיער טוירט ענד גרין סטריט טעאַטער	Theatre	1	פֿילאָדעלפֿיער טוירט ענד גרין סטריט טעאַטער	פֿילאָדעלפֿיע	טוירט ענד גרין סטריט	טוירט ענד גרין סטריט טעאַטער	אַמעריקע										
ORG-C06200	קליוולאַנדער פּערדי טעאַטער	Theatre	1	קליוולאַנדער פּערדי טעאַטער	קליוולאַנד		פּערדי טעאַטער	אַמעריקע										
ORG-C06201	ניויאָרקער פּיפּלס מיוזיק-האָל	Theatre	1	ניויאָרקער פּיפּלס מיוזיק-האָל	ניו יאָרק		פּיפּלס מיוזיק-האָל	אַמעריקע										
ORG-C06202	געבילם סטאָר טעאַטער	Theatre	1	געבילם סטאָר טעאַטער	ניו יאָרק	8 פֿאָרסייט-סטריט		אַמעריקע	577	0.611	ipa_phonetic							
ORG-C06203	3טן סטריט טעאַטער	Theatre	3	3טן סטריט טעאַטער | דאָס 3טע סטריט טעאַטער	ניו יאָרק		3טן סטריט-טעאַטער | 3טע סטריט טעאַטער	אַמעריקע	513	0.684	ipa_phonetic							
ORG-C06204	געבילם פֿאָלקס-טעאַטער	Theatre	1	געבילם פֿאָלקס-טעאַטער	ניו יאָרק			אַמעריקע	608 | 570 | 494	0.700 | 0.652 | 0.600	ipa_phonetic | ipa_phonetic | ipa_phonetic							
ORG-C06205	די רומענישע חתונה	Theatre	1	די רומענישע חתונה														
ORG-C06206	פֿאָלקסטימלעך	Publisher	1	פֿאָלקסטימלעך														
ORG-C06207	טרופּע איד פֿון ראַזאָ אַרנשטיין	Traveling Company	1	טרופּע איד פֿון ראַזאָ אַרנשטיין														
ORG-C06208	טרופּע פֿון טיטעלמאַן און אָדאָלף בערמאַן	Traveling Company	1	טרופּע פֿון טיטעלמאַן און אָדאָלף בערמאַן														
ORG-C06209	"פּראָווינץ-טרופּע א""פ פֿון בולמאַן און זילבערקאָסטען"	Traveling Company	1	"פּראָווינץ-טרופּע א""פ פֿון בולמאַן און זילבערקאָסטען"														
ORG-C06210	אָקאָדעמי אָף מיוזיק	Theatre	1	אָקאָדעמי אָף מיוזיק	פֿילאָדעלפֿיע		אָקאָדעמי אָף מיוזיק	אַמעריקע										
ORG-C06211	מאָדיאַקאט-טעאַטער	Theatre	1	מאָדיאַקאט-טעאַטער					514 | 526 | 616 | 176 | 235	0.667 | 0.667 | 0.667 | 0.600 | 0.600	ipa_phonetic | ipa_phonetic | ipa_phonetic | ipa_phonetic | ipa_phonetic							
ORG-C06212	פֿרייהייט-געזאָננס-פֿאַריין	Musical organization	1	פֿרייהייט-געזאָננס-פֿאַריין	פֿילאָדעלפֿיע		פֿרייהייט-געזאָננס-פֿאַריין	אַמעריקע										
ORG-C06213	סובאָלקער ישיבה	Education	1	סובאָלקער ישיבה	סובאָלק													
ORG-C06214	שמיר	Traveling Company	1	שמיר			רוסלאַנד	רוסלאַנד										
ORG-C06215	געמישטן כאָר פֿון די האַנדלס-אָנגעשטעלטע	Musical organization	1	געמישטן כאָר פֿון די האַנדלס-אָנגעשטעלטע	לובלין			פּוילן										
ORG-C06216	פּוילישן מוזיקאַלישן פֿאַריין	Musical organization	1	פּוילישן מוזיקאַלישן פֿאַריין														
ORG-C06217	פּאָלאָסט-טעאַטער	Traveling Company	1	פּאָלאָסט-טעאַטער	בערלין				296	0.615	ipa_phonetic							
ORG-C06218	נירנבערגער אָפּערע	Theatre	1	נירנבערגער אָפּערע	נירנבערג													
ORG-C06219	בערליינער קאָלאָסעאָום קאָנצערט-זאָל	Theatre	1	בערליינער קאָלאָסעאָום קאָנצערט-זאָל	בערלין													
ORG-C06220	קעסלער-דראָמאָטיקקלוב	Theatre	1	קעסלער-דראָמאָטיקקלוב														
ORG-C06221	4 קלאָסיקע יידיש-רומענישע שול פֿון דר. בעק	Education	1	4 קלאָסיקע יידיש-רומענישע שול פֿון דר. בעק	בוקאַרעסט		4 קלאָסיקע יידיש-רומענישע שול פֿון דר. בעק	רומעניע										
ORG-C06222	דייטשע טרופּע פֿאַר אַמעריקע	Traveling Company	1	דייטשע טרופּע פֿאַר אַמעריקע	ניו יאָרק			אַמעריקע										
ORG-C06223	בירגער און אַ האָנדלסשול	Education	1	בירגער און אַ האָנדלסשול	ווין			עסטרייך										
ORG-C06224	דראָמאָטישן קרייז ביים גראָסערקלוב	Theatre	1	דראָמאָטישן קרייז ביים גראָסערקלוב	וואַרשע		גראָסערקלוב											
ORG-C06225	פּוילישע פּראָווינץ-טרופּע	Traveling Company	1	פּוילישע פּראָווינץ-טרופּע	וואַרשע			פּוילן										
ORG-C06226	שיקאָנאַ	Theatre	1	שיקאָנאַ	שיקאָנאַ													
ORG-C06227	רוסישער טרופּע פֿון אוגריומאָוו	Traveling Company	1	רוסישער טרופּע פֿון אוגריומאָוו	מעליטאָפּאָל													
ORG-C06228	טרופּע סעם אָדלער-ספּיוואָקאָווסקי	Traveling Company	1	טרופּע סעם אָדלער-ספּיוואָקאָווסקי	אָדעס													
ORG-C06229	בן-עמי-שניצערס יידישער קונסט-טעאַטער	Theatre	1	בן-עמי-שניצערס יידישער קונסט-טעאַטער					623 | 597	0.639 | 0.611	ipa_phonetic | ipa_phonetic							
ORG-C06230	קאָפּעלמאַנען אין וואָרעווילטעאַטער	Theatre	1	קאָפּעלמאַנען אין וואָרעווילטעאַטער														
ORG-C06231	ווילנער וואָכענבלאַט	Journals/ Newspapers	1	ווילנער וואָכענבלאַט	ווילנע													
ORG-C06232	כנסת ישראל	Education	1	כנסת ישראל														
ORG-C06233	יעקב אָרדיןס געזעלשאָפט „גייסטיק-ביבלישע ברוערשאָפט“	Religious institutions/organizations	1	יעקב אָרדיןס געזעלשאָפט „גייסטיק-ביבלישע ברוערשאָפט“														
ORG-C06234	פֿאַרזיכערונגס-געזעלשאָפֿט „יאקאָר“	Business	1	פֿאַרזיכערונגס-געזעלשאָפֿט „יאקאָר“														
ORG-C06235	יעקב גאָרדין-געזעלשאַפט	Trade Union / Professional Association	1	יעקב גאָרדין-געזעלשאַפט														
ORG-C06236	דייטשן קוואָרטעט	Traveling Company	1	דייטשן קוואָרטעט				רוסלאַנד										
ORG-C06237	גערמאָזס טרופּע	Traveling Company	1	גערמאָזס טרופּע	שיקאָגאַ				182 | 330 | 254 | 325 | 198	0.714 | 0.714 | 0.692 | 0.692 | 0.667	ipa_phonetic | ipa_phonetic | ipa_phonetic | ipa_phonetic | ipa_phonetic							
ORG-C06238	ביי האָלענדערן	Traveling Company	1	ביי האָלענדערן	באָסטאָן													
ORG-C06239	עדעלהאַפער	Traveling Company	2	עדעלהאַפער	ווין			עסטרייך	234	0.875	fuzzy	ALIGN	234				Bella	2026-05-18T08:27:45Z
ORG-C06240	ברידער וויינבערג	Traveling Company	1	ברידער וויינבערג			גאַליציע און עסטרייך	עסטרייך										
ORG-C06241	גראָדנער שטאָט-שול	Education	1	גראָדנער שטאָט-שול	גראָדנע		גראָדנער שטאָט-שול											
ORG-C06242	גראָדנערס קאָמפּאָניע	Traveling Company	1	גראָדנערס קאָמפּאָניע	יאָסי				43	1.000	exact	ALIGN	43				Bella	2026-04-19T06:59:55Z
ORG-C06243	גערזאָןס טיטון-פֿאָבריק	Labour (factory/workshop)	1	גערזאָןס טיטון-פֿאָבריק	בערדיטשעוו		גערזאָןס טיטון-פֿאָבריק											
ORG-C06244	ר' נח ריינעסעס שפּייכלער	Theatre	1	ר' נח ריינעסעס שפּייכלער	קיעוו		ר' נח ריינעסעס שפּייכלער											
ORG-C06245	קאַרוזאָס זאַל	Theatre	1	קאַרוזאָס זאַל	אָדעס	רישיעלעווסקאָ גאָס	קאַרוזאָס זאַל											
ORG-C06246	שמעון מאָרקס זומער-גאַרטן	Theatre	1	שמעון מאָרקס זומער-גאַרטן	יאָסי		שמעון מאָרקס זומער-גאַרטן	רומעניע										
ORG-C06247	אסתר און סאול וואָלערשטייןס יידישער טרופּע	Traveling Company	1	אסתר און סאול וואָלערשטייןס יידישער טרופּע				דרום-אפריקע										
ORG-C06248	מאָקס קאַרפּ	Theatre	1	מאָקס קאַרפּ														
ORG-C06249	היפּאָדראָם	Theatre	1	היפּאָדראָם	באָסטאָן		היפּאָדראָם											
ORG-C06250	יידישע טעאַטער-מענערזשער-אַסאָסיאיושאָן	Theatre-related Society/ Union	1	יידישע טעאַטער-מענערזשער-אַסאָסיאיושאָן														
ORG-C06251	יידישע סעקציע בוים פֿאָלקסקאָמיסאַריאָט פֿאַר בילדונגס-ענינים אין ראָטנפֿאַרבאַנד	Non-Jewish political bodies	1	יידישע סעקציע בוים פֿאָלקסקאָמיסאַריאָט פֿאַר בילדונגס-ענינים אין ראָטנפֿאַרבאַנד														
ORG-C06252	ניי-ערד	Journals/ Newspapers	1	ניי-ערד	מאָסקווע													
ORG-C06253	דראָמאַטישן קרייז ביי דער יידיש-סאַציאָליסטישער סעקציע	Theatre	1	דראָמאַטישן קרייז ביי דער יידיש-סאַציאָליסטישער סעקציע	לעמבערג		דראָמאַטישן קרייז											
ORG-C06254	שוישפּילער-שול ביי ריינהאָרטס „דייטשעס טעאַטער“	Education	1	שוישפּילער-שול ביי ריינהאָרטס „דייטשעס טעאַטער“	בערלין		שוישפּילער-שול											
ORG-C06255	דייטשעס טעאַטער	Theatre	1	דייטשעס טעאַטער	בערלין		דייטשעס טעאַטער		278 | 553 | 577 | 630	0.643 | 0.643 | 0.643 | 0.643	ipa_phonetic | ipa_phonetic | ipa_phonetic | ipa_phonetic							
ORG-C06256	קליינער יידישער טרופּע	Traveling Company	1	קליינער יידישער טרופּע	בערלין				485 | 322	0.654 | 0.619	ipa_phonetic | ipa_phonetic							
ORG-C06257	מינכענער שוישפּיל-הויז	Theatre	1	מינכענער שוישפּיל-הויז	מינכן		מינכענער שוישפּיל-הויז											
ORG-C06258	באַרנאָווסקי	Theatre	1	באַרנאָווסקי	בערלין													
ORG-C06259	בערלינער דייטשן שטאָט-טעאַטער	Theatre	1	בערלינער דייטשן שטאָט-טעאַטער	בערלין		בערלינער דייטשן שטאָט-טעאַטער		494 | 624	0.667 | 0.630	ipa_phonetic | ipa_phonetic							
ORG-C06260	דייטשער פֿאָלקסבינע	Theatre	1	דייטשער פֿאָלקסבינע			דייטשער פֿאָלקסבינע											
ORG-C06261	פיסקאַטאָר-בינע	Theatre	1	פיסקאַטאָר-בינע			פיסקאַטאָר-בינע											
ORG-C06262	וועלט-פֿאַרלאָג	Publisher	1	וועלט-פֿאַרלאָג	בערלין													
ORG-C06263	יידישער-פֿאַרלאָג	Publisher	1	יידישער-פֿאַרלאָג	בערלין													
ORG-C06264	אבעראָסט	Military	1	אבעראָסט														
ORG-C06265	יידיש קינסטלער-טעאַטער	Theatre	2	יידיש קינסטלער-טעאַטער	בערלין				480	0.762	ipa_phonetic							
ORG-C06266	שעהנבערגס טרופּע	Traveling Company	1	שעהנבערגס טרופּע					579 | 254 | 455 | 312 | 533	0.733 | 0.733 | 0.733 | 0.667 | 0.667	ipa_phonetic | ipa_phonetic | ipa_phonetic | ipa_phonetic | ipa_phonetic							
ORG-C06267	וואַרשעווער „סקאָלאַ“	Theatre	1	וואַרשעווער „סקאָלאַ“	וואַרשע		וואַרשעווער „סקאָלאַ“	פּוילן										
ORG-C06268	וואַרשעווער „סמבטיון“	Theatre	1	וואַרשעווער „סמבטיון“	וואַרשע		וואַרשעווער „סמבטיון“	פּוילן										
ORG-C06269	בעלאָסקאָ סטאָק-קאָמפּאָניע	Traveling Company	1	בעלאָסקאָ סטאָק-קאָמפּאָניע	סאָן-פֿראַנציסקאָ													
ORG-C06270	יידיש טעאַטער אויף בראָדוויי	Theatre	1	יידיש טעאַטער אויף בראָדוויי	ניו יאָרק		בראָדוויי											
ORG-C06271	באָסטאָן ביי דזשוליוס נאָטאָנסאָן	Theatre	1	באָסטאָן ביי דזשוליוס נאָטאָנסאָן	באָסטאָן													
ORG-C06272	פֿאָקס-סוירקעט	Theatre	1	פֿאָקס-סוירקעט														
ORG-C06273	אירע עלטערנס טרופּע	Traveling Company	1	אירע עלטערנס טרופּע	אַמעריקע		אובער אַמעריקע		421 | 533 | 566 | 568 | 583	0.667 | 0.611 | 0.611 | 0.611 | 0.611	ipa_phonetic | ipa_phonetic | ipa_phonetic | ipa_phonetic | ipa_phonetic							
ORG-C06274	סאַליווער מאַראַסקאַ	Theatre	1	סאַליווער מאַראַסקאַ														
ORG-C06275	ענגלישן דראָמאָטישן קלוב ביי דער (דיוקיישאָנאַל עליינס	Theatre	1	ענגלישן דראָמאָטישן קלוב ביי דער (דיוקיישאָנאַל עליינס	ניו יאָרק		דיוקיישאָנאַל עליינס											
ORG-C06276	אינדאָסטריאָל יוניאָן	Trade Union / Professional Association	1	אינדאָסטריאָל יוניאָן														
ORG-C06277	אָמפיאָן — [ניט-יוניע]-טעאַטער	Theatre	1	אָמפיאָן — [ניט-יוניע]-טעאַטער	ניו יאָרק		אָמפיאָן — [ניט-יוניע]-טעאַטער	אַמעריקע										
ORG-C06278	קלינטאָן-וואָדעוויל-הויז	Theatre	1	קלינטאָן-וואָדעוויל-הויז														
ORG-C06279	סעוואָי-טעאַטער	Theatre	1	סעוואָי-טעאַטער	סאָן פֿראַנציסקאָ		סעוואָי-טעאַטער		557 | 536 | 509 | 553 | 555	1.000 | 0.769 | 0.750 | 0.750 | 0.750	exact | ipa_phonetic | ipa_phonetic | ipa_phonetic | ipa_phonetic	NEW	557				Bella	2026-05-03T08:18:05Z
ORG-C06280	דיימאַנט סטאָר-דראָמאָטיק קלאָב	Theatre	1	דיימאַנט סטאָר-דראָמאָטיק קלאָב														
ORG-C06281	אַברהם גאָלדפֿאַדען דראָמאָטיק קלוב	Theatre	1	אַברהם גאָלדפֿאַדען דראָמאָטיק קלוב														
ORG-C06282	מענעדזשמענט פֿון יאָזער פֿיליפּ און ה. וואַכטעל	Traveling Company	1	מענעדזשמענט פֿון יאָזער פֿיליפּ און ה. וואַכטעל	כאָסטאָן													
ORG-C06283	שעכטערס ראָבינער-סעמינאָר	Education	1	שעכטערס ראָבינער-סעמינאָר														
ORG-C06284	ביוראָ אָוו עדיוקיישאָן	Education	1	ביוראָ אָוו עדיוקיישאָן	ניו יאָרק		יידישער קהלה											
ORG-C06285	אָנגלאָ-דזשויש פּלעי-האוז	Theatre	1	אָנגלאָ-דזשויש פּלעי-האוז														
ORG-C06286	יידישן אוירווינג פּלייס קונסט-טעאַטער	Theatre	1	יידישן אוירווינג פּלייס קונסט-טעאַטער														
ORG-C06287	ביוראָ און דזשואיש עדיוקיישאָן	Publisher	1	ביוראָ און דזשואיש עדיוקיישאָן														
ORG-C06288	רעסטאָראָן ברייער	Business	1	רעסטאָראָן ברייער	ווין		רעסטאָראָן ברייער	עסטרייך										
ORG-C06289	כאָר פֿון חזן אהרן שלום שערמאַן	Musical organization	1	כאָר פֿון חזן אהרן שלום שערמאַן	לעמבערג													
ORG-C06290	יעקב בער גימפּעלס טרופּע	Traveling Company	2	יעקב בער גימפּעלס טרופּע	לעמבערג													
ORG-C06291	עדעלשטייןס טעאַטער	Theatre	1	עדעלשטייןס טעאַטער					278	0.647	ipa_phonetic							
ORG-C06292	רומענישן אָפּערעטעאַטער	Theatre	1	רומענישן אָפּערעטעאַטער	בוקאָרעסט		רומענישן אָפּערעטעאַטער		571	0.615	ipa_phonetic							
ORG-C06293	ניו יאָרקער פּרינצעסטעאַטער	Theatre	1	ניו יאָרקער פּרינצעסטעאַטער	ניו יאָרק		פּרינצעסטעאַטער		615	0.667	ipa_phonetic							
ORG-C06294	ראָזענפעלדס גימנאָזיע	Education	1	ראָזענפעלדס גימנאָזיע														
ORG-C06295	אָגראַר-שול פֿון טשענסטאָכאָוו	Education	1	אָגראַר-שול פֿון טשענסטאָכאָוו														
ORG-C06296	רעכטער פּועלי-ציון-יוגנט-אָרגאַניזאַציע	Jewish political bodies	1	רעכטער פּועלי-ציון-יוגנט-אָרגאַניזאַציע														
ORG-C06297	אַרבעטער-יוגנט	Journals/ Newspapers	1	אַרבעטער-יוגנט														
ORG-C06298	וואַנדער-טרופּע פֿון זיגמונט טורקאָוו און אידאַ קאָמינסקאָ	Traveling Company	1	וואַנדער-טרופּע פֿון זיגמונט טורקאָוו און אידאַ קאָמינסקאָ														
ORG-C06299	הערמאָזס סטודיע	Education	1	הערמאָזס סטודיע														
ORG-C06300	וואַרש. ייד. אָרט. ווינקעלע	Traveling Company	1	וואַרש. ייד. אָרט. ווינקעלע														
ORG-C06301	טרופּע פֿון סאַמואיל גענפֿער	Traveling Company	1	טרופּע פֿון סאַמואיל גענפֿער														
ORG-C06302	דאָס אידישע פֿאָלק	Journals/ Newspapers	6	דאָס אידישע פֿאָלק					564	0.600	ipa_phonetic							
ORG-C06303	אַרטעף“-טעאַטער	Theatre	1	אַרטעף“-טעאַטער					528 | 529 | 556 | 611 | 520	0.692 | 0.692 | 0.692 | 0.692 | 0.643	ipa_phonetic | ipa_phonetic | ipa_phonetic | ipa_phonetic | ipa_phonetic							
ORG-C06304	די בראָדער	Traveling Company	1	די בראָדער	וואַרשע			פּוילן										
ORG-C06305	דראָמאָטישער שול פֿון דייטשן טעאַטער-דירעקטאָר וואָלטער וואַסערמאַן	Education	1	דראָמאָטישער שול פֿון דייטשן טעאַטער-דירעקטאָר וואָלטער וואַסערמאַן														
ORG-C06306	בצלאל	Theatre	1	בצלאל	וואַרשע		בצלאל											
ORG-C06307	יוסף דזשייקאָבסאָנס טרופּע	Traveling Company	1	יוסף דזשייקאָבסאָנס טרופּע	סט. לואיס													
ORG-C06308	דייטשער אָפּערעטע	Theatre	1	דייטשער אָפּערעטע					532	0.600	ipa_phonetic							
ORG-C06309	די ערשטע יידישע וואָנדערטרופּע	Traveling Company	1	די ערשטע יידישע וואָנדערטרופּע														
ORG-C06310	טרופּע פֿון הורוויץ	Traveling Company	1	טרופּע פֿון הורוויץ					283 | 626 | 486 | 542 | 523	1.000 | 0.765 | 0.706 | 0.706 | 0.647	exact | ipa_phonetic | ipa_phonetic | ipa_phonetic | ipa_phonetic	ALIGN	283				Sinai	2026-05-11T21:24:47Z
ORG-C06311	יוניוטער היברו עקטאָרס פאָנד	Theatre-related Society/ Union	1	יוניוטער היברו עקטאָרס פאָנד														
ORG-C06312	ביבלישע הייסטאָרישע אָפּערן-געזעלשאָפט	Theatre	1	ביבלישע הייסטאָרישע אָפּערן-געזעלשאָפט														
ORG-C06313	יידישע טעאַטער-שול	Education	1	יידישע טעאַטער-שול														
ORG-C06314	פֿאָלקס טעאַטער אונטערשטיצונגס-פֿאַראיין	Theatre-related Society/ Union	1	פֿאָלקס טעאַטער אונטערשטיצונגס-פֿאַראיין														
ORG-C06315	צמחס העברעאישער טרופּע	Traveling Company	2	צמחס העברעאישער טרופּע	ביאַליסטאָק | ווין													
ORG-C06316	אַסאָשיאייטער עקטאָרס ענד אָרטיסטס אף אָמעריקא	Theatre-related Society/ Union	1	אַסאָשיאייטער עקטאָרס ענד אָרטיסטס אף אָמעריקא														
ORG-C06317	אַדלער-ספּיוואָקאָווסקי	Traveling Company	1	אַדלער-ספּיוואָקאָווסקי														
ORG-C06318	"פּאַריזער ס""ס-אָרגאָניזאַציע"	Jewish political bodies	1	"פּאַריזער ס""ס-אָרגאָניזאַציע"	פּאַריז			פראַנקרייך										
ORG-C06319	רוסישער העכעדער שול	Education	1	רוסישער העכעדער שול	פּאַריז			פראַנקרייך										
ORG-C06320	קיעווער פֿאַרלאָג	Publisher	1	קיעווער פֿאַרלאָג	קיעוו			אוקראינע										
ORG-C06321	צענטראָלער פֿעלקער-פֿאַרלאָג פֿון פ. ס. ס. ר.	Publisher	1	צענטראָלער פֿעלקער-פֿאַרלאָג פֿון פ. ס. ס. ר.														
ORG-C06322	לייפּציקער קאָנסערוואַטאָריע	Education	1	לייפּציקער קאָנסערוואַטאָריע	לייפּציק			דייטשלאנד										
ORG-C06323	דראָמאַטישער שול פון פּראָפ. מאָריאָן	Education	1	דראָמאַטישער שול פון פּראָפ. מאָריאָן	לייפּציק			דייטשלאנד										
ORG-C06324	וואָנדערלענד-טעאַטער	Theatre	1	וואָנדערלענד-טעאַטער	לאָנדאָן			ענגלאנד	520 | 528	0.706 | 0.647	ipa_phonetic | ipa_phonetic							
ORG-C06325	קיעווער אָרטיסטן צוזאַמענפאָר	Theatre-related Society/ Union	1	קיעווער אָרטיסטן צוזאַמענפאָר	קיעוו			אוקראינע										
ORG-C06326	פישזאָן און קאָמפּאַנעיעץ	Traveling Company	1	פישזאָן און קאָמפּאַנעיעץ														
ORG-C06327	ליפּאָווסקיס דירעקציע	Traveling Company	1	ליפּאָווסקיס דירעקציע	ווילנע													
ORG-C06328	די שטאָטישע שול פֿון זאָמענהאָף	Education	1	די שטאָטישע שול פֿון זאָמענהאָף														
ORG-C06329	מאָרינער גימנאָזיע	Education	1	מאָרינער גימנאָזיע														
ORG-C06330	דראָמאַטישע שול פֿון דאָלינאָוו	Education	1	דראָמאַטישע שול פֿון דאָלינאָוו														
ORG-C06331	אייגענע טרוז פּע	Traveling Company	1	אייגענע טרוז פּע					459	0.600	ipa_phonetic							
ORG-C06332	ריינהאָרדט-שול	Education	1	ריינהאָרדט-שול														
ORG-C06333	שטאָטסאָקאָדעמיע פֿיר מוזיק אונד דאָרשטעלענדער קונסט	Education	1	שטאָטסאָקאָדעמיע פֿיר מוזיק אונד דאָרשטעלענדער קונסט	ווין			עסטרייך										
ORG-C06334	העברעישער אָפּערע	Theatre	1	העברעישער אָפּערע			אָרץ-ישראל	אָרץ-ישראל										
ORG-C06335	המטאָטאָ	Theatre	1	המטאָטאָ			אָרץ-ישראל	אָרץ-ישראל										
ORG-C06336	דער טהעאַטער שפּיגעל	Journals/ Newspapers	1	דער טהעאַטער שפּיגעל					635 | 632	0.667 | 0.611	ipa_phonetic | ipa_phonetic							
ORG-C06337	וואונדערלענד	Theatre	1	וואונדערלענד	ווייטשעפּעל		וואונדערלענד											
ORG-C06338	פּרינצעס מיוזיק-האָל	Theatre	1	פּרינצעס מיוזיק-האָל			פּרינצעס מיוזיק-האָל											
ORG-C06339	פֿילאָדעלפֿיער אָרטש סט. טעאַטער	Theatre	1	פֿילאָדעלפֿיער אָרטש סט. טעאַטער	פֿילאָדעלפֿיער		אָרטש סט. טעאַטער											
ORG-C06340	ניו-יאָרקער אָמפיאָן-טעאַטער	Theatre	1	ניו-יאָרקער אָמפיאָן-טעאַטער	ניו יאָרק		אָמפיאָן-טעאַטער		615	0.633	ipa_phonetic							
ORG-C06341	דאָרפֿישער שול	Education	1	דאָרפֿישער שול														
ORG-C06342	"פּ""צ-באַוועגונג"	Jewish political bodies	1	"פּ""צ-באַוועגונג"	קעלץ													
ORG-C06343	פרייע יוגענד	Journals/ Newspapers	1	פרייע יוגענד	וואַרשע													
ORG-C06344	די יודישע מאָרגענפּאָסט	Journals/ Newspapers	1	די יודישע מאָרגענפּאָסט	ווין													
ORG-C06345	נייער לאָדזער פֿאָלקסבלאָט	Journals/ Newspapers	1	נייער לאָדזער פֿאָלקסבלאָט	לאָדזש													
ORG-C06346	"פֿאַרלאָג הירש מ""ץ"	Publisher	1	"פֿאַרלאָג הירש מ""ץ"	ווילנע													
ORG-C06347	טרופּע זילבערמאַן און חיימאָוויטש	Traveling Company	1	טרופּע זילבערמאַן און חיימאָוויטש	ניו יאָרק		אָריענטאָל טעאַטער											
ORG-C06348	מוזיקשול אין קיעוו	Education	1	מוזיקשול אין קיעוו	קיעוו			אוקראַאינע										
ORG-C06349	דראָמאָטישער שול פֿון אַקטיאָר סקוראַטאָוו	Education	1	דראָמאָטישער שול פֿון אַקטיאָר סקוראַטאָוו														
ORG-C06350	"ענטיןס „פּראָגרעסיוו-דראַמאָטיק קלאָב"""	Theatre	1	"ענטיןס „פּראָגרעסיוו-דראַמאָטיק קלאָב"""				אַמעריקע										
ORG-C06351	מעדאָווס אוקראָאינישער טרופּע	Traveling Company	1	מעדאָווס אוקראָאינישער טרופּע				אַמעריקע										
ORG-C06352	גערמאָנען	Traveling Company	1	גערמאָנען	ברוקלין				215	0.600	ipa_phonetic							
ORG-C06353	בלייכמאָזס אַרופּע	Traveling Company	1	בלייכמאָזס אַרופּע	פּאַריז				325 | 610	0.667 | 0.600	ipa_phonetic | ipa_phonetic							
ORG-C06354	קעמברידזשער טעאַטער	Theatre	1	קעמברידזשער טעאַטער	לאָנדאָן				630 | 609	0.647 | 0.619	ipa_phonetic | ipa_phonetic							
ORG-C06355	פּערעגן-טעאָטער	Theatre	1	פּערעגן-טעאָטער	לאָנדאָן				622 | 122 | 489 | 509 | 528	1.000 | 0.692 | 0.692 | 0.692 | 0.692	exact | ipa_phonetic | ipa_phonetic | ipa_phonetic | ipa_phonetic	NEW	622				Bella	2026-05-15T12:40:55Z
ORG-C06356	טרופּע אָדאָלף סעגאָל און דימאָרסקי	Traveling Company	1	טרופּע אָדאָלף סעגאָל און דימאָרסקי	כאַרקאָוו			רוסלאַנד										
ORG-C06357	פֿאַראייניקטער יידישער פֿאָלקס-טעאַטער	Theatre	1	פֿאַראייניקטער יידישער פֿאָלקס-טעאַטער					540 | 565 | 615 | 510 | 541	0.697 | 0.697 | 0.697 | 0.667 | 0.667	ipa_phonetic | ipa_phonetic | ipa_phonetic | ipa_phonetic | ipa_phonetic							
ORG-C06358	יידישער מלוכה-טרופּע	Traveling Company	1	יידישער מלוכה-טרופּע	מינסק													
ORG-C06359	מינסקער אַרבעטער-קלובן	Education	1	מינסקער אַרבעטער-קלובן	מינסק													
ORG-C06360	ווייס-רוסישער וויסנשאָפֿטלעכער אָקאָדעמיע	Education	1	ווייס-רוסישער וויסנשאָפֿטלעכער אָקאָדעמיע	מינסק													
ORG-C06361	גרעמער-סקול	Education	1	גרעמער-סקול	ניו יאָרק													
ORG-C06362	מיט פּנחס טאָמאָשעווסקי	Traveling Company	1	מיט פּנחס טאָמאָשעווסקי														
ORG-C06363	כאָר ביי אָדלער	Theatre	1	כאָר ביי אָדלער	שיקאָגאָ													
ORG-C06364	"בעלאָסקאָס ענגלישער „שיילאָק""-אויפֿפֿירונג"	Theatre	1	"בעלאָסקאָס ענגלישער „שיילאָק""-אויפֿפֿירונג"														
ORG-C06365	גילדענע פּאָווע	Theatre	1	גילדענע פּאָווע	ווין				261 | 522	0.833 | 0.643	ipa_phonetic | ipa_phonetic	ALIGN	261				Bella	2026-04-19T16:06:51Z
ORG-C06366	דראָמאָטיש-אָקאָדעמישער שול	Education	1	דראָמאָטיש-אָקאָדעמישער שול	ווין													
ORG-C06367	פּראָווינץ-דירעקטאָר דרוקער	Traveling Company	1	פּראָווינץ-דירעקטאָר דרוקער														
ORG-C06368	ערשטע יידישע סטאָבילע ליטעראָרישע טעאַטער	Theatre	1	ערשטע יידישע סטאָבילע ליטעראָרישע טעאַטער	ווין													
ORG-C06369	יעקב בער גימפּעל... כאָר	Theatre	1	יעקב בער גימפּעל... כאָר														
ORG-C06370	אָשע עטינגער	Traveling Company	1	אָשע עטינגער			רומעניע	רומעניע										
ORG-C06371	יידישע רעגירונגס-פֿאָלקסשול	Education	1	יידישע רעגירונגס-פֿאָלקסשול														
ORG-C06372	בעסאַראָבסקאָיאָ זשיזן	Journals/ Newspapers	1	בעסאַראָבסקאָיאָ זשיזן	קעשעניעוו													
ORG-C06373	נאָווי מיר	Journals/ Newspapers	1	נאָווי מיר			אַמעריקע	אַמעריקע										
ORG-C06374	פונקען	Publisher	1	פונקען	ניו יאָרק													
ORG-C06375	קונסטדינג	Theatre	1	קונסטדינג	ניו יאָרק				306 | 307	0.800 | 0.636	ipa_phonetic | ipa_phonetic	ALIGN	306				Bella	2026-04-19T08:04:04Z
ORG-C06376	"קעמפּ ""יוניטי"""	Education	1	"קעמפּ ""יוניטי"""														
ORG-C06377	וואָלד-אינסטיטוט	Education	1	וואָלד-אינסטיטוט	פּעטערבורג			רוסלאַנד										
ORG-C06378	סאַטיריקאָן	Journals/ Newspapers	1	סאַטיריקאָן														
ORG-C06379	דאָס נייע יידישע טעאַטער	Theatre	2	דאָס נייע יידישע טעאַטער	ניו יאָרק		דאָס נייע יידישע טעאַטער	אַמעריקע	609 | 472 | 500 | 575	0.762 | 0.750 | 0.737 | 0.652	ipa_phonetic | ipa_phonetic | ipa_phonetic | ipa_phonetic							
ORG-C06380	רודאָלף שילדקרויט טעאַטער	Theatre	1	רודאָלף שילדקרויט טעאַטער	ניו יאָרק		בראַנקס	אַמעריקע										
ORG-C06381	דער אָרטיקער יידישער פּרעסע	Journals/ Newspapers	1	דער אָרטיקער יידישער פּרעסע	אָמעריקע													
ORG-C06382	חזן קופּער	Religious institutions/organizations	1	חזן קופּער														
ORG-C06383	בית-המדרש פֿון רי שמעון צוקערמאַן	Education	1	בית-המדרש פֿון רי שמעון צוקערמאַן	מאָהילעוו ביים דניעפּר		בית-המדרש פֿון רי שמעון צוקערמאַן											
ORG-C06384	אחיאַסף	Publisher	1	אחיאַסף	וואַרשע		פֿאַרלאָג „אחיאַסף“											
ORG-C06385	זאָווילס שול	Religious institutions/organizations	1	זאָווילס שול	ווילנע		זאָווילס שול											
ORG-C06386	קרייז פֿון משכילים	Heritage Institution	1	קרייז פֿון משכילים	ווילנע													
ORG-C06387	אָוונט-היי-סקול	Education	1	אָוונט-היי-סקול	אָמעריקע													
ORG-C06388	ראָבינער-סעמינאָר	Education	1	ראָבינער-סעמינאָר	קראָקע													
ORG-C06389	בראָדערזינגער-פֿאָלקזינגער	Traveling Company	1	בראָדערזינגער-פֿאָלקזינגער	לעמבערג													
ORG-C06390	ביום גאָלדענען ווידער	Theatre	1	ביום גאָלדענען ווידער	ווינער		ביום גאָלדענען ווידער											
ORG-C06391	טרופּע קאמינסקי-סאָבזיי	Traveling Company	1	טרופּע קאמינסקי-סאָבזיי	אָדעס													
ORG-C06392	טרופּע ספּיוואָקאָווסקי-סעם אָדלער	Traveling Company	1	טרופּע ספּיוואָקאָווסקי-סעם אָדלער	נאָדינאָ													
ORG-C06393	ה. סיעראצקי	Traveling Company	1	ה. סיעראצקי														
ORG-C06394	קאָסטעלאָניס איטאָלייענישער וואָנדער-אָפּערע טרופּע	Traveling Company	1	קאָסטעלאָניס איטאָלייענישער וואָנדער-אָפּערע טרופּע														
ORG-C06395	סאָבסייס יידישער טרופּע	Traveling Company	1	סאָבסייס יידישער טרופּע					485	0.654	ipa_phonetic							
ORG-C06396	מאַקס נ. מייזעל	Publisher	1	מאַקס נ. מייזעל	ניו יאָרק			יו עס עי										
ORG-C06397	יידישן טעאַטער אויף טאָבאָר שטר. 12	Theatre	1	יידישן טעאַטער אויף טאָבאָר שטר. 12	ווין	טאָבאָר שטר. 12	יידישן טעאַטער											
ORG-C06398	גאַסטראָלן פֿון מאלי פיקאָן	Traveling Company	1	גאַסטראָלן פֿון מאלי פיקאָן	ווין													
ORG-C06399	פֿילם „מזרח און מערב“	Media (Radio/ Film/TV)	1	פֿילם „מזרח און מערב“														
ORG-C06400	יידישן טעאַטער רעקלאָם	Theatre	1	יידישן טעאַטער רעקלאָם	ווין		יידישן טעאַטער רעקלאָם											
ORG-C06401	ווייסרוסלענדיש-יידישער מלוכה-טעאַַטערסטודיע	Theatre	1	ווייסרוסלענדיש-יידישער מלוכה-טעאַַטערסטודיע	מאָסקווע				593	0.625	ipa_phonetic							
ORG-C06402	יידישע סאַציאָליסטישע וואָכנבלעטער	Journals/ Newspapers	1	יידישע סאַציאָליסטישע וואָכנבלעטער														
ORG-C06403	"די טרופּע „האור"""	Traveling Company	1	"די טרופּע „האור"""	פּרעסבורג		אַ גרויסן רעסטאָראַציע-זאָל	טשעכאָסלאָוואָקייע										
ORG-C06404	טשעכאָסלאָוואָקישער רעגירונג	Non-Jewish political bodies	1	טשעכאָסלאָוואָקישער רעגירונג														
ORG-C06405	מיט טאָמאָשעווסקי און רודאָלף מאַרקס	Traveling Company	1	מיט טאָמאָשעווסקי און רודאָלף מאַרקס	פֿילאָדעלפיע													
ORG-C06406	"קינדער-טרופּע א""פ פון ברייטמאַן"	Traveling Company	1	"קינדער-טרופּע א""פ פון ברייטמאַן"	וואַרשע		פאַרשטעט פון וואַרשע											
ORG-C06407	דראָמאַטישע פאַריינען	Amateur	1	דראָמאַטישע פאַריינען			באַראָן הירשס קאָלאָניעס											
ORG-C06408	טרופּע פון גוטענטאָג-מאָריענהאָף	Traveling Company	1	טרופּע פון גוטענטאָג-מאָריענהאָף	בוענאָס-איירעס			אָרגענטינע										
ORG-C06409	טרופּע פֿאָר בראַזיליע	Traveling Company	1	טרופּע פֿאָר בראַזיליע				בראַזיליע	523 | 578	0.611 | 0.611	ipa_phonetic | ipa_phonetic							
ORG-C06410	טעאַטער סאָלאָן גאָריבאָלדי	Theatre	1	טעאַטער סאָלאָן גאָריבאָלדי	"ב""א"		סאָלאָן גאָריבאָלדי											
ORG-C06411	"טרופּע א""ר פון מאָרק אַרענשטיין"	Traveling Company	1	"טרופּע א""ר פון מאָרק אַרענשטיין"														
ORG-C06412	אָרגענטינער פּאַנטאָמימע-קאָמפּאָניע	Traveling Company	1	אָרגענטינער פּאַנטאָמימע-קאָמפּאָניע														
ORG-C06413	טרופּע פֿון זשוקאָוו	Traveling Company	1	טרופּע פֿון זשוקאָוו					486 | 596 | 542 | 626 | 283	0.733 | 0.733 | 0.667 | 0.667 | 0.647	ipa_phonetic | ipa_phonetic | ipa_phonetic | ipa_phonetic | ipa_phonetic	ALIGN	486				Bella	2026-04-21T07:36:42Z
ORG-C06414	זאַנדבערגן אין אָרטיקן גרויסן טעאָטער	Theatre	1	זאַנדבערגן אין אָרטיקן גרויסן טעאָטער	לאָדזש		אָרטיקן גרויסן טעאָטער											
ORG-C06415	אידישע פּרעסע	Journals/ Newspapers	2	אידישע פּרעסע | די אידישע פּרעסע	סט. לואיס | ריאָ דע זשענייראָ		די אידישע פּרעסע	בראָזיל | אַמעריקע				SPLIT		Cluster combines distinct newspapers from St. Louis and Rio de Janeiro; 'Yiddish Press' is a common generic title.			auto_drafter	2026-05-17T17:07:26Z
ORG-C06416	מאָהילעווער שטאָטישע שול	Education	1	מאָהילעווער שטאָטישע שול	מאָהילעווער													
ORG-C06417	גרין-טעאַטער	Theatre	1	גרין-טעאַטער	פֿילאָדעלפיע		גרין-טעאַטער		552 | 124 | 611 | 176 | 553	0.833 | 0.818 | 0.818 | 0.750 | 0.750	ipa_phonetic | ipa_phonetic | ipa_phonetic | ipa_phonetic | ipa_phonetic							
ORG-C06418	טרופּע מיט קאַרפּ און פֿינקעל	Traveling Company	1	טרופּע מיט קאַרפּ און פֿינקעל														
ORG-C06419	פלייסיגן	Traveling Company	1	פלייסיגן	פּיטסבורג													
ORG-C06420	מולט עס דזשאָוואָ	Journals/ Newspapers	1	מולט עס דזשאָוואָ														
ORG-C06421	בערלינער דייטשן לעסינג-טעאַטער	Theatre	1	בערלינער דייטשן לעסינג-טעאַטער	בערלין		בערלינער דייטשן לעסינג-טעאַטער		494	0.655	ipa_phonetic							
ORG-C06422	לעמבערגער טעמפּל (רעפֿאָרם-שול)	Religious institutions/organizations	1	לעמבערגער טעמפּל (רעפֿאָרם-שול)	לעמבערג		לעמבערגער טעמפּל											
ORG-C06423	האָכשול פאָר מוזיק און דאַרשטעלענדער קונסט	Education	1	האָכשול פאָר מוזיק און דאַרשטעלענדער קונסט	ווין			עסטרייך										
ORG-C06424	הבמה	Theatre	1	הבמה	ווין													
ORG-C06425	"פּוילישן טעאָטער א""ד פּיעקאָרסקי"	Theatre	1	"פּוילישן טעאָטער א""ד פּיעקאָרסקי"														
ORG-C06426	פאַראייניקטער טרופּע פון ליבערט-קרויזע-סיעראָצקי	Traveling Company	1	פאַראייניקטער טרופּע פון ליבערט-קרויזע-סיעראָצקי														
ORG-C06427	דירעקטאָר באַלזאָק	Traveling Company	1	דירעקטאָר באַלזאָק														
ORG-C06428	דירעקטאָר חאָרלאָמפּ-קאַניעווסקי	Traveling Company	1	דירעקטאָר חאָרלאָמפּ-קאַניעווסקי														
ORG-C06429	מיניאַטורטעאַטער פון קוסטין-יעדוואָב	Theatre	1	מיניאַטורטעאַטער פון קוסטין-יעדוואָב				פּוילן										
ORG-C06430	בערליינער יידישן קונסט טעאַטער	Theatre	1	בערליינער יידישן קונסט טעאַטער					623 | 569 | 500 | 519 | 534	0.759 | 0.625 | 0.621 | 0.621 | 0.621	ipa_phonetic | ipa_phonetic | ipa_phonetic | ipa_phonetic | ipa_phonetic							
ORG-C06431	אָרטיקער קאָלעקטיווער טרופּע	Traveling Company	1	אָרטיקער קאָלעקטיווער טרופּע	לאָדזש			פּוילן										
ORG-C06432	פּאָרק-טעאַטער	Theatre	1	פּאָרק-טעאַטער	ניו יאָרק		פּאָרק-טעאַטער	אַמעריקע	600 | 529 | 122 | 176 | 552	1.000 | 0.818 | 0.750 | 0.750 | 0.750	exact | ipa_phonetic | ipa_phonetic | ipa_phonetic | ipa_phonetic	NEW	600	תיקנתי ניקוד			Bella	2026-05-10T19:54:31Z
ORG-C06433	יענקי פֿילם-קאָמפּ.	Media (Radio/ Film/TV)	1	יענקי פֿילם-קאָמפּ.														
ORG-C06434	אוניווערסאָל-קאָמפּאָני	Media (Radio/ Film/TV)	1	אוניווערסאָל-קאָמפּאָני														
ORG-C06435	ריינהאָלדס פֿאַרבערייטונגס-קונסט-שול	Education	1	ריינהאָלדס פֿאַרבערייטונגס-קונסט-שול	אָדעס													
ORG-C06436	מלוכהשער קונסט-שול	Education	1	מלוכהשער קונסט-שול	אָדעס													
ORG-C06437	אָדעסער טעלעפֿאָן-קאָמפּאָניע	Business	1	אָדעסער טעלעפֿאָן-קאָמפּאָניע	אָדעס													
ORG-C06438	שאָלאָשן-שול	Religious institutions/organizations	2	שאָלאָשן-שול	אָדעס													
ORG-C06439	פּראָפעסיאנעלער יידישער טרופּע פֿון ווייספעלד	Traveling Company	1	פּראָפעסיאנעלער יידישער טרופּע פֿון ווייספעלד	אָדעס													
ORG-C06440	בית-משכן-ישראל	Education	1	בית-משכן-ישראל	פֿילאָדעלפיע		בית-משכן-ישראל-ישיבה											
ORG-C06441	לידיק	Theatre	2	לידיק | לידיק טעאַטער	ניויאָרק		לידיק טעאַטער											
ORG-C06442	שיקאָגער ענגלישער קאָמפּאָני	Traveling Company	1	שיקאָגער ענגלישער קאָמפּאָני	שיקאָגער													
ORG-C06443	זיגפעלדס מיוזיקל קאָמעדיע	Theatre	1	זיגפעלדס מיוזיקל קאָמעדיע			בראָדוויי											
ORG-C06444	"וואַרשעווער יידישן אָפּערעטןטעאַטער ""צענטראָל"""	Theatre	1	"וואַרשעווער יידישן אָפּערעטןטעאַטער ""צענטראָל"""	וואַרשע		צענטראָל											
ORG-C06445	ווילקער ביתאמדרש	Education	1	ווילקער ביתאמדרש			ווילקער ביתאמדרש											
ORG-C06446	טעאַטער אונטער דער דירעקציע פֿון יעקב בער גימפּעל	Theatre	1	טעאַטער אונטער דער דירעקציע פֿון יעקב בער גימפּעל	לעמבערג		גימפּעלס טעאַטער											
ORG-C06447	טרופּע פֿון קאָרל זילבער	Traveling Company	1	טרופּע פֿון קאָרל זילבער	קראָקע				563 | 523 | 578	0.714 | 0.619 | 0.619	ipa_phonetic | ipa_phonetic | ipa_phonetic							
ORG-C06448	פּיפּעל-טעאַטער	Theatre	1	פּיפּעל-טעאַטער	ניו יאָרק				622 | 123 | 124 | 176 | 600	0.714 | 0.667 | 0.667 | 0.667 | 0.667	ipa_phonetic | ipa_phonetic | ipa_phonetic | ipa_phonetic | ipa_phonetic							
ORG-C06449	העכערער האַנדלס און עקספּאָרט-אָקאָדעמיע	Education	1	העכערער האַנדלס און עקספּאָרט-אָקאָדעמיע														
ORG-C06450	"פּוילישע אויפֿירונג פֿון אַנסקיס „דיבוק"""	Theatre	1	"פּוילישע אויפֿירונג פֿון אַנסקיס „דיבוק"""														
ORG-C06451	רומענישער פּראָווינץ-טרופּע פֿון בוריענעסקאָ	Traveling Company	1	רומענישער פּראָווינץ-טרופּע פֿון בוריענעסקאָ														
ORG-C06452	האָרטס מעטראָפּאָליטען טעאַטער	Theatre	1	האָרטס מעטראָפּאָליטען טעאַטער	נואַרק													
ORG-C06453	כאָר ביי ווייספעלדן	Theatre	1	כאָר ביי ווייספעלדן														
ORG-C06454	רוסישער טרופּע פֿון קאָזאַנצאָוו	Traveling Company	1	רוסישער טרופּע פֿון קאָזאַנצאָוו	אָדעס		רוסישער טרופּע פֿון קאָזאַנצאָוו											
ORG-C06455	רוסישער טרופּע פֿון וולאַסאָוו	Traveling Company	1	רוסישער טרופּע פֿון וולאַסאָוו	כערסאָן		רוסישער טרופּע פֿון וולאַסאָוו											
ORG-C06456	האָלס	Business	1	האָלס			האָלס											
ORG-C06457	מעדיקאַל-כירורגישן קאָלעדזש	Education	1	מעדיקאַל-כירורגישן קאָלעדזש			מעדיקאַל-כירורגישן קאָלעדזש											
ORG-C06458	קעסלער	Traveling Company	4	קעסלער	ניו יאָרק		טאַליאַ טעאַטער | קעסלער	אַמעריקע										
ORG-C06459	פּיינסקיס דרוקעריי	Printer	1	פּיינסקיס דרוקעריי	פּיעטראָקאָוו		פּיינסקיס דרוקעריי					NEW	651				Sinai	2026-05-18T05:16:28Z
ORG-C06460	איזראעליטישע-דראַמאַטישע-געזעלשאַפט	Theatre	1	איזראעליטישע-דראַמאַטישע-געזעלשאַפט	בוקאַרעסט	קאלעא וואקארעשט 35	איזראעליטישער-נאַציאָנאַל-גאָרטן	רומעניע	44 | 606 | 607 | 621	1.000 | 0.719 | 0.706 | 0.676	exact | ipa_phonetic | ipa_phonetic | ipa_phonetic	ALIGN	44				Bella	2026-04-19T07:00:28Z
ORG-C06461	דודס האַרפע	Musical organization	1	דודס האַרפע	ניו-יאָרק		דודס האַרפע											
ORG-C06462	מאָנטעפיאָרע האָם	Health institutions	1	מאָנטעפיאָרע האָם	ניו-יאָרק		מאָנטעפיאָרע האָם											
ORG-C06463	לאָס אַנדזשעלאָסער קעפּיטל טעאַטער	Theatre	1	לאָס אַנדזשעלאָסער קעפּיטל טעאַטער	לאָס אַנדזשעלאָס		קעפּיטל טעאַטער											
ORG-C06464	יידישן אַקטיאָרן-קלאָב, לאָקאָל 1	Theatre-related Society/ Union	1	יידישן אַקטיאָרן-קלאָב, לאָקאָל 1														
ORG-C06465	גערטנערס טרופּע	Traveling Company	1	גערטנערס טרופּע	שיקאָגאָ		גערטנערס טרופּע		182 | 533 | 43 | 254 | 629	1.000 | 0.786 | 0.786 | 0.786 | 0.733	exact | ipa_phonetic | ipa_phonetic | ipa_phonetic | ipa_phonetic	ALIGN	182				Bella	2026-04-28T15:42:27Z
ORG-C06466	וויינקעלער פֿון מאיר יענטשעס	Theatre	1	וויינקעלער פֿון מאיר יענטשעס	אָדעס		וויינקעלער פֿון מאיר יענטשעס	אוקראַאינע										
ORG-C06467	זאָל אויף רישעלעווסקא גאָס	Theatre	1	זאָל אויף רישעלעווסקא גאָס	אָדעס	רישעלעווסקא גאָס	אַ זאָל אויף רישעלעווסקא גאָס											
ORG-C06468	נפחלים טרופּע	Traveling Company	1	נפחלים טרופּע	קעשעניעוו				373 | 195	0.667 | 0.615	ipa_phonetic | ipa_phonetic							
ORG-C06469	שמרים טרופּע	Traveling Company	1	שמרים טרופּע	אָדעס				373 | 269 | 395	0.667 | 0.636 | 0.615	ipa_phonetic | ipa_phonetic | ipa_phonetic							
ORG-C06470	פּאָנטעאָן-טעאַטער	Theatre	1	פּאָנטעאָן-טעאַטער	לובלין		פּאָנטעאָן-טעאַטער	פּוילן	520 | 526 | 622 | 151 | 252	0.714 | 0.714 | 0.714 | 0.667 | 0.643	ipa_phonetic | ipa_phonetic | ipa_phonetic | ipa_phonetic | ipa_phonetic							
ORG-C06471	יידישן פּראָספּעקט-טעאַטער	Theatre	1	יידישן פּראָספּעקט-טעאַטער	בראַנקס		יידישן פּראָספּעקט-טעאַטער		480 | 608	0.682 | 0.636	ipa_phonetic | ipa_phonetic							
ORG-C06472	קאָמעדיען טעאָטער	Theatre	1	קאָמעדיען טעאָטער	ריגע				252 | 296 | 278 | 526 | 552	0.733 | 0.667 | 0.600 | 0.600 | 0.600	ipa_phonetic | ipa_phonetic | ipa_phonetic | ipa_phonetic | ipa_phonetic							
ORG-C06473	יידישער טרופּע פֿון זילבערמאַן און לאַטיינער	Traveling Company	1	יידישער טרופּע פֿון זילבערמאַן און לאַטיינער	בוקאַרעסט		זומער-סעזאָן	רומעניע										
ORG-C06474	טרופּע פֿון פּנחס טאָמאָשעווסקי	Traveling Company	1	טרופּע פֿון פּנחס טאָמאָשעווסקי	שיקאָגאָ			אַמעריקע										
ORG-C06475	העמאָרקעט טעאַטער	Theatre	1	העמאָרקעט טעאַטער	שיקאָגאָ		העמאָרקעט טעאַטער		252 | 278 | 529 | 577 | 600	0.667 | 0.600 | 0.600 | 0.600 | 0.600	ipa_phonetic | ipa_phonetic | ipa_phonetic | ipa_phonetic | ipa_phonetic							
ORG-C06476	קאָאָפּעראָטיוו יוניאָן-טעאַטער	Theatre	1	קאָאָפּעראָטיוו יוניאָן-טעאַטער			קאָאָפּעראָטיוו יוניאָן-טעאַטער											
ORG-C06477	שיקאָגאָ'ר יידישער אַקטיאָרן-יוניאָן פֿאַר מיטל-וועסט און קאָנאָדע	Theatre-related Society/ Union	1	שיקאָגאָ'ר יידישער אַקטיאָרן-יוניאָן פֿאַר מיטל-וועסט און קאָנאָדע	שיקאָגאָ													
ORG-C06478	די דראַמאַטישע טרופּע אונטער דער לייטונג פֿון פרץ הירשביין	Traveling Company	1	די דראַמאַטישע טרופּע אונטער דער לייטונג פֿון פרץ הירשביין	אָדעס		זאָל האַרמאָניא											
ORG-C06479	הילפס-קאָמיטעט	Welfare/Aid organization	1	הילפס-קאָמיטעט	אָדעס													
ORG-C06480	אגודה „תורה מציון“	Education	1	אגודה „תורה מציון“	ווילנע													
ORG-C06481	פּ	Jewish political bodies	1	פּ														
ORG-C06482	ניו יאָרקער יידישע טעאַטער-געזעלשאַפט	Theatre-related Society/ Union	1	ניו יאָרקער יידישע טעאַטער-געזעלשאַפט	ניו יאָרק													
ORG-C06483	דר. ברוידעס העברעישע גימנאַזיע	Education	1	דר. ברוידעס העברעישע גימנאַזיע														
ORG-C06484	דר. מ. ווייכערטס דראָמאַטישער שול	Education	1	דר. מ. ווייכערטס דראָמאַטישער שול														
ORG-C06485	פּוילישער דראַמאַטישער שול ביים שטאָט-טעאַטער	Education	1	פּוילישער דראַמאַטישער שול ביים שטאָט-טעאַטער	לאָדזש		שטאָט-טעאַטער											
ORG-C06486	יאָנאַס טורקאָווס פּראָווינץ טרופּע	Traveling Company	1	יאָנאַס טורקאָווס פּראָווינץ טרופּע														
ORG-C06487	זיגפילד-פֿאָליעס	Traveling Company	1	זיגפילד-פֿאָליעס	ניו יאָרק													
ORG-C06488	פּורים-ספּעקטאָקלען	Theatre	1	פּורים-ספּעקטאָקלען	וואַרשע													
ORG-C06489	15 דראָמאַטישע פֿאָרשטעלונגען אין דער יידישער שפּראָך	Traveling Company	1	15 דראָמאַטישע פֿאָרשטעלונגען אין דער יידישער שפּראָך	וואַרשע													
ORG-C06490	אַלטן יידישן טעאַטער	Theatre	1	אַלטן יידישן טעאַטער					472 | 500 | 575 | 609 | 505	0.750 | 0.737 | 0.682 | 0.667 | 0.600	ipa_phonetic | ipa_phonetic | ipa_phonetic | ipa_phonetic | ipa_phonetic							
ORG-C06491	קאָרנפעלדס „פֿאָלקבלאַט“	Journals/ Newspapers	1	קאָרנפעלדס „פֿאָלקבלאַט“	יאָסי													
ORG-C06492	ניישאַץס טעמפּל	Religious institutions/organizations	1	ניישאַץס טעמפּל														
ORG-C06493	אָרטיקער שטאָט-אַדמיניסטראַציע	Non-Jewish political bodies	1	אָרטיקער שטאָט-אַדמיניסטראַציע														
ORG-C06494	שטאָט אָהייאָ	Non-Jewish political bodies	1	שטאָט אָהייאָ														
ORG-C06495	אַמעריקאָנער אַמבאַסאָדאָר אין פֿראַנקרייך	Non-Jewish political bodies	1	אַמעריקאָנער אַמבאַסאָדאָר אין פֿראַנקרייך														
ORG-C06496	האָלטנאָרט טעאַַטער	Theatre	1	האָלטנאָרט טעאַַטער	קליוולאַנד	55 סטריט און וואודלאַנד עוועניו	האָלטנאָרט טעאַַטער		529 | 577 | 426	0.600 | 0.600 | 0.600	ipa_phonetic | ipa_phonetic | ipa_phonetic							
ORG-C06497	"יידישער טרופּע א""פ פֿון דוד לעווינסאָן"	Traveling Company	1	"יידישער טרופּע א""פ פֿון דוד לעווינסאָן"														
ORG-C06498	אידישע פֿאָלקס צייטונג	Journals/ Newspapers	1	אידישע פֿאָלקס צייטונג	ניו יאָרק			אמעריקע										
ORG-C06499	וואַרשעווער פּוילישער דראַמאַטישער שול	Education	2	וואַרשעווער פּוילישער דראַמאַטישער שול	וואַרשע		וואַרשעווער פּוילישער דראָמאַטישער שול	פּוילן										
ORG-C06500	וואַרשעווער טעאַטער לעטני	Theatre	1	וואַרשעווער טעאַטער לעטני	וואַרשע		וואַרשעווער טעאַטער לעטני											
ORG-C06501	ערשטע יידישע דראָמאַטישע שול	Education	1	ערשטע יידישע דראָמאַטישע שול	וואַרשע		ערשטע יידישע דראָמאַטישע שול											
ORG-C06502	אַזראָס ווילנער טרופּע	Traveling Company	1	אַזראָס ווילנער טרופּע				מערב-אייראָפּע	551 | 521	0.625 | 0.611	fuzzy | ipa_phonetic							
ORG-C06503	נייע דראָמאַטישע סטודיע	Education	1	נייע דראָמאַטישע סטודיע	וואַרשע													
ORG-C06504	פּוילישער ווילנער טרופּע	Traveling Company	1	פּוילישער ווילנער טרופּע														
ORG-C06505	ס. ב. גוסדאָרפער	Publisher	1	ס. ב. גוסדאָרפער	פֿירט													
ORG-C06506	רב הכולל פון ענגלאַנד	Religious institutions/organizations	1	רב הכולל פון ענגלאַנד				ענגלאַנד										
ORG-C06507	THE SOUTH AFRICAN JEWISH CRONICLE	Journals/ Newspapers	1	THE SOUTH AFRICAN JEWISH CRONICLE	יאָהאָניסבורגער			דרום-אפריקע										
ORG-C06508	"זמ""ה פונקן"	Journals/ Newspapers	1	"זמ""ה פונקן"	לאָדזש													
ORG-C06509	טעאַטערס טאָליאָ	Theatre	1	טעאַטערס טאָליאָ			טעאַטערס טאָליאָ	אמעריקע	581	0.692	ipa_phonetic							
ORG-C06510	ניו-יאָרקער טעאַטערס	Theatre	1	ניו-יאָרקער טעאַטערס	ניו-יאָרק		ניו-יאָרקער טעאַטערס											
ORG-C06511	רעלקין	Business	1	רעלקין														
ORG-C06512	האָרשפּאלווי מאַרקוס	Theatre	1	האָרשפּאלווי מאַרקוס														
ORG-C06513	האָטעל בייערישער הויף	Theatre	1	האָטעל בייערישער הויף														
ORG-C06514	טרופּע פֿון נאָזשיק און לאַטאָוויטש	Traveling Company	1	טרופּע פֿון נאָזשיק און לאַטאָוויטש														
ORG-C06515	ערשטע קאָאָפּעראַטיווע דראָמע	Theatre	1	ערשטע קאָאָפּעראַטיווע דראָמע	יעקאַטערינאָסלאַוו													
ORG-C06516	דאָס אידישע לעבען	Journals/ Newspapers	1	דאָס אידישע לעבען	פּאַריז													
ORG-C06517	יעוורעיסקי טעאַטער	Theatre	1	יעוורעיסקי טעאַטער	אָדעס		יעוורעיסקי טעאַטער		263 | 278	0.625 | 0.625	ipa_phonetic | ipa_phonetic							
ORG-C06518	הורוויץ-חיימאָוויטשעס טרופּע	Traveling Company	1	הורוויץ-חיימאָוויטשעס טרופּע			ווינדזאָר טעאַטער											
ORG-C06519	ספרדישער שול	Religious institutions/organizations	1	ספרדישער שול	באָראַ פּאַרק													
ORG-C06520	סאָוואַ מאָראַזאָוו	Business	1	סאָוואַ מאָראַזאָוו	וואַרשע													
ORG-C06521	פֿערלאָג ז. רעזניק	Publisher	1	פֿערלאָג ז. רעזניק	וואַרשאַ													
ORG-C06522	ל. ראָפּעל	Traveling Company	1	ל. ראָפּעל	וואַרשע				469	0.625	ipa_phonetic							
ORG-C06523	מעערסאָן	Traveling Company	3	מעערסאָן				רוסלאַנד	330	0.833	fuzzy							
ORG-C06524	ישיבה פֿון „אַלטן ביתהמדרש“	Education	1	ישיבה פֿון „אַלטן ביתהמדרש“			אַלטן ביתהמדרש											
ORG-C06525	הכוכבים	Journals/ Newspapers	1	הכוכבים														
ORG-C06526	"דפוס של ר"" יוסף לעבענזאָהן"	Publisher	1	"דפוס של ר"" יוסף לעבענזאָהן"	וואַרשע													
ORG-C06527	פֿאַרלאָג מונק	Publisher	1	פֿאַרלאָג מונק	וואַרשע													
ORG-C06528	חזן ברוך קינסטלער	Musical organization	2	חזן ברוך קינסטלער	לעמבערג													
ORG-C06529	געבילם טרופּע	Traveling Company	2	געבילם טרופּע	וויניפּעג			קאַנאַדע	545 | 264 | 373 | 254	0.750 | 0.667 | 0.667 | 0.615	ipa_phonetic | ipa_phonetic | ipa_phonetic | ipa_phonetic							
ORG-C06530	קינדער-כאָרן פֿון יידישן טעאַטער	Musical organization	1	קינדער-כאָרן פֿון יידישן טעאַטער														
ORG-C06531	חברים-טרופּע א	Traveling Company	1	חברים-טרופּע א														
ORG-C06532	קולטור-פֿאַריין	Theatre-related Society/ Union	1	קולטור-פֿאַריין	מעץ			פֿראַנקרייך										
ORG-C06533	פּראָפעסיאנעלער טרופּע פֿון וואָלפשטיין	Traveling Company	1	פּראָפעסיאנעלער טרופּע פֿון וואָלפשטיין	מעץ													
ORG-C06534	הבימה-טעאַטער	Theatre	1	הבימה-טעאַטער	מעץ		הבימה-טעאַטער		124 | 489 | 553 | 555 | 631	0.667 | 0.667 | 0.667 | 0.667 | 0.667	ipa_phonetic | ipa_phonetic | ipa_phonetic | ipa_phonetic | ipa_phonetic							
ORG-C06535	בעליאַיעווס רוסישער טרופּע	Traveling Company	1	בעליאַיעווס רוסישער טרופּע														
ORG-C06536	"אַזראָס טייל פֿון דער „ווילנער טרופּע"""	Traveling Company	1	"אַזראָס טייל פֿון דער „ווילנער טרופּע"""			מערב-אייראָפּע											
ORG-C06537	דייטשן אוירווינג פליים טעאַטער	Theatre	1	דייטשן אוירווינג פליים טעאַטער	ניו יאָרק		אוירווינג פליים טעאַטער											
ORG-C06538	זיינע עלטערנס און וואַקסמאָןס טרופּע	Traveling Company	1	זיינע עלטערנס און וואַקסמאָןס טרופּע	יאָהאָניסבורג													
ORG-C06539	די יידישע גאָסטשפּיל-פֿאָרשטעלונגען אין בופֿאָלאָ	Theatre	1	די יידישע גאָסטשפּיל-פֿאָרשטעלונגען אין בופֿאָלאָ	בופֿאָלאָ													
ORG-C06540	גאָלדפֿאַדעןם דראָמאַטישער שול	Education	1	גאָלדפֿאַדעןם דראָמאַטישער שול	ניו יאָרק			אַמעריקע										
ORG-C06541	קינדער-כאָר זון טעמפּל	Musical organization	1	קינדער-כאָר זון טעמפּל	לעמערג		טעמפּל											
ORG-C06542	ניו יאָרקער דריטן סטריט-טעאַטער	Theatre	1	ניו יאָרקער דריטן סטריט-טעאַטער	ניו יאָרק		דריטן סטריט-טעאַטער		615	0.700	ipa_phonetic							
ORG-C06543	יידישער פּראָפעסיאנעלער שול	Education	1	יידישער פּראָפעסיאנעלער שול	מינסק													
ORG-C06544	יידישער סעקציע פֿון ווייסרוסלענדישן אינסטיטוט פֿאָר סצענישער קונסט	Education	1	יידישער סעקציע פֿון ווייסרוסלענדישן אינסטיטוט פֿאָר סצענישער קונסט	מאָסקווע													
ORG-C06545	יוחנן לוי רופאַ ובנו בנימין	Publisher	1	יוחנן לוי רופאַ ובנו בנימין	אַמסטערדאָם													
ORG-C06546	ווילהעלמשולע	Education	1	ווילהעלמשולע	ברעסלע													
ORG-C06547	"„וואָלפסטאָל-קאָפּעליע"""	Traveling Company	1	"„וואָלפסטאָל-קאָפּעליע"""	טאָרנאָפּאָל													
ORG-C06548	שאָמשי מולאַטאַ טעאַטער	Theatre	1	שאָמשי מולאַטאַ טעאַטער	כודאָפּעסט		שאָמשי מולאַטאַ טעאַטער											
ORG-C06549	אַלעקסאַנדער פּלאַץ-טעאַטער	Theatre	1	אַלעקסאַנדער פּלאַץ-טעאַטער	בערלין		אַלעקסאַנדער פּלאַץ-טעאַטער											
ORG-C06550	„אבאַציא“	Business	1	„אבאַציא“	לעמבערג		אַרטיסטן-קאָפע-הויז „אבאַציא“											
ORG-C06551	נאָרל-צענטראָלע אין פּוילן	Jewish political bodies	1	נאָרל-צענטראָלע אין פּוילן				פּוילן										
ORG-C06552	בית מסחר הספרים של המדפיס אַלאַפּין	Publisher	1	בית מסחר הספרים של המדפיס אַלאַפּין	וואַרשאַ													
ORG-C06553	שוואַרץ'ס יידישער טרופּע	Traveling Company	1	שוואַרץ'ס יידישער טרופּע	לובלין				485 | 470	0.654 | 0.600	ipa_phonetic | ipa_phonetic							
ORG-C06554	וויינשטאָק	Traveling Company	1	וויינשטאָק	לובלין													
ORG-C06555	קרויניש-יידישע שול	Education	1	קרויניש-יידישע שול														
ORG-C06556	יידישער טרופּע איבער אוקראַאיינע	Traveling Company	1	יידישער טרופּע איבער אוקראַאיינע														
ORG-C06557	פאַרלאַג „יבנה“	Publisher	1	פאַרלאַג „יבנה“	וואַרשע													
ORG-C06558	פאַרלאַג גאָלדפאַרב	Publisher	1	פאַרלאַג גאָלדפאַרב	וואַרשע				50	0.667	ipa_phonetic	ALIGN	50				Bella	2026-04-27T09:01:43Z
ORG-C06559	בלאַשקער שול	Religious institutions/organizations	1	בלאַשקער שול	לאָנדאָן													
ORG-C06560	אַקציע-געזעלשאַפט צו גרינדן אַ יידיש קונסט-טעאַטער	Theatre-related Society/ Union	1	אַקציע-געזעלשאַפט צו גרינדן אַ יידיש קונסט-טעאַטער	לאָנדאָן													
ORG-C06561	טרופּע וויינשטאָק-שאָר	Traveling Company	1	טרופּע וויינשטאָק-שאָר	לאָדזש													
ORG-C06562	וויינקאַרט-טעאַטער	Theatre	1	וויינקאַרט-טעאַטער	לאָנדאָן			ענגלאַנד	529 | 124 | 527 | 528 | 553	0.733 | 0.600 | 0.600 | 0.600 | 0.600	ipa_phonetic | ipa_phonetic | ipa_phonetic | ipa_phonetic | ipa_phonetic							
ORG-C06563	רוסיש-יידישן אימיגראַנטן-קלוב	Welfare/Aid organization	1	רוסיש-יידישן אימיגראַנטן-קלוב				עגיפּטען										
ORG-C06564	אונגאָרישן אָפּערעטן-טעאַטער	Theatre	1	אונגאָרישן אָפּערעטן-טעאַטער														
ORG-C06565	יפֿוער העברעאישער גימנאַזיע	Education	1	יפֿוער העברעאישער גימנאַזיע	יפֿו													
ORG-C06566	כנופיה	Theatre	1	כנופיה														
ORG-C06567	נייבאָרהוד פלייהויז	Theatre	1	נייבאָרהוד פלייהויז														
ORG-C06568	ניו יאָרקער מעקאַ טעמפּל	Theatre	1	ניו יאָרקער מעקאַ טעמפּל	ניו יאָרק		ניו יאָרקער מעקאַ טעמפּל											
ORG-C06569	וואָרדי-יאָעליט-סטודיאָ-בלעטלאָך	Journals/ Newspapers	1	וואָרדי-יאָעליט-סטודיאָ-בלעטלאָך														
ORG-C06570	קאָמיטעט פֿון 100 פּערזאָן	Theatre-related Society/ Union	1	קאָמיטעט פֿון 100 פּערזאָן														
ORG-C06571	באָזעלער אוניווערזיטעט	Education	1	באָזעלער אוניווערזיטעט	באָזעל		באָזעלער אוניווערזיטעט		590 | 585 | 589 | 587 | 561	1.000 | 0.762 | 0.762 | 0.750 | 0.714	exact | ipa_phonetic | ipa_phonetic | ipa_phonetic | ipa_phonetic	NEW	590				Bella	2026-05-05T07:50:17Z
ORG-C06572	ערשטן ציוניסטישן אָקאָדעמישן פֿאַריין	Jewish political bodies	1	ערשטן ציוניסטישן אָקאָדעמישן פֿאַריין	בערן													
ORG-C06573	די יודישע צוקונפט	Journals/ Newspapers	1	די יודישע צוקונפט	לאָנדאָן													
ORG-C06574	דער טעלעגראָף	Journals/ Newspapers	1	דער טעלעגראָף	וואַרשע				572	0.600	fuzzy							
ORG-C06575	קאָליפֿאָרניער אידישע שטימע	Journals/ Newspapers	2	קאַליפאַרניער אידישע שטימע | קאָליפֿאָרניער אידישע שטימע	לאָס אַנדזשעלעס | קאָליפֿאָרניע													
ORG-C06576	אָכראַנקע	Welfare/Aid organization	1	אָכראַנקע														
ORG-C06577	כרמל	Journals/ Newspapers	2	כרמל	ריגע				268	0.800	ipa_phonetic							
ORG-C06578	מינטוס	Theatre	1	מינטוס														
ORG-C06579	ערשטע יידישע אַרבעטער-בינע	Theatre	1	ערשטע יידישע אַרבעטער-בינע	כאָרקאָוו		"„גראָסער-קלוב"""											
ORG-C06580	פּראָלעטאָרישע קונסט	Theatre	1	פּראָלעטאָרישע קונסט			קלוב „דריטער אינטערנאַציאָנאַל“											
ORG-C06581	ערשטע יידישע מעלוכישע טעאַטער-סטודיע	Education	1	ערשטע יידישע מעלוכישע טעאַטער-סטודיע	כאָרקאָוו													
ORG-C06582	שטאָלענער נאָדל	Theatre	1	שטאָלענער נאָדל														
ORG-C06583	טרופּע אייזיקאָוויטש און נאַטאָנסאָן	Traveling Company	1	טרופּע אייזיקאָוויטש און נאַטאָנסאָן														
ORG-C06584	וואַקסמאַן און קוטנער	Traveling Company	1	וואַקסמאַן און קוטנער														
ORG-C06585	יונייטעד דראָמאָטיק קלאָב	Theatre	1	יונייטעד דראָמאָטיק קלאָב														
ORG-C06586	דער אידישער וועכטער	Journals/ Newspapers	1	דער אידישער וועכטער	קליוולאַנד				614 | 635 | 461 | 564 | 572	0.667 | 0.611 | 0.611 | 0.611 | 0.600	ipa_phonetic | ipa_phonetic | ipa_phonetic | ipa_phonetic | ipa_phonetic							
ORG-C06587	אונזער ציוטונג	Journals/ Newspapers	1	אונזער ציוטונג	ברוקלין				426	0.600	ipa_phonetic							
ORG-C06588	מ. העקל-פערלאָג	Publisher	1	מ. העקל-פערלאָג	וויען-ברין													
ORG-C06589	א. שטייןס טייל פֿון דער ווילנער טרופּע	Traveling Company	1	א. שטייןס טייל פֿון דער ווילנער טרופּע														
ORG-C06590	דראָמאַטישער סעקציע פֿון די האַנדלס-אָנגעשטעלטע	Theatre	1	דראָמאַטישער סעקציע פֿון די האַנדלס-אָנגעשטעלטע														
ORG-C06591	יונגע בינע	Traveling Company	2	יונגע בינע	ניו יאָרק													
ORG-C06592	פּוילישע דראָמאַטישע קורסן	Education	1	פּוילישע דראָמאַטישע קורסן	וואַרשע													
ORG-C06593	פּערי-טעאָ טער	Theatre	1	פּערי-טעאָ טער	קליוולאַנד		פּערי-טעאָ טער		122 | 509 | 555 | 556 | 600	1.000 | 0.750 | 0.750 | 0.750 | 0.750	exact | ipa_phonetic | ipa_phonetic | ipa_phonetic | ipa_phonetic	ALIGN	122				Bella	2026-05-03T08:39:27Z
ORG-C06594	קאָליך	Theatre	1	קאָליך	באָסטאָן													
ORG-C06595	קאָאָפּעראָטיוון אוירווינג פלייס-טעאַטער	Theatre	1	קאָאָפּעראָטיוון אוירווינג פלייס-טעאַטער	ניו יאָרק		אוירווינג פלייס-טעאַטער											
ORG-C06596	פֿאָקס-פֿילם-סטודיע	Media (Radio/ Film/TV)	1	פֿאָקס-פֿילם-סטודיע	האָליוואוד													
ORG-C06597	ישיבה פֿון חפץ חיים	Education	1	ישיבה פֿון חפץ חיים	ראָדין													
ORG-C06598	נייעם בית-המדרש	Education	1	נייעם בית-המדרש	קאָוונע													
ORG-C06599	יידיש מוזיקאָלישוואָקאָליש-דראָמאַטישע געזעלשאַפט	Theatre	1	יידיש מוזיקאָלישוואָקאָליש-דראָמאַטישע געזעלשאַפט	ווילנע													
ORG-C06600	ליטעראַרישע מאָנאָטסשריפטען	Journals/ Newspapers	1	ליטעראַרישע מאָנאָטסשריפטען					322	0.625	ipa_phonetic							
ORG-C06601	געזעלשאָפֿט פֿאַר אַן ערנסטן קינסטלערישן יידישן טעאַטער	Theatre	1	געזעלשאָפֿט פֿאַר אַן ערנסטן קינסטלערישן יידישן טעאַטער	וואַרשע													
ORG-C06602	מאָקס ריינהאַרד	Theatre	1	מאָקס ריינהאַרד	בערלין													
ORG-C06603	צייטונגס-וויסנשאָפטלעכן אינסטיטוט	Education	1	צייטונגס-וויסנשאָפטלעכן אינסטיטוט	וואַרשע													
ORG-C06604	טעאַטער ידיעות	Journals/ Newspapers	1	טעאַטער ידיעות					580	0.600	ipa_phonetic							
ORG-C06605	שוואָרצמאָזס שטאָטישער שול	Education	1	שוואָרצמאָזס שטאָטישער שול	בראַאילאַ		שוואָרצמאָזס שטאָטישער שול	רומעניע										
ORG-C06606	דייטשן רינג-טעאָטער	Theatre	1	דייטשן רינג-טעאָטער	ווין		רינג-טעאָטער		124 | 553	0.611 | 0.611	ipa_phonetic | ipa_phonetic							
ORG-C06607	טעראָס-גאָרדען-טעאַטער	Theatre	1	טעראָס-גאָרדען-טעאַטער	ניו יאָרק		טעראָס-גאָרדען-טעאַטער		252 | 552 | 622	0.632 | 0.632 | 0.632	ipa_phonetic | ipa_phonetic | ipa_phonetic							
ORG-C06608	בעקער	Traveling Company	1	בעקער					610	0.750	fuzzy							
ORG-C06609	ביי אָנער	Theatre	1	ביי אָנער	ניו יאָרק		ביי אָנער	אמעריקע										
ORG-C06610	ביי ליליען	Traveling Company	1	ביי ליליען														
ORG-C06611	וואָלערשטיין און וויינבערג גלאָב טעאַטער	Theatre	1	וואָלערשטיין און וויינבערג גלאָב טעאַטער														
ORG-C06612	לעמבערגער טעמפּל	Education	1	לעמבערגער טעמפּל	לעמבערג		לעמבערגער טעמפּל											
ORG-C06613	כאָר פון לעמבערגער טעמפּל	Musical organization	1	כאָר פון לעמבערגער טעמפּל	לעמבערג		לעמבערנער טעמפּל											
ORG-C06614	לעמבערגער פּוילישער אָפּערע	Theatre	2	לעמבערגער פּוילישער אָפּערע	לעמבערג		לעמבערגער פּוילישער אָפּערע | פּוילישער אָפּעדע											
ORG-C06615	קאָבאַרעט פון יאָשע האַנד	Theatre	1	קאָבאַרעט פון יאָשע האַנד														
ORG-C06616	ביי קאמינסקי און קאָמפּאָנעיעץ	Traveling Company	1	ביי קאמינסקי און קאָמפּאָנעיעץ														
ORG-C06617	ביי ליפּאָווסקי	Traveling Company	1	ביי ליפּאָווסקי														
ORG-C06618	יידישער אָפּערעטן-טרופּע	Traveling Company	1	יידישער אָפּערעטן-טרופּע	ווין	אָוגאַרטענשטראַסע												
ORG-C06619	גאָלדפֿאָדעןם דראָמאָטישן קרייז	Traveling Company	1	גאָלדפֿאָדעןם דראָמאָטישן קרייז														
ORG-C06620	פֿיינמאָזס דראָמאַטישער שול	Education	1	פֿיינמאָזס דראָמאַטישער שול														
ORG-C06621	שפּאַכנערס אָפּטיילונג פֿון „טאַליאָ“ טעאַטער	Theatre	1	שפּאַכנערס אָפּטיילונג פֿון „טאַליאָ“ טעאַטער	פֿילאָדעלפיע		טאַליאָ טעאַטער											
ORG-C06622	טעאַטער-ביוראָ	Business	1	טעאַטער-ביוראָ	ניו יאָרק		טעאַטער-ביוראָ											
ORG-C06623	זיגמונט פֿיינמאָזס דראָמאָטישער שול	Education	1	זיגמונט פֿיינמאָזס דראָמאָטישער שול														
ORG-C06624	אַדלערס גרענד סטריט טעאַטער	Theatre	2	אַדלערס גרענד סטריט טעאַטער	ניו יאָרק		גרענד-סטריט-טעאָטער											
ORG-C06625	פּיפּלס	Theatre	3	פּיפּלס	ניו יאָרק		פּיפּלס											
ORG-C06626	דראָמקרייז ביים אַרבעטער-רינג	Amateur	1	דראָמקרייז ביים אַרבעטער-רינג	לאָנדאָן													
ORG-C06627	פּראָפעסיאנעלן טעאַטער אין אַנטווערפּען	Theatre	1	פּראָפעסיאנעלן טעאַטער אין אַנטווערפּען	אַנטווערפּען													
ORG-C06628	ישיבות פֿון ראָוונע און בריסק	Education	1	ישיבות פֿון ראָוונע און בריסק	ראָוונע							SPLIT		The name refers to multiple distinct institutions (Yeshivas) in two different cities, Rovno and Brisk.			auto_drafter	2026-05-17T17:07:26Z
ORG-C06629	די קליינע פֿאָלקסצייטונג	Journals/ Newspapers	1	די קליינע פֿאָלקסצייטונג	וואַרשע													
ORG-C06630	גימנאָזיע פֿון קורלענדער אָדעל	Education	1	גימנאָזיע פֿון קורלענדער אָדעל														
ORG-C06631	די האָפנונג	Journals/ Newspapers	1	די האָפנונג														
ORG-C06632	יידישן וויסנשאָפֿטלעכן אינסטיטוט (יוו	Heritage Institution	1	יידישן וויסנשאָפֿטלעכן אינסטיטוט (יוו	ווילנע													
ORG-C06633	יידישער קולטור-פ'ג	Publisher	1	יידישער קולטור-פ'ג	בערלין													
ORG-C06634	רעפֿאָרם-ליצעאום	Education	1	רעפֿאָרם-ליצעאום	ווין													
ORG-C06635	קראָקעווער „טאָנ“	Journals/ Newspapers	1	קראָקעווער „טאָנ“	קראָקע													
ORG-C06636	יידישן ליטעראָטן- און זשורנאָליסטן-קלוב	Theatre-related Society/ Union	1	יידישן ליטעראָטן- און זשורנאָליסטן-קלוב	לעמבערג													
ORG-C06637	"יידישער אַרבעטער-בינע ""יעקב גאָרדין"""	Theatre	1	"יידישער אַרבעטער-בינע ""יעקב גאָרדין"""														
ORG-C06638	יידישן אָרטיסטן-צוזאַמענפֿאָר	Theatre-related Society/ Union	1	יידישן אָרטיסטן-צוזאַמענפֿאָר	וואַרשע													
ORG-C06639	דעמעסלענני קלוב	Theatre	1	דעמעסלענני קלוב	אָדעס		דעמעסלענני קלוב		369	0.867	ipa_phonetic	ALIGN	369	תיקנתי שגיאת הקלדה בשם			Bella	2026-04-26T10:53:01Z
ORG-C06640	פֿאָנעלסטעאַטער	Theatre	1	פֿאָנעלסטעאַטער	לאָדזש		פֿאָנעלסטעאַטער		520 | 123 | 600 | 296 | 278	0.714 | 0.667 | 0.667 | 0.667 | 0.643	ipa_phonetic | ipa_phonetic | ipa_phonetic | ipa_phonetic | ipa_phonetic							
ORG-C06641	אָריענטאָלישע אָפּערעטען-געזעלשאָפט	Traveling Company	1	אָריענטאָלישע אָפּערעטען-געזעלשאָפט	בערלין			דייטשלאַנד										
ORG-C06642	רוסישע אָפּערעטען-טרופּע	Traveling Company	1	רוסישע אָפּערעטען-טרופּע	וואַרשע													
ORG-C06643	גאָלדפֿאַדן-טרופּע	Traveling Company	1	גאָלדפֿאַדן-טרופּע	פּאַריז				492	0.650	ipa_phonetic	ALIGN	42				Bella	2026-04-27T09:49:25Z
ORG-C06644	מיכאָלעסקאָס גאַסטראָלירנדיקער טרופּע	Traveling Company	1	מיכאָלעסקאָס גאַסטראָלירנדיקער טרופּע														
ORG-C06645	מינסקער שטאָט-חזן ישראלקע שאַוועלזאָן	Musical organization	1	מינסקער שטאָט-חזן ישראלקע שאַוועלזאָן	מינסק													
ORG-C06646	די ערשטע יידישע טרופּע אין אָדעם	Traveling Company	1	די ערשטע יידישע טרופּע אין אָדעם	אָדעם													
ORG-C06647	בערגער-טרופּע	Traveling Company	1	בערגער-טרופּע				דייטשלאַנד	197 | 395 | 610 | 625 | 182	1.000 | 0.692 | 0.667 | 0.667 | 0.643	exact | ipa_phonetic | ipa_phonetic | ipa_phonetic | ipa_phonetic	ALIGN	197				Bella	2026-04-26T08:27:46Z
ORG-C06648	פֿאַריין	Theatre-related Society/ Union	1	פֿאַריין	מאָסקווע													
ORG-C06649	האָלץ-שניצעריי-שול פון באָראָן הירש	Education	1	האָלץ-שניצעריי-שול פון באָראָן הירש														
ORG-C06650	קאָמיטעט צו פאַראייניקן ביידע יוניעם	Theatre-related Society/ Union	1	קאָמיטעט צו פאַראייניקן ביידע יוניעם														
ORG-C06651	"„פאַרווערטס""-אַסאָסיאיישאָן"	Jewish political bodies	1	"„פאַרווערטס""-אַסאָסיאיישאָן"														
ORG-C06652	גאָרטן שאַטאָ	Theatre	1	גאָרטן שאַטאָ	אומאַן		גאָרטן שאַטאָ	אוקראַאינע										
ORG-C06653	קאָלאָמבוס-האָל	Theatre	1	קאָלאָמבוס-האָל														
ORG-C06654	יידישער וואָדעוויל-בינע	Theatre	1	יידישער וואָדעוויל-בינע														
ORG-C06655	די גוטענטאַגס	Traveling Company	2	גוטענטאַגס טרופּע | די גוטענטאַגס	בוענאָס איירעס			אַרגענטינע										
ORG-C06656	זיגמונט לעוויןס יידישער טרופּע	Traveling Company	1	זיגמונט לעוויןס יידישער טרופּע	בוענאָס איירעס			אָרגענטינע	485	0.607	ipa_phonetic							
ORG-C06657	יידישן וואָרעוויל	Theatre	1	יידישן וואָרעוויל	ניו יאָרק													
ORG-C06658	אָנשעל שאָר אין פֿילאָדעלפיע	Theatre	1	אָנשעל שאָר אין פֿילאָדעלפיע	פֿילאָדעלפיע													
ORG-C06659	בירגער און האַנדלס-שול	Education	1	בירגער און האַנדלס-שול	ווין													
ORG-C06660	"פֿאַריין „פרייע יידישע פֿאָלקס-בינע"""	Education	1	"פֿאַריין „פרייע יידישע פֿאָלקס-בינע"""														
ORG-C06661	"טעאַטער „פרייע יידישע פֿאָלקס-בינע"""	Theatre	1	"טעאַטער „פרייע יידישע פֿאָלקס-בינע"""				רומעניע										
ORG-C06662	יידישן קינסטלער קאַבאַרעט	Theatre	2	יידישן קינסטלער קאַבאַרעט	ווין	פּראַטער שטראַסע 60	קאַבאַרעט											
ORG-C06663	יידישע קינצלער-שפּילע	Theatre	1	יידישע קינצלער-שפּילע														
ORG-C06664	"ת""ת"	Education	1	"ת""ת"	אָדעס													
ORG-C06665	קוהןמאַכט	Non-Jewish political bodies	1	קוהןמאַכט														
ORG-C06666	קאָפע-שאַנטאָנען	Theatre	1	קאָפע-שאַנטאָנען														
ORG-C06667	סטעפאָניאַ	Theatre	1	סטעפאָניאַ	ווין													
ORG-C06668	ביי אַדלער און טאָמאָזעווסקי	Traveling Company	1	ביי אַדלער און טאָמאָזעווסקי														
ORG-C06669	דער אָרטיקער גרויסער שול	Religious institutions/organizations	1	דער אָרטיקער גרויסער שול	בוקאַרעסט			רומעניע										
ORG-C06670	טרופּע פֿינקעלשטיין און יאָוועליר	Traveling Company	1	טרופּע פֿינקעלשטיין און יאָוועליר														
ORG-C06671	שטענדיקן יידיש טעאַטער אין אָרגענטינע	Theatre	1	שטענדיקן יידיש טעאַטער אין אָרגענטינע	אָרגענטינע			אָרגענטינע										
ORG-C06672	אָדלערן אין טעאַטער	Theatre	1	אָדלערן אין טעאַטער			אָדלערן אין טעאַטער		472	0.650	ipa_phonetic							
ORG-C06673	איציקל גאָלדענבערג און קאָנער	Traveling Company	1	איציקל גאָלדענבערג און קאָנער	בוקאָרעסט													
ORG-C06674	ראָזענפעלד	Theatre	1	ראָזענפעלד	פּאָריז													
ORG-C06675	קעשעניעווער ישיבה	Education	1	קעשעניעווער ישיבה														
ORG-C06676	ראָזענבערג-ספּיוואָקאָווסקיס טרופּע	Traveling Company	1	ראָזענבערג-ספּיוואָקאָווסקיס טרופּע														
ORG-C06677	טרופּע פֿון לערנער	Traveling Company	1	טרופּע פֿון לערנער					542 | 596 | 626 | 483 | 283	0.688 | 0.688 | 0.688 | 0.667 | 0.647	ipa_phonetic | ipa_phonetic | ipa_phonetic | ipa_phonetic | ipa_phonetic							
ORG-C06678	זילבערמאָזס אָריענטאָל-טעאַטער	Theatre	1	זילבערמאָזס אָריענטאָל-טעאַטער	אָמעריקע		אָריענטאָל-טעאַטער											
ORG-C06679	יידישן אַקטיאָרןקלאָב	Theatre-related Society/ Union	1	יידישן אַקטיאָרןקלאָב														
ORG-C06680	ווגענד-שטימע	Journals/ Newspapers	1	ווגענד-שטימע	ווילנע													
ORG-C06681	ב. שימין	Publisher	1	ב. שימין	וואַרשע													
ORG-C06682	פאַריין פון יידישע דראַמאַטישע אַרטיסטן אין ווילנע אונטער דער לייטונג פון מ. קאָוואַלסקי (פא“דא)	Traveling Company	1	פאַריין פון יידישע דראַמאַטישע אַרטיסטן אין ווילנע אונטער דער לייטונג פון מ. קאָוואַלסקי (פא“דא)	ווילנע		בנין פון צירק-טעאַטער											
ORG-C06683	קאָוונער יידישער דראַמאַטישער געזעלשאַפט	Theatre-related Society/ Union	1	קאָוונער יידישער דראַמאַטישער געזעלשאַפט	קאָוונע				44 | 446	0.686 | 0.629	ipa_phonetic | ipa_phonetic							
ORG-C06684	יידישער דראַמאַטישער געזעלשאַפט אין ליבאַווע	Theatre-related Society/ Union	1	יידישער דראַמאַטישער געזעלשאַפט אין ליבאַווע	ליבאַווע													
ORG-C06685	יידישן הילפסקאָמיטעט	Welfare/Aid organization	1	יידישן הילפסקאָמיטעט	ווילנע													
ORG-C06686	טשערנאָוויצער יידישן טעאַטער-פֿאַריין	Theatre-related Society/ Union	1	טשערנאָוויצער יידישן טעאַטער-פֿאַריין	טשערנאָוויץ													
ORG-C06687	דראָמע און קאָמעדיע	Traveling Company	1	דראָמע און קאָמעדיע	בוקאַרעסט													
ORG-C06688	פֿריינט פֿון יידישן טעאַטער אין ווילנע	Theatre-related Society/ Union	1	פֿריינט פֿון יידישן טעאַטער אין ווילנע	ווילנע													
ORG-C06689	ניו יאָרקער מעטראָפּאָליטאָן אָפּעראָ-הויז	Theatre	1	ניו יאָרקער מעטראָפּאָליטאָן אָפּעראָ-הויז	ניו יאָרק		ניו יאָרקער מעטראָפּאָליטאָן אָפּעראָ-הויז											
ORG-C06690	יאָנג סטאָר דראָמאָטיק קלאָב	Theatre	1	יאָנג סטאָר דראָמאָטיק קלאָב	ניו יאָרק			אַמעריקע										
ORG-C06691	וואָרפיעלד	Traveling Company	1	וואָרפיעלד														
ORG-C06692	רוסישער גימנאָ	Education	1	רוסישער גימנאָ	קיעוו													
ORG-C06693	14טע סטריט-טעאַטער	Theatre	1	14טע סטריט-טעאַטער	ניו יאָרק		14טע סטריט-טעאַטער	אַמעריקע	513	0.842	ipa_phonetic							
ORG-C06694	ווילנער מוזיקאָלישער שול	Education	1	ווילנער מוזיקאָלישער שול	ווילנער													
ORG-C06695	לערער-אינסטיטוט	Education	1	לערער-אינסטיטוט														
ORG-C06696	כאָר פֿון חזן פּיציע אַבראָם	Traveling Company	1	כאָר פֿון חזן פּיציע אַבראָם														
ORG-C06697	גאָלוואָניס קאָנסערוואַטאָריע	Education	1	גאָלוואָניס קאָנסערוואַטאָריע	מאָסקווע													
ORG-C06698	אָרטיקער אָפּערע אין מאָסקווע	Theatre	2	אָרטיקע אָפּערע | אָרטיקער אָפּערע אין מאָסקווע	אָדעס | מאָסקווע		אָרטיקער אָפּערע											
ORG-C06699	קאָזאָנער אָפּערע פון מעדוועדיעוו-קאָזאָנסקי	Theatre	1	קאָזאָנער אָפּערע פון מעדוועדיעוו-קאָזאָנסקי														
ORG-C06700	ליובימאָווס „רוסישע קייזערלעכע אָפּערע געזעלשאָפט“	Traveling Company	1	ליובימאָווס „רוסישע קייזערלעכע אָפּערע געזעלשאָפט“														
ORG-C06701	יידישן „קונסטטעמפּל“	Theatre	1	יידישן „קונסטטעמפּל“	לאָנדאָן		פּאָוויליאָן טעאַטער											
ORG-C06702	ראָזענבערג און נפתלי גאָלדפֿאַדעןס וואָנדערטרופּע	Traveling Company	1	ראָזענבערג און נפתלי גאָלדפֿאַדעןס וואָנדערטרופּע														
ORG-C06703	קרוינישע פאָלקס-שול	Education	1	קרוינישע פאָלקס-שול	קאָוונע		קרוינישע פאָלקס-שול											
ORG-C06704	קול לעם	Journals/ Newspapers	1	קול לעם														
ORG-C06705	אמת	Journals/ Newspapers	1	אמת	באָסטאָן													
ORG-C06706	קאָמוניסטישע רייען	Non-Jewish political bodies	1	קאָמוניסטישע רייען														
ORG-C06707	פאַרווערטס-פערלאַג	Publisher	1	פאַרווערטס-פערלאַג	ניו יאָרק													
ORG-C06708	דראַמאָטישער סעקציע פון דער קאָאָפּעראָטיווער קאָלאָניע	Traveling Company	1	דראַמאָטישער סעקציע פון דער קאָאָפּעראָטיווער קאָלאָניע	ניו יאָרק													
ORG-C06709	פאַרלאָג פרייהייט	Publisher	1	פאַרלאָג פרייהייט	ניו יאָרק													
ORG-C06710	יוליוס נאַטאָנסאָן	Traveling Company	1	יוליוס נאַטאָנסאָן	באָלטימאָר													
ORG-C06711	מאלי קאָהן	Traveling Company	1	מאלי קאָהן	קליוולאַנד													
ORG-C06712	ניו יאָרקער האָפּקינסאָן-טעאַטער	Theatre	1	ניו יאָרקער האָפּקינסאָן-טעאַטער	ניו יאָרק				615	0.667	ipa_phonetic							
ORG-C06713	קאָמבס קאָנסערוואַטאָריע	Education	1	קאָמבס קאָנסערוואַטאָריע	פֿילאָדעלפיע			אַמעריקע										
ORG-C06714	4 קלאָסיקע שול	Education	1	4 קלאָסיקע שול														
ORG-C06715	דראָמע און מוזיק	Traveling Company	1	דראָמע און מוזיק					486	0.667	ipa_phonetic							
ORG-C06716	אייזיקאָוויטשן	Traveling Company	1	אייזיקאָוויטשן														
ORG-C06717	אָדלער-סיעראָצקיס סקאַלאַ-טעאַטער	Theatre	1	אָדלער-סיעראָצקיס סקאַלאַ-טעאַטער														
ORG-C06718	פּראָווינץ-טרופּע פֿון ליכטיגער	Traveling Company	1	פּראָווינץ-טרופּע פֿון ליכטיגער														
ORG-C06719	סלאָוויאָנסקיס כאָר	Musical organization	1	סלאָוויאָנסקיס כאָר														
ORG-C06720	מישוראָטס גאַסטראָלירנדיקער יידישער טרופּע	Traveling Company	1	מישוראָטס גאַסטראָלירנדיקער יידישער טרופּע														
ORG-C06721	אוקראַאינישן טעאַטער	Theatre	1	אוקראַאינישן טעאַטער					594 | 527 | 472 | 575 | 500	0.692 | 0.667 | 0.650 | 0.636 | 0.632	ipa_phonetic | ipa_phonetic | ipa_phonetic | ipa_phonetic | ipa_phonetic							
ORG-C06722	ענגלישער וואָרעוויל-בינע	Theatre	1	ענגלישער וואָרעוויל-בינע														
ORG-C06723	יידישע פּעדאָגאָגישע קורסן	Education	1	יידישע פּעדאָגאָגישע קורסן														
ORG-C06724	קינדער-גאָרטן	Education	1	קינדער-גאָרטן														
ORG-C06725	סטודיע אין מינסק	Theatre	1	סטודיע אין מינסק	מינסק		סטודיע											
ORG-C06726	יונייטער דראָמאָטיק ענד מיוזיקעל קלאָב	Theatre	1	יונייטער דראָמאָטיק ענד מיוזיקעל קלאָב				אָמעריקע										
ORG-C06727	ליטמאָזס נעשאָנאַל טעאַטער	Theatre	1	ליטמאָזס נעשאָנאַל טעאַטער	טאָראַנטאָ		נעשאָנאַל טעאַטער	קאַנאָדע										
ORG-C06728	סוירקוט טעאַטער	Theatre	1	סוירקוט טעאַטער	דעטראָיט		סוירקוט טעאַטער		631	0.643	ipa_phonetic							
ORG-C06729	ראָדיקאָל-ציוניסטישער באַווענונג	Jewish political bodies	1	ראָדיקאָל-ציוניסטישער באַווענונג														
ORG-C06730	ניו יאָרקער שטאָט-ראָט	Non-Jewish political bodies	1	ניו יאָרקער שטאָט-ראָט	ניו יאָרק													
ORG-C06731	טרופּע פֿון יאָוועליר, מאָרגולעס, גילטמאַן און ס. פֿאַרקויף	Traveling Company	1	טרופּע פֿון יאָוועליר, מאָרגולעס, גילטמאַן און ס. פֿאַרקויף														
ORG-C06732	יידישן אַרטיסטן-פֿאַראיין קיין מינסק	Theatre-related Society/ Union	1	יידישן אַרטיסטן-פֿאַראיין קיין מינסק	מינסק													
ORG-C06733	דייוויך קעסלער דראָמאַטיקפאַריין	Theatre	1	דייוויך קעסלער דראָמאַטיקפאַריין														
ORG-C06734	בעקעריוניאָן	Trade Union / Professional Association	1	בעקעריוניאָן														
ORG-C06735	דער אידישער בעקער	Journals/ Newspapers	1	דער אידישער בעקער					614 | 572 | 564 | 635 | 461	0.667 | 0.650 | 0.647 | 0.611 | 0.611	ipa_phonetic | ipa_phonetic | ipa_phonetic | ipa_phonetic | ipa_phonetic							
ORG-C06736	ר. מאזינס פרעהליכעס טאָשענבוך	Publisher	1	ר. מאזינס פרעהליכעס טאָשענבוך	לאָנדאָן													
ORG-C06737	פֿילאָדעלפֿיער טרופּע פֿון מייק טאָמאָשעווסקי	Traveling Company	1	פֿילאָדעלפֿיער טרופּע פֿון מייק טאָמאָשעווסקי	פֿילאָדעלפֿיע		אַמעריקע	אַמעריקע										
ORG-C06738	זשאָבאָטינסקיס גימנאָזיע	Education	1	זשאָבאָטינסקיס גימנאָזיע	אָדעס		זשאָבאָטינסקיס גימנאָזיע	אוקראַאינע										
ORG-C06739	קאָרדינאַליס טרופּע	Traveling Company	1	קאָרדינאַליס טרופּע				איטאָליע	521 | 559 | 629	0.688 | 0.625 | 0.625	ipa_phonetic | ipa_phonetic | ipa_phonetic							
ORG-C06740	דרוקעריי פֿון פּ. בעלכאַטאָווסקי	Publisher	1	דרוקעריי פֿון פּ. בעלכאַטאָווסקי	פּיעטראָקאָוו													
ORG-C06741	אָפּיקורסישן קרייז	Theatre	1	אָפּיקורסישן קרייז	סינסינעטי			אמעריקע										
ORG-C06742	ציוניסטישער אָרגאַניזאַציע אין סינסינעטי	Jewish political bodies	1	ציוניסטישער אָרגאַניזאַציע אין סינסינעטי	סינסינעטי			אמעריקע										
ORG-C06743	פּיטסבורגער פֿאָלקס פריינד	Journals/ Newspapers	1	פּיטסבורגער פֿאָלקס פריינד														
ORG-C06744	מעדיצינישן פֿאַקולטעט פֿון ניו יאָרקער אוניווערזיטעט	Education	1	מעדיצינישן פֿאַקולטעט פֿון ניו יאָרקער אוניווערזיטעט	ניו יאָרק		ניו יאָרקער אוניווערזיטעט											
ORG-C06745	יידישער ראָדיקאָלער באָוועגונג	Jewish political bodies	1	יידישער ראָדיקאָלער באָוועגונג				אַמעריקע										
ORG-C06746	יידישע אָנאַרכיסטן	Jewish political bodies	1	יידישע אָנאַרכיסטן														
ORG-C06747	ראָדיקאָלן ציוניזם	Jewish political bodies	1	ראָדיקאָלן ציוניזם														
ORG-C06748	ביבליאָטעק אין יעליסאַוועטגראָד	Library	1	ביבליאָטעק אין יעליסאַוועטגראָד	יעליסאַוועטגראָד		ביבליאָטעק											
ORG-C06749	כאָרקאָווער-ניקאָלאַיעווער באַן-ליניע	Business	1	כאָרקאָווער-ניקאָלאַיעווער באַן-ליניע			כאָרקאָווער-ניקאָלאַיעווער באַן-ליניע											
ORG-C06750	טעקסטיל-פֿאָבריק	Labour (factory/workshop)	1	טעקסטיל-פֿאָבריק	פֿאָל ריווער		טעקסטיל-פֿאָבריק											
ORG-C06751	אַקטיאָרן-פֿאַמיליע לעווענווירט	Traveling Company	1	אַקטיאָרן-פֿאַמיליע לעווענווירט														
ORG-C06752	קעסלער-טעאַטער	Theatre	1	קעסלער-טעאַטער	ניו יאָרק		קעסלער-טעאַטער		296 | 555 | 577 | 622 | 123	0.769 | 0.692 | 0.692 | 0.643 | 0.615	ipa_phonetic | ipa_phonetic | ipa_phonetic | ipa_phonetic | ipa_phonetic							
ORG-C06753	פֿערלאַג פֿון דוד ראָטה	Publisher	2	פאַרלאַג פון דוד ראָטה | פֿערלאַג פֿון דוד ראָטה	לעמבערג		בוכהאָנדלונג											
ORG-C06754	טאָמאָשעווסקי און אָדלער	Traveling Company	1	טאָמאָשעווסקי און אָדלער	שיקאָגאָ													
ORG-C06755	יעקב בלייכמאָןס בערלינער יידישער טרופּע	Traveling Company	1	יעקב בלייכמאָןס בערלינער יידישער טרופּע														
ORG-C06756	בערליינער קאָנסערוואַטאָריע	Education	1	בערליינער קאָנסערוואַטאָריע														
ORG-C06757	ראָסטאָווער קייזערלעכער אָפּערע	Theatre	1	ראָסטאָווער קייזערלעכער אָפּערע														
ORG-C06758	ראָסטאָווער געוו. קייזערליכער קאָנסערוואַטאָריע	Education	1	ראָסטאָווער געוו. קייזערליכער קאָנסערוואַטאָריע														
ORG-C06759	יידישן אַרבעטער-קלוב „דער דריטער אינטערנאַציאָנאַל“	Jewish political bodies	1	יידישן אַרבעטער-קלוב „דער דריטער אינטערנאַציאָנאַל“														
ORG-C06760	יידישן פּעדאָגאַגישן טעכניקום	Education	1	יידישן פּעדאָגאַגישן טעכניקום	מינסק													
ORG-C06761	דראָמקרייז א'פ פֿון וויקטאָר גאָלאָווטשינער	Traveling Company	1	דראָמקרייז א'פ פֿון וויקטאָר גאָלאָווטשינער														
ORG-C06762	די אָרמעע	Military	1	די אָרמעע														
ORG-C06763	טרופּע מיט קאָניעווסקא, ברייטמאַן און סאָניע ברין	Traveling Company	1	טרופּע מיט קאָניעווסקא, ברייטמאַן און סאָניע ברין	קרעמענטשוג													
ORG-C06764	טרופּע אונטער דער דירעקציע פֿון שלום פּאָדזאָמטשע	Traveling Company	1	טרופּע אונטער דער דירעקציע פֿון שלום פּאָדזאָמטשע	ווין													
ORG-C06765	גליקמאָן-מיכאָלעסקאָ	Theatre	1	גליקמאָן-מיכאָלעסקאָ	שיקאָגאָ			אַמעריקע										
ORG-C06766	פרוי פּראָזעראָוואָס גימנאָזיע	Education	1	פרוי פּראָזעראָוואָס גימנאָזיע														
ORG-C06767	ראַיעווס יורידישע קורסן	Education	1	ראַיעווס יורידישע קורסן	פּעטערבורג													
ORG-C06768	רוסישן דראָמאָטישן קרייז א'ל פֿון ריוועסמאַן	Traveling Company	1	רוסישן דראָמאָטישן קרייז א'ל פֿון ריוועסמאַן	פּעטערבורג													
ORG-C06769	אוקראַאינישער טרופּע, קרעפּאָווניצקי	Traveling Company	1	אוקראַאינישער טרופּע, קרעפּאָווניצקי														
ORG-C06770	קעסלערן אין טעאַטער	Theatre	1	קעסלערן אין טעאַטער				אָמעריקע	472	0.600	ipa_phonetic							
ORG-C06771	יידישן מוסטער און קונסט-טעאַטער	Theatre	1	יידישן מוסטער און קונסט-טעאַטער				רומעניע										
ORG-C06772	פיקאָוואָיאָ דאָמאָ	Theatre	1	פיקאָוואָיאָ דאָמאָ														
ORG-C06773	דראָמאַטישער שול פֿון סעלעוואָנאָוו	Education	1	דראָמאַטישער שול פֿון סעלעוואָנאָוו														
ORG-C06774	רוסישער וואַנדער-טרופּע פֿון לובימאָוו	Traveling Company	1	רוסישער וואַנדער-טרופּע פֿון לובימאָוו														
ORG-C06775	מעערסאָנס קיעווער טרופּע	Traveling Company	1	מעערסאָנס קיעווער טרופּע	קיעוו				330	0.667	ipa_phonetic							
ORG-C06776	אָדלער-ליפּאָווסקיס צירק-טעאַטער	Theatre	1	אָדלער-ליפּאָווסקיס צירק-טעאַטער	לאָדזש													
ORG-C06777	דראָמאָטישן קרייז פֿון צימער-מאָלער-פֿאַריין	Theatre	1	דראָמאָטישן קרייז פֿון צימער-מאָלער-פֿאַריין	לעמבערג		זאָל קאָלאָסעאום											
ORG-C06778	אָרטיקן פּוילישן אָפּערען און אָפּערעטען-טעאַטער	Theatre	1	אָרטיקן פּוילישן אָפּערען און אָפּערעטען-טעאַטער	לעמבערג													
ORG-C06779	עמיל גימפּעלס טרופּע	Traveling Company	1	עמיל גימפּעלס טרופּע	לעמבערג				234 | 492	0.611 | 0.600	ipa_phonetic | ipa_phonetic							
ORG-C06780	לובין-פֿילם-געזעלשאַפֿט	Theatre	1	לובין-פֿילם-געזעלשאַפֿט														
ORG-C06781	אונזער מאָרגען	Journals/ Newspapers	1	אונזער מאָרגען	גראָדנע				425 | 426	0.692 | 0.615	ipa_phonetic | ipa_phonetic							
ORG-C06782	די יודישע טריבונע	Journals/ Newspapers	1	די יודישע טריבונע	וואַרשע													
ORG-C06783	האָרעוואָניע	Amateur	1	האָרעוואָניע														
ORG-C06784	סווואָלקער שטאָט-טעאַטער	Theatre	1	סווואָלקער שטאָט-טעאַטער	סווואָלק		סווואָלקער שטאָט-טעאַטער											
ORG-C06785	טרופּע פֿון קדיש-חאָש	Traveling Company	1	טרופּע פֿון קדיש-חאָש					531 | 563 | 483 | 523	0.895 | 0.667 | 0.611 | 0.611	ipa_phonetic | ipa_phonetic | ipa_phonetic | ipa_phonetic	ALIGN	531				Bella	2026-05-18T07:56:23Z
ORG-C06786	קאָמעדיע- און אָפּערעטן-טעאַטער	Theatre	1	קאָמעדיע- און אָפּערעטן-טעאַטער	ריגע													
ORG-C06787	ז. זילבערצווייגס ליבהאָבער-טרופּע	Traveling Company	1	ז. זילבערצווייגס ליבהאָבער-טרופּע														
ORG-C06788	זאַנדבערגס גרויסן טעאַטער	Theatre	1	זאַנדבערגס גרויסן טעאַטער					455	0.688	ipa_phonetic							
ORG-C06789	טרופּע בראָדערזינגער	Traveling Company	1	טרופּע בראָדערזינגער	קאָנסטאַנטינאָפּאָל		סטאָמבול	טערקיי										
ORG-C06790	מאָסקווער באָרג-אָקאָדעמיע	Education	1	מאָסקווער באָרג-אָקאָדעמיע	מאָסקווע													
ORG-C06791	2-קלאָסיקע יידישע רעגירונגס-שול	Education	1	2-קלאָסיקע יידישע רעגירונגס-שול														
ORG-C06792	פּעטערבורגער יידישער ליטעראָרישער געזעלשאַפט	Theatre-related Society/ Union	1	פּעטערבורגער יידישער ליטעראָרישער געזעלשאַפט														
ORG-C06793	סאָניאַ נאָטאָנסאָן	Traveling Company	1	סאָניאַ נאָטאָנסאָן														
ORG-C06794	בעזמאַן	Traveling Company	1	בעזמאַן														
ORG-C06795	אַמפיאָן	Theatre	1	אַמפיאָן														
ORG-C06796	שטאָטישער יידישער שול	Education	1	שטאָטישער יידישער שול														
ORG-C06797	סעגאַלעסקאָ און גאָלדענבערג	Traveling Company	1	סעגאַלעסקאָ און גאָלדענבערג														
ORG-C06798	אָוועלירס גאַסטראָלירנדיקער טרופּע	Traveling Company	1	אָוועלירס גאַסטראָלירנדיקער טרופּע														
ORG-C06799	מאָנט-מאָריס-טעאַטער	Theatre	2	מאָנט-מאָריס-טעאַטער					616	0.706	ipa_phonetic							
ORG-C06800	גרויסער קענען-סטריטער שול	Religious institutions/organizations	1	גרויסער קענען-סטריטער שול	לאָנדאָן	קענען-סטריט	גרויסער קענען-סטריטער שול											
ORG-C06801	נאָרמאָל-שול	Education	1	נאָרמאָל-שול														
ORG-C06802	ניויאָרק פּאָבליק-סקול	Education	1	ניויאָרק פּאָבליק-סקול														
ORG-C06803	בראַנזווילער ליריק-טעאַטער	Theatre	1	בראַנזווילער ליריק-טעאַטער														
ORG-C06804	בעללויס טרופּע	Traveling Company	1	בעללויס טרופּע	וואַרשע				195 | 545 | 610 | 533 | 459	1.000 | 0.692 | 0.692 | 0.643 | 0.643	exact | ipa_phonetic | ipa_phonetic | ipa_phonetic | ipa_phonetic	ALIGN	195				Bella	2026-04-19T09:16:58Z
ORG-C06805	Нед. Хрон. Восхода	Journals/ Newspapers	1	Нед. Хрон. Восхода														
ORG-C06806	כאָר פֿון קאָמפּאַנעיעץ	Theatre	1	כאָר פֿון קאָמפּאַנעיעץ														
ORG-C06807	משה שור	Traveling Company	1	משה שור														
ORG-C06808	פּרעסבורגער ישיבה	Education	1	פּרעסבורגער ישיבה														
ORG-C06809	קאָנטאָר קאָהנשטאָט	Musical organization	1	קאָנטאָר קאָהנשטאָט														
ORG-C06810	קאָנטאָר באָכמאַן	Education	1	קאָנטאָר באָכמאַן	בודאָפּעסט													
ORG-C06811	אינסטיטוט פֿון פֿאָלקסווירטשאָפֿט	Education	1	אינסטיטוט פֿון פֿאָלקסווירטשאָפֿט														
ORG-C06812	אינדוסטריעל-טעכנישער האַנדלס-שול	Education	1	אינדוסטריעל-טעכנישער האַנדלס-שול														
ORG-C06813	אַקציענגעזעלשאַפט היינצעל און קוניצער	Business	1	אַקציענגעזעלשאַפט היינצעל און קוניצער														
ORG-C06814	Neue Lodzer Zeitung	Journals/ Newspapers	1	Neue Lodzer Zeitung					347	1.000	exact	ALIGN	347				Bella	2026-04-19T07:01:23Z
ORG-C06815	ספּיוואַקאָווסקי-קרויזע	Traveling Company	2	ספּיוואַקאָווסקי-קרויזע | ספּיוואַקאָווסקי-קרויזע טרופּע	אָדעס													
ORG-C06816	ערשטער יידישער אַרטיסטן-פאַריין	Theatre-related Society/ Union	1	ערשטער יידישער אַרטיסטן-פאַריין														
ORG-C06817	יידישע קאָאָפּעראַטיווע טרופּעס	Traveling Company	1	יידישע קאָאָפּעראַטיווע טרופּעס														
ORG-C06818	יידישער קאָאָפּעראַטיווער באַנק	Business	1	יידישער קאָאָפּעראַטיווער באַנק														
ORG-C06819	גוטענטאג	Traveling Company	1	גוטענטאג	בוענאָס-איירעס													
ORG-C06820	בראָנקסער טעאַטער	Theatre	1	בראָנקסער טעאַטער			בראָנקסער טעאַטער		161 | 263 | 627 | 630 | 426	0.750 | 0.667 | 0.667 | 0.667 | 0.667	ipa_phonetic | ipa_phonetic | ipa_phonetic | ipa_phonetic | ipa_phonetic							
ORG-C06821	יידישער אָוונט-שול	Education	1	יידישער אָוונט-שול														
ORG-C06822	אוירווינגטעאַטער	Theatre	1	אוירווינגטעאַטער					124 | 176	0.643 | 0.643	ipa_phonetic | ipa_phonetic							
ORG-C06823	אָדלערס יוניאָןטעאַטער	Theatre	1	אָדלערס יוניאָןטעאַטער	ניו יאָָרק	8-טע סטריט	יוניאָןטעאַטער		472	0.600	ipa_phonetic							
ORG-C06824	זילבערטס דריטער סטריט-טעאַטער	Theatre	1	זילבערטס דריטער סטריט-טעאַטער	ניו יאָרק		זילבערטס דריטער סטריט-טעאַטער	אַמעריקע										
ORG-C06825	היב. פּאָב. קאָמפּ.	Publisher	1	היב. פּאָב. קאָמפּ.	ניו יאָרק													
ORG-C06826	קוואַרטעט פון מיטעלמאַן, באַראן און גיזעץ	Traveling Company	1	קוואַרטעט פון מיטעלמאַן, באַראן און גיזעץ														
ORG-C06827	אסתר וואַקסמאַןס טרופּע	Traveling Company	1	אסתר וואַקסמאַןס טרופּע														
ORG-C06828	לידער ישיבה	Education	2	לידער ישיבה	לידע													
ORG-C06829	לאָדזער צירק-טעאַטער	Theatre	2	לאָדזער צירק-טעאַטער | לאדזשער צירק-טעאַטער	לאָדזשער | לאדזש		לאדזשער צירק-טעאַטער		604 | 631	0.684 | 0.632	ipa_phonetic | ipa_phonetic							
ORG-C06830	טעאַטער און קינאָ	Journals/ Newspapers	1	טעאַטער און קינאָ					398	0.812	ipa_phonetic							
ORG-C06831	העברעאישע שול-פאָרשטעלונגען	Education	1	העברעאישע שול-פאָרשטעלונגען														
ORG-C06832	"העברעאישע פאָרשטעלונגען א""ל פון יצחק קאַצענעלזאָן"	Traveling Company	1	"העברעאישע פאָרשטעלונגען א""ל פון יצחק קאַצענעלזאָן"														
ORG-C06833	אָפּערעטן-טרופּע פון סאָנדלער, ליבערט און קאָמפּאַנעיעץ	Traveling Company	1	אָפּערעטן-טרופּע פון סאָנדלער, ליבערט און קאָמפּאַנעיעץ	וואַרשע													
ORG-C06834	עלוווינגס טרופּע	Traveling Company	1	עלוווינגס טרופּע	נואָרק				533 | 568 | 545 | 551 | 195	0.643 | 0.643 | 0.615 | 0.615 | 0.615	ipa_phonetic | ipa_phonetic | ipa_phonetic | ipa_phonetic | ipa_phonetic							
ORG-C06835	יידישן טעאַטער-קוואָרטעט פֿון ברידער שטיין	Traveling Company	1	יידישן טעאַטער-קוואָרטעט פֿון ברידער שטיין														
ORG-C06836	דער יידיש-רומענישער געזאַנגס-פאַריין	Musical organization	1	דער יידיש-רומענישער געזאַנגס-פאַריין														
ORG-C06837	סאַמאָלעסקאָ	Traveling Company	1	סאַמאָלעסקאָ	פּראָווידענס													
ORG-C06838	די דאָרטיקע יידישע דראַמאַטישע געזעלשאַפט	Theatre	1	די דאָרטיקע יידישע דראַמאַטישע געזעלשאַפט	מילוואָקי				621 | 607 | 44 | 606 | 446	1.000 | 0.794 | 0.706 | 0.676 | 0.647	exact | ipa_phonetic | ipa_phonetic | ipa_phonetic | ipa_phonetic	NEW	621				Bella	2026-05-15T12:37:07Z
ORG-C06839	טרופּע פון בעני שענגאָלד און פרוי	Traveling Company	1	טרופּע פון בעני שענגאָלד און פרוי														
ORG-C06840	טרופּע פון אַדאָלף גערטנער	Traveling Company	1	טרופּע פון אַדאָלף גערטנער					563	0.652	ipa_phonetic							
ORG-C06841	ד צייט	Publisher	1	ד צייט	וואַרשע													
ORG-C06842	מאַנומענט ניישאַנאל-טעאַטער	Theatre	1	מאַנומענט ניישאַנאל-טעאַטער	מאָנטרעאל		מאַנומענט ניישאַנאל-טעאַטער											
ORG-C06843	כאָר ביי פישזאָן	Musical organization	1	כאָר ביי פישזאָן														
ORG-C06844	באַראָן הירשס אַ קאָלאָניע	Not an organization	1	באַראָן הירשס אַ קאָלאָניע			באַראָן הירשס אַ קאָלאָניע	אַרגענטיינע										
ORG-C06845	ח. מ. סעגאָלעסקאָס טרופּע	Traveling Company	1	ח. מ. סעגאָלעסקאָס טרופּע					337	0.636	ipa_phonetic							
ORG-C06846	טרופּע פֿון יאָנג	Traveling Company	1	טרופּע פֿון יאָנג					626 | 523 | 578 | 486 | 542	0.786 | 0.765 | 0.706 | 0.667 | 0.667	ipa_phonetic | ipa_phonetic | ipa_phonetic | ipa_phonetic | ipa_phonetic							
ORG-C06847	מ. סעגאָלעסקאָ	Traveling Company	2	טרופּע פֿון מ. סעגאַלעסקאָ | מ. סעגאָלעסקאָ	בוקאַרעסט			רומעניע										
ORG-C06848	פיקאן	Traveling Company	1	פיקאן														
ORG-C06849	א. גאָלדענבערג	Traveling Company	1	א. גאָלדענבערג														
ORG-C06850	"„ווענוס"" (שפּעטער „סקאלאָ"")"	Theatre	1	"„ווענוס"" (שפּעטער „סקאלאָ"")"	וואַרשע	דזשעלנאַ 4	"„ווענוס"""	פּוילן										
ORG-C06851	קאָפּלאָזס פרויען-שול	Education	1	קאָפּלאָזס פרויען-שול														
ORG-C06852	סאָקאָלאָווס יידישער פֿאָלקס-טעאַטער	Traveling Company	1	סאָקאָלאָווס יידישער פֿאָלקס-טעאַטער														
ORG-C06853	לאָדזשער יידישער חברים-טרופּע	Traveling Company	1	לאָדזשער יידישער חברים-טרופּע	לאָדזשער													
ORG-C06854	"פּעטערבורגער „טאָג"""	Journals/ Newspapers	1	"פּעטערבורגער „טאָג"""	פּעטערבורג		פּעטערבורגער											
ORG-C06855	"ניו יאָרקער „ליט.-דראָמ.-קלאָב"""	Theatre	1	"ניו יאָרקער „ליט.-דראָמ.-קלאָב"""	ניו יאָרק		ניו יאָרקער											
ORG-C06856	„ליטעראַטור“ II	Journals/ Newspapers	1	„ליטעראַטור“ II														
ORG-C06857	"רייזעןס „דאָס נייע לאַנד"""	Journals/ Newspapers	1	"רייזעןס „דאָס נייע לאַנד"""														
ORG-C06858	"ניו יאָרקער „פרייע יידישע פֿאָלקס-בינע"""	Theatre	1	"ניו יאָרקער „פרייע יידישע פֿאָלקס-בינע"""	ניו יאָרק		ניו יאָרקער		615	0.639	ipa_phonetic							
ORG-C06859	"רוסישער טרופּע א""ר פֿון ניקולין"	Traveling Company	1	"רוסישער טרופּע א""ר פֿון ניקולין"														
ORG-C06860	קיעוו די רעגירונגס-גימנאָזיע	Education	1	קיעוו די רעגירונגס-גימנאָזיע	קיעוו			אוקראַאינע										
ORG-C06861	פּראָפ. פּוכאָלסקיס קאָנסערוואַטאָריע	Education	1	פּראָפ. פּוכאָלסקיס קאָנסערוואַטאָריע														
ORG-C06862	רוסישער טרופּע פֿון קאָראָלי-טאָרצאָוו	Traveling Company	1	רוסישער טרופּע פֿון קאָראָלי-טאָרצאָוו	יאָראָסלאָוול			רוסלאַנד										
ORG-C06863	מיניאָטור-טעאַטער „וואַנקאַ סטאַנקאָ“	Theatre	1	מיניאָטור-טעאַטער „וואַנקאַ סטאַנקאָ“			דייטשלאַנד	דייטשלאַנד										
ORG-C06864	דייטשן מיניאַטור-טעאַטער „דער גאָלרענע האָן“	Theatre	1	דייטשן מיניאַטור-טעאַטער „דער גאָלרענע האָן“			מערב-אייראָפּע											
ORG-C06865	"וויקטאָר כענקיןס יידישן מיניאַטור-טעאַטער „דער יידישער שפּיגל"""	Theatre	1	"וויקטאָר כענקיןס יידישן מיניאַטור-טעאַטער „דער יידישער שפּיגל"""	פאָריז			פראנקרייך										
ORG-C06866	רעוויסטאָ	Theatre	1	רעוויסטאָ														
ORG-C06867	קאַלאָסעאום	Theatre	1	קאַלאָסעאום														
ORG-C06868	יידישער אָפּערעטע	Theatre	1	יידישער אָפּערעטע					461 | 466 | 532	0.667 | 0.600 | 0.600	ipa_phonetic | ipa_phonetic | ipa_phonetic							
ORG-C06869	רומענישער אָפּערעטע	Theatre	1	רומענישער אָפּערעטע														
ORG-C06870	נפתלי גאָלדפֿאַדען און ישראל ראָזענבערג	Traveling Company	1	נפתלי גאָלדפֿאַדען און ישראל ראָזענבערג			רוסלאַנד	רוסלאַנד										
ORG-C06871	ביי בעזמאַן	Traveling Company	1	ביי בעזמאַן	אָדעם													
ORG-C06872	ערשטער יידישער טרופּע	Traveling Company	1	ערשטער יידישער טרופּע	ניו יאָרק				322	0.600	ipa_phonetic							
ORG-C06873	ראַבינאָוויטשעס טרופּע	Traveling Company	1	ראַבינאָוויטשעס טרופּע														
ORG-C06874	סעם אַדלער און ספּיוואַקאָווסקי	Traveling Company	1	סעם אַדלער און ספּיוואַקאָווסקי														
ORG-C06875	פאַרייניקטע דראַמאַטישע טרופּע	Traveling Company	1	פאַרייניקטע דראַמאַטישע טרופּע								ALIGN	474				Bella	2026-04-19T07:56:47Z
ORG-C06876	"פאַרייניקטער טרופּע א""ל פון טיטעלמאַן"	Traveling Company	1	"פאַרייניקטער טרופּע א""ל פון טיטעלמאַן"	לאָדזש													
ORG-C06877	קאַמינסקאַ	Traveling Company	1	קאַמינסקאַ				פּוילן										
ORG-C06878	לאָדזשער קאָלאָסעאום-טעאַטער	Theatre	1	לאָדזשער קאָלאָסעאום-טעאַטער	לאָדזש				604	0.739	ipa_phonetic							
ORG-C06879	סניעגאָוו	Traveling Company	1	סניעגאָוו				פּוילן										
ORG-C06880	טרופּע פון יאָזעף וויינשטאָק און לעאָן בערגער	Traveling Company	1	טרופּע פון יאָזעף וויינשטאָק און לעאָן בערגער			פּוילן	פּוילן										
ORG-C06881	דאָס ערשטע יידישע ליטעראַריש-קינסטלערישע מאַריאָנעטן-טעאַטער	Theatre	1	דאָס ערשטע יידישע ליטעראַריש-קינסטלערישע מאַריאָנעטן-טעאַטער	לאָדזש			פּוילן										
ORG-C06882	יידישער שול פֿון טשאָצקי	Education	1	יידישער שול פֿון טשאָצקי	לעמבערג		יידישער שול פֿון טשאָצקי											
ORG-C06883	יידישן טעאַטער-דירעקטאָר יעקב בער גימפּל	Theatre	1	יידישן טעאַטער-דירעקטאָר יעקב בער גימפּל	לעמבערג		גימפּלס טעאַטער											
ORG-C06884	פּטאשניקס שול	Education	1	פּטאשניקס שול	וואַרשע			פּוילן										
ORG-C06885	מוראווטשאָווס קאָמערץ-שול	Education	1	מוראווטשאָווס קאָמערץ-שול	וואַרשע			פּוילן										
ORG-C06886	מיניסטעריום פֿאַר אויסלענדישע ענינים	Non-Jewish political bodies	1	מיניסטעריום פֿאַר אויסלענדישע ענינים	וואַרשע			פּוילן										
ORG-C06887	פּסיכיאַטרישן אינסטיטוט פֿון דער שטאָט ניו יאָרק	Health institutions	1	פּסיכיאַטרישן אינסטיטוט פֿון דער שטאָט ניו יאָרק	ניו יאָרק		פּסיכיאַטרישן אינסטיטוט	אַמעריקע										
ORG-C06888	טעאַליט-דראַמשול	Education	1	טעאַליט-דראַמשול	ניו יאָרק		טעאַליט	אַמעריקע										
ORG-C06889	יעקב פ. און סעראַ אַדלער	Traveling Company	1	יעקב פ. און סעראַ אַדלער														
ORG-C06890	נייטאן פרענק	Traveling Company	1	נייטאן פרענק	באָסטאָן													
ORG-C06891	משה זילבערמאַן	Traveling Company	1	משה זילבערמאַן														
ORG-C06892	דענווער סאַנאַטאָריע	Health institutions	1	דענווער סאַנאַטאָריע														
ORG-C06893	קעני ליפּצינס טעאַטער	Theatre	1	קעני ליפּצינס טעאַטער														
ORG-C06894	פֿאַרלאַג אַמקרויט עט פֿריינד	Publisher	1	פֿאַרלאַג אַמקרויט עט פֿריינד	פּשעמישל													
ORG-C06895	פֿירמע פּאָזנאַנסקי	Labour (factory/workshop)	1	פֿירמע פּאָזנאַנסקי														
ORG-C06896	קאָוונער ישיבה	Education	1	קאָוונער ישיבה	קאָוונער													
ORG-C06897	דער אשמדאי	Journals/ Newspapers	1	דער אשמדאי														
ORG-C06898	דער פּנקס	Journals/ Newspapers	1	דער פּנקס														
ORG-C06899	יודישע טהעאַטער-ביבליאָטעק	Publisher	2	יודישע טהעאַטער-ביבליאָטעק	וואַרשע			פּוילן										
ORG-C06900	דראַמאַטורגן-ליגע אין אַמעריקע	Theatre-related Society/ Union	1	דראַמאַטורגן-ליגע אין אַמעריקע														
ORG-C06901	פֿערלאַג „טעאַטער-ביבליאָטעק“	Publisher	1	פֿערלאַג „טעאַטער-ביבליאָטעק“	וואַרשע		פֿערלאַג „טעאַטער-ביבליאָטעק“											
ORG-C06902	העכערער קרוינישער יידישער שול	Education	1	העכערער קרוינישער יידישער שול	לעטיטשעוו		העכערער קרוינישער יידישער שול											
ORG-C06903	בערדיטשעווער שטאָט-טעאַטער	Theatre	1	בערדיטשעווער שטאָט-טעאַטער	בערדיטשעוו		שטאָט-טעאַטער											
ORG-C06904	ראָזענבערג און ספּיוואָקאָווסקי טרופּע	Traveling Company	1	ראָזענבערג און ספּיוואָקאָווסקי טרופּע	אָדעס			רוסלאַנד	370	0.625	ipa_phonetic							
ORG-C06905	בוקאַרעסטער יידישן דראַמאַטישן טעאַטער	Theatre	1	בוקאַרעסטער יידישן דראַמאַטישן טעאַטער	בוקאַרעסט			רומעניע	576 | 502	1.000 | 0.706	exact | ipa_phonetic	NEW	576				Bella	2026-05-04T10:20:49Z
ORG-C06906	יידישע טעאַטערס פון אַמעריקע	Theatre	1	יידישע טעאַטערס פון אַמעריקע														
ORG-C06907	פּריוואַטער רעאַל-שול	Education	1	פּריוואַטער רעאַל-שול	וואַרשע		פּריוואַטער רעאַל-שול											
ORG-C06908	גשחט-טרופּע	Traveling Company	1	גשחט-טרופּע														
ORG-C06909	ערשטע ראדי- קאַלע יידישע שול א'א פֿון יואל ענטין	Education	1	ערשטע ראדי- קאַלע יידישע שול א'א פֿון יואל ענטין														
ORG-C06910	WBBC	Media (Radio/ Film/TV)	1	WBBC	ברוקלין													
ORG-C06911	צילי אַדלער פאַונדעישאָן און בוך-קאָמיטעט	Publisher	1	צילי אַדלער פאַונדעישאָן און בוך-קאָמיטעט														
ORG-C06912	"גערטנערס „אינדעפּענדענס""-טעאַטער"	Theatre	1	"גערטנערס „אינדעפּענדענס""-טעאַטער"	שיקאַגאָ		"גערטנערס „אינדעפּענדענס""-טעאַטער"	אַמעריקע										
ORG-C06913	"""49טע סטריט""-טעאַטער"	Theatre	1	"""49טע סטריט""-טעאַטער"			"""49טע סטריט""-טעאַטער"		513	1.000	exact	NEW	513				Sinai	2026-04-26T08:34:00Z
ORG-C06914	"„לובין פילם קאָמפּאַני"""	Media (Radio/ Film/TV)	1	"„לובין פילם קאָמפּאַני"""														
ORG-C06915	"„שנאָרער אַסאָסיעישאָן"""	Theatre-related Society/ Union	1	"„שנאָרער אַסאָסיעישאָן"""	ניו-יאָרק													
ORG-C06916	„ניי יידיש טעאַטער“	Theatre	1	„ניי יידיש טעאַטער“	ניו-יאָרק				500 | 472 | 609	0.684 | 0.650 | 0.619	ipa_phonetic | ipa_phonetic | ipa_phonetic							
ORG-C06917	אָרבעטער דינג	Jewish political bodies	1	אָרבעטער דינג					189 | 81	0.750 | 0.647	ipa_phonetic | ipa_phonetic							
ORG-C06918	וואַנדער-טרופּע פון שאַראַוונער	Traveling Company	1	וואַנדער-טרופּע פון שאַראַוונער														
ORG-C06919	"סטאַציע ""אי. ווי. ד."""	Media (Radio/ Film/TV)	1	"סטאַציע ""אי. ווי. ד."""	ניו יאָרק													
ORG-C06920	חזנים-פֿאַראיין	Religious institutions/organizations	1	חזנים-פֿאַראיין														
ORG-C06921	רוסישער אָפּערע קאָמפּאַני	Traveling Company	1	רוסישער אָפּערע קאָמפּאַני	ניו יאָרק	בויער	"„טאָליאַ""-טעאַטער"											
ORG-C06922	טעמפּל „איזראַעל'	Religious institutions/organizations	1	טעמפּל „איזראַעל'	פֿאַר ראַקאָוועי		טעמפּל „איזראַעל'											
ORG-C06923	ר. סי. עי.-וויקטאָר קאָמפּאַני	Publisher	1	ר. סי. עי.-וויקטאָר קאָמפּאַני														
ORG-C06924	פערלאַג פֿון י. קאַצענעלבאָגען	Publisher	1	פערלאַג פֿון י. קאַצענעלבאָגען	ניו יאָרק													
ORG-C06925	פיינמאַן ליטעראַרישע געזעלשאַפט	Theatre-related Society/ Union	1	פיינמאַן ליטעראַרישע געזעלשאַפט	לאָנדאָן			ענגלאַנד										
ORG-C06926	פּראָפּ האָראָוויץ'ס יידישע טרופּע	Traveling Company	1	פּראָפּ האָראָוויץ'ס יידישע טרופּע	ווין				485	0.607	ipa_phonetic							
ORG-C06927	וואַריעטע-יוניע לאָקאָל 2	Theatre-related Society/ Union	1	וואַריעטע-יוניע לאָקאָל 2	ניו יאָרק			אַמעריקע										
ORG-C06928	לאָקאָל 5 און 1	Theatre-related Society/ Union	1	לאָקאָל 5 און 1														
ORG-C06929	ברענטש 597 אַרבעטער רינג	Jewish political bodies	1	ברענטש 597 אַרבעטער רינג														
ORG-C06930	שלום עליכם פֿאָלקסשול	Education	1	שלום עליכם פֿאָלקסשול														
ORG-C06931	„רוסאָלקאַ“	Theatre	1	„רוסאָלקאַ“	לובלין			פּוילן										
ORG-C06932	יידישן אַרטיסטן פֿאַריין אַברהם גאָלדפאַדען	Theatre-related Society/ Union	1	יידישן אַרטיסטן פֿאַריין אַברהם גאָלדפאַדען	לעמבערג													
ORG-C06933	אנאַרכיסטישן בערנער סטריט קלוב	Jewish political bodies	1	אנאַרכיסטישן בערנער סטריט קלוב	לאָנדאָן		בערנער סטריט											
ORG-C06934	די בראָדערהוד און טיילאָרס	Trade Union / Professional Association	1	די בראָדערהוד און טיילאָרס														
ORG-C06935	דער אָשמאי	Journals/ Newspapers	1	דער אָשמאי														
ORG-C06936	דימאַנטן-שלייפעריי	Labour (factory/workshop)	1	דימאַנטן-שלייפעריי	אַמסטערדאָם		דימאַנטן-שלייפעריי	האָלאַנד										
ORG-C06937	נייער שטאָט-שול	Theatre	1	נייער שטאָט-שול	אומאַן		נייער שטאָט-שול											
ORG-C06938	"לאָנדאָנער „סטענדאַרד""-טעאַטער"	Theatre	1	"לאָנדאָנער „סטענדאַרד""-טעאַטער"	לאָנדאָן		"„סטענדאַרד""-טעאַטער"	ענגלאַנד	565	0.643	ipa_phonetic							
ORG-C06939	ברום סטריט מוזיק האָל	Theatre	1	ברום סטריט מוזיק האָל														
ORG-C06940	דאָס האַרץ פון אַ יידן	Media (Radio/ Film/TV)	1	דאָס האַרץ פון אַ יידן														
ORG-C06941	טעמפּל אוניווערזיטעט	Education	1	טעמפּל אוניווערזיטעט					588 | 595 | 530 | 590 | 587	0.667 | 0.667 | 0.650 | 0.650 | 0.632	ipa_phonetic | ipa_phonetic | ipa_phonetic | ipa_phonetic | ipa_phonetic							
ORG-C06942	פֿילאָדעלפֿיער צווייג פֿון „פֿאַרווערטס“	Journals/ Newspapers	1	פֿילאָדעלפֿיער צווייג פֿון „פֿאַרווערטס“	פֿילאָדעלפֿיע													
ORG-C06943	דראַמאַ גילד	Theatre	1	דראַמאַ גילד	פֿילאָדעלפיע		לעיבאָר אינסטיטוט											
ORG-C06944	מענדעלע פֿאָלקס בינע	Theatre	1	מענדעלע פֿאָלקס בינע														
ORG-C06945	י. ל. פרץ דראַמאַטישע געזעלשאַפט	Theatre	1	י. ל. פרץ דראַמאַטישע געזעלשאַפט					606 | 607	0.667 | 0.647	ipa_phonetic | ipa_phonetic							
ORG-C06946	אַרבעטער אינסטיטוט	Theatre	1	אַרבעטער אינסטיטוט														
ORG-C06947	יידישן צענטער	Heritage Institution	2	יידישן צענטער	מילוואַקיי | פֿילאַדעלפיע		יידישן צענטער											
ORG-C06948	ניי-געגרינדעטער אָפּגעשפּאָלטענער טרופּע אונטער דער אָנפֿירונג פֿון ערשטן יידישן אַקטיאָר, ישראל גראָדנער	Traveling Company	1	ניי-געגרינדעטער אָפּגעשפּאָלטענער טרופּע אונטער דער אָנפֿירונג פֿון ערשטן יידישן אַקטיאָר, ישראל גראָדנער														
ORG-C06949	פאַראיין לבנון	Theatre-related Society/ Union	2	פאַראיין לבנון	גאַלאַץ			רומעניע										
ORG-C06950	שילערס דראַמאַטישער יאָנג-מען סאָסייעטי	Theatre	1	שילערס דראַמאַטישער יאָנג-מען סאָסייעטי	ניו יאָרק													
ORG-C06951	ווינדזאָר עדעלשטיינס טעאַטער	Theatre	1	ווינדזאָר עדעלשטיינס טעאַטער	ניו יאָרק		ווינדזאָר עדעלשטיינס טעאַטער											
ORG-C06952	בערנאַרד עלווינגס טרופּע	Traveling Company	1	בערנאַרד עלווינגס טרופּע					203	0.619	ipa_phonetic							
ORG-C06953	פּוילישן פֿאַרבאַנד אין קאַנאַדע	Welfare/Aid organization	1	פּוילישן פֿאַרבאַנד אין קאַנאַדע			פּוילישן פֿאַרבאַנד אין קאַנאַדע	קאַנאַדע										
ORG-C06954	כאָר ביי ראָזענבלום און זילבערט	Traveling Company	1	כאָר ביי ראָזענבלום און זילבערט														
ORG-C06955	יאָווילערן	Traveling Company	1	יאָווילערן					568	0.714	fuzzy							
ORG-C06956	אָסט אונד וועסט	Journals/ Newspapers	1	אָסט אונד וועסט				דייטשלאַנד										
ORG-C06957	יידיש נאַציאָנאַלער אַרבעטערפֿאַרבאַנד	Jewish political bodies	1	יידיש נאַציאָנאַלער אַרבעטערפֿאַרבאַנד														
ORG-C06958	פּאַוועל אָרלענעוו... טרופּע	Traveling Company	1	פּאַוועל אָרלענעוו... טרופּע														
ORG-C06959	בילאַיעוו	Traveling Company	1	בילאַיעוו														
ORG-C06960	סינעלניקאָוו	Theatre	1	סינעלניקאָוו														
ORG-C06961	אָפּערע-סעזאָן	Theatre	1	אָפּערע-סעזאָן				דרום-אפריקע										
ORG-C06962	אפריקאָאַנס טעאַטערקרייזן	Theatre	1	אפריקאָאַנס טעאַטערקרייזן														
ORG-C06963	„דאָס נייע יידישע טעאַטער“ פֿון שניצער	Theatre	1	„דאָס נייע יידישע טעאַטער“ פֿון שניצער														
ORG-C06964	48-טע סטריט טעאַטער	Theatre	1	48-טע סטריט טעאַטער					513	0.737	ipa_phonetic							
ORG-C06965	ישיבה פֿון וואַשילישאָק	Education	1	ישיבה פֿון וואַשילישאָק	וואַשילישאָק													
ORG-C06966	ישיבת חפץ חיים	Education	1	ישיבת חפץ חיים	ראַדין													
ORG-C06967	טעאַטער קונסט-סטודיעס פֿון הערמאַן י. קויפמאַן, ריינמאַן און הוגאַ באַרוך	Theatre	1	טעאַטער קונסט-סטודיעס פֿון הערמאַן י. קויפמאַן, ריינמאַן און הוגאַ באַרוך	בערלין			דייטשלאַנד										
ORG-C06968	מעליני טעאַטער	Theatre	1	מעליני טעאַטער	האַנאָווער			דייטשלאַנד	553 | 278 | 124 | 176 | 263	0.692 | 0.643 | 0.615 | 0.615 | 0.615	ipa_phonetic | ipa_phonetic | ipa_phonetic | ipa_phonetic | ipa_phonetic							
ORG-C06969	יידישן „קולטור בונד טעאַטער“	Theatre	1	יידישן „קולטור בונד טעאַטער“	בערלין			דייטשלאַנד										
ORG-C06970	אַקאַדעמי פֿון וואָקאָלער קונסט	Education	1	אַקאַדעמי פֿון וואָקאָלער קונסט	פֿילאַדעלפיע			אַמעריקע										
ORG-C06971	דראַמאַטיק וואירקשאָפּ	Theatre	1	דראַמאַטיק וואירקשאָפּ	ניויאָרק													
ORG-C06972	סיטי סענטער אָפּערע קאָמפּאָני	Theatre	1	סיטי סענטער אָפּערע קאָמפּאָני	ניו יאָרק													
ORG-C06973	משוגעים-הויז אויף קירילאָווקע	Health institutions	1	משוגעים-הויז אויף קירילאָווקע	קיעוו		קירילאָווקע											
ORG-C06974	שעכטער און לאַסקי	Traveling Company	1	שעכטער און לאַסקי	בראַנקס													
ORG-C06975	גימפּל	Theatre	1	גימפּל	לעמבערג		גימפּל											
ORG-C06976	דוד ראָטה	Publisher	1	דוד ראָטה	לעמבערג		בוכהאַנדלונג											
ORG-C06977	אָסקאַר שרעק און קאָמפּ.	Publisher	1	אָסקאַר שרעק און קאָמפּ.	לעמבערג													
ORG-C06978	מזרחי-אָרגאַניזאַציעס	Jewish political bodies	1	מזרחי-אָרגאַניזאַציעס														
ORG-C06979	"דק""ק סיגייט"	Religious institutions/organizations	1	"דק""ק סיגייט"	סיגייט													
ORG-C06980	בעלקינדס שול	Education	1	בעלקינדס שול	יפו													
ORG-C06981	„החבצלת“	Journals/ Newspapers	1	„החבצלת“														
ORG-C06982	„דער פּראָפּאַגאַנדיסט“	Journals/ Newspapers	1	„דער פּראָפּאַגאַנדיסט“	לאָנדאָן													
ORG-C06983	„דאָס נייע אידישע טעאַטער“	Theatre	1	„דאָס נייע אידישע טעאַטער“	ניו יאָרק				472 | 609	0.625 | 0.625	ipa_phonetic | ipa_phonetic							
ORG-C06984	פֿאַרלאַג מייזעל	Publisher	1	פֿאַרלאַג מייזעל	ניו יאָרק													
ORG-C06985	קעסלער דראַמאַטיק פֿאַראיין	Theatre	1	קעסלער דראַמאַטיק פֿאַראיין	ניו יאָרק													
ORG-C06986	גליקמאַנס טורן-האָל	Theatre	1	גליקמאַנס טורן-האָל	שיקאַגאָ		גליקמאַנס טורן-האָל											
ORG-C06987	דיספּליין סטריט טעאַטער	Theatre	1	דיספּליין סטריט טעאַטער	שיקאַגאָ		דיספּליין סטריט טעאַטער											
ORG-C06988	קעסלערס סעקאָנד-שוועניז טעאַטער	Theatre	1	קעסלערס סעקאָנד-שוועניז טעאַטער	ניו יאָרק		סעקאָנד עוועניו טעאַטער											
ORG-C06989	יתומים-הויז	Education	1	יתומים-הויז	ניו יאָרק	57 איסט זיבעטע גאַס	57 איסט זיבעטע גאַס											
ORG-C06990	אַדלערס יאָנג מענס	Welfare/Aid organization	1	אַדלערס יאָנג מענס														
ORG-C06991	יידישן עמיגראַציאָנס קאָמיטעט	Welfare/Aid organization	1	יידישן עמיגראַציאָנס קאָמיטעט														
ORG-C06992	בויערי גאַרדען	Theatre	1	בויערי גאַרדען	ניו-יאָרק		בויערי גאַרדען											
ORG-C06993	יידישע אַרבעטער-צייטונג	Journals/ Newspapers	1	יידישע אַרבעטער-צייטונג	לעמבערג				81	0.609	ipa_phonetic							
ORG-C06994	מאָנושקאַ-טעאַטער	Theatre	1	מאָנושקאַ-טעאַטער	סטאַניסלאַוו		מאָנושקאַ-טעאַטער		520 | 536 | 600 | 613 | 616	0.643 | 0.643 | 0.643 | 0.643 | 0.643	ipa_phonetic | ipa_phonetic | ipa_phonetic | ipa_phonetic | ipa_phonetic							
ORG-C06995	ניפּענטס	Business	1	ניפּענטס														
ORG-C06996	די יוניע פון די דאָזיקע אַרבעטער	Trade Union / Professional Association	1	די יוניע פון די דאָזיקע אַרבעטער														
ORG-C06997	ס. ל. פ.	Non-Jewish political bodies	1	ס. ל. פ.														
ORG-C06998	ס. ד.	Non-Jewish political bodies	1	ס. ד.														
ORG-C06999	אַ יידישער טרופּע	Traveling Company	1	אַ יידישער טרופּע	פֿילאַדעלפיע		אַַמעריקען-טעאַטער	אַמעריקע	521 | 551 | 554 | 41 | 421	0.600 | 0.600 | 0.600 | 0.600 | 0.600	ipa_phonetic | ipa_phonetic | ipa_phonetic | ipa_phonetic | ipa_phonetic							
ORG-C07000	אָדעאָן	Theatre	1	אָדעאָן	סט. לואיס		אָדעאָן											
ORG-C07001	דוטשעס	Theatre	1	דוטשעס	קליוולאַנד		דוטשעס											
ORG-C07002	סט. לואיסער יידישער צייטונג	Journals/ Newspapers	2	סט. לואיסער יידישער צייטונג														
ORG-C07003	אַרבעטער רינג סאַנאַטאָריע	Health institutions	1	אַרבעטער רינג סאַנאַטאָריע														
ORG-C07004	אַקטיאָרן קלוב	Theatre-related Society/ Union	2	אַקטיאָרן קלוב														
ORG-C07005	וועסטערן דזשואיש אינסטיטוט	Education	1	וועסטערן דזשואיש אינסטיטוט	לאָס אַנדזשעלעס													
ORG-C07006	סאנאַטאָריום	Health institutions	1	סאנאַטאָריום	לאָס אַנדזשעלעס													
ORG-C07007	הילף פֿאַר אייראָפּע	Welfare/Aid organization	1	הילף פֿאַר אייראָפּע	לאָס אַנדזשעלעס													
ORG-C07008	קינדער-רעטונג	Welfare/Aid organization	1	קינדער-רעטונג	לאָס אַנדזשעלעס													
ORG-C07009	יוניוואוירסל	Theatre	1	יוניוואוירסל														
ORG-C07010	חובבי הבמה העברית	Theatre	1	חובבי הבמה העברית	יפו			ארץ ישראל										
ORG-C07011	יידישער טעאַטער-גרופּע אין ספּאָרט-צענטער	Traveling Company	1	יידישער טעאַטער-גרופּע אין ספּאָרט-צענטער	מעקסיקאָ		ספּאָרט-צענטער											
ORG-C07012	טעאַטער-גרופּע ביי דער קהלה	Traveling Company	1	טעאַטער-גרופּע ביי דער קהלה	מעקסיקאָ		קהלה											
ORG-C07013	רומעניע אָפּערע טרופּע	Traveling Company	1	רומעניע אָפּערע טרופּע														
ORG-C07014	טהעאַטער אונד ביהנע רעגולאַמענט	Publisher	1	טהעאַטער אונד ביהנע רעגולאַמענט														
ORG-C07015	פֿאַראיין פון איזראַעליטישע אַרטיסטן	Traveling Company	1	פֿאַראיין פון איזראַעליטישע אַרטיסטן	גאלאטי		גרויסן טעאַטער	רומעניע										
ORG-C07016	פֿראַטערניטאטעא	Journals/ Newspapers	1	פֿראַטערניטאטעא	בוקאַרעסט			רומעניע										
ORG-C07017	עמאַ פינקעל קלוב	Theatre-related Society/ Union	1	עמאַ פינקעל קלוב														
ORG-C07018	פֿראַנצויזישער אַרמיי	Military	1	פֿראַנצויזישער אַרמיי				בעלגיע										
ORG-C07019	מאַקי	Military	1	מאַקי				פֿראַנקרייך										
ORG-C07020	יידישער פֿאָלקס-ליגע	Jewish political bodies	1	יידישער פֿאָלקס-ליגע	מעקסיקאָ			מעקסיקאָ										
ORG-C07021	טעאַטער אויף בוכענסקאַ	Theatre	1	טעאַטער אויף בוכענסקאַ	קראָקע	בוכענסקאַ	טעאַטער אויף בוכענסקאַ		398	0.600	ipa_phonetic							
ORG-C07022	פֿאָלקס ליגע	Welfare/Aid organization	1	פֿאָלקס ליגע	מעקסיקאָ סיטי			מעקסיקאָ										
ORG-C07023	פּריוואַט שול פון פראָמאַן	Education	1	פּריוואַט שול פון פראָמאַן														
ORG-C07024	טעאַטער וויעלקי	Theatre	1	טעאַטער וויעלקי					581 | 580	0.615 | 0.600	ipa_phonetic | ipa_phonetic							
ORG-C07025	מאָזערס זאַל	Theatre	1	מאָזערס זאַל	קעשענעוו		מאָזערס זאַל											
ORG-C07026	בעסאַראַבסקיאַ וויעדאָמאָסטי	Journals/ Newspapers	1	בעסאַראַבסקיאַ וויעדאָמאָסטי														
ORG-C07027	טערעס גאַרדן	Theatre	1	טערעס גאַרדן	ניו יאָרק	58 סטריט און לעקסינגטאָן עוועניו	טערעס גאַרדן		138	0.636	ipa_phonetic							
ORG-C07028	שפּאַנישער מעסאניק לאָדזש	Fraternal order	1	שפּאַנישער מעסאניק לאָדזש								NEW	647				Sinai	2026-05-18T05:13:21Z
ORG-C07029	סטודענטן-אָרקעסטער	Traveling Company	1	סטודענטן-אָרקעסטער	קאָלאָמיי		גימנאַזיע											
ORG-C07030	סטודענטן-כאָר	Traveling Company	1	סטודענטן-כאָר	קאָלאָמיי		גימנאַזיע											
ORG-C07031	פּוילישן דראַמאַטישן קלוב	Theatre	1	פּוילישן דראַמאַטישן קלוב	קאָלאָמיי		גימנאַזיע											
ORG-C07032	יידישן דראַמאַטישן קלוב	Theatre	1	יידישן דראַמאַטישן קלוב	קאָלאָמיי													
ORG-C07033	יידיש מאַריאָנעטן-טעאַטער	Theatre	1	יידיש מאַריאָנעטן-טעאַטער				אַמעריקע	480	0.727	ipa_phonetic							
ORG-C07034	דאָבליו על סי עיטש	Media (Radio/ Film/TV)	1	דאָבליו על סי עיטש	ניו יאָרק													
ORG-C07035	דאָבלין עי אַר די	Media (Radio/ Film/TV)	1	דאָבלין עי אַר די	ניו יאָרק													
ORG-C07036	דאָבליו ער עי בי	Media (Radio/ Film/TV)	1	דאָבליו ער עי בי	ניו יאָרק													
ORG-C07037	דאָבליו עם דזשי עם	Media (Radio/ Film/TV)	1	דאָבליו עם דזשי עם	ניו יאָרק													
ORG-C07038	מאַנישעוויטש-פֿירמע	Business	1	מאַנישעוויטש-פֿירמע														
ORG-C07039	וועסט ענד ברענטש פון דער אַמאָלגאַמייטער שניידער יוניאָן	Trade Union / Professional Association	1	וועסט ענד ברענטש פון דער אַמאָלגאַמייטער שניידער יוניאָן	לאָנדאָן													
ORG-C07040	הזמיר-פאַראיין	Musical organization	1	הזמיר-פאַראיין	לאָנדאָן													
ORG-C07041	רוסישן אימיגראַנטן קאָמיטעט	Welfare/Aid organization	1	רוסישן אימיגראַנטן קאָמיטעט	לאָנדאָן													
ORG-C07042	טעאַטער-לעקסיקאָן	Publisher	2	טעאַטער-לעקסיקאָן														
ORG-C07043	פֿאַרלאג פֿון ל. מ. שטיין	Publisher	1	פֿאַרלאג פֿון ל. מ. שטיין	שיקאַגאָ													
ORG-C07044	אָדעסער קאַזיאָנער שול	Education	1	אָדעסער קאַזיאָנער שול	אָדעס			אוקראַאינע										
ORG-C07045	פּרינצעס סטריט קלוב	Theatre	1	פּרינצעס סטריט קלוב	לאָנדאָן	פּרינצעס סטריט	פּרינצעס סטריט קלוב	ענגלאַנד										
ORG-C07046	האָטעל בערלאָד	Business	1	האָטעל בערלאָד	גאַלאַץ	סטראַדאַ בעלאווייסטא	האָטעל בערלאָד	רומעניע										
ORG-C07047	דוויטשעס שאָושפּילהאָוז	Theatre	1	דוויטשעס שאָושפּילהאָוז	האַמבורג		דוויטשעס שאָושפּילהאָוז	דייטשלאַנד										
ORG-C07048	אוניווערסאַל	Media (Radio/ Film/TV)	1	אוניווערסאַל														
ORG-C07049	סטרענד טעאַטער	Theatre	1	סטרענד טעאַטער					528 | 252 | 278 | 124 | 552	0.769 | 0.692 | 0.643 | 0.615 | 0.615	ipa_phonetic | ipa_phonetic | ipa_phonetic | ipa_phonetic | ipa_phonetic							
ORG-C07050	פרענסיס קלוב טעאַטער	Theatre	1	פרענסיס קלוב טעאַטער														
ORG-C07051	"נייער „דייטשער שול"""	Religious institutions/organizations	1	"נייער „דייטשער שול"""														
ORG-C07052	זעלינס גאָרטן	Theatre	1	זעלינס גאָרטן	לאָדזש		זעלינס גאָרטן	פּוילן										
ORG-C07053	פּאָבליק און נייט-סקולס	Education	1	פּאָבליק און נייט-סקולס				אַמעריקע										
ORG-C07054	טעאַטערס אין שיקאַגאָ פֿון עליאַס גליקמאַן	Theatre	1	טעאַטערס אין שיקאַגאָ פֿון עליאַס גליקמאַן	שיקאַגאָ			אַמעריקע										
ORG-C07055	טרופּע פֿון יעקב גאָלדשטיין און מאָריס נעסטאַר	Traveling Company	1	טרופּע פֿון יעקב גאָלדשטיין און מאָריס נעסטאַר														
ORG-C07056	פּרינצעס-סטריט קלוב'-טעאַטער	Theatre	1	פּרינצעס-סטריט קלוב'-טעאַטער	לאָנדאָן		פּרינצעס-סטריט קלוב'-טעאַטער	ענגלאַנד										
ORG-C07057	דראַמאַטיק קלוב	Theatre	2	דראַמאַטיק קלוב	ניו יאָרק		ענטינען אין דער היים	אַמעריקע										
ORG-C07058	פּרעס	Journals/ Newspapers	1	פּרעס														
ORG-C07059	יידישער בינע אין לאָנדאָן	Theatre	1	יידישער בינע אין לאָנדאָן	לאָנדאָן													
ORG-C07060	יוניאָן	Theatre-related Society/ Union	1	יוניאָן	ניו יאָרק			אַמעריקע										
ORG-C07061	שילאַ	Jewish political bodies	1	שילאַ														
ORG-C07062	מאָריס מאָריסאָנס דראַמאַטיק קלוב	Traveling Company	1	מאָריס מאָריסאָנס דראַמאַטיק קלוב	ניו יאָרק			אַמעריקע										
ORG-C07063	מענדעלע מוכר ספרים יידישע פֿאָלקס-בינע	Theatre	1	מענדעלע מוכר ספרים יידישע פֿאָלקס-בינע	פֿילאַדעלפיע													
ORG-C07064	ליג	Theatre-related Society/ Union	1	ליג														
ORG-C07065	יידישן נאַציאָנאַלן בית יתומים	Education	1	יידישן נאַציאָנאַלן בית יתומים	ניו יאָרק													
ORG-C07066	פֿאַרבאַנד פֿון רומענישע יידן אין אַמעריקע	Welfare/Aid organization	1	פֿאַרבאַנד פֿון רומענישע יידן אין אַמעריקע														
ORG-C07067	פֿאַרבאַנד פון יידישע אָרגאַניזאַציעס	Jewish political bodies	1	פֿאַרבאַנד פון יידישע אָרגאַניזאַציעס														
ORG-C07068	פֿאַראייניקטן יידישן אַפּיל	Welfare/Aid organization	1	פֿאַראייניקטן יידישן אַפּיל														
ORG-C07069	פּערעגאן טעאַטער	Theatre	1	פּערעגאן טעאַטער	לאָנדאָן		פּערעגאן טעאַטער		622 | 252 | 278 | 630	0.857 | 0.643 | 0.643 | 0.643	ipa_phonetic | ipa_phonetic | ipa_phonetic | ipa_phonetic	ALIGN	622				Bella	2026-05-18T08:01:25Z
ORG-C07070	ליבהאָבער-גרופּע	Traveling Company	1	ליבהאָבער-גרופּע														
ORG-C07071	יידישע אָריענטאלישע טרופּע	Traveling Company	1	יידישע אָריענטאלישע טרופּע	האַמבורג			דייטשלאַנד										
ORG-C07072	איסט קאַסינאָ טעאַטער	Theatre	1	איסט קאַסינאָ טעאַטער	באָפֿאָלאָ		איסט קאַסינאָ טעאַטער											
ORG-C07073	טאראנטא	Theatre	1	טאראנטא	טאראנטא													
ORG-C07074	מאונט מאריס וואדעווייל הויז	Theatre	1	מאונט מאריס וואדעווייל הויז														
ORG-C07075	געברידער שוואַרץ	Traveling Company	1	געברידער שוואַרץ														
ORG-C07076	שמ״ר-שייקעוויטש טרופּע	Traveling Company	1	שמ״ר-שייקעוויטש טרופּע	שאַוועל													
ORG-C07077	עמבער קלוב	Theatre	1	עמבער קלוב	לאָנדאָן		עמבער קלוב											
ORG-C07078	ברידער שוואַרץ	Traveling Company	1	ברידער שוואַרץ														
ORG-C07079	מאַקס געביל	Traveling Company	1	מאַקס געביל														
ORG-C07080	ליליענס ליריק טעאַטער	Theatre	1	ליליענס ליריק טעאַטער	ניו יאָרק		ליליענס ליריק טעאַטער											
ORG-C07081	בוענאָס איירעסער טעאַטער ״עקסעלסיאָר“	Theatre	1	בוענאָס איירעסער טעאַטער ״עקסעלסיאָר“	בוענאָס איירעס		טעאַטער ״עקסעלסיאָר“											
ORG-C07082	בן-עמיס טרופּע	Traveling Company	1	בן-עמיס טרופּע					610 | 195 | 566 | 203 | 469	0.692 | 0.692 | 0.643 | 0.625 | 0.615	ipa_phonetic | ipa_phonetic | ipa_phonetic | ipa_phonetic | ipa_phonetic							
ORG-C07083	טרופּע גאָלדפֿאַדן-סעגאלעסקאָ	Traveling Company	1	טרופּע גאָלדפֿאַדן-סעגאלעסקאָ	בוקאַרעסט			רומעניע										
ORG-C07084	אַנעטאַ פינקעלס טרופּע	Traveling Company	2	אַנעטאַ פינקעלס טרופּע | טרופּע פֿון אַנעטאַ פינקעל				רומעניע	579	0.632	ipa_phonetic							
ORG-C07085	טרופּע פֿון קאַנער-סעגאַלעסקו	Traveling Company	1	טרופּע פֿון קאַנער-סעגאַלעסקו					563	0.640	ipa_phonetic							
ORG-C07086	ראָזענבלומס טרופּע	Traveling Company	1	ראָזענבלומס טרופּע	פאַנטשע				582 | 559 | 469 | 566 | 583	1.000 | 0.750 | 0.688 | 0.625 | 0.625	exact | ipa_phonetic | ipa_phonetic | ipa_phonetic | ipa_phonetic	NEW	582				Bella	2026-05-05T07:40:08Z
ORG-C07087	דייוויד קעסלער דראַמאַטיק קלאָב	Theatre	1	דייוויד קעסלער דראַמאַטיק קלאָב														
ORG-C07088	"„פֿאַרווערטסאַסאָסייישאָן"""	Publisher	1	"„פֿאַרווערטסאַסאָסייישאָן"""														
ORG-C07089	יאָנג סטאַר דראַמאַטיק	Theatre	1	יאָנג סטאַר דראַמאַטיק														
ORG-C07090	פּלעזשור קלאָב	Theatre	1	פּלעזשור קלאָב														
ORG-C07091	אינדאָסטריאָל וואירקערס עקטאָרס יוניאָן	Theatre-related Society/ Union	1	אינדאָסטריאָל וואירקערס עקטאָרס יוניאָן														
ORG-C07092	קלינטאָן מוזיק-האָל	Theatre	1	קלינטאָן מוזיק-האָל														
ORG-C07093	לאָוס מואַוויי קאָמפּאָני	Theatre	1	לאָוס מואַוויי קאָמפּאָני			בראָדוויי											
ORG-C07094	מעקינלי	Theatre	1	מעקינלי	ניו יאָרק													
ORG-C07095	טור פֿון חיים יאַבלאָקאָוו	Traveling Company	1	טור פֿון חיים יאַבלאָקאָוו														
ORG-C07096	יעקב בן-עמיס טרופּע	Traveling Company	1	יעקב בן-עמיס טרופּע														
ORG-C07097	ראובן פינקעלשטיין	Traveling Company	1	ראובן פינקעלשטיין				אויסטראַליע										
ORG-C07098	קריסטאָל און בערנשטיין	Traveling Company	1	קריסטאָל און בערנשטיין	קליוולאַנד													
ORG-C07099	וואָדעווייל	Theatre	1	וואָדעווייל	ניו יאָרק													
ORG-C07100	שעהנגאָלדס טרופּע	Traveling Company	1	שעהנגאָלדס טרופּע	פּיטסבורג				313 | 545 | 559 | 579 | 198	0.632 | 0.600 | 0.600 | 0.600 | 0.600	ipa_phonetic | ipa_phonetic | ipa_phonetic | ipa_phonetic | ipa_phonetic							
ORG-C07101	מאַקס שניצער ענד סאַנס	Business	1	מאַקס שניצער ענד סאַנס														
ORG-C07102	געיבאָרהוד פלעי האָוז	Theatre	1	געיבאָרהוד פלעי האָוז		גרענד סטריט	געיבאָרהוד פלעי האָוז											
ORG-C07103	מאָגעלניצער סאָסייעט	Welfare/Aid organization	1	מאָגעלניצער סאָסייעט	ריטשמאַנד, סטעטען איילאַנד		בית עולם פון דער מאָגעלניצער סאָסייעט											
ORG-C07104	קעניגלעכן רעזידענץ-טעאַטער	Theatre	1	קעניגלעכן רעזידענץ-טעאַטער	מינכען		קעניגלעכן רעזידענץ-טעאַטער											
ORG-C07105	בערלינער נייער בינע	Theatre	1	בערלינער נייער בינע	בערלין		בערלינער נייער בינע											
ORG-C07106	געריק טעאַטער	Theatre	1	געריק טעאַטער	ניו יאָרק		געריק טעאַטער		176 | 252 | 263 | 122 | 509	0.750 | 0.692 | 0.692 | 0.667 | 0.667	ipa_phonetic | ipa_phonetic | ipa_phonetic | ipa_phonetic | ipa_phonetic							
ORG-C07107	קופּער יוניאָן אינסטיטוט	Education	1	קופּער יוניאָן אינסטיטוט	ניו יאָרק		קופּער יוניאָן אינסטיטוט	אַמעריקע										
ORG-C07108	י. ל. פרץ יידישן שרייבער פאַראיין	Theatre-related Society/ Union	1	י. ל. פרץ יידישן שרייבער פאַראיין				אַמעריקע										
ORG-C07109	איוונינג וואירלד	Journals/ Newspapers	1	איוונינג וואירלד	ניו יאָרק													
ORG-C07110	מאַרקס שוויידס טעאַטער	Theatre	1	מאַרקס שוויידס טעאַטער	בראַנקס	180-טע סטריט	מאַרקס שוויידס טעאַטער											
ORG-C07111	אַמעריקען מיוזיקל רעוויאָו	Traveling Company	1	אַמעריקען מיוזיקל רעוויאָו														
ORG-C07112	קאָליפֿאָרניע יידיש טעאַטער	Theatre	1	קאָליפֿאָרניע יידיש טעאַטער	קאָליפֿאָרניע				575 | 472 | 500	0.652 | 0.609 | 0.609	ipa_phonetic | ipa_phonetic | ipa_phonetic							
ORG-C07113	פּיצ-פּאַרטיי	Non-Jewish political bodies	1	פּיצ-פּאַרטיי														
ORG-C07114	פּראָפעסיאנעלער באַוועגונג אין מזרח-גאַליציע	Jewish political bodies	1	פּראָפעסיאנעלער באַוועגונג אין מזרח-גאַליציע			מזרח-גאַליציע											
ORG-C07115	קראַקאָווער „טאָג“	Journals/ Newspapers	1	קראַקאָווער „טאָג“	קראַקאָווע													
ORG-C07116	די געווערקשאַפטן	Journals/ Newspapers	1	די געווערקשאַפטן														
ORG-C07117	יידישער בוך — און קונסט-פאַרלאַג מאַקס היקל	Publisher	1	יידישער בוך — און קונסט-פאַרלאַג מאַקס היקל	וווין-בריין													
ORG-C07118	קינדער-טרופּע פֿון הערמאַן פֿיינשטיין	Traveling Company	1	קינדער-טרופּע פֿון הערמאַן פֿיינשטיין														
ORG-C07119	ערשטן יידישן טעאַטער אין וואַרשע	Theatre	1	ערשטן יידישן טעאַטער אין וואַרשע	וואַרשע			פּוילן										
ORG-C07120	יידישער קאָמיטעט אין מינכען	Jewish political bodies	1	יידישער קאָמיטעט אין מינכען	מינכען			דייטשלאַנד										
ORG-C07121	נייע טעאַטער	Theatre	2	נייע טעאַטער					263 | 553 | 630 | 278 | 520	0.692 | 0.667 | 0.667 | 0.643 | 0.643	ipa_phonetic | ipa_phonetic | ipa_phonetic | ipa_phonetic | ipa_phonetic							
ORG-C07122	ערנבערגערס גימנאַזיע	Education	1	ערנבערגערס גימנאַזיע														
ORG-C07123	יידישער דראַמאַטישער שול פון דוד הערמאַן און דר. מיכאל ווייכערט	Education	1	יידישער דראַמאַטישער שול פון דוד הערמאַן און דר. מיכאל ווייכערט														
ORG-C07124	וואַרשעווער יידישן רעפּרעזענטאַנץ טעאַטער	Theatre	1	וואַרשעווער יידישן רעפּרעזענטאַנץ טעאַטער														
ORG-C07125	אידא קאַמינסקאַס אַנסאַמבל	Traveling Company	1	אידא קאַמינסקאַס אַנסאַמבל	פרונזאַ													
ORG-C07126	יידישן מלוכה-טעאַטער אויפֿן נאָמען פון שלום עליכם	Theatre	1	יידישן מלוכה-טעאַטער אויפֿן נאָמען פון שלום עליכם	לעמבערג				599 | 473	0.704 | 0.630	ipa_phonetic | ipa_phonetic							
ORG-C07127	פּליטים טעאַטער	Theatre	2	פּליטים טעאַטער	ניו יאָרק				176 | 536 | 553 | 237 | 560	0.692 | 0.692 | 0.692 | 0.643 | 0.615	ipa_phonetic | ipa_phonetic | ipa_phonetic | ipa_phonetic | ipa_phonetic							
ORG-C07128	"פּראָווינץ-טרופּע א""ל פון היים סאַנדלער"	Traveling Company	1	"פּראָווינץ-טרופּע א""ל פון היים סאַנדלער"				פּוילן										
ORG-C07129	יוגנט-בונד	Jewish political bodies	1	יוגנט-בונד														
ORG-C07130	"ליבהאָבער-גרופּע א""ר פון אַדאַם דאָמב"	Traveling Company	1	"ליבהאָבער-גרופּע א""ר פון אַדאַם דאָמב"														
ORG-C07131	אוקראַאינישע טרופּעס	Traveling Company	1	אוקראַאינישע טרופּעס														
ORG-C07132	בעזמאַנס טרופּע	Traveling Company	1	בעזמאַנס טרופּע	אָדעס				325 | 330 | 610 | 195 | 198	0.769 | 0.714 | 0.692 | 0.692 | 0.667	ipa_phonetic | ipa_phonetic | ipa_phonetic | ipa_phonetic | ipa_phonetic							
ORG-C07133	מעיס אָפּערע האָוז	Theatre	1	מעיס אָפּערע האָוז	לאָס אַנדזשעלעס		מעיס אָפּערע האָוז											
ORG-C07134	טרופּע שאַראַוונער-בערנשטיין	Traveling Company	1	טרופּע שאַראַוונער-בערנשטיין														
ORG-C07135	טרופּע ביי קאַנעווסקין	Traveling Company	1	טרופּע ביי קאַנעווסקין					596	0.632	ipa_phonetic							
ORG-C07136	טרופּע ביי סעם אַדלער	Traveling Company	1	טרופּע ביי סעם אַדלער														
ORG-C07137	פאַראייניקטער (קאַמינסקי) טרופּע	Traveling Company	1	פאַראייניקטער (קאַמינסקי) טרופּע														
ORG-C07138	דירעקציע פֿון אייב קאָגוט	Theatre	1	דירעקציע פֿון אייב קאָגוט			אַמעריקע	אַמעריקע										
ORG-C07139	ווילנער לערער-אינסטיטוט	Education	1	ווילנער לערער-אינסטיטוט	ווילנע			פּויליש-ליטע										
ORG-C07140	שיקאַגער אַרבעטער קולטור ליעג	Publisher	1	שיקאַגער אַרבעטער קולטור ליעג	שיקאַגאָ		שיקאַגער אַרבעטער קולטור ליעג											
ORG-C07141	זשיזן	Journals/ Newspapers	1	זשיזן														
ORG-C07142	דיקשטיינס רעאַלשול	Education	1	דיקשטיינס רעאַלשול	וואַרשע		דיקשטיינס רעאַלשול	פּוילן										
ORG-C07143	כאָר פֿון דער טלאָמאַצקער שול	Musical organization	1	כאָר פֿון דער טלאָמאַצקער שול	וואַרשע		טלאָמאַצקער שול	פּוילן										
ORG-C07144	"יידישן ""עלדאָראַדאָ-טעאַטער"""	Theatre	1	"יידישן ""עלדאָראַדאָ-טעאַטער"""	וואַרשע		עלדאָראַדאָ-טעאַטער	פּוילן	235	0.625	ipa_phonetic							
ORG-C07145	רוסישן אָפּערעטןטעאַטער	Theatre	1	רוסישן אָפּערעטןטעאַטער	קיעוו													
ORG-C07146	פעטער שיעלעס וואַריעטע	Theatre	1	פעטער שיעלעס וואַריעטע	לעמבערג		פעטער שיעלעס וואַריעטע											
ORG-C07147	ליפּמאַן-פאַמיליע	Traveling Company	1	ליפּמאַן-פאַמיליע	סאַמאַרקאַנד													
ORG-C07148	זילבערשטיין	Business	1	זילבערשטיין	לאָדזש													
ORG-C07149	משה אהרן ווינער	Not an organization	1	משה אהרן ווינער	לאָדזש													
ORG-C07150	אַדלערס וואַנדער-טרופּע	Traveling Company	1	אַדלערס וואַנדער-טרופּע														
ORG-C07151	אַגיידס יידיש וואָדעווילטעאַטער	Theatre	1	אַגיידס יידיש וואָדעווילטעאַטער	נ. י.	82 קלינטאָן סטריט	82 קלינטאָן סטריט	אַמעריקע										
ORG-C07152	"פֿאַרלאַג פֿון „מאָמענט"""	Publisher	1	"פֿאַרלאַג פֿון „מאָמענט"""														
ORG-C07153	„אונזער זשורנאַל“	Journals/ Newspapers	1	„אונזער זשורנאַל“														
ORG-C07154	"„כוחות"""	Publisher	1	"„כוחות"""	וואַרשע		"פֿאַרלאַג „כוחות"""											
ORG-C07155	ר' איטשעלעס ישיבה	Education	1	ר' איטשעלעס ישיבה	וואַרשע		ר' איטשעלעס ישיבה											
ORG-C07156	ניי יידישן נאַציאָנאַל טעאַטער	Theatre	1	ניי יידישן נאַציאָנאַל טעאַטער	לאָנדאָן		ניי יידישן נאַציאָנאַל טעאַטער	ענגלאַנד										
ORG-C07157	ענגלישער אַרמיי	Military	2	ענגלישער אַרמיי | ענגלישער אַרמעע														
ORG-C07158	ווילנער רעאַל-גימנאַזיע	Education	1	ווילנער רעאַל-גימנאַזיע	ווילנע		ווילנער רעאַל-גימנאַזיע											
ORG-C07159	ווילנער האָלצהענדלער-פאַרבאַנד	Trade Union / Professional Association	1	ווילנער האָלצהענדלער-פאַרבאַנד	ווילנע													
ORG-C07160	מינכענער יידישן טעאטער „מיט“	Theatre	1	מינכענער יידישן טעאטער „מיט“	מינכען		מינכענער יידישן טעאטער „מיט“	דייטשלאַנד	472 | 500 | 575	0.607 | 0.607 | 0.607	ipa_phonetic | ipa_phonetic | ipa_phonetic							
ORG-C07161	גרויסן יידישן ווערטערבוך	Publisher	1	גרויסן יידישן ווערטערבוך														
ORG-C07162	ערשטער עפנטלעכער ביבליאָטעק	Library	1	ערשטער עפנטלעכער ביבליאָטעק	זאַגער													
ORG-C07163	זשענעווער אוניווערזיטעט	Education	1	זשענעווער אוניווערזיטעט	זשענעווע			שווייץ	588 | 590 | 561 | 585 | 589	0.750 | 0.750 | 0.714 | 0.714 | 0.714	ipa_phonetic | ipa_phonetic | ipa_phonetic | ipa_phonetic | ipa_phonetic							
ORG-C07164	די אידישע צוקונפט	Journals/ Newspapers	1	די אידישע צוקונפט														
ORG-C07165	אַטלאַנטיס	Publisher	1	אַטלאַנטיס	ניו יאָרק													
ORG-C07166	שולמית	Education	2	שולמית	וואַרשע		שולמית	אָרץ-ישראל | פּוילן										
ORG-C07167	אַבראַמאָווס טרופּע	Traveling Company	1	אַבראַמאָווס טרופּע	פּיטסבורג				469 | 325 | 559 | 629 | 198	0.643 | 0.643 | 0.600 | 0.600 | 0.600	ipa_phonetic | ipa_phonetic | ipa_phonetic | ipa_phonetic | ipa_phonetic							
ORG-C07168	לעווינסאָנס טרופּע	Traveling Company	1	לעווינסאָנס טרופּע					325 | 330 | 533 | 559 | 579	0.733 | 0.733 | 0.600 | 0.600 | 0.600	ipa_phonetic | ipa_phonetic | ipa_phonetic | ipa_phonetic | ipa_phonetic							
ORG-C07169	טרופּע פון וועטעראַן גאָלובאָק	Traveling Company	1	טרופּע פון וועטעראַן גאָלובאָק														
ORG-C07170	חזן ראַזומני	Musical organization	1	חזן ראַזומני	אָדעס													
ORG-C07171	קאָוונער דראַמאַטישער געזעלשאַפט	Theatre	1	קאָוונער דראַמאַטישער געזעלשאַפט	קאָוונע				606 | 607	0.655 | 0.647	ipa_phonetic | ipa_phonetic							
ORG-C07172	פאַריין פון יידישע דראַמאַטישע אַרטיסטן אין ווילנע	Traveling Company	1	פאַריין פון יידישע דראַמאַטישע אַרטיסטן אין ווילנע	ווילנע		צירק-טעאַטער											
ORG-C07173	פּרץ-שול	Education	1	פּרץ-שול	טאָראַנטאָ		סטרענד טעאַטער	קאַנאַדע										
ORG-C07174	יונגע ליטעראַריש דראַמאַטישע געזעלשאַפט אין מילוואַקיי	Theatre	2	יונגע ליטעראַריש דראַמאַטישע געזעלשאַפט | יונגע ליטעראַריש דראַמאַטישע געזעלשאַפט אין מילוואַקיי	מילוואַקי | מילוואַקיי													
ORG-C07175	הסהאָרגאַניזאַציע פון מעדיסאָן	Welfare/Aid organization	1	הסהאָרגאַניזאַציע פון מעדיסאָן	מעדיסאָן													
ORG-C07176	לעפּהעם פּאַרק צענטער	Welfare/Aid organization	1	לעפּהעם פּאַרק צענטער	מילוואַקיי		לעפּהעם פּאַרק צענטער											
ORG-C07177	נעיבאָרהוד פלעיהאַז	Theatre	1	נעיבאָרהוד פלעיהאַז	ניו יאָרק		נעיבאָרהוד פלעיהאַז	אַמעריקע										
ORG-C07178	נאַציאָנאַלן אַרבעטער-פֿאַרבאַנד	Jewish political bodies	1	נאַציאָנאַלן אַרבעטער-פֿאַרבאַנד														
ORG-C07179	אַלגעמיינער שול	Education	1	אַלגעמיינער שול														
ORG-C07180	דראַמקרייז ביים אַרבעטער-היים	Traveling Company	1	דראַמקרייז ביים אַרבעטער-היים	ריגע		אַרבעטער-היים											
ORG-C07181	קולטור און אַרבעט	Journals/ Newspapers	1	קולטור און אַרבעט														
ORG-C07182	רוסקי גאָלאָס	Journals/ Newspapers	1	רוסקי גאָלאָס			אַמעריקע	אַמעריקע										
ORG-C07183	דרוקעריי פֿון פֿין, ראָזענקראַנץ און שריפטזעצער	Publisher	1	דרוקעריי פֿון פֿין, ראָזענקראַנץ און שריפטזעצער	ווילנע		דרוקעריי פֿון פֿין, ראָזענקראַנץ און שריפטזעצער											
ORG-C07184	געזעלשאַפֿט „מיר שיקאַגער“	Welfare/Aid organization	1	געזעלשאַפֿט „מיר שיקאַגער“														
ORG-C07185	תרבות-גימנאַזיע	Education	1	תרבות-גימנאַזיע														
ORG-C07186	תרבות עלעמענטאַר שול	Education	1	תרבות עלעמענטאַר שול	אָטאַקיי													
ORG-C07187	אוניווערזיטעטן פֿון עקראָן	Education	1	אוניווערזיטעטן פֿון עקראָן	עקראָן													
ORG-C07188	קאָליפֿאָרניער אוניווערזיטעט	Education	1	קאָליפֿאָרניער אוניווערזיטעט					587 | 561 | 588 | 589 | 487	0.708 | 0.667 | 0.667 | 0.667 | 0.625	ipa_phonetic | ipa_phonetic | ipa_phonetic | ipa_phonetic | ipa_phonetic							
ORG-C07189	וואָלאָנדער טעאַטער	Theatre	1	וואָלאָנדער טעאַטער					426 | 161 | 252 | 520 | 627	0.733 | 0.688 | 0.667 | 0.667 | 0.667	ipa_phonetic | ipa_phonetic | ipa_phonetic | ipa_phonetic | ipa_phonetic							
ORG-C07190	התאי	Theatre	1	התאי				אַרץ ישראל										
ORG-C07191	טעאַטער פֿון נאַציאָנען	Theatre	1	טעאַטער פֿון נאַציאָנען	קליוולאַנד			אַמעריקע										
ORG-C07192	זוחר	Education	1	זוחר	קליוולאַנד													
ORG-C07193	פרגוד	Theatre	2	פרגוד	ניו יאָרק													
ORG-C07194	ענגליש-יידישן יוגנט טעאַטער	Theatre	1	ענגליש-יידישן יוגנט טעאַטער	ניו יאָרק													
ORG-C07195	בויערי	Theatre	1	בויערי			בויערי											
ORG-C07196	יידישע נאַציאָנאַלע טעאַטער	Theatre	2	דאָס יידישע נאַציאָנאַלע טעאַטער | יידישע נאַציאָנאַלע טעאַטער	וואַרשע		יידישע נאַציאָנאַלע טעאַטער	פּוילן										
ORG-C07197	קאָלעדזש אָוו דזשויש סטאָדיס	Education	1	קאָלעדזש אָוו דזשויש סטאָדיס	שיקאַגאָ		קאָלעדזש אָוו דזשויש סטאָדיס	אַמעריקע										
ORG-C07198	פּוילישן פֿאָלקס-אוניווערזיטעט	Education	1	פּוילישן פֿאָלקס-אוניווערזיטעט	וואַרשע		פּוילישן פֿאָלקס-אוניווערזיטעט	פּוילן										
ORG-C07199	טעאַטער נאָוואָשטשי	Theatre	2	טעאַטער נאָוואָשטשי	וואַרשע		טעאַטער נאָוואָשטשי | נאָוואָשטשי טעאַטער	פּוילן										
ORG-C07200	שניידער-יוניע	Trade Union / Professional Association	1	שניידער-יוניע	ניו יאָרק													
ORG-C07201	סאַציאָליסטישער אַרבעטער-פּאַרטיי	Non-Jewish political bodies	1	סאַציאָליסטישער אַרבעטער-פּאַרטיי														
ORG-C07202	„מעטראָפּאָליטאָן מיוזיק האָל'	Theatre	1	„מעטראָפּאָליטאָן מיוזיק האָל'														
ORG-C07203	„פֿאַרשטעהער“	Journals/ Newspapers	1	„פֿאַרשטעהער“	סט. לואיס													
ORG-C07204	נעשאָנאַלוואָרעוויל טעאַטער	Theatre	1	נעשאָנאַלוואָרעוויל טעאַטער														
ORG-C07205	קענעדער יוגענד	Journals/ Newspapers	1	קענעדער יוגענד														
ORG-C07206	"פּראָפעסיאנעלער שול פֿון ""אָרט"	Education	1	"פּראָפעסיאנעלער שול פֿון ""אָרט"														
ORG-C07207	יידישער דיוויזיע פֿון פֿעדעראַלן טעאַטער	Theatre	1	יידישער דיוויזיע פֿון פֿעדעראַלן טעאַטער	מעסעטשוסעטש			אַמעריקע										
ORG-C07208	אַרבייטער-רינג קעמפּ	Education	1	אַרבייטער-רינג קעמפּ														
ORG-C07209	דזשניש סענטער לעקטשורס ביוראָ	Welfare/Aid organization	1	דזשניש סענטער לעקטשורס ביוראָ														
ORG-C07210	טעאַטער מוזיק-האָל	Theatre	1	טעאַטער מוזיק-האָל					581	0.625	ipa_phonetic							
ORG-C07211	קאַסינאַ מוזיק-האָל	Theatre	1	קאַסינאַ מוזיק-האָל														
ORG-C07212	וואַרשעווער „קאַמעראַל'-טעאַטער	Theatre	1	וואַרשעווער „קאַמעראַל'-טעאַטער	וואַרשע	טלאָמאַצקאַ 5	בנין פון דער יודאַאיסטישער ביבליאָטעק											
ORG-C07213	דאָס פריילעכע פינפטל	Theatre	1	דאָס פריילעכע פינפטל	וואַרשעווער געטאָ		דאָס פריילעכע פינפטל											
ORG-C07214	"פאַרלאַג „דאָס פּוילישע יידנטום"""	Publisher	1	"פאַרלאַג „דאָס פּוילישע יידנטום"""	בוענאָס-איירעס		"פאַרלאַג „דאָס פּוילישע יידנטום"""	אַרגענטינע										
ORG-C07215	דיאַנאַ בלומענפעלד אָנדענק-קאָמיטעט	Theatre-related Society/ Union	1	דיאַנאַ בלומענפעלד אָנדענק-קאָמיטעט	ניו יאָרק			פאַראייניקטע שטאָטן										
ORG-C07216	אַן אַמעריקאַנער טעאַטער	Theatre	1	אַן אַמעריקאַנער טעאַטער					575 | 161	0.609 | 0.600	ipa_phonetic | ipa_phonetic							
ORG-C07217	האָבלעמס לענאָקס טעאַטער	Theatre	1	האָבלעמס לענאָקס טעאַטער														
ORG-C07218	יידישער אָפּטיילונג פֿון פֿעדעראַלן טעאַטער	Theatre	1	יידישער אָפּטיילונג פֿון פֿעדעראַלן טעאַטער	ניו יאָרק													
ORG-C07219	אַרבעטער טעאַטער גרופּע	Traveling Company	1	אַרבעטער טעאַטער גרופּע	מאָנטרעאָל			קאַנאַדע										
ORG-C07220	יידישער דראַמאַטישער שול א'א פֿון דר. מ. ווייכערט	Education	1	יידישער דראַמאַטישער שול א'א פֿון דר. מ. ווייכערט														
ORG-C07221	יידישן קראָקעווער טעאַטער א'אַ פֿון אַברהם מאָרעווסקי	Theatre	1	יידישן קראָקעווער טעאַטער א'אַ פֿון אַברהם מאָרעווסקי	קראָקע			פּוילן										
ORG-C07222	וואַרשעווער יידישער אַרטיסטן-פֿאַראיין	Theatre-related Society/ Union	1	וואַרשעווער יידישער אַרטיסטן-פֿאַראיין	וואַרשע			פּוילן										
ORG-C07223	גרופּע 36	Traveling Company	1	גרופּע 36														
ORG-C07224	טעאַטער-אַנסאַמבל א'א פֿון אידא קאַמינסקאַ	Traveling Company	1	טעאַטער-אַנסאַמבל א'א פֿון אידא קאַמינסקאַ														
ORG-C07225	לוואָווער (לעמבערגער) יידישן מלוכהטעאַטער	Theatre	1	לוואָווער (לעמבערגער) יידישן מלוכהטעאַטער	לוואָוו		לעמבערג	סאָוויעטנפֿאַרבאַנד	544 | 502 | 534 | 537 | 548	0.730 | 0.622 | 0.622 | 0.622 | 0.622	ipa_phonetic | ipa_phonetic | ipa_phonetic | ipa_phonetic | ipa_phonetic							
ORG-C07226	סאַןפּאַולער פֿאָלקס-הויז	Theatre	1	סאַןפּאַולער פֿאָלקס-הויז	סאַן פּאַולאָ		סאַןפּאַולער פֿאָלקס-הויז	בראַזיל										
ORG-C07227	ציוניסטיש-סאָציאַליסטישער באַוועגונג	Jewish political bodies	1	ציוניסטיש-סאָציאַליסטישער באַוועגונג	ווילנע													
ORG-C07228	פּרעסערס לאָקאָל פֿון דער אינטערנעשאָנאַל	Amateur	1	פּרעסערס לאָקאָל פֿון דער אינטערנעשאָנאַל	ניו יאָרק		לאָקאָל פֿון דער אינטערנעשאָנאַל											
ORG-C07229	דרעס-פּרעסערס לאָקאָל 60	Trade Union / Professional Association	1	דרעס-פּרעסערס לאָקאָל 60	ניו יאָרק													
ORG-C07230	שטאָטישער אַקאַדעמיע פֿון מאָלעריי און סקולפּטור	Education	1	שטאָטישער אַקאַדעמיע פֿון מאָלעריי און סקולפּטור	וואַרשע													
ORG-C07231	שווייגערס וואָקאָלער שול	Education	1	שווייגערס וואָקאָלער שול	זשיראַרדאָוו													
ORG-C07232	ש. אַנסקי-קולטור-קלוב	Amateur	1	ש. אַנסקי-קולטור-קלוב	ניו יאָרק			אַמעריקע										
ORG-C07233	נייער דראַמאַטישער שטערן	Traveling Company	1	נייער דראַמאַטישער שטערן	ניו יאָרק													
ORG-C07234	אַרטער שפּילער-קאָלעקטיוו	Traveling Company	1	אַרטער שפּילער-קאָלעקטיוו	ניו יאָרק													
ORG-C07235	יידישער ראַדיאָ-אָפּטיילונג פֿון פֿעדעראַלן טעאַטער	Media (Radio/ Film/TV)	1	יידישער ראַדיאָ-אָפּטיילונג פֿון פֿעדעראַלן טעאַטער														
ORG-C07236	א. א. א.	Welfare/Aid organization	1	א. א. א.	לאָס אַנדזשעלעס													
ORG-C07237	קאָמיוניטי סענטער	Theatre	1	קאָמיוניטי סענטער	מילוואָקי													
ORG-C07238	וועלפעיר דעפּאַרטמענט	Non-Jewish political bodies	1	וועלפעיר דעפּאַרטמענט														
ORG-C07239	שלום עליכם שול 3	Education	1	שלום עליכם שול 3														
ORG-C07240	נאַציאָנאַלער קאונסיל פון יידישע פרויען	Welfare/Aid organization	1	נאַציאָנאַלער קאונסיל פון יידישע פרויען	ניו יאָרק			אמעריקע										
ORG-C07241	בידערמאַן	Publisher	1	בידערמאַן	ניו יאָרק													
ORG-C07242	בלאָך פּאָבלישינג קאָמפּאַני	Publisher	1	בלאָך פּאָבלישינג קאָמפּאַני					465 | 52 | 549	1.000 | 0.783 | 0.760	exact | ipa_phonetic | ipa_phonetic	ALIGN	465				Sinai	2026-04-12T09:54:50Z
ORG-C07243	שלום עליכם פאָלקשולן	Education	1	שלום עליכם פאָלקשולן														
ORG-C07244	שלום עליכם פרויען אָרגאָניזאַציע	Theatre-related Society/ Union	1	שלום עליכם פרויען אָרגאָניזאַציע														
ORG-C07245	איסט בראָדוויי	Journals/ Newspapers	1	איסט בראָדוויי														
ORG-C07246	אידישער קאָנגרעס	Journals/ Newspapers	1	אידישער קאָנגרעס														
ORG-C07247	זונלאַנד	Journals/ Newspapers	1	זונלאַנד														
ORG-C07248	מאיאן טעאַטער	Theatre	1	מאיאן טעאַטער	לאָס-אַנדזשעלעס		מאיאן טעאַטער		526 | 252 | 552 | 560 | 616	0.750 | 0.692 | 0.667 | 0.667 | 0.667	ipa_phonetic | ipa_phonetic | ipa_phonetic | ipa_phonetic | ipa_phonetic							
ORG-C07249	פיגאַראַ טעאַטער	Theatre	1	פיגאַראַ טעאַטער	לאָס-אַנדזשעלעס		פיגאַראַ טעאַטער		630 | 600 | 252 | 529 | 552	0.769 | 0.692 | 0.615 | 0.615 | 0.615	ipa_phonetic | ipa_phonetic | ipa_phonetic | ipa_phonetic | ipa_phonetic							
ORG-C07250	איקוף-פֿאַרלאַג	Publisher	2	איקוף-פֿאַרלאַג	ניו יאָרקער | ניו-יאָרק													
ORG-C07251	טעאַטער-סטודיע ביים לאָסאַנדזשעלעסער יידישן קולטור-קלוב	Theatre	1	טעאַטער-סטודיע ביים לאָסאַנדזשעלעסער יידישן קולטור-קלוב	לאָסאַנדזשעלעסער		יידישן קולטור-קלוב											
ORG-C07252	לאַס פּאַלמאַס טעאַטער	Theatre	1	לאַס פּאַלמאַס טעאַטער	לאָס-אַנדזשעלעס		לאַס פּאַלמאַס טעאַטער		514	0.647	ipa_phonetic							
ORG-C07253	י. ל. פרץ-פאַרלאַג	Publisher	2	י. ל. פרץ-פאַרלאַג	תל-אביב		פֿאַרלאַג	ישראל										
ORG-C07254	קאַליפֿאַרניער יום-טוב בלעטער	Journals/ Newspapers	2	קאַליפֿאַרניער יום-טוב בלעטער	ל. א.													
ORG-C07255	ליטעראַריש דראַמאַטישער סוירקל	Theatre	1	ליטעראַריש דראַמאַטישער סוירקל	שיקאַגאָ	טעילאָר סטריט	שיקאַגאָ היבריו אינסטיטוט		606	0.621	ipa_phonetic							
ORG-C07256	שיקאַגער דראַמאַטישער געזעלשאַפט	Theatre	4	שיקאַגער דראַמאַטישע געזעלשאַפט | שיקאַגער דראַמאַטישער געזעלשאַפט	שיקאַגאָ	דאון טאון	סענטראָל טעאַטער		607 | 606	0.765 | 0.690	ipa_phonetic | ipa_phonetic							
ORG-C07257	שיקאַגער קונסט טעאַטער געזעלשאַפט	Theatre	1	שיקאַגער קונסט טעאַטער געזעלשאַפט	שיקאַגאָ		ביוראָ אין צענטער שטאָט		607	0.618	ipa_phonetic							
ORG-C07258	יידישער פֿאָלקס אינסטיטוט	Education	1	יידישער פֿאָלקס אינסטיטוט	שיקאַגאָ		מאָדערן טעאַטער מיט 790 זיץ-פּלעצער											
ORG-C07259	פֿיליפּ ווייזנפֿריינדס יידישן וואָדעווייל	Traveling Company	1	פֿיליפּ ווייזנפֿריינדס יידישן וואָדעווייל	שיקאַגאָ		פֿיליפּ ווייזנפֿריינדס יידישן וואָדעווייל											
ORG-C07260	בוכהאַנדלונג שאַפּיראָ	Publisher	1	בוכהאַנדלונג שאַפּיראָ	וואַרשע		בוכהאַנדלונג שאַפּיראָ	פּוילן										
ORG-C07261	ברידער אַדעלהיים	Traveling Company	1	ברידער אַדעלהיים	פּאָלטאָוואַ													
ORG-C07262	אוקראַאינישע אָפּערעטן-טרופּע סאַקסאַגאָרסקי-קריפּאָווניצקי	Traveling Company	1	אוקראַאינישע אָפּערעטן-טרופּע סאַקסאַגאָרסקי-קריפּאָווניצקי														
ORG-C07263	יידישער מוסטער און קונסט טעאַטער	Theatre	1	יידישער מוסטער און קונסט טעאַטער	קעשענעוו			רומעניע										
ORG-C07264	כאָר פון „אַרבייטער רינג“	Theatre	1	כאָר פון „אַרבייטער רינג“														
ORG-C07265	יידיש נאַצ. אַרב פֿאַרבאַנד	Jewish political bodies	1	יידיש נאַצ. אַרב פֿאַרבאַנד														
ORG-C07266	אינטערנאַציאָנאַלן אַרבעטער-פֿאַרבאַנד	Jewish political bodies	1	אינטערנאַציאָנאַלן אַרבעטער-פֿאַרבאַנד														
ORG-C07267	עלעמער חכמים	Traveling Company	1	עלעמער חכמים														
ORG-C07268	„סענטשורי טעאַטער“	Theatre	1	„סענטשורי טעאַטער“														
ORG-C07269	טיטאַ רופֿאַס בראָקלאַ אָפּערע קאָמפּאָני	Traveling Company	1	טיטאַ רופֿאַס בראָקלאַ אָפּערע קאָמפּאָני			דרום-אַמעריקע											
ORG-C07270	סאָן-קאַרלאָ אָפּערע קאָמפּאַניי	Theatre	2	סאָן-קאַרלאָ אָפּערע קאָמפּאַניי			פֿאַראייניקטע שטאָטן	פֿאַראייניקטע שטאָטן										
ORG-C07271	דאַהינאָווער ישיבה	Education	1	דאַהינאָווער ישיבה														
ORG-C07272	טרופּע פֿון אַטלאַס	Traveling Company	1	טרופּע פֿון אַטלאַס					542 | 578 | 486 | 596 | 626	0.800 | 0.706 | 0.667 | 0.667 | 0.667	ipa_phonetic | ipa_phonetic | ipa_phonetic | ipa_phonetic | ipa_phonetic							
ORG-C07273	מאַניטאָבאַ אוניווערזיטעט	Education	1	מאַניטאָבאַ אוניווערזיטעט					585 | 587 | 588 | 590 | 595	0.619 | 0.619 | 0.619 | 0.619 | 0.619	ipa_phonetic | ipa_phonetic | ipa_phonetic | ipa_phonetic | ipa_phonetic							
ORG-C07274	די קאַנאַדער אידישע וועלט	Journals/ Newspapers	1	די קאַנאַדער אידישע וועלט														
ORG-C07275	דער קענעדער איד	Journals/ Newspapers	1	דער קענעדער איד														
ORG-C07276	"ישיבה „משכן ישראל"""	Education	1	"ישיבה „משכן ישראל"""	פֿילאַדעלפיע		"ישיבה „משכן ישראל"""	אַמעריקע										
ORG-C07277	פּראָפעסאָר האַקסיס סקול אָוו מיוזיק ענד דראַמאַ	Education	1	פּראָפעסאָר האַקסיס סקול אָוו מיוזיק ענד דראַמאַ	פֿילאַדעלפיע		פּראָפעסאָר האַקסיס סקול אָוו מיוזיק ענד דראַמאַ	אַמעריקע										
ORG-C07278	קלינטאָן	Theatre	1	קלינטאָן	ניו יאָרק		קלינטאָן	אַמעריקע										
ORG-C07279	חזנים-זשורנאַל	Journals/ Newspapers	1	חזנים-זשורנאַל														
ORG-C07280	מלכה	Publisher	1	מלכה	ניו יאָרק		"פ""ג „מלכה"""	אַמעריקע										
ORG-C07281	ניו יאָרקער עדיוקיישאָנעל עלייענס	Theatre	1	ניו יאָרקער עדיוקיישאָנעל עלייענס	ניו יאָרק		עדיוקיישאָנעל עלייענס	אַמעריקע										
ORG-C07282	חזנים-פֿאַרבאַנד פֿון אַמעריקע און קאַנאַדע	Religious institutions/organizations	1	חזנים-פֿאַרבאַנד פֿון אַמעריקע און קאַנאַדע														
ORG-C07283	פּראָפעסיאנעלע יידישע ליטעראַרישע טעאַטער	Theatre	1	פּראָפעסיאנעלע יידישע ליטעראַרישע טעאַטער	ווין		פּראָפעסיאנעלע יידישע ליטעראַרישע טעאַטער	עסטרייך										
ORG-C07284	צו לאָך עס	Traveling Company	1	צו לאָך עס														
ORG-C07285	פולטאָן טעאַטער	Theatre	1	פולטאָן טעאַטער	ניו יאָרק		פולטאָן טעאַטער		123 | 577 | 252 | 526 | 560	0.692 | 0.692 | 0.615 | 0.615 | 0.615	ipa_phonetic | ipa_phonetic | ipa_phonetic | ipa_phonetic | ipa_phonetic							
ORG-C07286	ניו אוירווינג פלעי האָוז	Theatre	1	ניו אוירווינג פלעי האָוז														
ORG-C07287	מילוואַקייער יידישן צענטער	Theatre	1	מילוואַקייער יידישן צענטער	מילוואַקי		יידישן צענטער		472 | 500 | 575 | 609	0.680 | 0.640 | 0.640 | 0.600	ipa_phonetic | ipa_phonetic | ipa_phonetic | ipa_phonetic							
ORG-C07288	יהודה בלייך מעמאָריאָל אינסטיטוט	Education	1	יהודה בלייך מעמאָריאָל אינסטיטוט	מילוואַקי		יהודה בלייך מעמאָריאָל אינסטיטוט											
ORG-C07289	חברה קדישאַ ביי די עלייענס	Welfare/Aid organization	1	חברה קדישאַ ביי די עלייענס														
ORG-C07290	רוסישע קרייז-שול	Education	1	רוסישע קרייז-שול	פּעריעסלאָוו													
ORG-C07291	ניו יאָרק פּאָסט	Journals/ Newspapers	1	ניו יאָרק פּאָסט														
ORG-C07292	סיימאָן ענד שוסטער	Publisher	1	סיימאָן ענד שוסטער														
ORG-C07293	מאָסקווער יידישער טעאַטער	Theatre	1	מאָסקווער יידישער טעאַטער	מאָסקווע		מאָסקווער יידישער טעאַטער		575 | 609 | 543 | 472 | 500	0.826 | 0.818 | 0.750 | 0.727 | 0.682	ipa_phonetic | ipa_phonetic | ipa_phonetic | ipa_phonetic | ipa_phonetic							
ORG-C07294	שלום עליכם פֿאָלקספאָנד	Publisher	1	שלום עליכם פֿאָלקספאָנד	ניו יאָרק		שלום עליכם פֿאָלקספאָנד											
ORG-C07295	יאָנג דזשודעאַ	Education	1	יאָנג דזשודעאַ	ראַטשעסטער			אַמעריקע										
ORG-C07296	דעטראָיטער סיוויק אָפּערע קאָמפּאַני	Theatre	1	דעטראָיטער סיוויק אָפּערע קאָמפּאַני	דעטראָיט			אַמעריקע										
ORG-C07297	שרייבער-פֿאַראיין	Theatre-related Society/ Union	1	שרייבער-פֿאַראיין														
ORG-C07298	הלוי הזמיר כאָר	Musical organization	1	הלוי הזמיר כאָר	דעטראָיט													
ORG-C07299	סינסינעטי אָפּערע קאָמפאַני	Theatre	1	סינסינעטי אָפּערע קאָמפאַני														
ORG-C07300	דזשוליאַרד מוזיק-שול	Education	1	דזשוליאַרד מוזיק-שול	ניו-יאָרק													
ORG-C07301	דעטראָיטער סימפאָניע-אָרקעסטער	Theatre	1	דעטראָיטער סימפאָניע-אָרקעסטער														
ORG-C07302	ישראַלס פֿאַרטיידיקונגס-מיניסטעריום	Jewish political bodies	1	ישראַלס פֿאַרטיידיקונגס-מיניסטעריום				מדינת ישראל										
ORG-C07303	ישראל סימפאָני-אָרקעסטער	Theatre	1	ישראל סימפאָני-אָרקעסטער														
ORG-C07304	רוסישער שטאָטישער שול	Education	1	רוסישער שטאָטישער שול														
ORG-C07305	איסט סיידער נאַציאָנאַל-ראָדיקאַלע שול	Education	1	איסט סיידער נאַציאָנאַל-ראָדיקאַלע שול	איסט סייד		איסט סיידער נאַציאָנאַל-ראָדיקאַלע שול											
ORG-C07306	צוויי-קלאַסיקע רוסישע קרייז-שול	Education	1	צוויי-קלאַסיקע רוסישע קרייז-שול	פּראָסקוראָוו													
ORG-C07307	מעקאַ טעמפּל	Theatre	1	מעקאַ טעמפּל	ניו-יאָרק		מעקאַ טעמפּל											
ORG-C07308	מעטראָ מוזיק	Publisher	1	מעטראָ מוזיק														
ORG-C07309	יוגנט-פֿאַראיין	Education	1	יוגנט-פֿאַראיין	ביאַליסטאָק		יוגנט-פֿאַראיין	פּוילן										
ORG-C07310	פאַראיין פון יוגנט-ליבהאָבער דער קונסט	Theatre	1	פאַראיין פון יוגנט-ליבהאָבער דער קונסט			פאַראיין פון יוגנט-ליבהאָבער דער קונסט											
ORG-C07311	אויפסניי	Publisher	1	אויפסניי	פאַריז		אויפסניי	פראַנקרייך										
ORG-C07312	יידישע וואַנדער-טרופּעס	Traveling Company	1	יידישע וואַנדער-טרופּעס			אַמעריקע	אַמעריקע										
ORG-C07313	טרופּע פֿון פֿאָלקס-דיכטער דוד מייעראָוויטש	Traveling Company	1	טרופּע פֿון פֿאָלקס-דיכטער דוד מייעראָוויטש	וויניפּעג			קאַנאַדע										
ORG-C07314	די גאָלדענע קייט	Journals/ Newspapers	1	די גאָלדענע קייט					261 | 522	0.667 | 0.643	ipa_phonetic | ipa_phonetic							
ORG-C07315	טרופּע פֿון סעם אַדלער יעקב ספּיוואַקאָווסקי	Traveling Company	1	טרופּע פֿון סעם אַדלער יעקב ספּיוואַקאָווסקי														
ORG-C07316	קאָאָפּעראַטיווער טרופּע נומער איינס	Traveling Company	1	קאָאָפּעראַטיווער טרופּע נומער איינס	קרעמענטשוג													
ORG-C07317	קיעווער קונסט-טוער פֿאַראיין	Theatre-related Society/ Union	1	קיעווער קונסט-טוער פֿאַראיין	קיעוו													
ORG-C07318	מינסקער מלוכהשן יידישן טעאַטער	Theatre	1	מינסקער מלוכהשן יידישן טעאַטער	מינסק				501 | 633	0.645 | 0.613	fuzzy | fuzzy							
ORG-C07319	ראָמען	Theatre	1	ראָמען														
ORG-C07320	מאָסקווער צירק	Theatre	1	מאָסקווער צירק	מאָסקווע													
ORG-C07321	מאָסקווער ערשטער אַרבעטער קינסטלערישער טעאַטער	Theatre	1	מאָסקווער ערשטער אַרבעטער קינסטלערישער טעאַטער	מאָסקווע													
ORG-C07322	טעאַטער לענינסקי קאָמסאָמאָל	Theatre	1	טעאַטער לענינסקי קאָמסאָמאָל	מאָסקווע													
ORG-C07323	טעאַטער פֿאַר יוגנטלעכע צושויער	Theatre	1	טעאַטער פֿאַר יוגנטלעכע צושויער														
ORG-C07324	סטודיע פֿאַר אָפּערע	Education	1	סטודיע פֿאַר אָפּערע														
ORG-C07325	צענטראָלער היים פֿאַר אַרבעטער ביי קונסט	Theatre-related Society/ Union	1	צענטראָלער היים פֿאַר אַרבעטער ביי קונסט														
ORG-C07326	אַלרוסישער טעאַטראַלער געזעלשאַפט	Publisher	1	אַלרוסישער טעאַטראַלער געזעלשאַפט	מאָסקווע													
ORG-C07327	ברוקליין-קאַלעדזש	Education	2	ברוקליין-קאַלעדזש	ניו-יאָרק		ברוקלין קאָלעדזש	אַמעריקע										
ORG-C07328	במעלה	Traveling Company	1	במעלה	פלאַנסק													
ORG-C07329	באַמבערגער יידישע דראַמאַטישע סטודיע	Theatre	2	באַמבערגער יידישע דראַמאַטישע סטודיע	באַמבערג		באַמבערגער לאַגער | גרויסן לאַגער-זאַל	מערב-דייטשלאַנד	607 | 576	0.630 | 0.618	fuzzy | ipa_phonetic							
ORG-C07330	לאַנדסבערגער צייטונג	Journals/ Newspapers	1	לאַנדסבערגער צייטונג					81	0.700	ipa_phonetic							
ORG-C07331	דער לעצטער חורבן	Journals/ Newspapers	1	דער לעצטער חורבן	מינכן			דייטשלאנד										
ORG-C07332	"דראַמאַטישע גרופּע א""ר פֿון בן-אָרי"	Traveling Company	1	"דראַמאַטישע גרופּע א""ר פֿון בן-אָרי"														
ORG-C07333	ספּעשעלטי בעקערי אָונערס אָוו אַמעריקאַ	Trade Union / Professional Association	1	ספּעשעלטי בעקערי אָונערס אָוו אַמעריקאַ				אַמעריקע										
ORG-C07334	„קרומען שפּיגל“	Theatre	1	„קרומען שפּיגל“														
ORG-C07335	„פּראָלעטאָרישן סאַנאַטאָריום“	Health institutions	1	„פּראָלעטאָרישן סאַנאַטאָריום“	לאָס אַנדזשעלעס													
ORG-C07336	„קולטור און הילף“	Welfare/Aid organization	1	„קולטור און הילף“	מעקסיקאָ													
ORG-C07337	„מועצת הפּועלות“	Jewish political bodies	1	„מועצת הפּועלות“	מדינת ישראל			ישראל										
ORG-C07338	„יידישער קולטור-קלוב“	Theatre-related Society/ Union	1	„יידישער קולטור-קלוב“														
ORG-C07339	"שול ""עדת ישורון"""	Theatre	1	"שול ""עדת ישורון"""														
ORG-C07340	וואַרשעווער שול	Theatre	1	וואַרשעווער שול														
ORG-C07341	אינסטיטוט פֿאַר מוזיקאַלישער קונסט	Education	1	אינסטיטוט פֿאַר מוזיקאַלישער קונסט														
ORG-C07342	מאַנעס קאָלעדזש פֿון מוזיק	Education	1	מאַנעס קאָלעדזש פֿון מוזיק														
ORG-C07343	בעטהאָווען מוזיקאַלישע געזעלשאַפט	Musical organization	1	בעטהאָווען מוזיקאַלישע געזעלשאַפט	בראַנקס													
ORG-C07344	יוסף פּ. קאַץ פּאָבלישינג קאָמפּאָני	Publisher	1	יוסף פּ. קאַץ פּאָבלישינג קאָמפּאָני					465 | 549 | 52	0.633 | 0.633 | 0.600	ipa_phonetic | ipa_phonetic | ipa_phonetic							
ORG-C07345	יידישן געזאַנג-פֿאַראיין	Musical organization	1	יידישן געזאַנג-פֿאַראיין	פּעטערסאָן													
ORG-C07346	מעטראָ מוזיק קאָמפּאָני	Publisher	1	מעטראָ מוזיק קאָמפּאָני	ניו יאָרק	צווייטער עוועניו	צווייטער עוועניו											
ORG-C07347	געזעלשאַפט פון יידישע קאָמפּאָזיטאָרן	Trade Union / Professional Association	1	געזעלשאַפט פון יידישע קאָמפּאָזיטאָרן														
ORG-C07348	יידיש-נאַציאָנאָלער שולע	Education	1	יידיש-נאַציאָנאָלער שולע														
ORG-C07349	"רעגירונגס-סעמינאַר א""ל פֿון דר. פּאָזנאַנסקי"	Education	1	"רעגירונגס-סעמינאַר א""ל פֿון דר. פּאָזנאַנסקי"														
ORG-C07350	מק'מאַסטער אוניווערזיטעט	Education	1	מק'מאַסטער אוניווערזיטעט	טאָראָׁנטאָ				587 | 589 | 487 | 561 | 585	0.727 | 0.682 | 0.636 | 0.636 | 0.636	ipa_phonetic | ipa_phonetic | ipa_phonetic | ipa_phonetic | ipa_phonetic							
ORG-C07351	"א""ר-קעמפּ ""יונגוועלט“"	Education	1	"א""ר-קעמפּ ""יונגוועלט“"	טאָראָנטאָ													
ORG-C07352	יידישע דערציאונגס-ביוראָ	Education	1	יידישע דערציאונגס-ביוראָ	ניו-יאָרק													
ORG-C07353	יידישן טעאַטער אַנסאַמבל	Traveling Company	1	יידישן טעאַטער אַנסאַמבל														
ORG-C07354	ברוקלין אַקאַדעמי אוו מיוזיק	Theatre	1	ברוקלין אַקאַדעמי אוו מיוזיק	ברוקלין		ברוקלין אַקאַדעמי אוו מיוזיק											
ORG-C07355	י. ל. פרץ צווייג (38) פֿון פֿאַרבאַנד	Jewish political bodies	1	י. ל. פרץ צווייג (38) פֿון פֿאַרבאַנד														
ORG-C07356	קונסט-מוזעע אין צפת	Heritage Institution	1	קונסט-מוזעע אין צפת	צפת		קונסט-מוזעע אין צפת	מדינת ישראל										
ORG-C07357	ישיבות פֿון מיהאלאָוויץ-קאַשוי	Education	1	ישיבות פֿון מיהאלאָוויץ-קאַשוי			מיהאלאָוויץ-קאַשוי	אונגאַרן										
ORG-C07358	נייער לעמבערגער טאָגבלאַט	Journals/ Newspapers	1	נייער לעמבערגער טאָגבלאַט	לעמבערג													
ORG-C07359	טרופּע פֿון דאָווידזאָן	Traveling Company	1	טרופּע פֿון דאָווידזאָן	שיקאַגאָ				531 | 596 | 486 | 523 | 542	0.684 | 0.667 | 0.611 | 0.611 | 0.611	ipa_phonetic | ipa_phonetic | ipa_phonetic | ipa_phonetic | ipa_phonetic							
ORG-C07360	פאַראַמאָונט	Media (Radio/ Film/TV)	1	פאַראַמאָונט														
ORG-C07361	טרופּע פֿון שלמה פּריזאַמענט און הירש האַרט	Traveling Company	1	טרופּע פֿון שלמה פּריזאַמענט און הירש האַרט														
ORG-C07362	רוזוועלט טעאַטער	Theatre	1	רוזוועלט טעאַטער					577 | 630 | 426	0.643 | 0.643 | 0.643	ipa_phonetic | ipa_phonetic | ipa_phonetic							
ORG-C07363	רוסישע דראַמאַטישע קורסן	Education	1	רוסישע דראַמאַטישע קורסן	קיעוו													
ORG-C07364	אָפּערע-הויז	Theatre	1	אָפּערע-הויז	מילאַן		אָפּערע-הויז	איטאַליע										
ORG-C07365	הויכשול	Education	1	הויכשול	וואַרשע			פּוילן										
ORG-C07366	וואַרשעווער (שפּעטער) אונזער עקספרעס	Journals/ Newspapers	1	וואַרשעווער (שפּעטער) אונזער עקספרעס	וואַרשע			פּוילן										
ORG-C07367	ביבליאָטעק מאַרק ראַקאָווסקי	Publisher	1	ביבליאָטעק מאַרק ראַקאָווסקי	וואַרשע													
ORG-C07368	"הוצאָת „יבנה"""	Publisher	1	"הוצאָת „יבנה"""	תל-אביב			ישראל										
ORG-C07369	עדעלשטיינס פּיפּלס טעאַטער	Theatre	1	עדעלשטיינס פּיפּלס טעאַטער														
ORG-C07370	וויקטאָר	Publisher	1	וויקטאָר														
ORG-C07371	פּאָטעי	Publisher	1	פּאָטעי														
ORG-C07372	טעלעוויזיע	Media (Radio/ Film/TV)	1	טעלעוויזיע														
ORG-C07373	פאַראַמאונט סטודיאָ	Media (Radio/ Film/TV)	1	פאַראַמאונט סטודיאָ														
ORG-C07374	סאָלעל טעאַטער	Theatre	1	סאָלעל טעאַטער	בוענאָס איירעס		סאָלעל טעאַטער	אַרגענטינע	252 | 627 | 630 | 296 | 520	0.692 | 0.692 | 0.667 | 0.667 | 0.643	ipa_phonetic | ipa_phonetic | ipa_phonetic | ipa_phonetic | ipa_phonetic							
ORG-C07375	אַברהם גאָלדפֿאַדן טעאַטער	Theatre	1	אַברהם גאָלדפֿאַדן טעאַטער	בוענאָס איירעס		אַברהם גאָלדפֿאַדן טעאַטער	אַרגענטינע										
ORG-C07376	WNBC - ראַדיאָ	Media (Radio/ Film/TV)	1	WNBC - ראַדיאָ	ניו יאָרק		WNBC	אַמעריקע										
ORG-C07377	פֿאַרווערטס ראַדיאָ-שטונדע	Media (Radio/ Film/TV)	1	פֿאַרווערטס ראַדיאָ-שטונדע	ניו יאָרק			אַמעריקע										
ORG-C07378	לעטישן מלוכה-טעאַטער	Theatre	1	לעטישן מלוכה-טעאַטער	ריגע		לעטישן מלוכה-טעאַטער	לעטלאַנד	618 | 619 | 605 | 591 | 519	1.000 | 1.000 | 0.818 | 0.708 | 0.692	exact | exact | ipa_phonetic | ipa_phonetic | ipa_phonetic	NEW	619				Bella	2026-05-15T11:35:44Z
ORG-C07379	יידיש-דראַמאַטיש מלוכה-טעאַטער	Theatre	1	יידיש-דראַמאַטיש מלוכה-טעאַטער	מינסק				535 | 591 | 537	0.643 | 0.630 | 0.600	ipa_phonetic | ipa_phonetic | ipa_phonetic							
ORG-C07380	רעגירונגס-קאָנסערוואַטאָריע	Education	1	רעגירונגס-קאָנסערוואַטאָריע														
ORG-C07381	יידישער אַקטיאָרן קלוב	Theatre-related Society/ Union	1	יידישער אַקטיאָרן קלוב														
ORG-C07382	קיעווער פּאָליטעכניקום	Education	1	קיעווער פּאָליטעכניקום	קיעוו													
ORG-C07383	קרייטיוו טייטער	Theatre	1	קרייטיוו טייטער	פֿילאַדעלפיע				553	0.643	ipa_phonetic							
ORG-C07384	אַרטיק קאָונסיל / ל. מ. שטיין	Publisher	1	אַרטיק קאָונסיל / ל. מ. שטיין	שיקאַגאָ													
ORG-C07385	בראַנדייס קעמפּ	Education	1	בראַנדייס קעמפּ			פּאַקאָנָא בערג											
ORG-C07386	אַנטאַ	Theatre	1	אַנטאַ														
ORG-C07387	די היבריו ליטעראַטור סאָסייעטי	Theatre-related Society/ Union	1	די היבריו ליטעראַטור סאָסייעטי	פֿילאַדעלפיע	111 מאָרגייט סטריט	ערשטער וואוינונג											
ORG-C07388	רוסקי דראָמאַטייטשעסקי קרוזשאָק	Amateur	1	רוסקי דראָמאַטייטשעסקי קרוזשאָק	פֿילאַדעלפיע		קעליס האָל											
ORG-C07389	סקאַדווילער ישיבה	Education	1	סקאַדווילער ישיבה	סקאַדוויל		סקאַדווילער ישיבה											
ORG-C07390	בלומס וואָדעוויל-הויז	Theatre	1	בלומס וואָדעוויל-הויז														
ORG-C07391	יידישן דראַמאַ טורגען ליג	Theatre-related Society/ Union	1	יידישן דראַמאַ טורגען ליג														
ORG-C07392	קאָלעדזש וועלכער רופט זיך שאָפּ	Education	1	קאָלעדזש וועלכער רופט זיך שאָפּ														
ORG-C07393	„ריינעס ריעלטי קאָרפּאָריישאָן“	Business	1	„ריינעס ריעלטי קאָרפּאָריישאָן“				אַמעריקע										
ORG-C07394	„12-טע סטריט“	Theatre	1	„12-טע סטריט“	ניו-יאָרק		„12-טע סטריט“											
ORG-C07395	יידיש דראַמאַטישער קרייז	Theatre	1	יידיש דראַמאַטישער קרייז	מילוואָקי			אַמעריקע										
ORG-C07396	מוטער-פאַרבאַנד פון דער שול	Education	1	מוטער-פאַרבאַנד פון דער שול														
ORG-C07397	פאַרק וויאו מענאָר	Business	2	פאַרק וויאו מענאָר	לאָס אַנדזשעלעס		פאַרק וויאו מענאָר											
ORG-C07398	יידישע קינדער-היימען	Education	2	יידישע קינדער-היימען	וואַרשע | פאַריז			פראַנקרייך				SPLIT		Cluster contains generic name for children's homes in two distinct locations (Warsaw and Paris) and lacks specific DB candidates.			auto_drafter	2026-05-17T17:07:26Z
ORG-C07399	סענטער אין דימונה	Welfare/Aid organization	1	סענטער אין דימונה	דימונה			מדינת ישראל										
ORG-C07400	לאָניאַ בימקאָ ליטעראַטור פאַנד	Publisher	1	לאָניאַ בימקאָ ליטעראַטור פאַנד														
ORG-C07401	ס.ס-באַוועגונג	Jewish political bodies	1	ס.ס-באַוועגונג														
ORG-C07402	דראַנזשיקס שול	Education	1	דראַנזשיקס שול														
ORG-C07403	איראַן פּריפּעריטאָרי סקול	Education	1	איראַן פּריפּעריטאָרי סקול	ניו-יאָרק		איראַן פּריפּעריטאָרי סקול											
ORG-C07404	וועגעטאַרישער געדאַנק	Journals/ Newspapers	1	וועגעטאַרישער געדאַנק														
ORG-C07405	ציקאָ	Heritage Institution	2	ציקאָ														
ORG-C07406	פרענדס אָוו פּראָגרעס	OTHER - elaborate!	1	פרענדס אָוו פּראָגרעס	ניו-יאָרק			אַמעריקע										
ORG-C07407	בראַנזווילער יוגנט-ברענטש 18	Jewish political bodies	1	בראַנזווילער יוגנט-ברענטש 18	ניו-יאָרק			אַמעריקע										
ORG-C07408	האָליוואוד ברענטש	Jewish political bodies	1	האָליוואוד ברענטש	לאָס-אַנדזשעלעס			אַמעריקע										
ORG-C07409	הסתדרות-קאַמפּיינס	Jewish political bodies	2	הסתדרות-קאַמפּיינס | סתדרות-קאָמפּיינס	דעטראָיט													
ORG-C07410	הפּועל סאָקערטים	Sports/Recreation	1	הפּועל סאָקערטים	לאָס-אַנדזשעלעס			אַמעריקע				NEW	650				Sinai	2026-05-18T05:15:18Z
ORG-C07411	קאַלישער אומפּאַרטייאישער רעליף קאָמיטעט	Welfare/Aid organization	1	קאַלישער אומפּאַרטייאישער רעליף קאָמיטעט														
ORG-C07412	בנימין ווינטער ברענטש 425 פֿון פֿאַרבאַנד	Jewish political bodies	1	בנימין ווינטער ברענטש 425 פֿון פֿאַרבאַנד														
ORG-C07413	אירגון יוצאי קאַליש	Welfare/Aid organization	1	אירגון יוצאי קאַליש	תל-אביב		בית קאַליש											
ORG-C07414	אינטערנעשאָנאל לעידיס גאַרמענט וואירקערס יוניאָן	Trade Union / Professional Association	1	אינטערנעשאָנאל לעידיס גאַרמענט וואירקערס יוניאָן														
ORG-C07415	יידישע ענציקלאָפּעדיע	Publisher	1	יידישע ענציקלאָפּעדיע														
ORG-C07416	יידישע קונסט טעאַטער-געזעלשאַפט	Theatre	1	יידישע קונסט טעאַטער-געזעלשאַפט														
ORG-C07417	באָאַרד אָוו דזשואיש עדיוקיישאָן	Education	1	באָאַרד אָוו דזשואיש עדיוקיישאָן														
ORG-C07418	פאָלק און שול-דיוויזיע	Education	1	פאָלק און שול-דיוויזיע														
ORG-C07419	פאַרשיידענע הילפס-אָרגאַנייזאַציעס	Welfare/Aid organization	1	פאַרשיידענע הילפס-אָרגאַנייזאַציעס	מלאַווע			פּוילן										
ORG-C07420	חורבי שפת עבר	Jewish political bodies	1	חורבי שפת עבר	מלאַווע			פּוילן										
ORG-C07421	פאַרבאַנד פון די פּוילישע יידן	Welfare/Aid organization	1	פאַרבאַנד פון די פּוילישע יידן	דעטראָיט			אַמעריקע										
ORG-C07422	מלאַווער סאָסייעטי	Welfare/Aid organization	1	מלאַווער סאָסייעטי	דעטראָיט			אַמעריקע										
ORG-C07423	מלאַווער פאַראיין	Welfare/Aid organization	1	מלאַווער פאַראיין	לאָסאַנדזשעלעס			אַמעריקע										
ORG-C07424	קאַרנעני לייברערי	Theatre	1	קאַרנעני לייברערי	אַטלאַנטאָ		קאַרנעני לייברערי											
ORG-C07425	רחל-גרופּע פּיאָנערן פרויען	Jewish political bodies	1	רחל-גרופּע פּיאָנערן פרויען	לאָס אַנדזשעלעס													
ORG-C07426	פינסקי צווייג פֿון פֿאַרבאַנד	Jewish political bodies	1	פינסקי צווייג פֿון פֿאַרבאַנד	לאָס אַנדזשעלעס													
ORG-C07427	וועסטסייד קאָמיוניט סענטער	Welfare/Aid organization	1	וועסטסייד קאָמיוניט סענטער	לאָס אַנדזשעלעס													
ORG-C07428	"""וויסקאָנסין פלעיערס"""	Traveling Company	1	"""וויסקאָנסין פלעיערס"""					511	1.000	exact	NEW	511				Sinai	2026-04-05T17:35:31Z
ORG-C07429	וועסט ענד דראַמאָטיק קלוב	Theatre	1	וועסט ענד דראַמאָטיק קלוב	ניו-יאָרק		וועסט ענד דראַמאָטיק קלוב	אַמעריקע										
ORG-C07430	ל. א. פֿאָלקסבינע	Theatre	1	ל. א. פֿאָלקסבינע	לאָס אַנדזשעלעס		ל. א. פאָלקסבינע	אַמעריקע										
ORG-C07431	וועסטסייד קאַמיוניטי סענטער	Theatre	1	וועסטסייד קאַמיוניטי סענטער	לאָס אַנדזשעלעס		וועסטסייד קאַמיוניטי סענטער	אַמעריקע										
ORG-C07432	ס.ס. (ציוניסטן-סאָציאַליסטן)	Jewish political bodies	1	ס.ס. (ציוניסטן-סאָציאַליסטן)														
ORG-C07433	פֿאַראייניקטער לאָדזשער רעליף קאָמיטעט	Welfare/Aid organization	1	פֿאַראייניקטער לאָדזשער רעליף קאָמיטעט				אַמעריקע										
ORG-C07434	היים פֿאַר עלטערע מיטגלידער ביים 'אַרבעטער-רינג'	Welfare/Aid organization	1	היים פֿאַר עלטערע מיטגלידער ביים 'אַרבעטער-רינג'														
ORG-C07435	אַמעריקען קלאַוק ענד סוט מאַנופ. אַסאָס.	OTHER - elaborate!	1	אַמעריקען קלאַוק ענד סוט מאַנופ. אַסאָס.														
ORG-C07436	סענטערס באָל רעווי	Theatre	1	סענטערס באָל רעווי														
ORG-C07437	בוקאָווינער דראַמאַטישן פֿאַראיין	Theatre	1	בוקאָווינער דראַמאַטישן פֿאַראיין														
ORG-C07438	יחיעם-קלוב פֿון דער פּיאָנערן פרויען אָרגאַניזאַציע	Jewish political bodies	1	יחיעם-קלוב פֿון דער פּיאָנערן פרויען אָרגאַניזאַציע														
ORG-C07439	אינסטיטוט פֿאַר „אינטיריער דעקאָרעטינג“	Education	1	אינסטיטוט פֿאַר „אינטיריער דעקאָרעטינג“														
ORG-C07440	בני ברית-פרויען דיוויזיע	Welfare/Aid organization	1	בני ברית-פרויען דיוויזיע														
ORG-C07441	אַרמעע	Military	1	אַרמעע														
ORG-C07442	יידישן טעאַטער ביי אַברהם-יצחק קאַמינסקי	Theatre	1	יידישן טעאַטער ביי אַברהם-יצחק קאַמינסקי	וואַרשע													
ORG-C07443	חזן בירנבוימס באַרימטער חזנים-שול	Education	1	חזן בירנבוימס באַרימטער חזנים-שול	טשענסטאָכאָוו													
ORG-C07444	טוראָווער פאַראיין	Welfare/Aid organization	1	טוראָווער פאַראיין	דעטראָיט			אַמעריקע										
ORG-C07445	לעיבאָר לייסעאום	Jewish political bodies	1	לעיבאָר לייסעאום	דעטראָיט			אַמעריקע										
ORG-C07446	פּיפּלס רעליף	Welfare/Aid organization	1	פּיפּלס רעליף														
ORG-C07447	יעקאַטערינאָסלאַווער פאַראיין	Welfare/Aid organization	1	יעקאַטערינאָסלאַווער פאַראיין														
ORG-C07448	"מעדעם ברענטש א""ר"	Jewish political bodies	1	"מעדעם ברענטש א""ר"														
ORG-C07449	"א""ר קעמפּ"	Education	1	"א""ר קעמפּ"														
ORG-C07450	אַרבעטער-רינג דיוויזיע	Jewish political bodies	1	אַרבעטער-רינג דיוויזיע														
ORG-C07451	יידישן געריכט	Religious institutions/organizations	1	יידישן געריכט														
ORG-C07452	קעיק בעקערס יוניאָן	Trade Union / Professional Association	1	קעיק בעקערס יוניאָן														
ORG-C07453	גאָלדסטאָוון גרופּע	Theatre-related Society/ Union	1	גאָלדסטאָוון גרופּע														
ORG-C07454	סיטי אָוו האָופּ	Health institutions	1	סיטי אָוו האָופּ														
ORG-C07455	דעבאַראַ	Health institutions	1	דעבאַראַ														
ORG-C07456	חיים סאָלאָמאָן היים	Not an organization	1	חיים סאָלאָמאָן היים	וואַרשע		"וואַרשעווער ""חיים סאָלאָמאָן"" היים"											
ORG-C07457	ליטעראַריש דראַמאַטישן קונסט-ווינקל	Theatre	1	ליטעראַריש דראַמאַטישן קונסט-ווינקל														
ORG-C07458	דראַמאַטישער פֿאַראיין אין פֿילאַדעלפיע	Theatre	1	דראַמאַטישער פֿאַראיין אין פֿילאַדעלפיע	פֿילאַדעלפיע													
ORG-C07459	פאַרשיידענע ישיבות	Education	1	פאַרשיידענע ישיבות														
ORG-C07460	פעלשטיינער לעידיס עקזילערי	Welfare/Aid organization	1	פעלשטיינער לעידיס עקזילערי	ניו-יאָרק													
ORG-C07461	בעלראָוז דזשואיש סענטער	Religious institutions/organizations	1	בעלראָוז דזשואיש סענטער	ניו-יאָרק		בעלראָוז דזשואיש סענטער											
ORG-C07462	פּיאָנערן פרויען	Jewish political bodies	1	פּיאָנערן פרויען	ניו-יאָרק													
ORG-C07463	ערשטן פעלשטיינער אונטערשטיצונגס פאַראיין	Welfare/Aid organization	1	ערשטן פעלשטיינער אונטערשטיצונגס פאַראיין	ניו יאָרק			אַמעריקע										
ORG-C07464	קאָמיטעט, וואָס האָט אַרויסגעגעבן די צוויי בענד „צילי אַדלער דערציילט“	Publisher	1	קאָמיטעט, וואָס האָט אַרויסגעגעבן די צוויי בענד „צילי אַדלער דערציילט“														
ORG-C07465	לעידיס עקזילעריס פֿאַר דער ישיבה תורה דעת	Religious institutions/organizations	1	לעידיס עקזילעריס פֿאַר דער ישיבה תורה דעת														
ORG-C07466	קראָון הייטס ישיבה	Education	1	קראָון הייטס ישיבה	ברוקלין		קראָון הייטס ישיבה											
ORG-C07467	"יוגנט-גרופּע פּ""צ"	Jewish political bodies	1	"יוגנט-גרופּע פּ""צ"														
ORG-C07468	קלוב לאַ פּרעס זשוויוו	Theatre-related Society/ Union	1	קלוב לאַ פּרעס זשוויוו				בעלגיע										
ORG-C07469	עזרא	Welfare/Aid organization	1	עזרא														
ORG-C07470	בית לחם	Welfare/Aid organization	1	בית לחם														
ORG-C07471	פּוילישן פֿאַרבאַנד	Welfare/Aid organization	1	פּוילישן פֿאַרבאַנד	בריסל													
ORG-C07472	מכביאַדע	Education	1	מכביאַדע	תל אביב													
ORG-C07473	בעלגיש יידישן פֿאַראיין	Welfare/Aid organization	1	בעלגיש יידישן פֿאַראיין	ניו יאָרק													
ORG-C07474	בעלגישע יידישע סאָסייעטי	Welfare/Aid organization	1	בעלגישע יידישע סאָסייעטי	לאָס אַנדזשעלעס													
ORG-C07475	לאָדזשער סאָשל קלוב	Welfare/Aid organization	1	לאָדזשער סאָשל קלוב	לאָס אַנדזשעלעס													
ORG-C07476	סטאַרס אָוו טהי סיטי אָוו האָופּ	Traveling Company	1	סטאַרס אָוו טהי סיטי אָוו האָופּ														
ORG-C07477	קאָמבונד	Jewish political bodies	1	קאָמבונד														
ORG-C07478	געזביר	OTHER - elaborate!	1	געזביר	מעקסיקאָ													
ORG-C07479	פעדעראַציע פֿון די פּוילישע יידן	Welfare/Aid organization	1	פעדעראַציע פֿון די פּוילישע יידן	דעטראָיט			אַמעריקע										
ORG-C07480	ביאָלער פֿאַראיין	Welfare/Aid organization	1	ביאָלער פֿאַראיין	דעטראָיט			אַמעריקע										
ORG-C07481	בן-גוריון-צווייג פֿון יידיש-נאַציאָנאַלן אַרבעטער-פֿאַרבאַנד	Jewish political bodies	1	בן-גוריון-צווייג פֿון יידיש-נאַציאָנאַלן אַרבעטער-פֿאַרבאַנד	לאָס-אַנדזשעלעס													
ORG-C07482	שטאָט-קאָמיטעט	Jewish political bodies	1	שטאָט-קאָמיטעט	לאָס-אַנדזשעלעס													
ORG-C07483	קולטור צענטער אין דימונה	Education	1	קולטור צענטער אין דימונה	דימונה			מדינת ישראל										
ORG-C07484	באָנדס פֿאַר ישראל	Jewish political bodies	1	באָנדס פֿאַר ישראל														
ORG-C07485	פרי סאָנס אָוו איזראַעל	Welfare/Aid organization	1	פרי סאָנס אָוו איזראַעל														
ORG-C07486	נ. י. אוניווערזיטעט	Education	1	נ. י. אוניווערזיטעט	ניו-יאָרק				530 | 588 | 595 | 587 | 561	0.700 | 0.667 | 0.667 | 0.632 | 0.619	ipa_phonetic | ipa_phonetic | ipa_phonetic | ipa_phonetic | ipa_phonetic							
ORG-C07487	שלום-עליכם שטרייך-קוואַרטעט	Traveling Company	1	שלום-עליכם שטרייך-קוואַרטעט														
ORG-C07488	קאָמיוניטי סענטער אָוו איזראַעל	Welfare/Aid organization	1	קאָמיוניטי סענטער אָוו איזראַעל	ניו-יאָרק		פּעלהאַם בעי געגנט											
ORG-C07489	"„הצפֿירה""-גרופּע פֿון דער פּיאָנערן פרויען אָרגאַניזאַציע"	Jewish political bodies	1	"„הצפֿירה""-גרופּע פֿון דער פּיאָנערן פרויען אָרגאַניזאַציע"	לאָס-אַנדזשעלעס			אַמעריקע										
ORG-C07490	„פאָלנישע“	Traveling Company	1	„פאָלנישע“	בודאָפּעסט			אונגאַרן										
ORG-C07491	פיונעראָל פאַרלאָר	Business	1	פיונעראָל פאַרלאָר														
ORG-C07492	פאָלקס און האַנדלס-שול	Education	1	פאָלקס און האַנדלס-שול	מעקסיקאַ סיטי													
ORG-C07493	קינדער-טעאַטער ביים יידישן ספּאָרט-סענטער	Theatre	1	קינדער-טעאַטער ביים יידישן ספּאָרט-סענטער														
ORG-C07494	נייער יידישער שול	Education	1	נייער יידישער שול														
ORG-C07495	"ביבליאָטעק אין ""בית בערל“"	Education	1	"ביבליאָטעק אין ""בית בערל“"			בית בערל	מדינת ישראל										
ORG-C07496	"„הבימה""-טרופּע"	Theatre	1	"„הבימה""-טרופּע"	דעטראָיט													
ORG-C07497	„מאָריס ל. שעיווער פֿאַנדעישאָן“	Welfare/Aid organization	1	„מאָריס ל. שעיווער פֿאַנדעישאָן“														
ORG-C07498	יידיש-העברעישע חיים גרינבערג שול	Education	1	יידיש-העברעישע חיים גרינבערג שול	דעטראָיט													
ORG-C07499	חיים גרינבערג-צענטער	Jewish political bodies	1	חיים גרינבערג-צענטער	דעטראָיט													
