kima_id	kima_rom	variant	source	attestations	contexts	wikidata_qid	notes
32	New York (N.Y.)	ניו יאָרק	Zylbercweig lexicon (Maaty reconciliation)	4-facs_59_tr_1753681938|4-facs_85_tr_1753938252|4-facs_270_tr_1754998435|4-facs_322_tr_1754998441|1-facs_283_tr_1741260239|1-facs_407_tr_1739715069|1-facs_150_tr_1740521115|3-facs_308_tr_1755973377|4-facs_11_r|4-facs_27_r_14|4-facs_28_r|4-facs_41_r_2|4-facs_60_r_1|4-facs_85_tr_1753938252|4-facs_86_tr_1753938260|4-facs_87_tr_1753938277|4-facs_92_r_1|4-facs_95_tr_1753602022|4-facs_100_r|4-facs_114_tr_1753936423|4-facs_115_tr_1753936446|4-facs_143_tr_1754377592|4-facs_201_tr_1754998574|4-facs_202_tr_1754998544|4-facs_204_tr_1754998531|4-facs_251_tr_1754998368|4-facs_252_tr_1754998536|4-facs_269_tr_1754998524|4-facs_270_tr_1754998438|4-facs_270_tr_1754998433|4-facs_274_tr_1754998431|4-facs_276_tr_1754998432|4-facs_278_tr_1754998432|4-facs_279_tr_1754998502|4-facs_279_tr_1754998499|4-facs_320_r_8|4-facs_321_tr_1754998460|4-facs_322_tr_1754998436|4-facs_328_tr_1754998393|4-facs_342_tr_1754998516|4-facs_351_tr_1754998561|4-facs_355_tr_1754998462|4-facs_360_tr_1754998576|4-facs_372_tr_1755029967|4-facs_381_tr_1755030081|4-facs_388_tr_1755030259|4-facs_394_tr_1755030217|4-facs_439_tr_1755030088|4-facs_452_tr_1755030299|4-facs_591_tr_1755030163|4-facs_627_tr_1755030085|4-facs_653_tr_1755030263|4-facs_658_tr_1755030000|4-facs_666_tr_1755030169|1-facs_206_tr_1741260252|1-facs_207_tr_1741260323|1-facs_208_tr_1741260252|1-facs_209_tr_1741260252|1-facs_210_tr_1741260180|1-facs_212_tr_1741260189|1-facs_248_tr_1741260287|1-facs_255_tr_1741260319|1-facs_257_tr_1741260312|1-facs_280_r_2|1-facs_282_tr_1741260213|1-facs_304_tr_1741260480|1-facs_331_tr_1741260474|1-facs_333_tr_1741260492|1-facs_341_r_7|1-facs_376_tr_1741260453|1-facs_402_tr_1739715076|1-facs_404_r_8|1-facs_18_r|1-facs_19_r_6|1-facs_21_tr_1740515222|1-facs_36_tr_1740520946|1-facs_40_tr_1740521035|1-facs_49_tr_1740521083|1-facs_76_tr_1740520936|1-facs_78_tr_1740521032|1-facs_79_tr_1740520939|1-facs_120_tr_1740521118|1-facs_150_r|1-facs_201_tr_1741260321|1-facs_202_tr_1741260239|2-facs_9_tr_1743943368|2-facs_31_tr_1744131345|2-facs_74_tr_1744131378|2-facs_230_tr_1744280762|2-facs_243_tr_1744280772|2-facs_255_tr_1744280686|2-facs_267_tr_1744280748|2-facs_270_tr_1744280698|2-facs_271_tr_1744280771|2-facs_329_tr_1744365801|2-facs_352_r_2|2-facs_353_tr_1744365776|2-facs_365_tr_1744366824|2-facs_399_tr_1744366849|3-facs_35_tr_1752653010|3-facs_91_tr_1753268279|3-facs_158_tr_1755156151|3-facs_269_tr_1755674195|3-facs_276_tr_1755674176|3-facs_280_tr_1755674193|3-facs_284_tr_1755674201|3-facs_289_tr_1755803001|3-facs_289_tr_1755803006|3-facs_321_tr_1756057140|3-facs_324_tr_1756057476|3-facs_333_tr_1756059823|3-facs_349_tr_1756107917|3-facs_402_tr_1755856047|5-facs_598_tr_1739222546|6-facs_22_tr_1747746208|6-facs_31_r_1|6-facs_52_tr_1747746168|6-facs_59_tr_1747746198|6-facs_62_tr_1747746110|6-facs_66_tr_1747746213|6-facs_77_tr_1747746215|6-facs_180_tr_1747825079|6-facs_266_tr_1747929004|6-facs_408_tr_1747930566|7-facs_36_r_2|7-facs_53_r_4|7-facs_71_r|7-facs_72_r_5|1-facs_205_tr_1741260267|1-facs_261_tr_1741260195|1-facs_267_tr_1741260282|1-facs_278_tr_1741260264|1-facs_289_tr_1739714921|1-facs_320_tr_1741260428|1-facs_342_tr_1741260510|1-facs_365_tr_1741260398|1-facs_34_tr_1740521031|1-facs_78_tr_1740521046|1-facs_102_tr_1740521064|1-facs_110_tr_1740520985|1-facs_149_tr_1740521049|2-facs_9_tr_1743943374|2-facs_31_tr_1744131359|2-facs_242_tr_1744280794|2-facs_305_tr_1744365745|3-facs_276_tr_1755674176|3-facs_277_tr_1755674189|3-facs_316_tr_1756045031|3-facs_316_tr_1756045027|3-facs_340_tr_1756106824|6-facs_245_tr_1747928885|6-facs_465_tr_1747930358	burial|death|birth	Q60	match_status:WIKIDATA
154	Los Angeles (Calif.)	לאָס אַנדזשעלעס	Zylbercweig lexicon (Maaty reconciliation)	4-facs_79_tr_1753938275|4-facs_96_tr_1753602020|4-facs_668_tr_1755029974|6-facs_108_r_4|4-facs_34_r_1|4-facs_79_tr_1753938275|4-facs_96_tr_1753602020|4-facs_99_r_2|4-facs_130_r_2|4-facs_207_tr_1754998369|4-facs_375_tr_1755029880|4-facs_658_tr_1755030003|4-facs_670_tr_1755030252|3-facs_263_tr_1755674223|3-facs_320_tr_1756045941|3-facs_325_tr_1756057604|5-facs_597_tr_1739222301|5-facs_600_r_77|5-facs_609_r_249|6-facs_70_tr_1747746125|6-facs_99_tr_1747746187|6-facs_140_tr_1747825131|6-facs_140_tr_1747825133|6-facs_150_tr_1747825137|6-facs_170_tr_1747825074|6-facs_649_tr_1747930511|6-facs_666_r|7-facs_64_r_4	burial|death	Q65	match_status:WIKIDATA
753	Toronto (Ont.)	טאַראַנטאָ	Zylbercweig lexicon (Maaty reconciliation)	4-facs_95_tr_1753602024|4-facs_95_tr_1753602024|7-facs_53_r_4	burial|death|birth	Q172	match_status:WIKIDATA
419	Paris (France)	פּאַריז	Zylbercweig lexicon (Maaty reconciliation)	4-facs_141_tr_1754377601|4-facs_141_tr_1754377601|1-facs_332_tr_1741260395|1-facs_411_tr_1739715062|2-facs_77_tr_1744131362	burial|death	Q90	match_status:WIKIDATA
408	Philadelphia (Pa.)	פֿילאַדעלפיע	Zylbercweig lexicon (Maaty reconciliation)	4-facs_264_tr_1754998383|4-facs_137_tr_1754224982|4-facs_264_tr_1754998383|3-facs_272_tr_1755674151|3-facs_282_tr_1755674183|6-facs_102_tr_1747825160|4-facs_201_tr_1754998569|3-facs_345_r	burial|death|birth	Q1345	match_status:WIKIDATA
32	New York (N.Y.)	ניו-יאָרק	Zylbercweig lexicon (Maaty reconciliation)	4-facs_672_r_1|1-facs_78_tr_1740521048|2-facs_32_tr_1744131393|2-facs_129_tr_1744279170|6-facs_187_tr_1747825092|4-facs_103_tr_1753681918|4-facs_200_tr_1754841831|4-facs_249_tr_1754998575|4-facs_260_tr_1754998378|4-facs_261_tr_1754998424|4-facs_590_tr_1755030075|4-facs_591_tr_1755030161|4-facs_599_tr_1755030067|4-facs_601_tr_1755030110|4-facs_641_tr_1755030027|4-facs_661_tr_1755030263|4-facs_666_tr_1755030166|4-facs_672_r_1|1-facs_312_TextRegion_1708860417410_829|1-facs_319_r_1|1-facs_17_r_9|1-facs_23_r|1-facs_78_tr_1740521048|1-facs_90_tr_1740521094|1-facs_180_region_1715801037095_458|2-facs_34_tr_1744131414|2-facs_36_tr_1744131432|2-facs_37_tr_1744131389|2-facs_54_r_13|2-facs_90_tr_1744131418|2-facs_108_tr_1744279182|2-facs_112_tr_1744279073|2-facs_115_tr_1744279181|2-facs_129_tr_1744279170|2-facs_162_tr_1744279209|2-facs_187_tr_1744279120|2-facs_198_r_4|2-facs_212_r|2-facs_219_tr_1744280715|2-facs_232_tr_1744280746|2-facs_331_tr_1744365763|3-facs_12_tr_1752652594|3-facs_17_tr_1752653009|3-facs_29_tr_1752653006|3-facs_124_tr_1754820292|6-facs_18_tr_1747746206|6-facs_41_tr_1747746160|6-facs_50_tr_1747746182|6-facs_58_tr_1747746187|6-facs_58_r|6-facs_63_r_13|6-facs_69_tr_1747746123|6-facs_103_tr_1747825052|6-facs_104_tr_1747825074|6-facs_108_r_4|6-facs_125_tr_1747825049|6-facs_125_tr_1747825044|6-facs_149_tr_1747825121|6-facs_149_tr_1747825109|6-facs_156_tr_1747825094|6-facs_158_tr_1747825103|6-facs_165_tr_1747825091|6-facs_172_tr_1747825165|6-facs_176_tr_1747825145|6-facs_177_tr_1747825182|6-facs_185_tr_1747825159|6-facs_186_tr_1747825065|6-facs_196_tr_1747825036|6-facs_203_tr_1747929008|6-facs_237_tr_1747928923|6-facs_248_tr_1747928920|6-facs_255_tr_1747928944|6-facs_264_tr_1747928896|6-facs_265_tr_1747928990|6-facs_404_tr_1747930204|6-facs_417_tr_1747930464|6-facs_423_tr_1747930553|6-facs_454_tr_1747930319|6-facs_475_r|6-facs_538_r_3|6-facs_642_tr_1747930347|6-facs_644_tr_1747930335|6-facs_654_r_1|7-facs_72_tr_1757228897|7-facs_78_r_1|4-facs_200_tr_1754841831|4-facs_656_tr_1755029862|4-facs_669_tr_1755030278|4-facs_669_tr_1755030280|1-facs_400_TextRegion_1710065342920_478|1-facs_31_TextRegion_1710063786700_90|1-facs_38_tr_1740521009|1-facs_62_tr_1740520963|2-facs_32_tr_1744131395|2-facs_62_tr_1744131376|2-facs_213_r_27|2-facs_352_tr_1744365752|2-facs_407_r_2|6-facs_72_r_192|6-facs_475_r|6-facs_609_tr_1747930163|7-facs_74_r_3	burial|death|birth	Q60	match_status:WIKIDATA
953	Warsaw (Poland)	וואַרשע	Zylbercweig lexicon (Maaty reconciliation)	1-facs_298_tr_1741260461|1-facs_52_tr_1740521031|1-facs_119_tr_1740521143|2-facs_311_tr_1744365774|4-facs_354_tr_1754998468|1-facs_298_tr_1741260461|1-facs_311_tr_1741260486|1-facs_362_r_17|1-facs_52_tr_1740521031|1-facs_86_tr_1740521078|1-facs_119_tr_1740521143|2-facs_183_tr_1744279136|2-facs_186_tr_1744279126|2-facs_254_tr_1744280771|2-facs_262_tr_1744280732|2-facs_268_tr_1744280822|2-facs_319_r_1|2-facs_358_tr_1744365784|2-facs_404_tr_1744366806|3-facs_160_tr_1755156219|3-facs_275_tr_1755674163|3-facs_279_tr_1755674208|3-facs_283_tr_1755674200|3-facs_286_tr_1755674601|5-facs_43_tr_1733050580|5-facs_95_tr_1733059363|5-facs_179_tr_1736589033|5-facs_188_tr_1736589057|5-facs_204_tr_1739220839|5-facs_250_tr_1739221688|5-facs_272_tr_1739221128|5-facs_319_tr_1739221737|5-facs_326_tr_1739221462|5-facs_349_r|5-facs_401_tr_1739221667|5-facs_421_r_8|5-facs_423_tr_1739222033|5-facs_452_tr_1739221802|5-facs_529_tr_1739221773|5-facs_615_r_11|6-facs_11_tr_1747745181|6-facs_45_r_10|6-facs_49_tr_1747746207|6-facs_53_tr_1747746142|6-facs_56_tr_1747746145|6-facs_97_tr_1747746189|6-facs_101_tr_1747825157|6-facs_104_tr_1747825067|6-facs_141_tr_1747825143|6-facs_142_tr_1747825183|6-facs_224_tr_1747929007|6-facs_241_tr_1747928957|6-facs_251_tr_1747928968|6-facs_253_tr_1747928926|6-facs_327_tr_1747930566|6-facs_463_tr_1747930274|7-facs_39_r|7-facs_42_tr_1756359776|4-facs_28_r|4-facs_87_tr_1753938277|4-facs_141_tr_1754377601|4-facs_274_tr_1754998431|4-facs_330_tr_1754998396|4-facs_333_tr_1754998454|4-facs_351_tr_1754998561|4-facs_356_tr_1754998405|4-facs_358_tr_1754998513|4-facs_388_tr_1755030259|4-facs_400_tr_1755030252|4-facs_601_tr_1755030110|4-facs_632_tr_1755030238|4-facs_653_tr_1755030263|4-facs_658_tr_1755030000|4-facs_664_tr_1755030049|4-facs_671_tr_1755030275|1-facs_207_tr_1741260323|1-facs_250_tr_1741260267|1-facs_254_tr_1741260240|1-facs_260_tr_1741260301|1-facs_264_tr_1741260335|1-facs_267_tr_1741260286|1-facs_267_tr_1741260290|1-facs_280_TextRegion_1711971443107_368|1-facs_285_r_2|1-facs_303_tr_1741260404|1-facs_307_tr_1741260387|1-facs_311_tr_1741260486|1-facs_321_tr_1741260499|1-facs_331_tr_1741260474|1-facs_331_tr_1741260489|1-facs_333_tr_1741260495|1-facs_351_tr_1741260421|1-facs_356_tr_1741260406|1-facs_358_tr_1741260404|1-facs_360_TextRegion_1710852670035_228|1-facs_365_tr_1741260397|1-facs_368_TextRegion_1710163052802_374|1-facs_376_tr_1741260449|1-facs_389_tr_1739715087|1-facs_404_tr_1739715084|1-facs_410_tr_1739715091|1-facs_410_tr_1739715086|1-facs_410_tr_1739715084|1-facs_411_r|1-facs_413_tr_1739715088|1-facs_414_tr_1739715068|1-facs_42_tr_1740520978|1-facs_48_tr_1740521125|1-facs_58_tr_1740521139|1-facs_59_tr_1740521094|1-facs_65_tr_1740520951|1-facs_65_tr_1740520947|1-facs_67_tr_1740521120|1-facs_90_tr_1740521107|1-facs_91_tr_1740521127|1-facs_95_tr_1740521138|1-facs_113_tr_1740521032|1-facs_115_tr_1740520964|1-facs_118_tr_1740521141|1-facs_119_tr_1740521143|1-facs_120_tr_1740521118|1-facs_135_tr_1740521026|1-facs_138_tr_1740521018|1-facs_141_tr_1740521090|1-facs_146_tr_1740520953|1-facs_146_r_17|1-facs_147_tr_1740521034|1-facs_147_tr_1740521027|1-facs_148_tr_1740521149|1-facs_204_tr_1741260321|2-facs_9_r_3|2-facs_34_tr_1744131414|2-facs_36_tr_1744131432|2-facs_36_tr_1744131442|2-facs_36_r_4|2-facs_40_tr_1744131398|2-facs_42_tr_1744131426|2-facs_45_r_9|2-facs_45_tr_1744131387|2-facs_45_tr_1744131386|2-facs_46_tr_1744131398|2-facs_46_tr_1744131404|2-facs_54_r_9|2-facs_55_tr_1744131451|2-facs_56_tr_1744131366|2-facs_57_tr_1744131463|2-facs_58_tr_1744131437|2-facs_58_tr_1744131436|2-facs_62_tr_1744131370|2-facs_63_tr_1744131370|2-facs_72_tr_1744131376|2-facs_73_tr_1744131433|2-facs_75_tr_1744131432|2-facs_79_r_5|2-facs_81_tr_1744131370|2-facs_83_r_1|2-facs_104_r_4|2-facs_109_tr_1744279133|2-facs_110_tr_1744279156|2-facs_111_tr_1744279146|2-facs_111_tr_1744279150|2-facs_113_r_30|2-facs_118_r_1|2-facs_128_tr_1744279149|2-facs_146_tr_1744279102|2-facs_152_tr_1744279187|2-facs_153_tr_1744279072|2-facs_160_r_6|2-facs_178_tr_1744279111|2-facs_186_tr_1744279126|2-facs_186_tr_1744279145|2-facs_218_tr_1744280787|2-facs_218_tr_1744280785|2-facs_220_tr_1744280762|2-facs_228_r_9|2-facs_237_tr_1744280744|2-facs_240_r_2|2-facs_266_tr_1744280767|2-facs_292_tr_1744280742|2-facs_293_tr_1744280708|2-facs_305_tr_1744365748|2-facs_313_tr_1744365813|2-facs_314_tr_1744365768|2-facs_327_tr_1744365756|2-facs_330_tr_1744365791|2-facs_336_tr_1744365769|2-facs_339_tr_1744365749|2-facs_350_tr_1744365746|2-facs_358_tr_1744365785|2-facs_365_tr_1744366830|2-facs_378_tr_1744366816|2-facs_384_tr_1744366808|2-facs_385_tr_1744366798|2-facs_391_tr_1744366856|2-facs_404_tr_1744366806|3-facs_15_tr_1752653013|3-facs_29_tr_1752653013|3-facs_115_tr_1753726022|3-facs_126_tr_1754820323|3-facs_129_r|3-facs_129_tr_1754820306|3-facs_135_tr_1754820287|3-facs_136_tr_1754820292|3-facs_153_tr_1754213807|3-facs_155_tr_1754213825|3-facs_275_tr_1755674163|3-facs_275_tr_1755674168|3-facs_283_tr_1755674200|3-facs_311_tr_1755975322|3-facs_315_tr_1756044900|3-facs_317_tr_1756045226|3-facs_318_tr_1756045381|3-facs_329_tr_1756058152|3-facs_332_tr_1756058897|3-facs_333_tr_1756059823|3-facs_349_tr_1756107917|3-facs_373_tr_1755856146|3-facs_374_r_1|3-facs_398_r_2|3-facs_401_tr_1755856147|5-facs_33_r|5-facs_59_tr_1733050535|5-facs_66_tr_1733059440|5-facs_69_tr_1733059503|5-facs_77_tr_1733059394|5-facs_77_tr_1733059398|5-facs_78_tr_1733059340|5-facs_100_r|5-facs_106_tr_1733832713|5-facs_116_tr_1733832781|5-facs_117_tr_1733832750|5-facs_123_tr_1733832749|5-facs_124_tr_1733832663|5-facs_145_tr_1733832655|5-facs_147_tr_1733832799|5-facs_158_tr_1735652602|5-facs_161_tr_1735652635|5-facs_163_tr_1735652631|5-facs_164_tr_1735652626|5-facs_177_tr_1736589074|5-facs_178_tr_1736588955|5-facs_180_tr_1736588913|5-facs_199_tr_1736588971|5-facs_213_tr_1739221750|5-facs_229_tr_1739222567|5-facs_229_tr_1739222571|5-facs_230_tr_1739221425|5-facs_237_tr_1739220686|5-facs_237_tr_1739220691|5-facs_238_tr_1739221128|5-facs_238_tr_1739221129|5-facs_240_tr_1739222483|5-facs_243_tr_1739220911|5-facs_255_tr_1739220788|5-facs_258_r|5-facs_273_tr_1739222329|5-facs_273_tr_1739222330|5-facs_296_tr_1739220884|5-facs_300_tr_1739221668|5-facs_306_tr_1739221515|5-facs_319_tr_1739221737|5-facs_347_tr_1739221408|5-facs_348_tr_1739220913|5-facs_349_tr_1739221468|5-facs_349_r|5-facs_360_tr_1739221936|5-facs_373_r|5-facs_432_r|5-facs_435_tr_1739222512|5-facs_436_tr_1739220741|5-facs_442_tr_1739222523|5-facs_443_tr_1739220791|5-facs_485_r|5-facs_508_tr_1739222135|5-facs_534_tr_1739222534|5-facs_558_tr_1739222068|5-facs_564_tr_1739222472|5-facs_586_tr_1739221917|5-facs_586_tr_1739221921|5-facs_590_tr_1739222452|5-facs_598_tr_1739222546|5-facs_607_tr_1739222282|6-facs_31_r_1|6-facs_49_tr_1747746207|6-facs_53_tr_1747746142|6-facs_65_tr_1747746187|6-facs_101_tr_1747825157|6-facs_102_tr_1747825160|6-facs_104_tr_1747825076|6-facs_110_tr_1747825093|6-facs_124_tr_1747825116|6-facs_141_tr_1747825143|6-facs_142_tr_1747825183|6-facs_152_tr_1747825185|6-facs_163_tr_1747825045|6-facs_171_tr_1747825166|6-facs_174_tr_1747825082|6-facs_241_tr_1747928957|6-facs_265_r|6-facs_419_tr_1747930126|6-facs_463_tr_1747930274|6-facs_607_tr_1747930558|7-facs_10_tr_1756280321|7-facs_31_tr_1756359774|7-facs_39_r|7-facs_56_r|7-facs_74_tr_1757228890|7-facs_82_tr_1757228891|7-facs_85_tr_1757228900	burial|death|birth	Q270	match_status:WIKIDATA
282	Chicago (Ill.)	שיקאָגאָ	Zylbercweig lexicon (Maaty reconciliation)	1-facs_361_r_9|1-facs_247_tr_1713385122|1-facs_353_tr_1741260469|1-facs_291_tr_1741260462|1-facs_292_tr_1741260514|1-facs_294_tr_1741260432	burial|death|birth	Q1297	match_status:WIKIDATA
533	Istanbul (Turkey)	קאָנסטאַנטינאָפּאָל	Zylbercweig lexicon (Maaty reconciliation)	1-facs_395_r_6|1-facs_395_r_6|4-facs_207_tr_1754998369	burial|death|birth	Q406	match_status:WIKIDATA
179	Łódź (Poland)	לאָדזש	Zylbercweig lexicon (Maaty reconciliation)	1-facs_43_tr_1740520992|5-facs_19_tr_1729944965|4-facs_70_r|1-facs_390_tr_1739715054|1-facs_395_r_10|1-facs_43_tr_1740520992|2-facs_83_tr_1744131381|2-facs_114_tr_1744279198|2-facs_321_tr_1744365709|5-facs_19_tr_1729944965|5-facs_198_tr_1736588963|5-facs_372_tr_1739222357|4-facs_41_r_2|4-facs_141_tr_1754377600|4-facs_248_tr_1754998565|4-facs_659_tr_1755030149|1-facs_251_tr_1741260233|1-facs_257_tr_1741260315|1-facs_269_tr_1741260225|1-facs_282_tr_1741260219|1-facs_285_TextRegion_1711970098202_35|1-facs_304_tr_1741260491|1-facs_307_tr_1741260374|1-facs_309_r_13|1-facs_321_tr_1741260500|1-facs_345_r_10|1-facs_346_TextRegion_1710166806332_464|1-facs_347_TextRegion_1710167012304_556|1-facs_390_tr_1739715034|1-facs_395_r_10|1-facs_405_TextRegion_1710157124987_295|1-facs_409_TextRegion_1710065090972_381|1-facs_416_tr_1739715064|1-facs_31_TextRegion_1710063820301_118|1-facs_42_tr_1740520982|1-facs_51_tr_1740521069|1-facs_61_tr_1740521163|1-facs_64_tr_1740520942|1-facs_64_tr_1740520956|1-facs_64_tr_1740520959|1-facs_77_tr_1740520974|1-facs_91_tr_1740521128|1-facs_93_tr_1740521094|1-facs_95_tr_1740521146|1-facs_100_tr_1740521004|1-facs_107_tr_1740521172|1-facs_139_r_2|2-facs_37_tr_1744131389|2-facs_49_tr_1744131389|2-facs_72_tr_1744131378|2-facs_83_tr_1744131381|2-facs_89_r_6|2-facs_114_tr_1744279198|2-facs_115_tr_1744279180|2-facs_185_tr_1744279134|2-facs_189_tr_1744279163|2-facs_216_tr_1744280686|2-facs_266_r_2|2-facs_330_tr_1744365810|3-facs_32_r_8|3-facs_89_tr_1753268336|3-facs_126_tr_1754820315|3-facs_126_tr_1754820316|3-facs_274_tr_1755674144|3-facs_277_tr_1755674194|3-facs_313_tr_1756043360|3-facs_334_tr_1756105641|3-facs_338_tr_1756106571|3-facs_338_tr_1756106568|3-facs_345_tr_1756107437|3-facs_398_tr_1755856092|3-facs_400_tr_1755856076|3-facs_400_tr_1755856074|5-facs_28_tr_1729945273|5-facs_41_tr_1733050381|5-facs_64_tr_1733059339|5-facs_70_tr_1733059368|5-facs_73_tr_1733059356|5-facs_80_tr_1733059422|5-facs_88_tr_1733059455|5-facs_97_tr_1733059490|5-facs_111_tr_1733832758|5-facs_126_tr_1733832830|5-facs_143_tr_1733832807|5-facs_172_tr_1736589034|5-facs_175_tr_1736588934|5-facs_176_tr_1736589036|5-facs_185_tr_1736588943|5-facs_185_tr_1736588927|5-facs_199_tr_1736588975|5-facs_225_tr_1739222150|5-facs_273_tr_1739222328|5-facs_280_tr_1739220952|5-facs_305_tr_1739220515|5-facs_322_tr_1739221858|5-facs_331_tr_1739222358|5-facs_332_tr_1739221443|5-facs_333_tr_1739220904|5-facs_371_tr_1739222499|5-facs_445_tr_1739221346|5-facs_452_tr_1739221802|5-facs_508_tr_1739222134|5-facs_547_tr_1739222033|5-facs_560_tr_1739220846|5-facs_617_r_315|6-facs_44_tr_1747746152|6-facs_45_tr_1747746107|6-facs_63_tr_1747746207|6-facs_116_tr_1747825108|6-facs_142_tr_1747825180|6-facs_174_tr_1747825098|6-facs_183_tr_1747825124	burial|death|birth	Q580	match_status:WIKIDATA
510	Buenos Aires (Argentina)	בוענאָס איירעס	Zylbercweig lexicon (Maaty reconciliation)	1-facs_123_tr_1740520960|1-facs_123_tr_1740520960|2-facs_357_tr_1744365788|3-facs_129_tr_1754820306|7-facs_19_r_7|7-facs_21_tr_1756831761|7-facs_24_tr_1756894820|7-facs_25_r_3|7-facs_34_r|7-facs_43_tr_1756359812|7-facs_68_r_4	burial|death	Q1486	match_status:WIKIDATA
677	Brody (Ukraine)	בראָד	Zylbercweig lexicon (Maaty reconciliation)	1-facs_127_tr_1740521137|1-facs_127_tr_1740521137|1-facs_131_tr_1740521165|1-facs_127_tr_1740521137|1-facs_127_tr_1740521131	burial|death|birth	Q465104	match_status:WIKIDATA
656	Bucharest (Romania)	בוקאַרעסט	Zylbercweig lexicon (Maaty reconciliation)	1-facs_134_tr_1740520965|4-facs_277_tr_1754998404|1-facs_61_tr_1740521158|1-facs_131_tr_1740521175|1-facs_134_tr_1740520965|1-facs_134_tr_1740520951|2-facs_116_tr_1744279120|2-facs_127_tr_1744279075|2-facs_364_tr_1744366859|4-facs_86_tr_1753938260|4-facs_137_tr_1754224982|4-facs_270_tr_1754998435|4-facs_277_tr_1754998404|1-facs_252_tr_1741260223|1-facs_260_tr_1741260279|1-facs_266_tr_1741260241|1-facs_366_tr_1741260406|1-facs_381_r_9|1-facs_58_tr_1740521146|1-facs_60_tr_1740521080|1-facs_60_tr_1740521087|1-facs_151_r_6|2-facs_86_tr_1744131447|2-facs_137_tr_1744279152|2-facs_174_r_20|2-facs_197_tr_1744279124|2-facs_221_tr_1744280749|2-facs_230_tr_1744280765|2-facs_372_tr_1744366832|3-facs_34_r_3|6-facs_464_tr_1747930212|7-facs_10_r_5|7-facs_30_r_7	burial|death|birth	Q19660	match_status:WIKIDATA
8353	Arad (Romania)	אַראָד	Zylbercweig lexicon (Maaty reconciliation)	2-facs_112_tr_1744279063|2-facs_112_tr_1744279063	burial|death	Q173591	match_status:WIKIDATA
188	Moscow (Russia)	מאָסקווע	Zylbercweig lexicon (Maaty reconciliation)	2-facs_179_tr_1744279074|4-facs_668_tr_1755029974|1-facs_59_tr_1740521083|2-facs_179_tr_1744279074|5-facs_438_r_4|5-facs_484_r_5|6-facs_20_tr_1747746136|6-facs_260_tr_1747928893|7-facs_46_r_2|4-facs_564_tr_1755029956|1-facs_249_tr_1741260208|1-facs_274_tr_1741260201|1-facs_124_tr_1740520978|2-facs_50_tr_1744131406|2-facs_222_tr_1744280833|2-facs_398_tr_1744366863|3-facs_29_tr_1752653003|3-facs_314_tr_1756043856|5-facs_191_tr_1736588979	burial|death|birth	Q649	match_status:WIKIDATA
7869	Santiago (Chile)	סאַנטיאגאָ	Zylbercweig lexicon (Maaty reconciliation)	3-facs_128_tr_1754820296|3-facs_128_tr_1754820296	burial|death	Q2887	match_status:WIKIDATA
282	Chicago (Ill.)	שיקאַגאָ	Zylbercweig lexicon (Maaty reconciliation)	3-facs_278_tr_1755674209|4-facs_39_tr_1752612112|4-facs_248_tr_1754998565|4-facs_276_tr_1754998430|4-facs_330_tr_1754998389|4-facs_385_tr_1755029934|1-facs_78_tr_1740521038|3-facs_32_r_2|3-facs_37_tr_1752653025|4-facs_64_r_1|4-facs_79_tr_1753938273|4-facs_409_r_1	burial|death|birth	Q1297	match_status:WIKIDATA
523	Białystok (Poland)	ביאַליסטאָק	Zylbercweig lexicon (Maaty reconciliation)	5-facs_97_tr_1733059490|5-facs_136_tr_1733832804|1-facs_142_tr_1740521055|5-facs_97_tr_1733059490|5-facs_136_tr_1733832804|5-facs_174_tr_1736589029|5-facs_215_tr_1739221501|4-facs_59_tr_1753681938|4-facs_320_r_8|4-facs_593_tr_1755030177|1-facs_259_tr_1741260211|1-facs_284_tr_1741260301|1-facs_286_TextRegion_1711970312420_135|1-facs_295_tr_1741260503|1-facs_376_tr_1741260453|1-facs_383_tr_1739715269|1-facs_404_tr_1739715089|1-facs_22_tr_1740515224|1-facs_95_tr_1740521141|1-facs_99_tr_1740520997|1-facs_150_tr_1740521115|2-facs_161_tr_1744279088|2-facs_219_tr_1744280729|2-facs_270_tr_1744280697|2-facs_318_tr_1744365808|2-facs_326_tr_1744365739|2-facs_362_tr_1744366876|3-facs_18_tr_1752653039|3-facs_127_tr_1754820296|3-facs_272_tr_1755674155|3-facs_337_tr_1756106065|3-facs_397_tr_1755856120|5-facs_174_tr_1736589029|5-facs_563_tr_1739221890|6-facs_459_tr_1747930174	burial|death|birth	Q761	match_status:WIKIDATA
102	Slonim (Belarus)	סלאָנים	Zylbercweig lexicon (Maaty reconciliation)	5-facs_438_tr_1739221803|5-facs_196_tr_1736589003|5-facs_281_r_1|5-facs_354_tr_1739222163|5-facs_356_tr_1739222166|5-facs_438_tr_1739221803|5-facs_587_tr_1739221100	burial|death	Q863576	match_status:WIKIDATA
656	Bucharest (Romania)	בוקאַרעשט	Zylbercweig lexicon (Maaty reconciliation)	6-facs_162_tr_1747825129|6-facs_162_tr_1747825129|6-facs_183_tr_1747825124|5-facs_280_r|6-facs_160_tr_1747825040|6-facs_405_tr_1747930577	burial|death|birth	Q19660	match_status:WIKIDATA
6918	Chernivt︠s︡i (Ukraine)	טשערנאָוויץ	Zylbercweig lexicon (Maaty reconciliation)	6-facs_413_tr_1747930424|1-facs_59_tr_1740521087|3-facs_313_tr_1756043360|5-facs_81_tr_1733059413|5-facs_351_r_11|5-facs_548_tr_1739220543|6-facs_413_tr_1747930424|7-facs_50_tr_1756359800|4-facs_658_tr_1755030003|1-facs_310_tr_1741260423|1-facs_404_r|1-facs_408_r_7|1-facs_151_tr_1740521143|2-facs_38_tr_1744131347|5-facs_247_tr_1739222205|5-facs_358_tr_1739221614|5-facs_569_tr_1739221277|5-facs_605_r_101|6-facs_29_tr_1747746221|6-facs_30_tr_1747746182|6-facs_65_tr_1747746178|6-facs_565_tr_1752129112|6-facs_566_tr_1752130132|6-facs_642_tr_1747930358|7-facs_54_r_10	burial|death|birth	Q157725	match_status:WIKIDATA
951	Wrocław (Poland)	ווראָצלאָוו	Zylbercweig lexicon (Maaty reconciliation)	6-facs_463_tr_1747930281	burial	Q1799	match_status:WIKIDATA
579	Leipzig (Germany)	לייפּציג	Zylbercweig lexicon (Maaty reconciliation)	6-facs_468_tr_1747930432|6-facs_468_tr_1747930432	burial|death	Q2079	match_status:WIKIDATA
32	New York (N.Y.)	„מאַנהעטן סטעיט האָספּיטאַל״ פֿון סענטראל אייסליפּ	Zylbercweig lexicon (Maaty reconciliation)	4-facs_43_r	death	Q60	match_status:WIKIDATA
32	New York (N.Y.)	מאָונט וואוירנאָן	Zylbercweig lexicon (Maaty reconciliation)	4-facs_47_r_2	death	Q60	match_status:WIKIDATA
32	New York (N.Y.)	ניו יאָָרק	Zylbercweig lexicon (Maaty reconciliation)	4-facs_55_tr_1753681940|4-facs_358_tr_1754998513|4-facs_401_tr_1755030076|4-facs_405_tr_1755029979|1-facs_81_r_7|6-facs_21_r_2|7-facs_52_tr_1756359809|7-facs_53_tr_1756359804|7-facs_71_tr_1757228899|4-facs_597_tr_1755030190|1-facs_277_tr_1741260245|1-facs_360_r_7_1|1-facs_407_tr_1739715069|1-facs_34_tr_1740521039|3-facs_329_tr_1756058147|3-facs_343_tr_1756107173	death|birth	Q60	match_status:WIKIDATA
903	Detroit (Mich.)	דעטראָיט	Zylbercweig lexicon (Maaty reconciliation)	4-facs_59_tr_1753681938|4-facs_202_tr_1754998546|4-facs_322_tr_1754998441|3-facs_275_tr_1755674154|7-facs_24_r_5|7-facs_44_tr_1756359784	death|birth	Q12439	match_status:WIKIDATA
408	Philadelphia (Pa.)	פילאַדעלפיע	Zylbercweig lexicon (Maaty reconciliation)	4-facs_69_tr_1753681922	death	Q1345	match_status:WIKIDATA
32	New York (N.Y.)	ניויאָרק	Zylbercweig lexicon (Maaty reconciliation)	4-facs_79_tr_1753938272|4-facs_386_tr_1755029936|1-facs_348_r_5|7-facs_57_tr_1756359815	death|birth	Q60	match_status:WIKIDATA
32	New York (N.Y.)	פּעלהאַם-קע	Zylbercweig lexicon (Maaty reconciliation)	4-facs_82_tr_1753938284	death	Q60	match_status:WIKIDATA
6462	San Francisco (Calif.)	סאַן פֿראַנציסקאָ	Zylbercweig lexicon (Maaty reconciliation)	4-facs_91_tr_1753602024|6-facs_58_r_23	death	Q62	match_status:WIKIDATA
813	Johannesburg (South Africa)	יאָהאַניסבורג	Zylbercweig lexicon (Maaty reconciliation)	4-facs_97_tr_1753602022	death	Q34647	match_status:WIKIDATA
958	Kiev (Ukraine)	משוגעים-הויז אויף קירילאָווקע	Zylbercweig lexicon (Maaty reconciliation)	4-facs_101_r_1	death	Q1899	match_status:WIKIDATA
678	Saint Petersburg (Russia)	לענינגראַד	Zylbercweig lexicon (Maaty reconciliation)	4-facs_102_r_1|6-facs_68_tr_1747746105	death	Q656	match_status:WIKIDATA
32	New York (N.Y.)	אַרבעטער רינג סאַנאַטאָריע פֿאַר שווינדזיכטיקע	Zylbercweig lexicon (Maaty reconciliation)	4-facs_129_r_2	death	Q60	match_status:WIKIDATA
32	New York (N.Y.)	פֿוירנדעיל	Zylbercweig lexicon (Maaty reconciliation)	4-facs_132_tr_1754224993	death	Q60	match_status:WIKIDATA
7033	Mexico City (Mexico)	מעקסיקאָ סיטי	Zylbercweig lexicon (Maaty reconciliation)	4-facs_141_tr_1754377600|3-facs_330_tr_1756058354	death	Q1489	match_status:WIKIDATA
688	London (England)	לאָנדאָן	Zylbercweig lexicon (Maaty reconciliation)	4-facs_247_tr_1754998367|1-facs_270_r|1-facs_382_tr_1739715265|1-facs_411_tr_1739715050|1-facs_17_r_3|1-facs_142_tr_1740521045|2-facs_213_r_2|2-facs_372_tr_1744366832|6-facs_19_tr_1747746110|6-facs_133_tr_1747825075|6-facs_134_tr_1747825144|6-facs_150_tr_1747825139	death	Q84	match_status:WIKIDATA
32	New York (N.Y.)	סאַראַטאָגאַ ספּרינגס	Zylbercweig lexicon (Maaty reconciliation)	4-facs_323_tr_1754998449	death	Q60	match_status:WIKIDATA
32	New York (N.Y.)	לאַנג איילאַנד	Zylbercweig lexicon (Maaty reconciliation)	4-facs_323_tr_1754998450	death	Q60	match_status:WIKIDATA
32	New York (N.Y.)	ניו יאָרק	Zylbercweig lexicon (Maaty reconciliation)	4-facs_352_tr_1754998404|4-facs_394_tr_1755030217|2-facs_318_r_2|3-facs_279_tr_1755674215	death|birth	Q60	match_status:WIKIDATA
154	Los Angeles (Calif.)	לאָס-אַנדזשעלעס	Zylbercweig lexicon (Maaty reconciliation)	4-facs_406_tr_1755029923|4-facs_654_tr_1755029981|4-facs_654_tr_1755029982|6-facs_652_tr_1747931529	death	Q65	match_status:WIKIDATA
141	Bamberg (Germany)	באַמבערג	Zylbercweig lexicon (Maaty reconciliation)	4-facs_598_tr_1755029985|4-facs_598_tr_1755029985	death|birth	Q3936	match_status:WIKIDATA
154	Los Angeles (Calif.)	לאָסאַנדזשעלעס	Zylbercweig lexicon (Maaty reconciliation)	4-facs_656_r	death	Q65	match_status:WIKIDATA
580	Bremen (Germany)	20 מייל פֿון ברעמען	Zylbercweig lexicon (Maaty reconciliation)	4-facs_661_tr_1755030261	death	Q24879	match_status:WIKIDATA
977	Drohobych (Ukraine)	דראָהאָביטש	Zylbercweig lexicon (Maaty reconciliation)	5-facs_83_tr_1733059382	death	Q158821	match_status:WIKIDATA
740	Odesa (Ukraine)	אָדעם	Zylbercweig lexicon (Maaty reconciliation)	1-facs_250_tr_1741260267|1-facs_260_tr_1741260284|1-facs_289_tr_1739714920|1-facs_289_tr_1739714916|1-facs_311_tr_1741260476|1-facs_322_tr_1741260430|1-facs_339_tr_1741260410|1-facs_358_tr_1741260401|1-facs_367_tr_1741260402|1-facs_378_tr_1739715267|1-facs_380_r_2|1-facs_383_r_6|1-facs_389_tr_1739715078|1-facs_46_tr_1740521011|1-facs_50_tr_1740521042|1-facs_116_r_1|1-facs_139_tr_1740521045|1-facs_151_tr_1740521138	death|birth	Q1874	match_status:WIKIDATA
9693	Brăila (Romania)	בראַאילע	Zylbercweig lexicon (Maaty reconciliation)	1-facs_260_tr_1741260284	death	Q188478	match_status:WIKIDATA
419	Paris (France)	פּאָריז	Zylbercweig lexicon (Maaty reconciliation)	1-facs_265_tr_1741260315	death	Q90	match_status:WIKIDATA
516	Boston (Mass.)	באָסטאָן	Zylbercweig lexicon (Maaty reconciliation)	1-facs_278_r_2|2-facs_73_r|1-facs_276_tr_1741260302|1-facs_277_tr_1741260246|1-facs_405_TextRegion_1710157077617_269|2-facs_254_r_4|6-facs_182_tr_1747825093	death|birth	Q100	match_status:WIKIDATA
32	New York (N.Y.)	מאַנטעפיאָרע-שפּיטאָל	Zylbercweig lexicon (Maaty reconciliation)	1-facs_283_tr_1741260226	death	Q60	match_status:WIKIDATA
18781	Mohyliv-Podilʹsʹkyĭ (Ukraine)	מאָהילעוו-פּאָדאָלסק	Zylbercweig lexicon (Maaty reconciliation)	1-facs_285_r_2|2-facs_402_tr_1744366863	death|birth	Q997469	match_status:WIKIDATA
87632	Dnipro (Ukraine)	אַ דאָרף נעבן יעקאַטערינאָסלאָוו	Zylbercweig lexicon (Maaty reconciliation)	1-facs_288_tr_1741260218	death	Q48256	match_status:WIKIDATA
677	Brody (Ukraine)	בראָדי	Zylbercweig lexicon (Maaty reconciliation)	1-facs_299_tr_1741260427|1-facs_130_tr_1740521104|1-facs_131_tr_1740521165|1-facs_132_tr_1740520961|6-facs_90_r_2	death|birth	Q465104	match_status:WIKIDATA
489	Krakow (Poland)	קראָקע	Zylbercweig lexicon (Maaty reconciliation)	1-facs_299_tr_1741260436|1-facs_380_tr_1739715264|1-facs_133_tr_1740521134|2-facs_71_tr_1744131401|2-facs_284_tr_1744280792|2-facs_408_tr_1744366806|5-facs_334_tr_1739221285|5-facs_353_r|1-facs_299_tr_1741260436|1-facs_74_r_1|2-facs_71_tr_1744131401|2-facs_77_tr_1744131367|2-facs_77_tr_1744131366|2-facs_121_tr_1744279183|5-facs_169_tr_1735652587|5-facs_334_tr_1739221285|5-facs_402_r_2	death|birth	Q31487	match_status:WIKIDATA
448	Rio de Janeiro (Brazil)	ריאָ דע זשענייראָ	Zylbercweig lexicon (Maaty reconciliation)	1-facs_303_tr_1741260398	death	Q8678	match_status:WIKIDATA
688	London (England)	משוגעים-הויז לאָנדאָן	Zylbercweig lexicon (Maaty reconciliation)	1-facs_307_tr_1741260375	death	Q84	match_status:WIKIDATA
408	Philadelphia (Pa.)	פֿילאָדעלפיע	Zylbercweig lexicon (Maaty reconciliation)	1-facs_311_tr_1741260476|1-facs_107_tr_1740521167|1-facs_150_tr_1740521115|6-facs_464_tr_1747930212|6-facs_648_tr_1747930309|7-facs_63_tr_1756359790|1-facs_22_tr_1740515222|1-facs_103_tr_1740521107|6-facs_566_r_2	death|birth	Q1345	match_status:WIKIDATA
154	Los Angeles (Calif.)	לאָס אַנדזשעלאָס	Zylbercweig lexicon (Maaty reconciliation)	1-facs_320_tr_1741260430|2-facs_215_tr_1744280690	death	Q65	match_status:WIKIDATA
1728	Rivne (Rivnensʹka oblastʹ, Ukraine)	רווינסק	Zylbercweig lexicon (Maaty reconciliation)	1-facs_322_tr_1741260430	death	Q156739	match_status:WIKIDATA
575	Brussels (Belgium)	בריסעל	Zylbercweig lexicon (Maaty reconciliation)	1-facs_335_tr_1741260385	death	Q239	match_status:WIKIDATA
7493	Milwaukee (Wis.)	מילוואָקי	Zylbercweig lexicon (Maaty reconciliation)	1-facs_361_r_9|4-facs_364_tr_1755030303|6-facs_425_r_5	death|birth	Q37836	match_status:WIKIDATA
6462	San Francisco (Calif.)	סאָן-פֿראַנציסקאָ	Zylbercweig lexicon (Maaty reconciliation)	1-facs_376_tr_1741260448	death	Q62	match_status:WIKIDATA
740	Odesa (Ukraine)	אָדעס	Zylbercweig lexicon (Maaty reconciliation)	1-facs_382_r_5|2-facs_9_r|2-facs_10_tr_1743943354|2-facs_81_r_2|2-facs_150_tr_1744279160|2-facs_154_tr_1744279071|2-facs_157_r|2-facs_189_tr_1744279158|2-facs_287_tr_1744280748|2-facs_381_tr_1744366860|6-facs_153_tr_1747825076|7-facs_71_r_1|4-facs_132_tr_1754224993|4-facs_204_tr_1754998531|4-facs_359_tr_1754998378|1-facs_209_tr_1741260252|1-facs_210_tr_1741260180|1-facs_211_tr_1741260275|1-facs_283_tr_1741260246|1-facs_286_TextRegion_1711970478754_176|1-facs_286_TextRegion_1711970335588_157|1-facs_287_tr_1741260232|1-facs_300_tr_1741260424|1-facs_308_tr_1741260520|1-facs_362_TextRegion_1710853974551_399|1-facs_362_TextRegion_1710853958237_371|1-facs_366_tr_1741260403|1-facs_382_r_5|1-facs_395_r_8|1-facs_414_tr_1739715075|1-facs_415_TextRegion_1710155882799_118|1-facs_17_r_9|1-facs_17_r_3|1-facs_19_r|1-facs_19_r_6|1-facs_23_r|1-facs_33_tr_1740521056|1-facs_49_tr_1740521087|1-facs_51_tr_1740521052|1-facs_59_tr_1740521090|1-facs_76_tr_1740520936|1-facs_78_tr_1740521048|1-facs_81_tr_1740521184|1-facs_81_tr_1740521171|1-facs_90_tr_1740521094|1-facs_95_r_134|1-facs_112_tr_1740521166|1-facs_149_tr_1740521039|1-facs_202_tr_1741260239|2-facs_33_r|2-facs_52_tr_1744131407|2-facs_52_tr_1744131414|2-facs_70_tr_1744131377|2-facs_73_r|2-facs_77_tr_1744131362|2-facs_81_r_2|2-facs_85_r|2-facs_106_tr_1744279090|2-facs_113_tr_1744279135|2-facs_129_tr_1744279177|2-facs_177_r_2|2-facs_188_tr_1744279090|2-facs_216_tr_1744280692|2-facs_243_tr_1744280772|2-facs_245_tr_1744280733|2-facs_250_tr_1744280778|2-facs_256_tr_1744280806|2-facs_259_tr_1744280735|2-facs_259_tr_1744280724|2-facs_300_tr_1744280756|2-facs_308_tr_1744365761|2-facs_321_tr_1744365722|2-facs_322_tr_1744365727|2-facs_338_tr_1744365807|2-facs_342_tr_1744365730|2-facs_355_r_4|2-facs_356_r|2-facs_356_tr_1744365739|2-facs_376_tr_1744366801|2-facs_381_r_4|2-facs_382_tr_1744366868|3-facs_267_tr_1755674219|3-facs_269_tr_1755674195|3-facs_273_tr_1755674142|3-facs_289_tr_1755803001|3-facs_332_tr_1756058884|5-facs_56_r_1|5-facs_153_tr_1735652603|5-facs_197_tr_1736588932|5-facs_229_tr_1739222572|5-facs_272_tr_1739221128|5-facs_352_r_3|5-facs_546_tr_1739220658|5-facs_588_tr_1739222289|5-facs_593_r_17|6-facs_81_r_1|6-facs_244_tr_1747928999|6-facs_246_r|6-facs_255_tr_1747928944|6-facs_259_tr_1747928894|6-facs_291_tr_1747928923|6-facs_432_tr_1747930458|6-facs_467_tr_1747930274|6-facs_644_r|6-facs_649_tr_1747930511|7-facs_25_r_3|7-facs_68_tr_1756359770|7-facs_71_r_1	death|birth	Q1874	match_status:WIKIDATA
741	Otwock (Poland)	אָטוואָצק	Zylbercweig lexicon (Maaty reconciliation)	1-facs_390_tr_1739715034|2-facs_311_tr_1744365774|5-facs_298_r	death	Q200926	match_status:NAME_EXACT
32	New York (N.Y.)	אויפֿן וועג פֿון כאָסטאָן קיין ניו יאָרק	Zylbercweig lexicon (Maaty reconciliation)	1-facs_407_tr_1739715069	death	Q60	match_status:WIKIDATA
7909	Richmond (Va.)	סימפעראָפּאָל	Zylbercweig lexicon (Maaty reconciliation)	1-facs_411_tr_1739715053	death	Q43421	match_status:WIKIDATA
513	Budapest (Hungary)	בודאָפּעסט	Zylbercweig lexicon (Maaty reconciliation)	1-facs_19_r|1-facs_131_tr_1740521160|4-facs_387_r|1-facs_348_tr_1741260380	death|birth	Q1781	match_status:WIKIDATA
953	Warsaw (Poland)	יידישן שפּיטאָל אין וואַרשע	Zylbercweig lexicon (Maaty reconciliation)	1-facs_51_tr_1740521052	death	Q270	match_status:WIKIDATA
510	Buenos Aires (Argentina)	בוענאָסאיירעס	Zylbercweig lexicon (Maaty reconciliation)	1-facs_60_tr_1740521080	death	Q1486	match_status:WIKIDATA
32	New York (N.Y.)	ניויאָרקער שפּיטאָל פֿאַר גייסטיק-קראַנקע	Zylbercweig lexicon (Maaty reconciliation)	1-facs_74_tr_1740521143	death	Q60	match_status:WIKIDATA
953	Warsaw (Poland)	וואַרשעווער יידישן שפּיטאָל	Zylbercweig lexicon (Maaty reconciliation)	1-facs_82_tr_1740520982	death	Q270	match_status:WIKIDATA
7741	Providence (R.I.)	פּראָווידענס	Zylbercweig lexicon (Maaty reconciliation)	1-facs_83_tr_1740521018	death	Q18383	match_status:WIKIDATA
943	Vilnius (Lithuania)	ווילנער „משמרת החולים“	Zylbercweig lexicon (Maaty reconciliation)	1-facs_84_tr_1740520941	death	Q216	match_status:WIKIDATA
533	Istanbul (Turkey)	סטאָמבול	Zylbercweig lexicon (Maaty reconciliation)	1-facs_91_r_5	death	Q406	match_status:WIKIDATA
12357	Brownsville (New York, N.Y.)	בראַנזוויל	Zylbercweig lexicon (Maaty reconciliation)	1-facs_93_tr_1740521079	death	Q991279	match_status:WIKIDATA
87632	Dnipro (Ukraine)	יעקאַטערינאָסלאָוו	Zylbercweig lexicon (Maaty reconciliation)	1-facs_105_tr_1740521096|2-facs_299_tr_1744280815|4-facs_333_tr_1754998452|1-facs_254_tr_1741260246|1-facs_288_tr_1741260218|1-facs_289_r_3|1-facs_62_tr_1740520958|1-facs_68_tr_1740521054|2-facs_182_tr_1744279063|2-facs_323_tr_1744365725|2-facs_382_tr_1744366861|3-facs_284_tr_1755674201|5-facs_547_tr_1739222039	death|birth	Q48256	match_status:WIKIDATA
419	Paris (France)	פאַריז	Zylbercweig lexicon (Maaty reconciliation)	1-facs_105_tr_1740521090|2-facs_111_tr_1744279142|2-facs_250_tr_1744280768|3-facs_275_tr_1755674168|6-facs_24_r_2|6-facs_152_tr_1747825185|6-facs_271_r_1|6-facs_291_tr_1747928923|7-facs_29_tr_1756359803	death	Q90	match_status:WIKIDATA
382	Kaunas (Lithuania)	קאָוונע	Zylbercweig lexicon (Maaty reconciliation)	1-facs_111_tr_1740520942|5-facs_592_r_12|5-facs_592_r_16|5-facs_592_r_18|4-facs_360_tr_1754998576|1-facs_341_TextRegion_1710852353404_65|1-facs_90_tr_1740521114|1-facs_93_r_1|1-facs_103_r_2|1-facs_111_tr_1740520942|2-facs_254_tr_1744280773|3-facs_124_tr_1754820300|7-facs_36_r_2	death|birth	Q4115712	match_status:WIKIDATA
669	Iași (Romania)	יאָסי	Zylbercweig lexicon (Maaty reconciliation)	1-facs_121_r_7|6-facs_147_tr_1747825115|4-facs_96_tr_1753602020|1-facs_205_tr_1741260271|1-facs_206_tr_1741260252|1-facs_260_tr_1741260302|1-facs_261_tr_1741260189|1-facs_283_tr_1741260236|1-facs_284_r_9|1-facs_309_tr_1741260471|1-facs_332_tr_1741260410|1-facs_358_tr_1741260405|1-facs_363_TextRegion_1710854126127_478|1-facs_406_tr_1739715063|1-facs_20_tr_1740515222|1-facs_59_tr_1740521087|1-facs_60_tr_1740521090|1-facs_80_tr_1740521116|1-facs_121_r_7|1-facs_149_tr_1740521034|1-facs_150_r|1-facs_153_tr_1740521008|1-facs_153_tr_1740521003|2-facs_194_tr_1744279147|2-facs_255_tr_1744280686|2-facs_265_tr_1744280818|2-facs_326_r_2|2-facs_329_tr_1744365802|2-facs_337_tr_1744365760|2-facs_338_tr_1744365800|2-facs_361_tr_1744366834|2-facs_365_tr_1744366810|2-facs_382_tr_1744366859|2-facs_383_r_91|3-facs_283_tr_1755674206|3-facs_318_tr_1756045383|5-facs_58_tr_1733050538|5-facs_272_tr_1739221123|5-facs_371_tr_1739222500|5-facs_430_r|6-facs_22_tr_1747746208|6-facs_58_r|6-facs_59_r_33|6-facs_78_tr_1747746119|6-facs_103_tr_1747825052|6-facs_104_tr_1747825074|6-facs_105_tr_1747825151|6-facs_108_r_85|6-facs_150_tr_1747825139|6-facs_156_tr_1747825094|6-facs_180_tr_1747825079|6-facs_418_tr_1747930192	death|birth	Q46852	match_status:WIKIDATA
656	Bucharest (Romania)	א קליינער שטאָט ביי בוקאַרעסט	Zylbercweig lexicon (Maaty reconciliation)	1-facs_127_tr_1740521131	death	Q19660	match_status:WIKIDATA
7508	Pittsburgh (Pa.)	פּיטסבורג	Zylbercweig lexicon (Maaty reconciliation)	1-facs_131_tr_1740521178|2-facs_35_tr_1744131361	death	Q1342	match_status:WIKIDATA
32	New York (N.Y.)	ניו יאַרק	Zylbercweig lexicon (Maaty reconciliation)	1-facs_135_tr_1740521015|1-facs_147_tr_1740521016|1-facs_148_tr_1740521146	death	Q60	match_status:WIKIDATA
63	Soroca (Moldova)	סאַראָקע	Zylbercweig lexicon (Maaty reconciliation)	1-facs_136_tr_1740521121	death	Q853785	match_status:WIKIDATA
15423	Krynica (Nowy Sącz, Poland)	באָך קריניצאָ	Zylbercweig lexicon (Maaty reconciliation)	1-facs_138_tr_1740521003	death	Q259497	match_status:NAME_EXACT
369	Fallsburg (N.Y. : Town)	פֿאָלסבורג	Zylbercweig lexicon (Maaty reconciliation)	2-facs_32_tr_1744131393	death	Q3569718	match_status:WIKIDATA
179	Łódź (Poland)	לאָדזש	Zylbercweig lexicon (Maaty reconciliation)	2-facs_46_tr_1744131398|3-facs_315_tr_1756044900|6-facs_44_tr_1747746152|6-facs_244_tr_1747928999|4-facs_330_tr_1754998389|1-facs_335_tr_1741260409|1-facs_402_tr_1739715097|2-facs_110_tr_1744279157|2-facs_114_tr_1744279200|2-facs_131_tr_1744279096|2-facs_307_tr_1744365741|3-facs_146_tr_1754213821|3-facs_277_tr_1755674190|5-facs_40_r_105|5-facs_97_tr_1733059493|5-facs_184_tr_1736588987|5-facs_560_tr_1739220843|5-facs_617_r_221|6-facs_45_tr_1747746110|6-facs_64_tr_1747746195|6-facs_66_tr_1747746213|6-facs_105_tr_1747825152|6-facs_406_tr_1747930314|7-facs_52_r_13	death|birth	Q580	match_status:WIKIDATA
87632	Dnipro (Ukraine)	יעקאַטערינאָסלאַוו	Zylbercweig lexicon (Maaty reconciliation)	2-facs_56_tr_1744131366|4-facs_130_r_2|2-facs_90_tr_1744131429	death|birth	Q48256	match_status:WIKIDATA
578	Berlin (Germany)	בּערלין	Zylbercweig lexicon (Maaty reconciliation)	2-facs_57_tr_1744131457	death	Q64	match_status:WIKIDATA
722	Chmielnik (Poland)	כמעלניק	Zylbercweig lexicon (Maaty reconciliation)	2-facs_86_tr_1744131447|2-facs_179_tr_1744279081|2-facs_377_tr_1744366871|6-facs_612_r	death|birth	Q991973	match_status:WIKIDATA
669	Iași (Romania)	יאַסי	Zylbercweig lexicon (Maaty reconciliation)	2-facs_135_tr_1744279197|1-facs_400_r_2|1-facs_401_r_14|1-facs_408_TextRegion_1710064957426_326|1-facs_17_tr_1713546853|1-facs_45_r_4|2-facs_87_tr_1744131445|2-facs_90_tr_1744131428|2-facs_112_tr_1744279073|2-facs_128_tr_1744279152|2-facs_198_r	death|birth	Q46852	match_status:WIKIDATA
9081	Novocherkassk (Russia)	נאָוואָטשערקאס	Zylbercweig lexicon (Maaty reconciliation)	2-facs_156_tr_1744279145	death	Q175452	match_status:WIKIDATA
515	Baltimore (Md.)	באָלטימאָר	Zylbercweig lexicon (Maaty reconciliation)	2-facs_182_tr_1744279063	death	Q5092	match_status:WIKIDATA
32	New York (N.Y.)	ניו־יאָרק	Zylbercweig lexicon (Maaty reconciliation)	2-facs_198_r	death	Q60	match_status:WIKIDATA
943	Vilnius (Lithuania)	ווילנער הקדש	Zylbercweig lexicon (Maaty reconciliation)	2-facs_215_tr_1744280695	death	Q216	match_status:WIKIDATA
510	Buenos Aires (Argentina)	בוענאָס-איירעס	Zylbercweig lexicon (Maaty reconciliation)	2-facs_236_tr_1744280789|2-facs_76_r	death|birth	Q1486	match_status:WIKIDATA
9750	Montréal (Québec)	מאָנטרעאַל	Zylbercweig lexicon (Maaty reconciliation)	2-facs_254_tr_1744280773	death	Q340	match_status:WIKIDATA
14587	Kirovohrad (Ukraine)	אויפֿן וועג קיין יעליסאַוועטגראָד	Zylbercweig lexicon (Maaty reconciliation)	2-facs_274_r_2	death	Q158292	match_status:WIKIDATA
513	Budapest (Hungary)	בודאַפּעסט	Zylbercweig lexicon (Maaty reconciliation)	2-facs_316_tr_1744365726	death	Q1781	match_status:WIKIDATA
13843	Kremenchuk (Poltavsʹka oblastʹ, Ukraine)	קרעמענטשוג	Zylbercweig lexicon (Maaty reconciliation)	2-facs_324_tr_1744365762|4-facs_322_tr_1754998441|1-facs_265_tr_1741260298|1-facs_270_r|1-facs_286_TextRegion_1711970562971_196|1-facs_72_r_5|1-facs_141_tr_1740521086	death|birth	Q156724	match_status:WIKIDATA
7743	Salvador (Brazil)	באַהיע	Zylbercweig lexicon (Maaty reconciliation)	2-facs_340_tr_1744365805	death	Q36947	match_status:WIKIDATA
17410	Rosario (Santa Fe, Argentina)	ראָזאַריאָ	Zylbercweig lexicon (Maaty reconciliation)	2-facs_357_tr_1744365782	death	Q52535	match_status:WIKIDATA
664	Ploiești (Romania)	פלעשוט	Zylbercweig lexicon (Maaty reconciliation)	2-facs_360_tr_1744365766	death	Q179585	match_status:WIKIDATA
245	Manchester (England)	מאַנטשעסטער	Zylbercweig lexicon (Maaty reconciliation)	2-facs_362_tr_1744366866	death	Q18125	match_status:WIKIDATA
1728	Rivne (Rivnensʹka oblastʹ, Ukraine)	ראָוונע	Zylbercweig lexicon (Maaty reconciliation)	2-facs_363_tr_1744366852|1-facs_319_TextRegion_1708861162622_1148|2-facs_36_tr_1744131446|2-facs_358_tr_1744365783	death|birth	Q156739	match_status:WIKIDATA
17998	Mariupolʹ (Ukraine)	זשדאַנאָוו	Zylbercweig lexicon (Maaty reconciliation)	2-facs_385_tr_1744366798	death	Q37133	match_status:WIKIDATA
408	Philadelphia (Pa.)	פֿילאדעלפיע	Zylbercweig lexicon (Maaty reconciliation)	2-facs_407_tr_1744366814	death	Q1345	match_status:WIKIDATA
79621	Lubin (Województwo Dolnośląskie, Poland)	לובין	Zylbercweig lexicon (Maaty reconciliation)	3-facs_12_tr_1752652590|2-facs_407_r_10	death|birth	Q237512	match_status:WIKIDATA
753	Toronto (Ont.)	טאָראַנטאָ	Zylbercweig lexicon (Maaty reconciliation)	3-facs_34_tr_1752653017|3-facs_278_tr_1755674209|1-facs_41_tr_1740521079	death|birth	Q172	match_status:WIKIDATA
20206	Suchowola (Poland)	סוכאָוואָליע	Zylbercweig lexicon (Maaty reconciliation)	3-facs_147_tr_1754213836	death	Q547381	match_status:WIKIDATA
409	Pinsk (Belarus)	זינסק	Zylbercweig lexicon (Maaty reconciliation)	3-facs_280_r_3	death	Q204150	match_status:WIKIDATA
471	Kansas City (Mo.)	קענזעס סיטי	Zylbercweig lexicon (Maaty reconciliation)	3-facs_283_tr_1755674206	death	Q41819	match_status:WIKIDATA
767	Tashkent (Uzbekistan)	טאָשקענט	Zylbercweig lexicon (Maaty reconciliation)	3-facs_313_tr_1756043369|5-facs_70_tr_1733059368	death	Q269	match_status:WIKIDATA
968	Hartford (Conn.)	האַרטפאָרד	Zylbercweig lexicon (Maaty reconciliation)	3-facs_318_tr_1756045383	death	Q33486	match_status:WIKIDATA
254	Shanghai (China)	שאַנכיי	Zylbercweig lexicon (Maaty reconciliation)	3-facs_336_tr_1756105932	death	Q8686	match_status:WIKIDATA
6103	Vileĭka (Minskai︠a︡ voblastsʹ, Belarus)	ווילייקער תפיסה	Zylbercweig lexicon (Maaty reconciliation)	3-facs_355_tr_1755856094	death	Q181632	match_status:NAME_EXACT
11953	New Rochelle (N.Y.)	ניו-ראָשעל	Zylbercweig lexicon (Maaty reconciliation)	3-facs_415_tr_1755856164	death	Q744948	match_status:WIKIDATA
741	Otwock (Poland)	אטוואַצק	Zylbercweig lexicon (Maaty reconciliation)	5-facs_26_tr_1729945346	death	Q745059	match_status:WIKIDATA
11759	Oświęcim (Poland)	אוישוויץ	Zylbercweig lexicon (Maaty reconciliation)	5-facs_29_r_427|5-facs_88_tr_1733059455|5-facs_133_tr_1733832671|5-facs_182_tr_1736589054|5-facs_183_tr_1736588995|5-facs_184_tr_1736588987|5-facs_192_tr_1736589012|5-facs_196_tr_1736589006|5-facs_237_tr_1739220686|5-facs_237_tr_1739220695|5-facs_237_tr_1739220691|5-facs_238_tr_1739221128|5-facs_294_tr_1739222345|5-facs_300_tr_1739221668|5-facs_560_tr_1739220854|5-facs_615_r_516	death	Q7341	match_status:NAME_EXACT
174	Lublin (Poland)	לובלינער געטאָ	Zylbercweig lexicon (Maaty reconciliation)	5-facs_52_tr_1733050567	death	Q37333	match_status:WIKIDATA
27130	Litzmannstadt-Getto (Łódź, Poland)	לאָדזשער געטאָ	Zylbercweig lexicon (Maaty reconciliation)	5-facs_56_r_1|5-facs_73_tr_1733059356|5-facs_185_tr_1736588927|5-facs_199_tr_1736588975|5-facs_355_tr_1739221117|5-facs_418_tr_1739222210	death	Q327895	match_status:WIKIDATA
86925	Žydų gatvė (Vilnius, Lithuania)	ווילנער געטאָ	Zylbercweig lexicon (Maaty reconciliation)	5-facs_74_tr_1733059496|5-facs_126_tr_1733832829	death	Q707539	match_status:WIKIDATA
20619	Ashmi︠a︡ny (Belarus)	אָשמענע	Zylbercweig lexicon (Maaty reconciliation)	5-facs_89_tr_1733059487	death	Q722836	match_status:WIKIDATA
642	Ashkhabad (Turkmenistan)	אַשכאַבאַד	Zylbercweig lexicon (Maaty reconciliation)	5-facs_123_tr_1733832749	death	Q23438	match_status:WIKIDATA
724	Szydłowiec (Województwo Mazowieckie, Poland)	שיידלאָוויעץ	Zylbercweig lexicon (Maaty reconciliation)	5-facs_134_tr_1733832740	death	Q213086	match_status:NAME_EXACT
11525	Ternopilʹ (Ukraine)	טאַרנאָפּאָל	Zylbercweig lexicon (Maaty reconciliation)	5-facs_154_tr_1735652626|6-facs_268_tr_1747928948|1-facs_107_tr_1740521167|1-facs_130_tr_1740521101|1-facs_130_tr_1740521095|1-facs_130_tr_1740521102|1-facs_131_r_3|1-facs_150_tr_1740521116	death|birth	Q156743	match_status:WIKIDATA
635	Samarqand (Uzbekistan)	סאַמאַרקאַנד	Zylbercweig lexicon (Maaty reconciliation)	5-facs_213_tr_1739221759|5-facs_335_r|5-facs_371_r_2|5-facs_547_tr_1739222023|6-facs_48_tr_1747746197	death	Q5753	match_status:WIKIDATA
767	Tashkent (Uzbekistan)	טאַשקענט	Zylbercweig lexicon (Maaty reconciliation)	5-facs_213_tr_1739221756|5-facs_247_tr_1739222205|5-facs_356_tr_1739222186|5-facs_372_tr_1739222351|5-facs_589_tr_1739220595|6-facs_35_tr_1747746200	death	Q269	match_status:WIKIDATA
12318	Drancy (France)	דראַנסי	Zylbercweig lexicon (Maaty reconciliation)	5-facs_216_tr_1739220872	death	Q201348	match_status:WIKIDATA
12816	Astrakhan (Russia)	אַסטראַכאַן	Zylbercweig lexicon (Maaty reconciliation)	5-facs_248_tr_1739220762	death	Q3927	match_status:WIKIDATA
882	Hrodna (Belarus)	גראָדנע	Zylbercweig lexicon (Maaty reconciliation)	5-facs_345_r|1-facs_270_TextRegion_1711971070302_285|1-facs_340_tr_1741260473|1-facs_341_r_7|1-facs_395_tr_1739715052|1-facs_415_TextRegion_1710155871558_109|1-facs_40_tr_1740521046|1-facs_84_tr_1740520941|1-facs_144_tr_1740521018|2-facs_34_tr_1744131425|2-facs_62_tr_1744131375|2-facs_173_r_2|2-facs_351_tr_1744365735|3-facs_272_tr_1755674152|3-facs_326_tr_1756057710|5-facs_26_r_861|5-facs_71_tr_1733059392|5-facs_100_tr_1733059460|5-facs_115_tr_1733832744|5-facs_190_tr_1736588983|5-facs_482_tr_1739221607|5-facs_618_tr_1739221558|6-facs_60_tr_1747746187|6-facs_60_tr_1747746173|6-facs_110_tr_1747825087|6-facs_564_r_27|7-facs_37_r_6	death|birth	Q181376	match_status:WIKIDATA
18781	Mohyliv-Podilʹsʹkyĭ (Ukraine)	מאָגילעוו	Zylbercweig lexicon (Maaty reconciliation)	5-facs_351_r	death	Q997469	match_status:WIKIDATA
9158	Mozhaĭsk (Russia)	מאַזשיאָסק	Zylbercweig lexicon (Maaty reconciliation)	5-facs_400_tr_1739220489	death	Q159139	match_status:WIKIDATA
424	Przemyśl (Poland)	פּשעמישל	Zylbercweig lexicon (Maaty reconciliation)	5-facs_401_tr_1739221644|1-facs_133_tr_1740521134|5-facs_95_r_9|5-facs_446_tr_1739220512	death|birth	Q208473	match_status:WIKIDATA
652	Sevastopolʹ (Ukraine)	סעוואַסטאָפּאָל	Zylbercweig lexicon (Maaty reconciliation)	5-facs_414_tr_1739222253	death	Q7525	match_status:WIKIDATA
526	Stanislav (Ukraine)	סטאַניסלאָוו	Zylbercweig lexicon (Maaty reconciliation)	5-facs_415_tr_1739221390	death	Q156726	match_status:WIKIDATA
166	Lʹviv (Ukraine)	לוואָוו [לעמבערגער]	Zylbercweig lexicon (Maaty reconciliation)	5-facs_422_r_2	death	Q36036	match_status:WIKIDATA
8380	Kharkiv (Ukraine)	כאַרקאָוו	Zylbercweig lexicon (Maaty reconciliation)	5-facs_438_tr_1739221804|4-facs_651_tr_1755030222|2-facs_194_tr_1744279150|2-facs_279_tr_1744280711|5-facs_414_tr_1739222253|6-facs_71_r_6	death|birth	Q42308	match_status:WIKIDATA
11652	Starai︠a︡ Russa (Russia)	סטאַראַיאַ רוסאַ	Zylbercweig lexicon (Maaty reconciliation)	5-facs_442_tr_1739222531	death	Q196479	match_status:WIKIDATA
17989	Bishkek (Kyrgyzstan)	פרונזע	Zylbercweig lexicon (Maaty reconciliation)	5-facs_482_tr_1739221607	death	Q9361	match_status:WIKIDATA
250	Piotrkow Trybunalski (Poland)	פּיעטריקאָוו טריבונאַלני	Zylbercweig lexicon (Maaty reconciliation)	5-facs_558_tr_1739222086	death	Q158004	match_status:WIKIDATA
7366	Alma-Ata (Kazakhstan)	אַלמאַ-אַטאָ	Zylbercweig lexicon (Maaty reconciliation)	5-facs_587_tr_1739221101	death	Q35493	match_status:WIKIDATA
13800	Luninets (Belarus)	לונינעץ	Zylbercweig lexicon (Maaty reconciliation)	5-facs_590_tr_1739222448	death	Q956132	match_status:WIKIDATA
957	Zhytomyr (Ukraine)	זשיטאָמיר	Zylbercweig lexicon (Maaty reconciliation)	5-facs_592_r_7|5-facs_593_r_26|1-facs_258_tr_1741260274|1-facs_261_tr_1741260196|2-facs_33_r_12|2-facs_49_tr_1744131387|2-facs_162_tr_1744279209|2-facs_314_tr_1744365761|6-facs_658_tr_1747931529|6-facs_665_r|7-facs_41_tr_1756359817	death|birth	Q156713	match_status:WIKIDATA
571	Berdychiv (Ukraine)	באַרדיטשעוו	Zylbercweig lexicon (Maaty reconciliation)	5-facs_592_r_10	death	Q158799	match_status:WIKIDATA
166	Lʹviv (Ukraine)	לוואָוו	Zylbercweig lexicon (Maaty reconciliation)	5-facs_592_r_32	death	Q36036	match_status:WIKIDATA
75148	Moline (Ill.)	מאָלינע	Zylbercweig lexicon (Maaty reconciliation)	5-facs_593_r_34	death	Q579736	match_status:WIKIDATA
7033	Mexico City (Mexico)	מעקסיקע סיטי	Zylbercweig lexicon (Maaty reconciliation)	5-facs_597_tr_1739222302|5-facs_617_r_6|5-facs_618_tr_1739221549|6-facs_459_tr_1747930174|6-facs_604_tr_1747930212|6-facs_665_r_1	death	Q1489	match_status:WIKIDATA
71460	Miami Beach (Fla.)	מימי ביעטש	Zylbercweig lexicon (Maaty reconciliation)	5-facs_597_r|6-facs_55_tr_1747746152|6-facs_124_tr_1747825116	death	Q201516	match_status:WIKIDATA
27130	Litzmannstadt-Getto (Łódź, Poland)	לאָדזשער געטאָ	Zylbercweig lexicon (Maaty reconciliation)	5-facs_616_r	death	Q327895	match_status:WIKIDATA
282	Chicago (Ill.)	שיקאַגע	Zylbercweig lexicon (Maaty reconciliation)	6-facs_47_tr_1747746190|6-facs_202_tr_1747928985|7-facs_74_tr_1757228890|6-facs_192_tr_1747825120	death|birth	Q1297	match_status:WIKIDATA
402	Cleveland (Ohio)	קליוולאַנד	Zylbercweig lexicon (Maaty reconciliation)	6-facs_71_r_13|6-facs_178_tr_1747825078|3-facs_348_tr_1756107767|6-facs_435_r|6-facs_656_r	death|birth	Q37320	match_status:WIKIDATA
25	São Paulo (Brazil)	סאַן פּאַולאַ	Zylbercweig lexicon (Maaty reconciliation)	6-facs_76_tr_1747746207	death	Q174	match_status:WIKIDATA
229	Miami (Fla.)	מיאַמי	Zylbercweig lexicon (Maaty reconciliation)	6-facs_78_tr_1747746119	death	Q8652	match_status:WIKIDATA
13994	Kherson (Ukraine)	כערסאָן	Zylbercweig lexicon (Maaty reconciliation)	6-facs_92_r|1-facs_376_tr_1741260448|2-facs_305_tr_1744365746|2-facs_324_tr_1744365762|2-facs_360_tr_1744365774|5-facs_423_r_4|6-facs_126_tr_1747825032|6-facs_237_tr_1747928923|7-facs_60_tr_1756359809	death|birth	Q156732	match_status:WIKIDATA
791	Haifa (Israel)	חיפֿה	Zylbercweig lexicon (Maaty reconciliation)	6-facs_110_tr_1747825087	death	Q41621	match_status:WIKIDATA
7181	Colorado Springs (Colo.)	קאָלאָראַדאָ	Zylbercweig lexicon (Maaty reconciliation)	6-facs_156_tr_1747825108	death	Q49258	match_status:WIKIDATA
9750	Montréal (Québec)	מאָנטרעאָל	Zylbercweig lexicon (Maaty reconciliation)	6-facs_190_tr_1747825169	death	Q340	match_status:WIKIDATA
72301	Oral (Kazakhstan)	אוראַלסק	Zylbercweig lexicon (Maaty reconciliation)	6-facs_226_tr_1747928999	death	Q487439	match_status:WIKIDATA
32	New York (N.Y.)	בראַנקסער שפּיטאָל	Zylbercweig lexicon (Maaty reconciliation)	6-facs_265_r	death	Q60	match_status:WIKIDATA
510	Buenos Aires (Argentina)	בוענאָס-אַיירעס	Zylbercweig lexicon (Maaty reconciliation)	6-facs_418_tr_1747930192|6-facs_56_r_17	death|birth	Q1486	match_status:WIKIDATA
25	São Paulo (Brazil)	סאַן פאַולאָ	Zylbercweig lexicon (Maaty reconciliation)	6-facs_419_tr_1747930126	death	Q174	match_status:WIKIDATA
408	Philadelphia (Pa.)	פילאָדעלפיע	Zylbercweig lexicon (Maaty reconciliation)	6-facs_424_tr_1747930496	death	Q1345	match_status:WIKIDATA
951	Wrocław (Poland)	ווראָצלאַוו (ברעסלוי)	Zylbercweig lexicon (Maaty reconciliation)	6-facs_463_tr_1747930281	death	Q1799	match_status:WIKIDATA
7220	Montevideo (Uruguay)	מאָנטעוויידעאָ	Zylbercweig lexicon (Maaty reconciliation)	6-facs_537_tr_1747930464	death	Q1335	match_status:WIKIDATA
154	Los Angeles (Calif.)	לאָס אַנדזעלעס	Zylbercweig lexicon (Maaty reconciliation)	6-facs_651_r	death	Q65	match_status:WIKIDATA
154	Los Angeles (Calif.)	לאָס אָנדזשעלעס	Zylbercweig lexicon (Maaty reconciliation)	6-facs_653_r	death	Q65	match_status:WIKIDATA
7909	Richmond (Va.)	סימפּעראָפּאל	Zylbercweig lexicon (Maaty reconciliation)	7-facs_11_r_2	death	Q43421	match_status:WIKIDATA
25	São Paulo (Brazil)	סאַן פּאַול	Zylbercweig lexicon (Maaty reconciliation)	7-facs_14_r_5	death	Q174	match_status:WIKIDATA
25	São Paulo (Brazil)	סאַן פּאַולאָ	Zylbercweig lexicon (Maaty reconciliation)	7-facs_15_r_3	death	Q174	match_status:WIKIDATA
678	Saint Petersburg (Russia)	לענינגראָד	Zylbercweig lexicon (Maaty reconciliation)	7-facs_18_tr_1756799204	death	Q656	match_status:WIKIDATA
888	Dallas (Tex.)	דאָלאָס	Zylbercweig lexicon (Maaty reconciliation)	7-facs_37_r_9	death	Q16557	match_status:WIKIDATA
7400	Vladivostok (Russia)	וולאַדיוואָסטאָק	Zylbercweig lexicon (Maaty reconciliation)	7-facs_40_r	death	Q959	match_status:WIKIDATA
89840	Stavyshche (Ukraine)	סטאָווישטשע	Zylbercweig lexicon (Maaty reconciliation)	7-facs_62_tr_1756359784	death	Q65270	match_status:WIKIDATA
862	Jarosław (Poland)	יאָראָסלאָוו	Zylbercweig lexicon (Maaty reconciliation)	7-facs_62_tr_1756359788	death	Q721928	match_status:WIKIDATA
321	Harbin (China)	כאַרבין	Zylbercweig lexicon (Maaty reconciliation)	7-facs_87_r	death	Q42956	match_status:WIKIDATA
576	Brest (Belarus)	ברעסט-ליטאָווסק	Zylbercweig lexicon (Maaty reconciliation)	4-facs_34_r_1|4-facs_387_tr_1755030250|1-facs_342_tr_1741260505|1-facs_58_tr_1740521154|1-facs_147_tr_1740521038|1-facs_152_tr_1740521014|2-facs_277_tr_1744280830	birth	Q140147	match_status:WIKIDATA
18245	Teofipolʹ (Ukraine)	טשאַן	Zylbercweig lexicon (Maaty reconciliation)	4-facs_35_r_2	birth	Q2637331	match_status:WIKIDATA
20619	Ashmi︠a︡ny (Belarus)	אָשמיאַנאַ	Zylbercweig lexicon (Maaty reconciliation)	4-facs_47_r_2	birth	Q722836	match_status:WIKIDATA
675	Koret︠s︡ʹ (Ukraine)	קאָריץ	Zylbercweig lexicon (Maaty reconciliation)	4-facs_55_tr_1753681940	birth	Q997398	match_status:WIKIDATA
21375	Briceni (Moldova)	בריטשאַן	Zylbercweig lexicon (Maaty reconciliation)	4-facs_60_r_1	birth	Q2019727	match_status:NAME_EXACT
13452	Rz︠h︡yshchiv (Ukraine)	רעזישטשעוו	Zylbercweig lexicon (Maaty reconciliation)	4-facs_69_tr_1753681922	birth	Q71731	match_status:WIKIDATA
18119	Ozorków (Poland)	אַזאָרקאָוו	Zylbercweig lexicon (Maaty reconciliation)	4-facs_79_tr_1753938275|1-facs_264_tr_1741260321|1-facs_42_tr_1740520980	birth	Q628460	match_status:WIKIDATA
89923	Teplyk (Ukraine)	טעפּליקי	Zylbercweig lexicon (Maaty reconciliation)	4-facs_85_tr_1753938252	birth	Q2473433	match_status:WIKIDATA
12816	Astrakhan (Russia)	אַסטראָ	Zylbercweig lexicon (Maaty reconciliation)	4-facs_86_tr_1753938264	birth	Q3927	match_status:WIKIDATA
9907	Glatz (Germany)	גאַלאַץ	Zylbercweig lexicon (Maaty reconciliation)	4-facs_92_r_1|4-facs_123_tr_1753936429|1-facs_21_tr_1740515226|2-facs_232_tr_1744280746|7-facs_62_r_7	birth	Q170996	match_status:WIKIDATA
83618	Lipsko (Województwo Mazowieckie, Poland)	ליפּסק	Zylbercweig lexicon (Maaty reconciliation)	4-facs_95_tr_1753602024	birth	Q2342620	match_status:WIKIDATA
678	Saint Petersburg (Russia)	פּעטערבורג	Zylbercweig lexicon (Maaty reconciliation)	4-facs_97_tr_1753602022|1-facs_49_tr_1740521083|3-facs_286_tr_1755674601|7-facs_48_tr_1756359786	birth	Q656	match_status:WIKIDATA
8525	Biała Podlaska (Poland)	ביאַלע	Zylbercweig lexicon (Maaty reconciliation)	4-facs_98_r_2	birth	Q209932	match_status:WIKIDATA
16772	Fălești (Moldova)	פֿאַלעשט	Zylbercweig lexicon (Maaty reconciliation)	4-facs_101_r_1|1-facs_251_tr_1741260232	birth	Q2078085	match_status:WIKIDATA
18781	Mohyliv-Podilʹsʹkyĭ (Ukraine)	מאָהילעוו אויפֿן דניעסטער	Zylbercweig lexicon (Maaty reconciliation)	4-facs_264_tr_1754998383	birth	Q997469	match_status:WIKIDATA
10174	Szolnok (Hungary)	אונגאַרן	Zylbercweig lexicon (Maaty reconciliation)	4-facs_270_tr_1754998433	birth	Q181276	match_status:WIKIDATA
19050	Lakhva (Belarus)	לאַכווע	Zylbercweig lexicon (Maaty reconciliation)	4-facs_380_tr_1755030217	birth	Q1527795	match_status:WIKIDATA
9048	Kam'i︠a︡net︠s︡ʹ-Podilʹsʹkyĭ (Ukraine)	קאָמענעץ-פּאָדאָלסק	Zylbercweig lexicon (Maaty reconciliation)	4-facs_381_tr_1755030081|1-facs_207_tr_1741260330|1-facs_79_tr_1740520939|1-facs_121_tr_1740521041|1-facs_149_r_8|2-facs_302_tr_1744365753|2-facs_353_tr_1744365776|5-facs_373_r_2	birth	Q193965	match_status:WIKIDATA
953	Warsaw (Poland)	פּראַגע וואַרשע	Zylbercweig lexicon (Maaty reconciliation)	4-facs_382_tr_1755030077	birth	Q270	match_status:WIKIDATA
10740	Kazanʹ (Russia)	רוסלאַנד	Zylbercweig lexicon (Maaty reconciliation)	4-facs_386_tr_1755029936|1-facs_79_tr_1740520948|3-facs_280_tr_1755674193|5-facs_173_tr_1736588922|5-facs_247_tr_1739222208|5-facs_279_tr_1739222367|5-facs_344_r	birth	Q900	match_status:WIKIDATA
18919	Bershadʹ (Ukraine)	בערשאַד	Zylbercweig lexicon (Maaty reconciliation)	4-facs_398_tr_1755030162	birth	Q827229	match_status:WIKIDATA
188	Moscow (Russia)	מאָסקוואַ	Zylbercweig lexicon (Maaty reconciliation)	4-facs_439_tr_1755030088	birth	Q649	match_status:WIKIDATA
636	Radom (Województwo Mazowieckie, Poland)	ראַדאָם	Zylbercweig lexicon (Maaty reconciliation)	4-facs_452_tr_1755030299|5-facs_418_tr_1739222210|5-facs_439_tr_1739220587|5-facs_559_tr_1739222341|6-facs_41_tr_1747746161|6-facs_537_tr_1747930464	birth	Q104740	match_status:WIKIDATA
81312	Phillipsburg (Kan.)	טרייסק	Zylbercweig lexicon (Maaty reconciliation)	4-facs_591_tr_1755030161	birth	Q1022993	match_status:WIKIDATA
408	Philadelphia (Pa.)	פֿילאַדעלפיאַ	Zylbercweig lexicon (Maaty reconciliation)	4-facs_624_tr_1755029866	birth	Q1345	match_status:WIKIDATA
10105	Tomaszów Mazowiecki (Poland)	טאָמאַשאָוו מאַזאָוויעצק	Zylbercweig lexicon (Maaty reconciliation)	4-facs_625_tr_1755029931	birth	Q157994	match_status:WIKIDATA
250	Piotrkow Trybunalski (Poland)	פּיעטראָקאָוו	Zylbercweig lexicon (Maaty reconciliation)	4-facs_635_tr_1755030187|1-facs_147_tr_1740521016	birth	Q158004	match_status:WIKIDATA
408	Philadelphia (Pa.)	פֿילאָדעלפֿיע	Zylbercweig lexicon (Maaty reconciliation)	4-facs_639_tr_1755030118	birth	Q1345	match_status:WIKIDATA
18781	Mohyliv-Podilʹsʹkyĭ (Ukraine)	מאָהילעוו פּאָדאָלסק	Zylbercweig lexicon (Maaty reconciliation)	4-facs_658_tr_1755030002	birth	Q997469	match_status:WIKIDATA
18781	Mohyliv-Podilʹsʹkyĭ (Ukraine)	מאָהילעוופּאָדאָלסק	Zylbercweig lexicon (Maaty reconciliation)	4-facs_661_tr_1755030263	birth	Q997469	match_status:WIKIDATA
638	Prague (Czech Republic)	פּראַגע	Zylbercweig lexicon (Maaty reconciliation)	4-facs_666_tr_1755030166	birth	Q1085	match_status:WIKIDATA
675	Koret︠s︡ʹ (Ukraine)	קאָרעץ	Zylbercweig lexicon (Maaty reconciliation)	4-facs_667_tr_1755030056|5-facs_615_r_11	birth	Q997398	match_status:WIKIDATA
62	Sosnówka (Jelenia Góra, Poland)	סאָסנאָוויץ	Zylbercweig lexicon (Maaty reconciliation)	4-facs_667_tr_1755030055|2-facs_408_tr_1744366808|3-facs_28_r	birth	Q105060	match_status:WIKIDATA
8525	Biała Podlaska (Poland)	ביאלאָ-פּאָדלאַסקי	Zylbercweig lexicon (Maaty reconciliation)	4-facs_669_tr_1755030279	birth	Q209932	match_status:WIKIDATA
7033	Mexico City (Mexico)	מעקסיקאַ סיטי	Zylbercweig lexicon (Maaty reconciliation)	4-facs_671_tr_1755030277	birth	Q1489	match_status:WIKIDATA
512	Babruĭsk (Belarus)	באָברויסק	Zylbercweig lexicon (Maaty reconciliation)	1-facs_211_r_4|1-facs_252_tr_1741260228|1-facs_350_r_7|1-facs_89_tr_1740521008|2-facs_41_tr_1744131372|2-facs_229_tr_1744280772|2-facs_404_tr_1744366810|5-facs_61_tr_1733059383|5-facs_186_tr_1736588948|5-facs_360_tr_1739221925	birth	Q207294	match_status:WIKIDATA
957	Zhytomyr (Ukraine)	זשיטאָמיר [?]	Zylbercweig lexicon (Maaty reconciliation)	1-facs_211_tr_1741260281	birth	Q156713	match_status:WIKIDATA
21375	Briceni (Moldova)	בריטשאָן	Zylbercweig lexicon (Maaty reconciliation)	1-facs_211_tr_1741260276	birth	Q2019727	match_status:NAME_EXACT
14587	Kirovohrad (Ukraine)	יעליסאָוועטגראָד	Zylbercweig lexicon (Maaty reconciliation)	1-facs_249_r_2	birth	Q158292	match_status:WIKIDATA
30	Suwałki (Poland)	סווואָלק	Zylbercweig lexicon (Maaty reconciliation)	1-facs_250_tr_1741260264	birth	Q236083	match_status:WIKIDATA
75353	Attica (Ind.)	אָטיק	Zylbercweig lexicon (Maaty reconciliation)	1-facs_250_tr_1741260271|1-facs_283_tr_1741260226|1-facs_291_tr_1741260460	birth	Q2087882	match_status:WIKIDATA
9129	Umanʹ (Ukraine)	אומאַן	Zylbercweig lexicon (Maaty reconciliation)	1-facs_250_tr_1741260262|1-facs_363_TextRegion_1710854112959_462|1-facs_392_tr_1739715078|1-facs_112_tr_1740521163|2-facs_40_r|3-facs_28_tr_1752653010|5-facs_81_tr_1733059413|5-facs_196_tr_1736589003|5-facs_368_tr_1739221068	birth	Q208499	match_status:WIKIDATA
17537	Vișeu de Sus (Romania)	רומעניע	Zylbercweig lexicon (Maaty reconciliation)	1-facs_252_tr_1741260224|1-facs_48_tr_1740521128|2-facs_221_r_10|2-facs_298_tr_1744280754|2-facs_352_r_2|2-facs_363_tr_1744366852|2-facs_371_tr_1744366831|5-facs_295_tr_1739221311|5-facs_333_tr_1739220886|5-facs_333_tr_1739220896|5-facs_546_tr_1739220662|6-facs_149_tr_1747825121	birth	Q596609	match_status:WIKIDATA
18705	Lepelʹ (Belarus)	לעפּעל	Zylbercweig lexicon (Maaty reconciliation)	1-facs_253_tr_1741260231	birth	Q954132	match_status:WIKIDATA
11525	Ternopilʹ (Ukraine)	טאָרנאָפּאָל	Zylbercweig lexicon (Maaty reconciliation)	1-facs_256_tr_1741260273|1-facs_402_r_3|1-facs_73_tr_1740521067|1-facs_106_r_2|2-facs_135_tr_1744279191|6-facs_268_tr_1747928948	birth	Q156743	match_status:WIKIDATA
576	Brest (Belarus)	בריסק-דליטאָ	Zylbercweig lexicon (Maaty reconciliation)	1-facs_258_r_1	birth	Q140147	match_status:WIKIDATA
16166	Mazyr (Homelʹskai︠a︡ voblastsʹ, Belarus)	מאָזיר	Zylbercweig lexicon (Maaty reconciliation)	1-facs_258_tr_1741260285	birth	Q386487	match_status:WIKIDATA
399	Chișinău (Moldova)	קעשעניעוו	Zylbercweig lexicon (Maaty reconciliation)	1-facs_265_tr_1741260317|1-facs_294_tr_1741260448|1-facs_364_tr_1741260422|1-facs_413_r_4|1-facs_41_tr_1740521073|1-facs_43_tr_1740521002|1-facs_46_tr_1740521016|1-facs_56_tr_1740521000|1-facs_102_r_9|2-facs_301_tr_1744365783|2-facs_337_tr_1744365766|2-facs_352_tr_1744365751|2-facs_371_tr_1744366835|6-facs_57_tr_1747746149|7-facs_48_tr_1756359789	birth	Q21197	match_status:WIKIDATA
489	Krakow (Poland)	קראָקאַ	Zylbercweig lexicon (Maaty reconciliation)	1-facs_268_tr_1741260218	birth	Q31487	match_status:WIKIDATA
87632	Dnipro (Ukraine)	יעקאַטערינאָזלאָוו	Zylbercweig lexicon (Maaty reconciliation)	1-facs_268_tr_1741260225	birth	Q48256	match_status:WIKIDATA
23603	Viekšniai (Lithuania)	וועקשניע	Zylbercweig lexicon (Maaty reconciliation)	1-facs_269_tr_1741260229	birth	Q379669	match_status:NAME_EXACT
526	Stanislav (Ukraine)	סטאָניסלאָוואָוו	Zylbercweig lexicon (Maaty reconciliation)	1-facs_274_tr_1741260198|1-facs_284_tr_1741260304|1-facs_115_tr_1740520961	birth	Q156726	match_status:WIKIDATA
1742	Strasbourg (France)	שטראָסבורג	Zylbercweig lexicon (Maaty reconciliation)	1-facs_276_r	birth	Q6602	match_status:WIKIDATA
81	Fălticeni (Romania)	פֿאָלטיטשען	Zylbercweig lexicon (Maaty reconciliation)	1-facs_280_r_2|1-facs_133_tr_1740521125	birth	Q303015	match_status:WIKIDATA
23399	Svaryn (Ukraine)	סאָווראַן	Zylbercweig lexicon (Maaty reconciliation)	1-facs_288_tr_1741260227	birth	Q1529447	match_status:WIKIDATA
18655	Skvyra (Ukraine)	סקוויראַ	Zylbercweig lexicon (Maaty reconciliation)	1-facs_291_tr_1741260453	birth	Q70598	match_status:WIKIDATA
282	Chicago (Ill.)	שיקאָגאַ	Zylbercweig lexicon (Maaty reconciliation)	1-facs_292_tr_1741260503	birth	Q1297	match_status:WIKIDATA
23815	Narol (Poland)	גאַליציע	Zylbercweig lexicon (Maaty reconciliation)	1-facs_302_tr_1741260411|1-facs_415_TextRegion_1710155983674_155|1-facs_78_tr_1740521032|1-facs_83_tr_1740521018|1-facs_132_tr_1740520959|2-facs_48_r|7-facs_71_tr_1757228899	birth	Q2439514	match_status:NAME_EXACT
1701	Zolochiv (Lʹvivsʹka oblastʹ, Ukraine)	זלאָטשאָוו	Zylbercweig lexicon (Maaty reconciliation)	1-facs_306_r_5|2-facs_390_tr_1744366849	birth	Q623594	match_status:WIKIDATA
20695	Rava-Rusʹka (Ukraine)	ראָוואָ-רוסקאָ	Zylbercweig lexicon (Maaty reconciliation)	1-facs_310_tr_1741260420	birth	Q1048138	match_status:NAME_EXACT
23137	Abbirim (Israel)	טישמיעניץ	Zylbercweig lexicon (Maaty reconciliation)	1-facs_310_tr_1741260422	birth	Q973977	match_status:WIKIDATA
526	Stanislav (Ukraine)	סטאַניסלאַוואָוו	Zylbercweig lexicon (Maaty reconciliation)	1-facs_312_TextRegion_1708860417410_829|3-facs_278_tr_1755674210|5-facs_154_tr_1735652626	birth	Q156726	match_status:WIKIDATA
167	Fürth (Germany)	פירט	Zylbercweig lexicon (Maaty reconciliation)	1-facs_334_tr_1741260429	birth	Q3075	match_status:WIKIDATA
18019	Kałuszyn (Warsaw, Poland)	קאָלושין	Zylbercweig lexicon (Maaty reconciliation)	1-facs_338_tr_1741260416	birth	Q987160	match_status:WIKIDATA
427	Częstochowa (Poland)	טשענסטאָכאָוו	Zylbercweig lexicon (Maaty reconciliation)	1-facs_339_tr_1741260407|1-facs_96_r_7|1-facs_139_tr_1740521040|2-facs_58_tr_1744131430|3-facs_20_tr_1752653050|3-facs_342_tr_1756107070|5-facs_607_tr_1739222283|6-facs_41_tr_1747746148|6-facs_664_r_1|7-facs_34_r_4	birth	Q103217	match_status:WIKIDATA
667	Alexandria (Egypt)	אַלעקסאַנדריע	Zylbercweig lexicon (Maaty reconciliation)	1-facs_342_tr_1741260504	birth	Q87	match_status:WIKIDATA
11333	Chęiny (Województwo Święokrzyskie, Poland)	כענטשין	Zylbercweig lexicon (Maaty reconciliation)	1-facs_344_tr_1741260464|2-facs_177_tr_1744279201|5-facs_438_tr_1739221803	birth	Q991924	match_status:NAME_EXACT
413	Płock (Poland)	פּלאָצק	Zylbercweig lexicon (Maaty reconciliation)	1-facs_344_tr_1741260465|1-facs_104_tr_1740521041|2-facs_107_r_2|2-facs_360_tr_1744365766|3-facs_17_tr_1752653009|5-facs_248_tr_1739220762|5-facs_401_tr_1739221667	birth	Q104725	match_status:WIKIDATA
656	Bucharest (Romania)	בוקאַרעסטער	Zylbercweig lexicon (Maaty reconciliation)	1-facs_356_tr_1741260418	birth	Q19660	match_status:WIKIDATA
683	Botosani (Romania)	באַטאָשאָן	Zylbercweig lexicon (Maaty reconciliation)	1-facs_359_TextRegion_1710852502307_117|7-facs_78_r_1	birth	Q178855	match_status:WIKIDATA
10310	Pskov (Russia)	דרום-רוסלאַנד	Zylbercweig lexicon (Maaty reconciliation)	1-facs_362_r_17	birth	Q2214	match_status:WIKIDATA
25	São Paulo (Brazil)	סאָן פּאולא	Zylbercweig lexicon (Maaty reconciliation)	1-facs_364_tr_1741260435	birth	Q174	match_status:WIKIDATA
23506	Sadhora (Chernivtsi, Ukraine)	סאָדאַגורע	Zylbercweig lexicon (Maaty reconciliation)	1-facs_365_tr_1741260404	birth	Q2005381	match_status:WIKIDATA
17123	Błonie (Warsaw, Poland)	בלוינע	Zylbercweig lexicon (Maaty reconciliation)	1-facs_365_tr_1741260391	birth	Q608376	match_status:WIKIDATA
18285	Zelechow (Poland)	זשעליכאָוו	Zylbercweig lexicon (Maaty reconciliation)	1-facs_368_TextRegion_1710163080180_397	birth	Q393091	match_status:NAME_EXACT
32	New York (N.Y.)	ניו-יאָָרק	Zylbercweig lexicon (Maaty reconciliation)	1-facs_375_tr_1741260389|2-facs_396_tr_1744366839|6-facs_19_tr_1747746114|6-facs_642_tr_1747930347	birth	Q60	match_status:WIKIDATA
1722	Pryluky (Ukraine)	פּרילוקי	Zylbercweig lexicon (Maaty reconciliation)	1-facs_376_tr_1741260445|2-facs_379_tr_1744366858	birth	Q1000404	match_status:WIKIDATA
14587	Kirovohrad (Ukraine)	יעליסאַוועטגראָד	Zylbercweig lexicon (Maaty reconciliation)	1-facs_384_tr_1739715246|1-facs_384_r|2-facs_278_tr_1744280831	birth	Q158292	match_status:WIKIDATA
105	Smorgon (Belarus)	סמאָרגאָן	Zylbercweig lexicon (Maaty reconciliation)	1-facs_389_tr_1739715084	birth	Q958617	match_status:WIKIDATA
12047	Zbaraz︠h︡ (Ternopilʹsʹka oblastʹ, Ukraine)	זבאַראָזש	Zylbercweig lexicon (Maaty reconciliation)	1-facs_395_r_6	birth	Q1019899	match_status:WIKIDATA
89923	Teplyk (Ukraine)	טעפּליק	Zylbercweig lexicon (Maaty reconciliation)	1-facs_401_r_5_1	birth	Q2473433	match_status:WIKIDATA
20082	Ukmerge (Lithuania)	ווילקאָמיר	Zylbercweig lexicon (Maaty reconciliation)	1-facs_402_tr_1739715076	birth	Q213127	match_status:WIKIDATA
18119	Ozorków (Poland)	אָזאָרקאָוו	Zylbercweig lexicon (Maaty reconciliation)	1-facs_408_TextRegion_1710064929131_307|2-facs_356_tr_1744365750|6-facs_30_tr_1747746174	birth	Q628460	match_status:WIKIDATA
23606	Vilijampolė (Kaunas, Lithuania)	סלאָבאָדקע	Zylbercweig lexicon (Maaty reconciliation)	1-facs_411_tr_1739715053	birth	Q7052783	match_status:NAME_EXACT
87632	Dnipro (Ukraine)	יעקאָטערינאָסלאָוו	Zylbercweig lexicon (Maaty reconciliation)	1-facs_413_tr_1739715085	birth	Q48256	match_status:WIKIDATA
943	Vilnius (Lithuania)	ווילנע (אין ביראָוו?)	Zylbercweig lexicon (Maaty reconciliation)	1-facs_416_tr_1739715059	birth	Q216	match_status:WIKIDATA
533	Istanbul (Turkey)	סטאַמבול (?)	Zylbercweig lexicon (Maaty reconciliation)	1-facs_17_tr_1713546856	birth	Q406	match_status:WIKIDATA
81	Fălticeni (Romania)	פֿאַלטישען	Zylbercweig lexicon (Maaty reconciliation)	1-facs_18_TextRegion_1711991763648_2536	birth	Q303015	match_status:WIKIDATA
687	Tomaszów Lubelski (Poland)	טאָמאָשאָוו	Zylbercweig lexicon (Maaty reconciliation)	1-facs_33_tr_1740521070	birth	Q911009	match_status:WIKIDATA
13375	Nikopol (Bulgaria)	ניקאָפּאָל	Zylbercweig lexicon (Maaty reconciliation)	1-facs_35_tr_1740520972|2-facs_274_tr_1744280822|5-facs_556_tr_1739222579	birth	Q156760	match_status:NAME_EXACT
390	Copenhagen (Denmark)	קאָפּענהאָגן	Zylbercweig lexicon (Maaty reconciliation)	1-facs_44_tr_1740521158	birth	Q1748	match_status:WIKIDATA
740	Odesa (Ukraine)	אָדעס [?]	Zylbercweig lexicon (Maaty reconciliation)	1-facs_47_r_2	birth	Q1874	match_status:WIKIDATA
17247	Radomsko (Poland)	ראַדאָמסק	Zylbercweig lexicon (Maaty reconciliation)	1-facs_58_tr_1740521133	birth	Q158796	match_status:WIKIDATA
669	Iași (Romania)	יאָסי ראָמאַן אָדער גאָלאַץ	Zylbercweig lexicon (Maaty reconciliation)	1-facs_61_tr_1740521158	birth	Q46852	match_status:WIKIDATA
669	Iași (Romania)	יאָסי אָדער ראָמאַן	Zylbercweig lexicon (Maaty reconciliation)	1-facs_61_tr_1740521159	birth	Q46852	match_status:WIKIDATA
957	Zhytomyr (Ukraine)	זשיטאמיר	Zylbercweig lexicon (Maaty reconciliation)	1-facs_75_r_2	birth	Q156713	match_status:WIKIDATA
20754	Rakaŭ (Belarus)	ראָקאָוו	Zylbercweig lexicon (Maaty reconciliation)	1-facs_76_tr_1740520957	birth	Q2500789	match_status:WIKIDATA
22529	Lask (Poland)	לאָסק	Zylbercweig lexicon (Maaty reconciliation)	1-facs_80_tr_1740521113	birth	Q324897	match_status:WIKIDATA
512	Babruĭsk (Belarus)	באָריסאָוו	Zylbercweig lexicon (Maaty reconciliation)	1-facs_82_tr_1740520996|2-facs_252_tr_1744280823|5-facs_423_tr_1739222033	birth	Q207294	match_status:WIKIDATA
523	Białystok (Poland)	ביאָליסטאָק	Zylbercweig lexicon (Maaty reconciliation)	1-facs_86_tr_1740521078|7-facs_29_tr_1756359803	birth	Q761	match_status:WIKIDATA
656	Bucharest (Romania)	בוקאָרעסט	Zylbercweig lexicon (Maaty reconciliation)	1-facs_94_tr_1740521165|1-facs_101_tr_1740521152|1-facs_153_tr_1740520998	birth	Q19660	match_status:WIKIDATA
19386	Călărași (Moldova : Raionul)	קאָלאָראָש	Zylbercweig lexicon (Maaty reconciliation)	1-facs_96_tr_1740521114	birth	Q1014367	match_status:WIKIDATA
398	Kielce (Poland)	קעלץ	Zylbercweig lexicon (Maaty reconciliation)	1-facs_97_tr_1740520957|2-facs_161_tr_1744279095|2-facs_292_tr_1744280734|5-facs_568_tr_1739221639	birth	Q102317	match_status:WIKIDATA
19112	Żychlin (Konin, Poland)	זשיכלין	Zylbercweig lexicon (Maaty reconciliation)	1-facs_98_tr_1740520995|2-facs_318_tr_1744365811	birth	Q393228	match_status:NAME_EXACT
9907	Glatz (Germany)	גאָלאַץ	Zylbercweig lexicon (Maaty reconciliation)	1-facs_101_tr_1740521158|1-facs_104_tr_1740521049|1-facs_108_tr_1740521024|1-facs_132_tr_1740520968	birth	Q170996	match_status:WIKIDATA
381	Kėdainiai (Lithuania)	קיידאָן	Zylbercweig lexicon (Maaty reconciliation)	1-facs_103_tr_1740521102	birth	Q30007373	match_status:NAME_EXACT
18119	Ozorków (Poland)	אַזאַרקאָוו	Zylbercweig lexicon (Maaty reconciliation)	1-facs_105_tr_1740521100|2-facs_287_tr_1744280761|3-facs_373_tr_1755856139	birth	Q628460	match_status:WIKIDATA
683	Botosani (Romania)	באַטאַשאַן	Zylbercweig lexicon (Maaty reconciliation)	1-facs_105_tr_1740521090|3-facs_282_tr_1755674183	birth	Q178855	match_status:WIKIDATA
8760	Focsani (Romania)	פֿאָקשאָן	Zylbercweig lexicon (Maaty reconciliation)	1-facs_107_tr_1740521177	birth	Q192265	match_status:WIKIDATA
435	Nowy Sącz (Poland)	ניו-סאַנדעץ	Zylbercweig lexicon (Maaty reconciliation)	1-facs_112_tr_1740521168	birth	Q802	match_status:WIKIDATA
962	Zamość (Poland)	זאַמאָשטש	Zylbercweig lexicon (Maaty reconciliation)	1-facs_114_tr_1740520997|3-facs_160_tr_1755156219|6-facs_30_tr_1747746177	birth	Q145972	match_status:WIKIDATA
16772	Fălești (Moldova)	פֿאָלעשטי	Zylbercweig lexicon (Maaty reconciliation)	1-facs_117_tr_1740520947	birth	Q2078085	match_status:WIKIDATA
9048	Kam'i︠a︡net︠s︡ʹ-Podilʹsʹkyĭ (Ukraine)	קאָמעניעץ-פּאָדאָלסק	Zylbercweig lexicon (Maaty reconciliation)	1-facs_132_r_13	birth	Q193965	match_status:WIKIDATA
645	Mainz (Rhineland-Palatinate, Germany)	מיינץ	Zylbercweig lexicon (Maaty reconciliation)	1-facs_139_tr_1740521046	birth	Q1720	match_status:WIKIDATA
9048	Kam'i︠a︡net︠s︡ʹ-Podilʹsʹkyĭ (Ukraine)	קאָמענעץ פּאָדאָלסק	Zylbercweig lexicon (Maaty reconciliation)	1-facs_151_tr_1740521150	birth	Q193965	match_status:WIKIDATA
19386	Călărași (Moldova : Raionul)	קאָלאַראש	Zylbercweig lexicon (Maaty reconciliation)	1-facs_152_tr_1740521010	birth	Q1014367	match_status:WIKIDATA
19134	Starokosti︠a︡ntyniv (Ukraine)	סטאָראָ-קאָנסטאָנטין	Zylbercweig lexicon (Maaty reconciliation)	1-facs_154_tr_1714741532	birth	Q997429	match_status:WIKIDATA
19134	Starokosti︠a︡ntyniv (Ukraine)	אַלט-קאָנסטאַנטינאָוו	Zylbercweig lexicon (Maaty reconciliation)	1-facs_184_tr_1714741505	birth	Q997429	match_status:WIKIDATA
19134	Starokosti︠a︡ntyniv (Ukraine)	קאָנסטאַנטינאָוו	Zylbercweig lexicon (Maaty reconciliation)	1-facs_201_tr_1741260327	birth	Q997429	match_status:WIKIDATA
19134	Starokosti︠a︡ntyniv (Ukraine)	סטאַראָ-קאָנסטאַנטין	Zylbercweig lexicon (Maaty reconciliation)	1-facs_201_tr_1741260321	birth	Q997429	match_status:WIKIDATA
19134	Starokosti︠a︡ntyniv (Ukraine)	סטאַראָ-קאָנסטאַנטינאָוו	Zylbercweig lexicon (Maaty reconciliation)	1-facs_203_tr_1741260185	birth	Q997429	match_status:WIKIDATA
413	Płock (Poland)	פּוילן	Zylbercweig lexicon (Maaty reconciliation)	1-facs_204_tr_1741260317|2-facs_129_r_4|6-facs_463_tr_1747930281	birth	Q104725	match_status:WIKIDATA
382	Kaunas (Lithuania)	קאָוונאַ	Zylbercweig lexicon (Maaty reconciliation)	1-facs_204_tr_1741260315	birth	Q4115712	match_status:WIKIDATA
9048	Kam'i︠a︡net︠s︡ʹ-Podilʹsʹkyĭ (Ukraine)	קאָמענעץ-פּאַדאָלסק	Zylbercweig lexicon (Maaty reconciliation)	2-facs_9_tr_1743943368	birth	Q193965	match_status:WIKIDATA
21486	Tarashcha (Ukraine)	טאַראשטשע	Zylbercweig lexicon (Maaty reconciliation)	2-facs_28_tr_1744131420	birth	Q65380	match_status:WIKIDATA
20530	Tal'ne (Ukraine)	טאַלנע	Zylbercweig lexicon (Maaty reconciliation)	2-facs_32_tr_1744131393	birth	Q219593	match_status:NAME_EXACT
18781	Mohyliv-Podilʹsʹkyĭ (Ukraine)	מאָהילעוו פאָדאָלסק	Zylbercweig lexicon (Maaty reconciliation)	2-facs_39_tr_1744131454	birth	Q997469	match_status:WIKIDATA
13843	Kremenchuk (Poltavsʹka oblastʹ, Ukraine)	אַ דאַרף ביי קרעמענטשוג	Zylbercweig lexicon (Maaty reconciliation)	2-facs_42_tr_1744131430	birth	Q156724	match_status:WIKIDATA
942	Vitsebsk (Belarus)	וויטעבּסק	Zylbercweig lexicon (Maaty reconciliation)	2-facs_50_tr_1744131407	birth	Q102217	match_status:WIKIDATA
678	Saint Petersburg (Russia)	פּעטראָגראַד	Zylbercweig lexicon (Maaty reconciliation)	2-facs_50_r	birth	Q656	match_status:WIKIDATA
32	New York (N.Y.)	ניוּ-יאָרק	Zylbercweig lexicon (Maaty reconciliation)	2-facs_50_tr_1744131396	birth	Q60	match_status:WIKIDATA
16242	Novo mesto (Slovenia)	ניישטאָט	Zylbercweig lexicon (Maaty reconciliation)	2-facs_53_r_6	birth	Q5266	match_status:WIKIDATA
9048	Kam'i︠a︡net︠s︡ʹ-Podilʹsʹkyĭ (Ukraine)	קאַמענעץפּאָדאָלסק	Zylbercweig lexicon (Maaty reconciliation)	2-facs_55_r_2	birth	Q193965	match_status:WIKIDATA
18850	Elberfeld (Germany)	עלבּערפעלד בּיים רהיין	Zylbercweig lexicon (Maaty reconciliation)	2-facs_56_tr_1744131372	birth	Q702259	match_status:WIKIDATA
883	Grajewo (Poland)	גראַיעוואַ	Zylbercweig lexicon (Maaty reconciliation)	2-facs_57_tr_1744131461	birth	Q336204	match_status:WIKIDATA
515	Baltimore (Md.)	באַלטימאָר	Zylbercweig lexicon (Maaty reconciliation)	2-facs_64_tr_1744131365	birth	Q5092	match_status:WIKIDATA
84	Poznań (Poland)	פוזנן	Zylbercweig lexicon (Maaty reconciliation)	2-facs_71_tr_1744131407	birth	Q268	match_status:WIKIDATA
80306	Śniadowo (Województwo Podlaskie, Poland)	סניאדאָווא	Zylbercweig lexicon (Maaty reconciliation)	2-facs_72_tr_1744131382	birth	Q1920614	match_status:WIKIDATA
179	Łódź (Poland)	לאָדזש אָדער פּיעטריקאָוו	Zylbercweig lexicon (Maaty reconciliation)	2-facs_74_r_3	birth	Q580	match_status:WIKIDATA
8380	Kharkiv (Ukraine)	כאָרקאָוו	Zylbercweig lexicon (Maaty reconciliation)	2-facs_82_tr_1744131388	birth	Q42308	match_status:WIKIDATA
9048	Kam'i︠a︡net︠s︡ʹ-Podilʹsʹkyĭ (Ukraine)	קאַמענעץ-פּאָדאָלסקער גוב.	Zylbercweig lexicon (Maaty reconciliation)	2-facs_84_tr_1744131380	birth	Q193965	match_status:WIKIDATA
79683	Brusyliv (Ukraine)	ברוסילעוו	Zylbercweig lexicon (Maaty reconciliation)	2-facs_89_tr_1744131436	birth	Q946994	match_status:WIKIDATA
17110	Piaseczno (Warsaw, Poland)	פּיאַסעטשנא	Zylbercweig lexicon (Maaty reconciliation)	2-facs_90_tr_1744131434	birth	Q741876	match_status:WIKIDATA
14696	Skuodas (Lithuania)	שקור	Zylbercweig lexicon (Maaty reconciliation)	2-facs_105_r_6	birth	Q1004290	match_status:NAME_EXACT
18359	Ożarów (Poland)	אוזשריב	Zylbercweig lexicon (Maaty reconciliation)	2-facs_106_r_4	birth	Q1922317	match_status:NAME_EXACT
32	New York (N.Y.)	ניו-יאָרק	Zylbercweig lexicon (Maaty reconciliation)	2-facs_115_tr_1744279175|3-facs_91_tr_1753268287|3-facs_116_tr_1754820291|3-facs_128_tr_1754820289|6-facs_603_r|6-facs_611_tr_1747930592	birth	Q60	match_status:WIKIDATA
14818	Wyszogród (Poland)	ווישעגראָד	Zylbercweig lexicon (Maaty reconciliation)	2-facs_115_tr_1744279181	birth	Q569804	match_status:WIKIDATA
85240	Korycin (Poland)	קאָריטשין	Zylbercweig lexicon (Maaty reconciliation)	2-facs_120_tr_1744279168	birth	Q2020899	match_status:WIKIDATA
8760	Focsani (Romania)	פֿאָלטיטשען אָדער בוקאַרעסט	Zylbercweig lexicon (Maaty reconciliation)	2-facs_127_tr_1744279075	birth	Q192265	match_status:WIKIDATA
87632	Dnipro (Ukraine)	יעקאַטערינאָסלאוו	Zylbercweig lexicon (Maaty reconciliation)	2-facs_128_tr_1744279151|2-facs_156_tr_1744279145	birth	Q48256	match_status:WIKIDATA
73134	Wolbrom (Poland)	וואָלבראָם	Zylbercweig lexicon (Maaty reconciliation)	2-facs_132_tr_1744279070	birth	Q1906323	match_status:WIKIDATA
512	Babruĭsk (Belarus)	באריסאָוו	Zylbercweig lexicon (Maaty reconciliation)	2-facs_134_tr_1744279148	birth	Q207294	match_status:WIKIDATA
6926	Hert︠s︡a (Ukraine)	הערצא	Zylbercweig lexicon (Maaty reconciliation)	2-facs_135_tr_1744279197	birth	Q147741	match_status:WIKIDATA
18336	Dębica (Poland)	דעמביץ	Zylbercweig lexicon (Maaty reconciliation)	2-facs_137_r_4	birth	Q947404	match_status:WIKIDATA
22428	Chėrvenʹ (Belarus)	איהומען	Zylbercweig lexicon (Maaty reconciliation)	2-facs_138_tr_1744279171	birth	Q201458	match_status:WIKIDATA
17173	Samara (Russia)	סאַמאַראַ	Zylbercweig lexicon (Maaty reconciliation)	2-facs_157_r_3|5-facs_74_tr_1733059496	birth	Q894	match_status:WIKIDATA
552	Opatów (Tarnobrzeg, Poland)	אפּט	Zylbercweig lexicon (Maaty reconciliation)	2-facs_161_tr_1744279094	birth	Q275694	match_status:WIKIDATA
552	Opatów (Tarnobrzeg, Poland)	אָפּט	Zylbercweig lexicon (Maaty reconciliation)	2-facs_176_r_4	birth	Q275694	match_status:WIKIDATA
523	Białystok (Poland)	ביאליסטאָק	Zylbercweig lexicon (Maaty reconciliation)	2-facs_180_tr_1744279176	birth	Q761	match_status:WIKIDATA
6915	Kelme (Lithuania)	קעלעם	Zylbercweig lexicon (Maaty reconciliation)	2-facs_180_r_2	birth	Q658230	match_status:WIKIDATA
8525	Biała Podlaska (Poland)	ביאלא-פּאָדלאסקאַ	Zylbercweig lexicon (Maaty reconciliation)	2-facs_181_r_8	birth	Q209932	match_status:WIKIDATA
8777	Puławy (Poland)	פּולאַוו	Zylbercweig lexicon (Maaty reconciliation)	2-facs_182_tr_1744279093	birth	Q320007	match_status:NAME_EXACT
962	Zamość (Poland)	זאָמאַשטש	Zylbercweig lexicon (Maaty reconciliation)	2-facs_183_tr_1744279136	birth	Q145972	match_status:WIKIDATA
76965	Tokmak (Ukraine)	גרויס טאָקמאַק	Zylbercweig lexicon (Maaty reconciliation)	2-facs_185_r_8	birth	Q760235	match_status:WIKIDATA
656	Bucharest (Romania)	בוקאַ⸗ רעסט	Zylbercweig lexicon (Maaty reconciliation)	2-facs_198_TextRegion_1709396169380_251	birth	Q19660	match_status:WIKIDATA
16556	Rėchytsa (Belarus)	רעטשיצע	Zylbercweig lexicon (Maaty reconciliation)	2-facs_213_r_10	birth	Q909612	match_status:WIKIDATA
523	Białystok (Poland)	ביאַליסטאַק	Zylbercweig lexicon (Maaty reconciliation)	2-facs_215_tr_1744280690	birth	Q761	match_status:WIKIDATA
20619	Ashmi︠a︡ny (Belarus)	אָשמינע	Zylbercweig lexicon (Maaty reconciliation)	2-facs_215_tr_1744280695	birth	Q722836	match_status:WIKIDATA
76395	Snitkiv (Ukraine)	סניטקאָוו	Zylbercweig lexicon (Maaty reconciliation)	2-facs_217_tr_1744280764	birth	Q4425605	match_status:WIKIDATA
22157	Šeduva (Lithuania)	שאדאָווע	Zylbercweig lexicon (Maaty reconciliation)	2-facs_221_r_16	birth	Q2356396	match_status:NAME_EXACT
953	Warsaw (Poland)	וואָרשע	Zylbercweig lexicon (Maaty reconciliation)	2-facs_228_tr_1744280784|2-facs_273_tr_1744280708|2-facs_306_tr_1744365745	birth	Q270	match_status:WIKIDATA
8760	Focsani (Romania)	פֿאָקשאַן	Zylbercweig lexicon (Maaty reconciliation)	2-facs_231_tr_1744280783	birth	Q192265	match_status:WIKIDATA
13292	Łuków (Siedlce, Poland)	לוקאָוו	Zylbercweig lexicon (Maaty reconciliation)	2-facs_251_r_13|3-facs_314_tr_1756043870|7-facs_42_tr_1756359776	birth	Q384244	match_status:WIKIDATA
250	Piotrkow Trybunalski (Poland)	פּיעטריקאָוו	Zylbercweig lexicon (Maaty reconciliation)	2-facs_254_tr_1744280771|3-facs_115_tr_1753726015|3-facs_396_r_1|6-facs_162_tr_1747825124	birth	Q158004	match_status:WIKIDATA
75861	Dessau-Rosslau (Germany)	דעסוי	Zylbercweig lexicon (Maaty reconciliation)	2-facs_257_tr_1744280823	birth	Q3828	match_status:WIKIDATA
898	Daugavpils (Latvia)	דינאַבורג	Zylbercweig lexicon (Maaty reconciliation)	2-facs_258_tr_1744280734	birth	Q80021	match_status:WIKIDATA
26881	Rokytne (Rivnensʹka oblastʹ, Ukraine)	ראַקיטנאָ	Zylbercweig lexicon (Maaty reconciliation)	2-facs_269_tr_1744280807	birth	Q2162658	match_status:WIKIDATA
576	Brest (Belarus)	ברעסט ליטאָווסק	Zylbercweig lexicon (Maaty reconciliation)	2-facs_271_tr_1744280771|6-facs_648_tr_1747930316	birth	Q140147	match_status:WIKIDATA
8777	Puławy (Poland)	פּולאוו	Zylbercweig lexicon (Maaty reconciliation)	2-facs_273_r_4	birth	Q320007	match_status:NAME_EXACT
15533	Ungheni (Moldova)	אונגעני	Zylbercweig lexicon (Maaty reconciliation)	2-facs_277_tr_1744280835	birth	Q858713	match_status:WIKIDATA
576	Brest (Belarus)	ברעסטליטאָווסק	Zylbercweig lexicon (Maaty reconciliation)	2-facs_285_tr_1744280833	birth	Q140147	match_status:WIKIDATA
10765	Zaporiz︠h︡z︠h︡i︠a︡ (Ukraine)	אַלעקסאַנדראָווסק (איצט — זאַפּאָראָזשיע)	Zylbercweig lexicon (Maaty reconciliation)	2-facs_302_tr_1744365754	birth	Q157835	match_status:WIKIDATA
10603	Naraïv (Ukraine)	נאַראַיעוו	Zylbercweig lexicon (Maaty reconciliation)	2-facs_303_tr_1744365806	birth	Q4313044	match_status:NAME_EXACT
9159	Chernihiv (Ukraine)	טשערניכאָוו	Zylbercweig lexicon (Maaty reconciliation)	2-facs_316_tr_1744365726	birth	Q157053	match_status:NAME_EXACT
9163	Szczecin (Poland)	שטשעזשעץ	Zylbercweig lexicon (Maaty reconciliation)	2-facs_319_tr_1744365790	birth	Q393	match_status:WIKIDATA
175	Końskowola (Poland)	קאָנסקאָוואָליע	Zylbercweig lexicon (Maaty reconciliation)	2-facs_320_tr_1744365794	birth	Q1959	match_status:WIKIDATA
13145	Staszów (Tarnobrzeg, Poland)	סטאַשעוו	Zylbercweig lexicon (Maaty reconciliation)	2-facs_320_tr_1744365787	birth	Q324892	match_status:WIKIDATA
20519	Anykščiai (Lithuania)	אַנעשישאָק	Zylbercweig lexicon (Maaty reconciliation)	2-facs_322_tr_1744365731	birth	Q505416	match_status:WIKIDATA
19386	Călărași (Moldova : Raionul)	קאַלאַראָש	Zylbercweig lexicon (Maaty reconciliation)	2-facs_325_r_4	birth	Q1014367	match_status:WIKIDATA
19544	Novohrad-Volynsʹkyĭ (Ukraine)	נאָווגאָראָד-וואָלינסק (זוויהיל)	Zylbercweig lexicon (Maaty reconciliation)	2-facs_342_tr_1744365731	birth	Q149024	match_status:WIKIDATA
24684	Nemakščiai (Lithuania)	נעמאָקשטי	Zylbercweig lexicon (Maaty reconciliation)	2-facs_343_tr_1744365797	birth	Q2037259	match_status:NAME_EXACT
9128	Piatra Neamt (Romania)	פּיאטראנאץ	Zylbercweig lexicon (Maaty reconciliation)	2-facs_350_r	birth	Q187945	match_status:NAME_EXACT
683	Botosani (Romania)	באָטאַשאַן	Zylbercweig lexicon (Maaty reconciliation)	2-facs_352_r_6	birth	Q178855	match_status:WIKIDATA
683	Botosani (Romania)	באָטאַשאן	Zylbercweig lexicon (Maaty reconciliation)	2-facs_361_tr_1744366818	birth	Q178855	match_status:WIKIDATA
7180	Newark (N.J.)	ניואַרק	Zylbercweig lexicon (Maaty reconciliation)	2-facs_365_tr_1744366833	birth	Q25395	match_status:WIKIDATA
1718	Uz︠h︡horod (Ukraine)	אונגוואַר	Zylbercweig lexicon (Maaty reconciliation)	2-facs_371_tr_1744366832	birth	Q156711	match_status:WIKIDATA
9048	Kam'i︠a︡net︠s︡ʹ-Podilʹsʹkyĭ (Ukraine)	קאמענעץ-פּאַדאָלסק	Zylbercweig lexicon (Maaty reconciliation)	2-facs_378_tr_1744366824	birth	Q193965	match_status:WIKIDATA
17888	Rymanów (Poland)	רימאַ	Zylbercweig lexicon (Maaty reconciliation)	2-facs_380_tr_1744366817	birth	Q2588425	match_status:WIKIDATA
82665	Krasnohrad (Ukraine)	קאָנסטאַנטינאָגראָד	Zylbercweig lexicon (Maaty reconciliation)	2-facs_382_tr_1744366863	birth	Q1104739	match_status:WIKIDATA
683	Botosani (Romania)	באָטאָשאַן	Zylbercweig lexicon (Maaty reconciliation)	2-facs_384_tr_1744366804|5-facs_178_tr_1736588957|7-facs_52_tr_1756359809	birth	Q178855	match_status:WIKIDATA
20319	Sculeni (Moldova)	סקוליען	Zylbercweig lexicon (Maaty reconciliation)	2-facs_391_tr_1744366854	birth	Q2633540	match_status:WIKIDATA
22390	Z︠H︡vanet︠s︡' (Ukraine)	זוואניץ	Zylbercweig lexicon (Maaty reconciliation)	2-facs_392_r_2	birth	Q4178401	match_status:NAME_EXACT
20257	Pogost-Zagorodskiy (Belarus)	פּאַהאַסט	Zylbercweig lexicon (Maaty reconciliation)	2-facs_397_r	birth	Q3917727	match_status:WIKIDATA
18363	Łomazy (Poland)	לאָמאזי	Zylbercweig lexicon (Maaty reconciliation)	2-facs_399_tr_1744366849	birth	Q152112	match_status:WIKIDATA
19898	Panemunė (Kaunas, Lithuania)	פּאַנעמונאָק	Zylbercweig lexicon (Maaty reconciliation)	2-facs_401_tr_1744366824	birth	Q303374	match_status:NAME_EXACT
9177	Pochaïv (Ukraine)	פּיטשאַיעוו	Zylbercweig lexicon (Maaty reconciliation)	2-facs_403_tr_1744366821	birth	Q149060	match_status:WIKIDATA
18683	Vetka (Belarus)	וויעטקע	Zylbercweig lexicon (Maaty reconciliation)	2-facs_408_tr_1744366806	birth	Q518559	match_status:WIKIDATA
14587	Kirovohrad (Ukraine)	יעליסאַוועטגראַד	Zylbercweig lexicon (Maaty reconciliation)	3-facs_12_tr_1752652590|6-facs_33_tr_1747746219|7-facs_18_tr_1756799204	birth	Q158292	match_status:WIKIDATA
347	Berez︠h︡any (Ukraine)	ברזשעזשאַני (בערזשאַן)	Zylbercweig lexicon (Maaty reconciliation)	3-facs_12_tr_1752652594	birth	Q793424	match_status:WIKIDATA
666	Góra Kalwaria (Poland)	גער	Zylbercweig lexicon (Maaty reconciliation)	3-facs_17_tr_1752653007	birth	Q985642	match_status:WIKIDATA
19949	Busenberg (Rhineland-Palatinate, Germany)	בוזענבערג	Zylbercweig lexicon (Maaty reconciliation)	3-facs_21_tr_1752653037	birth	Q560257	match_status:WIKIDATA
10820	Verkhnʹodniprovsʹk (Ukraine)	ווערכנאָדניעפּראָווסק	Zylbercweig lexicon (Maaty reconciliation)	3-facs_37_tr_1752653028	birth	Q639428	match_status:WIKIDATA
82089	Telenești (Moldova)	טעלענעשטי	Zylbercweig lexicon (Maaty reconciliation)	3-facs_92_tr_1753268305	birth	Q647051	match_status:WIKIDATA
10965	Mahili︠o︡ŭ (Belarus)	מאָהיליעוו אויפֿן דניעפר	Zylbercweig lexicon (Maaty reconciliation)	3-facs_92_r	birth	Q154835	match_status:WIKIDATA
10965	Mahili︠o︡ŭ (Belarus)	מאָהילעוו ביים דניעפר	Zylbercweig lexicon (Maaty reconciliation)	3-facs_115_tr_1753726028	birth	Q154835	match_status:WIKIDATA
18134	Khortyt︠s︡i︠a︡ (Ukraine)	כאָרטיץ	Zylbercweig lexicon (Maaty reconciliation)	3-facs_124_tr_1754820292	birth	Q372813	match_status:NAME_EXACT
10765	Zaporiz︠h︡z︠h︡i︠a︡ (Ukraine)	אַלעקסאַנדראָווסק	Zylbercweig lexicon (Maaty reconciliation)	3-facs_125_tr_1754820306	birth	Q157835	match_status:WIKIDATA
14587	Kirovohrad (Ukraine)	יעליסאַוועטגראד	Zylbercweig lexicon (Maaty reconciliation)	3-facs_128_tr_1754820296	birth	Q158292	match_status:WIKIDATA
753	Toronto (Ont.)	טאָראָנטאָ	Zylbercweig lexicon (Maaty reconciliation)	3-facs_128_tr_1754820291	birth	Q172	match_status:WIKIDATA
17744	Pidvolochysʹk (Ukraine)	פּאָדוואָלאָטשיסק	Zylbercweig lexicon (Maaty reconciliation)	3-facs_133_tr_1755157303	birth	Q2092533	match_status:WIKIDATA
19544	Novohrad-Volynsʹkyĭ (Ukraine)	נאָוואָגראָדוואָלינסק (זוויהיל)	Zylbercweig lexicon (Maaty reconciliation)	3-facs_145_tr_1754213821	birth	Q149024	match_status:WIKIDATA
383	Kobryn (Belarus)	קאָברין	Zylbercweig lexicon (Maaty reconciliation)	3-facs_155_tr_1754213834	birth	Q955992	match_status:WIKIDATA
6916	Stremil'che (Ukraine)	סטרזשעמילצע	Zylbercweig lexicon (Maaty reconciliation)	3-facs_272_tr_1755674151	birth	Q4443856	match_status:NAME_EXACT
451	Rzeszów (Poland)	רזשעקאַ	Zylbercweig lexicon (Maaty reconciliation)	3-facs_274_tr_1755674141	birth	Q598	match_status:WIKIDATA
962	Zamość (Poland)	זאַמושסץ	Zylbercweig lexicon (Maaty reconciliation)	3-facs_276_tr_1755674164	birth	Q145972	match_status:WIKIDATA
79981	Berezino (Minskai︠a︡ voblastsʹ, Belarus)	בערעזיין	Zylbercweig lexicon (Maaty reconciliation)	3-facs_281_tr_1755674196	birth	Q200833	match_status:WIKIDATA
23180	Zarichanka (Ukraine)	לאַנצקאָריניע	Zylbercweig lexicon (Maaty reconciliation)	3-facs_289_tr_1755803006	birth	Q4187201	match_status:NAME_EXACT
895	Dubno (Ukraine)	דובנע	Zylbercweig lexicon (Maaty reconciliation)	3-facs_312_tr_1756043047	birth	Q932184	match_status:WIKIDATA
23888	Szydłów (Województwo Świętokrzyskie, Poland)	שיידלאָוו	Zylbercweig lexicon (Maaty reconciliation)	3-facs_317_tr_1756045223	birth	Q787968	match_status:WIKIDATA
23863	Krynki (Poland)	קריניק	Zylbercweig lexicon (Maaty reconciliation)	3-facs_326_tr_1756057712	birth	Q286696	match_status:WIKIDATA
11264	Chełm (Lublin, Poland)	כעלם	Zylbercweig lexicon (Maaty reconciliation)	3-facs_331_tr_1756058522	birth	Q234184	match_status:WIKIDATA
528	Bielsk Podlaski (Poland)	ביעלסק-פּאָדלאָסקאַ	Zylbercweig lexicon (Maaty reconciliation)	3-facs_359_tr_1755856144	birth	Q850714	match_status:WIKIDATA
10034	Sandomierz (Poland)	סאַנדאָמיר (צויזמער)	Zylbercweig lexicon (Maaty reconciliation)	3-facs_372_r_4	birth	Q193177	match_status:WIKIDATA
10546	Bydgoszcz (Poland)	בידגאשטש	Zylbercweig lexicon (Maaty reconciliation)	3-facs_399_tr_1755856127	birth	Q41252	match_status:WIKIDATA
16227	Krasnystaw (Poland)	קראַסניסטאָוו	Zylbercweig lexicon (Maaty reconciliation)	3-facs_399_tr_1755856125	birth	Q155088	match_status:WIKIDATA
525	Biłgoraj (Poland)	בילגאָריי	Zylbercweig lexicon (Maaty reconciliation)	3-facs_401_tr_1755856142	birth	Q319445	match_status:WIKIDATA
436	Kalisz (Poland)	קאָליש	Zylbercweig lexicon (Maaty reconciliation)	5-facs_75_tr_1733059379	birth	Q52842	match_status:WIKIDATA
23506	Sadhora (Chernivtsi, Ukraine)	סאַדאַגורע	Zylbercweig lexicon (Maaty reconciliation)	5-facs_89_tr_1733059485	birth	Q2005381	match_status:WIKIDATA
175	Końskowola (Poland)	קאָנסקאָ-וואָליאַ	Zylbercweig lexicon (Maaty reconciliation)	5-facs_91_tr_1733059445	birth	Q1959	match_status:WIKIDATA
22488	Lahoysk (Belarus)	לאָהויסק	Zylbercweig lexicon (Maaty reconciliation)	5-facs_126_tr_1733832829	birth	Q200968	match_status:WIKIDATA
18781	Mohyliv-Podilʹsʹkyĭ (Ukraine)	מאָהילעוו-פּאַדאָלסק	Zylbercweig lexicon (Maaty reconciliation)	5-facs_165_tr_1735652613	birth	Q997469	match_status:WIKIDATA
14451	Švenčionys (Lithuania)	אַלטסווענציאַן	Zylbercweig lexicon (Maaty reconciliation)	5-facs_240_tr_1739222482	birth	Q137863	match_status:WIKIDATA
16227	Krasnystaw (Poland)	קראַסנאָסטאַוו	Zylbercweig lexicon (Maaty reconciliation)	5-facs_242_tr_1739221237	birth	Q155088	match_status:WIKIDATA
18080	Lipno (Włocławek, Poland)	ליפנע	Zylbercweig lexicon (Maaty reconciliation)	5-facs_250_tr_1739221688	birth	Q324922	match_status:WIKIDATA
10740	Kazanʹ (Russia)	קאַזאַן	Zylbercweig lexicon (Maaty reconciliation)	5-facs_270_tr_1739220577	birth	Q900	match_status:WIKIDATA
8525	Biała Podlaska (Poland)	ביאַלאַ-פּאָדלאַסק	Zylbercweig lexicon (Maaty reconciliation)	5-facs_276_tr_1739221992	birth	Q209932	match_status:WIKIDATA
16772	Fălești (Moldova)	פֿאַלעשטי	Zylbercweig lexicon (Maaty reconciliation)	5-facs_281_tr_1739220611	birth	Q2078085	match_status:WIKIDATA
962	Zamość (Poland)	מזרח-פּוילן	Zylbercweig lexicon (Maaty reconciliation)	5-facs_324_tr_1739221845	birth	Q145972	match_status:WIKIDATA
23603	Viekšniai (Lithuania)	וועקשנע	Zylbercweig lexicon (Maaty reconciliation)	5-facs_331_tr_1739222376	birth	Q379669	match_status:NAME_EXACT
83617	Słomniki (Poland)	סלאָמניקי	Zylbercweig lexicon (Maaty reconciliation)	5-facs_353_r	birth	Q1281172	match_status:WIKIDATA
386	Konin (Konin, Poland)	קאָנין	Zylbercweig lexicon (Maaty reconciliation)	5-facs_358_tr_1739221627	birth	Q52845	match_status:WIKIDATA
352	Bohuslav (Ukraine)	באָגוסלאָוו	Zylbercweig lexicon (Maaty reconciliation)	5-facs_421_tr_1739222380	birth	Q1936339	match_status:WIKIDATA
442	Romny (Ukraine)	ראָמנע	Zylbercweig lexicon (Maaty reconciliation)	5-facs_434_tr_1739221693	birth	Q161994	match_status:WIKIDATA
18497	Gostynin (Poland)	גאָסטינין	Zylbercweig lexicon (Maaty reconciliation)	5-facs_441_tr_1739220583	birth	Q983735	match_status:WIKIDATA
13372	Ventspils (Latvia)	ווינדאָו	Zylbercweig lexicon (Maaty reconciliation)	5-facs_442_tr_1739222531	birth	Q104036	match_status:NAME_EXACT
81438	Tulʹchyn (Ukraine)	טולטשין	Zylbercweig lexicon (Maaty reconciliation)	5-facs_483_tr_1739222529	birth	Q997568	match_status:WIKIDATA
16772	Fălești (Moldova)	פֿאָלעשטיי	Zylbercweig lexicon (Maaty reconciliation)	5-facs_538_tr_1739221977	birth	Q2078085	match_status:WIKIDATA
15981	Rawa Mazowiecka (Poland)	ראַוואַ מאַזאָוויעצקאַ	Zylbercweig lexicon (Maaty reconciliation)	5-facs_561_tr_1739222221	birth	Q149059	match_status:WIKIDATA
765	Tarnów (Poland)	טאָרנע	Zylbercweig lexicon (Maaty reconciliation)	5-facs_570_tr_1739221417	birth	Q106281	match_status:WIKIDATA
12619	Roz︠h︡yshche (Ukraine)	ראָזשישטש	Zylbercweig lexicon (Maaty reconciliation)	5-facs_587_tr_1739221101	birth	Q148896	match_status:NAME_EXACT
86925	Žydų gatvė (Vilnius, Lithuania)	ווילנער	Zylbercweig lexicon (Maaty reconciliation)	5-facs_592_r_26	birth	Q707539	match_status:WIKIDATA
7033	Mexico City (Mexico)	מעקסיקע	Zylbercweig lexicon (Maaty reconciliation)	5-facs_595_tr_1739220497|5-facs_607_tr_1739222280	birth	Q1489	match_status:WIKIDATA
6463	London (Ont.)	קאָנאָדע	Zylbercweig lexicon (Maaty reconciliation)	5-facs_598_tr_1739222545	birth	Q92561	match_status:WIKIDATA
17474	Włoszczowa (Poland)	וולאַשטשאווא	Zylbercweig lexicon (Maaty reconciliation)	5-facs_602_tr_1739222225	birth	Q611784	match_status:WIKIDATA
34	Nasielsk (Poland)	נאָשעלסק	Zylbercweig lexicon (Maaty reconciliation)	5-facs_609_r_249	birth	Q1579038	match_status:WIKIDATA
8268	Steyr (Austria)	עסטרייך	Zylbercweig lexicon (Maaty reconciliation)	5-facs_610_r_145	birth	Q260320	match_status:WIKIDATA
16554	Sierpc (Poland : Powiat)	שערפּץ	Zylbercweig lexicon (Maaty reconciliation)	5-facs_615_r_7	birth	Q928392	match_status:NAME_EXACT
81	Fălticeni (Romania)	פֿאַלטיטשען	Zylbercweig lexicon (Maaty reconciliation)	6-facs_18_tr_1747746220	birth	Q303015	match_status:WIKIDATA
1653	Pereiaslav-Khmelnytskyi (Ukraine)	פּעריאָסלאָוו	Zylbercweig lexicon (Maaty reconciliation)	6-facs_18_tr_1747746206	birth	Q639839	match_status:WIKIDATA
20470	Kudirkos Naumiestis (Lithuania)	וולאַדיסלאַוואָוו	Zylbercweig lexicon (Maaty reconciliation)	6-facs_19_tr_1747746110	birth	Q985366	match_status:NAME_EXACT
26098	Khodorkiv (Zhytomyr oblast, Ukraine)	כאַדאָרקאָוו	Zylbercweig lexicon (Maaty reconciliation)	6-facs_20_tr_1747746136	birth	Q4498775	match_status:WIKIDATA
17642	Siemiatycze (Poland)	סעמיאַטיטש	Zylbercweig lexicon (Maaty reconciliation)	6-facs_41_tr_1747746160	birth	Q218980	match_status:WIKIDATA
23503	Rîmnicu Sărat (Romania)	רעמניקו	Zylbercweig lexicon (Maaty reconciliation)	6-facs_41_tr_1747746159	birth	Q617624	match_status:WIKIDATA
9128	Piatra Neamt (Romania)	פּיאַטראנעאַמץ	Zylbercweig lexicon (Maaty reconciliation)	6-facs_43_tr_1747746166	birth	Q187945	match_status:NAME_EXACT
11673	Novoselyt︠s︡i︠a︡ (Chernivet︠s︡ʹka oblastʹ, Ukraine)	נאָוואָסעליץ	Zylbercweig lexicon (Maaty reconciliation)	6-facs_50_tr_1747746193	birth	Q149030	match_status:WIKIDATA
17247	Radomsko (Poland)	דאָדאָמסק	Zylbercweig lexicon (Maaty reconciliation)	6-facs_60_tr_1747746188	birth	Q158796	match_status:WIKIDATA
15022	Mokotów (Warsaw, Poland)	מאָקאָטאָוו	Zylbercweig lexicon (Maaty reconciliation)	6-facs_62_tr_1747746121	birth	Q1634585	match_status:WIKIDATA
576	Brest (Belarus)	בריסק דליטע	Zylbercweig lexicon (Maaty reconciliation)	6-facs_97_tr_1747746189|6-facs_185_tr_1747825159|7-facs_71_r	birth	Q140147	match_status:WIKIDATA
683	Botosani (Romania)	באַטאָשאַן	Zylbercweig lexicon (Maaty reconciliation)	6-facs_98_r	birth	Q178855	match_status:WIKIDATA
669	Iași (Romania)	יאָס	Zylbercweig lexicon (Maaty reconciliation)	6-facs_108_r|6-facs_417_tr_1747930464|6-facs_641_tr_1747930520	birth	Q46852	match_status:WIKIDATA
16672	Bilhorod-Dnistrovsʹkyĭ (Ukraine)	אַקערמאַן	Zylbercweig lexicon (Maaty reconciliation)	6-facs_108_r_4	birth	Q672990	match_status:WIKIDATA
846	Slavuta (Ukraine)	סלאַוואַטאַ	Zylbercweig lexicon (Maaty reconciliation)	6-facs_118_tr_1747825157	birth	Q856018	match_status:WIKIDATA
20403	Radoszyna (Poland)	ראַדאָשיין	Zylbercweig lexicon (Maaty reconciliation)	6-facs_119_r_50	birth	Q5173615	match_status:WIKIDATA
658	Kremenets (Ukraine)	קרעמענעץ	Zylbercweig lexicon (Maaty reconciliation)	6-facs_125_tr_1747825044	birth	Q849116	match_status:WIKIDATA
15757	Moisés Ville (Argentina)	מאָזעסווייל	Zylbercweig lexicon (Maaty reconciliation)	6-facs_140_tr_1747825131	birth	Q2916085	match_status:WIKIDATA
14894	Dzi︠a︡rzhynsk (Belarus)	קאַידאַנאָוו	Zylbercweig lexicon (Maaty reconciliation)	6-facs_144_tr_1747825158	birth	Q200891	match_status:NAME_EXACT
19134	Starokosti︠a︡ntyniv (Ukraine)	אַלט-קאָנסטאַנטין	Zylbercweig lexicon (Maaty reconciliation)	6-facs_153_tr_1747825076	birth	Q997429	match_status:WIKIDATA
12861	Raseiniai (Lithuania)	ראָסיין	Zylbercweig lexicon (Maaty reconciliation)	6-facs_157_tr_1747825067	birth	Q658562	match_status:WIKIDATA
72390	Lyuban (Belarus)	ליובאַן	Zylbercweig lexicon (Maaty reconciliation)	6-facs_159_tr_1747825090	birth	Q200991	match_status:WIKIDATA
85189	Liubar (Ukraine)	ליובאָר	Zylbercweig lexicon (Maaty reconciliation)	6-facs_165_tr_1747825090	birth	Q2652151	match_status:WIKIDATA
30	Suwałki (Poland)	סווואַלק	Zylbercweig lexicon (Maaty reconciliation)	6-facs_171_tr_1747825169	birth	Q236083	match_status:WIKIDATA
105	Smorgon (Belarus)	סמאַרגאָן	Zylbercweig lexicon (Maaty reconciliation)	6-facs_176_tr_1747825145	birth	Q958617	match_status:WIKIDATA
7773	Brest (France)	בריסק ליטאָווסק	Zylbercweig lexicon (Maaty reconciliation)	6-facs_181_tr_1747825054	birth	Q12193	match_status:WIKIDATA
23506	Sadhora (Chernivtsi, Ukraine)	סאַדיגוראַ	Zylbercweig lexicon (Maaty reconciliation)	6-facs_193_tr_1747825032	birth	Q2005381	match_status:WIKIDATA
20519	Anykščiai (Lithuania)	אָניקשט	Zylbercweig lexicon (Maaty reconciliation)	6-facs_202_tr_1747928985	birth	Q505416	match_status:WIKIDATA
18926	Wola (Warsaw, Poland)	וואָליאַ	Zylbercweig lexicon (Maaty reconciliation)	6-facs_210_tr_1747928994	birth	Q1020136	match_status:NAME_EXACT
528	Bielsk Podlaski (Poland)	בעלסק	Zylbercweig lexicon (Maaty reconciliation)	6-facs_224_tr_1747929007	birth	Q816185	match_status:NAME_EXACT
13452	Rz︠h︡yshchiv (Ukraine)	רזשיטשעוו	Zylbercweig lexicon (Maaty reconciliation)	6-facs_260_tr_1747928893	birth	Q4394270	match_status:NAME_EXACT
8760	Focsani (Romania)	פֿאָקשאַניי	Zylbercweig lexicon (Maaty reconciliation)	6-facs_263_tr_1747928942	birth	Q192265	match_status:WIKIDATA
19134	Starokosti︠a︡ntyniv (Ukraine)	ניי-קאָנסטאַנטין	Zylbercweig lexicon (Maaty reconciliation)	6-facs_264_tr_1747928896	birth	Q997429	match_status:WIKIDATA
27168	Nemyriv (Vinnyt︠s︡ʹka oblastʹ, Ukraine)	נעמיראָוו	Zylbercweig lexicon (Maaty reconciliation)	6-facs_271_r_1	birth	Q997335	match_status:WIKIDATA
84	Poznań (Poland)	פּאָזען	Zylbercweig lexicon (Maaty reconciliation)	6-facs_602_tr_1747930296	birth	Q268	match_status:WIKIDATA
27167	Malyn (Rivnensʹka oblastʹ, Ukraine)	מאַלין	Zylbercweig lexicon (Maaty reconciliation)	6-facs_611_r_33	birth	Q148997	match_status:WIKIDATA
19211	Chyhyryn (Cherkasʹka oblastʹ, Ukraine)	טשיגרין	Zylbercweig lexicon (Maaty reconciliation)	6-facs_639_tr_1747930195	birth	Q161980	match_status:NAME_EXACT
21649	Balta (Ukraine)	באַלטע	Zylbercweig lexicon (Maaty reconciliation)	6-facs_648_tr_1747930309	birth	Q805554	match_status:WIKIDATA
17745	Sokołów Podlaski (Poland)	סאָקאָלאָוו פּאָדלאָסקי	Zylbercweig lexicon (Maaty reconciliation)	6-facs_652_tr_1747931529	birth	Q1613105	match_status:WIKIDATA
8525	Biała Podlaska (Poland)	ביאלאַ פּאָדלאַסקאַ	Zylbercweig lexicon (Maaty reconciliation)	6-facs_662_tr_1747931525	birth	Q209932	match_status:WIKIDATA
962	Zamość (Poland)	זאָמאָשטש	Zylbercweig lexicon (Maaty reconciliation)	6-facs_663_r_1	birth	Q145972	match_status:WIKIDATA
72099	Skidzelʹ (Belarus)	סקידעל	Zylbercweig lexicon (Maaty reconciliation)	6-facs_665_r_1	birth	Q958847	match_status:WIKIDATA
9052	Rostov-na-Donu (Russia)	ראָסטאָוו ביים דאָן	Zylbercweig lexicon (Maaty reconciliation)	7-facs_8_r_3	birth	Q908	match_status:WIKIDATA
26098	Khodorkiv (Zhytomyr oblast, Ukraine)	כאָדערקאָוו	Zylbercweig lexicon (Maaty reconciliation)	7-facs_11_r_2	birth	Q4498775	match_status:WIKIDATA
69933	Mokhnivka (Ukraine)	מאַכנאָווקע	Zylbercweig lexicon (Maaty reconciliation)	7-facs_14_r_5	birth	Q2511152	match_status:WIKIDATA
920	Gdańsk (Poland)	דאַנציג	Zylbercweig lexicon (Maaty reconciliation)	7-facs_17_tr_1756390458	birth	Q1792	match_status:WIKIDATA
436	Kalisz (Poland)	קאַליש	Zylbercweig lexicon (Maaty reconciliation)	7-facs_47_tr_1756359790	birth	Q52842	match_status:WIKIDATA
797	Khmelnytskyi (Ukraine)	פּראָסקוראָוו	Zylbercweig lexicon (Maaty reconciliation)	7-facs_48_tr_1756359790	birth	Q156717	match_status:WIKIDATA
82089	Telenești (Moldova)	טעלענעשט	Zylbercweig lexicon (Maaty reconciliation)	7-facs_53_tr_1756359804	birth	Q647051	match_status:WIKIDATA
71242	Pidkamin (Ukraine)	פּאָדקאָמיין	Zylbercweig lexicon (Maaty reconciliation)	7-facs_73_r	birth	Q2509983	match_status:WIKIDATA
18284	Dyatlovo (Belarus)	זשעטל	Zylbercweig lexicon (Maaty reconciliation)	7-facs_75_r_1	birth	Q1025883	match_status:WIKIDATA
30	Suwałki (Poland)	סיוואָלק	Zylbercweig lexicon (Maaty reconciliation)	7-facs_76_r_2	birth	Q236083	match_status:WIKIDATA
17006	Polatsk (Belarus)	פּאָלאָצק	Zylbercweig lexicon (Maaty reconciliation)	7-facs_106_tr_1757328790	birth	Q200797	match_status:WIKIDATA
552	Opatów (Tarnobrzeg, Poland)	אָפּט (אָפּאַטאָוו)	Zylbercweig lexicon (Maaty reconciliation)	4-facs_613_tr_1755030200	birth	Q981742	manual_review; match_status:FUZZY
8141	Ni︠a︡sviz︠h︡ (Belarus)	ניעסוויזש	Zylbercweig lexicon (Maaty reconciliation)	1-facs_379_r_2	birth	Q201230	manual_review; match_status:FUZZY
846	Slavuta (Ukraine)	סלאָוויטע	Zylbercweig lexicon (Maaty reconciliation)	1-facs_383_tr_1739715273	birth	Q1023004	manual_review; match_status:FUZZY
8141	Ni︠a︡sviz︠h︡ (Belarus)	נעסוויזש	Zylbercweig lexicon (Maaty reconciliation)	2-facs_157_tr_1744279097|3-facs_250_r|3-facs_310_tr_1755973672	birth	Q201230	manual_review; match_status:FUZZY
2094	Santa Catalina Island (Calif.)	דער קאָלאָניע סאַנטאַ קאַטאָלינאַ	Zylbercweig lexicon (Maaty reconciliation)	3-facs_341_tr_1756106971	birth	Q2096227	manual_review; match_status:FUZZY
8141	Ni︠a︡sviz︠h︡ (Belarus)	נייעסוויעזש	Zylbercweig lexicon (Maaty reconciliation)	5-facs_535_tr_1739222170	birth	Q201230	manual_review; match_status:FUZZY
