entry_id,context,source_role,source_value,clustered_value,qid,qid_source,place_qid_conflict,wikidata_label_en,wikidata_label_yi,wikidata_type,resolved_category,other_type,cemetery,burial_city,death_site,settlement,province,country,neighborhood,other,review_flags,needs_review,correction_applied,death_burial_conflict,region_autoresolved
4-facs_39_tr_1752612112,burial,place,בית עולם פֿון די יידישע טעאַטריקל עלייענס,Mount Hebron Cemetery,Q2341172,initial,False,Mount Hebron Cemetery,,"cemetery, Jewish cemetery",cemetery,,Mount Hebron Cemetery,,,,,,,,place_province_mismatch,True,,False,False
4-facs_39_tr_1752612112,burial,province,ניו יאָרק,New York City,Q60,province,False,New York City,ניו יארק,"global city, port city, city in the United States, city, big city, largest city, city in the state of New York, metropolis, megacity",settlement,,,,,New York City,,,,,province_role_mismatch,True,,False,False
4-facs_82_tr_1753938284,burial,province,ניו יאָרק,New York City,Q60,province,False,New York City,ניו יארק,"global city, port city, city in the United States, city, big city, largest city, city in the state of New York, metropolis, megacity",settlement,,,,,New York City,,,,,province_role_mismatch,True,,False,False
4-facs_86_tr_1753938264,burial,province,פֿילאַדעלפיע,Philadelphia,Q1345,province,False,Philadelphia,פילאדעלפיע,"city of Pennsylvania, county seat, home rule municipality of Pennsylvania, consolidated city-county",settlement,,,,,Philadelphia,,,,,province_role_mismatch,True,,False,False
4-facs_103_tr_1753681918,burial,place,באַראָן הירש סעמעטערי,Baron Hirsch Cemetery,Q4862481,initial,False,Baron Hirsch Cemetery,,Jewish cemetery,cemetery,,Baron Hirsch Cemetery,,,,,,,,place_province_mismatch,True,,False,False
4-facs_207_tr_1754998369,burial,province,לאָס אַנדזשעלעס,Los Angeles,Q65,province,False,Los Angeles,לאס אנדזשעלעס,"charter city, city in the United States, city, global city, metropolis, megacity, business cluster, big city, LGBT sanctuary city",settlement,,,,,Los Angeles,,,,,province_role_mismatch,True,,False,False
4-facs_249_tr_1754998575,burial,place,בית עולם פֿון יידישן סאָציאַליסטישן פֿאַרבאַנד,Mount Hebron Cemetery,Q2341172,initial,False,Mount Hebron Cemetery,,"cemetery, Jewish cemetery",cemetery,,Mount Hebron Cemetery,,,,,,,,place_province_mismatch,True,,False,False
1-facs_212_tr_1741260189,burial,province,ניו יאָרק,New York City,Q60,province,False,New York City,ניו יארק,"global city, port city, city in the United States, city, big city, largest city, city in the state of New York, metropolis, megacity",settlement,,,,,New York City,,,,,province_role_mismatch,True,,False,False
1-facs_294_tr_1741260438,burial,province,ניו יאָרק,New York City,Q60,province,False,New York City,ניו יארק,"global city, port city, city in the United States, city, big city, largest city, city in the state of New York, metropolis, megacity",settlement,,,,,New York City,,,,,province_role_mismatch,True,,False,False
1-facs_345_r_10,burial,province,פילאַדעלפיע,Philadelphia,Q1345,province,False,Philadelphia,פילאדעלפיע,"city of Pennsylvania, county seat, home rule municipality of Pennsylvania, consolidated city-county",settlement,,,,,Philadelphia,,,,,province_role_mismatch,True,,False,False
1-facs_62_tr_1740520958,burial,province,ניו יאָרק,New York City,Q60,province,False,New York City,ניו יארק,"global city, port city, city in the United States, city, big city, largest city, city in the state of New York, metropolis, megacity",settlement,,,,,New York City,,,,,province_role_mismatch,True,,False,False
1-facs_90_tr_1740521094,burial,province,ניו-יאָרק,New York City,Q60,province,False,New York City,ניו יארק,"global city, port city, city in the United States, city, big city, largest city, city in the state of New York, metropolis, megacity",settlement,,,,,New York City,,,,,province_role_mismatch,True,,False,False
1-facs_93_tr_1740521079,burial,place,בית-החיים פון דער יידישער טעאַטריקל עליינס,Mount Hebron Cemetery,Q2341172,initial,False,Mount Hebron Cemetery,,"cemetery, Jewish cemetery",cemetery,,Mount Hebron Cemetery,,,,,,,,place_province_mismatch,True,,False,False
1-facs_93_tr_1740521079,burial,province,ניו יאָרק,New York City,Q60,province,False,New York City,ניו יארק,"global city, port city, city in the United States, city, big city, largest city, city in the state of New York, metropolis, megacity",settlement,,,,,New York City,,,,,province_role_mismatch,True,,False,False
1-facs_180_region_1715801037095_458,burial,province,ניו-יאָרק,New York City,Q60,province,False,New York City,ניו יארק,"global city, port city, city in the United States, city, big city, largest city, city in the state of New York, metropolis, megacity",settlement,,,,,New York City,,,,,province_role_mismatch,True,,False,False
1-facs_201_tr_1741260321,burial,province,ניו יאָרק,New York City,Q60,province,False,New York City,ניו יארק,"global city, port city, city in the United States, city, big city, largest city, city in the state of New York, metropolis, megacity",settlement,,,,,New York City,,,,,province_role_mismatch,True,,False,False
2-facs_162_tr_1744279209,burial,province,ניו-יאָרק,New York City,Q60,province,False,New York City,ניו יארק,"global city, port city, city in the United States, city, big city, largest city, city in the state of New York, metropolis, megacity",settlement,,,,,New York City,,,,,province_role_mismatch,True,,False,False
2-facs_232_tr_1744280746,burial,province,ניו יאָרק,New York City,Q60,province,False,New York City,ניו יארק,"global city, port city, city in the United States, city, big city, largest city, city in the state of New York, metropolis, megacity",settlement,,,,,New York City,,,,,province_role_mismatch,True,,False,False
3-facs_282_tr_1755674183,burial,place,בית עולם פֿון טעאַַטריקל גלייענס,Mount Hebron Cemetery,Q2341172,initial,False,Mount Hebron Cemetery,,"cemetery, Jewish cemetery",cemetery,,Mount Hebron Cemetery,,,,,,,,place_province_mismatch,True,,False,False
3-facs_282_tr_1755674183,burial,province,ניו יאָרק,New York City,Q60,province,False,New York City,ניו יארק,"global city, port city, city in the United States, city, big city, largest city, city in the state of New York, metropolis, megacity",settlement,,,,,New York City,,,,,province_role_mismatch,True,,False,False
5-facs_208_tr_1739221724,burial,place,פרעשאָוו,Prešov,Q50455,dodgy,False,Prešov,,,other,unknown,,,,,,,,Prešov,needs_manual_type_review;qid_lookup_missing,True,,False,False
6-facs_71_r_13,burial,province,ניו יאָרק,New York City,Q60,province,False,New York City,ניו יארק,"global city, port city, city in the United States, city, big city, largest city, city in the state of New York, metropolis, megacity",settlement,,,,,New York City,,,,,province_role_mismatch,True,,False,False
4-facs_270_tr_1754998435,death,place,באָפֿאַלאָ,Buffalo,Q40435,dodgy,False,Buffalo,באפאלא,"city in the state of New York, border city, big city",settlement,,,,,Buffalo,,,,,place_province_mismatch,True,,False,False
4-facs_270_tr_1754998435,death,province,ניו יאָרק,New York City,Q60,province,False,New York City,ניו יארק,"global city, port city, city in the United States, city, big city, largest city, city in the state of New York, metropolis, megacity",settlement,,,,,New York City,,,,,province_role_mismatch,True,,False,False
4-facs_619_tr_1755030061,death,place,קאָרדאָוואַ,Córdoba,Q40357,dodgy,False,prison,טורמע,type of prison facility,other,type of prison facility,,,,,,,,prison,needs_manual_type_review;place_country_unresolved,True,,False,False
1-facs_253_tr_1741260227,death,place,טוקום,Tukums,Q185018,dodgy,False,Franz Josef Land,,archipelago,other,archipelago,,,,,,,,Franz Josef Land,needs_manual_type_review,True,,False,False
1-facs_300_tr_1741260418,death,place,סאָמבאָר,Sombor,Q191851,dodgy,False,vase,,,other,unknown,,,,,,,,vase,needs_manual_type_review;place_province_mismatch,True,,False,False
2-facs_87_tr_1744131445,death,place,מאַנטשעסטער,Manchester,Q18125,initial,False,Manchester,מאנטשעסטער,"city, big city, unparished area",settlement,,,,,Manchester,,,,,place_country_mismatch,True,,False,False
2-facs_342_tr_1744365726,death,place,קעשעניעוו,Chișinău,Q21197,initial,False,Chișinău,קעשענעוו,"city, big city, municipality",settlement,,,,,Chișinău,,,,,place_country_mismatch,True,,False,False
3-facs_326_tr_1756057710,death,place,קינגס קאָונטיהאַספּיטאָל,New York City,Q60,dodgy,False,New York City,ניו יארק,"global city, port city, city in the United States, city, big city, largest city, city in the state of New York, metropolis, megacity",settlement,,,,,New York City,,,,,place_province_mismatch,True,,False,False
3-facs_326_tr_1756057710,death,province,ניו יאָרק,New York City,Q60,province,False,New York City,ניו יארק,"global city, port city, city in the United States, city, big city, largest city, city in the state of New York, metropolis, megacity",settlement,,,,,New York City,,,,,province_role_mismatch,True,,False,False
3-facs_327_tr_1756057819,death,place,רייקערס אינדזל,New York City,Q60,dodgy,False,New York City,ניו יארק,"global city, port city, city in the United States, city, big city, largest city, city in the state of New York, metropolis, megacity",settlement,,,,,New York City,,,,,place_province_mismatch,True,,False,False
3-facs_327_tr_1756057819,death,province,ניו יאָרק,New York City,Q60,province,False,New York City,ניו יארק,"global city, port city, city in the United States, city, big city, largest city, city in the state of New York, metropolis, megacity",settlement,,,,,New York City,,,,,province_role_mismatch,True,,False,False
3-facs_337_tr_1756106065,death,province,ניו יאָרק,New York City,Q60,province,False,New York City,ניו יארק,"global city, port city, city in the United States, city, big city, largest city, city in the state of New York, metropolis, megacity",settlement,,,,,New York City,,,,,province_role_mismatch,True,,False,False
5-facs_35_r_6,death,place,טרעבלינקע,Treblinka,Q152010,initial,True,Treblinka extermination camp,טרעבלינקע,"extermination camp, Nazi concentration camp, architectural heritage monument",death_site,,,Treblinka extermination camp,Treblinka extermination camp,,,,,,place_qid_conflict,True,death_burial_mirrored,False,False
5-facs_41_tr_1733050381,death,place,טרעבלינקע,Treblinka,Q152010,initial,True,Treblinka extermination camp,טרעבלינקע,"extermination camp, Nazi concentration camp, architectural heritage monument",death_site,,,Treblinka extermination camp,Treblinka extermination camp,,,,,,place_qid_conflict,True,death_burial_mirrored,False,False
5-facs_66_tr_1733059440,death,place,טרעבלינקע,Treblinka,Q152010,initial,True,Treblinka extermination camp,טרעבלינקע,"extermination camp, Nazi concentration camp, architectural heritage monument",death_site,,,Treblinka extermination camp,Treblinka extermination camp,,,,,,place_qid_conflict,True,death_burial_mirrored,False,False
5-facs_100_r,death,place,פינסק,Pinsk,Q204150,initial,True,Pinsk,פּינסק,"city of oblast subordinance, big city",settlement,,,,,Pinsk,,,,,place_qid_conflict,True,,False,False
5-facs_106_tr_1733832713,death,place,טרעבלינקע,Treblinka,Q152010,initial,True,Treblinka extermination camp,טרעבלינקע,"extermination camp, Nazi concentration camp, architectural heritage monument",death_site,,,Treblinka extermination camp,Treblinka extermination camp,,,,,,place_qid_conflict,True,death_burial_mirrored,False,False
5-facs_112_tr_1733832831,death,place,טרעבלינקע,Treblinka,Q152010,initial,True,Treblinka extermination camp,טרעבלינקע,"extermination camp, Nazi concentration camp, architectural heritage monument",death_site,,,Treblinka extermination camp,Treblinka extermination camp,,,,,,place_qid_conflict,True,death_burial_mirrored,False,False
5-facs_114_tr_1733832736,death,place,ריישער געטאָ,Rzeszów Ghetto,Q1915040,dodgy,False,McConnell's Mill Covered Bridge,,"covered bridge, wooden bridge, road bridge",other,covered bridge,,,,,,,,McConnell's Mill Covered Bridge,needs_manual_type_review,True,,False,False
5-facs_115_tr_1733832744,death,place,טרעבלינקע,Treblinka,Q152010,initial,True,Treblinka extermination camp,טרעבלינקע,"extermination camp, Nazi concentration camp, architectural heritage monument",death_site,,,Treblinka extermination camp,Treblinka extermination camp,,,,,,place_qid_conflict,True,death_burial_mirrored,False,False
5-facs_143_tr_1733832807,death,place,טרעבלינקע,Treblinka,Q152010,initial,True,Treblinka extermination camp,טרעבלינקע,"extermination camp, Nazi concentration camp, architectural heritage monument",death_site,,,Treblinka extermination camp,Treblinka extermination camp,,,,,,place_qid_conflict,True,death_burial_mirrored,False,False
5-facs_147_tr_1733832799,death,place,טרעבלינקע,Treblinka,Q152010,initial,True,Treblinka extermination camp,טרעבלינקע,"extermination camp, Nazi concentration camp, architectural heritage monument",death_site,,,Treblinka extermination camp,Treblinka extermination camp,,,,,,place_qid_conflict,True,death_burial_mirrored,False,False
5-facs_164_tr_1735652626,death,place,טרעבלינקע,Treblinka,Q152010,initial,True,Treblinka extermination camp,טרעבלינקע,"extermination camp, Nazi concentration camp, architectural heritage monument",death_site,,,Treblinka extermination camp,Treblinka extermination camp,,,,,,place_qid_conflict,True,death_burial_mirrored,False,False
5-facs_170_tr_1735652620,death,place,טרעבלינקע,Treblinka,Q152010,initial,True,Treblinka extermination camp,טרעבלינקע,"extermination camp, Nazi concentration camp, architectural heritage monument",death_site,,,Treblinka extermination camp,Treblinka extermination camp,,,,,,place_qid_conflict,True,death_burial_mirrored,False,False
5-facs_198_tr_1736588952,death,place,סיביר,Siberia,Q33172,dodgy,False,Unibet Arena,,"indoor practice facility, event venue",other,indoor practice facility,,,,,,,,Unibet Arena,needs_manual_type_review,True,,False,False
5-facs_199_tr_1736588971,death,place,טרעבלינקע,Treblinka,Q152010,initial,True,Treblinka extermination camp,טרעבלינקע,"extermination camp, Nazi concentration camp, architectural heritage monument",death_site,,,Treblinka extermination camp,Treblinka extermination camp,,,,,,place_qid_conflict,True,death_burial_mirrored,False,False
5-facs_208_tr_1739221724,death,place,פרעשאָוו,Prešov,Q50455,dodgy,False,Prešov,,,other,unknown,,,,,,,,Prešov,needs_manual_type_review;qid_lookup_missing,True,,False,False
5-facs_213_tr_1739221750,death,place,טרעבלינקע,Treblinka,Q152010,initial,True,Treblinka extermination camp,טרעבלינקע,"extermination camp, Nazi concentration camp, architectural heritage monument",death_site,,,Treblinka extermination camp,Treblinka extermination camp,,,,,,place_qid_conflict,True,death_burial_mirrored,False,False
5-facs_223_tr_1739220900,death,place,טרעבלינקע,Treblinka,Q152010,initial,True,Treblinka extermination camp,טרעבלינקע,"extermination camp, Nazi concentration camp, architectural heritage monument",death_site,,,Treblinka extermination camp,Treblinka extermination camp,,,,,,place_qid_conflict,True,death_burial_mirrored,False,False
5-facs_230_tr_1739221425,death,place,טרעבלינקע,Treblinka,Q152010,initial,True,Treblinka extermination camp,טרעבלינקע,"extermination camp, Nazi concentration camp, architectural heritage monument",death_site,,,Treblinka extermination camp,Treblinka extermination camp,,,,,,place_qid_conflict,True,death_burial_mirrored,False,False
5-facs_233_tr_1739220694,death,place,טרעבלינקע,Treblinka,Q152010,initial,True,Treblinka extermination camp,טרעבלינקע,"extermination camp, Nazi concentration camp, architectural heritage monument",death_site,,,Treblinka extermination camp,Treblinka extermination camp,,,,,,place_qid_conflict,True,death_burial_mirrored,False,False
5-facs_243_tr_1739220911,death,place,טרעבלינקע,Treblinka,Q152010,initial,True,Treblinka extermination camp,טרעבלינקע,"extermination camp, Nazi concentration camp, architectural heritage monument",death_site,,,Treblinka extermination camp,Treblinka extermination camp,,,,,,place_qid_conflict,True,death_burial_mirrored,False,False
5-facs_254_r_2,death,place,טרעבלינקע,Treblinka,Q152010,initial,True,Treblinka extermination camp,טרעבלינקע,"extermination camp, Nazi concentration camp, architectural heritage monument",death_site,,,Treblinka extermination camp,Treblinka extermination camp,,,,,,place_qid_conflict,True,death_burial_mirrored,False,False
5-facs_258_r,death,place,טרעבלינקע,Treblinka,Q152010,initial,True,Treblinka extermination camp,טרעבלינקע,"extermination camp, Nazi concentration camp, architectural heritage monument",death_site,,,Treblinka extermination camp,Treblinka extermination camp,,,,,,place_qid_conflict,True,death_burial_mirrored,False,False
5-facs_271_tr_1739221089,death,place,טרעבלינקע,Treblinka,Q152010,initial,True,Treblinka extermination camp,טרעבלינקע,"extermination camp, Nazi concentration camp, architectural heritage monument",death_site,,,Treblinka extermination camp,Treblinka extermination camp,,,,,,place_qid_conflict,True,death_burial_mirrored,False,False
5-facs_271_tr_1739221094,death,place,טרעבלינקע,Treblinka,Q152010,initial,True,Treblinka extermination camp,טרעבלינקע,"extermination camp, Nazi concentration camp, architectural heritage monument",death_site,,,Treblinka extermination camp,Treblinka extermination camp,,,,,,place_qid_conflict,True,death_burial_mirrored,False,False
5-facs_295_tr_1739221304,death,place,טרעבלינקע,Treblinka,Q152010,initial,True,Treblinka extermination camp,טרעבלינקע,"extermination camp, Nazi concentration camp, architectural heritage monument",death_site,,,Treblinka extermination camp,Treblinka extermination camp,,,,,,place_qid_conflict,True,death_burial_mirrored,False,False
5-facs_301_tr_1739221393,death,place,ריישער געטאָ,Rzeszów Ghetto,Q1915040,dodgy,False,McConnell's Mill Covered Bridge,,"covered bridge, wooden bridge, road bridge",other,covered bridge,,,,,,,,McConnell's Mill Covered Bridge,needs_manual_type_review,True,,False,False
5-facs_305_tr_1739220515,death,place,טרעבלינקע,Treblinka,Q152010,initial,True,Treblinka extermination camp,טרעבלינקע,"extermination camp, Nazi concentration camp, architectural heritage monument",death_site,,,Treblinka extermination camp,Treblinka extermination camp,,,,,,place_qid_conflict,True,death_burial_mirrored,False,False
5-facs_322_tr_1739221858,death,place,טרעבלינקע,Treblinka,Q152010,initial,True,Treblinka extermination camp,טרעבלינקע,"extermination camp, Nazi concentration camp, architectural heritage monument",death_site,,,Treblinka extermination camp,Treblinka extermination camp,,,,,,place_qid_conflict,True,death_burial_mirrored,False,False
5-facs_324_tr_1739221845,death,place,טרעבלינקע,Treblinka,Q152010,initial,True,Treblinka extermination camp,טרעבלינקע,"extermination camp, Nazi concentration camp, architectural heritage monument",death_site,,,Treblinka extermination camp,Treblinka extermination camp,,,,,,place_qid_conflict,True,death_burial_mirrored,False,False
5-facs_343_tr_1739221019,death,place,לידע,Lida,Q867649,dodgy,False,Roman Catholic Diocese of Caraguatatuba,,diocese of the Catholic Church,other,diocese of the Catholic Church,,,,,,,,Roman Catholic Diocese of Caraguatatuba,needs_manual_type_review,True,,False,False
5-facs_357_tr_1739221523,death,place,טרעבלינקע,Treblinka,Q152010,initial,True,Treblinka extermination camp,טרעבלינקע,"extermination camp, Nazi concentration camp, architectural heritage monument",death_site,,,Treblinka extermination camp,Treblinka extermination camp,,,,,,place_qid_conflict,True,death_burial_mirrored,False,False
5-facs_373_r_2,death,place,קאָוונער געטאָ,Kaunas Ghetto,Q3208684,dodgy,False,Acer Liquid Glow E330,,smartphone model,other,smartphone model,,,,,,,,Acer Liquid Glow E330,needs_manual_type_review,True,,False,False
5-facs_373_r,death,place,טרעבלינקע,Treblinka,Q152010,initial,True,Treblinka extermination camp,טרעבלינקע,"extermination camp, Nazi concentration camp, architectural heritage monument",death_site,,,Treblinka extermination camp,Treblinka extermination camp,,,,,,place_qid_conflict,True,death_burial_mirrored,False,False
5-facs_548_tr_1739220547,death,place,טרעבלינקע,Treblinka,Q152010,initial,True,Treblinka extermination camp,טרעבלינקע,"extermination camp, Nazi concentration camp, architectural heritage monument",death_site,,,Treblinka extermination camp,Treblinka extermination camp,,,,,,place_qid_conflict,True,death_burial_mirrored,False,False
5-facs_558_r,death,place,טרעבלינקע,Treblinka,Q152010,initial,True,Treblinka extermination camp,טרעבלינקע,"extermination camp, Nazi concentration camp, architectural heritage monument",death_site,,,Treblinka extermination camp,Treblinka extermination camp,,,,,,place_qid_conflict,True,death_burial_mirrored,False,False
5-facs_563_tr_1739221890,death,place,טאַק-מאַק,Tokmak,Q760235,dodgy,False,Tokmak,,"city of regional significance of Ukraine, human settlement, city",settlement,,,,,Tokmak,,,,,place_country_mismatch,True,,False,False
5-facs_564_tr_1739222472,death,place,טרעבלינקע,Treblinka,Q152010,initial,True,Treblinka extermination camp,טרעבלינקע,"extermination camp, Nazi concentration camp, architectural heritage monument",death_site,,,Treblinka extermination camp,Treblinka extermination camp,,,,,,place_qid_conflict,True,death_burial_mirrored,False,False
5-facs_592_r_14,death,place,קאָוונער געטאָ,Kaunas Ghetto,Q3208684,dodgy,False,Acer Liquid Glow E330,,smartphone model,other,smartphone model,,,,,,,,Acer Liquid Glow E330,needs_manual_type_review,True,,False,False
5-facs_592_r_26,death,place,קאָוונער געטאָ,Kaunas Ghetto,Q3208684,dodgy,False,Acer Liquid Glow E330,,smartphone model,other,smartphone model,,,,,,,,Acer Liquid Glow E330,needs_manual_type_review,True,,False,False
5-facs_592_r_34,death,place,לוואָווער געטאָ,Lviv Ghetto,Q1882,dodgy,False,berkelium,,"chemical element, synthetic element",other,chemical element,,,,,,,,berkelium,needs_manual_type_review,True,,False,False
5-facs_593_r_12,death,place,לוואָווער געטאָ,Lviv Ghetto,Q1882,dodgy,False,berkelium,,"chemical element, synthetic element",other,chemical element,,,,,,,,berkelium,needs_manual_type_review,True,,False,False
5-facs_617_r_8,death,place,טרעבלינקע,Treblinka,Q152010,initial,True,Treblinka extermination camp,טרעבלינקע,"extermination camp, Nazi concentration camp, architectural heritage monument",death_site,,,Treblinka extermination camp,Treblinka extermination camp,,,,,,place_qid_conflict,True,death_burial_mirrored,False,False
6-facs_57_r_21,death,province,ניו יאָרק,New York City,Q60,province,False,New York City,ניו יארק,"global city, port city, city in the United States, city, big city, largest city, city in the state of New York, metropolis, megacity",settlement,,,,,New York City,,,,,province_role_mismatch,True,,False,False
6-facs_160_tr_1747825040,death,place,סט. פאַולאָ,São Paulo,Q175,dodgy,False,São Paulo,,federative unit of Brazil,other,federative unit of Brazil,,,,,,,,São Paulo,needs_manual_type_review,True,,False,False
6-facs_174_tr_1747825098,death,place,מאָוונט סיני האָספּיטאָל,New York City,Q60,dodgy,False,New York City,ניו יארק,"global city, port city, city in the United States, city, big city, largest city, city in the state of New York, metropolis, megacity",settlement,,,,,New York City,,,,,place_province_mismatch,True,,False,False
6-facs_174_tr_1747825098,death,province,ניו-יאָרק,New York City,Q60,province,False,New York City,ניו יארק,"global city, port city, city in the United States, city, big city, largest city, city in the state of New York, metropolis, megacity",settlement,,,,,New York City,,,,,province_role_mismatch,True,,False,False
6-facs_199_tr_1747825102,death,province,לאָס אַנדזשעלעס,Los Angeles,Q65,province,False,Los Angeles,לאס אנדזשעלעס,"charter city, city in the United States, city, global city, metropolis, megacity, business cluster, big city, LGBT sanctuary city",settlement,,,,,Los Angeles,,,,,province_role_mismatch,True,,False,False
6-facs_269_tr_1747928912,death,place,נחלת יצחק,Tel-Aviv,Q33935,dodgy,False,Tel Aviv,תל אביב-יפו,"big city, city council, city",settlement,,,,,Tel Aviv,,,,,place_province_mismatch,True,,False,False
6-facs_665_r,death,place,כארקאָוו,Kharkiv,Q42308,initial,False,Kharkiv,כארקעוו,"centre of oblast, city in Ukraine",settlement,,,,,Kharkiv,,,,,place_country_mismatch,True,,False,False
7-facs_10_r_5,death,place,מאַנטשעסטער,Manchester,Q18125,initial,False,Manchester,מאנטשעסטער,"city, big city, unparished area",settlement,,,,,Manchester,,,,,place_country_mismatch,True,,False,False
7-facs_55_tr_1756359778,death,place,קאָרדאָוואָ,Córdoba,Q40357,dodgy,False,prison,טורמע,type of prison facility,other,type of prison facility,,,,,,,,prison,needs_manual_type_review;place_country_unresolved,True,,False,False
7-facs_56_r,death,place,קיביץ דגניה ב',Degania Bet,Q1022506,dodgy,False,Degania Bet,דגניה ב',kibbutz,other,kibbutz,,,,,,,,Degania Bet,needs_manual_type_review,True,,False,False
7-facs_62_r_7,death,place,קאָנסטאַנצאַ,Constanța,Q18554,dodgy,False,protection racket,,,other,unknown,,,,,,,,protection racket,needs_manual_type_review;place_country_unresolved,True,,False,False
4-facs_43_r,birth,place,ליובאָווע,"Lyubavichi, Rudnyansky District, Smolensk Oblast",Q898212,dodgy,False,"Lyubavichi, Rudnyansky District, Smolensk Oblast",ליובאוויטש,hamlet,settlement,,,,,"Lyubavichi, Rudnyansky District, Smolensk Oblast",,,,,place_country_mismatch,True,,False,False
4-facs_51_r,birth,place,בערדיטשעוו,Berdychiv,Q158799,initial,True,Berdychiv,בערדיטשעוו,"city of regional significance of Ukraine, miasteczko",settlement,,,,,Berdychiv,,,,,place_qid_conflict,True,,False,False
4-facs_60_tr_1753681919,birth,place,סלאָנים,Slonim,Q863576,initial,False,Slonim,סלאנים,city of raion subordinance,settlement,,,,,Slonim,,,,,place_country_mismatch,True,,False,False
4-facs_63_tr_1753681916,birth,place,דאַטשעוו,Dashiv,Q2653301,dodgy,False,Dashiv,דאשיעוו,urban-type settlement in Ukraine,settlement,,,,,Dashiv,,,,,place_country_mismatch,True,,False,False
4-facs_70_r,birth,place,אינשעסט,Inčukalns,Q185146,dodgy,False,plasma display,,,other,unknown,,,,,,,,plasma display,needs_manual_type_review,True,,False,False
4-facs_80_tr_1753938276,birth,place,סטאַניסלאָוו,Stanisławów,Q156726,initial,True,Ivano-Frankivsk,סטאניסלאװ,"city of regional significance of Ukraine, city or town, big city",settlement,,,,,Ivano-Frankivsk,,,,,place_qid_conflict,True,,False,True
4-facs_82_tr_1753938284,birth,place,דאָרף באָקשאַ,Baksha,Q4076148,dodgy,False,Baksha,,village of Ukraine,settlement,,,,,Baksha,,,,,place_country_mismatch,True,,False,False
4-facs_95_tr_1753602022,birth,place,פאָקשאָני,Focșani,Q210127,dodgy,False,balanced scorecard,,management tool,other,management tool,,,,,,,,balanced scorecard,needs_manual_type_review;place_country_unresolved,True,,False,False
4-facs_99_r_2,birth,place,לופץ,Luboml,Q974468,dodgy,False,Liuboml,ליבעוונע,city in Ukraine,settlement,,,,,Liuboml,,,,,place_country_mismatch,True,rematched_kima,False,False
4-facs_131_tr_1754224982,birth,place,דווינסק,Daugavpils,Q80021,initial,True,Daugavpils,דענענבורג,"state city of Latvia, city under state jurisdiction in Latvia",settlement,,,,,Daugavpils,,,,,place_qid_conflict,True,,False,False
4-facs_202_tr_1754998546,birth,place,ביאַלאָ מאַזאָוויעצק,Biała Rawska,Q202481,dodgy,False,Kunsthalle Rostock,,"art museum, museum building",other,art museum,,,,,,,,Kunsthalle Rostock,needs_manual_type_review;place_country_mismatch,True,,False,False
4-facs_202_tr_1754998544,birth,place,טשאַרטאָריסק,Chartorysk,Q974062,dodgy,False,,,zwinger,other,zwinger,,,,,,,,Chartorysk,needs_manual_type_review,True,,False,False
4-facs_247_tr_1754998367,birth,place,סט. מיקלאָש,Sfântu Gheorghe,Q83809,dodgy,False,totem pole,,,other,unknown,,,,,,,,totem pole,needs_manual_type_review;place_country_unresolved,True,,False,False
4-facs_248_tr_1754998566,birth,place,לאָנדאָן,London,Q84,initial,False,London,לאנדאן,"metropolis, financial center, city, global city, megacity, largest city, national capital",settlement,,,,,London,,,,,place_country_mismatch,True,,False,False
4-facs_260_tr_1754998378,birth,province,פּאָדואילאָי,Podolia,Q191607,dodgy,False,Podolia,פאדאליע,"Ukrainian historical regions, historical region, ethnographic region, cultural region",province,,,,,,Podolia,,,,province_country_mismatch,True,moved_to_province,False,False
4-facs_274_tr_1754998428,birth,place,קאַלינאָווקאַ,Kalinivka,Q869818,dodgy,False,Christ of the Abyss,,statue of Jesus,other,statue of Jesus,,,,,,,,Christ of the Abyss,needs_manual_type_review,True,,False,False
4-facs_276_tr_1754998430,birth,place,פידקאמען,Pidkamin,Q1022877,dodgy,False,Cardiac Arrhythmia Suppression Trial,,,other,unknown,,,,,,,,Cardiac Arrhythmia Suppression Trial,needs_manual_type_review;place_province_mismatch,True,,False,False
4-facs_276_tr_1754998432,birth,place,בראַאילאַ,Brăila,Q20765,dodgy,False,Brăila,,,other,unknown,,,,,,,,Brăila,needs_manual_type_review;qid_lookup_missing,True,,False,False
4-facs_278_tr_1754998432,birth,place,בראַאילא,Brăila,Q20765,dodgy,False,Brăila,,,other,unknown,,,,,,,,Brăila,needs_manual_type_review;qid_lookup_missing,True,,False,False
4-facs_279_tr_1754998502,birth,place,סקאַלאַ ביים זברוטש,Skala-Podilska,Q1022893,dodgy,False,CATWOE,,"abbreviation, concept",other,abbreviation,,,,,,,,CATWOE,needs_manual_type_review;place_province_mismatch,True,,False,False
4-facs_323_tr_1754998450,birth,place,מאָגעלניץ,Mohyliv-Podilskyi,Q1022828,dodgy,False,Sânandrei,,"village, seat of the local council",settlement,,,,,Sânandrei,,,,,place_country_mismatch,True,,False,False
4-facs_328_tr_1754998393,birth,place,שאַרגאָראָד,Sharhorod,Q1022958,dodgy,False,Tatárszentgyörgy,,municipality of Hungary,settlement,,,,,Tatárszentgyörgy,,,,,place_country_mismatch,True,,False,False
4-facs_330_tr_1754998386,birth,place,יאָגעלניצע,Yahilnytsia,Q1022819,dodgy,False,Periam,,"village, seat of the local council",settlement,,,,,Periam,,,,,place_province_mismatch,True,,False,False
4-facs_332_tr_1754998443,birth,place,גראָכאָוו,Grochów,Q123038,dodgy,False,Maserati GranTurismo,,car model,other,car model,,,,,,,,Maserati GranTurismo,needs_manual_type_review;place_country_unresolved,True,,False,False
4-facs_332_tr_1754998445,birth,place,גראָכאָוו,Grochów,Q123038,dodgy,False,Maserati GranTurismo,,car model,other,car model,,,,,,,,Maserati GranTurismo,needs_manual_type_review;place_country_unresolved,True,,False,False
4-facs_334_tr_1754998419,birth,place,פּאַרברעזע,Parubizhe,Q1022876,dodgy,False,Orțișoara,,"village, seat of the local council",settlement,,,,,Orțișoara,,,,,place_country_mismatch,True,,False,False
4-facs_352_tr_1754998404,birth,place,ליביוונע,Lybivne,Q1049168,dodgy,False,Xeon Phi,,"computer architecture, model series",other,computer architecture,,,,,,,,Xeon Phi,needs_manual_type_review;place_country_unresolved,True,,False,False
4-facs_354_tr_1754998468,birth,place,וולאָשטשאַווע,Włoszczowa,Q203680,dodgy,False,postage stamps and postal history of Egypt,,"aspect of history, postage stamps and postal history by jurisdiction",other,aspect of history,,,,,,,,postage stamps and postal history of Egypt,needs_manual_type_review;place_country_mismatch,True,,False,False
4-facs_358_tr_1754998512,birth,place,פּשעראָסלע,Psherosle,Q1049260,dodgy,False,Sádaba Castle,,castle,other,castle,,,,,,,,Sádaba Castle,needs_manual_type_review;place_country_mismatch,True,,False,False
4-facs_373_tr_1755030160,birth,place,טשאַשניקי,Chashniki,Q3484694,dodgy,False,Simple Headphone Mind,,extended play,other,extended play,,,,,,,,Simple Headphone Mind,needs_manual_type_review,True,,False,False
4-facs_375_tr_1755029880,birth,place,פּיאַטערגאָרי,Pyatigorsk,Q10958,dodgy,False,Neunkirchen,,municipality without town privileges in Germany,settlement,,,,,Neunkirchen,,,,,place_country_mismatch,True,,False,False
4-facs_379_tr_1755030303,birth,place,מאַרקולעשט,Mărculeşti,Q2062891,dodgy,False,Weißkirchen,,"Gemarkung, Ortsbezirk of Germany",other,Gemarkung,,,,,,,,Weißkirchen,needs_manual_type_review,True,,False,False
4-facs_381_r,birth,place,אַסטראָוו,Astroŭna,Q3646499,dodgy,False,Astroŭna,אָסטראָוונע,"village in Belarus, agrotown",settlement,,,,,Astroŭna,,,,,place_country_mismatch,True,,False,False
4-facs_385_tr_1755029934,birth,place,טשעכאַנאָוו,Ciechanów,Q182563,dodgy,False,Ciechanów,,,other,unknown,,,,,,,,Ciechanów,needs_manual_type_review;qid_lookup_missing,True,,False,False
4-facs_401_tr_1755030076,birth,place,אָסוויע,Osveia,Q152406,dodgy,False,Kiryat Gat,קרית גת,"city, city council",settlement,,,,,Kiryat Gat,,,,,place_country_mismatch,True,,False,False
4-facs_406_tr_1755029923,birth,place,סעלץ,Seltsy,Q1023008,dodgy,False,Frederick,,village,settlement,,,,,Frederick,,,,,place_country_mismatch,True,,False,False
4-facs_433_tr_1755030211,birth,place,אַסטראָפּאָליע,Starokostiantyniv,Q997429,dodgy,False,Starokostiantyniv,,"city of regional significance of Ukraine, human settlement",settlement,,,,,Starokostiantyniv,,,,,place_country_mismatch,True,rematched_kima,False,False
4-facs_445_tr_1755030294,birth,place,בראַסלאָוו,Bratslav,Q903241,dodgy,False,Bratslav,בראסלעוו,urban-type settlement in Ukraine,settlement,,,,,Bratslav,,,,,place_country_mismatch,True,,False,False
4-facs_446_tr_1755029995,birth,place,מיאָדל,Myadziel,Q1116456,dodgy,False,badminton at the 1990 Commonwealth Games,,badminton at the Commonwealth Games,other,badminton at the Commonwealth Games,,,,,,,,badminton at the 1990 Commonwealth Games,needs_manual_type_review,True,,False,False
4-facs_446_tr_1755029998,birth,place,סלאָוועשנע,Slovechne,Q1023005,dodgy,False,CB Cantabria,,handball team,other,handball team,,,,,,,,CB Cantabria,needs_manual_type_review;place_country_mismatch,True,,False,False
4-facs_453_tr_1755030106,birth,place,פּעריעסלאָוו,Pereiaslav,Q849499,dodgy,False,Pereiaslav,,,other,unknown,,,,,,,,Pereiaslav,needs_manual_type_review;qid_lookup_missing,True,,False,False
4-facs_595_tr_1755030240,birth,place,נאָוואָראַדאָמסק,Piotrków Trybunalski,Q165940,dodgy,False,typhlosole,,anatomical structure,other,anatomical structure,,,,,,,,typhlosole,needs_manual_type_review;place_country_unresolved,True,,False,False
4-facs_596_tr_1755029963,birth,place,הרובעשאָוו,Hrubieszów,Q173451,dodgy,False,transistor–transistor logic,,"logic circuit technology family, technical standard",other,logic circuit technology family,,,,,,,,transistor–transistor logic,needs_manual_type_review;place_country_unresolved,True,,False,False
4-facs_614_tr_1755030236,birth,place,נאַגאָיסק (נאַגייסקי),Nahoysk,Q869809,dodgy,False,Nahoysk,,,other,unknown,,,,,,,,Nahoysk,needs_manual_type_review;qid_lookup_missing,True,,False,False
4-facs_618_tr_1755029882,birth,place,דראָהייטשין,Drahichyn,Q1221977,dodgy,False,Silesian Parliament,,"parliament, unicameral legislature",other,parliament,,,,,,,,Silesian Parliament,needs_manual_type_review,True,,False,False
4-facs_618_tr_1755029883,birth,place,דיניווייל,Denville,Q485027,dodgy,False,body armor,,,other,unknown,,,,,,,,body armor,needs_manual_type_review;place_country_unresolved,True,,False,False
4-facs_622_tr_1755030211,birth,place,אַוואַראָוויטשי,Avaravichy,Q852786,dodgy,False,Avaravichy,,,other,unknown,,,,,,,,Avaravichy,needs_manual_type_review;qid_lookup_missing,True,,False,False
4-facs_627_tr_1755030085,birth,place,אַדימאָוו,Odymiv,Q1261285,dodgy,False,Drummeholm,,islet,other,islet,,,,,,,,Drummeholm,needs_manual_type_review;place_country_mismatch,True,,False,False
4-facs_641_tr_1755030027,birth,place,שוועקסנע,Shveksne,Q1022960,dodgy,False,Třemošnice,,"municipality of the Czech Republic, municipality with town privileges in the Czech Republic, municipality with authorized municipal office",settlement,,,,,Třemošnice,,,,,place_country_mismatch,True,,False,False
4-facs_652_tr_1755030209,birth,place,פעאָדאַסיע,Feodosia,Q178090,dodgy,False,Partizansk,,city or town,settlement,,,,,Partizansk,,,,,place_province_mismatch,True,,False,False
4-facs_653_tr_1755030266,birth,place,בערדיטשעוו,Berdychiv,Q158799,initial,True,Berdychiv,בערדיטשעוו,"city of regional significance of Ukraine, miasteczko",settlement,,,,,Berdychiv,,,,,place_qid_conflict,True,,False,False
4-facs_654_tr_1755029981,birth,place,פינסק,Pinsk,Q204150,initial,True,Pinsk,פּינסק,"city of oblast subordinance, big city",settlement,,,,,Pinsk,,,,,place_qid_conflict,True,,False,False
4-facs_655_tr_1755030265,birth,place,ראַכאָוו,Rakhiv,Q165843,dodgy,False,Audi Type K,,car model,other,car model,,,,,,,,Audi Type K,needs_manual_type_review;place_country_unresolved,True,,False,False
4-facs_657_tr_1755030210,birth,place,סמילע,Smila,Q869869,dodgy,False,41xx steel,,,other,unknown,,,,,,,,41xx steel,needs_manual_type_review,True,,False,False
4-facs_663_tr_1755030299,birth,place,מאָלאַסטאָווקע,Molastovka,Q869806,dodgy,False,Roman Catholic Diocese of Issele-Uku,,diocese of the Catholic Church,other,diocese of the Catholic Church,,,,,,,,Roman Catholic Diocese of Issele-Uku,needs_manual_type_review;place_country_mismatch,True,,False,False
4-facs_663_tr_1755030300,birth,place,טאַרנאָרודא,Tarnoruda,Q1021697,dodgy,False,,,Ortsteil,settlement,,,,,Tarnoruda,,,,,place_province_mismatch,True,,False,False
4-facs_666_tr_1755030168,birth,place,פעלשטיין,Felshteyn,Q1022879,dodgy,False,Gemeses,,freguesia of Portugal,settlement,,,,,Gemeses,,,,,place_country_mismatch,True,,False,False
4-facs_668_tr_1755029972,birth,place,נאַראַווליע,Narowlya,Q875097,dodgy,False,Schwelme,,river,other,river,,,,,,,,Schwelme,needs_manual_type_review,True,,False,False
5-facs_83_tr_1733059382,birth,place,ראַוואַ-רוסקאַ,Rava-Ruska,Q1048138,dodgy,False,Vitrimont,,commune of France,settlement,,,,,Vitrimont,,,,,place_province_mismatch,True,,False,False
1-facs_207_tr_1741260336,birth,place,יאַנאָווע,Yaniv,Q1049050,dodgy,False,Yenikeyevo,,hamlet,settlement,,,,,Yenikeyevo,,,,,place_country_mismatch,True,,False,False
1-facs_208_tr_1741260264,birth,place,רוסלאַנד,Kazan,Q900,dodgy,False,Kazan,קאזאן,"largest city, largest city, city of republic significance, city or town, big city",settlement,,,,,Kazan,,,,,place_province_mismatch,True,,False,False
1-facs_208_tr_1741260252,birth,place,איוואָ,Uiwang,Q42134,dodgy,False,Uiwang,,"city of South Korea, big city",settlement,,,,,Uiwang,,,,,place_country_mismatch,True,,False,False
1-facs_209_tr_1741260255,birth,place,סימני,Simnas,Q1892074,dodgy,False,Simnas,,city,settlement,,,,,Simnas,,,,,place_country_mismatch,True,,False,False
1-facs_248_tr_1741260287,birth,place,לידע,Lida,Q867649,dodgy,False,Roman Catholic Diocese of Caraguatatuba,,diocese of the Catholic Church,other,diocese of the Catholic Church,,,,,,,,Roman Catholic Diocese of Caraguatatuba,needs_manual_type_review;place_country_mismatch,True,,False,False
1-facs_252_tr_1741260232,birth,place,סטאָניסלאָוו,Stanisławów,Q156726,initial,True,Ivano-Frankivsk,סטאניסלאװ,"city of regional significance of Ukraine, city or town, big city",settlement,,,,,Ivano-Frankivsk,,,,,place_qid_conflict,True,,False,False
1-facs_255_tr_1741260331,birth,place,קיטייגאָראָד,Kitayhorod,Q1022907,dodgy,False,Jatinangor,,kecamatan,other,kecamatan,,,,,,,,Jatinangor,needs_manual_type_review;place_country_mismatch,True,,False,False
1-facs_255_tr_1741260322,birth,place,רואיזנא,Ruzhana,Q615132,dodgy,False,Ruzhany,ראזשינאי,urban settlement in Belarus,settlement,,,,,Ruzhany,,,,,place_country_mismatch,True,rematched_kima,False,False
1-facs_257_tr_1741260312,birth,place,לובאָר,Liubar,Q1244558,dodgy,False,Dorfkirche Neu Schadow,,aisleless church,other,aisleless church,,,,,,,,Dorfkirche Neu Schadow,needs_manual_type_review;place_country_mismatch,True,,False,False
1-facs_258_tr_1741260276,birth,place,איוואַנסק,Ivankovychi,Q869730,dodgy,False,Crisis Hidden Gig,,concert tour,other,concert tour,,,,,,,,Crisis Hidden Gig,needs_manual_type_review;place_country_unresolved,True,,False,False
1-facs_265_tr_1741260323,birth,place,סובאָלק,Suwałki,Q215107,dodgy,False,2254,,radio program,other,radio program,,,,,,,,2254,needs_manual_type_review;place_country_unresolved,True,,False,False
1-facs_265_tr_1741260315,birth,place,בערשאָן,Bershon,Q1128219,dodgy,False,Men's FIH Hockey World Cup,,recurring tournament,other,recurring tournament,,,,,,,,Men's FIH Hockey World Cup,needs_manual_type_review;place_country_unresolved,True,,False,False
1-facs_265_tr_1741260308,birth,place,יאָנאָוו,Ivano-Frankove,Q1019884,dodgy,False,Ivano-Frankove,,urban-type settlement in Ukraine,settlement,,,,,Ivano-Frankove,,,,,place_country_mismatch,True,,False,False
1-facs_267_tr_1741260292,birth,place,קאָסטוקאָוויטש,Kostukovitsh,Q2553136,dodgy,False,Kostukovitsh,,,other,unknown,,,,,,,,Kostukovitsh,needs_manual_type_review;qid_lookup_missing,True,,False,False
1-facs_276_tr_1741260311,birth,place,סטאָניסלאָוו,Stanisławów,Q156726,initial,True,Ivano-Frankivsk,סטאניסלאװ,"city of regional significance of Ukraine, city or town, big city",settlement,,,,,Ivano-Frankivsk,,,,,place_qid_conflict,True,,False,False
1-facs_278_tr_1741260263,birth,place,זבאַרא,Zbarazh,Q1019899,dodgy,False,Zbarazh,זבאראזש,city in Ukraine,settlement,,,,,Zbarazh,,,,,place_country_mismatch,True,,False,False
1-facs_278_tr_1741260247,birth,place,בלאַזשאָווא,Błażowa,Q990703,dodgy,False,Ericsson R380s,,product model,other,product model,,,,,,,,Ericsson R380s,needs_manual_type_review;place_province_mismatch,True,,False,False
1-facs_281_tr_1741260291,birth,place,לובני,Lubny,Q847787,dodgy,False,Forest Park South Gate station,,"metro station, underground station",other,metro station,,,,,,,,Forest Park South Gate station,needs_manual_type_review;place_country_mismatch,True,,False,False
1-facs_281_tr_1741260294,birth,place,לאָנדאָן,London,Q84,initial,False,London,לאנדאן,"metropolis, financial center, city, global city, megacity, largest city, national capital",settlement,,,,,London,,,,,place_country_mismatch,True,,False,False
1-facs_281_r_3,birth,place,שקלאָוו,Škłow,Q730175,initial,False,Škłow,שקלאָוו,city of raion subordinance,settlement,,,,,Škłow,,,,,place_country_mismatch,True,,False,False
1-facs_282_tr_1741260226,birth,place,ווענגראָוו,Węgrów,Q200855,dodgy,False,Battle of Vienna,,"battle, relief, Muslim conquests",other,battle,,,,,,,,Battle of Vienna,needs_manual_type_review;place_country_mismatch,True,,False,False
1-facs_288_r_4,birth,place,מאָשטשיסק,Mostyska,Q974026,dodgy,False,Virgil,,town in the United States,settlement,,,,,Virgil,,,,,place_province_mismatch,True,,False,False
1-facs_290_r_7,birth,place,וואָראַנצאָווקע,Vorontsovka,Q869780,dodgy,False,Roman Catholic Diocese of Iquique,,diocese of the Catholic Church,other,diocese of the Catholic Church,,,,,,,,Roman Catholic Diocese of Iquique,needs_manual_type_review;place_country_mismatch,True,,False,False
1-facs_292_tr_1741260501,birth,place,זיגיווקע,Zyhivka,Q869784,dodgy,False,Riverwalk Kitakyushu,,shopping center,other,shopping center,,,,,,,,Riverwalk Kitakyushu,needs_manual_type_review;place_country_mismatch,True,,False,False
1-facs_293_tr_1741260460,birth,place,טאָלטשיין,Tolchyn,Q2558289,dodgy,False,,,road running,other,road running,,,,,,,,Tolchyn,needs_manual_type_review;place_country_mismatch,True,,False,False
1-facs_294_tr_1741260445,birth,place,האָמעל,Homiel,Q2678,dodgy,False,Gomel,האָמל,"city of oblast subordinance, big city",settlement,,,,,Gomel,,,,,place_country_mismatch,True,rematched_kima,False,False
1-facs_297_tr_1741260514,birth,place,ראָהאָטשאָוו,Rahachow,Q1049285,dodgy,False,Kikyō Station,,"railway station, railway station above ground, contracted station, Q123094976",other,railway station,,,,,,,,Kikyō Station,needs_manual_type_review;place_country_mismatch,True,,False,False
1-facs_298_tr_1741260461,birth,place,ניי-זאָגער,Nowy Sącz,Q169603,dodgy,False,,,Ortsteil,settlement,,,,,Nowy Sącz,,,,,place_country_mismatch,True,,False,False
1-facs_301_tr_1741260452,birth,place,פונדאקלעעווקא,Fundaklivka,Q869835,dodgy,False,Ishe Komborera Africa,,national anthem,other,national anthem,,,,,,,,Ishe Komborera Africa,needs_manual_type_review;place_country_mismatch,True,,False,False
1-facs_301_tr_1741260457,birth,place,קאָראָפּיעץ,Koropets,Q1022905,dodgy,False,Sande,,former freguesia of Portugal,settlement,,,,,Sande,,,,,place_province_mismatch,True,,False,False
1-facs_304_tr_1741260497,birth,place,יאָלטושקאָוו,Yaltushkiv,Q1022794,dodgy,False,CAM Timișoara,,association football club,other,association football club,,,,,,,,CAM Timișoara,needs_manual_type_review,True,,False,False
1-facs_304_tr_1741260494,birth,place,אָטיק,Attica,Q2087882,dodgy,False,Attica,,city in the United States,settlement,,,,,Attica,,,,,place_province_mismatch,True,,False,False
1-facs_304_tr_1741260480,birth,place,קיטערשיקע,Kitershyke,Q2553137,dodgy,False,Białystok Fabryczny train station,,railway station,other,railway station,,,,,,,,Białystok Fabryczny train station,needs_manual_type_review,True,,False,False
1-facs_320_tr_1741260426,birth,place,וויטקאָוו,Vytkiv,Q1048117,dodgy,False,NGC 2309,,"star cluster, open cluster",other,star cluster,,,,,,,,NGC 2309,needs_manual_type_review;place_province_mismatch,True,,False,False
1-facs_322_tr_1741260436,birth,place,כיראָוו,Kirov,Q5384,dodgy,False,Kirov,,"city or town, big city",settlement,,,,,Kirov,,,,,place_province_mismatch,True,,False,False
1-facs_332_tr_1741260395,birth,place,האַנטינגטאָן,Huntington,Q159288,dodgy,False,Santa Barbara,,"city in the United States, charter city, county seat",settlement,,,,,Santa Barbara,,,,,place_province_mismatch,True,,False,False
1-facs_332_tr_1741260395,birth,province,אָהייאָ,"בלומינגבורג, אהייאו",Q20615834,province,False,,"בלומינגבורג, אהייאו",,other,unknown,,,,,,,,"בלומינגבורג, אהייאו",needs_manual_type_review;province_country_unresolved;province_role_mismatch,True,,False,False
1-facs_333_tr_1741260492,birth,place,וואסלואי,Vaslui,Q1808793,dodgy,False,Lavagna,,frazione,other,frazione,,,,,,,,Lavagna,needs_manual_type_review;place_country_mismatch,True,,False,False
1-facs_336_tr_1741260422,birth,place,אָטיניע,Otyniya,Q1022804,dodgy,False,CANaerospace,,,other,unknown,,,,,,,,CANaerospace,needs_manual_type_review,True,,False,False
1-facs_340_tr_1741260479,birth,place,עלזאָס-לאַטרינגען,Alsace-Lorraine,Q49189,dodgy,False,572,,year,other,year,,,,,,,,572,needs_manual_type_review,True,,False,False
1-facs_340_tr_1741260477,birth,place,לאָנדאָן,London,Q84,initial,False,London,לאנדאן,"metropolis, financial center, city, global city, megacity, largest city, national capital",settlement,,,,,London,,,,,place_country_mismatch,True,,False,False
1-facs_342_tr_1741260502,birth,place,האָללע,Halle,Q2102,dodgy,False,snake,שלאנג,organisms known by a particular common name,other,organisms known by a particular common name,,,,,,,,snake,needs_manual_type_review;place_country_unresolved,True,,False,False
1-facs_343_tr_1741260417,birth,place,טישמיעניצע,Tysmenytsia,Q973977,dodgy,False,Abirim,,human settlement,settlement,,,,,Abirim,,,,,place_province_mismatch,True,,False,False
1-facs_347_TextRegion_1710166960652_499,birth,place,ירושלים,Jerusalem,Q1218,initial,False,Jerusalem,ירושלים,"city, holy city of Abrahamic religion, largest city, tourist destination, big city, Roman city, ancient city, disputed territory, national capital, corpus separatum, city council",settlement,,,,,Jerusalem,,,,,place_province_mismatch,True,,False,False
1-facs_349_tr_1741260438,birth,place,וואָרקליאָן,Vorklian,Q997441,dodgy,False,Vorklian,,,other,unknown,,,,,,,,Vorklian,needs_manual_type_review;qid_lookup_missing,True,,False,False
1-facs_350_tr_1741260461,birth,place,אָנטאָפּאָל,Antopol,Q608888,dodgy,False,Antopaĺ,אנטיפאליע,"urban settlement in Belarus, agrotown",settlement,,,,,Antopaĺ,,,,,place_country_mismatch,True,rematched_kima,False,False
1-facs_351_tr_1741260418,birth,place,זשעשאָוו,Rzeszów,Q148966,dodgy,False,Solomon Islands,,"archipelago, island group",other,archipelago,,,,,,,,Solomon Islands,needs_manual_type_review;place_province_mismatch,True,,False,False
1-facs_355_tr_1741260495,birth,place,בראַאילאַ,Brăila,Q20765,dodgy,False,Brăila,,,other,unknown,,,,,,,,Brăila,needs_manual_type_review;qid_lookup_missing,True,,False,False
1-facs_360_TextRegion_1710852654922_221,birth,place,פּיעטראָקאָוו,Piotrków Trybunalski,Q158004,dodgy,False,Piotrków Trybunalski,פיעטרקאוו,"city with powiat rights in Poland, city",settlement,,,,,Piotrków Trybunalski,,,,,place_country_mismatch,True,,False,False
1-facs_362_TextRegion_1710853984376_412,birth,place,דוווינסק,Daugavpils,Q80021,initial,True,Daugavpils,דענענבורג,"state city of Latvia, city under state jurisdiction in Latvia",settlement,,,,,Daugavpils,,,,,place_qid_conflict,True,,False,False
1-facs_364_tr_1741260432,birth,place,סאַן אַנטאָניאָ,San Antonio,Q975,dodgy,False,San Antonio,סאן אנטאניא,"city in the United States, big city, county seat",settlement,,,,,San Antonio,,,,,place_country_mismatch,True,,False,False
1-facs_375_r_6,birth,place,בזשאָזאָוו,Brzozów,Q987540,dodgy,False,,,,other,unknown,,,,,,,,Brzozów,needs_manual_type_review;place_province_mismatch,True,,False,False
1-facs_377_r,birth,place,בערעזנא,Berezna,Q847710,dodgy,False,oogamy,,biological process,other,biological process,,,,,,,,oogamy,needs_manual_type_review,True,,False,False
1-facs_382_tr_1739715279,birth,place,איליניץ,Ilyintsy,Q849474,dodgy,False,Battle of Qarqar,,battle,other,battle,,,,,,,,Battle of Qarqar,needs_manual_type_review;place_country_mismatch,True,,False,False
1-facs_382_tr_1739715265,birth,place,סלאָנים,Slonim,Q863576,initial,False,Slonim,סלאנים,city of raion subordinance,settlement,,,,,Slonim,,,,,place_country_mismatch,True,,False,False
1-facs_382_tr_1739715275,birth,place,סלאָנים,Slonim,Q863576,initial,False,Slonim,סלאנים,city of raion subordinance,settlement,,,,,Slonim,,,,,place_country_mismatch,True,,False,False
1-facs_382_tr_1739715272,birth,place,סלאָנים,Slonim,Q863576,initial,False,Slonim,סלאנים,city of raion subordinance,settlement,,,,,Slonim,,,,,place_country_mismatch,True,,False,False
1-facs_389_tr_1739715091,birth,place,מייצעד,Meitsed,Q869807,dodgy,False,Christ of Havana,,colossal statue of Jesus,other,colossal statue of Jesus,,,,,,,,Christ of Havana,needs_manual_type_review;place_country_mismatch,True,,False,False
1-facs_390_tr_1739715054,birth,place,סימפעראָפּאָל,Simferopol,Q43421,dodgy,False,Richmond,,"independent city in the United States, city in the United States, big city",settlement,,,,,Richmond,,,,,place_province_mismatch,True,,False,False
1-facs_391_tr_1739715056,birth,place,האַרבי,Harbin,Q42956,dodgy,False,Harbin,,"sub-province-level division, city, big city, prefecture-level city",settlement,,,,,Harbin,,,,,place_country_mismatch,True,rematched_kima,False,False
1-facs_394_tr_1739715058,birth,place,אמדור,Indura,Q2920508,initial,False,Indura,,"agrotown, urban settlement in Belarus",settlement,,,,,Indura,,,,,place_country_mismatch,True,,False,False
1-facs_399_tr_1739715063,birth,place,בערדיטשעוו,Berdychiv,Q158799,initial,True,Berdychiv,בערדיטשעוו,"city of regional significance of Ukraine, miasteczko",settlement,,,,,Berdychiv,,,,,place_qid_conflict,True,,False,False
1-facs_404_tr_1739715086,birth,place,מאָלאָדעטשנאָ,Maladzyechna,Q882261,dodgy,False,,,,other,unknown,,,,,,,,Maladzyechna,needs_manual_type_review;place_country_unresolved,True,,False,False
1-facs_407_tr_1739715081,birth,place,פעלשטין,Felshteyn,Q1022879,dodgy,False,Gemeses,,freguesia of Portugal,settlement,,,,,Gemeses,,,,,place_country_mismatch,True,,False,False
1-facs_410_tr_1739715090,birth,place,סאָמבאָר,Sombor,Q191851,dodgy,False,vase,,,other,unknown,,,,,,,,vase,needs_manual_type_review,True,,False,False
1-facs_412_TextRegion_1710153731052_73,birth,place,אַדזוד,Azoud,Q1251,dodgy,False,Cottian Alps,,alpine section,other,alpine section,,,,,,,,Cottian Alps,needs_manual_type_review;place_country_mismatch,True,,False,False
1-facs_412_TextRegion_1710153717390_60,birth,place,בילגאריי,Biłgoraj,Q202448,dodgy,False,cryoablation,,,other,unknown,,,,,,,,cryoablation,needs_manual_type_review;place_country_unresolved,True,,False,False
1-facs_412_TextRegion_1710153689691_21,birth,place,פּינסק,Pinsk,Q204150,initial,False,Pinsk,פּינסק,"city of oblast subordinance, big city",settlement,,,,,Pinsk,,,,,place_country_mismatch,True,,False,False
1-facs_413_r_8,birth,place,אָסטראָלענקאָ,Ostrołęka,Q126099,dodgy,False,Ostrołęka,,,other,unknown,,,,,,,,Ostrołęka,needs_manual_type_review;qid_lookup_missing,True,,False,False
1-facs_414_r_3,birth,place,בערדיטשעוו,Berdychiv,Q158799,initial,True,Berdychiv,בערדיטשעוו,"city of regional significance of Ukraine, miasteczko",settlement,,,,,Berdychiv,,,,,place_qid_conflict,True,,False,False
1-facs_415_r_9,birth,place,ראַדזין,Radzyń Podlaski,Q202591,dodgy,False,Radzyń Podlaski,,,other,unknown,,,,,,,,Radzyń Podlaski,needs_manual_type_review;qid_lookup_missing,True,,False,False
1-facs_416_tr_1739715065,birth,place,אַמדור,Indura,Q2920508,dodgy,False,Indura,,"agrotown, urban settlement in Belarus",settlement,,,,,Indura,,,,,place_country_mismatch,True,,False,False
1-facs_18_r_8_1,birth,place,דווינסק,Daugavpils,Q80021,initial,True,Daugavpils,דענענבורג,"state city of Latvia, city under state jurisdiction in Latvia",settlement,,,,,Daugavpils,,,,,place_qid_conflict,True,,False,False
1-facs_18_TextRegion_1711991747546_2519,birth,place,סאָראַטאָוו,Saratov,Q56044,dodgy,False,zig-zag bridge,,bridge by structural type,other,bridge by structural type,,,,,,,,zig-zag bridge,needs_manual_type_review;place_country_unresolved,True,,False,False
1-facs_30_TextRegion_1709402283554_1191,birth,place,טשערנאָבאָל,Chornobyl,Q2529,dodgy,False,April 24,24סטן אפריל,point in time with respect to recurrent timeframe,other,point in time with respect to recurrent timeframe,,,,,,,,April 24,needs_manual_type_review;place_country_unresolved,True,,False,False
1-facs_36_tr_1740520946,birth,place,הירש,Hirișeni,Q2451032,dodgy,False,Hirișeni,,"commune of Moldova, village",settlement,,,,,Hirișeni,,,,,place_country_mismatch,True,,False,False
1-facs_40_tr_1740521035,birth,place,סובאָלק,Suwałki,Q215107,dodgy,False,2254,,radio program,other,radio program,,,,,,,,2254,needs_manual_type_review,True,,False,False
1-facs_41_tr_1740521069,birth,place,טיראָספּאָל,Tiraspol,Q132572,dodgy,False,Tiraspol,,"municipality of Moldova, city or town, big city",settlement,,,,,Tiraspol,,,,,place_country_mismatch,True,rematched_kima,False,False
1-facs_41_tr_1740521076,birth,place,סטאָניסלאָוו,Stanisławów,Q156726,initial,True,Ivano-Frankivsk,סטאניסלאװ,"city of regional significance of Ukraine, city or town, big city",settlement,,,,,Ivano-Frankivsk,,,,,place_qid_conflict,True,,False,True
1-facs_43_tr_1740520992,birth,place,"נאָוואמינסק, (איצט מינסק-מאַזאָוויעצק)",Mińsk Mazowiecki,Q198480,dodgy,False,Gugney-aux-Aulx,,commune of France,settlement,,,,,Gugney-aux-Aulx,,,,,place_country_mismatch,True,,False,False
1-facs_45_tr_1740521094,birth,place,קיידאן,Kėdainiai,Q786484,dodgy,False,gibberish,דזשיבעריש,,other,unknown,,,,,,,,gibberish,needs_manual_type_review;place_country_unresolved,True,,False,False
1-facs_45_tr_1740521093,birth,place,גראָבאָוויץ,Hrabovets,Q8459286,dodgy,False,Category:Finnish pole vaulters,,Wikimedia category,other,Wikimedia category,,,,,,,,Category:Finnish pole vaulters,needs_manual_type_review;place_country_unresolved,True,,False,False
1-facs_46_tr_1740521017,birth,place,זגערזש,Zgierz,Q193264,dodgy,False,Marajó,,island,other,island,,,,,,,,Marajó,needs_manual_type_review;place_country_mismatch,True,,False,False
1-facs_47_tr_1740521070,birth,place,אַ דאַרף,Bodrogkeresztúr,Q665853,dodgy,False,Bodrogkeresztúr,קערעסטיר,municipality of Hungary,settlement,,,,,Bodrogkeresztúr,,,,,place_country_mismatch,True,,False,False
1-facs_49_tr_1740521084,birth,place,סעלץ,Seltsy,Q1023008,dodgy,False,Frederick,,village,settlement,,,,,Frederick,,,,,place_country_mismatch,True,,False,False
1-facs_50_tr_1740521046,birth,place,טערעספּאָל,Terespol,Q218036,dodgy,False,Saint-Carné,,commune of France,settlement,,,,,Saint-Carné,,,,,place_country_mismatch,True,,False,False
1-facs_51_tr_1740521072,birth,place,באָלטאָ,Balta,Q1134849,dodgy,False,Corps Franconia Hamburg,,German Student Corps,other,German Student Corps,,,,,,,,Corps Franconia Hamburg,needs_manual_type_review;place_province_mismatch,True,,False,False
1-facs_51_tr_1740521079,birth,place,ליאדי,Liady,Q4272559,initial,False,Liady,ליאַדי,"agrotown, urban settlement in Belarus",settlement,,,,,Liady,,,,,place_country_mismatch,True,,False,False
1-facs_57_tr_1740521103,birth,place,הרובישאָוו,Hrubieszów,Q173451,dodgy,False,transistor–transistor logic,,"logic circuit technology family, technical standard",other,logic circuit technology family,,,,,,,,transistor–transistor logic,needs_manual_type_review;place_country_unresolved,True,,False,False
1-facs_62_tr_1740520977,birth,place,דוווינסק,Daugavpils,Q80021,initial,True,Daugavpils,דענענבורג,"state city of Latvia, city under state jurisdiction in Latvia",settlement,,,,,Daugavpils,,,,,place_qid_conflict,True,,False,False
1-facs_68_tr_1740521051,birth,place,איוויע,Iŭje,Q738777,initial,False,Iŭje,אייוויע,"city of raion subordinance, urban settlement in Belarus",settlement,,,,,Iŭje,,,,,place_country_mismatch,True,,False,False
1-facs_68_tr_1740521052,birth,place,בערדיטשעוו,Berdychiv,Q158799,initial,True,Berdychiv,בערדיטשעוו,"city of regional significance of Ukraine, miasteczko",settlement,,,,,Berdychiv,,,,,place_qid_conflict,True,,False,False
1-facs_73_tr_1740521068,birth,place,טראַסטיאָנעץפּאָדאָלסק,Trostyanets-Podilske,Q1022992,dodgy,False,Trostyanets-Podilske,,,other,unknown,,,,,,,,Trostyanets-Podilske,needs_manual_type_review;qid_lookup_missing,True,,False,False
1-facs_77_tr_1740520979,birth,place,אַלעקסאַנדריע,Alexandria,Q87,dodgy,False,Alexandria,אלעקסאנדריע,"port city, municipality, big city, polis, city",settlement,,,,,Alexandria,,,,,place_country_mismatch,True,,False,False
1-facs_81_tr_1740521176,birth,place,סטאָניסלאָוו,Stanisławów,Q156726,initial,True,Ivano-Frankivsk,סטאניסלאװ,"city of regional significance of Ukraine, city or town, big city",settlement,,,,,Ivano-Frankivsk,,,,,place_qid_conflict,True,,False,False
1-facs_82_tr_1740520982,birth,place,שירלאָווצע,Shyrlivtsi,Q1022962,dodgy,False,Velká Bystřice,,"municipality of the Czech Republic, municipality with town privileges in the Czech Republic",settlement,,,,,Velká Bystřice,,,,,place_country_mismatch,True,,False,False
1-facs_83_tr_1740521021,birth,place,שטשערזשעץ,Shcherzhets,Q1023020,dodgy,False,Rollancourt,,commune of France,settlement,,,,,Rollancourt,,,,,place_province_mismatch,True,,False,False
1-facs_83_tr_1740521029,birth,place,מיכאָלאָווצע,Mykholivtsi,Q1025226,dodgy,False,Cadillac Series 370,,car model,other,car model,,,,,,,,Cadillac Series 370,needs_manual_type_review;place_country_unresolved,True,,False,False
1-facs_89_tr_1740521007,birth,place,נאָווייבוג,Novyi Buh,Q869811,dodgy,False,Neuflieux,,commune of France,settlement,,,,,Neuflieux,,,,,place_country_mismatch,True,,False,False
1-facs_93_tr_1740521079,birth,place,פלינסק,Pinsk,Q157720,dodgy,False,Capoliveri,,comune of Italy,other,comune of Italy,,,,,,,,Capoliveri,needs_manual_type_review;place_country_mismatch,True,,False,False
1-facs_94_tr_1740521152,birth,place,דווינסק,Daugavpils,Q80021,initial,True,Daugavpils,דענענבורג,"state city of Latvia, city under state jurisdiction in Latvia",settlement,,,,,Daugavpils,,,,,place_qid_conflict,True,,False,False
1-facs_96_tr_1740521111,birth,place,קאָנסטאָנצאַ,Constanța,Q18554,dodgy,False,protection racket,,,other,unknown,,,,,,,,protection racket,needs_manual_type_review;place_country_unresolved,True,,False,False
1-facs_96_tr_1740521110,birth,place,גראָבעוועץ,Hrabovets,Q8459286,dodgy,False,Category:Finnish pole vaulters,,Wikimedia category,other,Wikimedia category,,,,,,,,Category:Finnish pole vaulters,needs_manual_type_review;place_country_unresolved,True,,False,False
1-facs_101_r_4,birth,place,דווינסק,Daugavpils,Q80021,initial,True,Daugavpils,דענענבורג,"state city of Latvia, city under state jurisdiction in Latvia",settlement,,,,,Daugavpils,,,,,place_qid_conflict,True,,False,False
1-facs_106_tr_1740520993,birth,place,יפֿו,Jaffa,Q180294,dodgy,False,Jaffa,יפו,"city, quarter",neighborhood,,,,,,,,Jaffa,,place_province_mismatch,True,,False,False
1-facs_107_r_8,birth,place,זאָוויערטשע,Zawiercie,Q998393,dodgy,False,Niabouri Department,,department of Burkina Faso,other,department of Burkina Faso,,,,,,,,Niabouri Department,needs_manual_type_review;place_country_mismatch,True,,False,False
1-facs_108_tr_1740521028,birth,place,יאָרמעלינעץ,Yarmolynetsi,Q1048172,dodgy,False,Yarmolynetsi,,,other,unknown,,,,,,,,Yarmolynetsi,needs_manual_type_review;qid_lookup_missing,True,,False,False
1-facs_110_r,birth,place,האַרנאַסטאָיפּאָליע,Hornostayivka,Q1022977,dodgy,False,CBM 8000 series,,computer model series,other,computer model series,,,,,,,,CBM 8000 series,needs_manual_type_review;place_country_unresolved,True,,False,False
1-facs_110_tr_1740520986,birth,place,בערדיטשעוו,Berdychiv,Q158799,initial,True,Berdychiv,בערדיטשעוו,"city of regional significance of Ukraine, miasteczko",settlement,,,,,Berdychiv,,,,,place_qid_conflict,True,,False,False
1-facs_114_tr_1740520993,birth,place,גראָדזיסק,Grodzisk Mazowiecki,Q198480,dodgy,False,Gugney-aux-Aulx,,commune of France,settlement,,,,,Gugney-aux-Aulx,,,,,place_country_mismatch,True,,False,False
1-facs_116_tr_1740521031,birth,place,אַכרימאַוואָ (סאַרנאַ) ביי אומאַן,Akhrymava,Q847717,dodgy,False,Akhrymava,,,other,unknown,,,,,,,,Akhrymava,needs_manual_type_review;qid_lookup_missing,True,,False,False
1-facs_117_tr_1740520943,birth,place,בראָאָילאַ,Brăila,Q20765,dodgy,False,Brăila,,,other,unknown,,,,,,,,Brăila,needs_manual_type_review;qid_lookup_missing,True,,False,False
1-facs_117_tr_1740520951,birth,place,נעמעראָוו,Nemyriv,Q1022855,dodgy,False,CASA Arena Horsens,,"association football venue, stadium",other,association football venue,,,,,,,,CASA Arena Horsens,needs_manual_type_review;place_country_mismatch,True,,False,False
1-facs_118_tr_1740521135,birth,place,פּאָדעמביץ,Podembytse,Q1049253,dodgy,False,cel shading,,"animation technique, type of graphics",other,animation technique,,,,,,,,cel shading,needs_manual_type_review;place_country_unresolved,True,,False,False
1-facs_123_tr_1740520960,birth,place,דובאַסאָר,Dubăsari,Q688654,dodgy,False,Dubăsari,,"city, disputed territory",settlement,,,,,Dubăsari,,,,,place_country_mismatch,True,,False,False
1-facs_130_tr_1740521098,birth,place,קאָמאָרנע,Komarne,Q1022906,dodgy,False,Sombrin,,commune of France,settlement,,,,,Sombrin,,,,,place_province_mismatch,True,,False,False
1-facs_130_tr_1740521104,birth,place,סטאַניסלאָוו,Stanisławów,Q156726,initial,True,Ivano-Frankivsk,סטאניסלאװ,"city of regional significance of Ukraine, city or town, big city",settlement,,,,,Ivano-Frankivsk,,,,,place_qid_conflict,True,,False,True
1-facs_134_tr_1740520951,birth,place,ברזשעזשאָן,Brzeżany,Q200963,dodgy,False,Treguaco,,"commune of Chile, city in Chile",settlement,,,,,Treguaco,,,,,place_province_mismatch,True,,False,False
1-facs_135_tr_1740521025,birth,place,אוליאָנאָף,Ulyanov,Q985164,dodgy,False,Calzadilla de los Hermanillos,,locality,other,locality,,,,,,,,Calzadilla de los Hermanillos,needs_manual_type_review;place_province_mismatch,True,,False,False
1-facs_136_tr_1740521130,birth,place,בערעסלאָוו,Beryslav,Q928716,dodgy,False,Reboleira,,former freguesia of Portugal,settlement,,,,,Reboleira,,,,,place_country_mismatch,True,,False,False
1-facs_137_tr_1740521116,birth,place,סאָסניצע,Sosnytsia,Q2553104,dodgy,False,Sosnytsia,,,other,unknown,,,,,,,,Sosnytsia,needs_manual_type_review;qid_lookup_missing,True,,False,False
1-facs_138_tr_1740521003,birth,place,סאָקאָל,Sokil,Q874218,dodgy,False,Alabama State Route 118,,road,other,road,,,,,,,,Alabama State Route 118,needs_manual_type_review,True,,False,False
1-facs_138_r_1,birth,place,סאָקאָל,Sokil,Q874218,dodgy,False,Alabama State Route 118,,road,other,road,,,,,,,,Alabama State Route 118,needs_manual_type_review,True,,False,False
1-facs_139_tr_1740521042,birth,place,יפֿו,Jaffa,Q180294,dodgy,False,Jaffa,יפו,"city, quarter",neighborhood,,,,,,,,Jaffa,,place_province_mismatch,True,,False,False
1-facs_141_tr_1740521064,birth,place,ניי-מלין,Novi Mlyny,Q869812,dodgy,False,2014 FIFA World Cup qualification – AFC Fifth Round,,qualification event,other,qualification event,,,,,,,,2014 FIFA World Cup qualification – AFC Fifth Round,needs_manual_type_review;place_country_unresolved,True,,False,False
1-facs_142_tr_1740521045,birth,place,טשאַרנאָבאָל,Chornobyl,Q2529,dodgy,False,April 24,24סטן אפריל,point in time with respect to recurrent timeframe,other,point in time with respect to recurrent timeframe,,,,,,,,April 24,needs_manual_type_review;place_country_unresolved,True,,False,False
1-facs_144_tr_1740521019,birth,place,ירושלים,Jerusalem,Q1218,initial,False,Jerusalem,ירושלים,"city, holy city of Abrahamic religion, largest city, tourist destination, big city, Roman city, ancient city, disputed territory, national capital, corpus separatum, city council",settlement,,,,,Jerusalem,,,,,place_province_mismatch,True,,False,False
1-facs_145_tr_1740521058,birth,place,גראָדזיסק,Grodzisk Mazowiecki,Q198480,dodgy,False,Gugney-aux-Aulx,,commune of France,settlement,,,,,Gugney-aux-Aulx,,,,,place_country_mismatch,True,,False,False
1-facs_145_tr_1740521066,birth,place,דעמעעווקאַ,Demievka,Q869777,dodgy,False,Roman Catholic Diocese of Isangi,,diocese of the Catholic Church,other,diocese of the Catholic Church,,,,,,,,Roman Catholic Diocese of Isangi,needs_manual_type_review;place_country_mismatch,True,,False,False
1-facs_148_tr_1740521145,birth,place,הערצאָ,Herța,Q1021527,dodgy,False,Metuchen,,"borough of New Jersey, human settlement",settlement,,,,,Metuchen,,,,,place_country_mismatch,True,,False,False
1-facs_150_tr_1740521123,birth,place,סטרזשיזשאָוו,Strzyzow,Q1049332,dodgy,False,NGC 2488,,"galaxy, astronomical radio source, astrophysical X-ray source, lenticular galaxy",other,galaxy,,,,,,,,NGC 2488,needs_manual_type_review;place_province_mismatch,True,,False,False
2-facs_39_r_1,birth,place,ברעסט-ליטאָווסק,Brest,Q140147,dodgy,False,Brest,בריסק,"city of oblast subordinance, border city, big city",settlement,,,,,Brest,,,,,place_country_mismatch,True,,False,False
2-facs_40_tr_1744131399,birth,place,דוווינסק,Daugavpils,Q80021,initial,True,Daugavpils,דענענבורג,"state city of Latvia, city under state jurisdiction in Latvia",settlement,,,,,Daugavpils,,,,,place_qid_conflict,True,,False,False
2-facs_41_tr_1744131374,birth,place,אַמשינאָוו,Mszczonów,Q203706,dodgy,False,carpenter pencil,,,other,unknown,,,,,,,,carpenter pencil,needs_manual_type_review;place_country_unresolved,True,,False,False
2-facs_42_tr_1744131428,birth,place,אוניעווא,Univ,Q4475720,dodgy,False,Univ,,"village of Ukraine, village",settlement,,,,,Univ,,,,,place_country_mismatch,True,,False,False
2-facs_47_tr_1744131445,birth,place,וואַרטאַצי,Vartykivtsi,Q4104023,dodgy,False,Vartykivtsi,,village of Ukraine,settlement,,,,,Vartykivtsi,,,,,place_country_mismatch,True,,False,False
2-facs_48_r_2,birth,place,דאַרף קוואָסעוו,Kvasiv,Q4218591,dodgy,False,Kvasiv,,village of Ukraine,settlement,,,,,Kvasiv,,,,,place_country_mismatch,True,,False,False
2-facs_54_tr_1744131418,birth,place,ראָגאָווא,Rohova,Q1049288,dodgy,False,Wilson Airport,,"airport, commercial traffic aerodrome",other,airport,,,,,,,,Wilson Airport,needs_manual_type_review,True,,False,False
2-facs_59_tr_1744131417,birth,place,קאַמינקע,Kamianets,Q1999838,dodgy,False,Kamianets,,urban-type settlement in Ukraine,settlement,,,,,Kamianets,,,,,place_province_mismatch,True,,False,False
2-facs_59_tr_1744131425,birth,place,פינסק,Pinsk,Q204150,initial,True,Pinsk,פּינסק,"city of oblast subordinance, big city",settlement,,,,,Pinsk,,,,,place_country_mismatch;place_qid_conflict,True,,False,False
2-facs_59_tr_1744131426,birth,place,ניי-שטאָט פֿון מוראפא,Nové Město na Moravě,Q986075,dodgy,False,Nové Město na Moravě,,"town, municipality with town privileges in the Czech Republic, municipality of the Czech Republic, municipality with authorized municipal office, Czech municipality with expanded powers",settlement,,,,,Nové Město na Moravě,,,,,place_country_mismatch,True,,False,False
2-facs_60_tr_1744131442,birth,place,לובני,Lubny,Q847787,dodgy,False,Forest Park South Gate station,,"metro station, underground station",other,metro station,,,,,,,,Forest Park South Gate station,needs_manual_type_review;place_country_mismatch,True,,False,False
2-facs_62_tr_1744131377,birth,place,אָסטראָלענקאָ,Ostrołęka,Q126099,dodgy,False,Ostrołęka,,,other,unknown,,,,,,,,Ostrołęka,needs_manual_type_review;qid_lookup_missing,True,,False,False
2-facs_64_tr_1744131361,birth,place,פינסק,Pinsk,Q204150,initial,True,Pinsk,פּינסק,"city of oblast subordinance, big city",settlement,,,,,Pinsk,,,,,place_country_mismatch;place_qid_conflict,True,,False,False
2-facs_69_tr_1744131401,birth,place,קרייצבורג,Krustpils,Q745661,initial,False,Krustpils,,neighborhood,neighborhood,,,,,,,,Krustpils,,place_country_mismatch,True,,False,False
2-facs_69_tr_1744131410,birth,place,גלוכאָוו,Hlukhiv,Q847739,dodgy,False,Central African CFA franc,,"currency, franc",other,currency,,,,,,,,Central African CFA franc,needs_manual_type_review;place_country_mismatch,True,,False,False
2-facs_74_tr_1744131378,birth,place,וויערזשבאָלאָוו (איצט ווירבאַלין),Virbalis,Q1024673,dodgy,False,Virbalis,,city,settlement,,,,,Virbalis,,,,,place_country_mismatch,True,,False,False
2-facs_75_tr_1744131430,birth,place,דערעטשין,Dzyarechyn,Q2335805,initial,False,Dzyarechyn,דערעטשין,agrotown,settlement,,,,,Dzyarechyn,,,,,place_country_mismatch,True,,False,False
2-facs_82_tr_1744131384,birth,place,יעוויע,Vievis,Q1004332,dodgy,False,Vievis,,city or town,settlement,,,,,Vievis,,,,,place_country_mismatch,True,,False,False
2-facs_85_tr_1744131373,birth,place,סלאָנים,Slonim,Q863576,initial,False,Slonim,סלאנים,city of raion subordinance,settlement,,,,,Slonim,,,,,place_country_mismatch,True,,False,False
2-facs_85_tr_1744131380,birth,place,קלעוואן,Klevan,Q250591,dodgy,False,Klevan,,urban-type settlement in Ukraine,settlement,,,,,Klevan,,,,,place_country_mismatch,True,,False,False
2-facs_88_tr_1744131404,birth,place,פינסק,Pinsk,Q204150,initial,True,Pinsk,פּינסק,"city of oblast subordinance, big city",settlement,,,,,Pinsk,,,,,place_country_mismatch;place_qid_conflict,True,,False,False
2-facs_104_r,birth,place,שיידלאָוויעץ,Szydłowiec,Q213086,dodgy,False,Jaro,,municipality of the Philippines,settlement,,,,,Jaro,,,,,place_country_mismatch,True,,False,False
2-facs_106_tr_1744279088,birth,place,לאָנדאָן,London,Q84,initial,False,London,לאנדאן,"metropolis, financial center, city, global city, megacity, largest city, national capital",settlement,,,,,London,,,,,place_country_mismatch,True,,False,False
2-facs_107_tr_1744279110,birth,place,זאָלאָצע,Zaliztsi Hromada,Q30966549,dodgy,False,Zaliztsi Hromada,,"amalgamated hromada, hromada",other,amalgamated hromada,,,,,,,,Zaliztsi Hromada,needs_manual_type_review,True,,False,True
2-facs_111_tr_1744279149,birth,place,גלוכאָוו,Hlukhiv,Q847739,dodgy,False,Central African CFA franc,,"currency, franc",other,currency,,,,,,,,Central African CFA franc,needs_manual_type_review;place_country_mismatch,True,,False,False
2-facs_111_tr_1744279142,birth,place,ליפנאַ,Lipna,Q4262670,dodgy,False,Lipna,,village in Belarus,settlement,,,,,Lipna,,,,,place_country_mismatch,True,,False,False
2-facs_115_tr_1744279184,birth,place,לאָנדאָן,London,Q84,initial,False,London,לאנדאן,"metropolis, financial center, city, global city, megacity, largest city, national capital",settlement,,,,,London,,,,,place_country_mismatch,True,,False,False
2-facs_116_tr_1744279129,birth,place,לאָנדאָן,London,Q84,initial,False,London,לאנדאן,"metropolis, financial center, city, global city, megacity, largest city, national capital",settlement,,,,,London,,,,,place_country_mismatch,True,,False,False
2-facs_116_tr_1744279128,birth,place,לאָנדאָן,London,Q84,initial,False,London,לאנדאן,"metropolis, financial center, city, global city, megacity, largest city, national capital",settlement,,,,,London,,,,,place_country_mismatch,True,,False,False
2-facs_117_tr_1744279199,birth,place,בערדיטשעוו,Berdychiv,Q158799,initial,True,Berdychiv,בערדיטשעוו,"city of regional significance of Ukraine, miasteczko",settlement,,,,,Berdychiv,,,,,place_qid_conflict,True,,False,False
2-facs_119_tr_1744279142,birth,place,סטאַראָדוב,Starodub,Q196483,dodgy,False,Starodub,,city or town,settlement,,,,,Starodub,,,,,place_country_mismatch,True,,False,False
2-facs_119_tr_1744279140,birth,place,וואָלקאָוויסק,Vawkavysk,Q739491,dodgy,False,Vawkavysk,וואלקאוויסק,city of raion subordinance,settlement,,,,,Vawkavysk,,,,,place_country_mismatch,True,,False,False
2-facs_121_tr_1744279175,birth,place,הארקי,Harki,Q942985,dodgy,False,Harki,,,other,unknown,,,,,,,,Harki,needs_manual_type_review;place_province_mismatch,True,,False,False
2-facs_132_tr_1744279065,birth,place,פּאַרטשעוו,Parczew,Q202599,dodgy,False,Stardust Resort and Casino,,"hotel, casino, skyscraper, music venue",other,hotel,,,,,,,,Stardust Resort and Casino,needs_manual_type_review;place_country_mismatch,True,,False,False
2-facs_133_tr_1744279149,birth,place,טשערקאַס,Cherkasy,Q156733,dodgy,False,Landsknecht,,,other,unknown,,,,,,,,Landsknecht,needs_manual_type_review;place_country_unresolved,True,,False,False
2-facs_134_tr_1744279145,birth,place,סימפעראָפּאָל,Simferopol,Q43421,dodgy,False,Richmond,,"independent city in the United States, city in the United States, big city",settlement,,,,,Richmond,,,,,place_province_mismatch,True,,False,False
2-facs_147_tr_1744279091,birth,place,טוקום,Tukums,Q185018,dodgy,False,Franz Josef Land,,archipelago,other,archipelago,,,,,,,,Franz Josef Land,needs_manual_type_review;place_country_mismatch,True,,False,False
2-facs_150_tr_1744279160,birth,place,קיידאן,Kėdainiai,Q786484,dodgy,False,gibberish,דזשיבעריש,,other,unknown,,,,,,,,gibberish,needs_manual_type_review;place_country_unresolved,True,,False,False
2-facs_153_tr_1744279063,birth,place,אַראן,Varėna,Q835843,dodgy,False,Varėna,,city,settlement,,,,,Varėna,,,,,place_country_mismatch,True,,False,False
2-facs_154_r,birth,place,בערדיטשעוו,Berdychiv,Q158799,initial,True,Berdychiv,בערדיטשעוו,"city of regional significance of Ukraine, miasteczko",settlement,,,,,Berdychiv,,,,,place_qid_conflict,True,,False,False
2-facs_157_r,birth,place,קאָלאָניע סאגיידאק,Sagaidak,Q124807223,dodgy,False,Sagaidak,,rural area,other,rural area,,,,,,,,Sagaidak,needs_manual_type_review,True,,False,False
2-facs_162_r_2,birth,place,אָדעסער,Odesa,Q1874,dodgy,False,Odesa,אדעס,"port city, big city, city in Ukraine, metropolis",settlement,,,,,Odesa,,,,,place_country_mismatch,True,,False,False
2-facs_162_tr_1744279207,birth,place,לאָנדאָן,London,Q84,initial,False,London,לאנדאן,"metropolis, financial center, city, global city, megacity, largest city, national capital",settlement,,,,,London,,,,,place_country_mismatch,True,,False,False
2-facs_174_r_16,birth,place,פּעטריקאָוו,Piotrków Trybunalski,Q158004,initial,False,Piotrków Trybunalski,פיעטרקאוו,"city with powiat rights in Poland, city",settlement,,,,,Piotrków Trybunalski,,,,,place_country_mismatch,True,,False,False
2-facs_177_tr_1744279204,birth,place,אַלפענסדאָרף,Alpendorf,Q4734809,dodgy,False,Alpendorf,,human settlement,settlement,,,,,Alpendorf,,,,,place_country_mismatch,True,,False,False
2-facs_185_r_8,birth,place,גרויס טאָקמאַק,Tokmak,Q760235,dodgy,False,Tokmak,,"city of regional significance of Ukraine, human settlement, city",settlement,,,,,Tokmak,,,,,place_province_mismatch,True,,False,False
2-facs_186_tr_1744279144,birth,place,לאָנדאָן,London,Q84,initial,False,London,לאנדאן,"metropolis, financial center, city, global city, megacity, largest city, national capital",settlement,,,,,London,,,,,place_country_mismatch,True,,False,False
2-facs_187_tr_1744279120,birth,place,קאַפּצאָווע,Kapčiamiestis,Q734122,dodgy,False,Kapčiamiestis,,human settlement,settlement,,,,,Kapčiamiestis,,,,,place_country_mismatch,True,,False,False
2-facs_188_tr_1744279091,birth,place,פינסק,Pinsk,Q204150,initial,True,Pinsk,פּינסק,"city of oblast subordinance, big city",settlement,,,,,Pinsk,,,,,place_country_mismatch;place_qid_conflict,True,,False,False
2-facs_189_tr_1744279158,birth,place,בערדיטשעוו,Berdychiv,Q158799,initial,True,Berdychiv,בערדיטשעוו,"city of regional significance of Ukraine, miasteczko",settlement,,,,,Berdychiv,,,,,place_qid_conflict,True,,False,False
2-facs_193_r_2,birth,place,בערדיטשעוו,Berdychiv,Q158799,initial,True,Berdychiv,בערדיטשעוו,"city of regional significance of Ukraine, miasteczko",settlement,,,,,Berdychiv,,,,,place_qid_conflict,True,,False,False
2-facs_197_r,birth,place,ריבינטשיק,Rîbnița,Q216363,dodgy,False,Rîbnița,ריבניץ,city,settlement,,,,,Rîbnița,,,,,place_country_mismatch,True,,False,False
2-facs_212_r,birth,place,מאַנטשעסטער,Manchester,Q18125,initial,False,Manchester,מאנטשעסטער,"city, big city, unparished area",settlement,,,,,Manchester,,,,,place_country_mismatch,True,,False,False
2-facs_213_r_2,birth,place,פינסק,Pinsk,Q204150,initial,True,Pinsk,פּינסק,"city of oblast subordinance, big city",settlement,,,,,Pinsk,,,,,place_country_mismatch;place_qid_conflict,True,,False,False
2-facs_214_tr_1744280705,birth,place,יאָגעלניצע,Yahilnytsia,Q1022819,dodgy,False,Periam,,"village, seat of the local council",settlement,,,,,Periam,,,,,place_province_mismatch,True,,False,False
2-facs_217_tr_1744280767,birth,place,יאַנאָווקעף,Janówka,Q766790,dodgy,False,Janówka,,village of Poland,settlement,,,,,Janówka,,,,,place_country_mismatch,True,,False,False
2-facs_218_tr_1744280790,birth,place,קראָסנאַ,Krasnodar,Q3646,dodgy,False,Krasnodar,קראסנאדאר,"city or town, large city, million city, largest city, capital city, fortress, national capital, national capital, national capital, former national capital, metropolis",settlement,,,,,Krasnodar,,,,,place_province_mismatch,True,,False,False
2-facs_219_tr_1744280726,birth,place,טוקום,Tukums,Q185018,dodgy,False,Franz Josef Land,,archipelago,other,archipelago,,,,,,,,Franz Josef Land,needs_manual_type_review,True,,False,False
2-facs_219_tr_1744280724,birth,place,באליץ,Bălți,Q37801,dodgy,False,Bălți,בעלץ,"city, big city, municipality of Moldova, market town",settlement,,,,,Bălți,,,,,place_country_mismatch,True,,False,False
2-facs_220_r,birth,place,שאָט,Shattuck,Q3287528,dodgy,False,Shattuck,,town in the United States,settlement,,,,,Shattuck,,,,,place_country_mismatch,True,,False,False
2-facs_220_tr_1744280761,birth,place,סובאָלק,Suwałki,Q215107,dodgy,False,2254,,radio program,other,radio program,,,,,,,,2254,needs_manual_type_review;place_country_unresolved,True,,False,False
2-facs_230_tr_1744280762,birth,place,טערעספּאָל,Terespol,Q218036,dodgy,False,Saint-Carné,,commune of France,settlement,,,,,Saint-Carné,,,,,place_country_mismatch,True,,False,False
2-facs_231_tr_1744280790,birth,place,קאָלאָ,Kolomyia,Q52193,dodgy,False,Kolomyia,קאלאמיי,"city of regional significance of Ukraine, human settlement",settlement,,,,,Kolomyia,,,,,place_country_mismatch,True,,False,False
2-facs_236_tr_1744280789,birth,place,סיטאָוואַ,station Sitowa,Q672157,dodgy,False,,,railway station,other,railway station,,,,,,,,station Sitowa,needs_manual_type_review,True,,False,False
2-facs_241_tr_1744280742,birth,place,פאַסטאָוו,Pastavy,Q539012,dodgy,False,Pastavy,פּאסטאוו,city of raion subordinance,settlement,,,,,Pastavy,,,,,place_country_mismatch,True,,False,False
2-facs_241_tr_1744280750,birth,place,פֿאַסטאָוו,Pastavy,Q539012,dodgy,False,Pastavy,פּאסטאוו,city of raion subordinance,settlement,,,,,Pastavy,,,,,place_country_mismatch,True,,False,False
2-facs_242_r,birth,place,טורגעל,Türi,Q141796,dodgy,False,Türi,,"city, alev",settlement,,,,,Türi,,,,,place_country_mismatch,True,,False,False
2-facs_249_tr_1744280757,birth,place,ראָגאַטשאָוו,Rahachow,Q955468,initial,False,Rahachow,ראגאטשאוו,city of raion subordinance,settlement,,,,,Rahachow,,,,,place_country_mismatch,True,,False,False
2-facs_250_tr_1744280768,birth,place,באָריסאָגלעפּסק,Daugavpils,Q80021,dodgy,False,Daugavpils,דענענבורג,"state city of Latvia, city under state jurisdiction in Latvia",settlement,,,,,Daugavpils,,,,,place_country_mismatch,True,,False,False
2-facs_252_tr_1744280813,birth,place,ניי-זאַגער,Nowy Sącz,Q802,dodgy,False,Nowy Sącz,צאנז,"city with powiat rights in Poland, city",settlement,,,,,Nowy Sącz,,,,,place_country_mismatch,True,,False,False
2-facs_253_tr_1744280789,birth,place,לענין,Lienin,Q2093899,initial,False,Lienin,לענין,agrotown,settlement,,,,,Lienin,,,,,place_country_mismatch,True,,False,False
2-facs_259_r,birth,place,מאַנאַסטעזשיסק,Monastyryska Raion,Q146663,dodgy,False,Monastyryska Raion,,former raion of Ukraine,other,former raion of Ukraine,,,,,,,,Monastyryska Raion,needs_manual_type_review,True,,False,False
2-facs_262_tr_1744280732,birth,place,ברעסטליטאָווסק,Brest,Q140147,dodgy,False,Brest,בריסק,"city of oblast subordinance, border city, big city",settlement,,,,,Brest,,,,,place_country_mismatch,True,,False,False
2-facs_264_r,birth,place,דווינסק,Daugavpils,Q80021,initial,True,Daugavpils,דענענבורג,"state city of Latvia, city under state jurisdiction in Latvia",settlement,,,,,Daugavpils,,,,,place_qid_conflict,True,,False,False
2-facs_266_tr_1744280774,birth,place,איווענעץ,Ivyantsy,Q2553054,dodgy,False,Girls on the Side,,television series episode,other,television series episode,,,,,,,,Girls on the Side,needs_manual_type_review;place_country_unresolved,True,,False,False
2-facs_273_r,birth,place,סקידעל,Skidzieĺ,Q958847,dodgy,False,Skidzieĺ,,"city of raion subordinance, urban settlement in Belarus",settlement,,,,,Skidzieĺ,,,,,place_country_mismatch,True,,False,False
2-facs_284_tr_1744280795,birth,place,מיעלעץ,Mielec,Q214844,dodgy,False,Michelin Guide,,guide book,other,guide book,,,,,,,,Michelin Guide,needs_manual_type_review;place_province_mismatch,True,,False,False
2-facs_286_tr_1744280806,birth,place,ברעסטליטאָווסק,Brest,Q140147,dodgy,False,Brest,בריסק,"city of oblast subordinance, border city, big city",settlement,,,,,Brest,,,,,place_country_mismatch,True,,False,False
2-facs_286_r_2,birth,place,ברעסטליטאָווסק,Brest,Q140147,dodgy,False,Brest,בריסק,"city of oblast subordinance, border city, big city",settlement,,,,,Brest,,,,,place_country_mismatch,True,,False,False
2-facs_297_tr_1744280788,birth,place,בערעסלאָוו,Beryslav,Q928716,dodgy,False,Reboleira,,former freguesia of Portugal,settlement,,,,,Reboleira,,,,,place_country_mismatch,True,,False,False
2-facs_299_tr_1744280815,birth,place,מאָטעלע,Motele,Q1049200,dodgy,False,Ságat,,"periodical, newspaper",other,periodical,,,,,,,,Ságat,needs_manual_type_review;place_country_mismatch,True,,False,False
2-facs_299_tr_1744280816,birth,place,מישאַגאָלע,Maišiagala,Q3494848,dodgy,False,Maišiagala,מיישעגאָלע,human settlement,settlement,,,,,Maišiagala,,,,,place_country_mismatch,True,,False,False
2-facs_307_tr_1744365737,birth,place,נאָוואָמינסק,Mińsk Mazowiecki,Q198480,dodgy,False,Gugney-aux-Aulx,,commune of France,settlement,,,,,Gugney-aux-Aulx,,,,,place_country_mismatch,True,,False,False
2-facs_309_tr_1744365742,birth,place,בערדיטשעוו,Berdychiv,Q158799,initial,True,Berdychiv,בערדיטשעוו,"city of regional significance of Ukraine, miasteczko",settlement,,,,,Berdychiv,,,,,place_qid_conflict,True,,False,False
2-facs_310_tr_1744365749,birth,place,מוש,Muş,Q118995,initial,False,Muş,,"city, big city, district of Turkey, municipality",neighborhood,,,,,,,,Muş,,place_country_mismatch,True,,False,False
2-facs_311_tr_1744365774,birth,place,אַמשינאָוו,Mszczonów,Q203706,dodgy,False,carpenter pencil,,,other,unknown,,,,,,,,carpenter pencil,needs_manual_type_review;place_country_unresolved,True,,False,False
2-facs_312_tr_1744365809,birth,place,ראָוונע,Rivne,Q156739,initial,False,Rivne,ראוונע,city of regional significance of Ukraine,settlement,,,,,Rivne,,,,,place_country_mismatch,True,,False,False
2-facs_313_tr_1744365816,birth,place,ברוסילאָוו,Brusyliv,Q869831,dodgy,False,Oberreut,,Ortsteil,settlement,,,,,Oberreut,,,,,place_country_mismatch,True,,False,False
2-facs_317_r_3,birth,place,איזשביץ,Izyaslav,Q841029,dodgy,False,Iziaslav,,city in Ukraine,settlement,,,,,Iziaslav,,,,,place_country_mismatch,True,rematched_kima,False,False
2-facs_321_tr_1744365709,birth,place,רוזשאַניי,Ruzhany,Q615132,dodgy,False,Ruzhany,ראזשינאי,urban settlement in Belarus,settlement,,,,,Ruzhany,,,,,place_country_mismatch,True,,False,False
2-facs_321_tr_1744365724,birth,place,פינסק,Pinsk,Q204150,initial,True,Pinsk,פּינסק,"city of oblast subordinance, big city",settlement,,,,,Pinsk,,,,,place_country_mismatch;place_qid_conflict,True,,False,False
2-facs_331_tr_1744365763,birth,place,לונאַ,Lonavala,Q1929511,dodgy,False,Lonavala,,hill station,other,hill station,,,,,,,,Lonavala,needs_manual_type_review;place_country_mismatch,True,,False,False
2-facs_338_tr_1744365805,birth,place,דווינסק,Daugavpils,Q80021,initial,True,Daugavpils,דענענבורג,"state city of Latvia, city under state jurisdiction in Latvia",settlement,,,,,Daugavpils,,,,,place_qid_conflict,True,,False,False
2-facs_340_tr_1744365809,birth,place,בראָק,Brakel,Q242149,dodgy,False,Brakel,,"Hanseatic city, urban municipality in Germany",settlement,,,,,Brakel,,,,,place_country_mismatch,True,,False,False
2-facs_343_tr_1744365798,birth,place,קלינצי,Klintsy,Q153715,initial,False,Klintsy,,city or town,settlement,,,,,Klintsy,,,,,place_country_mismatch,True,,False,False
2-facs_351_r,birth,place,לאָנדאָן,London,Q84,initial,False,London,לאנדאן,"metropolis, financial center, city, global city, megacity, largest city, national capital",settlement,,,,,London,,,,,place_country_mismatch,True,,False,False
2-facs_354_r_2,birth,place,מייטשיט,Molėtai,Q957530,dodgy,False,Molėtai,,city,settlement,,,,,Molėtai,,,,,place_country_mismatch,True,,False,False
2-facs_357_tr_1744365782,birth,place,נאָוואַפּאָלטאָווסק,Rare-earth mineralization in late carbonatites of the Novopoltavsk Massif,Q109917219,dodgy,False,Rare-earth mineralization in late carbonatites of the Novopoltavsk Massif,,scholarly article,other,scholarly article,,,,,,,,Rare-earth mineralization in late carbonatites of the Novopoltavsk Massif,needs_manual_type_review;place_country_unresolved,True,,False,False
2-facs_363_tr_1744366851,birth,place,וואסלוי,Vasloi,Q12407577,dodgy,False,Vasloi,,,other,unknown,,,,,,,,Vasloi,needs_manual_type_review;place_country_unresolved,True,,False,False
2-facs_366_tr_1744366819,birth,place,אַלעקסאַנדיאָ,FC Oleksandriya,Q128390,dodgy,False,FC Oleksandriya,,association football club,other,association football club,,,,,,,,FC Oleksandriya,needs_manual_type_review,True,,False,False
2-facs_370_tr_1744366797,birth,place,אַלעקסאָט,Aleksota,Q2553042,dodgy,False,Aleksota,,,other,unknown,,,,,,,,Aleksota,needs_manual_type_review;qid_lookup_missing,True,,False,False
2-facs_372_tr_1744366848,birth,place,זשאַרנישטש,Zarnow,Q148015,dodgy,False,Zarnow,,river,other,river,,,,,,,,Zarnow,needs_manual_type_review;place_country_mismatch,True,,False,False
2-facs_376_tr_1744366815,birth,place,אָדעס,Odesa,Q1874,initial,False,Odesa,אדעס,"port city, big city, city in Ukraine, metropolis",settlement,,,,,Odesa,,,,,place_country_mismatch,True,,False,False
2-facs_379_tr_1744366859,birth,place,דווינסק,Daugavpils,Q80021,initial,True,Daugavpils,דענענבורג,"state city of Latvia, city under state jurisdiction in Latvia",settlement,,,,,Daugavpils,,,,,place_qid_conflict,True,,False,False
2-facs_381_tr_1744366860,birth,place,בעלץ,Bălți,Q37801,initial,False,Bălți,בעלץ,"city, big city, municipality of Moldova, market town",settlement,,,,,Bălți,,,,,place_country_mismatch,True,,False,False
2-facs_392_tr_1744366849,birth,place,יאָרמאַלינעץ,Yarmolyntsi Raion,Q2216893,dodgy,False,Yarmolyntsi Raion,,former raion of Ukraine,other,former raion of Ukraine,,,,,,,,Yarmolyntsi Raion,needs_manual_type_review,True,,False,False
2-facs_393_tr_1744366832,birth,place,בערדייטשעוו,Berdychiv,Q158799,initial,True,Berdychiv,בערדיטשעוו,"city of regional significance of Ukraine, miasteczko",settlement,,,,,Berdychiv,,,,,place_qid_conflict,True,,False,False
2-facs_399_tr_1744366854,birth,place,"וואוקיין, נעבן ראָדזין",Vukina,Q135309067,dodgy,False,Vukina,,family name,other,family name,,,,,,,,Vukina,needs_manual_type_review;place_country_unresolved,True,,False,False
2-facs_402_tr_1744366862,birth,place,בערדיטשעוו,Berdychiv,Q158799,initial,True,Berdychiv,בערדיטשעוו,"city of regional significance of Ukraine, miasteczko",settlement,,,,,Berdychiv,,,,,place_qid_conflict,True,,False,False
2-facs_406_tr_1744366834,birth,place,איוויע,Iŭje,Q738777,initial,False,Iŭje,אייוויע,"city of raion subordinance, urban settlement in Belarus",settlement,,,,,Iŭje,,,,,place_country_mismatch,True,,False,False
3-facs_14_tr_1752653034,birth,place,בראָסלאָוו,Bratslav,Q903241,dodgy,False,Bratslav,בראסלעוו,urban-type settlement in Ukraine,settlement,,,,,Bratslav,,,,,place_country_mismatch,True,,False,False
3-facs_15_tr_1752653017,birth,place,בראסלאוו,Braslaw,Q628623,dodgy,False,Braslaw,ברעסלעוו,city of raion subordinance,settlement,,,,,Braslaw,,,,,place_country_mismatch,True,,False,False
3-facs_16_tr_1752653044,birth,place,טשיגרינאָווקע,Chyhyryn,Q161980,dodgy,False,Chyhyryn,,"city in Ukraine, urban-type settlement",settlement,,,,,Chyhyryn,,,,,place_country_mismatch,True,,False,False
3-facs_20_tr_1752653058,birth,place,אַמשינאָוו,Mszczonów,Q203706,dodgy,False,carpenter pencil,,,other,unknown,,,,,,,,carpenter pencil,needs_manual_type_review;place_country_unresolved,True,,False,False
3-facs_30_tr_1752652991,birth,place,אַ דאַרף,Bodrogkeresztúr,Q665853,dodgy,False,Bodrogkeresztúr,קערעסטיר,municipality of Hungary,settlement,,,,,Bodrogkeresztúr,,,,,place_country_mismatch,True,,False,False
3-facs_34_tr_1752653015,birth,place,אָסטיליע,Aștileu,Q1077905,dodgy,False,Aștileu,,commune of Romania,settlement,,,,,Aștileu,,,,,place_country_mismatch,True,,False,False
3-facs_135_tr_1754820286,birth,place,באָהיסלאַוו,Bohyslav,Q849427,dodgy,False,Brestovany,,municipality of Slovakia,settlement,,,,,Brestovany,,,,,place_country_mismatch,True,,False,False
3-facs_147_tr_1754213836,birth,place,אָרלע,light unto the nations,Q2903457,dodgy,False,light unto the nations,אור־לגױים,,other,unknown,,,,,,,,light unto the nations,needs_manual_type_review;place_country_unresolved,True,,False,False
3-facs_147_tr_1754213828,birth,place,בוזען,Buzen,Q633601,dodgy,False,Buzen,,city of Japan,settlement,,,,,Buzen,,,,,place_country_mismatch,True,,False,False
3-facs_151_tr_1754213805,birth,place,בערדיטשעוו,Berdychiv,Q158799,initial,True,Berdychiv,בערדיטשעוו,"city of regional significance of Ukraine, miasteczko",settlement,,,,,Berdychiv,,,,,place_qid_conflict,True,,False,False
3-facs_158_tr_1755156151,birth,place,אַלעקסאָט,Aleksota,Q2553042,dodgy,False,Aleksota,,,other,unknown,,,,,,,,Aleksota,needs_manual_type_review;qid_lookup_missing,True,,False,False
3-facs_263_tr_1755674223,birth,place,פינסק,Pinsk,Q204150,initial,True,Pinsk,פּינסק,"city of oblast subordinance, big city",settlement,,,,,Pinsk,,,,,place_qid_conflict,True,,False,False
3-facs_271_tr_1755674157,birth,place,מיעלעץ,Mielec,Q214844,dodgy,False,Michelin Guide,,guide book,other,guide book,,,,,,,,Michelin Guide,needs_manual_type_review;place_province_mismatch,True,,False,False
3-facs_273_tr_1755674139,birth,place,קראַסנאָפּאָליע,Krasnopillia,Q2011646,dodgy,False,Krasnopillia,,"urban-type settlement in Ukraine, human settlement",settlement,,,,,Krasnopillia,,,,,place_country_mismatch,True,,False,False
3-facs_276_tr_1755674177,birth,province,ניו יאָרק,New York City,Q60,province,False,New York City,ניו יארק,"global city, port city, city in the United States, city, big city, largest city, city in the state of New York, metropolis, megacity",settlement,,,,,New York City,,,,,province_role_mismatch,True,,False,False
3-facs_279_tr_1755674208,birth,place,מאַקאָוו,Makova (Hasidic dynasty),Q6853122,dodgy,False,Makova (Hasidic dynasty),מאקאווא,,other,unknown,,,,,,,,Makova (Hasidic dynasty),needs_manual_type_review;place_country_unresolved,True,,False,False
3-facs_284_tr_1755674196,birth,place,טשעכאַנאָוו,Ciechanów,Q182563,dodgy,False,Ciechanów,,,other,unknown,,,,,,,,Ciechanów,needs_manual_type_review;qid_lookup_missing,True,,False,False
3-facs_319_tr_1756045711,birth,place,מאָגעלניצע,Yahilnytsia,Q1022819,dodgy,False,Periam,,"village, seat of the local council",settlement,,,,,Periam,,,,,place_country_mismatch,True,,False,False
3-facs_320_tr_1756045941,birth,place,בעריסלאָוו,Beryslav,Q928716,dodgy,False,Reboleira,,former freguesia of Portugal,settlement,,,,,Reboleira,,,,,place_country_mismatch,True,,False,False
3-facs_325_tr_1756057604,birth,place,רזשעשאָוו (ריישע),Rzeszów,Q148966,dodgy,False,Solomon Islands,,"archipelago, island group",other,archipelago,,,,,,,,Solomon Islands,needs_manual_type_review,True,,False,False
3-facs_327_tr_1756057819,birth,place,איוויע,Iŭje,Q738777,initial,False,Iŭje,אייוויע,"city of raion subordinance, urban settlement in Belarus",settlement,,,,,Iŭje,,,,,place_country_mismatch,True,,False,False
3-facs_343_tr_1756107174,birth,place,מאָטעלע,Motele,Q1049200,dodgy,False,Ságat,,"periodical, newspaper",other,periodical,,,,,,,,Ságat,needs_manual_type_review;place_country_mismatch,True,,False,False
3-facs_349_tr_1756107919,birth,place,ברעסט ליטאָווסק (בריסק),Brest,Q140147,dodgy,False,Brest,בריסק,"city of oblast subordinance, border city, big city",settlement,,,,,Brest,,,,,place_country_mismatch,True,,False,False
3-facs_355_tr_1755856094,birth,place,קאָידענאָוו,Dzyarzhynsk,Q921447,dodgy,False,Dzyarzhynskaya Hara,,hill,other,hill,,,,,,,,Dzyarzhynskaya Hara,needs_manual_type_review,True,rematched_kima,False,False
5-facs_26_tr_1729945346,birth,place,קיידאן,Kėdainiai,Q786484,dodgy,False,gibberish,דזשיבעריש,,other,unknown,,,,,,,,gibberish,needs_manual_type_review;place_country_unresolved,True,,False,False
5-facs_31_r_2599,birth,place,בראַאילאַ,Brăila,Q20765,dodgy,False,Brăila,,,other,unknown,,,,,,,,Brăila,needs_manual_type_review;qid_lookup_missing,True,,False,False
5-facs_60_tr_1733050526,birth,place,אַנטאָקאָל,Antakalnis,Q570649,dodgy,False,Antakalnis,,neighborhood of Vilnius,neighborhood,,,,,,,,Antakalnis,,place_country_mismatch,True,,False,False
5-facs_86_tr_1733059457,birth,place,פּאָראָזאָווע,Porozovo,Q869838,dodgy,False,Waidbach,,river,other,river,,,,,,,,Waidbach,needs_manual_type_review,True,,False,False
5-facs_89_tr_1733059487,birth,place,פּראַגע,Prague,Q1085,dodgy,False,Prague,פראג,"municipality with town privileges in the Czech Republic, district of the Czech Republic, electoral unit, capital of region, district town, enclave, region of the Czech Republic, municipality with authorized municipal office, big city, Czech municipality with expanded powers, administrative district of Czech municipality with expanded powers, administrative district of Czech municipality with authorized municipal office, tourist destination, municipality of the Czech Republic, national capital",neighborhood,,,,,,,,Prague,,place_country_mismatch,True,,False,False
5-facs_93_tr_1733059467,birth,place,גראָדזשיסק,Grodzisk Mazowiecki,Q198480,dodgy,False,Gugney-aux-Aulx,,commune of France,settlement,,,,,Gugney-aux-Aulx,,,,,place_country_mismatch,True,,False,False
5-facs_95_tr_1733059363,birth,place,ברזעזשין,Berezhany,Q793424,dodgy,False,Berezhany,ברעזשאן,city in Ukraine,settlement,,,,,Berezhany,,,,,place_country_mismatch,True,,False,False
5-facs_112_tr_1733832831,birth,place,איזשביץ,Izyaslav,Q841029,dodgy,False,Iziaslav,,city in Ukraine,settlement,,,,,Iziaslav,,,,,place_country_mismatch,True,rematched_kima,False,False
5-facs_114_tr_1733832736,birth,place,זאַבלודאָוואַ,Zabłudów,Q213142,dodgy,False,shilling,,,other,unknown,,,,,,,,shilling,needs_manual_type_review;place_country_unresolved,True,,False,False
5-facs_133_tr_1733832671,birth,place,גראָדזשיסק,Grodzisk Mazowiecki,Q198480,dodgy,False,Gugney-aux-Aulx,,commune of France,settlement,,,,,Gugney-aux-Aulx,,,,,place_country_mismatch,True,,False,False
5-facs_134_tr_1733832740,birth,place,שיידלאָוויעץ,Szydłowiec,Q213086,dodgy,False,Jaro,,municipality of the Philippines,settlement,,,,,Jaro,,,,,place_country_mismatch,True,,False,False
5-facs_152_tr_1735651764,birth,place,דווינסק,Daugavpils,Q80021,initial,True,Daugavpils,דענענבורג,"state city of Latvia, city under state jurisdiction in Latvia",settlement,,,,,Daugavpils,,,,,place_qid_conflict,True,,False,False
5-facs_167_tr_1735652645,birth,place,"רזשעשאָוו, (ריישע)",Rzeszów,Q148966,dodgy,False,Solomon Islands,,"archipelago, island group",other,archipelago,,,,,,,,Solomon Islands,needs_manual_type_review;place_province_mismatch,True,,False,False
5-facs_170_tr_1735652615,birth,place,פּאַרטשעוו,Parczew,Q202599,dodgy,False,Stardust Resort and Casino,,"hotel, casino, skyscraper, music venue",other,hotel,,,,,,,,Stardust Resort and Casino,needs_manual_type_review;place_country_mismatch,True,,False,False
5-facs_192_tr_1736589026,birth,place,באַלטרעמאַנץ,Bełchatów,Q157992,dodgy,False,Bełchatów,,"city or town, urban municipality of Poland",settlement,,,,,Bełchatów,,,,,place_country_mismatch,True,,False,False
5-facs_198_r_70,birth,place,דוווינסק,Daugavpils,Q80021,initial,True,Daugavpils,דענענבורג,"state city of Latvia, city under state jurisdiction in Latvia",settlement,,,,,Daugavpils,,,,,place_qid_conflict,True,,False,False
5-facs_202_tr_1739221569,birth,place,נאָוואָ-סוויענצאַן,Švenčionėliai,Q392772,dodgy,False,Švenčionėliai,,city,settlement,,,,,Švenčionėliai,,,,,place_country_mismatch,True,,False,False
5-facs_210_tr_1739220933,birth,place,קאָראָפּיעץ,Koropets,Q1022905,dodgy,False,Sande,,former freguesia of Portugal,settlement,,,,,Sande,,,,,place_province_mismatch,True,,False,False
5-facs_215_tr_1739221509,birth,place,הרובישאָוו,Hrubieszów,Q173451,dodgy,False,transistor–transistor logic,,"logic circuit technology family, technical standard",other,logic circuit technology family,,,,,,,,transistor–transistor logic,needs_manual_type_review;place_country_unresolved,True,,False,False
5-facs_231_tr_1739221360,birth,place,סאָקאָל,Sokil,Q874218,dodgy,False,Alabama State Route 118,,road,other,road,,,,,,,,Alabama State Route 118,needs_manual_type_review,True,,False,False
5-facs_248_tr_1739220761,birth,place,ראָגאָוואַ,Rohova,Q1049288,dodgy,False,Wilson Airport,,"airport, commercial traffic aerodrome",other,airport,,,,,,,,Wilson Airport,needs_manual_type_review;place_country_mismatch,True,,False,False
5-facs_254_r_2,birth,place,נאָוואָמינסק,Mińsk Mazowiecki,Q198480,dodgy,False,Gugney-aux-Aulx,,commune of France,settlement,,,,,Gugney-aux-Aulx,,,,,place_country_mismatch,True,,False,False
5-facs_281_tr_1739220612,birth,place,באַלוט,balut,Q302169,dodgy,False,balut,,,other,unknown,,,,,,,,balut,needs_manual_type_review;place_country_unresolved,True,,False,False
5-facs_326_tr_1739221462,birth,place,לויוויטש,Loviche,Q1049177,dodgy,False,,,"active galactic nucleus, spiral galaxy",other,active galactic nucleus,,,,,,,,Loviche,needs_manual_type_review;place_country_unresolved,True,,False,False
5-facs_341_tr_1739222058,birth,place,פינסק,Pinsk,Q204150,initial,True,Pinsk,פּינסק,"city of oblast subordinance, big city",settlement,,,,,Pinsk,,,,,place_qid_conflict,True,,False,False
5-facs_345_r_2,birth,place,דווינסק,Daugavpils,Q80021,initial,True,Daugavpils,דענענבורג,"state city of Latvia, city under state jurisdiction in Latvia",settlement,,,,,Daugavpils,,,,,place_qid_conflict,True,,False,False
5-facs_352_r_1,birth,place,קרעמענטשוג,Kremenchuk,Q156724,initial,False,Kremenchuk,,city of regional significance of Ukraine,settlement,,,,,Kremenchuk,,,,,place_province_mismatch,True,,False,False
5-facs_354_tr_1739222151,birth,place,קעשענעוו,Chișinău,Q21197,initial,False,Chișinău,קעשענעוו,"city, big city, municipality",settlement,,,,,Chișinău,,,,,place_country_mismatch,True,,False,False
5-facs_356_tr_1739222186,birth,place,וואָסלוי,Vasloi,Q12407577,dodgy,False,Vasloi,,,other,unknown,,,,,,,,Vasloi,needs_manual_type_review;place_country_unresolved,True,,False,False
5-facs_360_tr_1739221934,birth,place,מאָסט,Maastricht,Q1309,dodgy,False,Maastricht,,"municipality of the Netherlands, cadastral populated place in the Netherlands, municipality seat, border city, big city, Roman city, place with town rights and privileges",settlement,,,,,Maastricht,,,,,place_country_mismatch,True,,False,False
5-facs_369_r,birth,place,קאָצק,Kotsk,Q2919755,dodgy,False,Kotsk,קאצק,,other,unknown,,,,,,,,Kotsk,needs_manual_type_review;place_country_unresolved,True,,False,False
5-facs_414_tr_1739222259,birth,place,דווינסק,Daugavpils,Q80021,initial,True,Daugavpils,דענענבורג,"state city of Latvia, city under state jurisdiction in Latvia",settlement,,,,,Daugavpils,,,,,place_qid_conflict,True,,False,False
5-facs_414_tr_1739222237,birth,place,מאָלאָדעטשנע,Maladzyechna,Q882261,dodgy,False,,,,other,unknown,,,,,,,,Maladzyechna,needs_manual_type_review;place_country_unresolved,True,,False,False
5-facs_417_tr_1739222565,birth,place,אָסטראָלענקאַ,Ostrołęka,Q126099,dodgy,False,Ostrołęka,,,other,unknown,,,,,,,,Ostrołęka,needs_manual_type_review;qid_lookup_missing,True,,False,False
5-facs_422_r_2,birth,place,בערדיטשעוו,Berdychiv,Q158799,initial,True,Berdychiv,בערדיטשעוו,"city of regional significance of Ukraine, miasteczko",settlement,,,,,Berdychiv,,,,,place_qid_conflict,True,,False,False
5-facs_437_tr_1739221511,birth,place,איווענען,Ivyantsy,Q2553054,dodgy,False,Girls on the Side,,television series episode,other,television series episode,,,,,,,,Girls on the Side,needs_manual_type_review;place_country_unresolved,True,,False,False
5-facs_438_r_22,birth,place,באקו,Baku,Q9248,initial,False,Baku,באקו,"şəhər, national capital",other,şəhər,,,,,,,,Baku,needs_manual_type_review,True,,False,False
5-facs_453_tr_1739221401,birth,place,ראָהאַטשאָוו,Rahachow,Q1049285,dodgy,False,Kikyō Station,,"railway station, railway station above ground, contracted station, Q123094976",other,railway station,,,,,,,,Kikyō Station,needs_manual_type_review;place_country_mismatch,True,,False,False
5-facs_529_tr_1739221773,birth,place,סקידעל,Skidzieĺ,Q958847,dodgy,False,Skidzieĺ,,"city of raion subordinance, urban settlement in Belarus",settlement,,,,,Skidzieĺ,,,,,place_country_mismatch,True,,False,False
5-facs_535_tr_1739222167,birth,place,סמילע,Smila,Q869869,dodgy,False,41xx steel,,,other,unknown,,,,,,,,41xx steel,needs_manual_type_review;place_country_unresolved,True,,False,False
5-facs_548_tr_1739220543,birth,place,טשערעמאַש,Cheremosh River,Q1343217,dodgy,False,Cheremosh River,טשערעמאש טייך,river,other,river,,,,,,,,Cheremosh River,needs_manual_type_review,True,,False,False
5-facs_557_r,birth,place,קאָמאָרנע,Komarne,Q1022906,dodgy,False,Sombrin,,commune of France,settlement,,,,,Sombrin,,,,,place_province_mismatch,True,,False,False
5-facs_568_tr_1739221634,birth,place,טשזשניקי,Czarnków,Q51438,dodgy,False,Czarnków,,urban municipality of Poland,settlement,,,,,Czarnków,,,,,place_country_mismatch,True,,False,False
5-facs_569_r,birth,place,טיראַספּאָל,Tiraspol,Q132572,dodgy,False,Tiraspol,,"municipality of Moldova, city or town, big city",settlement,,,,,Tiraspol,,,,,place_country_mismatch,True,rematched_kima,False,False
5-facs_589_tr_1739220603,birth,place,בוקי,Bukittinggi,Q7248,dodgy,False,Bukittinggi,,"city of Indonesia, Kota Besar, Kotapraja, capital of regency",settlement,,,,,Bukittinggi,,,,,place_country_mismatch,True,,False,False
5-facs_595_r,birth,place,סיביר,Siberia,Q33172,dodgy,False,Unibet Arena,,"indoor practice facility, event venue",other,indoor practice facility,,,,,,,,Unibet Arena,needs_manual_type_review,True,,False,False
5-facs_596_r,birth,place,דאַמבראָוואַ,Dąbrowa,Q693738,dodgy,False,Dąbrowa,,village of Poland,settlement,,,,,Dąbrowa,,,,,place_country_mismatch,True,,False,False
5-facs_603_r,birth,place,גריצע,Grójec,Q391461,initial,False,Grójec,גריצע,"city, Royal city in Polish-Lithuanian Commonwealth",settlement,,,,,Grójec,,,,,place_province_mismatch,True,,False,False
5-facs_603_r,birth,province,נע וואַרשע,Warsaw,Q270,province,False,Warsaw,ווארשע,"city with powiat rights in Poland, city, seat of government, big city, tourist destination, largest city, administrative territorial entity, metropolis, national capital",settlement,,,,,Warsaw,,,,,province_role_mismatch,True,,False,False
5-facs_606_r,birth,place,זלאַטאָפּאָל,Zlatopol,Q997478,dodgy,False,Novomyrhorod,,city in Ukraine,settlement,,,,,Novomyrhorod,,,,,place_country_mismatch,True,rematched_kima,False,False
5-facs_618_r_4,birth,place,קאָשיצע,Košice,Q25409,dodgy,False,Košice,קאשוי,"municipality of Slovakia, big city, city",settlement,,,,,Košice,,,,,place_country_mismatch,True,,False,False
6-facs_11_tr_1747745181,birth,place,פּראַגאָ,Prague,Q1085,dodgy,False,Prague,פראג,"municipality with town privileges in the Czech Republic, district of the Czech Republic, electoral unit, capital of region, district town, enclave, region of the Czech Republic, municipality with authorized municipal office, big city, Czech municipality with expanded powers, administrative district of Czech municipality with expanded powers, administrative district of Czech municipality with authorized municipal office, tourist destination, municipality of the Czech Republic, national capital",neighborhood,,,,,,,,Prague,,place_country_mismatch,True,,False,False
6-facs_21_r_2,birth,place,סטאַניסלאָוו,Stanisławów,Q156726,initial,True,Ivano-Frankivsk,סטאניסלאװ,"city of regional significance of Ukraine, city or town, big city",settlement,,,,,Ivano-Frankivsk,,,,,place_qid_conflict,True,,False,False
6-facs_28_r_73,birth,place,באָגאָפּאָליע,Bogopol,Q4089653,dodgy,False,,,village,settlement,,,,,Bogopol,,,,,place_country_mismatch,True,,False,False
6-facs_28_r_2,birth,place,בערדייטשעוו,Berdychiv,Q158799,initial,True,Berdychiv,בערדיטשעוו,"city of regional significance of Ukraine, miasteczko",settlement,,,,,Berdychiv,,,,,place_qid_conflict,True,,False,False
6-facs_63_r_13,birth,place,סימפּעראָפּאָל,Simferopol,Q43421,dodgy,False,Richmond,,"independent city in the United States, city in the United States, big city",settlement,,,,,Richmond,,,,,place_province_mismatch,True,,False,False
6-facs_73_tr_1747746199,birth,place,פֿאַסטאָוו,Pastavy,Q539012,dodgy,False,Pastavy,פּאסטאוו,city of raion subordinance,settlement,,,,,Pastavy,,,,,place_country_mismatch,True,,False,False
6-facs_74_tr_1747746112,birth,place,פינסק,Pinsk,Q204150,initial,True,Pinsk,פּינסק,"city of oblast subordinance, big city",settlement,,,,,Pinsk,,,,,place_qid_conflict,True,,False,False
6-facs_76_tr_1747746207,birth,place,ראַדזיין,Radzyń Podlaski,Q202591,dodgy,False,Radzyń Podlaski,,,other,unknown,,,,,,,,Radzyń Podlaski,needs_manual_type_review;qid_lookup_missing,True,,False,False
6-facs_106_tr_1747825134,birth,place,באַקאָוו,Bąków,Q1022004,dodgy,False,Bąków,,village of Poland,settlement,,,,,Bąków,,,,,place_country_mismatch,True,,False,False
6-facs_112_tr_1747825141,birth,place,זגערזש,Zgierz,Q193264,dodgy,False,Marajó,,island,other,island,,,,,,,,Marajó,needs_manual_type_review;place_country_mismatch,True,,False,False
6-facs_125_tr_1747825049,birth,place,פינסק,Pinsk,Q204150,initial,True,Pinsk,פּינסק,"city of oblast subordinance, big city",settlement,,,,,Pinsk,,,,,place_qid_conflict,True,,False,False
6-facs_132_tr_1747825065,birth,place,בודאַפּעשט,Budapest Ghetto,Q1781,initial,True,Budapest,בודאפעשט,"town in Hungary, enclave, largest city, national capital",settlement,,,,,Budapest,,,,,place_qid_conflict,True,,False,False
6-facs_133_tr_1747825075,birth,place,ניישטאָט שירווינט,Neustadt-Shirvindt,Q2553113,dodgy,False,AZ Groeninge,,hospital,other,hospital,,,,,,,,AZ Groeninge,needs_manual_type_review;place_country_mismatch,True,,False,False
6-facs_134_tr_1747825144,birth,place,ניישטאָט שערווינט,Neustadt-Shirvindt,Q2553113,dodgy,False,AZ Groeninge,,hospital,other,hospital,,,,,,,,AZ Groeninge,needs_manual_type_review;place_country_mismatch,True,,False,False
6-facs_144_tr_1747825163,birth,place,בראַאילאַ,Brăila,Q20765,dodgy,False,Brăila,,,other,unknown,,,,,,,,Brăila,needs_manual_type_review;qid_lookup_missing,True,,False,False
6-facs_156_tr_1747825099,birth,place,ראַוואַ-רוסקאַ,Rava-Ruska,Q1048138,dodgy,False,Vitrimont,,commune of France,settlement,,,,,Vitrimont,,,,,place_province_mismatch,True,,False,False
6-facs_158_tr_1747825103,birth,place,פינסק,Pinsk,Q204150,initial,True,Pinsk,פּינסק,"city of oblast subordinance, big city",settlement,,,,,Pinsk,,,,,place_qid_conflict,True,,False,False
6-facs_171_tr_1747825164,birth,place,אָראַן,Varėna,Q835843,dodgy,False,Varėna,,city,settlement,,,,,Varėna,,,,,place_country_mismatch,True,,False,False
6-facs_177_tr_1747825182,birth,place,ברוסילאָוו,Brusyliv,Q869831,dodgy,False,Oberreut,,Ortsteil,settlement,,,,,Oberreut,,,,,place_country_mismatch,True,,False,False
6-facs_178_tr_1747825088,birth,place,שפּאָלע,Shpola,Q869877,dodgy,False,2006 Davidoff Swiss Indoors,,"Swiss Indoors, tennis tournament edition",other,Swiss Indoors,,,,,,,,2006 Davidoff Swiss Indoors,needs_manual_type_review;place_country_mismatch,True,,False,False
6-facs_190_tr_1747825169,birth,place,בוטען,Buteni,Q852398,dodgy,False,Buteni,,"village, seat of the local council",settlement,,,,,Buteni,,,,,place_country_mismatch,True,,False,False
6-facs_199_tr_1747825102,birth,place,זאַוואָליע,Завалье,Q21336249,dodgy,False,,,"posyolok, village",settlement,,,,,Завалье,,,,,place_country_mismatch,True,,False,False
6-facs_226_tr_1747928986,birth,place,גאָרוד,Horado,Q11555839,dodgy,False,Horado,,dissolved municipality of Japan,settlement,,,,,Horado,,,,,place_country_mismatch,True,,False,False
6-facs_245_tr_1747928875,birth,place,זאַלודאָוואַ,Zabłudów,Q213142,dodgy,False,shilling,,,other,unknown,,,,,,,,shilling,needs_manual_type_review,True,,False,False
6-facs_248_tr_1747928920,birth,place,אַ שטעטל,Kiryas Joel,Q913420,dodgy,False,Kiryas Joel,קרית יואל,village of New York,settlement,,,,,Kiryas Joel,,,,,place_country_mismatch,True,,False,False
6-facs_249_tr_1747928987,birth,place,לאָנדאָן,London,Q84,initial,False,London,לאנדאן,"metropolis, financial center, city, global city, megacity, largest city, national capital",settlement,,,,,London,,,,,place_country_mismatch,True,,False,False
6-facs_290_tr_1747928961,birth,place,קאַידענאָוו,Dzyarzhynsk,Q921447,dodgy,False,Dzyarzhynskaya Hara,,hill,other,hill,,,,,,,,Dzyarzhynskaya Hara,needs_manual_type_review,True,rematched_kima,False,False
6-facs_300_tr_1747928891,birth,place,פּאָראָזאָווע,Porozovo,Q869838,dodgy,False,Waidbach,,river,other,river,,,,,,,,Waidbach,needs_manual_type_review,True,,False,False
6-facs_327_tr_1747930566,birth,place,פּאָראָזאָווע,Porozovo,Q869838,dodgy,False,Waidbach,,river,other,river,,,,,,,,Waidbach,needs_manual_type_review;place_country_mismatch,True,,False,False
6-facs_406_tr_1747930311,birth,place,ברוסילאָוו,Brusyliv,Q869831,dodgy,False,Oberreut,,Ortsteil,settlement,,,,,Oberreut,,,,,place_country_mismatch,True,,False,False
6-facs_408_tr_1747930566,birth,place,קאָידענאָוו,Dzyarzhynsk,Q921447,dodgy,False,Dzyarzhynskaya Hara,,hill,other,hill,,,,,,,,Dzyarzhynskaya Hara,needs_manual_type_review,True,rematched_kima,False,False
6-facs_413_tr_1747930424,birth,place,ליפקאַן,Lipcani,Q2057040,dodgy,False,Lipcani,,,other,unknown,,,,,,,,Lipcani,needs_manual_type_review;qid_lookup_missing,True,,False,False
6-facs_454_tr_1747930319,birth,place,פינסק,Pinsk,Q204150,initial,True,Pinsk,פּינסק,"city of oblast subordinance, big city",settlement,,,,,Pinsk,,,,,place_qid_conflict,True,,False,False
6-facs_538_r_3,birth,place,קרעמעניץ,Kremenets,Q849116,initial,False,Kremenets,קרעמעניץ,"city in Ukraine, Royal city in Polish-Lithuanian Commonwealth",settlement,,,,,Kremenets,,,,,place_country_mismatch,True,,False,False
6-facs_643_tr_1747930524,birth,place,ליפקאַן,Lipcani,Q2057040,dodgy,False,Lipcani,,,other,unknown,,,,,,,,Lipcani,needs_manual_type_review;qid_lookup_missing,True,,False,False
6-facs_657_tr_1747931522,birth,place,לויוויטש,Loviche,Q1049177,dodgy,False,,,"active galactic nucleus, spiral galaxy",other,active galactic nucleus,,,,,,,,Loviche,needs_manual_type_review;place_country_unresolved,True,,False,False
6-facs_660_r,birth,place,טשעכאַנאָוו,Ciechanów,Q182563,dodgy,False,Ciechanów,,,other,unknown,,,,,,,,Ciechanów,needs_manual_type_review;qid_lookup_missing,True,,False,False
6-facs_663_r_2,birth,place,וולאדימירעץ,Volodymyrets Raion,Q388079,dodgy,False,Volodymyrets Raion,,raion of Ukraine,other,raion of Ukraine,,,,,,,,Volodymyrets Raion,needs_manual_type_review,True,,False,False
6-facs_666_r,birth,place,מיעלניץ,Mielnica,Q11780346,dodgy,False,Mielnica,,river,other,river,,,,,,,,Mielnica,needs_manual_type_review,True,,False,True
7-facs_10_r_7,birth,place,טשערקאָס,Cherkasy,Q156733,dodgy,False,Landsknecht,,,other,unknown,,,,,,,,Landsknecht,needs_manual_type_review;place_country_unresolved,True,,False,False
7-facs_13_r_4,birth,place,טשיטשערסק,Chachersk,Q867722,dodgy,False,Chachersk,,"city of raion subordinance, urban settlement in Belarus",settlement,,,,,Chachersk,,,,,place_province_mismatch,True,,False,False
7-facs_15_r_3,birth,place,בערדיטשעוו,Berdychiv,Q158799,initial,True,Berdychiv,בערדיטשעוו,"city of regional significance of Ukraine, miasteczko",settlement,,,,,Berdychiv,,,,,place_qid_conflict,True,,False,False
7-facs_19_r_7,birth,place,פּאַסטאָוו,Pastavy,Q539012,dodgy,False,Pastavy,פּאסטאוו,city of raion subordinance,settlement,,,,,Pastavy,,,,,place_country_mismatch,True,,False,False
7-facs_28_r_1,birth,place,בערדיטשעוו,Berdychiv,Q158799,initial,True,Berdychiv,בערדיטשעוו,"city of regional significance of Ukraine, miasteczko",settlement,,,,,Berdychiv,,,,,place_qid_conflict,True,,False,False
7-facs_34_r,birth,place,בעריסלאָוו,Beryslav,Q928716,dodgy,False,Reboleira,,former freguesia of Portugal,settlement,,,,,Reboleira,,,,,place_country_mismatch,True,,False,False
7-facs_41_r,birth,place,גראָדזשיסק,Grodzisk Mazowiecki,Q198480,dodgy,False,Gugney-aux-Aulx,,commune of France,settlement,,,,,Gugney-aux-Aulx,,,,,place_country_mismatch,True,,False,False
7-facs_42_tr_1756359784,birth,place,מאָלאָדעטשנא,Maladzyechna,Q882261,dodgy,False,,,,other,unknown,,,,,,,,Maladzyechna,needs_manual_type_review;place_country_unresolved,True,,False,False
7-facs_49_r,birth,place,פּאָלוצק,Polatsk,Q200797,dodgy,False,Polatsk,פּאָלאָצק,"city of oblast subordinance, city of raion subordinance",settlement,,,,,Polatsk,,,,,place_country_mismatch,True,,False,False
7-facs_49_r_3,birth,place,סיגעט,Sighetu Marmației,Q334874,initial,False,Sighetu Marmației,סיגעט,"municipality of Romania, border city",settlement,,,,,Sighetu Marmației,,,,,place_country_mismatch,True,,False,False
7-facs_52_r_11,birth,place,נאָוואָ ראַדאָמסק,Piotrków Trybunalski,Q165940,dodgy,False,typhlosole,,anatomical structure,other,anatomical structure,,,,,,,,typhlosole,needs_manual_type_review;place_country_unresolved,True,,False,False
7-facs_52_r_3,birth,place,שפּאָלע,Shpola,Q869877,dodgy,False,2006 Davidoff Swiss Indoors,,"Swiss Indoors, tennis tournament edition",other,Swiss Indoors,,,,,,,,2006 Davidoff Swiss Indoors,needs_manual_type_review;place_country_mismatch,True,,False,False
7-facs_55_tr_1756359778,birth,place,גראָדזשיסק,Grodzisk Mazowiecki,Q198480,dodgy,False,Gugney-aux-Aulx,,commune of France,settlement,,,,,Gugney-aux-Aulx,,,,,place_country_mismatch,True,,False,False
7-facs_57_tr_1756359819,birth,place,קאָרלסבערג (גוראַ פּוטנעי),Karlsberg,Q520174,dodgy,False,Karlsberg,,"trademark, brewery",other,trademark,,,,,,,,Karlsberg,needs_manual_type_review,True,,False,False
7-facs_59_r_5,birth,place,סימפּעראָפּאָל,Simferopol,Q43421,dodgy,False,Richmond,,"independent city in the United States, city in the United States, big city",settlement,,,,,Richmond,,,,,place_province_mismatch,True,,False,False
7-facs_62_tr_1756359786,birth,place,ראָמאַנאָוו,House of Romanov,Q112707,dodgy,False,House of Romanov,,"dynasty, royal family",other,dynasty,,,,,,,,House of Romanov,needs_manual_type_review;place_province_mismatch,True,,False,False
7-facs_76_r,birth,place,שומסק,Shumsk,Q219601,initial,False,Shumsk,,city in Ukraine,settlement,,,,,Shumsk,,,,,place_country_mismatch,True,,False,False
7-facs_77_tr_1757228908,birth,place,דווינסק,Daugavpils,Q80021,initial,True,Daugavpils,דענענבורג,"state city of Latvia, city under state jurisdiction in Latvia",settlement,,,,,Daugavpils,,,,,place_qid_conflict,True,,False,False
7-facs_84_r_2,birth,place,בערדיטשעוו,Berdychiv,Q158799,initial,True,Berdychiv,בערדיטשעוו,"city of regional significance of Ukraine, miasteczko",settlement,,,,,Berdychiv,,,,,place_qid_conflict,True,,False,False
7-facs_87_r,birth,place,בערדיטשעוו,Berdychiv,Q158799,initial,True,Berdychiv,בערדיטשעוו,"city of regional significance of Ukraine, miasteczko",settlement,,,,,Berdychiv,,,,,place_qid_conflict,True,,False,False
