mention_id	host_person_id	volume	host_xml_id	host_heading	name	gender	person_description	relation
M-3-facs_12_tr_1752652592-000	P-3-facs_12_tr_1752652592	3	facs_12_tr_1752652592	פאַדאָוויטש, בערל	יצחק גאָלאַנד	זכר	"שפּעטערדיקער „הבימה""-שפּילער"	יצחק גאָלאַנד האָט זיך באַטייליקט אין דעם דראַמקרייז וואָס דער סוביעקט האָט געגרינדעט אין קרעמענטשוג.
M-3-facs_12_tr_1752652592-001	P-3-facs_12_tr_1752652592	3	facs_12_tr_1752652592	פאַדאָוויטש, בערל	יהודית נאַראָוולאַנסקאַיאַ	נקבה	אַ מיטגליד פֿון יידישן קאמער-טעאַטער	יהודית נאַראָוולאַנסקאַיאַ האָט זיך באַטייליקט אין דעם דראַמקרייז וואָס דער סוביעקט האָט געגרינדעט אין קרעמענטשוג.
M-3-facs_12_tr_1752652592-002	P-3-facs_12_tr_1752652592	3	facs_12_tr_1752652592	פאַדאָוויטש, בערל	יוסף בראַנדעסקאָ'ן	זכר		יוסף בראַנדעסקאָ'ן האָט אויפֿגעפֿירט די פּיעסעס פֿונעם סוביעקט אין אַנדערע שטעט.
M-3-facs_12_tr_1752652592-003	P-3-facs_12_tr_1752652592	3	facs_12_tr_1752652592	פאַדאָוויטש, בערל	שלום עליכמ'ס	זכר		"דער סוביעקט האָט אויפֿגעפֿירט די פּיעסע „דאָס גרויסע געווינס"" פֿון שלום עליכמ'ס."
M-3-facs_12_tr_1752652592-004	P-3-facs_12_tr_1752652592	3	facs_12_tr_1752652592	פאַדאָוויטש, בערל	אַסיפּ דימאָוו'ס	זכר		"דער סוביעקט האָט אויפֿגעפֿירט די פּיעסעס „יאָשקע מוזיקאַנט"" און „דער אייביקער וואַנדערער"" פֿון אַסיפּ דימאָוו'ס."
M-3-facs_12_tr_1752652590-000	P-3-facs_12_tr_1752652590	3	facs_12_tr_1752652590	פּאָדאָלסקאַ, וויעראַ	פֿאָטער*	זכר	אַ מיל-אַרבעטער	דער פֿאָטער פֿון דער סוביעקט.
M-3-facs_12_tr_1752652590-001	P-3-facs_12_tr_1752652590	3	facs_12_tr_1752652590	פּאָדאָלסקאַ, וויעראַ	מאַמע*	נקבה	אָרעמע עלטערן	די מאַמע פֿון דער סוביעקט.
M-3-facs_12_tr_1752652590-002	P-3-facs_12_tr_1752652590	3	facs_12_tr_1752652590	פּאָדאָלסקאַ, וויעראַ	הויזבאַזיצער*	זכר		דער הויזבאַזיצער פֿון דער סוביעקט.
M-3-facs_12_tr_1752652590-003	P-3-facs_12_tr_1752652590	3	facs_12_tr_1752652590	פּאָדאָלסקאַ, וויעראַ	קאָליסנאטשענקאָ	זכר	דער זון פֿון זייער הויזבאַזיצער, דער אוקראַאיינישער טעאַטער-דירעקטאָר און אַקטיאָר	ער האָט זי אַריינגענומען אין זיין טרופּע צו שפּילן קינדער-ראָלן.
M-3-facs_12_tr_1752652590-004	P-3-facs_12_tr_1752652590	3	facs_12_tr_1752652590	פּאָדאָלסקאַ, וויעראַ	זאָסלאַווסקי	זכר	זאָסלאַווסקי׳ס טרופּע, וועלכע שפּילט יידישן רעפּערטואַר אויף רוסיש	ער האָט זי אָנגאַזשירט אין זיין טרופּע.
M-3-facs_12_tr_1752652590-005	P-3-facs_12_tr_1752652590	3	facs_12_tr_1752652590	פּאָדאָלסקאַ, וויעראַ	מישאַ אפּעלבוים	זכר		די סוביעקט האָט אָפֿט אויפֿגעטראָטן אין דועטן מיט אים.
M-3-facs_12_tr_1752652590-006	P-3-facs_12_tr_1752652590	3	facs_12_tr_1752652590	פּאָדאָלסקאַ, וויעראַ	שלום פינקוס	זכר	אַקטיאָר	מיט אים האָט זי חתונה געהאַט.
M-3-facs_12_tr_1752652590-007	P-3-facs_12_tr_1752652590	3	facs_12_tr_1752652590	פּאָדאָלסקאַ, וויעראַ	קינד*		געבוירן 1919 און געשטאָרבן 1920	דאָס קינד פֿונעם סוביעקט.
M-3-facs_12_tr_1752652594-000	P-3-facs_12_tr_1752652594	3	facs_12_tr_1752652594	פּאָדזאַמטשע, שלום	פֿאָטער *	male	אַ תבואַה-סוחר	ער איז געווען דער פֿאָטער פֿון שלום פּאָדזאַמטשע.
M-3-facs_12_tr_1752652594-001	P-3-facs_12_tr_1752652594	3	facs_12_tr_1752652594	פּאָדזאַמטשע, שלום	עלטערן *		פֿאַנאַטישע פֿרומע יידן	זיי זיינען געווען די עלטערן פֿון שלום פּאָדזאַמטשע.
M-3-facs_12_tr_1752652594-002	P-3-facs_12_tr_1752652594	3	facs_12_tr_1752652594	פּאָדזאַמטשע, שלום	זלמן נאַטאַנסאָן	male	אַ ברודער פֿון הרב ר' יוסף שאול נאַטאַנסאָן	שלום פּאָדזאַמטשע האָט אים צוגעהאָלפֿן אַלס בעל-תפילה.
M-3-facs_12_tr_1752652594-003	P-3-facs_12_tr_1752652594	3	facs_12_tr_1752652594	פּאָדזאַמטשע, שלום	הרב ר' יוסף שאול נאַטאַנסאָן	male	"מחבר פֿון „מפרשי הים"""	ער איז געווען דער ברודער פֿון זלמן נאַטאַנסאָן.
M-3-facs_12_tr_1752652594-004	P-3-facs_12_tr_1752652594	3	facs_12_tr_1752652594	פּאָדזאַמטשע, שלום	יעקב בער דער בלינדער	male	חזן	שלום פּאָדזאַמטשע איז אַנטלאָפן פֿון דער היים אַלס משורך מיט אים.
M-3-facs_12_tr_1752652594-005	P-3-facs_12_tr_1752652594	3	facs_12_tr_1752652594	פּאָדזאַמטשע, שלום	אויפֿזעער *	male	אַן אויפֿזעער אין אַ גאָראַלניע אין שטעטל ראָזלוי	ער איז געווען אַ באַקאַנטער פֿון שלום פּאָדזאַמטשע.
M-3-facs_12_tr_1752652594-006	P-3-facs_12_tr_1752652594	3	facs_12_tr_1752652594	פּאָדזאַמטשע, שלום	יאָסקע	male	אַ בראָדערזינגער	ער איז געווען דער עלטערן ברודער פֿון שלום פּאָדזאַמטשע.
M-3-facs_12_tr_1752652594-007	P-3-facs_12_tr_1752652594	3	facs_12_tr_1752652594	פּאָדזאַמטשע, שלום	קאַווקע-דובינסקי	male	בראָדערזינגער	שלום פּאָדזאַמטשע האָט זיך פֿאַראייניקט מיט אים.
M-3-facs_12_tr_1752652594-008	P-3-facs_12_tr_1752652594	3	facs_12_tr_1752652594	פּאָדזאַמטשע, שלום	יואל גלאַנץ	male	פֿאָלקס-זינגער און שוישפּילער	ער האָט געוואַנדערט און געשפּילט צוזאַמען מיט שלום פּאָדזאַמטשע.
M-3-facs_12_tr_1752652594-009	P-3-facs_12_tr_1752652594	3	facs_12_tr_1752652594	פּאָדזאַמטשע, שלום	יונה רייזמאַן	male	פֿאָלקס-זינגער און שוישפּילער	ער האָט געוואַנדערט און געשפּילט צוזאַמען מיט שלום פּאָדזאַמטשע.
M-3-facs_12_tr_1752652594-010	P-3-facs_12_tr_1752652594	3	facs_12_tr_1752652594	פּאָדזאַמטשע, שלום	הערמאַן וויינבערג	male	פֿאָלקס-זינגער און שוישפּילער	ער האָט געוואַנדערט און געשפּילט צוזאַמען מיט שלום פּאָדזאַמטשע.
M-3-facs_12_tr_1752652594-011	P-3-facs_12_tr_1752652594	3	facs_12_tr_1752652594	פּאָדזאַמטשע, שלום	משה גאָלדוואורם	male	פֿאָלקס-זינגער	שלום פּאָדזאַמטשע האָט געוואַנדערט מיט אים עטלעכע חדשים איבער אונגאַרן.
M-3-facs_12_tr_1752652594-012	P-3-facs_12_tr_1752652594	3	facs_12_tr_1752652594	פּאָדזאַמטשע, שלום	חיים בענדל	male	פֿאָלקס-זינגער און שוישפּילער	ער האָט געשפּילט צוזאַמען מיט שלום פּאָדזאַמטשע אין לעמבערג.
M-3-facs_12_tr_1752652594-013	P-3-facs_12_tr_1752652594	3	facs_12_tr_1752652594	פּאָדזאַמטשע, שלום	יעקב-בער גימפּל	male	דירעקטאָר פֿון א יידיש טעאַטער	שלום פּאָדזאַמטשע האָט געשפּילט אין זיין טעאַטער אין לעמבערג.
M-3-facs_12_tr_1752652594-014	P-3-facs_12_tr_1752652594	3	facs_12_tr_1752652594	פּאָדזאַמטשע, שלום	שלום פּערלמוטער	male	טעאַטער-היסטאָריקער	ער האָט געשריבן וועגן שלום פּאָדזאַמטשע.
M-3-facs_12_tr_1752652594-015	P-3-facs_12_tr_1752652594	3	facs_12_tr_1752652594	פּאָדזאַמטשע, שלום	חנאַ שטראָדלער	male	פֿאָלקס-זינגער	ער איז אויפֿגעטראָטן אין דער זעלבער צייט ווי שלום פּאָדזאַמטשע.
M-3-facs_12_tr_1752652594-016	P-3-facs_12_tr_1752652594	3	facs_12_tr_1752652594	פּאָדזאַמטשע, שלום	נעכע	female	ווייב פֿון חנאַ שטראָדלער	זי איז געווען א פֿאָלקס-זינגערין אין דער זעלבער צייט ווי שלום פּאָדזאַמטשע.
M-3-facs_12_tr_1752652594-017	P-3-facs_12_tr_1752652594	3	facs_12_tr_1752652594	פּאָדזאַמטשע, שלום	די ווייזענפריינד'ס		די עלטערן פון פּאָול מוני	זיי זיינען געווען פֿאָלקס-זינגער אין דער זעלבער צייט ווי שלום פּאָדזאַמטשע.
M-3-facs_12_tr_1752652594-018	P-3-facs_12_tr_1752652594	3	facs_12_tr_1752652594	פּאָדזאַמטשע, שלום	פּאָול מוני	male	באַרימטער שוישפּילער	ער איז געווען דער זון פֿון די ווייזענפריינד'ס.
M-3-facs_12_tr_1752652594-019	P-3-facs_12_tr_1752652594	3	facs_12_tr_1752652594	פּאָדזאַמטשע, שלום	אַברהם אַקסעלראַד	male	פֿאָלקס-זינגער	ער איז אויפֿגעטראָטן אין דער זעלבער צייט ווי שלום פּאָדזאַמטשע.
M-3-facs_12_tr_1752652594-020	P-3-facs_12_tr_1752652594	3	facs_12_tr_1752652594	פּאָדזאַמטשע, שלום	סעם לודוויג	male	פֿאָלקס-זינגער	ער איז אויפֿגעטראָטן אין דער זעלבער צייט ווי שלום פּאָדזאַמטשע.
M-3-facs_12_tr_1752652594-021	P-3-facs_12_tr_1752652594	3	facs_12_tr_1752652594	פּאָדזאַמטשע, שלום	הער דעסער	male	פֿאָלקס-זינגער	ער איז אויפֿגעטראָטן אין דער זעלבער צייט ווי שלום פּאָדזאַמטשע.
M-3-facs_12_tr_1752652594-022	P-3-facs_12_tr_1752652594	3	facs_12_tr_1752652594	פּאָדזאַמטשע, שלום	מאָדאָם דעסער	female	פֿאָלקס-זינגערין	זי איז אויפֿגעטראָטן אין דער זעלבער צייט ווי שלום פּאָדזאַמטשע.
M-3-facs_12_tr_1752652594-023	P-3-facs_12_tr_1752652594	3	facs_12_tr_1752652594	פּאָדזאַמטשע, שלום	יאַקוב ליטמאַן	male	פֿאָלקס-זינגער	ער איז אויפֿגעטראָטן אין דער זעלבער צייט ווי שלום פּאָדזאַמטשע.
M-3-facs_12_tr_1752652594-024	P-3-facs_12_tr_1752652594	3	facs_12_tr_1752652594	פּאָדזאַמטשע, שלום	פּעפּי ליטמאַן	female	פֿאָלקס-זינגערין	זי איז אויפֿגעטראָטן אין דער זעלבער צייט ווי שלום פּאָדזאַמטשע.
M-3-facs_12_tr_1752652594-025	P-3-facs_12_tr_1752652594	3	facs_12_tr_1752652594	פּאָדזאַמטשע, שלום	מרדכי שוואַרץ	male	פֿאָלקס-זינגער	ער איז אויפֿגעטראָטן אין דער זעלבער צייט ווי שלום פּאָדזאַמטשע.
M-3-facs_12_tr_1752652594-026	P-3-facs_12_tr_1752652594	3	facs_12_tr_1752652594	פּאָדזאַמטשע, שלום	אָדעלאַ שוואַרץ	female	פֿאָלקס-זינגערין	זי איז אויפֿגעטראָטן אין דער זעלבער צייט ווי שלום פּאָדזאַמטשע.
M-3-facs_12_tr_1752652594-027	P-3-facs_12_tr_1752652594	3	facs_12_tr_1752652594	פּאָדזאַמטשע, שלום	אַדאָלף ליפשיץ	male	שענקער	די פֿאָלקס-זינגער פֿלעגן אויפֿטרעטן אין זיין שענק.
M-3-facs_12_tr_1752652594-028	P-3-facs_12_tr_1752652594	3	facs_12_tr_1752652594	פּאָדזאַמטשע, שלום	שוועצער	male	שענקער	די פֿאָלקס-זינגער פֿלעגן אויפֿטרעטן אין זיין שענק.
M-3-facs_12_tr_1752652594-029	P-3-facs_12_tr_1752652594	3	facs_12_tr_1752652594	פּאָדזאַמטשע, שלום	וועלוול זבאַרזשער	male	וואָלף ערענקראַנץ, דיכטער און פֿאָלקס-זינגער	שלום פּאָדזאַמטשע פֿלעגט זינגען זיינע לידער.
M-3-facs_12_tr_1752652594-030	P-3-facs_12_tr_1752652594	3	facs_12_tr_1752652594	פּאָדזאַמטשע, שלום	אליקום צונזער	male	דיכטער	שלום פּאָדזאַמטשע פֿלעגט זינגען זיינע לידער.
M-3-facs_12_tr_1752652594-031	P-3-facs_12_tr_1752652594	3	facs_12_tr_1752652594	פּאָדזאַמטשע, שלום	אַברהם גאָלדפאַדען	male	דראַמאַטורג און דיכטער	שלום פּאָדזאַמטשע פֿלעגט זינגען זיינע לידער.
M-3-facs_12_tr_1752652594-032	P-3-facs_12_tr_1752652594	3	facs_12_tr_1752652594	פּאָדזאַמטשע, שלום	ש. בערנשטיין	male	בדחן	שלום פּאָדזאַמטשע פֿלעגט זינגען זיינע לידער.
M-3-facs_12_tr_1752652594-033	P-3-facs_12_tr_1752652594	3	facs_12_tr_1752652594	פּאָדזאַמטשע, שלום	בנימין זאב שטרויס	male	בדחן	שלום פּאָדזאַמטשע פֿלעגט זינגען זיינע לידער.
M-3-facs_12_tr_1752652594-034	P-3-facs_12_tr_1752652594	3	facs_12_tr_1752652594	פּאָדזאַמטשע, שלום	מ. נ. דרייפוס	male	בדחן	שלום פּאָדזאַמטשע פֿלעגט זינגען זיינע לידער.
M-3-facs_12_tr_1752652594-035	P-3-facs_12_tr_1752652594	3	facs_12_tr_1752652594	פּאָדזאַמטשע, שלום	שענקערס *		אייגנטומער פֿון שענקען	זיי פֿלעגן צאָלן גאַזשען צו די פֿאָלקס-זינגער.
M-3-facs_12_tr_1752652594-036	P-3-facs_12_tr_1752652594	3	facs_12_tr_1752652594	פּאָדזאַמטשע, שלום	לוקאַטשער	male	שוישפּילער	שלום פּאָדזאַמטשע איז געפֿאָרן מיט אים קיין ווין שפּילן וואַריעטע.
M-3-facs_12_tr_1752652594-037	P-3-facs_12_tr_1752652594	3	facs_12_tr_1752652594	פּאָדזאַמטשע, שלום	מאַנדעלקערן	male	אַ געוויסער מענטש	ער האָט געבראַכט שלום פּאָדזאַמטשע קיין אַמעריקע אין 1891.
M-3-facs_12_tr_1752652594-038	P-3-facs_12_tr_1752652594	3	facs_12_tr_1752652594	פּאָדזאַמטשע, שלום	משה ריכטער	male	דראָמאַטירג	שלום פּאָדזאַמטשע האָט געשפּילט אונטער זיין לייטונג אויף דער פּראָווינץ.
M-3-facs_12_tr_1752652594-039	P-3-facs_12_tr_1752652594	3	facs_12_tr_1752652594	פּאָדזאַמטשע, שלום	מאלי פיקאָן	female	אַמעריקאַנער סטאַר	זי האָט גאַסטראָלירט אונטער שלום פּאָדזאַמטשע'ס מענעדזשמענט אין ווין.
M-3-facs_12_tr_1752652594-040	P-3-facs_12_tr_1752652594	3	facs_12_tr_1752652594	פּאָדזאַמטשע, שלום	היימי-דזשייקאָבסאָן	male	אַמעריקאַנער סטאַר	ער האָט גאַסטראָלירט אונטער שלום פּאָדזאַמטשע'ס מענעדזשמענט אין ווין.
M-3-facs_12_tr_1752652594-041	P-3-facs_12_tr_1752652594	3	facs_12_tr_1752652594	פּאָדזאַמטשע, שלום	מרים קרעסין	female	אַמעריקאַנער סטאַר	זי האָט גאַסטראָלירט אונטער שלום פּאָדזאַמטשע'ס מענעדזשמענט אין ווין.
M-3-facs_12_tr_1752652594-042	P-3-facs_12_tr_1752652594	3	facs_12_tr_1752652594	פּאָדזאַמטשע, שלום	יעקב מעסטל	male	שוישפּילער און דירעקטאָר	ער האָט אָנגעהויבן שפּילן אונטער דער דירעקציע פֿון שלום פּאָדזאַמטשע.
M-3-facs_12_tr_1752652594-043	P-3-facs_12_tr_1752652594	3	facs_12_tr_1752652594	פּאָדזאַמטשע, שלום	מאָריץ זיגלער	male	טעאַטער-דירעקטאָר	שלום פּאָדזאַמטשע האָט געשפּילט אונטער זיין דירעקציע און איז געווען זיין שותף.
M-3-facs_12_tr_1752652594-044	P-3-facs_12_tr_1752652594	3	facs_12_tr_1752652594	פּאָדזאַמטשע, שלום	משה וויינבערג	male	שוישפּילער	שלום פּאָדזאַמטשע האָט געשפּילט בשותפות מיט אים.
M-3-facs_12_tr_1752652594-045	P-3-facs_12_tr_1752652594	3	facs_12_tr_1752652594	פּאָדזאַמטשע, שלום	סאלטשע וויינבערג	female	שוישפּילערין	שלום פּאָדזאַמטשע האָט געשפּילט בשותפות מיט איר.
M-3-facs_12_tr_1752652594-046	P-3-facs_12_tr_1752652594	3	facs_12_tr_1752652594	פּאָדזאַמטשע, שלום	רייזעלע	female	די אייגנטלעכע געשעפט-פֿירערין	זי איז געווען די פרוי פֿון שלום פּאָדזאַמטשע.
M-3-facs_12_tr_1752652594-047	P-3-facs_12_tr_1752652594	3	facs_12_tr_1752652594	פּאָדזאַמטשע, שלום	מאָריס שוואַרץ	male	דירעקטאָר פֿון ניו-יאָרקער קונסט-טעאַטער	שלום פּאָדזאַמטשע האָט זיך באַטייליקט אין א פֿילם מיט אים.
M-3-facs_12_tr_1752652594-048	P-3-facs_12_tr_1752652594	3	facs_12_tr_1752652594	פּאָדזאַמטשע, שלום	טאָכטער *	female	וווינט אין ניו-יאָרק	שלום פּאָדזאַמטשע איז געקומען צו איר קיין ניו-יאָרק אין 1939.
M-3-facs_12_tr_1752652594-049	P-3-facs_12_tr_1752652594	3	facs_12_tr_1752652594	פּאָדזאַמטשע, שלום	מייקל סאַקס	male	יידישער טעאַטער-דירעקטאָר	זיין שוועגערין איז געווען די טאָכטער פֿון שלום פּאָדזאַמטשע.
M-3-facs_14_tr_1752653034-000	P-3-facs_14_tr_1752653034	3	facs_14_tr_1752653034	פּאָדלובני, נ. י. [נאַום, נוניאַ]	פֿאָטער*	זכר	אַ חזן	זיין פֿאָטער.
M-3-facs_14_tr_1752653034-001	P-3-facs_14_tr_1752653034	3	facs_14_tr_1752653034	פּאָדלובני, נ. י. [נאַום, נוניאַ]	אַברהם פישזאָן	זכר	אַברהם פישזאָנ'ס טרופּע	דער סוביעקט האָט געאַרבעט אין זיין טרופּע.
M-3-facs_14_tr_1752653034-002	P-3-facs_14_tr_1752653034	3	facs_14_tr_1752653034	פּאָדלובני, נ. י. [נאַום, נוניאַ]	קלאַראַ יאָנג	נקבה		דער סוביעקט האָט פֿאַרפֿאַסט מוזיק פֿאַר איר.
M-3-facs_14_tr_1752653034-003	P-3-facs_14_tr_1752653034	3	facs_14_tr_1752653034	פּאָדלובני, נ. י. [נאַום, נוניאַ]	בועז יאָנגוויץ	זכר		דער סוביעקט האָט פֿאַרפֿאַסט מוזיק צו זיין אָפּערעטע.
M-3-facs_14_tr_1752653034-004	P-3-facs_14_tr_1752653034	3	facs_14_tr_1752653034	פּאָדלובני, נ. י. [נאַום, נוניאַ]	יצחק קאַצענעלזאָן	זכר		דער סוביעקט האָט פֿאַרפֿאַסט מוזיק צו זיין אָפּערעטע.
M-3-facs_14_tr_1752653034-005	P-3-facs_14_tr_1752653034	3	facs_14_tr_1752653034	פּאָדלובני, נ. י. [נאַום, נוניאַ]	אַבראַשאַ גוטמאַן	זכר	זינגער פֿון פֿאָלקס-לידער	דער סוביעקט האָט געגרינדעט אַ יידישן קאָנצערט-אַנסאַמבל מיט אים.
M-3-facs_14_tr_1752653034-006	P-3-facs_14_tr_1752653034	3	facs_14_tr_1752653034	פּאָדלובני, נ. י. [נאַום, נוניאַ]	פרויקע	זכר	אַ יידישער אַקטיאָר	זיין ברודער.
M-3-facs_14_tr_1752653034-007	P-3-facs_14_tr_1752653034	3	facs_14_tr_1752653034	פּאָדלובני, נ. י. [נאַום, נוניאַ]	איסאַק	זכר	אַ דיריגענט	זיין ברודער.
M-3-facs_15_tr_1752653017-000	P-3-facs_15_tr_1752653017	3	facs_15_tr_1752653017	פֿאָדלובני פרויקע (אפרים)	פֿאָטער*	זכר	אַ חזן	ער איז זיין פֿאָטער.
M-3-facs_15_tr_1752653017-001	P-3-facs_15_tr_1752653017	3	facs_15_tr_1752653017	פֿאָדלובני פרויקע (אפרים)	אַברהם פישזאָן	זכר		דער סוביעקט האָט אָנגעהויבן אין זיין כאָר.
M-3-facs_15_tr_1752653017-002	P-3-facs_15_tr_1752653017	3	facs_15_tr_1752653017	פֿאָדלובני פרויקע (אפרים)	בראָנשטיין	זכר		דער סוביעקט איז אַרומגעפֿאָרן מיט זיין טרופּע.
M-3-facs_15_tr_1752653017-003	P-3-facs_15_tr_1752653017	3	facs_15_tr_1752653017	פֿאָדלובני פרויקע (אפרים)	פרוי*	נקבה	אויפֿגעטראָטן צוזאַמען מיט אים אין רומעניע אין שאַנטאַנען	זי איז זיין פרוי.
M-3-facs_15_tr_1752653017-004	P-3-facs_15_tr_1752653017	3	facs_15_tr_1752653017	פֿאָדלובני פרויקע (אפרים)	טאָכטער*	נקבה	אַ פּראָפעסיאנעלע טענצערין	זי איז זיין טאָכטער.
M-3-facs_15_tr_1752653017-005	P-3-facs_15_tr_1752653017	3	facs_15_tr_1752653017	פֿאָדלובני פרויקע (אפרים)	נאַאום	זכר	אַ קאָמפּאָזיטאָר און דיריגענט אין יידישן טעאַטער	ער איז זיין ברודער.
M-3-facs_15_tr_1752653017-006	P-3-facs_15_tr_1752653017	3	facs_15_tr_1752653017	פֿאָדלובני פרויקע (אפרים)	איסאַק	זכר	אַ דיריגענט פֿון יידישן טעאַטער, איז געפֿאַלן אַ קרבן אין דער צייט פֿון פּאָגראָם אין 1920-21 אין אוקראַאינע	ער איז זיין ברודער.
M-3-facs_15_tr_1752653010-000	P-3-facs_15_tr_1752653010	3	facs_15_tr_1752653010	פּאָדליאַס, חיים	בערנשטיין	זכר	אַן אָנפירער פֿון אַ טרופּע אין ליבאַווע	דער סוביעקט האָט זיך פֿאַרבונדן מיט זיין טרופּע.
M-3-facs_15_tr_1752653010-001	P-3-facs_15_tr_1752653010	3	facs_15_tr_1752653010	פּאָדליאַס, חיים	שאַראַוונער	זכר	אַן אָנפירער פֿון אַ טרופּע	דער סוביעקט האָט געאַרבעט אין זיין טרופּע.
M-3-facs_15_tr_1752653010-002	P-3-facs_15_tr_1752653010	3	facs_15_tr_1752653010	פּאָדליאַס, חיים	גוזיק	זכר	אַן אָנפירער פֿון אַ טרופּע	דער סוביעקט האָט געאַרבעט אין זיין טרופּע.
M-3-facs_15_tr_1752653010-003	P-3-facs_15_tr_1752653010	3	facs_15_tr_1752653010	פּאָדליאַס, חיים	זשיטאָמירסקי	זכר	אַן אָנפירער פֿון אַ טרופּע	דער סוביעקט האָט געאַרבעט אין זיין טרופּע.
M-3-facs_15_tr_1752653010-004	P-3-facs_15_tr_1752653010	3	facs_15_tr_1752653010	פּאָדליאַס, חיים	גענפער	זכר	אַן אָנפירער פֿון אַ טרופּע	דער סוביעקט האָט געאַרבעט אין זיין טרופּע.
M-3-facs_15_tr_1752653010-005	P-3-facs_15_tr_1752653010	3	facs_15_tr_1752653010	פּאָדליאַס, חיים	סעם אַדלער	זכר	אַן אָנפירער פֿון אַ טרופּע	דער סוביעקט האָט געאַרבעט אין זיין טרופּע.
M-3-facs_15_tr_1752653010-006	P-3-facs_15_tr_1752653010	3	facs_15_tr_1752653010	פּאָדליאַס, חיים	אַברהם פישזאָן	זכר	אַן אָנפירער פֿון אַ טרופּע	דער סוביעקט האָט געאַרבעט אין זיין טרופּע.
M-3-facs_15_tr_1752653010-007	P-3-facs_15_tr_1752653010	3	facs_15_tr_1752653010	פּאָדליאַס, חיים	ליפּאָווסקי	זכר	אָנפֿירער פֿונעם יידישן פֿאָלקסטעאַטער	דער סוביעקט האָט געאַרבעט אין זיין טעאַטער.
M-3-facs_15_tr_1752653010-008	P-3-facs_15_tr_1752653010	3	facs_15_tr_1752653010	פּאָדליאַס, חיים	סאיגאַדעטשני	זכר	אָנפֿירער פֿון אַן אוקראַאינישער טרופּע	דער סוביעקט איז געווען פֿאַרבונדן מיט זיין טרופּע.
M-3-facs_15_tr_1752653010-009	P-3-facs_15_tr_1752653010	3	facs_15_tr_1752653010	פּאָדליאַס, חיים	ליבערט	זכר	אָנפֿירער פֿון אַ דראַמאַטישער טרופּע	דער סוביעקט איז אַרומגעפֿאָרן מיט זיין טרופּע.
M-3-facs_15_tr_1752653010-010	P-3-facs_15_tr_1752653010	3	facs_15_tr_1752653010	פּאָדליאַס, חיים	אסתר רחל קאמינסקאַ	נקבה	אַ באַרימטע שוישפּילערין	דער סוביעקט האָט צונויפֿגעשטעלט דעם ערשטן טעאַטער-קאָלעקטיוו מיט איר.
M-3-facs_15_tr_1752653010-011	P-3-facs_15_tr_1752653010	3	facs_15_tr_1752653010	פּאָדליאַס, חיים	נעסטאָר	זכר		ער האָט אָנגאַזשירט דעם סוביעקט אין לאָס אַנדזשעלעס.
M-3-facs_15_tr_1752653010-012	P-3-facs_15_tr_1752653010	3	facs_15_tr_1752653010	פּאָדליאַס, חיים	גאָלדשטיין	זכר		ער האָט אָנגאַזשירט דעם סוביעקט אין לאָס אַנדזשעלעס.
M-3-facs_15_tr_1752653010-013	P-3-facs_15_tr_1752653010	3	facs_15_tr_1752653010	פּאָדליאַס, חיים	סעם אויערבאַך	זכר		ער האָט אָנגאַזשירט דעם סוביעקט אין לאָס אַנדזשעלעס.
M-3-facs_15_tr_1752653010-014	P-3-facs_15_tr_1752653010	3	facs_15_tr_1752653010	פּאָדליאַס, חיים	ליטמאַן	זכר	אָנפֿירער פֿון אַ יידישן טעאַטער אין דעטראָיט	דער סוביעקט איז געווען פֿאַרבונדן מיט זיין טעאַטער.
M-3-facs_15_r_6-000	P-3-facs_15_r_6	3	facs_15_r_6	פּאַוויק, פּ.	פּ.			ער איז דער סוביעקט פֿון דעם טעקסט און דער מחבר פֿונעם בוך.
M-3-facs_15_r_6-001	P-3-facs_15_r_6	3	facs_15_r_6	פּאַוויק, פּ.	טויזנטער רעוואָלוציאָנערן *		וואָס שמאַכטן אין די פּוילישע טפיסעס	דאָס ווערק פֿונעם סוביעקט איז זיי געווידמעט.
M-3-facs_15_tr_1752653013-000	P-3-facs_15_tr_1752653013	3	facs_15_tr_1752653013	פּאול, ה.	בערל בערנשטיין	זכר		פּ. האָט געזונגען מיט אים אין דער וואַרשעווער דייטשער סינאַגאָגע.
M-3-facs_15_tr_1752653013-001	P-3-facs_15_tr_1752653013	3	facs_15_tr_1752653013	פּאול, ה.	טאַנצמאַן	זכר		פּ. איז אַריינגעטראָטן אַלס כאָריסט אין טעאַטער עלדאָראַדאָ וואָס איז געווען אונטער זיין דירעקציע.
M-3-facs_15_tr_1752653013-002	P-3-facs_15_tr_1752653013	3	facs_15_tr_1752653013	פּאול, ה.	ספּיוואַקאָווסקי	זכר		פּ. איז אַריינגעטראָטן אַלס כאָריסט אין טעאַטער עלדאָראַדאָ וואָס איז געווען אונטער זיין דירעקציע.
M-3-facs_15_tr_1752653013-003	P-3-facs_15_tr_1752653013	3	facs_15_tr_1752653013	פּאול, ה.	אַברהם גאָלדפֿאַדען	זכר		ער איז געקומען קיין וואַרשע אויפֿפֿירן זיינע אָפּערעטעס מיט פּ.
M-3-facs_15_tr_1752653013-004	P-3-facs_15_tr_1752653013	3	facs_15_tr_1752653013	פּאול, ה.	אַברהם פישקינד	זכר		פּ. איז אַרויסגעטראָטן צוזאַמען מיט אים אויף חתונות און ברית׳ן.
M-3-facs_15_tr_1752653013-005	P-3-facs_15_tr_1752653013	3	facs_15_tr_1752653013	פּאול, ה.	א. י. קאַמינסקי	זכר		פּ. האָט געגרינדעט מיט אים אַ יידישע טרופּע.
M-3-facs_15_tr_1752653013-006	P-3-facs_15_tr_1752653013	3	facs_15_tr_1752653013	פּאול, ה.	הערמאַן בערמאַן	זכר		פּ. איז אַרויסגעטראָטן אין קוואַרטעטן צוזאַמען מיט אים.
M-3-facs_15_tr_1752653013-007	P-3-facs_15_tr_1752653013	3	facs_15_tr_1752653013	פּאול, ה.	גוטשע שוואַרצבאַרד	נקבה		פּ. איז אַרויסגעטראָטן אין קוואַרטעטן צוזאַמען מיט איר.
M-3-facs_15_tr_1752653013-008	P-3-facs_15_tr_1752653013	3	facs_15_tr_1752653013	פּאול, ה.	ענגעל	זכר		פּ. איז אַרויסגעטראָטן אין קוואַרטעטן צוזאַמען מיט אים.
M-3-facs_15_tr_1752653013-009	P-3-facs_15_tr_1752653013	3	facs_15_tr_1752653013	פּאול, ה.	טשיזשיק	זכר	שפּעטערדיקע אַקטיאָרן, סאָלדאַט	פּ. איז אַרויסגעטראָטן צוזאַמען מיט אים אין קוואַרטעטן און יידישע טעאַטערס.
M-3-facs_15_tr_1752653013-010	P-3-facs_15_tr_1752653013	3	facs_15_tr_1752653013	פּאול, ה.	טיטעלמאַן	זכר	שפּעטערדיקע אַקטיאָרן	פּ. איז אַרויסגעטראָטן אין קוואַרטעטן צוזאַמען מיט אים.
M-3-facs_15_tr_1752653013-011	P-3-facs_15_tr_1752653013	3	facs_15_tr_1752653013	פּאול, ה.	סענדיק	זכר	שפּעטערדיקע אַקטיאָרן	פּ. איז אַרויסגעטראָטן אין קוואַרטעטן צוזאַמען מיט אים.
M-3-facs_15_tr_1752653013-012	P-3-facs_15_tr_1752653013	3	facs_15_tr_1752653013	פּאול, ה.	קעמפּנער	זכר		פּ. האָט מיט אים געשפּילט יידיש טעאַטער אין לאָנדאָן און איבער דער ענגלישער פּראָווינץ.
M-3-facs_15_tr_1752653013-013	P-3-facs_15_tr_1752653013	3	facs_15_tr_1752653013	פּאול, ה.	דזשעני קייזער	נקבה		פּ. האָט מיט איר געשפּילט יידיש טעאַטער אין לאָנדאָן.
M-3-facs_15_tr_1752653013-014	P-3-facs_15_tr_1752653013	3	facs_15_tr_1752653013	פּאול, ה.	גאַזאָווסקי	זכר		פּ. האָט מיט אים געשפּילט יידיש טעאַטער אין לאָנדאָן.
M-3-facs_15_tr_1752653013-015	P-3-facs_15_tr_1752653013	3	facs_15_tr_1752653013	פּאול, ה.	גאָלדשמידט	זכר		פּ. האָט מיט אים געשפּילט יידיש טעאַטער איבער דער ענגלישער פּראָווינץ.
M-3-facs_15_tr_1752653013-016	P-3-facs_15_tr_1752653013	3	facs_15_tr_1752653013	פּאול, ה.	לאַנסקי	זכר		פּ. האָט מיט אים געשפּילט יידיש טעאַטער איבער דער ענגלישער פּראָווינץ.
M-3-facs_15_tr_1752653013-017	P-3-facs_15_tr_1752653013	3	facs_15_tr_1752653013	פּאול, ה.	בלייכמאַנען	זכר		פּ. האָט מיט אים געשפּילט יידיש טעאַטער אין בערלין און ברעסלוי.
M-3-facs_15_tr_1752653013-018	P-3-facs_15_tr_1752653013	3	facs_15_tr_1752653013	פּאול, ה.	חזנים *	זכר	חזנים	פּ. האָט געזונגען אַלס סאָפּראַן ביי פאַרשיידענע חזנים.
M-3-facs_16_r-000	P-3-facs_16_r	3	facs_16_r	פאול, יוסף	פאָטער *	male	געהאַנדלט מיט שיך; האָט נאָך פריער אויסגעוואַנדערט קיין אַמעריקע	דער פאָטער פונעם סוביעקט.
M-3-facs_16_r-001	P-3-facs_16_r	3	facs_16_r	פאול, יוסף	מוטער *	female	געהאַנדלט מיט שיך	די מוטער פונעם סוביעקט.
M-3-facs_16_r-002	P-3-facs_16_r	3	facs_16_r	פאול, יוסף	פעטער *	male	דער סוביעקט איז געווען ביי אים א שיק-יינגל	דער פעטער פונעם סוביעקט.
M-3-facs_16_r-003	P-3-facs_16_r	3	facs_16_r	פאול, יוסף	רעגינאַ פראַגער	female	געזונגען סאָלאָס מיט איר אין דער פּיעסע „חורבן קעשענעוו“ אין „טאַליאַ טעאַטער“	אַ קאָלעגע פונעם סוביעקט אין טעאַטער.
M-3-facs_16_r-004	P-3-facs_16_r	3	facs_16_r	פאול, יוסף	וויליאם שוואַרץ	male	אַרויסגעפאָרן מיט אַ טרופּע קיין באַלטימאָר און אַנדערע פּראָווינץ-שטעט	געווען אין איין טרופּע מיט אים.
M-3-facs_16_r-005	P-3-facs_16_r	3	facs_16_r	פאול, יוסף	משה דאָרף	male	אַרויסגעפאָרן מיט אַ טרופּע קיין באַלטימאָר און אַנדערע פּראָווינץ-שטעט	געווען אין איין טרופּע מיט אים.
M-3-facs_16_r-006	P-3-facs_16_r	3	facs_16_r	פאול, יוסף	בערנארד עלווינג	male	אַרויסגעפאָרן מיט אַ טרופּע קיין באַלטימאָר און אַנדערע פּראָווינץ-שטעט	געווען אין איין טרופּע מיט אים.
M-3-facs_16_r-007	P-3-facs_16_r	3	facs_16_r	פאול, יוסף	מאַקס העניג	male	אַרויסגעפאָרן מיט אַ טרופּע קיין באַלטימאָר און אַנדערע פּראָווינץ-שטעט	געווען אין איין טרופּע מיט אים.
M-3-facs_16_r-008	P-3-facs_16_r	3	facs_16_r	פאול, יוסף	שייקעוויטש	male	געשפּילט ביי אים אין פּיטסבורג	דער טעאַטער-דירעקטאָר ביי וועמען דער סוביעקט האָט געשפּילט.
M-3-facs_16_r-009	P-3-facs_16_r	3	facs_16_r	פאול, יוסף	רחל	female	וועלכע האָט נאָך געשפּילט ביי גימפּעל אין לעמבערג; אַרומגעפאָרן מיט קאָנצערטן צוזאַמען מיט איר מאַן	די פרוי פונעם סוביעקט.
M-3-facs_16_r-010	P-3-facs_16_r	3	facs_16_r	פאול, יוסף	גימפּעל	male	רחל האָט געשפּילט ביי אים אין לעמבערג	אַ טעאַטער-דירעקטאָר ביי וועמען די פרוי פונעם סוביעקט האָט געשפּילט.
M-3-facs_16_r-011	P-3-facs_16_r	3	facs_16_r	פאול, יוסף	טעכטערל *	female	זייער קליין טעכטערל; אַרומגעפאָרן מיט קאָנצערטן צוזאַמען מיט אירע עלטערן	די טאָכטער פונעם סוביעקט.
M-3-facs_16_tr_1752653044-000	P-3-facs_16_tr_1752653044	3	facs_16_tr_1752653044	פאָזי אַריה [ישראל אַריה פּאָזיקאָוו]	פֿאָטער *	זכר	אַ רב, וואָס האָט זיך אָפּגעזאָגט פון כסאַ הרבנות און זיך פֿאַרנומען מיטן מסחר פֿון וואלד און תבואַה	דער פֿאָטער פֿונעם סוביעקט.
M-3-facs_16_tr_1752653044-001	P-3-facs_16_tr_1752653044	3	facs_16_tr_1752653044	פאָזי אַריה [ישראל אַריה פּאָזיקאָוו]	יצחק רויטבלום	זכר	"א""ר פֿון יצחק רויטבלום"	ער האָט רעזשיסירט די פּיעסע „דער בינשטאָק“.
M-3-facs_16_tr_1752653044-002	P-3-facs_16_tr_1752653044	3	facs_16_tr_1752653044	פאָזי אַריה [ישראל אַריה פּאָזיקאָוו]	ליליען שאַפּיראָ	נקבה	טענץ פֿון ליליען שאַפּיראָ	זי האָט געשטעלט די טענץ פֿאַר דער פּיעסע „דער בינשטאָק“.
M-3-facs_16_tr_1752653044-003	P-3-facs_16_tr_1752653044	3	facs_16_tr_1752653044	פאָזי אַריה [ישראל אַריה פּאָזיקאָוו]	דר. י. נ. שטיינבערג	זכר	איבערגעזעצט אין רוסיש דורך דר. י. נ. שטיינבערג	ער האָט איבערגעזעצט די פּיעסע „דער בינשטאָק“ אין רוסיש.
M-3-facs_16_tr_1752653044-004	P-3-facs_16_tr_1752653044	3	facs_16_tr_1752653044	פאָזי אַריה [ישראל אַריה פּאָזיקאָוו]	מ. עלקין	זכר	"א""ר פֿון מ. עלקין"	ער האָט רעזשיסירט די פּיעסע „דער אויפֿשטאַנד פֿון די קינדער“.
M-3-facs_16_tr_1752653044-005	P-3-facs_16_tr_1752653044	3	facs_16_tr_1752653044	פאָזי אַריה [ישראל אַריה פּאָזיקאָוו]	יצחק טעפּער	זכר	"א""ר פֿון יצחק טעפּער"	ער האָט רעזשיסירט די קאָמעדיע „די רעדאַקציע“ אין מילוואָקי.
M-3-facs_16_tr_1752653044-006	P-3-facs_16_tr_1752653044	3	facs_16_tr_1752653044	פאָזי אַריה [ישראל אַריה פּאָזיקאָוו]	ל. מ. שטיין	זכר	פֿאַרלאג ל. מ. שטיין	ער איז געווען דער פֿאַרלעגער פֿון דער פּיעסע „דער בינשטאָק“.
M-3-facs_16_tr_1752653044-007	P-3-facs_16_tr_1752653044	3	facs_16_tr_1752653044	פאָזי אַריה [ישראל אַריה פּאָזיקאָוו]	ב. קלעצקין	זכר	פֿאַרלאג ב. קלעצקין	ער איז געווען דער פֿאַרלעגער פֿון דער פּיעסע „יואָש“.
M-3-facs_16_tr_1752653044-008	P-3-facs_16_tr_1752653044	3	facs_16_tr_1752653044	פאָזי אַריה [ישראל אַריה פּאָזיקאָוו]	מאַקס יאַנקאָוויץ	זכר	פֿאַרלאג פֿון מאַקס יאַנקאָוויץ	ער איז געווען דער פֿאַרלעגער פֿון דער פּיעסע „טרוקענע ביינער“.
M-3-facs_16_tr_1752653044-009	P-3-facs_16_tr_1752653044	3	facs_16_tr_1752653044	פאָזי אַריה [ישראל אַריה פּאָזיקאָוו]	צעשינסקי	זכר	פֿאַרלאַג צעשינסקי	ער איז געווען דער פֿאַרלעגער פֿון דער דראַמאַטישער פּאָעמע „יוסף“.
M-3-facs_17_tr_1752653007-000	P-3-facs_17_tr_1752653007	3	facs_17_tr_1752653007	פּאָזנאַנסקי, הערש	זיידן*		אַ מנקר	דער סוביעקט האָט געהאַט אַ חסידישע דערציאונג ביי זיין זיידן.
M-3-facs_17_tr_1752653007-001	P-3-facs_17_tr_1752653007	3	facs_17_tr_1752653007	פּאָזנאַנסקי, הערש	פרץ			דער סוביעקט האָט דעביוּטירט אין זיין פּיעסע „אַמאָל איז געווען אַ מלך“.
M-3-facs_17_tr_1752653007-002	P-3-facs_17_tr_1752653007	3	facs_17_tr_1752653007	פּאָזנאַנסקי, הערש	איציק קאָוונער		זון פֿון לייב און חנה קאדיסאָן	דער סוביעקט האָט צוזאַמען מיט אים געשאַפן אַ דראַמסעקציע ביי דער „קאָמ. צוקונפט“.
M-3-facs_17_tr_1752653007-003	P-3-facs_17_tr_1752653007	3	facs_17_tr_1752653007	פּאָזנאַנסקי, הערש	לייב			ער איז דער פֿאָטער פֿון איציק קאָוונער.
M-3-facs_17_tr_1752653007-004	P-3-facs_17_tr_1752653007	3	facs_17_tr_1752653007	פּאָזנאַנסקי, הערש	חנה קאדיסאָן			זי איז די מוטער פֿון איציק קאָוונער.
M-3-facs_17_tr_1752653007-005	P-3-facs_17_tr_1752653007	3	facs_17_tr_1752653007	פּאָזנאַנסקי, הערש	פּנחס דינער		אונטער דער לייטונג פֿון פּנחס דינער, געשאַפן דער ערשטער פּרואוו פֿון אַ יידישער אַרבעטער-בינע	אונטער זיין לייטונג איז געשאַפן דער ערשטער פּרואוו פֿון אַ יידישער אַרבעטער-בינע ווו דער סוביעקט האָט געשפּילט.
M-3-facs_17_tr_1752653007-006	P-3-facs_17_tr_1752653007	3	facs_17_tr_1752653007	פּאָזנאַנסקי, הערש	מרים קאַרפּילאָוו			דער סוביעקט האָט געשפּילט די ראָל פֿון „פֿאָטער“ אין איר פּיעסע „שטורם-טעג“.
M-3-facs_17_tr_1752653007-007	P-3-facs_17_tr_1752653007	3	facs_17_tr_1752653007	פּאָזנאַנסקי, הערש	דר. מ. ווייכערט			דער סוביעקט איז אַריינגעטראָטן אין דער דראַמשול אונטער זיין לייטונג.
M-3-facs_17_tr_1752653007-008	P-3-facs_17_tr_1752653007	3	facs_17_tr_1752653007	פּאָזנאַנסקי, הערש	דוד הערמאַן			דער סוביעקט איז אַריינגעטראָטן אין זיין דראַמשול און שפּעטער איבערגעגאַנגען אין זיין דראַמסטודיע.
M-3-facs_17_tr_1752653007-009	P-3-facs_17_tr_1752653007	3	facs_17_tr_1752653007	פּאָזנאַנסקי, הערש	אַברהם מאָרעווסקי		אָנפֿירונג אַברהם מאָרעווסקי	ער איז געווען דער אָנפֿירער פונעם קראָקעווער יידישן געזעלשאַפֿטלעכן טעאַטער ווו דער סוביעקט איז געווען אָנגאַזשירט.
M-3-facs_17_tr_1752653007-010	P-3-facs_17_tr_1752653007	3	facs_17_tr_1752653007	פּאָזנאַנסקי, הערש	יאָנאַס טורקאָוו		לייטונג יאָנאַס טורקאָוו	ער איז געווען דער לייטער פֿון „ווניט“ ווו דער סוביעקט האָט געשפּילט.
M-3-facs_17_tr_1752653009-000	P-3-facs_17_tr_1752653009	3	facs_17_tr_1752653009	פאָזנער (יחיאל-) מאיר	פֿאָטער*	זכר		ער איז געווען דער פֿאָטער פֿון מאיר פּאָזנער.
M-3-facs_17_tr_1752653009-001	P-3-facs_17_tr_1752653009	3	facs_17_tr_1752653009	פאָזנער (יחיאל-) מאיר	מוטער*	נקבה		זי איז געווען די מוטער פֿון מאיר פּאָזנער.
M-3-facs_17_tr_1752653009-002	P-3-facs_17_tr_1752653009	3	facs_17_tr_1752653009	פאָזנער (יחיאל-) מאיר	ר' אַליהו חיים מייזעל	זכר	דער אָרטיקער רב אין לאָדזש	מאיר פּאָזנער האָט ביי אים געלערנט אין לאָדזש.
M-3-facs_17_tr_1752653009-003	P-3-facs_17_tr_1752653009	3	facs_17_tr_1752653009	פאָזנער (יחיאל-) מאיר	פּריוואַט-לערער*	זכר		מאיר פּאָזנער האָט ביי אים געלערנט האַרמאָניע און קאָנטראַפּונקט.
M-3-facs_17_tr_1752653009-004	P-3-facs_17_tr_1752653009	3	facs_17_tr_1752653009	פאָזנער (יחיאל-) מאיר	מאָריס ראָזענפעלד	זכר	דיכטער	מאיר פּאָזנער האָט געשאַפֿן מוזיק צו זיינע „הערבסט-בלעטלעך“.
M-3-facs_17_tr_1752653009-005	P-3-facs_17_tr_1752653009	3	facs_17_tr_1752653009	פאָזנער (יחיאל-) מאיר	ה. עפּפעלבערג	זכר		מאיר פּאָזנער האָט איבערגעאַרבעט זיין ווערק „דוד אין דער ווייסטע“ און פֿאַרפֿאַסט מוזיק דערצו.
M-3-facs_17_tr_1752653009-006	P-3-facs_17_tr_1752653009	3	facs_17_tr_1752653009	פאָזנער (יחיאל-) מאיר	רייזען	זכר	לעקסיקאָגראַף	ער האָט פֿאַרצייכנט מאיר פּאָזנערן אין זיין לעקסיקאָן.
M-3-facs_17_tr_1752653009-007	P-3-facs_17_tr_1752653009	3	facs_17_tr_1752653009	פאָזנער (יחיאל-) מאיר	שליסקי	זכר	חזן	מאיר פּאָזנער איז געווען דער דיריגענט פֿון דער „סינאַגאָג קאָראַל עלייענס“ בעת ער איז דאָרט געווען חזן.
M-3-facs_17_tr_1752653009-008	P-3-facs_17_tr_1752653009	3	facs_17_tr_1752653009	פאָזנער (יחיאל-) מאיר	ראָזענבלאַט	זכר	חזן	מאיר פּאָזנער איז געווען דער דיריגענט פֿון דער „סינאַגאָג קאָראַל עלייענס“ בעת ער איז דאָרט געווען חזן.
M-3-facs_17_tr_1752653009-009	P-3-facs_17_tr_1752653009	3	facs_17_tr_1752653009	פאָזנער (יחיאל-) מאיר	בן-עמי	זכר		ער האָט רעזשיסירט יעוורעאינאָוו'ס פּיעסע צוזאַמען מיט דעם מחבר.
M-3-facs_17_tr_1752653009-010	P-3-facs_17_tr_1752653009	3	facs_17_tr_1752653009	פאָזנער (יחיאל-) מאיר	יעוורעאינאָוו	זכר		מאיר פּאָזנער האָט געשריבן די מוזיק צו זיין פּיעסע „די שיף מיט צדיקים“.
M-3-facs_17_tr_1752653009-011	P-3-facs_17_tr_1752653009	3	facs_17_tr_1752653009	פאָזנער (יחיאל-) מאיר	יוסף בולאָוו	זכר		ער האָט אויפֿגעפֿירט „דער רעגנבויגן“ מיט מוזיק פֿון מאיר פּאָזנערן.
M-3-facs_17_tr_1752653009-012	P-3-facs_17_tr_1752653009	3	facs_17_tr_1752653009	פאָזנער (יחיאל-) מאיר	אַברהם רייזען	זכר	דיכטער	מאיר פּאָזנער האָט קאָמפּאָנירט מוזיק צו זיינע לידער.
M-3-facs_17_tr_1752653009-013	P-3-facs_17_tr_1752653009	3	facs_17_tr_1752653009	פאָזנער (יחיאל-) מאיר	פרץ	זכר	דיכטער	מאיר פּאָזנער האָט קאָמפּאָנירט מוזיק צו זיינע לידער.
M-3-facs_17_tr_1752653009-014	P-3-facs_17_tr_1752653009	3	facs_17_tr_1752653009	פאָזנער (יחיאל-) מאיר	יהואָש	זכר	דיכטער	מאיר פּאָזנער האָט קאָמפּאָנירט מוזיק צו זיין ווערק „זינגעמאַרינג“.
M-3-facs_17_tr_1752653009-015	P-3-facs_17_tr_1752653009	3	facs_17_tr_1752653009	פאָזנער (יחיאל-) מאיר	שלום-עליכם	זכר		מאיר פּאָזנער האָט געשריבן מוזיק צו זיינע פּיעסעס „דאָס גרויסע געווינס“ און „רבנישע קינדער“.
M-3-facs_17_tr_1752653009-016	P-3-facs_17_tr_1752653009	3	facs_17_tr_1752653009	פאָזנער (יחיאל-) מאיר	י. אַדלער	זכר		מאיר פּאָזנער האָט געשריבן מוזיק צו זיין אָפּערעטע „רבנישע קינדער“.
M-3-facs_17_tr_1752653009-017	P-3-facs_17_tr_1752653009	3	facs_17_tr_1752653009	פאָזנער (יחיאל-) מאיר	א. ליעסין	זכר		מאיר פּאָזנער האָט געוואונען דעם קאָנקורס צום הימן פֿון „אַרבעטער-רינג“ מיט זיין טעקסט.
M-3-facs_18_tr_1752653039-000	P-3-facs_18_tr_1752653039	3	facs_18_tr_1752653039	פאַט, יעקב	מאַרק אַרנשטיין	זכר		מאַרק אַרנשטיין האָט אויפֿגעפֿירט די טעאַטער-שפּיל „ליידן און שאַפן“ וואָס פּ. האָט פֿאַרפֿאַסט.
M-3-facs_18_tr_1752653039-001	P-3-facs_18_tr_1752653039	3	facs_18_tr_1752653039	פאַט, יעקב	זיגמונט טורקאָוו	זכר		"פּ.'ס פּיעסע „אין גאָלדן לאַנד“ איז אויפֿגעפֿירט געוואָרן א""ר פֿון זיגמונט טורקאָוו."
M-3-facs_18_tr_1752653039-002	P-3-facs_18_tr_1752653039	3	facs_18_tr_1752653039	פאַט, יעקב	גוסטאוו מאָלער	זכר		די מוזיק פֿון פּ.'ס פּיעסע „אין גאָלדן לאַנד“ איז לויט גוסטאוו מאָלער.
M-3-facs_18_tr_1752653039-003	P-3-facs_18_tr_1752653039	3	facs_18_tr_1752653039	פאַט, יעקב	יוסף קאַמינסקי	זכר		יוסף קאַמינסקי האָט באַאַרבעט די מוזיק פֿאַר פּ.'ס פּיעסע.
M-3-facs_18_tr_1752653039-004	P-3-facs_18_tr_1752653039	3	facs_18_tr_1752653039	פאַט, יעקב	מאַנע קאַץ	זכר		מאַנע קאַץ האָט געמאַכט די דעקאָראַציעס פֿאַר פּ.'ס פּיעסע.
M-3-facs_18_tr_1752653039-005	P-3-facs_18_tr_1752653039	3	facs_18_tr_1752653039	פאַט, יעקב	ברוך לומעט	זכר		ברוך לומעט האָט דראַמאַטיזירט פ.'ס אַ דערציילונג א״ט „גרוי און גרין“.
M-3-facs_18_tr_1752653039-006	P-3-facs_18_tr_1752653039	3	facs_18_tr_1752653039	פאַט, יעקב	ד. פּאָרטנאָי	זכר		ד. פּאָרטנאָי האָט געשאַפן, באַאַרבעט און צוגעפּאַסט די מוזיק פֿאַר פּ.'ס קינדער-אָפּערע.
M-3-facs_18_tr_1752653039-007	P-3-facs_18_tr_1752653039	3	facs_18_tr_1752653039	פאַט, יעקב	נאָטע קאָזלאָווסקי	זכר		נאָטע קאָזלאָווסקי האָט אילוסטרירט די שפּיל „גרוי און גרין“.
M-3-facs_19_tr_1752653066-000	P-3-facs_19_tr_1752653066	3	facs_19_tr_1752653066	פּאָטאָצקאַ, לידיאַ	פֿאָטער*	זכר	אַ באַקאַנטער אַדוואָקאַט	ער איז געווען דער פֿאָטער פונעם סוביעקט.
M-3-facs_19_tr_1752653066-001	P-3-facs_19_tr_1752653066	3	facs_19_tr_1752653066	פּאָטאָצקאַ, לידיאַ	גריגאָרי גע	זכר	מחבר פון דער פיעסע „קאזן“	ער איז געווען דער מחבר פון דער פיעסע אין וועלכער זי האָט איר ערשטער אויפטריט געהאַט.
M-3-facs_19_tr_1752653066-002	P-3-facs_19_tr_1752653066	3	facs_19_tr_1752653066	פּאָטאָצקאַ, לידיאַ	ריינעקע	זכר	דירעקטאָר פונעם פעטערבורגער דראַמאטישן טעאַטער	ער איז געווען דער דירעקטאָר פונעם טעאַטער וואו זי איז אָנגאַזשירט געוואָרן אין 1912.
M-3-facs_19_tr_1752653066-003	P-3-facs_19_tr_1752653066	3	facs_19_tr_1752653066	פּאָטאָצקאַ, לידיאַ	ניעזלאָבינ	זכר	טעאַטער-דירעקטאָר	ער איז געווען דער דירעקטאָר פונעם טעאַטער וואו זי האָט געאַרבעט.
M-3-facs_19_tr_1752653066-004	P-3-facs_19_tr_1752653066	3	facs_19_tr_1752653066	פּאָטאָצקאַ, לידיאַ	בעלאַיעוו	זכר	טעאַטער-דירעקטאָר	זי האָט אַרומגעפאָרט מיט אים איבער דער רוסישער פּראָווינץ.
M-3-facs_19_tr_1752653066-005	P-3-facs_19_tr_1752653066	3	facs_19_tr_1752653066	פּאָטאָצקאַ, לידיאַ	מאַקס ריינהאָרדט	זכר	טעאַטער-דירעקטאָר אין בערלין	ער האָט זי אָנגאַזשירט צו שפּילן אין דייטש.
M-3-facs_19_tr_1752653066-006	P-3-facs_19_tr_1752653066	3	facs_19_tr_1752653066	פּאָטאָצקאַ, לידיאַ	אַלעקסאַנדער מאָיסי	זכר	אַקטיאָר	זי האָט געשפּילט צוזאַמען מיט אים אין טאָלסטאָי'ס „דער לעבעדיקער מת“.
M-3-facs_19_tr_1752653066-007	P-3-facs_19_tr_1752653066	3	facs_19_tr_1752653066	פּאָטאָצקאַ, לידיאַ	טאָלסטאָי	זכר	דראַמאַטורג	ער איז געווען דער מחבר פון דער פיעסע „דער לעבעדיקער מת“.
M-3-facs_19_tr_1752653066-008	P-3-facs_19_tr_1752653066	3	facs_19_tr_1752653066	פּאָטאָצקאַ, לידיאַ	עדווין שעלדאָן	זכר	דראַמאַטורג	ער איז געווען דער מחבר פון דער פיעסע „ראָמאַנס“.
M-3-facs_19_tr_1752653066-009	P-3-facs_19_tr_1752653066	3	facs_19_tr_1752653066	פּאָטאָצקאַ, לידיאַ	יעקב גאָרדינ	זכר	דראַמאַטורג	ער איז געווען דער מחבר פון דער פיעסע „מירעלע אַפרת“.
M-3-facs_19_tr_1752653066-010	P-3-facs_19_tr_1752653066	3	facs_19_tr_1752653066	פּאָטאָצקאַ, לידיאַ	סורגוטשאָוו	זכר	דראַמאַטורג	ער איז געווען דער מחבר פון דער פיעסע „האַרבסטפידלען“.
M-3-facs_19_tr_1752653066-011	P-3-facs_19_tr_1752653066	3	facs_19_tr_1752653066	פּאָטאָצקאַ, לידיאַ	ל. סניעגאָוו	זכר		ער האָט זי אָנגאַזשירט פאַרן ניו-יאָרקער „אוירווינג פלייס טעאַטער“.
M-3-facs_19_tr_1752653066-012	P-3-facs_19_tr_1752653066	3	facs_19_tr_1752653066	פּאָטאָצקאַ, לידיאַ	יעקב בן-עמי	זכר	דירעקטאָר פון „אוירווינג פלייס טעאַטער“	ער איז געווען איינער פון די דירעקטאָרן פונעם טעאַטער וואו זי האָט אויפגעטראָטן אין ניו-יאָרק.
M-3-facs_19_tr_1752653066-013	P-3-facs_19_tr_1752653066	3	facs_19_tr_1752653066	פּאָטאָצקאַ, לידיאַ	מאַקס ר. ווילנער	זכר	דירעקטאָר פון „אוירווינג פלייס טעאַטער“	ער איז געווען איינער פון די דירעקטאָרן פונעם טעאַטער וואו זי האָט אויפגעטראָטן אין ניו-יאָרק.
M-3-facs_19_tr_1752653066-014	P-3-facs_19_tr_1752653066	3	facs_19_tr_1752653066	פּאָטאָצקאַ, לידיאַ	יעוורעאינאָוו	זכר	דראַמאַטורג	ער איז געווען דער מחבר פון דער פיעסע „די שיף מיט צדיקים“.
M-3-facs_19_tr_1752653066-015	P-3-facs_19_tr_1752653066	3	facs_19_tr_1752653066	פּאָטאָצקאַ, לידיאַ	סווען לאַנגע	זכר	דראַמאַטורג	ער איז געווען דער מחבר פון דער פיעסע „שמשון און דלילה“.
M-3-facs_19_tr_1752653066-016	P-3-facs_19_tr_1752653066	3	facs_19_tr_1752653066	פּאָטאָצקאַ, לידיאַ	י. ד. בערקאָוויטש	זכר	דראַמאַטורג	ער איז געווען דער מחבר פון דער פיעסע „פון יענער וועלט“.
M-3-facs_19_tr_1752653066-017	P-3-facs_19_tr_1752653066	3	facs_19_tr_1752653066	פּאָטאָצקאַ, לידיאַ	ה. לייוויק	זכר	דראַמאַטורג	ער איז געווען דער מחבר פון דער פיעסע „שאפּ“.
M-3-facs_19_tr_1752653066-018	P-3-facs_19_tr_1752653066	3	facs_19_tr_1752653066	פּאָטאָצקאַ, לידיאַ	דיומא	זכר	דראַמאַטורג	ער איז געווען דער מחבר פון „די קאמעליען-דאַמע“.
M-3-facs_19_tr_1752653066-019	P-3-facs_19_tr_1752653066	3	facs_19_tr_1752653066	פּאָטאָצקאַ, לידיאַ	הענריק איבסענ	זכר	דראַמאַטורג	ער איז געווען דער מחבר פון דער פיעסע „די גייסטער“.
M-3-facs_19_tr_1752653066-020	P-3-facs_19_tr_1752653066	3	facs_19_tr_1752653066	פּאָטאָצקאַ, לידיאַ	אידא קאַמינסקאַ	נקבה	אַקטריסע	זי האָט געשפּילט צוזאַמען מיט איר אין דער פיעסע „מיר פרויען“.
M-3-facs_19_tr_1752653066-021	P-3-facs_19_tr_1752653066	3	facs_19_tr_1752653066	פּאָטאָצקאַ, לידיאַ	קלאַראַ סעגאלאָוויטש	נקבה	אַקטריסע	זי האָט געשפּילט צוזאַמען מיט איר אין דער פיעסע „מיר פרויען“.
M-3-facs_19_tr_1752653066-022	P-3-facs_19_tr_1752653066	3	facs_19_tr_1752653066	פּאָטאָצקאַ, לידיאַ	אַל. שטיין	זכר	אַקטיאָר	ער האָט אויפגעטראָטן צוזאַמען מיט איר אין וואַרשע.
M-3-facs_19_tr_1752653066-023	P-3-facs_19_tr_1752653066	3	facs_19_tr_1752653066	פּאָטאָצקאַ, לידיאַ	ווילי גאָדיק	זכר	אַקטיאָר	ער האָט אויפגעטראָטן צוזאַמען מיט איר אין וואַרשע.
M-3-facs_19_tr_1752653066-024	P-3-facs_19_tr_1752653066	3	facs_19_tr_1752653066	פּאָטאָצקאַ, לידיאַ	זאָלאָטאראָוו	זכר		ער איז געווען איר מאַן.
M-3-facs_20_tr_1752653050-000	P-3-facs_20_tr_1752653050	3	facs_20_tr_1752653050	פאָטאַש-פוקס, ריקודה	פֿאָטער*	זכר	"געשריבן פֿון צייט צו צייט קאָרעספּאָנדענציעס אין וואַרשעווער „אונדער לעבען"""	ער איז דער פֿאָטער פון דעם סוביעקט.
M-3-facs_20_tr_1752653050-001	P-3-facs_20_tr_1752653050	3	facs_20_tr_1752653050	פאָטאַש-פוקס, ריקודה	מ. נארקיס	זכר	עלטערער ברודער, אָנפֿירער פֿון נאַציאָנאַלן מוזיי אין ירושלים	ער איז איר עלטערער ברודער.
M-3-facs_20_tr_1752653050-002	P-3-facs_20_tr_1752653050	3	facs_20_tr_1752653050	פאָטאַש-פוקס, ריקודה	יעזשי זשולאַווסקי	זכר	"מחבר פון „יאָלא“ און ""פאַרן פּרייז פֿון טרערן"""	דער סוביעקט האָט איבערגעזעצט זײַנע ווערק.
M-3-facs_20_tr_1752653056-000	P-3-facs_20_tr_1752653056	3	facs_20_tr_1752653056	פּאַטאַשינסקי, משה	פֿאָטער *	זכר	פֿרומע סוחרים	דער פֿאָטער פֿונעם סוביעקט.
M-3-facs_20_tr_1752653056-001	P-3-facs_20_tr_1752653056	3	facs_20_tr_1752653056	פּאַטאַשינסקי, משה	מוטער *	נקבה	פֿרומע סוחרים	די מוטער פֿונעם סוביעקט.
M-3-facs_20_tr_1752653056-002	P-3-facs_20_tr_1752653056	3	facs_20_tr_1752653056	פּאַטאַשינסקי, משה	חברים *			חברים פֿונעם סוביעקט מיט וועמען ער האָט געגרינדעט אַ ליבהאָבער-קרייז.
M-3-facs_20_tr_1752653056-003	P-3-facs_20_tr_1752653056	3	facs_20_tr_1752653056	פּאַטאַשינסקי, משה	דר. ווייכערט	זכר	אָנפֿירונג פֿון דער ערשטער יידישער דראַמאַטישער שול	ער איז געווען איינער פֿון די אָנפֿירער פֿון דער דראַמאַטישער שול וואו דער סוביעקט האָט געלערנט.
M-3-facs_20_tr_1752653056-004	P-3-facs_20_tr_1752653056	3	facs_20_tr_1752653056	פּאַטאַשינסקי, משה	דוד הערמאַן	זכר	אָנפֿירונג פֿון דער ערשטער יידישער דראַמאַטישער שול	ער איז געווען איינער פֿון די אָנפֿירער פֿון דער דראַמאַטישער שול וואו דער סוביעקט האָט געלערנט.
M-3-facs_20_tr_1752653056-005	P-3-facs_20_tr_1752653056	3	facs_20_tr_1752653056	פּאַטאַשינסקי, משה	פרץ	זכר	שרייבער	דער סוביעקט האָט געשפּילט אין זיין פּיעסע צו זיין צענטן יאָרצייט.
M-3-facs_20_tr_1752653056-006	P-3-facs_20_tr_1752653056	3	facs_20_tr_1752653056	פּאַטאַשינסקי, משה	מ. מאַזאָה	זכר	"אָנפֿירונג פֿון דער רעאָרגאַניזירטער „ווילנער טרופּע"""	"ער איז געווען דער אָנפֿירער פֿון דער „ווילנער טרופּע"" וואו דער סוביעקט האָט געשפּילט."
M-3-facs_20_tr_1752653056-007	P-3-facs_20_tr_1752653056	3	facs_20_tr_1752653056	פּאַטאַשינסקי, משה	אברהם מאָרעווסקי	זכר	רעזשיסער	ער איז געווען דער רעזשיסער אין דעם טעאַטער וואו דער סוביעקט האָט געשפּילט.
M-3-facs_20_tr_1752653056-008	P-3-facs_20_tr_1752653056	3	facs_20_tr_1752653056	פּאַטאַשינסקי, משה	א. שטיין	זכר	רעזשיסער	"ער איז געווען דער רעזשיסער אין דער „ווילנער טרופּע"" וואו דער סוביעקט האָט געשפּילט."
M-3-facs_20_tr_1752653056-009	P-3-facs_20_tr_1752653056	3	facs_20_tr_1752653056	פּאַטאַשינסקי, משה	משה בראָדערזאָן	זכר	לייטונג פֿון רעווי-טעאַטער „אַראַראט“	ער איז געווען דער לייטער פֿון דעם טעאַטער וואו דער סוביעקט האָט געשפּילט.
M-3-facs_20_tr_1752653056-010	P-3-facs_20_tr_1752653056	3	facs_20_tr_1752653056	פּאַטאַשינסקי, משה	שוישפּילער *			"זיי האָבן געהאָלפֿן דעם סוביעקט צו אָרגאַניזירן דאָס טעאַטער „כאליאַסטרע""."
M-3-facs_20_tr_1752653056-011	P-3-facs_20_tr_1752653056	3	facs_20_tr_1752653056	פּאַטאַשינסקי, משה	לידיאַ פּאַטאָצקאַ	נקבה	דירעקטאריאט ביים יידישן אַרטיסטן-פֿאַראיין	זי האָט אָנגעפירט מיט אַ דראַמאַטישער טרופּע וואו דער סוביעקט האָט געשפּילט.
M-3-facs_20_tr_1752653056-012	P-3-facs_20_tr_1752653056	3	facs_20_tr_1752653056	פּאַטאַשינסקי, משה	רודאָלף זאַסלאַווסקי	זכר	דירעקטאריאט ביים יידישן אַרטיסטן-פֿאַראיין	ער האָט אָנגעפירט מיט אַ דראַמאַטישער טרופּע וואו דער סוביעקט האָט געשפּילט.
M-3-facs_20_tr_1752653056-013	P-3-facs_20_tr_1752653056	3	facs_20_tr_1752653056	פּאַטאַשינסקי, משה	פרוי *	נקבה	די טאָכטער פֿון אַקטיאָר יעקב ווייסליץ	זי איז די פרוי פֿונעם סוביעקט.
M-3-facs_20_tr_1752653056-014	P-3-facs_20_tr_1752653056	3	facs_20_tr_1752653056	פּאַטאַשינסקי, משה	יעקב ווייסליץ	זכר	אַקטיאָר	ער איז דער שווער פֿונעם סוביעקט (דער פאָטער פון זיין פרוי).
M-3-facs_20_tr_1752653048-000	P-3-facs_20_tr_1752653048	3	facs_20_tr_1752653048	פּאָטאַשניק, מיכאַאיל	פֿאָטער*	זכר	אַן אָנגעשטעלטער ביי עקספֿאָרט פֿון וואַלד-מאַטעריאלן	דער פֿאָטער פֿון דעם סוביעקט.
M-3-facs_20_tr_1752653048-001	P-3-facs_20_tr_1752653048	3	facs_20_tr_1752653048	פּאָטאַשניק, מיכאַאיל	מאָליער	זכר		דער מחבר פֿון דער פּיעסע „סקאפּיען“.
M-3-facs_20_tr_1752653048-002	P-3-facs_20_tr_1752653048	3	facs_20_tr_1752653048	פּאָטאַשניק, מיכאַאיל	לאָפּע דע וועגאַ	זכר		דער מחבר פֿון דער פּיעסע „שעפּסן-קוואל“.
M-3-facs_20_tr_1752653048-003	P-3-facs_20_tr_1752653048	3	facs_20_tr_1752653048	פּאָטאַשניק, מיכאַאיל	קושניראָוו	זכר		דער מחבר פֿון דער פּיעסע „הירש לעקערט“.
M-3-facs_20_tr_1752653058-000	P-3-facs_20_tr_1752653058	3	facs_20_tr_1752653058	פּאַטראָן, (עליאַס) אליהו	חסידישע עלטערן *		חסידישע עלטערן	די עלטערן פֿון דעם סוביעקט.
M-3-facs_20_tr_1752653058-001	P-3-facs_20_tr_1752653058	3	facs_20_tr_1752653058	פּאַטראָן, (עליאַס) אליהו	מוטער *	נקיבה		די מוטער פֿון דעם סוביעקט.
M-3-facs_20_tr_1752653058-002	P-3-facs_20_tr_1752653058	3	facs_20_tr_1752653058	פּאַטראָן, (עליאַס) אליהו	מאָדזשיצער רבי	זכר		די מוטערס צד איז אָנגעהעריק מיט אים.
M-3-facs_20_tr_1752653058-003	P-3-facs_20_tr_1752653058	3	facs_20_tr_1752653058	פּאַטראָן, (עליאַס) אליהו	גאָלינקין	זכר	דירעקטאָר פֿון אַן אָפערע	דער סוביעקט האָט געזונגען אין זיין כאָר אין זיין אָפערע.
M-3-facs_20_tr_1752653058-004	P-3-facs_20_tr_1752653058	3	facs_20_tr_1752653058	פּאַטראָן, (עליאַס) אליהו	בן-עמי	זכר	אַמעריקאַנער גאַסטראָלירנדיקע אַקטיאָרן	ער האָט מיטגעשפּילט מיט דעם סוביעקט.
M-3-facs_20_tr_1752653058-005	P-3-facs_20_tr_1752653058	3	facs_20_tr_1752653058	פּאַטראָן, (עליאַס) אליהו	גאָלדענבורג	זכר	אַמעריקאַנער גאַסטראָלירנדיקע אַקטיאָרן	ער האָט מיטגעשפּילט מיט דעם סוביעקט.
M-3-facs_20_tr_1752653058-006	P-3-facs_20_tr_1752653058	3	facs_20_tr_1752653058	פּאַטראָן, (עליאַס) אליהו	יאָזעף שיינגאָלד	זכר	אַמעריקאַנער גאַסטראָלירנדיקע אַקטיאָרן	ער האָט מיטגעשפּילט מיט דעם סוביעקט.
M-3-facs_20_tr_1752653058-007	P-3-facs_20_tr_1752653058	3	facs_20_tr_1752653058	פּאַטראָן, (עליאַס) אליהו	דזשעני גאָלדשטיין	נקיבה	אַמעריקאַנער גאַסטראָלירנדיקע אַקטיאָרן	זי האָט מיטגעשפּילט מיט דעם סוביעקט.
M-3-facs_20_tr_1752653058-008	P-3-facs_20_tr_1752653058	3	facs_20_tr_1752653058	פּאַטראָן, (עליאַס) אליהו	סיידי שיינגאָלד	נקיבה	אַמעריקאַנער גאַסטראָלירנדיקע אַקטיאָרן	זי האָט מיטגעשפּילט מיט דעם סוביעקט.
M-3-facs_20_tr_1752653058-009	P-3-facs_20_tr_1752653058	3	facs_20_tr_1752653058	פּאַטראָן, (עליאַס) אליהו	סעם אויערבאַך	זכר	אַמעריקאַנער גאַסטראָלירנדיקע אַקטיאָרן	ער האָט מיטגעשפּילט מיט דעם סוביעקט.
M-3-facs_20_tr_1752653058-010	P-3-facs_20_tr_1752653058	3	facs_20_tr_1752653058	פּאַטראָן, (עליאַס) אליהו	א. סאַמבערג	זכר	פֿון פּוילן	ער האָט מיטגעשפּילט מיט דעם סוביעקט.
M-3-facs_20_tr_1752653058-011	P-3-facs_20_tr_1752653058	3	facs_20_tr_1752653058	פּאַטראָן, (עליאַס) אליהו	רודאָלף זאַסלאַווסקי	זכר		דער סוביעקט האָט זיך באַטייליקט אין זיין אויפֿפֿירונג פֿון „די קליאַטשע“.
M-3-facs_20_tr_1752653058-012	P-3-facs_20_tr_1752653058	3	facs_20_tr_1752653058	פּאַטראָן, (עליאַס) אליהו	מענדעלע מוכר-ספרים	זכר	מחבר	די אויפֿפֿירונג אין וועלכער דער סוביעקט האָט זיך באַטייליקט איז געווען לויט זיין ווערק.
M-3-facs_20_tr_1752653058-013	P-3-facs_20_tr_1752653058	3	facs_20_tr_1752653058	פּאַטראָן, (עליאַס) אליהו	מאָריס שוואַרץ	זכר	גאַסטראָלירנדיקן	דער סוביעקט האָט געשפּילט מיט אים.
M-3-facs_20_tr_1752653058-014	P-3-facs_20_tr_1752653058	3	facs_20_tr_1752653058	פּאַטראָן, (עליאַס) אליהו	פּאָלאַ פּאַטראָני	נקיבה	אַקטריסע	זי איז אַ קוזין פֿון דעם סוביעקט.
M-3-facs_20_tr_1752653058-015	P-3-facs_20_tr_1752653058	3	facs_20_tr_1752653058	פּאַטראָן, (עליאַס) אליהו	לאָלאַ פּאַטראָני	נקיבה	אַקטריסע	זי איז אַ קוזין פֿון דעם סוביעקט.
M-3-facs_21_tr_1752653037-000	P-3-facs_21_tr_1752653037	3	facs_21_tr_1752653037	פאַטראָני, פּאָלאַ [פאַולינאַ פּאַטראָן]	פֿאָטער *	זכר	אַ בוכהאַלטער	דער פֿאָטער פֿון פּ.
M-3-facs_21_tr_1752653037-001	P-3-facs_21_tr_1752653037	3	facs_21_tr_1752653037	פאַטראָני, פּאָלאַ [פאַולינאַ פּאַטראָן]	פֿאָדיעסטי	זכר	דיריגענט אין דער אָפּערע	ביי אים האָט פּ. שטודירט מוזיק.
M-3-facs_21_tr_1752653037-002	P-3-facs_21_tr_1752653037	3	facs_21_tr_1752653037	פאַטראָני, פּאָלאַ [פאַולינאַ פּאַטראָן]	פּראָפעסאָר מעשוגע	זכר	פּראָפעסאָר פֿון געזאַנג	ביי אים האָט פּ. שטודירט געזאַנג.
M-3-facs_21_tr_1752653037-003	P-3-facs_21_tr_1752653037	3	facs_21_tr_1752653037	פאַטראָני, פּאָלאַ [פאַולינאַ פּאַטראָן]	מאַרק אַרנשטיין	זכר		דורך באַקאַנטשאַפט מיט אים האָט זיך פּ. דערנענטערט צום יידישן טעאַטער.
M-3-facs_21_tr_1752653037-004	P-3-facs_21_tr_1752653037	3	facs_21_tr_1752653037	פאַטראָני, פּאָלאַ [פאַולינאַ פּאַטראָן]	ווייספעלד'ן	זכר		ביי אים איז פּ. אָנגאַזשירט געוואָרן.
M-3-facs_21_tr_1752653037-005	P-3-facs_21_tr_1752653037	3	facs_21_tr_1752653037	פאַטראָני, פּאָלאַ [פאַולינאַ פּאַטראָן]	זשיטאָמירסקי	זכר		אין זיין טרופּע איז פּ. איבערגעגאַנגען.
M-3-facs_21_tr_1752653037-006	P-3-facs_21_tr_1752653037	3	facs_21_tr_1752653037	פאַטראָני, פּאָלאַ [פאַולינאַ פּאַטראָן]	בראַנדעסקאָ	זכר	אַקטיאָר	פּ. האָט געשפּילט מיט אים אין קאָאָפּעראַטיווע טרופּעס.
M-3-facs_21_tr_1752653037-007	P-3-facs_21_tr_1752653037	3	facs_21_tr_1752653037	פאַטראָני, פּאָלאַ [פאַולינאַ פּאַטראָן]	קופּרינאָוו (קופּערמאַן)	זכר	אַקטיאָר	פּ. האָט געשפּילט מיט אים אין קאָאָפּעראַטיווע טרופּעס.
M-3-facs_21_tr_1752653037-008	P-3-facs_21_tr_1752653037	3	facs_21_tr_1752653037	פאַטראָני, פּאָלאַ [פאַולינאַ פּאַטראָן]	עבענהאָלץ	זכר	אַקטיאָר	פּ. האָט געשפּילט מיט אים אין קאָאָפּעראַטיווע טרופּעס.
M-3-facs_21_tr_1752653037-009	P-3-facs_21_tr_1752653037	3	facs_21_tr_1752653037	פאַטראָני, פּאָלאַ [פאַולינאַ פּאַטראָן]	גאָטליב	זכר	אַקטיאָר	פּ. האָט געשפּילט מיט אים אין קאָאָפּעראַטיווע טרופּעס.
M-3-facs_21_tr_1752653037-010	P-3-facs_21_tr_1752653037	3	facs_21_tr_1752653037	פאַטראָני, פּאָלאַ [פאַולינאַ פּאַטראָן]	סאַמבערג	זכר	אַקטיאָר	פּ. האָט געשפּילט מיט אים אין קאָאָפּעראַטיווע טרופּעס.
M-3-facs_21_tr_1752653037-011	P-3-facs_21_tr_1752653037	3	facs_21_tr_1752653037	פאַטראָני, פּאָלאַ [פאַולינאַ פּאַטראָן]	בערנשטיין	זכר	אַקטיאָר	פּ. האָט געשפּילט מיט אים אין קאָאָפּעראַטיווע טרופּעס.
M-3-facs_21_tr_1752653037-012	P-3-facs_21_tr_1752653037	3	facs_21_tr_1752653037	פאַטראָני, פּאָלאַ [פאַולינאַ פּאַטראָן]	גענפער	זכר		פּ. האָט געשפּילט אין זיין טרופּע.
M-3-facs_21_tr_1752653037-013	P-3-facs_21_tr_1752653037	3	facs_21_tr_1752653037	פאַטראָני, פּאָלאַ [פאַולינאַ פּאַטראָן]	סאַמועל קופּערמאַן (קופּרינאָוו)	זכר		דער מאַן פֿון פּ.
M-3-facs_21_tr_1752653037-014	P-3-facs_21_tr_1752653037	3	facs_21_tr_1752653037	פאַטראָני, פּאָלאַ [פאַולינאַ פּאַטראָן]	ראָשוי	זכר		פּ. האָט געשפּילט אונטער זיין דירעקציע.
M-3-facs_21_tr_1752653037-015	P-3-facs_21_tr_1752653037	3	facs_21_tr_1752653037	פאַטראָני, פּאָלאַ [פאַולינאַ פּאַטראָן]	קלאַראַ יאָנג	נקבה	שוישפּילערין	פּ. האָט זיך באַטייליקט אין די פֿאָרשטעלונגען פֿון דער דאָזיקער גאַסטראָלירנדיקער שוישפּילערין.
M-3-facs_21_tr_1752653037-016	P-3-facs_21_tr_1752653037	3	facs_21_tr_1752653037	פאַטראָני, פּאָלאַ [פאַולינאַ פּאַטראָן]	לאָלא	נקבה	אַ יידישע שוישפּילערין אין פּוילן	פּ. ס שוועסטער.
M-3-facs_21_tr_1752653037-017	P-3-facs_21_tr_1752653037	3	facs_21_tr_1752653037	פאַטראָני, פּאָלאַ [פאַולינאַ פּאַטראָן]	אַדאַ דאָמבראָווסקאַ-פּאַטראָני	נקבה	אַ דייטשע שריפטשטעלערין	פּ. ס שוועסטער.
M-3-facs_21_tr_1752653037-018	P-3-facs_21_tr_1752653037	3	facs_21_tr_1752653037	פאַטראָני, פּאָלאַ [פאַולינאַ פּאַטראָן]	עליאַס פּאַטראָן	זכר	אַ יידישער אַקטיאָר אין אַרגענטינע	פּ. ס קוזין.
M-3-facs_21_tr_1752653037-019	P-3-facs_21_tr_1752653037	3	facs_21_tr_1752653037	פאַטראָני, פּאָלאַ [פאַולינאַ פּאַטראָן]	אב. קאַהאן	זכר		אַ שרייבער וואָס ווערט ציטירט אין טעקסט.
M-3-facs_21_tr_1752653037-020	P-3-facs_21_tr_1752653037	3	facs_21_tr_1752653037	פאַטראָני, פּאָלאַ [פאַולינאַ פּאַטראָן]	יצחק ליברעסקאָ	זכר	דער איניציאַטאָר פֿון גאָלדפֿאַדען-טעאַטער	אַ פּערזענלעכקייט וועמענס זכרונות ווערן דערמאָנט אין טעקסט.
M-3-facs_21_tr_1752653037-021	P-3-facs_21_tr_1752653037	3	facs_21_tr_1752653037	פאַטראָני, פּאָלאַ [פאַולינאַ פּאַטראָן]	גאָלדפֿאַדען	זכר		דער גרינדער פֿון יידישן טעאַטער וואָס ווערט דערמאָנט אין טעקסט.
M-3-facs_21_tr_1752653037-022	P-3-facs_21_tr_1752653037	3	facs_21_tr_1752653037	פאַטראָני, פּאָלאַ [פאַולינאַ פּאַטראָן]	דר. מוקדוני	זכר		אַ קריטיקער וואָס ווערט ציטירט אין טעקסט.
M-3-facs_21_tr_1752653037-023	P-3-facs_21_tr_1752653037	3	facs_21_tr_1752653037	פאַטראָני, פּאָלאַ [פאַולינאַ פּאַטראָן]	ל. דרייקורס	זכר		אַ שרייבער וואָס ווערט ציטירט אין טעקסט.
M-3-facs_21_tr_1752653037-024	P-3-facs_21_tr_1752653037	3	facs_21_tr_1752653037	פאַטראָני, פּאָלאַ [פאַולינאַ פּאַטראָן]	עמיליע אַדלער	נקבה	שוישפּילערין	אַ שוישפּילערין וואָס ווערט ציטירט אין טעקסט.
M-3-facs_21_tr_1752653037-025	P-3-facs_21_tr_1752653037	3	facs_21_tr_1752653037	פאַטראָני, פּאָלאַ [פאַולינאַ פּאַטראָן]	וויעראַ זאַסלאַווסקאַ-פֿישזאָן	נקבה	שוישפּילערין	אַ שוישפּילערין וואָס ווערט ציטירט אין טעקסט.
M-3-facs_21_tr_1752653037-026	P-3-facs_21_tr_1752653037	3	facs_21_tr_1752653037	פאַטראָני, פּאָלאַ [פאַולינאַ פּאַטראָן]	יעקב מעסטל	זכר		אַ טעאַטער-קענער וואָס ווערט ציטירט אין טעקסט.
M-3-facs_21_tr_1752653037-027	P-3-facs_21_tr_1752653037	3	facs_21_tr_1752653037	פאַטראָני, פּאָלאַ [פאַולינאַ פּאַטראָן]	מאָריס שוואַרץ	זכר	דירעקטאָר פֿון יידישן קונסט-טעאַטער	אַ טעאַטער-פּערזענלעכקייט וואָס ווערט דערמאָנט אין טעקסט.
M-3-facs_21_tr_1752653037-028	P-3-facs_21_tr_1752653037	3	facs_21_tr_1752653037	פאַטראָני, פּאָלאַ [פאַולינאַ פּאַטראָן]	באָריס טאָמאַשעווסקי	זכר		אַ באַרימטער אַקטיאָר וואָס ווערט דערמאָנט אין טעקסט.
M-3-facs_21_tr_1752653037-029	P-3-facs_21_tr_1752653037	3	facs_21_tr_1752653037	פאַטראָני, פּאָלאַ [פאַולינאַ פּאַטראָן]	יעקב גאָרדין	זכר		דער דראַמאַטורג וואָס ווערט דערמאָנט אין טעקסט.
M-3-facs_21_tr_1752653037-030	P-3-facs_21_tr_1752653037	3	facs_21_tr_1752653037	פאַטראָני, פּאָלאַ [פאַולינאַ פּאַטראָן]	בעסי טאָמאַשעווסקי	נקבה		אַ שוישפּילערין וואָס ווערט ציטירט אין טעקסט.
M-3-facs_21_tr_1752653037-031	P-3-facs_21_tr_1752653037	3	facs_21_tr_1752653037	פאַטראָני, פּאָלאַ [פאַולינאַ פּאַטראָן]	מר. ג.	זכר	אַ נאאיווער יונגערמאַן	ער איז געניצט געוואָרן ווי אַ קאַסירער.
M-3-facs_21_tr_1752653037-032	P-3-facs_21_tr_1752653037	3	facs_21_tr_1752653037	פאַטראָני, פּאָלאַ [פאַולינאַ פּאַטראָן]	לעאָן קאָברין	זכר	דראַמאַטורג	אַ דראַמאַטורג וואָס ווערט ציטירט אין טעקסט.
M-3-facs_21_tr_1752653037-033	P-3-facs_21_tr_1752653037	3	facs_21_tr_1752653037	פאַטראָני, פּאָלאַ [פאַולינאַ פּאַטראָן]	זלמן זילבערצווייג	זכר		דער פֿאַרפֿאַסער פֿון דעם טעקסט וואָס ווערט דערמאָנט.
M-3-facs_21_tr_1752653037-034	P-3-facs_21_tr_1752653037	3	facs_21_tr_1752653037	פאַטראָני, פּאָלאַ [פאַולינאַ פּאַטראָן]	קעסלער	זכר	אַקטיאָר	דער באַרימטער אַקטיאָר וואָס ווערט דערמאָנט אין טעקסט.
M-3-facs_21_tr_1752653037-035	P-3-facs_21_tr_1752653037	3	facs_21_tr_1752653037	פאַטראָני, פּאָלאַ [פאַולינאַ פּאַטראָן]	אַדלער	זכר	אַקטיאָר	דער באַרימטער אַקטיאָר וואָס ווערט דערמאָנט אין טעקסט.
M-3-facs_28_r_1-000	P-3-facs_28_r_1	3	facs_28_r_1	פאיאץ, דער	יאבלאקאָוו, הערמאַן		הוספות	ער איז דער סוביעקט פֿון דעם קרייץ-רעפֿערענץ
M-3-facs_28_r-000	P-3-facs_28_r	3	facs_28_r	פּאַך, אַברהם יצחק	גאָרדין	זכר		דער סוביעקט האָט אויפֿגעפֿירט זײַנע פּיעסעס.
M-3-facs_28_r-001	P-3-facs_28_r	3	facs_28_r	פּאַך, אַברהם יצחק	שלום-עליכם	זכר		דער סוביעקט האָט אויפֿגעפֿירט זײַנע איינאַקטערס.
M-3-facs_28_r-002	P-3-facs_28_r	3	facs_28_r	פּאַך, אַברהם יצחק	מאַרק אַרנשטיין	זכר		דער סוביעקט האָט אויפֿגעפֿירט זײַנע איינאַקטערס.
M-3-facs_28_r-003	P-3-facs_28_r	3	facs_28_r	פּאַך, אַברהם יצחק	א. י. קאַמינסקי	זכר		דער סוביעקט איז געווען א סופֿלער אין זײַן טרופּע.
M-3-facs_28_r-004	P-3-facs_28_r	3	facs_28_r	פּאַך, אַברהם יצחק	יוליוס אַדלער	זכר		דער סוביעקט איז געווען א סופֿלער אין זײַן טרופּע.
M-3-facs_28_r-005	P-3-facs_28_r	3	facs_28_r	פּאַך, אַברהם יצחק	י. ווייסהאָף	זכר		דער סוביעקט איז געווען א סופֿלער אין זײַן טרופּע.
M-3-facs_28_r-006	P-3-facs_28_r	3	facs_28_r	פּאַך, אַברהם יצחק	פּראָגמאַן	זכר	אַקטיאָרן-אָנפֿאַנגער	ער איז געווען אַן אַקטיאָר אין דער טרופּע וואָס דער סוביעקט האָט צוזאַמענגעשטעלט.
M-3-facs_28_r-007	P-3-facs_28_r	3	facs_28_r	פּאַך, אַברהם יצחק	מיעדזינסקי	זכר	אַקטיאָרן-אָנפֿאַנגער	ער איז געווען אַן אַקטיאָר אין דער טרופּע וואָס דער סוביעקט האָט צוזאַמענגעשטעלט.
M-3-facs_28_r-008	P-3-facs_28_r	3	facs_28_r	פּאַך, אַברהם יצחק	מאַדאַם גאָלדבוים	נקבה	אַקטיאָרן-אָנפֿאַנגער	זי איז געווען אַן אַקטיאָר אין דער טרופּע וואָס דער סוביעקט האָט צוזאַמענגעשטעלט.
M-3-facs_28_r-009	P-3-facs_28_r	3	facs_28_r	פּאַך, אַברהם יצחק	טויבע פאָך	נקבה	אַקטיאָרן-אָנפֿאַנגער	זי איז געווען אַן אַקטיאָר אין דער טרופּע וואָס דער סוביעקט האָט צוזאַמענגעשטעלט.
M-3-facs_28_r-010	P-3-facs_28_r	3	facs_28_r	פּאַך, אַברהם יצחק	בוכבינדער	זכר	אַקטיאָרן-אָנפֿאַנגער	ער איז געווען אַן אַקטיאָר אין דער טרופּע וואָס דער סוביעקט האָט צוזאַמענגעשטעלט.
M-3-facs_28_r-011	P-3-facs_28_r	3	facs_28_r	פּאַך, אַברהם יצחק	פֿעדערמאַן	זכר	אַקטיאָרן-אָנפֿאַנגער	ער איז געווען אַן אַקטיאָר אין דער טרופּע וואָס דער סוביעקט האָט צוזאַמענגעשטעלט.
M-3-facs_28_r-012	P-3-facs_28_r	3	facs_28_r	פּאַך, אַברהם יצחק	מאַדאַם ריזענאָוויטש	נקבה	אַקטיאָרן-אָנפֿאַנגער	זי איז געווען אַן אַקטיאָר אין דער טרופּע וואָס דער סוביעקט האָט צוזאַמענגעשטעלט.
M-3-facs_28_r-013	P-3-facs_28_r	3	facs_28_r	פּאַך, אַברהם יצחק	ה. ב. עפּשטיין	זכר		דער סוביעקט איז געווען א סופֿלער אין זײַן טרופּע.
M-3-facs_28_r-014	P-3-facs_28_r	3	facs_28_r	פּאַך, אַברהם יצחק	אַקסעלראָד	זכר		דער סוביעקט איז געווען א סופֿלער אין זײַן טרופּע.
M-3-facs_28_tr_1752653002-000	P-3-facs_28_tr_1752653002	3	facs_28_tr_1752653002	פאַך, טויבע [פישעל]	פאַמיליע *		סוחרים	דער סוביעקט שטאמט פון א פאמיליע פון סוחרים.
M-3-facs_28_tr_1752653002-001	P-3-facs_28_tr_1752653002	3	facs_28_tr_1752653002	פאַך, טויבע [פישעל]	אַברהם יצחק פאָך	זכר		ער איז איר מאַן מיט וועמען זי האט עמיגרירט.
M-3-facs_28_tr_1752653002-002	P-3-facs_28_tr_1752653002	3	facs_28_tr_1752653002	פאַך, טויבע [פישעל]	יאָזעף קעסלער	זכר	אַקטיאָר	ער איז אן אקטיאָר מיט וועמען זי האט געשפּילט.
M-3-facs_28_tr_1752653002-003	P-3-facs_28_tr_1752653002	3	facs_28_tr_1752653002	פאַך, טויבע [פישעל]	קרויזע	זכר	אַקטיאָר	ער איז אן אקטיאָר מיט וועמען זי האט געשפּילט.
M-3-facs_28_tr_1752653002-004	P-3-facs_28_tr_1752653002	3	facs_28_tr_1752653002	פאַך, טויבע [פישעל]	לאַנצמאַן	זכר	אַקטיאָר	ער איז אן אקטיאָר מיט וועמען זי האט געשפּילט.
M-3-facs_28_tr_1752653002-005	P-3-facs_28_tr_1752653002	3	facs_28_tr_1752653002	פאַך, טויבע [פישעל]	ה. ב. עפּשטיין	זכר		זי האט געשפּילט אין זיין טרופּע.
M-3-facs_28_tr_1752653002-006	P-3-facs_28_tr_1752653002	3	facs_28_tr_1752653002	פאַך, טויבע [פישעל]	אַקסעלראד	זכר		זי האט געשפּילט אין זיין טרופּע.
M-3-facs_28_tr_1752653013-000	P-3-facs_28_tr_1752653013	3	facs_28_tr_1752653013	פּאָלאַנד, טאַניאַ	פֿאָטער*	male	פֿרומע עלטערן, געשעפט-אייגנטימער	דער פֿאָטער פֿון דער סוביעקט.
M-3-facs_28_tr_1752653013-001	P-3-facs_28_tr_1752653013	3	facs_28_tr_1752653013	פּאָלאַנד, טאַניאַ	מוטער*	female	פֿרומע עלטערן, געשעפט-אייגנטימער	די מוטער פֿון דער סוביעקט.
M-3-facs_28_tr_1752653013-002	P-3-facs_28_tr_1752653013	3	facs_28_tr_1752653013	פּאָלאַנד, טאַניאַ	ברודער*	male	וועלכער איז אַוועק פֿון דער היים צוליב מיליטער-דינסט	דער ברודער פֿון דער סוביעקט.
M-3-facs_28_tr_1752653013-003	P-3-facs_28_tr_1752653013	3	facs_28_tr_1752653013	פּאָלאַנד, טאַניאַ	אסתר וואָלערשטיין	female		די סוביעקט האָט געאַרבעט ביי איר אין וויליאַמסבורגער „ליריק טעאַטער“.
M-3-facs_28_tr_1752653013-004	P-3-facs_28_tr_1752653013	3	facs_28_tr_1752653013	פּאָלאַנד, טאַניאַ	סאול וואָלערשטיין	male		די סוביעקט האָט געאַרבעט ביי אים אין וויליאַמסבורגער „ליריק טעאַטער“.
M-3-facs_28_tr_1752653013-005	P-3-facs_28_tr_1752653013	3	facs_28_tr_1752653013	פּאָלאַנד, טאַניאַ	סעם בלום	male		די סוביעקט איז אויפגעטראָטן מיט אים אין די יידישע וואָדעוויל-הייזער.
M-3-facs_28_tr_1752653013-006	P-3-facs_28_tr_1752653013	3	facs_28_tr_1752653013	פּאָלאַנד, טאַניאַ	בעני זיידמאַן	male		די סוביעקט איז אויפגעטראָטן מיט אים אין די יידישע וואָדעוויל-הייזער.
M-3-facs_28_tr_1752653013-007	P-3-facs_28_tr_1752653013	3	facs_28_tr_1752653013	פּאָלאַנד, טאַניאַ	סידני האַרט	male		די סוביעקט האָט געשפּילט ביי אים אַ סעזאָן אין נואַרק.
M-3-facs_28_tr_1752653013-008	P-3-facs_28_tr_1752653013	3	facs_28_tr_1752653013	פּאָלאַנד, טאַניאַ	זיגמונט וויינטרויב	male	דיר.	ער איז געווען דער דירעקטאָר פֿון ברוקלינער „ליבערטי טעאַטער“ וואו די סוביעקט האָט געשפּילט.
M-3-facs_28_tr_1752653013-009	P-3-facs_28_tr_1752653013	3	facs_28_tr_1752653013	פּאָלאַנד, טאַניאַ	זאַקס		דירעקציע	דער דירעקטאָר פֿון „ליריק טעאַטער“ וואו די סוביעקט האָט געשפּילט.
M-3-facs_28_tr_1752653013-010	P-3-facs_28_tr_1752653013	3	facs_28_tr_1752653013	פּאָלאַנד, טאַניאַ	נייטאן גאָלדבערג	male	דיר.	דער דירעקטאָר פֿון „לענאָקס טעאַטער“ וואו די סוביעקט האָט געשפּילט.
M-3-facs_28_tr_1752653013-011	P-3-facs_28_tr_1752653013	3	facs_28_tr_1752653013	פּאָלאַנד, טאַניאַ	גרין		דיר.	איינער פֿון די דירעקטאָרן פֿון „האָפּקינסאָן“ טעאַטער וואו די סוביעקט האָט געשפּילט.
M-3-facs_28_tr_1752653013-012	P-3-facs_28_tr_1752653013	3	facs_28_tr_1752653013	פּאָלאַנד, טאַניאַ	גערמאַן			איינער פֿון די דירעקטאָרן פֿון „האָפּקינסאָן“ טעאַטער וואו די סוביעקט האָט געשפּילט.
M-3-facs_28_tr_1752653013-013	P-3-facs_28_tr_1752653013	3	facs_28_tr_1752653013	פּאָלאַנד, טאַניאַ	משה שאָר	male		איינער פֿון די דירעקטאָרן פֿון „האָפּקינסאָן“ טעאַטער וואו די סוביעקט האָט געשפּילט.
M-3-facs_28_tr_1752653013-014	P-3-facs_28_tr_1752653013	3	facs_28_tr_1752653013	פּאָלאַנד, טאַניאַ	בעסי טאָמאַשעווסקי	female		די סוביעקט האָט געשפּילט מיט איר אין באסטאָן.
M-3-facs_28_tr_1752653013-015	P-3-facs_28_tr_1752653013	3	facs_28_tr_1752653013	פּאָלאַנד, טאַניאַ	מעי סיימאָן	female		די סוביעקט האָט געשפּילט מיט איר אין באסטאָן.
M-3-facs_28_tr_1752653013-016	P-3-facs_28_tr_1752653013	3	facs_28_tr_1752653013	פּאָלאַנד, טאַניאַ	היימי דזשייקאָבסאָן	male		די סוביעקט האָט געשפּילט מיט אים אין באסטאָן.
M-3-facs_28_tr_1752653013-017	P-3-facs_28_tr_1752653013	3	facs_28_tr_1752653013	פּאָלאַנד, טאַניאַ	ס. ה. קאָן	male		ער האָט געשריבן די אָפּערעטע „דעם רבי'נס טעכטער“ וואו די סוביעקט האָט דעביוטירט.
M-3-facs_28_tr_1752653013-018	P-3-facs_28_tr_1752653013	3	facs_28_tr_1752653013	פּאָלאַנד, טאַניאַ	באָריס טאָמאַשעווסקי	male		ער איז געווען אַ פּאַרטנער פֿון דער סוביעקט.
M-3-facs_28_tr_1752653013-019	P-3-facs_28_tr_1752653013	3	facs_28_tr_1752653013	פּאָלאַנד, טאַניאַ	לעאָן בלאַנק	male		ער איז געווען אַ פּאַרטנער פֿון דער סוביעקט.
M-3-facs_28_tr_1752653013-020	P-3-facs_28_tr_1752653013	3	facs_28_tr_1752653013	פּאָלאַנד, טאַניאַ	סעמיועל גאָלדענבורג	male		ער איז געווען אַ פּאַרטנער פֿון דער סוביעקט.
M-3-facs_28_tr_1752653013-021	P-3-facs_28_tr_1752653013	3	facs_28_tr_1752653013	פּאָלאַנד, טאַניאַ	מיכאָל מיכאָלעסקאָ	male		ער איז געווען אַ פּאַרטנער פֿון דער סוביעקט.
M-3-facs_28_tr_1752653013-022	P-3-facs_28_tr_1752653013	3	facs_28_tr_1752653013	פּאָלאַנד, טאַניאַ	מוני ווייזענפֿריינד	male		ער איז געווען אַ פּאַרטנער פֿון דער סוביעקט.
M-3-facs_28_tr_1752653010-000	P-3-facs_28_tr_1752653010	3	facs_28_tr_1752653010	פאָלאנסקי, חיים	פֿאָטער*	זכר	אַן אַרבעטער אין אַ בירברויעריי	ער איז דער פֿאָטער פֿון דעם סוביעקט.
M-3-facs_28_tr_1752653010-001	P-3-facs_28_tr_1752653010	3	facs_28_tr_1752653010	פאָלאנסקי, חיים	ש. הערשקאָוויטש	זכר	אַקטיאָר	דער סוביעקט האָט זיך באַקענט מיט אים אין 1915.
M-3-facs_28_tr_1752653010-002	P-3-facs_28_tr_1752653010	3	facs_28_tr_1752653010	פאָלאנסקי, חיים	יוליוס אַדלער	זכר		ער איז געווען איינער פֿון די פאַרוואַלטער פֿון די טעאַטערס וואו דער סוביעקט האָט געשפּילט.
M-3-facs_28_tr_1752653010-003	P-3-facs_28_tr_1752653010	3	facs_28_tr_1752653010	פאָלאנסקי, חיים	הערמאַן סיעראָצקי	זכר		ער איז געווען איינער פֿון די פאַרוואַלטער פֿון די טעאַטערס וואו דער סוביעקט האָט געשפּילט.
M-3-facs_28_tr_1752653010-004	P-3-facs_28_tr_1752653010	3	facs_28_tr_1752653010	פאָלאנסקי, חיים	לעאָניד סאָקאָלאָוו	זכר		דער סוביעקט האָט אַרומגעפֿאָרן מיט אים 3 יאָר איבער קאָוונער ליטע, לעטלאַנד און עסטלאַנד.
M-3-facs_28_tr_1752653010-005	P-3-facs_28_tr_1752653010	3	facs_28_tr_1752653010	פאָלאנסקי, חיים	עמיל זאָלאַ	זכר		דער סוביעקט האָט דראַמאַטיזירט זיין ראָמאַן „נאַנטעס“.
M-3-facs_28_tr_1752653010-006	P-3-facs_28_tr_1752653010	3	facs_28_tr_1752653010	פאָלאנסקי, חיים	זאַנדבערג	זכר		ער איז געווען איינער פֿון די פאַרוואַלטער פֿונעם גרויסעס טעאַטער אין לאָדזש.
M-3-facs_28_tr_1752653010-007	P-3-facs_28_tr_1752653010	3	facs_28_tr_1752653010	פאָלאנסקי, חיים	וואַקסמאַן	זכר		ער איז געווען איינער פֿון די פאַרוואַלטער פֿונעם גרויסעס טעאַטער אין לאָדזש.
M-3-facs_29_tr_1752653013-000	P-3-facs_29_tr_1752653013	3	facs_29_tr_1752653013	פּאָלאַקעוויטש, משה	פֿאָטער*	זכר	באַזיצער פֿון אַ מאַנופֿאַקטור-געשעפט	פֿאָטער פֿון דעם סוביעקט.
M-3-facs_29_tr_1752653013-001	P-3-facs_29_tr_1752653013	3	facs_29_tr_1752653013	פּאָלאַקעוויטש, משה	מוטער*	נקבה		מוטער פֿון דעם סוביעקט.
M-3-facs_29_tr_1752653013-002	P-3-facs_29_tr_1752653013	3	facs_29_tr_1752653013	פּאָלאַקעוויטש, משה	ש. ל. האַנדוואָהל [ס. וואָהל]	זכר		דער סוביעקט האָט אויפֿגעטראָטן אונטער זיין רעזשי.
M-3-facs_29_tr_1752653013-003	P-3-facs_29_tr_1752653013	3	facs_29_tr_1752653013	פּאָלאַקעוויטש, משה	שטאָקפעדער	זכר	פּראָפעסיאנעלע שוישפּילער	"אַ מיטגליד אין דער דראַמאַטישער אַמאַטאָרן-טרופּע „גאָרדין""."
M-3-facs_29_tr_1752653013-004	P-3-facs_29_tr_1752653013	3	facs_29_tr_1752653013	פּאָלאַקעוויטש, משה	ראָזען	זכר	פּראָפעסיאנעלע שוישפּילער	"אַ מיטגליד אין דער דראַמאַטישער אַמאַטאָרן-טרופּע „גאָרדין""."
M-3-facs_29_tr_1752653013-005	P-3-facs_29_tr_1752653013	3	facs_29_tr_1752653013	פּאָלאַקעוויטש, משה	ראָטמאַן	זכר	פּראָפעסיאנעלע שוישפּילער	"אַ מיטגליד אין דער דראַמאַטישער אַמאַטאָרן-טרופּע „גאָרדין""."
M-3-facs_29_tr_1752653013-006	P-3-facs_29_tr_1752653013	3	facs_29_tr_1752653013	פּאָלאַקעוויטש, משה	גוטהאַרץ	זכר	פּראָפעסיאנעלע שוישפּילער	"אַ מיטגליד אין דער דראַמאַטישער אַמאַטאָרן-טרופּע „גאָרדין""."
M-3-facs_29_tr_1752653013-007	P-3-facs_29_tr_1752653013	3	facs_29_tr_1752653013	פּאָלאַקעוויטש, משה	לעדערמאַן	זכר	פּראָפעסיאנעלע שוישפּילער	"אַ מיטגליד אין דער דראַמאַטישער אַמאַטאָרן-טרופּע „גאָרדין""."
M-3-facs_29_tr_1752653013-008	P-3-facs_29_tr_1752653013	3	facs_29_tr_1752653013	פּאָלאַקעוויטש, משה	שולווייס	זכר	פּראָפעסיאנעלע שוישפּילער	"אַ מיטגליד אין דער דראַמאַטישער אַמאַטאָרן-טרופּע „גאָרדין""."
M-3-facs_29_tr_1752653013-009	P-3-facs_29_tr_1752653013	3	facs_29_tr_1752653013	פּאָלאַקעוויטש, משה	מענדעלעוויטש	זכר	פּראָפעסיאנעלע שוישפּילער	"אַ מיטגליד אין דער דראַמאַטישער אַמאַטאָרן-טרופּע „גאָרדין""."
M-3-facs_29_tr_1752653013-010	P-3-facs_29_tr_1752653013	3	facs_29_tr_1752653013	פּאָלאַקעוויטש, משה	עפּשטיין	זכר	פּראָפעסיאנעלע שוישפּילער	"אַ מיטגליד אין דער דראַמאַטישער אַמאַטאָרן-טרופּע „גאָרדין""."
M-3-facs_29_tr_1752653013-011	P-3-facs_29_tr_1752653013	3	facs_29_tr_1752653013	פּאָלאַקעוויטש, משה	נאָרפלוס	זכר	פּראָפעסיאנעלע שוישפּילער	"אַ מיטגליד אין דער דראַמאַטישער אַמאַטאָרן-טרופּע „גאָרדין""."
M-3-facs_29_tr_1752653013-012	P-3-facs_29_tr_1752653013	3	facs_29_tr_1752653013	פּאָלאַקעוויטש, משה	ליאַמפּע	זכר	פּראָפעסיאנעלע שוישפּילער	"אַ מיטגליד אין דער דראַמאַטישער אַמאַטאָרן-טרופּע „גאָרדין""."
M-3-facs_29_tr_1752653013-013	P-3-facs_29_tr_1752653013	3	facs_29_tr_1752653013	פּאָלאַקעוויטש, משה	לערמאַן	זכר	האָט געהאַט אַ פּראָפעסיאנעלער טרופּע	דער סוביעקט האָט זיך אָנגעשלאָסן אין זיין טרופּע.
M-3-facs_29_tr_1752653013-014	P-3-facs_29_tr_1752653013	3	facs_29_tr_1752653013	פּאָלאַקעוויטש, משה	זשיטאָמירסקי	זכר		דער סוביעקט האָט געשפּילט אין זיין טרופּע.
M-3-facs_29_tr_1752653013-015	P-3-facs_29_tr_1752653013	3	facs_29_tr_1752653013	פּאָלאַקעוויטש, משה	גוזיק	זכר		דער סוביעקט האָט געשפּילט אין זיין טרופּע.
M-3-facs_29_tr_1752653013-016	P-3-facs_29_tr_1752653013	3	facs_29_tr_1752653013	פּאָלאַקעוויטש, משה	פּאָלאַ קייזער	נקבה	שוישפּילערין	ווייב פֿון דעם סוביעקט.
M-3-facs_29_tr_1752652999-000	P-3-facs_29_tr_1752652999	3	facs_29_tr_1752652999	פּאָליאַק, מ.	ר. פֿייראָ		"מחבר פֿון דער סאציאלער דראַמע „מאַרקאָ סעווערי"""	ר. פֿייראָ איז דער מחבר פֿון דער דראַמע וואָס פ. האָט איבערגעזעצט.
M-3-facs_29_tr_1752653003-000	P-3-facs_29_tr_1752653003	3	facs_29_tr_1752653003	פאָליאַקאָוו, אַהרן [פּאָליאַטשעק]	פֿאָטער*	זכר	בעל-הביתי׳שע עלטערן	ער איז דער פֿאָטער פֿונעם סוביעקט.
M-3-facs_29_tr_1752653003-001	P-3-facs_29_tr_1752653003	3	facs_29_tr_1752653003	פאָליאַקאָוו, אַהרן [פּאָליאַטשעק]	מוטער*	נקבה	בעל-הביתי׳שע עלטערן	זי איז די מוטער פֿונעם סוביעקט.
M-3-facs_29_tr_1752653003-002	P-3-facs_29_tr_1752653003	3	facs_29_tr_1752653003	פאָליאַקאָוו, אַהרן [פּאָליאַטשעק]	קאָמפּאַניעיעץ	זכר	קאָמפּאַניעיעצ'ס טרופּע	דער סוביעקט האָט געשפּילט אין זיין טרופּע.
M-3-facs_29_tr_1752653003-003	P-3-facs_29_tr_1752653003	3	facs_29_tr_1752653003	פאָליאַקאָוו, אַהרן [פּאָליאַטשעק]	אַניעלאַ (קאָמפּאַניעיעץ)	נקבה	שוישפּילערין	זי איז די פֿרוי פֿונעם סוביעקט.
M-3-facs_29_tr_1752653006-000	P-3-facs_29_tr_1752653006	3	facs_29_tr_1752653006	פאַליי יאָהאַן (יונה)	נ. זאַלאָוויץ	זכר		האָט געמאַכט אַ באַמערקונג וועגן דעם סוביעקטס געבורט-יאָר.
M-3-facs_29_tr_1752653006-001	P-3-facs_29_tr_1752653006	3	facs_29_tr_1752653006	פאַליי יאָהאַן (יונה)	פֿאָטער*	זכר	אַ ייד אַ למדן	דער פֿאָטער פֿונעם סוביעקט.
M-3-facs_29_tr_1752653006-002	P-3-facs_29_tr_1752653006	3	facs_29_tr_1752653006	פאַליי יאָהאַן (יונה)	ר' יצחק אַלחנן	זכר		דער סוביעקט האָט געלערנט אין זיין ישיבה אין קאָוונע.
M-3-facs_29_tr_1752653006-003	P-3-facs_29_tr_1752653006	3	facs_29_tr_1752653006	פאַליי יאָהאַן (יונה)	ב. גאָרין	זכר		שרייבט וועגן דעם סוביעקטס פּיעסע.
M-3-facs_29_tr_1752653006-004	P-3-facs_29_tr_1752653006	3	facs_29_tr_1752653006	פאַליי יאָהאַן (יונה)	הורוויטש	זכר		דער טאַליאַ טעאַטער האָט זיך געקליבן שטעלן זיין שטיק.
M-3-facs_29_tr_1752653006-005	P-3-facs_29_tr_1752653006	3	facs_29_tr_1752653006	פאַליי יאָהאַן (יונה)	באָריס טאָמאַשעווסקי	זכר		דערמאָנט דעם סוביעקטס פרוי און איר שוועסטער.
M-3-facs_29_tr_1752653006-006	P-3-facs_29_tr_1752653006	3	facs_29_tr_1752653006	פאַליי יאָהאַן (יונה)	פֿרוי*	נקבה	געשפּילט אויף דער יידישער בינע	די פרוי פֿונעם סוביעקט.
M-3-facs_29_tr_1752653006-007	P-3-facs_29_tr_1752653006	3	facs_29_tr_1752653006	פאַליי יאָהאַן (יונה)	שוועסטער*	נקבה	געשפּילט אויף דער יידישער בינע	די שוועסטער פֿון דעם סוביעקטס פרוי.
M-3-facs_30_r_5-000	P-3-facs_30_r_5	3	facs_30_r_5	פאָליעוויק, [?]	אַברהם פישזאָן			דער סוביעקט האָט אָנגעהויבן אַלס כאָריסט אין דער טרופּע פֿון אַברהם פישזאָן.
M-3-facs_30_r_5-001	P-3-facs_30_r_5	3	facs_30_r_5	פאָליעוויק, [?]	מישוראַט'ן			דער סוביעקט האָט געשפּילט ביי מישוראַט'ן.
M-3-facs_30_tr_1752652991-000	P-3-facs_30_tr_1752652991	3	facs_30_tr_1752652991	פּאָליפּאַדע, בן-ציון	פֿאַמיליע*			די פֿאַמיליע פון דעם סוביעקט.
M-3-facs_30_tr_1752652991-001	P-3-facs_30_tr_1752652991	3	facs_30_tr_1752652991	פּאָליפּאַדע, בן-ציון	נייעם לערער*	זכר	לערער	דער לערער פון דעם סוביעקט אין דער קאָלאָניע גראָמאָקלעי.
M-3-facs_30_tr_1752652991-002	P-3-facs_30_tr_1752652991	3	facs_30_tr_1752652991	פּאָליפּאַדע, בן-ציון	סטאָלאַר*	זכר	סטאָלאַר	דער מענטש ביי וועמען דער סוביעקט איז געווען אַ לערן-יינגל צו 8 יאָר.
M-3-facs_30_tr_1752652991-003	P-3-facs_30_tr_1752652991	3	facs_30_tr_1752652991	פּאָליפּאַדע, בן-ציון	שוואַגער*	זכר	שניידער	דער שוואַגער פון דעם סוביעקט קיין כאָבריניעץ.
M-3-facs_30_tr_1752652991-004	P-3-facs_30_tr_1752652991	3	facs_30_tr_1752652991	פּאָליפּאַדע, בן-ציון	אַברהם פישזאָן	זכר	אַברהם פישזאָן'ס טרופּע	דער דירעקטאָר פון דער טרופּע וואָס דער סוביעקט האָט געזען אין 1888.
M-3-facs_30_tr_1752652991-005	P-3-facs_30_tr_1752652991	3	facs_30_tr_1752652991	פּאָליפּאַדע, בן-ציון	מישוראַט	זכר	מישוראַט'ס טרופּע	דער דירעקטאָר פון דער טרופּע וואו דער סוביעקט האָט געוואָלט אַריינטרעטן אין 1892.
M-3-facs_30_tr_1752652991-006	P-3-facs_30_tr_1752652991	3	facs_30_tr_1752652991	פּאָליפּאַדע, בן-ציון	מאגילעווסקי	זכר	אַקטיאָר	אַן אַקטיאָר מיט וועמען דער סוביעקט האָט זיך פֿאַרבונדן.
M-3-facs_30_tr_1752652991-007	P-3-facs_30_tr_1752652991	3	facs_30_tr_1752652991	פּאָליפּאַדע, בן-ציון	יינגלעך*	זכר		די יינגלעך מיט וועמען דער סוביעקט האָט אויפגעטראָטן אין אַ וואַנדער-צירק.
M-3-facs_30_tr_1752652991-008	P-3-facs_30_tr_1752652991	3	facs_30_tr_1752652991	פּאָליפּאַדע, בן-ציון	יעקב ציפקוס	זכר	דירעקטאָר	דער דירעקטאָר פון דער טרופּע וואו דער סוביעקט האָט דעביוטירט.
M-3-facs_30_tr_1752652991-009	P-3-facs_30_tr_1752652991	3	facs_30_tr_1752652991	פּאָליפּאַדע, בן-ציון	ראַבינאָוויטש	זכר	דירעקטאָר	דער דירעקטאָר פון א טרופּע מיט וועלכער דער סוביעקט האָט געוואַנדערט.
M-3-facs_30_tr_1752652991-010	P-3-facs_30_tr_1752652991	3	facs_30_tr_1752652991	פּאָליפּאַדע, בן-ציון	סאבסיי	זכר	דירעקטאָר	דער דירעקטאָר פון א טרופּע מיט וועלכער דער סוביעקט האָט געוואַנדערט.
M-3-facs_30_tr_1752652991-011	P-3-facs_30_tr_1752652991	3	facs_30_tr_1752652991	פּאָליפּאַדע, בן-ציון	קאַמינסקי	זכר	דירעקטאָר	דער דירעקטאָר פון א טרופּע מיט וועלכער דער סוביעקט האָט געוואַנדערט.
M-3-facs_30_tr_1752652991-012	P-3-facs_30_tr_1752652991	3	facs_30_tr_1752652991	פּאָליפּאַדע, בן-ציון	גימפּעל	זכר	דירעקטאָר	דער דירעקטאָר ביי וועמען דער סוביעקט האָט דעביוטירט אין לעמבערג.
M-3-facs_30_tr_1752652991-013	P-3-facs_30_tr_1752652991	3	facs_30_tr_1752652991	פּאָליפּאַדע, בן-ציון	בראָדערזינגער*		בראָדערזינגער	די שוישפּילער מיט וועמען דער סוביעקט האָט געפּרואווט שפּילן.
M-3-facs_30_tr_1752652991-014	P-3-facs_30_tr_1752652991	3	facs_30_tr_1752652991	פּאָליפּאַדע, בן-ציון	יאָזעף ראָזענבערג	זכר	דירעקטאָר	דער דירעקטאָר פון א טרופּע מיט וועלכער דער סוביעקט האָט אַרומגעפאָרן.
M-3-facs_30_tr_1752652991-015	P-3-facs_30_tr_1752652991	3	facs_30_tr_1752652991	פּאָליפּאַדע, בן-ציון	משה שאָר	זכר	דירעקטאָר	דער דירעקטאָר פון א טרופּע מיט וועלכער דער סוביעקט האָט אַרומגעפאָרן.
M-3-facs_30_tr_1752652991-016	P-3-facs_30_tr_1752652991	3	facs_30_tr_1752652991	פּאָליפּאַדע, בן-ציון	אַברהם אַקסעלראד	זכר	דירעקטאָר	דער דירעקטאָר פון א טרופּע מיט וועלכער דער סוביעקט האָט אַרומגעפאָרן.
M-3-facs_30_tr_1752652991-017	P-3-facs_30_tr_1752652991	3	facs_30_tr_1752652991	פּאָליפּאַדע, בן-ציון	מאָריס מאָשקאָוויטש	זכר	גאַסטראָלירנדיקן מאָריס מאָשקאָוויטש	אַ גאַסטראָלירנדיקער אַקטיאָר מיט וועמען דער סוביעקט האָט געשפּילט אין לעמבערג.
M-3-facs_30_tr_1752652991-018	P-3-facs_30_tr_1752652991	3	facs_30_tr_1752652991	פּאָליפּאַדע, בן-ציון	לאַטיינער	זכר	מחבר	"דער מחבר פון די דייטשע אָפּערעטן-פּיעסן וואָס דער סוביעקט האָט געוואָלט ""מגייר זיין""."
M-3-facs_30_tr_1752652991-019	P-3-facs_30_tr_1752652991	3	facs_30_tr_1752652991	פּאָליפּאַדע, בן-ציון	שאַרקאנסקי	זכר	מחבר	"דער מחבר פון דער פּיעסע ""כל נדרי""."
M-3-facs_30_tr_1752652991-020	P-3-facs_30_tr_1752652991	3	facs_30_tr_1752652991	פּאָליפּאַדע, בן-ציון	פּאַרטנערס*		אַקטיאָרן	די קאָלעגן פון דעם סוביעקט וואָס האָבן אים געפרעגט אויף דייטש.
M-3-facs_30_tr_1752652991-021	P-3-facs_30_tr_1752652991	3	facs_30_tr_1752652991	פּאָליפּאַדע, בן-ציון	קאָלעגן*		אַקטיאָרן	די קאָלעגן וואָס האָבן חוזק געמאַכט פון דעם סוביעקט.
M-3-facs_30_tr_1752652991-022	P-3-facs_30_tr_1752652991	3	facs_30_tr_1752652991	פּאָליפּאַדע, בן-ציון	געגנער*			די מענטשן וואָס האָבן געמיינט אַז דאָס יידיש ריידן וועט זיין אַ דורכפאַל.
M-3-facs_30_tr_1752652991-023	P-3-facs_30_tr_1752652991	3	facs_30_tr_1752652991	פּאָליפּאַדע, בן-ציון	עולם*		פּובליקום	דער עולם וואָס האָט דעם סוביעקט ווארימער אַפּלאָדירט.
M-3-facs_30_tr_1752652991-024	P-3-facs_30_tr_1752652991	3	facs_30_tr_1752652991	פּאָליפּאַדע, בן-ציון	יעקב מעסטל	זכר		אַ קריטיקער וואָס האָט באַמערקט וועגן דער טעטיקייט פון דעם סוביעקט.
M-3-facs_30_tr_1752652991-025	P-3-facs_30_tr_1752652991	3	facs_30_tr_1752652991	פּאָליפּאַדע, בן-ציון	גרשם באַדער	זכר	רעדאַקטאָר	"דער רעדאַקטאָר פון דער צייטונג ""טאָגבלאַט""."
M-3-facs_30_tr_1752652991-026	P-3-facs_30_tr_1752652991	3	facs_30_tr_1752652991	פּאָליפּאַדע, בן-ציון	משה קליינמאַן	זכר	רעדאַקטאָר	"דער רעדאַקטאָר פון דער צייטונג ""טאָגבלאַט""."
M-3-facs_30_tr_1752652991-027	P-3-facs_30_tr_1752652991	3	facs_30_tr_1752652991	פּאָליפּאַדע, בן-ציון	יידל גוטמאַן	זכר	שוישפּילער	אַ שוישפּילער וואָס האָט גענומען שפּילן דייטשע ראָלן אויף יידיש.
M-3-facs_30_tr_1752652991-028	P-3-facs_30_tr_1752652991	3	facs_30_tr_1752652991	פּאָליפּאַדע, בן-ציון	מאַטיאס טהור	זכר	שוישפּילער	אַ שוישפּילער וואָס האָט גענומען שפּילן דייטשע ראָלן אויף יידיש.
M-3-facs_30_tr_1752652991-029	P-3-facs_30_tr_1752652991	3	facs_30_tr_1752652991	פּאָליפּאַדע, בן-ציון	האַרט	זכר	דירעקטאָר	דער דירעקטאָר פון דער וואַנדער-טרופּע וואו דער סוביעקט איז געווען א מיטגליד.
M-3-facs_30_tr_1752652991-030	P-3-facs_30_tr_1752652991	3	facs_30_tr_1752652991	פּאָליפּאַדע, בן-ציון	שנעק	זכר	דירעקטאָר	אַ דירעקטאָר מיט וועמען דער סוביעקט האָט געאַרבעט צוזאַמען אַלס דירעקטאָר.
M-3-facs_30_tr_1752652991-031	P-3-facs_30_tr_1752652991	3	facs_30_tr_1752652991	פּאָליפּאַדע, בן-ציון	זיגלער	זכר	דירעקטאָר	אַ דירעקטאָר אין ווין ביי וועמען דער סוביעקט האָט געשפּילט עטלעכע פֿאָרשטעלונגען.
M-3-facs_30_tr_1752652991-032	P-3-facs_30_tr_1752652991	3	facs_30_tr_1752652991	פּאָליפּאַדע, בן-ציון	יאַקאָב	זכר	דירעקטאָר	דער דירעקטאָר אין קראָקע ביי וועמען דער סוביעקט האָט ווידער געשפּילט אין 1917.
M-3-facs_30_tr_1752652991-033	P-3-facs_30_tr_1752652991	3	facs_30_tr_1752652991	פּאָליפּאַדע, בן-ציון	ווייסמאַן	זכר	אַקטיאָר	אַן אַקטיאָר מיט וועמען דער סוביעקט האָט געשפּילט אין קיעוו.
M-3-facs_30_tr_1752652991-034	P-3-facs_30_tr_1752652991	3	facs_30_tr_1752652991	פּאָליפּאַדע, בן-ציון	ליבערט	זכר	אַקטיאָר	אַן אַקטיאָר מיט וועמען דער סוביעקט האָט געשפּילט אין קיעוו.
M-3-facs_30_tr_1752652991-035	P-3-facs_30_tr_1752652991	3	facs_30_tr_1752652991	פּאָליפּאַדע, בן-ציון	ליבהאָבער*	זכר	אַקטיאָרן	די מענטשן מיט וועמען דער סוביעקט האָט אויפגעטראָטן אין טאַרנאָפּאָל, ראָוונע און בראָד.
M-3-facs_30_tr_1752652991-036	P-3-facs_30_tr_1752652991	3	facs_30_tr_1752652991	פּאָליפּאַדע, בן-ציון	מאַלי פיקאָן	נקבה	שוישפּילערין	אַ שוישפּילערין מיט וועמען דער סוביעקט האָט געשפּילט אין ווין.
M-3-facs_30_tr_1752652991-037	P-3-facs_30_tr_1752652991	3	facs_30_tr_1752652991	פּאָליפּאַדע, בן-ציון	יעקב קאַליך	זכר	אַקטיאָר	אַן אַקטיאָר מיט וועמען דער סוביעקט האָט געשפּילט אין ווין.
M-3-facs_30_tr_1752652991-038	P-3-facs_30_tr_1752652991	3	facs_30_tr_1752652991	פּאָליפּאַדע, בן-ציון	משפּחה קאָמפּאַניעיעץ		משפּחה טרופּע	אַ טרופּע מיט וועלכער דער סוביעקט האָט געפאָרט קיין לובלין און קיין וואַרשע.
M-3-facs_30_tr_1752652991-039	P-3-facs_30_tr_1752652991	3	facs_30_tr_1752652991	פּאָליפּאַדע, בן-ציון	אסתר רחל קאַמינסקי	נקבה	שוישפּילערין	אַ שוישפּילערין מיט וועמען דער סוביעקט האָט געשפּילט אין וואַרשע.
M-3-facs_30_tr_1752652991-040	P-3-facs_30_tr_1752652991	3	facs_30_tr_1752652991	פּאָליפּאַדע, בן-ציון	טורקאָוו	זכר	אַקטיאָר	אַן אַקטיאָר מיט וועמען דער סוביעקט האָט געשפּילט אין וואַרשע.
M-3-facs_30_tr_1752652991-041	P-3-facs_30_tr_1752652991	3	facs_30_tr_1752652991	פּאָליפּאַדע, בן-ציון	סאַמבערג	זכר	אַקטיאָר	אַן אַקטיאָר מיט וועמען דער סוביעקט האָט געשפּילט אין וואַרשע און בוענאָס איירעס.
M-3-facs_30_tr_1752652991-042	P-3-facs_30_tr_1752652991	3	facs_30_tr_1752652991	פּאָליפּאַדע, בן-ציון	לאַנדוי	זכר	אַקטיאָר	אַן אַקטיאָר מיט וועמען דער סוביעקט האָט געשפּילט אין וואַרשע.
M-3-facs_30_tr_1752652991-043	P-3-facs_30_tr_1752652991	3	facs_30_tr_1752652991	פּאָליפּאַדע, בן-ציון	טאָמאַשעווסקי	זכר	גאַסטראָלער	אַ גאַסטראָלער מיט וועמען דער סוביעקט האָט געשפּילט אין בוענאָס איירעס.
M-3-facs_30_tr_1752652991-044	P-3-facs_30_tr_1752652991	3	facs_30_tr_1752652991	פּאָליפּאַדע, בן-ציון	מאָרעווסקי	זכר	גאַסטראָלער	אַ גאַסטראָלער מיט וועמען דער סוביעקט האָט געשפּילט אין בוענאָס איירעס.
M-3-facs_30_tr_1752652991-045	P-3-facs_30_tr_1752652991	3	facs_30_tr_1752652991	פּאָליפּאַדע, בן-ציון	סאָקאָלאָוו	זכר	גאַסטראָלער	אַ גאַסטראָלער מיט וועמען דער סוביעקט האָט געשפּילט אין בוענאָס איירעס.
M-3-facs_30_tr_1752652991-046	P-3-facs_30_tr_1752652991	3	facs_30_tr_1752652991	פּאָליפּאַדע, בן-ציון	יאָזער שיינגאָלד	זכר	גאַסטראָלער	אַ גאַסטראָלער מיט וועמען דער סוביעקט האָט געשפּילט אין בוענאָס איירעס.
M-3-facs_30_tr_1752652991-047	P-3-facs_30_tr_1752652991	3	facs_30_tr_1752652991	פּאָליפּאַדע, בן-ציון	קרעמער	זכר	גאַסטראָלער	אַ גאַסטראָלער מיט וועמען דער סוביעקט האָט געשפּילט אין בוענאָס איירעס.
M-3-facs_30_tr_1752652991-048	P-3-facs_30_tr_1752652991	3	facs_30_tr_1752652991	פּאָליפּאַדע, בן-ציון	יעקב בן-עמי	זכר	גאַסטראָלער	אַ גאַסטראָלער מיט וועמען דער סוביעקט האָט געפאָרט אויף אַ טור.
M-3-facs_30_tr_1752652991-049	P-3-facs_30_tr_1752652991	3	facs_30_tr_1752652991	פּאָליפּאַדע, בן-ציון	פֿאַניאַ רייבער	נקבה	שוישפּילערין	די פרוי פון דעם סוביעקט.
M-3-facs_31_tr_1752653038-000	P-3-facs_31_tr_1752653038	3	facs_31_tr_1752653038	פאַלמע, ס.	מאַרק מאַרקאָוו	זכר		ער האָט אויפֿגעפֿירט אין לאָנדאָנער „גרענד פאַליי“ פ.'ס פּיעסע „דאָס ליד פֿון לעבן“.
M-3-facs_31_tr_1752653038-001	P-3-facs_31_tr_1752653038	3	facs_31_tr_1752653038	פאַלמע, ס.	יעקב ליטמאַן	זכר	אַ בראָדערזינגער און פֿאָלקסזינגער	ער איז געווען איינער פֿון די פּאָפּולערסטע פֿון דער גרופּע בראָדערזינגער און פֿאָלקסזינגער.
M-3-facs_31_tr_1752653038-002	P-3-facs_31_tr_1752653038	3	facs_31_tr_1752653038	פאַלמע, ס.	פּעפּי ליטמאַן	נקבה	אַ בראָדערזינגער און פֿאָלקסזינגער	זי איז געווען איינע פֿון די פּאָפּולערסטע פֿון דער גרופּע בראָדערזינגער און פֿאָלקסזינגער.
M-3-facs_31_tr_1752653038-003	P-3-facs_31_tr_1752653038	3	facs_31_tr_1752653038	פאַלמע, ס.	לעאָפּאָלד קאַנער	זכר	אַ בראָדערזינגער און פֿאָלקסזינגער	ער איז געווען איינער פֿון די פּאָפּולערסטע פֿון דער גרופּע בראָדערזינגער און פֿאָלקסזינגער.
M-3-facs_31_tr_1752653038-004	P-3-facs_31_tr_1752653038	3	facs_31_tr_1752653038	פאַלמע, ס.	סעראַ קאַנער	נקבה	אַ בראָדערזינגער און פֿאָלקסזינגער	זי איז געווען איינע פֿון די פּאָפּולערסטע פֿון דער גרופּע בראָדערזינגער און פֿאָלקסזינגער.
M-3-facs_31_tr_1752653038-005	P-3-facs_31_tr_1752653038	3	facs_31_tr_1752653038	פאַלמע, ס.	שלום פּאָדזאַמטשע	זכר	אַ בראָדערזינגער און פֿאָלקסזינגער	ער איז געווען איינער פֿון די פּאָפּולערסטע פֿון דער גרופּע בראָדערזינגער און פֿאָלקסזינגער.
M-3-facs_31_tr_1752653038-006	P-3-facs_31_tr_1752653038	3	facs_31_tr_1752653038	פאַלמע, ס.	יונה רייזמאַן	זכר	אַ בראָדערזינגער און פֿאָלקסזינגער	ער איז געווען איינער פֿון די פּאָפּולערסטע פֿון דער גרופּע בראָדערזינגער און פֿאָלקסזינגער.
M-3-facs_31_tr_1752653038-007	P-3-facs_31_tr_1752653038	3	facs_31_tr_1752653038	פאַלמע, ס.	הערמאַן	זכר	אַ בראָדערזינגער און פֿאָלקסזינגער	ער איז געווען איינער פֿון די פּאָפּולערסטע פֿון דער גרופּע בראָדערזינגער און פֿאָלקסזינגער.
M-3-facs_31_tr_1752653038-008	P-3-facs_31_tr_1752653038	3	facs_31_tr_1752653038	פאַלמע, ס.	משה	זכר	אַ בראָדערזינגער און פֿאָלקסזינגער	ער איז געווען איינער פֿון די פּאָפּולערסטע פֿון דער גרופּע בראָדערזינגער און פֿאָלקסזינגער.
M-3-facs_31_tr_1752653038-009	P-3-facs_31_tr_1752653038	3	facs_31_tr_1752653038	פאַלמע, ס.	סאַלטשע	נקבה	אַ בראָדערזינגער און פֿאָלקסזינגער	זי איז געווען איינע פֿון די פּאָפּולערסטע פֿון דער גרופּע בראָדערזינגער און פֿאָלקסזינגער.
M-3-facs_31_tr_1752653038-010	P-3-facs_31_tr_1752653038	3	facs_31_tr_1752653038	פאַלמע, ס.	פּעפּי וויינבערג	נקבה	אַ בראָדערזינגער און פֿאָלקסזינגער	זי איז געווען איינע פֿון די פּאָפּולערסטע פֿון דער גרופּע בראָדערזינגער און פֿאָלקסזינגער.
M-3-facs_31_tr_1752653038-011	P-3-facs_31_tr_1752653038	3	facs_31_tr_1752653038	פאַלמע, ס.	פֿיליפּ ווייזענפֿריינד	זכר	אַ בראָדערזינגער און פֿאָלקסזינגער	ער איז געווען איינער פֿון די פּאָפּולערסטע פֿון דער גרופּע בראָדערזינגער און פֿאָלקסזינגער.
M-3-facs_31_tr_1752653038-012	P-3-facs_31_tr_1752653038	3	facs_31_tr_1752653038	פאַלמע, ס.	סאַלי ווייזענפֿריינד	נקבה	אַ בראָדערזינגער און פֿאָלקסזינגער	זי איז געווען איינע פֿון די פּאָפּולערסטע פֿון דער גרופּע בראָדערזינגער און פֿאָלקסזינגער.
M-3-facs_31_tr_1752653038-013	P-3-facs_31_tr_1752653038	3	facs_31_tr_1752653038	פאַלמע, ס.	סעם לודוויק	זכר	אַ בראָדערזינגער און פֿאָלקסזינגער	ער איז געווען איינער פֿון די פּאָפּולערסטע פֿון דער גרופּע בראָדערזינגער און פֿאָלקסזינגער.
M-3-facs_31_tr_1752653038-014	P-3-facs_31_tr_1752653038	3	facs_31_tr_1752653038	פאַלמע, ס.	חנאַ שטרודלער	זכר	אַ בראָדערזינגער און פֿאָלקסזינגער	ער איז געווען איינער פֿון די פּאָפּולערסטע פֿון דער גרופּע בראָדערזינגער און פֿאָלקסזינגער.
M-3-facs_31_tr_1752653038-015	P-3-facs_31_tr_1752653038	3	facs_31_tr_1752653038	פאַלמע, ס.	שטיינער	זכר	אַ בראָדערזינגער און פֿאָלקסזינגער	ער איז געווען איינער פֿון די פּאָפּולערסטע פֿון דער גרופּע בראָדערזינגער און פֿאָלקסזינגער.
M-3-facs_31_tr_1752653038-016	P-3-facs_31_tr_1752653038	3	facs_31_tr_1752653038	פאַלמע, ס.	פרוי*	נקבה	די פרוי פֿון שטיינער	זי איז געווען איינע פֿון די פּאָפּולערסטע פֿון דער גרופּע בראָדערזינגער און פֿאָלקסזינגער.
M-3-facs_31_tr_1752653038-017	P-3-facs_31_tr_1752653038	3	facs_31_tr_1752653038	פאַלמע, ס.	מענדעלע ראָטמאַן	זכר	געשפּילט אונטערן נאָמען ראָטה	ער איז געווען איינער פֿון די פּאָפּולערסטע פֿון דער גרופּע בראָדערזינגער און פֿאָלקסזינגער.
M-3-facs_31_tr_1752653038-018	P-3-facs_31_tr_1752653038	3	facs_31_tr_1752653038	פאַלמע, ס.	די ברידער*	זכר	די ברידער קלוג	זיי זענען געווען צווישן די פּאָפּולערסטע פֿון דער גרופּע בראָדערזינגער און פֿאָלקסזינגער.
M-3-facs_31_tr_1752653038-019	P-3-facs_31_tr_1752653038	3	facs_31_tr_1752653038	פאַלמע, ס.	פרוי קלוג	נקבה	אַ בראָדערזינגער און פֿאָלקסזינגער	זי איז געווען איינע פֿון די פּאָפּולערסטע פֿון דער גרופּע בראָדערזינגער און פֿאָלקסזינגער.
M-3-facs_31_tr_1752653038-020	P-3-facs_31_tr_1752653038	3	facs_31_tr_1752653038	פאַלמע, ס.	אייזענבאַך	זכר	הויפּטשפּילער פֿון דער טרופּע „ווינער בודאפּעסטער“	ער איז געווען דער אָנפֿירער פֿון דער באַרימטסטער טרופּע „ווינער בודאפּעסטער“.
M-3-facs_32_r_2-000	P-3-facs_32_r_2	3	facs_32_r_2	פּאַלעי, דזשייקאָב	עליאס גליקמאַן	זכר	יידישער טרופּע אין בידזשן-טעאַטער	פ. האָט אָנגעהויבן זיין טעאַטער-קאַריערע אַלס געשעפט-פֿאַרוואַלטער פֿון עליאס גליקמאַנ'ס יידישער טרופּע.
M-3-facs_32_r_5-000	P-3-facs_32_r_5	3	facs_32_r_5	פאָמעראַנץ, נ.	פּ.		מחבר פֿון דעם לעבנסבילד	ער איז דער מחבר פֿון דער פּיעסע.
M-3-facs_32_r_5-001	P-3-facs_32_r_5	3	facs_32_r_5	פאָמעראַנץ, נ.	יעקב שקליאר		מוזיק פֿון יעקב שקליאר	ער האָט געשריבן די מוזיק פֿון דער פּיעסע.
M-3-facs_32_r_5-002	P-3-facs_32_r_5	3	facs_32_r_5	פאָמעראַנץ, נ.	ש. ר. [ראָזשאַנסקי]			ער האָט געשריבן די רעצענזיע וועגן דער פּיעסע.
M-3-facs_32_r_6-000	P-3-facs_32_r_6	3	facs_32_r_6	פּאָנטש, ח.	א. י. שפּיראָ		פֿאַרלאָג	ער איז דער פֿאַרלעגער פֿון די ווערק פֿון דעם מחבר.
M-3-facs_32_r_8-000	P-3-facs_32_r_8	3	facs_32_r_8	פּאַסטאָר, משה	פֿאָטער*	male	אַ שוסטער	ער איז דער פֿאָטער פֿון דעם סוביעקט.
M-3-facs_32_r_8-001	P-3-facs_32_r_8	3	facs_32_r_8	פּאַסטאָר, משה	דאָרגוזשאַנסקי	male	דיריגענט	ער איז געווען דער דיריגענט פֿון דעם כאָר וואו דער סוביעקט האָט געזונגען.
M-3-facs_32_r_8-002	P-3-facs_32_r_8	3	facs_32_r_8	פּאַסטאָר, משה	יצחק קאַצענעלזאָן	male	"יצחק קאַצענעלזאָן׳ס „הבימה העברית"""	דער סוביעקט האָט זיך באַטייליקט אין די העברעישע פֿארשטעלונגען פֿון זיין הבימה העברית.
M-3-facs_32_r_8-003	P-3-facs_32_r_8	3	facs_32_r_8	פּאַסטאָר, משה	זלמן זילבערצווייג	male	"„לידא“ (א""ל פֿון זלמן זילבערצווייג)"	דער סוביעקט האָט זיך באַטינליקט אין די העברעישע און יידישע פֿאָרשטעלונגען פֿון זיין לידא.
M-3-facs_32_r_8-004	P-3-facs_32_r_8	3	facs_32_r_8	פּאַסטאָר, משה	מ. ד. וואַקסמאַן	male	מ. ד. וואַקסמאַנס טרופּע	דער סוביעקט איז געוואָרן אַ פּראָפעסיאנעלער אַקטיאָר אין זיין טרופּע.
M-3-facs_32_r_8-005	P-3-facs_32_r_8	3	facs_32_r_8	פּאַסטאָר, משה	יוליוס אַדלער	male	די טרופּע פֿון יוליוס אַדלער	דער סוביעקט איז אַריבער אין זיין טרופּע.
M-3-facs_32_r_8-006	P-3-facs_32_r_8	3	facs_32_r_8	פּאַסטאָר, משה	הערמאַן סיעראָצקי	male	הערמאַן סיעראָצקי	דער סוביעקט איז אַריבער אין דער טרופּע פֿון יוליוס אַדלער און הערמאַן סיעראָצקי.
M-3-facs_32_r_8-007	P-3-facs_32_r_8	3	facs_32_r_8	פּאַסטאָר, משה	קאָמפּאַניעיעץ	male	קאָמפּאַניעיעץ'ס טרופּע	דער סוביעקט איז אָפּגעפאָרן מיט זיין טרופּע קיין רומעניע.
M-3-facs_32_r_8-008	P-3-facs_32_r_8	3	facs_32_r_8	פּאַסטאָר, משה	סעווילאַ זיגלער	female	די אַקטריסע סעווילאַ זיגלער	דער סוביעקט האָט חתונה געהאַט מיט איר.
M-3-facs_32_r_8-009	P-3-facs_32_r_8	3	facs_32_r_8	פּאַסטאָר, משה	משה זיגלער	male	זיין שווערס, משה זיגלער'ס טרופּע	ער איז דער שווער פֿון דעם סוביעקט.
M-3-facs_33_tr_1752653026-000	P-3-facs_33_tr_1752653026	3	facs_33_tr_1752653026	פּאַסטערנאַק, ווילי	פֿאָטער *		אַ שפּייז-הענדלער	ער איז געווען דער פֿאָטער פֿונעם סוביעקט.
M-3-facs_33_tr_1752653026-001	P-3-facs_33_tr_1752653026	3	facs_33_tr_1752653026	פּאַסטערנאַק, ווילי	יאָזעף עדעלשטיין		מענעדזשער פֿון „פּיפּלס טעאַטער“	דער סוביעקט האָט זיך באַקענט מיט אים און ער איז געווען זיין מענעדזשער.
M-3-facs_33_tr_1752653026-002	P-3-facs_33_tr_1752653026	3	facs_33_tr_1752653026	פּאַסטערנאַק, ווילי	יעקב קאַליך			ער איז געווען א שותף מיט דעם סוביעקט אין קעסלער'ס סעקאָנד עוועניו טעאַטער און אין פֿאָלקס טעאַטער.
M-3-facs_33_tr_1752653026-003	P-3-facs_33_tr_1752653026	3	facs_33_tr_1752653026	פּאַסטערנאַק, ווילי	יאָזעף רומשינסקי			ער איז געווען א שותף מיט דעם סוביעקט אין קעסלער'ס סעקאָנד עוועניו טעאַטער און אין פֿאָלקס טעאַטער.
M-3-facs_33_tr_1752653026-004	P-3-facs_33_tr_1752653026	3	facs_33_tr_1752653026	פּאַסטערנאַק, ווילי	מאַקס סעיגער			ער איז געווען א שותף מיט דעם סוביעקט אין קעסלער'ס סעקאָנד עוועניו טעאַטער, פֿאָלקס טעאַטער און פּאָבליק טעאַטער.
M-3-facs_33_tr_1752653026-005	P-3-facs_33_tr_1752653026	3	facs_33_tr_1752653026	פּאַסטערנאַק, ווילי	נייטאָן פאַרנעס			ער איז געווען א שותף מיט דעם סוביעקט אין קעסלער'ס סעקאָנד עוועניו טעאַטער, פֿאָלקס טעאַטער און פּאָבליק טעאַטער.
M-3-facs_33_tr_1752653026-006	P-3-facs_33_tr_1752653026	3	facs_33_tr_1752653026	פּאַסטערנאַק, ווילי	וויליאַם ראָלאַנד			ער איז געווען א שותף מיט דעם סוביעקט אין פּאָבליק טעאַטער.
M-3-facs_33_tr_1752653026-007	P-3-facs_33_tr_1752653026	3	facs_33_tr_1752653026	פּאַסטערנאַק, ווילי	י. קירשענבוים			ער האָט געשריבן וועגן דעם סוביעקט.
M-3-facs_33_tr_1752653026-008	P-3-facs_33_tr_1752653026	3	facs_33_tr_1752653026	פּאַסטערנאַק, ווילי	עלישאַ [ב. באָטוויניק]			ער האָט כאַראַקטעריזירט דעם סוביעקט.
M-3-facs_33_tr_1752653026-009	P-3-facs_33_tr_1752653026	3	facs_33_tr_1752653026	פּאַסטערנאַק, ווילי	שלום פּערלמוטער			ער האָט אָנגעוויזן אויף אַ באַזונדערער זייט פֿונעם סוביעקט.
M-3-facs_34_tr_1752653017-000	P-3-facs_34_tr_1752653017	3	facs_34_tr_1752653017	פאָסטערנאַק, הנינא	פֿאָטער*	זכר	פֿרומע עלטערן, אייער-סוחרים	דער פֿאָטער פֿונעם סוביעקט.
M-3-facs_34_tr_1752653017-001	P-3-facs_34_tr_1752653017	3	facs_34_tr_1752653017	פאָסטערנאַק, הנינא	מוטער*	נקבה	פֿרומע עלטערן, אייער-סוחרים	די מוטער פֿונעם סוביעקט.
M-3-facs_34_tr_1752653017-002	P-3-facs_34_tr_1752653017	3	facs_34_tr_1752653017	פאָסטערנאַק, הנינא	לערער*	זכר	פּריוואט לערער	אַ לערער ביי וועמען דער סוביעקט האָט געלערנט פּריוואט.
M-3-facs_34_tr_1752653017-003	P-3-facs_34_tr_1752653017	3	facs_34_tr_1752653017	פאָסטערנאַק, הנינא	שענקמאַן	זכר		אַן אַקטיאָר אָדער פּערסאָנאַל אין דעם סוביעקטס טעאַטער וועמען ער האָט געצאָלט שכירות.
M-3-facs_34_tr_1752653017-004	P-3-facs_34_tr_1752653017	3	facs_34_tr_1752653017	פאָסטערנאַק, הנינא	אַבראַמאָוו	זכר		אַן אַקטיאָר אָדער פּערסאָנאַל אין דעם סוביעקטס טעאַטער וועמען ער האָט געצאָלט שכירות.
M-3-facs_34_tr_1752653017-005	P-3-facs_34_tr_1752653017	3	facs_34_tr_1752653017	פאָסטערנאַק, הנינא	סיימאָן	זכר		אַן אַקטיאָר אָדער פּערסאָנאַל אין דעם סוביעקטס טעאַטער וועמען ער האָט געצאָלט שכירות.
M-3-facs_34_tr_1752653017-006	P-3-facs_34_tr_1752653017	3	facs_34_tr_1752653017	פאָסטערנאַק, הנינא	יעקב זילבערט	זכר	שותף	אַ שותף פֿונעם סוביעקט אין דעם ליריק טעאַטער.
M-3-facs_34_tr_1752653015-000	P-3-facs_34_tr_1752653015	3	facs_34_tr_1752653015	פאָסיאַס, שימען	משפּחה*			1900 זיך באַזעצט מיט דער משפּחה אין קיעוו.
M-3-facs_34_tr_1752653015-001	P-3-facs_34_tr_1752653015	3	facs_34_tr_1752653015	פאָסיאַס, שימען	פֿאַמיליע*		ארטאָדאָקסישער פאַמיליע	1907 — עמיגרירט די פֿאַמיליע קיין אַרץ-ישראל.
M-3-facs_34_tr_1752653015-002	P-3-facs_34_tr_1752653015	3	facs_34_tr_1752653015	פאָסיאַס, שימען	חזן*	זכר		ווערט ער אָפּגעגעבן אַלס משורר צו אַ חזן.
M-3-facs_34_tr_1752653015-003	P-3-facs_34_tr_1752653015	3	facs_34_tr_1752653015	פאָסיאַס, שימען	משוררים*			"פּרואווט ער אויפֿפֿירן מיט די משוררים זיינע אַ ""פּיעסע""."
M-3-facs_34_tr_1752653015-004	P-3-facs_34_tr_1752653015	3	facs_34_tr_1752653015	פאָסיאַס, שימען	גאָלדשמיד*			פּ. ווערט אַוועקגעגעבן צו אַ גאָלדשמיד.
M-3-facs_34_tr_1752653015-005	P-3-facs_34_tr_1752653015	3	facs_34_tr_1752653015	פאָסיאַס, שימען	פישזאָניען	זכר		באַטיילנדיק זיך שפּעטער ווי אַ כאָריסט און סטאַטיסט ביי פישזאָניען.
M-3-facs_34_tr_1752653015-006	P-3-facs_34_tr_1752653015	3	facs_34_tr_1752653015	פאָסיאַס, שימען	ליבהאָבער*		גרופּע ליבהאָבער	אָרגאַניזירט פּ. אַ גרופּע ליבהאָבער.
M-3-facs_34_tr_1752653015-007	P-3-facs_34_tr_1752653015	3	facs_34_tr_1752653015	פאָסיאַס, שימען	בעטי קעניג	נקבה		דורך בעטי קעניג אַריינגענומען אין פּראָפעסיאנעלן טעאַטער.
M-3-facs_34_tr_1752653015-008	P-3-facs_34_tr_1752653015	3	facs_34_tr_1752653015	פאָסיאַס, שימען	כליוונער			"געשפּילט אין טעאַטער א""ל פֿון כליוונער."
M-3-facs_34_tr_1752653015-009	P-3-facs_34_tr_1752653015	3	facs_34_tr_1752653015	פאָסיאַס, שימען	מייערסאָן			"טרעט פּ. אַריין זומער 1918 אין דער טרופּע „מאַגילאָוו פּאָדאָלסק"" (מיט מייערסאָן, עפּשטיין)."
M-3-facs_34_tr_1752653015-010	P-3-facs_34_tr_1752653015	3	facs_34_tr_1752653015	פאָסיאַס, שימען	עפּשטיין			"טרעט פּ. אַריין זומער 1918 אין דער טרופּע „מאַגילאָוו פּאָדאָלסק"" (מיט מייערסאָן, עפּשטיין)."
M-3-facs_34_tr_1752653015-011	P-3-facs_34_tr_1752653015	3	facs_34_tr_1752653015	פאָסיאַס, שימען	דוד קייזעראָוויטש	זכר		"אין אָדעסער מיניאַטור-טעאַטער א""ל פֿון דוד קייזעראָוויטש."
M-3-facs_34_tr_1752653015-012	P-3-facs_34_tr_1752653015	3	facs_34_tr_1752653015	פאָסיאַס, שימען	פֿרידמאַן			אין כערסאָן מיט די טרופּעס פֿון פֿרידמאַן, וואָרגאַטש, לאַמפּע.
M-3-facs_34_tr_1752653015-013	P-3-facs_34_tr_1752653015	3	facs_34_tr_1752653015	פאָסיאַס, שימען	וואָרגאַטש			אין כערסאָן מיט די טרופּעס פֿון פֿרידמאַן, וואָרגאַטש, לאַמפּע.
M-3-facs_34_tr_1752653015-014	P-3-facs_34_tr_1752653015	3	facs_34_tr_1752653015	פאָסיאַס, שימען	לאַמפּע			אין כערסאָן מיט די טרופּעס פֿון פֿרידמאַן, וואָרגאַטש, לאַמפּע.
M-3-facs_34_tr_1752653015-015	P-3-facs_34_tr_1752653015	3	facs_34_tr_1752653015	פאָסיאַס, שימען	יוליוס אַדלער	זכר	גאַסטראָלירנדיקן	אין קאָלעקטיוו מיטן גאַסטראָלירנדיקן יוליוס אַדלער.
M-3-facs_34_r_3-000	P-3-facs_34_r_3	3	facs_34_r_3	פאַסקאַל, עדוואַרד	פֿאָטער *	זכר	אַ שניידער	ער איז דער פֿאָטער פֿון דעם סוביעקט.
M-3-facs_34_r_3-001	P-3-facs_34_r_3	3	facs_34_r_3	פאַסקאַל, עדוואַרד	הערמאַן מאָרגוליס	זכר	חזן	דער סוביעקט האָט געזונגען ביי אים.
M-3-facs_34_r_3-002	P-3-facs_34_r_3	3	facs_34_r_3	פאַסקאַל, עדוואַרד	יעקב בערלין	זכר	יידישע אַקטיאָרן	דער סוביעקט איז אַוועקגעפאָרן מיט אים קיין סט. לואיס.
M-3-facs_34_r_3-003	P-3-facs_34_r_3	3	facs_34_r_3	פאַסקאַל, עדוואַרד	נעלי קעסמאַן	נקבה	טרופּע	דער סוביעקט האָט געשפּילט מיט איר טרופּע.
M-3-facs_34_r_3-004	P-3-facs_34_r_3	3	facs_34_r_3	פאַסקאַל, עדוואַרד	ש. שטיינבערג	זכר	טרופּע	דער סוביעקט האָט געשפּילט מיט זיין טרופּע.
M-3-facs_34_r_3-005	P-3-facs_34_r_3	3	facs_34_r_3	פאַסקאַל, עדוואַרד	משה שאָר	זכר		דער סוביעקט האָט דעביוטירט אין זיין פּיעסע.
M-3-facs_34_r_3-006	P-3-facs_34_r_3	3	facs_34_r_3	פאַסקאַל, עדוואַרד	יעקב זילבערט	זכר	טרופּע	דער סוביעקט איז איבער אין זיין טרופּע.
M-3-facs_34_r_3-007	P-3-facs_34_r_3	3	facs_34_r_3	פאַסקאַל, עדוואַרד	אַדאָלף גערטנער	זכר	אין ״12 סטריט טעאַטער“	דער סוביעקט איז אָנגאַזשירט געוואָרן צו אים.
M-3-facs_34_r_3-008	P-3-facs_34_r_3	3	facs_34_r_3	פאַסקאַל, עדוואַרד	מוני ווייזענפֿריינד	זכר	„לידינג מען“	דער סוביעקט האָט געשפּילט מיט אים.
M-3-facs_34_r_3-009	P-3-facs_34_r_3	3	facs_34_r_3	פאַסקאַל, עדוואַרד	פֿינגאָלד	זכר	אין אַ פיקטשור-הויז	דער סוביעקט האָט געשפּילט ביי אים.
M-3-facs_34_r_3-010	P-3-facs_34_r_3	3	facs_34_r_3	פאַסקאַל, עדוואַרד	ס. ה. קאָן	זכר	יידישער טרופּע	דער סוביעקט איז אַריין אין זיין טרופּע.
M-3-facs_34_r_3-011	P-3-facs_34_r_3	3	facs_34_r_3	פאַסקאַל, עדוואַרד	אסתר פיעלד	נקבה	יידישער טרופּע	דער סוביעקט איז אַריין אין איר טרופּע.
M-3-facs_34_r_3-012	P-3-facs_34_r_3	3	facs_34_r_3	פאַסקאַל, עדוואַרד	לייזער ראָזענשטיין	זכר	יידישער טרופּע	דער סוביעקט איז אַריין אין זיין טרופּע.
M-3-facs_34_r_3-013	P-3-facs_34_r_3	3	facs_34_r_3	פאַסקאַל, עדוואַרד	בערנארד עלווינג	זכר	דיר. אין „מאנומענט נעשאָנאַל טעאַטער“	דער סוביעקט האָט געשפּילט אין זיין טעאַטער.
M-3-facs_34_r_3-014	P-3-facs_34_r_3	3	facs_34_r_3	פאַסקאַל, עדוואַרד	אייב קאָגוט	זכר	דיר. אין „סוירקל טעאַטער“	דער סוביעקט האָט געשפּילט אין זיין טעאַטער.
M-3-facs_34_r_3-015	P-3-facs_34_r_3	3	facs_34_r_3	פאַסקאַל, עדוואַרד	בלאַנק	זכר	גאַסטראָלירנדיקע אַקטיאָרן	דער סוביעקט האָט געשפּילט צוזאַמען מיט אים.
M-3-facs_34_r_3-016	P-3-facs_34_r_3	3	facs_34_r_3	פאַסקאַל, עדוואַרד	בעסי טאָמאַשעווסקי	נקבה	גאַסטראָלירנדיקע אַקטיאָרן	דער סוביעקט האָט געשפּילט צוזאַמען מיט איר.
M-3-facs_34_r_3-017	P-3-facs_34_r_3	3	facs_34_r_3	פאַסקאַל, עדוואַרד	ראָטשטיין	זכר	גאַסטראָלירנדיקע אַקטיאָרן	דער סוביעקט האָט געשפּילט צוזאַמען מיט אים.
M-3-facs_34_r_3-018	P-3-facs_34_r_3	3	facs_34_r_3	פאַסקאַל, עדוואַרד	ען ניקעל	נקבה		דער סוביעקט האָט געשפּילט אין איר פּיעסע.
M-3-facs_34_r_3-019	P-3-facs_34_r_3	3	facs_34_r_3	פאַסקאַל, עדוואַרד	סילוויאַ סידני	נקבה	אַקטיאָרן	דער סוביעקט האָט געשפּילט מיט איר.
M-3-facs_34_r_3-020	P-3-facs_34_r_3	3	facs_34_r_3	פאַסקאַל, עדוואַרד	עלמער רייס	זכר		דער סוביעקט האָט געשפּילט אין זיין פּיעסע.
M-3-facs_35_tr_1752653010-000	P-3-facs_35_tr_1752653010	3	facs_35_tr_1752653010	פּאַסקאַל, שמעון	פֿאָטער *	זכר	אַ שמיד	ער איז געווען זיין פֿאָטער.
M-3-facs_35_tr_1752653010-001	P-3-facs_35_tr_1752653010	3	facs_35_tr_1752653010	פּאַסקאַל, שמעון	אַברהם אָשר	זכר	חזן	פּ. איז געווען אַ משורך ביי אים אין גאַלאַץ.
M-3-facs_35_tr_1752653010-002	P-3-facs_35_tr_1752653010	3	facs_35_tr_1752653010	פּאַסקאַל, שמעון	פֿישל קאָנאַפּאָוו	זכר	שפּעטערדיקע יידישע אַקטיאָרן	ער איז געווען איינער פֿון די אַנדערע משוררים ביי אַברהם אָשר.
M-3-facs_35_tr_1752653010-003	P-3-facs_35_tr_1752653010	3	facs_35_tr_1752653010	פּאַסקאַל, שמעון	לייזער ראָזענשטיין	זכר	שפּעטערדיקע יידישע אַקטיאָרן	ער איז געווען איינער פֿון די אַנדערע משוררים ביי אַברהם אָשר.
M-3-facs_35_tr_1752653010-004	P-3-facs_35_tr_1752653010	3	facs_35_tr_1752653010	פּאַסקאַל, שמעון	דוד באַראַץ	זכר	שפּעטערדיקע יידישע אַקטיאָרן	ער איז געווען איינער פֿון די אַנדערע משוררים ביי אַברהם אָשר.
M-3-facs_35_tr_1752653010-005	P-3-facs_35_tr_1752653010	3	facs_35_tr_1752653010	פּאַסקאַל, שמעון	יאָסל באַס	זכר	דער זינגער	ער איז געווען איינער פֿון די אַנדערע משוררים ביי אַברהם אָשר.
M-3-facs_35_tr_1752653010-006	P-3-facs_35_tr_1752653010	3	facs_35_tr_1752653010	פּאַסקאַל, שמעון	שלום שייקעלעס	זכר	באַזיצער פֿון סאלאָנען	פּ. איז אַריינגעטראָטן אין זיינע סאלאָנען אויף דער איסט סייד.
M-3-facs_35_tr_1752653010-007	P-3-facs_35_tr_1752653010	3	facs_35_tr_1752653010	פּאַסקאַל, שמעון	דיק	זכר	באַזיצער פֿון סאלאָנען	פּ. איז אַריינגעטראָטן אין זיינע סאלאָנען אויף דער איסט סייד.
M-3-facs_35_tr_1752653010-008	P-3-facs_35_tr_1752653010	3	facs_35_tr_1752653010	פּאַסקאַל, שמעון	לואיס קופּערשמידטן	זכר	באַזיצער פֿון קליוולענדער „ראָיאל טעאַטער“	פּ. האָט געשפּילט מיט אים איבער דער פּראָווינץ און איז ביי אים אָנגאַזשירט געוואָרן.
M-3-facs_35_tr_1752653010-009	P-3-facs_35_tr_1752653010	3	facs_35_tr_1752653010	פּאַסקאַל, שמעון	יעקב זילבערט	זכר	בראש פֿון דער מאָנטרעאָלער טרופּע	פּ. האָט געשפּילט אין דער מאָנטרעאָלער טרופּע מיט אים בראש.
M-3-facs_35_tr_1752653010-010	P-3-facs_35_tr_1752653010	3	facs_35_tr_1752653010	פּאַסקאַל, שמעון	זיידל ראָוונער	זכר		זיין איידעם חאַסין האָט געלערנט פּ. נאָטן און חזנות.
M-3-facs_35_tr_1752653010-011	P-3-facs_35_tr_1752653010	3	facs_35_tr_1752653010	פּאַסקאַל, שמעון	חאַסין	זכר	זיידל ראָוונער'ס איידעם	ער האָט געלערנט פּ. נאָטן און חזנות.
M-3-facs_35_tr_1752653010-012	P-3-facs_35_tr_1752653010	3	facs_35_tr_1752653010	פּאַסקאַל, שמעון	פֿרידאַ זיבעל	נקבה	אַלס „דינה“	זי האָט געשפּילט מיט אים אין בראנקסער פּראָספּעקט טעאַטער.
M-3-facs_35_tr_1752653022-000	P-3-facs_35_tr_1752653022	3	facs_35_tr_1752653022	פּאַסקעוויטש, דזשאַנעט	פֿאָטער*	זכר	אַ בעקער	ער איז דער פֿאָטער פֿון דער סוביעקט.
M-3-facs_35_tr_1752653022-001	P-3-facs_35_tr_1752653022	3	facs_35_tr_1752653022	פּאַסקעוויטש, דזשאַנעט	מאָטל גאָלדרינג	זכר	אַקטיאָר	ער איז דער פֿעטער פֿון דער סוביעקט.
M-3-facs_35_tr_1752653022-002	P-3-facs_35_tr_1752653022	3	facs_35_tr_1752653022	פּאַסקעוויטש, דזשאַנעט	איציקל גאָלדענבורג	זכר	דירעקציע „זשיגניצע“	ער איז געווען דער דירעקטאָר פֿון טעאַטער ווו די סוביעקט האָט געשפּילט.
M-3-facs_35_tr_1752653022-003	P-3-facs_35_tr_1752653022	3	facs_35_tr_1752653022	פּאַסקעוויטש, דזשאַנעט	יאָזעף קעסלער	זכר		ער האָט אָנגאַזשירט די סוביעקט קיין לאָנדאָן.
M-3-facs_35_tr_1752653022-004	P-3-facs_35_tr_1752653022	3	facs_35_tr_1752653022	פּאַסקעוויטש, דזשאַנעט	מאָריס מאָשקאָוויטש	זכר		ער האָט געשפּילט אין פאַוויליאָן טעאַטער.
M-3-facs_35_tr_1752653022-005	P-3-facs_35_tr_1752653022	3	facs_35_tr_1752653022	פּאַסקעוויטש, דזשאַנעט	מאָריס שוואַרץ	זכר	דירעקציע	ער האָט אָנגאַזשירט די סוביעקט פֿאַר זיין טעאַטער אין ניו-יאָרק און פילאדעלפיע.
M-3-facs_35_tr_1752653022-006	P-3-facs_35_tr_1752653022	3	facs_35_tr_1752653022	פּאַסקעוויטש, דזשאַנעט	בערטא קאַליש	נקבה		זי האָט געשפּילט מיט דער סוביעקט אין אוירווינג פלייס טעאַטער.
M-3-facs_35_tr_1752653022-007	P-3-facs_35_tr_1752653022	3	facs_35_tr_1752653022	פּאַסקעוויטש, דזשאַנעט	ליטמאַנ׳ס	זכר	ליטמאַנ׳ס „פּיפּלס טעאַטער“	ער האָט אָנגאַזשירט די סוביעקט אַלס הויפּט-דראַמאַטיסטין אין דעטראָיט.
M-3-facs_35_tr_1752653022-008	P-3-facs_35_tr_1752653022	3	facs_35_tr_1752653022	פּאַסקעוויטש, דזשאַנעט	באָריס טאָמאַשעווסקי'ס	זכר		די סוביעקט האָט געשפּילט אין זיינע אויפֿפֿירונגען.
M-3-facs_35_tr_1752653022-009	P-3-facs_35_tr_1752653022	3	facs_35_tr_1752653022	פּאַסקעוויטש, דזשאַנעט	גאָרדינ'ס	זכר	דראַמאַטורג	די סוביעקט האָט געשפּילט אין זיינע פּיעסעס.
M-3-facs_35_tr_1752653022-010	P-3-facs_35_tr_1752653022	3	facs_35_tr_1752653022	פּאַסקעוויטש, דזשאַנעט	יהודה בלייכ'ס	זכר		די סוביעקט האָט געשפּילט אין זיין אויפֿפֿירונג.
M-3-facs_35_tr_1752653022-011	P-3-facs_35_tr_1752653022	3	facs_35_tr_1752653022	פּאַסקעוויטש, דזשאַנעט	סינקלער לואיס'ס	זכר	שריפֿטשטעלער	די סוביעקט האָט געשפּילט אין זיין דראַמאַטיזירטן ראָמאַן.
M-3-facs_35_tr_1752653022-012	P-3-facs_35_tr_1752653022	3	facs_35_tr_1752653022	פּאַסקעוויטש, דזשאַנעט	יעקב מעסטל'ס	זכר		די סוביעקט האָט געשפּילט אין זיין אויפֿפֿירונג אויף דער ראַדיאָ.
M-3-facs_35_tr_1752653022-013	P-3-facs_35_tr_1752653022	3	facs_35_tr_1752653022	פּאַסקעוויטש, דזשאַנעט	סעמיועל גאָלדענבורג	זכר		די סוביעקט האָט געשפּילט מיט אים אין נעשאָנאַל טעאַטער.
M-3-facs_35_tr_1752653022-014	P-3-facs_35_tr_1752653022	3	facs_35_tr_1752653022	פּאַסקעוויטש, דזשאַנעט	מאַלווינאַ	נקבה	יידישע שוישפּילערין	זי איז די שוועסטער פֿון דער סוביעקט.
M-3-facs_35_tr_1752653022-015	P-3-facs_35_tr_1752653022	3	facs_35_tr_1752653022	פּאַסקעוויטש, דזשאַנעט	רחל'ע	נקבה	יידישע שוישפּילערין	זי איז מאַלווינאַ'ס טאָכטער און די ניכטע פֿון דער סוביעקט.
M-3-facs_35_tr_1752653019-000	P-3-facs_35_tr_1752653019	3	facs_35_tr_1752653019	פּאַסקעוויטש, מאַלווינאַ	דזשאַנעט	נקבה		זי איז די שוועסטער פֿון דזשאַנעט.
M-3-facs_35_tr_1752653019-001	P-3-facs_35_tr_1752653019	3	facs_35_tr_1752653019	פּאַסקעוויטש, מאַלווינאַ	איציקל גאָלדענבורג	זכר		זי האָט אָנגעהויבן שפּילן קינדער-ראָלן ביי איציקל גאָלדענבורג.
M-3-facs_35_tr_1752653019-002	P-3-facs_35_tr_1752653019	3	facs_35_tr_1752653019	פּאַסקעוויטש, מאַלווינאַ	מרדכי סעגאלעסקאָ	זכר		זי איז אַריבער אויף פּרימאַדאָנע-ראָלן אין מרדכי סעגאלעסקאָ'ס טרופּע.
M-3-facs_35_tr_1752653019-003	P-3-facs_35_tr_1752653019	3	facs_35_tr_1752653019	פּאַסקעוויטש, מאַלווינאַ	גאָלדפֿאַדען	זכר		זי האָט געשפּילט אַממערסטן אין גאָלדפֿאַדען-רעפּערטואר.
M-3-facs_35_tr_1752653019-004	P-3-facs_35_tr_1752653019	3	facs_35_tr_1752653019	פּאַסקעוויטש, מאַלווינאַ	אַלבערט סעגאַלעסקאָ	זכר	אַקטיאָר	זי האָט חתונה געהאַט מיטן אַקטיאָר אַלבערט סעגאַלעסקאָ.
M-3-facs_35_tr_1752653019-005	P-3-facs_35_tr_1752653019	3	facs_35_tr_1752653019	פּאַסקעוויטש, מאַלווינאַ	סערבער	זכר	אַקטיאָר	זי האָט חתונה מיטן אַקטיאָר סערבער.
M-3-facs_35_tr_1752653019-006	P-3-facs_35_tr_1752653019	3	facs_35_tr_1752653019	פּאַסקעוויטש, מאַלווינאַ	רחל'ע	נקבה	אַקטריסע	רחל'ע איז פּ.'ס און סעגאָלעסקאָ'ס טאָכטער.
M-3-facs_36_tr_1752653027-000	P-3-facs_36_tr_1752653027	3	facs_36_tr_1752653027	פּאַפאַק, ה.	שאָלעם אַש			די פּיעסע אָנקעל מאָזעס איז לויט שאָלעם אַש.
M-3-facs_36_tr_1752653027-001	P-3-facs_36_tr_1752653027	3	facs_36_tr_1752653027	פּאַפאַק, ה.	י. מלינעק			די פּיעסע אָנקעל מאָזעס איז פֿון י. מלינעק.
M-3-facs_36_tr_1752653027-002	P-3-facs_36_tr_1752653027	3	facs_36_tr_1752653027	פּאַפאַק, ה.	ה. פאַפּאַק			די פּיעסע אָנקעל מאָזעס איז פֿון ה. פאַפּאַק.
M-3-facs_36_tr_1752653027-003	P-3-facs_36_tr_1752653027	3	facs_36_tr_1752653027	פּאַפאַק, ה.	מאָריס שוואַרץ			"מאָריס שוואַרץ האָט אויפֿגעפֿירט אין ""יידישן קונסט טעאַטער"" (""סעקאָנד עוועניו טעאַטער"" אין ניו-יאָרק) זיין אייגענע דראַמאַטיזאַציע פֿון ""אַנקעל מאָזעס""."
M-3-facs_36_tr_1752653027-004	P-3-facs_36_tr_1752653027	3	facs_36_tr_1752653027	פּאַפאַק, ה.	זיגמונט טורקאָוו			"זיגמונט טורקאָוו האָט אויפֿגעפֿירט אין וואַרשעווער „קאַמינסקי טעאַטער"" זיין אייגענע דראַמאַטיזירונג פון „אָנקעל מאָזעס""."
M-3-facs_36_tr_1752653027-005	P-3-facs_36_tr_1752653027	3	facs_36_tr_1752653027	פּאַפאַק, ה.	יעקב ראָטבוים			"יעקב ראָטבוים האָט אויפֿגעפֿירט מיט דער „פאָלקסבינע"" אין ניו יאָרק זיין אייגענע דראַמאַטיזירונג פֿון ""אָנקעל מאָזעס""."
M-3-facs_36_tr_1752653036-000	P-3-facs_36_tr_1752653036	3	facs_36_tr_1752653036	פאַפּירנאַ, אַברהם-יעקב	א. גאָלדפאַדען	זכר		דער סוביעקט האָט געשריבן זכרונות וועגן אים.
M-3-facs_36_tr_1752653032-000	P-3-facs_36_tr_1752653032	3	facs_36_tr_1752653032	פֿאָפּער, דוד	פאָטער*	זכר	אַ סוחר (שטאַמט פֿון רבי ר' דוד'ל), וועלכער האָט אויסגעוואַנדערט קיין אַמעריקע	ער איז דער פאָטער פונעם סוביעקט.
M-3-facs_36_tr_1752653032-001	P-3-facs_36_tr_1752653032	3	facs_36_tr_1752653032	פֿאָפּער, דוד	רבי ר' דוד'ל	זכר		דער פאָטער פונעם סוביעקט שטאַמט פֿון אים.
M-3-facs_36_tr_1752653032-002	P-3-facs_36_tr_1752653032	3	facs_36_tr_1752653032	פֿאָפּער, דוד	גאָרדין	זכר	דראַמאַטורג	דער סוביעקט האָט געזען זיין אויפפירונג 'צוויי וועלטן'.
M-3-facs_36_tr_1752653032-003	P-3-facs_36_tr_1752653032	3	facs_36_tr_1752653032	פֿאָפּער, דוד	צעזאָר גרינבערג	זכר		דער סוביעקט איז צוגעטראָטן צו זיין יידישער דראַמאַטישער שול.
M-3-facs_36_tr_1752653032-004	P-3-facs_36_tr_1752653032	3	facs_36_tr_1752653032	פֿאָפּער, דוד	לואי שעפער	זכר	אין באַלטימאָרער פאָלי טעאַטער	דער סוביעקט האָט געאַרבעט ביי אים.
M-3-facs_36_tr_1752653032-005	P-3-facs_36_tr_1752653032	3	facs_36_tr_1752653032	פֿאָפּער, דוד	אָנשל שאָר	זכר	אין פילאַדעלפיע	דער סוביעקט האָט געשפּילט ביי אים 5 יאָר.
M-3-facs_36_tr_1752653032-006	P-3-facs_36_tr_1752653032	3	facs_36_tr_1752653032	פֿאָפּער, דוד	עליאָס גליקמאַן	זכר	אין שיקאַגאָ	דער סוביעקט האָט געשפּילט ביי אים.
M-3-facs_36_tr_1752653032-007	P-3-facs_36_tr_1752653032	3	facs_36_tr_1752653032	פֿאָפּער, דוד	דזשוליוס נאטאַנסאָן	זכר	אין באָסטאָן	דער סוביעקט האָט געשפּילט ביי אים.
M-3-facs_36_tr_1752653032-008	P-3-facs_36_tr_1752653032	3	facs_36_tr_1752653032	פֿאָפּער, דוד	עדעלשטיין	זכר	אין ניו יאָרקער סעקאָנד עוועניו	דער סוביעקט האָט געשפּילט ביי אים.
M-3-facs_36_tr_1752653032-009	P-3-facs_36_tr_1752653032	3	facs_36_tr_1752653032	פֿאָפּער, דוד	געביל	זכר		דער סוביעקט האָט געשפּילט ביי אים צווישן 1926-29.
M-3-facs_36_tr_1752653032-010	P-3-facs_36_tr_1752653032	3	facs_36_tr_1752653032	פֿאָפּער, דוד	דאָראַ ווייסמאַן	נקבה		דער סוביעקט האָט מיט איר גאַסטראָלירט אין אָרגענטינע.
M-3-facs_36_tr_1752653032-011	P-3-facs_36_tr_1752653032	3	facs_36_tr_1752653032	פֿאָפּער, דוד	מאָריס שוואַרץ	זכר		דער סוביעקט האָט געשפּילט אין זיין קונסט טעאַטער.
M-3-facs_36_tr_1752653032-012	P-3-facs_36_tr_1752653032	3	facs_36_tr_1752653032	פֿאָפּער, דוד	הערמאַן יאַבלאָקאָוו	זכר	דירעקטאָר פונעם סעקאָנד עוועניו טעאַטער	ער איז געווען דער דירעקטאָר פונעם טעאַטער וואו דער סוביעקט האָט געשפּילט.
M-3-facs_36_tr_1752653032-013	P-3-facs_36_tr_1752653032	3	facs_36_tr_1752653032	פֿאָפּער, דוד	נייטאַן גאָלדבערג	זכר	דירעקטאָר פונעם פאַרקוועי טעאַטער	ער איז געווען אַ דירעקטאָר פונעם טעאַטער וואו דער סוביעקט האָט געשפּילט.
M-3-facs_36_tr_1752653032-014	P-3-facs_36_tr_1752653032	3	facs_36_tr_1752653032	פֿאָפּער, דוד	דזשייקאָב דזשייקאָבס	זכר	דירעקטאָר פונעם פאַרקוועי טעאַטער	ער איז געווען אַ דירעקטאָר פונעם טעאַטער וואו דער סוביעקט האָט געשפּילט.
M-3-facs_36_tr_1752653032-015	P-3-facs_36_tr_1752653032	3	facs_36_tr_1752653032	פֿאָפּער, דוד	דזשיימס האָרען	זכר		דער סוביעקט האָט געשפּילט אין זיין אקט 'עלסיס הענדבעג'.
M-3-facs_36_r_5-000	P-3-facs_36_r_5	3	facs_36_r_5	פאַרנעס, נייטאָן	פֿאָטער*	זכר	שענק-אייגנטימער	ער איז געווען דער פאָטער פון דעם סוביעקט.
M-3-facs_36_r_5-001	P-3-facs_36_r_5	3	facs_36_r_5	פאַרנעס, נייטאָן	מוטער*	נקבה	שענק-אייגנטימער	זי איז געווען די מוטער פון דעם סוביעקט.
M-3-facs_36_r_5-002	P-3-facs_36_r_5	3	facs_36_r_5	פאַרנעס, נייטאָן	אַדלער	זכר	אַ שותף אין „גרענד טעאַטער“	ער איז געווען אַ שותף אין „גרענד טעאַטער“ וואו פּ. האָט געאַרבעט אַלס קאַסירער.
M-3-facs_36_r_5-003	P-3-facs_36_r_5	3	facs_36_r_5	פאַרנעס, נייטאָן	ווילי פּאסטערנאַק	זכר	ביזנעס-מענעדזשער און שותף אין פאַרשידענע טעאַטערס	ער האָט אָנגאַזשירט דעם סוביעקט אין „פּיפּלס טעאַטער“ און איז געווען זיין שותף אין אַנדערע טעאַטערס.
M-3-facs_36_r_5-004	P-3-facs_36_r_5	3	facs_36_r_5	פאַרנעס, נייטאָן	עדעלשטיינ׳ען	זכר	אין „סעקאָנד עוועניו טעאַטער“	דער סוביעקט האָט געאַרבעט ביי אים אין „סעקאָנד עוועניו טעאַטער“.
M-3-facs_36_r_5-005	P-3-facs_36_r_5	3	facs_36_r_5	פאַרנעס, נייטאָן	יעקב קאַליך	זכר	אייגנטימער און מענעדזשער פֿון „קעסלער'ס סעקאָנד עוועניו טעאַטער“	ער איז געווען אַ שותף מיט דעם סוביעקט.
M-3-facs_36_r_5-006	P-3-facs_36_r_5	3	facs_36_r_5	פאַרנעס, נייטאָן	יאָזעף רומשינסקי	זכר	אייגנטימער און מענעדזשער פֿון „קעסלער'ס סעקאָנד עוועניו טעאַטער“	ער איז געווען אַ שותף מיט דעם סוביעקט.
M-3-facs_36_r_5-007	P-3-facs_36_r_5	3	facs_36_r_5	פאַרנעס, נייטאָן	מאַקס סעיגער	זכר	אייגנטימער און מענעדזשער אין „קעסלער'ס סעקאָנד עוועניו טעאַטער“ און „פאָבליק טעאַטער“	ער איז געווען אַ שותף מיט דעם סוביעקט.
M-3-facs_36_r_5-008	P-3-facs_36_r_5	3	facs_36_r_5	פאַרנעס, נייטאָן	וויליאם ראָלאַנד	זכר	מענעדזשער אין „פאָבליק טעאַטער“	ער איז געווען אַ שותף מיט דעם סוביעקט.
M-3-facs_37_tr_1752653030-000	P-3-facs_37_tr_1752653030	3	facs_37_tr_1752653030	פּאַשקאָווסקי, מישאַ	פֿאָטער*	זכר	בעל-הביתי׳שע עלטערן, סוחרים	דער פֿאָטער פֿונעם סוביעקט.
M-3-facs_37_tr_1752653030-001	P-3-facs_37_tr_1752653030	3	facs_37_tr_1752653030	פּאַשקאָווסקי, מישאַ	מוטער*	נקבה	בעל-הביתי׳שע עלטערן, סוחרים	די מוטער פֿונעם סוביעקט.
M-3-facs_37_tr_1752653030-002	P-3-facs_37_tr_1752653030	3	facs_37_tr_1752653030	פּאַשקאָווסקי, מישאַ	אָרלאָווסקי	זכר	אָרלאָווסקי'ס וואָקאַלדראַמאַטישע קורסן אין קיעוו	דער סוביעקט האָט געלערנט אין אָרלאָווסקי'ס וואָקאַלדראַמאַטישע קורסן.
M-3-facs_37_tr_1752653030-003	P-3-facs_37_tr_1752653030	3	facs_37_tr_1752653030	פּאַשקאָווסקי, מישאַ	גאָרסקי	זכר	די רוסישער טרופּע פֿון גאָרסקי	דער סוביעקט האָט געשפּילט אין זיין רוסישער טרופּע.
M-3-facs_37_tr_1752653030-004	P-3-facs_37_tr_1752653030	3	facs_37_tr_1752653030	פּאַשקאָווסקי, מישאַ	שאַראָוונער	זכר	שאַראָוונער'ס טרופּעס איבער רוסלאַנד	דער סוביעקט האָט דעביוטירט אין שאַראָוונער'ס טרופּעס.
M-3-facs_37_tr_1752653030-005	P-3-facs_37_tr_1752653030	3	facs_37_tr_1752653030	פּאַשקאָווסקי, מישאַ	מאַקס דרייער	זכר	"מאַקס דרייער'ס פּיעסע „די 17-יאָריקע"""	דער סוביעקט האָט איבערגעזעצט זיין פּיעסע.
M-3-facs_37_tr_1752653025-000	P-3-facs_37_tr_1752653025	3	facs_37_tr_1752653025	פּויזנער, סאול	פֿאָטער*			ער איז דער פֿאָטער פֿונעם סוביעקט.
M-3-facs_37_tr_1752653025-001	P-3-facs_37_tr_1752653025	3	facs_37_tr_1752653025	פּויזנער, סאול	מוטער*			זי איז די מוטער פֿונעם סוביעקט.
M-3-facs_37_tr_1752653025-002	P-3-facs_37_tr_1752653025	3	facs_37_tr_1752653025	פּויזנער, סאול	מוני ווייזענפֿריינד		"אַלס ""בער וויינשטיין"""	ער האָט געשפּילט אין דער פּיעסע פֿונעם סוביעקט.
M-3-facs_37_tr_1752653025-003	P-3-facs_37_tr_1752653025	3	facs_37_tr_1752653025	פּויזנער, סאול	פאָולינאַ אָפערמאַן			זי האָט געשפּילט אין דער פּיעסע פֿונעם סוביעקט.
M-3-facs_37_tr_1752653025-004	P-3-facs_37_tr_1752653025	3	facs_37_tr_1752653025	פּויזנער, סאול	אסתר פֿיעלד			זי האָט געשפּילט אין דער פּיעסע פֿונעם סוביעקט.
M-3-facs_37_tr_1752653025-005	P-3-facs_37_tr_1752653025	3	facs_37_tr_1752653025	פּויזנער, סאול	אַדאָלף גערטנער			ער האָט געשפּילט אין דער פּיעסע פֿונעם סוביעקט.
M-3-facs_37_tr_1752653025-006	P-3-facs_37_tr_1752653025	3	facs_37_tr_1752653025	פּויזנער, סאול	בעטי גערטנער			זי האָט געשפּילט אין דער פּיעסע פֿונעם סוביעקט.
M-3-facs_37_tr_1752653028-000	P-3-facs_37_tr_1752653028	3	facs_37_tr_1752653028	פולווער לעוו	פּ.	זכר	געבוירן 6 דעצעמבער 1883 אין ווערכנאָדניעפּראָווסק, מוזיקער, אָנפֿירער פֿון דער מוזיקאַלישער אָפּטיילונג ביים מאָסקווער יידישן מלוכה-טעאַטער	ער איז דער הויפּט-סוביעקט פֿון דעם ביאָגראַפֿישן טייל פֿון דעם אַרטיקל.
M-3-facs_37_tr_1752653028-001	P-3-facs_37_tr_1752653028	3	facs_37_tr_1752653028	פולווער לעוו	שלום-עליכם	זכר	יידישער שריפטשטעלער	ער איז דער מחבר פֿון פּיעסעס פֿאַר וועלכע פּ. האָט געשריבן מוזיק.
M-3-facs_37_tr_1752653028-002	P-3-facs_37_tr_1752653028	3	facs_37_tr_1752653028	פולווער לעוו	גראַנאָווסקי	זכר	טעאַטער-רעזשיסער און דראַמאַטורג	ער איז דער מחבר פֿון דער פּיעסע „די דריי פינטעלעך ייד“ פֿאַר וועלכע פּ. האָט געשריבן מוזיק.
M-3-facs_37_tr_1752653028-003	P-3-facs_37_tr_1752653028	3	facs_37_tr_1752653028	פולווער לעוו	דאָברושין	זכר	יידישער דראַמאַטורג און קריטיקער	ער האָט געשריבן און דראַמאַטיזירט עטלעכע פּיעסעס פֿאַר וועלכע פּ. האָט געשריבן מוזיק.
M-3-facs_37_tr_1752653028-004	P-3-facs_37_tr_1752653028	3	facs_37_tr_1752653028	פולווער לעוו	אויסלענדער	זכר	יידישער שריפטשטעלער	ער האָט געשריבן די פּיעסע „די דריי פינטעלעך ייד“ צוזאַמען מיט דאָברושין און גראַנאָווסקי.
M-3-facs_37_tr_1752653028-005	P-3-facs_37_tr_1752653028	3	facs_37_tr_1752653028	פולווער לעוו	אַברהם גאָלדפֿאַדען	זכר	דער פֿאָטער פֿונעם יידישן טעאַטער	פּיעסעס פֿון פּ.׳ס רעפּערטואַר זיינען געווען באַזירט אויף זיינע ווערק און מאָטיוון.
M-3-facs_37_tr_1752653028-006	P-3-facs_37_tr_1752653028	3	facs_37_tr_1752653028	פולווער לעוו	ש. האלקין	זכר	יידישער שריפטשטעלער	ער האָט געשריבן פּיעסעס פֿאַר וועלכע פּ. האָט קאָמפּאָנירט די מוזיק.
M-3-facs_37_tr_1752653028-007	P-3-facs_37_tr_1752653028	3	facs_37_tr_1752653028	פולווער לעוו	ש. מיכאָעלס	זכר	יידישער אַקטיאָר און רעזשיסער	ער האָט געשריבן דעם סצענאַריאָ פֿאַר דער פּיעסע „שולמית“ אין מאָסקווער מלוכה-טעאַטער.
M-3-facs_37_tr_1752653028-008	P-3-facs_37_tr_1752653028	3	facs_37_tr_1752653028	פולווער לעוו	ד			
M-3-facs_89_tr_1753268336-000	P-3-facs_89_tr_1753268336	3	facs_89_tr_1753268336	פזשיגאָדאַ, [?]	סאָלאָמאָן קרויזע	זכר		סאָלאָמאָן קרויזע גיט איבער אינפאָרמאַציע וועגן פּ. אין זיין טרופּע אין ווילנע.
M-3-facs_89_tr_1753268336-001	P-3-facs_89_tr_1753268336	3	facs_89_tr_1753268336	פזשיגאָדאַ, [?]	מ. מיאָדאָווניק	זכר		מ. מיאָדאָווניק שרייבט זכרונות וועגן דער צייט פֿון פּ. אין לאָדזש.
M-3-facs_89_tr_1753268336-002	P-3-facs_89_tr_1753268336	3	facs_89_tr_1753268336	פזשיגאָדאַ, [?]	מיליכן	זכר		פּראָווינץ-אַקטיאָרן פלעגן אין לאָדזש פֿאַרפֿאָרן צו אים.
M-3-facs_89_tr_1753268336-003	P-3-facs_89_tr_1753268336	3	facs_89_tr_1753268336	פזשיגאָדאַ, [?]	מיכל געלבאַרט	זכר		מיכל געלבאַרט דערציילט זכרונות וועגן אַ טרופּע אין וועלכער פּ. איז לכאורה געווען אַ מיטדירעקטאָר.
M-3-facs_89_tr_1753268336-004	P-3-facs_89_tr_1753268336	3	facs_89_tr_1753268336	פזשיגאָדאַ, [?]	חזן*	זכר	חזן אין לענטשיץ	מיכל געלבאַרט איז געווען אַ משורך ביי דעם חזן אין לענטשיץ.
M-3-facs_89_tr_1753268336-005	P-3-facs_89_tr_1753268336	3	facs_89_tr_1753268336	פזשיגאָדאַ, [?]	חזנ'ס טאָכטער*	נקבה		די חזנ'ס טאָכטער איז מיטגעפֿאָרן קיין קוטנע כדי צו ווערן אַ יידישע אַקטיאָרן.
M-3-facs_89_tr_1753268336-006	P-3-facs_89_tr_1753268336	3	facs_89_tr_1753268336	פזשיגאָדאַ, [?]	פּזשיגאָדאַ	זכר		פּזשיגאָדאַ האָט מקבל פּנים געווען די משוררים אין קוטנע מיט אַפישן.
M-3-facs_89_tr_1753268336-007	P-3-facs_89_tr_1753268336	3	facs_89_tr_1753268336	פזשיגאָדאַ, [?]	זילבערינג	זכר		זילבערינג האָט מקבל פּנים געווען די משוררים אין קוטנע מיט אַפישן.
M-3-facs_89_tr_1753268336-008	P-3-facs_89_tr_1753268336	3	facs_89_tr_1753268336	פזשיגאָדאַ, [?]	משה פֿעדער	זכר	אַקטיאָר	דער אַקטיאָר משה פֿעדער געדענקט פ.'ן אַלס טעאַטער-דירעקטאָר אין לאָדזש.
M-3-facs_89_tr_1753268336-009	P-3-facs_89_tr_1753268336	3	facs_89_tr_1753268336	פזשיגאָדאַ, [?]	יעקב קורלענדער	זכר	שוישפּילער פֿון דער ווילנער טרופּע	ער איז אָנגענומען געוואָרן אַלס רעזשיסער פֿון פּיאַט.
M-3-facs_89_tr_1753268336-010	P-3-facs_89_tr_1753268336	3	facs_89_tr_1753268336	פזשיגאָדאַ, [?]	א. י. מאַנסדאָרף	זכר	מיטגליד פֿון דער ווילנער טרופּע	ער איז געווען דער צווייטער רעזשיסער פֿון פּיאַט.
M-3-facs_89_tr_1753268336-011	P-3-facs_89_tr_1753268336	3	facs_89_tr_1753268336	פזשיגאָדאַ, [?]	דוד ליכט	זכר	מיטגליד פֿון דער ווילנער טרופּע	ער איז געווען דער דריטער רעזשיסער פֿון פּיאַט.
M-3-facs_89_tr_1753268336-012	P-3-facs_89_tr_1753268336	3	facs_89_tr_1753268336	פזשיגאָדאַ, [?]	הערמאַן בערלינסקי	זכר		ער האָט געשריבן די מוזיק פֿאַר עטלעכע אויפֿפֿירונגען פֿון פּיאַט.
M-3-facs_89_tr_1753268336-013	P-3-facs_89_tr_1753268336	3	facs_89_tr_1753268336	פזשיגאָדאַ, [?]	זשאַן ארלען			זשאַן ארלען האָט געמאַכט די טענץ פֿאַר אַן אויפֿפֿירונג פֿון פּיאַט.
M-3-facs_89_tr_1753268336-014	P-3-facs_89_tr_1753268336	3	facs_89_tr_1753268336	פזשיגאָדאַ, [?]	מ. קולבאַק	זכר		פּיאַט האָט אויפֿגעפֿירט זיין פּיעסע בויטרע.
M-3-facs_89_tr_1753268336-015	P-3-facs_89_tr_1753268336	3	facs_89_tr_1753268336	פזשיגאָדאַ, [?]	יעקב ראָטבוים	זכר	רעזשיסער	יעקב ראָטבוים איז אָנגאַזשירט געוואָרן אַלס רעזשיסער פֿון פּיאַט.
M-3-facs_89_tr_1753268336-016	P-3-facs_89_tr_1753268336	3	facs_89_tr_1753268336	פזשיגאָדאַ, [?]	דוד בערגעלסאָן	זכר		פּיאַט האָט אויפֿגעפֿירט זיין פּיעסע ברויטמיל.
M-3-facs_89_tr_1753268336-017	P-3-facs_89_tr_1753268336	3	facs_89_tr_1753268336	פזשיגאָדאַ, [?]	אַנדרעי פּראָנאשקאָ	זכר		ער האָט געמאַכט די דעקאָראַציעס פֿאַר דער פּיעסע ברויטמיל.
M-3-facs_89_tr_1753268336-018	P-3-facs_89_tr_1753268336	3	facs_89_tr_1753268336	פזשיגאָדאַ, [?]	ה. לייוויק	זכר		פּיאַט האָט אויפֿגעפֿירט זיין פּיעסע די אָרעמע מלוכה.
M-3-facs_89_tr_1753268336-019	P-3-facs_89_tr_1753268336	3	facs_89_tr_1753268336	פזשיגאָדאַ, [?]	באַרווין-פרענקל			באַרווין-פרענקל האָט געמאַכט די דעקאָראַציעס פֿאַר דער פּיעסע די אָרעמע מלוכה.
M-3-facs_89_tr_1753268336-020	P-3-facs_89_tr_1753268336	3	facs_89_tr_1753268336	פזשיגאָדאַ, [?]	פ. אַראָנעס	זכר		די אויפֿפֿירונג יידישע גליקן איז געווען לויט זיין ווערק לופט-פאַרנאָסעס.
M-3-facs_89_tr_1753268336-021	P-3-facs_89_tr_1753268336	3	facs_89_tr_1753268336	פזשיגאָדאַ, [?]	חיים קאַלמאַן	זכר		חיים קאַלמאַן האָט געמאַכט די דעקאָראַציעס פֿאַר יידישע גליקן.
M-3-facs_89_tr_1753268336-022	P-3-facs_89_tr_1753268336	3	facs_89_tr_1753268336	פזשיגאָדאַ, [?]	ל. ליטוואַק	זכר		ל. ליטוואַק האָט געשריבן די לידער פֿאַר יידישע גליקן.
M-3-facs_89_tr_1753268336-023	P-3-facs_89_tr_1753268336	3	facs_89_tr_1753268336	פזשיגאָדאַ, [?]	עלזאַ בעקער	נקבה		עלזאַ בעקער האָט געמאַכט די טענץ פֿאַר יידישע גליקן.
M-3-facs_89_tr_1753268336-024	P-3-facs_89_tr_1753268336	3	facs_89_tr_1753268336	פזשיגאָדאַ, [?]	אַבראַמאָוויטש	זכר	אַרבעטער אָדער האַנטווערקער	ער איז געווען אַ מיטגליד פֿון פּיאַט.
M-3-facs_89_tr_1753268336-025	P-3-facs_89_tr_1753268336	3	facs_89_tr_1753268336	פזשיגאָדאַ, [?]	ברייער	זכר	אַרבעטער אָדער האַנטווערקער	ער איז געווען אַ מיטגליד פֿון פּיאַט.
M-3-facs_89_tr_1753268336-026	P-3-facs_89_tr_1753268336	3	facs_89_tr_1753268336	פזשיגאָדאַ, [?]	הערמאַן	זכר	אַרבעטער אָדער האַנטווערקער	ער איז געווען אַ מיטגליד פֿון פּיאַט.
M-3-facs_89_tr_1753268336-027	P-3-facs_89_tr_1753268336	3	facs_89_tr_1753268336	פזשיגאָדאַ, [?]	טענענבוים	זכר	אַרבעטער אָדער האַנטווערקער	ער איז געווען אַ מיטגליד פֿון פּיאַט.
M-3-facs_89_tr_1753268336-028	P-3-facs_89_tr_1753268336	3	facs_89_tr_1753268336	פזשיגאָדאַ, [?]	לענסקי	זכר	אַרבעטער אָדער האַנטווערקער	ער איז געווען אַ מיטגליד פֿון פּיאַט.
M-3-facs_89_tr_1753268336-029	P-3-facs_89_tr_1753268336	3	facs_89_tr_1753268336	פזשיגאָדאַ, [?]	ענדין	זכר	אַרבעטער אָדער האַנטווערקער	ער איז געווען אַ מיטגליד פֿון פּיאַט.
M-3-facs_89_tr_1753268336-030	P-3-facs_89_tr_1753268336	3	facs_89_tr_1753268336	פזשיגאָדאַ, [?]	פוקס	זכר	אַרבעטער אָדער האַנטווערקער	ער איז געווען אַ מיטגליד פֿון פּיאַט.
M-3-facs_89_tr_1753268336-031	P-3-facs_89_tr_1753268336	3	facs_89_tr_1753268336	פזשיגאָדאַ, [?]	צימליך	זכר	אַרבעטער אָדער האַנטווערקער	ער איז געווען אַ מיטגליד פֿון פּיאַט.
M-3-facs_89_tr_1753268336-032	P-3-facs_89_tr_1753268336	3	facs_89_tr_1753268336	פזשיגאָדאַ, [?]	קיפּניס	זכר	אַרבעטער אָדער האַנטווערקער	ער איז געווען אַ מיטגליד פֿון פּיאַט.
M-3-facs_89_tr_1753268336-033	P-3-facs_89_tr_1753268336	3	facs_89_tr_1753268336	פזשיגאָדאַ, [?]	קינמאַן	זכר	אַרבעטער אָדער האַנטווערקער	ער איז געווען אַ מיטגליד פֿון פּיאַט.
M-3-facs_89_tr_1753268336-034	P-3-facs_89_tr_1753268336	3	facs_89_tr_1753268336	פזשיגאָדאַ, [?]	יוזשעק קאָנאַר	זכר	אַרבעטער אָדער האַנטווערקער	ער איז געווען אַ מיטגליד פֿון פּיאַט.
M-3-facs_89_tr_1753268336-035	P-3-facs_89_tr_1753268336	3	facs_89_tr_1753268336	פזשיגאָדאַ, [?]	קימעלפעלד	זכר	אַרבעטער אָדער האַנטווערקער	ער איז געווען אַ מיטגליד פֿון פּיאַט.
M-3-facs_89_tr_1753268336-036	P-3-facs_89_tr_1753268336	3	facs_89_tr_1753268336	פזשיגאָדאַ, [?]	ראָטשטיין	זכר	אַרבעטער אָדער האַנטווערקער	ער איז געווען אַ מיטגליד פֿון פּיאַט.
M-3-facs_89_tr_1753268336-037	P-3-facs_89_tr_1753268336	3	facs_89_tr_1753268336	פזשיגאָדאַ, [?]	שטאַרק	זכר	אַרבעטער אָדער האַנטווערקער	ער איז געווען אַ מיטגליד פֿון פּיאַט.
M-3-facs_89_tr_1753268336-038	P-3-facs_89_tr_1753268336	3	facs_89_tr_1753268336	פזשיגאָדאַ, [?]	שימען מירעלס	זכר	אַרבעטער אָדער האַנטווערקער	ער איז געווען אַ מיטגליד פֿון פּיאַט.
M-3-facs_89_tr_1753268336-039	P-3-facs_89_tr_1753268336	3	facs_89_tr_1753268336	פזשיגאָדאַ, [?]	אַנקע	נקבה	אַרבעטער אָדער האַנטווערקער	זי איז געווען אַ מיטגליד פֿון פּיאַט.
M-3-facs_89_tr_1753268336-040	P-3-facs_89_tr_1753268336	3	facs_89_tr_1753268336	פזשיגאָדאַ, [?]	ריווקע גאָמער	נקבה	אַרבעטער אָדער האַנטווערקער	זי איז געווען אַ מיטגליד פֿון פּיאַט.
M-3-facs_89_tr_1753268336-041	P-3-facs_89_tr_1753268336	3	facs_89_tr_1753268336	פזשיגאָדאַ, [?]	טאַנקעל	נקבה	אַרבעטער אָדער האַנטווערקער	זי איז געווען אַ מיטגליד פֿון פּיאַט.
M-3-facs_89_tr_1753268336-042	P-3-facs_89_tr_1753268336	3	facs_89_tr_1753268336	פזשיגאָדאַ, [?]	סאָקאָל	נקבה	אַרבעטער אָדער האַנטווערקער	זי איז געווען אַ מיטגליד פֿון פּיאַט.
M-3-facs_89_tr_1753268336-043	P-3-facs_89_tr_1753268336	3	facs_89_tr_1753268336	פזשיגאָדאַ, [?]	פלאַם	נקבה	אַרבעטער אָדער האַנטווערקער	זי איז געווען אַ מיטגליד פֿון פּיאַט.
M-3-facs_89_tr_1753268336-044	P-3-facs_89_tr_1753268336	3	facs_89_tr_1753268336	פזשיגאָדאַ, [?]	קלאָס	נקבה	אַרבעטער אָדער האַנטווערקער	זי איז געווען אַ מיטגליד פֿון פּיאַט.
M-3-facs_91_tr_1753268287-000	P-3-facs_91_tr_1753268287	3	facs_91_tr_1753268287	פּיוואַר ראָזע	פֿאָטער*	זכר	וועסטן-מאַכער	דער פֿאָטער פֿונעם סוביעקט.
M-3-facs_91_tr_1753268287-001	P-3-facs_91_tr_1753268287	3	facs_91_tr_1753268287	פּיוואַר ראָזע	מוטער*	נקיבה	וועסטן-מאַכער	די מוטער פֿונעם סוביעקט.
M-3-facs_91_tr_1753268268-000	P-3-facs_91_tr_1753268268	3	facs_91_tr_1753268268	פּיורניק, רוזשאַ	מ. מיאָדאָווניק		דער אַקטיאָר	דער אַקטיאָר מ. מיאָדאָווניק דערציילט וועגן דער טרופּע אין בענדין.
M-3-facs_91_tr_1753268268-001	P-3-facs_91_tr_1753268268	3	facs_91_tr_1753268268	פּיורניק, רוזשאַ	שטומאַכער		אָנפֿירונג פֿון דער טרופּע	שטומאַכער איז געווען דער אָנפֿירער פֿון דער טרופּע אין בענדין.
M-3-facs_91_tr_1753268268-002	P-3-facs_91_tr_1753268268	3	facs_91_tr_1753268268	פּיורניק, רוזשאַ	שליפערשטיין		דירעקטאָר פֿון דער טרופּע	שליפערשטיין איז געווען דער דירעקטאָר פֿון דער טרופּע אין לאָדזש.
M-3-facs_91_tr_1753268268-003	P-3-facs_91_tr_1753268268	3	facs_91_tr_1753268268	פּיורניק, רוזשאַ	אַברהם פישזאָן		רעזשיסער	אַברהם פישזאָן איז געווען דער רעזשיסער פֿון דער טרופּע אין לאָדזש.
M-3-facs_91_tr_1753268268-004	P-3-facs_91_tr_1753268268	3	facs_91_tr_1753268268	פּיורניק, רוזשאַ	פּיורניק		אַקטיאָר	פּיורניק איז געווען אָנגאַזשירט אין דער טרופּע אין לאָדזש.
M-3-facs_91_tr_1753268268-005	P-3-facs_91_tr_1753268268	3	facs_91_tr_1753268268	פּיורניק, רוזשאַ	פרוי*	פרוי	זיין פרוי	זיין פרוי איז געווען אָנגאַזשירט אין דער טרופּע אין לאָדזש.
M-3-facs_91_tr_1753268279-000	P-3-facs_91_tr_1753268279	3	facs_91_tr_1753268279	פּיין, מאַקס	פֿאָטער*	זכר	אַ קוויטל-שרייבער (פֿון פּדיונות) ביים רבי ר' מענדעלע שנייאורסאָן, דערנאָך אַ סוחר	ער איז דער פֿאָטער פֿון דעם סוביעקט.
M-3-facs_91_tr_1753268279-001	P-3-facs_91_tr_1753268279	3	facs_91_tr_1753268279	פּיין, מאַקס	ר' מענדעלע שנייאורסאָן	זכר	רבי	דעם סוביעקטס פֿאָטער איז געווען א קוויטל-שרייבער ביי אים.
M-3-facs_91_tr_1753268279-002	P-3-facs_91_tr_1753268279	3	facs_91_tr_1753268279	פּיין, מאַקס	מוטער*	נקבה		זי איז די מוטער פֿון דעם סוביעקט.
M-3-facs_91_tr_1753268279-003	P-3-facs_91_tr_1753268279	3	facs_91_tr_1753268279	פּיין, מאַקס	יוסף רומשינסקי	זכר	שרייבט וועגן זיין טעאַטער-טעטיקייט	ער האָט געשריבן וועגן דעם סוביעקט.
M-3-facs_91_tr_1753268278-000	P-3-facs_91_tr_1753268278	3	facs_91_tr_1753268278	פּינטשיק, פּ. [פּנחס סגל]	פֿאָטער*	זכר	אַ ליכטציער	ער איז דער פֿאָטער פֿון דעם סוביעקט.
M-3-facs_91_tr_1753268278-001	P-3-facs_91_tr_1753268278	3	facs_91_tr_1753268278	פּינטשיק, פּ. [פּנחס סגל]	זיידן*	זכר	וואו ער לערנט אין בית-המדרש אויף וואָדיאַנקאַ	אין עלטער פֿון 13 יאָר איז דער סוביעקט אַוועק צו זיין זיידן אין קיעוו.
M-3-facs_91_tr_1753268278-002	P-3-facs_91_tr_1753268278	3	facs_91_tr_1753268278	פּינטשיק, פּ. [פּנחס סגל]	רבי'ן*	זכר		דער סוביעקט האָט באַקומט „לעקציעס“ אויף פּיאַנאָ ביי די קינדער פֿון זיין רבי'ן.
M-3-facs_91_tr_1753268278-003	P-3-facs_91_tr_1753268278	3	facs_91_tr_1753268278	פּינטשיק, פּ. [פּנחס סגל]	קינדער פֿון זיין רבי'ן			דער סוביעקט באַקומט „לעקציעס“ אויף פּיאַנאָ ביי די קינדער פֿון זיין רבי'ן.
M-3-facs_91_tr_1753268278-004	P-3-facs_91_tr_1753268278	3	facs_91_tr_1753268278	פּינטשיק, פּ. [פּנחס סגל]	דיריגענט ווינאָקור	זכר	דיריגענט אין יידישן טעאַטער	ער האָט איינגעלאדן דעם סוביעקט אין יידישן טעאַטער.
M-3-facs_91_tr_1753268278-005	P-3-facs_91_tr_1753268278	3	facs_91_tr_1753268278	פּינטשיק, פּ. [פּנחס סגל]	מוטער*	נקבה		דער סוביעקט האָט געוואָלט מפרנס צו זיין זיין מוטער.
M-3-facs_92_tr_1753268305-000	P-3-facs_92_tr_1753268305	3	facs_92_tr_1753268305	פּינטשעווסקי, מוישע	פֿאָטער*	male	אַ מקובל און בר-אורין	ער איז דער פֿאָטער פֿונעם סוביעקט.
M-3-facs_92_tr_1753268305-001	P-3-facs_92_tr_1753268305	3	facs_92_tr_1753268305	פּינטשעווסקי, מוישע	שרה*	female		"די מוטער פֿונעם סוביעקט (דער סוביעקט ווערט גערופֿן א""פּ בן-שרה)."
M-3-facs_92_tr_1753268305-002	P-3-facs_92_tr_1753268305	3	facs_92_tr_1753268305	פּינטשעווסקי, מוישע	חיים טשערנאָוויץ (רב צעיר)	male	רב צעיר	דער סוביעקט איז אַריין אין זיין ישיבה אין אָדעס.
M-3-facs_92_tr_1753268305-003	P-3-facs_92_tr_1753268305	3	facs_92_tr_1753268305	פּינטשעווסקי, מוישע	ביאליק	male		ער איז געווען אין דער מסיבה פֿון העברעישן קרייז אין אָדעס צוזאַמען מיט דעם סוביעקט.
M-3-facs_92_tr_1753268305-004	P-3-facs_92_tr_1753268305	3	facs_92_tr_1753268305	פּינטשעווסקי, מוישע	ראַווניצקי	male		ער איז געווען אין דער מסיבה פֿון העברעישן קרייז אין אָדעס צוזאַמען מיט דעם סוביעקט.
M-3-facs_92_tr_1753268305-005	P-3-facs_92_tr_1753268305	3	facs_92_tr_1753268305	פּינטשעווסקי, מוישע	מענדעלע	male		ער איז געווען אין דער מסיבה פֿון העברעישן קרייז אין אָדעס צוזאַמען מיט דעם סוביעקט.
M-3-facs_92_tr_1753268305-006	P-3-facs_92_tr_1753268305	3	facs_92_tr_1753268305	פּינטשעווסקי, מוישע	פיניע כץ	male	יידישע ראדיקאלן	דער סוביעקט האָט אָנגעהויבן דרוקן לידער אונטער זיין ווירקונג.
M-3-facs_92_tr_1753268305-007	P-3-facs_92_tr_1753268305	3	facs_92_tr_1753268305	פּינטשעווסקי, מוישע	פֿאָרעגער	male	אַלגעמיינע קאָמפּאָזיציע פֿון ספעקטאַקל	ער האָט געמאַכט די אַלגעמיינע קאָמפּאָזיציע פֿון דעם סוביעקטס רעווי.
M-3-facs_92_tr_1753268305-008	P-3-facs_92_tr_1753268305	3	facs_92_tr_1753268305	פּינטשעווסקי, מוישע	קרעטאָוו	male	טענץ	ער האָט געמאַכט די טענץ פֿון דעם סוביעקטס רעווי.
M-3-facs_92_tr_1753268305-009	P-3-facs_92_tr_1753268305	3	facs_92_tr_1753268305	פּינטשעווסקי, מוישע	ריפטין	male	דעקאָראַציעס	ער האָט געמאַכט די דעקאָראַציעס פֿון דעם סוביעקטס רעווי.
M-3-facs_92_tr_1753268305-010	P-3-facs_92_tr_1753268305	3	facs_92_tr_1753268305	פּינטשעווסקי, מוישע	נוגער	male	רעזשי	ער איז געווען איינער פֿון די רעזשיסערן פֿון דעם סוביעקטס רעווי.
M-3-facs_92_tr_1753268305-011	P-3-facs_92_tr_1753268305	3	facs_92_tr_1753268305	פּינטשעווסקי, מוישע	זאַסלאַווסקי	male	רעזשי	ער איז געווען איינער פֿון די רעזשיסערן פֿון דעם סוביעקטס רעווי.
M-3-facs_92_tr_1753268305-012	P-3-facs_92_tr_1753268305	3	facs_92_tr_1753268305	פּינטשעווסקי, מוישע	זאַגראַניטשני	male	מוזיק	ער האָט געמאַכט די מוזיק פֿון דעם סוביעקטס רעווי.
M-3-facs_92_tr_1753268305-013	P-3-facs_92_tr_1753268305	3	facs_92_tr_1753268305	פּינטשעווסקי, מוישע	מ. גאָלדבלאַט	male	"רעזשיסער (א""ר)"	ער האָט רעזשיסירט די פּיעסע פֿונעם סוביעקט.
M-3-facs_92_r-000	P-3-facs_92_r	3	facs_92_r	פּינסקי, דוד	טאָטע*	זכר	אַ מאָסקווער קאָמיסיאָנער פֿון מיליטער-אָפיצירישער באַקליידונג און באַפּוצונג	ער איז געווען דער פאָטער פון דעם סוביעקט דוד פינסקי.
M-3-facs_92_r-001	P-3-facs_92_r	3	facs_92_r	פּינסקי, דוד	עלטערער ברודער*	זכר	האָט געלערנט פֿידל-שפּילן און פלייט	ער איז געווען דער עלטערער ברודער פון דוד פינסקי.
M-3-facs_92_r-002	P-3-facs_92_r	3	facs_92_r	פּינסקי, דוד	באָבע*	נקבה	אין איר דירה איז אויפגעפֿירט געוואָרן פּ.׳ס ערשטע דראַמע	זי איז געווען די באָבע פון דוד פינסקי.
M-3-facs_92_r-003	P-3-facs_92_r	3	facs_92_r	פּינסקי, דוד	מ. ספעקטאָר	זכר	רעדאַקטאָר פון „דער הויז-פֿריינד“	אין זיין אויסגאבע האָט דוד פינסקי דעביוטירט מיט זיין סאַטירע.
M-3-facs_92_r-004	P-3-facs_92_r	3	facs_92_r	פּינסקי, דוד	י. ל. פרץ	זכר	באַרימטער יידישער שרייבער	פּ. איז מיט אים נאָענט צונויפגעגאַנגען אין וואַרשע און געוואָרן אַקטיוו אין דער יידישער ליטעראַטור.
M-3-facs_92_r-005	P-3-facs_92_r	3	facs_92_r	פּינסקי, דוד	יוסף שלאָסבערג	זכר	מיט-אַרויסגעבער פון „די אידישע וואָכענשריפט“	ער האָט צוזאַמען מיט פּ. אַרויסגעגעבן אַ ליטעראַריש-סאָציאַליסטישן זשורנאַל.
M-3-facs_92_r-006	P-3-facs_92_r	3	facs_92_r	פּינסקי, דוד	זלמן רייזען	זכר	מחבר פון „לעקסיקאָן פון דער יידישער ליטעראַטור“	ער האָט געשריבן וועגן פּ.׳ס ליטעראַרישער טעטיקייט אין זיין לעקסיקאָן.
M-3-facs_92_r-007	P-3-facs_92_r	3	facs_92_r	פּינסקי, דוד	יעקב בן-עמי	זכר	שוישפּילער און רעזשיסער	ער האָט רעזשיסירט און געשפּילט אין פילע פון פּ.׳ס פּיעסעס.
M-3-facs_92_r-008	P-3-facs_92_r	3	facs_92_r	פּינסקי, דוד	לאה נעמי	נקבה	אקטריסע	זי האָט געשפּילט די ראָל פון ביילע אין דער פּיעסע „אייזיק שעפטעל“.
M-3-facs_92_r-009	P-3-facs_92_r	3	facs_92_r	פּינסקי, דוד	יצחק דייטש	זכר	שוישפּילער און רעזשיסער	ער האָט רעזשיסירט און געשפּילט אין פילע פאָרשטעלונגען פון פּ.׳ס ווערק אין אייראָפּע.
M-3-facs_92_r-010	P-3-facs_92_r	3	facs_92_r	פּינסקי, דוד	מיני דייטש	נקבה	אקטריסע	זי האָט געשפּילט אין דער פּיעסע „אייזיק שעפטעל“ אין ווין.
M-3-facs_92_r-011	P-3-facs_92_r	3	facs_92_r	פּינסקי, דוד	מאַרטין בובער	זכר	איבערזעצער און פילאָסאָף	ער האָט איבערגעזעצט פּ.׳ס פּיעסע „אייזיק שעפטעל“ אויף דייטש.
M-3-facs_92_r-012	P-3-facs_92_r	3	facs_92_r	פּינסקי, דוד	אייזיק גאָלדבערג	זכר	ד	
M-3-facs_92_r-013	P-3-facs_92_r	3	facs_92_r	פּינסקי, דוד	אייזיק גאָלדבערג	זכר	איבערזעצער פון פילע יידישע ווערק	ער האָט איבערגעזעצט דעם גרעסטן טייל פון פּ.׳ס דראַמעס אויף ענגליש.
M-3-facs_92_r-014	P-3-facs_92_r	3	facs_92_r	פּינסקי, דוד	אסתר רחל קאמינסקי	נקבה	די מוטער פון יידישן טעאַטער	זי האָט געשפּילט הויפּט-ראָלן אין פילע פון פּ.׳ס פּיעסעס סיי אין אמעריקע און סיי אין אייראָפּע.
M-3-facs_92_r-015	P-3-facs_92_r	3	facs_92_r	פּינסקי, דוד	עמנואל רייכער	זכר	רעזשיסער און שוישפּילער	ער האָט רעזשיסירט און געשפּילט אין דער אויפפירונג פון „דער שטומער משיח“.
M-3-facs_92_r-016	P-3-facs_92_r	3	facs_92_r	פּינסקי, דוד	חנה ראָווינאַ	נקבה	אקטריסע פון „הבימה“	זי האָט געשפּילט די ראָל פון דער מוטער פון משיח׳ן אין דער פּיעסע „דער אייביקער ייד“.
M-3-facs_92_r-017	P-3-facs_92_r	3	facs_92_r	פּינסקי, דוד	שלום-עליכם	זכר	באַרימטער יידישער הומאָריסט	ער האָט אָנגעשריבן אַ קאָמעדיע מיטן זעלבן נאָמען „דער אוצר“ אין דער זעלבער צייט ווי פּ.
M-3-facs_92_r-018	P-3-facs_92_r	3	facs_92_r	פּינסקי, דוד	משה אוישער	זכר	שוישפּילער און חזן	ער האָט געשפּילט די טיטל-ראָל אין דעם קלאַנג-פילם „יענקל דער שמיד“.
M-3-facs_92_r-019	P-3-facs_92_r	3	facs_92_r	פּינסקי, דוד	אננאַ ק. פינסקי	נקבה	איבערזעצערין	זי איז געווען די טאָכטער פון דוד פינסקי און האָט איבערגעזעצט עטלעכע פון זיין פּיעסעס אויף ענגליש.
M-3-facs_115_tr_1753726028-000	P-3-facs_115_tr_1753726028	3	facs_115_tr_1753726028	"פּינעס, מאיר ד""ר"	בעל-מחשבות			ער האָט איבערגעזעצט זיין ווערק אין יידיש.
M-3-facs_115_tr_1753726028-001	P-3-facs_115_tr_1753726028	3	facs_115_tr_1753726028	"פּינעס, מאיר ד""ר"	ב. שימין		פֿאַרלאַג	דער פֿאַרלעגער פֿון דער יידישער איבערזעצונג פֿון זיין ווערק.
M-3-facs_115_tr_1753726028-002	P-3-facs_115_tr_1753726028	3	facs_115_tr_1753726028	"פּינעס, מאיר ד""ר"	פאַמיליע*		אַריסטאָקראַטיש-נגידישער	די פאַמיליע אין וועלכע ער איז געבוירן געוואָרן.
M-3-facs_115_tr_1753726015-000	P-3-facs_115_tr_1753726015	3	facs_115_tr_1753726015	פינקוס, שאָלעם [וויטענבערג]	*עלטערן		פֿרומע עלטערן	עלטערן פֿון דעם סוביעקט.
M-3-facs_115_tr_1753726015-001	P-3-facs_115_tr_1753726015	3	facs_115_tr_1753726015	פינקוס, שאָלעם [וויטענבערג]	*פֿאָטער	זכר	אַן אָנגעשטעלטער ביי פּאָדריאדטשיקעס	פֿאָטער פֿון דעם סוביעקט.
M-3-facs_115_tr_1753726015-002	P-3-facs_115_tr_1753726015	3	facs_115_tr_1753726015	פינקוס, שאָלעם [וויטענבערג]	גאָרדינס	זכר	"מחבר פֿון „כאַסיע די יתומה"" און „די קרייצער סאָנאַטאַ“"	מחבר פֿון פּיעסעס אין וועלכע דער סוביעקט האָט געשפּילט.
M-3-facs_115_tr_1753726015-003	P-3-facs_115_tr_1753726015	3	facs_115_tr_1753726015	פינקוס, שאָלעם [וויטענבערג]	מאַרק אַרנשטיין	זכר	"רעזשיסער און מחבר פֿון „דאָס אייביקע ליד"""	רעזשיסער פֿון די אויפפֿירונגען אין וועלכע דער סוביעקט האָט זיך באַטייליקט.
M-3-facs_115_tr_1753726015-004	P-3-facs_115_tr_1753726015	3	facs_115_tr_1753726015	פינקוס, שאָלעם [וויטענבערג]	שלום-עליכם	זכר	"מחבר פֿון „דער גט"""	מחבר פֿון אַ פּיעסע אין וועלכע דער סוביעקט האָט געשפּילט.
M-3-facs_115_tr_1753726015-005	P-3-facs_115_tr_1753726015	3	facs_115_tr_1753726015	פינקוס, שאָלעם [וויטענבערג]	אַש	זכר	"מחבר פֿון „משיח'ס צייטן"""	מחבר פֿון אַ פּיעסע אין וועלכע דער סוביעקט האָט געשפּילט.
M-3-facs_115_tr_1753726015-006	P-3-facs_115_tr_1753726015	3	facs_115_tr_1753726015	פינקוס, שאָלעם [וויטענבערג]	פינסקיס	זכר	"מחבר פֿון „די פאַמיליע צבי"""	מחבר פֿון אַ פּיעסע וואָס דער סוביעקט האָט אויפגעשטעלט.
M-3-facs_115_tr_1753726015-007	P-3-facs_115_tr_1753726015	3	facs_115_tr_1753726015	פינקוס, שאָלעם [וויטענבערג]	ספּיוואַקאָווסקיס	זכר	אָנפֿירער פֿון א טרופּע אין ראָמני	דער סוביעקט האָט ביי אים אָנגעהויבן פּראָפעסיאנעל שפּילן.
M-3-facs_115_tr_1753726015-008	P-3-facs_115_tr_1753726015	3	facs_115_tr_1753726015	פינקוס, שאָלעם [וויטענבערג]	הירשביין	זכר	"אָנפֿירער פֿון דער „הירשביין-טרופּע"""	דער סוביעקט איז ביי אים געווען אַן אַקטיאָר און געהילף-רעזשיסער.
M-3-facs_115_tr_1753726015-009	P-3-facs_115_tr_1753726015	3	facs_115_tr_1753726015	פינקוס, שאָלעם [וויטענבערג]	יצחק קאַצענעלזאָן	זכר	"רעזשיסער און מחבר פֿון „מכירת יוסף"""	רעזשיסער פֿון די העברעישע אויפֿפֿירונגען אין וועלכע דער סוביעקט האָט זיך באַטייליקט.
M-3-facs_115_tr_1753726015-010	P-3-facs_115_tr_1753726015	3	facs_115_tr_1753726015	פינקוס, שאָלעם [וויטענבערג]	גוצקאָווס	זכר	מחבר פֿון „אוריאל אַקאָסטאָ“	מחבר פֿון אַ פּיעסע אין וועלכע דער סוביעקט האָט געשפּילט.
M-3-facs_115_tr_1753726015-011	P-3-facs_115_tr_1753726015	3	facs_115_tr_1753726015	פינקוס, שאָלעם [וויטענבערג]	הערצלס	זכר	מחבר פֿון „דאָס נייע געטאָ“	מחבר פֿון אַ פּיעסע אין וועלכע דער סוביעקט האָט געשפּילט.
M-3-facs_115_tr_1753726015-012	P-3-facs_115_tr_1753726015	3	facs_115_tr_1753726015	פינקוס, שאָלעם [וויטענבערג]	סעם אַדלער	זכר	אָנפֿירער פֿון א יידישער טרופּע	דער סוביעקט האָט אין זיין טרופּע געשפּילט.
M-3-facs_115_tr_1753726015-013	P-3-facs_115_tr_1753726015	3	facs_115_tr_1753726015	פינקוס, שאָלעם [וויטענבערג]	גענפער	זכר	אָנפֿירער פֿון א יידישער טרופּע	דער סוביעקט האָט אין זיין טרופּע געשפּילט.
M-3-facs_115_tr_1753726015-014	P-3-facs_115_tr_1753726015	3	facs_115_tr_1753726015	פינקוס, שאָלעם [וויטענבערג]	ליפּאָווסקי	זכר	אָנפֿירער פֿון א יידישער טרופּע	דער סוביעקט האָט אין זיין טרופּע געשפּילט.
M-3-facs_115_tr_1753726015-015	P-3-facs_115_tr_1753726015	3	facs_115_tr_1753726015	פינקוס, שאָלעם [וויטענבערג]	זשיטאָמירסקין	זכר	אָנפֿירער פֿון א טרופּע אין מאָסקווע	דער סוביעקט האָט ביי אים געשפּילט.
M-3-facs_115_tr_1753726015-016	P-3-facs_115_tr_1753726015	3	facs_115_tr_1753726015	פינקוס, שאָלעם [וויטענבערג]	וויעראַ פּאָדאָלסקאַ	נקבה		פרוי פֿון דעם סוביעקט.
M-3-facs_115_tr_1753726015-017	P-3-facs_115_tr_1753726015	3	facs_115_tr_1753726015	פינקוס, שאָלעם [וויטענבערג]	ליבערט	זכר		דער סוביעקט האָט מיט אים געשפּילט.
M-3-facs_115_tr_1753726015-018	P-3-facs_115_tr_1753726015	3	facs_115_tr_1753726015	פינקוס, שאָלעם [וויטענבערג]	ראַקיטין	זכר		דער סוביעקט האָט מיט אים געשפּילט.
M-3-facs_115_tr_1753726015-019	P-3-facs_115_tr_1753726015	3	facs_115_tr_1753726015	פינקוס, שאָלעם [וויטענבערג]	גרינשטיין	זכר		האָט צוזאַמען מיטן סוביעקט געגרינדעט די טרופּע „אַמכאָ“.
M-3-facs_115_tr_1753726015-020	P-3-facs_115_tr_1753726015	3	facs_115_tr_1753726015	פינקוס, שאָלעם [וויטענבערג]	אַנטשאַראָוו	זכר		האָט צוזאַמען מיטן סוביעקט געגרינדעט די טרופּע „אַמכאָ“.
M-3-facs_115_tr_1753726015-021	P-3-facs_115_tr_1753726015	3	facs_115_tr_1753726015	פינקוס, שאָלעם [וויטענבערג]	געניאַ שליט	נקבה		פרוי פֿון דעם סוביעקט.
M-3-facs_115_tr_1753726015-022	P-3-facs_115_tr_1753726015	3	facs_115_tr_1753726015	פינקוס, שאָלעם [וויטענבערג]	יוליוס אַדלער	זכר		דער סוביעקט איז מיט אים אַרומגעפֿאָרן איבער רוסלאַנד.
M-3-facs_115_tr_1753726022-000	P-3-facs_115_tr_1753726022	3	facs_115_tr_1753726022	פּיעקאַרניק, יעקב	*חזן	זכר		דער סוביעקט האָט ביי אים געזונגען ביז 13 יאָר.
M-3-facs_115_tr_1753726022-001	P-3-facs_115_tr_1753726022	3	facs_115_tr_1753726022	פּיעקאַרניק, יעקב	לייבל ווינער	זכר	אַקטיאָר	דער סוביעקט האָט מיט אים צוזאַמען אויפֿגעטראָטן צו שמחות.
M-3-facs_115_tr_1753726022-002	P-3-facs_115_tr_1753726022	3	facs_115_tr_1753726022	פּיעקאַרניק, יעקב	קאָמפּאַניעיעס	זכר		דער סוביעקט איז אַריינגעטראָטן אין זיין טרופּע.
M-3-facs_115_tr_1753726022-003	P-3-facs_115_tr_1753726022	3	facs_115_tr_1753726022	פּיעקאַרניק, יעקב	מאַרק אַרנשטיין	זכר		דער סוביעקט האָט געשפּילט אין מוראַנאָווער טעאַטער אונטער זיין דירעקציע.
M-3-facs_115_tr_1753726022-004	P-3-facs_115_tr_1753726022	3	facs_115_tr_1753726022	פּיעקאַרניק, יעקב	שמ״ר	זכר		דער סוביעקט האָט דעביוטירט אין זיין פּיעסע „דער יידישער פּריץ“.
M-3-facs_115_tr_1753726022-005	P-3-facs_115_tr_1753726022	3	facs_115_tr_1753726022	פּיעקאַרניק, יעקב	יוליוס אַדלער	זכר		דער סוביעקט האָט געשפּילט אין זיין טרופּע.
M-3-facs_115_tr_1753726022-006	P-3-facs_115_tr_1753726022	3	facs_115_tr_1753726022	פּיעקאַרניק, יעקב	ציפקוס			דער סוביעקט האָט געשפּילט מיט אים אין אַ טרופּע.
M-3-facs_115_tr_1753726022-007	P-3-facs_115_tr_1753726022	3	facs_115_tr_1753726022	פּיעקאַרניק, יעקב	ליפּאָווסקי			דער סוביעקט האָט געשפּילט מיט אים אין אַ טרופּע.
M-3-facs_115_tr_1753726022-008	P-3-facs_115_tr_1753726022	3	facs_115_tr_1753726022	פּיעקאַרניק, יעקב	זיגלער	זכר		דער סוביעקט האָט ביי אים געשפּילט אין ווין און אין רומעניע.
M-3-facs_115_tr_1753726022-009	P-3-facs_115_tr_1753726022	3	facs_115_tr_1753726022	פּיעקאַרניק, יעקב	מאָריס אַקסעלראָד	זכר		דער סוביעקט האָט ביי אים געשפּילט אין פּאַריז.
M-3-facs_115_tr_1753726022-010	P-3-facs_115_tr_1753726022	3	facs_115_tr_1753726022	פּיעקאַרניק, יעקב	גאָלדענבערג	זכר		דער סוביעקט האָט ביי אים געשפּילט אין בוקאַרעשט.
M-3-facs_115_tr_1753726022-011	P-3-facs_115_tr_1753726022	3	facs_115_tr_1753726022	פּיעקאַרניק, יעקב	אַשכנזי	זכר		דער סוביעקט האָט ביי אים געשפּילט אין יאַסי.
M-3-facs_115_tr_1753726022-012	P-3-facs_115_tr_1753726022	3	facs_115_tr_1753726022	פּיעקאַרניק, יעקב	פיקאָן	נקבה	גאַסטראָלירנדיקע	דער סוביעקט האָט מיט איר געשפּילט.
M-3-facs_115_tr_1753726022-013	P-3-facs_115_tr_1753726022	3	facs_115_tr_1753726022	פּיעקאַרניק, יעקב	זילבערט	זכר	גאַסטראָלירנדיקע	דער סוביעקט האָט מיט אים געשפּילט.
M-3-facs_115_r-000	P-3-facs_115_r	3	facs_115_r	פּיעקאַרניק, רוזשאַ (טאַרקעוויטש]	יעקב ציפקוס		אין פּוילן	ביי אים האָט זי געשפּילט 2 יאָר אין פּוילן.
M-3-facs_115_r-001	P-3-facs_115_r	3	facs_115_r	פּיעקאַרניק, רוזשאַ (טאַרקעוויטש]	לערמאַנקע		אין רוסלאַנד	ביי אים האָט זי געשפּילט אין רוסלאַנד.
M-3-facs_115_r-002	P-3-facs_115_r	3	facs_115_r	פּיעקאַרניק, רוזשאַ (טאַרקעוויטש]	שאַראַוונער			ביי אים האָט זי געשפּילט.
M-3-facs_115_r-003	P-3-facs_115_r	3	facs_115_r	פּיעקאַרניק, רוזשאַ (טאַרקעוויטש]	זשיטאָמירסקי			ביי אים האָט זי געשפּילט.
M-3-facs_115_r-004	P-3-facs_115_r	3	facs_115_r	פּיעקאַרניק, רוזשאַ (טאַרקעוויטש]	* פּראָפעסיאנעלע אַקטיאָרן		אין וואַרשע	זי האָט מיט זיי געשלאָסן באַקאַנטשאַפֿט אין וואַרשע.
M-3-facs_115_r-005	P-3-facs_115_r	3	facs_115_r	פּיעקאַרניק, רוזשאַ (טאַרקעוויטש]	* „ליבהאָבער“		קליינע פּראָווינץ-שטעטלעך	זי איז מיט זיי אַרומגעפֿאָרן איבער קליינע פּראָווינץ-שטעטלעך.
M-3-facs_115_r-006	P-3-facs_115_r	3	facs_115_r	פּיעקאַרניק, רוזשאַ (טאַרקעוויטש]	* דירעקציעס		פֿאַרשידענע דירעקציעס אין פּאַריז	זי האָט געשפּילט אונטער זיי אין פּאַריז.
M-3-facs_116_tr_1754820291-000	P-3-facs_116_tr_1754820291	3	facs_116_tr_1754820291	פּיקאָן, מאַלי	פאָטער*	male	שטאַמט פון וואַרשע, פּוילן; אַ העמדל-אַרבעטער	ער איז דער פאָטער פון דעם סוביעקט.
M-3-facs_116_tr_1754820291-001	P-3-facs_116_tr_1754820291	3	facs_116_tr_1754820291	פּיקאָן, מאַלי	מוטער*	female	שטאַמט פון קיעווער גוב., אוקראַאינע; אַ שניידערין און אַ גאַרדעראבערין אין יידישן טעאַטער	זי איז די מוטער פון דעם סוביעקט.
M-3-facs_116_tr_1754820291-002	P-3-facs_116_tr_1754820291	3	facs_116_tr_1754820291	פּיקאָן, מאַלי	העלעז	female	יינגערע טאָכטער	זי איז די שוועסטער פון דעם סוביעקט.
M-3-facs_116_tr_1754820291-003	P-3-facs_116_tr_1754820291	3	facs_116_tr_1754820291	פּיקאָן, מאַלי	יעקב פ. אַדלער	male		ער האָט געשפּילט מיט דעם סוביעקט.
M-3-facs_116_tr_1754820291-004	P-3-facs_116_tr_1754820291	3	facs_116_tr_1754820291	פּיקאָן, מאַלי	בלאַנק			ער האָט געשפּילט מיט דעם סוביעקט.
M-3-facs_116_tr_1754820291-005	P-3-facs_116_tr_1754820291	3	facs_116_tr_1754820291	פּיקאָן, מאַלי	לאָבעל			ער האָט געשפּילט מיט דעם סוביעקט.
M-3-facs_116_tr_1754820291-006	P-3-facs_116_tr_1754820291	3	facs_116_tr_1754820291	פּיקאָן, מאַלי	מאקס ראָזענטאַל	male		ער האָט געשפּילט מיט דעם סוביעקט.
M-3-facs_116_tr_1754820291-007	P-3-facs_116_tr_1754820291	3	facs_116_tr_1754820291	פּיקאָן, מאַלי	יעקב קאַליך	male	רעזשיסאָר און מענעדזשער	ער איז דער מאַן פון דעם סוביעקט.
M-3-facs_116_tr_1754820291-008	P-3-facs_116_tr_1754820291	3	facs_116_tr_1754820291	פּיקאָן, מאַלי	דיינע פיינמאַן	female	"מענעדזשער פון „גרענד אָפּערע הויז"" אין באָסטאָן"	זי איז געווען אַ מענעדזשער אין אַ טרופּע וואו דעם סוביעקט האָט געשפּילט.
M-3-facs_116_tr_1754820291-009	P-3-facs_116_tr_1754820291	3	facs_116_tr_1754820291	פּיקאָן, מאַלי	יוליוס אַדלער	male		ער האָט געשפּילט מיט דעם סוביעקט.
M-3-facs_116_tr_1754820291-010	P-3-facs_116_tr_1754820291	3	facs_116_tr_1754820291	פּיקאָן, מאַלי	אנשל שאר	male	מחבר	דער סוביעקט האָט געשפּילט אין זיין פּיעסע.
M-3-facs_116_tr_1754820291-011	P-3-facs_116_tr_1754820291	3	facs_116_tr_1754820291	פּיקאָן, מאַלי	מישע גערמאַן	male		ער האָט געשפּילט מיט דעם סוביעקט.
M-3-facs_116_tr_1754820291-012	P-3-facs_116_tr_1754820291	3	facs_116_tr_1754820291	פּיקאָן, מאַלי	לוסי גערמאַן	female		זי האָט געשפּילט מיט דעם סוביעקט.
M-3-facs_116_tr_1754820291-013	P-3-facs_116_tr_1754820291	3	facs_116_tr_1754820291	פּיקאָן, מאַלי	טאָמאַשעווסקי	male	מחבר	דער סוביעקט האָט געשפּילט אין זיין פּיעסע.
M-3-facs_116_tr_1754820291-014	P-3-facs_116_tr_1754820291	3	facs_116_tr_1754820291	פּיקאָן, מאַלי	נ. בלומענטאַל	male	"דירעקטאָר פון פּאַריזער טעאַטער „דע לאַנקרי"""	ער איז געווען דער דירעקטאָר פון דעם טעאַטער וואו דעם סוביעקט האָט געשפּילט.
M-3-facs_116_tr_1754820291-015	P-3-facs_116_tr_1754820291	3	facs_116_tr_1754820291	פּיקאָן, מאַלי	איזידאָר ליליען	male	מחבר	דער סוביעקט האָט געשפּילט אין זיין פּיעסע.
M-3-facs_116_tr_1754820291-016	P-3-facs_116_tr_1754820291	3	facs_116_tr_1754820291	פּיקאָן, מאַלי	סידני גאָלדין	male		ער איז געווען דער רעזשיסאָר פון אַ פילם וואו דעם סוביעקט האָט געשפּילט.
M-3-facs_116_tr_1754820291-017	P-3-facs_116_tr_1754820291	3	facs_116_tr_1754820291	פּיקאָן, מאַלי	באנו	male	רומענישן מיניסטער פאַר קונסט	ער האָט געגעבן אַן אויטאָגראַם צום סוביעקט.
M-3-facs_116_tr_1754820291-018	P-3-facs_116_tr_1754820291	3	facs_116_tr_1754820291	פּיקאָן, מאַלי	דוקא	male	אויסערן-מיניסטער	ער האָט געגעבן אַן אויטאָגראַם צום סוביעקט.
M-3-facs_116_tr_1754820291-019	P-3-facs_116_tr_1754820291	3	facs_116_tr_1754820291	פּיקאָן, מאַלי	וואיטעוואנו	male	אינערן-מיניסטער	ער האָט געגעבן אַן אויטאָגראַם צום סוביעקט.
M-3-facs_116_tr_1754820291-020	P-3-facs_116_tr_1754820291	3	facs_116_tr_1754820291	פּיקאָן, מאַלי	יוסף רומשינסקי	male	קאָמפּאָזיטאָר	ער האָט געשריבן מוזיק פאַר די פּיעסעס פון דעם סוביעקט.
M-3-facs_116_tr_1754820291-021	P-3-facs_116_tr_1754820291	3	facs_116_tr_1754820291	פּיקאָן, מאַלי	יאָזעף עדעלשטיין	male	"מענעדזשער פון „סעקאָנד עוועניו טעאַטער"""	ער איז געווען דער מענעדזשער פון דעם טעאַטער וואו דעם סוביעקט האָט געשפּילט.
M-3-facs_116_tr_1754820291-022	P-3-facs_116_tr_1754820291	3	facs_116_tr_1754820291	פּיקאָן, מאַלי	ל. פריימאַן	male	מחבר	דער סוביעקט האָט געשפּילט אין זיין באַאַרבעטונג.
M-3-facs_116_tr_1754820291-023	P-3-facs_116_tr_1754820291	3	facs_116_tr_1754820291	פּיקאָן, מאַלי	ס. ה. קאָהנס	male	מחבר	דער סוביעקט האָט געשפּילט אין זיין באַאַרבעטונג.
M-3-facs_116_tr_1754820291-024	P-3-facs_116_tr_1754820291	3	facs_116_tr_1754820291	פּיקאָן, מאַלי	גאָלדפאַדען	male	מחבר	דער סוביעקט האָט געשפּילט אין זיין פּיעסע.
M-3-facs_116_tr_1754820291-025	P-3-facs_116_tr_1754820291	3	facs_116_tr_1754820291	פּיקאָן, מאַלי	יוסף לאַטיינער	male	מחבר	דער סוביעקט האָט געשפּילט אין זיין פּיעסע.
M-3-facs_116_tr_1754820291-026	P-3-facs_116_tr_1754820291	3	facs_116_tr_1754820291	פּיקאָן, מאַלי	נ. ראקאָווס	male	מחבר	דער סוביעקט האָט געשפּילט אין זיין פּיעסע.
M-3-facs_116_tr_1754820291-027	P-3-facs_116_tr_1754820291	3	facs_116_tr_1754820291	פּיקאָן, מאַלי	גרשם באַדער	male	מחבר	דער סוביעקט האָט געשפּילט אין זיין פּיעסע.
M-3-facs_116_tr_1754820291-028	P-3-facs_116_tr_1754820291	3	facs_116_tr_1754820291	פּיקאָן, מאַלי	א. נאַגער	male	מחבר	דער סוביעקט האָט געשפּילט אין זיין פּיעסע.
M-3-facs_116_tr_1754820291-029	P-3-facs_116_tr_1754820291	3	facs_116_tr_1754820291	פּיקאָן, מאַלי	מאיר שוואַרץ	male	מחבר	דער סוביעקט האָט געשפּילט אין זיין פּיעסע.
M-3-facs_116_tr_1754820291-030	P-3-facs_116_tr_1754820291	3	facs_116_tr_1754820291	פּיקאָן, מאַלי	מ. אָשעראָוויטשעס	male	מחבר	דער סוביעקט האָט געשפּילט אין זיין פּיעסע.
M-3-facs_116_tr_1754820291-031	P-3-facs_116_tr_1754820291	3	facs_116_tr_1754820291	פּיקאָן, מאַלי	פּאסטערנאַק			ער איז געווען איינער פון די וואָס האָבן איבערגענומען דאָס „סעקאָנד עוועניו טעאַטער“.
M-3-facs_116_tr_1754820291-032	P-3-facs_116_tr_1754820291	3	facs_116_tr_1754820291	פּיקאָן, מאַלי	סייגער			ער איז געווען איינער פון די וואָס האָבן איבערגענומען דאָס „סעקאָנד עוועניו טעאַטער“.
M-3-facs_116_tr_1754820291-033	P-3-facs_116_tr_1754820291	3	facs_116_tr_1754820291	פּיקאָן, מאַלי	פארנעס			ער איז געווען איינער פון די וואָס האָבן איבערגענומען דאָס „סעקאָנד עוועניו טעאַטער“.
M-3-facs_116_tr_1754820291-034	P-3-facs_116_tr_1754820291	3	facs_116_tr_1754820291	פּיקאָן, מאַלי	חנא גאטעספעלד	male	מחבר	דער סוביעקט האָט געשפּילט אין זיין פּיעסע.
M-3-facs_116_tr_1754820291-035	P-3-facs_116_tr_1754820291	3	facs_116_tr_1754820291	פּיקאָן, מאַלי	הערי קאַלמאַנאָוויטשעס	male	מחבר	דער סוביעקט האָט געשפּילט אין זיין פּיעסע.
M-3-facs_116_tr_1754820291-036	P-3-facs_116_tr_1754820291	3	facs_116_tr_1754820291	פּיקאָן, מאַלי	שיינע רחל סעמקאָף	female	מחברת	דער סוביעקט האָט געשפּילט אין איר פּיעסע.
M-3-facs_116_tr_1754820291-037	P-3-facs_116_tr_1754820291	3	facs_116_tr_1754820291	פּיקאָן, מאַלי	וויליאָם סיגעל	male	מחבר	דער סוביעקט האָט געשפּילט אין זיין פּיעסע.
M-3-facs_116_tr_1754820291-038	P-3-facs_116_tr_1754820291	3	facs_116_tr_1754820291	פּיקאָן, מאַלי	בנימין רעסלער	male	מחבר	דער סוביעקט האָט געשפּילט אין זיין פּיעסע.
M-3-facs_116_tr_1754820291-039	P-3-facs_116_tr_1754820291	3	facs_116_tr_1754820291	פּיקאָן, מאַלי	קענעט וועב	male	מחבר	דער סוביעקט האָט געשפּילט אין זיין קאָמעדיע.
M-3-facs_116_tr_1754820291-040	P-3-facs_116_tr_1754820291	3	facs_116_tr_1754820291	פּיקאָן, מאַלי	קלעיבאָרן פאָסטער	male	מחבר	זיין פּיעסע איז געווען די באַזיס פאַר אַ קאָמעדיע וואו דעם סוביעקט האָט געשפּילט.
M-3-facs_116_tr_1754820291-041	P-3-facs_116_tr_1754820291	3	facs_116_tr_1754820291	פּיקאָן, מאַלי	אב. עלשטיין	male	קאָמפּאָזיטאָר	ער האָט געשריבן מוזיק פאַר די פּיעסעס און פילמען פון דעם סוביעקט.
M-3-facs_116_tr_1754820291-042	P-3-facs_116_tr_1754820291	3	facs_116_tr_1754820291	פּיקאָן, מאַלי	מאנטי וואלעי	male	רעזשיסאָר	ער האָט רעזשיסירט אַ פּיעסע וואו דעם סוביעקט האָט געשפּילט.
M-3-facs_116_tr_1754820291-043	P-3-facs_116_tr_1754820291	3	facs_116_tr_1754820291	פּיקאָן, מאַלי	מייקל סאקס	male	"מענעדזשער פון „סעקאָנד עוועניו טעאַטער"""	ער איז געווען דער מענעדזשער פון דעם טעאַטער וואו דעם סוביעקט האָט געשפּילט.
M-3-facs_116_tr_1754820291-044	P-3-facs_116_tr_1754820291	3	facs_116_tr_1754820291	פּיקאָן, מאַלי	אסיפּ דימאָוו	male	מחבר	דער סוביעקט האָט געשפּילט אין זיין מוזיקאַלישע קאָמעדיע.
M-3-facs_116_tr_1754820291-045	P-3-facs_116_tr_1754820291	3	facs_116_tr_1754820291	פּיקאָן, מאַלי	שלום עליכמס	male	מחבר	דער סוביעקט האָט אויפגעפירט זיין ווערק.
M-3-facs_116_tr_1754820291-046	P-3-facs_116_tr_1754820291	3	facs_116_tr_1754820291	פּיקאָן, מאַלי	מ. עדעלהייט	male	דראַמאַטיזירער	ער האָט דראַמאַטיזירט אַ ווערק וואָס דעם סוביעקט האָט אויפגעפירט.
M-3-facs_116_tr_1754820291-047	P-3-facs_116_tr_1754820291	3	facs_116_tr_1754820291	פּיקאָן, מאַלי	א. אלשאַנעצקי	male	קאָמפּאָזיטאָר	ער האָט געשריבן מוזיק פאַר אַ פּיעסע וואו דעם סוביעקט האָט געשפּילט.
M-3-facs_116_tr_1754820291-048	P-3-facs_116_tr_1754820291	3	facs_116_tr_1754820291	פּיקאָן, מאַלי	קאָנראַד טאָם	male	סצענאַריסט	ער האָט געשריבן דעם סצענאַריאָ פאַר די פילמען פון דעם סוביעקט.
M-3-facs_116_tr_1754820291-049	P-3-facs_116_tr_1754820291	3	facs_116_tr_1754820291	פּיקאָן, מאַלי	יצחק מאַנגער	male	מחבר פון לידער	ער האָט געשריבן די לידער פאַר אַ פילם וואו דעם סוביעקט האָט געשפּילט.
M-3-facs_116_tr_1754820291-050	P-3-facs_116_tr_1754820291	3	facs_116_tr_1754820291	פּיקאָן, מאַלי	י. גרין	male	רעזשיסאָר	ער האָט רעזשיסירט דעם פילם „יידל מיטן פידל“.
M-3-facs_116_tr_1754820291-051	P-3-facs_116_tr_1754820291	3	facs_116_tr_1754820291	פּיקאָן, מאַלי	י. נ. פּשיבילסקי	male	רעזשיסאָר	ער האָט רעזשיסירט דעם פילם „יידל מיטן פידל“.
M-3-facs_116_tr_1754820291-052	P-3-facs_116_tr_1754820291	3	facs_116_tr_1754820291	פּיקאָן, מאַלי	וויליאַם ראָלאַנד	male	מענעדזשער פון „פּאָבליק טעאַטער“	ער איז געווען דער מענעדזשער פון דעם טעאַטער וואו דעם סוביעקט האָט געשפּילט.
M-3-facs_116_tr_1754820291-053	P-3-facs_116_tr_1754820291	3	facs_116_tr_1754820291	פּיקאָן, מאַלי	סילוויאַ ריגען	female	מחברת	דער סוביעקט האָט געשפּילט אין איר פּיעסע.
M-3-facs_116_tr_1754820291-054	P-3-facs_116_tr_1754820291	3	facs_116_tr_1754820291	פּיקאָן, מאַלי	מאָריס שוואַרץ	male	אַקטיאָר	"ער האָט געשפּילט מיט דעם סוביעקט אין גאָלדפאַדענס ""ביידע קוני לעמעל“."
M-3-facs_116_tr_1754820291-055	P-3-facs_116_tr_1754820291	3	facs_116_tr_1754820291	פּיקאָן, מאַלי	סעמיועל גאָלדענבורג	male	אַקטיאָר	"ער האָט געשפּילט מיט דעם סוביעקט אין גאָלדפאַדענס ""ביידע קוני לעמעל“."
M-3-facs_116_tr_1754820291-056	P-3-facs_116_tr_1754820291	3	facs_116_tr_1754820291	פּיקאָן, מאַלי	ברייענט פאל	male	רעזשיסאָר	ער האָט רעזשיסירט דעם פילם „ליטל גוירל וויטה ביג איידיאַס“.
M-3-facs_116_tr_1754820291-057	P-3-facs_116_tr_1754820291	3	facs_116_tr_1754820291	פּיקאָן, מאַלי	ראי וועב	male	רעזשיסאָר	ער האָט רעזשיסירט די פילמען „טהי וואירקינג גוירל“ און „איסט סייד סימפאָני“.
M-3-facs_116_tr_1754820291-058	P-3-facs_116_tr_1754820291	3	facs_116_tr_1754820291	פּיקאָן, מאַלי	זלמן זילבערצווייג	male	שרייבער	ער איז געווען איינער פון די רעדאַקטאָרן פון דעם מאַלי פיקאַן-נומער פון די „טעאַטער-העפטן“.
M-3-facs_116_tr_1754820291-059	P-3-facs_116_tr_1754820291	3	facs_116_tr_1754820291	פּיקאָן, מאַלי	יעקב מעסטל	male	שרייבער	ער איז געווען איינער פון די רעדאַקטאָרן פון דעם מאַלי פיקאַן-נומער פון די „טעאַטער-העפטן“.
M-3-facs_124_tr_1754820300-000	P-3-facs_124_tr_1754820300	3	facs_124_tr_1754820300	פּיקעלטשיק, יעטע	פֿאָטער*	זכר	אַ העפטער	דער פֿאָטער פֿון דער סוביעקט.
M-3-facs_124_tr_1754820300-001	P-3-facs_124_tr_1754820300	3	facs_124_tr_1754820300	פּיקעלטשיק, יעטע	גוזיק	זכר		זי איז אַריינגעטראָטן אין גוזיקס טרופּע אין ראָמען.
M-3-facs_124_tr_1754820300-002	P-3-facs_124_tr_1754820300	3	facs_124_tr_1754820300	פּיקעלטשיק, יעטע	זאַסלאַווסקי	זכר		זי איז איבערגעגאַנגען אין זאַסלאַווסקיס טרופּע.
M-3-facs_124_tr_1754820300-003	P-3-facs_124_tr_1754820300	3	facs_124_tr_1754820300	פּיקעלטשיק, יעטע	מייערסאָן	זכר		"זי האָט געשפּילט אין דער יידישער טרופּע אין אומאַן א""ר פֿון מייערסאָן."
M-3-facs_124_tr_1754820300-004	P-3-facs_124_tr_1754820300	3	facs_124_tr_1754820300	פּיקעלטשיק, יעטע	בערטנאָוו	זכר		"זי גייט אַריבער אין ״ווייסרוסישן יידישן מלוכה-טעאַטער״ א""ר פֿון בערטנאָוו."
M-3-facs_124_tr_1754820300-005	P-3-facs_124_tr_1754820300	3	facs_124_tr_1754820300	פּיקעלטשיק, יעטע	דיקי	זכר		"זי איז געווען סטודיאַנטין אין מאָסקווער ""שלום-עליכם-סטודיע"" א""פ פֿון דיקי."
M-3-facs_124_tr_1754820300-006	P-3-facs_124_tr_1754820300	3	facs_124_tr_1754820300	פּיקעלטשיק, יעטע	סמישלאַיעוו	זכר		"זי האָט געשפּילט אין מאָסקווער „קולטור-ליגע“ א""פ פֿון סמישלאַיעוו."
M-3-facs_124_tr_1754820300-007	P-3-facs_124_tr_1754820300	3	facs_124_tr_1754820300	פּיקעלטשיק, יעטע	א. שטיינבאַך	זכר		"זי איז געווען די הויפּט-אַקטריסע אין מינסקער טעאַטער-קאָלעקטיוו „שפּינוועבס"" א""ר פֿון א. שטיינבאַך."
M-3-facs_124_tr_1754820292-000	P-3-facs_124_tr_1754820292	3	facs_124_tr_1754820292	פּיראָזשניקאָוו, יצחק	*פֿאָטער	זכר	אַן אינזשינער-מעכאניקער, אַן אויטאָדידאַקט, וועלכער האָט אויך געהאָט סמיכות אויף רבנות	ער איז דער פאָטער פון דעם סוביעקט.
M-3-facs_124_tr_1754820292-001	P-3-facs_124_tr_1754820292	3	facs_124_tr_1754820292	פּיראָזשניקאָוו, יצחק	*מוטער	נקבה		זי איז די מוטער פון דעם סוביעקט.
M-3-facs_124_tr_1754820292-002	P-3-facs_124_tr_1754820292	3	facs_124_tr_1754820292	פּיראָזשניקאָוו, יצחק	גלינקא	זכר		דער סוביעקט האָט אויפגעפירט זיינע סאָלאָ- און כאָר-נומערן.
M-3-facs_124_tr_1754820292-003	P-3-facs_124_tr_1754820292	3	facs_124_tr_1754820292	פּיראָזשניקאָוו, יצחק	טשייקאָווסקי	זכר		דער סוביעקט האָט אויפגעפירט זיינע סאָלאָ- און כאָר-נומערן.
M-3-facs_124_tr_1754820292-004	P-3-facs_124_tr_1754820292	3	facs_124_tr_1754820292	פּיראָזשניקאָוו, יצחק	מוסאָרגסקי	זכר		דער סוביעקט האָט אויפגעפירט זיינע סאָלאָ- און כאָר-נומערן.
M-3-facs_124_tr_1754820292-005	P-3-facs_124_tr_1754820292	3	facs_124_tr_1754820292	פּיראָזשניקאָוו, יצחק	סטודזינסקי	זכר		"דער סוביעקט האָט אויפגעפירט זיין „מתים-טאַנץ""."
M-3-facs_124_tr_1754820292-006	P-3-facs_124_tr_1754820292	3	facs_124_tr_1754820292	פּיראָזשניקאָוו, יצחק	נח נאַכבוש	זכר		ער איז אַ מקור פון אינפאָרמאַציע וועגן דער טעטיקייט פון דעם סוביעקט.
M-3-facs_124_tr_1754820292-007	P-3-facs_124_tr_1754820292	3	facs_124_tr_1754820292	פּיראָזשניקאָוו, יצחק	א. אַזרא	זכר		ער איז אַ מקור פון אינפאָרמאַציע וועגן דער טעטיקייט פון דעם סוביעקט.
M-3-facs_124_tr_1754820292-008	P-3-facs_124_tr_1754820292	3	facs_124_tr_1754820292	פּיראָזשניקאָוו, יצחק	חיים סאָלסקי	זכר		ער איז אַ מקור פון אינפאָרמאַציע וועגן דער טעטיקייט פון דעם סוביעקט.
M-3-facs_124_tr_1754820292-009	P-3-facs_124_tr_1754820292	3	facs_124_tr_1754820292	פּיראָזשניקאָוו, יצחק	פּרץ הירשביין	זכר	אַקטיווע מיטגלידער פון ווילנער יידיש וויסנשאַפטלעך-ליטעראַרישן קרייז	ער איז געווען אַ מיטגליד אין דעם קרייז וואָס דער סוביעקט האָט אָנגעפירט.
M-3-facs_124_tr_1754820292-010	P-3-facs_124_tr_1754820292	3	facs_124_tr_1754820292	פּיראָזשניקאָוו, יצחק	דוד איינהאָרן	זכר	אַקטיווע מיטגלידער פון ווילנער יידיש וויסנשאַפטלעך-ליטעראַרישן קרייז	ער איז געווען אַ מיטגליד אין דעם קרייז וואָס דער סוביעקט האָט אָנגעפירט.
M-3-facs_124_tr_1754820292-011	P-3-facs_124_tr_1754820292	3	facs_124_tr_1754820292	פּיראָזשניקאָוו, יצחק	יעקב בן-עמי	זכר	אַקטיווע מיטגלידער פון ווילנער יידיש וויסנשאַפטלעך-ליטעראַרישן קרייז	ער איז געווען אַ מיטגליד אין דעם קרייז וואָס דער סוביעקט האָט אָנגעפירט און געשפּילט אין אַ פּיעסע באַאַרבעט פונעם סוביעקט.
M-3-facs_124_tr_1754820292-012	P-3-facs_124_tr_1754820292	3	facs_124_tr_1754820292	פּיראָזשניקאָוו, יצחק	חיים לעווין	זכר	אַקטיווע מיטגלידער פון ווילנער יידיש וויסנשאַפטלעך-ליטעראַרישן קרייז	ער איז געווען אַ מיטגליד אין דעם קרייז וואָס דער סוביעקט האָט אָנגעפירט.
M-3-facs_124_tr_1754820292-013	P-3-facs_124_tr_1754820292	3	facs_124_tr_1754820292	פּיראָזשניקאָוו, יצחק	י. ראָזענבוים	זכר	אַקטיווע מיטגלידער פון ווילנער יידיש וויסנשאַפטלעך-ליטעראַרישן קרייז	ער איז געווען אַ מיטגליד אין דעם קרייז וואָס דער סוביעקט האָט אָנגעפירט.
M-3-facs_124_tr_1754820292-014	P-3-facs_124_tr_1754820292	3	facs_124_tr_1754820292	פּיראָזשניקאָוו, יצחק	אַנדרעיעוו	זכר	"מחבר פון דער קאָמעדיע „מענטשן ליבע"""	דער סוביעקט האָט באַאַרבעט זיין ווערק אויף יידיש.
M-3-facs_124_tr_1754820292-015	P-3-facs_124_tr_1754820292	3	facs_124_tr_1754820292	פּיראָזשניקאָוו, יצחק	אַנטאָן טשעכאָוו	זכר	"מחבר פון „דאָס שוואַנען-ליעד (קאָלחאָס)"""	דער סוביעקט האָט באַאַרבעט זיין ווערק אויף יידיש.
M-3-facs_124_tr_1754820292-016	P-3-facs_124_tr_1754820292	3	facs_124_tr_1754820292	פּיראָזשניקאָוו, יצחק	"ד""ר צ. שאַבאַד"	זכר		ער האָט געשריבן אַ שילדערונג וועגן דעם סוביעקט נאָך זיין טויט.
M-3-facs_124_tr_1754820292-017	P-3-facs_124_tr_1754820292	3	facs_124_tr_1754820292	פּיראָזשניקאָוו, יצחק	הירש אַבראַמאָוויטש	זכר		ער האָט געשריבן וועגן דער ראָל און פּערזענלעכקייט פון דעם סוביעקט.
M-3-facs_125_tr_1754820300-000	P-3-facs_125_tr_1754820300	3	facs_125_tr_1754820300	פּירסאָן, צילע	פֿאָטער *	זכר		ער איז געווען דער פֿאָטער פֿונעם סוביעקט.
M-3-facs_125_tr_1754820300-001	P-3-facs_125_tr_1754820300	3	facs_125_tr_1754820300	פּירסאָן, צילע	פעטער *	זכר	פֿאַרוואַלטער אין וויטעבסקער רוסישן שטאָטישן טעאַטער	ער איז געווען דער פעטער פֿונעם סוביעקט.
M-3-facs_125_tr_1754820300-002	P-3-facs_125_tr_1754820300	3	facs_125_tr_1754820300	פּירסאָן, צילע	דוד לעווינסאָן	זכר		דער סוביעקט האָט דעביוטירט ביי אים אין איר ערשטער קינדער-ראָל.
M-3-facs_125_tr_1754820300-003	P-3-facs_125_tr_1754820300	3	facs_125_tr_1754820300	פּירסאָן, צילע	ז. ליבינס	זכר	"מחבר פֿון דער פּיעסע „גאָטס שטראָף"""	דער סוביעקט האָט געשפּילט אין זיין פּיעסע.
M-3-facs_125_tr_1754820300-004	P-3-facs_125_tr_1754820300	3	facs_125_tr_1754820300	פּירסאָן, צילע	מאַקס געביל	זכר		דער סוביעקט האָט געשפּילט ביי אים עטלעכע יאָר.
M-3-facs_125_tr_1754820300-005	P-3-facs_125_tr_1754820300	3	facs_125_tr_1754820300	פּירסאָן, צילע	חיים יאַבלאָקאָוו	זכר	"„דער פּאיאַץ"""	ער איז געווען אַ פּאַרטנער פֿונעם סוביעקט אויף דער בינע.
M-3-facs_125_tr_1754820300-006	P-3-facs_125_tr_1754820300	3	facs_125_tr_1754820300	פּירסאָן, צילע	וויליאַם שוואַרץ	זכר		ער איז געווען אַ פּאַרטנער פֿונעם סוביעקט אויף דער בינע.
M-3-facs_125_tr_1754820300-007	P-3-facs_125_tr_1754820300	3	facs_125_tr_1754820300	פּירסאָן, צילע	סיימאָן וואולף	זכר	"מחבר פֿון דער אָפּערעטע „דער חלום פֿון גליק"""	דער סוביעקט האָט געשפּילט אין זיין אָפּערעטע.
M-3-facs_125_tr_1754820300-008	P-3-facs_125_tr_1754820300	3	facs_125_tr_1754820300	פּירסאָן, צילע	אַ. ליליען	זכר	"מחבר פֿון די אָפּערעטעס „פֿייגעלע פֿון פּוילן“ און „ליבע פֿון הימל"""	דער סוביעקט האָט געשפּילט אין זיין אָפּערעטעס.
M-3-facs_125_tr_1754820300-009	P-3-facs_125_tr_1754820300	3	facs_125_tr_1754820300	פּירסאָן, צילע	וויליאַם סיגעל	זכר	"מחבר פֿון „דאָס פריילעכע שטעטל"""	דער סוביעקט האָט געשפּילט אין זיין אָפּערעטע.
M-3-facs_125_tr_1754820300-010	P-3-facs_125_tr_1754820300	3	facs_125_tr_1754820300	פּירסאָן, צילע	טשאַרלז נעלסאָן	זכר	מענעדזשער פֿון שיקאַגאָער „8 סטר. טעאַטער“	דער סוביעקט האָט געשפּילט אין זיין טעאַטער.
M-3-facs_125_tr_1754820300-011	P-3-facs_125_tr_1754820300	3	facs_125_tr_1754820300	פּירסאָן, צילע	מ. שאַפּיראָ	זכר	מענעדזשער פֿון טאָראָנטאָער „ספּעדיינא קאָנצערט האָל“	דער סוביעקט האָט געשפּילט אין זיין קאָנצערט האָל.
M-3-facs_125_tr_1754820300-012	P-3-facs_125_tr_1754820300	3	facs_125_tr_1754820300	פּירסאָן, צילע	הוירשבערג	זכר	מענעדזשער פֿון קליוולאַנדער „מאַנהעטן טעאַטער“	דער סוביעקט האָט געשפּילט אין זיין טעאַטער.
M-3-facs_125_tr_1754820300-013	P-3-facs_125_tr_1754820300	3	facs_125_tr_1754820300	פּירסאָן, צילע	מאַלי פיקאָן	נקבה		"דער סוביעקט האָט געשפּילט מיט איר אינם „דזשאָלסאָן טעאַטער""."
M-3-facs_125_tr_1754820300-014	P-3-facs_125_tr_1754820300	3	facs_125_tr_1754820300	פּירסאָן, צילע	מאָריס שוואַרצס	זכר	דירעקטאָר פֿון „יידישער קונסט טעאַטער“	דער סוביעקט האָט געשפּילט אין זיין טעאַטער און טרופּע.
M-3-facs_125_tr_1754820300-015	P-3-facs_125_tr_1754820300	3	facs_125_tr_1754820300	פּירסאָן, צילע	מיכאָל מיכאלעסקאָ	זכר		דער סוביעקט האָט געשפּילט מיט אים איבער דער פּראָווינץ.
M-3-facs_125_tr_1754820300-016	P-3-facs_125_tr_1754820300	3	facs_125_tr_1754820300	פּירסאָן, צילע	בנימין רעסלערס	זכר	"מחבר פֿון דער פּיעסע „דריי וועלטן"""	דער סוביעקט האָט געשפּילט אין זיין פּיעסע.
M-3-facs_125_tr_1754820306-000	P-3-facs_125_tr_1754820306	3	facs_125_tr_1754820306	פּלאַווינאַ, קאַטיאַ	פֿאָטער*	זכר	פֿאַרמעגלעכע עלטערן	ער איז דער פֿאָטער פֿון דער סוביעקט.
M-3-facs_125_tr_1754820306-001	P-3-facs_125_tr_1754820306	3	facs_125_tr_1754820306	פּלאַווינאַ, קאַטיאַ	מוטער*	נקבה	פֿאַרמעגלעכע עלטערן	זי איז די מוטער פֿון דער סוביעקט.
M-3-facs_125_tr_1754820306-002	P-3-facs_125_tr_1754820306	3	facs_125_tr_1754820306	פּלאַווינאַ, קאַטיאַ	זאַסלאַווסקין	זכר		דער סוביעקט האָט אָנגעהויבן שפּילן פּראָפעסיאנעל ביי זאַסלאַווסקין.
M-3-facs_125_tr_1754820306-003	P-3-facs_125_tr_1754820306	3	facs_125_tr_1754820306	פּלאַווינאַ, קאַטיאַ	אַלעקסאַנדער (סאַשאַ) ראָזענטאל (פישנאוו)	זכר	איר מאַן	ער איז דער מאַן פֿון דער סוביעקט.
M-3-facs_125_tr_1754820306-004	P-3-facs_125_tr_1754820306	3	facs_125_tr_1754820306	פּלאַווינאַ, קאַטיאַ	יאָזער קעסלער	זכר		דער סוביעקט האָט געשפּילט ביי יאָזער קעסלער אין פאַריז.
M-3-facs_126_tr_1754820315-000	P-3-facs_126_tr_1754820315	3	facs_126_tr_1754820315	פּלאַוונער, מענדל	ר' פֿישל משה ווינער	זכר	איינער פֿון די באַדייטנדסטע בדחנים אין לאָדזש אין דער צייט פֿון די בראָדערזינגער	ער איז דער זיידע פֿון דעם סוביעקט.
M-3-facs_126_tr_1754820315-001	P-3-facs_126_tr_1754820315	3	facs_126_tr_1754820315	פּלאַוונער, מענדל	פֿאָטער *	זכר	אַ וועבער און אַ ניט-פּראָפעסיאנעלער חזן און בעלתפילה	ער איז דער פֿאָטער פֿון דעם סוביעקט.
M-3-facs_126_tr_1754820315-002	P-3-facs_126_tr_1754820315	3	facs_126_tr_1754820315	פּלאַוונער, מענדל	זאַנדבערגן	זכר		דער סוביעקט האָט ביי אים געאַרבעט אַלס כאָריסט אין זיין טעאַטער.
M-3-facs_126_tr_1754820315-003	P-3-facs_126_tr_1754820315	3	facs_126_tr_1754820315	פּלאַוונער, מענדל	רבקה'לע פּלאַוונער	נקבה		זי איז די שוועסטער פֿון דעם סוביעקט.
M-3-facs_126_tr_1754820315-004	P-3-facs_126_tr_1754820315	3	facs_126_tr_1754820315	פּלאַוונער, מענדל	רעגינע בערגער	נקבה	אַ יידישע שוישפּילערין	זי איז די שוועסטער פֿון דעם סוביעקט.
M-3-facs_126_tr_1754820316-000	P-3-facs_126_tr_1754820316	3	facs_126_tr_1754820316	פּלאַוונער, רבקה׳לע [רעגינע בערגער]	מענדל פּלאַוונער	זכר	אַקטיאָר	ער איז דער ברודער פֿון דער סוביעקטין.
M-3-facs_126_tr_1754820316-001	P-3-facs_126_tr_1754820316	3	facs_126_tr_1754820316	פּלאַוונער, רבקה׳לע [רעגינע בערגער]	* שרייבער	זכר	יידיש-לערער	די סוביעקטין האָט זיך געלערנט יידיש ביי אים.
M-3-facs_126_tr_1754820316-002	P-3-facs_126_tr_1754820316	3	facs_126_tr_1754820316	פּלאַוונער, רבקה׳לע [רעגינע בערגער]	יצחק זאַנדבערג	זכר	דירעקטאָר פֿון גרויסעס טעאַטער	ער איז געווען דער דירעקטאָר פֿון דעם טעאַטער ווו די סוביעקטין האָט געאַרבעט.
M-3-facs_126_tr_1754820316-003	P-3-facs_126_tr_1754820316	3	facs_126_tr_1754820316	פּלאַוונער, רבקה׳לע [רעגינע בערגער]	אהרן לעבעדיעוו	זכר	שוישפּילער	די סוביעקטין האָט אויפֿגעטראָטן מיט אים אין עפּיזאָדן-ראָלן.
M-3-facs_126_tr_1754820316-004	P-3-facs_126_tr_1754820316	3	facs_126_tr_1754820316	פּלאַוונער, רבקה׳לע [רעגינע בערגער]	מיכאל מיכאלעסקאָ	זכר	שוישפּילער	די סוביעקטין האָט אויפֿגעטראָטן מיט אים אין עפּיזאָדן-ראָלן.
M-3-facs_126_tr_1754820316-005	P-3-facs_126_tr_1754820316	3	facs_126_tr_1754820316	פּלאַוונער, רבקה׳לע [רעגינע בערגער]	יוליאַ זאַנדבערג	נקבה	דירעקטאָרין	זי איז געווען איינע פֿון די דירעקטאָרן פֿון דעם טעאַטער ווו די סוביעקטין איז געווען א סוברעטין.
M-3-facs_126_tr_1754820316-006	P-3-facs_126_tr_1754820316	3	facs_126_tr_1754820316	פּלאַוונער, רבקה׳לע [רעגינע בערגער]	מ. ד. וואַקסמאַן	זכר	דירעקטאָר	ער איז געווען איינער פֿון די דירעקטאָרן פֿון דעם טעאַטער ווו די סוביעקטין איז געווען א סוברעטין.
M-3-facs_126_tr_1754820316-007	P-3-facs_126_tr_1754820316	3	facs_126_tr_1754820316	פּלאַוונער, רבקה׳לע [רעגינע בערגער]	יוליוס אַדלער	זכר	דירעקטאָר	ער איז געווען איינער פֿון די דירעקטאָרן פֿון די טעאַטערס ווו די סוביעקטין האָט געשפּילט.
M-3-facs_126_tr_1754820316-008	P-3-facs_126_tr_1754820316	3	facs_126_tr_1754820316	פּלאַוונער, רבקה׳לע [רעגינע בערגער]	הערמאַן סיעראצקי	זכר	דירעקטאָר	ער איז געווען איינער פֿון די דירעקטאָרן פֿון די טעאַטערס ווו די סוביעקטין האָט געשפּילט.
M-3-facs_126_tr_1754820316-009	P-3-facs_126_tr_1754820316	3	facs_126_tr_1754820316	פּלאַוונער, רבקה׳לע [רעגינע בערגער]	אסתר רחל קאמינסקאַ	נקבה	שוישפּילערין	די סוביעקטין האָט געשפּילט בעת אירע גאַסטראָלן.
M-3-facs_126_tr_1754820316-010	P-3-facs_126_tr_1754820316	3	facs_126_tr_1754820316	פּלאַוונער, רבקה׳לע [רעגינע בערגער]	זינע גאָלדשטיין	נקבה	שוישפּילערין	די סוביעקטין האָט געשפּילט מיט איר אין דעם סקאַלאַ טעאַטער.
M-3-facs_126_tr_1754820316-011	P-3-facs_126_tr_1754820316	3	facs_126_tr_1754820316	פּלאַוונער, רבקה׳לע [רעגינע בערגער]	רעגינע בערגער	נקבה	שוישפּילערין	די סוביעקטין האָט מיט איר געשפּילט אין אַ סעזאָן.
M-3-facs_126_tr_1754820316-012	P-3-facs_126_tr_1754820316	3	facs_126_tr_1754820316	פּלאַוונער, רבקה׳לע [רעגינע בערגער]	ליטמאַן	זכר	אייגנטימער פֿון פּיפּלס טעאַטער אין דעטראָיט	די סוביעקטין האָט געשפּילט אַלס פּרימאַדאָנע אין זיין טעאַטער.
M-3-facs_126_tr_1754820316-013	P-3-facs_126_tr_1754820316	3	facs_126_tr_1754820316	פּלאַוונער, רבקה׳לע [רעגינע בערגער]	בן עמי	זכר	שוישפּילער	די סוביעקטין האָט זיך באַטייליקט אין די פֿאַרשטעלונגען פֿון זיין גאַסטראָל.
M-3-facs_126_tr_1754820316-014	P-3-facs_126_tr_1754820316	3	facs_126_tr_1754820316	פּלאַוונער, רבקה׳לע [רעגינע בערגער]	גאָלדענבורג	זכר	שוישפּילער	די סוביעקטין האָט זיך באַטייליקט אין די פֿאַרשטעלונגען פֿון זיין גאַסטראָל.
M-3-facs_126_tr_1754820316-015	P-3-facs_126_tr_1754820316	3	facs_126_tr_1754820316	פּלאַוונער, רבקה׳לע [רעגינע בערגער]	בערטאָ קאַליש	נקבה	שוישפּילערין	די סוביעקטין האָט זיך באַטייליקט אין די פֿאַרשטעלונגען פֿון איר גאַסטראָל.
M-3-facs_126_tr_1754820316-016	P-3-facs_126_tr_1754820316	3	facs_126_tr_1754820316	פּלאַוונער, רבקה׳לע [רעגינע בערגער]	לאַנדוי	זכר	אייגנטימער פֿון לאַנדויס טעאַטער אין פּיטסבורג	די סוביעקטין האָט געשפּילט אין זיין טעאַטער.
M-3-facs_126_tr_1754820316-017	P-3-facs_126_tr_1754820316	3	facs_126_tr_1754820316	פּלאַוונער, רבקה׳לע [רעגינע בערגער]	עלוווינג	זכר	אייגנטימער פֿון עלווינגס מעטראָפּאָליטאן טעאַטער אין נואָרק	די סוביעקטין האָט געשפּילט אין זיין טעאַטער.
M-3-facs_126_tr_1754820316-018	P-3-facs_126_tr_1754820316	3	facs_126_tr_1754820316	פּלאַוונער, רבקה׳לע [רעגינע בערגער]	פּנחס לאַווענדא	זכר	שוישפּילער	די סוביעקטין האָט געשפּילט מיט אים אין דעם זעלבן טעאַטער.
M-3-facs_126_tr_1754820316-019	P-3-facs_126_tr_1754820316	3	facs_126_tr_1754820316	פּלאַוונער, רבקה׳לע [רעגינע בערגער]	חיים טויבער	זכר	שוישפּילער און מחבר פֿון דער אָפּערעטע דאָס גאָלדענע רינגעלע	די סוביעקטין האָט געשפּילט מיט אים און אין זיין אָפּערעטע.
M-3-facs_126_tr_1754820316-020	P-3-facs_126_tr_1754820316	3	facs_126_tr_1754820316	פּלאַוונער, רבקה׳לע [רעגינע בערגער]	צילי אַדלער	נקבה	שוישפּילערין	די סוביעקטין האָט געשפּילט בעת אירע גאַסטראָלן אין לאָנדאָן.
M-3-facs_126_tr_1754820319-000	P-3-facs_126_tr_1754820319	3	facs_126_tr_1754820319	פּסאַכיס, אהרן	עלטערן*		פֿאַרמעגלעכע	דער סוביעקט איז אויפֿגעצויגן געוואָרן ביי זיי.
M-3-facs_126_tr_1754820319-001	P-3-facs_126_tr_1754820319	3	facs_126_tr_1754820319	פּסאַכיס, אהרן	א. וו. בידערמאַן	זכר		ער איז געווען באַטייליקט אין פּראָפעסיאנעלן יידישן טעאַטער צוזאַמען מיט אים.
M-3-facs_126_tr_1754820323-000	P-3-facs_126_tr_1754820323	3	facs_126_tr_1754820323	פּעלץ, מרדכי	פֿאָטער*	male	אַ גערער חסיד	ער איז דער פֿאָטער פֿון דעם סוביעקט.
M-3-facs_126_tr_1754820323-001	P-3-facs_126_tr_1754820323	3	facs_126_tr_1754820323	פּעלץ, מרדכי	אַלטער אָרלעווסקי	male	חזן	דער סוביעקט האָט געזונגען אין דער פּראַגער כאָר-שול ביי אים.
M-3-facs_126_tr_1754820323-002	P-3-facs_126_tr_1754820323	3	facs_126_tr_1754820323	פּעלץ, מרדכי	שערמאַן	male	חזן	דער סוביעקט איז געווען אַ כאָריסט ביי אים אין דער וואַרשעווער כאָרשול.
M-3-facs_126_tr_1754820323-003	P-3-facs_126_tr_1754820323	3	facs_126_tr_1754820323	פּעלץ, מרדכי	סיראָטאַ	male	חזן	דער סוביעקט איז געווען אַ כאָריסט ביי אים אין דער וואַרשעווער כאָרשול.
M-3-facs_126_tr_1754820323-004	P-3-facs_126_tr_1754820323	3	facs_126_tr_1754820323	פּעלץ, מרדכי	מאָריס מאָשקאָוויטש	male	גאַסטראָלער	דער סוביעקט האָט געשפּילט בעת זיינע גאַסטראָלן.
M-3-facs_126_tr_1754820323-005	P-3-facs_126_tr_1754820323	3	facs_126_tr_1754820323	פּעלץ, מרדכי	בינע אַבראַמאָוויטש	female	גאַסטראָלער	דער סוביעקט האָט געשפּילט בעת אירע גאַסטראָלן.
M-3-facs_126_tr_1754820323-006	P-3-facs_126_tr_1754820323	3	facs_126_tr_1754820323	פּעלץ, מרדכי	קלמן יאווילער	male	גאַסטראָלער	דער סוביעקט האָט געשפּילט בעת זיינע גאַסטראָלן.
M-3-facs_126_tr_1754820323-007	P-3-facs_126_tr_1754820323	3	facs_126_tr_1754820323	פּעלץ, מרדכי	בערטא גוטענטאג	female	גאַסטראָלער	דער סוביעקט האָט געשפּילט בעת אירע גאַסטראָלן.
M-3-facs_126_tr_1754820323-008	P-3-facs_126_tr_1754820323	3	facs_126_tr_1754820323	פּעלץ, מרדכי	קאַרל גוטענטאג	male	גאַסטראָלער	דער סוביעקט האָט געשפּילט בעת זיינע גאַסטראָלן.
M-3-facs_126_tr_1754820323-009	P-3-facs_126_tr_1754820323	3	facs_126_tr_1754820323	פּעלץ, מרדכי	גאָלדענבורג	male	גאַסטראָלער פון אמעריקע און אייראָפּע	דער סוביעקט האָט זיך באַטייליקט אין די פֿאָרשטעלונגען מיט אים.
M-3-facs_126_tr_1754820323-010	P-3-facs_126_tr_1754820323	3	facs_126_tr_1754820323	פּעלץ, מרדכי	קרעמער	male	גאַסטראָלער פון אמעריקע און אייראָפּע	דער סוביעקט האָט זיך באַטייליקט אין די פֿאָרשטעלונגען מיט אים.
M-3-facs_126_tr_1754820323-011	P-3-facs_126_tr_1754820323	3	facs_126_tr_1754820323	פּעלץ, מרדכי	מאָרעווסקי	male	גאַסטראָלער פון אמעריקע און אייראָפּע	דער סוביעקט האָט זיך באַטייליקט אין די פֿאָרשטעלונגען מיט אים.
M-3-facs_126_tr_1754820323-012	P-3-facs_126_tr_1754820323	3	facs_126_tr_1754820323	פּעלץ, מרדכי	סאָקאָלאָוו	male	גאַסטראָלער פון אמעריקע און אייראָפּע	דער סוביעקט האָט זיך באַטייליקט אין די פֿאָרשטעלונגען מיט אים.
M-3-facs_126_tr_1754820323-013	P-3-facs_126_tr_1754820323	3	facs_126_tr_1754820323	פּעלץ, מרדכי	וואָלערשטיין	male	גאַסטראָלער פון אמעריקע און אייראָפּע	דער סוביעקט האָט זיך באַטייליקט אין די פֿאָרשטעלונגען מיט אים.
M-3-facs_126_tr_1754820323-014	P-3-facs_126_tr_1754820323	3	facs_126_tr_1754820323	פּעלץ, מרדכי	טייטעלבוים	male	גאַסטראָלער פון אמעריקע און אייראָפּע	דער סוביעקט האָט זיך באַטייליקט אין די פֿאָרשטעלונגען מיט אים.
M-3-facs_126_tr_1754820323-015	P-3-facs_126_tr_1754820323	3	facs_126_tr_1754820323	פּעלץ, מרדכי	לאָבעל	male	גאַסטראָלער פון אמעריקע און אייראָפּע	דער סוביעקט האָט זיך באַטייליקט אין די פֿאָרשטעלונגען מיט אים.
M-3-facs_126_tr_1754820323-016	P-3-facs_126_tr_1754820323	3	facs_126_tr_1754820323	פּעלץ, מרדכי	מאָריס שוואַרץ	male	גאַסטראָלער פון אמעריקע און אייראָפּע	דער סוביעקט האָט זיך באַטייליקט אין די פֿאָרשטעלונגען מיט אים.
M-3-facs_126_tr_1754820323-017	P-3-facs_126_tr_1754820323	3	facs_126_tr_1754820323	פּעלץ, מרדכי	יעקב בן-עמי	male	גאַסטראָלער פון אמעריקע און אייראָפּע	דער סוביעקט האָט זיך באַטייליקט אין די פֿאָרשטעלונגען מיט אים.
M-3-facs_126_tr_1754820323-018	P-3-facs_126_tr_1754820323	3	facs_126_tr_1754820323	פּעלץ, מרדכי	לעאָן ברעסט	male	אָנפֿירער	ער האָט אָנגעפֿירט מיט דעם טעאַטער „אַרגענטינא“ צוזאַמען מיט דעם סוביעקט.
M-3-facs_126_tr_1754820323-019	P-3-facs_126_tr_1754820323	3	facs_126_tr_1754820323	פּעלץ, מרדכי	ראָזענבערג	male	מענעדזשער	דער סוביעקט איז געווען דער געשעפטספֿירער אונטער זיין מענעדזשמענט.
M-3-facs_127_tr_1754820296-000	P-3-facs_127_tr_1754820296	3	facs_127_tr_1754820296	פעקער וויקטאָר (אביגדור)	עלטערן*		פֿאַרמעגלעכע	זיי זענען די עלטערן פונעם סוביעקט.
M-3-facs_127_tr_1754820296-001	P-3-facs_127_tr_1754820296	3	facs_127_tr_1754820296	פעקער וויקטאָר (אביגדור)	רבנים*	זכר	אַ משפּחה פֿון רבנים	די משפּחה פונעם סוביעקט זענען געווען רבנים.
M-3-facs_127_tr_1754820296-002	P-3-facs_127_tr_1754820296	3	facs_127_tr_1754820296	פעקער וויקטאָר (אביגדור)	בערמאַן	זכר	דיריגענט	דער סוביעקט האָט געזונגען אַלס קינד אין שול-כאָר אונטער זיין לייטונג.
M-3-facs_127_tr_1754820296-003	P-3-facs_127_tr_1754820296	3	facs_127_tr_1754820296	פעקער וויקטאָר (אביגדור)	יעקב מעדוועדיעוו	זכר	באַרימטער פֿאָלקס-זינגער	ער האָט זיך באַטייליקט אין דעם זעלבן קאָנצערט מיטן סוביעקט.
M-3-facs_127_tr_1754820296-004	P-3-facs_127_tr_1754820296	3	facs_127_tr_1754820296	פעקער וויקטאָר (אביגדור)	שול-חברים*			זיי זענען געווען חברים פונעם סוביעקט און האָבן מיט אים נאָכגעשפּילט פּיעסעס.
M-3-facs_127_tr_1754820296-005	P-3-facs_127_tr_1754820296	3	facs_127_tr_1754820296	פעקער וויקטאָר (אביגדור)	מאָרגענשטערן	זכר	טעאַטער-דירעקטאָר	דער סוביעקט האָט געשפּילט ביי אים אַ קורצע צייט.
M-3-facs_127_tr_1754820296-006	P-3-facs_127_tr_1754820296	3	facs_127_tr_1754820296	פעקער וויקטאָר (אביגדור)	פּסח קאַפּלאַן	זכר	פירער פונעם ביאליסטאָקער קונסט-ווינקל	דער סוביעקט האָט געשפּילט אונטער זיין לייטונג.
M-3-facs_127_tr_1754820296-007	P-3-facs_127_tr_1754820296	3	facs_127_tr_1754820296	פעקער וויקטאָר (אביגדור)	יעקב פּאַט	זכר	פירער פונעם ביאליסטאָקער קונסט-ווינקל	דער סוביעקט האָט געשפּילט אונטער זיין לייטונג.
M-3-facs_127_tr_1754820296-008	P-3-facs_127_tr_1754820296	3	facs_127_tr_1754820296	פעקער וויקטאָר (אביגדור)	א. ג. קאָמפּאַניעיעץ	זכר		דער סוביעקט איז אַריינגעטראָטן אין זיין טרופּע.
M-3-facs_127_tr_1754820296-009	P-3-facs_127_tr_1754820296	3	facs_127_tr_1754820296	פעקער וויקטאָר (אביגדור)	ל. סאָקאָלאָוו	זכר	פירער פונעם יידיש דראַמאַטישן טעאַטער	דער סוביעקט האָט געשפּילט אין זיין טעאַטער.
M-3-facs_127_tr_1754820296-010	P-3-facs_127_tr_1754820296	3	facs_127_tr_1754820296	פעקער וויקטאָר (אביגדור)	אסתר רחל קאמינסקאַ	נקבה		דער סוביעקט האָט געשפּילט אַ סעזאָן צוזאַמען מיט איר.
M-3-facs_127_tr_1754820296-011	P-3-facs_127_tr_1754820296	3	facs_127_tr_1754820296	פעקער וויקטאָר (אביגדור)	אַברהם מאָרעווסקי	זכר		דער סוביעקט האָט געשפּילט אַ סעזאָן צוזאַמען מיט אים.
M-3-facs_127_tr_1754820296-012	P-3-facs_127_tr_1754820296	3	facs_127_tr_1754820296	פעקער וויקטאָר (אביגדור)	ליפּאָווסקין	זכר	רעזשיסער פֿאַרן קאָוונער פֿאָלקסטעאַטער	ער האָט אנגאַזשירט דעם סוביעקט אַלס רעזשיסער.
M-3-facs_127_tr_1754820296-013	P-3-facs_127_tr_1754820296	3	facs_127_tr_1754820296	פעקער וויקטאָר (אביגדור)	יעקב בן-עמי	זכר	פירער פונעם אוירווינג פלייס טעאַטער	דער סוביעקט האָט געשפּילט אונטער זיין לייטונג.
M-3-facs_127_tr_1754820296-014	P-3-facs_127_tr_1754820296	3	facs_127_tr_1754820296	פעקער וויקטאָר (אביגדור)	מאָריס שוואַרצס	זכר	פירער פונעם יידישער קונסט-טעאַטער	דער סוביעקט האָט געשפּילט אין זיין טעאַטער.
M-3-facs_127_tr_1754820296-015	P-3-facs_127_tr_1754820296	3	facs_127_tr_1754820296	פעקער וויקטאָר (אביגדור)	אַלעקסאַנדער גראַנאָכן	זכר	אַקטיאָר	דער סוביעקט האָט אים פֿאָרגעשטעלט (פֿאָרטרעט) אַלס גולם.
M-3-facs_127_tr_1754820296-016	P-3-facs_127_tr_1754820296	3	facs_127_tr_1754820296	פעקער וויקטאָר (אביגדור)	עגאָן ברעכער	זכר	רעזשיסער	ער האָט אויפֿגעפֿירט די דראַמע אין וועלכער דער סוביעקט האָט געשפּילט.
M-3-facs_127_tr_1754820296-017	P-3-facs_127_tr_1754820296	3	facs_127_tr_1754820296	פעקער וויקטאָר (אביגדור)	מישע ראַפּעל	זכר	מיטגליד פונעם יידישע קליין-קונסט-וואַנדער-טעאַטער	ער איז געווען אַ מיטגליד אין דער טרופּע וואָס דער סוביעקט האָט אָרגאַניזירט.
M-3-facs_127_tr_1754820296-018	P-3-facs_127_tr_1754820296	3	facs_127_tr_1754820296	פעקער וויקטאָר (אביגדור)	חנה סטראָמבערג	נקבה	מיטגליד פונעם יידישע קליין-קונסט-וואַנדער-טעאַטער	זי איז געווען אַ מיטגליד אין דער טרופּע וואָס דער סוביעקט האָט אָרגאַניזירט.
M-3-facs_127_tr_1754820296-019	P-3-facs_127_tr_1754820296	3	facs_127_tr_1754820296	פעקער וויקטאָר (אביגדור)	שלום טאָנין	זכר	מיטגליד פונעם יידישע קליין-קונסט-וואַנדער-טעאַטער	ער איז געווען אַ מיטגליד אין דער טרופּע וואָס דער סוביעקט האָט אָרגאַניזירט.
M-3-facs_127_tr_1754820296-020	P-3-facs_127_tr_1754820296	3	facs_127_tr_1754820296	פעקער וויקטאָר (אביגדור)	משה רויך	זכר	מיטגליד פונעם יידישע קליין-קונסט-וואַנדער-טעאַטער	ער איז געווען אַ מיטגליד אין דער טרופּע וואָס דער סוביעקט האָט אָרגאַניזירט.
M-3-facs_127_tr_1754820296-021	P-3-facs_127_tr_1754820296	3	facs_127_tr_1754820296	פעקער וויקטאָר (אביגדור)	וואָלף באַרזעל	זכר	מיטגליד פונעם יידישע קליין-קונסט-וואַנדער-טעאַטער	ער איז געווען אַ מיטגליד אין דער טרופּע וואָס דער סוביעקט האָט אָרגאַניזירט.
M-3-facs_127_tr_1754820296-022	P-3-facs_127_tr_1754820296	3	facs_127_tr_1754820296	פעקער וויקטאָר (אביגדור)	חנה ספּעקטאָר	נקבה	מיטגליד פונעם יידישע קליין-קונסט-וואַנדער-טעאַטער	זי איז געווען אַ מיטגליד אין דער טרופּע וואָס דער סוביעקט האָט אָרגאַניזירט.
M-3-facs_127_tr_1754820296-023	P-3-facs_127_tr_1754820296	3	facs_127_tr_1754820296	פעקער וויקטאָר (אביגדור)	מ. ירדני	זכר		דער סוביעקט האָט דורכגעפֿירט מיט אים אַ ראַדיאָ פּראָגראַם.
M-3-facs_127_tr_1754820296-024	P-3-facs_127_tr_1754820296	3	facs_127_tr_1754820296	פעקער וויקטאָר (אביגדור)	בוקשטיינס	זכר	מחבר פון ראָמאַן	דער סוביעקט האָט דראַמאַטיזירט און אויפֿגעפֿירט זיין ראָמאַן אויף דער ראַדיאָ.
M-3-facs_127_tr_1754820296-025	P-3-facs_127_tr_1754820296	3	facs_127_tr_1754820296	פעקער וויקטאָר (אביגדור)	משה דוכאָווניס	זכר	מחבר פון ראָמאַן	דער סוביעקט האָט דראַמאַטיזירט און אויפֿגעפֿירט זיין ראָמאַן אויף דער ראַדיאָ.
M-3-facs_127_tr_1754820296-026	P-3-facs_127_tr_1754820296	3	facs_127_tr_1754820296	פעקער וויקטאָר (אביגדור)	איידאַ (עפּשטיין)	נקבה	טענצערין און אַ מוזיקלערערין	זי איז די פרוי פונעם סוביעקט פּ.
M-3-facs_128_tr_1754820289-000	P-3-facs_128_tr_1754820289	3	facs_128_tr_1754820289	פּעקער, קלאַראַ [מילער]	פֿאָטער*	זכר	אַ קליינער פֿאַבריקאַנט פֿון העמדער	ער איז דער פֿאָטער פֿון דער סוביעקט.
M-3-facs_128_tr_1754820289-001	P-3-facs_128_tr_1754820289	3	facs_128_tr_1754820289	פּעקער, קלאַראַ [מילער]	מוטער*	נקבה		זי איז די מוטער פֿון דער סוביעקט.
M-3-facs_128_tr_1754820289-002	P-3-facs_128_tr_1754820289	3	facs_128_tr_1754820289	פּעקער, קלאַראַ [מילער]	משפּחה*		אין קאָוונע, ליטע	זי איז די משפּחה פֿון דער סוביעקט.
M-3-facs_128_tr_1754820289-003	P-3-facs_128_tr_1754820289	3	facs_128_tr_1754820289	פּעקער, קלאַראַ [מילער]	"ד""ר מוקדוני"	זכר		ער האָט אָנגעפֿירט די קאָוונער דראַמאַטישע סטודיע וווּ זי האָט געלערנט.
M-3-facs_128_tr_1754820289-004	P-3-facs_128_tr_1754820289	3	facs_128_tr_1754820289	פּעקער, קלאַראַ [מילער]	וויקטאָר פּעקער	זכר	אַקטיאָר	ער איז דער מאַן פֿון דער סוביעקט.
M-3-facs_128_tr_1754820289-005	P-3-facs_128_tr_1754820289	3	facs_128_tr_1754820289	פּעקער, קלאַראַ [מילער]	ל. סאָקאָלאָוו	זכר	קינסטלערישע לייט.	ער איז געווען דער קינסטלערישער לייטער פֿון דעם טעאַטער וווּ איר מאַן האָט געשפּילט.
M-3-facs_128_tr_1754820289-006	P-3-facs_128_tr_1754820289	3	facs_128_tr_1754820289	פּעקער, קלאַראַ [מילער]	ליפּאָווסקי	זכר		ער איז געווען דער אייגנטימער אָדער לייטער פֿונעם „פֿאָלקס-טעאַטער“.
M-3-facs_128_tr_1754820289-007	P-3-facs_128_tr_1754820289	3	facs_128_tr_1754820289	פּעקער, קלאַראַ [מילער]	אַש	זכר	"מחבר פֿון „גאָט פֿון נקמה"""	ער איז דער מחבר פֿון דער פּיעסע אין וועלכער זי האָט געשפּילט.
M-3-facs_128_tr_1754820289-008	P-3-facs_128_tr_1754820289	3	facs_128_tr_1754820289	פּעקער, קלאַראַ [מילער]	הירשביין	זכר	"מחבר פֿון „שמידס טעכטער"""	ער איז דער מחבר פֿון דער פּיעסע אין וועלכער זי האָט געשפּילט.
M-3-facs_128_tr_1754820289-009	P-3-facs_128_tr_1754820289	3	facs_128_tr_1754820289	פּעקער, קלאַראַ [מילער]	אַנדערע*			זיי האָבן געגרינדעט די „ערשטע יידישע פֿאַראייניקטע דראַמאַטישע טרופּע“ צוזאַמען מיט איר מאַן.
M-3-facs_128_tr_1754820289-010	P-3-facs_128_tr_1754820289	3	facs_128_tr_1754820289	פּעקער, קלאַראַ [מילער]	לייוויק	זכר	"מחבר פֿון „גולם"""	ער איז דער מחבר פֿון דער פּיעסע אין וועלכער זי האָט געשפּילט.
M-3-facs_128_tr_1754820289-011	P-3-facs_128_tr_1754820289	3	facs_128_tr_1754820289	פּעקער, קלאַראַ [מילער]	מאָליער	זכר	"מחבר פֿון „קאַרגער"""	ער איז דער מחבר פֿון דער פּיעסע אין וועלכער זי האָט געשפּילט.
M-3-facs_128_tr_1754820289-012	P-3-facs_128_tr_1754820289	3	facs_128_tr_1754820289	פּעקער, קלאַראַ [מילער]	שילדקרויט	זכר	שילדקרויט-טעאַטער	ער איז דער לייטער אָדער אייגנטימער פֿון דעם טעאַטער.
M-3-facs_128_tr_1754820289-013	P-3-facs_128_tr_1754820289	3	facs_128_tr_1754820289	פּעקער, קלאַראַ [מילער]	דימאָוו	זכר	"מחבר פֿון „בראָנקס עקספּרעס"""	ער איז דער מחבר פֿון דער פּיעסע אין וועלכער זי האָט געשפּילט.
M-3-facs_128_tr_1754820296-000	P-3-facs_128_tr_1754820296	3	facs_128_tr_1754820296	פּעקעראָוו, יעקב	די פֿאַמיליע געליס			אין 1893 אָנגעהויבן שפּילן יידיש טעאַטער אין פאַריז צוזאַמען מיט דער פֿאַמיליע געליס.
M-3-facs_128_tr_1754820296-001	P-3-facs_128_tr_1754820296	3	facs_128_tr_1754820296	פּעקעראָוו, יעקב	מאלווינאַ לאָבעל	female		געשפּילט כאַראַקטער- און דראַמאַטישע ראָלן צוזאַמען מיט מאלווינאַ לאָבעל.
M-3-facs_128_tr_1754820296-002	P-3-facs_128_tr_1754820296	3	facs_128_tr_1754820296	פּעקעראָוו, יעקב	טשאַרלז נאַטאַנסאָן	male		געשפּילט כאַראַקטער- און דראַמאַטישע ראָלן צוזאַמען מיט טשאַרלז נאַטאַנסאָן.
M-3-facs_128_tr_1754820296-003	P-3-facs_128_tr_1754820296	3	facs_128_tr_1754820296	פּעקעראָוו, יעקב	זיגמונט פֿיינמאַן	male		געשפּילט כאַראַקטער- און דראַמאַטישע ראָלן צוזאַמען מיט זיגמונט פֿיינמאַן.
M-3-facs_128_tr_1754820296-004	P-3-facs_128_tr_1754820296	3	facs_128_tr_1754820296	פּעקעראָוו, יעקב	נייטאן אייזיקאָוויטש	male		געשפּילט כאַראַקטער- און דראַמאַטישע ראָלן צוזאַמען מיט נייטאן אייזיקאָוויטש.
M-3-facs_128_tr_1754820296-005	P-3-facs_128_tr_1754820296	3	facs_128_tr_1754820296	פּעקעראָוו, יעקב	אהרן נאגער	male		געשפּילט כאַראַקטער- און דראַמאַטישע ראָלן צוזאַמען מיט אהרן נאגער.
M-3-facs_128_tr_1754820296-006	P-3-facs_128_tr_1754820296	3	facs_128_tr_1754820296	פּעקעראָוו, יעקב	קראוזע	male		געשפּילט כאַראַקטער- און דראַמאַטישע ראָלן צוזאַמען מיט קראוזע.
M-3-facs_128_tr_1754820296-007	P-3-facs_128_tr_1754820296	3	facs_128_tr_1754820296	פּעקעראָוו, יעקב	מאָריס אַקסעלראָד	male		געשפּילט כאַראַקטער- און דראַמאַטישע ראָלן צוזאַמען מיט מאָריס אַקסעלראָד.
M-3-facs_128_tr_1754820296-008	P-3-facs_128_tr_1754820296	3	facs_128_tr_1754820296	פּעקעראָוו, יעקב	יאָזעף שערמאַן	male		געשפּילט כאַראַקטער- און דראַמאַטישע ראָלן צוזאַמען מיט יאָזעף שערמאַן.
M-3-facs_128_tr_1754820296-009	P-3-facs_128_tr_1754820296	3	facs_128_tr_1754820296	פּעקעראָוו, יעקב	באָריס ראָזענטאל	male		געשפּילט כאַראַקטער- און דראַמאַטישע ראָלן צוזאַמען מיט באָריס ראָזענטאל.
M-3-facs_128_tr_1754820296-010	P-3-facs_128_tr_1754820296	3	facs_128_tr_1754820296	פּעקעראָוו, יעקב	אַברהם גאָלדפֿאַדען	male		"געשפּילט... אויך א""ר פֿון אַברהם גאָלדפֿאַדען."
M-3-facs_128_tr_1754820296-011	P-3-facs_128_tr_1754820296	3	facs_128_tr_1754820296	פּעקעראָוו, יעקב	בערטאַ גוטענטאג	female	אָרטיקע אַקטיאָרן	געשפּילט צוזאַמען מיט בערטאַ גוטענטאג.
M-3-facs_128_tr_1754820296-012	P-3-facs_128_tr_1754820296	3	facs_128_tr_1754820296	פּעקעראָוו, יעקב	קאַרל גוטענטאג	male	אָרטיקע אַקטיאָרן	געשפּילט צוזאַמען מיט קאַרל גוטענטאג.
M-3-facs_128_tr_1754820296-013	P-3-facs_128_tr_1754820296	3	facs_128_tr_1754820296	פּעקעראָוו, יעקב	סעמיועל גאָלדענבורג	male	גאַסטראָלערן	געשפּילט צוזאַמען מיט סעמיועל גאָלדענבורג.
M-3-facs_128_tr_1754820296-014	P-3-facs_128_tr_1754820296	3	facs_128_tr_1754820296	פּעקעראָוו, יעקב	מאַריענאָף			געשפּילט צוזאַמען מיט מאַריענאָף.
M-3-facs_128_tr_1754820296-015	P-3-facs_128_tr_1754820296	3	facs_128_tr_1754820296	פּעקעראָוו, יעקב	דוד באַראַץ	male		געשפּילט צוזאַמען מיט דוד באַראַץ.
M-3-facs_128_tr_1754820296-016	P-3-facs_128_tr_1754820296	3	facs_128_tr_1754820296	פּעקעראָוו, יעקב	סעם אויערבאַך	male		געשפּילט צוזאַמען מיט סעם אויערבאַך.
M-3-facs_128_tr_1754820296-017	P-3-facs_128_tr_1754820296	3	facs_128_tr_1754820296	פּעקעראָוו, יעקב	יעקב זילבערט	male		געשפּילט צוזאַמען מיט יעקב זילבערט.
M-3-facs_128_tr_1754820296-018	P-3-facs_128_tr_1754820296	3	facs_128_tr_1754820296	פּעקעראָוו, יעקב	ב. בערדיטשעווסקי			דערנאָך איז ער — לויט ב. בערדיטשעווסקי — צוריקגעקומען קיין ארגענטינע.
M-3-facs_128_tr_1754820296-019	P-3-facs_128_tr_1754820296	3	facs_128_tr_1754820296	פּעקעראָוו, יעקב	פריינט*			זיינע פריינט האָבן אים באַזאָרגט מיט דעם פּאָסטן.
M-3-facs_128_tr_1754820296-020	P-3-facs_128_tr_1754820296	3	facs_128_tr_1754820296	פּעקעראָוו, יעקב	פאַרערער*			זיינע פאַרערער האָבן אים באַזאָרגט מיט דעם פּאָסטן.
M-3-facs_128_tr_1754820296-021	P-3-facs_128_tr_1754820296	3	facs_128_tr_1754820296	פּעקעראָוו, יעקב	יידל מילער	male	אַ גוטער פֿריינט, אַ פֿארערער פֿון נפטר	האָט מיט זיינע אייגענע מיטלען געלאָזט דורכפירן די לויה.
M-3-facs_128_tr_1754820291-000	P-3-facs_128_tr_1754820291	3	facs_128_tr_1754820291	פּערלאָוו, בעטי [ראָזענבערג]	וויעראַ ראָזאַנקאַ		"(""יידישע שיקסע""), יידישע אַקטיאָרן און שרייבער"	וויעראַ ראָזאַנקאַ איז איינע פֿון די עלטערן פֿון דער סוביעקט.
M-3-facs_128_tr_1754820291-001	P-3-facs_128_tr_1754820291	3	facs_128_tr_1754820291	פּערלאָוו, בעטי [ראָזענבערג]	ישראל ראָזענבערג		יידישע אַקטיאָרן און שרייבער	ישראל ראָזענבערג איז איינער פֿון די עלטערן פֿון דער סוביעקט.
M-3-facs_128_tr_1754820291-002	P-3-facs_128_tr_1754820291	3	facs_128_tr_1754820291	פּערלאָוו, בעטי [ראָזענבערג]	פֿאָטער*			ער איז דער פֿאָטער פֿון דער סוביעקט.
M-3-facs_129_r-000	P-3-facs_129_r	3	facs_129_r	פּערלמאַן, אסתּר	יאקובאָוויטש	זכר		זי איז איבערגעגאנגען אין יאקובאָוויטשעס וואָנדער-טרופּע.
M-3-facs_129_r-001	P-3-facs_129_r	3	facs_129_r	פּערלמאַן, אסתּר	מאַנגעל	זכר	מאַנגעלס דירעקציע	זי האט געשפילט אונטער מאַנגעלס דירעקציע אין פראַנקפורט.
M-3-facs_129_r-002	P-3-facs_129_r	3	facs_129_r	פּערלמאַן, אסתּר	יעקב שעפנער	זכר		זי האט געשפילט מיט אים צוזאַמען אין אַרגענטינע, בערלין און פאַריז.
M-3-facs_129_r-003	P-3-facs_129_r	3	facs_129_r	פּערלמאַן, אסתּר	יצחק דייטש	זכר		זי האט געשפילט מיט אים צוזאַמען אין אַרגענטינע.
M-3-facs_129_r-004	P-3-facs_129_r	3	facs_129_r	פּערלמאַן, אסתּר	זיגמונט טורקאָוו	זכר	לייטונג זיגמונט טורקאָוו	זי האָט מיט אים געשפּילט אין בוענאָס איירעס, צענטראַל-אַמעריקע און שפּעטער אין זיין טרופּע „וויקט“.
M-3-facs_129_r-005	P-3-facs_129_r	3	facs_129_r	פּערלמאַן, אסתּר	יעקב	זכר	אַ יידישער אַקטיאָר	ער איז דער ברודער פון פּ.
M-3-facs_129_tr_1754820306-000	P-3-facs_129_tr_1754820306	3	facs_129_tr_1754820306	פּערלמאַן, יעקב	קאמינסקין	male		יעקב פּערלמאַן האָט אָנגעהויבן די בינע-קאַריערע אַלס כאָריסט ביי אים.
M-3-facs_129_tr_1754820306-001	P-3-facs_129_tr_1754820306	3	facs_129_tr_1754820306	פּערלמאַן, יעקב	זאַנדבערגן	male		יעקב פּערלמאַן האָט אַלס אַקטיאָר דעביוטירט ביי אים אין לאָדזשער גרויסעס טעאַטער.
M-3-facs_129_tr_1754820306-002	P-3-facs_129_tr_1754820306	3	facs_129_tr_1754820306	פּערלמאַן, יעקב	יוליוס אַדלערן	male	רעזשיסער	יעקב פּערלמאַן האָט אים צוגעצויגן אַלס רעזשיסער אין ביאַליסטאָק און שפּעטער געשפּילט מיט אים.
M-3-facs_129_tr_1754820306-003	P-3-facs_129_tr_1754820306	3	facs_129_tr_1754820306	פּערלמאַן, יעקב	פֿינקעלשטיינען	male		יעקב פּערלמאַן איז אָנגאַזשירט געוואָרן צו אים אין בוענאָס איירעס.
M-3-facs_129_tr_1754820306-004	P-3-facs_129_tr_1754820306	3	facs_129_tr_1754820306	פּערלמאַן, יעקב	יאָזעף קעסלער	male		יעקב פּערלמאַן האָט געשפּילט ביי אים אין לאָנדאָנער פאַוויליאָן-טעאַטער.
M-3-facs_129_tr_1754820306-005	P-3-facs_129_tr_1754820306	3	facs_129_tr_1754820306	פּערלמאַן, יעקב	מאָשקאָוויטשן	male		יעקב פּערלמאַן האָט געשפּילט מיט אים אין לאָנדאָן.
M-3-facs_129_tr_1754820306-006	P-3-facs_129_tr_1754820306	3	facs_129_tr_1754820306	פּערלמאַן, יעקב	טאָמאַשעווסקי	male		יעקב פּערלמאַן האָט געלעגנטלעך מיט אים געשפּילט אין בוענאָס איירעס.
M-3-facs_129_tr_1754820306-007	P-3-facs_129_tr_1754820306	3	facs_129_tr_1754820306	פּערלמאַן, יעקב	זאַסלאַווסקי	male		יעקב פּערלמאַן האָט געלעגנטלעך מיט אים געשפּילט אין בוענאָס איירעס.
M-3-facs_129_tr_1754820306-008	P-3-facs_129_tr_1754820306	3	facs_129_tr_1754820306	פּערלמאַן, יעקב	מינע אַקסעלראָד	female		יעקב פּערלמאַן האָט געלעגנטלעך מיט איר געשפּילט אין בוענאָס איירעס.
M-3-facs_129_tr_1754820306-009	P-3-facs_129_tr_1754820306	3	facs_129_tr_1754820306	פּערלמאַן, יעקב	קלאַראַ יאָנג	female		יעקב פּערלמאַן האָט געלעגנטלעך מיט איר געשפּילט אין בוענאָס איירעס.
M-3-facs_129_tr_1754820306-010	P-3-facs_129_tr_1754820306	3	facs_129_tr_1754820306	פּערלמאַן, יעקב	גאָלדפֿאַדן	male		יעקב פּערלמאַן איז באַטראַכט געוואָרן ווי אַ שויַשפּילער פון זיין דור.
M-3-facs_129_tr_1754820306-011	P-3-facs_129_tr_1754820306	3	facs_129_tr_1754820306	פּערלמאַן, יעקב	ש. ר. [ראָזשאַנסקי]	male		ער האָט כאַראַקטעריזירט יעקב פּערלמאַן אין אַן אַרטיקל.
M-3-facs_129_tr_1754820306-012	P-3-facs_129_tr_1754820306	3	facs_129_tr_1754820306	פּערלמאַן, יעקב	אסתר פּערלמאַן	female	אַקטריסע	זי איז די שוועסטער פון יעקב פּערלמאַן.
M-3-facs_130_tr_1754820307-000	P-3-facs_130_tr_1754820307	3	facs_130_tr_1754820307	פּערלמאַן, מאַקס	פֿאָטער*	זכר	באַלעבאַטישע	ער איז דער פֿאָטער פֿונעם סוביעקט.
M-3-facs_130_tr_1754820307-001	P-3-facs_130_tr_1754820307	3	facs_130_tr_1754820307	פּערלמאַן, מאַקס	מוטער*	נקבה	באַלעבאַטישע	זי איז די מוטער פֿונעם סוביעקט.
M-3-facs_130_tr_1754820307-002	P-3-facs_130_tr_1754820307	3	facs_130_tr_1754820307	פּערלמאַן, מאַקס	חזן ראָזאָווסקי	זכר	חזן	דער סוביעקט האָט געזונגען ביי אים.
M-3-facs_130_tr_1754820307-003	P-3-facs_130_tr_1754820307	3	facs_130_tr_1754820307	פּערלמאַן, מאַקס	זשיכאַרעוואָ	נקבה	רוסישער שוישפּילערין	דער סוביעקט האָט געלערנט אין איר דראַמאַטישער סטודיע.
M-3-facs_130_tr_1754820307-004	P-3-facs_130_tr_1754820307	3	facs_130_tr_1754820307	פּערלמאַן, מאַקס	טאל	זכר		דער סוביעקט האָט געשפּילט אונטער זיין דירעקציע און אָנפֿירונג.
M-3-facs_130_tr_1754820307-005	P-3-facs_130_tr_1754820307	3	facs_130_tr_1754820307	פּערלמאַן, מאַקס	ווייסביין	זכר		דער סוביעקט האָט געשפּילט אונטער זיין דירעקציע און אָנפֿירונג.
M-3-facs_130_tr_1754820307-006	P-3-facs_130_tr_1754820307	3	facs_130_tr_1754820307	פּערלמאַן, מאַקס	י. שטיין	זכר		דער סוביעקט האָט געשפּילט אונטער זיין דירעקציע און אָנפֿירונג.
M-3-facs_130_tr_1754820307-007	P-3-facs_130_tr_1754820307	3	facs_130_tr_1754820307	פּערלמאַן, מאַקס	יוליוס אַדלער	זכר		דער סוביעקט האָט געשפּילט אונטער זיין דירעקציע און אָנפֿירונג.
M-3-facs_130_tr_1754820307-008	P-3-facs_130_tr_1754820307	3	facs_130_tr_1754820307	פּערלמאַן, מאַקס	מנחם רובין	זכר		דער סוביעקט האָט געשפּילט אונטער זיין דירעקציע און אָנפֿירונג.
M-3-facs_130_tr_1754820307-009	P-3-facs_130_tr_1754820307	3	facs_130_tr_1754820307	פּערלמאַן, מאַקס	שלמה קוטנער	זכר		דער סוביעקט האָט געשפּילט אונטער זיין אָנפֿירונג.
M-3-facs_130_tr_1754820307-010	P-3-facs_130_tr_1754820307	3	facs_130_tr_1754820307	פּערלמאַן, מאַקס	גיטא גאלינאַ	נקבה	זיין פרוי	זי איז די פרוי פֿונעם סוביעקט.
M-3-facs_130_tr_1754820307-011	P-3-facs_130_tr_1754820307	3	facs_130_tr_1754820307	פּערלמאַן, מאַקס	גאָלדפליס	זכר	דיר.	דער סוביעקט האָט געשפּילט אונטער זיין דירעקציע.
M-3-facs_130_tr_1754820307-012	P-3-facs_130_tr_1754820307	3	facs_130_tr_1754820307	פּערלמאַן, מאַקס	פעני בלומענטאַל	נקבה		דער סוביעקט האָט געשפּילט אונטער איר דירעקציע.
M-3-facs_130_tr_1754820307-013	P-3-facs_130_tr_1754820307	3	facs_130_tr_1754820307	פּערלמאַן, מאַקס	לאַכטיגער	זכר	דיר.	דער סוביעקט האָט געשפּילט אונטער זיין דירעקציע.
M-3-facs_130_tr_1754820307-014	P-3-facs_130_tr_1754820307	3	facs_130_tr_1754820307	פּערלמאַן, מאַקס	לאַזאַר	זכר		דער סוביעקט האָט געשפּילט אונטער זיין דירעקציע.
M-3-facs_130_tr_1754820307-015	P-3-facs_130_tr_1754820307	3	facs_130_tr_1754820307	פּערלמאַן, מאַקס	לוסטיק	זכר		דער סוביעקט האָט געשפּילט אונטער זיין דירעקציע.
M-3-facs_130_tr_1754820307-016	P-3-facs_130_tr_1754820307	3	facs_130_tr_1754820307	פּערלמאַן, מאַקס	מענדעלעוויטש	זכר	דיר.	דער סוביעקט האָט געשפּילט אונטער זיין דירעקציע.
M-3-facs_130_tr_1754820307-017	P-3-facs_130_tr_1754820307	3	facs_130_tr_1754820307	פּערלמאַן, מאַקס	אַדאָלף מיידע	זכר		ער האָט איינגעלאדן דעם סוביעקט קיין אָרגענטינע.
M-3-facs_130_r_2-000	P-3-facs_130_r_2	3	facs_130_r_2	פּערלמוטער, אַפֿרים	בועז יאָנג	זכר		בועז יאָנג גיט איבער אינפֿאָרמאַציע וועגן דעם סוביעקט.
M-3-facs_130_r_2-001	P-3-facs_130_r_2	3	facs_130_r_2	פּערלמוטער, אַפֿרים	יעקב פ. אַדלער	זכר		ער האָט געשפּילט צוזאַמען מיט דעם סוביעקט.
M-3-facs_130_r_2-002	P-3-facs_130_r_2	3	facs_130_r_2	פּערלמוטער, אַפֿרים	סמיטן	זכר		דער סוביעקט האָט געשפּילט ביי אים אין לאָנדאָן.
M-3-facs_130_r_2-003	P-3-facs_130_r_2	3	facs_130_r_2	פּערלמוטער, אַפֿרים	גאָרדינס	זכר	מחבר פֿון „יידישער קעניג ליר“	ער איז דער מחבר פֿון דער פּיעסע אין וועלכער דער סוביעקט האָט געשפּילט.
M-3-facs_130_r-000	P-3-facs_130_r	3	facs_130_r	פּערלמוטער, אַרנאָלד (אַהרל׳ע)	*פֿאַמיליע			ער איז מיט זיי אַריבערגעפֿאָרן קיין גרודעק.
M-3-facs_130_r-001	P-3-facs_130_r	3	facs_130_r	פּערלמוטער, אַרנאָלד (אַהרל׳ע)	*חזן	זכר		ער האָט געזונגען סאָפּראַן ביי אים.
M-3-facs_130_r-002	P-3-facs_130_r	3	facs_130_r	פּערלמוטער, אַרנאָלד (אַהרל׳ע)	ברוך שאָר	זכר	דעמאָלט באַרימטער חזן	ער האָט אים אַריבערגענומען צו זיך אין כאָר קיין לעמבערג.
M-3-facs_130_r-003	P-3-facs_130_r	3	facs_130_r	פּערלמוטער, אַרנאָלד (אַהרל׳ע)	י. ב. גימפּעל	זכר		ער האָט געעפֿנט דאָס ערשטע סטאַבילע יידישע טעאַטער אין לעמבערג וואו פ. איז געוואָרן דיריגענט.
M-3-facs_130_r-004	P-3-facs_130_r	3	facs_130_r	פּערלמוטער, אַרנאָלד (אַהרל׳ע)	אברהם גאָלדפֿאַדען	זכר		פ. האָט אָרקעסטרירט און קאָמפּאָנירט מוזיק פאַר זיינע פּיעסעס.
M-3-facs_130_r-005	P-3-facs_130_r	3	facs_130_r	פּערלמוטער, אַרנאָלד (אַהרל׳ע)	זלמן זילבערצווייג	זכר		פ. האָט אים איבערגעגעבן אינפֿאָרמאַציע וועגן זיין אַרבעט מיט גאָלדפאַדען.
M-3-facs_130_r-006	P-3-facs_130_r	3	facs_130_r	פּערלמוטער, אַרנאָלד (אַהרל׳ע)	יוסף רומשינסקי	זכר		ער שרייבט וועגן פ. און זיין מוזיקאַלישע עפּאָכע.
M-3-facs_130_r-007	P-3-facs_130_r	3	facs_130_r	פּערלמוטער, אַרנאָלד (אַהרל׳ע)	מיכאל פינקעלשטיין	זכר	מוזיקער	ער האָט געאַרבעט צוזאַמען מיט פ. אויף גאָלדפאַדענס פּיעסעס.
M-3-facs_130_r-008	P-3-facs_130_r	3	facs_130_r	פּערלמוטער, אַרנאָלד (אַהרל׳ע)	טרייטלער	זכר		פ. איז געווען דיריגענט און קאָמפּאָזיטאָר אין זיין טרופּע.
M-3-facs_130_r-009	P-3-facs_130_r	3	facs_130_r	פּערלמוטער, אַרנאָלד (אַהרל׳ע)	יאָוועליר	זכר		פ. איז געווען דיריגענט און קאָמפּאָזיטאָר אין זיין טרופּע.
M-3-facs_130_r-010	P-3-facs_130_r	3	facs_130_r	פּערלמוטער, אַרנאָלד (אַהרל׳ע)	איזאַק כצ'ס	זכר		"פ. האָט דיריגירט זיין אָפּערעטע „אַליהו הנביאַ"" אין בוקאַרעסט."
M-3-facs_130_r-011	P-3-facs_130_r	3	facs_130_r	פּערלמוטער, אַרנאָלד (אַהרל׳ע)	פּראָפּ' האָרוויץ	זכר		ער האָט פֿאַרבעטן פ.'ס טרופּע קיין אַמעריקע.
M-3-facs_130_r-012	P-3-facs_130_r	3	facs_130_r	פּערלמוטער, אַרנאָלד (אַהרל׳ע)	הערמאַן וואָהל	זכר	קאָמפּאָזיטאָר	ער איז געווען פ.'ס לאַנגיאָריקער מוזיקאַלישער פּאַרטנער.
M-3-facs_130_r-013	P-3-facs_130_r	3	facs_130_r	פּערלמוטער, אַרנאָלד (אַהרל׳ע)	יעקב טער	זכר		פ. און וואָהל האָבן געשריבן מוזיק פאַר זיין פּיעסע.
M-3-facs_130_r-014	P-3-facs_130_r	3	facs_130_r	פּערלמוטער, אַרנאָלד (אַהרל׳ע)	אַנשל שאָר	זכר		פ. און וואָהל האָבן געשריבן מוזיק פאַר זיינע פּיעסעס.
M-3-facs_130_r-015	P-3-facs_130_r	3	facs_130_r	פּערלמוטער, אַרנאָלד (אַהרל׳ע)	רהייט לארימער	זכר		ער האָט אויפֿגעפֿירט פ.'ס און וואָהלס מוזיק אין ענגליש.
M-3-facs_130_r-016	P-3-facs_130_r	3	facs_130_r	פּערלמוטער, אַרנאָלד (אַהרל׳ע)	באָריס טאָמאָשעווסקין	זכר		פ. און וואָהל האָבן געשריבן מוזיק פאַר פילע פון זיינע פּיעסעס.
M-3-facs_130_r-017	P-3-facs_130_r	3	facs_130_r	פּערלמוטער, אַרנאָלד (אַהרל׳ע)	ראַקאָוו	זכר		פ. האָט געשריבן מוזיק פאַר פּיעסעס באַזירט אויף זיינע סוזשעטן.
M-3-facs_130_r-018	P-3-facs_130_r	3	facs_130_r	פּערלמוטער, אַרנאָלד (אַהרל׳ע)	"ד""ר שניצער"	זכר		פ. האָט געשריבן מוזיק פאַר זיין פּיעסע.
M-3-facs_130_r-019	P-3-facs_130_r	3	facs_130_r	פּערלמוטער, אַרנאָלד (אַהרל׳ע)	י. זאָלאָטארעווסקי	זכר		פ. האָט געשריבן מוזיק פאַר זיין פּיעסע.
M-3-facs_130_r-020	P-3-facs_130_r	3	facs_130_r	פּערלמוטער, אַרנאָלד (אַהרל׳ע)	געבילם	זכר		פ. איז געווען קאָמפּאָזיטאָר, דיריגענט און וויאָליניסט אין זיין טעאַטער.
M-3-facs_130_r-021	P-3-facs_130_r	3	facs_130_r	פּערלמוטער, אַרנאָלד (אַהרל׳ע)	מאָריס שוואַרצן	זכר		"ער האָט אויפֿגעפֿירט י. ל. פּרצ'ס „גאָלדענע קייט"" מיט פ.'ס מוזיק."
M-3-facs_130_r-022	P-3-facs_130_r	3	facs_130_r	פּערלמוטער, אַרנאָלד (אַהרל׳ע)	י. ל. פּרצ'ס	זכר		פ. האָט געשריבן דעם באַרימטן ניגון פאַר זיין פּיעסע.
M-3-facs_130_r-023	P-3-facs_130_r	3	facs_130_r	פּערלמוטער, אַרנאָלד (אַהרל׳ע)	נייטאן גאָלדבערג	זכר	דירעקטאָר פונעם לענאָקס טעאַטער	פ. האָט געאַרבעט אין זיין טעאַטער.
M-3-facs_130_r-024	P-3-facs_130_r	3	facs_130_r	פּערלמוטער, אַרנאָלד (אַהרל׳ע)	דזשייקאָב דזשייקאָבס	זכר	דירעקטאָר פונעם לענאָקס טעאַטער	פ. האָט געאַרבעט אין זיין טעאַטער.
M-3-facs_130_r-025	P-3-facs_130_r	3	facs_130_r	פּערלמוטער, אַרנאָלד (אַהרל׳ע)	וויליאָם סיגעל	זכר		פ. האָט געשריבן מוזיק פאַר זיינע פּיעסעס.
M-3-facs_130_r-026	P-3-facs_130_r	3	facs_130_r	פּערלמוטער, אַרנאָלד (אַהרל׳ע)	איזידאָר ליליען	זכר		פ. האָט געשריבן מוזיק פאַר זיינע פּיעסעס.
M-3-facs_130_r-027	P-3-facs_130_r	3	facs_130_r	פּערלמוטער, אַרנאָלד (אַהרל׳ע)	נ. סטוטשקאָווס	זכר		פ. האָט געשריבן מוזיק פאַר זיין אָפּערעטע.
M-3-facs_130_r-028	P-3-facs_130_r	3	facs_130_r	פּערלמוטער, אַרנאָלד (אַהרל׳ע)	משה ריכטערס	זכר		פ. האָט געשריבן מוזיק פאַר זיין פּיעסע.
M-3-facs_130_r-029	P-3-facs_130_r	3	facs_130_r	פּערלמוטער, אַרנאָלד (אַהרל׳ע)	איזידאָר לעשס	זכר		פ. האָט געשריבן מוזיק פאַר זיין פּיעסע.
M-3-facs_130_r-030	P-3-facs_130_r	3	facs_130_r	פּערלמוטער, אַרנאָלד (אַהרל׳ע)	ס. ה. קאָנס	זכר		פ. האָט געשריבן מוזיק פאַר זיין פּיעסע.
M-3-facs_132_tr_1755157157-000	P-3-facs_132_tr_1755157157	3	facs_132_tr_1755157157	פערלמוטער, מרדכי	י. ל. פרץ	זכר		דער סוביעקט איז געווען אַן איבערשרייבער ביי זיין ווייטן קרוב י. ל. פרץ.
M-3-facs_132_tr_1755157157-001	P-3-facs_132_tr_1755157157	3	facs_132_tr_1755157157	פערלמוטער, מרדכי	ש. יאַנאָווסקי	זכר		לויט ש. יאַנאָווסקי, פֿאַרנעמט זיך דער סוביעקט אין אַמעריקע מיט שטובן-מאָלעריי.
M-3-facs_132_tr_1755157157-002	P-3-facs_132_tr_1755157157	3	facs_132_tr_1755157157	פערלמוטער, מרדכי	מיכ. יושקעוויטש	זכר	מחבר פֿון איינאַקטער „אַ בעזוך“	דער סוביעקט האָט געדרוקט אַן איבערזעצונג פֿון זיין איינאַקטער „אַ בעזוך“.
M-3-facs_132_tr_1755157157-003	P-3-facs_132_tr_1755157157	3	facs_132_tr_1755157157	פערלמוטער, מרדכי	א. קופּרין	זכר	מחבר פֿון דער פּיעסע „אַ קלאון“	דער סוביעקט האָט געדרוקט אַן איבערזעצונג פֿון זיין פּיעסע „אַ קלאון“.
M-3-facs_132_tr_1755157157-004	P-3-facs_132_tr_1755157157	3	facs_132_tr_1755157157	פערלמוטער, מרדכי	פֿאַמיליע*		רייכער, מיוחס'דיקער	דער סוביעקט איז געבוירן געוואָרן אין דער דאָזיקער פאַמיליע.
M-3-facs_132_tr_1755157159-000	P-3-facs_132_tr_1755157159	3	facs_132_tr_1755157159	פּערלמוטער ראובן	פֿאָטער *	זכר	אַ מעכאַניק אין אַ גאָראַלניע	ער איז געווען דער פאָטער פונעם סוביעקט.
M-3-facs_132_tr_1755157159-001	P-3-facs_132_tr_1755157159	3	facs_132_tr_1755157159	פּערלמוטער ראובן	דוד קעסלער	זכר		ער האָט געקויפט פּיעסעס פונעם סוביעקט.
M-3-facs_132_tr_1755157159-002	P-3-facs_132_tr_1755157159	3	facs_132_tr_1755157159	פּערלמוטער ראובן	בערטא קאַליש	נקבה		זי האָט געקויפט פּיעסעס פונעם סוביעקט.
M-3-facs_132_tr_1755157159-003	P-3-facs_132_tr_1755157159	3	facs_132_tr_1755157159	פּערלמוטער ראובן	סעם קעסטין	זכר		ער האָט געשפּילט אין דעם סוביעקטס איינאַקטערס און סקעטשעס.
M-3-facs_132_tr_1755157159-004	P-3-facs_132_tr_1755157159	3	facs_132_tr_1755157159	פּערלמוטער ראובן	מאַקס געביל	זכר		ער האָט געשפּילט אין דעם סוביעקטס איינאַקטערס און סקעטשעס.
M-3-facs_132_tr_1755157159-005	P-3-facs_132_tr_1755157159	3	facs_132_tr_1755157159	פּערלמוטער ראובן	רעגינע וויינטרויב	נקבה		זי האָט געשפּילט אין דעם סוביעקטס איינאַקטערס און סקעטשעס.
M-3-facs_132_tr_1755157159-006	P-3-facs_132_tr_1755157159	3	facs_132_tr_1755157159	פּערלמוטער ראובן	זיגמונט וויינטרויב	זכר		ער האָט געשפּילט אין דעם סוביעקטס איינאַקטערס און סקעטשעס.
M-3-facs_132_tr_1755157159-007	P-3-facs_132_tr_1755157159	3	facs_132_tr_1755157159	פּערלמוטער ראובן	פעני ריינהאַרדט	נקבה		זי האָט געשפּילט אין דעם סוביעקטס איינאַקטערס און סקעטשעס.
M-3-facs_132_tr_1755157159-008	P-3-facs_132_tr_1755157159	3	facs_132_tr_1755157159	פּערלמוטער ראובן	יואל ענטין	זכר		דער סוביעקט האָט אים צוגעצויגן אַלס מיטגליד פונעם „פּראָגרעסיוו דראַמאַטיק קלאָב“.
M-3-facs_132_tr_1755157159-009	P-3-facs_132_tr_1755157159	3	facs_132_tr_1755157159	פּערלמוטער ראובן	יעקב פ. אַדלער	זכר		דער סוביעקט האָט אים צוגעצויגן אַלס מיטגליד פונעם „פּראָגרעסיוו דראַמאַטיק קלאָב“.
M-3-facs_132_tr_1755157159-010	P-3-facs_132_tr_1755157159	3	facs_132_tr_1755157159	פּערלמוטער ראובן	מאָריס מאָשקאָוויטש	זכר		דער סוביעקט האָט אים צוגעצויגן אַלס מיטגליד פונעם „פּראָגרעסיוו דראַמאַטיק קלאָב“.
M-3-facs_132_tr_1755157159-011	P-3-facs_132_tr_1755157159	3	facs_132_tr_1755157159	פּערלמוטער ראובן	ס. טאָרנבערג	זכר		דער סוביעקט האָט אים צוגעצויגן אַלס מיטגליד פונעם „פּראָגרעסיוו דראַמאַטיק קלאָב“.
M-3-facs_132_tr_1755157159-012	P-3-facs_132_tr_1755157159	3	facs_132_tr_1755157159	פּערלמוטער ראובן	ז. ליבין	זכר		דער סוביעקט האָט אים צוגעצויגן אַלס מיטגליד פונעם „פּראָגרעסיוו דראַמאַטיק קלאָב“ און ער האָט זיך באַטייליקט אין דעם זשורנאַל וואו דער סוביעקט איז געווען רעדאַקטאָר.
M-3-facs_132_tr_1755157159-013	P-3-facs_132_tr_1755157159	3	facs_132_tr_1755157159	פּערלמוטער ראובן	יעקב גאַרדין	זכר		דער סוביעקט איז געווען מיט אים אינטים באַפֿריינדעט און האָט אים צוגעצויגן אַלס מיטגליד פונעם „פּראָגרעסיוו דראַמאַטיק קלאָב“.
M-3-facs_132_tr_1755157159-014	P-3-facs_132_tr_1755157159	3	facs_132_tr_1755157159	פּערלמוטער ראובן	פֿיליפּ קראַנץ	זכר		דער סוביעקט האָט פֿאַרעפנטלעכט אַרטיקלען אין זיין „די אַרבייטער וועלט“.
M-3-facs_132_tr_1755157159-015	P-3-facs_132_tr_1755157159	3	facs_132_tr_1755157159	פּערלמוטער ראובן	שלום עליכם	זכר		דער סוביעקט האָט זיך באַטייליקט אין דער אויפֿפֿירונג פון זיין פּיעסע.
M-3-facs_132_tr_1755157159-016	P-3-facs_132_tr_1755157159	3	facs_132_tr_1755157159	פּערלמוטער ראובן	ר. פּערלמוטטער			ער איז געווען איינער פֿון די אַרויסגעבער פֿון דעם זשורנאַל וואו דער סוביעקט איז געווען רעדאַקטאָר.
M-3-facs_132_tr_1755157159-017	P-3-facs_132_tr_1755157159	3	facs_132_tr_1755157159	פּערלמוטער ראובן	אַברהם רייזען	זכר		ער האָט זיך באַטייליקט אין דעם זשורנאַל וואו דער סוביעקט איז געווען רעדאַקטאָר.
M-3-facs_132_tr_1755157159-018	P-3-facs_132_tr_1755157159	3	facs_132_tr_1755157159	פּערלמוטער ראובן	יהואַש	זכר		ער האָט זיך באַטייליקט אין דעם זשורנאַל וואו דער סוביעקט איז געווען רעדאַקטאָר.
M-3-facs_132_tr_1755157159-019	P-3-facs_132_tr_1755157159	3	facs_132_tr_1755157159	פּערלמוטער ראובן	דוד פינסקי	זכר		ער האָט זיך באַטייליקט אין דעם זשורנאַל וואו דער סוביעקט איז געווען רעדאַקטאָר.
M-3-facs_132_tr_1755157159-020	P-3-facs_132_tr_1755157159	3	facs_132_tr_1755157159	פּערלמוטער ראובן	ב. וולאַדעק	זכר		ער האָט זיך באַטייליקט אין דעם זשורנאַל וואו דער סוביעקט איז געווען רעדאַקטאָר.
M-3-facs_132_tr_1755157159-021	P-3-facs_132_tr_1755157159	3	facs_132_tr_1755157159	פּערלמוטער ראובן	מ. לעאָנטיעוו (ל. מאיסעיעוו)	זכר		ער האָט זיך באַטייליקט אין דעם זשורנאַל וואו דער סוביעקט איז געווען רעדאַקטאָר.
M-3-facs_132_tr_1755157159-022	P-3-facs_132_tr_1755157159	3	facs_132_tr_1755157159	פּערלמוטער ראובן	"ד""ר זאָלאָטאראָוו"	זכר		ער האָט זיך באַטייליקט אין דעם זשורנאַל וואו דער סוביעקט איז געווען רעדאַקטאָר.
M-3-facs_132_tr_1755157159-023	P-3-facs_132_tr_1755157159	3	facs_132_tr_1755157159	פּערלמוטער ראובן	וויליאם עדלין	זכר		ער האָט זיך באַטייליקט אין דעם זשורנאַל וואו דער סוביעקט איז געווען רעדאַקטאָר.
M-3-facs_132_tr_1755157159-024	P-3-facs_132_tr_1755157159	3	facs_132_tr_1755157159	פּערלמוטער ראובן	ב. גאָרין	זכר		ער האָט זיך באַטייליקט אין דעם זשורנאַל וואו דער סוביעקט איז געווען רעדאַקטאָר.
M-3-facs_132_tr_1755157159-025	P-3-facs_132_tr_1755157159	3	facs_132_tr_1755157159	פּערלמוטער ראובן	וולאַדימיר דובינסקי	זכר		ער איז געווען דער דיריגענט פון דער אָרקעסטער וואו דער סוביעקט איז געווען מענעדזשער.
M-3-facs_133_tr_1755157303-000	P-3-facs_133_tr_1755157303	3	facs_133_tr_1755157303	פּערלמוטער, שלום	עלטערן*		אָרטאָדאָקסישע עלטערן	זיינען די עלטערן פון דעם סוביעקט.
M-3-facs_133_tr_1755157303-001	P-3-facs_133_tr_1755157303	3	facs_133_tr_1755157303	פּערלמוטער, שלום	פּריוואַטע לערער*			דער סוביעקט האָט ביי זיי גענאָסן וועלטלעכע לימודים.
M-3-facs_133_tr_1755157303-002	P-3-facs_133_tr_1755157303	3	facs_133_tr_1755157303	פּערלמוטער, שלום	פֿיליטניק	male	אייגנטימער פון א רעסטאָראַן אין לעמבערג	דער סוביעקט האָט ביי אים געאַרבעט אַלס אַ קעלנער.
M-3-facs_133_tr_1755157303-003	P-3-facs_133_tr_1755157303	3	facs_133_tr_1755157303	פּערלמוטער, שלום	מאַקס האָקער	male	סופֿלער	דער סוביעקט האָט דורך אים באַקומען אַ צוטריט צום יידישן טעאַטער און געשריבן פאַר אים טעאַטער-שטיק.
M-3-facs_133_tr_1755157303-004	P-3-facs_133_tr_1755157303	3	facs_133_tr_1755157303	פּערלמוטער, שלום	משה ריכטער	male		דער סוביעקט האָט אויפגעפירט זיין פּיעסע.
M-3-facs_133_tr_1755157303-005	P-3-facs_133_tr_1755157303	3	facs_133_tr_1755157303	פּערלמוטער, שלום	זיגמונט פֿיינמאַן	male		דער סוביעקט האָט אויפגעפירט זיין פּיעסע און געשריבן זיין ביאָגראַפיע.
M-3-facs_133_tr_1755157303-006	P-3-facs_133_tr_1755157303	3	facs_133_tr_1755157303	פּערלמוטער, שלום	שאַרקאַנסקי	male		דער סוביעקט האָט אויפגעפירט זיין פּיעסע.
M-3-facs_133_tr_1755157303-007	P-3-facs_133_tr_1755157303	3	facs_133_tr_1755157303	פּערלמוטער, שלום	לודווייג זאַץ	male	שוישפּילער	ער האָט דעביוטירט אין אַ פּיעסע וואָס דער סוביעקט האָט אויפגעפירט און דער סוביעקט האָט געשריבן זיין אויטאָביאָגראַפיע.
M-3-facs_133_tr_1755157303-008	P-3-facs_133_tr_1755157303	3	facs_133_tr_1755157303	פּערלמוטער, שלום	אויערבאַכס	male		דער סוביעקט האָט אויפגעפירט זיין פּיעסע.
M-3-facs_133_tr_1755157303-009	P-3-facs_133_tr_1755157303	3	facs_133_tr_1755157303	פּערלמוטער, שלום	רעגינע צוקערבערג	female	שוישפּילערין	זי האָט דעביוטירט אין אַ פּיעסע וואָס דער סוביעקט האָט אויפגעפירט.
M-3-facs_133_tr_1755157303-010	P-3-facs_133_tr_1755157303	3	facs_133_tr_1755157303	פּערלמוטער, שלום	אַברהם גאָלדפֿאַדען	male		דער סוביעקט האָט אויפגעפירט זיין פּיעסעס און פאַרעפנטלעכט זיין אויטאָביאָגראַפיע.
M-3-facs_133_tr_1755157303-011	P-3-facs_133_tr_1755157303	3	facs_133_tr_1755157303	פּערלמוטער, שלום	י. ב. גימפּעל	male	דירעקטאָר פֿון יידישן טעאַטער אין לעמבערג	ער האָט אָנגאַזשירט דעם סוביעקט אַלס פּראָפעסיאנעלן סופֿלער.
M-3-facs_133_tr_1755157303-012	P-3-facs_133_tr_1755157303	3	facs_133_tr_1755157303	פּערלמוטער, שלום	אַברהם אַקסעלראָד	male		ער האָט אָנגאַזשירט דעם סוביעקט אַלס סופֿלער אין טשערנאָוויץ.
M-3-facs_133_tr_1755157303-013	P-3-facs_133_tr_1755157303	3	facs_133_tr_1755157303	פּערלמוטער, שלום	קליין	male	אייגנטימער פון א וואָדעוויל-הויז	דער סוביעקט איז ביי אים אַריינגעטראָטן אַלס סופֿלער.
M-3-facs_133_tr_1755157303-014	P-3-facs_133_tr_1755157303	3	facs_133_tr_1755157303	פּערלמוטער, שלום	סטענד בעק	male		דער סוביעקט האָט באַאַרבעט זיין פּיעסעס.
M-3-facs_133_tr_1755157303-015	P-3-facs_133_tr_1755157303	3	facs_133_tr_1755157303	פּערלמוטער, שלום	דוד קעסלער	male	שוישפּילער	דער סוביעקט איז געווען א סופֿלער ביי אים און ער האָט געשפּילט אין דעם סוביעקטס א פּיעסע.
M-3-facs_133_tr_1755157303-016	P-3-facs_133_tr_1755157303	3	facs_133_tr_1755157303	פּערלמוטער, שלום	סעם שנייער	male		דער סוביעקט האָט געשריבן סקעטשעס פֿאַר אים.
M-3-facs_133_tr_1755157303-017	P-3-facs_133_tr_1755157303	3	facs_133_tr_1755157303	פּערלמוטער, שלום	דוד באַראַץ	male	שוישפּילער	דער סוביעקט האָט געשריבן סקעטשעס פֿאַר אים און ער האָט געשפּילט אין דעם סוביעקטס א פּיעסע.
M-3-facs_133_tr_1755157303-018	P-3-facs_133_tr_1755157303	3	facs_133_tr_1755157303	פּערלמוטער, שלום	גרינבערג	male		דער סוביעקט האָט געשריבן סקעטשעס פֿאַר אים.
M-3-facs_133_tr_1755157303-019	P-3-facs_133_tr_1755157303	3	facs_133_tr_1755157303	פּערלמוטער, שלום	שאול בראַנדעם	male		דער סוביעקט האָט געשריבן סקעטשעס און קורצע אָפּערעטעס פֿאַר אים.
M-3-facs_133_tr_1755157303-020	P-3-facs_133_tr_1755157303	3	facs_133_tr_1755157303	פּערלמוטער, שלום	יוליאן ווילענסקי	male		דער סוביעקט האָט געשריבן סקעטשעס און קורצע אָפּערעטעס פֿאַר אים.
M-3-facs_133_tr_1755157303-021	P-3-facs_133_tr_1755157303	3	facs_133_tr_1755157303	פּערלמוטער, שלום	באַרני אַבראַמאָוויטש	male	מענעדזשער	דער סוביעקט האָט געאַרבעט אונטער זיין פאַרוואַלטונג.
M-3-facs_133_tr_1755157303-022	P-3-facs_133_tr_1755157303	3	facs_133_tr_1755157303	פּערלמוטער, שלום	סקאָל	male	מענעדזשער	דער סוביעקט האָט געאַרבעט אונטער זיין פאַרוואַלטונג.
M-3-facs_133_tr_1755157303-023	P-3-facs_133_tr_1755157303	3	facs_133_tr_1755157303	פּערלמוטער, שלום	אַגעדן	male		דער סוביעקט איז געווען א סופֿלער ביי אים.
M-3-facs_133_tr_1755157303-024	P-3-facs_133_tr_1755157303	3	facs_133_tr_1755157303	פּערלמוטער, שלום	איציקל גאָלדענבערג	male		דער סוביעקט האָט געשריבן סקעטשעס און קורצע אָפּערעטעס פֿאַר אים.
M-3-facs_133_tr_1755157303-025	P-3-facs_133_tr_1755157303	3	facs_133_tr_1755157303	פּערלמוטער, שלום	מאַקס געביל	male		דער סוביעקט איז געווען א סופֿלער ביי אים.
M-3-facs_133_tr_1755157303-026	P-3-facs_133_tr_1755157303	3	facs_133_tr_1755157303	פּערלמוטער, שלום	מאָריס שוואַרץ	male	דירעקטאָר	דער סוביעקט איז געווען א סופֿלער ביי אים און ער האָט אָפּגעשאַצט דעם סוביעקט אין זיין יובל.
M-3-facs_133_tr_1755157303-027	P-3-facs_133_tr_1755157303	3	facs_133_tr_1755157303	פּערלמוטער, שלום	ראָוויינדזשער	male	מענעדזשער	דער סוביעקט האָט געאַרבעט אונטער זיין פאַרוואַלטונג.
M-3-facs_133_tr_1755157303-028	P-3-facs_133_tr_1755157303	3	facs_133_tr_1755157303	פּערלמוטער, שלום	מאַקס ווילנער	male	מענעדזשער און שוישפּילער	דער סוביעקט האָט געאַרבעט אונטער זיין פאַרוואַלטונג און ער האָט געשפּילט אין דעם סוביעקטס א פּיעסע.
M-3-facs_133_tr_1755157303-029	P-3-facs_133_tr_1755157303	3	facs_133_tr_1755157303	פּערלמוטער, שלום	לייבל טויבעס	male		דער סוביעקט האָט דעביוטירט מיט סקיצן אין זיין אויסגאבע.
M-3-facs_133_tr_1755157303-030	P-3-facs_133_tr_1755157303	3	facs_133_tr_1755157303	פּערלמוטער, שלום	יעקב פ. אַדלער	male	שוישפּילער	דער סוביעקט האָט פֿאַרעפנטלעכט אַ טייל פֿון זיין אויטאָביאָגראַפיע.
M-3-facs_133_tr_1755157303-031	P-3-facs_133_tr_1755157303	3	facs_133_tr_1755157303	פּערלמוטער, שלום	ד	male		דער סוביעקט האָט אָפּגעדרוקט זיין ביאָגראַפֿיע.
M-3-facs_133_tr_1755157303-032	P-3-facs_133_tr_1755157303	3	facs_133_tr_1755157303	פּערלמוטער, שלום	יוסף לאַטיינער	male		דער סוביעקט האָט אָפּגעדרוקט זיין ביאָגראַפֿיע.
M-3-facs_133_tr_1755157303-033	P-3-facs_133_tr_1755157303	3	facs_133_tr_1755157303	פּערלמוטער, שלום	משה הורוויטש	male		דער סוביעקט האָט אָפּגעדרוקט זיין ביאָגראַפֿיע.
M-3-facs_133_tr_1755157303-034	P-3-facs_133_tr_1755157303	3	facs_133_tr_1755157303	פּערלמוטער, שלום	יוסף יהודה לערנער	male		דער סוביעקט האָט אָפּגעדרוקט זיין ביאָגראַפֿיע.
M-3-facs_133_tr_1755157303-035	P-3-facs_133_tr_1755157303	3	facs_133_tr_1755157303	פּערלמוטער, שלום	"נחום מאיר שייקעוויטש (שמ""ר)"	male		דער סוביעקט האָט אָפּגעדרוקט זיין ביאָגראַפֿיע.
M-3-facs_133_tr_1755157303-036	P-3-facs_133_tr_1755157303	3	facs_133_tr_1755157303	פּערלמוטער, שלום	משה זייפערט	male		דער סוביעקט האָט אָפּגעדרוקט זיין ביאָגראַפֿיע.
M-3-facs_133_tr_1755157303-037	P-3-facs_133_tr_1755157303	3	facs_133_tr_1755157303	פּערלמוטער, שלום	אַברהם מיכאל שאַרקאָנסקי	male		דער סוביעקט האָט אָפּגעדרוקט זיין ביאָגראַפֿיע.
M-3-facs_133_tr_1755157303-038	P-3-facs_133_tr_1755157303	3	facs_133_tr_1755157303	פּערלמוטער, שלום	ראובן ווייסמאַן	male		דער סוביעקט האָט אָפּגעדרוקט זיין ביאָגראַפֿיע.
M-3-facs_133_tr_1755157303-039	P-3-facs_133_tr_1755157303	3	facs_133_tr_1755157303	פּערלמוטער, שלום	יעקב טער	male		דער סוביעקט האָט אָפּגעדרוקט זיין ביאָגראַפֿיע.
M-3-facs_133_tr_1755157303-040	P-3-facs_133_tr_1755157303	3	facs_133_tr_1755157303	פּערלמוטער, שלום	דוד משה הערמאלין	male		דער סוביעקט האָט אָפּגעדרוקט זיין ביאָגראַפֿיע.
M-3-facs_133_tr_1755157303-041	P-3-facs_133_tr_1755157303	3	facs_133_tr_1755157303	פּערלמוטער, שלום	"ד""ר יעקב שאצקי"	male	רעדאַקטאָר	דער סוביעקט האָט פאַרעפנטלעכט אַרבעטן אין זיין זשורנאַל און ער האָט אָפּגעשאַצט דעם סוביעקט.
M-3-facs_133_tr_1755157303-042	P-3-facs_133_tr_1755157303	3	facs_133_tr_1755157303	פּערלמוטער, שלום	משה פינקעל	male	שוישפּילער	דער סוביעקט האָט געשריבן וועגן אים אַן אַריינפֿיר.
M-3-facs_133_tr_1755157303-043	P-3-facs_133_tr_1755157303	3	facs_133_tr_1755157303	פּערלמוטער, שלום	לואיס קרעמער	male	שוישפּילער	ער האָט געשפּילט די הויפּט-ראָלן אין דעם סוביעקטס פּיעסעס.
M-3-facs_133_tr_1755157303-044	P-3-facs_133_tr_1755157303	3	facs_133_tr_1755157303	פּערלמוטער, שלום	היימי דזשייקאָבסאָן	male		ער האָט געשפּילט אין דעם סוביעקטס א פּיעסע.
M-3-facs_133_tr_1755157303-045	P-3-facs_133_tr_1755157303	3	facs_133_tr_1755157303	פּערלמוטער, שלום	בערטא גערסטין	female		זי האָט געשפּילט אין דעם סוביעקטס א פּיעסע.
M-3-facs_133_tr_1755157303-046	P-3-facs_133_tr_1755157303	3	facs_133_tr_1755157303	פּערלמוטער, שלום	וו. זיגענלויב	male		ער האָט געשפּילט אין דעם סוביעקטס א פּיעסע.
M-3-facs_133_tr_1755157303-047	P-3-facs_133_tr_1755157303	3	facs_133_tr_1755157303	פּערלמוטער, שלום	משה גאַנז	male		ער האָט געשפּילט אין דעם סוביעקטס א פּיעסע.
M-3-facs_133_tr_1755157303-048	P-3-facs_133_tr_1755157303	3	facs_133_tr_1755157303	פּערלמוטער, שלום	די אויגענבליקס			זיי האָבן געשפּילט אין דעם סוביעקטס א פּיעסע.
M-3-facs_133_tr_1755157303-049	P-3-facs_133_tr_1755157303	3	facs_133_tr_1755157303	פּערלמוטער, שלום	דזש. קאן	male		ער האָט אויפגעפירט א פּיעסע פון דעם סוביעקט.
M-3-facs_133_tr_1755157303-050	P-3-facs_133_tr_1755157303	3	facs_133_tr_1755157303	פּערלמוטער, שלום	ראָזע קאַרפּ	female		זי האָט געשפּילט אין דעם סוביעקטס א פּיעסע.
M-3-facs_133_tr_1755157303-051	P-3-facs_133_tr_1755157303	3	facs_133_tr_1755157303	פּערלמוטער, שלום	בינע אַבראַמאָוויטש	female		זי האָט געשפּילט אין דעם סוביעקטס א פּיעסע.
M-3-facs_133_tr_1755157303-052	P-3-facs_133_tr_1755157303	3	facs_133_tr_1755157303	פּערלמוטער, שלום	מאַדאַם שראַגע	female		זי האָט געשפּילט אין דעם סוביעקטס א פּיעסע.
M-3-facs_133_tr_1755157303-053	P-3-facs_133_tr_1755157303	3	facs_133_tr_1755157303	פּערלמוטער, שלום	קלמן יאווילער	male		ער האָט געשפּילט אין דעם סוביעקטס א פּיעסע.
M-3-facs_133_tr_1755157303-054	P-3-facs_133_tr_1755157303	3	facs_133_tr_1755157303	פּערלמוטער, שלום	משה סימאָנאָף	male		ער האָט געשפּילט אין דעם סוביעקטס פּיעסעס.
M-3-facs_133_tr_1755157303-055	P-3-facs_133_tr_1755157303	3	facs_133_tr_1755157303	פּערלמוטער, שלום	וויליאָם שוואַרץ	male		ער האָט געשפּילט אין דעם סוביעקטס א פּיעסע.
M-3-facs_133_tr_1755157303-056	P-3-facs_133_tr_1755157303	3	facs_133_tr_1755157303	פּערלמוטער, שלום	זיגמונט וויינטרויב	male		ער האָט געשפּילט אין דעם סוביעקטס א פּיעסע.
M-3-facs_133_tr_1755157303-057	P-3-facs_133_tr_1755157303	3	facs_133_tr_1755157303	פּערלמוטער, שלום	היימאַן מייזעל	male		ער האָט געשפּילט אין דעם סוביעקטס א פּיעסע.
M-3-facs_133_tr_1755157303-058	P-3-facs_133_tr_1755157303	3	facs_133_tr_1755157303	פּערלמוטער, שלום	סעמיועל גאָלדענבורג	male		ער האָט געשפּילט אין דעם סוביעקטס א פּיעסע און אָפּגעשאַצט דעם סוביעקט.
M-3-facs_133_tr_1755157303-059	P-3-facs_133_tr_1755157303	3	facs_133_tr_1755157303	פּערלמוטער, שלום	עני מעלצער	female		זי האָט געשפּילט אין דעם סוביעקטס א פּיעסע.
M-3-facs_133_tr_1755157303-060	P-3-facs_133_tr_1755157303	3	facs_133_tr_1755157303	פּערלמוטער, שלום	קלאַראַ ראַפֿאלא	female		זי האָט געשפּילט אין דעם סוביעקטס פּיעסעס.
M-3-facs_133_tr_1755157303-061	P-3-facs_133_tr_1755157303	3	facs_133_tr_1755157303	פּערלמוטער, שלום	מאַקס בולמאַן	male		ער האָט געשפּילט אין דעם סוביעקטס א פּיעסע.
M-3-facs_133_tr_1755157303-062	P-3-facs_133_tr_1755157303	3	facs_133_tr_1755157303	פּערלמוטער, שלום	בערל בערנשטיין	male		ער האָט געשפּילט א הויפּט ראָל אין דעם סוביעקטס דראַמאַטיזאַציע.
M-3-facs_133_tr_1755157303-063	P-3-facs_133_tr_1755157303	3	facs_133_tr_1755157303	פּערלמוטער, שלום	סעם מען	male		ער האָט געשפּילט א הויפּט ראָל אין דעם סוביעקטס דראַמאַטיזאַציע.
M-3-facs_133_tr_1755157303-064	P-3-facs_133_tr_1755157303	3	facs_133_tr_1755157303	פּערלמוטער, שלום	י. טאַנצמאַן	male		ער האָט אויפגעפירט און געשפּילט אין דעם סוביעקטס א פּיעסע.
M-3-facs_133_tr_1755157303-065	P-3-facs_133_tr_1755157303	3	facs_133_tr_1755157303	פּערלמוטער, שלום	סטעלאַ גאָלד	female		זי האָט געשפּילט א הויפּט ראָל אין דעם סוביעקטס א פּיעסע.
M-3-facs_133_tr_1755157303-066	P-3-facs_133_tr_1755157303	3	facs_133_tr_1755157303	פּערלמוטער, שלום	עליאס ראָטשטיין	male		ער האָט געשפּילט אין דעם סוביעקטס א פּיעסע.
M-3-facs_133_tr_1755157303-067	P-3-facs_133_tr_1755157303	3	facs_133_tr_1755157303	פּערלמוטער, שלום	קאַרל גוטענטאג	male		ער האָט געשפּילט אין דעם סוביעקטס א פּיעסע.
M-3-facs_133_tr_1755157303-068	P-3-facs_133_tr_1755157303	3	facs_133_tr_1755157303	פּערלמוטער, שלום	איידע דוואָרקין	female		זי האָט געשפּילט אין דעם סוביעקטס א פּיעסע.
M-3-facs_133_tr_1755157303-069	P-3-facs_133_tr_1755157303	3	facs_133_tr_1755157303	פּערלמוטער, שלום	מעי סיימאַן	female		זי האָט געשפּילט אין דעם סוביעקטס א פּיעסע.
M-3-facs_133_tr_1755157303-070	P-3-facs_133_tr_1755157303	3	facs_133_tr_1755157303	פּערלמוטער, שלום	העלען בערנאַרדי	female		זי האָט געשפּילט אין דעם סוביעקטס א פּיעסע.
M-3-facs_133_tr_1755157303-071	P-3-facs_133_tr_1755157303	3	facs_133_tr_1755157303	פּערלמוטער, שלום	בעטי סימאָנאָף	female		זי האָט געשפּילט אין דעם סוביעקטס א פּיעסע.
M-3-facs_133_tr_1755157303-072	P-3-facs_133_tr_1755157303	3	facs_133_tr_1755157303	פּערלמוטער, שלום	יעקב רעכטצייט	male		ער האָט געשפּילט אין דעם סוביעקטס א פּיעסע.
M-3-facs_133_tr_1755157303-073	P-3-facs_133_tr_1755157303	3	facs_133_tr_1755157303	פּערלמוטער, שלום	אַנשל שאָר	male		ער האָט אויפגעפירט א פּיעסע פון דעם סוביעקט.
M-3-facs_133_tr_1755157303-074	P-3-facs_133_tr_1755157303	3	facs_133_tr_1755157303	פּערלמוטער, שלום	נ. ראַקאָווס	male		דער סוביעקטס א פּיעסע איז לכתחילה געווען אַנאָנסירט אונטער זיין נאָמען.
M-3-facs_133_tr_1755157303-075	P-3-facs_133_tr_1755157303	3	facs_133_tr_1755157303	פּערלמוטער, שלום	מיכאל מיכאַלעסקאָ	male		ער האָט געשפּילט אין דעם סוביעקטס א פּיעסע.
M-3-facs_133_tr_1755157303-076	P-3-facs_133_tr_1755157303	3	facs_133_tr_1755157303	פּערלמוטער, שלום	יוסף שעהנגאָלד	male		ער האָט געשפּילט אין דעם סוביעקטס פּיעסעס.
M-3-facs_133_tr_1755157303-077	P-3-facs_133_tr_1755157303	3	facs_133_tr_1755157303	פּערלמוטער, שלום	מנחם רובין	male		ער האָט געשפּילט אין דעם סוביעקטס א פּיעסע.
M-3-facs_133_tr_1755157303-078	P-3-facs_133_tr_1755157303	3	facs_133_tr_1755157303	פּערלמוטער, שלום	פרענציס אַדלער	female		זי האָט געשפּילט אין דעם סוביעקטס א פּיעסע.
M-3-facs_133_tr_1755157303-079	P-3-facs_133_tr_1755157303	3	facs_133_tr_1755157303	פּערלמוטער, שלום	אב. עלשטיין	male	קאָמפּאָזיטאָר	ער האָט געשריבן מוזיק פאַר דעם סוביעקטס א פּיעסע.
M-3-facs_133_tr_1755157303-080	P-3-facs_133_tr_1755157303	3	facs_133_tr_1755157303	פּערלמוטער, שלום	זלמן זילבערצווייג	male	רעדאַקטאָר	ער האָט רעדאַקטירט דעם ספּעציעלן יובל-העפט וועגן דעם סוביעקט און אָפּגעשאַצט אים.
M-3-facs_133_tr_1755157303-081	P-3-facs_133_tr_1755157303	3	facs_133_tr_1755157303	פּערלמוטער, שלום	יעקב מעסטל	male	רעדאַקטאָר	ער האָט רעדאַקטירט דעם ספּעציעלן יובל-העפט וועגן דעם סוביעקט און אָפּגעשאַצט אים.
M-3-facs_133_tr_1755157303-082	P-3-facs_133_tr_1755157303	3	facs_133_tr_1755157303	פּערלמוטער, שלום	א. אָלשאַנעצקי	male		ער האָט אָפּגעשאַצט דעם סוביעקט אין זיין יובל.
M-3-facs_133_tr_1755157303-083	P-3-facs_133_tr_1755157303	3	facs_133_tr_1755157303	פּערלמוטער, שלום	ראובן נוסקין	male		ער האָט אָפּגעשאַצט דעם סוביעקט אין זיין יובל.
M-3-facs_133_tr_1755157303-084	P-3-facs_133_tr_1755157303	3	facs_133_tr_1755157303	פּערלמוטער, שלום	"ד""ר מאיר גייער"	male		ער האָט אָפּגעשאַצט דעם סוביעקט אין זיין יובל.
M-3-facs_133_tr_1755157303-085	P-3-facs_133_tr_1755157303	3	facs_133_tr_1755157303	פּערלמוטער, שלום	טאלנער רבי	male		ער האָט אָפּגעשאַצט דעם סוביעקט אין זיין יובל.
M-3-facs_133_tr_1755157303-086	P-3-facs_133_tr_1755157303	3	facs_133_tr_1755157303	פּערלמוטער, שלום	א. לוצקי	male		ער האָט אָפּגעשאַצט דעם סוביעקט אין זיין יובל.
M-3-facs_133_tr_1755157303-087	P-3-facs_133_tr_1755157303	3	facs_133_tr_1755157303	פּערלמוטער, שלום	ז. ליבין	male		ער האָט אָפּגעשאַצט דעם סוביעקט אין זיין יובל.
M-3-facs_133_tr_1755157303-088	P-3-facs_133_tr_1755157303	3	facs_133_tr_1755157303	פּערלמוטער, שלום	שלום סעקונדאַ	male		ער האָט אָפּגעשאַצט דעם סוביעקט אין זיין יובל.
M-3-facs_133_tr_1755157303-089	P-3-facs_133_tr_1755157303	3	facs_133_tr_1755157303	פּערלמוטער, שלום	אַ סופלער	male		ער האָט אָפּגעשאַצט דעם סוביעקט אין זיין יובל.
M-3-facs_133_tr_1755157303-090	P-3-facs_133_tr_1755157303	3	facs_133_tr_1755157303	פּערלמוטער, שלום	לעאָן קאָברין	male		ער האָט אָפּגעשאַצט דעם סוביעקט אין זיין יובל.
M-3-facs_133_tr_1755157303-091	P-3-facs_133_tr_1755157303	3	facs_133_tr_1755157303	פּערלמוטער, שלום	יעקב קירשענבוים	male		ער האָט אָפּגעשאַצט דעם סוביעקט אין זיין יובל.
M-3-facs_133_tr_1755157303-092	P-3-facs_133_tr_1755157303	3	facs_133_tr_1755157303	פּערלמוטער, שלום	יעקב קאַליך	male		ער האָט אָפּגעשאַצט דעם סוביעקט אין זיין יובל.
M-3-facs_135_tr_1754820287-000	P-3-facs_135_tr_1754820287	3	facs_135_tr_1754820287	פּערענסאָן, משה	עלטערן*		סוחרים	די עלטערן פֿון דעם סוביעקט.
M-3-facs_135_tr_1754820287-001	P-3-facs_135_tr_1754820287	3	facs_135_tr_1754820287	פּערענסאָן, משה	פּריוואַטע לערער*			דער סוביעקט האָט ביי זיי געלערנט אַ לענגערע צייט.
M-3-facs_135_tr_1754820287-002	P-3-facs_135_tr_1754820287	3	facs_135_tr_1754820287	פּערענסאָן, משה	אַליהו שטיין	זכר	אַקטיאָר	דער סוביעקט האָט ביי אים געלערנט דראַמאַטישע קונסט.
M-3-facs_135_tr_1754820287-003	P-3-facs_135_tr_1754820287	3	facs_135_tr_1754820287	פּערענסאָן, משה	דיר מ. ווייכערט	זכר	דירעקטאָר פון דער ערשטער יידישער דראַמאַטישער שול	דער סוביעקט האָט געלערנט אין זיין דראַמאַטישער שול.
M-3-facs_135_tr_1754820287-004	P-3-facs_135_tr_1754820287	3	facs_135_tr_1754820287	פּערענסאָן, משה	"צ""אַ אַנסקיס"	זכר	דראַמאַטורג	דער סוביעקט האָט אויפֿגעפֿירט זיין ווערק „אין אַ קאָנספּיראטיווער דירה“.
M-3-facs_135_tr_1754820287-005	P-3-facs_135_tr_1754820287	3	facs_135_tr_1754820287	פּערענסאָן, משה	שלום עליכמס	זכר	שרייבער	דער סוביעקט האָט אויפֿגעפֿירט זיין ווערק „פאַרביטן די יוצרות“.
M-3-facs_135_tr_1754820287-006	P-3-facs_135_tr_1754820287	3	facs_135_tr_1754820287	פּערענסאָן, משה	שלום עליכם-אַראָנעס	זכר	דראַמאַטורג	דער סוביעקט האָט אויפֿגעפֿירט זיין ווערק „לופט-פרנסות“.
M-3-facs_135_tr_1754820287-007	P-3-facs_135_tr_1754820287	3	facs_135_tr_1754820287	פּערענסאָן, משה	משה נאַדירס	זכר	שרייבער	דער סוביעקט האָט אויפֿגעפֿירט זיין ווערק „משיח אין אַמעריקע“ און „אויף יענער וועלט“.
M-3-facs_135_tr_1754820287-008	P-3-facs_135_tr_1754820287	3	facs_135_tr_1754820287	פּערענסאָן, משה	ה. לייוויקס	זכר	שרייבער	דער סוביעקט האָט אויפֿגעפֿירט זיין ווערק „קייטן“.
M-3-facs_135_tr_1754820287-009	P-3-facs_135_tr_1754820287	3	facs_135_tr_1754820287	פּערענסאָן, משה	שלום אשס	זכר	שרייבער	דער סוביעקט האָט אויפֿגעפֿירט דעם צווייטן אַקט פֿון זיין ווערק „קוילן“.
M-3-facs_135_tr_1754820287-010	P-3-facs_135_tr_1754820287	3	facs_135_tr_1754820287	פּערענסאָן, משה	סאָפֿאָקלעס	זכר	דראַמאַטורג	דער סוביעקט האָט אויפֿגעפֿירט פֿראַמענטן פֿון זיין ווערק „אַנטיגאנע“.
M-3-facs_135_tr_1754820287-011	P-3-facs_135_tr_1754820287	3	facs_135_tr_1754820287	פּערענסאָן, משה	ע. טאלערס	זכר	דראַמאַטורג	דער סוביעקט האָט אויפֿגעפֿירט זיין ווערק „מאַסן-מענטש“ און „האָפּליאַ, מיר לעבן“.
M-3-facs_135_tr_1754820287-012	P-3-facs_135_tr_1754820287	3	facs_135_tr_1754820287	פּערענסאָן, משה	זשעראַמסקיס	זכר	שרייבער	דער סוביעקט האָט אויפֿגעפֿירט דאָס דריטע בילד פֿון זיין ווערק „רוזשאַ“.
M-3-facs_135_tr_1754820287-013	P-3-facs_135_tr_1754820287	3	facs_135_tr_1754820287	פּערענסאָן, משה	דוד איינהאָרנס	זכר	שרייבער	דער סוביעקט האָט אויפֿגעפֿירט זיינע מאַסן אויפֿפֿירונגען „רעקוויעם“ און „הענט“.
M-3-facs_135_tr_1754820287-014	P-3-facs_135_tr_1754820287	3	facs_135_tr_1754820287	פּערענסאָן, משה	ב. שענלאַנגס	זכר	שרייבער	דער סוביעקט האָט אויפֿגעפֿירט זיין ווערק „טאָג פֿון יוגנט“.
M-3-facs_135_tr_1754820287-015	P-3-facs_135_tr_1754820287	3	facs_135_tr_1754820287	פּערענסאָן, משה	משה בראדערזאָנס	זכר	שרייבער	דער סוביעקט האָט אויפֿגעפֿירט זיין ווערק „איבערברוך“.
M-3-facs_135_tr_1754820287-016	P-3-facs_135_tr_1754820287	3	facs_135_tr_1754820287	פּערענסאָן, משה	רעמאַרקס	זכר	שרייבער	דער סוביעקט האָט געמאַכט אַן אינסצעניזאַציע פֿון זיין ווערק „אויפֿן מערב קיין נייעס“.
M-3-facs_135_tr_1754820287-017	P-3-facs_135_tr_1754820287	3	facs_135_tr_1754820287	פּערענסאָן, משה	שוישפּילער*			דער סוביעקט האָט פֿאַרעפֿנטלעכט רעצענזיעס און אַרטיקלען וועגן זיי.
M-3-facs_135_tr_1754820287-018	P-3-facs_135_tr_1754820287	3	facs_135_tr_1754820287	פּערענסאָן, משה	היטלערס	זכר		דער סוביעקט איז אַנטלאָפן קיין ליטע נאָך זיין פֿאַרכאָפּן וואַרשע.
M-3-facs_135_tr_1754820287-019	P-3-facs_135_tr_1754820287	3	facs_135_tr_1754820287	פּערענסאָן, משה	שילער פֿון רעאַל-שול אין ווילנע*			דער סוביעקט האָט מיט זיי אויפֿגעפֿירט זיין דראַמאַטיזאַציע פֿון „מסירת-נפֿש“.
M-3-facs_135_tr_1754820287-020	P-3-facs_135_tr_1754820287	3	facs_135_tr_1754820287	פּערענסאָן, משה	י. ל. פּרצ'ס	זכר	שרייבער	דער סוביעקט האָט געמאַכט אַ דראַמאַטיזאַציע פֿון זיין ווערק „מסירת-נפֿש“.
M-3-facs_135_tr_1754820287-021	P-3-facs_135_tr_1754820287	3	facs_135_tr_1754820287	פּערענסאָן, משה	גערשטיין		מוזיק	ער האָט געשריבן די מוזיק פֿאַר דער פֿאָרשטעלונג „מסירת-נפֿש“.
M-3-facs_135_tr_1754820287-022	P-3-facs_135_tr_1754820287	3	facs_135_tr_1754820287	פּערענסאָן, משה	שער		דעקאָראַציעס	ער האָט געמאַכט די דעקאָראַציעס פֿאַר דער פֿאָרשטעלונג „מסירת-נפֿש“.
M-3-facs_135_tr_1754820287-023	P-3-facs_135_tr_1754820287	3	facs_135_tr_1754820287	פּערענסאָן, משה	שלום עליכם	זכר	שרייבער	דער סוביעקט האָט אויפֿגעפֿירט אַ מאָנטאַזש „כתרילעווקע“ לויט זיין ווערק.
M-3-facs_135_tr_1754820286-000	P-3-facs_135_tr_1754820286	3	facs_135_tr_1754820286	פּערקאָף, יצחק	פֿאָטער*	זכר	פֿריער אַן איינבינדער און בעת דער רוסיש-טערקישער מלחמה געוואָרן אַ „פאָדריאָדטשיק“	דער פֿאָטער פֿונעם סוביעקט.
M-3-facs_135_tr_1754820286-001	P-3-facs_135_tr_1754820286	3	facs_135_tr_1754820286	פּערקאָף, יצחק	שמש*	זכר	אַ געוויסן שמש „מיט אַ לאַנגער צונג“	א טיפ פֿון שטעטל וואָס דער פֿאָטער פלעגט נאָכמאַכן.
M-3-facs_135_tr_1754820286-002	P-3-facs_135_tr_1754820286	3	facs_135_tr_1754820286	פּערקאָף, יצחק	טרעגער*	זכר	אַ טרעגער „מיט מאָדנע תנועות“	א טיפ פֿון שטעטל וואָס דער פֿאָטער פלעגט נאָכמאַכן.
M-3-facs_135_tr_1754820286-003	P-3-facs_135_tr_1754820286	3	facs_135_tr_1754820286	פּערקאָף, יצחק	צעדערבוים	זכר		דער סוביעקט האָט אָנגעשריבן 2 אַרטיקלען פֿאַר זיין „יידישעס פאָלקסבלאט“.
M-3-facs_135_tr_1754820286-004	P-3-facs_135_tr_1754820286	3	facs_135_tr_1754820286	פּערקאָף, יצחק	גאָלדפֿאַדען	זכר	אַברהם גאָלדפאַדען	דער סוביעקט האָט מיט אים געשלאָסן אַן אינטימע פֿריינטשאַפט און ער איז געווען פּ.'ס גאַסט.
M-3-facs_135_tr_1754820286-005	P-3-facs_135_tr_1754820286	3	facs_135_tr_1754820286	פּערקאָף, יצחק	גאָלדפֿאַדענס אַלמנה*	נקבה		די הכנסה פֿון דעם סוביעקטס בראָשור איז געגאַנגען פֿאַר איר.
M-3-facs_135_tr_1754820286-006	P-3-facs_135_tr_1754820286	3	facs_135_tr_1754820286	פּערקאָף, יצחק	מאָריס מייער	זכר	דער ליטעראַרישער ראַטגעבער פֿון „יידישער פֿאָלקס-טעאַטער“ אין לאָנדאָן	ער איז געווען צוזאַמען מיט פ. דער ליטעראַרישער ראַטגעבער פֿון דעם טעאַטער.
M-3-facs_135_tr_1754820286-007	P-3-facs_135_tr_1754820286	3	facs_135_tr_1754820286	פּערקאָף, יצחק	אַדאָלף אַבראַמאָוו	זכר	אַ יידישער אַקטיאָר	ער איז געווען פּ.'ס שטיברודער.
M-3-facs_136_tr_1754820292-000	P-3-facs_136_tr_1754820292	3	facs_136_tr_1754820292	פּערקאָף, רובין	עלטערן *		חסידיש באַלעבאַטישע עלטערן	זיי זענען די עלטערן פונעם סוביעקט.
M-3-facs_136_tr_1754820292-001	P-3-facs_136_tr_1754820292	3	facs_136_tr_1754820292	פּערקאָף, רובין	וואַרשעווער מלמדים *	male	אָנגעזעענע וואַרשעווער מלמדים	ביי זיי האָט דער סוביעקט געלערנט.
M-3-facs_136_tr_1754820292-002	P-3-facs_136_tr_1754820292	3	facs_136_tr_1754820292	פּערקאָף, רובין	ראָמבערג	male	דער באַרימטער אָפּטער חזן	ער האָט געהערט דעם סוביעקט זינגען און אים גענומען אין זיין קאַפּעליע.
M-3-facs_136_tr_1754820292-003	P-3-facs_136_tr_1754820292	3	facs_136_tr_1754820292	פּערקאָף, רובין	יעקב פ. אַדלער	male		דער סוביעקט האָט זיך באַטייליקט אין זיין כאָר און יעקב פ. אַדלער האָט אים מיטגענומען קיין לאָדזש.
M-3-facs_136_tr_1754820292-004	P-3-facs_136_tr_1754820292	3	facs_136_tr_1754820292	פּערקאָף, רובין	שליפערשטיין	male		דער סוביעקט האָט צוזאַמען מיט אים געשטעלט אַ טרופּע.
M-3-facs_136_tr_1754820292-005	P-3-facs_136_tr_1754820292	3	facs_136_tr_1754820292	פּערקאָף, רובין	אָסקאַר	male		דער סוביעקט האָט צוזאַמען מיט אים געשטעלט אַ טרופּע.
M-3-facs_136_tr_1754820292-006	P-3-facs_136_tr_1754820292	3	facs_136_tr_1754820292	פּערקאָף, רובין	ה' פּיורניק	male		דער סוביעקט האָט צוזאַמען מיט אים געשטעלט אַ טרופּע.
M-3-facs_136_tr_1754820292-007	P-3-facs_136_tr_1754820292	3	facs_136_tr_1754820292	פּערקאָף, רובין	פ' פּיורניק	female		דער סוביעקט האָט צוזאַמען מיט איר געשטעלט אַ טרופּע.
M-3-facs_136_tr_1754820292-008	P-3-facs_136_tr_1754820292	3	facs_136_tr_1754820292	פּערקאָף, רובין	ווייספעלדן	male		דער סוביעקט איז איבערגעגאַנגען צו שפּילן ביי אים אויף מאָקאטאָווער 59.
M-3-facs_136_tr_1754820292-009	P-3-facs_136_tr_1754820292	3	facs_136_tr_1754820292	פּערקאָף, רובין	ברידער בערמאַן *	male		דער סוביעקט האָט געשפּילט ביי ווייספעלדן צוזאַמען מיט זיי.
M-3-facs_136_tr_1754820292-010	P-3-facs_136_tr_1754820292	3	facs_136_tr_1754820292	פּערקאָף, רובין	שוואַרצבאַרד	male		דער סוביעקט האָט געשפּילט ביי ווייספעלדן צוזאַמען מיט אים.
M-3-facs_136_tr_1754820292-011	P-3-facs_136_tr_1754820292	3	facs_136_tr_1754820292	פּערקאָף, רובין	קאַלינאַ	male		דער סוביעקט האָט געשפּילט ביי ווייספעלדן צוזאַמען מיט אים.
M-3-facs_136_tr_1754820292-012	P-3-facs_136_tr_1754820292	3	facs_136_tr_1754820292	פּערקאָף, רובין	ליבערט	male		דער סוביעקט האָט געשפּילט ביי ווייספעלדן צוזאַמען מיט אים.
M-3-facs_136_tr_1754820292-013	P-3-facs_136_tr_1754820292	3	facs_136_tr_1754820292	פּערקאָף, רובין	ראַפּעל	male		דער סוביעקט האָט געשפּילט ביי ווייספעלדן צוזאַמען מיט אים.
M-3-facs_136_tr_1754820292-014	P-3-facs_136_tr_1754820292	3	facs_136_tr_1754820292	פּערקאָף, רובין	גימפּעלן	male		דער סוביעקט האָט געשפּילט ביי אים אין לעמבערג.
M-3-facs_136_tr_1754820282-000	P-3-facs_136_tr_1754820282	3	facs_136_tr_1754820282	פּראַגער רעגינע	עלטערן*		פֿרומע עלטערן	די עלטערן פון דער סוביעקט.
M-3-facs_136_tr_1754820282-001	P-3-facs_136_tr_1754820282	3	facs_136_tr_1754820282	פּראַגער רעגינע	מוטער*	female	איר מוטער	די מוטער פון דער סוביעקט וועלכע איז פֿאַרברענט געוואָרן בעת אַ שרפה.
M-3-facs_136_tr_1754820282-002	P-3-facs_136_tr_1754820282	3	facs_136_tr_1754820282	פּראַגער רעגינע	געזאַנג-לערער*	male	אַן אָרטיקן געזאַנג-לערער	דער לערער ביי וועמען זי האָט גענומען לעקציעס.
M-3-facs_136_tr_1754820282-003	P-3-facs_136_tr_1754820282	3	facs_136_tr_1754820282	פּראַגער רעגינע	מ. אָשעראָוויטש	male	אַ שרייבער	אַ שרייבער וואָס האָט דערציילט וועגן איר לעבן אויפֿן יסוד פֿון אַ שמועס מיט איר.
M-3-facs_136_tr_1754820282-004	P-3-facs_136_tr_1754820282	3	facs_136_tr_1754820282	פּראַגער רעגינע	יעקב פּראַגער	male	אַ ליבהאָבער פֿון יידישן טעאַטער	איר פעטער, דורך וועמענס איניציאָטיווע זי איז אַריין אין יידישן טעאַטער.
M-3-facs_136_tr_1754820282-005	P-3-facs_136_tr_1754820282	3	facs_136_tr_1754820282	פּראַגער רעגינע	יעקב-בער גימפּעל	male	לעמבערגער יידישן טעאַטער פירער	דער פירער פון דעם טעאטער וואו זי האט דעביוטירט.
M-3-facs_136_tr_1754820282-006	P-3-facs_136_tr_1754820282	3	facs_136_tr_1754820282	פּראַגער רעגינע	פּראָפעסאָר הורוויץ	male	דראַמאַטורג און מענעדזשער	אַ דראַמאַטורג און מענעדזשער פאַר וועמען די סוביעקט האָט געשפּילט.
M-3-facs_136_tr_1754820282-007	P-3-facs_136_tr_1754820282	3	facs_136_tr_1754820282	פּראַגער רעגינע	רייכע לייט*		אייניקע רייכע לייט	מענטשן וואָס האָבן געוואָלט זי זאָל שטודירן אויף אָפּערע-זינגערין.
M-3-facs_136_tr_1754820282-008	P-3-facs_136_tr_1754820282	3	facs_136_tr_1754820282	פּראַגער רעגינע	אַברהם גאָלדפֿאַדען	male	דראַמאַטורג	אַ דראַמאַטורג וואָס האָט זי איבערצייגט צו בלייבן אויף דער יידישער בינע.
M-3-facs_136_tr_1754820282-009	P-3-facs_136_tr_1754820282	3	facs_136_tr_1754820282	פּראַגער רעגינע	בערל בערנשטיין	male	אַקטיאָר	אַן אַקטיאָר וואָס איז געפאָרן קיין לעמבערג איר ברענגען קיין אַמעריקע.
M-3-facs_136_tr_1754820282-010	P-3-facs_136_tr_1754820282	3	facs_136_tr_1754820282	פּראַגער רעגינע	בעסי טאָמאַשעווסקי	female	שוישפּילערין	אַ שוישפּילערין וואָס האָט מיט איר געשפּילט און באַשריבן איר ערפֿאָלג.
M-3-facs_136_tr_1754820282-011	P-3-facs_136_tr_1754820282	3	facs_136_tr_1754820282	פּראַגער רעגינע	זיגמונט מאָגולעסקאָ	male	קאָמפּאָזיטאָר	אַ קאָמפּאָזיטאָר וואָס האָט געשריבן מוזיק פֿאַר אירע פּיעסעס.
M-3-facs_136_tr_1754820282-012	P-3-facs_136_tr_1754820282	3	facs_136_tr_1754820282	פּראַגער רעגינע	בערטא קאַליש	female	פּרימאַדאָנע	אַ פּרימאַדאָנע וואָס איז געווען איר קאָנקורענטקע אין אַמעריקע.
M-3-facs_136_tr_1754820282-013	P-3-facs_136_tr_1754820282	3	facs_136_tr_1754820282	פּראַגער רעגינע	זלמן זילבערצווייג	male	שרייבער	אַ שרייבער וואָס האָט רעסטאָוורירט איר ערשטן אויפטריט אין אַמעריקע.
M-3-facs_136_tr_1754820282-014	P-3-facs_136_tr_1754820282	3	facs_136_tr_1754820282	פּראַגער רעגינע	יוסף רומשינסקי	male	קאָמפּאָזיטאָר און דיריגענט	אַ קאָמפּאָזיטאָר וואָס האָט זי אָנגאַזשירט און געשריבן וועגן איר.
M-3-facs_136_tr_1754820282-015	P-3-facs_136_tr_1754820282	3	facs_136_tr_1754820282	פּראַגער רעגינע	רעגינע צוקערבערג	female	פּרימאַדאָנע	אַ פּרימאַדאָנע וואָס די סוביעקט האָט פֿאַרטרעטן ווען זי איז קראַנק געוואָרן.
M-3-facs_136_tr_1754820282-016	P-3-facs_136_tr_1754820282	3	facs_136_tr_1754820282	פּראַגער רעגינע	באַריס טאָמאשעווסקי	male	טעאַטער-מענעדזשער און אַקטיאָר	אַ טעאַטער-מענעדזשער אין וועמענס טעאַטער זי האָט אויפֿגעטראָטן.
M-3-facs_136_tr_1754820282-017	P-3-facs_136_tr_1754820282	3	facs_136_tr_1754820282	פּראַגער רעגינע	קלמן יאָווילער	male	אַקטיאָר	אַן אַקטיאָר מיט וועמען זי האָט געזונגען אַ דועט.
M-3-facs_136_tr_1754820282-018	P-3-facs_136_tr_1754820282	3	facs_136_tr_1754820282	פּראַגער רעגינע	הערי ווייסבערג	male	יידישער טעאַטער-מענעדזשער	דער מאַן פון דער סוביעקט.
M-3-facs_136_tr_1754820282-019	P-3-facs_136_tr_1754820282	3	facs_136_tr_1754820282	פּראַגער רעגינע	מארי	male	קאַסירער אין די יידישע טעאַטערס	דער זון פון דער סוביעקט.
M-3-facs_136_tr_1754820282-020	P-3-facs_136_tr_1754820282	3	facs_136_tr_1754820282	פּראַגער רעגינע	יואָל ענטין	male	יידישער זשורנאַליסט און לעקטאָר	איינער פֿון די פֿירער פֿון דעם פּראָגרעסיוו דראַמאַטיק קלאָב.
M-3-facs_136_tr_1754820282-021	P-3-facs_136_tr_1754820282	3	facs_136_tr_1754820282	פּראַגער רעגינע	יעקב פישמאַן	male	רעזשיסער און אָנטיילנעמער	איינער פֿון די פֿירער פֿון דעם פּראָגרעסיוו דראַמאַטיק קלאָב.
M-3-facs_136_tr_1754820282-022	P-3-facs_136_tr_1754820282	3	facs_136_tr_1754820282	פּראַגער רעגינע	פרץ הירשביין	male	דראַמאַטורג	אַ דראַמאַטורג וועמענס פּיעסעס די סוביעקט האָט געשפּילט.
M-3-facs_145_tr_1754213821-000	P-3-facs_145_tr_1754213821	3	facs_145_tr_1754213821	פּראָוואַטיינער אַברהם	האַלפּעדינס	זכר		ער האָט געשריבן די ווערק „תפילות“ וואָס דער סוביעקט האָט דראַמאַטיזירט.
M-3-facs_145_tr_1754213821-001	P-3-facs_145_tr_1754213821	3	facs_145_tr_1754213821	פּראָוואַטיינער אַברהם	י. ל. פּרצ'ס	זכר		דער סוביעקט האָט דראַמאַטיזירט און אויפגעפירט פילע פון זיינע ווערק.
M-3-facs_145_tr_1754213821-002	P-3-facs_145_tr_1754213821	3	facs_145_tr_1754213821	פּראָוואַטיינער אַברהם	מאָרדקין	זכר	באַלעטמייסטער	ער האָט געשטעלט אַ מאַסן-שפּיל וואָס דער סוביעקט האָט רעזשיסירט.
M-3-facs_145_tr_1754213821-003	P-3-facs_145_tr_1754213821	3	facs_145_tr_1754213821	פּראָוואַטיינער אַברהם	אַברהם רייזען	זכר		דער סוביעקט האָט אויפגעפירט א דראמאטיזאציע לכבוד זיין פייערונג.
M-3-facs_145_tr_1754213821-004	P-3-facs_145_tr_1754213821	3	facs_145_tr_1754213821	פּראָוואַטיינער אַברהם	דוד קאָסעלס	זכר		דער סוביעקט האָט אויפגעפירט זיין ווערק „שנייעלעך“.
M-3-facs_145_tr_1754213821-005	P-3-facs_145_tr_1754213821	3	facs_145_tr_1754213821	פּראָוואַטיינער אַברהם	משה נאָדירס	זכר	מחבר אַלס נאַראַטאָר	דער סוביעקט האָט אויפגעפירט זיין פּיעסע „שרה'טשע“ מיט אים אלס נאראטאר.
M-3-facs_145_tr_1754213821-006	P-3-facs_145_tr_1754213821	3	facs_145_tr_1754213821	פּראָוואַטיינער אַברהם	שלום עליכם	זכר		דער סוביעקט האָט דראַמאַטיזירט און אויפגעפירט פילע פון זיינע ווערק.
M-3-facs_145_tr_1754213821-007	P-3-facs_145_tr_1754213821	3	facs_145_tr_1754213821	פּראָוואַטיינער אַברהם	יהואָש'ס	זכר		דער סוביעקט האָט אויפגעפירט דראמאטיזאציעס פון זיינע ווערק צו זיין יארטאג.
M-3-facs_145_tr_1754213821-008	P-3-facs_145_tr_1754213821	3	facs_145_tr_1754213821	פּראָוואַטיינער אַברהם	ערנסט טאָלער	זכר		דער סוביעקט האָט אויפגעפירט א פעדזשענט לויט אים.
M-3-facs_145_tr_1754213821-009	P-3-facs_145_tr_1754213821	3	facs_145_tr_1754213821	פּראָוואַטיינער אַברהם	פרץ הירשביינס	זכר		דער סוביעקט האָט אויפגעפירט זיינע פּיעסעס מיט יוגנטלעכע.
M-3-facs_145_tr_1754213821-010	P-3-facs_145_tr_1754213821	3	facs_145_tr_1754213821	פּראָוואַטיינער אַברהם	ליאַ שטיין	נקבה	מוזיק	זי האָט קאָמפּאָנירט די מוזיק פאַרן סוביעקטס אָפּערעטע „יהודה המכבי“.
M-3-facs_145_tr_1754213821-011	P-3-facs_145_tr_1754213821	3	facs_145_tr_1754213821	פּראָוואַטיינער אַברהם	מ. צעשינסקי	זכר	פֿאַרלאָג	ער האָט אַרויסגעגעבן עטלעכע פון דעם סוביעקטס ביכער.
M-3-facs_146_tr_1754213823-000	P-3-facs_146_tr_1754213823	3	facs_146_tr_1754213823	פּראַנד אַדעלאַ	זינגער אָדעלאַ			די פערזאן איז דערמאנט אלס א קרייץ-רעפערענץ.
M-3-facs_146_tr_1754213821-000	P-3-facs_146_tr_1754213821	3	facs_146_tr_1754213821	פּראַנד יוליוס	פֿאָטער*	male	אַ סוחר	דער פֿאָטער פֿון דעם סוביעקט.
M-3-facs_146_tr_1754213821-001	P-3-facs_146_tr_1754213821	3	facs_146_tr_1754213821	פּראַנד יוליוס	שליפערשטיין	male	מיטגליד אין געזאַנג-קוואַרטעט „געברידער שטיין“	אַ מיטגליד אין דער זעלבער קוואַרטעט מיט דעם סוביעקט.
M-3-facs_146_tr_1754213821-002	P-3-facs_146_tr_1754213821	3	facs_146_tr_1754213821	פּראַנד יוליוס	ראָטשיין	male	מיטגליד אין געזאַנג-קוואַרטעט „געברידער שטיין“	אַ מיטגליד אין דער זעלבער קוואַרטעט מיט דעם סוביעקט.
M-3-facs_146_tr_1754213821-003	P-3-facs_146_tr_1754213821	3	facs_146_tr_1754213821	פּראַנד יוליוס	פֿיינשטיין	male	מיטגליד אין געזאַנג-קוואַרטעט „געברידער שטיין“	אַ מיטגליד אין דער זעלבער קוואַרטעט מיט דעם סוביעקט.
M-3-facs_146_tr_1754213821-004	P-3-facs_146_tr_1754213821	3	facs_146_tr_1754213821	פּראַנד יוליוס	בערל בערנשטיין	male	מיטגליד אין געזאַנג-קוואַרטעט „געברידער שטיין“	אַ מיטגליד אין דער זעלבער קוואַרטעט מיט דעם סוביעקט.
M-3-facs_146_tr_1754213821-005	P-3-facs_146_tr_1754213821	3	facs_146_tr_1754213821	פּראַנד יוליוס	אָדעלאַ זינגער	female		די פרוי פונעם סוביעקט מיט וועמען ער האָט געשפּילט.
M-3-facs_146_tr_1754213821-006	P-3-facs_146_tr_1754213821	3	facs_146_tr_1754213821	פּראַנד יוליוס	בוזעט		יידישע אַקטיאָרן	האָט געשפּילט צוזאַמען מיט דעם סוביעקט אין אַן ענגלישן סקעטש.
M-3-facs_146_tr_1754213821-007	P-3-facs_146_tr_1754213821	3	facs_146_tr_1754213821	פּראַנד יוליוס	שערמאַן		יידישע אַקטיאָרן	האָט געשפּילט צוזאַמען מיט דעם סוביעקט אין אַן ענגלישן סקעטש.
M-3-facs_147_tr_1754213836-000	P-3-facs_147_tr_1754213836	3	facs_147_tr_1754213836	פּריבולסקי, יצחק	פֿאָטער*		אָרטיקער רב	ער איז דער פֿאָטער פון דעם סוביעקט.
M-3-facs_147_tr_1754213836-001	P-3-facs_147_tr_1754213836	3	facs_147_tr_1754213836	פּריבולסקי, יצחק	פרץ הירשביין			"ער ווידמעט דעם סוביעקט פֿיל פלאַץ אין זיין בוך „מיינע קינדער-יאָרן"" און דער סוביעקט באַקענט אים מיט דער העברעישער און יידישער ליטעראַטור."
M-3-facs_147_tr_1754213828-000	P-3-facs_147_tr_1754213828	3	facs_147_tr_1754213828	פּריבעאַגו, יאָן [איזאַק לאַזאַראָוויטש]	זלמן רייזען	זכר		זלמן רייזען רופט יאָן פּריבעאַגו על פּי טעות פּריקעאַגו.
M-3-facs_147_tr_1754213828-001	P-3-facs_147_tr_1754213828	3	facs_147_tr_1754213828	פּריבעאַגו, יאָן [איזאַק לאַזאַראָוויטש]	ה. שענפעלד	זכר		ה. שענפעלד האָט מיטגעאַרבעט מיט יאָן פּריבעאַגו.
M-3-facs_147_tr_1754213828-002	P-3-facs_147_tr_1754213828	3	facs_147_tr_1754213828	פּריבעאַגו, יאָן [איזאַק לאַזאַראָוויטש]	יעקב באַטאָשאַנסקי	זכר	וועלכער האָט דער ערשטער איינגעפירט רעוואוס אויף יידיש אין רומעניע	יעקב באַטאָשאַנסקי באַמערקט וועגן יאָן פּריבעאַגו.
M-3-facs_147_tr_1754213828-003	P-3-facs_147_tr_1754213828	3	facs_147_tr_1754213828	פּריבעאַגו, יאָן [איזאַק לאַזאַראָוויטש]	ייד*	זכר		אַ ייד איז אַ פּערסאָנאַזש אין דער סצענע וואָס פּאַקט יאָן פּריבעאַגו.
M-3-facs_147_tr_1754213828-004	P-3-facs_147_tr_1754213828	3	facs_147_tr_1754213828	פּריבעאַגו, יאָן [איזאַק לאַזאַראָוויטש]	יידענע*	נקבה		אַ יידענע איז אַ פּערסאָנאַזש אין דער סצענע וואָס פּאַקט יאָן פּריבעאַגו.
M-3-facs_147_tr_1754213828-005	P-3-facs_147_tr_1754213828	3	facs_147_tr_1754213828	פּריבעאַגו, יאָן [איזאַק לאַזאַראָוויטש]	יאָן פּריבעאַגו	זכר	באַקאַנטער רומענישער הומאָריסט און רעוואושרייבער; רומעניש-יידישן דיכטער, קופּלעטיסט און רעווי-מחבר	יאָן פּריבעאַגו איז דער סוביעקט פֿון דעם טעקסט.
M-3-facs_147_tr_1754213832-000	P-3-facs_147_tr_1754213832	3	facs_147_tr_1754213832	פריזאַמענט, יעקב	משה'לע היבינער	זכר	באַקאָנטן בדחן, פֿאָלקסזינגער און מחבר פֿון שירים און לידער	ער איז דער פאָטער פונעם סוביעקט.
M-3-facs_147_tr_1754213832-001	P-3-facs_147_tr_1754213832	3	facs_147_tr_1754213832	פריזאַמענט, יעקב	פישל ווייטקאָווער	זכר	זשורנאַליסט	ער גיט איבער וועגן זיין טעאַטער-טעטיקייט.
M-3-facs_147_tr_1754213832-002	P-3-facs_147_tr_1754213832	3	facs_147_tr_1754213832	פריזאַמענט, יעקב	משה ריכטער	זכר		ער איז אַוועק פון דער בינע פון גאַליציע און אָפּגעפאָרן קיין אַמעריקע.
M-3-facs_147_tr_1754213832-003	P-3-facs_147_tr_1754213832	3	facs_147_tr_1754213832	פריזאַמענט, יעקב	אייזיק וויינשטאָק	זכר		ער האָט צוזאַמען מיט אים איבערגעזעצט „די רויבער“.
M-3-facs_147_tr_1754213832-004	P-3-facs_147_tr_1754213832	3	facs_147_tr_1754213832	פריזאַמענט, יעקב	יואָל שפּיגעל	זכר		ער גיט איבער, אַז ער האָט פ.'ס אַ מאַנוסקרי.
M-3-facs_147_tr_1754213832-005	P-3-facs_147_tr_1754213832	3	facs_147_tr_1754213832	פריזאַמענט, יעקב	שלמה	זכר	אַ יידישער אַקטיאָר און פּיעסן-שרייבער	ער איז דער ברודער פונעם סוביעקט.
M-3-facs_148_tr_1754213818-000	P-3-facs_148_tr_1754213818	3	facs_148_tr_1754213818	פריזאַמענט, משה	פֿאָטער *	זכר	אַ תלמיד-חכם	ער איז געווען דער פֿאָטער פֿון דעם סוביעקט.
M-3-facs_148_tr_1754213818-001	P-3-facs_148_tr_1754213818	3	facs_148_tr_1754213818	פריזאַמענט, משה	דער אַלטער בעלזער רביי	זכר	"זאָל האָבן וועגן אים זיך אויסגעדריקט, אַז „פון זיין מויל שיט זיך תורה ווי פּערל, אַזוי ווי פֿון משה רבינו פֿון באַרג סיני"""	ער האָט זיך אויסגעדריקט וועגן דעם סוביעקט.
M-3-facs_148_tr_1754213818-002	P-3-facs_148_tr_1754213818	3	facs_148_tr_1754213818	פריזאַמענט, משה	משה רבינו	זכר	פֿון באַרג סיני	דער בעלזער רב האָט צוגעגליכן דעם סוביעקט צו משה רבינו.
M-3-facs_148_tr_1754213818-003	P-3-facs_148_tr_1754213818	3	facs_148_tr_1754213818	פריזאַמענט, משה	די דעסערס			זיי פלעגן זינגען דעם סוביעקטס לידער.
M-3-facs_148_tr_1754213818-004	P-3-facs_148_tr_1754213818	3	facs_148_tr_1754213818	פריזאַמענט, משה	פּעפּי ליטמאַן	נקבה	"א""א"	זי פלעגט זינגען דעם סוביעקטס לידער.
M-3-facs_148_tr_1754213818-005	P-3-facs_148_tr_1754213818	3	facs_148_tr_1754213818	פריזאַמענט, משה	חיים בענדעל	זכר	"האָט באַזונדערס פּאָפּולער געמאַכט זיינס אַ ליד „אַז מען קאָן קיין פולווער ניט שמעקן, גייט מען ניט אין מלחמה אַריין"""	ער האָט באַזונדערס פּאָפּולער געמאַכט אַ ליד פֿונעם סוביעקט.
M-3-facs_148_tr_1754213818-006	P-3-facs_148_tr_1754213818	3	facs_148_tr_1754213818	פריזאַמענט, משה	אַברהם גאָלדפֿאַדען	זכר		דער סוביעקט איז געווען אַ פּערזענלעכער פֿריינט פֿון אַברהם גאָלדפֿאַדען.
M-3-facs_148_tr_1754213818-007	P-3-facs_148_tr_1754213818	3	facs_148_tr_1754213818	פריזאַמענט, משה	יעקב	זכר	אַ סופֿלער	ער איז געווען דעם סוביעקטס זון.
M-3-facs_148_tr_1754213818-008	P-3-facs_148_tr_1754213818	3	facs_148_tr_1754213818	פריזאַמענט, משה	שלמה	זכר	אַ יידישער שוישפּילער	ער איז דער זון פֿון יעקב.
M-3-facs_148_tr_1754213818-009	P-3-facs_148_tr_1754213818	3	facs_148_tr_1754213818	פריזאַמענט, משה	יוסף מאַרגאַשעס	זכר	חסידישע בדחנים, וועלכע האָבען פרעהליך געמאַכט אידען	ער האָט געשריבן דעם אַרטיקל וועגן דעם סוביעקט.
M-3-facs_148_tr_1754213822-000	P-3-facs_148_tr_1754213822	3	facs_148_tr_1754213822	פריזאַמענט, שלמה	משה פריזאַמענט	זכר	"בארימטער בדחן אין „משה היבינער"""	משה פריזאַמענט איז דער פֿאָטער פֿון שלמה פריזאַמענט.
M-3-facs_148_tr_1754213822-001	P-3-facs_148_tr_1754213822	3	facs_148_tr_1754213822	פריזאַמענט, שלמה	משפּחה*			שלמה פריזאַמענט איז אַריבער מיט זיין משפּחה קיין לעמבערג.
M-3-facs_148_tr_1754213822-002	P-3-facs_148_tr_1754213822	3	facs_148_tr_1754213822	פריזאַמענט, שלמה	חנאַ וואָלפסטאַל	זכר	יידישער טעאַטער-מוזיקער	חנאַ וואָלפסטאַל האָט באַאיינפלוסט שלמה פריזאַמענט מיט זיין יידישער טעאַטער-מוזיק.
M-3-facs_148_tr_1754213822-003	P-3-facs_148_tr_1754213822	3	facs_148_tr_1754213822	פריזאַמענט, שלמה	12 קינדער*			די געשוויסטער פֿון שלמה פריזאַמענט.
M-3-facs_148_tr_1754213822-004	P-3-facs_148_tr_1754213822	3	facs_148_tr_1754213822	פריזאַמענט, שלמה	גרשם באַדער	זכר	האָט געהאַט אַ „קאַלענדאָר“	שלמה פריזאַמענט האָט דעביוטירט אין גרשם באַדערס „קאַלענדאָר“.
M-3-facs_148_tr_1754213822-005	P-3-facs_148_tr_1754213822	3	facs_148_tr_1754213822	פריזאַמענט, שלמה	סאַלטשע וויינבערג	נקבה		שלמה פריזאַמענט האָט געשריבן לידער און מוזיק ספּעציעל פֿאַר איר.
M-3-facs_148_tr_1754213822-006	P-3-facs_148_tr_1754213822	3	facs_148_tr_1754213822	פריזאַמענט, שלמה	פּעפּי ליטמאַן	נקבה		שלמה פריזאַמענט האָט געשריבן לידער און מוזיק ספּעציעל פֿאַר איר.
M-3-facs_148_tr_1754213822-007	P-3-facs_148_tr_1754213822	3	facs_148_tr_1754213822	פריזאַמענט, שלמה	בער האַרט	זכר	האָט געהאַט אַ פּראָווינץ-טרופּע	שלמה פריזאַמענט איז געווען אַ דיריגענט אין זיין פּראָווינץ-טרופּע.
M-3-facs_148_tr_1754213822-008	P-3-facs_148_tr_1754213822	3	facs_148_tr_1754213822	פריזאַמענט, שלמה	לאַטיינער	זכר	דראַמאַטורג	שלמה פריזאַמענט האָט קאָמפּאָנירט מוזיק צו לאַטיינערס אָפּערעטע „חתן כלה“.
M-3-facs_148_tr_1754213822-009	P-3-facs_148_tr_1754213822	3	facs_148_tr_1754213822	פריזאַמענט, שלמה	מאָגולעסקאָ	זכר		ער האָט געשריבן קופּלעטן צו דער אָפּערעטע „חתן כלה“.
M-3-facs_148_tr_1754213822-010	P-3-facs_148_tr_1754213822	3	facs_148_tr_1754213822	פריזאַמענט, שלמה	פֿרידזעל	זכר		ער האָט געשריבן מוזיק צו דער אָפּערעטע „חתן כלה“.
M-3-facs_148_tr_1754213822-011	P-3-facs_148_tr_1754213822	3	facs_148_tr_1754213822	פריזאַמענט, שלמה	יידל גוטמאַן	זכר		יידל גוטמאַן האָט אויפֿגעפֿירט לאַטיינערס אָפּערעטע אין קראָקע.
M-3-facs_148_tr_1754213822-012	P-3-facs_148_tr_1754213822	3	facs_148_tr_1754213822	פריזאַמענט, שלמה	גאָרדין	זכר	דראַמאַטורג	שלמה פריזאַמענט האָט געשפּילט אין גאָרדינס פּיעסעס.
M-3-facs_148_tr_1754213822-013	P-3-facs_148_tr_1754213822	3	facs_148_tr_1754213822	פריזאַמענט, שלמה	ק. מ. עבעל	זכר		ער איז אַוועק קיין אַרגענטינע צוזאַמען מיט שלמה פריזאַמענט.
M-3-facs_148_tr_1754213822-014	P-3-facs_148_tr_1754213822	3	facs_148_tr_1754213822	פריזאַמענט, שלמה	מעלצער	זכר	דירעקטאָר	שלמה פריזאַמענט האָט געשפּילט אונטער זיין דירעקציע אין רומעניע.
M-3-facs_148_tr_1754213822-015	P-3-facs_148_tr_1754213822	3	facs_148_tr_1754213822	פריזאַמענט, שלמה	דיינע פֿיינמאַן	נקבה		שלמה פריזאַמענט האָט זיך באַטייליקט מיט איר אין גאָרדין-רעפּערטואָר.
M-3-facs_148_tr_1754213822-016	P-3-facs_148_tr_1754213822	3	facs_148_tr_1754213822	פריזאַמענט, שלמה	גלימער	זכר		שלמה פריזאַמענט האָט געשפּילט אין זיין טרופּע.
M-3-facs_148_tr_1754213822-017	P-3-facs_148_tr_1754213822	3	facs_148_tr_1754213822	פריזאַמענט, שלמה	יעקב פריזאַמענט	זכר		יעקב פריזאַמענט איז דער ברודער פֿון שלמה פריזאַמענט.
M-3-facs_148_tr_1754213822-018	P-3-facs_148_tr_1754213822	3	facs_148_tr_1754213822	פריזאַמענט, שלמה	בעלאַ קוהן	זכר		בעת זיין פּעריאָד איז שלמה פריזאַמענט געווען קאָמיסאָר פֿון דער יידישער אַרבעטער-בינע.
M-3-facs_148_tr_1754213822-019	P-3-facs_148_tr_1754213822	3	facs_148_tr_1754213822	פריזאַמענט, שלמה	שטראָמער	זכר		שלמה פריזאַמענט האָט זיך פֿאַראייניקט מיט זיין טרופּע.
M-3-facs_148_tr_1754213822-020	P-3-facs_148_tr_1754213822	3	facs_148_tr_1754213822	פריזאַמענט, שלמה	ראַבינאָוויטש	זכר		שלמה פריזאַמענט האָט זיך פֿאַראייניקט מיט זיין טרופּע.
M-3-facs_148_tr_1754213822-021	P-3-facs_148_tr_1754213822	3	facs_148_tr_1754213822	פריזאַמענט, שלמה	ווייץ	זכר		שלמה פריזאַמענט האָט זיך פֿאַראייניקט מיט זיין טרופּע.
M-3-facs_148_tr_1754213822-022	P-3-facs_148_tr_1754213822	3	facs_148_tr_1754213822	פריזאַמענט, שלמה	שטיין	זכר		שלמה פריזאַמענט האָט זיך פֿאַראייניקט מיט זיין טרופּע.
M-3-facs_148_tr_1754213822-023	P-3-facs_148_tr_1754213822	3	facs_148_tr_1754213822	פריזאַמענט, שלמה	אָביש מייזעלס	זכר		ער האָט פֿאַרפֿאַסט מיט שלמה פריזאַמענט די פּיעסע „דער גולם פֿון פּראָג“.
M-3-facs_148_tr_1754213822-024	P-3-facs_148_tr_1754213822	3	facs_148_tr_1754213822	פריזאַמענט, שלמה	זכריה פֿראַנצאָז	זכר		ער האָט געגרינדעט מיט שלמה פריזאַמענט די טרופּע „האור“.
M-3-facs_148_tr_1754213822-025	P-3-facs_148_tr_1754213822	3	facs_148_tr_1754213822	פריזאַמענט, שלמה	יצחק מעסטל	זכר		ער האָט געגרינדעט מיט שלמה פריזאַמענט די טרופּע „האור“.
M-3-facs_148_tr_1754213822-026	P-3-facs_148_tr_1754213822	3	facs_148_tr_1754213822	פריזאַמענט, שלמה	גיזיי היידען	נקבה		גיזיי היידען איז די פרוי פֿון שלמה פריזאַמענט.
M-3-facs_148_tr_1754213822-027	P-3-facs_148_tr_1754213822	3	facs_148_tr_1754213822	פריזאַמענט, שלמה	הערש האַרט	זכר		ער האָט געגרינדעט מיט שלמה פריזאַמענט אַ טרופּע פֿאַר דער גאַליציאַנער פּראָווינץ.
M-3-facs_148_tr_1754213822-028	P-3-facs_148_tr_1754213822	3	facs_148_tr_1754213822	פריזאַמענט, שלמה	משה ריכטער	זכר	דראַמאַטורג	שלמה פריזאַמענט האָט געשריבן מוזיק און לידער צו משה ריכטערס „די צוויי שווייגערס“.
M-3-facs_148_tr_1754213822-029	P-3-facs_148_tr_1754213822	3	facs_148_tr_1754213822	פריזאַמענט, שלמה	נאָזשיק	זכר		שלמה פריזאַמענט האָט פֿאַרפֿאַסט מוזיק צו נאָזשיקס רעוואוס.
M-3-facs_148_tr_1754213822-030	P-3-facs_148_tr_1754213822	3	facs_148_tr_1754213822	פריזאַמענט, שלמה	ריכאָרד פאַס	זכר	דראַמאַטורג	שלמה פריזאַמענט האָט געשפּילט אין זיין פּיעסע „שריי, ישראל“.
M-3-facs_148_tr_1754213822-031	P-3-facs_148_tr_1754213822	3	facs_148_tr_1754213822	פריזאַמענט, שלמה	גאָלדפֿאַדען	זכר	דראַמאַטורג און קאָמפּאָזיטאָר	שלמה פריזאַמענט האָט באַאַרבעט די מוזיק צו גאָלדפֿאַדענס פּיעסעס.
M-3-facs_148_tr_1754213822-032	P-3-facs_148_tr_1754213822	3	facs_148_tr_1754213822	פריזאַמענט, שלמה	זיגמונט טורקאָוו	זכר		זיגמונט טורקאָוו האָט געמאַכט אַ נייע באַאַרבעטונג צו גאָלדפֿאַדענס „שולמית“.
M-3-facs_148_tr_1754213822-033	P-3-facs_148_tr_1754213822	3	facs_148_tr_1754213822	פריזאַמענט, שלמה	ישראל אַשענדאָרף	זכר		ישראל אַשענדאָרף האָט געשריבן וועגן שלמה פריזאַמענטס מוזיקאַלישער באַאַרבעטונג.
M-3-facs_148_tr_1754213822-034	P-3-facs_148_tr_1754213822	3	facs_148_tr_1754213822	פריזאַמענט, שלמה	לייב האַמר	זכר	"ד""ר"	לייב האַמר האָט געשריבן וועגן שלמה פריזאַמענטס באַאַרבעטונג פֿון דער מוזיק צו „בר כוכבא“.
M-3-facs_148_tr_1754213822-035	P-3-facs_148_tr_1754213822	3	facs_148_tr_1754213822	פריזאַמענט, שלמה	פאַול הייזע	זכר		שלמה פריזאַמענט האָט איבערגעזעצט זיין פּיעסע „מוטער און טאָכטער“.
M-3-facs_148_tr_1754213822-036	P-3-facs_148_tr_1754213822	3	facs_148_tr_1754213822	פריזאַמענט, שלמה	שטשאָגאָל	זכר		שלמה פריזאַמענט האָט געשריבן מוזיק און לידער צו זיינע פּיעסעס.
M-3-facs_148_tr_1754213822-037	P-3-facs_148_tr_1754213822	3	facs_148_tr_1754213822	פריזאַמענט, שלמה	לייב דרוקער	זכר		שלמה פריזאַמענט האָט געשריבן מוזיק און לידער צו זיינע פּיעסעס.
M-3-facs_148_tr_1754213822-038	P-3-facs_148_tr_1754213822	3	facs_148_tr_1754213822	פריזאַמענט, שלמה	גורעוויטש	זכר		שלמה פריזאַמענט האָט געשריבן מוזיק צו זיין פּיעסע „כלי-זמר“.
M-3-facs_148_tr_1754213822-039	P-3-facs_148_tr_1754213822	3	facs_148_tr_1754213822	פריזאַמענט, שלמה	שלום אַש	זכר		שלמה פריזאַמענט האָט געשריבן אילוסטראַציע-מוזיק צו שלום אַשס פּיעסע.
M-3-facs_148_tr_1754213822-040	P-3-facs_148_tr_1754213822	3	facs_148_tr_1754213822	פריזאַמענט, שלמה	פּרץ	זכר		שלמה פריזאַמענט האָט געשריבן אילוסטראַציע-מוזיק צו פּרצ'ס פּיעסע.
M-3-facs_148_tr_1754213822-041	P-3-facs_148_tr_1754213822	3	facs_148_tr_1754213822	פריזאַמענט, שלמה	פיסטנער	זכר	"ד""ר"	"שלמה פריזאַמענט האָט געשריבן אילוסטראַציע-מוזיק צו ד""ר פיסטנערס פּיעסע."
M-3-facs_148_tr_1754213822-042	P-3-facs_148_tr_1754213822	3	facs_148_tr_1754213822	פריזאַמענט, שלמה	קאַלמאַנאָוויטש	זכר		שלמה פריזאַמענט האָט געשריבן אילוסטראַציע-מוזיק צו קאַלמאַנאָוויטשעס פּיעסעס.
M-3-facs_148_tr_1754213822-043	P-3-facs_148_tr_1754213822	3	facs_148_tr_1754213822	פריזאַמענט, שלמה	אָ. נאַגער	זכר		שלמה פריזאַמענט האָט געשריבן אילוסטראַציע-מוזיק צו אָ. נאַגערס „לוסטיקע יוגנט“.
M-3-facs_149_tr_1754213838-000	P-3-facs_149_tr_1754213838	3	facs_149_tr_1754213838	פריזאַנט, היימי	פֿאָטער*	זכר	אַ קונסט-מאָלער, אַ דעקאָראַטאָר אין פֿילאָדעלפיע	ער איז געווען דער פֿאָטער פֿונעם סוביעקט.
M-3-facs_149_tr_1754213838-001	P-3-facs_149_tr_1754213838	3	facs_149_tr_1754213838	פריזאַנט, היימי	מוטער*	נקבה		זי איז געווען די מוטער פֿונעם סוביעקט און האָט אים געלערנט רוסיש.
M-3-facs_149_tr_1754213838-002	P-3-facs_149_tr_1754213838	3	facs_149_tr_1754213838	פריזאַנט, היימי	איטשעלע שוואַרץ	זכר		דער סוביעקט האָט געשפּילט אונטער זיין אָנפֿירונג אין אַן אַמאַטאָרן-פֿאָרשטעלונג.
M-3-facs_149_tr_1754213838-003	P-3-facs_149_tr_1754213838	3	facs_149_tr_1754213838	פריזאַנט, היימי	לעאָן בערגער	זכר		ער איז געווען אין דער וואָדעווילטרופּע מיט וועלכער דער סוביעקט האָט געשפּילט.
M-3-facs_149_tr_1754213838-004	P-3-facs_149_tr_1754213838	3	facs_149_tr_1754213838	פריזאַנט, היימי	טשיזשיק*	זכר	איינער פֿון די ברידער טשיזשיק	ער איז געווען אין דער וואָדעווילטרופּע מיט וועלכער דער סוביעקט האָט געשפּילט.
M-3-facs_149_tr_1754213838-005	P-3-facs_149_tr_1754213838	3	facs_149_tr_1754213838	פריזאַנט, היימי	טשיזשיק*	זכר	איינער פֿון די ברידער טשיזשיק	ער איז געווען אין דער וואָדעווילטרופּע מיט וועלכער דער סוביעקט האָט געשפּילט.
M-3-facs_149_tr_1754213838-006	P-3-facs_149_tr_1754213838	3	facs_149_tr_1754213838	פריזאַנט, היימי	משה דוד וואַקסמאַן	זכר	„פּאָוויליאָן טעאַטער“	דער סוביעקט האָט געשפּילט אין זיין טרופּע.
M-3-facs_149_tr_1754213838-007	P-3-facs_149_tr_1754213838	3	facs_149_tr_1754213838	פריזאַנט, היימי	זיגמונט פֿיינמאַן	זכר		דער סוביעקט האָט געשפּילט אין זיין טרופּע.
M-3-facs_149_tr_1754213838-008	P-3-facs_149_tr_1754213838	3	facs_149_tr_1754213838	פריזאַנט, היימי	מאָריס מאָשקאָוויטש	זכר		דער סוביעקט האָט געשפּילט בעת זיינע גאַסטראָלן.
M-3-facs_149_tr_1754213838-009	P-3-facs_149_tr_1754213838	3	facs_149_tr_1754213838	פריזאַנט, היימי	לעווענטאָל*	זכר	איינער פֿון די ברידער לעווענטאָל	די ברידער לעווענטאָל האָבן אָנגעפֿירט די טרופּע אין וועלכער דער סוביעקט האָט געשפּילט.
M-3-facs_149_tr_1754213838-010	P-3-facs_149_tr_1754213838	3	facs_149_tr_1754213838	פריזאַנט, היימי	לעווענטאָל*	זכר	איינער פֿון די ברידער לעווענטאָל	די ברידער לעווענטאָל האָבן אָנגעפֿירט די טרופּע אין וועלכער דער סוביעקט האָט געשפּילט.
M-3-facs_149_tr_1754213838-011	P-3-facs_149_tr_1754213838	3	facs_149_tr_1754213838	פריזאַנט, היימי	רוסישער צאר*	זכר		ער איז געווען צו גאַסט בעת אַ פֿאָרשטעלונג וואו דער סוביעקט האָט געשפּילט.
M-3-facs_149_tr_1754213838-012	P-3-facs_149_tr_1754213838	3	facs_149_tr_1754213838	פריזאַנט, היימי	פוקעלמאַן	זכר	פוקעלמאַנס טעאַטער	דער סוביעקט איז אַריינגעטראָטן אין זיין טעאַטער.
M-3-facs_149_tr_1754213838-013	P-3-facs_149_tr_1754213838	3	facs_149_tr_1754213838	פריזאַנט, היימי	גענפער	זכר		דער סוביעקט האָט געשפּילט אונטער זיין אָנפֿירונג.
M-3-facs_149_tr_1754213838-014	P-3-facs_149_tr_1754213838	3	facs_149_tr_1754213838	פריזאַנט, היימי	זאָלאָטניצקי	זכר		דער סוביעקט האָט אַרומגעוואַנדערט מיט זיין טרופּע.
M-3-facs_149_tr_1754213838-015	P-3-facs_149_tr_1754213838	3	facs_149_tr_1754213838	פריזאַנט, היימי	סאָבסיי	זכר		ער האָט אָנגאַזשירט דעם סוביעקט קיין אָדעס.
M-3-facs_149_tr_1754213838-016	P-3-facs_149_tr_1754213838	3	facs_149_tr_1754213838	פריזאַנט, היימי	סעם אַדלער	זכר		דער סוביעקט האָט געשפּילט אין זיין טרופּע.
M-3-facs_149_tr_1754213838-017	P-3-facs_149_tr_1754213838	3	facs_149_tr_1754213838	פריזאַנט, היימי	קאַנעווסקי	זכר		דער סוביעקט האָט געשפּילט אין זיין טרופּע.
M-3-facs_149_tr_1754213838-018	P-3-facs_149_tr_1754213838	3	facs_149_tr_1754213838	פריזאַנט, היימי	כאַרלאָמפּ	זכר		דער סוביעקט האָט געשפּילט אין זיין טרופּע.
M-3-facs_149_tr_1754213838-019	P-3-facs_149_tr_1754213838	3	facs_149_tr_1754213838	פריזאַנט, היימי	זשיטאָמירסקי	זכר		דער סוביעקט האָט געשפּילט אין זיין טרופּע.
M-3-facs_149_tr_1754213838-020	P-3-facs_149_tr_1754213838	3	facs_149_tr_1754213838	פריזאַנט, היימי	אסתר וואָלערשטיין	נקבה		דער סוביעקט האָט געשפּילט אין איר טרופּע.
M-3-facs_149_tr_1754213838-021	P-3-facs_149_tr_1754213838	3	facs_149_tr_1754213838	פריזאַנט, היימי	מאָריס אַקסעלראָד	זכר		דער סוביעקט האָט געשפּילט ביי אים אין דער טרופּע.
M-3-facs_149_tr_1754213838-022	P-3-facs_149_tr_1754213838	3	facs_149_tr_1754213838	פריזאַנט, היימי	ספּיוואַקאָווסקי	זכר		דער סוביעקט האָט געשפּילט ביי אים.
M-3-facs_149_tr_1754213838-023	P-3-facs_149_tr_1754213838	3	facs_149_tr_1754213838	פריזאַנט, היימי	לעאָ לאַרגמאַן	זכר		דער סוביעקט איז אַרומגעפֿאָרן מיט זיין טרופּע.
M-3-facs_149_tr_1754213838-024	P-3-facs_149_tr_1754213838	3	facs_149_tr_1754213838	פריזאַנט, היימי	איזידאָר לעש	זכר		דער סוביעקט איז געווען אָנגאַזשירט אין אַ טרופּע אונטער זיין אָנפֿירונג.
M-3-facs_149_tr_1754213838-025	P-3-facs_149_tr_1754213838	3	facs_149_tr_1754213838	פריזאַנט, היימי	יעקב קאַלייך	זכר		דער סוביעקט האָט געשפּילט אין אַ טרופּע אונטער זיין אָנפֿירונג.
M-3-facs_149_tr_1754213838-026	P-3-facs_149_tr_1754213838	3	facs_149_tr_1754213838	פריזאַנט, היימי	דיינע פֿיינמאַן	נקבה		דער סוביעקט האָט געשפּילט אין אַ טרופּע אונטער איר אָנפֿירונג.
M-3-facs_149_tr_1754213838-027	P-3-facs_149_tr_1754213838	3	facs_149_tr_1754213838	פריזאַנט, היימי	גערטנער	זכר		דער סוביעקט האָט געשפּילט אין זיין טרופּע אין שיקאָגאָ.
M-3-facs_149_tr_1754213838-028	P-3-facs_149_tr_1754213838	3	facs_149_tr_1754213838	פריזאַנט, היימי	עלוווינג	זכר		דער סוביעקט האָט געשפּילט אין זיין טעאַטער.
M-3-facs_149_tr_1754213838-029	P-3-facs_149_tr_1754213838	3	facs_149_tr_1754213838	פריזאַנט, היימי	יאָזעף קעסלער	זכר		דער סוביעקט האָט געשפּילט אין זיין טעאַטער.
M-3-facs_149_tr_1754213838-030	P-3-facs_149_tr_1754213838	3	facs_149_tr_1754213838	פריזאַנט, היימי	מייק טאָמאַשעווסקי	זכר		דער סוביעקט האָט געשפּילט אין זיין טעאַטער.
M-3-facs_149_tr_1754213838-031	P-3-facs_149_tr_1754213838	3	facs_149_tr_1754213838	פריזאַנט, היימי	ליטמאַן	זכר		דער סוביעקט האָט געשפּילט אין זיין טעאַטער.
M-3-facs_149_tr_1754213838-032	P-3-facs_149_tr_1754213838	3	facs_149_tr_1754213838	פריזאַנט, היימי	מאָלי פיקאָן	נקבה		דער סוביעקט האָט געשפּילט מיט איר.
M-3-facs_149_tr_1754213838-033	P-3-facs_149_tr_1754213838	3	facs_149_tr_1754213838	פריזאַנט, היימי	אהרן לעבעדיעוו	זכר		דער סוביעקט האָט געשפּילט מיט אים.
M-3-facs_149_tr_1754213838-034	P-3-facs_149_tr_1754213838	3	facs_149_tr_1754213838	פריזאַנט, היימי	אָסקאַר אָסטראָף	זכר	דירעקציע אָסקאַר אָסטראָף	דער סוביעקט איז געווען געשעפֿטס-פֿאַרוואַלטער אין אַ טעאַטער אונטער זיין דירעקציע.
M-3-facs_150_tr_1754213811-000	P-3-facs_150_tr_1754213811	3	facs_150_tr_1754213811	פּרייס, מיכאל	פֿאָטער*	זכר	גוטבאַזיצער אין האָלטשע דאָלינאַ און באַנקיר אין זעלבן דאָרף, אַ הוסיאַטיינער חסיד	פֿאָטער פֿון דעם סוביעקט.
M-3-facs_150_tr_1754213811-001	P-3-facs_150_tr_1754213811	3	facs_150_tr_1754213811	פּרייס, מיכאל	מלמדים*	זכר		געלערנט יידישע לימודים מיט דעם סוביעקט.
M-3-facs_150_tr_1754213811-002	P-3-facs_150_tr_1754213811	3	facs_150_tr_1754213811	פּרייס, מיכאל	פאַמיליע*			די פאַמיליע פֿון דעם סוביעקט וואָס איז אַנטלאָפן קיין ווין און שפּעטער אים געבראַכט קיין אַמעריקע.
M-3-facs_150_tr_1754213811-003	P-3-facs_150_tr_1754213811	3	facs_150_tr_1754213811	פּרייס, מיכאל	יזליוס האָלער	זכר	רעזשיסער און שוישפּילער פֿון „וויענער שטאַדט טעאַטער“	געלערנט דראַמאַטישע קונסט מיט דעם סוביעקט.
M-3-facs_150_tr_1754213811-004	P-3-facs_150_tr_1754213811	3	facs_150_tr_1754213811	פּרייס, מיכאל	יעקב מעסטל	זכר	רעזשיסער	לערער און רעזשיסער פֿון דעם סוביעקט.
M-3-facs_150_tr_1754213811-005	P-3-facs_150_tr_1754213811	3	facs_150_tr_1754213811	פּרייס, מיכאל	מענדעלסאָן (יהודה בלייד)	זכר	אַקטיאָר	געשפּילט מיט דעם סוביעקט אין „אוריאל אַקאָסטאָ“.
M-3-facs_150_tr_1754213811-006	P-3-facs_150_tr_1754213811	3	facs_150_tr_1754213811	פּרייס, מיכאל	בן-ציון סעגאָל	זכר	אַקטיאָר	געשפּילט מיט דעם סוביעקט אין „אוריאל אַקאָסטאָ“.
M-3-facs_150_tr_1754213811-007	P-3-facs_150_tr_1754213811	3	facs_150_tr_1754213811	פּרייס, מיכאל	האָנס קירכנער	זכר		געלערנט דייטשע אויסשפּראַך מיט דעם סוביעקט.
M-3-facs_150_tr_1754213811-008	P-3-facs_150_tr_1754213811	3	facs_150_tr_1754213811	פּרייס, מיכאל	"ד""ר רודאָלף בער"	זכר		"געלערנט דראַמאַטישע קונסט מיט דעם סוביעקט אין דער „אַקאַדעמיע דער דאַרשטעלענדער קונסט""."
M-3-facs_150_tr_1754213811-009	P-3-facs_150_tr_1754213811	3	facs_150_tr_1754213811	פּרייס, מיכאל	באַראַטאָוו	זכר		געשפּילט מיט דעם סוביעקט אין יידיש.
M-3-facs_150_tr_1754213811-010	P-3-facs_150_tr_1754213811	3	facs_150_tr_1754213811	פּרייס, מיכאל	פּאַטאָצקאַ	נקבה		געשפּילט מיט דעם סוביעקט אין יידיש.
M-3-facs_150_tr_1754213811-011	P-3-facs_150_tr_1754213811	3	facs_150_tr_1754213811	פּרייס, מיכאל	ליליען מאַרבערג	נקבה		געשפּילט מיט דעם סוביעקט.
M-3-facs_150_tr_1754213811-012	P-3-facs_150_tr_1754213811	3	facs_150_tr_1754213811	פּרייס, מיכאל	ראָול אָסלאַן	זכר		געשפּילט מיט דעם סוביעקט.
M-3-facs_150_tr_1754213811-013	P-3-facs_150_tr_1754213811	3	facs_150_tr_1754213811	פּרייס, מיכאל	אביש מייזעלס	זכר	איבערזעצער	איבערגעזעצט אַ פּיעסע אין וועלכער דער סוביעקט האָט געשפּילט.
M-3-facs_150_tr_1754213811-014	P-3-facs_150_tr_1754213811	3	facs_150_tr_1754213811	פּרייס, מיכאל	ארנאַלד צווייג	זכר	מחבר	"אָנגעשריבן די פּיעסע „שמואַל'ס שליחות"" אין וועלכער דער סוביעקט האָט געשפּילט."
M-3-facs_150_tr_1754213811-015	P-3-facs_150_tr_1754213811	3	facs_150_tr_1754213811	פּרייס, מיכאל	אָסקאַר אואיילד	זכר	מחבר	"אָנגעשריבן די פּיעסע „פלאַרענטינער טראַגעדיע"" אין וועלכער דער סוביעקט האָט געשפּילט."
M-3-facs_151_tr_1754213805-000	P-3-facs_151_tr_1754213805	3	facs_151_tr_1754213805	פרילוצקי, נח	פֿאָטער *	זכר	באַקאַנטער העברעיש-יידישער שרייבער, רעדאָקטאָר און אַרויסגעבער פֿון העברעישע און יידישע צייטונגען	ער איז דער פֿאָטער פֿונם סוביעקט.
M-3-facs_151_tr_1754213805-001	P-3-facs_151_tr_1754213805	3	facs_151_tr_1754213805	פרילוצקי, נח	צבי פּרילוצקי	זכר	באַקאַנטער העברעיש-יידישער שרייבער, רעדאָקטאָר און אַרויסגעבער פֿון העברעישע און יידישע צייטונגען	ער איז דער פֿאָטער פֿונם סוביעקט.
M-3-facs_151_tr_1754213805-002	P-3-facs_151_tr_1754213805	3	facs_151_tr_1754213805	פרילוצקי, נח	יעקב גאָרדינען	זכר	דעם דראַמאַטיקער	דער סוביעקט האָט געהאַט גרויסע פֿאַרערונג פֿאַר אים.
M-3-facs_151_tr_1754213805-003	P-3-facs_151_tr_1754213805	3	facs_151_tr_1754213805	פרילוצקי, נח	דוד פרישמאַן	זכר		דער סוביעקט האָט געהאַט חלוקי-דעות מיט אים וועגן דער שטעלונג פֿון יידישע שרייבער צום יידישן טעאַטער.
M-3-facs_151_tr_1754213805-004	P-3-facs_151_tr_1754213805	3	facs_151_tr_1754213805	פרילוצקי, נח	שלום עליכמ'ן	זכר	אַלס דראַמאַטורג	דער סוביעקט איז געווען דער ערשטער אָנצוואַווייזן אויף אים אַלס דראַמאַטורג.
M-3-facs_151_tr_1754213805-005	P-3-facs_151_tr_1754213805	3	facs_151_tr_1754213805	פרילוצקי, נח	"ד""ר א. מוקדוני"	זכר		ער כאַראַקטעריזירט דעם סוביעקט נח פּרילוצקי אַלס טעאַטערקריטיקער.
M-3-facs_151_tr_1754213805-006	P-3-facs_151_tr_1754213805	3	facs_151_tr_1754213805	פרילוצקי, נח	מ. איטעס	זכר		ער שרייבט אַז דער סוביעקט איז געווען איינער פֿון די ערשטע וואָס האָט זיך פֿאַראינטערעסירט מיטן יידישן טעאַטער.
M-3-facs_151_tr_1754213805-007	P-3-facs_151_tr_1754213805	3	facs_151_tr_1754213805	פרילוצקי, נח	ג. אַבראַמסקי	זכר		דער סוביעקט האָט רעפערירט זיין ביכל וועגן יידישן טעאַטער.
M-3-facs_151_tr_1754213805-008	P-3-facs_151_tr_1754213805	3	facs_151_tr_1754213805	פרילוצקי, נח	זלמן רייזין	זכר		זיין לעקסיקאָן ווערט דערמאָנט פֿאַר ווייטערדיקע אינפֿאָרמאַציע וועגן דעם סוביעקט.
M-3-facs_151_tr_1754213805-009	P-3-facs_151_tr_1754213805	3	facs_151_tr_1754213805	פרילוצקי, נח	נחמן מייזיל	זכר		ער האָט געשריבן נעקראָלאָגאַרטיקלען וועגן דעם סוביעקט.
M-3-facs_151_tr_1754213805-010	P-3-facs_151_tr_1754213805	3	facs_151_tr_1754213805	פרילוצקי, נח	יודל מאַרק	זכר		ער האָט געשריבן נעקראָלאָגאַרטיקלען וועגן דעם סוביעקט.
M-3-facs_151_tr_1754213805-011	P-3-facs_151_tr_1754213805	3	facs_151_tr_1754213805	פרילוצקי, נח	אברהם גאָלדפֿאַדענס	זכר		דער סוביעקט האָט אָפּגעדרוקט אַן אַרבעט וועגן יידישן טעאַטער לכבוד זיין 100טן געבוירנטאָג.
M-3-facs_151_tr_1754213805-012	P-3-facs_151_tr_1754213805	3	facs_151_tr_1754213805	פרילוצקי, נח	"ד""ר שיפּער"	זכר		דער סוביעקט איז שטאַרק מחולק מיט אים וועגן דעם אָנהייב פֿון יידישן טעאַטער.
M-3-facs_151_tr_1754213805-013	P-3-facs_151_tr_1754213805	3	facs_151_tr_1754213805	פרילוצקי, נח	אברהם סוצקעווער	זכר	דער פּאַרטיזאָן-דיכטער	ער גיט איבער די ידיעה וועגן דעם ברוטאַלן מאָרד פֿונם סוביעקט דורך די נאַציס.
M-3-facs_153_tr_1754213807-000	P-3-facs_153_tr_1754213807	3	facs_153_tr_1754213807	פרילוצקי, פאַולאַ	יחיאָל משה איידעלשטיין	זכר		ער איז דער פֿאָטער פֿון דער סובייעקטקע.
M-3-facs_153_tr_1754213807-001	P-3-facs_153_tr_1754213807	3	facs_153_tr_1754213807	פרילוצקי, פאַולאַ	אַדאַם ראָזענזאָל	זכר	ציינדאָקטאָר	ער איז געווען דער ערשטער מאַן פֿון דער סובייעקטקע.
M-3-facs_153_tr_1754213807-002	P-3-facs_153_tr_1754213807	3	facs_153_tr_1754213807	פרילוצקי, פאַולאַ	מאַרק אַרנשטיין	זכר		זיין איניציאָטיוו האָט געברענגט צום גרינדן אַ יידיש זומער-טעאַטער.
M-3-facs_153_tr_1754213807-003	P-3-facs_153_tr_1754213807	3	facs_153_tr_1754213807	פרילוצקי, פאַולאַ	נח פּרילוצקי	זכר		ער איז געווען דער צווייטער מאַן פֿון דער סובייעקטקע.
M-3-facs_153_tr_1754213807-004	P-3-facs_153_tr_1754213807	3	facs_153_tr_1754213807	פרילוצקי, פאַולאַ	זלמן רייזען	זכר		ער ווערט דערמאָנט ווי אַ מקור פאַר אינפאָרמאַציע וועגן דער סובייעקטקעס דראַמעס.
M-3-facs_153_tr_1754213807-005	P-3-facs_153_tr_1754213807	3	facs_153_tr_1754213807	פרילוצקי, פאַולאַ	יעקב ליבערט	זכר	אַקטיאָר וואָס האָט געשפּילט די ראָל „מאָטל“	ער איז געווען אַן אַקטיאָר אין דער פּיעסע „ירושה“.
M-3-facs_153_tr_1754213807-006	P-3-facs_153_tr_1754213807	3	facs_153_tr_1754213807	פרילוצקי, פאַולאַ	מיני גורעוויטש	נקבה	אַקטריסע וואָס האָט געשפּילט די ראָל „שפרה“	זי איז געווען אַן אַקטריסע אין דער פּיעסע „ירושה“.
M-3-facs_153_tr_1754213807-007	P-3-facs_153_tr_1754213807	3	facs_153_tr_1754213807	פרילוצקי, פאַולאַ	הערמאַן סיעראָצקי	זכר	אַקטיאָר וואָס האָט געשפּילט די ראָל „דוד“	ער איז געווען אַן אַקטיאָר אין דער פּיעסע „ירושה“.
M-3-facs_153_tr_1754213807-008	P-3-facs_153_tr_1754213807	3	facs_153_tr_1754213807	פרילוצקי, פאַולאַ	סאָניע עדעלמאַן	נקבה	אַקטריסע וואָס האָט געשפּילט די ראָל „דינה'לע“	זי איז געווען אַן אַקטריסע אין דער פּיעסע „ירושה“.
M-3-facs_153_tr_1754213807-009	P-3-facs_153_tr_1754213807	3	facs_153_tr_1754213807	פרילוצקי, פאַולאַ	לייזער זשעלאַזאָ	זכר	אַקטיאָר וואָס האָט געשפּילט די ראָל „געצל“	ער איז געווען אַן אַקטיאָר אין דער פּיעסע „ירושה“.
M-3-facs_153_tr_1754213807-010	P-3-facs_153_tr_1754213807	3	facs_153_tr_1754213807	פרילוצקי, פאַולאַ	אַדאָלף בערמאַן	זכר	אַקטיאָר וואָס האָט געשפּילט די ראָל „בירנבוים“	ער איז געווען אַן אַקטיאָר אין דער פּיעסע „ירושה“.
M-3-facs_153_tr_1754213807-011	P-3-facs_153_tr_1754213807	3	facs_153_tr_1754213807	פרילוצקי, פאַולאַ	רעגינסקאָ	נקבה	אַקטריסע וואָס האָט געשפּילט די ראָל „אסתר“	זי איז געווען אַן אַקטריסע אין דער פּיעסע „ירושה“.
M-3-facs_153_tr_1754213807-012	P-3-facs_153_tr_1754213807	3	facs_153_tr_1754213807	פרילוצקי, פאַולאַ	רעגינאַ קאַמינסקי	נקבה	אַקטריסע וואָס האָט געשפּילט די ראָל „אסתר“	זי איז געווען אַן אַקטריסע אין דער פּיעסע „ירושה“.
M-3-facs_153_tr_1754213807-013	P-3-facs_153_tr_1754213807	3	facs_153_tr_1754213807	פרילוצקי, פאַולאַ	באַרסקאַ	נקבה	אַקטריסע וואָס האָט געשפּילט די ראָל „רעבעקאַ“	זי איז געווען אַן אַקטריסע אין דער פּיעסע „ירושה“.
M-3-facs_153_tr_1754213807-014	P-3-facs_153_tr_1754213807	3	facs_153_tr_1754213807	פרילוצקי, פאַולאַ	פישער	נקבה	אַקטריסע וואָס האָט געשפּילט די ראָל „רעבעקאַ“	זי איז געווען אַן אַקטריסע אין דער פּיעסע „ירושה“.
M-3-facs_153_tr_1754213807-015	P-3-facs_153_tr_1754213807	3	facs_153_tr_1754213807	פרילוצקי, פאַולאַ	אסתר רחל קאמינסקי	נקבה	אַקטריסע וואָס האָט געשפּילט די ראָל „יהודית זאַלצמאַן“	זי האָט געשפּילט די הויפּט-ראָל אין איר דראַמע „איינע פֿון יענע“.
M-3-facs_153_tr_1754213807-016	P-3-facs_153_tr_1754213807	3	facs_153_tr_1754213807	פרילוצקי, פאַולאַ	יעקב וואַקסמאַן	זכר		ער האָט געפירט די דראַמאַטישע סעקציע וואָס האָט אויפגעפירט איר פּיעסע אין לובלין.
M-3-facs_153_tr_1754213807-017	P-3-facs_153_tr_1754213807	3	facs_153_tr_1754213807	פרילוצקי, פאַולאַ	דזשעני וואָליער	נקבה	אַקטריסע וואָס האָט געשפּילט די ראָל „יהודית“	זי האָט געשפּילט די ראָל „יהודית“ אין איר פּיעסע אין ניו יאָרק.
M-3-facs_153_tr_1754213807-018	P-3-facs_153_tr_1754213807	3	facs_153_tr_1754213807	פרילוצקי, פאַולאַ	א. אַלמי	זכר		ער האָט איבערגעשריבן איר פּיעסע און רעזשיסירט די הויף-אויפפירונג.
M-3-facs_153_tr_1754213807-019	P-3-facs_153_tr_1754213807	3	facs_153_tr_1754213807	פרילוצקי, פאַולאַ	באַצקעלע שפּיגלגלאַס	זכר	אַ „רבי“ פֿון קעשענע-גנבים	ער איז געווען אַ שכן וואָס האָט פֿאָרגעשלאָגן אויפֿצופירן איר פּיעסע אויפֿן הויף.
M-3-facs_153_tr_1754213807-020	P-3-facs_153_tr_1754213807	3	facs_153_tr_1754213807	פרילוצקי, פאַולאַ	זון פון אַ קאָרטן־שפּילער*	זכר	געהאַלטן פאַר אַ „געבילדעטן“, סופלער	ער איז געווען דער סופלער ביי דער הויף-אויפפירונג פון איר פּיעסע.
M-3-facs_153_tr_1754213807-021	P-3-facs_153_tr_1754213807	3	facs_153_tr_1754213807	פרילוצקי, פאַולאַ	פעני וואַדיאַ עפשטיין	נקבה	יידישע שוישפּילערין	זי איז מעגלעך פּערזאָניפיצירט געוואָרן אין איר פּיעסע „מאַדאָם שטיינבערג“.
M-3-facs_153_tr_1754213807-022	P-3-facs_153_tr_1754213807	3	facs_153_tr_1754213807	פרילוצקי, פאַולאַ	פּראָכטיטיטקע*	נקבה	פלעגט פאַרדינען אין גאס	זי האָט געשפּילט אין דער הויף-אויפפירונג פון איר פּיעסע.
M-3-facs_154_r_4-000	P-3-facs_154_r_4	3	facs_154_r_4	פ.'ס געדרוקטע פּיעסעס:	מאָטיל דער שוסטער	זכר	שוסטער	ער איז אַ פּערזאָנאַזש אין אַ דראַמע פֿון דעם סוביעקט.
M-3-facs_154_r_4-001	P-3-facs_154_r_4	3	facs_154_r_4	פ.'ס געדרוקטע פּיעסעס:	מאָדאָם שטיינבערג	נקבה		זי איז אַ פּערזאָנאַזש אין אַ דראַמע פֿון דעם סוביעקט.
M-3-facs_154_tr_1754213805-000	P-3-facs_154_tr_1754213805	3	facs_154_tr_1754213805	פּרינץ, א. [איציק גרינבערג]	נפתלי באַטווין	זכר		ער איז דער סוביעקט פֿון אַ בראָשור וואָס דער מחבר האָט פֿאַרעפנטלעכט.
M-3-facs_154_tr_1754213805-001	P-3-facs_154_tr_1754213805	3	facs_154_tr_1754213805	פּרינץ, א. [איציק גרינבערג]	מאָטל פּייסיי דעם חזנ'ס	זכר		ער איז דער הויפּט-כאַראַקטער פֿון אַ פּאַנטאָמימע-שפּיל וואָס דער מחבר האָט אָנגעשריבן.
M-3-facs_154_tr_1754213805-002	P-3-facs_154_tr_1754213805	3	facs_154_tr_1754213805	פּרינץ, א. [איציק גרינבערג]	לענין	זכר		ער איז אַ פּערזענלעכקייט אין אַ דראַמאַטישע פּאָעמע וואָס דער מחבר האָט אָנגעשריבן.
M-3-facs_154_tr_1754213805-003	P-3-facs_154_tr_1754213805	3	facs_154_tr_1754213805	פּרינץ, א. [איציק גרינבערג]	ליבקנעכט	זכר		ער איז אַ פּערזענלעכקייט אין אַ דראַמאַטישע פּאָעמע וואָס דער מחבר האָט אָנגעשריבן.
M-3-facs_154_tr_1754213805-004	P-3-facs_154_tr_1754213805	3	facs_154_tr_1754213805	פּרינץ, א. [איציק גרינבערג]	לוקסעמבורג	נקבה		זי איז אַ פּערזענלעכקייט אין אַ דראַמאַטישע פּאָעמע וואָס דער מחבר האָט אָנגעשריבן.
M-3-facs_155_tr_1754213825-000	P-3-facs_155_tr_1754213825	3	facs_155_tr_1754213825	פרנס, יעקב	*פֿאָטער	male	אַ מוהל	פֿאָטער פֿון דעם סוביעקט.
M-3-facs_155_tr_1754213825-001	P-3-facs_155_tr_1754213825	3	facs_155_tr_1754213825	פרנס, יעקב	"ד""ר ווילהעלם לעווי"	male	"ד""ר ווילהעלם לעוויס ראָבינער-סעמינאַר"	דער סוביעקט האָט שטודירט אין זיין ראָבינער-סעמינאַר.
M-3-facs_155_tr_1754213825-002	P-3-facs_155_tr_1754213825	3	facs_155_tr_1754213825	פרנס, יעקב	פּראָפ' הוגאָ דעבלין	male	פּראָפ' הוגאָ דעבלין	דער סוביעקט האָט שטודירט טעאַטער-קונסט ביי אים.
M-3-facs_155_tr_1754213825-003	P-3-facs_155_tr_1754213825	3	facs_155_tr_1754213825	פרנס, יעקב	אינזש. מאָריץ ברענער	male	אינזש. מאָריץ ברענער	ער האָט געהאָלפן דעם סוביעקט אַריינטרעטן אין דער „אופֿאַ פֿילם געז.“.
M-3-facs_155_tr_1754213825-004	P-3-facs_155_tr_1754213825	3	facs_155_tr_1754213825	פרנס, יעקב	ערנסט לוביטש	male	ערנסט לוביטש	דער סוביעקט איז געווען זיין ערשטער געהילף-רעזשיסער.
M-3-facs_155_tr_1754213825-005	P-3-facs_155_tr_1754213825	3	facs_155_tr_1754213825	פרנס, יעקב	אַגע מאַדעלונג		אַגע מאַדעלונג	"דער מחבר פֿון דער פילם „די געצייכנטע"" וואָס דער סוביעקט האָט אויפגעפירט."
M-3-facs_155_tr_1754213825-006	P-3-facs_155_tr_1754213825	3	facs_155_tr_1754213825	פרנס, יעקב	מאַרק אַרנשטיין	male	"אָנפֿירונג פֿון דער „קליין-קונסט-בינע"""	"ער איז געווען דער אָנפֿירונג פֿון דער „קליין-קונסט-בינע"" וואו דער סוביעקט האָט זיך באַטייליקט."
M-3-facs_155_tr_1754213825-007	P-3-facs_155_tr_1754213825	3	facs_155_tr_1754213825	פרנס, יעקב	יאָזעף שיינגאָלד	male	יאָזעף שיינגאָלד	"ער איז אויפֿגעטראָטן אין דעם סוביעקט'ס קאָמעדיע „דאָס רעדעלע דרייט זיך""."
M-3-facs_155_tr_1754213825-008	P-3-facs_155_tr_1754213825	3	facs_155_tr_1754213825	פרנס, יעקב	פרענציס אַדלער	female	פרענציס אַדלער	"זי איז אויפֿגעטראָטן אין דעם סוביעקט'ס קאָמעדיע „דאָס רעדעלע דרייט זיך""."
M-3-facs_155_tr_1754213834-000	P-3-facs_155_tr_1754213834	3	facs_155_tr_1754213834	פרעגער, יעקב	פֿאָטער*	זכר	אַ ייד אַ למדן, אַ קענער פֿון שפּראַכן, אַ בוכהאַלטער אין אַ טאַבאַק-פֿאַבריק	ער איז געווען דער פֿאָטער פֿון יעקב פּרעגער.
M-3-facs_155_tr_1754213834-001	P-3-facs_155_tr_1754213834	3	facs_155_tr_1754213834	פרעגער, יעקב	באָבען*	נקבה	אַ באָבע אין דראָהיטשין	יעקב פּרעגער האָט זיך ביי איר דערצויגן ביז 10 יאָר.
M-3-facs_155_tr_1754213834-002	P-3-facs_155_tr_1754213834	3	facs_155_tr_1754213834	פרעגער, יעקב	שטיפפֿאָטער*	זכר	אַ שטיפפֿאָטער אין וואַרשע	יעקב פּרעגער האָט געלעבט עטלעכע יאָר ביי אים.
M-3-facs_155_tr_1754213834-003	P-3-facs_155_tr_1754213834	3	facs_155_tr_1754213834	פרעגער, יעקב	דוד הערמאַן	זכר	רעזשיסער	ער האָט רעזשיסירט יעקב פּרעגערס אַ דראַמאָטיש מעשה'לע.
M-3-facs_155_tr_1754213834-004	P-3-facs_155_tr_1754213834	3	facs_155_tr_1754213834	פרעגער, יעקב	יעקב ווייסליץ	זכר	אַקטיאָר	ער האָט געשפּילט די ראָל פֿון לייזער שניידער אין יעקב פּרעגערס פּיעסע.
M-3-facs_155_tr_1754213834-005	P-3-facs_155_tr_1754213834	3	facs_155_tr_1754213834	פרעגער, יעקב	נעמי נאַטאַן	נקבה	אַקטריסע	זי האָט געשפּילט די ראָל פֿון חנה לאַה אין יעקב פּרעגערס פּיעסע.
M-3-facs_155_tr_1754213834-006	P-3-facs_155_tr_1754213834	3	facs_155_tr_1754213834	פרעגער, יעקב	רחל האָלצער	נקבה	אַקטריסע	זי האָט געשפּילט די ראָל פֿון דודל אין יעקב פּרעגערס פּיעסע.
M-3-facs_155_tr_1754213834-007	P-3-facs_155_tr_1754213834	3	facs_155_tr_1754213834	פרעגער, יעקב	שמחה נאַטאַן	זכר	אַקטיאָר	ער האָט געשפּילט די ראָל פֿון ר' מאָטל אין יעקב פּרעגערס פּיעסע.
M-3-facs_155_tr_1754213834-008	P-3-facs_155_tr_1754213834	3	facs_155_tr_1754213834	פרעגער, יעקב	אַברהם מאָרעווסקי	זכר	אַקטיאָר	ער האָט געשפּילט די ראָל פֿון דער שררה אין יעקב פּרעגערס פּיעסע.
M-3-facs_155_tr_1754213834-009	P-3-facs_155_tr_1754213834	3	facs_155_tr_1754213834	פרעגער, יעקב	מרים אָרלעסקאָ	נקבה	אַקטריסע	זי האָט געשפּילט די ראָל פֿון לילי אין יעקב פּרעגערס פּיעסע.
M-3-facs_155_tr_1754213834-010	P-3-facs_155_tr_1754213834	3	facs_155_tr_1754213834	פרעגער, יעקב	חוה אייזען	נקבה	אַקטריסע	זי האָט געשפּילט די ראָל פֿון באָבע אין יעקב פּרעגערס פּיעסע.
M-3-facs_155_tr_1754213834-011	P-3-facs_155_tr_1754213834	3	facs_155_tr_1754213834	פרעגער, יעקב	יוסף קאָמיען	זכר	אַקטיאָר	ער האָט געשפּילט די ראָל פֿון יאָן אין יעקב פּרעגערס פּיעסע.
M-3-facs_155_tr_1754213834-012	P-3-facs_155_tr_1754213834	3	facs_155_tr_1754213834	פרעגער, יעקב	יוכבך ווייסליץ	נקבה	אַקטריסע	זי האָט געשפּילט די ראָל פֿון יידענע אין יעקב פּרעגערס פּיעסע.
M-3-facs_155_tr_1754213834-013	P-3-facs_155_tr_1754213834	3	facs_155_tr_1754213834	פרעגער, יעקב	דינה קאָמיען	נקבה	אַקטריסע	זי האָט געשפּילט די ראָל פֿון חורבה-כלה אין יעקב פּרעגערס פּיעסע.
M-3-facs_155_tr_1754213834-014	P-3-facs_155_tr_1754213834	3	facs_155_tr_1754213834	פרעגער, יעקב	נאַדיאָ קאַרעני	נקבה	אַקטריסע	זי האָט געשפּילט די ראָל פֿון לילית אין יעקב פּרעגערס פּיעסע.
M-3-facs_155_tr_1754213834-015	P-3-facs_155_tr_1754213834	3	facs_155_tr_1754213834	פרעגער, יעקב	הערי סעקלער	זכר	דראַמאַטורג	ער האָט געשריבן די פּיעסע יזכור אויף דער זעלבער טעמע ווי יעקב פּרעגער.
M-3-facs_155_tr_1754213834-016	P-3-facs_155_tr_1754213834	3	facs_155_tr_1754213834	פרעגער, יעקב	מ. וואָלפאָווסקי	זכר	איבערזעצער	ער האָט איבערגעזעצט יעקב פּרעגערס פּיעסע אויף העברעיש.
M-3-facs_155_tr_1754213834-017	P-3-facs_155_tr_1754213834	3	facs_155_tr_1754213834	פרעגער, יעקב	מ. הלוי	זכר	רעזשיסער	ער האָט רעזשיסירט די העברעישע אויפֿפֿירונג פֿון יעקב פּרעגערס פּיעסע.
M-3-facs_155_tr_1754213834-018	P-3-facs_155_tr_1754213834	3	facs_155_tr_1754213834	פרעגער, יעקב	צעלינע מייערסאָן	נקבה	איבערזעצערין	זי האָט איבערגעזעצט יעקב פּרעגערס פּיעסע אויף פּויליש.
M-3-facs_155_tr_1754213834-019	P-3-facs_155_tr_1754213834	3	facs_155_tr_1754213834	פרעגער, יעקב	"מיכאָל בראַנדט (ד""ר מיכאל ווייכערט)"	זכר	רעזשיסער	ער האָט רעזשיסירט און אינסצעניזירט יעקב פּרעגערס פּיעסעס.
M-3-facs_155_tr_1754213834-020	P-3-facs_155_tr_1754213834	3	facs_155_tr_1754213834	פרעגער, יעקב	הענעך קאָן	זכר	קאָמפּאָזיטאָר	ער האָט געשריבן די מוזיק פֿאַר יעקב פּרעגערס פּיעסע.
M-3-facs_155_tr_1754213834-021	P-3-facs_155_tr_1754213834	3	facs_155_tr_1754213834	פרעגער, יעקב	דינה מאָטיס	נקבה	קינסטלערין פֿון דעקאָראַציעס און קאָסטיומען	זי האָט געמאַכט די דעקאָראַציעס און קאָסטיומען פֿאַר יעקב פּרעגערס פּיעסע.
M-3-facs_155_tr_1754213834-022	P-3-facs_155_tr_1754213834	3	facs_155_tr_1754213834	פרעגער, יעקב	רענע שפּאַצענקאָפּ	נקבה	כאָרעאָגראַפֿין	זי האָט געמאַכט די כאָרעאָגראַפֿיע פֿאַר יעקב פּרעגערס פּיעסע.
M-3-facs_155_tr_1754213834-023	P-3-facs_155_tr_1754213834	3	facs_155_tr_1754213834	פרעגער, יעקב	וו. הייבלום	זכר	אַקטיאָר	ער האָט געשפּילט די ראָל פֿון סימכע פּראַכטע אין יעקב פּרעגערס פּיעסע.
M-3-facs_155_tr_1754213834-024	P-3-facs_155_tr_1754213834	3	facs_155_tr_1754213834	פרעגער, יעקב	ב. גודיס	נקבה	אַקטריסע	זי האָט געשפּילט די ראָל פֿון ביילע אין יעקב פּרעגערס פּיעסע.
M-3-facs_155_tr_1754213834-025	P-3-facs_155_tr_1754213834	3	facs_155_tr_1754213834	פרעגער, יעקב	י. גליקסאָז	זכר	אַקטיאָר	ער האָט געשפּילט די ראָל פֿון ר' יאָסעלע פרנס אין יעקב פּרעגערס פּיעסע.
M-3-facs_155_tr_1754213834-026	P-3-facs_155_tr_1754213834	3	facs_155_tr_1754213834	פרעגער, יעקב	א. האוער	נקבה	אַקטריסע	זי האָט געשפּילט די ראָל פֿון מלכה'לע אין יעקב פּרעגערס פּיעסע.
M-3-facs_155_tr_1754213834-027	P-3-facs_155_tr_1754213834	3	facs_155_tr_1754213834	פרעגער, יעקב	פ. סיוואַק	זכר	אַקטיאָר	ער האָט געשפּילט די ראָל פֿון דער ליטוואַק אין יעקב פּרעגערס פּיעסע.
M-3-facs_155_tr_1754213834-028	P-3-facs_155_tr_1754213834	3	facs_155_tr_1754213834	פרעגער, יעקב	ד. פאַקעל	נקבה	אַקטריסע	זי האָט געשפּילט די ראָל פֿון ציפּע אין יעקב פּרעגערס פּיעסע.
M-3-facs_155_tr_1754213834-029	P-3-facs_155_tr_1754213834	3	facs_155_tr_1754213834	פרעגער, יעקב	פ. זיגעלבוים	זכר	אַקטיאָר	ער האָט געשפּילט די ראָל פֿון דער פּריץ אין יעקב פּרעגערס פּיעסע.
M-3-facs_155_tr_1754213834-030	P-3-facs_155_tr_1754213834	3	facs_155_tr_1754213834	פרעגער, יעקב	יעקב מאָרגענשטערען	זכר	מחבר, מלמד און בדחן	יעקב פּרעגערס פּיעסע שמחה פּלאַכטע איז באַזירט אויף זיין בוך.
M-3-facs_155_tr_1754213834-031	P-3-facs_155_tr_1754213834	3	facs_155_tr_1754213834	פרעגער, יעקב	זלמן רייזען	זכר	ביבליאָגראַף און פֿאָרשער	ער ווערט דערמאָנט ווי אַ מקור פֿאַר ידיעות וועגן יעקב מאָרגענשטערן.
M-3-facs_155_tr_1754213834-032	P-3-facs_155_tr_1754213834	3	facs_155_tr_1754213834	פרעגער, יעקב	י. קאַטשקאָ	זכר	שרייבער	ער איז געווען דער מענטש הינטער דעם פּסעוודאָנים יעקב מאָרגענשטערן לויט זלמן רייזען.
M-3-facs_155_tr_1754213834-033	P-3-facs_155_tr_1754213834	3	facs_155_tr_1754213834	פרעגער, יעקב	"ד""ר צבי כהן"	זכר		ער ווערט דערמאָנט אין שייכות מיט די דאַטעס פֿון יעקב מאָרגענשטערן.
M-3-facs_155_tr_1754213834-034	P-3-facs_155_tr_1754213834	3	facs_155_tr_1754213834	פרעגער, יעקב	י. ל. כהן	זכר	פֿאָלקלאָריסט	ער האָט געדרוקט אַ וואַריאַנט פֿון פּורים-שפּיל אין זיין בוך יידישער פֿאָלקלאָר.
M-3-facs_155_tr_1754213834-035	P-3-facs_155_tr_1754213834	3	facs_155_tr_1754213834	פרעגער, יעקב	"ד""ר יצחק שיפּער"	זכר	היסטאָריקער און פֿאָרשער	ער האָט אַנאַליזירט די מאָטיוון פֿון יעקב פּרעגערס פּיעסע.
M-3-facs_155_tr_1754213834-036	P-3-facs_155_tr_1754213834	3	facs_155_tr_1754213834	פרעגער, יעקב	וועלוול זכאָרזיטער	זכר	בראָדער זינגער	זיין אַנטי-חסידישע ריכטונג האָט משפיע געווען אויף די מאָטיוון אין דער פּיעסע.
M-3-facs_155_tr_1754213834-037	P-3-facs_155_tr_1754213834	3	facs_155_tr_1754213834	פרעגער, יעקב	ראובן גוסקין	זכר	פֿאַרוואַלטער פֿון דער אַמעריקאַנער יידישער אַקטיאָרן-יוניע	ער האָט געבראַכט יעקב פּרעגערס קאָמעדיע קיין אַמעריקע.
M-3-facs_155_tr_1754213834-038	P-3-facs_155_tr_1754213834	3	facs_155_tr_1754213834	פרעגער, יעקב	מאָריס שוואַרץ	זכר	רעזשיסער און אַקטיאָר	ער האָט אויפֿגעפֿירט יעקב פּרעגערס פּיעסעס אין ניו יאָרק און געשפּילט די הויפּט ראָל.
M-3-facs_155_tr_1754213834-039	P-3-facs_155_tr_1754213834	3	facs_155_tr_1754213834	פרעגער, יעקב	אַננאַ טייטעלבוים	נקבה	אַקטריסע	זי האָט געשפּילט די ראָל פֿון ביילע אין דער ניו יאָרקער אויפֿפֿירונג פֿון יעקב פּרעגערס פּיעסע.
M-3-facs_155_tr_1754213834-040	P-3-facs_155_tr_1754213834	3	facs_155_tr_1754213834	פרעגער, יעקב	א. טענענהאָלץ	זכר	אַקטיאָר	ער האָט געשפּילט די ראָל פֿון ר' יאָסעלע פרנס אין דער ניו יאָרקער אויפֿפֿירונג פֿון יעקב פּרעגערס פּיעסע.
M-3-facs_155_tr_1754213834-041	P-3-facs_155_tr_1754213834	3	facs_155_tr_1754213834	פרעגער, יעקב	חנה אָפּעל	נקבה	אַקטריסע	זי האָט געשפּילט די ראָל פֿון מלכה'לע אין דער ניו יאָרקער אויפֿפֿירונג פֿון יעקב פּרעגערס פּיעסע.
M-3-facs_155_tr_1754213834-042	P-3-facs_155_tr_1754213834	3	facs_155_tr_1754213834	פרעגער, יעקב	מיכאָל ראָזענבערג	זכר	אַקטיאָר	ער האָט געשפּילט די ראָל פֿון דער ליטוואַק אין דער ניו יאָרקער אויפֿפֿירונג פֿון יעקב פּרעגערס פּיעסע.
M-3-facs_155_tr_1754213834-043	P-3-facs_155_tr_1754213834	3	facs_155_tr_1754213834	פרעגער, יעקב	בערטאַ גערסטין	נקבה	אַקטריסע	זי האָט געשפּילט די ראָל פֿון ציפּע אין דער ניו יאָרקער אויפֿפֿירונג פֿון יעקב פּרעגערס פּיעסע.
M-3-facs_155_tr_1754213834-044	P-3-facs_155_tr_1754213834	3	facs_155_tr_1754213834	פרעגער, יעקב	משה זילבערקאָסטען	זכר	אַקטיאָר	ער האָט געשפּילט די ראָל פֿון דער פּריץ אין דער ניו יאָרקער אויפֿפֿירונג פֿון יעקב פּרעגערס פּיעסע.
M-3-facs_155_tr_1754213834-045	P-3-facs_155_tr_1754213834	3	facs_155_tr_1754213834	פרעגער, יעקב	געניאַ שליט	נקבה	אַקטריסע	זי האָט געשפּילט די ראָל פֿון ציפּע בעת די גאַסטראָלן פֿון מאָריס שוואַרץ.
M-3-facs_155_tr_1754213834-046	P-3-facs_155_tr_1754213834	3	facs_155_tr_1754213834	פרעגער, יעקב	קלאַראַ סעגאָלאָוויטש	נקבה	לייטערין פֿון פֿאָלקס- און יוגנט-טעאַטער	אונטער איר לייטונג איז אויפֿגעפֿירט געוואָרן יעקב פּרעגערס פּיעסע.
M-3-facs_155_tr_1754213834-047	P-3-facs_155_tr_1754213834	3	facs_155_tr_1754213834	פרעגער, יעקב	ישראל שאַיעוויטש	זכר	קאָמפּאָזיטאָר	ער האָט געשריבן די מוזיק פֿאַר יעקב פּרעגערס פּיעסע אין לאָדזש.
M-3-facs_155_tr_1754213834-048	P-3-facs_155_tr_1754213834	3	facs_155_tr_1754213834	פרעגער, יעקב	סט. דאָברד'טינסקי		קינסטלער פֿון דעקאָראַציעס און קאָסטיומען	ער האָט געמאַכט די דעקאָראַציעס און קאָסטיומען פֿאַר יעקב פּרעגערס פּיעסע אין לאָדזש.
M-3-facs_155_tr_1754213834-049	P-3-facs_155_tr_1754213834	3	facs_155_tr_1754213834	פרעגער, יעקב	זינאָ קרויט	נקבה	כאָרעאָגראַפֿין	זי האָט געמאַכט די כאָרעאָגראַפֿיע פֿאַר יעקב פּרעגערס פּיעסע אין לאָדזש.
M-3-facs_155_tr_1754213834-050	P-3-facs_155_tr_1754213834	3	facs_155_tr_1754213834	פרעגער, יעקב	וולאַדעק גאָדיק	זכר	אַקטיאָר	ער האָט געשפּילט די ראָל פֿון קאָפּל צעלאָכעס אין יעקב פּרעגערס פּיעסע.
M-3-facs_155_tr_1754213834-051	P-3-facs_155_tr_1754213834	3	facs_155_tr_1754213834	פרעגער, יעקב	משה ליפּמאַן	זכר	אַקטיאָר	ער האָט געשפּילט די ראָל פֿון ר' שאַיעלע קראָנענגאָלד אין יעקב פּרעגערס פּיעסע.
M-3-facs_155_tr_1754213834-052	P-3-facs_155_tr_1754213834	3	facs_155_tr_1754213834	פרעגער, יעקב	אסתר גאָלדענבערג	נקבה	אַקטריסע	זי האָט געשפּילט די ראָל פֿון רענישי אין יעקב פּרעגערס פּיעסע.
M-3-facs_155_tr_1754213834-053	P-3-facs_155_tr_1754213834	3	facs_155_tr_1754213834	פרעגער, יעקב	נאַטאָליאַ ליפּמאַן	נקבה	אַקטריסע	זי האָט געשפּילט די ראָל פֿון די מומע פּעסעלע אין יעקב פּרעגערס פּיעסע.
M-3-facs_155_tr_1754213834-054	P-3-facs_155_tr_1754213834	3	facs_155_tr_1754213834	פרעגער, יעקב	צפּורה פֿיינזילבער	נקבה	אַקטריסע	זי האָט געשפּילט די ראָל פֿון צירעלע אין יעקב פּרעגערס פּיעסע.
M-3-facs_155_tr_1754213834-055	P-3-facs_155_tr_1754213834	3	facs_155_tr_1754213834	פרעגער, יעקב	דניאל שאַפּיראָ	זכר	אַקטיאָר	ער האָט געשפּילט די ראָל פֿון אַברהמעלע שוסטער אין יעקב פּרעגערס פּיעסע.
M-3-facs_155_tr_1754213834-056	P-3-facs_155_tr_1754213834	3	facs_155_tr_1754213834	פרעגער, יעקב	אַברהם קורץ	זכר	אַקטיאָר	ער האָט געשפּילט די ראָל פֿון מענדל שניידער אין יעקב פּרעגערס פּיעסע.
M-3-facs_155_tr_1754213834-057	P-3-facs_155_tr_1754213834	3	facs_155_tr_1754213834	פרעגער, יעקב	שמחה ראָזען	זכר	אַקטיאָר	ער האָט געשפּילט די ראָל פֿון יאָמפּע קאָוואַל אין יעקב פּרעגערס פּיעסע.
M-3-facs_155_tr_1754213834-058	P-3-facs_155_tr_1754213834	3	facs_155_tr_1754213834	פרעגער, יעקב	שלמה ריבאַק	זכר	אַקטיאָר	ער האָט געשפּילט די ראָל פֿון זימעלע קוימענקערער אין יעקב פּרעגערס פּיעסע.
M-3-facs_155_tr_1754213834-059	P-3-facs_155_tr_1754213834	3	facs_155_tr_1754213834	פרעגער, יעקב	שלמה קאָן	זכר	אַקטיאָר	ער האָט געשפּילט די ראָל פֿון יאַנטל קלעזמער אין יעקב פּרעגערס פּיעסע.
M-3-facs_155_tr_1754213834-060	P-3-facs_155_tr_1754213834	3	facs_155_tr_1754213834	פרעגער, יעקב	משה גאַרבאַרזש	זכר	אַקטיאָר	ער האָט געשפּילט די ראָל פֿון נייקל מיטן פּייקל אין יעקב פּרעגערס פּיעסע.
M-3-facs_158_tr_1755156151-000	P-3-facs_158_tr_1755156151	3	facs_158_tr_1755156151	פּרענאָוויץ, יוסף-שלמה	י. ל. פרץ	male		פּ. האָט באַשריבן זיין טעאַטער און דראַמעס.
M-3-facs_158_tr_1755156151-001	P-3-facs_158_tr_1755156151	3	facs_158_tr_1755156151	פּרענאָוויץ, יוסף-שלמה	ב. קראַטקאָ	male		ער האָט געצייכנט די שער-בלעטער צו י. ל. פרצ'ס דראַמעס וואָס פּ. האָט באַשריבן.
M-3-facs_158_tr_1755156151-002	P-3-facs_158_tr_1755156151	3	facs_158_tr_1755156151	פּרענאָוויץ, יוסף-שלמה	ז. זילבערצווייג	male		פּ. איז געווען אַ מיטגליד אין זיין קאָמיטעט פֿון „לעקסיקאָן פֿון יידישן טעאַטער“.
M-3-facs_158_tr_1755156151-003	P-3-facs_158_tr_1755156151	3	facs_158_tr_1755156151	פּרענאָוויץ, יוסף-שלמה	גאָרדין	male		זיין פּיעסע איז אויפֿגעפֿירט געוואָרן אין דעם טעאַטער וואָס פּ. באַשרייבט.
M-3-facs_158_tr_1755156151-004	P-3-facs_158_tr_1755156151	3	facs_158_tr_1755156151	פּרענאָוויץ, יוסף-שלמה	טשיריקאָוו	male		זיין פּיעסע איז אויפֿגעפֿירט געוואָרן אין דעם טעאַטער וואָס פּ. באַשרייבט.
M-3-facs_158_tr_1755156151-005	P-3-facs_158_tr_1755156151	3	facs_158_tr_1755156151	פּרענאָוויץ, יוסף-שלמה	פעני וואַקסמאַן	female	גאַסטראָלירנדיקער	זי האָט זיך באַטייליקט אין אַ פֿאָרשטעלונג פֿון דעם טעאַטער וואָס פּ. באַשרייבט.
M-3-facs_158_tr_1755156151-006	P-3-facs_158_tr_1755156151	3	facs_158_tr_1755156151	פּרענאָוויץ, יוסף-שלמה	עמיל זאָלאַ	male		זיין ווערק איז אויפֿגעפֿירט געוואָרן אין דעם טעאַטער וואָס פּ. באַשרייבט.
M-3-facs_158_tr_1755156151-007	P-3-facs_158_tr_1755156151	3	facs_158_tr_1755156151	פּרענאָוויץ, יוסף-שלמה	קאָברין [קארנבליטס]	male		זיין פּיעסע איז אויפֿגעפֿירט געוואָרן אין דעם טעאַטער וואָס פּ. באַשרייבט.
M-3-facs_158_tr_1755156151-008	P-3-facs_158_tr_1755156151	3	facs_158_tr_1755156151	פּרענאָוויץ, יוסף-שלמה	ש. באַרבער	male		זיין פּיעסע איז אויפֿגעפֿירט געוואָרן אין דעם טעאַטער וואָס פּ. באַשרייבט.
M-3-facs_158_tr_1755156151-009	P-3-facs_158_tr_1755156151	3	facs_158_tr_1755156151	פּרענאָוויץ, יוסף-שלמה	נ. טאַסין	male		ער איז געווען אַ מיטגליד אין דער רעפּערטואָר-קאָמיסיע פֿון דעם טעאַטער וואָס פּ. באַשרייבט.
M-3-facs_158_tr_1755156151-010	P-3-facs_158_tr_1755156151	3	facs_158_tr_1755156151	פּרענאָוויץ, יוסף-שלמה	ל. טשעסקיס	male		ער איז געווען אַ מיטגליד אין דער רעפּערטואָר-קאָמיסיע פֿון דעם טעאַטער וואָס פּ. באַשרייבט.
M-3-facs_158_tr_1755156151-011	P-3-facs_158_tr_1755156151	3	facs_158_tr_1755156151	פּרענאָוויץ, יוסף-שלמה	מ. יאַרבלום	male		ער איז געווען אַ מיטגליד אין דער רעפּערטואָר-קאָמיסיע פֿון דעם טעאַטער וואָס פּ. באַשרייבט.
M-3-facs_158_tr_1755156151-012	P-3-facs_158_tr_1755156151	3	facs_158_tr_1755156151	פּרענאָוויץ, יוסף-שלמה	א. ראָזענפעלד	male		ער איז געווען אַ מיטגליד אין דער רעפּערטואָר-קאָמיסיע פֿון דעם טעאַטער וואָס פּ. באַשרייבט.
M-3-facs_158_tr_1755156151-013	P-3-facs_158_tr_1755156151	3	facs_158_tr_1755156151	פּרענאָוויץ, יוסף-שלמה	א. פיק	male		ער איז געווען אַ מיטגליד אין דער רעפּערטואָר-קאָמיסיע פֿון דעם טעאַטער וואָס פּ. באַשרייבט.
M-3-facs_158_tr_1755156151-014	P-3-facs_158_tr_1755156151	3	facs_158_tr_1755156151	פּרענאָוויץ, יוסף-שלמה	א. פאַן	male		ער איז געווען אַ מיטגליד אין דער רעפּערטואָר-קאָמיסיע פֿון דעם טעאַטער וואָס פּ. באַשרייבט.
M-3-facs_158_tr_1755156151-015	P-3-facs_158_tr_1755156151	3	facs_158_tr_1755156151	פּרענאָוויץ, יוסף-שלמה	סאַמואיל קראַסינסקי	male		ער איז געווען אַ מיטגליד אין דער רעפּערטואָר-קאָמיסיע פֿון דעם טעאַטער וואָס פּ. באַשרייבט.
M-3-facs_158_tr_1755156151-016	P-3-facs_158_tr_1755156151	3	facs_158_tr_1755156151	פּרענאָוויץ, יוסף-שלמה	י. ראָשקעס	male		ער איז געווען אַ מיטגליד אין דער רעפּערטואָר-קאָמיסיע פֿון דעם טעאַטער וואָס פּ. באַשרייבט.
M-3-facs_158_tr_1755156151-017	P-3-facs_158_tr_1755156151	3	facs_158_tr_1755156151	פּרענאָוויץ, יוסף-שלמה	מ. שיין	male		ער איז געווען אַ מיטגליד אין דער רעפּערטואָר-קאָמיסיע פֿון דעם טעאַטער וואָס פּ. באַשרייבט.
M-3-facs_158_tr_1755156151-018	P-3-facs_158_tr_1755156151	3	facs_158_tr_1755156151	פּרענאָוויץ, יוסף-שלמה	יצחק ריראַכאָווסקי	male	דירעקטאָר, אַ באַקאַנטע פּערזענלעכקייט אין די פאַריזער קינסטלער-קרייזן	ער איז געווען דער דירעקטאָר פֿון דעם טעאַטער וואָס פּ. באַשרייבט.
M-3-facs_158_tr_1755156151-019	P-3-facs_158_tr_1755156151	3	facs_158_tr_1755156151	פּרענאָוויץ, יוסף-שלמה	י. דיראַכאָווסקי	male	רעזשיסאָר	ער איז געווען אַ רעזשיסאָר אין דעם טעאַטער וואָס פּ. באַשרייבט.
M-3-facs_158_tr_1755156151-020	P-3-facs_158_tr_1755156151	3	facs_158_tr_1755156151	פּרענאָוויץ, יוסף-שלמה	א. גליקמאַן	male	רעזשיסאָר	ער איז געווען אַ רעזשיסאָר אין דעם טעאַטער וואָס פּ. באַשרייבט.
M-3-facs_158_tr_1755156151-021	P-3-facs_158_tr_1755156151	3	facs_158_tr_1755156151	פּרענאָוויץ, יוסף-שלמה	יצחק לאַקס	male	סופלער	ער איז געווען דער סופלער פֿון דעם טעאַטער וואָס פּ. באַשרייבט און האָט איבערגעגעבן אינפֿאָרמאַציע צו ז. זילבערצווייג.
M-3-facs_158_tr_1755156151-022	P-3-facs_158_tr_1755156151	3	facs_158_tr_1755156151	פּרענאָוויץ, יוסף-שלמה	לאַזאָווסקי	male		ער איז אויסגעקליבן געוואָרן אין דער רעפּערטואַר-קאָמיסיע פֿון דעם טעאַטער וואָס פּ. באַשרייבט.
M-3-facs_158_tr_1755156151-023	P-3-facs_158_tr_1755156151	3	facs_158_tr_1755156151	פּרענאָוויץ, יוסף-שלמה	פּעטקיס	male		ער איז אויסגעקליבן געוואָרן אין דער רעפּערטואַר-קאָמיסיע פֿון דעם טעאַטער וואָס פּ. באַשרייבט.
M-3-facs_158_tr_1755156151-024	P-3-facs_158_tr_1755156151	3	facs_158_tr_1755156151	פּרענאָוויץ, יוסף-שלמה	לעאָן טראָצקין	male	האָט דעמאָלט אַרויסגעגעבן אין פּאַריז זיין צייטונג „נאַטשאַלאָ“	מען האָט אים צוגעצויגן צו דער רעפּערטואַר-קאָמיסיע פֿון דעם טעאַטער וואָס פּ. באַשרייבט.
M-3-facs_158_tr_1755156151-025	P-3-facs_158_tr_1755156151	3	facs_158_tr_1755156151	פּרענאָוויץ, יוסף-שלמה	נ. פראַנק	male	זשורנאַליסט	ער לייקנט דעם אָנטייל פֿון טראָצקין אין דעם טעאַטער וואָס פּ. באַשרייבט.
M-3-facs_160_tr_1755156219-000	P-3-facs_160_tr_1755156219	3	facs_160_tr_1755156219	פרץ, יצחק לייבוש	יהודה	זכר	דער פֿאָטער פֿון י. ל. פרץ	ער איז געווען דער פֿאָטער פֿון דעם סוביעקט.
M-3-facs_160_tr_1755156219-001	P-3-facs_160_tr_1755156219	3	facs_160_tr_1755156219	פרץ, יצחק לייבוש	רבקה לעווין	נקבה	די מוטער פֿון י. ל. פרץ	זי איז געווען די מוטער פֿון דעם סוביעקט.
M-3-facs_160_tr_1755156219-002	P-3-facs_160_tr_1755156219	3	facs_160_tr_1755156219	פרץ, יצחק לייבוש	שרה ליכטענפעלד	נקבה	די ערשטע פרוי פֿון י. ל. פרץ	זי איז געווען זיין פרוי מיט וועמען ער האָט חתונה געהאַט אין 1870.
M-3-facs_160_tr_1755156219-003	P-3-facs_160_tr_1755156219	3	facs_160_tr_1755156219	פרץ, יצחק לייבוש	יעקב	זכר	אַ זון פֿון י. ל. פרץ	ער איז געווען זיין זון וואָס איז געשטאָרבן באַלד נאָך דער געבורט.
M-3-facs_160_tr_1755156219-004	P-3-facs_160_tr_1755156219	3	facs_160_tr_1755156219	פרץ, יצחק לייבוש	לוציאן	זכר	אַ זון פֿון י. ל. פרץ	ער איז געווען זיין זון וואָס איז געשטאָרבן אין 1919.
M-3-facs_160_tr_1755156219-005	P-3-facs_160_tr_1755156219	3	facs_160_tr_1755156219	פרץ, יצחק לייבוש	גבריאַל-יהודה ליכטענפעלד	זכר	פרץ'ס געוועזענעם שווער	ער איז געווען זיין געוועזענעם שווער מיט וועמען ער האָט אַרויסגעגעבן זיין ערשטע בוך.
M-3-facs_160_tr_1755156219-006	P-3-facs_160_tr_1755156219	3	facs_160_tr_1755156219	פרץ, יצחק לייבוש	נחמה-רחל (העלענא) רינגעלהיים	נקבה	די צווייטע פרוי פֿון י. ל. פרץ	זי איז געווען זיין צווייטע פרוי מיט וועמען ער האָט חתונה געהאַט אין זאַמאָשטש.
M-3-facs_160_tr_1755156219-007	P-3-facs_160_tr_1755156219	3	facs_160_tr_1755156219	פרץ, יצחק לייבוש	פעטער*	זכר	אַ פעטער פֿון י. ל. פרץ	ער איז געווען זיין פעטער מיט וועמען ער האָט געפֿירט אַ מיל און אין וועמענס הויז ער האָט זיך באַקענט מיט ליטעראַטור.
M-3-facs_160_tr_1755156219-008	P-3-facs_160_tr_1755156219	3	facs_160_tr_1755156219	פרץ, יצחק לייבוש	יעקב דינעזאָן	זכר	אַ יידישער שריפטשטעלער	ער איז געווען זיין נאָענטער לעבנס-פֿריינט מיט וועמען ער האָט געשלאָסן אַ פֿריינטשאַפט אין וואַרשע.
M-3-facs_160_tr_1755156219-009	P-3-facs_160_tr_1755156219	3	facs_160_tr_1755156219	פרץ, יצחק לייבוש	יאַן בליאָך	זכר	אַ באַוואוסטער עקאָנאָמיסט און פֿילאַנטראָפּ	ער האָט איינגעלאדן פרץ'ן אין דער סטאַטיסטישער עקספּעדיציע.
M-3-facs_160_tr_1755156219-010	P-3-facs_160_tr_1755156219	3	facs_160_tr_1755156219	פרץ, יצחק לייבוש	קרוב*	זכר	אַ קרוב פֿון י. ל. פרץ	פרץ האָט געאַרבעט אַ קורצע צייט ביי אים אין וואַרשע.
M-3-facs_160_tr_1755156219-011	P-3-facs_160_tr_1755156219	3	facs_160_tr_1755156219	פרץ, יצחק לייבוש	זלמן רייזען	זכר	אַ ליטעראַטור-פֿאָרשער און ביאָגראַפֿ	ער האָט געשריבן פרץ'ס ביאָגראַפיע און אָפּשאַצונג אין „לעקסיקאָן פון יידישער ליטעראַטור“.
M-3-facs_160_tr_1755156219-012	P-3-facs_160_tr_1755156219	3	facs_160_tr_1755156219	פרץ, יצחק לייבוש	עטינגער	זכר	אַ יידישער דראַמאַטורג	פרץ האָט זיך באַקענט מיט זיין קאָמעדיע „סערקעלע“ אין זיין יוגנט.
M-3-facs_160_tr_1755156219-013	P-3-facs_160_tr_1755156219	3	facs_160_tr_1755156219	פרץ, יצחק לייבוש	מ. מיאָדאָווניק	זכר	אַ יידישער אַקטיאָר	ער דערציילט אין זיינע זכרונות וועגן זיין באַגעגעניש מיט פרץ׳ן אין אָפּאטשנאָ אָדער קוטנע.
M-3-facs_160_tr_1755156219-014	P-3-facs_160_tr_1755156219	3	facs_160_tr_1755156219	פרץ, יצחק לייבוש	הערמאַן (הערשל) בערמאַן	זכר	אַ טעאַטער-דירעקטאָר	ער האָט זיך געווענדט צו פרץן נאָך הילף פֿאַר זיין טרופּע.
M-3-facs_160_tr_1755156219-015	P-3-facs_160_tr_1755156219	3	facs_160_tr_1755156219	פרץ, יצחק לייבוש	ש. ל. ציטראָן	זכר	אַ יידישער שריפטשטעלער און היסטאָריקער	ער באַשרייבט אין זיינע דערינערונגען אַ געשפּרעך צווישן פרץ'ן און אברהם גאָלדפֿאַדען.
M-3-facs_160_tr_1755156219-016	P-3-facs_160_tr_1755156219	3	facs_160_tr_1755156219	פרץ, יצחק לייבוש	אַברהם גאָלדפאַדען	זכר	דער גרינדער פֿון יידישן טעאַטער	פרץ האָט געהאַט מיט אים אַ לאַנגע דעבאַטע וועגן דעם כאַראַקטער פֿון יידישן טעאַטער.
M-3-facs_160_tr_1755156219-017	P-3-facs_160_tr_1755156219	3	facs_160_tr_1755156219	פרץ, יצחק לייבוש	נחמן מייזיל	זכר	אַ ליטעראַטור-קריטיקער און פֿאָרשער	ער האָט געשריבן ברייט וועגן פרץ'ס דראַמאַטורגישער שאַפונג און טעאַטער-טעטיקייט.
M-3-facs_160_tr_1755156219-018	P-3-facs_160_tr_1755156219	3	facs_160_tr_1755156219	פרץ, יצחק לייבוש	דוד פינסקי	זכר	אַ באַרימטער יידישער דראַמאַטורג	ער איז געווען פרץ'ס אַ קאָלעגע און פֿריינט מיט וועמען ער האָט זיך קאָרעספּאָנדירט וועגן דראַמע.
M-3-facs_160_tr_1755156219-019	P-3-facs_160_tr_1755156219	3	facs_160_tr_1755156219	פרץ, יצחק לייבוש	אסתר רחל קאמינסקאַ	נקבה	די באַרימטע יידישע שוישפּילערין	זי האָט געשפּילט די הויפּט-ראָלן אין פרץ'ס פּיעסעס אויף דער יידישער בינע.
M-3-facs_160_tr_1755156219-020	P-3-facs_160_tr_1755156219	3	facs_160_tr_1755156219	פרץ, יצחק לייבוש	דוד הערמאַן	זכר	אַ באַרימטער יידישער רעזשיסער	ער האָט אויפֿגעפֿירט און רעציטירט פרץ'ס וויכטיקסטע דראַמאַטישע ווערק.
M-3-facs_160_tr_1755156219-021	P-3-facs_160_tr_1755156219	3	facs_160_tr_1755156219	פרץ, יצחק לייבוש	שלום עליכם	זכר	דער גרויסער יידישער הומאָריסט	ער איז געווען פרץ'ס אַ פֿריינט און האָט קריטיקירט זיין דראַמע „די גאָלדענע קייט“.
M-3-facs_160_tr_1755156219-022	P-3-facs_160_tr_1755156219	3	facs_160_tr_1755156219	פרץ, יצחק לייבוש	דר. א. מוקדוני	זכר	אַ יידישער קריטיקער און טעאַטער-פֿאָרשער	ער האָט אָפּגעשאַצט פרץ'ס טעאַטראַלע טעטיקייט און געשריבן דערינערונגען וועגן אים.
M-3-facs_160_tr_1755156219-023	P-3-facs_160_tr_1755156219	3	facs_160_tr_1755156219	פרץ, יצחק לייבוש	ה. ד. נאָמבערג	זכר	אַ יידישער שריפטשטעלער	ער איז געווען פרץ'ס אַ מקורב און האָט געשריבן קריטיק וועגן זיין דראַמאַטורגיע.
M-3-facs_160_tr_1755156219-024	P-3-facs_160_tr_1755156219	3	facs_160_tr_1755156219	פרץ, יצחק לייבוש	מאָריס שוואַרץ	זכר	דער דירעקטאָר פֿון יידישן קונסט-טעאַטער	ער האָט אויפֿגעפֿירט פרץ'ס גרויסע דראַמעס אויף דער אַמעריקאַנער יידישער בינע.
M-3-facs_250_r-000	P-3-facs_250_r	3	facs_250_r	"שמ""ר [שייקעוויטש. נחום מאיר]"	זלמן רייזען	male	זלמן רייזען גיט אָן אַנדערע צוויי דאָטעס 18 דעצ. 1849 און גיטבת 1850	ער איז אַ ביאָגראַף וואָס שרייבט וועגן דעם סוביעקט.
M-3-facs_250_r-001	P-3-facs_250_r	3	facs_250_r	"שמ""ר [שייקעוויטש. נחום מאיר]"	ראָזע	female	ש'ס טאָכטער ראָזע	זי איז די טאָכטער פֿון דעם סוביעקט.
M-3-facs_250_r-002	P-3-facs_250_r	3	facs_250_r	"שמ""ר [שייקעוויטש. נחום מאיר]"	יצחקאייזיק	male	זיין פֿאָטער, אומפּראַקטיש אין טעגלעכן לעבן	ער איז דער פֿאָטער פֿון דעם סוביעקט.
M-3-facs_250_r-003	P-3-facs_250_r	3	facs_250_r	"שמ""ר [שייקעוויטש. נחום מאיר]"	האָדעם שייקעוויטש	female	מוטער — האָדעם שייקעוויטש	זי איז די מוטער פֿון דעם סוביעקט.
M-3-facs_250_r-004	P-3-facs_250_r	3	facs_250_r	"שמ""ר [שייקעוויטש. נחום מאיר]"	גבריאל	male	זיין זיידן גבריאל אין נעסוויזש	ער איז דער זיידע פֿון דעם סוביעקט.
M-3-facs_250_r-005	P-3-facs_250_r	3	facs_250_r	"שמ""ר [שייקעוויטש. נחום מאיר]"	מלמדים *	male	הגאַם שטאַרק געליטן פֿון די מלמדים	זיי זענען געווען די מלמדים פֿון דעם סוביעקט.
M-3-facs_250_r-006	P-3-facs_250_r	3	facs_250_r	"שמ""ר [שייקעוויטש. נחום מאיר]"	דינה	female	די טאָכטער פֿון פינסקער קהל-פֿירער	זי איז די פֿרוי פֿון דעם סוביעקט.
M-3-facs_250_r-007	P-3-facs_250_r	3	facs_250_r	"שמ""ר [שייקעוויטש. נחום מאיר]"	מיכל בערטשינסקי	male	פינסקער קהל-פֿירער און כמו-אַדוואָקאָט	ער איז דער שווער פֿון דעם סוביעקט.
M-3-facs_250_r-008	P-3-facs_250_r	3	facs_250_r	"שמ""ר [שייקעוויטש. נחום מאיר]"	שווייגער *	female	זיצן אויף קעסט ביי שווער און שווייגער	זי איז די שווייגער פֿון דעם סוביעקט.
M-3-facs_250_r-009	P-3-facs_250_r	3	facs_250_r	"שמ""ר [שייקעוויטש. נחום מאיר]"	יחיאָל וויגאָדסקי	male	זיין רייכן פעטער אין ווילנע	ער איז דער פֿעטער פֿון דעם סוביעקט.
M-3-facs_250_r-010	P-3-facs_250_r	3	facs_250_r	"שמ""ר [שייקעוויטש. נחום מאיר]"	שמואל יוסף פין	male	רעדאַקטאָר פֿון זשורנאָל „הכרמל“	ער איז דער רעדאַקטאָר וואָס האָט געאַרבעט מיט דעם סוביעקט.
M-3-facs_250_r-011	P-3-facs_250_r	3	facs_250_r	"שמ""ר [שייקעוויטש. נחום מאיר]"	אברהם גאָלדפֿאַדענען	male	גרינדער פֿון יידיש טעאַטער	ער איז אַ קאָלעגע פֿון דעם סוביעקט אין דער טעאַטער-וועלט.
M-3-facs_250_r-012	P-3-facs_250_r	3	facs_250_r	"שמ""ר [שייקעוויטש. נחום מאיר]"	שלום-עליכם	male	"האָט אַפֿילו קעגן אים אַרויסגעגעבן אַ ספּעציעלע בראָשור „שמ""רס משפּט“"	ער איז אַ שריפֿטשטעלער און קריטיקער פֿון דעם סוביעקט.
M-3-facs_250_r-013	P-3-facs_250_r	3	facs_250_r	"שמ""ר [שייקעוויטש. נחום מאיר]"	ש. דובנאָוו	male	קריטיק מצד שרייבער און קריטיקער	ער איז אַ קריטיקער פֿון דעם סוביעקט.
M-3-facs_250_r-014	P-3-facs_250_r	3	facs_250_r	"שמ""ר [שייקעוויטש. נחום מאיר]"	זיגמונט מאָגולעסקאָ	male	דער באַרימטן קאָמיקער	ער איז אַ שוישפּילער וואָס האָט געשפּילט אין די פּיעסעס פֿון דעם סוביעקט.
M-3-facs_250_r-015	P-3-facs_250_r	3	facs_250_r	"שמ""ר [שייקעוויטש. נחום מאיר]"	אליקום צונזער	male	זיין פֿריינט און מחותן	ער איז אַ פֿריינט און מחותן פֿון דעם סוביעקט.
M-3-facs_250_r-016	P-3-facs_250_r	3	facs_250_r	"שמ""ר [שייקעוויטש. נחום מאיר]"	אברהם שאָמער	male	ש'ס זון	ער איז דער זון פֿון דעם סוביעקט.
M-3-facs_250_r-017	P-3-facs_250_r	3	facs_250_r	"שמ""ר [שייקעוויטש. נחום מאיר]"	מרים שאַמערצונזער	female	ש'ס טאָכטער	זי איז די טאָכטער פֿון דעם סוביעקט.
M-3-facs_250_r-018	P-3-facs_250_r	3	facs_250_r	"שמ""ר [שייקעוויטש. נחום מאיר]"	אַננאַ	female	ש'ס טאָכטער	זי איז די טאָכטער פֿון דעם סוביעקט.
M-3-facs_263_tr_1755674223-000	P-3-facs_263_tr_1755674223	3	facs_263_tr_1755674223	שאָמער אַברהם	נחוםמאיר שייקעוויטש (שמיר)	זכר	באַרימטן שרייבער	ער איז דער פֿאָטער פֿון אברהם שאָמער.
M-3-facs_263_tr_1755674223-001	P-3-facs_263_tr_1755674223	3	facs_263_tr_1755674223	שאָמער אַברהם	פֿאָטער*	זכר	האָט געהאַט א דרוקעריי-געשעפט	ער איז דער פֿאָטער פֿון אברהם שאָמער.
M-3-facs_263_tr_1755674223-002	P-3-facs_263_tr_1755674223	3	facs_263_tr_1755674223	שאָמער אַברהם	ראָזע שמר-באַטשעליס	נקבה	"דערציילט אין איר בוך ""ווי איך האָב זיי געקענט"""	זי איז די שוועסטער פֿון אברהם שאָמער.
M-3-facs_263_tr_1755674223-003	P-3-facs_263_tr_1755674223	3	facs_263_tr_1755674223	שאָמער אַברהם	שלום פּערלמוטער	זכר	"דערציילט אין זיין בוך ""יידישע דראַמאַטורגן"""	ער איז אַ ביאָגראַף אָדער שרייבער וואָס האָט געשריבן וועגן אברהם שאָמער.
M-3-facs_263_tr_1755674223-004	P-3-facs_263_tr_1755674223	3	facs_263_tr_1755674223	שאָמער אַברהם	דוד קעסלער	זכר	רעזשיסאָר און אַקטיאָר	ער האָט אויפֿגעפֿירט און געשפּילט אין אברהם שאָמערס פּיעסעס.
M-3-facs_263_tr_1755674223-005	P-3-facs_263_tr_1755674223	3	facs_263_tr_1755674223	שאָמער אַברהם	מאַקס ר. ווילנער	זכר	מענעדזשער	ער איז געווען דוד קעסלערס שותף און מענעדזשער וואָס האָט געאַרבעט מיט אברהם שאָמערס פּיעסעס.
M-3-facs_263_tr_1755674223-006	P-3-facs_263_tr_1755674223	3	facs_263_tr_1755674223	שאָמער אַברהם	בועז יאָנג	זכר	דערציילט אין זיין בוך „מיין לעבן אין טעאַטער“	ער האָט מיטגעשפּילט אין אברהם שאָמערס קאָמעדיע און זי אויפֿגעפֿירט אין לאָנדאָן.
M-3-facs_263_tr_1755674223-007	P-3-facs_263_tr_1755674223	3	facs_263_tr_1755674223	שאָמער אַברהם	מאָגולעסקאָ	זכר	אַקטיאָר	ער האָט געשפּילט אין אברהם שאָמערס פּיעסע.
M-3-facs_263_tr_1755674223-008	P-3-facs_263_tr_1755674223	3	facs_263_tr_1755674223	שאָמער אַברהם	גרשון רובין	זכר	אַקטיאָר	ער האָט געשפּילט די ראָל פֿון אַ פּרעסער אין אברהם שאָמערס פּיעסע.
M-3-facs_263_tr_1755674223-009	P-3-facs_263_tr_1755674223	3	facs_263_tr_1755674223	שאָמער אַברהם	קעני ליפּצין	נקבה	שוישפּילערין	אברהם שאָמער האָט ספּעציעל געשריבן אַ פּיעסע פֿאַר איר.
M-3-facs_263_tr_1755674223-010	P-3-facs_263_tr_1755674223	3	facs_263_tr_1755674223	שאָמער אַברהם	קלאַראַ קימבעל יאָנג	נקבה	שוישפּילערין	זי האָט געשפּילט די הויפּט-ראָלע אין אַ פֿילם באַזירט אויף אברהם שאָמערס פּיעסע.
M-3-facs_263_tr_1755674223-011	P-3-facs_263_tr_1755674223	3	facs_263_tr_1755674223	שאָמער אַברהם	באָריס טאָמאַשעווסקי	זכר	רעזשיסאָר און אַקטיאָר	ער האָט אויפֿגעפֿירט און געשפּילט אין אברהם שאָמערס פּיעסעס.
M-3-facs_263_tr_1755674223-012	P-3-facs_263_tr_1755674223	3	facs_263_tr_1755674223	שאָמער אַברהם	רודאָלף שילדקרויט	זכר	אַקטיאָר	"ער האָט געשפּילט די טיטל-ראָלע אין אברהם שאָמערס דראַמע ""אייקעלע מזיק""."
M-3-facs_263_tr_1755674223-013	P-3-facs_263_tr_1755674223	3	facs_263_tr_1755674223	שאָמער אַברהם	יאָזער קעסלער	זכר	אַקטיאָר	ער האָט געשפּילט אברהם שאָמערס פּיעסע אין לאָנדאָן.
M-3-facs_263_tr_1755674223-014	P-3-facs_263_tr_1755674223	3	facs_263_tr_1755674223	שאָמער אַברהם	פּאַול באַראַטאָוו	זכר	אַקטיאָר	ער האָט געשפּילט אברהם שאָמערס פּיעסע אין וואַרשע.
M-3-facs_263_tr_1755674223-015	P-3-facs_263_tr_1755674223	3	facs_263_tr_1755674223	שאָמער אַברהם	וויילטאָן לאַקע	זכר	אַקטיאָר	ער האָט געשפּילט אין דער ענגלישער איבערזעצונג פֿון אברהם שאָמערס דראַמע.
M-3-facs_263_tr_1755674223-016	P-3-facs_263_tr_1755674223	3	facs_263_tr_1755674223	שאָמער אַברהם	מאָריס מאָשקאָוויטש	זכר	אַקטיאָר	ער האָט געשפּילט די הויפּט-ראָל אין אברהם שאָמערס פּיעסעס.
M-3-facs_263_tr_1755674223-017	P-3-facs_263_tr_1755674223	3	facs_263_tr_1755674223	שאָמער אַברהם	הערמאַן הייערמאַנס	זכר	דראַמאַטורג	אברהם שאָמער האָט באַאַרבעט זיין פּיעסע.
M-3-facs_263_tr_1755674223-018	P-3-facs_263_tr_1755674223	3	facs_263_tr_1755674223	שאָמער אַברהם	ב. גאָרין	זכר	היסטאָריקער אָדער קריטיקער	ער ווערט דערמאָנט ווי אַ מקור וועגן די אויפֿפֿירונגען פֿון אברהם שאָמערס פּיעסעס.
M-3-facs_263_tr_1755674223-019	P-3-facs_263_tr_1755674223	3	facs_263_tr_1755674223	שאָמער אַברהם	אַרנאַ האָלץ	זכר	דראַמאַטורג	אברהם שאָמער האָט אַדאָפּטירט אַ פּיעסע פֿון אים.
M-3-facs_263_tr_1755674223-020	P-3-facs_263_tr_1755674223	3	facs_263_tr_1755674223	שאָמער אַברהם	אָסקאַר יערשקע	זכר	דראַמאַטורג	אברהם שאָמער האָט אַדאָפּטירט אַ פּיעסע פֿון אים.
M-3-facs_263_tr_1755674223-021	P-3-facs_263_tr_1755674223	3	facs_263_tr_1755674223	שאָמער אַברהם	אַדלער	זכר	אַקטיאָר	"ער האָט געשפּילט אין אברהם שאָמערס דראַמע ""דער סוד""."
M-3-facs_263_tr_1755674223-022	P-3-facs_263_tr_1755674223	3	facs_263_tr_1755674223	שאָמער אַברהם	מאַקס ראָזענטאָל	זכר	רעזשיסאָר און אַקטיאָר	ער האָט אויפֿגעפֿירט אברהם שאָמערס דראַמעס.
M-3-facs_263_tr_1755674223-023	P-3-facs_263_tr_1755674223	3	facs_263_tr_1755674223	שאָמער אַברהם	מאָלווינאַ לאָבעל	נקבה	שוישפּילערין	זי האָט געשפּילט א הויפּט-ראָל אין אברהם שאָמערס פּיעסע.
M-3-facs_263_tr_1755674223-024	P-3-facs_263_tr_1755674223	3	facs_263_tr_1755674223	שאָמער אַברהם	דזשאָרדזש בראָדהוירסט	זכר	אַמעריקאַנער דראַמאַטיקער	ער האָט באַאַרבעט אברהם שאָמערס איבערזעצונג פֿאַר דער אַמעריקאַנער בינע.
M-3-facs_263_tr_1755674223-025	P-3-facs_263_tr_1755674223	3	facs_263_tr_1755674223	שאָמער אַברהם	פּערלמוטער	זכר	קאָמפּאָזיטאָר	ער האָט געשריבן מוזיק פֿאַר אברהם שאָמערס פּיעסע.
M-3-facs_263_tr_1755674223-026	P-3-facs_263_tr_1755674223	3	facs_263_tr_1755674223	שאָמער אַברהם	וואַהל	זכר	קאָמפּאָזיטאָר	ער האָט געשריבן מוזיק פֿאַר אברהם שאָמערס פּיעסע.
M-3-facs_263_tr_1755674223-027	P-3-facs_263_tr_1755674223	3	facs_263_tr_1755674223	שאָמער אַברהם	לעאָן בלאַנק	זכר	אַקטיאָר	ער האָט געשפּילט די ראָל פֿון אַ שוסטער אין אברהם שאָמערס פּיעסע.
M-3-facs_263_tr_1755674223-028	P-3-facs_263_tr_1755674223	3	facs_263_tr_1755674223	שאָמער אַברהם	דר. ש. מ. מלמד	זכר	שרייבער	ער שרייבט וועגן אברהם שאָמערס בייטראָג צום יידישן טעאַטער.
M-3-facs_263_tr_1755674223-029	P-3-facs_263_tr_1755674223	3	facs_263_tr_1755674223	שאָמער אַברהם	סעם קעסטין	זכר	אַקטיאָר	ער האָט געקראָגן די ראָלע פֿון דעם שרכן אין אברהם שאָמערס פּיעסע.
M-3-facs_263_tr_1755674223-030	P-3-facs_263_tr_1755674223	3	facs_263_tr_1755674223	שאָמער אַברהם	לאַזאַר פֿריד	זכר	אַקטיאָר	ער האָט געשפּילט די ראָלע פֿון אַ גאַרישן בחור אין אברהם שאָמערס פּיעסע.
M-3-facs_263_tr_1755674223-031	P-3-facs_263_tr_1755674223	3	facs_263_tr_1755674223	שאָמער אַברהם	דייוויך בעלאַסקאָ	זכר	יידיש-אַמעריקאַנער רעזשיסער	ער האָט געשריבן אַ באַגייסטערטן בריוו וועגן טאָמאַשעווסקיס שפּילן אין אברהם שאָמערס פּיעסע.
M-3-facs_263_tr_1755674223-032	P-3-facs_263_tr_1755674223	3	facs_263_tr_1755674223	שאָמער אַברהם	מאָריס שוואַרץ	זכר	רעזשיסאָר	"ער האָט אויפֿגעפֿירט אברהם שאָמערס פּיעסע ""דאָס גייסטער-הויז""."
M-3-facs_263_tr_1755674223-033	P-3-facs_263_tr_1755674223	3	facs_263_tr_1755674223	שאָמער אַברהם	י. ברוידי	זכר	קאָמפּאָזיטאָר	ער האָט געשריבן מוזיק פֿאַר אברהם שאָמערס פּיעסע.
M-3-facs_263_tr_1755674223-034	P-3-facs_263_tr_1755674223	3	facs_263_tr_1755674223	שאָמער אַברהם	לודווייג זאַץ	זכר	אַקטיאָר	ער האָט געשפּילט א הויפּטראָל אין אברהם שאָמערס פּיעסע.
M-3-facs_263_tr_1755674223-035	P-3-facs_263_tr_1755674223	3	facs_263_tr_1755674223	שאָמער אַברהם	בערטאַ גערסטין	נקבה	שוישפּילערין	זי האָט געשפּילט א הויפּטראָל אין אברהם שאָמערס פּיעסע.
M-3-facs_263_tr_1755674223-036	P-3-facs_263_tr_1755674223	3	facs_263_tr_1755674223	שאָמער אַברהם	סעמיועל גאָלדענבורג	זכר	אַקטיאָר	"ער האָט אויפֿגעפֿירט שמ""רס קאָמעדיע אין אברהם שאָמערס באַאַרבעטונג."
M-3-facs_263_tr_1755674223-037	P-3-facs_263_tr_1755674223	3	facs_263_tr_1755674223	שאָמער אַברהם	פרץ סאַנדלער	זכר	קאָמפּאָזיטאָר	ער האָט געשריבן מוזיק פֿאַר אברהם שאָמערס קאָמעדיע.
M-3-facs_263_tr_1755674223-038	P-3-facs_263_tr_1755674223	3	facs_263_tr_1755674223	שאָמער אַברהם	סידני ראָס	זכר	שותף אין אַ פֿילסגעזעלשאַפֿט	ער האָט צוזאַמען מיט אברהם שאָמער אָרגאַניזירט אַ פֿילסגעזעלשאַפֿט.
M-3-facs_267_tr_1755674219-000	P-3-facs_267_tr_1755674219	3	facs_267_tr_1755674219	שאַמער-באַטשעליס ראָזע	שמיר	זכר	באַקאַנטן יידישן ראָמאַניסט און דראַמאַטורג	שמיר איז דער פֿאָטער פֿון דער סוביעקט.
M-3-facs_267_tr_1755674219-001	P-3-facs_267_tr_1755674219	3	facs_267_tr_1755674219	שאַמער-באַטשעליס ראָזע	פֿאָטער *	זכר		ער איז דער פֿאָטער פֿון דער סוביעקט.
M-3-facs_267_tr_1755674219-002	P-3-facs_267_tr_1755674219	3	facs_267_tr_1755674219	שאַמער-באַטשעליס ראָזע	מוטער *	נקבה	האָט פֿון פינסק מיטגעבראַכט אַ גרויסן קאָסטן טעאַטער-קאָסטיומען	זי איז די מוטער פֿון דער סוביעקט.
M-3-facs_267_tr_1755674219-003	P-3-facs_267_tr_1755674219	3	facs_267_tr_1755674219	שאַמער-באַטשעליס ראָזע	ראָזע	נקבה		זי איז די סוביעקט פֿון דעם אַרטיקל.
M-3-facs_267_tr_1755674219-004	P-3-facs_267_tr_1755674219	3	facs_267_tr_1755674219	שאַמער-באַטשעליס ראָזע	מרים	נקבה	איינע פֿון די קינדער	זי איז די שוועסטער פֿון דער סוביעקט.
M-3-facs_267_tr_1755674219-005	P-3-facs_267_tr_1755674219	3	facs_267_tr_1755674219	שאַמער-באַטשעליס ראָזע	אַננאַ	נקבה	איינע פֿון די קינדער	זי איז די שוועסטער פֿון דער סוביעקט.
M-3-facs_267_tr_1755674219-006	P-3-facs_267_tr_1755674219	3	facs_267_tr_1755674219	שאַמער-באַטשעליס ראָזע	מרים שאָמער צונזער	נקבה	דראַמאַטורג און שוועסטער	זי איז די שוועסטער פֿון דער סוביעקט מיט וועמען זי האָט געשריבן פּיעסעס.
M-3-facs_267_tr_1755674219-007	P-3-facs_267_tr_1755674219	3	facs_267_tr_1755674219	שאַמער-באַטשעליס ראָזע	אַסיפּ דימאָוו	זכר		ער איז געווען דער רעזשיסער פֿון דער פּיעסע 'איינע פֿון פֿאָלק'.
M-3-facs_267_tr_1755674219-008	P-3-facs_267_tr_1755674219	3	facs_267_tr_1755674219	שאַמער-באַטשעליס ראָזע	בערטאַ קאַליש	נקבה	באַקאַנטע אַקטריסע	זי האָט געשפּילט די הויפּטראָל אין ש.'ס פּיעסע.
M-3-facs_267_tr_1755674219-009	P-3-facs_267_tr_1755674219	3	facs_267_tr_1755674219	שאַמער-באַטשעליס ראָזע	לוס גערמאַן	נקבה	אַקטריסע	זי האָט געשפּילט אין דער פּיעסע 'איינע פֿון פֿאָלק'.
M-3-facs_267_tr_1755674219-010	P-3-facs_267_tr_1755674219	3	facs_267_tr_1755674219	שאַמער-באַטשעליס ראָזע	יאָזער שיינגאָלד	זכר	אַקטאָר	ער האָט געשפּילט אין דער פּיעסע 'איינע פֿון פֿאָלק'.
M-3-facs_267_tr_1755674219-011	P-3-facs_267_tr_1755674219	3	facs_267_tr_1755674219	שאַמער-באַטשעליס ראָזע	פרענציס וויינטרויב	נקבה	אַקטריסע	זי האָט געשפּילט אין דער פּיעסע 'איינע פֿון פֿאָלק'.
M-3-facs_267_tr_1755674219-012	P-3-facs_267_tr_1755674219	3	facs_267_tr_1755674219	שאַמער-באַטשעליס ראָזע	מיס גענדלער	נקבה	אַקטריסע	זי האָט געשפּילט אין דער פּיעסע 'איינע פֿון פֿאָלק'.
M-3-facs_267_tr_1755674219-013	P-3-facs_267_tr_1755674219	3	facs_267_tr_1755674219	שאַמער-באַטשעליס ראָזע	מישע גערמאַן	זכר	אַקטאָר	ער האָט געשפּילט אין דער פּיעסע 'איינע פֿון פֿאָלק'.
M-3-facs_267_tr_1755674219-014	P-3-facs_267_tr_1755674219	3	facs_267_tr_1755674219	שאַמער-באַטשעליס ראָזע	איידאַ גאָלדשטיין	נקבה	אַקטריסע	זי האָט געשפּילט אין דער פּיעסע 'איינע פֿון פֿאָלק'.
M-3-facs_267_tr_1755674219-015	P-3-facs_267_tr_1755674219	3	facs_267_tr_1755674219	שאַמער-באַטשעליס ראָזע	רבקה וויינטרויב	נקבה	אַקטריסע	זי האָט געשפּילט אין דער פּיעסע 'איינע פֿון פֿאָלק'.
M-3-facs_267_tr_1755674219-016	P-3-facs_267_tr_1755674219	3	facs_267_tr_1755674219	שאַמער-באַטשעליס ראָזע	איזידאָר קעשיר	זכר		ער האָט געמאַכט אַ באַנייטע אויפֿפֿירונג פֿון ש.'ס פּיעסע.
M-3-facs_267_tr_1755674219-017	P-3-facs_267_tr_1755674219	3	facs_267_tr_1755674219	שאַמער-באַטשעליס ראָזע	סעמיועל גאָלדענבורג	זכר	אַקטאָר	ער האָט געשפּילט אין ש.'ס פּיעסע 'די מאַכט פֿון געזעץ'.
M-3-facs_267_tr_1755674219-018	P-3-facs_267_tr_1755674219	3	facs_267_tr_1755674219	שאַמער-באַטשעליס ראָזע	צילע אַדלער	נקבה	אַקטריסע	זי האָט געשפּילט אין ש.'ס פּיעסע 'די מאַכט פֿון געזעץ'.
M-3-facs_267_tr_1755674219-019	P-3-facs_267_tr_1755674219	3	facs_267_tr_1755674219	שאַמער-באַטשעליס ראָזע	יידל דובינסקי	זכר	אַקטאָר	ער האָט געשפּילט אין דער אויפֿפֿירונג אין פּראָספּעקט טעאַטער.
M-3-facs_267_tr_1755674219-020	P-3-facs_267_tr_1755674219	3	facs_267_tr_1755674219	שאַמער-באַטשעליס ראָזע	לוס לעווין	נקבה	אַקטריסע	זי האָט געשפּילט אין דער אויפֿפֿירונג אין פּראָספּעקט טעאַטער.
M-3-facs_267_tr_1755674219-021	P-3-facs_267_tr_1755674219	3	facs_267_tr_1755674219	שאַמער-באַטשעליס ראָזע	סאָלי ווייזענפֿריינד	זכר	אַקטאָר	ער האָט געשפּילט אין דער אויפֿפֿירונג אין פּראָספּעקט טעאַטער.
M-3-facs_267_tr_1755674219-022	P-3-facs_267_tr_1755674219	3	facs_267_tr_1755674219	שאַמער-באַטשעליס ראָזע	יעקב קאַליך	זכר	רעזשיסער	ער איז געווען דער רעזשיסער פֿון דער אָפּערעטע 'דאָס צירקוס מיידל'.
M-3-facs_267_tr_1755674219-023	P-3-facs_267_tr_1755674219	3	facs_267_tr_1755674219	שאַמער-באַטשעליס ראָזע	יאָזער רומשינסקי	זכר	קאָמפּאָזיטאָר	ער האָט געשריבן די מוזיק פֿאַר ש.'ס אָפּערעטע.
M-3-facs_267_tr_1755674219-024	P-3-facs_267_tr_1755674219	3	facs_267_tr_1755674219	שאַמער-באַטשעליס ראָזע	מאַלי פיקאָן	נקבה	באַקאַנטע אַקטריסע	זי האָט געשפּילט די טיטל-ראָל אין ש.'ס אָפּערעטע 'דאָס צירקוס מיידל'.
M-3-facs_267_tr_1755674219-025	P-3-facs_267_tr_1755674219	3	facs_267_tr_1755674219	שאַמער-באַטשעליס ראָזע	סעם קעסטין	זכר	אַקטאָר	ער האָט געשפּילט אין דער אָפּערעטע 'דאָס צירקוס מיידל'.
M-3-facs_267_tr_1755674219-026	P-3-facs_267_tr_1755674219	3	facs_267_tr_1755674219	שאַמער-באַטשעליס ראָזע	בעטי סימאַנאָוו	נקבה	אַקטריסע	זי האָט געשפּילט אין דער אָפּערעטע 'דאָס צירקוס מיידל'.
M-3-facs_267_tr_1755674219-027	P-3-facs_267_tr_1755674219	3	facs_267_tr_1755674219	שאַמער-באַטשעליס ראָזע	נוירטרוך בולמאַן	נקבה	אַקטריסע	זי האָט געשפּילט אין דער אָפּערעטע 'דאָס צירקוס מיידל'.
M-3-facs_267_tr_1755674219-028	P-3-facs_267_tr_1755674219	3	facs_267_tr_1755674219	שאַמער-באַטשעליס ראָזע	אוירווינג גראָסמאַן	זכר	אַקטאָר	ער האָט געשפּילט אין דער אָפּערעטע 'דאָס צירקוס מיידל'.
M-3-facs_267_tr_1755674219-029	P-3-facs_267_tr_1755674219	3	facs_267_tr_1755674219	שאַמער-באַטשעליס ראָזע	לודווייג זאַץ	זכר	אַקטאָר און רעזשיסער	ער האָט אויפגעפירט ש.'ס אָפּערעטע 'דער זינגענדיקער גנב'.
M-3-facs_267_tr_1755674219-030	P-3-facs_267_tr_1755674219	3	facs_267_tr_1755674219	שאַמער-באַטשעליס ראָזע	אַברהם שאָמער	זכר	ברודער פֿון דער סוביעקט	ער איז דער ברודער פֿון דער סוביעקט.
M-3-facs_267_tr_1755674219-031	P-3-facs_267_tr_1755674219	3	facs_267_tr_1755674219	שאַמער-באַטשעליס ראָזע	אהרן ווייסמן	זכר	איבערזעצער	ער האָט איבערגעזעצט איר בוך אויף העברעיש.
M-3-facs_267_tr_1755674219-032	P-3-facs_267_tr_1755674219	3	facs_267_tr_1755674219	שאַמער-באַטשעליס ראָזע	דב סדן	זכר		ער האָט געשריבן אַ הקדמה צו איר בוך.
M-3-facs_267_tr_1755674219-033	P-3-facs_267_tr_1755674219	3	facs_267_tr_1755674219	שאַמער-באַטשעליס ראָזע	קלמן מרמר	זכר		ער האָט געשריבן אַ הקדמה צו איר בוך.
M-3-facs_267_tr_1755674219-034	P-3-facs_267_tr_1755674219	3	facs_267_tr_1755674219	שאַמער-באַטשעליס ראָזע	א. טאַנענבוים	זכר		ער איז איינער פֿון די פּערזענלעכקייטן וועגן וועמען ש. שרייבט אין איר בוך.
M-3-facs_267_tr_1755674219-035	P-3-facs_267_tr_1755674219	3	facs_267_tr_1755674219	שאַמער-באַטשעליס ראָזע	מאָריס ראָזענפעלד	זכר		ער איז איינער פֿון די פּערזענלעכקייטן וועגן וועמען ש. שרייבט אין איר בוך.
M-3-facs_267_tr_1755674219-036	P-3-facs_267_tr_1755674219	3	facs_267_tr_1755674219	שאַמער-באַטשעליס ראָזע	א. מ. שאַרקאַנסקי	זכר		ער איז איינער פֿון די פּערזענלעכקייטן וועגן וועמען ש. שרייבט אין איר בוך.
M-3-facs_267_tr_1755674219-037	P-3-facs_267_tr_1755674219	3	facs_267_tr_1755674219	שאַמער-באַטשעליס ראָזע	שלמה שמלעוויטש	זכר		ער איז איינער פֿון די פּערזענלעכקייטן וועגן וועמען ש. שרייבט אין איר בוך.
M-3-facs_267_tr_1755674219-038	P-3-facs_267_tr_1755674219	3	facs_267_tr_1755674219	שאַמער-באַטשעליס ראָזע	נפתלי הערץ אימבער	זכר		ער איז איינער פֿון די פּערזענלעכקייטן וועגן וועמען ש. שרייבט אין איר בוך.
M-3-facs_267_tr_1755674219-039	P-3-facs_267_tr_1755674219	3	facs_267_tr_1755674219	שאַמער-באַטשעליס ראָזע	אַברהם פריידוס	זכר		ער איז איינער פֿון די פּערזענלעכקייטן וועגן וועמען ש. שרייבט אין איר בוך.
M-3-facs_267_tr_1755674219-040	P-3-facs_267_tr_1755674219	3	facs_267_tr_1755674219	שאַמער-באַטשעליס ראָזע	אליקום צונזער	זכר		ער איז איינער פֿון די פּערזענלעכקייטן וועגן וועמען ש. שרייבט אין איר בוך.
M-3-facs_267_tr_1755674219-041	P-3-facs_267_tr_1755674219	3	facs_267_tr_1755674219	שאַמער-באַטשעליס ראָזע	אַברהם גאָלדפֿאַדען	זכר		ער איז איינער פֿון די פּערזענלעכקייטן וועגן וועמען ש. שרייבט אין איר בוך.
M-3-facs_267_tr_1755674219-042	P-3-facs_267_tr_1755674219	3	facs_267_tr_1755674219	שאַמער-באַטשעליס ראָזע	ראָוז פּאַסטאָר סטאַווקס	נקבה		זי איז איינע פֿון די פּערזענלעכקייטן וועגן וועמען ש. שרייבט אין איר בוך.
M-3-facs_267_tr_1755674219-043	P-3-facs_267_tr_1755674219	3	facs_267_tr_1755674219	שאַמער-באַטשעליס ראָזע	הענריעטאַ סזאָלד	נקבה		זי איז איינע פֿון די פּערזענלעכקייטן וועגן וועמען ש. שרייבט אין איר בוך.
M-3-facs_267_tr_1755674219-044	P-3-facs_267_tr_1755674219	3	facs_267_tr_1755674219	שאַמער-באַטשעליס ראָזע	סאָלאָמאָן בלומ	זכר		ער איז איינער פֿון די פּערזענלעכקייטן וועגן וועמען ש. שרייבט אין איר בוך.
M-3-facs_267_tr_1755674219-045	P-3-facs_267_tr_1755674219	3	facs_267_tr_1755674219	שאַמער-באַטשעליס ראָזע	גאַרטן יהואַש	זכר		ער איז איינער פֿון די פּערזענלעכקייטן וועגן וועמען ש. שרייבט אין איר בוך.
M-3-facs_267_tr_1755674219-046	P-3-facs_267_tr_1755674219	3	facs_267_tr_1755674219	שאַמער-באַטשעליס ראָזע	פרץ הירשביין	זכר		ער איז איינער פֿון די פּערזענלעכקייטן וועגן וועמען ש. שרייבט אין איר בוך.
M-3-facs_267_tr_1755674219-047	P-3-facs_267_tr_1755674219	3	facs_267_tr_1755674219	שאַמער-באַטשעליס ראָזע	באַרני (ברוך) באַטשעליס	זכר	שרייבער	ער איז געווען דער שוואָגער פֿון דער סוביעקט.
M-3-facs_267_tr_1755674219-048	P-3-facs_267_tr_1755674219	3	facs_267_tr_1755674219	שאַמער-באַטשעליס ראָזע	סעמיועל (שמואל) באַטשעליס	זכר	דער ברודער פֿון באַרני באַטשעליס	ער איז דער מאַן פֿון דער סוביעקט.
M-3-facs_267_tr_1755674219-049	P-3-facs_267_tr_1755674219	3	facs_267_tr_1755674219	שאַמער-באַטשעליס ראָזע	אַננאַ שאַמער-ראַטענבערג	נקבה	אויסטייטשערין פֿון יידישע פֿאָלקס-לידער	זי איז די שוועסטער פֿון דער סוביעקט.
M-3-facs_269_tr_1755674195-000	P-3-facs_269_tr_1755674195	3	facs_269_tr_1755674195	טאָמער צונזער, מרים (מיני)	נחום מאיר שייקעוויטש (שמיר)	זכר	שרייבער	נחום מאיר שייקעוויטש (שמיר) איז איר פאָטער.
M-3-facs_269_tr_1755674195-001	P-3-facs_269_tr_1755674195	3	facs_269_tr_1755674195	טאָמער צונזער, מרים (מיני)	טשאַרל צונזער	זכר	אַדוואָקאַט	טשאַרל צונזער איז איר מאַן.
M-3-facs_269_tr_1755674195-002	P-3-facs_269_tr_1755674195	3	facs_269_tr_1755674195	טאָמער צונזער, מרים (מיני)	אליקום צונזער	זכר		אליקום צונזער איז דער פאָטער פֿון איר מאַן.
M-3-facs_269_tr_1755674195-003	P-3-facs_269_tr_1755674195	3	facs_269_tr_1755674195	טאָמער צונזער, מרים (מיני)	ראָזע	נקבה	איר שוועסטער	ראָזע איז איר שוועסטער וואָס האָט מיט איר געשריבן פּיעסן.
M-3-facs_269_tr_1755674195-004	P-3-facs_269_tr_1755674195	3	facs_269_tr_1755674195	טאָמער צונזער, מרים (מיני)	אַננאַ שאַמער-ראָטענבערג	נקבה	אַן אויסטייטשערין פֿון יידישע פֿאָלקס-לידער	אַננאַ שאַמער-ראָטענבערג איז איר שוועסטער.
M-3-facs_269_tr_1755674195-005	P-3-facs_269_tr_1755674195	3	facs_269_tr_1755674195	טאָמער צונזער, מרים (מיני)	אַברהם	זכר	ש.'ס ברודער	אַברהם איז איר ברודער וואָס איז געווען פֿאַרבונדן מיטן יידישן טעאַטער.
M-3-facs_269_tr_1755674195-006	P-3-facs_269_tr_1755674195	3	facs_269_tr_1755674195	טאָמער צונזער, מרים (מיני)	דר. איידאַ באַדאַנעס	נקבה		דר. איידאַ באַדאַנעס האָט צוזאַמען מיט איר אָנגעשריבן אַ קינדער-פּיעסע אין ענגליש.
M-3-facs_269_tr_1755674195-007	P-3-facs_269_tr_1755674195	3	facs_269_tr_1755674195	טאָמער צונזער, מרים (מיני)	שלמה ראָזאָווסקי	זכר	קאָמפּאָזיטאָר פּראָפ.	שלמה ראָזאָווסקי האָט זי פֿאַראינטערעסירט אין דער אידייע פֿון אַ געזעלשאַפֿט פֿאַר יידישער מוזיק.
M-3-facs_269_tr_1755674195-008	P-3-facs_269_tr_1755674195	3	facs_269_tr_1755674195	טאָמער צונזער, מרים (מיני)	מישע עלמאַן	זכר	מוזיקער	מישע עלמאַן איז געווען צווישן די מוזיקער וואָס די אָרגאַניזאַציע „מאילאַם“ האָט צוגעצויגן.
M-3-facs_269_tr_1755674195-009	P-3-facs_269_tr_1755674195	3	facs_269_tr_1755674195	טאָמער צונזער, מרים (מיני)	בראָניסלאָוו הובערמאַן	זכר	מוזיקער	בראָניסלאָוו הובערמאַן איז געווען צווישן די מוזיקער וואָס די אָרגאַניזאַציע „מאילאַם“ האָט צוגעצויגן.
M-3-facs_269_tr_1755674195-010	P-3-facs_269_tr_1755674195	3	facs_269_tr_1755674195	טאָמער צונזער, מרים (מיני)	אַרנאָלד שענבערג	זכר	קאָמפּאָזיטאָר	אַרנאָלד שענבערג איז געווען צווישן די קאָמפּאָזיטאָרן פֿאַרבונדן מיט „מאילאַם“.
M-3-facs_269_tr_1755674195-011	P-3-facs_269_tr_1755674195	3	facs_269_tr_1755674195	טאָמער צונזער, מרים (מיני)	דזשאָרדזש גוירשווין	זכר	קאָמפּאָזיטאָר	דזשאָרדזש גוירשווין איז געווען צווישן די קאָמפּאָזיטאָרן פֿאַרבונדן מיט „מאילאַם“.
M-3-facs_269_tr_1755674195-012	P-3-facs_269_tr_1755674195	3	facs_269_tr_1755674195	טאָמער צונזער, מרים (מיני)	ערנסט בלאָך	זכר	קאָמפּאָזיטאָר	ערנסט בלאָך איז געווען צווישן די קאָמפּאָזיטאָרן פֿאַרבונדן מיט „מאילאַם“.
M-3-facs_269_tr_1755674195-013	P-3-facs_269_tr_1755674195	3	facs_269_tr_1755674195	טאָמער צונזער, מרים (מיני)	אַסיפּ גאברילאָוויטש	זכר	פּיאַניסט	אַסיפּ גאברילאָוויטש איז געווען פֿאַרבונדן מיט דער אָרגאַניזאַציע „מאילאַם“.
M-3-facs_269_tr_1755674195-014	P-3-facs_269_tr_1755674195	3	facs_269_tr_1755674195	טאָמער צונזער, מרים (מיני)	א. וו. בינדער	זכר	קאָמפּאָזיטאָר	א. וו. בינדער האָט געשריבן וועגן איר אָרט אין דער געשיכטע פֿון יידישער מוזיק.
M-3-facs_269_tr_1755674195-015	P-3-facs_269_tr_1755674195	3	facs_269_tr_1755674195	טאָמער צונזער, מרים (מיני)	אהרן ווייסמן	זכר		אהרן ווייסמן האָט איבערזעצט איר אַרבעט אויף העברעיש.
M-3-facs_269_tr_1755674195-016	P-3-facs_269_tr_1755674195	3	facs_269_tr_1755674195	טאָמער צונזער, מרים (מיני)	יעקב באַטאָשאַנסקי	זכר		יעקב באַטאָשאַנסקי האָט אָנגעפֿירט דעם קאַמף פֿאַרן יידישן טעאַטער און דעם „פֿאָלקסטעאַטער“.
M-3-facs_269_tr_1755674195-017	P-3-facs_269_tr_1755674195	3	facs_269_tr_1755674195	טאָמער צונזער, מרים (מיני)	ל. מלאַך	זכר		ל. מלאַך איז דער מחבר פֿון דער פּיעסע „איבערגוס“.
M-3-facs_269_tr_1755674195-018	P-3-facs_269_tr_1755674195	3	facs_269_tr_1755674195	טאָמער צונזער, מרים (מיני)	מישאַ שוואַרץ	זכר	מאָלער, שוישפּידער און געזעלשאָפֿטלעכן טוער	מישאַ שוואַרץ איז געווען באַטייליקט אין דעם טעאַטער-אינצידענט אין לאַ פּלאַטאָ.
M-3-facs_269_tr_1755674195-019	P-3-facs_269_tr_1755674195	3	facs_269_tr_1755674195	טאָמער צונזער, מרים (מיני)	ט. ביילין [דר. ל. זשיטניצקי]	זכר		ט. ביילין דערציילט וועגן דעם טעאַטער-אינצידענט מיט די „טמאים“.
M-3-facs_269_tr_1755674195-020	P-3-facs_269_tr_1755674195	3	facs_269_tr_1755674195	טאָמער צונזער, מרים (מיני)	רודאָלף זאַסלאָווסקי	זכר	דירעקטאָר פֿון „פֿאָלקסטעאַטער“	רודאָלף זאַסלאָווסקי איז געשטאַנען אין דער שפּיץ פֿון „פֿאָלקסטעאַטער“.
M-3-facs_269_tr_1755674195-021	P-3-facs_269_tr_1755674195	3	facs_269_tr_1755674195	טאָמער צונזער, מרים (מיני)	בערטאַ זאַסלאַווסקי	נקבה	שוישפּילערין	בערטאַ זאַסלאַווסקי איז געווען אַ מיטגליד פֿון דער טרופּע אין „פֿאָלקסטעאַטער“.
M-3-facs_269_tr_1755674195-022	P-3-facs_269_tr_1755674195	3	facs_269_tr_1755674195	טאָמער צונזער, מרים (מיני)	ש. ראָזשאַנסקי	זכר		ש. ראָזשאַנסקי דערציילט אַן אַנדער ווערסיע וועגן דעם טעאַטער-סקאַנדאַל.
M-3-facs_269_tr_1755674195-023	P-3-facs_269_tr_1755674195	3	facs_269_tr_1755674195	טאָמער צונזער, מרים (מיני)	אַדאָלף מידע	זכר	אימפּרעסאָר	אַדאָלף מידע איז געווען דער אימפּרעסאָר וואָס האָט זיך אָפּגעזאָגט אויסצופֿירן מלאַכס פּיעסע.
M-3-facs_269_tr_1755674195-024	P-3-facs_269_tr_1755674195	3	facs_269_tr_1755674195	טאָמער צונזער, מרים (מיני)	ש. גלאַזערמאַן	זכר		ש. גלאַזערמאַן האָט אַרויסגעגעבן דעם זשורנאַל „גרויס און קליין“ צוזאַמען מיט ל. מלאַך.
M-3-facs_269_tr_1755674195-025	P-3-facs_269_tr_1755674195	3	facs_269_tr_1755674195	טאָמער צונזער, מרים (מיני)	אַלטער קאַצייזנע	זכר	דראַמאַטורג	אַלטער קאַצייזנע איז דער מחבר פֿון דער פּיעסע „דער דוכוס“.
M-3-facs_269_tr_1755674195-026	P-3-facs_269_tr_1755674195	3	facs_269_tr_1755674195	טאָמער צונזער, מרים (מיני)	ש. אַנ-סקי	זכר	דראַמאַטורג	ש. אַנ-סקי איז דער מחבר פֿון דער פּיעסע „טאָג און נאַכט“.
M-3-facs_269_tr_1755674195-027	P-3-facs_269_tr_1755674195	3	facs_269_tr_1755674195	טאָמער צונזער, מרים (מיני)	חנאַ גאָטעספעלד	זכר	דראַמאַטורג	חנאַ גאָטעספעלד איז דער מחבר פֿון דער פּיעסע „גוואָלד, ווען שטאַרבט ער“.
M-3-facs_269_tr_1755674195-028	P-3-facs_269_tr_1755674195	3	facs_269_tr_1755674195	טאָמער צונזער, מרים (מיני)	א. אַלפּערסאָן	זכר	דראַמאַטורג	א. אַלפּערסאָן איז דער מחבר פֿון דער פּיעסע „גלות“.
M-3-facs_269_tr_1755674195-029	P-3-facs_269_tr_1755674195	3	facs_269_tr_1755674195	טאָמער צונזער, מרים (מיני)	בערטאַ גלאַזונאָוו	נקבה	שוישפּילערין	בערטאַ גלאַזונאָוו איז געווען אַ מיטגליד פֿון דער טרופּע אין „פֿאָלקסטעאַטער“.
M-3-facs_269_tr_1755674195-030	P-3-facs_269_tr_1755674195	3	facs_269_tr_1755674195	טאָמער צונזער, מרים (מיני)	ש. נאַאומאָוו	זכר	שוישפּילער	ש. נאַאומאָוו איז געווען אַ מיטגליד פֿון דער טרופּע אין „פֿאָלקסטעאַטער“.
M-3-facs_269_tr_1755674195-031	P-3-facs_269_tr_1755674195	3	facs_269_tr_1755674195	טאָמער צונזער, מרים (מיני)	נתן קלינגער	זכר	שוישפּילער	נתן קלינגער איז געווען אַ מיטגליד פֿון דער טרופּע אין „פֿאָלקסטעאַטער“.
M-3-facs_269_tr_1755674195-032	P-3-facs_269_tr_1755674195	3	facs_269_tr_1755674195	טאָמער צונזער, מרים (מיני)	מרים לערער	נקבה	שוישפּילערין	מרים לערער איז געווען אַ מיטגליד פֿון דער טרופּע אין „פֿאָלקסטעאַטער“.
M-3-facs_269_tr_1755674195-033	P-3-facs_269_tr_1755674195	3	facs_269_tr_1755674195	טאָמער צונזער, מרים (מיני)	וו. דאַרעלין	זכר	שוישפּילער	וו. דאַרעלין איז געווען אַ מיטגליד פֿון דער טרופּע אין „פֿאָלקסטעאַטער“.
M-3-facs_269_tr_1755674195-034	P-3-facs_269_tr_1755674195	3	facs_269_tr_1755674195	טאָמער צונזער, מרים (מיני)	אידאַ ראָזענצווייג	נקבה	שוישפּילערין	אידאַ ראָזענצווייג איז געווען אַ מיטגליד פֿון דער טרופּע אין „פֿאָלקסטעאַטער“.
M-3-facs_269_tr_1755674195-035	P-3-facs_269_tr_1755674195	3	facs_269_tr_1755674195	טאָמער צונזער, מרים (מיני)	ש. קליינבורד	זכר	שוישפּילער	ש. קליינבורד איז געווען אַ מיטגליד פֿון דער טרופּע אין „פֿאָלקסטעאַטער“.
M-3-facs_269_tr_1755674195-036	P-3-facs_269_tr_1755674195	3	facs_269_tr_1755674195	טאָמער צונזער, מרים (מיני)	איטשע מאיר וואַרשאָווסקי	זכר	שוישפּילער	איטשע מאיר וואַרשאָווסקי איז געווען אַ מיטגליד פֿון דער טרופּע אין „פֿאָלקסטעאַטער“.
M-3-facs_269_tr_1755674195-037	P-3-facs_269_tr_1755674195	3	facs_269_tr_1755674195	טאָמער צונזער, מרים (מיני)	א. לעווין	זכר	שוישפּילער	א. לעווין איז געווען אַ מיטגליד פֿון דער טרופּע אין „פֿאָלקסטעאַטער“.
M-3-facs_269_tr_1755674195-038	P-3-facs_269_tr_1755674195	3	facs_269_tr_1755674195	טאָמער צונזער, מרים (מיני)	א. מענדזשעלעווסקי	זכר	שוישפּילער	א. מענדזשעלעווסקי איז געווען אַ מיטגליד פֿון דער טרופּע אין „פֿאָלקסטעאַטער“.
M-3-facs_269_tr_1755674195-039	P-3-facs_269_tr_1755674195	3	facs_269_tr_1755674195	טאָמער צונזער, מרים (מיני)	א. נאָווי	זכר	שוישפּילער	א. נאָווי איז געווען אַ מיטגליד פֿון דער טרופּע אין „פֿאָלקסטעאַטער“.
M-3-facs_269_tr_1755674195-040	P-3-facs_269_tr_1755674195	3	facs_269_tr_1755674195	טאָמער צונזער, מרים (מיני)	י. באַגאָפּאָלסקי	זכר	שוישפּילער	י. באַגאָפּאָלסקי איז געווען אַ מיטגליד פֿון דער טרופּע אין „פֿאָלקסטעאַטער“.
M-3-facs_269_tr_1755674195-041	P-3-facs_269_tr_1755674195	3	facs_269_tr_1755674195	טאָמער צונזער, מרים (מיני)	י. פלאַפּאַן	זכר	שוישפּילער	י. פלאַפּאַן איז געווען אַ מיטגליד פֿון דער טרופּע אין „פֿאָלקסטעאַטער“.
M-3-facs_269_tr_1755674195-042	P-3-facs_269_tr_1755674195	3	facs_269_tr_1755674195	טאָמער צונזער, מרים (מיני)	א. פּאָמעראַנץ	זכר	שוישפּילער	א. פּאָמעראַנץ איז געווען אַ מיטגליד פֿון דער טרופּע אין „פֿאָלקסטעאַטער“.
M-3-facs_269_tr_1755674195-043	P-3-facs_269_tr_1755674195	3	facs_269_tr_1755674195	טאָמער צונזער, מרים (מיני)	יאַשאַ פֿישערמאַן	זכר	קאָמפּאָזיטאָר און דיריגענט	יאַשאַ פֿישערמאַן האָט געשריבן די מוזיק פֿאַר פּיעסן אין „פֿאָלקסטעאַטער“.
M-3-facs_269_tr_1755674195-044	P-3-facs_269_tr_1755674195	3	facs_269_tr_1755674195	טאָמער צונזער, מרים (מיני)	י. י. יאָפע	זכר		י. י. יאָפע האָט אויפֿגעבויט דעם בנין פֿאַרן יידישן קונסט-טעאַטער אין ניו יאָרק.
M-3-facs_269_tr_1755674195-045	P-3-facs_269_tr_1755674195	3	facs_269_tr_1755674195	טאָמער צונזער, מרים (מיני)	מאָריס שוואַרץ	זכר	דירעקטאָר	מאָריס שוואַרץ האָט אָנגעפֿירט מיט דער אויפֿפֿירונג פֿון „דאָס צענטע געבאָט“.
M-3-facs_269_tr_1755674195-046	P-3-facs_269_tr_1755674195	3	facs_269_tr_1755674195	טאָמער צונזער, מרים (מיני)	אַברהם גאָלדפֿאַדען	זכר	דראַמאַטורג	אַברהם גאָלדפֿאַדען איז דער מחבר פֿון „דאָס צענטע געבאָט“.
M-3-facs_269_tr_1755674195-047	P-3-facs_269_tr_1755674195	3	facs_269_tr_1755674195	טאָמער צונזער, מרים (מיני)	קאַליך רומשינסקי	זכר	דירעקטאָר	קאַליך רומשינסקי האָט אָנגעפֿירט מיטן טעאַטער.
M-3-facs_269_tr_1755674195-048	P-3-facs_269_tr_1755674195	3	facs_269_tr_1755674195	טאָמער צונזער, מרים (מיני)	מישאַ גערמאַן	זכר	דירעקטאָר	מישאַ גערמאַן האָט אָנגעפֿירט מיטן טעאַטער.
M-3-facs_269_tr_1755674195-049	P-3-facs_269_tr_1755674195	3	facs_269_tr_1755674195	טאָמער צונזער, מרים (מיני)	לוס גערמאַן	נקבה	דירעקטאָרין	לוס גערמאַן האָט אָנגעפֿירט מיטן טעאַטער.
M-3-facs_269_tr_1755674195-050	P-3-facs_269_tr_1755674195	3	facs_269_tr_1755674195	טאָמער צונזער, מרים (מיני)	משה סקולניק	זכר	דירעקטאָר	משה סקולניק האָט אָנגעפֿירט מיטן טעאַטער.
M-3-facs_269_tr_1755674195-051	P-3-facs_269_tr_1755674195	3	facs_269_tr_1755674195	טאָמער צונזער, מרים (מיני)	לודווייג זאַץ	זכר		לודווייג זאַץ האָט אָנגעפֿירט מיטן טעאַטער.
M-3-facs_269_tr_1755674195-052	P-3-facs_269_tr_1755674195	3	facs_269_tr_1755674195	טאָמער צונזער, מרים (מיני)	בולאָוו	זכר		בולאָוו האָט אָנגעפֿירט מיטן טעאַטער.
M-3-facs_269_tr_1755674195-053	P-3-facs_269_tr_1755674195	3	facs_269_tr_1755674195	טאָמער צונזער, מרים (מיני)	באַראַטאָוו	זכר		באַראַטאָוו האָט אָנגעפֿירט מיטן טעאַטער.
M-3-facs_269_tr_1755674195-054	P-3-facs_269_tr_1755674195	3	facs_269_tr_1755674195	טאָמער צונזער, מרים (מיני)	ליפשיץ	זכר	מענעדזשער	ליפשיץ איז געווען אַ מענעדזשער פֿונעם טעאַטער.
M-3-facs_269_tr_1755674195-055	P-3-facs_269_tr_1755674195	3	facs_269_tr_1755674195	טאָמער צונזער, מרים (מיני)	בלייך-מעסטל	זכר	קינסטלערישע לייטונג	בלייך-מעסטל האָט אָנגעפֿירט מיט דער קינסטלערישער לייטונג פֿונעם טעאַטער.
M-3-facs_269_tr_1755674195-056	P-3-facs_269_tr_1755674195	3	facs_269_tr_1755674195	טאָמער צונזער, מרים (מיני)	יוסף גרין	זכר		יוסף גרין האָט איבערגענומען דאָס טעאַטער אין 1944.
M-3-facs_269_tr_1755674195-057	P-3-facs_269_tr_1755674195	3	facs_269_tr_1755674195	טאָמער צונזער, מרים (מיני)	יעקב בן-עמי	זכר		יעקב בן-עמי האָט איבערגענומען דאָס טעאַטער אין 1944.
M-3-facs_269_tr_1755674195-058	P-3-facs_269_tr_1755674195	3	facs_269_tr_1755674195	טאָמער צונזער, מרים (מיני)	דוד בערגעלסאָן	זכר	דראַמאַטורג	דוד בערגעלסאָן איז דער מחבר פֿון דער פּיעסע „מיר וועלן לעבן“.
M-3-facs_269_tr_1755674195-059	P-3-facs_269_tr_1755674195	3	facs_269_tr_1755674195	טאָמער צונזער, מרים (מיני)	יעקב ראָטבאום	זכר	רעזשיסער	יעקב ראָטבאום האָט רעזשיסירט די פּיעסע „מיר וועלן לעבן“.
M-3-facs_269_tr_1755674195-060	P-3-facs_269_tr_1755674195	3	facs_269_tr_1755674195	טאָמער צונזער, מרים (מיני)	קינדער*		קינדער פֿון מרים שאָמער צונזער	זי האָט געמאַכט פֿיינע ביוסטן פֿון אירע קינדער.
M-3-facs_271_tr_1755674156-000	P-3-facs_271_tr_1755674156	3	facs_271_tr_1755674156	באַסענקאָ, בען	*עלטערן		אָפּשטאַמיקע פֿון רי ליבערל פון בערדיטשעוו	זיי זענען די עלטערן פֿון דעם סוביעקט.
M-3-facs_271_tr_1755674156-001	P-3-facs_271_tr_1755674156	3	facs_271_tr_1755674156	באַסענקאָ, בען	רי ליבערל פון בערדיטשעוו	male		דער סוביעקט איז אן אָפּשטאַמיקער פֿון אים.
M-3-facs_271_tr_1755674156-002	P-3-facs_271_tr_1755674156	3	facs_271_tr_1755674156	באַסענקאָ, בען	*פֿאָטער	male	אַ סוחר	ער איז דער פֿאָטער פֿון דעם סוביעקט.
M-3-facs_271_tr_1755674156-003	P-3-facs_271_tr_1755674156	3	facs_271_tr_1755674156	באַסענקאָ, בען	הרב צירעלסאָן	male		דער סוביעקט האָט גראַדוואירט זיין פּראָגימנאַזיע.
M-3-facs_271_tr_1755674156-004	P-3-facs_271_tr_1755674156	3	facs_271_tr_1755674156	באַסענקאָ, בען	ציפּערס	male	חזן	דער סוביעקט האָט געזונגען אין זיין כאָר.
M-3-facs_271_tr_1755674156-005	P-3-facs_271_tr_1755674156	3	facs_271_tr_1755674156	באַסענקאָ, בען	דודל רויטמאַן	male	חזן	דער סוביעקט האָט געזונגען אין זיין כאָר.
M-3-facs_271_tr_1755674156-006	P-3-facs_271_tr_1755674156	3	facs_271_tr_1755674156	באַסענקאָ, בען	צ. ה. רובינשטיין	male	סיטי עדיטאָר	ער איז געווען דער סיטי עדיטאָר פֿון „טאָג“ וווּ דער סוביעקט האָט געאַרבעט.
M-3-facs_271_tr_1755674156-007	P-3-facs_271_tr_1755674156	3	facs_271_tr_1755674156	באַסענקאָ, בען	בולגאַקאָוו	male	אָנפֿירער פֿון דער דראַמשול „קדם	ער האָט אָנגעפֿירט די דראַמשול וווּ דער סוביעקט האָט געלערנט.
M-3-facs_271_tr_1755674156-008	P-3-facs_271_tr_1755674156	3	facs_271_tr_1755674156	באַסענקאָ, בען	נחום צמח	male		"ער האָט אָנגעפֿירט די „הבימה""-טרופּע וווּ דער סוביעקט האָט געשפּילט."
M-3-facs_271_tr_1755674156-009	P-3-facs_271_tr_1755674156	3	facs_271_tr_1755674156	באַסענקאָ, בען	גלאָגאָלין	male		ער האָט רעזשיסירט אן ענגלישער אויפֿפֿירונג אין וועלכער דער סוביעקט האָט געשפּילט.
M-3-facs_271_tr_1755674156-010	P-3-facs_271_tr_1755674156	3	facs_271_tr_1755674156	באַסענקאָ, בען	לאָפּע דע וועגאַ	male		"ער איז דער מחבר פֿון דער פּיעסע „דער גערטנער און דער הונט""."
M-3-facs_271_tr_1755674156-011	P-3-facs_271_tr_1755674156	3	facs_271_tr_1755674156	באַסענקאָ, בען	מאָריס שוואַרץ	male		דער סוביעקט האָט געשפּילט אין זיין אויפֿפֿירונג.
M-3-facs_271_tr_1755674156-012	P-3-facs_271_tr_1755674156	3	facs_271_tr_1755674156	באַסענקאָ, בען	לוס גערמאַן	female		דער סוביעקט האָט געשפּילט מיט איר אין שיקאַגאָ.
M-3-facs_271_tr_1755674156-013	P-3-facs_271_tr_1755674156	3	facs_271_tr_1755674156	באַסענקאָ, בען	מישע גערמאַן	male		דער סוביעקט האָט געשפּילט מיט אים אין שיקאַגאָ.
M-3-facs_271_tr_1755674156-014	P-3-facs_271_tr_1755674156	3	facs_271_tr_1755674156	באַסענקאָ, בען	ל. העריס	male		דער סוביעקט איז געפֿאָרן אויף אַ טור מיט אים.
M-3-facs_271_tr_1755674156-015	P-3-facs_271_tr_1755674156	3	facs_271_tr_1755674156	באַסענקאָ, בען	בעלאַ בעלערינאַ	female		דער סוביעקט איז געפֿאָרן אויף אַ טור מיט איר.
M-3-facs_271_tr_1755674156-016	P-3-facs_271_tr_1755674156	3	facs_271_tr_1755674156	באַסענקאָ, בען	אַרציבאַשעוו	male		"ער איז דער מחבר פֿון דער פּיעסע „אייפערזוכט""."
M-3-facs_271_tr_1755674156-017	P-3-facs_271_tr_1755674156	3	facs_271_tr_1755674156	באַסענקאָ, בען	רעסלער	male		"ער איז דער מחבר פֿון דער פּיעסע „60 טויזנט גבורים""."
M-3-facs_271_tr_1755674156-018	P-3-facs_271_tr_1755674156	3	facs_271_tr_1755674156	באַסענקאָ, בען	גאָטעספעלד	male		"ער איז דער מחבר פֿון דער פּיעסע „מחותנים""."
M-3-facs_271_tr_1755674156-019	P-3-facs_271_tr_1755674156	3	facs_271_tr_1755674156	באַסענקאָ, בען	פּיראַנדעלאָ	male		"ער איז דער מחבר פֿון דער פּיעסע „ער, זיי און דער אַקס""."
M-3-facs_271_tr_1755674156-020	P-3-facs_271_tr_1755674156	3	facs_271_tr_1755674156	באַסענקאָ, בען	סקולער	male		ער איז געווען אַ מיטגליד אין דער קליינקונסט-טרופּע מיט וועלכער דער סוביעקט האָט געאַרבעט.
M-3-facs_271_tr_1755674156-021	P-3-facs_271_tr_1755674156	3	facs_271_tr_1755674156	באַסענקאָ, בען	בלייך	male		ער איז געווען אַ מיטגליד אין דער קליינקונסט-טרופּע מיט וועלכער דער סוביעקט האָט געאַרבעט.
M-3-facs_271_tr_1755674156-022	P-3-facs_271_tr_1755674156	3	facs_271_tr_1755674156	באַסענקאָ, בען	גלאָסטאָן	male		ער איז געווען אַ מיטגליד אין דער קליינקונסט-טרופּע מיט וועלכער דער סוביעקט האָט געאַרבעט.
M-3-facs_271_tr_1755674156-023	P-3-facs_271_tr_1755674156	3	facs_271_tr_1755674156	באַסענקאָ, בען	גאָגאָל	male		"ער איז דער מחבר פֿון דער פּיעסע „רעוויזאָר""."
M-3-facs_271_tr_1755674156-024	P-3-facs_271_tr_1755674156	3	facs_271_tr_1755674156	באַסענקאָ, בען	גאָלדענבורג	male		דער סוביעקט האָט געשפּילט מיט אים אין פֿאַרקווער טעאַטער.
M-3-facs_271_tr_1755674156-025	P-3-facs_271_tr_1755674156	3	facs_271_tr_1755674156	באַסענקאָ, בען	שלום עליכם	male		דער סוביעקט האָט פֿאָרגעלייענט זיין ווערק אויף דער ראַדיאָ.
M-3-facs_271_tr_1755674157-000	P-3-facs_271_tr_1755674157	3	facs_271_tr_1755674157	בירנבוים, יוסף	פֿאָטער *	זכר	אַ שוחט	ער איז דער פֿאָטער פֿון דעם סוביעקט.
M-3-facs_271_tr_1755674157-001	P-3-facs_271_tr_1755674157	3	facs_271_tr_1755674157	בירנבוים, יוסף	געדער חסיד *	זכר		דער סוביעקט האָט ביי אים געגעסן „טעג“.
M-3-facs_271_tr_1755674157-002	P-3-facs_271_tr_1755674157	3	facs_271_tr_1755674157	בירנבוים, יוסף	קינדער *		טעאַטער-באַזוכער	זיי האָבן אין דעם סוביעקט אַרויסגערופֿן דעם אינטערעס צום יידישן טעאַטער.
M-3-facs_271_tr_1755674157-003	P-3-facs_271_tr_1755674157	3	facs_271_tr_1755674157	בירנבוים, יוסף	וועטשטיין	זכר	אַקטיאָר	דער סוביעקט איז באַגייסטערט געוואָרן פֿון אים.
M-3-facs_271_tr_1755674157-004	P-3-facs_271_tr_1755674157	3	facs_271_tr_1755674157	בירנבוים, יוסף	היימאַן	זכר	אַן אַקטיאָר אין ליטמאַנס טרופּע	ער איז דער ברודער פֿון דעם סוביעקט.
M-3-facs_271_tr_1755674157-005	P-3-facs_271_tr_1755674157	3	facs_271_tr_1755674157	בירנבוים, יוסף	מאָריס גאַנז	זכר		ער האָט זיך געווידמעט פּראָפעסיאָנעל דעם יידישן טעאַטער צוזאַמען מיט דעם סוביעקט אין לאָס אַנדזשעלעס.
M-3-facs_271_tr_1755674157-006	P-3-facs_271_tr_1755674157	3	facs_271_tr_1755674157	בירנבוים, יוסף	פּאָלי ווינטערס	נקבה		זי האָט זיך געווידמעט פּראָפעסיאָנעל דעם יידישן טעאַטער צוזאַמען מיט דעם סוביעקט אין לאָס אַנדזשעלעס.
M-3-facs_271_tr_1755674157-007	P-3-facs_271_tr_1755674157	3	facs_271_tr_1755674157	בירנבוים, יוסף	וויינשטיין	זכר		ער האָט זיך געווידמעט פּראָפעסיאָנעל דעם יידישן טעאַטער צוזאַמען מיט דעם סוביעקט אין לאָס אַנדזשעלעס.
M-3-facs_271_tr_1755674157-008	P-3-facs_271_tr_1755674157	3	facs_271_tr_1755674157	בירנבוים, יוסף	סעם פֿאָגעלנעסט	זכר		ער האָט זיך געווידמעט פּראָפעסיאָנעל דעם יידישן טעאַטער צוזאַמען מיט דעם סוביעקט אין לאָס אַנדזשעלעס.
M-3-facs_271_tr_1755674157-009	P-3-facs_271_tr_1755674157	3	facs_271_tr_1755674157	בירנבוים, יוסף	בעלאַ פרענק	נקבה		זי האָט זיך געווידמעט פּראָפעסיאָנעל דעם יידישן טעאַטער צוזאַמען מיט דעם סוביעקט אין לאָס אַנדזשעלעס.
M-3-facs_271_tr_1755674157-010	P-3-facs_271_tr_1755674157	3	facs_271_tr_1755674157	בירנבוים, יוסף	ליטמאַנען	זכר		דער סוביעקט איז געוואָרן אַ שותף צו אים אין 1935.
M-3-facs_271_tr_1755674157-011	P-3-facs_271_tr_1755674157	3	facs_271_tr_1755674157	בירנבוים, יוסף	מישע פישזאָן	זכר	דירעקטאָר	ער איז געווען אַ שותף מיט דעם סוביעקט אין 1935.
M-3-facs_271_tr_1755674157-012	P-3-facs_271_tr_1755674157	3	facs_271_tr_1755674157	בירנבוים, יוסף	בעטי פרענק	נקבה	דירעקטאָר	זי איז געווען אַ שותף מיט דעם סוביעקט אין 1935.
M-3-facs_271_tr_1755674157-013	P-3-facs_271_tr_1755674157	3	facs_271_tr_1755674157	בירנבוים, יוסף	פּסחקע בורשטיין	זכר	דירעקטאָר	ער איז געווען אַ שותף מיט דעם סוביעקט אין 1935.
M-3-facs_271_tr_1755674157-014	P-3-facs_271_tr_1755674157	3	facs_271_tr_1755674157	בירנבוים, יוסף	מאָריס שוואַרץ	זכר		דער סוביעקט האָט געבראַכט זיין טרופּע קיין קובאַ אין 1948.
M-3-facs_271_tr_1755674157-015	P-3-facs_271_tr_1755674157	3	facs_271_tr_1755674157	בירנבוים, יוסף	לואיס גראָס	זכר		ער פֿירט אָן אַ יידיש ראַדיאָ-פּראָגראַם צוזאַמען מיט דעם סוביעקט אין מימי ביטש.
M-3-facs_272_tr_1755674155-000	P-3-facs_272_tr_1755674155	3	facs_272_tr_1755674155	גולדאַן, אָלפֿדער מ. [אַב-דס-מאי גאָניאָנרסקי]	פֿאָטער*	זכר		ער איז דער פֿאָטער פֿון דעם סוביעקט.
M-3-facs_272_tr_1755674155-001	P-3-facs_272_tr_1755674155	3	facs_272_tr_1755674155	גולדאַן, אָלפֿדער מ. [אַב-דס-מאי גאָניאָנרסקי]	מוטער*	נקבה		זי איז די מוטער פֿון דעם סוביעקט.
M-3-facs_272_tr_1755674155-002	P-3-facs_272_tr_1755674155	3	facs_272_tr_1755674155	גולדאַן, אָלפֿדער מ. [אַב-דס-מאי גאָניאָנרסקי]	יואַוועליר*	זכר		דער סוביעקט האָט אָנגעהויבן לערנען ביי אים.
M-3-facs_272_tr_1755674155-003	P-3-facs_272_tr_1755674155	3	facs_272_tr_1755674155	גולדאַן, אָלפֿדער מ. [אַב-דס-מאי גאָניאָנרסקי]	קינסטלער*		בינע און עסטראַדע-קינסטלער	דער סוביעקט האָט זיך באַקענט מיט זיי אין קאָפע „רוסקאָיאַ גאָסטיניצאַ“.
M-3-facs_272_tr_1755674155-004	P-3-facs_272_tr_1755674155	3	facs_272_tr_1755674155	גולדאַן, אָלפֿדער מ. [אַב-דס-מאי גאָניאָנרסקי]	מענעדזשער*	זכר		דער סוביעקט האָט אים געהערט אין די וואָדעוויל-הייזער.
M-3-facs_272_tr_1755674155-005	P-3-facs_272_tr_1755674155	3	facs_272_tr_1755674155	גולדאַן, אָלפֿדער מ. [אַב-דס-מאי גאָניאָנרסקי]	שובערט	זכר		דער סוביעקט האָט געהערט זייער מענעדזשער אין זיינע וואָדעוויל-הייזער.
M-3-facs_272_tr_1755674155-006	P-3-facs_272_tr_1755674155	3	facs_272_tr_1755674155	גולדאַן, אָלפֿדער מ. [אַב-דס-מאי גאָניאָנרסקי]	דילינגהעים	זכר		דער סוביעקט האָט געהערט זייער מענעדזשער אין זיינע וואָדעוויל-הייזער.
M-3-facs_272_tr_1755674155-007	P-3-facs_272_tr_1755674155	3	facs_272_tr_1755674155	גולדאַן, אָלפֿדער מ. [אַב-דס-מאי גאָניאָנרסקי]	זיגפֿילד	זכר		דער סוביעקט האָט געהערט זייער מענעדזשער אין זיינע וואָדעוויל-הייזער.
M-3-facs_272_tr_1755674155-008	P-3-facs_272_tr_1755674155	3	facs_272_tr_1755674155	גולדאַן, אָלפֿדער מ. [אַב-דס-מאי גאָניאָנרסקי]	טאָמאַשעווסקין	זכר		דער סוביעקט האָט אָנגעהויבן צו-שטעלן אים קאָנצערטיסטן.
M-3-facs_272_tr_1755674155-009	P-3-facs_272_tr_1755674155	3	facs_272_tr_1755674155	גולדאַן, אָלפֿדער מ. [אַב-דס-מאי גאָניאָנרסקי]	אַפֿרים צימבאַליסט	זכר		דער סוביעקט איז געוואָרן זיין פּערזענלעכער פֿאָרטרעטער.
M-3-facs_272_tr_1755674155-010	P-3-facs_272_tr_1755674155	3	facs_272_tr_1755674155	גולדאַן, אָלפֿדער מ. [אַב-דס-מאי גאָניאָנרסקי]	לעאָפּאָלד גאָדאָווסקי	זכר	פּיאַניסט	דער סוביעקט איז געוואָרן זיין פּערזענלעכער פֿאָרטרעטער.
M-3-facs_272_tr_1755674155-011	P-3-facs_272_tr_1755674155	3	facs_272_tr_1755674155	גולדאַן, אָלפֿדער מ. [אַב-דס-מאי גאָניאָנרסקי]	מאָלווינע לאָבעל	נקבה		דער סוביעקט האָט פֿאַרוואַלטעט אירע גאַסט-שפּילן אין לאָנדאָן.
M-3-facs_272_tr_1755674155-012	P-3-facs_272_tr_1755674155	3	facs_272_tr_1755674155	גולדאַן, אָלפֿדער מ. [אַב-דס-מאי גאָניאָנרסקי]	י. וו. ראָזענטאַל	זכר	מענעדזשמענט	דער סוביעקט האָט פֿאַרוואַלטעט גאַסט-שפּילן אונטער זיין מענעדזשמענט.
M-3-facs_272_tr_1755674155-013	P-3-facs_272_tr_1755674155	3	facs_272_tr_1755674155	גולדאַן, אָלפֿדער מ. [אַב-דס-מאי גאָניאָנרסקי]	סער אָסוואַלד סטאָל	זכר	מענעדזשמענט פֿון לאָנדאָנער קאָליסעאום טעאַטער	דער סוביעקט האָט פֿאַרוואַלטעט אַ סקעטש אונטער זיין מענעדזשמענט.
M-3-facs_272_tr_1755674155-014	P-3-facs_272_tr_1755674155	3	facs_272_tr_1755674155	גולדאַן, אָלפֿדער מ. [אַב-דס-מאי גאָניאָנרסקי]	דזשייקאָב	זכר		דער סוביעקט האָט פֿאַרוואַלטעט זיינע גאַסטפּילן.
M-3-facs_272_tr_1755674155-015	P-3-facs_272_tr_1755674155	3	facs_272_tr_1755674155	גולדאַן, אָלפֿדער מ. [אַב-דס-מאי גאָניאָנרסקי]	סעראַ אַדלער	נקבה		דער סוביעקט האָט פֿאַרוואַלטעט אירע גאַסטפּילן.
M-3-facs_272_tr_1755674155-016	P-3-facs_272_tr_1755674155	3	facs_272_tr_1755674155	גולדאַן, אָלפֿדער מ. [אַב-דס-מאי גאָניאָנרסקי]	דוד קעסלער	זכר		דער סוביעקט האָט פֿאַרוואַלטעט זיינע גאַסטפּילן.
M-3-facs_272_tr_1755674155-017	P-3-facs_272_tr_1755674155	3	facs_272_tr_1755674155	גולדאַן, אָלפֿדער מ. [אַב-דס-מאי גאָניאָנרסקי]	באָריס טאָמאַשעווסקי	זכר		דער סוביעקט האָט פֿאַרוואַלטעט זיינע גאַסטפּילן.
M-3-facs_272_tr_1755674155-018	P-3-facs_272_tr_1755674155	3	facs_272_tr_1755674155	גולדאַן, אָלפֿדער מ. [אַב-דס-מאי גאָניאָנרסקי]	צילע אַדלער	נקבה		דער סוביעקט האָט פֿאַרוואַלטעט אירע גאַסטפּילן.
M-3-facs_272_tr_1755674155-019	P-3-facs_272_tr_1755674155	3	facs_272_tr_1755674155	גולדאַן, אָלפֿדער מ. [אַב-דס-מאי גאָניאָנרסקי]	עדווין רעלקין	זכר		ער איז צוזאַמען מיטן סוביעקט געווען דער מענעדזשער פֿון חזן זאַנוול קוואַרטיין.
M-3-facs_272_tr_1755674155-020	P-3-facs_272_tr_1755674155	3	facs_272_tr_1755674155	גולדאַן, אָלפֿדער מ. [אַב-דס-מאי גאָניאָנרסקי]	זאַנוול קוואַרטיין	זכר	חזן	דער סוביעקט איז געווען זיין מענעדזשער איבער אַמעריקע.
M-3-facs_272_tr_1755674155-021	P-3-facs_272_tr_1755674155	3	facs_272_tr_1755674155	גולדאַן, אָלפֿדער מ. [אַב-דס-מאי גאָניאָנרסקי]	מאָריס שוואַרצס	זכר		ער האָט געשריבן „זכרונות“ וועגן דעם סוביעקט.
M-3-facs_272_tr_1755674155-022	P-3-facs_272_tr_1755674155	3	facs_272_tr_1755674155	גולדאַן, אָלפֿדער מ. [אַב-דס-מאי גאָניאָנרסקי]	באַראַן ראָטשילד	זכר		ער האָט געענדערט זיין שטעלונג צו די גאַסט-פילן אַדאַנק דעם סוביעקט.
M-3-facs_272_tr_1755674152-000	P-3-facs_272_tr_1755674152	3	facs_272_tr_1755674152	גענדעל, הירש	פֿאָטער*	מענלעך	אַ מצבה-קריצער, וועלכער איז אַריבערגעבראַכט געוואָרן קיין ביאַליסטאָק צו מאַכן די מצבה אויפֿן ברודער-קבר פֿון דעם ביאַליסטאָקער פּאָגראָם	ער איז דער פֿאָטער פֿון דעם סוביעקט.
M-3-facs_272_tr_1755674152-001	P-3-facs_272_tr_1755674152	3	facs_272_tr_1755674152	גענדעל, הירש	יעקב מעסטל	מענלעך	רעזשי	ער איז געווען דער רעזשיסאָר פֿון דער ערשטער אַרטעף אויפֿפֿירונג וואו דער סוביעקט האָט זיך באַטייליקט.
M-3-facs_272_tr_1755674152-002	P-3-facs_272_tr_1755674152	3	facs_272_tr_1755674152	גענדעל, הירש	שטיימאַנס	מענלעך		"ער איז דער מחבר פֿון דער פּיעסע ""ביים טויער"" וואו דער סוביעקט האָט געשפּילט."
M-3-facs_272_tr_1755674152-003	P-3-facs_272_tr_1755674152	3	facs_272_tr_1755674152	גענדעל, הירש	בענאָ שניידער	מענלעך	רעזשי	ער איז געווען איינער פֿון די רעזשיסאָרן פֿון די אַרטער-פֿאַרשטעלונגען וואו דער סוביעקט האָט געשפּילט.
M-3-facs_272_tr_1755674152-004	P-3-facs_272_tr_1755674152	3	facs_272_tr_1755674152	גענדעל, הירש	בנימין צמח	מענלעך	רעזשי	ער איז געווען איינער פֿון די רעזשיסאָרן פֿון די אַרטער-פֿאַרשטעלונגען וואו דער סוביעקט האָט געשפּילט.
M-3-facs_272_tr_1755674152-005	P-3-facs_272_tr_1755674152	3	facs_272_tr_1755674152	גענדעל, הירש	יוסף בולאָוו	מענלעך	רעזשי	ער איז געווען איינער פֿון די רעזשיסאָרן פֿון די אַרטער-פֿאַרשטעלונגען וואו דער סוביעקט האָט געשפּילט.
M-3-facs_272_tr_1755674152-006	P-3-facs_272_tr_1755674152	3	facs_272_tr_1755674152	גענדעל, הירש	ר. בן-אַרי	מענלעך	רעזשי	ער איז געווען איינער פֿון די רעזשיסאָרן פֿון די אַרטער-פֿאַרשטעלונגען וואו דער סוביעקט האָט געשפּילט.
M-3-facs_272_tr_1755674152-007	P-3-facs_272_tr_1755674152	3	facs_272_tr_1755674152	גענדעל, הירש	מאַרק שווייד	מענלעך	רעזשי	ער איז געווען איינער פֿון די רעזשיסאָרן פֿון די אַרטער-פֿאַרשטעלונגען וואו דער סוביעקט האָט געשפּילט.
M-3-facs_272_tr_1755674151-000	P-3-facs_272_tr_1755674151	3	facs_272_tr_1755674151	גרובער דזשעי(יהושע)	עלטערן*		גוט-באַזיצער	זיי זענען די עלטערן פֿון דעם סוביעקט.
M-3-facs_272_tr_1755674151-001	P-3-facs_272_tr_1755674151	3	facs_272_tr_1755674151	גרובער דזשעי(יהושע)	הערי ליוויי	זכר	טעאַטער-מענעדזשער	ער האָט זיך באַפֿריינדעט מיט דעם סוביעקט און אים צוגערעדט זיך צו פֿאַרבינדן מיט יידיש טעאַטער.
M-3-facs_272_tr_1755674151-002	P-3-facs_272_tr_1755674151	3	facs_272_tr_1755674151	גרובער דזשעי(יהושע)	משה'לע לובער	זכר		ער האָט זיך פֿאַרבונדן מיט דעם סוביעקט צו ברענגען יידישע טרופּעס.
M-3-facs_272_tr_1755674151-003	P-3-facs_272_tr_1755674151	3	facs_272_tr_1755674151	גרובער דזשעי(יהושע)	אַברהם בערנשטיין	זכר		ער האָט זיך פֿאַרבונדן מיט דעם סוביעקט צו ברענגען יידישע טרופּעס.
M-3-facs_272_tr_1755674151-004	P-3-facs_272_tr_1755674151	3	facs_272_tr_1755674151	גרובער דזשעי(יהושע)	עמאַנועל	זכר		ער האָט זיך פֿאַרבונדן מיט דעם סוביעקט צו ברענגען יידישע טרופּעס.
M-3-facs_272_tr_1755674151-005	P-3-facs_272_tr_1755674151	3	facs_272_tr_1755674151	גרובער דזשעי(יהושע)	מייק טאָמאַשעווסקי	זכר		דער סוביעקט איז געווען זיין מענעדזשער 3 יאָר.
M-3-facs_272_tr_1755674151-006	P-3-facs_272_tr_1755674151	3	facs_272_tr_1755674151	גרובער דזשעי(יהושע)	אַנשל שאָר	זכר		ער איז געווען אַ שותף פֿון דעם סוביעקט.
M-3-facs_272_tr_1755674151-007	P-3-facs_272_tr_1755674151	3	facs_272_tr_1755674151	גרובער דזשעי(יהושע)	מירעלע	נקבה	שפּילט אויף דער יידישער בינע	זי איז די איינציקע טאָכטער פֿון דעם סוביעקט.
M-3-facs_272_tr_1755674151-008	P-3-facs_272_tr_1755674151	3	facs_272_tr_1755674151	גרובער דזשעי(יהושע)	ס. מינעסמאַן [רעגנסבערג]	זכר		ער האָט געשריבן וועגן דעם סוביעקט.
M-3-facs_273_tr_1755674142-000	P-3-facs_273_tr_1755674142	3	facs_273_tr_1755674142	יחסן, מרדכי	פֿאָטער *	זכר	אַ חסיד, אייגנטימער פֿון אַ קאַמאַשן-שטעפּעריי	דער פֿאָטער פֿון דעם סוביעקט.
M-3-facs_273_tr_1755674142-001	P-3-facs_273_tr_1755674142	3	facs_273_tr_1755674142	יחסן, מרדכי	עלטערן *			די עלטערן פֿון דעם סוביעקט.
M-3-facs_273_tr_1755674142-002	P-3-facs_273_tr_1755674142	3	facs_273_tr_1755674142	יחסן, מרדכי	זיידן *	זכר	וואוינט אין בריסק	דער זיידע פֿון דעם סוביעקט.
M-3-facs_273_tr_1755674142-003	P-3-facs_273_tr_1755674142	3	facs_273_tr_1755674142	יחסן, מרדכי	חזן פוסמאַן	זכר		דער סוביעקט האָט געזונגען ביי אים.
M-3-facs_273_tr_1755674142-004	P-3-facs_273_tr_1755674142	3	facs_273_tr_1755674142	יחסן, מרדכי	איצעלע שוואַרץ	זכר		דער סוביעקט האָט געשפּילט יידיש טעאַטער אונטער זיין רעזשי.
M-3-facs_273_tr_1755674142-005	P-3-facs_273_tr_1755674142	3	facs_273_tr_1755674142	יחסן, מרדכי	סאַדיגורסקין	זכר		דער סוביעקט האָט געשפּילט מיט אים אין פוקלמאַנס טעאַטער.
M-3-facs_273_tr_1755674142-006	P-3-facs_273_tr_1755674142	3	facs_273_tr_1755674142	יחסן, מרדכי	בן ציון קאַץ	זכר	שפּעטערדיקן אַקטיאָר	ער האָט זיך באַגעגנט מיטן סוביעקט אין קריגסגעפאַנגען-לאַגער און זיי האָבן אָרגאַניזירט אַ טרופּע.
M-3-facs_273_tr_1755674142-007	P-3-facs_273_tr_1755674142	3	facs_273_tr_1755674142	יחסן, מרדכי	לומעט			דער סוביעקט האָט זיך באַטייליקט אין קונסט-אָוונטן מיט אים.
M-3-facs_273_tr_1755674142-008	P-3-facs_273_tr_1755674142	3	facs_273_tr_1755674142	יחסן, מרדכי	מישע גערמאַן	זכר		דער סוביעקט האָט געשפּילט מיט אים אין ראָלאַנד טעאַטער.
M-3-facs_273_tr_1755674142-009	P-3-facs_273_tr_1755674142	3	facs_273_tr_1755674142	יחסן, מרדכי	לוסי גערמאַן	נקבה		דער סוביעקט האָט געשפּילט מיט איר אין ראָלאַנד טעאַטער.
M-3-facs_273_tr_1755674142-010	P-3-facs_273_tr_1755674142	3	facs_273_tr_1755674142	יחסן, מרדכי	מנשה סקולניק	זכר		דער סוביעקט האָט מיט אים געשפּילט אין האָפּקינסאָן טעאַטער און אין סעקאָנד עוועניו טעאַטער.
M-3-facs_273_tr_1755674142-011	P-3-facs_273_tr_1755674142	3	facs_273_tr_1755674142	יחסן, מרדכי	די האָלענדערס			דער סוביעקט האָט געשפּילט מיט זיי אין האָפּקינסאָן טעאַטער.
M-3-facs_273_tr_1755674142-012	P-3-facs_273_tr_1755674142	3	facs_273_tr_1755674142	יחסן, מרדכי	וויליאַם שוואַרץ	זכר		דער סוביעקט האָט געשפּילט מיט אים אין האָפּקינסאָן טעאַטער.
M-3-facs_273_tr_1755674142-013	P-3-facs_273_tr_1755674142	3	facs_273_tr_1755674142	יחסן, מרדכי	פֿישל קנאַפּאָוו	זכר		דער סוביעקט האָט געשפּילט מיט אים אין ברוקלינער ליריק טעאַטער.
M-3-facs_273_tr_1755674142-014	P-3-facs_273_tr_1755674142	3	facs_273_tr_1755674142	יחסן, מרדכי	לואיס קרעמער	זכר		דער סוביעקט האָט געשפּילט מיט אים אין וויליאַמסבורגער אַמפיאָן טעאַטער.
M-3-facs_273_tr_1755674142-015	P-3-facs_273_tr_1755674142	3	facs_273_tr_1755674142	יחסן, מרדכי	ב. טאָמאַשעווסקי	זכר		ער האָט רעזשיסירט די פּיעסע וואו דער סוביעקט איז געווען אַ געהילף-סופּערווייזער.
M-3-facs_273_tr_1755674142-016	P-3-facs_273_tr_1755674142	3	facs_273_tr_1755674142	יחסן, מרדכי	הערי טאָמאַשעווסקי	זכר		ער האָט איבערגעזעצט און רעזשיסירט די ענגלישע ווערסיע פֿון דער פּיעסע.
M-3-facs_273_tr_1755674142-017	P-3-facs_273_tr_1755674142	3	facs_273_tr_1755674142	יחסן, מרדכי	בלייך			ער איז געווען איינער פֿון די רעזשיסאָרן פֿון דער רעווי געלעבט און געלאַכט און האָט געשפּילט מיטן סוביעקט אין פאַרקוועי טעאַטער.
M-3-facs_273_tr_1755674142-018	P-3-facs_273_tr_1755674142	3	facs_273_tr_1755674142	יחסן, מרדכי	סקולער			ער איז געווען איינער פֿון די רעזשיסאָרן פֿון דער רעווי געלעבט און געלאַכט.
M-3-facs_273_tr_1755674142-019	P-3-facs_273_tr_1755674142	3	facs_273_tr_1755674142	יחסן, מרדכי	באַרזעל			ער איז געווען איינער פֿון די רעזשיסאָרן פֿון דער רעווי געלעבט און געלאַכט און האָט געשפּילט מיטן סוביעקט אין פאַרקוועי טעאַטער.
M-3-facs_273_tr_1755674142-020	P-3-facs_273_tr_1755674142	3	facs_273_tr_1755674142	יחסן, מרדכי	בועז יאָנג	זכר		דער סוביעקט איז אַרויסגעטראָטן מיט אים אין אַ ראַדיאָ-פּראָגראַם.
M-3-facs_273_tr_1755674142-021	P-3-facs_273_tr_1755674142	3	facs_273_tr_1755674142	יחסן, מרדכי	מענדעלע מוכר ספרים	זכר		דער סוביעקט האָט געשפּילט אין אַ פֿילם לויט זיין ווערק.
M-3-facs_273_tr_1755674142-022	P-3-facs_273_tr_1755674142	3	facs_273_tr_1755674142	יחסן, מרדכי	דינה האַלפּערן	נקבה		דער סוביעקט האָט געשפּילט מיט איר אין פאַרקוועי טעאַטער.
M-3-facs_273_tr_1755674142-023	P-3-facs_273_tr_1755674142	3	facs_273_tr_1755674142	יחסן, מרדכי	מיכאָל ראָזענבערג	זכר		דער סוביעקט האָט געשפּילט מיט אים אין פאַרקוועי טעאַטער.
M-3-facs_273_tr_1755674142-024	P-3-facs_273_tr_1755674142	3	facs_273_tr_1755674142	יחסן, מרדכי	מיכאָל מיכאַלעסקאָ	זכר		דער סוביעקט האָט געשפּילט מיט אים אין סעקאָנד עוועניו טעאַטער.
M-3-facs_273_tr_1755674142-025	P-3-facs_273_tr_1755674142	3	facs_273_tr_1755674142	יחסן, מרדכי	מרים קרעסין	נקבה		דער סוביעקט האָט געשפּילט מיט איר אין סעקאָנד עוועניו טעאַטער.
M-3-facs_273_tr_1755674142-026	P-3-facs_273_tr_1755674142	3	facs_273_tr_1755674142	יחסן, מרדכי	מאַלי פיקאָן	נקבה		דער סוביעקט האָט געשפּילט מיט איר אין דזשאָלסאָן טעאַטער.
M-3-facs_273_tr_1755674139-000	P-3-facs_273_tr_1755674139	3	facs_273_tr_1755674139	סאָלאָוויאָוואַ, ראַאיסאַ [וואַקסמאַן]	פֿאָטער*	זכר	חזן	דער פֿאָטער פֿון דער סוביעקט.
M-3-facs_273_tr_1755674139-001	P-3-facs_273_tr_1755674139	3	facs_273_tr_1755674139	סאָלאָוויאָוואַ, ראַאיסאַ [וואַקסמאַן]	זיידע*	זכר	חזן	דער זיידע פֿון דער סוביעקט.
M-3-facs_273_tr_1755674139-002	P-3-facs_273_tr_1755674139	3	facs_273_tr_1755674139	סאָלאָוויאָוואַ, ראַאיסאַ [וואַקסמאַן]	ברודער*	זכר	אַ מיטגליד פֿון דער רוסישער אָפּערעטןטרופּע פֿון סוסלאָוו	דער ברודער פֿון דער סוביעקט וואָס האָט איר אַריינגעצויגן אין דער טרופּע.
M-3-facs_273_tr_1755674139-003	P-3-facs_273_tr_1755674139	3	facs_273_tr_1755674139	סאָלאָוויאָוואַ, ראַאיסאַ [וואַקסמאַן]	סוסלאָוו	זכר	אָנפֿירער פֿון אַ רוסישער אָפּערעטןטרופּע	דער אָנפֿירער פֿון דער טרופּע וווּ זי האָט אָנגעהויבן איר קאַריערע.
M-3-facs_273_tr_1755674139-004	P-3-facs_273_tr_1755674139	3	facs_273_tr_1755674139	סאָלאָוויאָוואַ, ראַאיסאַ [וואַקסמאַן]	פּראָפעסאָר שאַניאָווסקי	זכר		ער האָט איר אַריינגענומען אין דער דאָרטיקער קאָנסערוואַטאָריע אין ווילנע.
M-3-facs_273_tr_1755674139-005	P-3-facs_273_tr_1755674139	3	facs_273_tr_1755674139	סאָלאָוויאָוואַ, ראַאיסאַ [וואַקסמאַן]	פּיאַניסטקע פֿילאַטאָוואַ-פּאָליאַקאָוואַ	נקבה	פּיאַניסטקע	זי האָט איר רעקאָמענדירט אין רוסישן אָפּערעטן-טעאַטער 'בוף' אין פּעטערבורג.
M-3-facs_273_tr_1755674139-006	P-3-facs_273_tr_1755674139	3	facs_273_tr_1755674139	סאָלאָוויאָוואַ, ראַאיסאַ [וואַקסמאַן]	פּרימאַדאָנע*	נקבה	די קראַנק-געוואָרענע פּרימאַדאָנע	די פּרימאַדאָנע וועמען די סוביעקט האָט פֿאַרטרעטן אין פּעטערבורג.
M-3-facs_273_tr_1755674139-007	P-3-facs_273_tr_1755674139	3	facs_273_tr_1755674139	סאָלאָוויאָוואַ, ראַאיסאַ [וואַקסמאַן]	עלטערן ברודער*	זכר	אָנגעפֿירט פון איר רוסישער אָפערעטן-טר-פּע	דער עלטערער ברודער פֿון דער סוביעקט.
M-3-facs_273_tr_1755674139-008	P-3-facs_273_tr_1755674139	3	facs_273_tr_1755674139	סאָלאָוויאָוואַ, ראַאיסאַ [וואַקסמאַן]	דוד מעדאָוו	זכר	זינגער	דער מאַן פֿון דער סוביעקט.
M-3-facs_273_tr_1755674139-009	P-3-facs_273_tr_1755674139	3	facs_273_tr_1755674139	סאָלאָוויאָוואַ, ראַאיסאַ [וואַקסמאַן]	בעלאַ	נקבה	מוזיק-אַקאָמפּאַניסטקען	די טאָכטער פֿון דער סוביעקט.
M-3-facs_273_tr_1755674139-010	P-3-facs_273_tr_1755674139	3	facs_273_tr_1755674139	סאָלאָוויאָוואַ, ראַאיסאַ [וואַקסמאַן]	סעם	זכר	מוזיקאַראַנזשירער, דיריגענט און קאָמפּאָזיטאָר פֿון אַ ריי פּאָפּולערע ענגלישע לידער	דער זון פֿון דער סוביעקט.
M-3-facs_273_tr_1755674139-011	P-3-facs_273_tr_1755674139	3	facs_273_tr_1755674139	סאָלאָוויאָוואַ, ראַאיסאַ [וואַקסמאַן]	מאָלי	נקבה	אַ צוריקגעצויגענע זינגערין און פּיאַניסטין	די טאָכטער פֿון דער סוביעקט.
M-3-facs_273_tr_1755674139-012	P-3-facs_273_tr_1755674139	3	facs_273_tr_1755674139	סאָלאָוויאָוואַ, ראַאיסאַ [וואַקסמאַן]	משה	זכר	אַ באַפֿרייטער פֿון דער צווייטער וועלט-מלחמה	דער זון פֿון דער סוביעקט וואָס איז אומגעקומען אין 1945.
M-3-facs_274_tr_1755674141-000	P-3-facs_274_tr_1755674141	3	facs_274_tr_1755674141	פישמאַן, יעקב ש. ע	*פֿאָטער	זכר	חסידישע עלטערן	דער פֿאָטער פֿונעם סוביעקט.
M-3-facs_274_tr_1755674141-001	P-3-facs_274_tr_1755674141	3	facs_274_tr_1755674141	פישמאַן, יעקב ש. ע	*מוטער	נקבה	חסידישע עלטערן	די מוטער פֿונעם סוביעקט.
M-3-facs_274_tr_1755674141-002	P-3-facs_274_tr_1755674141	3	facs_274_tr_1755674141	פישמאַן, יעקב ש. ע	*חבר	זכר		אַ חבר מיט וועמען דער סוביעקט האָט געקויפט רעקוויזירטע קאָסטיומען און פֿאַרוקן.
M-3-facs_274_tr_1755674141-003	P-3-facs_274_tr_1755674141	3	facs_274_tr_1755674141	פישמאַן, יעקב ש. ע	אַדלער	זכר	אַדלער-סיעראָצקי	דער סוביעקט איז געווען געהילף-רעזטיסער ביי אים.
M-3-facs_274_tr_1755674141-004	P-3-facs_274_tr_1755674141	3	facs_274_tr_1755674141	פישמאַן, יעקב ש. ע	סיעראָצקי	זכר	אַדלער-סיעראָצקי	דער סוביעקט איז געווען געהילף-רעזטיסער ביי אים.
M-3-facs_274_tr_1755674150-000	P-3-facs_274_tr_1755674150	3	facs_274_tr_1755674150	רעשאַווער, מאַקס	פֿאָטער *	זכר	אַ שענקער	ער איז דער פֿאָטער פֿון דעם סוביעקט.
M-3-facs_274_tr_1755674150-001	P-3-facs_274_tr_1755674150	3	facs_274_tr_1755674150	רעשאַווער, מאַקס	לאַטיינער	זכר	מחבר פֿון דער פּיעסע „דאָס יידישע האַרץ“	דער סוביעקט האָט געוואָרן אַ בינע-אַרבעטער בעת דער אויפֿפֿירונג פֿון זיין פּיעסע.
M-3-facs_274_tr_1755674150-002	P-3-facs_274_tr_1755674150	3	facs_274_tr_1755674150	רעשאַווער, מאַקס	מאָלווינע לאָבעל	נקבה		דער סוביעקט איז געווען איר פֿאַרוואַלטער אין אַרגענטינע.
M-3-facs_274_tr_1755674150-003	P-3-facs_274_tr_1755674150	3	facs_274_tr_1755674150	רעשאַווער, מאַקס	עלווינג	זכר		דער סוביעקט איז געווען אַסיסטענט-דירעקטאָר פֿון זיין טעאַטער אין נואַרק.
M-3-facs_274_tr_1755674150-004	P-3-facs_274_tr_1755674150	3	facs_274_tr_1755674150	רעשאַווער, מאַקס	גערמאַנס			דער סוביעקט איז געווען פֿאַרבונדן מיט זיי עטלעכע יאָר.
M-3-facs_274_tr_1755674150-005	P-3-facs_274_tr_1755674150	3	facs_274_tr_1755674150	רעשאַווער, מאַקס	מיכאַלעסקאָ	זכר		דער סוביעקט איז געווען פֿאַרוואַלטער און פּרעס-אַגענט פֿאַר אים.
M-3-facs_274_tr_1755674150-006	P-3-facs_274_tr_1755674150	3	facs_274_tr_1755674150	רעשאַווער, מאַקס	טשאָרלס נעלסאָן	זכר	דירעקטאָר פֿון לאַנדייל טעאַטער	ער איז געווען דער דירעקטאָר פֿון לאַנדייל טעאַטער וואו דער סוביעקט האָט געאַרבעט.
M-3-facs_274_tr_1755674150-007	P-3-facs_274_tr_1755674150	3	facs_274_tr_1755674150	רעשאַווער, מאַקס	בלייך	זכר		דער סוביעקט איז געווען „ביזנעס מענעדזשער“ פֿון זיין טעאַטער.
M-3-facs_274_tr_1755674150-008	P-3-facs_274_tr_1755674150	3	facs_274_tr_1755674150	רעשאַווער, מאַקס	לעאַ פוקס	נקבה		דער סוביעקט האָט געאַרבעט מיט איר איין סעזאָן.
M-3-facs_274_tr_1755674150-009	P-3-facs_274_tr_1755674150	3	facs_274_tr_1755674150	רעשאַווער, מאַקס	עדמונד זאַיענדאַ	זכר		דער סוביעקט האָט געאַרבעט מיט אים איין סעזאָן.
M-3-facs_274_tr_1755674150-010	P-3-facs_274_tr_1755674150	3	facs_274_tr_1755674150	רעשאַווער, מאַקס	מאָריס שוואַרץ	זכר		דער סוביעקט האָט געאַרבעט מיט אים אין נעשאָנאַל טעאַטער.
M-3-facs_274_tr_1755674144-000	P-3-facs_274_tr_1755674144	3	facs_274_tr_1755674144	נייהויז, ציליע	וואָלף נייהויז	זכר	סופֿלער און טעאַטראָל (דעם קדוש)	ער איז געווען דער פֿאָטער פֿון דער סוביעקט.
M-3-facs_274_tr_1755674144-001	P-3-facs_274_tr_1755674144	3	facs_274_tr_1755674144	נייהויז, ציליע	דאָראַ ווייסמאַן	נקבה		זי האָט גאַסטראָלירט אין לאָדזשער יידישן טעאַטער.
M-3-facs_274_tr_1755674144-002	P-3-facs_274_tr_1755674144	3	facs_274_tr_1755674144	נייהויז, ציליע	אַננאַ יאָקובאָוויטש	נקבה		זי האָט גאַסטראָלירט אין לאָדזשער יידישן טעאַטער.
M-3-facs_274_tr_1755674144-003	P-3-facs_274_tr_1755674144	3	facs_274_tr_1755674144	נייהויז, ציליע	היימאַן יאָקובאָוויטש	זכר		ער האָט גאַסטראָלירט אין לאָדזשער יידישן טעאַטער.
M-3-facs_274_tr_1755674144-004	P-3-facs_274_tr_1755674144	3	facs_274_tr_1755674144	נייהויז, ציליע	לוסי גערמאַן	נקבה		זי האָט גאַסטראָלירט אין לאָדזשער יידישן טעאַטער.
M-3-facs_274_tr_1755674144-005	P-3-facs_274_tr_1755674144	3	facs_274_tr_1755674144	נייהויז, ציליע	מישע גערמאַן	זכר		ער האָט גאַסטראָלירט אין לאָדזשער יידישן טעאַטער.
M-3-facs_274_tr_1755674144-006	P-3-facs_274_tr_1755674144	3	facs_274_tr_1755674144	נייהויז, ציליע	מוטער *	נקבה		זי איז געווען די מוטער פֿון דער סוביעקט.
M-3-facs_275_tr_1755674163-000	P-3-facs_275_tr_1755674163	3	facs_275_tr_1755674163	שוואַרצבאַרד דוד	ה. פֿיינשטיין	זכר		ה. פֿיינשטיין גיט-איבער וועגן ש.'ס טעטיקייט ווי אַ דיריגענט.
M-3-facs_275_tr_1755674163-001	P-3-facs_275_tr_1755674163	3	facs_275_tr_1755674163	שוואַרצבאַרד דוד	זיידמאַן	זכר	איינעם	איינעם זיידמאַן האָט געשריבן די אָפּערע „מכירת און גדולת יוסף“ וואָס ש. האָט דיריגירט.
M-3-facs_275_tr_1755674163-002	P-3-facs_275_tr_1755674163	3	facs_275_tr_1755674163	שוואַרצבאַרד דוד	גוסטאָוו	זכר	ש.'ס זון	גוסטאָוו איז ש.'ס זון וואָס גיט-איבער וועגן זיין פֿאָטער און האָט געשפּילט אויף דער יידישער בינע.
M-3-facs_275_tr_1755674163-003	P-3-facs_275_tr_1755674163	3	facs_275_tr_1755674163	שוואַרצבאַרד דוד	גוטמאַן	זכר	איינעם גוטמאַן, וועלכער האָט געהאַלטן אַ יידיש טעאַטער אין וואַרשע אויפֿן מוראַנאָווער פּלאַץ	איינעם גוטמאַן איז געווען אַ שותף מיט ש.
M-3-facs_275_tr_1755674163-004	P-3-facs_275_tr_1755674163	3	facs_275_tr_1755674163	שוואַרצבאַרד דוד	מאַקמאַן (?)	זכר	אַ היטלמאַכער	מאַקמאַן (?) איז אַ היטלמאַכער וואָס האָט געשריבן די פּיעסעס „אחשורוש“ און „מכירת יוסף“ וואָס ש. האָט אויפֿגעפֿירט.
M-3-facs_275_tr_1755674163-005	P-3-facs_275_tr_1755674163	3	facs_275_tr_1755674163	שוואַרצבאַרד דוד	דר. יעקב שאָצקי	זכר		דר. יעקב שאָצקי גיט-אָן וועגן ש.'ס בענעפיס.
M-3-facs_275_tr_1755674163-006	P-3-facs_275_tr_1755674163	3	facs_275_tr_1755674163	שוואַרצבאַרד דוד	אסתר-רחל קאמינסקאַ	נקבה		אסתר-רחל קאמינסקאַ דערציילט אין אירע זכרונות וועגן ש.
M-3-facs_275_tr_1755674163-007	P-3-facs_275_tr_1755674163	3	facs_275_tr_1755674163	שוואַרצבאַרד דוד	קאַמינסקין	זכר		אסתר-רחל קאמינסקאַ איז מיט קאַמינסקין אַרומגעפֿאָרן איבער דער פּוילישער פּראָווינץ.
M-3-facs_275_tr_1755674163-008	P-3-facs_275_tr_1755674163	3	facs_275_tr_1755674163	שוואַרצבאַרד דוד	רעגינע	נקבה	ש.'ס טאָכטער	רעגינע איז ש.'ס טאָכטער וואָס האָט געשפּילט אויף דער יידישער בינע אין רוסלאַנד און פּוילן.
M-3-facs_275_tr_1755674154-000	P-3-facs_275_tr_1755674154	3	facs_275_tr_1755674154	שומסקי, וואָלף (מאַרמאָר]	צוקער	זכר	דיר.	ער איז געווען א דירעקטאָר פֿון דעם ייִדישן טעאַטער וווּ דער סוביעקט האָט געשפּילט.
M-3-facs_275_tr_1755674154-001	P-3-facs_275_tr_1755674154	3	facs_275_tr_1755674154	שומסקי, וואָלף (מאַרמאָר]	גוזיק	זכר		ער איז געווען א דירעקטאָר פֿון דעם ייִדישן טעאַטער וווּ דער סוביעקט האָט געשפּילט.
M-3-facs_275_tr_1755674154-002	P-3-facs_275_tr_1755674154	3	facs_275_tr_1755674154	שומסקי, וואָלף (מאַרמאָר]	לאַטיינערס	זכר		ער איז דער מחבר פֿון דער פּיעסע „כינקע און פינקע“.
M-3-facs_275_tr_1755674154-003	P-3-facs_275_tr_1755674154	3	facs_275_tr_1755674154	שומסקי, וואָלף (מאַרמאָר]	זאַנדבערגן	זכר		דער סוביעקט האָט ביי אים געשפּילט אַ סעזאָן אין לאָדזש.
M-3-facs_275_tr_1755674154-004	P-3-facs_275_tr_1755674154	3	facs_275_tr_1755674154	שומסקי, וואָלף (מאַרמאָר]	ליפּאָווסקי	זכר		דער סוביעקט האָט געשפּילט אין זיין טרופּע אין ווילנע און כאָרבין.
M-3-facs_275_tr_1755674154-005	P-3-facs_275_tr_1755674154	3	facs_275_tr_1755674154	שומסקי, וואָלף (מאַרמאָר]	גענפער	זכר		דער סוביעקט האָט געשפּילט אין זיין טרופּע אין ווילנע.
M-3-facs_275_tr_1755674154-006	P-3-facs_275_tr_1755674154	3	facs_275_tr_1755674154	שומסקי, וואָלף (מאַרמאָר]	קאָמפּאַניעעץ	זכר		דער סוביעקט האָט געשפּילט אין זיין טרופּע אין וואַרשע.
M-3-facs_275_tr_1755674154-007	P-3-facs_275_tr_1755674154	3	facs_275_tr_1755674154	שומסקי, וואָלף (מאַרמאָר]	אסתר-רחל קאמינסקא	נקבה		דער סוביעקט האָט געפֿאָרט מיט איר טרופּע איבער רוסלאַנד.
M-3-facs_275_tr_1755674154-008	P-3-facs_275_tr_1755674154	3	facs_275_tr_1755674154	שומסקי, וואָלף (מאַרמאָר]	יצחק לעשס	זכר		ער איז דער מחבר פֿון די אָפּערעטעס „יאָשקע כוואַט“ און „וועלוול שייגעץ“.
M-3-facs_275_tr_1755674154-009	P-3-facs_275_tr_1755674154	3	facs_275_tr_1755674154	שומסקי, וואָלף (מאַרמאָר]	ש. גאָלדפֿאַרב	זכר	פֿאַרלאַג	ער איז דער פֿאַרלעגער פֿון דער אָפּערעטע „ליאָווקע מאָלאָדיעץ“.
M-3-facs_275_tr_1755674154-010	P-3-facs_275_tr_1755674154	3	facs_275_tr_1755674154	שומסקי, וואָלף (מאַרמאָר]	לעבעדיעוו	זכר		ער האָט אויפֿגעפֿירט די אָפּערעטע „ליאָווקע מאָלאָדיעץ“ אין ניו יאָרק.
M-3-facs_275_tr_1755674154-011	P-3-facs_275_tr_1755674154	3	facs_275_tr_1755674154	שומסקי, וואָלף (מאַרמאָר]	אַברהם פישזאָנס	זכר		דער סוביעקט האָט געפֿאָרט מיט זיין טרופּע קיין שאַנכיי.
M-3-facs_275_tr_1755674154-012	P-3-facs_275_tr_1755674154	3	facs_275_tr_1755674154	שומסקי, וואָלף (מאַרמאָר]	באָריס טאָמאַשעווסקי	זכר		ער האָט געשפּילט מיטן סוביעקט אין רוסלאַנד און אים רעקאָמענדירט קיין אַמעריקע.
M-3-facs_275_tr_1755674154-013	P-3-facs_275_tr_1755674154	3	facs_275_tr_1755674154	שומסקי, וואָלף (מאַרמאָר]	ראָזע זילבערט	נקבה	טעאַטער	דער סוביעקט האָט דעביוטירט אין איר טעאַטער אין אַמעריקע.
M-3-facs_275_tr_1755674154-014	P-3-facs_275_tr_1755674154	3	facs_275_tr_1755674154	שומסקי, וואָלף (מאַרמאָר]	הערמאַן זאַליס	זכר		ער האָט געשריבן די מוזיק פֿאַר דער אָפּערעטע „וועלוול שייגעץ“.
M-3-facs_275_tr_1755674154-015	P-3-facs_275_tr_1755674154	3	facs_275_tr_1755674154	שומסקי, וואָלף (מאַרמאָר]	וו. שומסקי	זכר		ער האָט געשריבן די מוזיק פֿאַר דער אָפּערעטע „וועלוול שייגעץ“.
M-3-facs_275_tr_1755674154-016	P-3-facs_275_tr_1755674154	3	facs_275_tr_1755674154	שומסקי, וואָלף (מאַרמאָר]	פעלאַ לאַנצמאַן-שומסקי	נקבה	האָט געשפּילט אויף דער יידישער בינע	זי איז די פֿרוי פֿון דעם סוביעקט.
M-3-facs_275_tr_1755674154-017	P-3-facs_275_tr_1755674154	3	facs_275_tr_1755674154	שומסקי, וואָלף (מאַרמאָר]	מיריאָם ליפשיץ	נקבה	האָט געשפּילט אין יידישן טעאַטער אין ראַטנפֿאַרבאַנד	זי איז די שוועסטער פֿון דעם סוביעקט.
M-3-facs_275_tr_1755674168-000	P-3-facs_275_tr_1755674168	3	facs_275_tr_1755674168	שומסקי, פעלאַ [כור-לאַנצמאַן]	פֿאָטער*	זכר	באַזיצער פֿון אַ שוך-פֿאַבריקל	ער איז דער פֿאָטער פֿון דעם סוביעקט.
M-3-facs_275_tr_1755674168-001	P-3-facs_275_tr_1755674168	3	facs_275_tr_1755674168	שומסקי, פעלאַ [כור-לאַנצמאַן]	עלטערן*			זי איז אַריינגעטראָטן אין כאָר קעגן דעם ווילן פֿון אירע עלטערן.
M-3-facs_275_tr_1755674168-002	P-3-facs_275_tr_1755674168	3	facs_275_tr_1755674168	שומסקי, פעלאַ [כור-לאַנצמאַן]	טיטעלמאַן	זכר	אָנפֿירונג פֿון אַ יידישער פּראָווינץ-טרופּע	ער איז געווען דער אָנפֿירער פֿון דער טרופּע וואו זי האָט אָנגעהויבן שפּילן.
M-3-facs_275_tr_1755674168-003	P-3-facs_275_tr_1755674168	3	facs_275_tr_1755674168	שומסקי, פעלאַ [כור-לאַנצמאַן]	אַן אַקטטריסע*	נקבה		דער סוביעקט האָט דעביוטירט אין איר ראָלע בעת איר קראַנקייט.
M-3-facs_275_tr_1755674168-004	P-3-facs_275_tr_1755674168	3	facs_275_tr_1755674168	שומסקי, פעלאַ [כור-לאַנצמאַן]	סאָבסיי	זכר		זי איז אַריינגעטראָטן ווי אַן אַקטריסע אין זיין טרופּע.
M-3-facs_275_tr_1755674168-005	P-3-facs_275_tr_1755674168	3	facs_275_tr_1755674168	שומסקי, פעלאַ [כור-לאַנצמאַן]	ספּיוואַקאָווסקי	זכר		זי איז איבערגעגאַנגען אין זיין טרופּע וואו זי איז געוואָרן געזאַנג-פּרימאַדאָנע.
M-3-facs_275_tr_1755674168-006	P-3-facs_275_tr_1755674168	3	facs_275_tr_1755674168	שומסקי, פעלאַ [כור-לאַנצמאַן]	סעם אַדלער	זכר		זי איז איבערגעגאַנגען אין זיין טרופּע וואו זי איז געוואָרן געזאַנג-פּרימאַדאָנע.
M-3-facs_275_tr_1755674168-007	P-3-facs_275_tr_1755674168	3	facs_275_tr_1755674168	שומסקי, פעלאַ [כור-לאַנצמאַן]	אסתר רחל קאמינסקא	נקבה		דער סוביעקט האָט געשפּילט מיט איר אַ געוויסע צייט.
M-3-facs_275_tr_1755674168-008	P-3-facs_275_tr_1755674168	3	facs_275_tr_1755674168	שומסקי, פעלאַ [כור-לאַנצמאַן]	לאַנצמאַן	זכר	איר ערשטן מאַן	ער איז געווען איר ערשטער מאַן.
M-3-facs_275_tr_1755674168-009	P-3-facs_275_tr_1755674168	3	facs_275_tr_1755674168	שומסקי, פעלאַ [כור-לאַנצמאַן]	וואָלף שומסקי	זכר	אַק טיאָר	ער איז געווען איר צווייטער מאַן.
M-3-facs_276_tr_1755674176-000	P-3-facs_276_tr_1755674176	3	facs_276_tr_1755674176	שער-גרין, אסתר	פֿאָטער*	זכר	פֿרומע עלטערן, וועלכע האָבן געהאַלטן אַ רעסטאָראַן אויף איסט בראָדוויי	ער איז געווען דער פֿאָטער פֿון דער סוביעקט.
M-3-facs_276_tr_1755674176-001	P-3-facs_276_tr_1755674176	3	facs_276_tr_1755674176	שער-גרין, אסתר	מוטער*	נקבה	פֿרומע עלטערן, וועלכע האָבן געהאַלטן אַ רעסטאָראַן אויף איסט בראָדוויי	זי איז געווען די מוטער פֿון דער סוביעקט.
M-3-facs_276_tr_1755674176-002	P-3-facs_276_tr_1755674176	3	facs_276_tr_1755674176	שער-גרין, אסתר	סעראַ אַדלער	נקבה		ש. געהאַט די געלעגנהיים צו שפּילן מיט סעראַ אַדלער.
M-3-facs_276_tr_1755674176-003	P-3-facs_276_tr_1755674176	3	facs_276_tr_1755674176	שער-גרין, אסתר	בעסי טאָמאַשעווסקי	נקבה		ש. געהאַט די געלעגנהיים צו שפּילן מיט בעסי טאָמאַשעווסקי.
M-3-facs_276_tr_1755674176-004	P-3-facs_276_tr_1755674176	3	facs_276_tr_1755674176	שער-גרין, אסתר	רעגינאַ פּראַגער	נקבה		ש. געהאַט די געלעגנהיים צו שפּילן מיט רעגינאַ פּראַגער.
M-3-facs_276_tr_1755674176-005	P-3-facs_276_tr_1755674176	3	facs_276_tr_1755674176	שער-גרין, אסתר	יעקב בן-עמי	זכר		ש. געהאַט די געלעגנהיים צו שפּילן מיט יעקב בן-עמי.
M-3-facs_276_tr_1755674176-006	P-3-facs_276_tr_1755674176	3	facs_276_tr_1755674176	שער-גרין, אסתר	משה טאַרלאָווסקי	זכר	דער קייכפּילער	דער קייכפּילער משה טאַרלאָווסקי כאַראַקטעריזירט זי.
M-3-facs_276_tr_1755674164-000	P-3-facs_276_tr_1755674164	3	facs_276_tr_1755674164	פישעלזאָהן, אפֿרים-פֿישל	מאַקס עריק	male		עריק בויט זיין מיינינג וועגן דעם מחבר פונעם שטיק.
M-3-facs_276_tr_1755674164-001	P-3-facs_276_tr_1755674164	3	facs_276_tr_1755674164	פישעלזאָהן, אפֿרים-פֿישל	ש. דובנאָוו	male		פֿון אים האָט די רעדאַקציע באַקומען דעם כתב-יד פֿון דער פּיעסע.
M-3-facs_276_tr_1755674164-002	P-3-facs_276_tr_1755674164	3	facs_276_tr_1755674164	פישעלזאָהן, אפֿרים-פֿישל	דר. חיים באַראַדיאַנסקי	male	"מחבר פונעם „אַריינפֿיר-שטודיע"""	"ער האָט געשריבן אן „אַריינפֿיר-שטודיע"" צו דער פּיעסע פֿונעם סוביעקט."
M-3-facs_276_tr_1755674164-003	P-3-facs_276_tr_1755674164	3	facs_276_tr_1755674164	פישעלזאָהן, אפֿרים-פֿישל	אויפֿגעקלערטן*	male	אַ כאראקטער אין דער פּיעסע	ער איז אַ כאראקטער אין דער פּיעסע וואָס דער סוביעקט האָט געשריבן.
M-3-facs_276_tr_1755674164-004	P-3-facs_276_tr_1755674164	3	facs_276_tr_1755674164	פישעלזאָהן, אפֿרים-פֿישל	פֿריינט*	male	זיין פֿריינט	ער איז אַ כאראקטער אין דער פּיעסע וואָס דער סוביעקט האָט געשריבן.
M-3-facs_276_tr_1755674164-005	P-3-facs_276_tr_1755674164	3	facs_276_tr_1755674164	פישעלזאָהן, אפֿרים-פֿישל	חסידים*	male	אַ גרופּע חסידים	זיי זענען כאראקטערס אין דער פּיעסע וואָס דער סוביעקט האָט געשריבן.
M-3-facs_276_tr_1755674164-006	P-3-facs_276_tr_1755674164	3	facs_276_tr_1755674164	פישעלזאָהן, אפֿרים-פֿישל	וועלוול זבאָרזשער	male	באַליבטע פֿאָלקסמשורר	דער סוביעקט פֿונעם אַרטיקל ווערט פֿאַרגליכן צו אים.
M-3-facs_276_tr_1755674164-007	P-3-facs_276_tr_1755674164	3	facs_276_tr_1755674164	פישעלזאָהן, אפֿרים-פֿישל	בערל בראָדער	male	באַליבטע פֿאָלקסמשורר	דער סוביעקט פֿונעם אַרטיקל ווערט פֿאַרגליכן צו אים.
M-3-facs_276_tr_1755674177-000	P-3-facs_276_tr_1755674177	3	facs_276_tr_1755674177	ליפשיץ, פֿריידעלע	צילע אוריך	female	אַן אַקטיאָרין פֿון אַ יידישער אַקטיאָרן-משפּחה	זי איז געווען איר מוטערס שוועסטער.
M-3-facs_276_tr_1755674177-001	P-3-facs_276_tr_1755674177	3	facs_276_tr_1755674177	ליפשיץ, פֿריידעלע	מוטער *	female		זי איז געווען איר מוטער, אונטער וועמענס השפּעה זי האָט גענומען שטודירן געזאַנג.
M-3-facs_276_tr_1755674177-002	P-3-facs_276_tr_1755674177	3	facs_276_tr_1755674177	ליפשיץ, פֿריידעלע	פּאַולין ווינטער	female	אָנפֿירונג פון אַ קינדער-טרופּע	זי איז געווען די אָנפֿירערין פֿון דער קינדער-טרופּע וווּ די סוביעקט האָט זיך באַטייליקט.
M-3-facs_276_tr_1755674177-003	P-3-facs_276_tr_1755674177	3	facs_276_tr_1755674177	ליפשיץ, פֿריידעלע	גאָלדפֿאַדען	male	דראַמאַטורג	די סוביעקט האָט געשפּילט אין זיין פּיעסע „שולמית“.
M-3-facs_276_tr_1755674177-004	P-3-facs_276_tr_1755674177	3	facs_276_tr_1755674177	ליפשיץ, פֿריידעלע	חנה האָלענדער	female	דירעקציע פֿון ליריק טעאַטער	זי איז געווען איינע פֿון די דירעקטאָרן פֿונעם טעאַטער וווּ די סוביעקט האָט געשפּילט.
M-3-facs_276_tr_1755674177-005	P-3-facs_276_tr_1755674177	3	facs_276_tr_1755674177	ליפשיץ, פֿריידעלע	איזיידאָר האָלענדער	male	דירעקציע פֿון ליריק טעאַטער	ער איז געווען איינער פֿון די דירעקטאָרן פֿונעם טעאַטער וווּ די סוביעקט האָט געשפּילט.
M-3-facs_276_tr_1755674177-006	P-3-facs_276_tr_1755674177	3	facs_276_tr_1755674177	ליפשיץ, פֿריידעלע	מנשה סקולניק	male	אַקטיאָר	די סוביעקט האָט געשפּילט מיט אים אין סעקאָנד עוועניו טעאַטער.
M-3-facs_276_tr_1755674177-007	P-3-facs_276_tr_1755674177	3	facs_276_tr_1755674177	ליפשיץ, פֿריידעלע	לוסי גערמאַן	female	אַקטיאָרין	די סוביעקט האָט געשפּילט מיט איר.
M-3-facs_276_tr_1755674177-008	P-3-facs_276_tr_1755674177	3	facs_276_tr_1755674177	ליפשיץ, פֿריידעלע	מישע גערמאַן	male	אַקטיאָר	די סוביעקט האָט געשפּילט מיט אים.
M-3-facs_276_tr_1755674177-009	P-3-facs_276_tr_1755674177	3	facs_276_tr_1755674177	ליפשיץ, פֿריידעלע	מיכאָל מיכאַלעסקאָ	male	אַקטיאָר	די סוביעקט האָט געשפּילט מיט אים.
M-3-facs_276_tr_1755674177-010	P-3-facs_276_tr_1755674177	3	facs_276_tr_1755674177	ליפשיץ, פֿריידעלע	הערמאַן יאַבלאָקאָוו	male	דירעקציע פֿון פּאָבליק טעאַטער	ער איז געווען דער דירעקטאָר פֿונעם טעאַטער וווּ זי האָט געשפּילט צוויי סעזאָנען.
M-3-facs_276_tr_1755674177-011	P-3-facs_276_tr_1755674177	3	facs_276_tr_1755674177	ליפשיץ, פֿריידעלע	מנחם רובין	male	אַקטיאָר	די סוביעקט האָט געשפּילט מיט אים אין פאַרקוויי טעאַטער און אויף אַ טור.
M-3-facs_276_tr_1755674177-012	P-3-facs_276_tr_1755674177	3	facs_276_tr_1755674177	ליפשיץ, פֿריידעלע	מאָריס שוואַרץ	male	אַקטיאָר	די סוביעקט האָט געשפּילט מיט אים אין קאַנאַדע און אין עלסמיר טעאַטער.
M-3-facs_276_tr_1755674177-013	P-3-facs_276_tr_1755674177	3	facs_276_tr_1755674177	ליפשיץ, פֿריידעלע	יעקב מעסטל	male	אַקטיאָר	די סוביעקט האָט געשפּילט מיט אים אויף אַ טור פֿאַרן יידישן אינטערנאַציאָנאַלן אַרבעטער אָרדן.
M-3-facs_276_tr_1755674177-014	P-3-facs_276_tr_1755674177	3	facs_276_tr_1755674177	ליפשיץ, פֿריידעלע	פּאָליאַ קאַדיסאָן	female	אַקטיאָרין	די סוביעקט האָט געשפּילט מיט איר אויף אַ טור פֿאַרן יידישן אינטערנאַציאָנאַלן אַרבעטער אָרדן.
M-3-facs_276_tr_1755674177-015	P-3-facs_276_tr_1755674177	3	facs_276_tr_1755674177	ליפשיץ, פֿריידעלע	ישראל וויעליטשאַנסקי	male	אַקטיאָר	די סוביעקט האָט געשפּילט מיט אים אין מעקסיקאָ.
M-3-facs_276_tr_1755674177-016	P-3-facs_276_tr_1755674177	3	facs_276_tr_1755674177	ליפשיץ, פֿריידעלע	רעימאָנד סמאָלאָווער	male	זינגער	די סוביעקט האָט געזונגען דועטן מיט אים אויף אַ רעקאָרד אַלבום.
M-3-facs_277_tr_1755674188-000	P-3-facs_277_tr_1755674188	3	facs_277_tr_1755674188	סקולניק, ברכה [גאָלדמאַן]	*רבנים	זכר		די סוביעקט שטאַמט פֿון זיי.
M-3-facs_277_tr_1755674188-001	P-3-facs_277_tr_1755674188	3	facs_277_tr_1755674188	סקולניק, ברכה [גאָלדמאַן]	*חסידים	זכר		די סוביעקט שטאַמט פֿון זיי.
M-3-facs_277_tr_1755674188-002	P-3-facs_277_tr_1755674188	3	facs_277_tr_1755674188	סקולניק, ברכה [גאָלדמאַן]	*סוחרים	זכר		די סוביעקט שטאַמט פֿון זיי.
M-3-facs_277_tr_1755674188-003	P-3-facs_277_tr_1755674188	3	facs_277_tr_1755674188	סקולניק, ברכה [גאָלדמאַן]	ישראל ראָזענבערג	זכר	דיר.	ער איז געווען אַ דירעקטאָר אין קלינטאָן טעאַטער ווו די סוביעקט האָט געשפּילט.
M-3-facs_277_tr_1755674188-004	P-3-facs_277_tr_1755674188	3	facs_277_tr_1755674188	סקולניק, ברכה [גאָלדמאַן]	וויעראַ ראָזאַנקא	נקבה		זי איז געווען אַ דירעקטאָר אין קלינטאָן טעאַטער ווו די סוביעקט האָט געשפּילט.
M-3-facs_277_tr_1755674194-000	P-3-facs_277_tr_1755674194	3	facs_277_tr_1755674194	ריינגלאַס, יעקב	משה בראָדערזאָן		"קינסטלערישער אָנפֿירונג פֿון קליינקונסט-טעאַטער „אַררט"""	משה בראָדערזאָן איז געווען דער קינסטלערישער אָנפֿירער פֿון דעם טעאַטער וואו ר. האָט געשפּילט.
M-3-facs_277_tr_1755674194-001	P-3-facs_277_tr_1755674194	3	facs_277_tr_1755674194	ריינגלאַס, יעקב	אידאַ קאַמינסקאַ		אין קאַמינסקיס טעאַטער אין וואַרשע	ר. האָט געשפּילט מיט אידאַ קאַמינסקאַ אין קאַמינסקיס טעאַטער פֿון 1933 ביז 1936.
M-3-facs_277_tr_1755674194-002	P-3-facs_277_tr_1755674194	3	facs_277_tr_1755674194	ריינגלאַס, יעקב	זיסל גאָרליצקאַ		זיין פרוי	זיסל גאָרליצקאַ איז די פרוי פֿון ר. און זי האָט מיט אים גאַסטראָלירט אין אויסלאַנד.
M-3-facs_277_tr_1755674194-003	P-3-facs_277_tr_1755674194	3	facs_277_tr_1755674194	ריינגלאַס, יעקב	יואָל בערגמאַן		שוישפּילער	"יואָל בערגמאַן האָט צוזאַמען מיט ר. געגרינדעט דאָס גליינקונסט טעאַטער ""באַלאַגאַניידען“."
M-3-facs_277_tr_1755674194-004	P-3-facs_277_tr_1755674194	3	facs_277_tr_1755674194	ריינגלאַס, יעקב	זון*		זון	ער איז דער זון פֿון ר. און איז מיט אים געקומען קיין פּוילן און קאַנאַדע.
M-3-facs_277_tr_1755674190-000	P-3-facs_277_tr_1755674190	3	facs_277_tr_1755674190	גאָרליצקאַ-ריינגלאַס, זיסל	פֿאָטער*	זכר	אַ גרויסער ליבהאָבער פֿון טעאַטער	ער איז איר פֿאָטער.
M-3-facs_277_tr_1755674190-001	P-3-facs_277_tr_1755674190	3	facs_277_tr_1755674190	גאָרליצקאַ-ריינגלאַס, זיסל	משה בראָדערזאָן	זכר	דער דיכטער, דער אָנפֿירער פֿון קליינקונסט-טעאַטער „אַררט“	דער דיכטער צו וועמען איר פֿאָטער האָט זי געבראַכט.
M-3-facs_277_tr_1755674190-002	P-3-facs_277_tr_1755674190	3	facs_277_tr_1755674190	גאָרליצקאַ-ריינגלאַס, זיסל	יעקב ריינגלאָס	זכר	אַקטיאָר	ער איז איר מאַן.
M-3-facs_277_tr_1755674190-003	P-3-facs_277_tr_1755674190	3	facs_277_tr_1755674190	גאָרליצקאַ-ריינגלאַס, זיסל	זון*	זכר		ער איז איר זון.
M-3-facs_277_tr_1755674190-004	P-3-facs_277_tr_1755674190	3	facs_277_tr_1755674190	גאָרליצקאַ-ריינגלאַס, זיסל	פֿאַמיליע*		אין טאָראַנטאָ	זי איז געקומען צו איר פֿאַמיליע אין טאָראַנטאָ.
M-3-facs_277_tr_1755674189-000	P-3-facs_277_tr_1755674189	3	facs_277_tr_1755674189	שייקעוויטש, דזשעק [יעקבן	פֿאָטער*	זכר	אַ שניידער	זיין פֿאָטער.
M-3-facs_277_tr_1755674189-001	P-3-facs_277_tr_1755674189	3	facs_277_tr_1755674189	שייקעוויטש, דזשעק [יעקבן	נינאַ הערצאָג	נקבה	שוישפּילערין	זיין פרוי.
M-3-facs_277_tr_1755674189-002	P-3-facs_277_tr_1755674189	3	facs_277_tr_1755674189	שייקעוויטש, דזשעק [יעקבן	סעראַ אַדלער	נקבה		ער האָט געמענעדזשט איר פּראָווינץ-טרופּע.
M-3-facs_277_tr_1755674189-003	P-3-facs_277_tr_1755674189	3	facs_277_tr_1755674189	שייקעוויטש, דזשעק [יעקבן	דוד מייעראָוויטש	זכר		"דער מחבר פֿון דער פּיעסע „דער גולם""."
M-3-facs_277_tr_1755674189-004	P-3-facs_277_tr_1755674189	3	facs_277_tr_1755674189	שייקעוויטש, דזשעק [יעקבן	ווילי פֿיין	זכר		"דער מחבר פֿון דער פּיעסע ""יענטע אויף בראָדוויי""."
M-3-facs_277_tr_1755674189-005	P-3-facs_277_tr_1755674189	3	facs_277_tr_1755674189	שייקעוויטש, דזשעק [יעקבן	איידאַ	נקבה		זיין טאָכטער.
M-3-facs_277_tr_1755674189-006	P-3-facs_277_tr_1755674189	3	facs_277_tr_1755674189	שייקעוויטש, דזשעק [יעקבן	אָלאַ נאָזימאָוואַ	נקבה		ער איז געווען דער מענעדזשער פֿון אירע ענגלישע פֿאַרשטעלונגען.
M-3-facs_277_tr_1755674189-007	P-3-facs_277_tr_1755674189	3	facs_277_tr_1755674189	שייקעוויטש, דזשעק [יעקבן	וואָלטער יוסטאָן	זכר		ער איז געווען דער מענעדזשער פֿון זיין ענגלישע פֿאַרשטעלונגען.
M-3-facs_278_tr_1755674210-000	P-3-facs_278_tr_1755674210	3	facs_278_tr_1755674210	שייקעוויטש, נינאַ [הע צאָג]	פֿרומע פֿאָטער*	זכר	אין 1901 געקומען מיט אירע עלטערן אין אַמעריקע	ער איז איר פֿאָטער.
M-3-facs_278_tr_1755674210-001	P-3-facs_278_tr_1755674210	3	facs_278_tr_1755674210	שייקעוויטש, נינאַ [הע צאָג]	פֿרומע מוטער*	נקבה	אין 1901 געקומען מיט אירע עלטערן אין אַמעריקע	זי איז איר מוטער.
M-3-facs_278_tr_1755674210-002	P-3-facs_278_tr_1755674210	3	facs_278_tr_1755674210	שייקעוויטש, נינאַ [הע צאָג]	מלמד*	זכר	געלערנט יידיש ביי אַ מלמד	ער האָט איר געלערנט יידיש.
M-3-facs_278_tr_1755674210-003	P-3-facs_278_tr_1755674210	3	facs_278_tr_1755674210	שייקעוויטש, נינאַ [הע צאָג]	יעקב שייקעוויטש	זכר	שוישפּילער און מענעדזשער	ער איז איר מאַן.
M-3-facs_278_tr_1755674210-004	P-3-facs_278_tr_1755674210	3	facs_278_tr_1755674210	שייקעוויטש, נינאַ [הע צאָג]	יעקב גאָרדין	זכר	"יעקב גאָרדינס „אָן אַ היים"""	זי האָט געשפּילט אין זיין פּיעסע.
M-3-facs_278_tr_1755674210-005	P-3-facs_278_tr_1755674210	3	facs_278_tr_1755674210	שייקעוויטש, נינאַ [הע צאָג]	סעראַ אַדלער	נקבה	מיט סעראַ אַדלער איבער דער אַמעריקאַנער פּראָווינץ	זי האָט געשפּילט מיט איר.
M-3-facs_278_tr_1755674210-006	P-3-facs_278_tr_1755674210	3	facs_278_tr_1755674210	שייקעוויטש, נינאַ [הע צאָג]	איידאַ	נקבה	ש.'ס טאָכטער, אויסשטודירט אויף לערערין	זי איז איר טאָכטער.
M-3-facs_278_tr_1755674210-007	P-3-facs_278_tr_1755674210	3	facs_278_tr_1755674210	שייקעוויטש, נינאַ [הע צאָג]	הערבערט אייבראַמסאָן	זכר	אַדוואַקאַט	ער איז איר איידעם.
M-3-facs_278_tr_1755674210-008	P-3-facs_278_tr_1755674210	3	facs_278_tr_1755674210	שייקעוויטש, נינאַ [הע צאָג]	שרה קינדכאַן	נקבה		זי איז די מחברת פֿון דעם אַרטיקל.
M-3-facs_278_tr_1755674211-000	P-3-facs_278_tr_1755674211	3	facs_278_tr_1755674211	נוסענבוים, לייזער	פֿאָטער *	זכר	געהאַט סמיכות אויף רבנות, געוואָרן אַ גבאי אויף מעמדות ביים טשאַרטקאָווער רבי	דער פֿאָטער פונעם סוביעקט.
M-3-facs_278_tr_1755674211-001	P-3-facs_278_tr_1755674211	3	facs_278_tr_1755674211	נוסענבוים, לייזער	טשאַרטקאָווער רבי	זכר	רבי אין טשאַרטקאָוו	דער פֿאָטער פונעם סוביעקט איז געווען א גבאי ביי אים.
M-3-facs_278_tr_1755674211-002	P-3-facs_278_tr_1755674211	3	facs_278_tr_1755674211	נוסענבוים, לייזער	ברוך שאָר	זכר	נעמט אים אָן אַלס משורר	דער סוביעקט איז געווען ביי אים א משורר עטלעכע יאָר.
M-3-facs_278_tr_1755674211-003	P-3-facs_278_tr_1755674211	3	facs_278_tr_1755674211	נוסענבוים, לייזער	חזן זינגמאַן	זכר	חזן אין וויניפּעג	דער סוביעקט האָט געזונגען ביי אים אַלס טענאָר.
M-3-facs_278_tr_1755674211-004	P-3-facs_278_tr_1755674211	3	facs_278_tr_1755674211	נוסענבוים, לייזער	משה טרילער	זכר		דורך אים איז דער סוביעקט צוגעצויגן געוואָרן צום יידישן טעאַטער.
M-3-facs_278_tr_1755674211-005	P-3-facs_278_tr_1755674211	3	facs_278_tr_1755674211	נוסענבוים, לייזער	גאָלדפֿאַדען	זכר	מחבר פֿון יידישע אָפּערעטן	דער סוביעקט האָט דעביוטירט און געשפּילט הויפּט-ראָלן אין זײַנע פּיעסעס.
M-3-facs_278_tr_1755674211-006	P-3-facs_278_tr_1755674211	3	facs_278_tr_1755674211	נוסענבוים, לייזער	קעני ליפּצין	נקבה	סטאַר	דער סוביעקט האָט איר געבראַכט אויף גאַסטראָלן אין זײַן טעאַטער.
M-3-facs_278_tr_1755674211-007	P-3-facs_278_tr_1755674211	3	facs_278_tr_1755674211	נוסענבוים, לייזער	יעקב פ. אַדלער	זכר	סטאַר	דער סוביעקט האָט אים געבראַכט אויף גאַסטראָלן אין זײַן טעאַטער.
M-3-facs_278_tr_1755674211-008	P-3-facs_278_tr_1755674211	3	facs_278_tr_1755674211	נוסענבוים, לייזער	דוד קעסלער	זכר	סטאַר	דער סוביעקט האָט אים געבראַכט אויף גאַסטראָלן אין זײַן טעאַטער.
M-3-facs_278_tr_1755674211-009	P-3-facs_278_tr_1755674211	3	facs_278_tr_1755674211	נוסענבוים, לייזער	באָריס טאָמאַשעווסקי	זכר	סטאַר	דער סוביעקט האָט אים געבראַכט אויף גאַסטראָלן אין זײַן טעאַטער.
M-3-facs_278_tr_1755674211-010	P-3-facs_278_tr_1755674211	3	facs_278_tr_1755674211	נוסענבוים, לייזער	רעגינע פּראַגער	נקבה	סטאַר	דער סוביעקט האָט איר געבראַכט אויף גאַסטראָלן און שפּעטער געשפּילט מיט איר אין שיקאַגאָ.
M-3-facs_278_tr_1755674211-011	P-3-facs_278_tr_1755674211	3	facs_278_tr_1755674211	נוסענבוים, לייזער	רודאָלף שילדקרויט	זכר	סטאַר	דער סוביעקט האָט אים געבראַכט אויף גאַסטראָלן אין זײַן טעאַטער.
M-3-facs_278_tr_1755674211-012	P-3-facs_278_tr_1755674211	3	facs_278_tr_1755674211	נוסענבוים, לייזער	סעראַ אַדלער	נקבה		דער סוביעקט האָט מיט איר געשפּילט אין שיקאַגאָ.
M-3-facs_278_tr_1755674211-013	P-3-facs_278_tr_1755674211	3	facs_278_tr_1755674211	נוסענבוים, לייזער	בינע אַבראַמאָוויטש	נקבה		דער סוביעקט האָט מיט איר געשפּילט אין שיקאַגאָ.
M-3-facs_278_tr_1755674211-014	P-3-facs_278_tr_1755674211	3	facs_278_tr_1755674211	נוסענבוים, לייזער	קלמן יאָווילער	זכר		דער סוביעקט האָט מיט אים געשפּילט אין שיקאַגאָ.
M-3-facs_278_tr_1755674211-015	P-3-facs_278_tr_1755674211	3	facs_278_tr_1755674211	נוסענבוים, לייזער	מעי וועסט	נקבה	אַמעריקאַנער שוישפּילערין	דער סוביעקט האָט מיט איר מיטגעשפּילט און אַרומגעפֿאָרן איבער אַַמעריקע.
M-3-facs_278_tr_1755674209-000	P-3-facs_278_tr_1755674209	3	facs_278_tr_1755674209	פידלער הערמאַן [אַברהם הערש]	פֿאָטער*	זכר	אַ וויאָליניסט, האָט געפֿירט אַן אייגענעם אָרקעסטער	ער איז דער פֿאָטער פֿונעם סוביעקט.
M-3-facs_278_tr_1755674209-001	P-3-facs_278_tr_1755674209	3	facs_278_tr_1755674209	פידלער הערמאַן [אַברהם הערש]	מאָזעס בעניאמינסאָן	זכר	מוזיקער	ער האָט געלערנט דעם סוביעקט וויאָלין און אים גענומען צו דערציען און אויפֿהאַלטן.
M-3-facs_278_tr_1755674209-002	P-3-facs_278_tr_1755674209	3	facs_278_tr_1755674209	פידלער הערמאַן [אַברהם הערש]	מוטער*	נקבה		זי איז די מוטער פֿונעם סוביעקט.
M-3-facs_278_tr_1755674209-003	P-3-facs_278_tr_1755674209	3	facs_278_tr_1755674209	פידלער הערמאַן [אַברהם הערש]	שוועסטער*	נקבה		זי איז די שוועסטער פֿונעם סוביעקט.
M-3-facs_278_tr_1755674209-004	P-3-facs_278_tr_1755674209	3	facs_278_tr_1755674209	פידלער הערמאַן [אַברהם הערש]	אַדלער	זכר	יידישער אַקטיאָר	דער סוביעקט האָט געשפּילט אין זיין אָרקעסטער.
M-3-facs_278_tr_1755674209-005	P-3-facs_278_tr_1755674209	3	facs_278_tr_1755674209	פידלער הערמאַן [אַברהם הערש]	קאַרפּ	זכר	יידישער אַקטיאָר	דער סוביעקט האָט געשפּילט אין זיין אָרקעסטער.
M-3-facs_278_tr_1755674209-006	P-3-facs_278_tr_1755674209	3	facs_278_tr_1755674209	פידלער הערמאַן [אַברהם הערש]	לייזער צוקערמאַן	זכר	יידישער אַקטיאָר	דער סוביעקט האָט געשפּילט אין זיין אָרקעסטער.
M-3-facs_278_tr_1755674209-007	P-3-facs_278_tr_1755674209	3	facs_278_tr_1755674209	פידלער הערמאַן [אַברהם הערש]	טאַבאַטשניקאָוו	זכר	יידישער אַקטיאָר	דער סוביעקט האָט געשפּילט אין זיין אָרקעסטער.
M-3-facs_278_tr_1755674209-008	P-3-facs_278_tr_1755674209	3	facs_278_tr_1755674209	פידלער הערמאַן [אַברהם הערש]	יוסף וויינשטאָק	זכר		דער סוביעקט איז געווען א דיריגענט אין זיין טרופּע.
M-3-facs_278_tr_1755674209-009	P-3-facs_278_tr_1755674209	3	facs_278_tr_1755674209	פידלער הערמאַן [אַברהם הערש]	חאַלאַן	זכר		דער סוביעקט איז געווען א דיריגענט אין זיין טרופּע.
M-3-facs_278_tr_1755674209-010	P-3-facs_278_tr_1755674209	3	facs_278_tr_1755674209	פידלער הערמאַן [אַברהם הערש]	ספּיוואַקאָווסקי	זכר		דער סוביעקט איז געווען א דיריגענט אין זיין טרופּע.
M-3-facs_278_tr_1755674209-011	P-3-facs_278_tr_1755674209	3	facs_278_tr_1755674209	פידלער הערמאַן [אַברהם הערש]	חיימאָוויטש	זכר		דער סוביעקט איז געווען א דיריגענט אין זיין טרופּע.
M-3-facs_278_tr_1755674209-012	P-3-facs_278_tr_1755674209	3	facs_278_tr_1755674209	פידלער הערמאַן [אַברהם הערש]	לייבוש גאָלד	זכר		ער איז געווען א מיטגליד אין דער יידישער טרופּע אין לאָנדאָן וואו דער סוביעקט איז געווען דיריגענט.
M-3-facs_278_tr_1755674209-013	P-3-facs_278_tr_1755674209	3	facs_278_tr_1755674209	פידלער הערמאַן [אַברהם הערש]	קוראַזש	זכר		ער איז געווען א מיטגליד אין דער יידישער טרופּע אין לאָנדאָן וואו דער סוביעקט איז געווען דיריגענט.
M-3-facs_278_tr_1755674209-014	P-3-facs_278_tr_1755674209	3	facs_278_tr_1755674209	פידלער הערמאַן [אַברהם הערש]	מאַנע	זכר		ער איז געווען א מיטגליד אין דער יידישער טרופּע אין לאָנדאָן וואו דער סוביעקט איז געווען דיריגענט.
M-3-facs_278_tr_1755674209-015	P-3-facs_278_tr_1755674209	3	facs_278_tr_1755674209	פידלער הערמאַן [אַברהם הערש]	פרוי*	נקבה	פרוי פֿון מאַנע	זי איז געווען א מיטגליד אין דער יידישער טרופּע אין לאָנדאָן וואו דער סוביעקט איז געווען דיריגענט.
M-3-facs_278_tr_1755674209-016	P-3-facs_278_tr_1755674209	3	facs_278_tr_1755674209	פידלער הערמאַן [אַברהם הערש]	משה זילבערמאַן	זכר		ער איז געווען א מיטגליד אין דער יידישער טרופּע אין לאָנדאָן וואו דער סוביעקט איז געווען דיריגענט.
M-3-facs_278_tr_1755674209-017	P-3-facs_278_tr_1755674209	3	facs_278_tr_1755674209	פידלער הערמאַן [אַברהם הערש]	פרוי*	נקבה	פרוי פֿון משה זילבערמאַן	זי איז געווען א מיטגליד אין דער יידישער טרופּע אין לאָנדאָן וואו דער סוביעקט איז געווען דיריגענט.
M-3-facs_278_tr_1755674209-018	P-3-facs_278_tr_1755674209	3	facs_278_tr_1755674209	פידלער הערמאַן [אַברהם הערש]	שילער	זכר	דראַמאַטורג	דער סוביעקט האָט איבערגעזעצט און פֿאַריידישט זיינע ווערק.
M-3-facs_278_tr_1755674209-019	P-3-facs_278_tr_1755674209	3	facs_278_tr_1755674209	פידלער הערמאַן [אַברהם הערש]	קריטיקער*	זכר		ער האָט געשריבן אַ קריטיק וועגן דעם סוביעקטס איבערזעצונג.
M-3-facs_278_tr_1755674209-020	P-3-facs_278_tr_1755674209	3	facs_278_tr_1755674209	פידלער הערמאַן [אַברהם הערש]	מאָריס ווינטשעווסקי	זכר	מעגלעכער קריטיקער	ער איז מעגלעך דער מענטש וואָס האָט געשריבן די קריטיק וועגן דעם סוביעקט.
M-3-facs_278_tr_1755674209-021	P-3-facs_278_tr_1755674209	3	facs_278_tr_1755674209	פידלער הערמאַן [אַברהם הערש]	יעקב פּ. אַדלער	זכר		ער האָט זיך דערוואָרבן פּאָפּולאַריטעט מיט דעם סוביעקטס איבערזעצונג.
M-3-facs_278_tr_1755674209-022	P-3-facs_278_tr_1755674209	3	facs_278_tr_1755674209	פידלער הערמאַן [אַברהם הערש]	פֿיינמאַן	זכר	דראַמאַטורג	דער סוביעקט האָט געשריבן מוזיק צו זיין פּיעסע.
M-3-facs_278_tr_1755674209-023	P-3-facs_278_tr_1755674209	3	facs_278_tr_1755674209	פידלער הערמאַן [אַברהם הערש]	זאָלאָטקאָף	זכר	דראַמאַטורג	דער סוביעקט האָט געשריבן מוזיק צו זיין פּיעסע.
M-3-facs_279_tr_1755674208-000	P-3-facs_279_tr_1755674208	3	facs_279_tr_1755674208	פינקעל, אַליעזר-דוד	זיידע*	male	איז געווען רב	זיין זיידע איז געווען רב אין מאַקאָוו.
M-3-facs_279_tr_1755674208-001	P-3-facs_279_tr_1755674208	3	facs_279_tr_1755674208	פינקעל, אַליעזר-דוד	פֿאָטער*	male	באַזעצן זיך אין בריסק	זיינע עלטערן באַזעצן זיך אין בריסק.
M-3-facs_279_tr_1755674208-002	P-3-facs_279_tr_1755674208	3	facs_279_tr_1755674208	פינקעל, אַליעזר-דוד	מוטער*	female	באַזעצן זיך אין בריסק	זיינע עלטערן באַזעצן זיך אין בריסק.
M-3-facs_279_tr_1755674208-003	P-3-facs_279_tr_1755674208	3	facs_279_tr_1755674208	פינקעל, אַליעזר-דוד	ה. עפּפעלבערג	male	פֿאַרלאַג	פ. האָט איבערזעצט אין יידיש אַ ריי ווערק פֿאַר זיין געפּלאַנטן פֿאַרלאַג.
M-3-facs_279_tr_1755674208-004	P-3-facs_279_tr_1755674208	3	facs_279_tr_1755674208	פינקעל, אַליעזר-דוד	עמיל זאָלאַ	male		א. ד. פינקעל האָט איבערזעצט זיין ווערק.
M-3-facs_279_tr_1755674208-005	P-3-facs_279_tr_1755674208	3	facs_279_tr_1755674208	פינקעל, אַליעזר-דוד	אַלעקסאַנדער דיומאַ (זוהן)	male		א. ד. פינקעל האָט איבערזעצט זיין ווערק.
M-3-facs_279_tr_1755674215-000	P-3-facs_279_tr_1755674215	3	facs_279_tr_1755674215	קאָהען, טשאַרלי [שבתי)	פֿאָטער *	זכר	אַ לערער פֿון יידיש, ענגליש, דייטש און העברעיש	דער סוביעקטס פֿאָטער.
M-3-facs_279_tr_1755674215-001	P-3-facs_279_tr_1755674215	3	facs_279_tr_1755674215	קאָהען, טשאַרלי [שבתי)	חזן *	זכר		נאָך בעת ק. האָט געלערנט אין חדר, האָט ער אַלס „אַלט“ געזונגען ביי אים.
M-3-facs_279_tr_1755674215-002	P-3-facs_279_tr_1755674215	3	facs_279_tr_1755674215	קאָהען, טשאַרלי [שבתי)	לואיס פֿרידזעל	זכר	דיריגענט	ער אָנגאַזשירט אים צו שפּילן אין אַ קינדער-פֿאַרשטעלונג.
M-3-facs_279_tr_1755674215-003	P-3-facs_279_tr_1755674215	3	facs_279_tr_1755674215	קאָהען, טשאַרלי [שבתי)	גאָלדפֿאַדען	זכר		"דער סוביעקט האָט געשפּילט די ראָל „דינה"" אין זיין ""ברכוכבאַ""."
M-3-facs_279_tr_1755674215-004	P-3-facs_279_tr_1755674215	3	facs_279_tr_1755674215	קאָהען, טשאַרלי [שבתי)	טעאַרלי טעאַפלין	זכר		דער סוביעקט האָט געהאַט די געלעגנהייט צו שפּילן מיט אים.
M-3-facs_279_tr_1755674215-005	P-3-facs_279_tr_1755674215	3	facs_279_tr_1755674215	קאָהען, טשאַרלי [שבתי)	קלאַראַ יאָנג	נקבה		דער סוביעקט האָט געשפּילט מיט איר.
M-3-facs_279_tr_1755674215-006	P-3-facs_279_tr_1755674215	3	facs_279_tr_1755674215	קאָהען, טשאַרלי [שבתי)	מאַקס געבל	זכר		דער סוביעקט האָט געשפּילט ביי אים כאַראַקטער-ראָלן.
M-3-facs_279_tr_1755674215-007	P-3-facs_279_tr_1755674215	3	facs_279_tr_1755674215	קאָהען, טשאַרלי [שבתי)	מאַלי פיקאָן	נקבה		דער סוביעקט האָט געשפּילט מיט איר.
M-3-facs_279_tr_1755674215-008	P-3-facs_279_tr_1755674215	3	facs_279_tr_1755674215	קאָהען, טשאַרלי [שבתי)	מנשה סקילניק	זכר		דער סוביעקט האָט געשפּילט מיט אים.
M-3-facs_279_tr_1755674215-009	P-3-facs_279_tr_1755674215	3	facs_279_tr_1755674215	קאָהען, טשאַרלי [שבתי)	י. בלייך	זכר	מענ.	דער סוביעקט האָט געשפּילט ביי אים אין פּאָבליק טעאַטער.
M-3-facs_279_tr_1755674215-010	P-3-facs_279_tr_1755674215	3	facs_279_tr_1755674215	קאָהען, טשאַרלי [שבתי)	דזעוליאַ בוירנס	נקבה	מענ.	דער סוביעקט האָט געשפּילט ביי איר אין פּאָבליק טעאַטער.
M-3-facs_279_tr_1755674215-011	P-3-facs_279_tr_1755674215	3	facs_279_tr_1755674215	קאָהען, טשאַרלי [שבתי)	אוירווינג דזשייקאָבסאָן	זכר	מענ.	דער סוביעקט האָט געשפּילט ביי אים אין סעקאָנד עוועניו טעאַטער.
M-3-facs_279_tr_1755674215-012	P-3-facs_279_tr_1755674215	3	facs_279_tr_1755674215	קאָהען, טשאַרלי [שבתי)	זאַיענדא			דער סוביעקט האָט געשפּילט ביי אים אין סעקאָנד עוועניו טעאַטער.
M-3-facs_279_tr_1755674215-013	P-3-facs_279_tr_1755674215	3	facs_279_tr_1755674215	קאָהען, טשאַרלי [שבתי)	פֿלאָרענס	נקבה	האָט אין איר יוגנט געשפּילט אין ענגליש אין וואָדעווייל	ק.'ס צווייטע פרוי.
M-3-facs_279_tr_1755674215-014	P-3-facs_279_tr_1755674215	3	facs_279_tr_1755674215	קאָהען, טשאַרלי [שבתי)	הערי	זכר	אַ יידישער אַקטיאָר	ק.'ס ברודער.
M-3-facs_280_r_3-000	P-3-facs_280_r_3	3	facs_280_r_3	פֿייווישאָוו, לייבע	פֿאָטער*	male	אַ באַאַמטער אין מינסקער שטאָט-פֿאַרוואַלטונג	פֿאָטער פֿונעם סוביעקט
M-3-facs_280_r_3-001	P-3-facs_280_r_3	3	facs_280_r_3	פֿייווישאָוו, לייבע	חזנים*			דער סוביעקט האָט ביי זיי געזונגען
M-3-facs_280_r_3-002	P-3-facs_280_r_3	3	facs_280_r_3	פֿייווישאָוו, לייבע	באָריסאָוו	male		דער סוביעקט האָט געזונגען אין זיין טרופּע
M-3-facs_280_r_3-003	P-3-facs_280_r_3	3	facs_280_r_3	פֿייווישאָוו, לייבע	קאָמפּאַניעעץ	male		דער סוביעקט האָט געזונגען אין זיין טרופּע
M-3-facs_280_r_3-004	P-3-facs_280_r_3	3	facs_280_r_3	פֿייווישאָוו, לייבע	פישזאָן	male		דער סוביעקט האָט ביי אים געשפּילט הויפּטראָלן
M-3-facs_280_r_3-005	P-3-facs_280_r_3	3	facs_280_r_3	פֿייווישאָוו, לייבע	גענפער	male		דער סוביעקט האָט ביי אים געשפּילט
M-3-facs_280_r_3-006	P-3-facs_280_r_3	3	facs_280_r_3	פֿייווישאָוו, לייבע	סעם אַדלער	male		דער סוביעקט האָט ביי אים געשפּילט
M-3-facs_280_r_3-007	P-3-facs_280_r_3	3	facs_280_r_3	פֿייווישאָוו, לייבע	יוליוס אַדלער	male		דער סוביעקט האָט ביי אים געשפּילט
M-3-facs_280_r_3-008	P-3-facs_280_r_3	3	facs_280_r_3	פֿייווישאָוו, לייבע	כפּיוואַקאָווסקי	male		דער סוביעקט האָט ביי אים געשפּילט אין פּעטערבורג
M-3-facs_280_r_3-009	P-3-facs_280_r_3	3	facs_280_r_3	פֿייווישאָוו, לייבע	טיטעלמאַן	male		דער סוביעקט האָט ביי אים געשפּילט
M-3-facs_280_r_3-010	P-3-facs_280_r_3	3	facs_280_r_3	פֿייווישאָוו, לייבע	סאַמבערג	male		דער סוביעקט האָט מיט אים געשפּילט אין מינסק
M-3-facs_280_tr_1755674203-000	P-3-facs_280_tr_1755674203	3	facs_280_tr_1755674203	קינדמאַן, שרה	פֿאָטער *	זכר	אַ ברענער	דער פֿאָטער פֿון דעם סוביעקט.
M-3-facs_280_tr_1755674203-001	P-3-facs_280_tr_1755674203	3	facs_280_tr_1755674203	קינדמאַן, שרה	ז. ליבין	זכר		דער מחבר פֿון דער פּיעסע „די ווילדע“.
M-3-facs_280_tr_1755674203-002	P-3-facs_280_tr_1755674203	3	facs_280_tr_1755674203	קינדמאַן, שרה	מאַקס געביל	זכר		דער פירער פֿון דעם טעאַטער וואו זי האָט דעביוטירט.
M-3-facs_280_tr_1755674203-003	P-3-facs_280_tr_1755674203	3	facs_280_tr_1755674203	קינדמאַן, שרה	יעקב מעסטל	זכר	געש. 6 אויגוסט 1958	איר מאַן, לערער אין דיקציע און שוישפּיל, און רעזשיסער.
M-3-facs_280_tr_1755674203-004	P-3-facs_280_tr_1755674203	3	facs_280_tr_1755674203	קינדמאַן, שרה	סאַראַ אַדלער	נקבה		זי האָט געשפּילט מיט איר איבער דער פראָווינץ.
M-3-facs_280_tr_1755674203-005	P-3-facs_280_tr_1755674203	3	facs_280_tr_1755674203	קינדמאַן, שרה	מאַקס ריינהאַרדט	זכר		זי האָט זיך באַטייליקט אין זײַנע גאַסטשפּילן.
M-3-facs_280_tr_1755674203-006	P-3-facs_280_tr_1755674203	3	facs_280_tr_1755674203	קינדמאַן, שרה	ס. דיקשטיין	זכר		דער דירעקטאָר פֿון די טעאַטערס אין באַלטימאַר און פֿילאַדעלפיע.
M-3-facs_280_tr_1755674203-007	P-3-facs_280_tr_1755674203	3	facs_280_tr_1755674203	קינדמאַן, שרה	פ. קאַנאַפּאָף	זכר		דער דירעקטאָר פֿון ליריק טעאַַטער.
M-3-facs_280_tr_1755674203-008	P-3-facs_280_tr_1755674203	3	facs_280_tr_1755674203	קינדמאַן, שרה	הירשביין	זכר		דער מחבר פֿון דער פּיעסע „די פוסטע קרעטשמע“.
M-3-facs_280_tr_1755674203-009	P-3-facs_280_tr_1755674203	3	facs_280_tr_1755674203	קינדמאַן, שרה	אָפּטאָון סינקלעיר	זכר		דער מחבר פֿון דעם ווערק „דאָ קאָן עס נישט געשען“.
M-3-facs_280_tr_1755674203-010	P-3-facs_280_tr_1755674203	3	facs_280_tr_1755674203	קינדמאַן, שרה	דוד פינסקי	זכר		דער מחבר פֿון דער פּיעסע „דער שניידער ווערט אַ קרעמער“.
M-3-facs_280_tr_1755674203-011	P-3-facs_280_tr_1755674203	3	facs_280_tr_1755674203	קינדמאַן, שרה	יעקב בן-עמי	זכר		איינער פֿון די רעזשיסערן אין נעשאָנעל טעאַטער.
M-3-facs_280_tr_1755674203-012	P-3-facs_280_tr_1755674203	3	facs_280_tr_1755674203	קינדמאַן, שרה	סטעפאַן צווייג	זכר		דער מחבר פֿון דעם בוך וואָס זי האָט איבערזעצט.
M-3-facs_280_tr_1755674193-000	P-3-facs_280_tr_1755674193	3	facs_280_tr_1755674193	קרעמער איידאַ	אַדלערן	זכר		האָבנדיק די געלעגנהייט צו שפּילן אויך מיט אַדלערן.
M-3-facs_280_tr_1755674193-001	P-3-facs_280_tr_1755674193	3	facs_280_tr_1755674193	קרעמער איידאַ	קעסלערן	זכר		האָבנדיק די געלעגנהייט צו שפּילן אויך מיט קעסלערן.
M-3-facs_280_tr_1755674193-002	P-3-facs_280_tr_1755674193	3	facs_280_tr_1755674193	קרעמער איידאַ	לואיס גאָלדשטיין	זכר		אין 1909 האָט זיי צוזאַמען מיט לואיס גאָלדשטיין געשפּילט יידיש וואָדעווייל אין ניו יאָרק.
M-3-facs_280_tr_1755674193-003	P-3-facs_280_tr_1755674193	3	facs_280_tr_1755674193	קרעמער איידאַ	איזידאָר ליליען	זכר		אין 1909 האָט זיי צוזאַמען מיט איזידאָר ליליען געשפּילט יידיש וואָדעווייל אין ניו יאָרק.
M-3-facs_280_tr_1755674193-004	P-3-facs_280_tr_1755674193	3	facs_280_tr_1755674193	קרעמער איידאַ	בעני אַדלער	זכר		אין 1909 האָט זיי צוזאַמען מיט בעני אַדלער געשפּילט יידיש וואָדעווייל אין ניו יאָרק.
M-3-facs_280_tr_1755674193-005	P-3-facs_280_tr_1755674193	3	facs_280_tr_1755674193	קרעמער איידאַ	לואיס קרעמער	זכר	איר ברודער	שפּעטער מיט איר ברודער לואיס קרעמער געשפּילט יידיש וואָדעווייל אין ניו יאָרק.
M-3-facs_280_tr_1755674193-006	P-3-facs_280_tr_1755674193	3	facs_280_tr_1755674193	קרעמער איידאַ	ען ניקעלס	נקבה		ק. האָט געשפּילט אין ען ניקעלס קאָמעדיע „אייביס אייריש ראָוז“.
M-3-facs_281_tr_1755674196-000	P-3-facs_281_tr_1755674196	3	facs_281_tr_1755674196	ראָגאָף, הלל	ר' יצחק אַלחנן	זכר		דער סוביעקט האָט געענדיקט די ישיבה וואָס טראָגט זיין נאָמען.
M-3-facs_281_tr_1755674196-001	P-3-facs_281_tr_1755674196	3	facs_281_tr_1755674196	ראָגאָף, הלל	אב. קאַהאַן	זכר		דער סוביעקט איז געוואָרן רעדאַקטאָר נאָך זיין טויט.
M-3-facs_281_tr_1755674196-002	P-3-facs_281_tr_1755674196	3	facs_281_tr_1755674196	ראָגאָף, הלל	מאיר לאָנדאָן	זכר		דער סוביעקט האָט געשריבן אַ בוך וועגן אים.
M-3-facs_281_tr_1755674203-000	P-3-facs_281_tr_1755674203	3	facs_281_tr_1755674203	שור זעליג [יוסף-אהרן אַשר-זעליג]	רייהושע-העשל שור	זכר	דער אָרטיקער רב	ער איז דער פֿאָטער פֿון דעם סוביעקט.
M-3-facs_281_tr_1755674203-001	P-3-facs_281_tr_1755674203	3	facs_281_tr_1755674203	שור זעליג [יוסף-אהרן אַשר-זעליג]	ר' אַליעזר	זכר	רב אין כעלם	ער איז דער ברודער פֿון דעם סוביעקט.
M-3-facs_281_tr_1755674203-002	P-3-facs_281_tr_1755674203	3	facs_281_tr_1755674203	שור זעליג [יוסף-אהרן אַשר-זעליג]	רי נטע	זכר	רב אין לובלין	ער איז דער ברודער פֿון דעם סוביעקט.
M-3-facs_281_tr_1755674203-003	P-3-facs_281_tr_1755674203	3	facs_281_tr_1755674203	שור זעליג [יוסף-אהרן אַשר-זעליג]	רי לייביש	זכר	אין דובענקאָ	ער איז דער ברודער פֿון דעם סוביעקט.
M-3-facs_281_tr_1755674203-004	P-3-facs_281_tr_1755674203	3	facs_281_tr_1755674203	שור זעליג [יוסף-אהרן אַשר-זעליג]	רי יקותיאָל	זכר	אין פּאָדקאַמען	ער איז דער ברודער פֿון דעם סוביעקט.
M-3-facs_281_tr_1755674203-005	P-3-facs_281_tr_1755674203	3	facs_281_tr_1755674203	שור זעליג [יוסף-אהרן אַשר-זעליג]	פרוי*	נקבה	דער 14-יאָריקער בת-יחידה פון אָרטיקן רב רי יצחק-אַליהו דאָרעס	זיין פרוי.
M-3-facs_281_tr_1755674203-006	P-3-facs_281_tr_1755674203	3	facs_281_tr_1755674203	שור זעליג [יוסף-אהרן אַשר-זעליג]	רי יצחק-אַליהו דאָרעס	זכר	אָרטיקן רב רי יצחק-אַליהו דאָרעס, וועלכער האָט שפּעטער זיך גענומען צו מסחר	ער איז דער שווער פֿון דעם סוביעקט.
M-3-facs_281_tr_1755674203-007	P-3-facs_281_tr_1755674203	3	facs_281_tr_1755674203	שור זעליג [יוסף-אהרן אַשר-זעליג]	רי נחמן קראָכמאַל	זכר	פֿאַרשטייער פֿון דער השכלה	אַ באַקאַנטער מיט וועמען דער סוביעקט האָט זיך באַקענט.
M-3-facs_281_tr_1755674203-008	P-3-facs_281_tr_1755674203	3	facs_281_tr_1755674203	שור זעליג [יוסף-אהרן אַשר-זעליג]	יהושע-העשל שור	זכר	דירעקטאָר פֿון „החלוץ“	ער איז אַ קרוב פֿון דעם סוביעקט.
M-3-facs_281_tr_1755674203-009	P-3-facs_281_tr_1755674203	3	facs_281_tr_1755674203	שור זעליג [יוסף-אהרן אַשר-זעליג]	יצחק לעטערעס	זכר	פֿאַרשטייער פֿון דער השכלה	אַ באַקאַנטער מיט וועמען דער סוביעקט האָט זיך באַקענט.
M-3-facs_281_tr_1755674203-010	P-3-facs_281_tr_1755674203	3	facs_281_tr_1755674203	שור זעליג [יוסף-אהרן אַשר-זעליג]	"ד""ר גרעץ"	זכר	פֿאַרשטייער פֿון דער השכלה	אַ באַקאַנטער מיט וועמען דער סוביעקט האָט זיך באַקענט.
M-3-facs_281_tr_1755674203-011	P-3-facs_281_tr_1755674203	3	facs_281_tr_1755674203	שור זעליג [יוסף-אהרן אַשר-זעליג]	קעניג קאַראָל	זכר		דער סוביעקט האָט באַקומען אַן אויסצייכענונג פֿון אים.
M-3-facs_281_tr_1755674203-012	P-3-facs_281_tr_1755674203	3	facs_281_tr_1755674203	שור זעליג [יוסף-אהרן אַשר-זעליג]	בראַטיאַנאַ	זכר	דעם אַלטן רומענישן מיניסטער	ער האָט באַזוכט די שול פֿון דעם סוביעקט.
M-3-facs_281_tr_1755674203-013	P-3-facs_281_tr_1755674203	3	facs_281_tr_1755674203	שור זעליג [יוסף-אהרן אַשר-זעליג]	מאָריס מאָריסאָן	זכר	דער שפּעטער באַרימטער דייטשער און דערנאָך יידישער שוישפּילער	ער איז געווען צווישן די שילער פֿון דעם סוביעקט.
M-3-facs_281_tr_1755674203-014	P-3-facs_281_tr_1755674203	3	facs_281_tr_1755674203	שור זעליג [יוסף-אהרן אַשר-זעליג]	פרץ סמאָלענסקין	זכר		דער סוביעקט האָט מיט אים געשלאָסן פֿריינטשאַפֿט.
M-3-facs_281_tr_1755674203-015	P-3-facs_281_tr_1755674203	3	facs_281_tr_1755674203	שור זעליג [יוסף-אהרן אַשר-זעליג]	וועלוול זבאַראַזשער	זכר		דער סוביעקט האָט מיט אים געשלאָסן פֿריינטשאַפֿט.
M-3-facs_281_tr_1755674203-016	P-3-facs_281_tr_1755674203	3	facs_281_tr_1755674203	שור זעליג [יוסף-אהרן אַשר-זעליג]	אַברהם גאָלדפאַדען	זכר		דער סוביעקט האָט זיך באַפֿריינדעט מיט אים.
M-3-facs_281_tr_1755674203-017	P-3-facs_281_tr_1755674203	3	facs_281_tr_1755674203	שור זעליג [יוסף-אהרן אַשר-זעליג]	"שמ""ר"	זכר		דער סוביעקט האָט זיך באַפֿריינדעט מיט אים.
M-3-facs_281_tr_1755674203-018	P-3-facs_281_tr_1755674203	3	facs_281_tr_1755674203	שור זעליג [יוסף-אהרן אַשר-זעליג]	משה לייב לילענבלום	זכר		דער סוביעקט האָט זיך באַפֿריינדעט מיט אים.
M-3-facs_281_tr_1755674203-019	P-3-facs_281_tr_1755674203	3	facs_281_tr_1755674203	שור זעליג [יוסף-אהרן אַשר-זעליג]	צעדערבוים	זכר		דער סוביעקט האָט זיך באַפֿריינדעט מיט אים.
M-3-facs_281_tr_1755674203-020	P-3-facs_281_tr_1755674203	3	facs_281_tr_1755674203	שור זעליג [יוסף-אהרן אַשר-זעליג]	י. י. לערנער	זכר		דער סוביעקט האָט זיך באַפֿריינדעט מיט אים און געפּלאַנירט מיט אים צו גרינדן אַ העברעישן טעאַטער.
M-3-facs_281_tr_1755674203-021	P-3-facs_281_tr_1755674203	3	facs_281_tr_1755674203	שור זעליג [יוסף-אהרן אַשר-זעליג]	גימפּעל	זכר	אין גאַליציע	דער סוביעקט האָט געשפּילט ביי אים אויף דער בינע.
M-3-facs_281_tr_1755674203-022	P-3-facs_281_tr_1755674203	3	facs_281_tr_1755674203	שור זעליג [יוסף-אהרן אַשר-זעליג]	י. צ. האַלפּערן	זכר	דעם אָבערקאַנטאָרס	דער סוביעקט האָט אויפֿגעפֿירט זיין היסטאָרישע אָפּערעטע.
M-3-facs_281_tr_1755674203-023	P-3-facs_281_tr_1755674203	3	facs_281_tr_1755674203	שור זעליג [יוסף-אהרן אַשר-זעליג]	משה שאָר	זכר	יידיעער טעאַטער-דירעקטאָר אַקטיאָר און פּיעסן-שרקבער אין אַמעריקע	ער איז דער זון פֿון דעם סוביעקט.
M-3-facs_281_tr_1755674203-024	P-3-facs_281_tr_1755674203	3	facs_281_tr_1755674203	שור זעליג [יוסף-אהרן אַשר-זעליג]	יעקב מעסטל	זכר		לויט אים האָט דער סוביעקט געליטן פֿון אַסטמע.
M-3-facs_281_tr_1755674203-025	P-3-facs_281_tr_1755674203	3	facs_281_tr_1755674203	שור זעליג [יוסף-אהרן אַשר-זעליג]	דר. מ. בערקאָוויטש	זכר		ער שרייבט וועגן דעם סוביעקט.
M-3-facs_281_tr_1755674203-026	P-3-facs_281_tr_1755674203	3	facs_281_tr_1755674203	שור זעליג [יוסף-אהרן אַשר-זעליג]	רבקה	נקבה	אַ קורצע צייט געווען אַ יידישע אַלטריסע פֿון קנאַפּער באַדייטונג	מ.'ס עלטסטע טאָכטער.
M-3-facs_281_tr_1755674203-027	P-3-facs_281_tr_1755674203	3	facs_281_tr_1755674203	שור זעליג [יוסף-אהרן אַשר-זעליג]	שלמה	זכר	אַ יידישער שוישפּילער אין גאַליציע	ער איז דער זון פֿון דעם סוביעקט.
M-3-facs_282_tr_1755674185-000	P-3-facs_282_tr_1755674185	3	facs_282_tr_1755674185	שור ברוך	חקס-משה	זכר	אַן אייניקל פֿון „תבואות שור“, אַ גרויסער למדן און אַ ריזשינער חסיד	חקס-משה איז דער פֿאָטער פֿון ש. און ער האָט מיט אים געלערנט יום ולילה.
M-3-facs_282_tr_1755674185-001	P-3-facs_282_tr_1755674185	3	facs_282_tr_1755674185	שור ברוך	„תבואות שור“	זכר		חקס-משה איז אַן אייניקל פֿון „תבואות שור“.
M-3-facs_282_tr_1755674185-002	P-3-facs_282_tr_1755674185	3	facs_282_tr_1755674185	שור ברוך	רי בצלאל אָדעסער	זכר		ש. איז געווען משורך ביי אים אין עלטער פֿון 9 יאָר.
M-3-facs_282_tr_1755674185-003	P-3-facs_282_tr_1755674185	3	facs_282_tr_1755674185	שור ברוך	ירוחם הקטן	זכר		ש. איז געווען משורך ביי אים צוויי יאָר נאָך דעם ווי ער איז געווען ביי רי בצלאל אָדעסער.
M-3-facs_282_tr_1755674185-004	P-3-facs_282_tr_1755674185	3	facs_282_tr_1755674185	שור ברוך	טאָכטער*	נקבה	ראָע הקהלם טאָכטער	ש. האָט חתונה געהאַט מיט איר אין יאָסי.
M-3-facs_282_tr_1755674185-005	P-3-facs_282_tr_1755674185	3	facs_282_tr_1755674185	שור ברוך	שווער*	זכר	ראָע הקהלם	ער איז דער שווער פֿון ש. און ער האָט אים געשיקט שטודירן מוזיק.
M-3-facs_282_tr_1755674185-006	P-3-facs_282_tr_1755674185	3	facs_282_tr_1755674185	שור ברוך	זאַלידקאָווסקיס	זכר	מחבר פֿון „קולטור-טרעגער“	ער שרייבט אויספֿירלעך וועגן ש. און זיינע קאָמפּאָזיציעס.
M-3-facs_282_tr_1755674185-007	P-3-facs_282_tr_1755674185	3	facs_282_tr_1755674185	שור ברוך	יעקב מעסטל	זכר		לויט אים האָט ש. אויף דער עלטער פֿאַרלאָרן די שטים.
M-3-facs_282_tr_1755674185-008	P-3-facs_282_tr_1755674185	3	facs_282_tr_1755674185	שור ברוך	משה ריכטער	זכר		לויט אים האָט שמואל פֿיליפּ געשריבן דעם טעקסט צו דער אָפּערעטע „שמשון הגבור“.
M-3-facs_282_tr_1755674185-009	P-3-facs_282_tr_1755674185	3	facs_282_tr_1755674185	שור ברוך	שמואל פֿיליפּ	זכר	העברעישער שרייבער	לויט משה ריכטער האָט ער געשריבן דעם טעקסט צו דער אָפּערעטע „שמשון הגבור“.
M-3-facs_282_tr_1755674185-010	P-3-facs_282_tr_1755674185	3	facs_282_tr_1755674185	שור ברוך	ר' איטשעניו עטינגער	זכר	לעמבערגער רב	ער האָט באַשטראָפֿט ש. פֿאַרן זיך פֿאַרנייגן פֿאַרן עולם אויף דער בינע.
M-3-facs_282_tr_1755674185-011	P-3-facs_282_tr_1755674185	3	facs_282_tr_1755674185	שור ברוך	משה שמש	זכר		ער גיט-איבער אינפֿאָרמאַציע וועגן ש.'ס מעלאָדיע וואָס גאָלדפֿאַדען האָט גענוצט.
M-3-facs_282_tr_1755674185-012	P-3-facs_282_tr_1755674185	3	facs_282_tr_1755674185	שור ברוך	גאָלדפֿאַדען	זכר		ער האָט גענוצט ש.'ס מעלאָדיע „ובזכות חתם“ אין זיין אָפּערעטע „עקדת יצחק“.
M-3-facs_282_tr_1755674185-013	P-3-facs_282_tr_1755674185	3	facs_282_tr_1755674185	שור ברוך	פֿרידריך שאָר	זכר	ש.'ס אייניקל, האָט געזונגען אין דער בערלינער שטאָטס-אָפּערע און אין דער מעטראָפּאָליטאַן אָפּערע	ער איז דער אייניקל פֿון ש.
M-3-facs_282_tr_1755674183-000	P-3-facs_282_tr_1755674183	3	facs_282_tr_1755674183	פֿיליפּעסקאָ, פֿרידריך [בלייכער]	פֿאָטער*	זכר	פֿון די רייכסטע און חשובסטע יידישע פֿאַמיליעס אין בוקאַרעסט	דער פֿאָטער פֿון דעם סוביעקט.
M-3-facs_282_tr_1755674183-001	P-3-facs_282_tr_1755674183	3	facs_282_tr_1755674183	פֿיליפּעסקאָ, פֿרידריך [בלייכער]	מוטער*	נקבה	פֿון די רייכסטע און חשובסטע יידישע פֿאַמיליעס אין בוקאַרעסט	די מוטער פֿון דעם סוביעקט.
M-3-facs_282_tr_1755674183-002	P-3-facs_282_tr_1755674183	3	facs_282_tr_1755674183	פֿיליפּעסקאָ, פֿרידריך [בלייכער]	סעגאַלעסקאָ	זכר		דער סוביעקט איז אַריינגעטראָטן אין סעגאַלעסקאָס טרופּע.
M-3-facs_282_tr_1755674183-003	P-3-facs_282_tr_1755674183	3	facs_282_tr_1755674183	פֿיליפּעסקאָ, פֿרידריך [בלייכער]	מערי	נקבה	די יידישער זינגערין פֿון רוסלאַנד	די פרוי מיט וועלכער ער האָט חתונה געהאַט.
M-3-facs_283_tr_1755674200-000	P-3-facs_283_tr_1755674200	3	facs_283_tr_1755674200	שוואַרצבאַרד, גוסטאָוו	דוד	מאַנצביל	כאָר-דיריגענט און פֿון די ערשטע יידישע אַקטיאָרן אין וואַרשע	ער איז דער פֿאָטער פֿונעם סוביעקט.
M-3-facs_283_tr_1755674200-001	P-3-facs_283_tr_1755674200	3	facs_283_tr_1755674200	שוואַרצבאַרד, גוסטאָוו	דיקשטיין	מאַנצביל		דער סוביעקט האָט געלערנט אין זיין שול.
M-3-facs_283_tr_1755674200-002	P-3-facs_283_tr_1755674200	3	facs_283_tr_1755674200	שוואַרצבאַרד, גוסטאָוו	שפּיראָ	מאַנצביל		דער סוביעקט האָט געלערנט אין זיין שול.
M-3-facs_283_tr_1755674200-003	P-3-facs_283_tr_1755674200	3	facs_283_tr_1755674200	שוואַרצבאַרד, גוסטאָוו	שליפערשטיין	מאַנצביל		דער סוביעקט האָט דעביוטירט אין 1884 אַלס טענאָר אין קוואַרטעט מיט אים.
M-3-facs_283_tr_1755674200-004	P-3-facs_283_tr_1755674200	3	facs_283_tr_1755674200	שוואַרצבאַרד, גוסטאָוו	שוואַרץ	מאַנצביל		דער סוביעקט איז אָנגאַזשירט געוואָרן אין זיין טרופּע.
M-3-facs_283_tr_1755674200-005	P-3-facs_283_tr_1755674200	3	facs_283_tr_1755674200	שוואַרצבאַרד, גוסטאָוו	ראָזענפעלד	מאַנצביל		דער סוביעקט איז אָנגאַזשירט געוואָרן אין זיין טרופּע.
M-3-facs_283_tr_1755674200-006	P-3-facs_283_tr_1755674200	3	facs_283_tr_1755674200	שוואַרצבאַרד, גוסטאָוו	ליצענקאַ	מאַנצביל	דירעקטאָר	דער סוביעקט האָט געזונגען אין זיין רוסישער טרופּע און געשפּילט אין זיין יידישער טרופּע.
M-3-facs_283_tr_1755674200-007	P-3-facs_283_tr_1755674200	3	facs_283_tr_1755674200	שוואַרצבאַרד, גוסטאָוו	"שייקעוויטש-שמ""ר"	מאַנצביל		דער סוביעקט האָט געשפּילט עפּיזאָדן-ראָלן אין זיין יידישער טרופּע.
M-3-facs_283_tr_1755674200-008	P-3-facs_283_tr_1755674200	3	facs_283_tr_1755674200	שוואַרצבאַרד, גוסטאָוו	יאָנאַס טורקאָוו	מאַנצביל	רעזשיסער	"ער האָט רעזשיסירט דעם פילם ""תקיעת כף"" אין וועלכן דער סוביעקט האָט זיך באַטייליקט."
M-3-facs_283_tr_1755674200-009	P-3-facs_283_tr_1755674200	3	facs_283_tr_1755674200	שוואַרצבאַרד, גוסטאָוו	רעגינאַ	פרוי	די פרוי פֿון אַקטיאָר אַדאָלף בערמאַן	זי איז די שוועסטער פֿונעם סוביעקט.
M-3-facs_283_tr_1755674200-010	P-3-facs_283_tr_1755674200	3	facs_283_tr_1755674200	שוואַרצבאַרד, גוסטאָוו	אַדאָלף בערמאַן	מאַנצביל	אַקטיאָר	ער איז דער מאַן פֿון דער שוועסטער פֿונעם סוביעקט.
M-3-facs_283_tr_1755674200-011	P-3-facs_283_tr_1755674200	3	facs_283_tr_1755674200	שוואַרצבאַרד, גוסטאָוו	מ. קיפּניס	מאַנצביל		ער האָט כאַראַקטעריזירט דעם סוביעקט.
M-3-facs_283_tr_1755674200-012	P-3-facs_283_tr_1755674200	3	facs_283_tr_1755674200	שוואַרצבאַרד, גוסטאָוו	זשאַק לעווי	מאַנצביל		ער דערציילט וועגן דעם סוביעקט.
M-3-facs_283_tr_1755674200-013	P-3-facs_283_tr_1755674200	3	facs_283_tr_1755674200	שוואַרצבאַרד, גוסטאָוו	עפּעלבערג	מאַנצביל		"דער סוביעקט האָט געשפּילט אין זיין פּיעסע ""דוד אין דער וויסטע""."
M-3-facs_283_tr_1755674200-014	P-3-facs_283_tr_1755674200	3	facs_283_tr_1755674200	שוואַרצבאַרד, גוסטאָוו	גאָלדפֿאַדן	מאַנצביל		"דער סוביעקט האָט געשפּילט אין זיין פּיעסעס ""אָחשורוש"" און ""שולמית""."
M-3-facs_283_tr_1755674206-000	P-3-facs_283_tr_1755674206	3	facs_283_tr_1755674206	פערקויף, איגנאין [יצחק]	ראָזענבלום			ער האָט געשפּילט מיט די טרופּעס פֿון ראָזענבלום.
M-3-facs_283_tr_1755674206-001	P-3-facs_283_tr_1755674206	3	facs_283_tr_1755674206	פערקויף, איגנאין [יצחק]	סעגאַלעסקאָ			ער האָט געשפּילט מיט די טרופּעס פֿון סעגאַלעסקאָ.
M-3-facs_283_tr_1755674206-002	P-3-facs_283_tr_1755674206	3	facs_283_tr_1755674206	פערקויף, איגנאין [יצחק]	אַברהם אַקסעלראָד			ער האָט געשפּילט מיט די טרופּעס פֿון אַברהם אַקסעלראָד.
M-3-facs_283_tr_1755674206-003	P-3-facs_283_tr_1755674206	3	facs_283_tr_1755674206	פערקויף, איגנאין [יצחק]	"שמ""ר"			"ער האָט געשפּילט אין שמ""רס ""בעל-תשובה""."
M-3-facs_283_tr_1755674206-004	P-3-facs_283_tr_1755674206	3	facs_283_tr_1755674206	פערקויף, איגנאין [יצחק]	סעם	זכר	אַ יידישער שוישפּילער	פ.'ס ברידער, סעם, איז געווען אַ יידישער שוישפּילער.
M-3-facs_283_tr_1755674206-005	P-3-facs_283_tr_1755674206	3	facs_283_tr_1755674206	פערקויף, איגנאין [יצחק]	מאַלי סאָמואילאָוו	נקבה	אַ יידישע שוישפילערין	פ.'ס טאָכטער, מאַלי סאָמואילאָוו, איז אַ יידישע שוישפילערין.
M-3-facs_284_tr_1755674196-000	P-3-facs_284_tr_1755674196	3	facs_284_tr_1755674196	ראַטמאַן, כנימין	באַראָכאָוו	זכר	באַראָכאָוו-אַרכיוו	דער סוביעקט האָט געאַרבעט אינעם באַראָכאָוו-אַרכיוו.
M-3-facs_284_tr_1755674196-001	P-3-facs_284_tr_1755674196	3	facs_284_tr_1755674196	ראַטמאַן, כנימין	קאַדיאַ מאָלאָדאָווסקא	נקבה	מחברת פֿון „אַ הויז אויף גרענד סטריט“	דער סוביעקט האָט אונטער זיין מענעדזשמענט אויפֿגעפֿירט איר פּיעסע „אַ הויז אויף גרענד סטריט“.
M-3-facs_284_tr_1755674196-002	P-3-facs_284_tr_1755674196	3	facs_284_tr_1755674196	ראַטמאַן, כנימין	יגאָל מאָסענזאָן	זכר	מחבר פֿון דער ישראל-פּיעסע „בערבות הנגב“	דער סוביעקט האָט אונטער זיין מענעדזשמענט אויפֿגעפֿירט זיין פּיעסע „בערבות הנגב“.
M-3-facs_284_tr_1755674196-003	P-3-facs_284_tr_1755674196	3	facs_284_tr_1755674196	ראַטמאַן, כנימין	לעאַ פוקס	נקבה	טרופּעס מיט לעאַ פוקס	דער סוביעקט האָט איבערגענומען דאָס „אַנדערסאָן טעאַטער“ פֿאַר טרופּעס מיט איר.
M-3-facs_284_tr_1755674196-004	P-3-facs_284_tr_1755674196	3	facs_284_tr_1755674196	ראַטמאַן, כנימין	מאָריס שוואַרץ	זכר	טרופּעס מיט מאָריס שוואַרץ	דער סוביעקט האָט איבערגענומען דאָס „אַנדערסאָן טעאַטער“ פֿאַר טרופּעס מיט אים.
M-3-facs_284_tr_1755674201-000	P-3-facs_284_tr_1755674201	3	facs_284_tr_1755674201	פֿרידזעל, לואיס	היינע-חיימאָוויטש	זכר		ער גיט-איבער אינפאָרמאַציע וועגן פ.'ס פֿריעסטער יוגנט.
M-3-facs_284_tr_1755674201-001	P-3-facs_284_tr_1755674201	3	facs_284_tr_1755674201	פֿרידזעל, לואיס	חזן סענדער	זכר	חזן אין יעקאַטערינאָסלאָוו	פ. איז געווען אַ כאָר-דיריגענט ביי אים.
M-3-facs_284_tr_1755674201-002	P-3-facs_284_tr_1755674201	3	facs_284_tr_1755674201	פֿרידזעל, לואיס	ב. גאָרין	זכר		"ער דערציילט וועגן פ.'ס טעטיקייט אין שמ""ר-שייקעוויטש'ס טרופּע."
M-3-facs_284_tr_1755674201-003	P-3-facs_284_tr_1755674201	3	facs_284_tr_1755674201	פֿרידזעל, לואיס	"שמ""ר-שייקעוויטש"	זכר		פ. איז געווען כאָר-דיריגענט און אַקטיאָר אין זיין טרופּע.
M-3-facs_284_tr_1755674201-004	P-3-facs_284_tr_1755674201	3	facs_284_tr_1755674201	פֿרידזעל, לואיס	יוסף רומשינסקי	זכר		ער שרייבט וועגן פ.'ס קאַריערע און מוזיק.
M-3-facs_284_tr_1755674201-005	P-3-facs_284_tr_1755674201	3	facs_284_tr_1755674201	פֿרידזעל, לואיס	יעקב גאָרדין	זכר		"פ. איז אויפֿגעטראָטן צוזאַמען מיט אים אין זיין פּיעסע ""סיביריא""."
M-3-facs_284_tr_1755674201-006	P-3-facs_284_tr_1755674201	3	facs_284_tr_1755674201	פֿרידזעל, לואיס	מ. זייפערט	זכר	היסטאָריקער פֿון יידישן טעאַטער	ער שרייבט וועגן דעם טיפּ מוזיק פֿון פ.
M-3-facs_284_tr_1755674201-007	P-3-facs_284_tr_1755674201	3	facs_284_tr_1755674201	פֿרידזעל, לואיס	פּראָפ. הורוויץ	זכר		"פ. האָט געשריבן מוזיק צו זיין אָפּערע ""יהודה הגלילי""."
M-3-facs_284_tr_1755674201-008	P-3-facs_284_tr_1755674201	3	facs_284_tr_1755674201	פֿרידזעל, לואיס	מאָגולעסקאָ	זכר	קאָמפּאָזיטאָר	פ. האָט געשריבן מוזיק צוזאַמען מיט אים.
M-3-facs_284_tr_1755674201-009	P-3-facs_284_tr_1755674201	3	facs_284_tr_1755674201	פֿרידזעל, לואיס	סענדלער	זכר	קאָמפּאָזיטאָר	זיין נאָמען ווערט דערמאָנט צוזאַמען מיט פ.'ס נאָמען אויף די אָפֿישן.
M-3-facs_284_tr_1755674201-010	P-3-facs_284_tr_1755674201	3	facs_284_tr_1755674201	פֿרידזעל, לואיס	רוסאָטאָ	זכר	קאָמפּאָזיטאָר	ער האָט אַראַנזשירט מוזיק-נומערן צוזאַמען מיט פ.
M-3-facs_284_tr_1755674201-011	P-3-facs_284_tr_1755674201	3	facs_284_tr_1755674201	פֿרידזעל, לואיס	י. זאָלאַטאַרעפסקי	זכר		פ. האָט געשריבן מוזיק צו עטלעכע פֿון זיינע פּיעסעס.
M-3-facs_284_tr_1755674201-012	P-3-facs_284_tr_1755674201	3	facs_284_tr_1755674201	פֿרידזעל, לואיס	באָריס טאָמאַשעווסקין	זכר		ער האָט אויפֿגעפֿירט פּיעסעס מיט פ.'ס מוזיק.
M-3-facs_284_tr_1755674201-013	P-3-facs_284_tr_1755674201	3	facs_284_tr_1755674201	פֿרידזעל, לואיס	שלום פּערלמוטער	זכר		ער כאַראַקטעריזירט פ. און שרייבט וועגן זיין מוזיק.
M-3-facs_284_tr_1755674201-014	P-3-facs_284_tr_1755674201	3	facs_284_tr_1755674201	פֿרידזעל, לואיס	י. לאַטיינער	זכר		פ. האָט געשריבן מוזיק צו עטלעכע פֿון זיינע פּיעסעס.
M-3-facs_284_tr_1755674201-015	P-3-facs_284_tr_1755674201	3	facs_284_tr_1755674201	פֿרידזעל, לואיס	בועז יאָנג	זכר		ער איז געווען פ.'ס א שותף און קאָלעגע.
M-3-facs_284_tr_1755674201-016	P-3-facs_284_tr_1755674201	3	facs_284_tr_1755674201	פֿרידזעל, לואיס	בערל בערנשטיין	זכר	אַקטיאָר	ער האָט געמאַכט אַ קאָנטראַקט מיט פ. צו בויען דאָס גרענד סטריט-טעאַטער.
M-3-facs_284_tr_1755674201-017	P-3-facs_284_tr_1755674201	3	facs_284_tr_1755674201	פֿרידזעל, לואיס	מאָריס פינקל	זכר	אַקטיאָר	ער האָט געמאַכט אַ קאָנטראַקט מיט פ. צו בויען דאָס גרענד סטריט-טעאַטער.
M-3-facs_284_tr_1755674201-018	P-3-facs_284_tr_1755674201	3	facs_284_tr_1755674201	פֿרידזעל, לואיס	סאָפיע קאַרפּ	נקבה	אַקטריסע	זי האָט געמאַכט אַ קאָנטראַקט מיט פ. צו בויען דאָס גרענד סטריט-טעאַטער.
M-3-facs_284_tr_1755674201-019	P-3-facs_284_tr_1755674201	3	facs_284_tr_1755674201	פֿרידזעל, לואיס	הערי פֿישל	זכר		ער האָט געבויט דאָס גרענד סטריט-טעאַטער לויט אַ קאָנטראַקט מיט פ. און אַנדערע.
M-3-facs_284_tr_1755674201-020	P-3-facs_284_tr_1755674201	3	facs_284_tr_1755674201	פֿרידזעל, לואיס	ברוידי	זכר	מוזיקער	"ער האָט געהאָלפֿן פ. שרייבן מוזיק פֿאַר ""מיין ווייבס מאַן""."
M-3-facs_284_tr_1755674201-021	P-3-facs_284_tr_1755674201	3	facs_284_tr_1755674201	פֿרידזעל, לואיס	קלאַראַ (יאָנג)	נקבה	זינגערין	זי האָט געזונגען פ.'ס דועט מיט קעסטינען.
M-3-facs_284_tr_1755674201-022	P-3-facs_284_tr_1755674201	3	facs_284_tr_1755674201	פֿרידזעל, לואיס	קעסטינען			ער האָט געזונגען פ.'ס דועט צוזאַמען מיט קלאַראַ יאָנג.
M-3-facs_284_tr_1755674201-023	P-3-facs_284_tr_1755674201	3	facs_284_tr_1755674201	פֿרידזעל, לואיס	ז. ליבין	זכר		"פ. האָט געשריבן מוזיק צו זיין פּיעסע ""די צוויי מאַמעס""."
M-3-facs_284_tr_1755674201-024	P-3-facs_284_tr_1755674201	3	facs_284_tr_1755674201	פֿרידזעל, לואיס	מ. גאָלדבערג	זכר		"פ. האָט געשריבן מוזיק צו זיין קאָמעדיע ""סיידי פלאַם""."
M-3-facs_284_tr_1755674201-025	P-3-facs_284_tr_1755674201	3	facs_284_tr_1755674201	פֿרידזעל, לואיס	בעסי טאָמאַשעווסקי	נקבה		פ.'ס מוזיק איז אויפֿגעפֿירט געוואָרן אין איר טעאַטער.
M-3-facs_284_tr_1755674201-026	P-3-facs_284_tr_1755674201	3	facs_284_tr_1755674201	פֿרידזעל, לואיס	קאַלמאַנאָוויטש	זכר		"פ. האָט געשריבן מוזיק צו זיין פּיעסע ""צעריסענע קייטן""."
M-3-facs_284_tr_1755674201-027	P-3-facs_284_tr_1755674201	3	facs_284_tr_1755674201	פֿרידזעל, לואיס	סיגעל	זכר		"פ. האָט געשריבן מוזיק צו זיין פּיעסע ""צעריסענע קייטן""."
M-3-facs_284_tr_1755674201-028	P-3-facs_284_tr_1755674201	3	facs_284_tr_1755674201	פֿרידזעל, לואיס	איזידאָר דיליען	זכר		"פ. האָט געשריבן מוזיק צו זיין קאָמעדיע ""מיין טאַטענס ווייב""."
M-3-facs_284_tr_1755674201-029	P-3-facs_284_tr_1755674201	3	facs_284_tr_1755674201	פֿרידזעל, לואיס	איזידאָר לעש	זכר		"פ. האָט געשריבן מוזיק צו זיין קאָמעדיע ""שלמהקע אויף בראָדוויי""."
M-3-facs_284_tr_1755674201-030	P-3-facs_284_tr_1755674201	3	facs_284_tr_1755674201	פֿרידזעל, לואיס	ליליען	זכר		"פ. האָט געשריבן מוזיק צו זיין פּיעסע ""יעדעס מיידל""."
M-3-facs_284_tr_1755674201-031	P-3-facs_284_tr_1755674201	3	facs_284_tr_1755674201	פֿרידזעל, לואיס	שאַרקאַנסקי	זכר		"פ. האָט געשריבן מוזיק צו זיין פּיעסע ""כל-נדרי""."
M-3-facs_284_tr_1755674201-032	P-3-facs_284_tr_1755674201	3	facs_284_tr_1755674201	פֿרידזעל, לואיס	קעסלער	זכר		"פ. האָט געשריבן מוזיק צו זיין פּיעסע ""דער יתום ישראליק""."
M-3-facs_284_tr_1755674201-033	P-3-facs_284_tr_1755674201	3	facs_284_tr_1755674201	פֿרידזעל, לואיס	געביל	זכר		פ. האָט געשריבן מוזיק צו עטלעכע פֿון זיינע פּיעסן.
M-3-facs_284_tr_1755674201-034	P-3-facs_284_tr_1755674201	3	facs_284_tr_1755674201	פֿרידזעל, לואיס	שטיינבערג	זכר		"פ. האָט געשריבן מוזיק צו זיין פּיעסע ""בענקענדע הערצער""."
M-3-facs_284_tr_1755674201-035	P-3-facs_284_tr_1755674201	3	facs_284_tr_1755674201	פֿרידזעל, לואיס	שאָליאַפּין	זכר	קינסטלער	ער האָט געזונגען פ.'ס מעלאָדיע אין זיין רעפּערטואָר.
M-3-facs_284_tr_1755674201-036	P-3-facs_284_tr_1755674201	3	facs_284_tr_1755674201	פֿרידזעל, לואיס	לואיס קרעמער	זכר		ער גיט-איבער אינפאָרמאַציע וועגן פ.'ס פרוי.
M-3-facs_284_tr_1755674201-037	P-3-facs_284_tr_1755674201	3	facs_284_tr_1755674201	פֿרידזעל, לואיס	פֿרידאַ	נקבה	אַקטריסע	זי איז געווען פ.'ס פֿרוי.
M-3-facs_284_tr_1755674201-038	P-3-facs_284_tr_1755674201	3	facs_284_tr_1755674201	פֿרידזעל, לואיס	קינדער*			פ. איז געווען איבערגעגעבן צו זיי.
M-3-facs_284_tr_1755674201-039	P-3-facs_284_tr_1755674201	3	facs_284_tr_1755674201	פֿרידזעל, לואיס	קוראַנטמאַן	זכר	דיריגענט	ער איז דערמאָנט געוואָרן אַלס איינער וואָס האָט דיריגירט מיט דעם בויגן פֿון פֿידל.
M-3-facs_284_tr_1755674201-040	P-3-facs_284_tr_1755674201	3	facs_284_tr_1755674201	פֿרידזעל, לואיס	יאָריכאָווסקי	זכר	דיריגענט	ער איז דערמאָנט געוואָרן אַלס איינער וואָס האָט דיריגירט מיט דעם בויגן פֿון פֿידל.
M-3-facs_284_tr_1755674201-041	P-3-facs_284_tr_1755674201	3	facs_284_tr_1755674201	פֿרידזעל, לואיס	הערמאַן	זכר	דיריגענט	ער איז דערמאָנט געוואָרן אַלס איינער וואָס האָט דיריגירט מיט דעם בויגן פֿון פֿידל.
M-3-facs_286_tr_1755674601-000	P-3-facs_286_tr_1755674601	3	facs_286_tr_1755674601	שלאָסבערג, יצחק	נתן שלאָסבערג	זכר	חזן	ער איז געווען דעם סוביעקטס זיידע.
M-3-facs_286_tr_1755674601-001	P-3-facs_286_tr_1755674601	3	facs_286_tr_1755674601	שלאָסבערג, יצחק	לייבקע אָלוקשטער	זכר	"דער באַרימטער חזן לייבקע אָלוקשטער, באַקאַנט אין דער חזנים-וועלט אינ „שאַגת אַריה"""	ער איז געווען דעם סוביעקטס פֿאָטער.
M-3-facs_286_tr_1755674601-002	P-3-facs_286_tr_1755674601	3	facs_286_tr_1755674601	שלאָסבערג, יצחק	אליהו זאַלודקאָווסקי	זכר	מחבר פֿון „קולטור-טרעגער פֿון דער אידישער ליטורגיע“	ער האָט געשריבן וועגן דעם סוביעקטס פֿאָטער.
M-3-facs_286_tr_1755674601-003	P-3-facs_286_tr_1755674601	3	facs_286_tr_1755674601	שלאָסבערג, יצחק	מ. דאָרגוזשאַנסקי	זכר	דיריגענט	דער סוביעקט האָט געזונגען אונטער זיין לייטונג און איז געווען זיין געהילף.
M-3-facs_286_tr_1755674601-004	P-3-facs_286_tr_1755674601	3	facs_286_tr_1755674601	שלאָסבערג, יצחק	קאַהאַן	זכר	חזן אין ווילנע	דער סוביעקט האָט געזונגען אונטער זיין לייטונג ביים חזן קאַהאַן.
M-3-facs_286_tr_1755674601-005	P-3-facs_286_tr_1755674601	3	facs_286_tr_1755674601	שלאָסבערג, יצחק	יאָסעלע דעם קירזשנערס (יוסף רומשינסקי)	זכר	משורר	ער האָט געזונגען צוזאַמען מיט דעם סוביעקט.
M-3-facs_286_tr_1755674601-006	P-3-facs_286_tr_1755674601	3	facs_286_tr_1755674601	שלאָסבערג, יצחק	לאָקעשקער	זכר	משורר, געוואָרן אַ וועלט-באַרימטער טענאָר	ער האָט געזונגען צוזאַמען מיט דעם סוביעקט.
M-3-facs_286_tr_1755674601-007	P-3-facs_286_tr_1755674601	3	facs_286_tr_1755674601	שלאָסבערג, יצחק	עדעלמאַן	זכר	משורר, שפּעטער חזן אין ווין	ער האָט געזונגען צוזאַמען מיט דעם סוביעקט.
M-3-facs_286_tr_1755674601-008	P-3-facs_286_tr_1755674601	3	facs_286_tr_1755674601	שלאָסבערג, יצחק	פישזאָן	זכר	פֿאַרמאָגט א יידישן טעאַטער	דער סוביעקט איז אָנגעקומען אַלס דיריגענט אין זיין יידישן טעאַטער.
M-3-facs_286_tr_1755674601-009	P-3-facs_286_tr_1755674601	3	facs_286_tr_1755674601	שלאָסבערג, יצחק	הענעך קאָן	זכר	קאָמפּאָזיטאָר	ער האָט געשריבן וועגן דעם סוביעקט.
M-3-facs_286_tr_1755674601-010	P-3-facs_286_tr_1755674601	3	facs_286_tr_1755674601	שלאָסבערג, יצחק	יוסף לאַטיינער	זכר		"דער סוביעקט האָט דיריגירט זיין אָפּערעטע „חורבן ירושלים""."
M-3-facs_286_tr_1755674601-011	P-3-facs_286_tr_1755674601	3	facs_286_tr_1755674601	שלאָסבערג, יצחק	מינקאָווסקי	זכר		דער סוביעקט האָט דיריגירט די מוזיק וואָס ער האָט קאָמפּאָנירט.
M-3-facs_286_tr_1755674601-012	P-3-facs_286_tr_1755674601	3	facs_286_tr_1755674601	שלאָסבערג, יצחק	קאַמינסקי	זכר	פֿאַרמאָגט א יידישע טרופּע	דער סוביעקט איז געווען דיריגענט און קאָמפּאָזיטאָר אין זיין טרופּע.
M-3-facs_286_tr_1755674601-013	P-3-facs_286_tr_1755674601	3	facs_286_tr_1755674601	שלאָסבערג, יצחק	קאָמפּאַנעעץ	זכר	פֿאַרמאָגט א יידישע טרופּע	דער סוביעקט איז געווען דיריגענט און קאָמפּאָזיטאָר אין זיין טרופּע.
M-3-facs_286_tr_1755674601-014	P-3-facs_286_tr_1755674601	3	facs_286_tr_1755674601	שלאָסבערג, יצחק	יצחק אויערבאַך	זכר		"דער סוביעקט האָט באַאַרבעט די מוזיק צו זיין אָפּערעטע „בוסתנאי""."
M-3-facs_286_tr_1755674601-015	P-3-facs_286_tr_1755674601	3	facs_286_tr_1755674601	שלאָסבערג, יצחק	פּראָפ. הורוויץ	זכר		דער סוביעקט האָט באַאַרבעט די מוזיק צו זיינע אָפּערעטעס.
M-3-facs_286_tr_1755674601-016	P-3-facs_286_tr_1755674601	3	facs_286_tr_1755674601	שלאָסבערג, יצחק	מנחם	זכר		"דער סוביעקט האָט געשריבן אָריגינעלע קאָמפּאָזיציעס צו זיין פּיעסע „האַנקא""."
M-3-facs_286_tr_1755674601-017	P-3-facs_286_tr_1755674601	3	facs_286_tr_1755674601	שלאָסבערג, יצחק	יעקב וואַקסמאַן	זכר		דער סוביעקט האָט געשריבן אָריגינעלע קאָמפּאָזיציעס צו זיינע פּיעסן.
M-3-facs_286_tr_1755674601-018	P-3-facs_286_tr_1755674601	3	facs_286_tr_1755674601	שלאָסבערג, יצחק	מאָריס מאָשקאָוויטשן	זכר		דער סוביעקט האָט אויפֿגעשריבן דעם „מלאַכים-כאָר' פאַר אים.
M-3-facs_286_tr_1755674601-019	P-3-facs_286_tr_1755674601	3	facs_286_tr_1755674601	שלאָסבערג, יצחק	סיראָטאָ	זכר		"ער האָט זיך פֿאַרשאָפֿט אַ וועלט-נאָמען מיט דעם סוביעקטס קאָמפּאָזיציע „רצה""."
M-3-facs_286_tr_1755674601-020	P-3-facs_286_tr_1755674601	3	facs_286_tr_1755674601	שלאָסבערג, יצחק	ניטשע	זכר		דעם סוביעקטס קאָפּ האָט אָפֿט דערמאָנט אָן אים.
M-3-facs_286_tr_1755674601-021	P-3-facs_286_tr_1755674601	3	facs_286_tr_1755674601	שלאָסבערג, יצחק	אַרטור ניקיש	זכר		דעם סוביעקטס קאָפּ האָט אָפֿט דערמאָנט אָן אים.
M-3-facs_286_tr_1755674601-022	P-3-facs_286_tr_1755674601	3	facs_286_tr_1755674601	שלאָסבערג, יצחק	לעאָן זעלמאַן	זכר	דיריגענט און קאָמפּאָזיטאָר	ער האָט געגעבן אן אָפּשאַצונג וועגן דעם סוביעקט.
M-3-facs_286_tr_1755674601-023	P-3-facs_286_tr_1755674601	3	facs_286_tr_1755674601	שלאָסבערג, יצחק	לעוואָנדאָווסקין	זכר		לעאָן זעלמאַן פֿאַרגלייכט דעם סוביעקטס כאָרן מיט אים.
M-3-facs_286_tr_1755674601-024	P-3-facs_286_tr_1755674601	3	facs_286_tr_1755674601	שלאָסבערג, יצחק	זלמן זילבערצווייג	זכר		ער האָט באַמערקט וועגן דעם סוביעקט.
M-3-facs_286_tr_1755674601-025	P-3-facs_286_tr_1755674601	3	facs_286_tr_1755674601	שלאָסבערג, יצחק	מ. קיפּניס	זכר	זינגער און שרייבער, דער קדוש	ער האָט כאַראַקטעריזירט דעם סוביעקט אַלס דיריגענט.
M-3-facs_286_tr_1755674601-026	P-3-facs_286_tr_1755674601	3	facs_286_tr_1755674601	שלאָסבערג, יצחק	מ. גוטווערק	זכר	כאָר-דיריגענט	ער האָט געשריבן וועגן דעם סוביעקטס ליטורגישער מוזיק.
M-3-facs_286_tr_1755674601-027	P-3-facs_286_tr_1755674601	3	facs_286_tr_1755674601	שלאָסבערג, יצחק	סאָניא	נקבה	א יידישע פּרימאַדאָנע	זי איז געווען דעם סוביעקטס פֿרוי.
M-3-facs_286_tr_1755674601-028	P-3-facs_286_tr_1755674601	3	facs_286_tr_1755674601	שלאָסבערג, יצחק	מאַניאַ (מאָלי מאַרקאָ, מאַלי פיקוס, מרים שלאָסבערג)	נקבה	א יידישע שוישפּילערין	זי איז געווען דעם סוביעקטס טאָכטער.
M-3-facs_286_tr_1755674601-029	P-3-facs_286_tr_1755674601	3	facs_286_tr_1755674601	שלאָסבערג, יצחק	ליזע שלאַסבערג	נקבה	א יידישע שוישפּילערין	זי איז געווען דעם סוביעקטס טאָכטער.
M-3-facs_289_tr_1755803001-000	P-3-facs_289_tr_1755803001	3	facs_289_tr_1755803001	קראָהן, הערי [צבי-הערש]	עלטערן*		מעל-סוחרים	זיינען די עלטערן פֿון דעם סוביעקט.
M-3-facs_289_tr_1755803001-001	P-3-facs_289_tr_1755803001	3	facs_289_tr_1755803001	קראָהן, הערי [צבי-הערש]	יידישן לערער*	male		דער סוביעקט האָט ביי אים געלערנט.
M-3-facs_289_tr_1755803001-002	P-3-facs_289_tr_1755803001	3	facs_289_tr_1755803001	קראָהן, הערי [צבי-הערש]	סאָבסיי	male	וויינקעלערזינגער	איז געווען אַ חבר פֿון דעם סוביעקט אין זיינע יינגל-יאָרן.
M-3-facs_289_tr_1755803001-003	P-3-facs_289_tr_1755803001	3	facs_289_tr_1755803001	קראָהן, הערי [צבי-הערש]	פּערלמוטער	male	וויינקעלערזינגער	איז געווען אַ חבר פֿון דעם סוביעקט אין זיינע יינגל-יאָרן.
M-3-facs_289_tr_1755803001-004	P-3-facs_289_tr_1755803001	3	facs_289_tr_1755803001	קראָהן, הערי [צבי-הערש]	קראַן	male	וויינקעלערזינגער (נישט קיין קרוב)	איז געווען אַ חבר פֿון דעם סוביעקט אין זיינע יינגל-יאָרן.
M-3-facs_289_tr_1755803001-005	P-3-facs_289_tr_1755803001	3	facs_289_tr_1755803001	קראָהן, הערי [צבי-הערש]	גאָלדפֿאַדענס	male	מחבר פֿון דער פּיעסע „שולמית“	דער סוביעקט האָט אַראַנזשירט אַ יידישע אויפֿפֿירונג פֿון זיין פּיעסע.
M-3-facs_289_tr_1755803001-006	P-3-facs_289_tr_1755803001	3	facs_289_tr_1755803001	קראָהן, הערי [צבי-הערש]	יוסף דזשייקאָבסאַנס	male	האָט געהאַט אַ יידישער טרופּע	דער סוביעקט האָט געאַרבעט אין זיין יידישער טרופּע.
M-3-facs_289_tr_1755803001-007	P-3-facs_289_tr_1755803001	3	facs_289_tr_1755803001	קראָהן, הערי [צבי-הערש]	שוועסטער פֿון דוד קעסלער*	female		איז די פֿרוי פֿון דעם סוביעקט.
M-3-facs_289_tr_1755803001-008	P-3-facs_289_tr_1755803001	3	facs_289_tr_1755803001	קראָהן, הערי [צבי-הערש]	דוד קעסלער	male	האָט געהאַט אַ טעאַטער	דער סוביעקט איז געווען פֿאַרהייראָט מיט זיין שוועסטער און האָט באַקומען אַ שטעלע אין זיין טעאַטער.
M-3-facs_289_tr_1755803001-009	P-3-facs_289_tr_1755803001	3	facs_289_tr_1755803001	קראָהן, הערי [צבי-הערש]	יאָזער קעסלער	male	געעפֿנט אַ יידיש טעאַטער אין סט. לואיס צוזאַמען מיט דעם סוביעקט	איז געווען אַ שותף פֿון דעם סוביעקט אין עפֿענען אַ טעאַטער און האָט אויפגעפֿירט זיינע פּיעסעס.
M-3-facs_289_tr_1755803001-010	P-3-facs_289_tr_1755803001	3	facs_289_tr_1755803001	קראָהן, הערי [צבי-הערש]	מישע אָפּעלבוים	male	געשפּילט אַ טיטל-ראָל אין דעם סוביעקטס אָפּערעטע „יהודה און תמר“	האָט געשפּילט אין דעם סוביעקטס אָפּערעטע.
M-3-facs_289_tr_1755803001-011	P-3-facs_289_tr_1755803001	3	facs_289_tr_1755803001	קראָהן, הערי [צבי-הערש]	מיני אַקסעלראָד	female	געשפּילט אַ טיטל-ראָל אין דעם סוביעקטס אָפּערעטע „יהודה און תמר“	האָט געשפּילט אין דעם סוביעקטס אָפּערעטע.
M-3-facs_289_tr_1755803006-000	P-3-facs_289_tr_1755803006	3	facs_289_tr_1755803006	קעשיר איזידאָר [זישע קאַסירער]	זיידע*	זכר	שוחט	זיין זיידע האָט אים דערצויגן.
M-3-facs_289_tr_1755803006-001	P-3-facs_289_tr_1755803006	3	facs_289_tr_1755803006	קעשיר איזידאָר [זישע קאַסירער]	פֿאָטער*	זכר	שוחט אין אַ דערפל	ער איז פֿאַריתומט געוואָרן פֿון אים צו זעקס יאָר.
M-3-facs_289_tr_1755803006-002	P-3-facs_289_tr_1755803006	3	facs_289_tr_1755803006	קעשיר איזידאָר [זישע קאַסירער]	אַמעריקאַנער פעטערס*	זכר		זיי האָבן אים געבראַכט קיין אַמעריקע.
M-3-facs_289_tr_1755803006-003	P-3-facs_289_tr_1755803006	3	facs_289_tr_1755803006	קעשיר איזידאָר [זישע קאַסירער]	יעקב פּ. אַדלער	זכר	אַקטיאָר און רעזשיסער	ער איז געווען זיין רעזשיסער און קעשיר איז געווען זיין „פּאַטריאָט“.
M-3-facs_289_tr_1755803006-004	P-3-facs_289_tr_1755803006	3	facs_289_tr_1755803006	קעשיר איזידאָר [זישע קאַסירער]	בועז יאָנג	זכר		ער דערציילט וועגן אים אין זיינע זכרונות.
M-3-facs_289_tr_1755803006-005	P-3-facs_289_tr_1755803006	3	facs_289_tr_1755803006	קעשיר איזידאָר [זישע קאַסירער]	יאָשאַ ראָזענטאָל	זכר	פּאַטריאָט פֿון אַדלערן	ער איז געווען אַ חבר און אַ „פּאַטריאָט“ צוזאַמען מיט קעשירן.
M-3-facs_289_tr_1755803006-006	P-3-facs_289_tr_1755803006	3	facs_289_tr_1755803006	קעשיר איזידאָר [זישע קאַסירער]	טאָמאַשעווסקי	זכר		ער האָט געוואָלט קויפן אַ פּיעסע ביי גאָרדינען.
M-3-facs_289_tr_1755803006-007	P-3-facs_289_tr_1755803006	3	facs_289_tr_1755803006	קעשיר איזידאָר [זישע קאַסירער]	גאָרדין	זכר	דראַמאַטורג	קעשיר האָט געשפּילט אין זיינע פּיעסן.
M-3-facs_289_tr_1755803006-008	P-3-facs_289_tr_1755803006	3	facs_289_tr_1755803006	קעשיר איזידאָר [זישע קאַסירער]	יוסף רומשינסקי	זכר		ער דערציילט וועגן קעשירס איבערגעבנקייט צום טעאַטער.
M-3-facs_289_tr_1755803006-009	P-3-facs_289_tr_1755803006	3	facs_289_tr_1755803006	קעשיר איזידאָר [זישע קאַסירער]	ליזע	נקבה	שכנס טאָכטער	אַ כאַראַקטער אין אַ פּיעסע וואָס קעשיר האָט געזען.
M-3-facs_289_tr_1755803006-010	P-3-facs_289_tr_1755803006	3	facs_289_tr_1755803006	קעשיר איזידאָר [זישע קאַסירער]	בערטאָ קאַליש	נקבה	ענגלישע אַקטריסע	קעשיר איז געווען דער רעזשיסער פֿון איר רעפּערטואַר.
M-3-facs_289_tr_1755803006-011	P-3-facs_289_tr_1755803006	3	facs_289_tr_1755803006	קעשיר איזידאָר [זישע קאַסירער]	מאָריס שוואַרץ	זכר	רעזשיסער אין יידישן קונסט-טעאַטער	קעשיר האָט אָנגעהויבן ביי אים צו שפּילן אַלס פֿולשטענדיקער אַקטיאָר.
M-3-facs_289_tr_1755803006-012	P-3-facs_289_tr_1755803006	3	facs_289_tr_1755803006	קעשיר איזידאָר [זישע קאַסירער]	סאַראַ אַדלער	נקבה	אַקטריסע	ער האָט געשפּילט מיט איר אין נאָוועלטי טעאַטער.
M-3-facs_289_tr_1755803006-013	P-3-facs_289_tr_1755803006	3	facs_289_tr_1755803006	קעשיר איזידאָר [זישע קאַסירער]	רודאָלף שילדקרויט	זכר	אַקטיאָר	ער האָט געשפּילט מיט אים אין נאָוועלטי טעאַטער.
M-3-facs_289_tr_1755803006-014	P-3-facs_289_tr_1755803006	3	facs_289_tr_1755803006	קעשיר איזידאָר [זישע קאַסירער]	דר. א. מוקדוני	זכר	קריטיקער	ער האָט געשריבן קריטיק וועגן קעשירס שפּילן.
M-3-facs_289_tr_1755803006-015	P-3-facs_289_tr_1755803006	3	facs_289_tr_1755803006	קעשיר איזידאָר [זישע קאַסירער]	א. ה. ביאלין	זכר	שריפטשטעלער	ער שרייבט וועגן קעשירן אין זיין בוך.
M-3-facs_289_tr_1755803006-016	P-3-facs_289_tr_1755803006	3	facs_289_tr_1755803006	קעשיר איזידאָר [זישע קאַסירער]	איזידאָר בוזעט	זכר		ער האָט צוזאַמען מיט קעשירן איבערגענומען דאָס מעקינלי סקווער טעאַטער.
M-3-facs_289_tr_1755803006-017	P-3-facs_289_tr_1755803006	3	facs_289_tr_1755803006	קעשיר איזידאָר [זישע קאַסירער]	ראָזעטאַ ביאַליס	נקבה	אַקטריסע	זי האָט געשפּילט מיט אים אין עטלעכע פּיעסן און פֿילמען.
M-3-facs_289_tr_1755803006-018	P-3-facs_289_tr_1755803006	3	facs_289_tr_1755803006	קעשיר איזידאָר [זישע קאַסירער]	יעקב באַטאָשאַנסקי	זכר	שרייבער	ער שרייבט וועגן קעשירס גאַסטשפּילן אין בוענאָס איירעס.
M-3-facs_289_tr_1755803006-019	P-3-facs_289_tr_1755803006	3	facs_289_tr_1755803006	קעשיר איזידאָר [זישע קאַסירער]	דר. ל. זשיטניצקי	זכר		ער שרייבט וועגן קעשירס ראָלע אין „מיעשטשאַניע“.
M-3-facs_289_tr_1755803006-020	P-3-facs_289_tr_1755803006	3	facs_289_tr_1755803006	קעשיר איזידאָר [זישע קאַסירער]	ש. ראָזשאַנסקי	זכר		ער כאַראַקטעריזירט קעשירס רעאַליסטישן שפּילן.
M-3-facs_289_tr_1755803006-021	P-3-facs_289_tr_1755803006	3	facs_289_tr_1755803006	קעשיר איזידאָר [זישע קאַסירער]	יעקב בן-עמי	זכר	דירעקטאָר פֿון יידישן פֿאָלקס-טעאַטער	קעשיר האָט געשפּילט אין זיין טעאַטער.
M-3-facs_289_tr_1755803006-022	P-3-facs_289_tr_1755803006	3	facs_289_tr_1755803006	קעשיר איזידאָר [זישע קאַסירער]	יוסף גרין	זכר	דירעקטאָר פֿון יידישן פֿאָלקס-טעאַטער	קעשיר האָט געשפּילט אין זיין טעאַטער.
M-3-facs_289_tr_1755803006-023	P-3-facs_289_tr_1755803006	3	facs_289_tr_1755803006	קעשיר איזידאָר [זישע קאַסירער]	חנה אָפּעל	נקבה	אַקטריסע	זי האָט געשפּילט מיט אים אין פֿילם „געבראָכענע הערצער“.
M-3-facs_289_tr_1755803006-024	P-3-facs_289_tr_1755803006	3	facs_289_tr_1755803006	קעשיר איזידאָר [זישע קאַסירער]	חיים טויבער	זכר		קעשיר האָט געשפּילט אין זיין פֿילם „דער יידישער ניגון“.
M-3-facs_289_tr_1755803006-025	P-3-facs_289_tr_1755803006	3	facs_289_tr_1755803006	קעשיר איזידאָר [זישע קאַסירער]	עדגאָר דזש. אולמער	זכר	רעזשיסער	ער האָט רעזשיסירט דעם פֿילם „די קליאַטשע“ וואו קעשיר האָט געשפּילט.
M-3-facs_289_tr_1755803006-026	P-3-facs_289_tr_1755803006	3	facs_289_tr_1755803006	קעשיר איזידאָר [זישע קאַסירער]	וואָלף מערקור	זכר	טעכנישער אַסיסטענט	ער האָט געאַרבעט אויפֿן פֿילם „די קליאַטשע“ מיט קעשירן.
M-3-facs_289_tr_1755803006-027	P-3-facs_289_tr_1755803006	3	facs_289_tr_1755803006	קעשיר איזידאָר [זישע קאַסירער]	העלען בעווערלי	נקבה	אַקטריסע	זי האָט זיך באַטייליקט אין פֿילם „די קליאַטשע“ מיט קעשירן.
M-3-facs_289_tr_1755803006-028	P-3-facs_289_tr_1755803006	3	facs_289_tr_1755803006	קעשיר איזידאָר [זישע קאַסירער]	דוד אָפּאַטאָשו	זכר	אַקטיאָר	ער האָט זיך באַטייליקט אין פֿילם „די קליאַטשע“ מיט קעשירן.
M-3-facs_289_tr_1755803006-029	P-3-facs_289_tr_1755803006	3	facs_289_tr_1755803006	קעשיר איזידאָר [זישע קאַסירער]	דזשעני קעשיר	נקבה	יידישע אַקטריסע	זי איז געווען קעשירס פֿרוי.
M-3-facs_289_tr_1755803006-030	P-3-facs_289_tr_1755803006	3	facs_289_tr_1755803006	קעשיר איזידאָר [זישע קאַסירער]	אַברהם פישקינד	זכר	אַקטיאָר	ער האָט זיך באַטייליקט אין פֿילם „די קליאַטשע“ מיט קעשירן.
M-3-facs_289_tr_1755803006-031	P-3-facs_289_tr_1755803006	3	facs_289_tr_1755803006	קעשיר איזידאָר [זישע קאַסירער]	מישאַ פישזאָן	זכר	אַקטיאָר	ער האָט זיך באַטייליקט אין פֿילם „די קליאַטשע“ מיט קעשירן.
M-3-facs_289_tr_1755803006-032	P-3-facs_289_tr_1755803006	3	facs_289_tr_1755803006	קעשיר איזידאָר [זישע קאַסירער]	וואָלף גאָלדפֿאַדען	זכר	אַקטיאָר	ער האָט זיך באַטייליקט אין פֿילם „די קליאַטשע“ מיט קעשירן.
M-3-facs_289_tr_1755803006-033	P-3-facs_289_tr_1755803006	3	facs_289_tr_1755803006	קעשיר איזידאָר [זישע קאַסירער]	טילי ראַבינאָוויטש	נקבה	אַקטריסע	זי האָט זיך באַטייליקט אין פֿילם „די קליאַטשע“ מיט קעשירן.
M-3-facs_289_tr_1755803006-034	P-3-facs_289_tr_1755803006	3	facs_289_tr_1755803006	קעשיר איזידאָר [זישע קאַסירער]	סילי בודקין	נקבה	אַקטריסע	זי האָט זיך באַטייליקט אין פֿילם „די קליאַטשע“ מיט קעשירן.
M-3-facs_289_tr_1755803006-035	P-3-facs_289_tr_1755803006	3	facs_289_tr_1755803006	קעשיר איזידאָר [זישע קאַסירער]	ענאַ גוסקין	נקבה	אַקטריסע	זי האָט זיך באַטייליקט אין פֿילם „די קליאַטשע“ מיט קעשירן.
M-3-facs_289_tr_1755803006-036	P-3-facs_289_tr_1755803006	3	facs_289_tr_1755803006	קעשיר איזידאָר [זישע קאַסירער]	זלמן זילבערצווייג	זכר	מחבר פֿון „לעקסיקאָן פון יידישן טעאַטער“	ער דערציילט וועגן קעשירס געזונט-צושטאַנד און לעצטע יאָרן.
M-3-facs_289_tr_1755803006-037	P-3-facs_289_tr_1755803006	3	facs_289_tr_1755803006	קעשיר איזידאָר [זישע קאַסירער]	יעקב מעסטל	זכר	שוישפּילער און רעזשיסער	ער כאַראַקטעריזירט קעשירס שפּילן.
M-3-facs_289_tr_1755803006-038	P-3-facs_289_tr_1755803006	3	facs_289_tr_1755803006	קעשיר איזידאָר [זישע קאַסירער]	שלום פּערלמוטער	זכר		ער שרייבט וועגן קעשירס ביישטייערונג צו דער יידישער בינע.
M-3-facs_289_tr_1755803006-039	P-3-facs_289_tr_1755803006	3	facs_289_tr_1755803006	קעשיר איזידאָר [זישע קאַסירער]	מאָריס מייער	זכר		ער שרייבט וועגן קעשירס דערפֿאָלג אין לאָנדאָן.
M-3-facs_289_tr_1755803006-040	P-3-facs_289_tr_1755803006	3	facs_289_tr_1755803006	קעשיר איזידאָר [זישע קאַסירער]	יעקב פישמאַן	זכר	גרינדער און רעזשיסער פֿון דער פֿאָלקסבינע	ער האָט אָנגעפֿירט מיט דער פֿאָלקסבינע וואו קעשיר איז געווען טעטיק.
M-3-facs_289_tr_1755803006-041	P-3-facs_289_tr_1755803006	3	facs_289_tr_1755803006	קעשיר איזידאָר [זישע קאַסירער]	דוד אייבראַמס	זכר	אַרבעטער רינג טוער	ער האָט פֿאָרגעלייגט דער „היברו דראַמאָטיק ליג“ זיך אָנצושליסן אין אַרבעטער רינג.
M-3-facs_289_tr_1755803006-042	P-3-facs_289_tr_1755803006	3	facs_289_tr_1755803006	קעשיר איזידאָר [זישע קאַסירער]	מ. יאָנאַס	זכר	פּרעזידענט פֿון דער פֿאָלקסבינע	ער איז געווען אַ רעדנער ביי דער אינסטאַלאַציע פֿון דער פֿאָלקסבינע.
M-3-facs_289_tr_1755803006-043	P-3-facs_289_tr_1755803006	3	facs_289_tr_1755803006	קעשיר איזידאָר [זישע קאַסירער]	דר. ראָזענבלאַט	זכר	גענעראָל סעקרעטאָר	ער איז געווען אַ רעדנער ביי דער אינסטאַלאַציע פֿון דער פֿאָלקסבינע.
M-3-facs_289_tr_1755803006-044	P-3-facs_289_tr_1755803006	3	facs_289_tr_1755803006	קעשיר איזידאָר [זישע קאַסירער]	איירין לואיסאָן	נקבה	גרינדערין פֿון נייבאָרהאוד פּלעי האוז	זי האָט געגעבן די דערלויבעניש דער פֿאָלקסבינע צו שפּילן אין איר טעאַטער.
M-3-facs_289_tr_1755803006-045	P-3-facs_289_tr_1755803006	3	facs_289_tr_1755803006	קעשיר איזידאָר [זישע קאַסירער]	עליס לואיסאָן	נקבה	גרינדערין פֿון נייבאָרהאוד פּלעי האוז	זי האָט געגעבן די דערלויבעניש דער פֿאָלקסבינע צו שפּילן אין איר טעאַטער.
M-3-facs_289_tr_1755803006-046	P-3-facs_289_tr_1755803006	3	facs_289_tr_1755803006	קעשיר איזידאָר [זישע קאַסירער]	לודווייג לואיסאָן	זכר	יידיש-אַמעריקאַנישער שריפטשטעלער	זיין דענונג וועגן אַסימילאַציע ווערט דערמאָנט.
M-3-facs_289_tr_1755803006-047	P-3-facs_289_tr_1755803006	3	facs_289_tr_1755803006	קעשיר איזידאָר [זישע קאַסירער]	פיליפּ געליבטער	זכר	עקזעקוטיוו-סעקרעטאָר פֿון אַרבעטער רינג	ער האָט זיך פֿאַרנומען צו קריגן דעם טעאַטער פֿאַר דער פֿאָלקסבינע.
M-3-facs_289_tr_1755803006-048	P-3-facs_289_tr_1755803006	3	facs_289_tr_1755803006	קעשיר איזידאָר [זישע קאַסירער]	באָריס לעווין	זכר	געשעפטס-פֿירער פֿון דער פֿאָלקסבינע	ער האָט אָרגאַניזירט פֿאָרשטעלונגען פֿאַר דער געזעלשאַפט.
M-3-facs_289_tr_1755803006-049	P-3-facs_289_tr_1755803006	3	facs_289_tr_1755803006	קעשיר איזידאָר [זישע קאַסירער]	י. קרעפּליאַק	זכר	שרייבער	ער האָט אָנגעפֿירט מיט די שרייבער-אָוונטן פֿון דער פֿאָלקסבינע.
M-3-facs_289_tr_1755803006-050	P-3-facs_289_tr_1755803006	3	facs_289_tr_1755803006	קעשיר איזידאָר [זישע קאַסירער]	נחום צמח	זכר	רעזשיסער	ער האָט רעזשיסירט די פּיעסע „העלדישע יאָרן“.
M-3-facs_289_tr_1755803006-051	P-3-facs_289_tr_1755803006	3	facs_289_tr_1755803006	קעשיר איזידאָר [זישע קאַסירער]	דוד הערמאַן	זכר	רעזשיסער	ער האָט רעזשיסירט וויכטיקע אויפֿפֿירונגען פֿון דער פֿאָלקסבינע.
M-3-facs_289_tr_1755803006-052	P-3-facs_289_tr_1755803006	3	facs_289_tr_1755803006	קעשיר איזידאָר [זישע קאַסירער]	יוסף וויינבערג	זכר	קולטור-טוער	ער איז געווען אַקטיוו אין שאַפֿן אַ יידישן פֿאָלקס-טעאַטער.
M-3-facs_289_tr_1755803006-053	P-3-facs_289_tr_1755803006	3	facs_289_tr_1755803006	קעשיר איזידאָר [זישע קאַסירער]	לואיס מאַן	זכר	קולטור-טוער	ער איז געווען אַקטיוו אין שאַפֿן אַ יידישן פֿאָלקס-טעאַטער.
M-3-facs_289_tr_1755803006-054	P-3-facs_289_tr_1755803006	3	facs_289_tr_1755803006	קעשיר איזידאָר [זישע קאַסירער]	מיכאיל ראָזומני	זכר	רעזשיסער	ער האָט רעזשיסירט די פּיעסע „פּראָווינץ“ פֿאַר דער פֿאָלקסבינע.
M-3-facs_289_tr_1755803006-055	P-3-facs_289_tr_1755803006	3	facs_289_tr_1755803006	קעשיר איזידאָר [זישע קאַסירער]	יעקב ראָטבאום	זכר	רעזשיסער	ער האָט רעזשיסירט „אַ גאָלדפֿאַדען חלום“.
M-3-facs_289_tr_1755803006-056	P-3-facs_289_tr_1755803006	3	facs_289_tr_1755803006	קעשיר איזידאָר [זישע קאַסירער]	דוד ליכט	זכר	רעזשיסער פֿון דער פֿאָלקסבינע	ער האָט רעזשיסירט פילע מצליחדיקע אויפֿפֿירונגען פֿון דער פֿאָלקסבינע.
M-3-facs_289_tr_1755803006-057	P-3-facs_289_tr_1755803006	3	facs_289_tr_1755803006	קעשיר איזידאָר [זישע קאַסירער]	ראובן גוסקין	זכר	פּרעזידענט פֿון אַרבעטער רינג	ער האָט געלאָבט די קולטורעלע אַרבעט פֿון דער פֿאָלקסבינע.
M-3-facs_289_tr_1755803006-058	P-3-facs_289_tr_1755803006	3	facs_289_tr_1755803006	קעשיר איזידאָר [זישע קאַסירער]	נ. כאנין	זכר	קולטור-דירעקטאָר פֿון אַרבעטער רינג	ער שרייבט וועגן דעם איינפֿלוס פֿון דער פֿאָלקסבינע.
M-3-facs_289_tr_1755803006-059	P-3-facs_289_tr_1755803006	3	facs_289_tr_1755803006	קעשיר איזידאָר [זישע קאַסירער]	מאָריס אַדלער	זכר	פֿאָזיצער פֿון דער פֿאָלקסבינע	ער איז געווען דער פֿאָזיצער פֿון דער טעאַטער-געזעלשאַפט.
M-3-facs_289_tr_1755803006-060	P-3-facs_289_tr_1755803006	3	facs_289_tr_1755803006	קעשיר איזידאָר [זישע קאַסירער]	יוסף בולאָוו	זכר	רעזשיסער	ער האָט רעזשיסירט „יאָשקע דער מוזיקאַנט“ פֿאַר דער פֿאָלקסבינע.
M-3-facs_308_tr_1755973377-000	P-3-facs_308_tr_1755973377	3	facs_308_tr_1755973377	פריד, לאַזאַר	פֿאָטער*	male	אַ סוחר, אַ קורצע צייט געפֿירט אַ זייף-פֿאַבריק אין מיר (מינסקער גוב.) און פֿלעגט אויך אָפֿט דאַווענען פֿאַרן עמיד	ער איז געווען דער פאָטער פון לאַזאַר פריד.
M-3-facs_308_tr_1755973377-001	P-3-facs_308_tr_1755973377	3	facs_308_tr_1755973377	פריד, לאַזאַר	ישראלקע מינסקער	male		לאַזאַר פריד האָט יונגלווייז געזונגען אַלס אַלט-סאָליסט ביי אים.
M-3-facs_308_tr_1755973377-002	P-3-facs_308_tr_1755973377	3	facs_308_tr_1755973377	פריד, לאַזאַר	חזן סיראָטאַ	male	חזן אין ווילנע	לאַזאַר פריד האָט יונגלווייז געזונגען אַלס אַלט-סאָליסט ביי אים.
M-3-facs_308_tr_1755973377-003	P-3-facs_308_tr_1755973377	3	facs_308_tr_1755973377	פריד, לאַזאַר	לעאָ ליאָוו	male	דיריגענט	ער איז געווען דער דיריגענט ביי חזן סיראָטאַ וואו לאַזאַר פריד האָט געזונגען.
M-3-facs_308_tr_1755973377-004	P-3-facs_308_tr_1755973377	3	facs_308_tr_1755973377	פריד, לאַזאַר	פּראָפ. דזשוסטיניאני	male	פּראָפעסאָר אין דער וואַרשעווער קאָנסערוואַטאָריע	לאַזאַר פריד האָט אַ קורצע צייט געלערנט אין זיין קלאס.
M-3-facs_308_tr_1755973377-005	P-3-facs_308_tr_1755973377	3	facs_308_tr_1755973377	פריד, לאַזאַר	א. ג. קאָמפּאַנעעץ	male		לאַזאַר פריד האָט אָנגעהויבן שפּילן פּראָפעסיאנעל מיט אים אין וויטעבסק.
M-3-facs_308_tr_1755973377-006	P-3-facs_308_tr_1755973377	3	facs_308_tr_1755973377	פריד, לאַזאַר	סעם אַדלער	male		ער האָט געבראַכט לאַזאַר פריד קיין אָדעס.
M-3-facs_308_tr_1755973377-007	P-3-facs_308_tr_1755973377	3	facs_308_tr_1755973377	פריד, לאַזאַר	דר. א. מוקדוני	male		ער האָט געשריבן וועגן לאַזאַר פרידן אין זיינע זכרונות.
M-3-facs_308_tr_1755973377-008	P-3-facs_308_tr_1755973377	3	facs_308_tr_1755973377	פריד, לאַזאַר	יעקב בן-עמי	male	זיין שטענדיקער חבר	ער איז געווען א שטענדיקער חבר און קאָלעגע פוון לאַזאַר פריד.
M-3-facs_308_tr_1755973377-009	P-3-facs_308_tr_1755973377	3	facs_308_tr_1755973377	פריד, לאַזאַר	באָריס טאָמאַשעווסקי	male		ער האָט געבראַכט לאַזאַר פריד קיין אַמעריקע.
M-3-facs_308_tr_1755973377-010	P-3-facs_308_tr_1755973377	3	facs_308_tr_1755973377	פריד, לאַזאַר	שלום פּערלמוטער	male		ער האָט געשריבן וועגן לאַזאַר פרידס קאַריערע און קראַנקהייט.
M-3-facs_308_tr_1755973377-011	P-3-facs_308_tr_1755973377	3	facs_308_tr_1755973377	פריד, לאַזאַר	הענריעטאַ שניצער	female		זי האָט אויפגעפירט פּיעסעס אין גאָרדען טעאַטער אין וועלכע לאַזאַר פריד האָט געשפּילט.
M-3-facs_308_tr_1755973377-012	P-3-facs_308_tr_1755973377	3	facs_308_tr_1755973377	פריד, לאַזאַר	מאָריס שוואַרץ	male	דירעקטאָר פון יידישן קונסט טעאַטער	לאַזאַר פריד האָט לאַנגע יאָרן געשפּילט אין זיין טעאַטער.
M-3-facs_308_tr_1755973377-013	P-3-facs_308_tr_1755973377	3	facs_308_tr_1755973377	פריד, לאַזאַר	יעקב מעסטל	male		ער האָט געשריבן וועגן לאַזאַר פרידס שוישפּיל-קונסט און מענטשלעכן לעבן.
M-3-facs_308_tr_1755973377-014	P-3-facs_308_tr_1755973377	3	facs_308_tr_1755973377	פריד, לאַזאַר	עגאָן ברעכער	male	רעזשיסער	ער איז געווען דער רעזשיסער פון דער פּיעסע אין וועלכער לאַזאַר פריד האָט געשפּילט.
M-3-facs_308_tr_1755973377-015	P-3-facs_308_tr_1755973377	3	facs_308_tr_1755973377	פריד, לאַזאַר	ליבערט	male		לאַזאַר פריד האָט מיט אים געפילמט אין אייראָפּע.
M-3-facs_308_tr_1755973377-016	P-3-facs_308_tr_1755973377	3	facs_308_tr_1755973377	פריד, לאַזאַר	רעגינאַ קאמינסקאַ	female		לאַזאַר פריד האָט מיט איר געפילמט אין אייראָפּע.
M-3-facs_308_tr_1755973377-017	P-3-facs_308_tr_1755973377	3	facs_308_tr_1755973377	פריד, לאַזאַר	יצחק פרענקעל	male		לאַזאַר פריד האָט געשפּילט אין זיינע קלאַנג-פילמען.
M-3-facs_308_tr_1755973377-018	P-3-facs_308_tr_1755973377	3	facs_308_tr_1755973377	פריד, לאַזאַר	חיים טויבער	male		לאַזאַר פריד האָט געשפּילט אין זיין קלאַנג-פילם.
M-3-facs_308_tr_1755973377-019	P-3-facs_308_tr_1755973377	3	facs_308_tr_1755973377	פריד, לאַזאַר	איזידאָר זאָלאָטאַרעפסקי	male		לאַזאַר פריד האָט געשפּילט אין זיין קלאַנג-פילם.
M-3-facs_308_tr_1755973377-020	P-3-facs_308_tr_1755973377	3	facs_308_tr_1755973377	פריד, לאַזאַר	צילע אַדלער	female	שוישפּילערין	זי איז געווען די פרוי פון לאַזאַר פריד.
M-3-facs_308_tr_1755973377-021	P-3-facs_308_tr_1755973377	3	facs_308_tr_1755973377	פריד, לאַזאַר	דר. זעליג פֿריד	male		ער איז געווען דער זון פון לאַזאַר פריד.
M-3-facs_308_tr_1755973377-022	P-3-facs_308_tr_1755973377	3	facs_308_tr_1755973377	פריד, לאַזאַר	מאָרריס מייער	male		ער האָט געשריבן וועגן לאַזאַר פרידס שפּילן אין לאָנדאָן.
M-3-facs_308_tr_1755973377-023	P-3-facs_308_tr_1755973377	3	facs_308_tr_1755973377	פריד, לאַזאַר	נ. ב. לינדער	male		ער האָט געשריבן וועגן לאַזאַר פרידס מייסטערהאַפטיקייט אויף דער בינע.
M-3-facs_308_tr_1755973377-024	P-3-facs_308_tr_1755973377	3	facs_308_tr_1755973377	פריד, לאַזאַר	סעמועל גאָלדענבערג	male	איינער פון די זיילן פונעם יידישן קונסט-טעאַטער	ער איז געווען אַ קאָלעגע פון לאַזאַר פריד אין יידישן קונסט-טעאַטער.
M-3-facs_308_tr_1755973377-025	P-3-facs_308_tr_1755973377	3	facs_308_tr_1755973377	פריד, לאַזאַר	אַברהם טייטעלבוים	male	איינער פון די זיילן פונעם יידישן קונסט-טעאַטער	ער איז געווען אַ קאָלעגע פון לאַזאַר פריד אין יידישן קונסט-טעאַטער.
M-3-facs_308_tr_1755973377-026	P-3-facs_308_tr_1755973377	3	facs_308_tr_1755973377	פריד, לאַזאַר	איזידאָר קעשיר	male	איינער פון די זיילן פונעם יידישן קונסט-טעאַטער	ער איז געווען אַ קאָלעגע פון לאַזאַר פריד אין יידישן קונסט-טעאַטער.
M-3-facs_310_tr_1755973672-000	P-3-facs_310_tr_1755973672	3	facs_310_tr_1755973672	פֿאָגעלמאַן, ל. [אליעזר פֿייגעלמאַן]	יידישן לערער*	זכר	יידישן לערער	ער איז דער פֿאָטער פֿון דעם סוביעקט.
M-3-facs_310_tr_1755973672-001	P-3-facs_310_tr_1755973672	3	facs_310_tr_1755973672	פֿאָגעלמאַן, ל. [אליעזר פֿייגעלמאַן]	רייזענס	זכר	מחבר פֿון א לעקסיקאָן	ער האָט אָנגעגעבן אַ טעותדיקן געבורט-דאַטע פֿון דעם סוביעקט אין זיין לעקסיקאָן.
M-3-facs_310_tr_1755973672-002	P-3-facs_310_tr_1755973672	3	facs_310_tr_1755973672	פֿאָגעלמאַן, ל. [אליעזר פֿייגעלמאַן]	עדווין פֿאָרעסט	זכר	אַקטיאָר	דער סוביעקט האָט געשריבן אַ ביאָגראַפֿיע וועגן אים.
M-3-facs_310_tr_1755973672-003	P-3-facs_310_tr_1755973672	3	facs_310_tr_1755973672	פֿאָגעלמאַן, ל. [אליעזר פֿייגעלמאַן]	עדמונד קין	זכר	אַקטיאָר	דער סוביעקט האָט געשריבן אַ ביאָגראַפֿיע וועגן אים.
M-3-facs_310_tr_1755973672-004	P-3-facs_310_tr_1755973672	3	facs_310_tr_1755973672	פֿאָגעלמאַן, ל. [אליעזר פֿייגעלמאַן]	סארא בערנארד	נקבה	אַקטריסע	דער סוביעקט האָט געשריבן אַ ביאָגראַפֿיע וועגן איר.
M-3-facs_310_tr_1755973672-005	P-3-facs_310_tr_1755973672	3	facs_310_tr_1755973672	פֿאָגעלמאַן, ל. [אליעזר פֿייגעלמאַן]	עלעאנארא דיזע	נקבה	אַקטריסע	דער סוביעקט האָט געשריבן אַ ביאָגראַפֿיע וועגן איר.
M-3-facs_311_tr_1755975322-000	P-3-facs_311_tr_1755975322	3	facs_311_tr_1755975322	פֿאָגעלנעסט, סעם	פֿאָטער*	זכר	חזן אין פּראַגע, ביי וואַרשע, וואו ס'האָט געוואוינט זיין פֿאַמיליע	דער פֿאָטער פֿון דעם סוביעקט.
M-3-facs_311_tr_1755975322-001	P-3-facs_311_tr_1755975322	3	facs_311_tr_1755975322	פֿאָגעלנעסט, סעם	קאָמפּאַנעיעץ	זכר	דירעקטאָר	פ. פּועל'ט ביי אים אים אַריינצונעמען אין כאָר.
M-3-facs_311_tr_1755975322-002	P-3-facs_311_tr_1755975322	3	facs_311_tr_1755975322	פֿאָגעלנעסט, סעם	מישע גערמאַן	זכר	שטעלט צונויף אַ וואַנדער-טרופּע	פ. טרעט אַריין אין דער וואַנדער-טרופּע וואָס מישע גערמאַן שטעלט צונויף.
M-3-facs_311_tr_1755975322-003	P-3-facs_311_tr_1755975322	3	facs_311_tr_1755975322	פֿאָגעלנעסט, סעם	יוליוס אַדלער	זכר		ער נעמט איבער די טרופּע פֿון מישע גערמאַן.
M-3-facs_311_tr_1755975322-004	P-3-facs_311_tr_1755975322	3	facs_311_tr_1755975322	פֿאָגעלנעסט, סעם	קאמינסקין	זכר		פ. שפּילט ביי אים צוויי סעזאָנען.
M-3-facs_311_tr_1755975322-005	P-3-facs_311_tr_1755975322	3	facs_311_tr_1755975322	פֿאָגעלנעסט, סעם	שוואַרצבאַרדן	זכר		פ. שפּילט ביי אים צוויי חדשים.
M-3-facs_311_tr_1755975322-006	P-3-facs_311_tr_1755975322	3	facs_311_tr_1755975322	פֿאָגעלנעסט, סעם	אַדאָלף בערמאַן	זכר		פ. פֿאָרט אַרום מיט אים אין אַ חברים-טרופּע.
M-3-facs_311_tr_1755975322-007	P-3-facs_311_tr_1755975322	3	facs_311_tr_1755975322	פֿאָגעלנעסט, סעם	זשעלאַזא	זכר		פ. פֿאָרט אַרום מיט אים אין אַ חברים-טרופּע.
M-3-facs_311_tr_1755975322-008	P-3-facs_311_tr_1755975322	3	facs_311_tr_1755975322	פֿאָגעלנעסט, סעם	מרים טרילינג	נקבה		פ. פֿאָרט אַרום מיט איר אין אַ חברים-טרופּע.
M-3-facs_311_tr_1755975322-009	P-3-facs_311_tr_1755975322	3	facs_311_tr_1755975322	פֿאָגעלנעסט, סעם	שרה קוטנער	נקבה		פ. פֿאָרט אַרום מיט איר אין אַ חברים-טרופּע.
M-3-facs_311_tr_1755975322-010	P-3-facs_311_tr_1755975322	3	facs_311_tr_1755975322	פֿאָגעלנעסט, סעם	גאָטפריד	זכר		פ. פֿאָרט אַרום מיט אים אין אַ חברים-טרופּע.
M-3-facs_311_tr_1755975322-011	P-3-facs_311_tr_1755975322	3	facs_311_tr_1755975322	פֿאָגעלנעסט, סעם	נ. ליפּאָווסקי	זכר	דירעקטאָר פֿונעם ווילנער „פֿאָלקס טעאַטער“	פ. שפּילט אין זיין טרופּע און וואַנדערט מיט אים קיין כאָרבין.
M-3-facs_311_tr_1755975322-012	P-3-facs_311_tr_1755975322	3	facs_311_tr_1755975322	פֿאָגעלנעסט, סעם	לעבעדיעוו	זכר		פ. שפּילט מיט אים אין דער כאַרבינער טרופּע.
M-3-facs_311_tr_1755975322-013	P-3-facs_311_tr_1755975322	3	facs_311_tr_1755975322	פֿאָגעלנעסט, סעם	פרוי*	נקבה	פרוי פון לעבעדיעוו	זי שפּילט מיט אין דער כאַרבינער טרופּע.
M-3-facs_311_tr_1755975322-014	P-3-facs_311_tr_1755975322	3	facs_311_tr_1755975322	פֿאָגעלנעסט, סעם	אַרקאָ	זכר		פ. שפּילט מיט אים אין דער כאַרבינער טרופּע.
M-3-facs_311_tr_1755975322-015	P-3-facs_311_tr_1755975322	3	facs_311_tr_1755975322	פֿאָגעלנעסט, סעם	פרוי*	נקבה	פרוי פון אַרקאָ	זי שפּילט מיט אין דער כאַרבינער טרופּע.
M-3-facs_311_tr_1755975322-016	P-3-facs_311_tr_1755975322	3	facs_311_tr_1755975322	פֿאָגעלנעסט, סעם	אַברהם פישזאָן	זכר		פ. שפּילט מיט אים אין דער כאַרבינער טרופּע.
M-3-facs_311_tr_1755975322-017	P-3-facs_311_tr_1755975322	3	facs_311_tr_1755975322	פֿאָגעלנעסט, סעם	כיענאַ בראגינסקאַ	נקבה		פ. שפּילט מיט איר אין דער כאַרבינער טרופּע.
M-3-facs_311_tr_1755975322-018	P-3-facs_311_tr_1755975322	3	facs_311_tr_1755975322	פֿאָגעלנעסט, סעם	נאַטאַן דראַנאָוו	זכר		פ. שפּילט מיט אים אין דער כאַרבינער טרופּע.
M-3-facs_311_tr_1755975322-019	P-3-facs_311_tr_1755975322	3	facs_311_tr_1755975322	פֿאָגעלנעסט, סעם	נאַדיאַ דראַנאָוו	נקבה		פ. שפּילט מיט איר אין דער כאַרבינער טרופּע.
M-3-facs_311_tr_1755975322-020	P-3-facs_311_tr_1755975322	3	facs_311_tr_1755975322	פֿאָגעלנעסט, סעם	נאַדיאַ נעראָסלאַווסקאַ	נקבה		פ. שפּילט מיט איר אין דער כאַרבינער טרופּע.
M-3-facs_311_tr_1755975322-021	P-3-facs_311_tr_1755975322	3	facs_311_tr_1755975322	פֿאָגעלנעסט, סעם	פרץ סאַנדלער	זכר		פ. שפּילט מיט אים אין דער כאַרבינער טרופּע.
M-3-facs_311_tr_1755975322-022	P-3-facs_311_tr_1755975322	3	facs_311_tr_1755975322	פֿאָגעלנעסט, סעם	מישע בודקין	זכר		פ. שפּילט מיט אים אין דער כאַרבינער טרופּע.
M-3-facs_311_tr_1755975322-023	P-3-facs_311_tr_1755975322	3	facs_311_tr_1755975322	פֿאָגעלנעסט, סעם	צילע בודקין	נקבה		פ. שפּילט מיט איר אין דער כאַרבינער טרופּע.
M-3-facs_311_tr_1755975322-024	P-3-facs_311_tr_1755975322	3	facs_311_tr_1755975322	פֿאָגעלנעסט, סעם	א. אָלשאַנעצקי	זכר	קאָמפּאָזיטאָר	ער שרייבט מוזיק פֿאַר פ.'ס אָפּערעטעס און שפּילט מיט אים אין דער טרופּע.
M-3-facs_311_tr_1755975322-025	P-3-facs_311_tr_1755975322	3	facs_311_tr_1755975322	פֿאָגעלנעסט, סעם	סעם אויערבאַך	זכר		ער פירט אויס פ.'ס פּיעסעס אין לאָס אַנדזשעלעס.
M-3-facs_311_tr_1755975322-026	P-3-facs_311_tr_1755975322	3	facs_311_tr_1755975322	פֿאָגעלנעסט, סעם	פרוי*	נקבה	פ.'ס פרוי	זי אָרדנט איין קאָנצערטן מיט פ. און וואַנדערט מיט אים קיין אַמעריקע.
M-3-facs_311_tr_1755975322-027	P-3-facs_311_tr_1755975322	3	facs_311_tr_1755975322	פֿאָגעלנעסט, סעם	קינד*		פ.'ס קינד	וואַנדערט מיט פ. קיין אַמעריקע.
M-3-facs_311_tr_1755975322-028	P-3-facs_311_tr_1755975322	3	facs_311_tr_1755975322	פֿאָגעלנעסט, סעם	וואָלף שומסקי	זכר		פ. שפּילט אין זיין חברים-טרופּע אין אַראַגאָן סטייט.
M-3-facs_311_tr_1755975322-029	P-3-facs_311_tr_1755975322	3	facs_311_tr_1755975322	פֿאָגעלנעסט, סעם	יאָקובאָוויטשן	זכר		פ. שפּילט מיט אים איבער דער אַמעריקאַנער פּראָווינץ.
M-3-facs_311_tr_1755975322-030	P-3-facs_311_tr_1755975322	3	facs_311_tr_1755975322	פֿאָגעלנעסט, סעם	טאָמאַשעווסקין	זכר		פ. שפּילט ביי אים אין לאָס אַנדזשעלעס.
M-3-facs_311_tr_1755975322-031	P-3-facs_311_tr_1755975322	3	facs_311_tr_1755975322	פֿאָגעלנעסט, סעם	א. ליטמאַן	זכר	דירעקטאָר	פ. שפּילט ביי אים אין דעטראָיט.
M-3-facs_311_tr_1755975322-032	P-3-facs_311_tr_1755975322	3	facs_311_tr_1755975322	פֿאָגעלנעסט, סעם	מישע פישזאָן	זכר	דירעקטאָר	פ. שפּילט ביי אים אין דעטראָיט.
M-3-facs_311_tr_1755975322-033	P-3-facs_311_tr_1755975322	3	facs_311_tr_1755975322	פֿאָגעלנעסט, סעם	בעני הוירשבערג	זכר	מענעדזשער	ער איז דער מענעדזשער אין קליוולאַנד וואו פ.'ס פּיעסעס ווערן אויפֿגעפֿירט.
M-3-facs_311_tr_1755975322-034	P-3-facs_311_tr_1755975322	3	facs_311_tr_1755975322	פֿאָגעלנעסט, סעם	סעם סאָלאָמאָן	זכר	קאָמפּאָזיטאָר	ער שרייבט מוזיק פֿאַר פ.'ס אָפּערעטע „דער שומר פֿון שטעטל“.
M-3-facs_311_tr_1755975322-035	P-3-facs_311_tr_1755975322	3	facs_311_tr_1755975322	פֿאָגעלנעסט, סעם	מיכאָלעסקאַ	זכר		האָט אין אייראָפּע אויפֿגעפֿירט פ.'ס פּיעסע „מיין פאַרגעסענע יוגנט“.
M-3-facs_311_tr_1755975322-036	P-3-facs_311_tr_1755975322	3	facs_311_tr_1755975322	פֿאָגעלנעסט, סעם	לעאָן בלאַנק	זכר		פ. האָט געשריבן פֿאַר אים די מעלאָדראַמע „דעם בדחנ'ס טרערן“.
M-3-facs_311_tr_1755975322-037	P-3-facs_311_tr_1755975322	3	facs_311_tr_1755975322	פֿאָגעלנעסט, סעם	בערנאַרדי בערנאָרדיני	זכר	מיטגליד אין אַ איטאַלייענישער אָפּערע אין איטאַליע	דער ברודער פֿון דעם סוביעקט.
M-3-facs_311_tr_1755975320-000	P-3-facs_311_tr_1755975320	3	facs_311_tr_1755975320	פֿאַוויך אַליעזר	גרשם באַדער	זכר		ער דערציילט די געשיכטע פֿון אליעזר פֿאַוויר.
M-3-facs_311_tr_1755975320-001	P-3-facs_311_tr_1755975320	3	facs_311_tr_1755975320	פֿאַוויך אַליעזר	שמואל פֿון אונטער די שראַנקן	זכר	אַ ייד פֿון אַ דאָרף נעבן זשאָלקיעוו, אַ פּויער אויפֿן פעלד	ער איז דער פֿאָטער פֿון אליעזר פֿאַוויר.
M-3-facs_311_tr_1755975320-002	P-3-facs_311_tr_1755975320	3	facs_311_tr_1755975320	פֿאַוויך אַליעזר	דער אויפֿזעער איבער די נעמען*	זכר		ער האָט געהייסן פֿאַרשרייבן דעם פֿאַמיליע-נאָמען פֿון אליעזר פֿאַווירס פֿאָטער.
M-3-facs_311_tr_1755975320-003	P-3-facs_311_tr_1755975320	3	facs_311_tr_1755975320	פֿאַוויך אַליעזר	זיין מוטער*	נקבה		זי איז די מוטער פֿון אליעזר פֿאַוויר און האָט אים געבעטן ער זאָל עפּעס דרוקן אין יידיש.
M-3-facs_311_tr_1755975320-004	P-3-facs_311_tr_1755975320	3	facs_311_tr_1755975320	פֿאַוויך אַליעזר	אָפֿר אַנשל	זכר	ברב לייזער חזן	אליעזר פֿאַוויר האָט באַאַרבעט זיין „מעשה בוך“.
M-3-facs_311_tr_1755975320-005	P-3-facs_311_tr_1755975320	3	facs_311_tr_1755975320	פֿאַוויך אַליעזר	חיים אַברהם בן אַריה-לייב הכהן	זכר	דער מאָהליווער מגיד	אליעזר פֿאַוויר האָט איבערגעזעצט זיין ווערק „מלחמה בשלום“ אויף יידיש.
M-3-facs_311_tr_1755975320-006	P-3-facs_311_tr_1755975320	3	facs_311_tr_1755975320	פֿאַוויך אַליעזר	דר. שאָצקי	זכר		ער פֿאַרצייכנט די אויסגאָבעס פֿון אליעזר פֿאַווירס ווערק.
M-3-facs_311_tr_1755975320-007	P-3-facs_311_tr_1755975320	3	facs_311_tr_1755975320	פֿאַוויך אַליעזר	זלמן רייזען	זכר		ער האָט באַמערקט וועגן די אויסגאָבעס פֿון אליעזר פֿאַווירס ווערק און האָט אים כאַראַקטעריזירט ווי אַ פּיאָנער פֿון דער יידישער פֿאָלקס-ליטעראַטור.
M-3-facs_311_tr_1755975320-008	P-3-facs_311_tr_1755975320	3	facs_311_tr_1755975320	פֿאַוויך אַליעזר	אַברהם יערי	זכר		לויט אים איז דערשינען אליעזר פֿאַווירס יידישע איבערזעצונג פֿון „שבחי בעל שם טוב“.
M-3-facs_311_tr_1755975320-009	P-3-facs_311_tr_1755975320	3	facs_311_tr_1755975320	פֿאַוויך אַליעזר	מענדל לעפּין	זכר		אליעזר פֿאַוויר האָט שוין פֿאַר אים געפּרובט באַנוצן דאָס לעבעדיקע יידיש.
M-3-facs_311_tr_1755975320-010	P-3-facs_311_tr_1755975320	3	facs_311_tr_1755975320	פֿאַוויך אַליעזר	יוסף פּערל	זכר		אליעזר פֿאַוויר האָט שוין פֿאַר אים געפּרובט באַנוצן דאָס לעבעדיקע יידיש.
M-3-facs_311_tr_1755975320-011	P-3-facs_311_tr_1755975320	3	facs_311_tr_1755975320	פֿאַוויך אַליעזר	א. י. פּאַפּירנאַ	זכר		ער דערציילט אין זיינע זכרונות וועגן די ביכער וואָס אליעזר פֿאַוויר האָט איבערגעזעצט.
M-3-facs_311_tr_1755975320-012	P-3-facs_311_tr_1755975320	3	facs_311_tr_1755975320	פֿאַוויך אַליעזר	מענדעלע [מוכר-ספֿרים]	זכר		ער דערמאָנט אין זיין אויטאָביאָגראַפיע דעם ספר „גדולת יוסף“ וואָס אליעזר פֿאַוויר האָט איבערגעזעצט.
M-3-facs_311_tr_1755975320-013	P-3-facs_311_tr_1755975320	3	facs_311_tr_1755975320	פֿאַוויך אַליעזר	שודט	זכר		ער האָט פֿאַרעפנטלעכט א טעקסט וואָס ווערט דערמאָנט אין שייכות מיט אליעזר פֿאַווירס ווערק.
M-3-facs_312_tr_1756043047-000	P-3-facs_312_tr_1756043047	3	facs_312_tr_1756043047	פֿאָלקאָוויטש, יואַל-בעריש	לעסינג	זכר	דראַמאַטורג	פ. האָט באַאַרבעט אויף העברעיש לעסינגס דראַמע „פּילאַטאָס“.
M-3-facs_312_tr_1756043047-001	P-3-facs_312_tr_1756043047	3	facs_312_tr_1756043047	פֿאָלקאָוויטש, יואַל-בעריש	רעדאַקטאָר פון דער וואַרשעווער רוסישער צייטונג „וואַרשאָווסקי דניעווניק“*	זכר	רעדאַקטאָר פון אַן אַנטיסעמיטישער צייטונג	פ. האָט געשריבן אַן אָפּאָלאָגיע אַלס ענטפער אויף די אַנטיסעמיטישע אַרויסטרעטונגען פון דעם רעדאַקטאָר.
M-3-facs_312_tr_1756043047-002	P-3-facs_312_tr_1756043047	3	facs_312_tr_1756043047	פֿאָלקאָוויטש, יואַל-בעריש	ב. גאָרין	זכר		ב. גאָרין שרייבט זיין מיינונג וועגן די טעאַטער-שטיק פון י. ב. פאָלקאָוויטש.
M-3-facs_312_tr_1756043047-003	P-3-facs_312_tr_1756043047	3	facs_312_tr_1756043047	פֿאָלקאָוויטש, יואַל-בעריש	זלמן רייזען	זכר		זלמן רייזען האָט אַן ענלעכע מיינונג וועגן דעם ליטעראַרישן און סצענישער ווערט פון די טעאַטער שטיק.
M-3-facs_313_tr_1756043360-000	P-3-facs_313_tr_1756043360	3	facs_313_tr_1756043360	פֿאַכלער, דוד	פֿאָטער*	זכר	אַ שוחט	ער איז געווען דער פֿאָטער פֿון פאַכלערן.
M-3-facs_313_tr_1756043360-001	P-3-facs_313_tr_1756043360	3	facs_313_tr_1756043360	פֿאַכלער, דוד	שליפערשטיינען	זכר	אין דער טרופּע	פאַכלער האָט געאַרבעט אין זיין טרופּע.
M-3-facs_313_tr_1756043360-002	P-3-facs_313_tr_1756043360	3	facs_313_tr_1756043360	פֿאַכלער, דוד	בערנשטיינען	זכר		פאַכלער האָט דעביוטירט אין ראָמען ביי אים.
M-3-facs_313_tr_1756043360-003	P-3-facs_313_tr_1756043360	3	facs_313_tr_1756043360	פֿאַכלער, דוד	"ירמיהו (""וואָסיעס“) אַדלערס"	זכר	"אַ ""מיניאַטור""טעאַטער"	פאַכלער איז מיט אים יאָרן-לאַנג אַרומגעפֿאָרן.
M-3-facs_313_tr_1756043360-004	P-3-facs_313_tr_1756043360	3	facs_313_tr_1756043360	פֿאַכלער, דוד	קאָמפּאַניעץ	זכר		פאַכלער האָט געשפּילט אין זיין טרופּע.
M-3-facs_313_tr_1756043360-005	P-3-facs_313_tr_1756043360	3	facs_313_tr_1756043360	פֿאַכלער, דוד	סאָבסיי	זכר		פאַכלער האָט ביי אים געשפּילט ווי דער הויפּט-אַקטיאָר.
M-3-facs_313_tr_1756043360-006	P-3-facs_313_tr_1756043360	3	facs_313_tr_1756043360	פֿאַכלער, דוד	הירשביין	זכר	ניי-געגרינדעטער „הירשביין-טרופּע“	פאַכלער איז אַריינגעטראָטן אין זיין טרופּע.
M-3-facs_313_tr_1756043360-007	P-3-facs_313_tr_1756043360	3	facs_313_tr_1756043360	פֿאַכלער, דוד	ספּיוואַקאָווסקי	זכר		פאַכלער האָט געשפּילט ביי אים.
M-3-facs_313_tr_1756043360-008	P-3-facs_313_tr_1756043360	3	facs_313_tr_1756043360	פֿאַכלער, דוד	קרויזע	זכר		פאַכלער האָט געשפּילט ביי אים.
M-3-facs_313_tr_1756043360-009	P-3-facs_313_tr_1756043360	3	facs_313_tr_1756043360	פֿאַכלער, דוד	מישע פישזאָן	זכר		פאַכלער האָט געפּרובט שפּילן מיט אים.
M-3-facs_313_tr_1756043360-010	P-3-facs_313_tr_1756043360	3	facs_313_tr_1756043360	פֿאַכלער, דוד	באַראַטאָוון	זכר		פאַכלער האָט געפּרובט שפּילן מיט אים.
M-3-facs_313_tr_1756043360-011	P-3-facs_313_tr_1756043360	3	facs_313_tr_1756043360	פֿאַכלער, דוד	סאָפיאַ ביעלאָס	נקיבה	דראַמע „דער טייוולסקוש“	פאַכלער האָט אויפֿגעפֿירט איר דראַמע.
M-3-facs_313_tr_1756043360-012	P-3-facs_313_tr_1756043360	3	facs_313_tr_1756043360	פֿאַכלער, דוד	זלמן זילבערצווייג	זכר	בוך „טעאַטער-פיגורן“	ער האָט זיך באַקענט מיט פאַכלערן און באַקומען זיין אויטאָביאָגראַפיע.
M-3-facs_313_tr_1756043360-013	P-3-facs_313_tr_1756043360	3	facs_313_tr_1756043360	פֿאַכלער, דוד	פרוי*	נקיבה	האָלט אים אויס מיט איר אָנגעשטרענגטער אַרבעט	זי איז געווען פאַכלערס פרוי וואָס האָט אים אויסגעהאַלטן.
M-3-facs_313_tr_1756043360-014	P-3-facs_313_tr_1756043360	3	facs_313_tr_1756043360	פֿאַכלער, דוד	יונגער דאָרער בחור*	זכר	נעבן וועלכן עס שטייט	ער שטייט נעבן פאַכלערס בעט.
M-3-facs_313_tr_1756043360-015	P-3-facs_313_tr_1756043360	3	facs_313_tr_1756043360	פֿאַכלער, דוד	מיאָדאָווניק	זכר	אַקטיאָר	ער באַשרייבט פאַכלערן אין זיינע שריפֿטן.
M-3-facs_313_tr_1756043360-016	P-3-facs_313_tr_1756043360	3	facs_313_tr_1756043360	פֿאַכלער, דוד	ראָזאַ	נקיבה	יידישע שוישפּילערין	זי איז געווען פאַכלערס פרוי.
M-3-facs_313_tr_1756043360-017	P-3-facs_313_tr_1756043360	3	facs_313_tr_1756043360	פֿאַכלער, דוד	יעקב-לייב (לוסיא)	זכר	אַ געענדיקטער פּיאַניסט, יאַ געהילף-רעזשיסער	ער איז געווען פאַכלערס זון.
M-3-facs_313_tr_1756043369-000	P-3-facs_313_tr_1756043369	3	facs_313_tr_1756043369	פֿאַכלער ראָזאַ	פֿאָטער*	זכר	באַזיצער פֿון אַ מעבל-געשעפט	דער פֿאָטער פֿון דער סוביעקט.
M-3-facs_313_tr_1756043369-001	P-3-facs_313_tr_1756043369	3	facs_313_tr_1756043369	פֿאַכלער ראָזאַ	מוטער*	נקבה	באַזיצער פֿון אַ מעבל-געשעפט	די מוטער פֿון דער סוביעקט.
M-3-facs_313_tr_1756043369-002	P-3-facs_313_tr_1756043369	3	facs_313_tr_1756043369	פֿאַכלער ראָזאַ	מייערסאָן	זכר		זי האָט דעביוטירט אין זיין טרופּע.
M-3-facs_313_tr_1756043369-003	P-3-facs_313_tr_1756043369	3	facs_313_tr_1756043369	פֿאַכלער ראָזאַ	סאָבסיי	זכר		זי האָט ביי אים געשפּילט אין אָדעס.
M-3-facs_313_tr_1756043369-004	P-3-facs_313_tr_1756043369	3	facs_313_tr_1756043369	פֿאַכלער ראָזאַ	דוד פֿאַכלער	זכר	יידישער אַקטיאָר	איר מאַן.
M-3-facs_313_tr_1756043369-005	P-3-facs_313_tr_1756043369	3	facs_313_tr_1756043369	פֿאַכלער ראָזאַ	מישע פישזאָן	זכר		זי האָט געשפּילט מיט אים אין אָדעס.
M-3-facs_313_tr_1756043369-006	P-3-facs_313_tr_1756043369	3	facs_313_tr_1756043369	פֿאַכלער ראָזאַ	בערטאַנאָוו	זכר		זי האָט געשפּילט מיט אים אין אָדעס.
M-3-facs_313_tr_1756043369-007	P-3-facs_313_tr_1756043369	3	facs_313_tr_1756043369	פֿאַכלער ראָזאַ	מישע פֿילזאַנס	זכר		זי האָט געשפּילט מיט זיין טריפּע.
M-3-facs_313_tr_1756043369-008	P-3-facs_313_tr_1756043369	3	facs_313_tr_1756043369	פֿאַכלער ראָזאַ	באַראַטאָווס	זכר		זי האָט געשפּילט מיט זיין טרופע.
M-3-facs_313_tr_1756043369-009	P-3-facs_313_tr_1756043369	3	facs_313_tr_1756043369	פֿאַכלער ראָזאַ	דוד זיידעמאָן	זכר		ער האָט געגאַסטראָלירט מיט איר.
M-3-facs_313_tr_1756043369-010	P-3-facs_313_tr_1756043369	3	facs_313_tr_1756043369	פֿאַכלער ראָזאַ	חנה לערנער	נקבה		זי האָט געגאַסטראָלירט מיט איר.
M-3-facs_313_tr_1756043369-011	P-3-facs_313_tr_1756043369	3	facs_313_tr_1756043369	פֿאַכלער ראָזאַ	איירווינג דדרייקאָבסאָן	זכר		ער האָט געגאַסטראָלירט מיט איר.
M-3-facs_313_tr_1756043369-012	P-3-facs_313_tr_1756043369	3	facs_313_tr_1756043369	פֿאַכלער ראָזאַ	מעי שיינפעלד	נקבה		זי האָט געגאַסטראָלירט מיט איר.
M-3-facs_313_tr_1756043369-013	P-3-facs_313_tr_1756043369	3	facs_313_tr_1756043369	פֿאַכלער ראָזאַ	נעלי קעסמאַן	נקבה		זי האָט געגאַסטראָלירט מיט איר.
M-3-facs_313_tr_1756043369-014	P-3-facs_313_tr_1756043369	3	facs_313_tr_1756043369	פֿאַכלער ראָזאַ	וויעראַ לאָניבווסקאַ	נקבה		זי האָט געגאַסטראָלירט מיט איר.
M-3-facs_313_tr_1756043369-015	P-3-facs_313_tr_1756043369	3	facs_313_tr_1756043369	פֿאַכלער ראָזאַ	פּאָ-ל ברייטמאַן	זכר		ער האָט געגאַסטראָלירט מיט איר.
M-3-facs_313_tr_1756043369-016	P-3-facs_313_tr_1756043369	3	facs_313_tr_1756043369	פֿאַכלער ראָזאַ	אַננאַ יאַקיבאָוויטש	נקבה		זי האָט געגאַסטראָלירט מיט איר.
M-3-facs_313_tr_1756043369-017	P-3-facs_313_tr_1756043369	3	facs_313_tr_1756043369	פֿאַכלער ראָזאַ	היימי פּריזאַנט	זכר		ער האָט געגאַסטראָלירט מיט איר.
M-3-facs_313_tr_1756043369-018	P-3-facs_313_tr_1756043369	3	facs_313_tr_1756043369	פֿאַכלער ראָזאַ	לידיאַ פּאָטאָצקא	נקבה		זי האָט געגאַסטראָלירט מיט איר.
M-3-facs_313_tr_1756043369-019	P-3-facs_313_tr_1756043369	3	facs_313_tr_1756043369	פֿאַכלער ראָזאַ	סידי טהאָל	נקבה		זי האָט געגאַסטראָלירט מיט איר.
M-3-facs_313_tr_1756043369-020	P-3-facs_313_tr_1756043369	3	facs_313_tr_1756043369	פֿאַכלער ראָזאַ	זלמן זילבערצווייג	זכר		ער האָט זי געזען שפּילן און געשריבן וועגן איר.
M-3-facs_313_tr_1756043369-021	P-3-facs_313_tr_1756043369	3	facs_313_tr_1756043369	פֿאַכלער ראָזאַ	זון*	זכר	יידישער אַקטיאָר	דער זון פֿון דער סוביעקט.
M-3-facs_314_tr_1756043870-000	P-3-facs_314_tr_1756043870	3	facs_314_tr_1756043870	פֿאַללער יעקב [יעקב פעלנהענדלער]	* פֿאָטער	זכר	רייכע חסידישע	ער איז דער פֿאָטער פֿון דעם סוביעקט.
M-3-facs_314_tr_1756043870-001	P-3-facs_314_tr_1756043870	3	facs_314_tr_1756043870	פֿאַללער יעקב [יעקב פעלנהענדלער]	* מוטער	נקבה	רייכע חסידישע	זי איז די מוטער פֿון דעם סוביעקט.
M-3-facs_314_tr_1756043870-002	P-3-facs_314_tr_1756043870	3	facs_314_tr_1756043870	פֿאַללער יעקב [יעקב פעלנהענדלער]	דיינע פיינמאַן	נקבה	שוישפּילעדין	זי איז אַ ווייטער קרובה פֿון דעם סוביעקט.
M-3-facs_314_tr_1756043870-003	P-3-facs_314_tr_1756043870	3	facs_314_tr_1756043870	פֿאַללער יעקב [יעקב פעלנהענדלער]	גוסטאָוו שאַכט	זכר		ער האָט אויפֿגעפֿירט די פּיעסע פֿון דעם סוביעקט.
M-3-facs_314_tr_1756043870-004	P-3-facs_314_tr_1756043870	3	facs_314_tr_1756043870	פֿאַללער יעקב [יעקב פעלנהענדלער]	דזשעני וואליער	נקבה	"אַלס „לולו"""	זי האָט געשפּילט אין דער פּיעסע פֿון דעם סוביעקט.
M-3-facs_314_tr_1756043870-005	P-3-facs_314_tr_1756043870	3	facs_314_tr_1756043870	פֿאַללער יעקב [יעקב פעלנהענדלער]	רודאָלף שילדקרויט	זכר		ער האָט געשריבן אַ גראַטולאַציע-בריוו פֿאַר דער פּיעסע פֿון דעם סוביעקט.
M-3-facs_314_tr_1756043856-000	P-3-facs_314_tr_1756043856	3	facs_314_tr_1756043856	פֿאָלק, ראָבערט	פֿאָטער *	זכר	אַ יוריסט	ער איז דער פֿאָטער פֿונעם סוביעקט.
M-3-facs_314_tr_1756043856-001	P-3-facs_314_tr_1756043856	3	facs_314_tr_1756043856	פֿאָלק, ראָבערט	מוטער *	נקבה	איר משפּחה שטאַמט-אָפּ פֿון ווילנער גאון	זי איז די מוטער פֿונעם סוביעקט.
M-3-facs_314_tr_1756043856-002	P-3-facs_314_tr_1756043856	3	facs_314_tr_1756043856	פֿאָלק, ראָבערט	ווילנער גאון	זכר		די מוטערס משפּחה שטאַמט-אָפּ פֿון אים.
M-3-facs_314_tr_1756043856-003	P-3-facs_314_tr_1756043856	3	facs_314_tr_1756043856	פֿאָלק, ראָבערט	סימאָוו	זכר	לערער	ער איז געווען אַ לערער פֿונעם סוביעקט.
M-3-facs_314_tr_1756043856-004	P-3-facs_314_tr_1756043856	3	facs_314_tr_1756043856	פֿאָלק, ראָבערט	קאַראָווין	זכר	לערער	ער איז געווען אַ לערער פֿונעם סוביעקט.
M-3-facs_314_tr_1756043856-005	P-3-facs_314_tr_1756043856	3	facs_314_tr_1756043856	פֿאָלק, ראָבערט	פּאַסטערבאַק	זכר	לערער	ער איז געווען אַ לערער פֿונעם סוביעקט.
M-3-facs_314_tr_1756043856-006	P-3-facs_314_tr_1756043856	3	facs_314_tr_1756043856	פֿאָלק, ראָבערט	קאַנטשאַ לאָווסקי	זכר	רוסישן קינסטלער	ער האָט געאַרבעט צוזאַמען מיטן סוביעקט איבער דער דעקאָראַטיווער אויספֿורעמונג פֿון אַן אָפּערע.
M-3-facs_314_tr_1756043856-007	P-3-facs_314_tr_1756043856	3	facs_314_tr_1756043856	פֿאָלק, ראָבערט	מאַצאַרט	זכר		דער סוביעקט האָט געאַרבעט איבער דער דעקאָראַטיווער אויספֿורעמונג פֿון זיין אָפּערע.
M-3-facs_314_tr_1756043856-008	P-3-facs_314_tr_1756043856	3	facs_314_tr_1756043856	פֿאָלק, ראָבערט	אַנדרעיעוו	זכר		זיין טעקסט איז גענוצט געוואָרן פֿאַר דער אָפּערע „די טעג פֿון אונזער לעבן“.
M-3-facs_314_tr_1756043856-009	P-3-facs_314_tr_1756043856	3	facs_314_tr_1756043856	פֿאָלק, ראָבערט	גראַנאָווסקי	זכר	רעזשיסער	דער סוביעקט האָט געמאַכט מאַקעטן און דעקאָראַציעס פֿאַר זיין אויפֿפֿירונגען.
M-3-facs_314_tr_1756043856-010	P-3-facs_314_tr_1756043856	3	facs_314_tr_1756043856	פֿאָלק, ראָבערט	פרץ	זכר	שרייבער	דער סוביעקט האָט געמאַכט מאַקעטן און עסקיזן פֿאַר דער אויפֿפֿירונג פֿון זיין ווערק.
M-3-facs_314_tr_1756043856-011	P-3-facs_314_tr_1756043856	3	facs_314_tr_1756043856	פֿאָלק, ראָבערט	מענדעלע	זכר	שרייבער	דער סוביעקט האָט געפֿורעמט די דעקאָראַציעס צו דער אויפֿפֿירונג פֿון זיין ווערק.
M-3-facs_314_tr_1756043856-012	P-3-facs_314_tr_1756043856	3	facs_314_tr_1756043856	פֿאָלק, ראָבערט	ריכאַרד בער האָפמאַן	זכר	שרייבער	דער סוביעקט האָט געשאַפֿן דעקאָראַציעס פֿאַר דער אויפֿפֿירונג פֿון זיין ווערק.
M-3-facs_314_tr_1756043856-013	P-3-facs_314_tr_1756043856	3	facs_314_tr_1756043856	פֿאָלק, ראָבערט	ק. ס. סטאַניסלאָווסקי	זכר	רעזשיסער	ער איז געווען איינער פֿון די רעזשיסערן פֿון דער אויפֿפֿירונג פֿון „יעקב'ס חלום“.
M-3-facs_314_tr_1756043856-014	P-3-facs_314_tr_1756043856	3	facs_314_tr_1756043856	פֿאָלק, ראָבערט	ב. מ. סושקעוויטש	זכר	רעזשיסער	ער איז געווען איינער פֿון די רעזשיסערן פֿון דער אויפֿפֿירונג פֿון „יעקב'ס חלום“.
M-3-facs_314_tr_1756043856-015	P-3-facs_314_tr_1756043856	3	facs_314_tr_1756043856	פֿאָלק, ראָבערט	גוצקאָוו	זכר	שרייבער	דער סוביעקט האָט געשאַפֿן דעקאָראַציעס פֿאַר דער אויפֿפֿירונג פֿון זיין ווערק.
M-3-facs_314_tr_1756043856-016	P-3-facs_314_tr_1756043856	3	facs_314_tr_1756043856	פֿאָלק, ראָבערט	אַזאַרך	זכר	רעזשיסער	דער סוביעקט האָט געמאַכט דעקאָראַציעס פֿאַר זיין אויפֿפֿירונג פֿון שלום עליכם'ס ווערק.
M-3-facs_314_tr_1756043856-017	P-3-facs_314_tr_1756043856	3	facs_314_tr_1756043856	פֿאָלק, ראָבערט	שלום עליכם	זכר	שרייבער	דער סוביעקט האָט געמאַכט דעקאָראַציעס פֿאַר די אויפֿפֿירונגען פֿון זיינע ווערק.
M-3-facs_314_tr_1756043856-018	P-3-facs_314_tr_1756043856	3	facs_314_tr_1756043856	פֿאָלק, ראָבערט	גאָלדאני	זכר	שרייבער	דער סוביעקט האָט געצייכנט די דעקאָראַציעס צו דער אויפֿפֿירונג פֿון זיין ווערק.
M-3-facs_314_tr_1756043856-019	P-3-facs_314_tr_1756043856	3	facs_314_tr_1756043856	פֿאָלק, ראָבערט	ש. מאַרגאָלין	זכר	רעזשיסער	ער איז געווען דער רעזשיסער פֿון דער אויפֿפֿירונג „ליגנער“.
M-3-facs_314_tr_1756043856-020	P-3-facs_314_tr_1756043856	3	facs_314_tr_1756043856	פֿאָלק, ראָבערט	ש. מיכאָעלס	זכר	רעזשיסער	ער איז געווען דער רעזשיסער פֿון דער אויפֿפֿירונג „שלמה מיימאָן“.
M-3-facs_314_tr_1756043856-021	P-3-facs_314_tr_1756043856	3	facs_314_tr_1756043856	פֿאָלק, ראָבערט	מ. קראָל	זכר	רעזשיסער	ער איז געווען דער רעזשיסער פֿון דער אויפֿפֿירונג „שפּאַנייער“.
M-3-facs_314_tr_1756043856-022	P-3-facs_314_tr_1756043856	3	facs_314_tr_1756043856	פֿאָלק, ראָבערט	לערמאַנטאָוו	זכר	שרייבער	דער סוביעקט האָט געמאַכט דעקאָראַציעס פֿאַר דער אויפֿפֿירונג פֿון זיין ווערק.
M-3-facs_314_tr_1756043856-023	P-3-facs_314_tr_1756043856	3	facs_314_tr_1756043856	פֿאָלק, ראָבערט	נחום לויטער	זכר	רעזשיסער	ער איז געווען דער רעזשיסער פֿון דער אויפֿפֿירונג „דער פֿאַר'כשופ'טער שניידער“.
M-3-facs_315_tr_1756044901-000	P-3-facs_315_tr_1756044901	3	facs_315_tr_1756044901	פֿאָגעלנעסט, פאולין [בענדער]	פֿאָטער*	זכר	אַ טוך-פֿאַבריקאַנט	פֿאָטער פֿון דער סוביעקט
M-3-facs_315_tr_1756044901-001	P-3-facs_315_tr_1756044901	3	facs_315_tr_1756044901	פֿאָגעלנעסט, פאולין [בענדער]	מוטער*	נקבה		מוטער פֿון דער סוביעקט
M-3-facs_315_tr_1756044901-002	P-3-facs_315_tr_1756044901	3	facs_315_tr_1756044901	פֿאָגעלנעסט, פאולין [בענדער]	צווייטער פרוי*	נקבה		איר פֿאָטער האָט באַלד חתונה מיט אַ צווייטער פרוי
M-3-facs_315_tr_1756044901-003	P-3-facs_315_tr_1756044901	3	facs_315_tr_1756044901	פֿאָגעלנעסט, פאולין [בענדער]	באָבען*	נקבה		פֿ. ווערט דערצויגן אין וואַרשע ביי איר באָבען
M-3-facs_315_tr_1756044901-004	P-3-facs_315_tr_1756044901	3	facs_315_tr_1756044901	פֿאָגעלנעסט, פאולין [בענדער]	קלעזמער*	זכר	אַן איינגייער צו איר באָבען	2 יאָר האָט זי געלערנט שפּילן פֿידל ביי אַ קלעזמער
M-3-facs_315_tr_1756044901-005	P-3-facs_315_tr_1756044901	3	facs_315_tr_1756044901	פֿאָגעלנעסט, פאולין [בענדער]	צווייטע אַרבעטערין*	נקבה		ווערט אויף איר געזאַנג אויפֿמערקזאַם אַ צווייטע אַרבעטערין, וועלכע פֿירט זיי אָפּ אין „מוראַנאָווער טעאַטער“
M-3-facs_315_tr_1756044901-006	P-3-facs_315_tr_1756044901	3	facs_315_tr_1756044901	פֿאָגעלנעסט, פאולין [בענדער]	שלאָסבערג	זכר	דיריגענט	דער דיריגענט שלאָסבערג אַקצעפּטירט זי אין כאָר
M-3-facs_315_tr_1756044901-007	P-3-facs_315_tr_1756044901	3	facs_315_tr_1756044901	פֿאָגעלנעסט, פאולין [בענדער]	סעם פֿאָגעלנעסט	זכר	אַקטיאָר	זיך באַקענט און חתונה געהאַט מיטן אַקטיאָר סעם פֿאָגעלנעסט
M-3-facs_315_tr_1756044903-000	P-3-facs_315_tr_1756044903	3	facs_315_tr_1756044903	פֿאָגעלנעסט, פעליקס	פֿאָטער*	male	אַ חזן	ער איז דער פֿאָטער פֿון דעם סוביעקט.
M-3-facs_315_tr_1756044903-001	P-3-facs_315_tr_1756044903	3	facs_315_tr_1756044903	פֿאָגעלנעסט, פעליקס	אַנדערע חזנים*	male		דער סוביעקט האָט געזונגען ביי זיי.
M-3-facs_315_tr_1756044903-002	P-3-facs_315_tr_1756044903	3	facs_315_tr_1756044903	פֿאָגעלנעסט, פעליקס	ספּיוואַקאָווסקי	male		דער סוביעקט איז אַריין ווי אַ כאָריסט אין זיין טרופּע.
M-3-facs_315_tr_1756044903-003	P-3-facs_315_tr_1756044903	3	facs_315_tr_1756044903	פֿאָגעלנעסט, פעליקס	פישזאָן	male		דער סוביעקט איז אַריין ווי אַ כאָריסט אין זיין טרופּע.
M-3-facs_315_tr_1756044903-004	P-3-facs_315_tr_1756044903	3	facs_315_tr_1756044903	פֿאָגעלנעסט, פעליקס	טאַנצמאַן	male		דער סוביעקט האָט געשפּילט אין זיין טרופּע אין פֿילאַדעלפיע.
M-3-facs_315_tr_1756044903-005	P-3-facs_315_tr_1756044903	3	facs_315_tr_1756044903	פֿאָגעלנעסט, פעליקס	סוכמאַן	male		דער סוביעקט האָט אָנגעהויבן שפּילן יידיש וואָדעווייל אין זיין טרופּע.
M-3-facs_315_tr_1756044903-006	P-3-facs_315_tr_1756044903	3	facs_315_tr_1756044903	פֿאָגעלנעסט, פעליקס	אגעד	male		דער סוביעקט האָט געשפּילט אין זיין טרופּע.
M-3-facs_315_tr_1756044903-007	P-3-facs_315_tr_1756044903	3	facs_315_tr_1756044903	פֿאָגעלנעסט, פעליקס	עליאַס גליקמאַן	male		דער סוביעקט האָט געשפּילט ביי אים אין שיקאַגאָ.
M-3-facs_315_tr_1756044903-008	P-3-facs_315_tr_1756044903	3	facs_315_tr_1756044903	פֿאָגעלנעסט, פעליקס	ליטמאַן	male		דער סוביעקט האָט געשפּילט ביי אים אין טאָראַנטאָ און אין דעטראָיט.
M-3-facs_315_tr_1756044903-009	P-3-facs_315_tr_1756044903	3	facs_315_tr_1756044903	פֿאָגעלנעסט, פעליקס	עלוווינג	male		דער סוביעקט האָט געשפּילט ביי אים אין נואַרק.
M-3-facs_315_tr_1756044903-010	P-3-facs_315_tr_1756044903	3	facs_315_tr_1756044903	פֿאָגעלנעסט, פעליקס	גאָלדענבורג	male		דער סוביעקט האָט געשפּילט מיט אים אין באָסטאָן.
M-3-facs_315_tr_1756044903-011	P-3-facs_315_tr_1756044903	3	facs_315_tr_1756044903	פֿאָגעלנעסט, פעליקס	שילדקרויט	male		דער סוביעקט האָט געשפּילט מיט אים אין מאָנטרעאָל.
M-3-facs_315_tr_1756044903-012	P-3-facs_315_tr_1756044903	3	facs_315_tr_1756044903	פֿאָגעלנעסט, פעליקס	איזידאָר ליליען	male		דער סוביעקט האָט געשפּילט ביי אים צוויי סעזאָנען אין וויליאַמסבורג.
M-3-facs_315_tr_1756044903-013	P-3-facs_315_tr_1756044903	3	facs_315_tr_1756044903	פֿאָגעלנעסט, פעליקס	לעאָן בלאַנק	male		דער סוביעקט האָט געשפּילט אַ סעזאָן מיט אים.
M-3-facs_315_tr_1756044900-000	P-3-facs_315_tr_1756044900	3	facs_315_tr_1756044900	פֿאָדערמאַן, אַנדזשאַ	פֿאָטער*	זכר	בעל-הביתישע עלטערן	ער איז געווען איר פאָטער.
M-3-facs_315_tr_1756044900-001	P-3-facs_315_tr_1756044900	3	facs_315_tr_1756044900	פֿאָדערמאַן, אַנדזשאַ	מוטער*	נקבה	בעל-הביתישע עלטערן	זי איז געווען איר מוטער.
M-3-facs_315_tr_1756044900-002	P-3-facs_315_tr_1756044900	3	facs_315_tr_1756044900	פֿאָדערמאַן, אַנדזשאַ	הערמאַן פֿיינשטיין	זכר	דעם אַקטיאָר	ער איז געווען איר פעטער.
M-3-facs_315_tr_1756044900-003	P-3-facs_315_tr_1756044900	3	facs_315_tr_1756044900	פֿאָדערמאַן, אַנדזשאַ	קאָמפּאַנעיעצעס			זי איז געפֿאָרן מיט אים צו זיין טרופּע.
M-3-facs_315_tr_1756044900-004	P-3-facs_315_tr_1756044900	3	facs_315_tr_1756044900	פֿאָדערמאַן, אַנדזשאַ	משה ריכטערס	זכר		זי האָט געשפּילט אין זיין פּיעסע.
M-3-facs_315_tr_1756044900-005	P-3-facs_315_tr_1756044900	3	facs_315_tr_1756044900	פֿאָדערמאַן, אַנדזשאַ	מישע גערמאַנס	זכר		זי איז אַריינגעטראָטן אין זיין טרופּע.
M-3-facs_315_tr_1756044900-006	P-3-facs_315_tr_1756044900	3	facs_315_tr_1756044900	פֿאָדערמאַן, אַנדזשאַ	דוד בייגעלמאַן	זכר	דיריגענט און קאָמפּאָזיטאָר	ער איז געווען איר מאַן.
M-3-facs_315_tr_1756044900-007	P-3-facs_315_tr_1756044900	3	facs_315_tr_1756044900	פֿאָדערמאַן, אַנדזשאַ	קאַמינסקי			זי האָט געשפּילט אין זיין טרופּע.
M-3-facs_315_tr_1756044900-008	P-3-facs_315_tr_1756044900	3	facs_315_tr_1756044900	פֿאָדערמאַן, אַנדזשאַ	זאַנדבערג			זי האָט געשפּילט אין זיין טרופּע.
M-3-facs_315_tr_1756044900-009	P-3-facs_315_tr_1756044900	3	facs_315_tr_1756044900	פֿאָדערמאַן, אַנדזשאַ	אַדלער-סיעראָצקי			זי האָט געשפּילט אין זיין טרופּע.
M-3-facs_315_tr_1756044900-010	P-3-facs_315_tr_1756044900	3	facs_315_tr_1756044900	פֿאָדערמאַן, אַנדזשאַ	מאָשקאָוויטש	זכר	גאַסטראָלער	זי האָט געשפּילט מיט אים.
M-3-facs_315_tr_1756044900-011	P-3-facs_315_tr_1756044900	3	facs_315_tr_1756044900	פֿאָדערמאַן, אַנדזשאַ	פֿיינמאַן	זכר	גאַסטראָלער	זי האָט געשפּילט מיט אים.
M-3-facs_315_tr_1756044900-012	P-3-facs_315_tr_1756044900	3	facs_315_tr_1756044900	פֿאָדערמאַן, אַנדזשאַ	לאָבעל	זכר	גאַסטראָלער	זי האָט געשפּילט מיט אים.
M-3-facs_315_tr_1756044900-013	P-3-facs_315_tr_1756044900	3	facs_315_tr_1756044900	פֿאָדערמאַן, אַנדזשאַ	טאָמאַשעווסקי	זכר	גאַסטראָלער	זי האָט געשפּילט מיט אים.
M-3-facs_315_tr_1756044900-014	P-3-facs_315_tr_1756044900	3	facs_315_tr_1756044900	פֿאָדערמאַן, אַנדזשאַ	קעסלער	זכר	גאַסטראָלער	זי האָט געשפּילט מיט אים.
M-3-facs_315_tr_1756044900-015	P-3-facs_315_tr_1756044900	3	facs_315_tr_1756044900	פֿאָדערמאַן, אַנדזשאַ	זילבערט	זכר	גאַסטראָלער	זי האָט געשפּילט מיט אים.
M-3-facs_315_tr_1756044900-016	P-3-facs_315_tr_1756044900	3	facs_315_tr_1756044900	פֿאָדערמאַן, אַנדזשאַ	מאלי פיקאָן	נקבה	גאַסטראָלערן	זי האָט געשפּילט מיט איר.
M-3-facs_315_tr_1756044900-017	P-3-facs_315_tr_1756044900	3	facs_315_tr_1756044900	פֿאָדערמאַן, אַנדזשאַ	גאָרדינס	זכר		זי האָט זיך באַטייליקט אין זיין אויפֿפֿירונג.
M-3-facs_315_tr_1756044900-018	P-3-facs_315_tr_1756044900	3	facs_315_tr_1756044900	פֿאָדערמאַן, אַנדזשאַ	פּיניעק	זכר	מוזיקער	ער איז געווען איר זון.
M-3-facs_316_tr_1756045031-000	P-3-facs_316_tr_1756045031	3	facs_316_tr_1756045031	לעווין, דזשוליאַ	בנימין	זכר	"אַ קולטור-טוער און לאַנג-יאָריקער אָנפֿירער פֿון דער „פֿאָלקסבינע"""	ער איז דער פֿאָטער* פֿון דעם סוביעקט.
M-3-facs_316_tr_1756045031-001	P-3-facs_316_tr_1756045031	3	facs_316_tr_1756045031	לעווין, דזשוליאַ	איזידאַראַ דונקאָן	נקבה		דער סוביעקט האָט שטודירט אין דער שול וואָס טראָגט איר נאָמען.
M-3-facs_316_tr_1756045031-002	P-3-facs_316_tr_1756045031	3	facs_316_tr_1756045031	לעווין, דזשוליאַ	אוירמאַ	נקבה		דער סוביעקט האָט שטודירט אונטער איר לייטונג.
M-3-facs_316_tr_1756045031-003	P-3-facs_316_tr_1756045031	3	facs_316_tr_1756045031	לעווין, דזשוליאַ	אָננאַ דונקאַן	נקבה		דער סוביעקט האָט שטודירט אונטער איר לייטונג.
M-3-facs_316_tr_1756045031-004	P-3-facs_316_tr_1756045031	3	facs_316_tr_1756045031	לעווין, דזשוליאַ	קרייצבערגן	זכר		דער סוביעקט האָט שטודירט טאַנץ מיט אים.
M-3-facs_316_tr_1756045031-005	P-3-facs_316_tr_1756045031	3	facs_316_tr_1756045031	לעווין, דזשוליאַ	ראָטבאומס	זכר		דער סוביעקט האָט געשאַפֿן די כאָרעאָגראַפֿיע פֿאַר זיינע אויפֿפֿירונגען.
M-3-facs_316_tr_1756045031-006	P-3-facs_316_tr_1756045031	3	facs_316_tr_1756045031	לעווין, דזשוליאַ	ליכטס	זכר		דער סוביעקט האָט געשאַפֿן די כאָרעאָגראַפֿיע פֿאַר זיינע אויפֿפֿירונגען.
M-3-facs_316_tr_1756045031-007	P-3-facs_316_tr_1756045031	3	facs_316_tr_1756045031	לעווין, דזשוליאַ	שלום עליכם	זכר		דער סוביעקט האָט געשאַפֿן די כאָרעאָגראַפֿיע פֿאַר זיינע ווערק.
M-3-facs_316_tr_1756045031-008	P-3-facs_316_tr_1756045031	3	facs_316_tr_1756045031	לעווין, דזשוליאַ	י. ל. פרץ	זכר		דער סוביעקט האָט געשאַפֿן די כאָרעאָגראַפֿיע פֿאַר זיין ווערק.
M-3-facs_316_tr_1756045031-009	P-3-facs_316_tr_1756045031	3	facs_316_tr_1756045031	לעווין, דזשוליאַ	פֿרידריך העבעל	זכר		דער סוביעקט האָט געשאַפֿן די כאָרעאָגראַפֿיע פֿאַר זיין ווערק.
M-3-facs_316_tr_1756045031-010	P-3-facs_316_tr_1756045031	3	facs_316_tr_1756045031	לעווין, דזשוליאַ	דוד ליכטס	זכר		דער סוביעקט האָט געשאַפֿן די כאָרעאָגראַפֿיע פֿאַר זיין אויפֿפֿירונג.
M-3-facs_316_tr_1756045022-000	P-3-facs_316_tr_1756045022	3	facs_316_tr_1756045022	גלאָדסטאָן, איסאַק (יצחק]	אהרן	זכר	וויינהענדלער	אהרן איז זיין פֿאָטער.
M-3-facs_316_tr_1756045022-001	P-3-facs_316_tr_1756045022	3	facs_316_tr_1756045022	גלאָדסטאָן, איסאַק (יצחק]	יוכבד גלאַטשטיין	נקבה	וויינהענדלער	יוכבד גלאַטשטיין איז זיין מוטער.
M-3-facs_316_tr_1756045022-002	P-3-facs_316_tr_1756045022	3	facs_316_tr_1756045022	גלאָדסטאָן, איסאַק (יצחק]	שוועסטער *	נקבה		שוועסטער * איז זיין שוועסטער.
M-3-facs_316_tr_1756045022-003	P-3-facs_316_tr_1756045022	3	facs_316_tr_1756045022	גלאָדסטאָן, איסאַק (יצחק]	שוועסטער *	נקבה		שוועסטער * איז זיין שוועסטער.
M-3-facs_316_tr_1756045022-004	P-3-facs_316_tr_1756045022	3	facs_316_tr_1756045022	גלאָדסטאָן, איסאַק (יצחק]	היינריך היינע	זכר		דער סוביעקט האָט געשריבן מוזיק צו זיינע לידער.
M-3-facs_316_tr_1756045022-005	P-3-facs_316_tr_1756045022	3	facs_316_tr_1756045022	גלאָדסטאָן, איסאַק (יצחק]	א. לוצקי	זכר		דער סוביעקט האָט געשריבן מוזיק צו זיינע לידער.
M-3-facs_316_tr_1756045022-006	P-3-facs_316_tr_1756045022	3	facs_316_tr_1756045022	גלאָדסטאָן, איסאַק (יצחק]	יעקב גלאַטשטיין	זכר		דער סוביעקט האָט געשריבן מוזיק צו זיינע לידער.
M-3-facs_316_tr_1756045022-007	P-3-facs_316_tr_1756045022	3	facs_316_tr_1756045022	גלאָדסטאָן, איסאַק (יצחק]	איציק מאַנגער	זכר		דער סוביעקט האָט געשריבן מוזיק צו זיינע חומש לידער.
M-3-facs_316_tr_1756045022-008	P-3-facs_316_tr_1756045022	3	facs_316_tr_1756045022	גלאָדסטאָן, איסאַק (יצחק]	מאליי	נקבה		מאליי איז זיין פֿרוי.
M-3-facs_316_tr_1756045022-009	P-3-facs_316_tr_1756045022	3	facs_316_tr_1756045022	גלאָדסטאָן, איסאַק (יצחק]	שמעונה	נקבה		שמעונה איז זיין טאָכטער.
M-3-facs_316_tr_1756045022-010	P-3-facs_316_tr_1756045022	3	facs_316_tr_1756045022	גלאָדסטאָן, איסאַק (יצחק]	מ. ירדני	זכר		מ. ירדני שרייבט וועגן דעם סוביעקט.
M-3-facs_316_tr_1756045027-000	P-3-facs_316_tr_1756045027	3	facs_316_tr_1756045027	פלאַטקין, דניאל	ר' צבי ברב מאיר פּלאַטקין	זכר	חזן און רב אין ניו יאָרק	ער איז דער פֿאָטער פֿון דעם סוביעקט.
M-3-facs_316_tr_1756045027-001	P-3-facs_316_tr_1756045027	3	facs_316_tr_1756045027	פלאַטקין, דניאל	קרניאל	זכר	חזן	דער סוביעקט האָט מיטגעזונגען ביי אים.
M-3-facs_316_tr_1756045027-002	P-3-facs_316_tr_1756045027	3	facs_316_tr_1756045027	פלאַטקין, דניאל	קופּער	זכר	חזן	דער סוביעקט האָט מיטגעזונגען ביי אים.
M-3-facs_316_tr_1756045027-003	P-3-facs_316_tr_1756045027	3	facs_316_tr_1756045027	פלאַטקין, דניאל	הילמאַן	זכר	חזן	דער סוביעקט האָט מיטגעזונגען ביי אים.
M-3-facs_316_tr_1756045027-004	P-3-facs_316_tr_1756045027	3	facs_316_tr_1756045027	פלאַטקין, דניאל	קאַמינסקי	זכר	חזן	דער סוביעקט האָט מיטגעזונגען ביי אים.
M-3-facs_316_tr_1756045027-005	P-3-facs_316_tr_1756045027	3	facs_316_tr_1756045027	פלאַטקין, דניאל	קאַטשקאָ	זכר	חזן	דער סוביעקט האָט מיטגעזונגען ביי אים.
M-3-facs_316_tr_1756045027-006	P-3-facs_316_tr_1756045027	3	facs_316_tr_1756045027	פלאַטקין, דניאל	יודעלע בעלזער	זכר	חזן	דער סוביעקט האָט מיטגעזונגען ביי אים.
M-3-facs_316_tr_1756045027-007	P-3-facs_316_tr_1756045027	3	facs_316_tr_1756045027	פלאַטקין, דניאל	טאָמאַשעווסקי	זכר	טאָמאַשעווסקיס טעאַטער	דער סוביעקט איז צוגעצויגן געוואָרן צו זיין טעאַטער.
M-3-facs_316_tr_1756045027-008	P-3-facs_316_tr_1756045027	3	facs_316_tr_1756045027	פלאַטקין, דניאל	בעסי טאָמאַשעווסקי	נקבה	העלדן אויף דער בינע	דער סוביעקט פֿלעגט זינגען א סאָלאָ צו איר פֿון אַ לאָזשע.
M-3-facs_316_tr_1756045027-009	P-3-facs_316_tr_1756045027	3	facs_316_tr_1756045027	פלאַטקין, דניאל	באָריס טאָמאַשעווסקי	זכר	העלדן אויף דער בינע	דער סוביעקט פֿלעגט זינגען א סאָלאָ צו אים און אים שפּעטער געמענעדזשט איבער דער אַמעריקאַנער פּראָווינץ.
M-3-facs_316_tr_1756045027-010	P-3-facs_316_tr_1756045027	3	facs_316_tr_1756045027	פלאַטקין, דניאל	מאַקס געביל	זכר	"אויפֿגעפֿירט „איר גרויסער סוד"""	ער האָט אויפֿגעפֿירט אַ פּיעסע וואו דער סוביעקט האָט געזונגען.
M-3-facs_316_tr_1756045027-011	P-3-facs_316_tr_1756045027	3	facs_316_tr_1756045027	פלאַטקין, דניאל	דזשעני גאָלדשטיין	נקבה	"אקטריסע אין „איר גרויסער סוד"""	זי האָט געשפּילט אין דער פּיעסע וואו דער סוביעקט האָט געזונגען.
M-3-facs_316_tr_1756045027-012	P-3-facs_316_tr_1756045027	3	facs_316_tr_1756045027	פלאַטקין, דניאל	לאַטיינער	זכר	מחבר פֿון „דער שטן אין גן עדן“	דער סוביעקט האָט געשפּילט אין זיין פּיעסע.
M-3-facs_316_tr_1756045027-013	P-3-facs_316_tr_1756045027	3	facs_316_tr_1756045027	פלאַטקין, דניאל	קאָרנבליט	זכר	"מחבר פֿון „קאַפּיטאָל און אַרבעט"""	דער סוביעקט האָט געשפּילט אין זיין פּיעסע.
M-3-facs_316_tr_1756045027-014	P-3-facs_316_tr_1756045027	3	facs_316_tr_1756045027	פלאַטקין, דניאל	זאָלאָטאַרעפסקי	זכר	"מחבר פֿון „פאָרטרעטן פֿון דער היים"""	דער סוביעקט האָט געשפּילט אין זיין פּיעסע.
M-3-facs_316_tr_1756045027-015	P-3-facs_316_tr_1756045027	3	facs_316_tr_1756045027	פלאַטקין, דניאל	הערי טאָמאַשעווסקי	זכר		דער סוביעקט האָט אים געמענעדזשט איבער דער אַמעריקאַנער פּראָווינץ אין „שטייגער פּראָצעס“.
M-3-facs_316_tr_1756045027-016	P-3-facs_316_tr_1756045027	3	facs_316_tr_1756045027	פלאַטקין, דניאל	פּאַול דיסקאָונט	זכר	אַראַנזשירט קאָמפּאָזיציעס	ער האָט אַראַנזשירט די קאָמפּאָזיציעס אין דעם סוביעקטס בוך.
M-3-facs_317_tr_1756045223-000	P-3-facs_317_tr_1756045223	3	facs_317_tr_1756045223	לענסקי, לייבוש [קשיענסקי]	פֿאָטער*	male	אַ קליינהענדלער און אַ בעלמלאַכה	ער איז דער פֿאָטער פֿון דעם סוביעקט.
M-3-facs_317_tr_1756045223-001	P-3-facs_317_tr_1756045223	3	facs_317_tr_1756045223	לענסקי, לייבוש [קשיענסקי]	פּריוואַטן מלמד*	male		דער סוביעקט האָט געלערנט ביי אים.
M-3-facs_317_tr_1756045223-002	P-3-facs_317_tr_1756045223	3	facs_317_tr_1756045223	לענסקי, לייבוש [קשיענסקי]	וואַנדערנדיקע קונצנמאַכער*		וואָס פלעגן זיך אָפּשטעלן אין שטעטל	דער סוביעקט האָט געהאַט אַ נייגונג זיי נאָכצומאַכן.
M-3-facs_317_tr_1756045223-003	P-3-facs_317_tr_1756045223	3	facs_317_tr_1756045223	לענסקי, לייבוש [קשיענסקי]	בערגעלסאָנס	male		ער איז דער מחבר פֿון דער פּיעסע „דער טויבער“, אין וועלכער דער סוביעקט האָט געשפּילט.
M-3-facs_317_tr_1756045223-004	P-3-facs_317_tr_1756045223	3	facs_317_tr_1756045223	לענסקי, לייבוש [קשיענסקי]	שלום עליכם'ס	male		ער איז דער מחבר פֿון עטלעכע פּיעסעס וואָס דער סוביעקט האָט געשפּילט.
M-3-facs_317_tr_1756045223-005	P-3-facs_317_tr_1756045223	3	facs_317_tr_1756045223	לענסקי, לייבוש [קשיענסקי]	לייוויקס	male		ער איז דער מחבר פֿון דער פּיעסע „קייטן“, אין וועלכער דער סוביעקט האָט געשפּילט.
M-3-facs_317_tr_1756045223-006	P-3-facs_317_tr_1756045223	3	facs_317_tr_1756045223	לענסקי, לייבוש [קשיענסקי]	היטלערס	male		זיין מפּלה ווערט דערמאַנט אין טעקסט.
M-3-facs_317_tr_1756045223-007	P-3-facs_317_tr_1756045223	3	facs_317_tr_1756045223	לענסקי, לייבוש [קשיענסקי]	מענדעלעס	male		ער איז דער מחבר פֿון דער פּיעסע „פישקע דער קרומער“, אין וועלכער דער סוביעקט האָט געשפּילט.
M-3-facs_317_tr_1756045223-008	P-3-facs_317_tr_1756045223	3	facs_317_tr_1756045223	לענסקי, לייבוש [קשיענסקי]	הירשביינס	male		ער איז דער מחבר פֿון דער פּיעסע „פֿאַרוואָרפענער ווינקל“, אין וועלכער דער סוביעקט האָט געשפּילט.
M-3-facs_317_tr_1756045223-009	P-3-facs_317_tr_1756045223	3	facs_317_tr_1756045223	לענסקי, לייבוש [קשיענסקי]	טורקאָוו	male		דער סוביעקט האָט געשפּילט מיט אים אין „נאַרקאָטיק“.
M-3-facs_317_tr_1756045223-010	P-3-facs_317_tr_1756045223	3	facs_317_tr_1756045223	לענסקי, לייבוש [קשיענסקי]	בלומענפעלד	female		דער סוביעקט האָט געשפּילט מיט איר אין „נאַרקאָטיק“.
M-3-facs_317_tr_1756045223-011	P-3-facs_317_tr_1756045223	3	facs_317_tr_1756045223	לענסקי, לייבוש [קשיענסקי]	מאָריס שוואַרצס	male		דער סוביעקט האָט זיך באַטייליקט אין עטלעכע פֿאַרשטעלונגען מיט זיין קונסט-טעאַטער.
M-3-facs_317_tr_1756045226-000	P-3-facs_317_tr_1756045226	3	facs_317_tr_1756045226	לובעלסקאַ, פּאָליאַ	פראַנק	זכר	רעדאַקטאָר	דורך זיין איניציאָטיוו ווערט זי אָנגאַזשירט אַלס פּרימאַדאַנע אין אָרטיקן יידישן טעאַטער.
M-3-facs_317_tr_1756045226-001	P-3-facs_317_tr_1756045226	3	facs_317_tr_1756045226	לובעלסקאַ, פּאָליאַ	משה בורשטיין	זכר		זי האָט געשפּילט אין אָרטיקן יידישן טעאַטער אונטער זיין אָנפירונג.
M-3-facs_317_tr_1756045226-002	P-3-facs_317_tr_1756045226	3	facs_317_tr_1756045226	לובעלסקאַ, פּאָליאַ	אַדאָלף	זכר	קוזין	זי האָט געשפּילט מיט אים אַ לענגערע צייט.
M-3-facs_317_tr_1756045226-003	P-3-facs_317_tr_1756045226	3	facs_317_tr_1756045226	לובעלסקאַ, פּאָליאַ	הערמאַן פעניגשטיין	זכר	קוזין	זי האָט געשפּילט מיט אים אַ לענגערע צייט.
M-3-facs_317_tr_1756045226-004	P-3-facs_317_tr_1756045226	3	facs_317_tr_1756045226	לובעלסקאַ, פּאָליאַ	א. ג. קאָמפּאַנעעץ	זכר		זי האָט געשפּילט אין זיין טרופּע.
M-3-facs_317_tr_1756045226-005	P-3-facs_317_tr_1756045226	3	facs_317_tr_1756045226	לובעלסקאַ, פּאָליאַ	הענרי לאַכטיגער	זכר		זי האָט געשפּילט אין זיין טרופּע.
M-3-facs_317_tr_1756045226-006	P-3-facs_317_tr_1756045226	3	facs_317_tr_1756045226	לובעלסקאַ, פּאָליאַ	מיכאָל מיכאַלעסקאָ	זכר	אַמעריקאַנער גאַסטראָלער	זי האָט אויסגעטראָטן צוזאַמען מיט אים אויף קאָנצערטן און איבער דער פּראָווינץ.
M-3-facs_317_tr_1756045226-007	P-3-facs_317_tr_1756045226	3	facs_317_tr_1756045226	לובעלסקאַ, פּאָליאַ	יעקב בן-עמי	זכר	אַמעריקאַנער גאַסטראָלער	זי האָט אויסגעטראָטן צוזאַמען מיט אים.
M-3-facs_317_tr_1756045226-008	P-3-facs_317_tr_1756045226	3	facs_317_tr_1756045226	לובעלסקאַ, פּאָליאַ	בערטאַ גערסטין	נקבה	אַמעריקאַנער גאַסטראָלער	זי האָט אויסגעטראָטן צוזאַמען מיט איר.
M-3-facs_317_tr_1756045226-009	P-3-facs_317_tr_1756045226	3	facs_317_tr_1756045226	לובעלסקאַ, פּאָליאַ	פּסחקע בורשטיין	זכר	אַמעריקאַנער גאַסטראָלער	זי האָט אויסגעטראָטן צוזאַמען מיט אים.
M-3-facs_317_tr_1756045226-010	P-3-facs_317_tr_1756045226	3	facs_317_tr_1756045226	לובעלסקאַ, פּאָליאַ	היימי פּריזאַנט	זכר	אַמעריקאַנער גאַסטראָלער	זי האָט אויסגעטראָטן צוזאַמען מיט אים.
M-3-facs_317_tr_1756045226-011	P-3-facs_317_tr_1756045226	3	facs_317_tr_1756045226	לובעלסקאַ, פּאָליאַ	בעטי קעניג	נקבה	אַמעריקאַנער גאַסטראָלער	זי האָט אויסגעטראָטן צוזאַמען מיט איר.
M-3-facs_317_tr_1756045226-012	P-3-facs_317_tr_1756045226	3	facs_317_tr_1756045226	לובעלסקאַ, פּאָליאַ	י. י. זינגער	זכר		זי האָט געשפּילט אין זיין פּיעסע „יאָשע קאַלב“.
M-3-facs_317_tr_1756045226-013	P-3-facs_317_tr_1756045226	3	facs_317_tr_1756045226	לובעלסקאַ, פּאָליאַ	מאָריס שוואַרץ	זכר		זי האָט געשפּילט מיט אים אין „יאָשע קאַלב“ און אין פילם „טוביה דער מילכיקער“.
M-3-facs_317_tr_1756045226-014	P-3-facs_317_tr_1756045226	3	facs_317_tr_1756045226	לובעלסקאַ, פּאָליאַ	דזשייקאָבס	זכר		זי האָט געשפּילט דריי סעזאָנען אין זיין טעאַטער.
M-3-facs_317_tr_1756045226-015	P-3-facs_317_tr_1756045226	3	facs_317_tr_1756045226	לובעלסקאַ, פּאָליאַ	גאָלדבערג	זכר		זי האָט געשפּילט דריי סעזאָנען אין זיין טעאַטער.
M-3-facs_317_tr_1756045226-016	P-3-facs_317_tr_1756045226	3	facs_317_tr_1756045226	לובעלסקאַ, פּאָליאַ	בירנבוים	זכר		זי האָט געשפּילט דריי סעזאָנען אין זיין טעאַטער.
M-3-facs_317_tr_1756045226-017	P-3-facs_317_tr_1756045226	3	facs_317_tr_1756045226	לובעלסקאַ, פּאָליאַ	סיימאָן וואולף	זכר		זי האָט געשפּילט מיט אים אין ברוקלינער האָפּקינסאָן טעאַטער און אין זיין פילם.
M-3-facs_317_tr_1756045226-018	P-3-facs_317_tr_1756045226	3	facs_317_tr_1756045226	לובעלסקאַ, פּאָליאַ	מאַקס ווילנער	זכר		זי האָט געשפּילט מיט אים אין ברוקלינער האָפּקינסאָן טעאַטער.
M-3-facs_317_tr_1756045226-019	P-3-facs_317_tr_1756045226	3	facs_317_tr_1756045226	לובעלסקאַ, פּאָליאַ	סימאָר רעכטצייט	זכר		זי האָט געשפּילט מיט אים אין ברוקלינער האָפּקינסאָן טעאַטער.
M-3-facs_317_tr_1756045226-020	P-3-facs_317_tr_1756045226	3	facs_317_tr_1756045226	לובעלסקאַ, פּאָליאַ	מנשה סקולניק	זכר		זי האָט געשפּילט מיט אים אין סעקאָנד עוועניו טעאַטער.
M-3-facs_317_tr_1756045226-021	P-3-facs_317_tr_1756045226	3	facs_317_tr_1756045226	לובעלסקאַ, פּאָליאַ	סיגעל	זכר		זי האָט געשפּילט אין זיין מוזיקאַלישער קאָמעדיע „פריילעך זאָל זיין“.
M-3-facs_317_tr_1756045226-022	P-3-facs_317_tr_1756045226	3	facs_317_tr_1756045226	לובעלסקאַ, פּאָליאַ	אהרן לעבעדעוו	זכר		זי האָט געשפּילט מיט אים אין נעשאָנאַל טעאַטער און איבער דער פּראָווינץ.
M-3-facs_317_tr_1756045226-023	P-3-facs_317_tr_1756045226	3	facs_317_tr_1756045226	לובעלסקאַ, פּאָליאַ	ישראל ראָזצנבערג	זכר		זי האָט געשפּילט מיט אים אין קלינטאָן טעאַטער.
M-3-facs_317_tr_1756045226-024	P-3-facs_317_tr_1756045226	3	facs_317_tr_1756045226	לובעלסקאַ, פּאָליאַ	וויעראַ ראָזאַנקאַ	נקבה		זי האָט געשפּילט מיט איר אין קלינטאָן טעאַטער.
M-3-facs_317_tr_1756045226-025	P-3-facs_317_tr_1756045226	3	facs_317_tr_1756045226	לובעלסקאַ, פּאָליאַ	עני טשערניאק	נקבה		זי האָט געשפּילט מיט איר אין בראַנקס אָרט טעאַטער.
M-3-facs_317_tr_1756045226-026	P-3-facs_317_tr_1756045226	3	facs_317_tr_1756045226	לובעלסקאַ, פּאָליאַ	יצחק פרענקל	זכר		זי האָט געשפּילט אין זיין פילם „אלי, אלי“.
M-3-facs_317_tr_1756045226-027	P-3-facs_317_tr_1756045226	3	facs_317_tr_1756045226	לובעלסקאַ, פּאָליאַ	אסתר פֿילד	נקבה		זי האָט געשפּילט מיט איר אין די הויפּטראָלן פונעם פילם „די היינטיקע מאַמעס“.
M-3-facs_317_tr_1756045226-028	P-3-facs_317_tr_1756045226	3	facs_317_tr_1756045226	לובעלסקאַ, פּאָליאַ	שלום עליכם	זכר		זי האָט געשפּילט אין זיין „טוביה דער מילכיקער“.
M-3-facs_317_tr_1756045226-029	P-3-facs_317_tr_1756045226	3	facs_317_tr_1756045226	לובעלסקאַ, פּאָליאַ	פֿיליפּ מאַרק	זכר	ברודער	ער איז איר ברודער און אַ יידישער שוישפּילער.
M-3-facs_318_tr_1756045381-000	P-3-facs_318_tr_1756045381	3	facs_318_tr_1756045381	ביאַלין, א. ה. [אהרן הירש]	מוטער*	פֿרוי	שטאַמט פון דער קוזמירער רבישער דינאַסטיע. געווען די פרנסה-געבערין.	די מוטער פֿונעם סוביעקט.
M-3-facs_318_tr_1756045381-001	P-3-facs_318_tr_1756045381	3	facs_318_tr_1756045381	ביאַלין, א. ה. [אהרן הירש]	פֿאָטער*	מאַן		דער פֿאָטער פֿונעם סוביעקט.
M-3-facs_318_tr_1756045381-002	P-3-facs_318_tr_1756045381	3	facs_318_tr_1756045381	ביאַלין, א. ה. [אהרן הירש]	מענדעליס	מאַן	מענדעליס אַ בוך	זיין בוך האָט דעם סוביעקט צוגעצויגן צו דער מאָדערנער יידישער ליטעראַטור.
M-3-facs_318_tr_1756045381-003	P-3-facs_318_tr_1756045381	3	facs_318_tr_1756045381	ביאַלין, א. ה. [אהרן הירש]	פֿריינט*			מיט דער הילף פֿון פֿריינט האָט דער סוביעקט אַרויסגעגעבן זיין עריט בוך.
M-3-facs_318_tr_1756045381-004	P-3-facs_318_tr_1756045381	3	facs_318_tr_1756045381	ביאַלין, א. ה. [אהרן הירש]	כלה*	פֿרוי		זיין כלה אין אַמעריקע צו וועמען ער איז געקומען אין 1914.
M-3-facs_318_tr_1756045381-005	P-3-facs_318_tr_1756045381	3	facs_318_tr_1756045381	ביאַלין, א. ה. [אהרן הירש]	פּסח מאַרקוס	מאַן	רעדאַקטאָר פֿונעם זשורנאַל מאַסן	דער סוביעקט האָט געשריבן אין זשורנאַל וואו ער איז געווען דער רעדאַקטאָר.
M-3-facs_318_tr_1756045381-006	P-3-facs_318_tr_1756045381	3	facs_318_tr_1756045381	ביאַלין, א. ה. [אהרן הירש]	מאָריס שוואַרץ	מאַן	מאָריס שוואַרץ און דער אידישער קונסט-טעאַטער	דער סוביעקט האָט געשריבן א בוך וועגן אים.
M-3-facs_318_tr_1756045381-007	P-3-facs_318_tr_1756045381	3	facs_318_tr_1756045381	ביאַלין, א. ה. [אהרן הירש]	שלום אָש	מאַן	שלום אָש, אַ פּראָ-אַש-בוך	דער סוביעקט האָט געשריבן א בוך וועגן אים.
M-3-facs_318_tr_1756045381-008	P-3-facs_318_tr_1756045381	3	facs_318_tr_1756045381	ביאַלין, א. ה. [אהרן הירש]	מענדעלען	מאַן		דערמאָנט אין זיין סעריע אַרטיקלען פֿון מענדעלען ביז לייוויקן.
M-3-facs_318_tr_1756045381-009	P-3-facs_318_tr_1756045381	3	facs_318_tr_1756045381	ביאַלין, א. ה. [אהרן הירש]	לייוויקן	מאַן		דערמאָנט אין זיין סעריע אַרטיקלען פֿון מענדעלען ביז לייוויקן.
M-3-facs_318_tr_1756045383-000	P-3-facs_318_tr_1756045383	3	facs_318_tr_1756045383	ראָזענטאַל, נייטן (נחום]	פֿאָטער*	male	פֿאַרמעגעלע סוחרים	ער איז געווען זיין פֿאָטער.
M-3-facs_318_tr_1756045383-001	P-3-facs_318_tr_1756045383	3	facs_318_tr_1756045383	ראָזענטאַל, נייטן (נחום]	מוטער*	female	פֿאַרמעגעלע סוחרים	זי איז געווען זיין מוטער.
M-3-facs_318_tr_1756045383-002	P-3-facs_318_tr_1756045383	3	facs_318_tr_1756045383	ראָזענטאַל, נייטן (נחום]	מלמדים*	male	פּריוואַט	זיי האָבן אים געגעבן אַ יידישע דערציאונג.
M-3-facs_318_tr_1756045383-003	P-3-facs_318_tr_1756045383	3	facs_318_tr_1756045383	ראָזענטאַל, נייטן (נחום]	לערער*	male	וועלטליכע	ער האָט אים געגעבן אַ וועלטליכע דערציאונג.
M-3-facs_318_tr_1756045383-004	P-3-facs_318_tr_1756045383	3	facs_318_tr_1756045383	ראָזענטאַל, נייטן (נחום]	חזן*	male		דער סוביעקט האָט געזונגען ווי אַ משורר ביי אים.
M-3-facs_318_tr_1756045383-005	P-3-facs_318_tr_1756045383	3	facs_318_tr_1756045383	ראָזענטאַל, נייטן (נחום]	שמעון מאַרקס	male	פֿון „פּאָמול ווערדי“	ער איז געווען דער שווער פֿון דעם סוביעקט.
M-3-facs_318_tr_1756045383-006	P-3-facs_318_tr_1756045383	3	facs_318_tr_1756045383	ראָזענטאַל, נייטן (נחום]	אברהם גאָלדפֿאַדען	male	האָט געשפּילט מיט זיין טרופּע	דער סוביעקט האָט געזען זיין טרופּע שפּילן.
M-3-facs_318_tr_1756045383-007	P-3-facs_318_tr_1756045383	3	facs_318_tr_1756045383	ראָזענטאַל, נייטן (נחום]	ליבהאָבער*			דער סוביעקט האָט אָנגעהויבן שפּילן מיט זיי אין יאַסי.
M-3-facs_318_tr_1756045383-008	P-3-facs_318_tr_1756045383	3	facs_318_tr_1756045383	ראָזענטאַל, נייטן (נחום]	וויליאַם סיגעל	male	יידישן פּיעסןשרייבער	ער איז געווען דער איידעם פֿון דעם סוביעקט.
M-3-facs_318_tr_1756045383-009	P-3-facs_318_tr_1756045383	3	facs_318_tr_1756045383	ראָזענטאַל, נייטן (נחום]	שיינדעלע (דזשעני)	female	די טאָכטער פֿון שמעון מאַרקס	זי איז געווען די פרוי פֿון דעם סוביעקט.
M-3-facs_318_tr_1756045383-010	P-3-facs_318_tr_1756045383	3	facs_318_tr_1756045383	ראָזענטאַל, נייטן (נחום]	מייק טאָמאַשעווסקי	male	אָנגאַזשירט אים אַלס „סטאַר“ פֿאַר זיין קאָלאָמביאַ-טעאַטער	ער איז געווען דער שוואַגער פֿון דעם סוביעקט.
M-3-facs_318_tr_1756045383-011	P-3-facs_318_tr_1756045383	3	facs_318_tr_1756045383	ראָזענטאַל, נייטן (נחום]	פעני מאַרקס	female	פֿאַרהייראָט צו מייק טאָמאַשעווסקי	זי איז געווען די שוועגערין פֿון דעם סוביעקט.
M-3-facs_318_tr_1756045383-012	P-3-facs_318_tr_1756045383	3	facs_318_tr_1756045383	ראָזענטאַל, נייטן (נחום]	סעידי	female	אַ פּרימאַדאָנע	זי איז געווען די טאָכטער פֿון דעם סוביעקט.
M-3-facs_318_tr_1756045383-013	P-3-facs_318_tr_1756045383	3	facs_318_tr_1756045383	ראָזענטאַל, נייטן (נחום]	קלאַראַ	female	אַ סוברעטין	זי איז געווען די טאָכטער פֿון דעם סוביעקט.
M-3-facs_318_tr_1756045383-014	P-3-facs_318_tr_1756045383	3	facs_318_tr_1756045383	ראָזענטאַל, נייטן (נחום]	מאלי (מלכהלע)	female	"אַ מיטאַרבעטערין אין ""ניו יאָרק דעילי מיראָר“"	זי איז געווען די דריטע טאָכטער פֿון דעם סוביעקט.
M-3-facs_318_tr_1756045383-015	P-3-facs_318_tr_1756045383	3	facs_318_tr_1756045383	ראָזענטאַל, נייטן (נחום]	טאָכטער*	female		זי איז געווען די פערטע טאָכטער פֿון דעם סוביעקט.
M-3-facs_319_tr_1756045711-000	P-3-facs_319_tr_1756045711	3	facs_319_tr_1756045711	מאַרקאָוויטש, לואי [ישראל-לייב מאָרדקאָוויטש]	יצחק	זכר	גרינדער פֿון אַרבעטער יוניעס און פֿראַטערבאַלע אָרגאַניזאַציעס	ער איז דער פֿאָטער פֿון דעם סוביעקט.
M-3-facs_319_tr_1756045711-001	P-3-facs_319_tr_1756045711	3	facs_319_tr_1756045711	מאַרקאָוויטש, לואי [ישראל-לייב מאָרדקאָוויטש]	מאַרינאָוו	זכר	רעדאַקטאָר פֿון „קונדס“	ער איז געווען דער רעדאַקטאָר פֿון דער צייטשריפט „קונדס“.
M-3-facs_319_tr_1756045711-002	P-3-facs_319_tr_1756045711	3	facs_319_tr_1756045711	מאַרקאָוויטש, לואי [ישראל-לייב מאָרדקאָוויטש]	וויליאַם עדלין	זכר	רעדאַקטאָר פֿון „טאָג“	ער האָט אָנגאַזשירט דעם סוביעקט צו אַרבעטן אין דער צייטונג „טאָג“.
M-3-facs_319_tr_1756045711-003	P-3-facs_319_tr_1756045711	3	facs_319_tr_1756045711	מאַרקאָוויטש, לואי [ישראל-לייב מאָרדקאָוויטש]	א. לעיעלעס-גלאַנץ	זכר	שטיקל צייט שרייבער און קריטיקער	ער האָט געשריבן וועגן דעם סוביעקט און זיין אַרבעט.
M-3-facs_319_tr_1756045711-004	P-3-facs_319_tr_1756045711	3	facs_319_tr_1756045711	מאַרקאָוויטש, לואי [ישראל-לייב מאָרדקאָוויטש]	בועז יאָנג	זכר	מחבר פֿון זכרונות	ער האָט געשריבן וועגן דעם סוביעקט אין זיין בוך זכרונות.
M-3-facs_319_tr_1756045711-005	P-3-facs_319_tr_1756045711	3	facs_319_tr_1756045711	מאַרקאָוויטש, לואי [ישראל-לייב מאָרדקאָוויטש]	קלאַראַ יאָנג	נקבה	יידישע אַקטריסע	זי איז געווען די אַקטריסע פֿאַר וועמען דער סוביעקט האָט געמאַכט אַן אַפיש.
M-3-facs_319_tr_1756045711-006	P-3-facs_319_tr_1756045711	3	facs_319_tr_1756045711	מאַרקאָוויטש, לואי [ישראל-לייב מאָרדקאָוויטש]	ל. דייווידזאָן	זכר	שותף אין דער דרוקעריי „טריאָ פּרעס“	ער איז געווען א שותף מיט דעם סוביעקט אין דער דרוקעריי „טריאָ פּרעס“.
M-3-facs_319_tr_1756045711-007	P-3-facs_319_tr_1756045711	3	facs_319_tr_1756045711	מאַרקאָוויטש, לואי [ישראל-לייב מאָרדקאָוויטש]	י. פֿאַרגמענט	זכר	שותף אין דער דרוקעריי „טריאָ פּרעס“	ער איז געווען א שותף מיט דעם סוביעקט אין דער דרוקעריי „טריאָ פּרעס“.
M-3-facs_319_tr_1756045711-008	P-3-facs_319_tr_1756045711	3	facs_319_tr_1756045711	מאַרקאָוויטש, לואי [ישראל-לייב מאָרדקאָוויטש]	זלמן זילבערצווייג	זכר	מחבר פֿון „לעקסיקאָן פֿון יידישן טעאַטער“	ער האָט געשריבן אַ הקדמה צום סוביעקטס בוך און דער סוביעקט האָט געדרוקט זיין לעקסיקאָן.
M-3-facs_319_tr_1756045711-009	P-3-facs_319_tr_1756045711	3	facs_319_tr_1756045711	מאַרקאָוויטש, לואי [ישראל-לייב מאָרדקאָוויטש]	מאַלי פיקאָן	נקבה	יידישע אַקטריסע און זינגערין	זי האָט געזונגען לידער וואָס דער סוביעקט האָט געשריבן אָדער איבערגעזעצט.
M-3-facs_319_tr_1756045711-010	P-3-facs_319_tr_1756045711	3	facs_319_tr_1756045711	מאַרקאָוויטש, לואי [ישראל-לייב מאָרדקאָוויטש]	מנשה סקולניק	זכר	יידישער אַקטיאָר	ער האָט געזונגען לידער וואָס דער סוביעקט האָט געשריבן אָדער איבערגעזעצט.
M-3-facs_319_tr_1756045711-011	P-3-facs_319_tr_1756045711	3	facs_319_tr_1756045711	מאַרקאָוויטש, לואי [ישראל-לייב מאָרדקאָוויטש]	סימאָר רעכטצייט	זכר	יידישער אַקטיאָר און זינגער	ער האָט געזונגען לידער וואָס דער סוביעקט האָט געשריבן אָדער איבערגעזעצט.
M-3-facs_319_tr_1756045711-012	P-3-facs_319_tr_1756045711	3	facs_319_tr_1756045711	מאַרקאָוויטש, לואי [ישראל-לייב מאָרדקאָוויטש]	מרים קרעסין	נקבה	יידישע אַקטריסע און זינגערין	זי האָט געזונגען לידער וואָס דער סוביעקט האָט געשריבן אָדער איבערגעזעצט.
M-3-facs_319_tr_1756045711-013	P-3-facs_319_tr_1756045711	3	facs_319_tr_1756045711	מאַרקאָוויטש, לואי [ישראל-לייב מאָרדקאָוויטש]	הענריעטאַ דזשייקאָבסאָן	נקבה	יידישע אַקטריסע	זי האָט געזונגען לידער וואָס דער סוביעקט האָט געשריבן אָדער איבערגעזעצט.
M-3-facs_319_tr_1756045711-014	P-3-facs_319_tr_1756045711	3	facs_319_tr_1756045711	מאַרקאָוויטש, לואי [ישראל-לייב מאָרדקאָוויטש]	דינה האַלפּערן	נקבה	יידישע אַקטריסע	זי האָט געזונגען לידער וואָס דער סוביעקט האָט געשריבן אָדער איבערגעזעצט.
M-3-facs_319_tr_1756045711-015	P-3-facs_319_tr_1756045711	3	facs_319_tr_1756045711	מאַרקאָוויטש, לואי [ישראל-לייב מאָרדקאָוויטש]	מאלווינאַ ראַפּעל	נקבה	יידישע אַקטריסע	זי האָט געזונגען לידער וואָס דער סוביעקט האָט געשריבן אָדער איבערגעזעצט.
M-3-facs_319_tr_1756045711-016	P-3-facs_319_tr_1756045711	3	facs_319_tr_1756045711	מאַרקאָוויטש, לואי [ישראל-לייב מאָרדקאָוויטש]	פֿריימאַן	זכר	מחבר פֿון אָפּערעטעס	ער האָט געשריבן אָפּערעטעס פֿאַר וועלכע דער סוביעקט האָט געשריבן די לידער.
M-3-facs_319_tr_1756045711-017	P-3-facs_319_tr_1756045711	3	facs_319_tr_1756045711	מאַרקאָוויטש, לואי [ישראל-לייב מאָרדקאָוויטש]	משה רויך	זכר	קאָמפּאָזיטאָר	ער האָט געשריבן די מוזיק פֿאַר אַן אָפּערעטע פֿאַר וועלכע דער סוביעקט האָט געשריבן די לידער.
M-3-facs_319_tr_1756045711-018	P-3-facs_319_tr_1756045711	3	facs_319_tr_1756045711	מאַרקאָוויטש, לואי [ישראל-לייב מאָרדקאָוויטש]	איליאַ טרילינג	זכר	קאָמפּאָזיטאָר	ער האָט געשריבן די מוזיק פֿאַר אַן אָפּערעטע פֿאַר וועלכע דער סוביעקט האָט געשריבן די לידער.
M-3-facs_319_tr_1756045711-019	P-3-facs_319_tr_1756045711	3	facs_319_tr_1756045711	מאַרקאָוויטש, לואי [ישראל-לייב מאָרדקאָוויטש]	י. ל. וואָלמאַן	זכר	יידישער שרייבער	ער האָט געשריבן וועגן די ליריקס פֿון דעם סוביעקט.
M-3-facs_319_tr_1756045711-020	P-3-facs_319_tr_1756045711	3	facs_319_tr_1756045711	מאַרקאָוויטש, לואי [ישראל-לייב מאָרדקאָוויטש]	פלמה ראָזלנבערג	זכר	יידישער מחבר	דער סוביעקט האָט געצייכנט די שער-בלעטער פֿאַר זיינע ביכער.
M-3-facs_319_tr_1756045711-021	P-3-facs_319_tr_1756045711	3	facs_319_tr_1756045711	מאַרקאָוויטש, לואי [ישראל-לייב מאָרדקאָוויטש]	מענדל אַקערמאַן	זכר	יידישער מחבר	דער סוביעקט האָט געצייכנט די שער-בלעטער פֿאַר זיינע ביכער.
M-3-facs_319_tr_1756045711-022	P-3-facs_319_tr_1756045711	3	facs_319_tr_1756045711	מאַרקאָוויטש, לואי [ישראל-לייב מאָרדקאָוויטש]	משפּחה*			די משפּחה פֿון דעם סוביעקט וואָס איז געקומען מיט אים קיין אַמעריקע.
M-3-facs_320_tr_1756045941-000	P-3-facs_320_tr_1756045941	3	facs_320_tr_1756045941	פישעלעוויטש, יצחק	פאטער*	זכר	אייגנטימער פֿון אַ לעדער-געשעפט	ער איז דער פֿאָטער פֿונעם סוביעקט.
M-3-facs_320_tr_1756045941-001	P-3-facs_320_tr_1756045941	3	facs_320_tr_1756045941	פישעלעוויטש, יצחק	מוטער*	נקבה	אייגנטימער פֿון אַ לעדער-געשעפט	זי איז די מוטער פֿונעם סוביעקט.
M-3-facs_320_tr_1756045941-002	P-3-facs_320_tr_1756045941	3	facs_320_tr_1756045941	פישעלעוויטש, יצחק	חזן*	זכר		דער סוביעקט האָט געזונגען ביי אים.
M-3-facs_320_tr_1756045941-003	P-3-facs_320_tr_1756045941	3	facs_320_tr_1756045941	פישעלעוויטש, יצחק	פעטער*	זכר	אייגנטימער פֿון זיין מאַנופֿאַקטור-געשעפֿט	ער איז דער פֿעטער פֿונעם סוביעקט.
M-3-facs_320_tr_1756045941-004	P-3-facs_320_tr_1756045941	3	facs_320_tr_1756045941	פישעלעוויטש, יצחק	בערנשטיין	זכר		דער סוביעקט איז אַרומגעפֿאָרן מיט אים אין אַ יידישן קוואַרטעט און געשפּילט ביי אים אין קיעווער גובערניע.
M-3-facs_320_tr_1756045941-005	P-3-facs_320_tr_1756045941	3	facs_320_tr_1756045941	פישעלעוויטש, יצחק	מאָלווינאַ באָריסאָוונאַ (שפּעטער ס-עראָצקי-איגער)	נקבה		זי איז אַרומגעפֿאָרן מיט דעם סוביעקט אין אַ יידישן קוואַרטעט איבער רוסלאַנד.
M-3-facs_320_tr_1756045941-006	P-3-facs_320_tr_1756045941	3	facs_320_tr_1756045941	פישעלעוויטש, יצחק	בראַניטיין	זכר		ער איז אַרומגעפֿאָרן מיט דעם סוביעקט אין אַ יידישן קוואַרטעט איבער רוסלאַנד.
M-3-facs_320_tr_1756045941-007	P-3-facs_320_tr_1756045941	3	facs_320_tr_1756045941	פישעלעוויטש, יצחק	קאָמפּאַנעעצן	זכר		דער סוביעקט איז אַריינגעטראָטן צו אים אין קיעוו.
M-3-facs_320_tr_1756045941-008	P-3-facs_320_tr_1756045941	3	facs_320_tr_1756045941	פישעלעוויטש, יצחק	גאָלדפֿאַדען	זכר		"דער סוביעקט האָט דעביוטירט אין זיין פּיעסע ""שמענדריק""."
M-3-facs_320_tr_1756045941-009	P-3-facs_320_tr_1756045941	3	facs_320_tr_1756045941	פישעלעוויטש, יצחק	סאָבסיי	זכר		דער סוביעקט איז אַריבער צו אים אין קעלץ.
M-3-facs_320_tr_1756045941-010	P-3-facs_320_tr_1756045941	3	facs_320_tr_1756045941	פישעלעוויטש, יצחק	פישזאָן	זכר		דער סוביעקט איז אַריבער צו אים אין יעקאַטערינאָסלאָוו.
M-3-facs_320_tr_1756045941-011	P-3-facs_320_tr_1756045941	3	facs_320_tr_1756045941	פישעלעוויטש, יצחק	מאָריס מאָשקאָוויטש	זכר		דער סוביעקט האָט זיך באַטייליקט אין זיינע גאַסטשפּילן אין וואַרשע.
M-3-facs_320_tr_1756045941-012	P-3-facs_320_tr_1756045941	3	facs_320_tr_1756045941	פישעלעוויטש, יצחק	נח פּרילוצקי	זכר		"ער האָט געשריבן וועגן דעם סוביעקטס שפּילן די ראָלע ""לייזער בדחן""."
M-3-facs_320_tr_1756045941-013	P-3-facs_320_tr_1756045941	3	facs_320_tr_1756045941	פישעלעוויטש, יצחק	י. זאַנדבערג	זכר	דירעקטאָר פֿון יידישן טעאַטער אין לאָדזש	דער סוביעקט איז אַריבער שפּילן אין זיין טעאַטער.
M-3-facs_320_tr_1756045941-014	P-3-facs_320_tr_1756045941	3	facs_320_tr_1756045941	פישעלעוויטש, יצחק	אדלער	זכר		דער סוביעקט האָט געשפּילט ביי אים אין ברוקלינער ליבערטי טעאַטער.
M-3-facs_320_tr_1756045941-015	P-3-facs_320_tr_1756045941	3	facs_320_tr_1756045941	פישעלעוויטש, יצחק	סיעראָצקי			דער סוביעקט האָט געשפּילט ביי אים אין ברוקלינער ליבערטי טעאַטער.
M-3-facs_320_tr_1756045941-016	P-3-facs_320_tr_1756045941	3	facs_320_tr_1756045941	פישעלעוויטש, יצחק	זשעני	נקבה	האָט געשפּילט אין יידישן טעאַטער	זי איז די פֿרוי פֿונעם סוביעקט.
M-3-facs_320_tr_1756045941-017	P-3-facs_320_tr_1756045941	3	facs_320_tr_1756045941	פישעלעוויטש, יצחק	זלמן זילבערצווייג	זכר		ער האָט כאַראַקטעריזירט דעם סוביעקט.
M-3-facs_320_tr_1756045941-018	P-3-facs_320_tr_1756045941	3	facs_320_tr_1756045941	פישעלעוויטש, יצחק	גאָרדין	זכר		דער סוביעקט האָט געשפּילט אין זיינע פּיעסן.
M-3-facs_320_tr_1756045941-019	P-3-facs_320_tr_1756045941	3	facs_320_tr_1756045941	פישעלעוויטש, יצחק	ליבין	זכר		דער סוביעקט האָט געשפּילט אין זיינע פּיעסן.
M-3-facs_320_tr_1756045941-020	P-3-facs_320_tr_1756045941	3	facs_320_tr_1756045941	פישעלעוויטש, יצחק	לאַטיינער	זכר		"דער סוביעקט האָט געשפּילט אין זיין פּיעסע ""שלמהקע און ריקל""."
M-3-facs_320_tr_1756045941-021	P-3-facs_320_tr_1756045941	3	facs_320_tr_1756045941	פישעלעוויטש, יצחק	זון*	זכר	באפֿאַלן געוואָרן פֿון באַנדיטן און געשטאָרבן	ער איז געווען דער איינציקער זון פֿונעם סוביעקט.
M-3-facs_320_tr_1756045941-022	P-3-facs_320_tr_1756045941	3	facs_320_tr_1756045941	פישעלעוויטש, יצחק	יאָנקל סעם	זכר		ער האָט באַזאָרגט דעם סוביעקט.
M-3-facs_321_tr_1756057140-000	P-3-facs_321_tr_1756057140	3	facs_321_tr_1756057140	שאַכט, גוסטאָוו	ר' ישראל סאַלאַנטער	male		דער סוביעקט שטאַמט פֿון אים.
M-3-facs_321_tr_1756057140-001	P-3-facs_321_tr_1756057140	3	facs_321_tr_1756057140	שאַכט, גוסטאָוו	פֿאָטער*	male	אַ סוחר	ער איז דער פֿאָטער פֿון דעם סוביעקט.
M-3-facs_321_tr_1756057140-002	P-3-facs_321_tr_1756057140	3	facs_321_tr_1756057140	שאַכט, גוסטאָוו	איסאַק אַלעקסאַנדראָוויטש אָלשעווסקי	male	אַ טעאַטער-דירעקטאָר פֿון כאַרקאָוו	ער איז דער מוטערס קוזין פֿון דעם סוביעקט.
M-3-facs_321_tr_1756057140-003	P-3-facs_321_tr_1756057140	3	facs_321_tr_1756057140	שאַכט, גוסטאָוו	יוסף גאָלדשמידט	male	אַן אַקטיאָר	דער סוביעקט האָט זיך מיט אים באַקענט אין ענגלאַנד און געשפּילט אין זיין טרופּע.
M-3-facs_321_tr_1756057140-004	P-3-facs_321_tr_1756057140	3	facs_321_tr_1756057140	שאַכט, גוסטאָוו	דזשעני קייזער	female		דער סוביעקט האָט געשפּילט אין איר טרופּע און זי איז די מוטער פֿון זיין איידעם.
M-3-facs_321_tr_1756057140-005	P-3-facs_321_tr_1756057140	3	facs_321_tr_1756057140	שאַכט, גוסטאָוו	מאַנדעלטאָרט	male		ער איז געווען אַ מיטגליד אין דער טרופּע אין דרום-אפריקע צוזאַמען מיטן סוביעקט.
M-3-facs_321_tr_1756057140-006	P-3-facs_321_tr_1756057140	3	facs_321_tr_1756057140	שאַכט, גוסטאָוו	פֿרוי*	female	פֿרוי פֿון מאַנדעלטאָרט	זי איז געווען אַ מיטגליד אין דער טרופּע אין דרום-אפריקע צוזאַמען מיטן סוביעקט.
M-3-facs_321_tr_1756057140-007	P-3-facs_321_tr_1756057140	3	facs_321_tr_1756057140	שאַכט, גוסטאָוו	ריטשאַרד קוירי	male	אַן אוקשיאָניר	דער סוביעקט האָט געאַרבעט פֿאַר אים און ער האָט אים געהאָלפֿן גרינדן אַ יידישע צייטונג.
M-3-facs_321_tr_1756057140-008	P-3-facs_321_tr_1756057140	3	facs_321_tr_1756057140	שאַכט, גוסטאָוו	אייזיק בערמאַן	male	"רעדאַקטאָר פֿון „די אפריקאַנער אידישע גאָזזעטען"""	ער איז געווען דער רעדאַקטאָר פֿון דער צייטונג וואָס דער סוביעקט האָט אַרויסגעגעבן.
M-3-facs_321_tr_1756057140-009	P-3-facs_321_tr_1756057140	3	facs_321_tr_1756057140	שאַכט, גוסטאָוו	יעקב פּ. אַדלער	male		דער סוביעקט האָט געשפּילט מיט אים און ער איז דער פֿאָטער פֿון זיין איידעם.
M-3-facs_321_tr_1756057140-010	P-3-facs_321_tr_1756057140	3	facs_321_tr_1756057140	שאַכט, גוסטאָוו	סעראַ אַדלער	female		זי האָט געשריבן אירע דעראינערונגען וועגן דעם סוביעקט.
M-3-facs_321_tr_1756057140-011	P-3-facs_321_tr_1756057140	3	facs_321_tr_1756057140	שאַכט, גוסטאָוו	לואיס ליפּסקי	male	ציון-פֿירער	ער איז דער שוואַגער פֿונעם סוביעקט.
M-3-facs_321_tr_1756057140-012	P-3-facs_321_tr_1756057140	3	facs_321_tr_1756057140	שאַכט, גוסטאָוו	טאָכטער*	female		זי איז די טאָכטער פֿונעם סוביעקט.
M-3-facs_321_tr_1756057140-013	P-3-facs_321_tr_1756057140	3	facs_321_tr_1756057140	שאַכט, גוסטאָוו	טשאַרלז אַדלער	male		ער איז דער איידעם פֿונעם סוביעקט.
M-3-facs_321_tr_1756057140-014	P-3-facs_321_tr_1756057140	3	facs_321_tr_1756057140	שאַכט, גוסטאָוו	ב. באָטוויניק	male		ער האָט כאַראַקטעריזירט דעם סוביעקט אין זיינע שריפטן.
M-3-facs_324_tr_1756057476-000	P-3-facs_324_tr_1756057476	3	facs_324_tr_1756057476	קירשענבוים, יעקב	שלום פּערלמוטער	זכר	דערציילט וועגן קירשענבוים	שלום פּערלמוטער דערציילט וועגן דער טעטיקייט פֿון דעם סוביעקט.
M-3-facs_324_tr_1756057476-001	P-3-facs_324_tr_1756057476	3	facs_324_tr_1756057476	קירשענבוים, יעקב	ריכטער פּענקין	זכר	דעמאָלטיקער סאַציאַליסטישער פֿירער	דער סוביעקט האָט געפֿירט אַ קאַמף פֿאַר אים.
M-3-facs_324_tr_1756057476-002	P-3-facs_324_tr_1756057476	3	facs_324_tr_1756057476	קירשענבוים, יעקב	יאָזעף באַראַנדעס	זכר	דעמאָלטיקער סאַציאַליסטישער פֿירער	דער סוביעקט האָט געפֿירט אַ קאַמף פֿאַר אים.
M-3-facs_324_tr_1756057476-003	P-3-facs_324_tr_1756057476	3	facs_324_tr_1756057476	קירשענבוים, יעקב	י. פפעפֿער	זכר	אַרויסגעבער פֿון „אידישעס וואָכענבלאַט“	דער סוביעקט האָט געשריבן אין זיין אויסגאַבע.
M-3-facs_324_tr_1756057476-004	P-3-facs_324_tr_1756057476	3	facs_324_tr_1756057476	קירשענבוים, יעקב	הערי בערנשטיין	זכר		דער סוביעקט האָט צוזאַמען מיט אים גענומען די איניציאַטיווע פֿאַר אַ יידיש טעאַטער אין קליוולאַנד.
M-3-facs_324_tr_1756057476-005	P-3-facs_324_tr_1756057476	3	facs_324_tr_1756057476	קירשענבוים, יעקב	מייראָן העריק	זכר	געוועזענער אַמעריקאַנער אַמבאַסאַדאָר אין פֿראַנקרייך	האָט אויסגעבויט אַ יידיש טעאַטער לויט דער איניציאַטיווע פֿון דעם סוביעקט.
M-3-facs_324_tr_1756057476-006	P-3-facs_324_tr_1756057476	3	facs_324_tr_1756057476	קירשענבוים, יעקב	וואָלטער	זכר	ענגלישער זשורנאַליסט און דירעקטאָר פֿון פּאָבליק ריליישאָנס פֿאַרן יידישן אַרבעטער קאָמיטעט	ער איז דער זון פֿון דעם סוביעקט.
M-3-facs_324_tr_1756057476-007	P-3-facs_324_tr_1756057476	3	facs_324_tr_1756057476	קירשענבוים, יעקב	ערשטער פרוי*	נקבה		זי איז געווען די ערשטע פֿרוי פֿון דעם סוביעקט.
M-3-facs_324_tr_1756057476-008	P-3-facs_324_tr_1756057476	3	facs_324_tr_1756057476	קירשענבוים, יעקב	רות רענעי [טאַבאַקסבלאַט]	נקבה	יידישע שוישפּילערין	זי איז געווען די צווייטע פֿרוי פֿון דעם סוביעקט.
M-3-facs_324_tr_1756057476-009	P-3-facs_324_tr_1756057476	3	facs_324_tr_1756057476	קירשענבוים, יעקב	ראָוז	נקבה		זי איז די שוועסטער פֿון דעם סוביעקט.
M-3-facs_324_tr_1756057476-010	P-3-facs_324_tr_1756057476	3	facs_324_tr_1756057476	קירשענבוים, יעקב	דר. שמואל מאַרגאָשעס	זכר	יידישער שרייבער	ער איז פֿאַרהייראָט צו דער שוועסטער פֿון דעם סוביעקט.
M-3-facs_324_tr_1756057476-011	P-3-facs_324_tr_1756057476	3	facs_324_tr_1756057476	קירשענבוים, יעקב	ברודער*	זכר		ער איז אַ ברודער פֿון דעם סוביעקט.
M-3-facs_324_tr_1756057476-012	P-3-facs_324_tr_1756057476	3	facs_324_tr_1756057476	קירשענבוים, יעקב	שוועסטער פֿון שוישפּילער מאַקס געביל*	נקבה		זי איז געווען פֿאַרהייראָט צו דעם ברודער פֿון דעם סוביעקט.
M-3-facs_324_tr_1756057476-013	P-3-facs_324_tr_1756057476	3	facs_324_tr_1756057476	קירשענבוים, יעקב	מאַקס געביל	זכר	שוישפּילער	זיין שוועסטער איז געווען פֿאַרהייראָט צו דעם ברודער פֿון דעם סוביעקט.
M-3-facs_324_tr_1756057476-014	P-3-facs_324_tr_1756057476	3	facs_324_tr_1756057476	קירשענבוים, יעקב	יעקב באַטאַשאַנסקי	זכר	שרייבער	ער האָט געשריבן וועגן דעם סוביעקט.
M-3-facs_324_tr_1756057476-015	P-3-facs_324_tr_1756057476	3	facs_324_tr_1756057476	קירשענבוים, יעקב	א. לוצקי	זכר	דיכטער	ער האָט געשריבן וועגן דעם סוביעקט אין אַ ליד.
M-3-facs_324_tr_1756057476-016	P-3-facs_324_tr_1756057476	3	facs_324_tr_1756057476	קירשענבוים, יעקב	זלמן זילבערצווייג	זכר	מחבר פֿון לעקסיקאָן	ער שילדערט די פּערזענלעכקייט פֿון דעם סוביעקט.
M-3-facs_324_tr_1756057476-017	P-3-facs_324_tr_1756057476	3	facs_324_tr_1756057476	קירשענבוים, יעקב	אַברהם גאָלדפֿאַדען	זכר	גרינדער פֿון יידישן טעאַטער	ער איז געווען אַ יוצא ונכנס ביי דער מאַמען פֿון דעם סוביעקט אין דער היים.
M-3-facs_324_tr_1756057476-018	P-3-facs_324_tr_1756057476	3	facs_324_tr_1756057476	קירשענבוים, יעקב	מאַמען*	נקבה		זי איז די מאַמע פֿון דעם סוביעקט.
M-3-facs_324_tr_1756057476-019	P-3-facs_324_tr_1756057476	3	facs_324_tr_1756057476	קירשענבוים, יעקב	פּראָפעסאָר הורוויץ	זכר		דערמאָנט אין שייכות מיט דער צייט ווען דער סוביעקט האָט באַזוכט דאָס יידישע טעאַטער.
M-3-facs_325_tr_1756057604-000	P-3-facs_325_tr_1756057604	3	facs_325_tr_1756057604	האָראָוויץ, אַזיאַס [יהושע]	פֿאָטער *	זכר	אַ סוחר	דער פֿאָטער פֿונעם סוביעקט.
M-3-facs_325_tr_1756057604-001	P-3-facs_325_tr_1756057604	3	facs_325_tr_1756057604	האָראָוויץ, אַזיאַס [יהושע]	מוטער *	נקבה		די מוטער פֿונעם סוביעקט.
M-3-facs_325_tr_1756057604-002	P-3-facs_325_tr_1756057604	3	facs_325_tr_1756057604	האָראָוויץ, אַזיאַס [יהושע]	קאַנטשיקער רבי	זכר		דער זיידע פֿונעם סוביעקט.
M-3-facs_325_tr_1756057604-003	P-3-facs_325_tr_1756057604	3	facs_325_tr_1756057604	האָראָוויץ, אַזיאַס [יהושע]	פעטער *	זכר	געווען רב אין ראַנדזשעוו	דער פעטער פֿונעם סוביעקט.
M-3-facs_325_tr_1756057604-004	P-3-facs_325_tr_1756057604	3	facs_325_tr_1756057604	האָראָוויץ, אַזיאַס [יהושע]	פּאָדזאַמטשען	זכר		דער טרופּע-אָנפֿירער ביי וועמען דער סוביעקט האָט אָנגעהויבן שפּילן.
M-3-facs_325_tr_1756057604-005	P-3-facs_325_tr_1756057604	3	facs_325_tr_1756057604	האָראָוויץ, אַזיאַס [יהושע]	ברודער *	זכר	אַרבעט אין אַ פּערפום-געשעפט	דער ברודער פֿונעם סוביעקט.
M-3-facs_325_tr_1756057604-006	P-3-facs_325_tr_1756057604	3	facs_325_tr_1756057604	האָראָוויץ, אַזיאַס [יהושע]	גאָלדפלוס	זכר		אַ קאָלעגע וואָס האָט געאַרבעט מיטן סוביעקט אויף קאָנצערטן.
M-3-facs_325_tr_1756057604-007	P-3-facs_325_tr_1756057604	3	facs_325_tr_1756057604	האָראָוויץ, אַזיאַס [יהושע]	מאָריס שוואַרצן	זכר		אַ קאָלעגע וואָס האָט געאַרבעט מיטן סוביעקט אויף קאָנצערטן.
M-3-facs_325_tr_1756057604-008	P-3-facs_325_tr_1756057604	3	facs_325_tr_1756057604	האָראָוויץ, אַזיאַס [יהושע]	סעווילאַ פּאַסטאַר	נקבה		אַ קאָלעגע וואָס האָט געאַרבעט מיטן סוביעקט אויף קאָנצערטן.
M-3-facs_325_tr_1756057604-009	P-3-facs_325_tr_1756057604	3	facs_325_tr_1756057604	האָראָוויץ, אַזיאַס [יהושע]	קאָמיען-שטיין	זכר		אַ קאָלעגע וואָס האָט געאַרבעט מיטן סוביעקט אויף קאָנצערטן.
M-3-facs_325_tr_1756057604-010	P-3-facs_325_tr_1756057604	3	facs_325_tr_1756057604	האָראָוויץ, אַזיאַס [יהושע]	משה שטראַסבערגס	זכר		דער אויפֿפֿירער פֿון אַ פּיעסע וואו דער סוביעקט האָט זיך באַטייליקט.
M-3-facs_325_tr_1756057604-011	P-3-facs_325_tr_1756057604	3	facs_325_tr_1756057604	האָראָוויץ, אַזיאַס [יהושע]	הירשביינס	זכר		דער מחבר פֿון אַ פּיעסע וואו דער סוביעקט האָט זיך באַטייליקט.
M-3-facs_325_tr_1756057604-012	P-3-facs_325_tr_1756057604	3	facs_325_tr_1756057604	האָראָוויץ, אַזיאַס [יהושע]	זילבערצווייגס	זכר		דער אויפֿפֿירער פֿון פּיעסעס וואו דער סוביעקט האָט זיך באַטייליקט.
M-3-facs_325_tr_1756057604-013	P-3-facs_325_tr_1756057604	3	facs_325_tr_1756057604	האָראָוויץ, אַזיאַס [יהושע]	שלום עליכמס	זכר		דער מחבר פֿון אַ פּיעסע וואו דער סוביעקט האָט זיך באַטייליקט.
M-3-facs_325_tr_1756057604-014	P-3-facs_325_tr_1756057604	3	facs_325_tr_1756057604	האָראָוויץ, אַזיאַס [יהושע]	פעני עדעלמאַנס	נקבה		די מחברטע פֿון אַ פּיעסע וואו דער סוביעקט האָט זיך באַטייליקט.
M-3-facs_325_tr_1756057604-015	P-3-facs_325_tr_1756057604	3	facs_325_tr_1756057604	האָראָוויץ, אַזיאַס [יהושע]	אַליהו טענענהאָלצס	זכר		דער אויפֿפֿירער פֿון אַ פּיעסע וואו דער סוביעקט האָט זיך באַטייליקט.
M-3-facs_325_tr_1756057604-016	P-3-facs_325_tr_1756057604	3	facs_325_tr_1756057604	האָראָוויץ, אַזיאַס [יהושע]	קאָברינס	זכר		דער מחבר פֿון אַ פּיעסע וואו דער סוביעקט האָט זיך באַטייליקט.
M-3-facs_325_tr_1756057604-017	P-3-facs_325_tr_1756057604	3	facs_325_tr_1756057604	האָראָוויץ, אַזיאַס [יהושע]	ציליע סילווער	נקבה		אַן אַקטריסע וואָס האָט געשפּילט די טיטל-ראָל אין אַ פּיעסע וואו דער סוביעקט האָט זיך באַטייליקט.
M-3-facs_325_tr_1756057604-018	P-3-facs_325_tr_1756057604	3	facs_325_tr_1756057604	האָראָוויץ, אַזיאַס [יהושע]	זלמן זילבערצווייג	זכר		כאַראַקטעריזירט דעם סוביעקט.
M-3-facs_326_tr_1756057712-000	P-3-facs_326_tr_1756057712	3	facs_326_tr_1756057712	סלאָוואָ-ליס, לידאַ	פֿאַטער*	זכר	אַ לערער	ער איז געווען איר פֿאַטער.
M-3-facs_326_tr_1756057712-001	P-3-facs_326_tr_1756057712	3	facs_326_tr_1756057712	סלאָוואָ-ליס, לידאַ	מוטער*	נקבה		זי איז געווען איר מוטער.
M-3-facs_326_tr_1756057712-002	P-3-facs_326_tr_1756057712	3	facs_326_tr_1756057712	סלאָוואָ-ליס, לידאַ	אַנשעל שאָרס	זכר		זי איז געווען אָנגאַזשירט אין זיין טעאַטער.
M-3-facs_326_tr_1756057712-003	P-3-facs_326_tr_1756057712	3	facs_326_tr_1756057712	סלאָוואָ-ליס, לידאַ	דזשוליוס נאַטאַנסאַן	זכר		זי האָט געשפּילט אונטער זיין אָנפֿירונג.
M-3-facs_326_tr_1756057712-004	P-3-facs_326_tr_1756057712	3	facs_326_tr_1756057712	סלאָוואָ-ליס, לידאַ	ליטמאַנס	זכר		זי האָט געשפּילט אין זיין טעאַטער.
M-3-facs_326_tr_1756057712-005	P-3-facs_326_tr_1756057712	3	facs_326_tr_1756057712	סלאָוואָ-ליס, לידאַ	יעקב בן עמי	זכר		זי האָט זיך באַטייליקט אין פֿאַרשטעלונגען בעת זיין גאַסטראָלן.
M-3-facs_326_tr_1756057712-006	P-3-facs_326_tr_1756057712	3	facs_326_tr_1756057712	סלאָוואָ-ליס, לידאַ	בערטאַ גערסטין	נקבה		זי האָט זיך באַטייליקט אין פֿאַרשטעלונגען בעת איר גאַסטראָלן.
M-3-facs_326_tr_1756057712-007	P-3-facs_326_tr_1756057712	3	facs_326_tr_1756057712	סלאָוואָ-ליס, לידאַ	אָדעטס	זכר		זי האָט געשפּילט אין זיין פּיעסע.
M-3-facs_326_tr_1756057712-008	P-3-facs_326_tr_1756057712	3	facs_326_tr_1756057712	סלאָוואָ-ליס, לידאַ	בן ציון וויטלער	זכר		זי האָט געשפּילט מיט אים הויפּטראָלן.
M-3-facs_326_tr_1756057712-009	P-3-facs_326_tr_1756057712	3	facs_326_tr_1756057712	סלאָוואָ-ליס, לידאַ	מיכאָל מיכאַלעסקאָ	זכר		זי האָט געשפּילט מיט אים.
M-3-facs_326_tr_1756057712-010	P-3-facs_326_tr_1756057712	3	facs_326_tr_1756057712	סלאָוואָ-ליס, לידאַ	מאַדי פיקאָן	נקבה		זי איז אויפֿגעטראָטן מיט איר.
M-3-facs_326_tr_1756057712-011	P-3-facs_326_tr_1756057712	3	facs_326_tr_1756057712	סלאָוואָ-ליס, לידאַ	יעקב קאַליך	זכר		זי איז אויפֿגעטראָטן מיט אים.
M-3-facs_326_tr_1756057712-012	P-3-facs_326_tr_1756057712	3	facs_326_tr_1756057712	סלאָוואָ-ליס, לידאַ	יצחק שטיינבערג	זכר	"אַ געוועזענער פֿילם-אַקטיאָר א""פּ ביל ראָז"	ער איז איר מאַן.
M-3-facs_326_tr_1756057710-000	P-3-facs_326_tr_1756057710	3	facs_326_tr_1756057710	קוסטין, סאַלאָמאַן [שלמה]	פֿאָטער*	זכר	אַ זייגער-מאַכער	דער פֿאָטער פֿון דעם סוביעקט.
M-3-facs_326_tr_1756057710-001	P-3-facs_326_tr_1756057710	3	facs_326_tr_1756057710	קוסטין, סאַלאָמאַן [שלמה]	סובאָטניק	זכר		דער סוביעקט האָט געלערנט 4 קלאַסן אין גראָדנער אינסטיטוט ביי אים.
M-3-facs_326_tr_1756057710-002	P-3-facs_326_tr_1756057710	3	facs_326_tr_1756057710	קוסטין, סאַלאָמאַן [שלמה]	סיראָטא	זכר	חזן	דער סוביעקט האָט געזונגען אין זיין כאָר-שול.
M-3-facs_326_tr_1756057710-003	P-3-facs_326_tr_1756057710	3	facs_326_tr_1756057710	קוסטין, סאַלאָמאַן [שלמה]	באיאָרסקי	זכר	חזן	דער סוביעקט איז אַרומגעפֿאָרן מיט אים אויף קאָנצערטן.
M-3-facs_326_tr_1756057710-004	P-3-facs_326_tr_1756057710	3	facs_326_tr_1756057710	קוסטין, סאַלאָמאַן [שלמה]	קעסלער	זכר		האָט געשפּילט מיט דעם סוביעקט אין אַ טרופּע אין אַמעריקע.
M-3-facs_326_tr_1756057710-005	P-3-facs_326_tr_1756057710	3	facs_326_tr_1756057710	קוסטין, סאַלאָמאַן [שלמה]	טאָרנבערג	זכר		האָט געשפּילט מיט דעם סוביעקט אין אַ טרופּע אין אַמעריקע.
M-3-facs_326_tr_1756057710-006	P-3-facs_326_tr_1756057710	3	facs_326_tr_1756057710	קוסטין, סאַלאָמאַן [שלמה]	מאַנע	זכר		האָט געשפּילט מיט דעם סוביעקט אין אַ טרופּע אין אַמעריקע.
M-3-facs_326_tr_1756057710-007	P-3-facs_326_tr_1756057710	3	facs_326_tr_1756057710	קוסטין, סאַלאָמאַן [שלמה]	לואי היימאַן	זכר		האָט געשפּילט מיט דעם סוביעקט אין אַ טרופּע אין אַמעריקע.
M-3-facs_326_tr_1756057710-008	P-3-facs_326_tr_1756057710	3	facs_326_tr_1756057710	קוסטין, סאַלאָמאַן [שלמה]	לייזער גאָלדשטיין	זכר		האָט געשפּילט מיט דעם סוביעקט אין אַ טרופּע אין אַמעריקע.
M-3-facs_326_tr_1756057710-009	P-3-facs_326_tr_1756057710	3	facs_326_tr_1756057710	קוסטין, סאַלאָמאַן [שלמה]	זאָלאַטאַרעפסקי	זכר		"דער מחבר פֿון דער פּיעסע ""ישיבה-בחור"" אין וועלכער דער סוביעקט האָט דעביוטירט."
M-3-facs_326_tr_1756057710-010	P-3-facs_326_tr_1756057710	3	facs_326_tr_1756057710	קוסטין, סאַלאָמאַן [שלמה]	גוזיק	זכר		דער סוביעקט האָט געשפּילט אין זיין טרופּע אין ווילנע.
M-3-facs_326_tr_1756057710-011	P-3-facs_326_tr_1756057710	3	facs_326_tr_1756057710	קוסטין, סאַלאָמאַן [שלמה]	צוקער	זכר		דער סוביעקט האָט געשפּילט אין זיין טרופּע אין ווילנע.
M-3-facs_326_tr_1756057710-012	P-3-facs_326_tr_1756057710	3	facs_326_tr_1756057710	קוסטין, סאַלאָמאַן [שלמה]	שאַראַוונער	זכר		דער סוביעקט האָט געשפּילט מיט אים אין ליבאַוואַ.
M-3-facs_326_tr_1756057710-013	P-3-facs_326_tr_1756057710	3	facs_326_tr_1756057710	קוסטין, סאַלאָמאַן [שלמה]	שטראַספאַגעל	זכר		דער סוביעקט האָט געשפּילט מיט אים אין ליבאַוואַ.
M-3-facs_326_tr_1756057710-014	P-3-facs_326_tr_1756057710	3	facs_326_tr_1756057710	קוסטין, סאַלאָמאַן [שלמה]	סאָבסיי	זכר		דער סוביעקט האָט געשפּילט מיט אים אין האַמעל.
M-3-facs_326_tr_1756057710-015	P-3-facs_326_tr_1756057710	3	facs_326_tr_1756057710	קוסטין, סאַלאָמאַן [שלמה]	יוליוס אַדלער	זכר		דער סוביעקט האָט געמאַכט אַ טור איבער רוסלאַנד מיט זיין טרופּע.
M-3-facs_326_tr_1756057710-016	P-3-facs_326_tr_1756057710	3	facs_326_tr_1756057710	קוסטין, סאַלאָמאַן [שלמה]	גאָרדין	זכר		דער סוביעקט האָט געשפּילט אין זיין רעפּערטואָר.
M-3-facs_326_tr_1756057710-017	P-3-facs_326_tr_1756057710	3	facs_326_tr_1756057710	קוסטין, סאַלאָמאַן [שלמה]	סאָניאַ קאָמפּאַנעעץ	נקבה	אַקטריסע	די פרוי פֿון דעם סוביעקט.
M-3-facs_326_tr_1756057710-018	P-3-facs_326_tr_1756057710	3	facs_326_tr_1756057710	קוסטין, סאַלאָמאַן [שלמה]	בערנשטיין	זכר		דער סוביעקט האָט צונויפגעשטעלט אַ טרופּע מיט אים און געשפּילט אין בערלין.
M-3-facs_326_tr_1756057710-019	P-3-facs_326_tr_1756057710	3	facs_326_tr_1756057710	קוסטין, סאַלאָמאַן [שלמה]	דיינע פֿיינמאַן	נקבה		האָט געשפּילט מיט דעם סוביעקט אין לאָנדאָן און ניו יאָרק.
M-3-facs_326_tr_1756057710-020	P-3-facs_326_tr_1756057710	3	facs_326_tr_1756057710	קוסטין, סאַלאָמאַן [שלמה]	מ. ד. וואַקסמאַן	זכר		האָט געשפּילט מיט דעם סוביעקט אין לאָנדאָן.
M-3-facs_326_tr_1756057710-021	P-3-facs_326_tr_1756057710	3	facs_326_tr_1756057710	קוסטין, סאַלאָמאַן [שלמה]	יעקב ספּיוואַקאָווסקי	זכר		האָט געשפּילט מיט דעם סוביעקט אין לאָנדאָן.
M-3-facs_326_tr_1756057710-022	P-3-facs_326_tr_1756057710	3	facs_326_tr_1756057710	קוסטין, סאַלאָמאַן [שלמה]	קאָמפּאַנעעץ*	זכר		דער סוביעקט האָט געשפּילט ביי אים אין וואַרשע און לאָדזש.
M-3-facs_326_tr_1756057710-023	P-3-facs_326_tr_1756057710	3	facs_326_tr_1756057710	קוסטין, סאַלאָמאַן [שלמה]	הערשל יעדוואָב	זכר	אַקטאָר	האָט געשפּילט מיט דעם סוביעקט איבער גאַנץ פּוילן.
M-3-facs_326_tr_1756057710-024	P-3-facs_326_tr_1756057710	3	facs_326_tr_1756057710	קוסטין, סאַלאָמאַן [שלמה]	מיכאַלעסקאָ	זכר		דער סוביעקט האָט געשפּילט מיט אים אין וואַרשע.
M-3-facs_326_tr_1756057710-025	P-3-facs_326_tr_1756057710	3	facs_326_tr_1756057710	קוסטין, סאַלאָמאַן [שלמה]	זלמן זילבערצווייג	זכר		ער האָט כאַראַקטעריזירט דעם סוביעקט נאָך זיין טויט.
M-3-facs_326_tr_1756057710-026	P-3-facs_326_tr_1756057710	3	facs_326_tr_1756057710	קוסטין, סאַלאָמאַן [שלמה]	פּסחקע בורשטיין	זכר	אַקטאָר	געווען אַן אַקטאָר אין דער טרופּע פֿון דעם סוביעקט.
M-3-facs_326_tr_1756057710-027	P-3-facs_326_tr_1756057710	3	facs_326_tr_1756057710	קוסטין, סאַלאָמאַן [שלמה]	מאָקס געבילם	זכר		"דער מחבר פֿון דעם וואָרעוויל ""דריי מינוט טויט""."
M-3-facs_326_tr_1756057710-028	P-3-facs_326_tr_1756057710	3	facs_326_tr_1756057710	קוסטין, סאַלאָמאַן [שלמה]	ישעיה אוגער	זכר	יידישער שרייבער און רעדאַקטאָר הקדוש	אַ שוואָגער פֿון דעם סוביעקט מיט וועלכן ער האָט אָנגעהאַלטן אַ קאָרעספּאָנדענץ.
M-3-facs_327_tr_1756057819-000	P-3-facs_327_tr_1756057819	3	facs_327_tr_1756057819	ראָבינס, לעאַ [אַליעזר ראַבינאָוויטש]	דוד בן משה פֿון נאָוואַרעדאָק	זכר	"מחבר פֿון „גליאַ מסכתא"""	ער איז דער עלטער-זיידע פֿון דעם סוביעקט.
M-3-facs_327_tr_1756057819-001	P-3-facs_327_tr_1756057819	3	facs_327_tr_1756057819	ראָבינס, לעאַ [אַליעזר ראַבינאָוויטש]	הרב ריינעס	זכר		דער סוביעקט האָט געלערנט אין זיין ישיבה אין לידע.
M-3-facs_327_tr_1756057819-002	P-3-facs_327_tr_1756057819	3	facs_327_tr_1756057819	ראָבינס, לעאַ [אַליעזר ראַבינאָוויטש]	פּריוואַטע לערער*			זיי האָבן געלערנט מיט דעם סוביעקט העברעיש און רוסיש.
M-3-facs_327_tr_1756057819-003	P-3-facs_327_tr_1756057819	3	facs_327_tr_1756057819	ראָבינס, לעאַ [אַליעזר ראַבינאָוויטש]	אב. קאַהאַן	זכר		"ער האָט צוגעצויגן דעם סוביעקט צו ווערן אַ מיטאַרבעטער פֿון „פֿאַרווערטס""."
M-3-facs_327_tr_1756057819-004	P-3-facs_327_tr_1756057819	3	facs_327_tr_1756057819	ראָבינס, לעאַ [אַליעזר ראַבינאָוויטש]	איזידאָר האָלענדער	זכר		"ער האָט אויפֿגעפֿירט דעם סוביעקטס דראַמע „דער פֿערד-גנב""."
M-3-facs_327_tr_1756057819-005	P-3-facs_327_tr_1756057819	3	facs_327_tr_1756057819	ראָבינס, לעאַ [אַליעזר ראַבינאָוויטש]	מיכאיל ראַזומני	זכר		"ער האָט אויפֿגעפירט דעם סוביעקטס סאָציאַלע דראַמע „פּראָווינץ""."
M-3-facs_327_tr_1756057819-006	P-3-facs_327_tr_1756057819	3	facs_327_tr_1756057819	ראָבינס, לעאַ [אַליעזר ראַבינאָוויטש]	יודזשין דונקעל	זכר	דעקאַראַציעס	"ער האָט געמאַכט די דעקאָראַציעס פֿאַר דעם סוביעקטס פּיעסע „פּראָווינץ""."
M-3-facs_327_tr_1756057819-007	P-3-facs_327_tr_1756057819	3	facs_327_tr_1756057819	ראָבינס, לעאַ [אַליעזר ראַבינאָוויטש]	הלל ראָגאָף	זכר		"ער האָט געשריבן וועגן דעם סוביעקטס פּיעסע „פּראָווינץ""."
M-3-facs_327_tr_1756057819-008	P-3-facs_327_tr_1756057819	3	facs_327_tr_1756057819	ראָבינס, לעאַ [אַליעזר ראַבינאָוויטש]	וויליאַם סיגעל	זכר		"ער האָט דראַמאַטיזירט דעם סוביעקטס פּיעסע „זומער-לעב""."
M-3-facs_327_tr_1756057819-009	P-3-facs_327_tr_1756057819	3	facs_327_tr_1756057819	ראָבינס, לעאַ [אַליעזר ראַבינאָוויטש]	יהודה בלייך	זכר	רעזשי	"ער איז געווען דער רעזשיסאָר פֿון דער פּיעסע „אַ ביטערער טעות""."
M-3-facs_327_tr_1756057819-010	P-3-facs_327_tr_1756057819	3	facs_327_tr_1756057819	ראָבינס, לעאַ [אַליעזר ראַבינאָוויטש]	משה ראוך	זכר	מוזיק	"ער האָט קאָמפּאָנירט די מוזיק פֿאַר דער פּיעסע „אַ ביטערער טעות""."
M-3-facs_327_tr_1756057819-011	P-3-facs_327_tr_1756057819	3	facs_327_tr_1756057819	ראָבינס, לעאַ [אַליעזר ראַבינאָוויטש]	יעקב רייך	זכר	נאָענטער קאָלעגע	ער איז געווען אַ נאָענטער קאָלעגע פֿונעם סוביעקט און האָט אים געשילדערט.
M-3-facs_327_tr_1756057819-012	P-3-facs_327_tr_1756057819	3	facs_327_tr_1756057819	ראָבינס, לעאַ [אַליעזר ראַבינאָוויטש]	זיידע*	זכר	שטרענגן און ניט-איבעריגנס פֿאַרשטענדיקן זיידע	דער סוביעקט איז ביי אים אויפֿגעוואַקסן אַלס יתום.
M-3-facs_327_tr_1756057819-013	P-3-facs_327_tr_1756057819	3	facs_327_tr_1756057819	ראָבינס, לעאַ [אַליעזר ראַבינאָוויטש]	טאָטע*	זכר		ער איז געווען דער פאָטער פֿונעם סוביעקט.
M-3-facs_327_tr_1756057819-014	P-3-facs_327_tr_1756057819	3	facs_327_tr_1756057819	ראָבינס, לעאַ [אַליעזר ראַבינאָוויטש]	מאַמע*	נקבה		זי איז געווען די מוטער פֿונעם סוביעקט.
M-3-facs_327_tr_1756057819-015	P-3-facs_327_tr_1756057819	3	facs_327_tr_1756057819	ראָבינס, לעאַ [אַליעזר ראַבינאָוויטש]	פרוי*	נקבה		זי איז געווען די פֿרוי פֿונעם סוביעקט מיט וועמען ער האָט זיך גע'גט.
M-3-facs_328_tr_1756057972-000	P-3-facs_328_tr_1756057972	3	facs_328_tr_1756057972	סווערדלין, נתן, דר	פֿאָטער *	זכר	אַן אָפּטייקער	ער איז דער פֿאָטער פֿונעם סוביעקט.
M-3-facs_329_tr_1756058152-000	P-3-facs_329_tr_1756058152	3	facs_329_tr_1756058152	ווענדאָרף, לאהלע [וואַסערמאַן]	פֿאָטער*	זכר	אַ געוועזענער ניקאָלאַיעווער סאָלדאַט, געהאַנדלט אין רוסלאַנד מיט וואַלד און בהמות	ער איז געווען דער פֿאָטער פֿונעם סוביעקט.
M-3-facs_329_tr_1756058152-001	P-3-facs_329_tr_1756058152	3	facs_329_tr_1756058152	ווענדאָרף, לאהלע [וואַסערמאַן]	קליינעם רבילע*	זכר		"דער סוביעקט האָט געלערנט ביי אים חומש און רש""י."
M-3-facs_329_tr_1756058152-002	P-3-facs_329_tr_1756058152	3	facs_329_tr_1756058152	ווענדאָרף, לאהלע [וואַסערמאַן]	לערערין*	נקבה		דער סוביעקט האָט געלערנט פּריוואַט ביי איר רוסיש און פּויליש.
M-3-facs_329_tr_1756058152-003	P-3-facs_329_tr_1756058152	3	facs_329_tr_1756058152	ווענדאָרף, לאהלע [וואַסערמאַן]	ברודער*	זכר	אַ רייכן פֿרומען ברודער	ער איז געווען דער ברודער פֿונעם סוביעקט ביי וועמען זי איז אויפֿגעצויגן געוואָרן.
M-3-facs_329_tr_1756058152-004	P-3-facs_329_tr_1756058152	3	facs_329_tr_1756058152	ווענדאָרף, לאהלע [וואַסערמאַן]	מוטער*	נקבה		זי איז געווען די מוטער פֿונעם סוביעקט.
M-3-facs_329_tr_1756058152-005	P-3-facs_329_tr_1756058152	3	facs_329_tr_1756058152	ווענדאָרף, לאהלע [וואַסערמאַן]	שוועסטער*	נקבה		זי איז געווען די שוועסטער פֿונעם סוביעקט צו וועמענס חתונה זי איז געפֿאָרן קיין אַמעריקע.
M-3-facs_329_tr_1756058152-006	P-3-facs_329_tr_1756058152	3	facs_329_tr_1756058152	ווענדאָרף, לאהלע [וואַסערמאַן]	ערשטן מאַן*	זכר		ער איז געווען איר ערשטער מאַן מיט וועמען זי האָט זיך געגט.
M-3-facs_329_tr_1756058152-007	P-3-facs_329_tr_1756058152	3	facs_329_tr_1756058152	ווענדאָרף, לאהלע [וואַסערמאַן]	ראובן ווענדאָרף	זכר	אַקטיאָר	ער איז געווען איר צווייטער מאַן מיט וועמען זי האָט חתונה געהאַט אין 1931.
M-3-facs_329_tr_1756058152-008	P-3-facs_329_tr_1756058152	3	facs_329_tr_1756058152	ווענדאָרף, לאהלע [וואַסערמאַן]	קאַדיסאָן	זכר		ער איז געווען דער רעזשיסער פֿון דער „פֿאָלקסבינע“.
M-3-facs_329_tr_1756058152-009	P-3-facs_329_tr_1756058152	3	facs_329_tr_1756058152	ווענדאָרף, לאהלע [וואַסערמאַן]	אַברהם ליטמאַן	זכר		דער סוביעקט האָט געשפּילט ביי אים אין דעטראָיט.
M-3-facs_329_tr_1756058152-010	P-3-facs_329_tr_1756058152	3	facs_329_tr_1756058152	ווענדאָרף, לאהלע [וואַסערמאַן]	מישע פישזאָן	זכר		דער סוביעקט האָט געשפּילט ביי אים אין דעטראָיט.
M-3-facs_329_tr_1756058152-011	P-3-facs_329_tr_1756058152	3	facs_329_tr_1756058152	ווענדאָרף, לאהלע [וואַסערמאַן]	לעאָניד אַנדרעיעוו	זכר		ער איז געווען דער מחבר פֿון דער פּיעסע „אָנפיסא“.
M-3-facs_329_tr_1756058152-012	P-3-facs_329_tr_1756058152	3	facs_329_tr_1756058152	ווענדאָרף, לאהלע [וואַסערמאַן]	מאָריס שוואַרצן	זכר		דער סוביעקט האָט געשפּילט אין זיין „יידישן קונסט-טעאַטער“.
M-3-facs_329_tr_1756058152-013	P-3-facs_329_tr_1756058152	3	facs_329_tr_1756058152	ווענדאָרף, לאהלע [וואַסערמאַן]	דר. באַראַטאָווס	זכר		דער סוביעקט האָט זיך באַטייליקט אין זיין אויפֿפֿירונגען אין לאָס אַנדזשעלעס.
M-3-facs_329_tr_1756058152-014	P-3-facs_329_tr_1756058152	3	facs_329_tr_1756058152	ווענדאָרף, לאהלע [וואַסערמאַן]	דימאָוו	זכר		ער איז געווען דער מחבר פֿון דער פּיעסע „די קראַפט פֿון געלט“.
M-3-facs_329_tr_1756058152-015	P-3-facs_329_tr_1756058152	3	facs_329_tr_1756058152	ווענדאָרף, לאהלע [וואַסערמאַן]	שלום עליכמס	זכר		ער איז געווען דער מחבר פֿון דער פּיעסע „שווער צו זיין אַ ייד“.
M-3-facs_329_tr_1756058152-016	P-3-facs_329_tr_1756058152	3	facs_329_tr_1756058152	ווענדאָרף, לאהלע [וואַסערמאַן]	וואָלטער וויקלעהר	זכר	רעזשיסער	ער איז געווען דער רעזשיסער פֿון דער ענגלישער פּיעסע „בוירנינג בוש“.
M-3-facs_329_tr_1756058152-017	P-3-facs_329_tr_1756058152	3	facs_329_tr_1756058152	ווענדאָרף, לאהלע [וואַסערמאַן]	קליפֿאָרד אָדעטס	זכר		ער איז געווען דער מחבר פֿון דער פּיעסע „עוועיק ענד סינג“.
M-3-facs_329_tr_1756058152-018	P-3-facs_329_tr_1756058152	3	facs_329_tr_1756058152	ווענדאָרף, לאהלע [וואַסערמאַן]	דזשאַן פּריסליס	זכר		ער איז געווען דער מחבר פֿון דער פּיעסע „דעי קעים טו עי סיטי“.
M-3-facs_329_tr_1756058152-019	P-3-facs_329_tr_1756058152	3	facs_329_tr_1756058152	ווענדאָרף, לאהלע [וואַסערמאַן]	שאַמירס	זכר		ער איז געווען דער מחבר פֿון דער ישראל-פּיעסע „טו קילאָמעטער“.
M-3-facs_329_tr_1756058152-020	P-3-facs_329_tr_1756058152	3	facs_329_tr_1756058152	ווענדאָרף, לאהלע [וואַסערמאַן]	דזשאָו מענקעוויטש	זכר	דירעקציע	ער איז געווען דער דירעקטאָר פֿונעם פֿילם „נאָו וועי אוט“.
M-3-facs_329_tr_1756058152-021	P-3-facs_329_tr_1756058152	3	facs_329_tr_1756058152	ווענדאָרף, לאהלע [וואַסערמאַן]	כאָזע פֿערער	זכר	סטאַר	ער איז געווען דער הויפּט-אַקטיאָר אין פֿילם „דיפּ אין מיי האַרט“.
M-3-facs_329_tr_1756058152-022	P-3-facs_329_tr_1756058152	3	facs_329_tr_1756058152	ווענדאָרף, לאהלע [וואַסערמאַן]	היטשקאָקס	זכר		דער סוביעקט האָט געשפּילט אין זיין פּיעסן אויף טעלעוויזיע.
M-3-facs_329_tr_1756058152-023	P-3-facs_329_tr_1756058152	3	facs_329_tr_1756058152	ווענדאָרף, לאהלע [וואַסערמאַן]	אַרנאָלד פּוירל	זכר	אינסצענירער און רעזשיסער	ער איז געווען דער רעזשיסער פֿון דער ענגלישער אויפֿפֿירונג „טוביה דער מילכיקער“.
M-3-facs_329_tr_1756058147-000	P-3-facs_329_tr_1756058147	3	facs_329_tr_1756058147	דידזשאַ, בעל [באַנדער]	דאָרשאַ אַלעקס	female	געלערנט ביי איר טענץ	זי האָט אָנגעהויבן שטודירן טענץ און געלערנט ביי דאָרשאַ אַלעקס.
M-3-facs_329_tr_1756058147-001	P-3-facs_329_tr_1756058147	3	facs_329_tr_1756058147	דידזשאַ, בעל [באַנדער]	קאַטשעטאָווסקי	male	געלערנט ביי אים טענץ	זי האָט געלערנט טענץ ביי קאַטשעטאָווסקי.
M-3-facs_329_tr_1756058147-002	P-3-facs_329_tr_1756058147	3	facs_329_tr_1756058147	דידזשאַ, בעל [באַנדער]	מישעל פֿאַקין	male	געלערנט ביי אים טענץ	זי האָט געלערנט טענץ ביי מישעל פֿאַקין.
M-3-facs_329_tr_1756058147-003	P-3-facs_329_tr_1756058147	3	facs_329_tr_1756058147	דידזשאַ, בעל [באַנדער]	אייב עלשטיין	male	ספּעציעלע מוזיק פֿון	ער האָט געשריבן די ספּעציעלע מוזיק פֿאַר אירע טענץ.
M-3-facs_329_tr_1756058147-004	P-3-facs_329_tr_1756058147	3	facs_329_tr_1756058147	דידזשאַ, בעל [באַנדער]	פּרצס	male	מחבר פֿון ווערק	זי האָט געטאַנצט זיין ווערק „נאָך קבורה“ און „מאָניש“.
M-3-facs_329_tr_1756058147-005	P-3-facs_329_tr_1756058147	3	facs_329_tr_1756058147	דידזשאַ, בעל [באַנדער]	שלום עליכם	male	מחבר	זי איז די כאָרעאָגראַפֿין פֿאַר זיין אויפֿפֿירונג „יאָסעלע סאָלאָוועי“.
M-3-facs_329_tr_1756058147-006	P-3-facs_329_tr_1756058147	3	facs_329_tr_1756058147	דידזשאַ, בעל [באַנדער]	ל. טרייסטער	male	מחבר	זי איז די כאָרעאָגראַפֿין פֿאַר זיין אויפֿפֿירונג „פּאַסטוך-קעניג“.
M-3-facs_329_tr_1756058147-007	P-3-facs_329_tr_1756058147	3	facs_329_tr_1756058147	דידזשאַ, בעל [באַנדער]	מאָריס שוואַרץ	male	"א""ר פֿון"	ער איז דער רעזשיסער פֿון די אויפֿפֿירונגען וואָס זי האָט כאָרעאָגראַפֿירט.
M-3-facs_329_tr_1756058147-008	P-3-facs_329_tr_1756058147	3	facs_329_tr_1756058147	דידזשאַ, בעל [באַנדער]	אַברהם גאָלדפֿאַדען	male	מחבר	ער איז דער מחבר פֿון דער אויפֿפֿירונג „סמבטיון“ וואָס זי האָט כאָרעאָגראַפֿירט.
M-3-facs_329_tr_1756058147-009	P-3-facs_329_tr_1756058147	3	facs_329_tr_1756058147	דידזשאַ, בעל [באַנדער]	וויעראַ האַקען	female	"א""ר פֿון"	זי איז די רעזשיסאָרין פֿון דער אויפֿפֿירונג „סמבטיון“ וואָס זי האָט כאָרעאָגראַפֿירט.
M-3-facs_329_tr_1756058147-010	P-3-facs_329_tr_1756058147	3	facs_329_tr_1756058147	דידזשאַ, בעל [באַנדער]	יוסף בולאָוו	male	"א""ר פֿון"	ער איז דער רעזשיסער פֿון דער אויפֿפֿירונג „דער זינגער פֿון זיין טרויער“.
M-3-facs_329_tr_1756058147-011	P-3-facs_329_tr_1756058147	3	facs_329_tr_1756058147	דידזשאַ, בעל [באַנדער]	יגאָל מאָסענזאָן	male	מחבר	ער איז דער מחבר פֿון דער אויפֿפֿירונג „דער קאַמף פֿאַרן נגב“.
M-3-facs_329_tr_1756058147-012	P-3-facs_329_tr_1756058147	3	facs_329_tr_1756058147	דידזשאַ, בעל [באַנדער]	אַברהם ניניא	male	"א""ר פֿון"	ער איז דער רעזשיסער פֿון דער אויפֿפֿירונג „דער קאַמף פֿאַרן נגב“.
M-3-facs_329_tr_1756058147-013	P-3-facs_329_tr_1756058147	3	facs_329_tr_1756058147	דידזשאַ, בעל [באַנדער]	סאמי גראָנעמאַן	male	מחבר	ער איז דער מחבר פֿון דער אויפֿפֿירונג „דער קעניג און דער שוסטער“.
M-3-facs_329_tr_1756058147-014	P-3-facs_329_tr_1756058147	3	facs_329_tr_1756058147	דידזשאַ, בעל [באַנדער]	דוד ליכט	male	"א""ר פֿון"	ער איז דער רעזשיסער פֿון דער אויפֿפֿירונג „דער קעניג און דער שוסטער“.
M-3-facs_329_tr_1756058147-015	P-3-facs_329_tr_1756058147	3	facs_329_tr_1756058147	דידזשאַ, בעל [באַנדער]	י. יאָש	male	מחבר	ער איז דער מחבר פֿון דער אויפֿפֿירונג „די ערשטע שוואַלב“.
M-3-facs_329_tr_1756058147-016	P-3-facs_329_tr_1756058147	3	facs_329_tr_1756058147	דידזשאַ, בעל [באַנדער]	א. בן צבי	male	"א""ר פֿון"	ער איז דער רעזשיסער פֿון דער אויפֿפֿירונג „די ערשטע שוואַלב“.
M-3-facs_330_tr_1756058354-000	P-3-facs_330_tr_1756058354	3	facs_330_tr_1756058354	צוקערבערג, לעאָן (לייבל)	פֿאָטער*	male	באַזיצער פֿון אַ רעסטאָראַן-האָטעל, וואו ס'פלעגן איינשטיין יידישע טעאַטער-טרופּעס, איז אויך געווען אַ בעלתפילה אין אַ שול	ער איז דער פֿאָטער פֿון דעם סוביעקט.
M-3-facs_330_tr_1756058354-001	P-3-facs_330_tr_1756058354	3	facs_330_tr_1756058354	צוקערבערג, לעאָן (לייבל)	שילינג	male	אַקטיאָר	ער האָט געשפּילט מיט דעם סוביעקט אין די אָנגעזעענסטע סטאַבילע טרופּעס.
M-3-facs_330_tr_1756058354-002	P-3-facs_330_tr_1756058354	3	facs_330_tr_1756058354	צוקערבערג, לעאָן (לייבל)	מעלצער	male	אַקטיאָר	ער האָט געשפּילט מיט דעם סוביעקט אין די אָנגעזעענסטע סטאַבילע טרופּעס.
M-3-facs_330_tr_1756058354-003	P-3-facs_330_tr_1756058354	3	facs_330_tr_1756058354	צוקערבערג, לעאָן (לייבל)	האַרט	male	אַקטיאָר	ער האָט געשפּילט מיט דעם סוביעקט אין די אָנגעזעענסטע סטאַבילע טרופּעס.
M-3-facs_330_tr_1756058354-004	P-3-facs_330_tr_1756058354	3	facs_330_tr_1756058354	צוקערבערג, לעאָן (לייבל)	פּריזאַמענט	male	אַקטיאָר	ער האָט געשפּילט מיט דעם סוביעקט אין די אָנגעזעענסטע סטאַבילע טרופּעס.
M-3-facs_330_tr_1756058354-005	P-3-facs_330_tr_1756058354	3	facs_330_tr_1756058354	צוקערבערג, לעאָן (לייבל)	שרה עטינגער	female	אַקטריסע	זי האָט געשפּילט מיט דעם סוביעקט אין רומעניע.
M-3-facs_330_tr_1756058354-006	P-3-facs_330_tr_1756058354	3	facs_330_tr_1756058354	צוקערבערג, לעאָן (לייבל)	וויעראַ קאַניעווסקאַ	female	אַקטריסע	זי האָט געשפּילט מיט דעם סוביעקט אין רומעניע.
M-3-facs_330_tr_1756058354-007	P-3-facs_330_tr_1756058354	3	facs_330_tr_1756058354	צוקערבערג, לעאָן (לייבל)	פּאַול ברייטמאַן	male	אַקטיאָר	ער האָט געשפּילט מיט דעם סוביעקט אין רומעניע.
M-3-facs_330_tr_1756058354-008	P-3-facs_330_tr_1756058354	3	facs_330_tr_1756058354	צוקערבערג, לעאָן (לייבל)	צילע צוקערבערג	female	אַקטריסע	זי איז די פרוי פֿון דעם סוביעקט און האָט מיט אים געשפּילט אין זיין טרופּע.
M-3-facs_330_tr_1756058354-009	P-3-facs_330_tr_1756058354	3	facs_330_tr_1756058354	צוקערבערג, לעאָן (לייבל)	מאָריס בראון	male	אַקטיאָר	ער האָט געשפּילט אין דער טרופּע מיט דעם סוביעקט.
M-3-facs_330_tr_1756058354-010	P-3-facs_330_tr_1756058354	3	facs_330_tr_1756058354	צוקערבערג, לעאָן (לייבל)	ראָזע בראון	female	אַקטריסע	זי האָט געשפּילט אין דער טרופּע מיט דעם סוביעקט.
M-3-facs_330_tr_1756058354-011	P-3-facs_330_tr_1756058354	3	facs_330_tr_1756058354	צוקערבערג, לעאָן (לייבל)	מאָריס גערבער	male	אַקטיאָר	ער האָט געשפּילט אין דער טרופּע מיט דעם סוביעקט.
M-3-facs_330_tr_1756058354-012	P-3-facs_330_tr_1756058354	3	facs_330_tr_1756058354	צוקערבערג, לעאָן (לייבל)	געניאַ גערבער	female	אַקטריסע	זי האָט געשפּילט אין דער טרופּע מיט דעם סוביעקט.
M-3-facs_330_tr_1756058354-013	P-3-facs_330_tr_1756058354	3	facs_330_tr_1756058354	צוקערבערג, לעאָן (לייבל)	אהרן אָלעקסאַנדראָוו	male	אַקטיאָר	ער האָט געשפּילט אין דער טרופּע מיט דעם סוביעקט.
M-3-facs_330_tr_1756058354-014	P-3-facs_330_tr_1756058354	3	facs_330_tr_1756058354	צוקערבערג, לעאָן (לייבל)	נתן גינטער	male	אַקטיאָר	ער איז צוגעשטאַנען צו דער טרופּע אין קובאַ.
M-3-facs_330_tr_1756058354-015	P-3-facs_330_tr_1756058354	3	facs_330_tr_1756058354	צוקערבערג, לעאָן (לייבל)	שרה גינטער	female	אַקטריסע	זי איז צוגעשטאַנען צו דער טרופּע אין קובאַ.
M-3-facs_330_tr_1756058354-016	P-3-facs_330_tr_1756058354	3	facs_330_tr_1756058354	צוקערבערג, לעאָן (לייבל)	משה שאָר	male	טעאַטער באַזיצער אין באָלטימאָר	דער סוביעקט איז אָנגאַזשירט געוואָרן אין זיין טעאַטער.
M-3-facs_330_tr_1756058354-017	P-3-facs_330_tr_1756058354	3	facs_330_tr_1756058354	צוקערבערג, לעאָן (לייבל)	קלאַראַ יאָנג	female	אַקטריסע	זי האָט געשפּילט מיט דעם סוביעקט אין באָלטימאָר און אין מעקסיקאָ.
M-3-facs_330_tr_1756058354-018	P-3-facs_330_tr_1756058354	3	facs_330_tr_1756058354	צוקערבערג, לעאָן (לייבל)	בועז יאָנג	male	אַקטיאָר	ער האָט געשפּילט מיט דעם סוביעקט אין באָלטימאָר.
M-3-facs_330_tr_1756058354-019	P-3-facs_330_tr_1756058354	3	facs_330_tr_1756058354	צוקערבערג, לעאָן (לייבל)	דוד שענהאָלץ	male	אַקטיאָר	ער האָט געשפּילט מיט דעם סוביעקט אין באָלטימאָר.
M-3-facs_330_tr_1756058354-020	P-3-facs_330_tr_1756058354	3	facs_330_tr_1756058354	צוקערבערג, לעאָן (לייבל)	א. אַסטראָוו	male	אַקטיאָר	ער האָט געשפּילט מיט דעם סוביעקט אין באָלטימאָר.
M-3-facs_330_tr_1756058354-021	P-3-facs_330_tr_1756058354	3	facs_330_tr_1756058354	צוקערבערג, לעאָן (לייבל)	איידאַ גאָלדשטיין	female	אַקטריסע	זי האָט געשפּילט מיט דעם סוביעקט אין באָלטימאָר.
M-3-facs_330_tr_1756058354-022	P-3-facs_330_tr_1756058354	3	facs_330_tr_1756058354	צוקערבערג, לעאָן (לייבל)	דזשוליאַ וואַראַדי	female	אַקטריסע	זי האָט געשפּילט מיט דעם סוביעקט אין באָלטימאָר.
M-3-facs_330_tr_1756058354-023	P-3-facs_330_tr_1756058354	3	facs_330_tr_1756058354	צוקערבערג, לעאָן (לייבל)	אַלעקסאַנדער אַמאַסיע	male	אַקטיאָר	ער האָט געשפּילט מיט דעם סוביעקט אין באָלטימאָר.
M-3-facs_330_tr_1756058354-024	P-3-facs_330_tr_1756058354	3	facs_330_tr_1756058354	צוקערבערג, לעאָן (לייבל)	צילע אַדלער	female	גאַסטראָלער	זי איז געווען א גאַסטראָלער אין טעאַטער וווּ דער סוביעקט האָט געשפּילט.
M-3-facs_330_tr_1756058354-025	P-3-facs_330_tr_1756058354	3	facs_330_tr_1756058354	צוקערבערג, לעאָן (לייבל)	לעאָ בלאַנק	male	גאַסטראָלער	ער איז געווען א גאַסטראָלער אין טעאַטער וווּ דער סוביעקט האָט געשפּילט.
M-3-facs_330_tr_1756058354-026	P-3-facs_330_tr_1756058354	3	facs_330_tr_1756058354	צוקערבערג, לעאָן (לייבל)	אברהם ליטמאַן	male	טעאַטער דירעקטאָר אין דעטראָיט	דער סוביעקט האָט געשפּילט אַ סעזאָן אין זיין טעאַטער.
M-3-facs_330_tr_1756058354-027	P-3-facs_330_tr_1756058354	3	facs_330_tr_1756058354	צוקערבערג, לעאָן (לייבל)	לואיס בירנבוים	male	אַקטיאָר	ער האָט געשפּילט מיט דעם סוביעקט אין דעטראָיט.
M-3-facs_330_tr_1756058354-028	P-3-facs_330_tr_1756058354	3	facs_330_tr_1756058354	צוקערבערג, לעאָן (לייבל)	מיני בירנבוים	female	אַקטריסע	זי האָט געשפּילט מיט דעם סוביעקט אין דעטראָיט.
M-3-facs_330_tr_1756058354-029	P-3-facs_330_tr_1756058354	3	facs_330_tr_1756058354	צוקערבערג, לעאָן (לייבל)	עטל דאָרף	female	אַקטריסע	זי האָט געשפּילט מיט דעם סוביעקט אין דעטראָיט.
M-3-facs_330_tr_1756058354-030	P-3-facs_330_tr_1756058354	3	facs_330_tr_1756058354	צוקערבערג, לעאָן (לייבל)	משה דאָרף	male	אַקטיאָר	ער האָט געשפּילט מיט דעם סוביעקט אין דעטראָיט.
M-3-facs_330_tr_1756058354-031	P-3-facs_330_tr_1756058354	3	facs_330_tr_1756058354	צוקערבערג, לעאָן (לייבל)	יאָזער שעהנגאָלד	male	גאַסטראָלער	ער איז געווען א גאַסטראָלער אין דעטראָיט און מעקסיקאָ מיט דעם סוביעקט.
M-3-facs_330_tr_1756058354-032	P-3-facs_330_tr_1756058354	3	facs_330_tr_1756058354	צוקערבערג, לעאָן (לייבל)	דזשוליוס נאַטאַנסאָן	male	גאַסטראָלער	ער איז געווען א גאַסטראָלער אין דעטראָיט.
M-3-facs_330_tr_1756058354-033	P-3-facs_330_tr_1756058354	3	facs_330_tr_1756058354	צוקערבערג, לעאָן (לייבל)	פֿרענציס אַדלער	female	גאַסטראָלער	זי איז געווען א גאַסטראָלער אין מעקסיקאָ מיט דעם סוביעקט.
M-3-facs_330_tr_1756058354-034	P-3-facs_330_tr_1756058354	3	facs_330_tr_1756058354	צוקערבערג, לעאָן (לייבל)	יעקב גאָלדשטיין	male	גאַסטראָלער	ער איז געווען א גאַסטראָלער אין מעקסיקאָ מיט דעם סוביעקט.
M-3-facs_330_tr_1756058354-035	P-3-facs_330_tr_1756058354	3	facs_330_tr_1756058354	צוקערבערג, לעאָן (לייבל)	שאַרלאָט גאָלדשטיין	female	גאַסטראָלער	זי איז געווען א גאַסטראָלער אין מעקסיקאָ מיט דעם סוביעקט.
M-3-facs_330_tr_1756058354-036	P-3-facs_330_tr_1756058354	3	facs_330_tr_1756058354	צוקערבערג, לעאָן (לייבל)	דזשאַנעט פּאַסקעוויטש	female	גאַסטראָלער	זי איז געווען א גאַסטראָלער אין מעקסיקאָ מיט דעם סוביעקט.
M-3-facs_330_tr_1756058354-037	P-3-facs_330_tr_1756058354	3	facs_330_tr_1756058354	צוקערבערג, לעאָן (לייבל)	מאָריס קראָנער	male	גאַסטראָלער	ער איז געווען א גאַסטראָלער אין מעקסיקאָ מיט דעם סוביעקט.
M-3-facs_330_tr_1756058354-038	P-3-facs_330_tr_1756058354	3	facs_330_tr_1756058354	צוקערבערג, לעאָן (לייבל)	בעטי פֿרענק	female	גאַסטראָלער	זי איז געווען א גאַסטראָלער אין מעקסיקאָ מיט דעם סוביעקט.
M-3-facs_330_tr_1756058354-039	P-3-facs_330_tr_1756058354	3	facs_330_tr_1756058354	צוקערבערג, לעאָן (לייבל)	בנימין בלאַנק	male	גאַסטראָלער	ער איז געווען א גאַסטראָלער אין מעקסיקאָ מיט דעם סוביעקט.
M-3-facs_330_tr_1756058354-040	P-3-facs_330_tr_1756058354	3	facs_330_tr_1756058354	צוקערבערג, לעאָן (לייבל)	ג. ידד			ער האָט געשריבן וועגן דעם סוביעקט.
M-3-facs_330_tr_1756058354-041	P-3-facs_330_tr_1756058354	3	facs_330_tr_1756058354	צוקערבערג, לעאָן (לייבל)	א. פ.			ער האָט געשריבן וועגן דעם סוביעקט.
M-3-facs_330_tr_1756058354-042	P-3-facs_330_tr_1756058354	3	facs_330_tr_1756058354	צוקערבערג, לעאָן (לייבל)	יעקב זאַנגער	male	גאַסטראָלער	ער איז געווען א גאַסטראָלער אין מעקסיקאָ מיט דעם סוביעקט.
M-3-facs_330_tr_1756058354-043	P-3-facs_330_tr_1756058354	3	facs_330_tr_1756058354	צוקערבערג, לעאָן (לייבל)	סילוויאַ פישמאַן	female	גאַסטראָלער	זי איז געווען א גאַסטראָלער אין מעקסיקאָ מיט דעם סוביעקט.
M-3-facs_330_tr_1756058354-044	P-3-facs_330_tr_1756058354	3	facs_330_tr_1756058354	צוקערבערג, לעאָן (לייבל)	ר.			ער האָט געשריבן וועגן דעם סוביעקט.
M-3-facs_330_tr_1756058354-045	P-3-facs_330_tr_1756058354	3	facs_330_tr_1756058354	צוקערבערג, לעאָן (לייבל)	י. א.			ער האָט געשריבן אַן אַרטיקל וועגן דעם סוביעקט און אנדערע פּיאָנערן.
M-3-facs_331_tr_1756058522-000	P-3-facs_331_tr_1756058522	3	facs_331_tr_1756058522	צוקערבערג-זילבערצווייג, צילע [טשיפּע באָיאָרסקי, צילע סילווער]	פֿאָטער *	זכר	אונטערנעמער פֿאַר רעגירונגסבנינים	ער איז דער פֿאָטער פֿון דער סוביעקט.
M-3-facs_331_tr_1756058522-001	P-3-facs_331_tr_1756058522	3	facs_331_tr_1756058522	צוקערבערג-זילבערצווייג, צילע [טשיפּע באָיאָרסקי, צילע סילווער]	קלאַראַ מאָרגענשטערענס	נקבה	האָט געהאַט אַ פּריוואַטע פֿאָלקס שול	די סוביעקט האָט געלערנט אין איר שול.
M-3-facs_331_tr_1756058522-002	P-3-facs_331_tr_1756058522	3	facs_331_tr_1756058522	צוקערבערג-זילבערצווייג, צילע [טשיפּע באָיאָרסקי, צילע סילווער]	סטעפאַן טשאַרנעצקי	זכר	אַ פּוילישער העלד אויף וועמענס נאָמען די גימנאַזיע איז געווען	די סוביעקט האָט געלערנט אין דער גימנאַזיע א
M-3-facs_331_tr_1756058522-003	P-3-facs_331_tr_1756058522	3	facs_331_tr_1756058522	צוקערבערג-זילבערצווייג, צילע [טשיפּע באָיאָרסקי, צילע סילווער]	פייוול פֿריד	זכר		די סוביעקט האָט געלערנט יידישע לימודים פּריוואַט ביי אים.
M-3-facs_331_tr_1756058522-004	P-3-facs_331_tr_1756058522	3	facs_331_tr_1756058522	צוקערבערג-זילבערצווייג, צילע [טשיפּע באָיאָרסקי, צילע סילווער]	וואדילאָווסקי	זכר	לערער	די סוביעקט האָט זיך באַטייליקט אין זיין ביבלישן איינאַקטער.
M-3-facs_331_tr_1756058522-005	P-3-facs_331_tr_1756058522	3	facs_331_tr_1756058522	צוקערבערג-זילבערצווייג, צילע [טשיפּע באָיאָרסקי, צילע סילווער]	אָרשאַנסקיס	זכר	דראַמאַטורג	"די סוביעקט האָט געשפּילט אין זיין פּיעסע „אַננאַ""."
M-3-facs_331_tr_1756058522-006	P-3-facs_331_tr_1756058522	3	facs_331_tr_1756058522	צוקערבערג-זילבערצווייג, צילע [טשיפּע באָיאָרסקי, צילע סילווער]	גאָרדינס	זכר	דראַמאַטורג	די סוביעקט האָט געשפּילט אין זיינע פּיעסן.
M-3-facs_331_tr_1756058522-007	P-3-facs_331_tr_1756058522	3	facs_331_tr_1756058522	צוקערבערג-זילבערצווייג, צילע [טשיפּע באָיאָרסקי, צילע סילווער]	פּריוואַט לערערין *	נקבה	לערערין פֿון געזאַנג	די סוביעקט האָט שטודירט געזאַנג ביי איר.
M-3-facs_331_tr_1756058522-008	P-3-facs_331_tr_1756058522	3	facs_331_tr_1756058522	צוקערבערג-זילבערצווייג, צילע [טשיפּע באָיאָרסקי, צילע סילווער]	באָריס אויערבאַך	זכר	אַקטיאָר	"ער האָט געשפּילט מיט דער סוביעקט אין דער טרופּע פֿון „אַמבו""-טעאַטער."
M-3-facs_331_tr_1756058522-009	P-3-facs_331_tr_1756058522	3	facs_331_tr_1756058522	צוקערבערג-זילבערצווייג, צילע [טשיפּע באָיאָרסקי, צילע סילווער]	אסתר פּערלמאַן	נקבה	אַקטיאָרן	"זי האָט געשפּילט מיט דער סוביעקט אין דער טרופּע פֿון „אַמבו""-טעאַטער."
M-3-facs_331_tr_1756058522-010	P-3-facs_331_tr_1756058522	3	facs_331_tr_1756058522	צוקערבערג-זילבערצווייג, צילע [טשיפּע באָיאָרסקי, צילע סילווער]	יעקב שעפנער	זכר	אַקטיאָר	"ער האָט געשפּילט מיט דער סוביעקט אין דער טרופּע פֿון „אַמבו""-טעאַטער."
M-3-facs_331_tr_1756058522-011	P-3-facs_331_tr_1756058522	3	facs_331_tr_1756058522	צוקערבערג-זילבערצווייג, צילע [טשיפּע באָיאָרסקי, צילע סילווער]	יצחק דייטש	זכר	אַקטיאָר	"ער האָט געשפּילט מיט דער סוביעקט אין דער טרופּע פֿון „אַמבו""-טעאַטער."
M-3-facs_331_tr_1756058522-012	P-3-facs_331_tr_1756058522	3	facs_331_tr_1756058522	צוקערבערג-זילבערצווייג, צילע [טשיפּע באָיאָרסקי, צילע סילווער]	רודאָלף זאַסלאַווסקי	זכר	אַקטיאָר	ער האָט געשפּילט מיט דער סוביעקט אין דער דראַמע.
M-3-facs_331_tr_1756058522-013	P-3-facs_331_tr_1756058522	3	facs_331_tr_1756058522	צוקערבערג-זילבערצווייג, צילע [טשיפּע באָיאָרסקי, צילע סילווער]	לעאָן צוקערבערג	זכר	אַקטיאָר	ער איז געווען איר ערשטער מאַן.
M-3-facs_331_tr_1756058522-014	P-3-facs_331_tr_1756058522	3	facs_331_tr_1756058522	צוקערבערג-זילבערצווייג, צילע [טשיפּע באָיאָרסקי, צילע סילווער]	מאָריס בראון	זכר	אַקטיאָר	ער איז געפאָרן מיט דער סוביעקט אויף אַ טור.
M-3-facs_331_tr_1756058522-015	P-3-facs_331_tr_1756058522	3	facs_331_tr_1756058522	צוקערבערג-זילבערצווייג, צילע [טשיפּע באָיאָרסקי, צילע סילווער]	ראָזע בראון	נקבה	אַקטיאָרן	זי איז געפאָרן מיט דער סוביעקט אויף אַ טור.
M-3-facs_331_tr_1756058522-016	P-3-facs_331_tr_1756058522	3	facs_331_tr_1756058522	צוקערבערג-זילבערצווייג, צילע [טשיפּע באָיאָרסקי, צילע סילווער]	מאָריס געלבער	זכר	אַקטיאָר	ער איז געפאָרן מיט דער סוביעקט אויף אַ טור.
M-3-facs_331_tr_1756058522-017	P-3-facs_331_tr_1756058522	3	facs_331_tr_1756058522	צוקערבערג-זילבערצווייג, צילע [טשיפּע באָיאָרסקי, צילע סילווער]	געניאַ געלבער	נקבה	אַקטיאָרן	זי איז געפאָרן מיט דער סוביעקט אויף אַ טור.
M-3-facs_331_tr_1756058522-018	P-3-facs_331_tr_1756058522	3	facs_331_tr_1756058522	צוקערבערג-זילבערצווייג, צילע [טשיפּע באָיאָרסקי, צילע סילווער]	אהרן אַלעקסאַנדראָוו	זכר	אַקטיאָר	ער איז געפאָרן מיט דער סוביעקט אויף אַ טור.
M-3-facs_331_tr_1756058522-019	P-3-facs_331_tr_1756058522	3	facs_331_tr_1756058522	צוקערבערג-זילבערצווייג, צילע [טשיפּע באָיאָרסקי, צילע סילווער]	משה שאָר	זכר		ער האָט אָנגאַזשירט די סוביעקט קיין באָלטימאָר.
M-3-facs_331_tr_1756058522-020	P-3-facs_331_tr_1756058522	3	facs_331_tr_1756058522	צוקערבערג-זילבערצווייג, צילע [טשיפּע באָיאָרסקי, צילע סילווער]	אַנשל שאָרס	זכר		די סוביעקט האָט אויפגעטרעטן אין זיין פּיעסע „דאָס יידישע מיידל“.
M-3-facs_331_tr_1756058522-021	P-3-facs_331_tr_1756058522	3	facs_331_tr_1756058522	צוקערבערג-זילבערצווייג, צילע [טשיפּע באָיאָרסקי, צילע סילווער]	קלאַראַ יאָנג	נקבה		די סוביעקט האָט געשפּילט מיט איר.
M-3-facs_331_tr_1756058522-022	P-3-facs_331_tr_1756058522	3	facs_331_tr_1756058522	צוקערבערג-זילבערצווייג, צילע [טשיפּע באָיאָרסקי, צילע סילווער]	לעאָן בלאַנק	זכר		די סוביעקט האָט געשפּילט מיט אים.
M-3-facs_331_tr_1756058522-023	P-3-facs_331_tr_1756058522	3	facs_331_tr_1756058522	צוקערבערג-זילבערצווייג, צילע [טשיפּע באָיאָרסקי, צילע סילווער]	גרושקאַס	זכר		די סוביעקט איז אַרויסגעטראָטן אויף זיין יידישער ראַדיאָ אין דעטראָיט.
M-3-facs_331_tr_1756058522-024	P-3-facs_331_tr_1756058522	3	facs_331_tr_1756058522	צוקערבערג-זילבערצווייג, צילע [טשיפּע באָיאָרסקי, צילע סילווער]	יוסף שעהנגאָלד	זכר	גאַסטראָלער	ער האָט געשפּילט מיט דער סוביעקט אין מעקסיקאָ.
M-3-facs_331_tr_1756058522-025	P-3-facs_331_tr_1756058522	3	facs_331_tr_1756058522	צוקערבערג-זילבערצווייג, צילע [טשיפּע באָיאָרסקי, צילע סילווער]	פֿרענציס אַדלער	נקבה	גאַסטראָלערן	זי האָט געשפּילט מיט דער סוביעקט אין מעקסיקאָ.
M-3-facs_331_tr_1756058522-026	P-3-facs_331_tr_1756058522	3	facs_331_tr_1756058522	צוקערבערג-זילבערצווייג, צילע [טשיפּע באָיאָרסקי, צילע סילווער]	יעקב גאָלדשטיין	זכר	גאַסטראָלער	ער האָט געשפּילט מיט דער סוביעקט אין מעקסיקאָ.
M-3-facs_331_tr_1756058522-027	P-3-facs_331_tr_1756058522	3	facs_331_tr_1756058522	צוקערבערג-זילבערצווייג, צילע [טשיפּע באָיאָרסקי, צילע סילווער]	שאַרלאָט גאָלדשטיין	נקבה	גאַסטראָלערן	זי האָט געשפּילט מיט דער סוביעקט אין מעקסיקאָ.
M-3-facs_331_tr_1756058522-028	P-3-facs_331_tr_1756058522	3	facs_331_tr_1756058522	צוקערבערג-זילבערצווייג, צילע [טשיפּע באָיאָרסקי, צילע סילווער]	יעקב זאַנגער	זכר	גאַסטראָלער	ער האָט געשפּילט מיט דער סוביעקט אין מעקסיקאָ.
M-3-facs_331_tr_1756058522-029	P-3-facs_331_tr_1756058522	3	facs_331_tr_1756058522	צוקערבערג-זילבערצווייג, צילע [טשיפּע באָיאָרסקי, צילע סילווער]	סילוויאַ פישמאַן	נקבה	גאַסטראָלערן	זי האָט געשפּילט מיט דער סוביעקט אין מעקסיקאָ.
M-3-facs_331_tr_1756058522-030	P-3-facs_331_tr_1756058522	3	facs_331_tr_1756058522	צוקערבערג-זילבערצווייג, צילע [טשיפּע באָיאָרסקי, צילע סילווער]	דזשאַנעט פּאַסקעוויטש	נקבה	גאַסטראָלערן	זי האָט געשפּילט מיט דער סוביעקט אין מעקסיקאָ.
M-3-facs_331_tr_1756058522-031	P-3-facs_331_tr_1756058522	3	facs_331_tr_1756058522	צוקערבערג-זילבערצווייג, צילע [טשיפּע באָיאָרסקי, צילע סילווער]	מאָריס קראָנער	זכר	גאַסטראָלער	ער האָט געשפּילט מיט דער סוביעקט אין מעקסיקאָ.
M-3-facs_331_tr_1756058522-032	P-3-facs_331_tr_1756058522	3	facs_331_tr_1756058522	צוקערבערג-זילבערצווייג, צילע [טשיפּע באָיאָרסקי, צילע סילווער]	בעטיפרענק	נקבה	גאַסטראָלערן	זי האָט געשפּילט מיט דער סוביעקט אין מעקסיקאָ.
M-3-facs_331_tr_1756058522-033	P-3-facs_331_tr_1756058522	3	facs_331_tr_1756058522	צוקערבערג-זילבערצווייג, צילע [טשיפּע באָיאָרסקי, צילע סילווער]	בנימין בלאַנק	זכר	גאַסטראָלער	ער האָט געשפּילט מיט דער סוביעקט אין מעקסיקאָ.
M-3-facs_331_tr_1756058522-034	P-3-facs_331_tr_1756058522	3	facs_331_tr_1756058522	צוקערבערג-זילבערצווייג, צילע [טשיפּע באָיאָרסקי, צילע סילווער]	אייב לאַקס	זכר	אַקטיאָר	ער האָט געשפּילט מיט דער סוביעקט אין מעקסיקאָ.
M-3-facs_331_tr_1756058522-035	P-3-facs_331_tr_1756058522	3	facs_331_tr_1756058522	צוקערבערג-זילבערצווייג, צילע [טשיפּע באָיאָרסקי, צילע סילווער]	יעקב בערלין	זכר	אַקטיאָר	ער האָט געשפּילט מיט דער סוביעקט אין מעקסיקאָ.
M-3-facs_331_tr_1756058522-036	P-3-facs_331_tr_1756058522	3	facs_331_tr_1756058522	צוקערבערג-זילבערצווייג, צילע [טשיפּע באָיאָרסקי, צילע סילווער]	זיגמונט טורקאָוו	זכר	אַקטיאָר	ער האָט געשפּילט מיט דער סוביעקט אין מעקסיקאָ.
M-3-facs_331_tr_1756058522-037	P-3-facs_331_tr_1756058522	3	facs_331_tr_1756058522	צוקערבערג-זילבערצווייג, צילע [טשיפּע באָיאָרסקי, צילע סילווער]	אכתר פּערלמאַן	נקבה	אַקטיאָרן	זי האָט געשפּילט מיט דער סוביעקט אין מעקסיקאָ.
M-3-facs_331_tr_1756058522-038	P-3-facs_331_tr_1756058522	3	facs_331_tr_1756058522	צוקערבערג-זילבערצווייג, צילע [טשיפּע באָיאָרסקי, צילע סילווער]	בעסי ראָבינאָוויטש	נקבה	ניי-אָנגעקומענע שוישפּילער	זי האָט געשפּילט מיט דער סוביעקט אין מעקסיקאָ.
M-3-facs_331_tr_1756058522-039	P-3-facs_331_tr_1756058522	3	facs_331_tr_1756058522	צוקערבערג-זילבערצווייג, צילע [טשיפּע באָיאָרסקי, צילע סילווער]	לעאָן ראָבינאָוויטש	זכר	ניי-אָנגעקומענע שוישפּילער	ער האָט געשפּילט מיט דער סוביעקט אין מעקסיקאָ.
M-3-facs_331_tr_1756058522-040	P-3-facs_331_tr_1756058522	3	facs_331_tr_1756058522	צוקערבערג-זילבערצווייג, צילע [טשיפּע באָיאָרסקי, צילע סילווער]	מלכה ראָבינאָוויטש	נקבה	ניי-אָנגעקומענע שוישפּילער	זי האָט געשפּילט מיט דער סוביעקט אין מעקסיקאָ.
M-3-facs_331_tr_1756058522-041	P-3-facs_331_tr_1756058522	3	facs_331_tr_1756058522	צוקערבערג-זילבערצווייג, צילע [טשיפּע באָיאָרסקי, צילע סילווער]	עטל דאָרף	נקבה	גאַסטראָלערן	די סוביעקט האָט זי געבראַכט קיין מעקסיקאָ.
M-3-facs_331_tr_1756058522-042	P-3-facs_331_tr_1756058522	3	facs_331_tr_1756058522	צוקערבערג-זילבערצווייג, צילע [טשיפּע באָיאָרסקי, צילע סילווער]	אייב דאָרף	זכר	גאַסטראָלער	די סוביעקט האָט אים געבראַכט קיין מעקסיקאָ.
M-3-facs_331_tr_1756058522-043	P-3-facs_331_tr_1756058522	3	facs_331_tr_1756058522	צוקערבערג-זילבערצווייג, צילע [טשיפּע באָיאָרסקי, צילע סילווער]	אַברהם טייטעלבוים	זכר	גאַסטראָלער	די סוביעקט האָט אים געבראַכט קיין מעקסיקאָ.
M-3-facs_331_tr_1756058522-044	P-3-facs_331_tr_1756058522	3	facs_331_tr_1756058522	צוקערבערג-זילבערצווייג, צילע [טשיפּע באָיאָרסקי, צילע סילווער]	איזידאָר מעלצער	זכר	גאַסטראָלער	די סוביעקט האָט אים געבראַכט קיין מעקסיקאָ.
M-3-facs_331_tr_1756058522-045	P-3-facs_331_tr_1756058522	3	facs_331_tr_1756058522	צוקערבערג-זילבערצווייג, צילע [טשיפּע באָיאָרסקי, צילע סילווער]	לודווייג זאַץ	זכר	גאַסטראָלער	די סוביעקט איז געווען זיין פּאַרטנערין אין דער קאָמעדיע און אָפּערעטע.
M-3-facs_331_tr_1756058522-046	P-3-facs_331_tr_1756058522	3	facs_331_tr_1756058522	צוקערבערג-זילבערצווייג, צילע [טשיפּע באָיאָרסקי, צילע סילווער]	ראָוז וואַלערשטיין	נקבה	גאַסטראָלערן	זי האָט געשפּילט מיט דער סוביעקט אין מעקסיקאָ.
M-3-facs_331_tr_1756058522-047	P-3-facs_331_tr_1756058522	3	facs_331_tr_1756058522	צוקערבערג-זילבערצווייג, צילע [טשיפּע באָיאָרסקי, צילע סילווער]	אָסקאַר אָסטראָוו	זכר	גאַסטראָלער	ער האָט געשפּילט מיט דער סוביעקט אין מעקסיקאָ.
M-3-facs_331_tr_1756058522-048	P-3-facs_331_tr_1756058522	3	facs_331_tr_1756058522	צוקערבערג-זילבערצווייג, צילע [טשיפּע באָיאָרסקי, צילע סילווער]	יעטאַ צווערלינג	נקבה	גאַסטראָלערן	זי האָט געשפּילט מיט דער סוביעקט אין מעקסיקאָ.
M-3-facs_331_tr_1756058522-049	P-3-facs_331_tr_1756058522	3	facs_331_tr_1756058522	צוקערבערג-זילבערצווייג, צילע [טשיפּע באָיאָרסקי, צילע סילווער]	סימאָר רעכטצייט	זכר	גאַסטראָלער	ער האָט געשפּילט מיט דער סוביעקט אין מעקסיקאָ.
M-3-facs_331_tr_1756058522-050	P-3-facs_331_tr_1756058522	3	facs_331_tr_1756058522	צוקערבערג-זילבערצווייג, צילע [טשיפּע באָיאָרסקי, צילע סילווער]	זלמן זילבערצווייג	זכר	רעזשיסאָר	ער איז דער צווייטער מאַן פֿון דער סוביעקט און האָט רעזשיסירט אירע אויפֿפֿירונגען.
M-3-facs_331_tr_1756058522-051	P-3-facs_331_tr_1756058522	3	facs_331_tr_1756058522	צוקערבערג-זילבערצווייג, צילע [טשיפּע באָיאָרסקי, צילע סילווער]	בינע אַבראַמאָוויטש	נקבה		די סוביעקט האָט פֿאַרעפנטלעכט אַ כאַראַקטער-שילדערונג פֿון איר.
M-3-facs_331_tr_1756058522-052	P-3-facs_331_tr_1756058522	3	facs_331_tr_1756058522	צוקערבערג-זילבערצווייג, צילע [טשיפּע באָיאָרסקי, צילע סילווער]	מרים קרעסין	נקבה		די סוביעקט האָט פֿאַרעפנטלעכט אַ כאַראַקטער-שילדערונג פֿון איר.
M-3-facs_331_tr_1756058522-053	P-3-facs_331_tr_1756058522	3	facs_331_tr_1756058522	צוקערבערג-זילבערצווייג, צילע [טשיפּע באָיאָרסקי, צילע סילווער]	אסתר הירשביין	נקבה		די סוביעקט האָט פֿאַרעפנטלעכט אַ כאַראַקטער-שילדערונג פֿון איר.
M-3-facs_331_tr_1756058522-054	P-3-facs_331_tr_1756058522	3	facs_331_tr_1756058522	צוקערבערג-זילבערצווייג, צילע [טשיפּע באָיאָרסקי, צילע סילווער]	פאַולינאַ קאָברין	נקבה		די סוביעקט האָט פֿאַרעפנטלעכט אַ כאַראַקטער-שילדערונג פֿון איר.
M-3-facs_331_tr_1756058522-055	P-3-facs_331_tr_1756058522	3	facs_331_tr_1756058522	צוקערבערג-זילבערצווייג, צילע [טשיפּע באָיאָרסקי, צילע סילווער]	מלכה לי	נקבה		די סוביעקט האָט פֿאַרעפנטלעכט אַ כאַראַקטער-שילדערונג פֿון איר.
M-3-facs_331_tr_1756058522-056	P-3-facs_331_tr_1756058522	3	facs_331_tr_1756058522	צוקערבערג-זילבערצווייג, צילע [טשיפּע באָיאָרסקי, צילע סילווער]	שפרה ווייס	נקבה		די סוביעקט האָט פֿאַרעפנטלעכט אַ כאַראַקטער-שילדערונג פֿון איר.
M-3-facs_331_tr_1756058522-057	P-3-facs_331_tr_1756058522	3	facs_331_tr_1756058522	צוקערבערג-זילבערצווייג, צילע [טשיפּע באָיאָרסקי, צילע סילווער]	עמאַ שעיווער	נקבה		די סוביעקט האָט פֿאַרעפנטלעכט אַ כאַראַקטער-שילדערונג פֿון איר.
M-3-facs_331_tr_1756058522-058	P-3-facs_331_tr_1756058522	3	facs_331_tr_1756058522	צוקערבערג-זילבערצווייג, צילע [טשיפּע באָיאָרסקי, צילע סילווער]	שושנה דאַמאָרי	נקבה		די סוביעקט האָט פֿאַרעפנטלעכט אַ כאַראַקטער-שילדערונג פֿון איר.
M-3-facs_331_tr_1756058522-059	P-3-facs_331_tr_1756058522	3	facs_331_tr_1756058522	צוקערבערג-זילבערצווייג, צילע [טשיפּע באָיאָרסקי, צילע סילווער]	פֿייגעלע פּאַניץ	נקבה		די סוביעקט האָט פֿאַרעפנטלעכט אַ כאַראַקטער-שילדערונג פֿון איר.
M-3-facs_331_tr_1756058522-060	P-3-facs_331_tr_1756058522	3	facs_331_tr_1756058522	צוקערבערג-זילבערצווייג, צילע [טשיפּע באָיאָרסקי, צילע סילווער]	בעסי טאָמאַשעווסקי	נקבה		די סוביעקט האָט פֿאַרעפנטלעכט אַ כאַראַקטער-שילדערונג פֿון איר.
M-3-facs_331_tr_1756058522-061	P-3-facs_331_tr_1756058522	3	facs_331_tr_1756058522	צוקערבערג-זילבערצווייג, צילע [טשיפּע באָיאָרסקי, צילע סילווער]	"ראָוז שמ""ר-באַטשעליס"	נקבה		די סוביעקט האָט פֿאַרעפנטלעכט אַ כאַראַקטער-שילדערונג פֿון איר.
M-3-facs_331_tr_1756058522-062	P-3-facs_331_tr_1756058522	3	facs_331_tr_1756058522	צוקערבערג-זילבערצווייג, צילע [טשיפּע באָיאָרסקי, צילע סילווער]	גוירטרוד בוירג	נקבה		די סוביעקט האָט פֿאַרעפנטלעכט אַ כאַראַקטער-שילדערונג פֿון איר.
M-3-facs_331_tr_1756058522-063	P-3-facs_331_tr_1756058522	3	facs_331_tr_1756058522	צוקערבערג-זילבערצווייג, צילע [טשיפּע באָיאָרסקי, צילע סילווער]	פעני עדעלמאַנס	נקבה	שרייבערין	די סוביעקט האָט אויפֿגעטרעטן אין דראַמאַטיזאַציעס פֿון איר בוך.
M-3-facs_331_tr_1756058522-064	P-3-facs_331_tr_1756058522	3	facs_331_tr_1756058522	צוקערבערג-זילבערצווייג, צילע [טשיפּע באָיאָרסקי, צילע סילווער]	פרץ הירשביינס	זכר	דראַמאַטורג	די סוביעקט האָט געשפּילט אין זיין פּיעסע.
M-3-facs_331_tr_1756058522-065	P-3-facs_331_tr_1756058522	3	facs_331_tr_1756058522	צוקערבערג-זילבערצווייג, צילע [טשיפּע באָיאָרסקי, צילע סילווער]	אַליהו טענענהאָלץ	זכר	רעזשיסאָר	ער האָט רעזשיסירט פּיעסן אין וועלכע די סוביעקט האָט געשפּילט.
M-3-facs_331_tr_1756058522-066	P-3-facs_331_tr_1756058522	3	facs_331_tr_1756058522	צוקערבערג-זילבערצווייג, צילע [טשיפּע באָיאָרסקי, צילע סילווער]	אָלקאַנס	זכר	דראַמאַטורג	די סוביעקט האָט געשפּילט אין זיין פּיעסע.
M-3-facs_331_tr_1756058522-067	P-3-facs_331_tr_1756058522	3	facs_331_tr_1756058522	צוקערבערג-זילבערצווייג, צילע [טשיפּע באָיאָרסקי, צילע סילווער]	משה שטראַסבערג	זכר	רעזשיסאָר	ער האָט רעזשיסירט א פּיעסע אין וועלכער די סוביעקט האָט געשפּילט.
M-3-facs_331_tr_1756058522-068	P-3-facs_331_tr_1756058522	3	facs_331_tr_1756058522	צוקערבערג-זילבערצווייג, צילע [טשיפּע באָיאָרסקי, צילע סילווער]	קאָברינס	זכר	דראַמאַטורג	די סוביעקט האָט געשפּילט אין זיין פּיעסע.
M-3-facs_331_tr_1756058522-069	P-3-facs_331_tr_1756058522	3	facs_331_tr_1756058522	צוקערבערג-זילבערצווייג, צילע [טשיפּע באָיאָרסקי, צילע סילווער]	בן צבי	זכר	פרעזידענט	די סוביעקט האָט רעקאָרדירט א געשפּרעך מיט אים.
M-3-facs_331_tr_1756058522-070	P-3-facs_331_tr_1756058522	3	facs_331_tr_1756058522	צוקערבערג-זילבערצווייג, צילע [טשיפּע באָיאָרסקי, צילע סילווער]	רחל ינאית	נקבה	פרוי פֿון בן צבי	די סוביעקט האָט רעקאָרדירט א געשפּרעך מיט איר.
M-3-facs_331_tr_1756058522-071	P-3-facs_331_tr_1756058522	3	facs_331_tr_1756058522	צוקערבערג-זילבערצווייג, צילע [טשיפּע באָיאָרסקי, צילע סילווער]	דר. יוריס	זכר	פֿירער פֿון ישוב	די סוביעקט האָט רעקאָרדירט א געשפּרעך מיט אים.
M-3-facs_331_tr_1756058522-072	P-3-facs_331_tr_1756058522	3	facs_331_tr_1756058522	צוקערבערג-זילבערצווייג, צילע [טשיפּע באָיאָרסקי, צילע סילווער]	זרובבל	זכר	פֿירער פֿון ישוב	די סוביעקט האָט רעקאָרדירט א געשפּרעך מיט אים.
M-3-facs_331_tr_1756058522-073	P-3-facs_331_tr_1756058522	3	facs_331_tr_1756058522	צוקערבערג-זילבערצווייג, צילע [טשיפּע באָיאָרסקי, צילע סילווער]	מ. צאָנין	זכר	פֿירער פֿון ישוב	די סוביעקט האָט רעקאָרדירט א געשפּרעך מיט אים.
M-3-facs_332_tr_1756058893-000	P-3-facs_332_tr_1756058893	3	facs_332_tr_1756058893	ליבגאָלד לעאָן	באַשע	נקבה	יידישע אַקטיאָרן	באַשע איז די מוטער פֿין דעם סוביעקט.
M-3-facs_332_tr_1756058893-001	P-3-facs_332_tr_1756058893	3	facs_332_tr_1756058893	ליבגאָלד לעאָן	זלמן ליבגאָלד	זכר	יידישע אַקטיאָרן, דירעקטאָר פון יידישן טעאַטער אין קראָקע און איבער דער גאַליצישער פּראָווינץ	זלמן ליבגאָלד איז דער פֿאָטער פֿין דעם סוביעקט.
M-3-facs_332_tr_1756058893-002	P-3-facs_332_tr_1756058893	3	facs_332_tr_1756058893	ליבגאָלד לעאָן	לילי ליליאַנאַ	נקבה	שוישפּילערין	לילי ליליאַנאַ איז די פרוי פֿין דעם סוביעקט.
M-3-facs_332_tr_1756058893-003	P-3-facs_332_tr_1756058893	3	facs_332_tr_1756058893	ליבגאָלד לעאָן	וואָלף יולין	זכר		וואָלף יולין איז דער מחבר פֿין דער באַאַרבעטונג פֿין פרץ הירשביינס גרינע פעלדער.
M-3-facs_332_tr_1756058893-004	P-3-facs_332_tr_1756058893	3	facs_332_tr_1756058893	ליבגאָלד לעאָן	פרץ הירשביין	זכר		פרץ הירשביין איז דער מחבר פֿין גרינע פעלדער.
M-3-facs_332_tr_1756058893-005	P-3-facs_332_tr_1756058893	3	facs_332_tr_1756058893	ליבגאָלד לעאָן	שלום סעקונדאָ	זכר		שלום סעקונדאָ איז דער קאָמפּאָזיטאָר פֿין דער מוזיק.
M-3-facs_332_tr_1756058893-006	P-3-facs_332_tr_1756058893	3	facs_332_tr_1756058893	ליבגאָלד לעאָן	מאַלי פיקאָן	נקבה		מאַלי פיקאָן האָט געשפּילט מיט דעם סוביעקט אין דעם פילם יידל מיטן פֿידל.
M-3-facs_332_tr_1756058893-007	P-3-facs_332_tr_1756058893	3	facs_332_tr_1756058893	ליבגאָלד לעאָן	מאָרעווסקי	זכר		מאָרעווסקי האָט געשפּילט מיט דעם סוביעקט אין דעם פילם דער דיבוק.
M-3-facs_332_tr_1756058893-008	P-3-facs_332_tr_1756058893	3	facs_332_tr_1756058893	ליבגאָלד לעאָן	מאָריס שוואָרץ	זכר		מאָריס שוואָרץ האָט געשפּילט מיט דעם סוביעקט אין דעם פילם טוביה דער מילכיקער.
M-3-facs_332_tr_1756058893-009	P-3-facs_332_tr_1756058893	3	facs_332_tr_1756058893	ליבגאָלד לעאָן	לייבעלע וואָלדמאַן	זכר	חזן	לייבעלע וואָלדמאַן האָט געשפּילט מיט דעם סוביעקט אין דעם פילם כל-נדרי.
M-3-facs_332_tr_1756058897-000	P-3-facs_332_tr_1756058897	3	facs_332_tr_1756058897	ליליאָנאַ, לילי	משה בראָדערזאָן	זכר	דיכטער	ער איז דער אָנפֿירער פֿון קליינקונסט-טעאַטער „אַראַראַט“.
M-3-facs_332_tr_1756058897-001	P-3-facs_332_tr_1756058897	3	facs_332_tr_1756058897	ליליאָנאַ, לילי	לעאָן ליבגאָלד	זכר	שוישפּילער	ער איז איר מאַן.
M-3-facs_332_tr_1756058897-002	P-3-facs_332_tr_1756058897	3	facs_332_tr_1756058897	ליליאָנאַ, לילי	אָנסקי	זכר		ער איז דער מחבר פֿון דער פּיעסע „דיבוק“.
M-3-facs_332_tr_1756058897-003	P-3-facs_332_tr_1756058897	3	facs_332_tr_1756058897	ליליאָנאַ, לילי	בען גיטלין	זכר		ער איז דער וואָס האָט געמאַכט דעם פֿילם „כל-נדרי“.
M-3-facs_332_tr_1756058884-000	P-3-facs_332_tr_1756058884	3	facs_332_tr_1756058884	קוסטין, סאָניאַ [קאָמפּאַנעעין]	פֿאָטער*	זכר	אַ נאָטאָר	דער פֿאָטער פֿון דער סוביעקט.
M-3-facs_332_tr_1756058884-001	P-3-facs_332_tr_1756058884	3	facs_332_tr_1756058884	קוסטין, סאָניאַ [קאָמפּאַנעעין]	מאַמען*	נקבה		די מאַמע פֿון דער סוביעקט.
M-3-facs_332_tr_1756058884-002	P-3-facs_332_tr_1756058884	3	facs_332_tr_1756058884	קוסטין, סאָניאַ [קאָמפּאַנעעין]	אַדאָלף קאָמפּאַנעעץ	זכר	טעאַטער-דירעקטאָר, שטיף-ברודער, אַקטיאָר	דער ברודער פֿון דער סוביעקט.
M-3-facs_332_tr_1756058884-003	P-3-facs_332_tr_1756058884	3	facs_332_tr_1756058884	קוסטין, סאָניאַ [קאָמפּאַנעעין]	זיין פֿאָטערס ברודער*	זכר		דער פֿאָטער פֿון דער סוביעקט.
M-3-facs_332_tr_1756058884-004	P-3-facs_332_tr_1756058884	3	facs_332_tr_1756058884	קוסטין, סאָניאַ [קאָמפּאַנעעין]	איר פֿאָטערס אַ ברודער*	זכר	אין יאָלטאָ, קרים	דער פֿעטער פֿון דער סוביעקט ביי וועמען זי איז אויפנעצויגן געוואָרן.
M-3-facs_332_tr_1756058884-005	P-3-facs_332_tr_1756058884	3	facs_332_tr_1756058884	קוסטין, סאָניאַ [קאָמפּאַנעעין]	שטיף-שוועסטער*	נקבה	אין אַקערמאַן	די שטיף-שוועסטער פֿון דער סוביעקט.
M-3-facs_332_tr_1756058884-006	P-3-facs_332_tr_1756058884	3	facs_332_tr_1756058884	קוסטין, סאָניאַ [קאָמפּאַנעעין]	אַברהם פישזאָן	זכר		א מיטגליד אין דער טרופּע וואו זי האָט געשפּילט.
M-3-facs_332_tr_1756058884-007	P-3-facs_332_tr_1756058884	3	facs_332_tr_1756058884	קוסטין, סאָניאַ [קאָמפּאַנעעין]	בערנשטיין	זכר		זי האָט געשפּילט ביי אים.
M-3-facs_332_tr_1756058884-008	P-3-facs_332_tr_1756058884	3	facs_332_tr_1756058884	קוסטין, סאָניאַ [קאָמפּאַנעעין]	ראַבינאָוויטש	זכר		זי האָט געשפּילט ביי אים.
M-3-facs_332_tr_1756058884-009	P-3-facs_332_tr_1756058884	3	facs_332_tr_1756058884	קוסטין, סאָניאַ [קאָמפּאַנעעין]	בעקערן	זכר		זי האָט געשפּילט ביי אים 5 יאָר.
M-3-facs_332_tr_1756058884-010	P-3-facs_332_tr_1756058884	3	facs_332_tr_1756058884	קוסטין, סאָניאַ [קאָמפּאַנעעין]	סאָלאָמאָן (שלמה) קוסטין	זכר	אַקטיאָר	דער מאַן פֿון דער סוביעקט.
M-3-facs_332_tr_1756058884-011	P-3-facs_332_tr_1756058884	3	facs_332_tr_1756058884	קוסטין, סאָניאַ [קאָמפּאַנעעין]	מאַלווינאַ סיעראָצקאַ (קאָמפּאַנעעץ)	נקבה	אַקטיאָרן, וואָס איז אומגעבראַכט געוואָרן מיט איר פֿאַמיליע דורך די נאַציס	די שוועסטער פֿון דער סוביעקט.
M-3-facs_332_tr_1756058884-012	P-3-facs_332_tr_1756058884	3	facs_332_tr_1756058884	קוסטין, סאָניאַ [קאָמפּאַנעעין]	קלאַראַ גאָטליב (גערשאַנאָוויטש)	נקבה	אַקטעריסע	די שוועגערין פֿון דער סוביעקט.
M-3-facs_333_tr_1756059823-000	P-3-facs_333_tr_1756059823	3	facs_333_tr_1756059823	פיעלד אסתר [קאָרנבליט]	פֿאָטער*	זכר	שענק-אייגנטימער, געווען אויך אַ בעל-תפילה, וואָס פלעגט זינגען מיט אַ כאָר	ער איז געווען איר פֿאָטער.
M-3-facs_333_tr_1756059823-001	P-3-facs_333_tr_1756059823	3	facs_333_tr_1756059823	פיעלד אסתר [קאָרנבליט]	מאַן*	זכר		ער איז געווען איר מאַן.
M-3-facs_333_tr_1756059823-002	P-3-facs_333_tr_1756059823	3	facs_333_tr_1756059823	פיעלד אסתר [קאָרנבליט]	וויינשטאָק	זכר	אַקטיאָר	ער האָט זי אַריינגענומען אין כאָר אין גליקמאַנס טעאַטער.
M-3-facs_333_tr_1756059823-003	P-3-facs_333_tr_1756059823	3	facs_333_tr_1756059823	פיעלד אסתר [קאָרנבליט]	רעגינע פּראַגער	נקבה		פ. האָט געזונגען אין כאָר בעת אירע פֿאָרשטעלונגען.
M-3-facs_333_tr_1756059823-004	P-3-facs_333_tr_1756059823	3	facs_333_tr_1756059823	פיעלד אסתר [קאָרנבליט]	בועז יאָנג	זכר		ער איז געווען איר קרוב.
M-3-facs_333_tr_1756059823-005	P-3-facs_333_tr_1756059823	3	facs_333_tr_1756059823	פיעלד אסתר [קאָרנבליט]	קלאַראַ יאנג	נקבה		זי איז געווען איר קרוב.
M-3-facs_333_tr_1756059823-006	P-3-facs_333_tr_1756059823	3	facs_333_tr_1756059823	פיעלד אסתר [קאָרנבליט]	בריע	זכר		ער איז געווען דער מחבר פֿון דער פּיעסע „דעמעדזש גודס“.
M-3-facs_333_tr_1756059823-007	P-3-facs_333_tr_1756059823	3	facs_333_tr_1756059823	פיעלד אסתר [קאָרנבליט]	קעני ליפּצין	נקבה	גאַסטראָלירנדיקער	פ. האָט מיט איר געשפּילט.
M-3-facs_333_tr_1756059823-008	P-3-facs_333_tr_1756059823	3	facs_333_tr_1756059823	פיעלד אסתר [קאָרנבליט]	עטל דאָרף	נקבה		זי איז אַרויסגעטראָטן צוזאַמען מיט פ. אין וואָדעוויל.
M-3-facs_333_tr_1756059823-009	P-3-facs_333_tr_1756059823	3	facs_333_tr_1756059823	פיעלד אסתר [קאָרנבליט]	בערטאָ קאַליש	נקבה		פ. האָט מיט איר געשפּילט אַ פֿאָרשטעלונג אין סט. לואיס.
M-3-facs_333_tr_1756059823-010	P-3-facs_333_tr_1756059823	3	facs_333_tr_1756059823	פיעלד אסתר [קאָרנבליט]	אַדאָלף גערטנער	זכר		פ. האָט ביי אים געשפּילט 12 יאָר אין שיקאַגאָ.
M-3-facs_333_tr_1756059823-011	P-3-facs_333_tr_1756059823	3	facs_333_tr_1756059823	פיעלד אסתר [קאָרנבליט]	מוני ווייזענפֿריינד (פּאָול מוני)	זכר		פ. האָט מיט אים געשפּילט.
M-3-facs_333_tr_1756059823-012	P-3-facs_333_tr_1756059823	3	facs_333_tr_1756059823	פיעלד אסתר [קאָרנבליט]	פֿאַולינאַ האָפמאַן	נקבה		פ. האָט מיט איר געשפּילט.
M-3-facs_333_tr_1756059823-013	P-3-facs_333_tr_1756059823	3	facs_333_tr_1756059823	פיעלד אסתר [קאָרנבליט]	אייב דאָרף	זכר		פ. האָט מיט אים געשפּילט.
M-3-facs_333_tr_1756059823-014	P-3-facs_333_tr_1756059823	3	facs_333_tr_1756059823	פיעלד אסתר [קאָרנבליט]	גערטלער	זכר		פ. האָט מיט אים געשפּילט.
M-3-facs_333_tr_1756059823-015	P-3-facs_333_tr_1756059823	3	facs_333_tr_1756059823	פיעלד אסתר [קאָרנבליט]	העניג	זכר		פ. האָט מיט אים געשפּילט.
M-3-facs_333_tr_1756059823-016	P-3-facs_333_tr_1756059823	3	facs_333_tr_1756059823	פיעלד אסתר [קאָרנבליט]	לואיס פֿריימאַן	זכר	פּיעסן-שרייבער	פ. האָט מיט אים געשפּילט.
M-3-facs_333_tr_1756059823-017	P-3-facs_333_tr_1756059823	3	facs_333_tr_1756059823	פיעלד אסתר [קאָרנבליט]	ס. ה. קאָן	זכר	פּיעסן-שרייבער	פ. האָט מיט אים געשפּילט.
M-3-facs_333_tr_1756059823-018	P-3-facs_333_tr_1756059823	3	facs_333_tr_1756059823	פיעלד אסתר [קאָרנבליט]	מנשה סקולניק	זכר	קאָמיקער	פ. האָט מיט אים געשפּילט.
M-3-facs_333_tr_1756059823-019	P-3-facs_333_tr_1756059823	3	facs_333_tr_1756059823	פיעלד אסתר [קאָרנבליט]	מר. פערקויף	זכר		פ. האָט מיט אים געשפּילט אין קליוולאַנד.
M-3-facs_333_tr_1756059823-020	P-3-facs_333_tr_1756059823	3	facs_333_tr_1756059823	פיעלד אסתר [קאָרנבליט]	מרס. פערקויף	נקבה		פ. האָט מיט איר געשפּילט אין קליוולאַנד.
M-3-facs_333_tr_1756059823-021	P-3-facs_333_tr_1756059823	3	facs_333_tr_1756059823	פיעלד אסתר [קאָרנבליט]	סעם גערשטענזאַנג	זכר		פ. האָט מיט אים געשפּילט.
M-3-facs_333_tr_1756059823-022	P-3-facs_333_tr_1756059823	3	facs_333_tr_1756059823	פיעלד אסתר [קאָרנבליט]	דיינע פֿיינמאַן	נקבה		פ. האָט מיט איר געשפּילט.
M-3-facs_333_tr_1756059823-023	P-3-facs_333_tr_1756059823	3	facs_333_tr_1756059823	פיעלד אסתר [קאָרנבליט]	מאַקס געביל	זכר	גאַסטראָלער	פ. האָט מיט אים געשפּילט.
M-3-facs_333_tr_1756059823-024	P-3-facs_333_tr_1756059823	3	facs_333_tr_1756059823	פיעלד אסתר [קאָרנבליט]	רודאָלף שילדקרויט	זכר	גאַסטראָלער	פ. האָט מיט אים געשפּילט.
M-3-facs_333_tr_1756059823-025	P-3-facs_333_tr_1756059823	3	facs_333_tr_1756059823	פיעלד אסתר [קאָרנבליט]	בלאַנק	זכר		פ. האָט מיט אים געשפּילט.
M-3-facs_333_tr_1756059823-026	P-3-facs_333_tr_1756059823	3	facs_333_tr_1756059823	פיעלד אסתר [קאָרנבליט]	מייק טאָמאַשעווסקי	זכר		פ. האָט געשפּילט אונטער זיין פאַרוואַלטונג.
M-3-facs_333_tr_1756059823-027	P-3-facs_333_tr_1756059823	3	facs_333_tr_1756059823	פיעלד אסתר [קאָרנבליט]	מאַקס ראָזענטאָל	זכר	דירעקציע	פ. האָט געשפּילט אונטער זיין דירעקציע.
M-3-facs_333_tr_1756059823-028	P-3-facs_333_tr_1756059823	3	facs_333_tr_1756059823	פיעלד אסתר [קאָרנבליט]	לואיס בירנבוים	זכר	דירעקציע	פ. האָט געשפּילט אונטער זיין דירעקציע.
M-3-facs_333_tr_1756059823-029	P-3-facs_333_tr_1756059823	3	facs_333_tr_1756059823	פיעלד אסתר [קאָרנבליט]	באָריס טאָמאַשעווסקי	זכר	גאַסטראָלער	פ. האָט מיט אים געשפּילט.
M-3-facs_333_tr_1756059823-030	P-3-facs_333_tr_1756059823	3	facs_333_tr_1756059823	פיעלד אסתר [קאָרנבליט]	רעגינע צוקערבערג	נקבה	גאַסטראָלער	פ. האָט מיט איר געשפּילט.
M-3-facs_333_tr_1756059823-031	P-3-facs_333_tr_1756059823	3	facs_333_tr_1756059823	פיעלד אסתר [קאָרנבליט]	נאָוויקאָוו	זכר		פ. האָט געשפּילט אונטער זיין פאַרוואַלטונג.
M-3-facs_333_tr_1756059823-032	P-3-facs_333_tr_1756059823	3	facs_333_tr_1756059823	פיעלד אסתר [קאָרנבליט]	באַראַץ	זכר		פ. האָט געשפּילט אונטער זיין פאַרוואַלטונג.
M-3-facs_333_tr_1756059823-033	P-3-facs_333_tr_1756059823	3	facs_333_tr_1756059823	פיעלד אסתר [קאָרנבליט]	הענריעטאַ שניצער	נקבה	הויפּט-ראָליסטין	פ. האָט מיט איר געשפּילט.
M-3-facs_333_tr_1756059823-034	P-3-facs_333_tr_1756059823	3	facs_333_tr_1756059823	פיעלד אסתר [קאָרנבליט]	אַנשל שאָר	זכר		פ. האָט ביי אים געשפּילט אין ברוקלינער „ליבערטי“-טעאַטער.
M-3-facs_333_tr_1756059823-035	P-3-facs_333_tr_1756059823	3	facs_333_tr_1756059823	פיעלד אסתר [קאָרנבליט]	לעאָן בלאַנק	זכר		זי איז געפאָרן שפּילן מיט אים.
M-3-facs_333_tr_1756059823-036	P-3-facs_333_tr_1756059823	3	facs_333_tr_1756059823	פיעלד אסתר [קאָרנבליט]	סעם אויערבאַך	זכר		פ. האָט געשפּילט אונטער זיין פאַרוואַלטונג.
M-3-facs_333_tr_1756059823-037	P-3-facs_333_tr_1756059823	3	facs_333_tr_1756059823	פיעלד אסתר [קאָרנבליט]	סיידי שעהנגאָלד	נקבה		פ. האָט געשפּילט אונטער איר פאַרוואַלטונג.
M-3-facs_333_tr_1756059823-038	P-3-facs_333_tr_1756059823	3	facs_333_tr_1756059823	פיעלד אסתר [קאָרנבליט]	דובינסקי	זכר		פ. האָט געשפּילט אונטער זיין פאַרוואַלטונג.
M-3-facs_333_tr_1756059823-039	P-3-facs_333_tr_1756059823	3	facs_333_tr_1756059823	פיעלד אסתר [קאָרנבליט]	וואָלף גאָלדפֿאַדען	זכר		פ. האָט געשפּילט אונטער זיין פאַרוואַלטונג.
M-3-facs_333_tr_1756059823-040	P-3-facs_333_tr_1756059823	3	facs_333_tr_1756059823	פיעלד אסתר [קאָרנבליט]	מעי סיימאָן	נקבה		פ. האָט געשפּילט אונטער איר פאַרוואַלטונג.
M-3-facs_333_tr_1756059823-041	P-3-facs_333_tr_1756059823	3	facs_333_tr_1756059823	פיעלד אסתר [קאָרנבליט]	פּסחקע בורשטיין	זכר	גאַסטראָלער	פ. האָט מיט אים געשפּילט.
M-3-facs_333_tr_1756059823-042	P-3-facs_333_tr_1756059823	3	facs_333_tr_1756059823	פיעלד אסתר [קאָרנבליט]	בעטי פֿרענק	נקבה	גאַסטראָלער	פ. האָט מיט איר געשפּילט.
M-3-facs_333_tr_1756059823-043	P-3-facs_333_tr_1756059823	3	facs_333_tr_1756059823	פיעלד אסתר [קאָרנבליט]	משה אוישער	זכר	גאַסטראָלער	פ. האָט מיט אים געשפּילט.
M-3-facs_333_tr_1756059823-044	P-3-facs_333_tr_1756059823	3	facs_333_tr_1756059823	פיעלד אסתר [קאָרנבליט]	פֿלאָרענס ווייס	נקבה	גאַסטראָלער	פ. האָט מיט איר געשפּילט.
M-3-facs_333_tr_1756059823-045	P-3-facs_333_tr_1756059823	3	facs_333_tr_1756059823	פיעלד אסתר [קאָרנבליט]	ליטמאַן	זכר		פ. האָט געשפּילט אונטער זיין פאַרוואַלטונג.
M-3-facs_333_tr_1756059823-046	P-3-facs_333_tr_1756059823	3	facs_333_tr_1756059823	פיעלד אסתר [קאָרנבליט]	גרובער	זכר		פ. האָט געשפּילט אונטער זיין פאַרוואַלטונג.
M-3-facs_333_tr_1756059823-047	P-3-facs_333_tr_1756059823	3	facs_333_tr_1756059823	פיעלד אסתר [קאָרנבליט]	שלום סעקונדאַ	זכר		ער האָט איר אַרויפֿגעבראַכט אויף דער ראַדיאָ.
M-3-facs_333_tr_1756059823-048	P-3-facs_333_tr_1756059823	3	facs_333_tr_1756059823	פיעלד אסתר [קאָרנבליט]	רומשינסקי	זכר		פ. האָט געשפּילט אין זיין אָפערעטע.
M-3-facs_333_tr_1756059823-049	P-3-facs_333_tr_1756059823	3	facs_333_tr_1756059823	פיעלד אסתר [קאָרנבליט]	יצחק פרענקל	זכר		פ. איז אויפֿגעטראָטן אין זיין פֿילם.
M-3-facs_333_tr_1756059823-050	P-3-facs_333_tr_1756059823	3	facs_333_tr_1756059823	פיעלד אסתר [קאָרנבליט]	סיימאָן וואולף	זכר		פ. איז אויפֿגעטראָטן אין זיין פֿילם.
M-3-facs_333_tr_1756059823-051	P-3-facs_333_tr_1756059823	3	facs_333_tr_1756059823	פיעלד אסתר [קאָרנבליט]	זון*	זכר	וויאַליניסט	ער איז געווען איר זון.
M-3-facs_333_tr_1756059823-052	P-3-facs_333_tr_1756059823	3	facs_333_tr_1756059823	פיעלד אסתר [קאָרנבליט]	זלמן זילבערצווייג	זכר		ער שילדערט איר אין דעם טעקסט.
M-3-facs_334_tr_1756105641-000	P-3-facs_334_tr_1756105641	3	facs_334_tr_1756105641	שושנה, ר	פֿאָטער*	male	אַ דאָקטאָר פֿון קרעמענטשוג	דער סוביעקט איז געבליבן אַ יתומה פֿון איר פֿאָטער.
M-3-facs_334_tr_1756105641-001	P-3-facs_334_tr_1756105641	3	facs_334_tr_1756105641	שושנה, ר	מאַמע*	female	אַן אָרעמער מאַמע	זי האָט דערצויגן דעם סוביעקט.
M-3-facs_334_tr_1756105641-002	P-3-facs_334_tr_1756105641	3	facs_334_tr_1756105641	שושנה, ר	מ. מ. טיטעלמאַן	male	רעזשיסאָר	ער איז געווען דער רעזשיסאָר פֿון איר אויפֿטריט אין אשס „גאָט פֿון נקמה“.
M-3-facs_334_tr_1756105641-003	P-3-facs_334_tr_1756105641	3	facs_334_tr_1756105641	שושנה, ר	י. ל. פרץ	male	מחבר	איר שפּיל האָט געצויגן די אויפֿמערקזאַמקייט און אָנערקענונג פֿון אים.
M-3-facs_334_tr_1756105641-004	P-3-facs_334_tr_1756105641	3	facs_334_tr_1756105641	שושנה, ר	לאַזאַר קאַהאַן	male	שרייבער, טעאַטראַל, רעדאַקטאָר און געזעלשאַפֿטלעכער טוער	ער איז געווען איר מאַן.
M-3-facs_334_tr_1756105641-005	P-3-facs_334_tr_1756105641	3	facs_334_tr_1756105641	שושנה, ר	יוליוס אַדלער	male	דירעקטאָר פֿון לאדזשער „סקאַלאַ“-טעאַטער	זי איז אָנגאַזשירט געוואָרן אין זיין טעאַטער.
M-3-facs_334_tr_1756105641-006	P-3-facs_334_tr_1756105641	3	facs_334_tr_1756105641	שושנה, ר	הערמאַן סיעראָצקי	male	דירעקטאָר פֿון לאדזשער „סקאַלאַ“-טעאַטער	ער איז געווען איינער פֿון די דירעקטאָרן אין טעאַטער וואו זי האָט געשפּילט.
M-3-facs_334_tr_1756105641-007	P-3-facs_334_tr_1756105641	3	facs_334_tr_1756105641	שושנה, ר	מאָריס לאַמפּע	male	שוישפּילער	זי האָט אָנגעפֿירט מיטן „סקאַלאַ“-טעאַטער אין וואַרשע צוזאַמען מיט אים.
M-3-facs_334_tr_1756105641-008	P-3-facs_334_tr_1756105641	3	facs_334_tr_1756105641	שושנה, ר	אפֿרים	male	סטודענט פֿון וואַרשעווער פּאָליטעכניקום	ער איז געווען איר זון.
M-3-facs_334_tr_1756105641-009	P-3-facs_334_tr_1756105641	3	facs_334_tr_1756105641	שושנה, ר	סאַמועל	male	סטודענט פֿון וואַרשעווער פּאָליטעכניקום	ער איז געווען איר זון.
M-3-facs_334_tr_1756105641-010	P-3-facs_334_tr_1756105641	3	facs_334_tr_1756105641	שושנה, ר	לילי	female	זינגערין	זי איז איר טאָכטער.
M-3-facs_336_tr_1756105932-000	P-3-facs_336_tr_1756105932	3	facs_336_tr_1756105932	קאַהאַן, לאַזאַר	פֿאַטער*	זכר		ער איז געווען דער פֿאַטער פֿון דעם סוביעקט.
M-3-facs_336_tr_1756105932-001	P-3-facs_336_tr_1756105932	3	facs_336_tr_1756105932	קאַהאַן, לאַזאַר	ר' שמעון כהן	זכר	מחבר פון „שער שמעון“ א. א., איז געווען מגיד און מורה-הוראָה, שפּעטער שטאָט-מגיד און רב אין מיטאָווא	ער איז געווען דער פֿאַטער פֿון דעם סוביעקט.
M-3-facs_336_tr_1756105932-002	P-3-facs_336_tr_1756105932	3	facs_336_tr_1756105932	קאַהאַן, לאַזאַר	ישעיה אוגער	זכר	רעדאַקטאָר	ער איז געווען דער רעדאַקטאָר פֿון דער צייטונג וואו דער סוביעקט האָט געאַרבעט.
M-3-facs_336_tr_1756105932-003	P-3-facs_336_tr_1756105932	3	facs_336_tr_1756105932	קאַהאַן, לאַזאַר	יואָל ענטין	זכר		דער סוביעקט האָט אָפּגעדרוקט אַ קריטיק וועגן זיין יידישער איבערזעצונג.
M-3-facs_336_tr_1756105932-004	P-3-facs_336_tr_1756105932	3	facs_336_tr_1756105932	קאַהאַן, לאַזאַר	איבסען	זכר	"מחבר פון ""גייסטער"""	ער איז געווען דער מחבר פֿון דער פּיעסע וואָס דער סוביעקט האָט רעצענזירט.
M-3-facs_336_tr_1756105932-005	P-3-facs_336_tr_1756105932	3	facs_336_tr_1756105932	קאַהאַן, לאַזאַר	ה. ד. נאָמבערג	זכר	ליטעראַרישער רעדאַקטאָר	ער איז געווען דער ליטעראַרישער רעדאַקטאָר פֿון דער צייטונג וואָס דער סוביעקט האָט געגרינדעט.
M-3-facs_336_tr_1756105932-006	P-3-facs_336_tr_1756105932	3	facs_336_tr_1756105932	קאַהאַן, לאַזאַר	פרוי*	נקבה		זי איז געווען די פרוי פֿון דעם סוביעקט.
M-3-facs_336_tr_1756105932-007	P-3-facs_336_tr_1756105932	3	facs_336_tr_1756105932	קאַהאַן, לאַזאַר	קאַרל שענהער	זכר	"מחבר פון „טייוולס-ווייב"""	דער סוביעקט האָט איבערגעזעצט זיין ווערק.
M-3-facs_336_tr_1756105932-008	P-3-facs_336_tr_1756105932	3	facs_336_tr_1756105932	קאַהאַן, לאַזאַר	שושנה	נקבה	די אַקטעריסע	זי איז געווען די פרוי פֿון דעם סוביעקט און אָנגעפֿירט מיט אים דעם טעאַטער.
M-3-facs_336_tr_1756105932-009	P-3-facs_336_tr_1756105932	3	facs_336_tr_1756105932	קאַהאַן, לאַזאַר	זלמן זילבערצווייג	זכר	רעדאַקטאָר	ער האָט צוזאַמען מיט דעם סוביעקט אַרויסגעגעבן און רעדאַקטירט אַ וואָכנבלאַט.
M-3-facs_336_tr_1756105932-010	P-3-facs_336_tr_1756105932	3	facs_336_tr_1756105932	קאַהאַן, לאַזאַר	פּראָפֿאַן	זכר	"מחבר פון דער פּיעסע „די רעטער פֿון מאָראַל"""	דער סוביעקט האָט איבערגעזעצט זיין פּיעסע.
M-3-facs_336_tr_1756105932-011	P-3-facs_336_tr_1756105932	3	facs_336_tr_1756105932	קאַהאַן, לאַזאַר	ש. דובנאָוו	זכר		לכבוד אים איז פֿאַרגעלומען אַ ליטעראַרישער אָוונט וואו דער סוביעקט האָט אויסגעטראָטן.
M-3-facs_336_tr_1756105932-012	P-3-facs_336_tr_1756105932	3	facs_336_tr_1756105932	קאַהאַן, לאַזאַר	משה עלבוים	זכר	דער שרייבער	ער האָט מיטגעווירקט אין דער וואָכנשריפט וואו דער סוביעקט איז געווען רעדאַקטאָר.
M-3-facs_336_tr_1756105932-013	P-3-facs_336_tr_1756105932	3	facs_336_tr_1756105932	קאַהאַן, לאַזאַר	יעקב פישמאַן	זכר		ער האָט מיטגעווירקט אין דער וואָכנשריפט וואו דער סוביעקט איז געווען רעדאַקטאָר.
M-3-facs_336_tr_1756105932-014	P-3-facs_336_tr_1756105932	3	facs_336_tr_1756105932	קאַהאַן, לאַזאַר	מלך ראָוויטש	זכר		ער האָט כאַראַקטעריזירט דעם סוביעקט אין זיין שריפט.
M-3-facs_336_tr_1756105932-015	P-3-facs_336_tr_1756105932	3	facs_336_tr_1756105932	קאַהאַן, לאַזאַר	ווייב*	נקבה		זי איז געווען די פרוי פֿון דעם סוביעקט.
M-3-facs_337_tr_1756106065-000	P-3-facs_337_tr_1756106065	3	facs_337_tr_1756106065	קאָהן, דזשייקעלע [יעקב]	פֿאָטער*	male	היטל-מאַכער	ער איז דער פֿאָטער פֿון דעם סוביעקט.
M-3-facs_337_tr_1756106065-001	P-3-facs_337_tr_1756106065	3	facs_337_tr_1756106065	קאָהן, דזשייקעלע [יעקב]	סעם קעסטין	male	אַקטיאָר	ער איז אַנטלאָפן פֿון שטוב צוזאַמען מיט דעם סוביעקט כדי צו שפּילן טעאַטער.
M-3-facs_337_tr_1756106065-002	P-3-facs_337_tr_1756106065	3	facs_337_tr_1756106065	קאָהן, דזשייקעלע [יעקב]	יעקב פראַנק	male	אַקטיאָר	ער איז אַנטלאָפן פֿון שטוב צוזאַמען מיט דעם סוביעקט כדי צו שפּילן טעאַטער.
M-3-facs_337_tr_1756106065-003	P-3-facs_337_tr_1756106065	3	facs_337_tr_1756106065	קאָהן, דזשייקעלע [יעקב]	אַדלער	male	אָנגעזעענסטער סטאַר	דער סוביעקט האָט געשפּילט מיט אים אין די וויכטיקסטע יידישע דראַמאַטישע טרופּעס.
M-3-facs_337_tr_1756106065-004	P-3-facs_337_tr_1756106065	3	facs_337_tr_1756106065	קאָהן, דזשייקעלע [יעקב]	קעסלער	male	אָנגעזעענסטער סטאַר	דער סוביעקט האָט געשפּילט מיט אים אין די וויכטיקסטע יידישע דראַמאַטישע טרופּעס.
M-3-facs_337_tr_1756106065-005	P-3-facs_337_tr_1756106065	3	facs_337_tr_1756106065	קאָהן, דזשייקעלע [יעקב]	ליפּצין	female	אָנגעזעענסטע סטאַר	דער סוביעקט האָט געשפּילט מיט איר אין די וויכטיקסטע יידישע דראַמאַטישע טרופּעס.
M-3-facs_337_tr_1756106065-006	P-3-facs_337_tr_1756106065	3	facs_337_tr_1756106065	קאָהן, דזשייקעלע [יעקב]	מייקל מינץ	male	דער מאַן פֿון קעני ליפּצין	נאָך זיין זעלבסטמאָרד איז דער סוביעקט געוואָרן דער ביזנעס-מענעדזשער פֿון זיין פרוי.
M-3-facs_337_tr_1756106065-007	P-3-facs_337_tr_1756106065	3	facs_337_tr_1756106065	קאָהן, דזשייקעלע [יעקב]	קעני ליפּצין	female	שוישפּילערין	דער סוביעקט איז געווען איר פּערזענלעכער ביזנעס-מענעדזשער און האָט געשפּילט מיט איר הויפּט-ראָלן.
M-3-facs_337_tr_1756106065-008	P-3-facs_337_tr_1756106065	3	facs_337_tr_1756106065	קאָהן, דזשייקעלע [יעקב]	י. גרובער	male	מענעדזשער פֿון פֿילאַדעלפֿיער אַרטש סטריט טעאַטער	ער איז געווען דער מענעדזשער פֿון דעם טעאַטער וווּ דער סוביעקט איז געווען בינע-דירעקטאָר.
M-3-facs_337_tr_1756106065-009	P-3-facs_337_tr_1756106065	3	facs_337_tr_1756106065	קאָהן, דזשייקעלע [יעקב]	צילע אַדלער	female	שוישפּילערין	זיין פרוי מיט וועמען ער האָט חתונה געהאַט אין 1931.
M-3-facs_337_tr_1756106065-010	P-3-facs_337_tr_1756106065	3	facs_337_tr_1756106065	קאָהן, דזשייקעלע [יעקב]	בערטאַ גערסטין	female	שוישפּילערין	אַ מיטגליד פֿון דער קאָאָפּעראַטיווער סטאָר-טרופּע וואָס דער סוביעקט האָט אָרגאַניזירט.
M-3-facs_337_tr_1756106065-011	P-3-facs_337_tr_1756106065	3	facs_337_tr_1756106065	קאָהן, דזשייקעלע [יעקב]	מישע גערמאַן	male	שוישפּילער	אַ מיטגליד פֿון דער קאָאָפּעראַטיווער סטאָר-טרופּע וואָס דער סוביעקט האָט אָרגאַניזירט.
M-3-facs_337_tr_1756106065-012	P-3-facs_337_tr_1756106065	3	facs_337_tr_1756106065	קאָהן, דזשייקעלע [יעקב]	לוסי גערמאַן	female	שוישפּילערין	אַ מיטגליד פֿון דער קאָאָפּעראַטיווער סטאָר-טרופּע וואָס דער סוביעקט האָט אָרגאַניזירט.
M-3-facs_337_tr_1756106065-013	P-3-facs_337_tr_1756106065	3	facs_337_tr_1756106065	קאָהן, דזשייקעלע [יעקב]	מנחם רובין	male	שוישפּילער	אַ מיטגליד פֿון דער קאָאָפּעראַטיווער סטאָר-טרופּע וואָס דער סוביעקט האָט אָרגאַניזירט.
M-3-facs_337_tr_1756106065-014	P-3-facs_337_tr_1756106065	3	facs_337_tr_1756106065	קאָהן, דזשייקעלע [יעקב]	מאַקס באָזשיק	male	שוישפּילער	אַ מיטגליד פֿון דער קאָאָפּעראַטיווער סטאָר-טרופּע וואָס דער סוביעקט האָט אָרגאַניזירט.
M-3-facs_337_tr_1756106065-015	P-3-facs_337_tr_1756106065	3	facs_337_tr_1756106065	קאָהן, דזשייקעלע [יעקב]	יצחק רויטבלום	male	שוישפּילער	אַ מיטגליד פֿון דער קאָאָפּעראַטיווער סטאָר-טרופּע וואָס דער סוביעקט האָט אָרגאַניזירט.
M-3-facs_337_tr_1756106065-016	P-3-facs_337_tr_1756106065	3	facs_337_tr_1756106065	קאָהן, דזשייקעלע [יעקב]	אוירווינג	male	קאַסירער און טעאַטער-פּראָדוסער	דער זון פֿון דעם סוביעקט פֿון זיין ערשטער הייראָט.
M-3-facs_337_tr_1756106065-017	P-3-facs_337_tr_1756106065	3	facs_337_tr_1756106065	קאָהן, דזשייקעלע [יעקב]	זין*	male		דער סוביעקט האָט געהאַט צוויי זין פֿון זיין ערשטער הייראָט.
M-3-facs_337_tr_1756106065-018	P-3-facs_337_tr_1756106065	3	facs_337_tr_1756106065	קאָהן, דזשייקעלע [יעקב]	בערטאָ קאַליש	female	פרויען-סטאַר	אַ פרויען-סטאַר מיט וועמען דער סוביעקט האָט געשפּילט הויפּט-ראָלן.
M-3-facs_337_tr_1756106065-019	P-3-facs_337_tr_1756106065	3	facs_337_tr_1756106065	קאָהן, דזשייקעלע [יעקב]	סעראַ אַדלער	female	פרויען-סטאַר	אַ פרויען-סטאַר מיט וועמען דער סוביעקט האָט געשפּילט הויפּט-ראָלן.
M-3-facs_338_tr_1756106571-000	P-3-facs_338_tr_1756106571	3	facs_338_tr_1756106571	ראַטבלום, ישראל	פֿאָטער *	זכר	קליינהענדלער	ער איז דער פֿאָטער פֿון דעם סוביעקט.
M-3-facs_338_tr_1756106571-001	P-3-facs_338_tr_1756106571	3	facs_338_tr_1756106571	ראַטבלום, ישראל	מוטער *	נקבה		זי איז די מוטער פֿון דעם סוביעקט.
M-3-facs_338_tr_1756106571-002	P-3-facs_338_tr_1756106571	3	facs_338_tr_1756106571	ראַטבלום, ישראל	עוזר גלאַנץ	זכר	פֿאָטער פֿון דיכטער א. גלאַנץ-לעיעלעס	ער איז געווען איינער פֿון די לערער פֿון דעם סוביעקט.
M-3-facs_338_tr_1756106571-003	P-3-facs_338_tr_1756106571	3	facs_338_tr_1756106571	ראַטבלום, ישראל	א. גלאַנץ-לעיעלעס	זכר	דיכטער	ער ווערט דערמאָנט ווי דער זון פֿון עוזר גלאַנץ.
M-3-facs_338_tr_1756106571-004	P-3-facs_338_tr_1756106571	3	facs_338_tr_1756106571	ראַטבלום, ישראל	גאָלדפֿאַדען	זכר		ער איז דער מחבר פֿון דער פּיעסע בר-כוכבא.
M-3-facs_338_tr_1756106571-005	P-3-facs_338_tr_1756106571	3	facs_338_tr_1756106571	ראַטבלום, ישראל	זלמן זילבערצווייג	זכר		דער סוביעקט האָט געשפּילט אין זיין האַלבפּראָפעסיאנעלע טרופּע.
M-3-facs_338_tr_1756106571-006	P-3-facs_338_tr_1756106571	3	facs_338_tr_1756106571	ראַטבלום, ישראל	קאָברין	זכר		ער איז דער מחבר פֿון יאַנקל בוילע.
M-3-facs_338_tr_1756106571-007	P-3-facs_338_tr_1756106571	3	facs_338_tr_1756106571	ראַטבלום, ישראל	מ. ד. וואַקסמאַן	זכר		דער סוביעקט האָט געשפּילט אין זיין טעאַטער.
M-3-facs_338_tr_1756106571-008	P-3-facs_338_tr_1756106571	3	facs_338_tr_1756106571	ראַטבלום, ישראל	אברהם מאָרעווסקי	זכר		דער סוביעקט האָט געשפּילט מיט אים אין קאָוונע.
M-3-facs_338_tr_1756106571-009	P-3-facs_338_tr_1756106571	3	facs_338_tr_1756106571	ראַטבלום, ישראל	מנחם רובין	זכר		דער סוביעקט האָט געשפּילט מיט אים אין קאָוונע.
M-3-facs_338_tr_1756106571-010	P-3-facs_338_tr_1756106571	3	facs_338_tr_1756106571	ראַטבלום, ישראל	צילע אַדלער	נקבה		דער סוביעקט האָט געשפּילט מיט איר אין קאָוונע.
M-3-facs_338_tr_1756106571-011	P-3-facs_338_tr_1756106571	3	facs_338_tr_1756106571	ראַטבלום, ישראל	מישע גערמאַן	זכר		דער סוביעקט האָט געשפּילט מיט אים אין קאָוונע.
M-3-facs_338_tr_1756106571-012	P-3-facs_338_tr_1756106571	3	facs_338_tr_1756106571	ראַטבלום, ישראל	לוסי גערמאַן	נקבה		דער סוביעקט האָט געשפּילט מיט איר אין קאָוונע.
M-3-facs_338_tr_1756106571-013	P-3-facs_338_tr_1756106571	3	facs_338_tr_1756106571	ראַטבלום, ישראל	יצחק רויטבלום	זכר	שוישפּילער	ער איז דער ברודער פֿון דעם סוביעקט.
M-3-facs_338_tr_1756106571-014	P-3-facs_338_tr_1756106571	3	facs_338_tr_1756106571	ראַטבלום, ישראל	אברהם סוצקווער	זכר	דיכטער	ער גיט איבער וועגן דעם סוביעקט אין זיין בוך פֿון ווילנער געטאָ.
M-3-facs_338_tr_1756106571-015	P-3-facs_338_tr_1756106571	3	facs_338_tr_1756106571	ראַטבלום, ישראל	ש. קאַטשערגינסקי	זכר		ער גיט איבער אַז דער סוביעקט איז אומגעקומען אין עסטלאַנד.
M-3-facs_338_tr_1756106571-016	P-3-facs_338_tr_1756106571	3	facs_338_tr_1756106571	ראַטבלום, ישראל	א. סעגאָל	זכר		ער האָט איבערגעגעבן אינפֿאָרמאַציע וועגן דעם סוביעקט צו דר. מאַרק דוואָרזשעצקי.
M-3-facs_338_tr_1756106571-017	P-3-facs_338_tr_1756106571	3	facs_338_tr_1756106571	ראַטבלום, ישראל	דר. מאַרק דוואָרזשעצקי	זכר		ער האָט באַקומען אינפֿאָרמאַציע וועגן דעם סוביעקט.
M-3-facs_338_tr_1756106571-018	P-3-facs_338_tr_1756106571	3	facs_338_tr_1756106571	ראַטבלום, ישראל	שבתי בלאַכער	זכר	אַקטיאָר	ער איז אומגעקומען צוזאַמען מיט דעם סוביעקט אין קאָנצענטראַציע-לאַגער קלאָאָגאָ.
M-3-facs_338_tr_1756106571-019	P-3-facs_338_tr_1756106571	3	facs_338_tr_1756106571	ראַטבלום, ישראל	קרעמער	זכר	אַקטיאָר	ער איז אומגעקומען צוזאַמען מיט דעם סוביעקט אין קאָנצענטראַציע-לאַגער קלאָאָגאָ.
M-3-facs_338_tr_1756106571-020	P-3-facs_338_tr_1756106571	3	facs_338_tr_1756106571	ראַטבלום, ישראל	דובינסקי	זכר	אַקטיאָר	ער איז אומגעקומען צוזאַמען מיט דעם סוביעקט אין קאָנצענטראַציע-לאַגער קלאָאָגאָ.
M-3-facs_338_tr_1756106571-021	P-3-facs_338_tr_1756106571	3	facs_338_tr_1756106571	ראַטבלום, ישראל	לייב ראָזענטאָל	זכר	טעקסטשרייבער	ער איז אומגעקומען צוזאַמען מיט דעם סוביעקט אין קאָנצענטראַציע-לאַגער קלאָאָגאָ.
M-3-facs_338_tr_1756106568-000	P-3-facs_338_tr_1756106568	3	facs_338_tr_1756106568	ראַטבלום [רויטבלום], יצחק	פֿאָטער*	זכר	אַ קליינהענדלער	דער פֿאָטער פֿון דעם סוביעקט.
M-3-facs_338_tr_1756106568-001	P-3-facs_338_tr_1756106568	3	facs_338_tr_1756106568	ראַטבלום [רויטבלום], יצחק	מוטער*	נקבה		די מוטער פֿון דעם סוביעקט.
M-3-facs_338_tr_1756106568-002	P-3-facs_338_tr_1756106568	3	facs_338_tr_1756106568	ראַטבלום [רויטבלום], יצחק	מלמד*	זכר		דער מלמד פֿון דעם סוביעקט.
M-3-facs_338_tr_1756106568-003	P-3-facs_338_tr_1756106568	3	facs_338_tr_1756106568	ראַטבלום [רויטבלום], יצחק	שטאַרק*	זכר	רעזשי — געברידער שטאַרק	איינער פֿון די רעזשיסאָרן פֿון אַ פּיעסע וואו דער סוביעקט האָט געשפּילט.
M-3-facs_338_tr_1756106568-004	P-3-facs_338_tr_1756106568	3	facs_338_tr_1756106568	ראַטבלום [רויטבלום], יצחק	שטאַרק*	זכר	רעזשי — געברידער שטאַרק	איינער פֿון די רעזשיסאָרן פֿון אַ פּיעסע וואו דער סוביעקט האָט געשפּילט.
M-3-facs_338_tr_1756106568-005	P-3-facs_338_tr_1756106568	3	facs_338_tr_1756106568	ראַטבלום [רויטבלום], יצחק	יעקב רעכטצייט	זכר		געשפּילט אינאיינעם מיט דעם סוביעקט.
M-3-facs_338_tr_1756106568-006	P-3-facs_338_tr_1756106568	3	facs_338_tr_1756106568	ראַטבלום [רויטבלום], יצחק	מענדל באָזשיקאָווסקי (איצט מאַקס באָזשיק)	זכר		געשפּילט אינאיינעם מיט דעם סוביעקט.
M-3-facs_338_tr_1756106568-007	P-3-facs_338_tr_1756106568	3	facs_338_tr_1756106568	ראַטבלום [רויטבלום], יצחק	ישראל ליכטענשטיין	זכר		דער סוביעקט איז געווען א מיטגליד אין א דראַמאַטישער גרופּע אונטער זיין השגחה.
M-3-facs_338_tr_1756106568-008	P-3-facs_338_tr_1756106568	3	facs_338_tr_1756106568	ראַטבלום [רויטבלום], יצחק	פּנחס גינגאָלד	זכר	דירעקציע פֿון יידישן לערער-סעמינאַר	דער סוביעקט האָט געלערנט אין דעם סעמינאַר אונטער זיין דירעקציע.
M-3-facs_338_tr_1756106568-009	P-3-facs_338_tr_1756106568	3	facs_338_tr_1756106568	ראַטבלום [רויטבלום], יצחק	מענדל עלקין	זכר		דער סוביעקט האָט געלערנט אין זיין דראַמ-שול.
M-3-facs_338_tr_1756106568-010	P-3-facs_338_tr_1756106568	3	facs_338_tr_1756106568	ראַטבלום [רויטבלום], יצחק	ריטשאַרד באָלעסלאָווסקי	זכר	קינסטלער	דער סוביעקט האָט געלערנט ביי אים.
M-3-facs_338_tr_1756106568-011	P-3-facs_338_tr_1756106568	3	facs_338_tr_1756106568	ראַטבלום [רויטבלום], יצחק	לאַזאַרעוו	זכר	פֿון מאָסקווער קונסט-טעאַטער	דער סוביעקט האָט געלערנט ביי אים.
M-3-facs_338_tr_1756106568-012	P-3-facs_338_tr_1756106568	3	facs_338_tr_1756106568	ראַטבלום [רויטבלום], יצחק	ניגער	זכר		דער סוביעקט האָט געלערנט ביי אים.
M-3-facs_338_tr_1756106568-013	P-3-facs_338_tr_1756106568	3	facs_338_tr_1756106568	ראַטבלום [רויטבלום], יצחק	דר. מוקדוני	זכר		דער סוביעקט האָט געלערנט ביי אים.
M-3-facs_338_tr_1756106568-014	P-3-facs_338_tr_1756106568	3	facs_338_tr_1756106568	ראַטבלום [רויטבלום], יצחק	דר. שאַצקי	זכר		דער סוביעקט האָט געלערנט ביי אים.
M-3-facs_338_tr_1756106568-015	P-3-facs_338_tr_1756106568	3	facs_338_tr_1756106568	ראַטבלום [רויטבלום], יצחק	פּראָפ. יודאַ יאָפע	זכר		דער סוביעקט האָט געלערנט ביי אים.
M-3-facs_338_tr_1756106568-016	P-3-facs_338_tr_1756106568	3	facs_338_tr_1756106568	ראַטבלום [רויטבלום], יצחק	רודאָלף שילדקרויט	זכר		דער סוביעקט האָט געשפּילט מיט אים אין זיין בראַנקסער טעאַטער.
M-3-facs_338_tr_1756106568-017	P-3-facs_338_tr_1756106568	3	facs_338_tr_1756106568	ראַטבלום [רויטבלום], יצחק	נחום צמח	זכר	פֿון הבימה-טעאַטער	דער סוביעקט האָט געשפּילט מיט זיין טייל פֿון הבימה-טעאַטער.
M-3-facs_338_tr_1756106568-018	P-3-facs_338_tr_1756106568	3	facs_338_tr_1756106568	ראַטבלום [רויטבלום], יצחק	באָריס גלאַגאָלין	זכר	רעזשיסאָר	דער סוביעקט האָט געשפּילט אין אַן אויפֿפֿירונג אונטער זיין רעזשי.
M-3-facs_338_tr_1756106568-019	P-3-facs_338_tr_1756106568	3	facs_338_tr_1756106568	ראַטבלום [רויטבלום], יצחק	בענאַ שניידער	נקבה	רעזשיסאָר	דער סוביעקט האָט געשפּילט אין אַן אויפֿפֿירונג אונטער איר רעזשי.
M-3-facs_338_tr_1756106568-020	P-3-facs_338_tr_1756106568	3	facs_338_tr_1756106568	ראַטבלום [רויטבלום], יצחק	מרים עליאס	נקבה		געשפּילט אינאיינעם מיט דעם סוביעקט.
M-3-facs_338_tr_1756106568-021	P-3-facs_338_tr_1756106568	3	facs_338_tr_1756106568	ראַטבלום [רויטבלום], יצחק	עגאַן ברעכער	זכר		דער סוביעקט האָט זיך באַטייליקט אין זיין אויפֿפֿירונג.
M-3-facs_338_tr_1756106568-022	P-3-facs_338_tr_1756106568	3	facs_338_tr_1756106568	ראַטבלום [רויטבלום], יצחק	מאָריס שוואַרץ	זכר		דער סוביעקט האָט געשפּילט אין זיין קונסט-טעאַטער.
M-3-facs_338_tr_1756106568-023	P-3-facs_338_tr_1756106568	3	facs_338_tr_1756106568	ראַטבלום [רויטבלום], יצחק	באָריס טאָמאַשעווסקי	זכר	רעזשיסאָר	דער סוביעקט האָט געשפּילט אין אַן אויפֿפֿירונג אונטער זיין רעזשי.
M-3-facs_338_tr_1756106568-024	P-3-facs_338_tr_1756106568	3	facs_338_tr_1756106568	ראַטבלום [רויטבלום], יצחק	יהודה בלייך	זכר	רעזשיסאָר	דער סוביעקט האָט געשפּילט אין אַן אויפֿפֿירונג אונטער זיין רעזשי.
M-3-facs_338_tr_1756106568-025	P-3-facs_338_tr_1756106568	3	facs_338_tr_1756106568	ראַטבלום [רויטבלום], יצחק	בן-עמי	זכר		געשפּילט אינאיינעם מיט דעם סוביעקט.
M-3-facs_338_tr_1756106568-026	P-3-facs_338_tr_1756106568	3	facs_338_tr_1756106568	ראַטבלום [רויטבלום], יצחק	מעסטל	זכר		געשפּילט אינאיינעם מיט דעם סוביעקט.
M-3-facs_338_tr_1756106568-027	P-3-facs_338_tr_1756106568	3	facs_338_tr_1756106568	ראַטבלום [רויטבלום], יצחק	מנחם רובין	זכר		געשפּילט אינאיינעם מיט דעם סוביעקט.
M-3-facs_338_tr_1756106568-028	P-3-facs_338_tr_1756106568	3	facs_338_tr_1756106568	ראַטבלום [רויטבלום], יצחק	באָזשיק	זכר		געשפּילט אינאיינעם מיט דעם סוביעקט.
M-3-facs_338_tr_1756106568-029	P-3-facs_338_tr_1756106568	3	facs_338_tr_1756106568	ראַטבלום [רויטבלום], יצחק	מישע גערמאַן	זכר		געשפּילט אינאיינעם מיט דעם סוביעקט.
M-3-facs_338_tr_1756106568-030	P-3-facs_338_tr_1756106568	3	facs_338_tr_1756106568	ראַטבלום [רויטבלום], יצחק	בערטאַ גערסטין	נקבה		געשפּילט אינאיינעם מיט דעם סוביעקט.
M-3-facs_338_tr_1756106568-031	P-3-facs_338_tr_1756106568	3	facs_338_tr_1756106568	ראַטבלום [רויטבלום], יצחק	צילע אַדלער	נקבה		געשפּילט אינאיינעם מיט דעם סוביעקט.
M-3-facs_338_tr_1756106568-032	P-3-facs_338_tr_1756106568	3	facs_338_tr_1756106568	ראַטבלום [רויטבלום], יצחק	פֿרענציס אַדלער	נקבה		געשפּילט אינאיינעם מיט דעם סוביעקט.
M-3-facs_338_tr_1756106568-033	P-3-facs_338_tr_1756106568	3	facs_338_tr_1756106568	ראַטבלום [רויטבלום], יצחק	לעאָן כאַראַז	זכר		געשפּילט אינאיינעם מיט דעם סוביעקט.
M-3-facs_338_tr_1756106568-034	P-3-facs_338_tr_1756106568	3	facs_338_tr_1756106568	ראַטבלום [רויטבלום], יצחק	סידני לומעט	זכר	ראָל יאָסעלע	געשפּילט די ראָל יאָסעלע אין אן אויפֿפֿירונג פֿון דעם סוביעקט.
M-3-facs_338_tr_1756106568-035	P-3-facs_338_tr_1756106568	3	facs_338_tr_1756106568	ראַטבלום [רויטבלום], יצחק	שלום סעקונדאַ	זכר	אָרקעסטער-דיריגענט	זיין אָרקעסטער האָט באַגלייט די אויפֿפֿירונגען פֿון דעם סוביעקט.
M-3-facs_338_tr_1756106568-036	P-3-facs_338_tr_1756106568	3	facs_338_tr_1756106568	ראַטבלום [רויטבלום], יצחק	יוסף רומשינסקי	זכר		האָט באַגלייט דעם סוביעקט אויף דער אָרגעל.
M-3-facs_338_tr_1756106568-037	P-3-facs_338_tr_1756106568	3	facs_338_tr_1756106568	ראַטבלום [רויטבלום], יצחק	אַברהם רייזען	זכר		דער סוביעקט האָט אויפֿגעפֿירט אַ קראַנץ פֿון זיינע שאַפֿונגען.
M-3-facs_338_tr_1756106568-038	P-3-facs_338_tr_1756106568	3	facs_338_tr_1756106568	ראַטבלום [רויטבלום], יצחק	לעאָן ליבגאָלד	זכר	שוישפּילער	געשפּילט אין אן אויפֿפֿירונג פֿון דעם סוביעקט.
M-3-facs_338_tr_1756106568-039	P-3-facs_338_tr_1756106568	3	facs_338_tr_1756106568	ראַטבלום [רויטבלום], יצחק	ח. בעז	זכר		צוזאַמענגעשטעלט אַן אויפֿפֿירונג מיט דעם סוביעקט.
M-3-facs_338_tr_1756106568-040	P-3-facs_338_tr_1756106568	3	facs_338_tr_1756106568	ראַטבלום [רויטבלום], יצחק	יצחק רויטבלום	זכר		צוזאַמענגעשטעלט אַן אויפֿפֿירונג מיט דעם סוביעקט.
M-3-facs_338_tr_1756106568-041	P-3-facs_338_tr_1756106568	3	facs_338_tr_1756106568	ראַטבלום [רויטבלום], יצחק	זאַהאַוואַ	נקבה	טאַנץ-קינסטלערין און טאַנץ-לערערין	די פרוי פֿון דעם סוביעקט.
M-3-facs_338_tr_1756106568-042	P-3-facs_338_tr_1756106568	3	facs_338_tr_1756106568	ראַטבלום [רויטבלום], יצחק	פֿייגעלע פּאַניץ	נקבה		זיך באַטייליקט אין דעם סוביעקטס אויפֿפֿירונגען.
M-3-facs_338_tr_1756106568-043	P-3-facs_338_tr_1756106568	3	facs_338_tr_1756106568	ראַטבלום [רויטבלום], יצחק	בלעקמאַן*	זכר	חזן	זיך באַטייליקט אין דעם סוביעקטס אויפֿפֿירונגען.
M-3-facs_338_tr_1756106568-044	P-3-facs_338_tr_1756106568	3	facs_338_tr_1756106568	ראַטבלום [רויטבלום], יצחק	קאַצמאַן*	זכר	חזן	זיך באַטייליקט אין דעם סוביעקטס אויפֿפֿירונגען.
M-3-facs_338_tr_1756106568-045	P-3-facs_338_tr_1756106568	3	facs_338_tr_1756106568	ראַטבלום [רויטבלום], יצחק	איזידאָר קעשיר	זכר		געשפּילט אינאיינעם מיט דעם סוביעקט אין א פילם.
M-3-facs_338_tr_1756106568-046	P-3-facs_338_tr_1756106568	3	facs_338_tr_1756106568	ראַטבלום [רויטבלום], יצחק	דוד אָפּאַטאָשו	זכר		געשפּילט אינאיינעם מיט דעם סוביעקט אין א פילם.
M-3-facs_338_tr_1756106568-047	P-3-facs_338_tr_1756106568	3	facs_338_tr_1756106568	ראַטבלום [רויטבלום], יצחק	העלען בעווערלי	נקבה		געשפּילט אינאיינעם מיט דעם סוביעקט אין א פילם.
M-3-facs_338_tr_1756106568-048	P-3-facs_338_tr_1756106568	3	facs_338_tr_1756106568	ראַטבלום [רויטבלום], יצחק	ישראל	זכר	יידישער שוישפּילער און איז אומגעבראַכט געוואָרן דורך די נאַציס	דער ברודער פֿון דעם סוביעקט.
M-3-facs_338_tr_1756106568-049	P-3-facs_338_tr_1756106568	3	facs_338_tr_1756106568	ראַטבלום [רויטבלום], יצחק	משה-יאָסל	זכר		דער זון פֿון דעם סוביעקט.
M-3-facs_340_tr_1756106824-000	P-3-facs_340_tr_1756106824	3	facs_340_tr_1756106824	זאַהאָוואַ, רוט [גאָלדשטיין)	פֿאָטער*	male	אָרטאָדאָקסישע עלטערן	דער סוביעקט איז געבוירן בײַ אים.
M-3-facs_340_tr_1756106824-001	P-3-facs_340_tr_1756106824	3	facs_340_tr_1756106824	זאַהאָוואַ, רוט [גאָלדשטיין)	מוטער*	female	אָרטאָדאָקסישע עלטערן	דער סוביעקט איז געבוירן בײַ איר.
M-3-facs_340_tr_1756106824-002	P-3-facs_340_tr_1756106824	3	facs_340_tr_1756106824	זאַהאָוואַ, רוט [גאָלדשטיין)	בוירט לאַרסאָן	male	טאַנץ-שולן	דער סוביעקט האָט שטודירט אין זײַן טאַנץ-שול.
M-3-facs_340_tr_1756106824-003	P-3-facs_340_tr_1756106824	3	facs_340_tr_1756106824	זאַהאָוואַ, רוט [גאָלדשטיין)	דאַנקאַן		טאַנץ-שולן	דער סוביעקט האָט שטודירט אין זײַן אָדער איר טאַנץ-שול.
M-3-facs_340_tr_1756106824-004	P-3-facs_340_tr_1756106824	3	facs_340_tr_1756106824	זאַהאָוואַ, רוט [גאָלדשטיין)	מערי וויגמאַן	female	טאַנץ-שולן	דער סוביעקט האָט שטודירט אין איר טאַנץ-שול.
M-3-facs_340_tr_1756106824-005	P-3-facs_340_tr_1756106824	3	facs_340_tr_1756106824	זאַהאָוואַ, רוט [גאָלדשטיין)	מאָריס שוואַרצס	male		דער סוביעקט האָט געטאַנצט אין מאָריס שוואַרצס אויפֿפֿירונגען.
M-3-facs_340_tr_1756106824-006	P-3-facs_340_tr_1756106824	3	facs_340_tr_1756106824	זאַהאָוואַ, רוט [גאָלדשטיין)	דוד הערמאַנס	male		דער סוביעקט האָט געטאַנצט אין דוד הערמאַנס אויפֿפֿירונג.
M-3-facs_340_tr_1756106824-007	P-3-facs_340_tr_1756106824	3	facs_340_tr_1756106824	זאַהאָוואַ, רוט [גאָלדשטיין)	מנחם רובינס	male		דער סוביעקט האָט אויפֿגעפֿירט די טענץ אין מנחם רובינס אייפֿפֿירונג.
M-3-facs_340_tr_1756106824-008	P-3-facs_340_tr_1756106824	3	facs_340_tr_1756106824	זאַהאָוואַ, רוט [גאָלדשטיין)	יצחק רייטבלום	male		דער סוביעקט האָט דורכגעפֿירט די כאָראַגראַפֿיע אין אַ ריי אויפֿפֿירונגען פֿון יצחק רייטבלום.
M-3-facs_340_tr_1756106824-009	P-3-facs_340_tr_1756106824	3	facs_340_tr_1756106824	זאַהאָוואַ, רוט [גאָלדשטיין)	כאַווער-פּאָווערס	male		דער סוביעקט האָט אויפֿגעפֿירט די טענץ צו כאַווער-פּאָווערס „זאָג נישט קיינמאָל“.
M-3-facs_340_tr_1756106824-010	P-3-facs_340_tr_1756106824	3	facs_340_tr_1756106824	זאַהאָוואַ, רוט [גאָלדשטיין)	מרדכי קאָפּלאַן	male	פּראָפעכאָר	ער האָט געשריבן אַ פֿאַרוואָרט צו דעם סוביעקטס בוך.
M-3-facs_340_tr_1756106830-000	P-3-facs_340_tr_1756106830	3	facs_340_tr_1756106830	פֿריינטליך-שעף, אָניטאָ [חנה]	פֿאָטער *	זכר	אַ כעמישער אינזשינער און אַרכיטעקט	ער איז דער פֿאָטער פֿון דעם סובייעקט.
M-3-facs_340_tr_1756106830-001	P-3-facs_340_tr_1756106830	3	facs_340_tr_1756106830	פֿריינטליך-שעף, אָניטאָ [חנה]	יאָדוויגאַ קרזשעמאָווסקאַ	נקבה	די פירערין פֿון דער גימנאַזיע	זי איז געווען די פירערין פֿון דער גימנאַזיע וואו דער סובייעקט האָט געלערנט.
M-3-facs_340_tr_1756106830-002	P-3-facs_340_tr_1756106830	3	facs_340_tr_1756106830	פֿריינטליך-שעף, אָניטאָ [חנה]	דוד הערמאַן	זכר	רעזשיסער	ער איז געווען דער רעזשיסער פֿון דער פֿאָרשטעלונג 'דיבוק'.
M-3-facs_340_tr_1756106830-003	P-3-facs_340_tr_1756106830	3	facs_340_tr_1756106830	פֿריינטליך-שעף, אָניטאָ [חנה]	אַדאָלף מעלצער	זכר	פירער פֿון דעם ווינטערטעאַטער אין קראָקע	ער איז געווען דער פירער פֿון דעם ווינטערטעאַטער וואו דער סובייעקט האָט געשפּילט.
M-3-facs_340_tr_1756106830-004	P-3-facs_340_tr_1756106830	3	facs_340_tr_1756106830	פֿריינטליך-שעף, אָניטאָ [חנה]	ה' פּאַלעפּאַדע	זכר	אַקטיאָר	ער איז אַן אַקטיאָר וואָס האָט געשפּילט מיט דעם סובייעקט.
M-3-facs_340_tr_1756106830-005	P-3-facs_340_tr_1756106830	3	facs_340_tr_1756106830	פֿריינטליך-שעף, אָניטאָ [חנה]	פרוי פּאַלעפּאַדע	נקבה	אַקטריסע	זי איז אַן אַקטריסע וואָס האָט געשפּילט מיט דעם סובייעקט.
M-3-facs_340_tr_1756106830-006	P-3-facs_340_tr_1756106830	3	facs_340_tr_1756106830	פֿריינטליך-שעף, אָניטאָ [חנה]	יצחק מעסטעל	זכר	אַקטיאָר	ער איז אַן אַקטיאָר וואָס האָט געשפּילט מיט דעם סובייעקט.
M-3-facs_340_tr_1756106830-007	P-3-facs_340_tr_1756106830	3	facs_340_tr_1756106830	פֿריינטליך-שעף, אָניטאָ [חנה]	גיזאַ היידען	נקבה	אַקטריסע	זי איז אַן אַקטריסע וואָס האָט געשפּילט מיט דעם סובייעקט.
M-3-facs_340_tr_1756106830-008	P-3-facs_340_tr_1756106830	3	facs_340_tr_1756106830	פֿריינטליך-שעף, אָניטאָ [חנה]	שלמה פריזאָמענט	זכר	אַקטיאָר	ער איז אַן אַקטיאָר וואָס האָט געשפּילט מיט דעם סובייעקט.
M-3-facs_340_tr_1756106830-009	P-3-facs_340_tr_1756106830	3	facs_340_tr_1756106830	פֿריינטליך-שעף, אָניטאָ [חנה]	מייזעל		אַקטיאָר	ער איז אַן אַקטיאָר וואָס האָט געשפּילט מיט דעם סובייעקט.
M-3-facs_340_tr_1756106830-010	P-3-facs_340_tr_1756106830	3	facs_340_tr_1756106830	פֿריינטליך-שעף, אָניטאָ [חנה]	הענריק טשערניצקי	זכר	פּוילישן דירעקטאָר	ער איז געווען אַ פּוילישער דירעקטאָר וואָס האָט אָנגאַזשירט דעם סובייעקט.
M-3-facs_340_tr_1756106830-011	P-3-facs_340_tr_1756106830	3	facs_340_tr_1756106830	פֿריינטליך-שעף, אָניטאָ [חנה]	פּראָפ. בינענשטיין	זכר	פּראָפעסאָר	ער האָט אינסטרומענטירט די אָפּערע 'קאַוואַלעריאַ רוסטיקאַנאַ' וואו דער סובייעקט האָט געשפּילט.
M-3-facs_340_tr_1756106830-012	P-3-facs_340_tr_1756106830	3	facs_340_tr_1756106830	פֿריינטליך-שעף, אָניטאָ [חנה]	ווינער	זכר		ער האָט אינסטרומענטירט די אָפּערע 'קאַוואַלעריאַ רוסטיקאַנאַ' וואו דער סובייעקט האָט געשפּילט.
M-3-facs_340_tr_1756106830-013	P-3-facs_340_tr_1756106830	3	facs_340_tr_1756106830	פֿריינטליך-שעף, אָניטאָ [חנה]	גערשאַנאָוויטש		אַקטיאָר	ער איז אַן אַקטיאָר וואָס האָט געשפּילט מיט דעם סובייעקט.
M-3-facs_340_tr_1756106830-014	P-3-facs_340_tr_1756106830	3	facs_340_tr_1756106830	פֿריינטליך-שעף, אָניטאָ [חנה]	סעם אַדלער	זכר	אַקטיאָר	ער איז אַן אַקטיאָר וואָס האָט געשפּילט מיט דעם סובייעקט.
M-3-facs_340_tr_1756106830-015	P-3-facs_340_tr_1756106830	3	facs_340_tr_1756106830	פֿריינטליך-שעף, אָניטאָ [חנה]	מאָריס בראון	זכר	פירער פֿון אַ יידישער טעאַטער-טרופּע	ער איז געווען דער פירער פֿון דער טעאַטער-טרופּע אין האַוואַנאַ וואו דער סובייעקט האָט געשפּילט.
M-3-facs_340_tr_1756106830-016	P-3-facs_340_tr_1756106830	3	facs_340_tr_1756106830	פֿריינטליך-שעף, אָניטאָ [חנה]	גינטער	זכר	פירער פֿון אַ יידישער טעאַטער-טרופּע	ער איז געווען דער פירער פֿון דער טעאַטער-טרופּע אין האַוואַנאַ וואו דער סובייעקט האָט געשפּילט.
M-3-facs_340_tr_1756106830-017	P-3-facs_340_tr_1756106830	3	facs_340_tr_1756106830	פֿריינטליך-שעף, אָניטאָ [חנה]	איזידאָר עפּשטיין	זכר	יידישער ראַדיאָ-פּראָגראַמיסט	דער סובייעקט איז אויפגעטראָטן אויף זיין ראַדיאָ-פּראָגראַם.
M-3-facs_340_tr_1756106830-018	P-3-facs_340_tr_1756106830	3	facs_340_tr_1756106830	פֿריינטליך-שעף, אָניטאָ [חנה]	פעני ריינהאַרד	נקבה	יידישע ראַדיאָ-פּראָגראַמיסטקע	דער סובייעקט איז אויפגעטראָטן אויף איר ראַדיאָ-פּראָגראַם.
M-3-facs_340_tr_1756106830-019	P-3-facs_340_tr_1756106830	3	facs_340_tr_1756106830	פֿריינטליך-שעף, אָניטאָ [חנה]	היימי פּריזאַנט	זכר	אַקטיאָר	ער איז אַן אַקטיאָר וואָס האָט געשפּילט מיט דעם סובייעקט אין לאָס אַנדזשעלעס.
M-3-facs_340_tr_1756106830-020	P-3-facs_340_tr_1756106830	3	facs_340_tr_1756106830	פֿריינטליך-שעף, אָניטאָ [חנה]	דעיוו שעף	זכר	פּיאַניסט	ער איז דער מאַן פֿון דעם סובייעקט.
M-3-facs_340_tr_1756106830-021	P-3-facs_340_tr_1756106830	3	facs_340_tr_1756106830	פֿריינטליך-שעף, אָניטאָ [חנה]	פּראָפ. קראָן	זכר	פּראָפעסאָר	ער האָט געגעבן דעם סובייעקט אַ סקאַלערשיפּ.
M-3-facs_340_tr_1756106830-022	P-3-facs_340_tr_1756106830	3	facs_340_tr_1756106830	פֿריינטליך-שעף, אָניטאָ [חנה]	אַרטוראַ קאַסיליאַ			ער האָט געגעבן דעם סובייעקט אַ סקאַלערשיפּ.
M-3-facs_340_tr_1756106830-023	P-3-facs_340_tr_1756106830	3	facs_340_tr_1756106830	פֿריינטליך-שעף, אָניטאָ [חנה]	ראָסע בעטאַנקורס	נקבה	אָרקעסטער-דיריגענטין	דער סובייעקט איז אויפגעטראָטן מיט איר אָרקעסטער.
M-3-facs_340_tr_1756106830-024	P-3-facs_340_tr_1756106830	3	facs_340_tr_1756106830	פֿריינטליך-שעף, אָניטאָ [חנה]	ראָמאָן אָריאַס	זכר	אָרקעסטער-דיריגענט	דער סובייעקט איז אויפגעטראָטן מיט זיין אָרקעסטער.
M-3-facs_340_tr_1756106830-025	P-3-facs_340_tr_1756106830	3	facs_340_tr_1756106830	פֿריינטליך-שעף, אָניטאָ [חנה]	דר. באַראַטאָוו	זכר	דאָקטאָר און קאָלעגע	ער איז געווען אַ קאָלעגע פֿון דעם סובייעקט.
M-3-facs_340_tr_1756106830-026	P-3-facs_340_tr_1756106830	3	facs_340_tr_1756106830	פֿריינטליך-שעף, אָניטאָ [חנה]	ווענדראף		קאָלעגע	ער איז געווען אַ קאָלעגע פֿון דעם סובייעקט.
M-3-facs_340_tr_1756106830-027	P-3-facs_340_tr_1756106830	3	facs_340_tr_1756106830	פֿריינטליך-שעף, אָניטאָ [חנה]	צמח		קאָלעגע	ער איז געווען אַ קאָלעגע פֿון דעם סובייעקט.
M-3-facs_340_tr_1756106830-028	P-3-facs_340_tr_1756106830	3	facs_340_tr_1756106830	פֿריינטליך-שעף, אָניטאָ [חנה]	אַליהן טענענהאָלץ	זכר	אַקטיאָר און קאָלעגע	ער איז געווען אַ קאָלעגע פֿון דעם סובייעקט.
M-3-facs_340_tr_1756106830-029	P-3-facs_340_tr_1756106830	3	facs_340_tr_1756106830	פֿריינטליך-שעף, אָניטאָ [חנה]	וואָלף גאָלדפֿאַדען	זכר	אַקטיאָר	ער איז געווען אַ קאָלעגע פֿון דעם סובייעקט.
M-3-facs_340_tr_1756106830-030	P-3-facs_340_tr_1756106830	3	facs_340_tr_1756106830	פֿריינטליך-שעף, אָניטאָ [חנה]	אַדאָלף פֿריימאַן	זכר	אַקטיאָר	ער איז געווען אַ קאָלעגע פֿון דעם סובייעקט.
M-3-facs_340_tr_1756106830-031	P-3-facs_340_tr_1756106830	3	facs_340_tr_1756106830	פֿריינטליך-שעף, אָניטאָ [חנה]	לעאָ פוקס	זכר	אַקטיאָר	ער איז געווען אַ קאָלעגע פֿון דעם סובייעקט.
M-3-facs_340_tr_1756106830-032	P-3-facs_340_tr_1756106830	3	facs_340_tr_1756106830	פֿריינטליך-שעף, אָניטאָ [חנה]	חיים טויבער	זכר	אַקטיאָר	ער איז געווען אַ קאָלעגע פֿון דעם סובייעקט.
M-3-facs_340_tr_1756106830-033	P-3-facs_340_tr_1756106830	3	facs_340_tr_1756106830	פֿריינטליך-שעף, אָניטאָ [חנה]	צילע סילווער	נקבה	אַקטריסע	זי איז געווען אַ קאָלעגע פֿון דעם סובייעקט.
M-3-facs_340_tr_1756106830-034	P-3-facs_340_tr_1756106830	3	facs_340_tr_1756106830	פֿריינטליך-שעף, אָניטאָ [חנה]	זילבערצווייג	זכר	ראַדיאָ-פירער	דער סובייעקט איז אויפגעטראָטן אויף זיין ראַדיאָ-פּראָגראַם.
M-3-facs_340_tr_1756106830-035	P-3-facs_340_tr_1756106830	3	facs_340_tr_1756106830	פֿריינטליך-שעף, אָניטאָ [חנה]	דוד פינסקי	זכר		דער סובייעקט האָט געאַרבעט פֿאַר דעם דוד פינסקי צווייג פֿון פֿאַרבאַנד.
M-3-facs_340_tr_1756106830-036	P-3-facs_340_tr_1756106830	3	facs_340_tr_1756106830	פֿריינטליך-שעף, אָניטאָ [חנה]	אַליהו טענענהאַלץ	זכר		דער סובייעקט איז געווען אין זיין יוביליי-קאָמיטעט.
M-3-facs_340_tr_1756106830-037	P-3-facs_340_tr_1756106830	3	facs_340_tr_1756106830	פֿריינטליך-שעף, אָניטאָ [חנה]	אסתר הירשביין-שומיאַטשער	נקבה		דער סובייעקט האָט געאַרבעט אין איר בוך-קאָמיטעט.
M-3-facs_341_tr_1756106971-000	P-3-facs_341_tr_1756106971	3	facs_341_tr_1756106971	לערער שפרה	משפּחה*			די משפּחה פֿון דעם סוביעקט.
M-3-facs_341_tr_1756106971-001	P-3-facs_341_tr_1756106971	3	facs_341_tr_1756106971	לערער שפרה	מרים לערער	פֿרוי	די שוישפּילערין	זי איז די שוועסטער פֿון דעם סוביעקט.
M-3-facs_341_tr_1756106971-002	P-3-facs_341_tr_1756106971	3	facs_341_tr_1756106971	לערער שפרה	באָריס טאָמאַשעווסקי	מאַן	גאַסטראָלירנדיקן	דער סוביעקט האָט אָנגעהויבן שפּילן קינדער-ראָלן מיט אים.
M-3-facs_341_tr_1756106971-003	P-3-facs_341_tr_1756106971	3	facs_341_tr_1756106971	לערער שפרה	יעקב באַטאַשאַנסקיס	מאַן		דער סוביעקט האָט זיך באַטייליקט אין זיין אויפֿפֿירונג.
M-3-facs_341_tr_1756106971-004	P-3-facs_341_tr_1756106971	3	facs_341_tr_1756106971	לערער שפרה	ל. מלאָך'ס	מאַן		דער סוביעקט האָט זיך באַטייליקט אין זיין פּיעסע.
M-3-facs_341_tr_1756106971-005	P-3-facs_341_tr_1756106971	3	facs_341_tr_1756106971	לערער שפרה	מרים קאַראָלאָוואָ-קאַמבאַראָוו	פֿרוי	גאַסטראָלערן	דער סוביעקט האָט אָנגעהויבן שפּילן יידיש מיט איר.
M-3-facs_341_tr_1756106971-006	P-3-facs_341_tr_1756106971	3	facs_341_tr_1756106971	לערער שפרה	משה אוישער	מאַן		דער סוביעקט האָט געשפּילט מיט אים.
M-3-facs_341_tr_1756106971-007	P-3-facs_341_tr_1756106971	3	facs_341_tr_1756106971	לערער שפרה	פֿלאָרענס ווייס	פֿרוי		דער סוביעקט האָט געשפּילט מיט איר.
M-3-facs_341_tr_1756106971-008	P-3-facs_341_tr_1756106971	3	facs_341_tr_1756106971	לערער שפרה	זיגמונט טורקאָוו	מאַן		דער סוביעקט האָט געשפּילט הויפּט-ראָלן מיט אים.
M-3-facs_341_tr_1756106971-009	P-3-facs_341_tr_1756106971	3	facs_341_tr_1756106971	לערער שפרה	יעקב בן עמי	מאַן	גאַסטראָלערן	דער סוביעקט האָט געשפּילט מיט אים.
M-3-facs_341_tr_1756106971-010	P-3-facs_341_tr_1756106971	3	facs_341_tr_1756106971	לערער שפרה	בערטאַ גערסטין	פֿרוי	גאַסטראָלערן	דער סוביעקט האָט געשפּילט מיט איר.
M-3-facs_341_tr_1756106971-011	P-3-facs_341_tr_1756106971	3	facs_341_tr_1756106971	לערער שפרה	לייוויקס	מאַן		דער סוביעקט האָט געשפּילט אין זיינע פּיעסן.
M-3-facs_341_tr_1756106971-012	P-3-facs_341_tr_1756106971	3	facs_341_tr_1756106971	לערער שפרה	סטרינדבערגס	מאַן		דער סוביעקט האָט געשפּילט אין זיין פּיעסע.
M-3-facs_341_tr_1756106971-013	P-3-facs_341_tr_1756106971	3	facs_341_tr_1756106971	לערער שפרה	סעמועל גאָלדענבורג	מאַן		ער האָט איר רעקאָמענדירט און זי האָט געשפּילט מיט אים.
M-3-facs_341_tr_1756106971-014	P-3-facs_341_tr_1756106971	3	facs_341_tr_1756106971	לערער שפרה	קאַלמאַנאָוויטשעס	מאַן		דער סוביעקט האָט געשפּילט אין זיין פּיעסע.
M-3-facs_341_tr_1756106971-015	P-3-facs_341_tr_1756106971	3	facs_341_tr_1756106971	לערער שפרה	מאָריס שוואַרץ	מאַן		דער סוביעקט האָט געשפּילט מיט אים.
M-3-facs_341_tr_1756106971-016	P-3-facs_341_tr_1756106971	3	facs_341_tr_1756106971	לערער שפרה	זינגערס	מאַן		דער סוביעקט האָט געשפּילט אין זיין פּיעסע.
M-3-facs_341_tr_1756106971-017	P-3-facs_341_tr_1756106971	3	facs_341_tr_1756106971	לערער שפרה	שלום אַשס	מאַן		דער סוביעקט האָט געשפּילט אין זיין פּיעסע.
M-3-facs_341_tr_1756106971-018	P-3-facs_341_tr_1756106971	3	facs_341_tr_1756106971	לערער שפרה	שלום עליכמס	מאַן		דער סוביעקט האָט געשפּילט אין זיינע פּיעסן.
M-3-facs_341_tr_1756106971-019	P-3-facs_341_tr_1756106971	3	facs_341_tr_1756106971	לערער שפרה	גאָלדבערג			ער האָט אָנגאַזשירט דעם סוביעקט אין ברוקלינער פּאַרקוועי-טעאַטער.
M-3-facs_341_tr_1756106971-020	P-3-facs_341_tr_1756106971	3	facs_341_tr_1756106971	לערער שפרה	דזשייקאָבס			ער האָט אָנגאַזשירט דעם סוביעקט אין ברוקלינער פּאַרקוועי-טעאַטער.
M-3-facs_341_tr_1756106971-021	P-3-facs_341_tr_1756106971	3	facs_341_tr_1756106971	לערער שפרה	בן-ציון וויטלער	מאַן		ער איז דער מאַן פֿון דעם סוביעקט און זי האָט מיט אים געשפּילט.
M-3-facs_341_tr_1756106971-022	P-3-facs_341_tr_1756106971	3	facs_341_tr_1756106971	לערער שפרה	מיכאָל מיכאַלעסקאָ	מאַן		דער סוביעקט האָט זיך באַטייליקט אין א פֿילם מיט אים.
M-3-facs_341_tr_1756106971-023	P-3-facs_341_tr_1756106971	3	facs_341_tr_1756106971	לערער שפרה	גוסטאָוו בערגער	מאַן		דער סוביעקט האָט זיך באַטייליקט אין א פֿילם מיט אים.
M-3-facs_341_tr_1756106971-024	P-3-facs_341_tr_1756106971	3	facs_341_tr_1756106971	לערער שפרה	הערמאַן יאַבלאָקאָווס	מאַן		דער סוביעקט האָט זיך באַטייליקט אין זיין אויפֿפֿירונג.
M-3-facs_341_tr_1756106971-025	P-3-facs_341_tr_1756106971	3	facs_341_tr_1756106971	לערער שפרה	בנימין רעסלערס	מאַן		דער סוביעקט האָט זיך באַטייליקט אין זיין פּיעסע.
M-3-facs_341_tr_1756106968-000	P-3-facs_341_tr_1756106968	3	facs_341_tr_1756106968	וויטלער, בן ציון	ר' אירע לאָקמאַן	זכר	גבאי ראשון ביים בעלזער רבי	ער איז געווען דער זיידע פֿונעם סוביעקט.
M-3-facs_341_tr_1756106968-001	P-3-facs_341_tr_1756106968	3	facs_341_tr_1756106968	וויטלער, בן ציון	בעלזער רבי	זכר		דער זיידע פֿונעם סוביעקט איז געווען זיין גבאי ראשון.
M-3-facs_341_tr_1756106968-002	P-3-facs_341_tr_1756106968	3	facs_341_tr_1756106968	וויטלער, בן ציון	יצחק דייטש	זכר		ער האָט דעם סוביעקט אַריינגענומען אין דער „פרייע יידישע פֿאָלקס-בינע“.
M-3-facs_341_tr_1756106968-003	P-3-facs_341_tr_1756106968	3	facs_341_tr_1756106968	וויטלער, בן ציון	משפּחה*			דער סוביעקט האָט ניט אָנגעגעבן זיין נאָמען צוליב מוראַ פֿאַר דער משפּחה.
M-3-facs_341_tr_1756106968-004	P-3-facs_341_tr_1756106968	3	facs_341_tr_1756106968	וויטלער, בן ציון	ראָבערט שטריקער	זכר	"אַרויסגעבער פֿון „ווינער מאָרגען-צייטונג"""	דער סוביעקט האָט מיטגעאַרבעט אין זיין וואָכנבלאַט.
M-3-facs_341_tr_1756106968-005	P-3-facs_341_tr_1756106968	3	facs_341_tr_1756106968	וויטלער, בן ציון	י. גאָלדפלוס	זכר		ער האָט צוזאַמען מיט דעם סוביעקט געעפֿנט די „יודישע קינסטלער שפּילע“ אין ווין.
M-3-facs_341_tr_1756106968-006	P-3-facs_341_tr_1756106968	3	facs_341_tr_1756106968	וויטלער, בן ציון	שלום ברין	זכר	רעזשיסער און אַקטיאָר	ער איז געווען אַ מיטגליד אין דער זעלבער טרופּע.
M-3-facs_341_tr_1756106968-007	P-3-facs_341_tr_1756106968	3	facs_341_tr_1756106968	וויטלער, בן ציון	לאָרקע גראַף	נקבה		זי איז געווען אַ מיטגליד אין דער זעלבער טרופּע.
M-3-facs_341_tr_1756106968-008	P-3-facs_341_tr_1756106968	3	facs_341_tr_1756106968	וויטלער, בן ציון	מינקע דייטש	נקבה		זי איז געווען אַ מיטגליד אין דער זעלבער טרופּע.
M-3-facs_341_tr_1756106968-009	P-3-facs_341_tr_1756106968	3	facs_341_tr_1756106968	וויטלער, בן ציון	בן-ציון סעגאַל	זכר		ער איז געווען אַ מיטגליד אין דער זעלבער טרופּע.
M-3-facs_341_tr_1756106968-010	P-3-facs_341_tr_1756106968	3	facs_341_tr_1756106968	וויטלער, בן ציון	רחל ווייסבערג	נקבה		זי איז געווען אַ מיטגליד אין דער זעלבער טרופּע.
M-3-facs_341_tr_1756106968-011	P-3-facs_341_tr_1756106968	3	facs_341_tr_1756106968	וויטלער, בן ציון	צעלניקער	זכר		ער איז געווען אַ מיטגליד אין דער זעלבער טרופּע.
M-3-facs_341_tr_1756106968-012	P-3-facs_341_tr_1756106968	3	facs_341_tr_1756106968	וויטלער, בן ציון	פעלדבוים	זכר		ער איז געווען אַ מיטגליד אין דער זעלבער טרופּע.
M-3-facs_341_tr_1756106968-013	P-3-facs_341_tr_1756106968	3	facs_341_tr_1756106968	וויטלער, בן ציון	באַשע ליבגאָלד	נקבה		זי איז געווען אַ מיטגליד אין דער זעלבער טרופּע.
M-3-facs_341_tr_1756106968-014	P-3-facs_341_tr_1756106968	3	facs_341_tr_1756106968	וויטלער, בן ציון	יצחק מייער	זכר		ער איז געווען אַ מיטגליד אין דער זעלבער טרופּע.
M-3-facs_341_tr_1756106968-015	P-3-facs_341_tr_1756106968	3	facs_341_tr_1756106968	וויטלער, בן ציון	מלך הערשקאָוויטש	זכר		ער איז געווען אַ מיטגליד אין דער זעלבער טרופּע.
M-3-facs_341_tr_1756106968-016	P-3-facs_341_tr_1756106968	3	facs_341_tr_1756106968	וויטלער, בן ציון	בערטאַ ראָזענבערג	נקבה		זי איז געווען אַ מיטגליד אין דער זעלבער טרופּע.
M-3-facs_341_tr_1756106968-017	P-3-facs_341_tr_1756106968	3	facs_341_tr_1756106968	וויטלער, בן ציון	עמיל פֿרידעם	זכר		ער איז געווען אַ מיטגליד אין דער זעלבער טרופּע.
M-3-facs_341_tr_1756106968-018	P-3-facs_341_tr_1756106968	3	facs_341_tr_1756106968	וויטלער, בן ציון	אַש	זכר		דער סוביעקט האָט געשפּילט אין זיין פּיעסע.
M-3-facs_341_tr_1756106968-019	P-3-facs_341_tr_1756106968	3	facs_341_tr_1756106968	וויטלער, בן ציון	אוליאַנאָווסקי	זכר	פּראָפעסאָר	דער סוביעקט האָט ביי אים געלערנט געזאַנג.
M-3-facs_341_tr_1756106968-020	P-3-facs_341_tr_1756106968	3	facs_341_tr_1756106968	וויטלער, בן ציון	פוקס	זכר	פּראָפעסאָר	דער סוביעקט האָט ביי אים געלערנט געזאַנג.
M-3-facs_341_tr_1756106968-021	P-3-facs_341_tr_1756106968	3	facs_341_tr_1756106968	וויטלער, בן ציון	עטאַ טאָפּאָל	נקבה		זי האָט מיט דעם סוביעקט געגאַסטראָלירט אין ריגע.
M-3-facs_341_tr_1756106968-022	P-3-facs_341_tr_1756106968	3	facs_341_tr_1756106968	וויטלער, בן ציון	וויליאַם סיגעל	זכר		דער סוביעקט האָט געשפּילט אין זיינע פּיעסן.
M-3-facs_341_tr_1756106968-023	P-3-facs_341_tr_1756106968	3	facs_341_tr_1756106968	וויטלער, בן ציון	י. שטשאָגאָל	זכר		דער סוביעקט האָט געשפּילט אין זיין פּיעסע.
M-3-facs_341_tr_1756106968-024	P-3-facs_341_tr_1756106968	3	facs_341_tr_1756106968	וויטלער, בן ציון	יצחק לעש	זכר		דער סוביעקט האָט געשפּילט אין זיין פּיעסע.
M-3-facs_341_tr_1756106968-025	P-3-facs_341_tr_1756106968	3	facs_341_tr_1756106968	וויטלער, בן ציון	זאָגראַניטשני	זכר		דער סוביעקט האָט געשפּילט אין זיין פּיעסע.
M-3-facs_341_tr_1756106968-026	P-3-facs_341_tr_1756106968	3	facs_341_tr_1756106968	וויטלער, בן ציון	וויטלער	זכר		דער סוביעקט האָט געשפּילט אין זיין פּיעסע.
M-3-facs_341_tr_1756106968-027	P-3-facs_341_tr_1756106968	3	facs_341_tr_1756106968	וויטלער, בן ציון	עפּשטיין	זכר		דער סוביעקט האָט געשפּילט אין זיין פּיעסע.
M-3-facs_341_tr_1756106968-028	P-3-facs_341_tr_1756106968	3	facs_341_tr_1756106968	וויטלער, בן ציון	ישראל ראָזענבערג	זכר		דער סוביעקט האָט געשפּילט אין זיין פּיעסע.
M-3-facs_341_tr_1756106968-029	P-3-facs_341_tr_1756106968	3	facs_341_tr_1756106968	וויטלער, בן ציון	יוסף מאַרקאָוויטש	זכר		דער סוביעקט האָט געשפּילט אין זיין פּיעסע.
M-3-facs_341_tr_1756106968-030	P-3-facs_341_tr_1756106968	3	facs_341_tr_1756106968	וויטלער, בן ציון	ז. ליבין	זכר		דער סוביעקט האָט געשפּילט אין זיין פּיעסע.
M-3-facs_341_tr_1756106968-031	P-3-facs_341_tr_1756106968	3	facs_341_tr_1756106968	וויטלער, בן ציון	שלום עליכם	זכר		דער סוביעקט האָט געשפּילט אין זיין פּיעסע.
M-3-facs_341_tr_1756106968-032	P-3-facs_341_tr_1756106968	3	facs_341_tr_1756106968	וויטלער, בן ציון	אַנסקי	זכר		דער סוביעקט האָט געשפּילט אין זיין פּיעסע.
M-3-facs_341_tr_1756106968-033	P-3-facs_341_tr_1756106968	3	facs_341_tr_1756106968	וויטלער, בן ציון	גאָרדין	זכר		דער סוביעקט האָט געשפּילט אין זיין פּיעסע.
M-3-facs_341_tr_1756106968-034	P-3-facs_341_tr_1756106968	3	facs_341_tr_1756106968	וויטלער, בן ציון	דוד פינסקי	זכר		דער סוביעקט האָט געשפּילט אין זיין פּיעסע.
M-3-facs_341_tr_1756106968-035	P-3-facs_341_tr_1756106968	3	facs_341_tr_1756106968	וויטלער, בן ציון	נינאַ טאַלינא	נקבה	פּרימאַדאָנאַ	זי האָט מיט דעם סוביעקט אויפֿגעטראָטן אין ריגע.
M-3-facs_341_tr_1756106968-036	P-3-facs_341_tr_1756106968	3	facs_341_tr_1756106968	וויטלער, בן ציון	אָסקאַר אָסטראָף	זכר		דער סוביעקט האָט געשפּילט אין זיין פּיעסע.
M-3-facs_341_tr_1756106968-037	P-3-facs_341_tr_1756106968	3	facs_341_tr_1756106968	וויטלער, בן ציון	י. פֿרידמאַן	זכר		דער סוביעקט האָט געשפּילט אין זיין פּיעסע.
M-3-facs_341_tr_1756106968-038	P-3-facs_341_tr_1756106968	3	facs_341_tr_1756106968	וויטלער, בן ציון	געביל	זכר		דער סוביעקט האָט געשפּילט אין זיין פּיעסע.
M-3-facs_341_tr_1756106968-039	P-3-facs_341_tr_1756106968	3	facs_341_tr_1756106968	וויטלער, בן ציון	עדות	זכר		דער סוביעקט האָט געשפּילט אין זיין פּיעסע.
M-3-facs_341_tr_1756106968-040	P-3-facs_341_tr_1756106968	3	facs_341_tr_1756106968	וויטלער, בן ציון	מיכאָל צוויק	זכר		דער סוביעקט האָט געשפּילט אין אַ פּיעסע לויט זיין ראָמאַן.
M-3-facs_341_tr_1756106968-041	P-3-facs_341_tr_1756106968	3	facs_341_tr_1756106968	וויטלער, בן ציון	א. אַסטראָף	זכר	דירעקציע	דער סוביעקט האָט געשפּילט אין שיקאַגאָ אינטער זיין דירעקציע.
M-3-facs_341_tr_1756106968-042	P-3-facs_341_tr_1756106968	3	facs_341_tr_1756106968	וויטלער, בן ציון	משה נעסטאָר	זכר	דירעקציע	דער סוביעקט האָט געשפּילט אין שיקאַגאָ אינטער זיין דירעקציע.
M-3-facs_341_tr_1756106968-043	P-3-facs_341_tr_1756106968	3	facs_341_tr_1756106968	וויטלער, בן ציון	קאַלמאַנאָוויטש	זכר		דער סוביעקט האָט אויפֿגעפֿירט זיין פּיעסע אין בוענאָס איירעס.
M-3-facs_341_tr_1756106968-044	P-3-facs_341_tr_1756106968	3	facs_341_tr_1756106968	וויטלער, בן ציון	דר. וואָלף הערצאָג	זכר		דער סוביעקט האָט אויפֿגעפֿירט זיין פּיעסע אין בוענאָס איירעס.
M-3-facs_341_tr_1756106968-045	P-3-facs_341_tr_1756106968	3	facs_341_tr_1756106968	וויטלער, בן ציון	משה רובין	זכר		דער סוביעקט האָט אויפֿגעפֿירט זיין פּיעסע אין בוענאָס איירעס.
M-3-facs_341_tr_1756106968-046	P-3-facs_341_tr_1756106968	3	facs_341_tr_1756106968	וויטלער, בן ציון	שפרה לערער	נקבה	אַרגענטינערגעבוירענע יידישע שוישפּילערין	זי איז זיין פֿרוי און ער האָט מיט איר געגאַסטראָלירט.
M-3-facs_341_tr_1756106968-047	P-3-facs_341_tr_1756106968	3	facs_341_tr_1756106968	וויטלער, בן ציון	שרה לערער	נקבה		זי האָט מיט אים געגאַסטראָלירט אין לאָנדאָן.
M-3-facs_341_tr_1756106968-048	P-3-facs_341_tr_1756106968	3	facs_341_tr_1756106968	וויטלער, בן ציון	ל. פֿריימאַן	זכר		דער סוביעקט האָט אויפֿגעפֿירט זיין פּיעסע.
M-3-facs_341_tr_1756106968-049	P-3-facs_341_tr_1756106968	3	facs_341_tr_1756106968	וויטלער, בן ציון	יאַבלאָקאָוו	זכר		דער סוביעקט האָט זיך באַטייליקט אין זיין אויפֿפֿירונג.
M-3-facs_341_tr_1756106968-050	P-3-facs_341_tr_1756106968	3	facs_341_tr_1756106968	וויטלער, בן ציון	רעסלער	זכר		דער סוביעקט האָט זיך באַטייליקט אין זיין פּיעסע.
M-3-facs_341_tr_1756106968-051	P-3-facs_341_tr_1756106968	3	facs_341_tr_1756106968	וויטלער, בן ציון	ה. האָפענבערג	זכר		דער סוביעקט האָט אויפֿגעפֿירט זיינע פּיעסן.
M-3-facs_341_tr_1756106968-052	P-3-facs_341_tr_1756106968	3	facs_341_tr_1756106968	וויטלער, בן ציון	ה. קאַמאַנאָוויטש	זכר		דער סוביעקט האָט געשפּילט אַ באַאַרבעטונג לויט אים.
M-3-facs_342_tr_1756107070-000	P-3-facs_342_tr_1756107070	3	facs_342_tr_1756107070	ביראָ, פעלאַ [פֿיינרייך]	* עלטערע ברידער	זכר		דורך אירע עלטערע ברידער איז זי דערנענטערט געוואָרן צו דער מאָדערנער יידישער ליטעראַטור.
M-3-facs_342_tr_1756107070-001	P-3-facs_342_tr_1756107070	3	facs_342_tr_1756107070	ביראָ, פעלאַ [פֿיינרייך]	גאָרדין	זכר		זי האָט געשפּילט אין זיינע פּיעסן.
M-3-facs_342_tr_1756107070-002	P-3-facs_342_tr_1756107070	3	facs_342_tr_1756107070	ביראָ, פעלאַ [פֿיינרייך]	שמואָל פראַנק	זכר		זי האָט געשפּילט אונטער זיין רעזשי.
M-3-facs_342_tr_1756107070-003	P-3-facs_342_tr_1756107070	3	facs_342_tr_1756107070	ביראָ, פעלאַ [פֿיינרייך]	הערשקאָוויטש	זכר	אַקטיאָרן	זי איז אויפֿגעטראָטן מיט אים אין „ליראַ“.
M-3-facs_342_tr_1756107070-004	P-3-facs_342_tr_1756107070	3	facs_342_tr_1756107070	ביראָ, פעלאַ [פֿיינרייך]	לאָשקאָווסקאַ	נקבה	אַקטיאָרן	זי איז אויפֿגעטראָטן מיט איר אין „ליראַ“.
M-3-facs_342_tr_1756107070-005	P-3-facs_342_tr_1756107070	3	facs_342_tr_1756107070	ביראָ, פעלאַ [פֿיינרייך]	צימבאַליסט	זכר	אַקטיאָרן	זי איז אויפֿגעטראָטן מיט אים אין „ליראַ“.
M-3-facs_342_tr_1756107070-006	P-3-facs_342_tr_1756107070	3	facs_342_tr_1756107070	ביראָ, פעלאַ [פֿיינרייך]	אייזענבערג	זכר	אַקטיאָרן	זי איז אויפֿגעטראָטן מיט אים אין „ליראַ“.
M-3-facs_342_tr_1756107070-007	P-3-facs_342_tr_1756107070	3	facs_342_tr_1756107070	ביראָ, פעלאַ [פֿיינרייך]	גליקמאַן	זכר	אַקטיאָרן	זי איז אויפֿגעטראָטן מיט אים אין „ליראַ“.
M-3-facs_342_tr_1756107070-008	P-3-facs_342_tr_1756107070	3	facs_342_tr_1756107070	ביראָ, פעלאַ [פֿיינרייך]	ראָזענצווייג	נקבה	סוברעטין	זי איז אויפֿגעטראָטן מיט איר אין קינאָ-טעאַטער „טעאַטער פאַריסקי“.
M-3-facs_342_tr_1756107070-009	P-3-facs_342_tr_1756107070	3	facs_342_tr_1756107070	ביראָ, פעלאַ [פֿיינרייך]	משה זילבערקאַסטען	זכר		זי האָט זיך באַטייליקט מיט אים אין פּאַולאַ ר.'ס פּיעסע „די ירושה“.
M-3-facs_342_tr_1756107070-010	P-3-facs_342_tr_1756107070	3	facs_342_tr_1756107070	ביראָ, פעלאַ [פֿיינרייך]	קאַרל צימבאַליסט	זכר		זי האָט זיך באַטייליקט מיט אים אין פּאַולאַ ר.'ס פּיעסע „די ירושה“.
M-3-facs_342_tr_1756107070-011	P-3-facs_342_tr_1756107070	3	facs_342_tr_1756107070	ביראָ, פעלאַ [פֿיינרייך]	פּאַולאַ ר.	נקבה		זי האָט זיך באַטייליקט אין איר פּיעסע „די ירושה“.
M-3-facs_342_tr_1756107070-012	P-3-facs_342_tr_1756107070	3	facs_342_tr_1756107070	ביראָ, פעלאַ [פֿיינרייך]	שידלאָווער	זכר	אַקטיאָר	זי איז אויפֿגעטראָטן אונטער זיין רעזשי.
M-3-facs_342_tr_1756107070-013	P-3-facs_342_tr_1756107070	3	facs_342_tr_1756107070	ביראָ, פעלאַ [פֿיינרייך]	וואַכטל	זכר	שוישפּילער	זי איז אויפֿגעטראָטן מיט אים אין בערלין.
M-3-facs_342_tr_1756107070-014	P-3-facs_342_tr_1756107070	3	facs_342_tr_1756107070	ביראָ, פעלאַ [פֿיינרייך]	אַלעקסאַנדער גראַנאַך	זכר	שוישפּילער	זי איז אויפֿגעטראָטן מיט אים אין בערלין.
M-3-facs_342_tr_1756107070-015	P-3-facs_342_tr_1756107070	3	facs_342_tr_1756107070	ביראָ, פעלאַ [פֿיינרייך]	שלום עליכם	זכר		זי האָט געשפּילט אין זיינע פּיעסן.
M-3-facs_342_tr_1756107070-016	P-3-facs_342_tr_1756107070	3	facs_342_tr_1756107070	ביראָ, פעלאַ [פֿיינרייך]	אַש	זכר		זי האָט געשפּילט אין זיינע פּיעסן.
M-3-facs_342_tr_1756107070-017	P-3-facs_342_tr_1756107070	3	facs_342_tr_1756107070	ביראָ, פעלאַ [פֿיינרייך]	סטרינדבערג	זכר		זי האָט געשפּילט אין זיינע פּיעסן.
M-3-facs_342_tr_1756107070-018	P-3-facs_342_tr_1756107070	3	facs_342_tr_1756107070	ביראָ, פעלאַ [פֿיינרייך]	דזשייקעלע קאָהן	זכר		זי האָט געשפּילט אונטער זיין רעזשי אין קאַנאַדע.
M-3-facs_342_tr_1756107070-019	P-3-facs_342_tr_1756107070	3	facs_342_tr_1756107070	ביראָ, פעלאַ [פֿיינרייך]	שפּיראַ	זכר	אַקטיאָרן	זי האָט געשפּילט מיט אים אין קאַנאַדע.
M-3-facs_342_tr_1756107070-020	P-3-facs_342_tr_1756107070	3	facs_342_tr_1756107070	ביראָ, פעלאַ [פֿיינרייך]	סאָלאָמאָנעסקן	זכר	אַקטיאָרן	זי האָט געשפּילט מיט אים אין קאַנאַדע.
M-3-facs_342_tr_1756107070-021	P-3-facs_342_tr_1756107070	3	facs_342_tr_1756107070	ביראָ, פעלאַ [פֿיינרייך]	טילי ראַבינאָוויטש	נקבה	אַקטיאָרן	זי האָט געשפּילט מיט איר אין קאַנאַדע.
M-3-facs_342_tr_1756107070-022	P-3-facs_342_tr_1756107070	3	facs_342_tr_1756107070	ביראָ, פעלאַ [פֿיינרייך]	פּאַסקעוויטש	זכר	אַקטיאָרן	זי האָט געשפּילט מיט אים אין קאַנאַדע.
M-3-facs_342_tr_1756107070-023	P-3-facs_342_tr_1756107070	3	facs_342_tr_1756107070	ביראָ, פעלאַ [פֿיינרייך]	רודאָלף שילדקרויט	זכר		זי האָט געשפּילט מיט אים אין „אייקעלע מזיק“ און „גאָט פֿון נקמה“.
M-3-facs_342_tr_1756107070-024	P-3-facs_342_tr_1756107070	3	facs_342_tr_1756107070	ביראָ, פעלאַ [פֿיינרייך]	אַזראַ	זכר		זי האָט געשפּילט אונטער זיין רעזשי אין דער „ווילנער טרופּע“.
M-3-facs_342_tr_1756107070-025	P-3-facs_342_tr_1756107070	3	facs_342_tr_1756107070	ביראָ, פעלאַ [פֿיינרייך]	קאַדיסאָן	זכר		זי האָט געשפּילט אונטער זיין רעזשי אין דער „ווילנער טרופּע“.
M-3-facs_342_tr_1756107070-026	P-3-facs_342_tr_1756107070	3	facs_342_tr_1756107070	ביראָ, פעלאַ [פֿיינרייך]	יעקב מעסטל	זכר		זי האָט געשפּילט אונטער זיין רעזשי אינעם „אַרטעף“.
M-3-facs_342_tr_1756107070-027	P-3-facs_342_tr_1756107070	3	facs_342_tr_1756107070	ביראָ, פעלאַ [פֿיינרייך]	מ. דזש. באַשאַ	זכר		זי האָט געשפּילט אונטער זיין רעזשי אינעם „אַרטעף“.
M-3-facs_342_tr_1756107070-028	P-3-facs_342_tr_1756107070	3	facs_342_tr_1756107070	ביראָ, פעלאַ [פֿיינרייך]	בענאַ שניידער	זכר		זי האָט געשפּילט אונטער זיין רעזשי אינעם „אַרטעף“.
M-3-facs_342_tr_1756107070-029	P-3-facs_342_tr_1756107070	3	facs_342_tr_1756107070	ביראָ, פעלאַ [פֿיינרייך]	בנימין צמח	זכר		זי האָט געשפּילט אונטער זיין רעזשי אינעם „אַרטעף“.
M-3-facs_342_tr_1756107070-030	P-3-facs_342_tr_1756107070	3	facs_342_tr_1756107070	ביראָ, פעלאַ [פֿיינרייך]	שוואַרץ	זכר		זי האָט געשפּילט עפּיזאָדן-ראָלן אין זיין קונסטטעאַטער.
M-3-facs_342_tr_1756107070-031	P-3-facs_342_tr_1756107070	3	facs_342_tr_1756107070	ביראָ, פעלאַ [פֿיינרייך]	יהודה בלייך	זכר		זי האָט געשפּילט אונטער זיין אָנפֿירונג אין פּאָבליק-טעאַטער.
M-3-facs_343_tr_1756107174-000	P-3-facs_343_tr_1756107174	3	facs_343_tr_1756107174	שוואַרץ, סעם	גאָלדפֿאַדענס	זכר		"ער איז באַווירקט געוואָרן פֿון זיין „שולמית""."
M-3-facs_343_tr_1756107174-001	P-3-facs_343_tr_1756107174	3	facs_343_tr_1756107174	שוואַרץ, סעם	לואיס גאָלדשטיין	זכר		זיי האָבן צוזאַמען אָרגאַניזירט אַ טרופּע.
M-3-facs_343_tr_1756107174-002	P-3-facs_343_tr_1756107174	3	facs_343_tr_1756107174	שוואַרץ, סעם	שנורס	זכר		ער איז געווען דער סקעטש-שרייבער און סופֿלער אין זיין וואָדעוויל-הויז.
M-3-facs_343_tr_1756107174-003	P-3-facs_343_tr_1756107174	3	facs_343_tr_1756107174	שוואַרץ, סעם	דער בלינדער פֿישער	זכר	אַקטיאָר	ער איז געווען איינער פֿון די אַקטיאָרן אין שנורס וואָדעוויל-הויז.
M-3-facs_343_tr_1756107174-004	P-3-facs_343_tr_1756107174	3	facs_343_tr_1756107174	שוואַרץ, סעם	איידא קרעמער	נקבה	אַקטיאָר	זי איז געווען איינע פֿון די אַקטיאָרן אין שנורס וואָדעוויל-הויז.
M-3-facs_343_tr_1756107174-005	P-3-facs_343_tr_1756107174	3	facs_343_tr_1756107174	שוואַרץ, סעם	"דער „ברוקלינער גאָלדבערג"""	זכר	אַקטיאָר	ער איז געווען איינער פֿון די אַקטיאָרן אין שנורס וואָדעוויל-הויז.
M-3-facs_343_tr_1756107174-006	P-3-facs_343_tr_1756107174	3	facs_343_tr_1756107174	שוואַרץ, סעם	מר. אַטלאַס	זכר		ער איז געווען מיט אים אין אַ וואָדעוויל-טרופּע.
M-3-facs_343_tr_1756107174-007	P-3-facs_343_tr_1756107174	3	facs_343_tr_1756107174	שוואַרץ, סעם	מרס. אַטלאַס	נקבה		זי איז געווען מיט אים אין אַ וואָדעוויל-טרופּע.
M-3-facs_343_tr_1756107174-008	P-3-facs_343_tr_1756107174	3	facs_343_tr_1756107174	שוואַרץ, סעם	סעם מאָרגענבעסער	זכר		ער איז געווען מיט אים אין אַ וואָדעוויל-טרופּע.
M-3-facs_343_tr_1756107174-009	P-3-facs_343_tr_1756107174	3	facs_343_tr_1756107174	שוואַרץ, סעם	סאָלטשע שאָר	נקבה		זי איז געווען מיט אים אין אַ וואָדעוויל-טרופּע.
M-3-facs_343_tr_1756107174-010	P-3-facs_343_tr_1756107174	3	facs_343_tr_1756107174	שוואַרץ, סעם	דעיוו שעפּקין	זכר		ער איז געווען מיט אים אין אַ וואָדעוויל-טרופּע.
M-3-facs_343_tr_1756107174-011	P-3-facs_343_tr_1756107174	3	facs_343_tr_1756107174	שוואַרץ, סעם	סעם מאָריס	זכר		זיי זענען געווען צוזאַמען אין פּלאַזאַ-טעאַטער.
M-3-facs_343_tr_1756107174-012	P-3-facs_343_tr_1756107174	3	facs_343_tr_1756107174	שוואַרץ, סעם	איידאַ פֿיין	נקבה		זיי זענען געווען צוזאַמען אין פּלאַזאַ-טעאַטער.
M-3-facs_343_tr_1756107174-013	P-3-facs_343_tr_1756107174	3	facs_343_tr_1756107174	שוואַרץ, סעם	בערטאַ גערסטין	נקבה		זיי זענען געווען צוזאַמען אין פּלאַזאַ-טעאַטער.
M-3-facs_343_tr_1756107174-014	P-3-facs_343_tr_1756107174	3	facs_343_tr_1756107174	שוואַרץ, סעם	טייל ראָבינאָוויטש	נקבה		זיי זענען געווען צוזאַמען אין פּלאַזאַ-טעאַטער.
M-3-facs_343_tr_1756107174-015	P-3-facs_343_tr_1756107174	3	facs_343_tr_1756107174	שוואַרץ, סעם	לואיס קרעמער	זכר		ער איז געווען מיט אים אין מעקילני סקווער טעאַטער.
M-3-facs_343_tr_1756107174-016	P-3-facs_343_tr_1756107174	3	facs_343_tr_1756107174	שוואַרץ, סעם	ראָזע וואָלערשטיין	נקבה		זי איז געווען מיט אים אין מעקילני סקווער טעאַטער.
M-3-facs_343_tr_1756107174-017	P-3-facs_343_tr_1756107174	3	facs_343_tr_1756107174	שוואַרץ, סעם	לעאָן שעכטער	זכר		זיי זענען געווען צוזאַמען אין זעלבן טעאַטער.
M-3-facs_343_tr_1756107174-018	P-3-facs_343_tr_1756107174	3	facs_343_tr_1756107174	שוואַרץ, סעם	מאַקס לאַסקי	זכר		זיי זענען געווען צוזאַמען אין זעלבן טעאַטער.
M-3-facs_343_tr_1756107174-019	P-3-facs_343_tr_1756107174	3	facs_343_tr_1756107174	שוואַרץ, סעם	נייטען גאָלדבערג	זכר		ער איז געווען סופֿלער בעת זיינע פֿאַרשטעלונגען אין בראַנקס אַרט-טעאַטער.
M-3-facs_343_tr_1756107174-020	P-3-facs_343_tr_1756107174	3	facs_343_tr_1756107174	שוואַרץ, סעם	ראָזע גאָלדבערג	נקבה		ער איז געווען סופֿלער בעת אירע פֿאַרשטעלונגען אין בראַנקס אַרט-טעאַטער.
M-3-facs_343_tr_1756107174-021	P-3-facs_343_tr_1756107174	3	facs_343_tr_1756107174	שוואַרץ, סעם	חנה האָלענדער	נקבה		ער איז געווען סופֿלער בעת אירע פֿאַרשטעלונגען אין בראַנקס אַרט-טעאַטער.
M-3-facs_343_tr_1756107174-022	P-3-facs_343_tr_1756107174	3	facs_343_tr_1756107174	שוואַרץ, סעם	הערמאַן יאַבלאָקאָוו	זכר		ער איז געווען אַ סופֿלער ביי אים.
M-3-facs_343_tr_1756107173-000	P-3-facs_343_tr_1756107173	3	facs_343_tr_1756107173	ראָזענטאָל, קלאַראַ	שמעון מאַרקס	זכר	אייגנטימער פון גאָרטן, וואו גאָלדפאַדען האָט אָנגעהויבן זיינע פאַרשטעלונגען אין יאָס, רומעניע	דער סובייעקט איז דאָס אייניקל פון שמעון מאַרקס.
M-3-facs_343_tr_1756107173-001	P-3-facs_343_tr_1756107173	3	facs_343_tr_1756107173	ראָזענטאָל, קלאַראַ	גאָלדפאַדען	זכר	אַן אַקטיאָר און דראַמאַטורג	גאָלדפאַדען האָט אָנגעהויבן זיינע פאַרשטעלונגען אינעם גאָרטן פון דעם סובייעקטס זיידע.
M-3-facs_343_tr_1756107173-002	P-3-facs_343_tr_1756107173	3	facs_343_tr_1756107173	ראָזענטאָל, קלאַראַ	נייטן (נחום)	זכר	אַ יידישער שוישפּילער	נייטן (נחום) איז דער פאָטער פון דעם סובייעקט.
M-3-facs_343_tr_1756107173-003	P-3-facs_343_tr_1756107173	3	facs_343_tr_1756107173	ראָזענטאָל, קלאַראַ	* אַ רבי	זכר	געלערנט יידיש ביי אַ רבי	דער סובייעקט האָט ביי אים געלערנט יידיש.
M-3-facs_343_tr_1756107173-004	P-3-facs_343_tr_1756107173	3	facs_343_tr_1756107173	ראָזענטאָל, קלאַראַ	באָריס טאָמאַשעווסקי	זכר		דער סובייעקט האָט געשפּילט מיט באָריס טאָמאַשעווסקי.
M-3-facs_343_tr_1756107173-005	P-3-facs_343_tr_1756107173	3	facs_343_tr_1756107173	ראָזענטאָל, קלאַראַ	בערטאַ קאַליש	נקבה		דער סובייעקט האָט געשפּילט מיט בערטאַ קאַליש.
M-3-facs_343_tr_1756107173-006	P-3-facs_343_tr_1756107173	3	facs_343_tr_1756107173	ראָזענטאָל, קלאַראַ	דוד קעסלער	זכר		דער סובייעקט האָט געשפּילט מיט דוד קעסלער.
M-3-facs_343_tr_1756107173-007	P-3-facs_343_tr_1756107173	3	facs_343_tr_1756107173	ראָזענטאָל, קלאַראַ	מאָלווינאַ לאָבעל	נקבה		דער סובייעקט האָט געשפּילט מיט מאָלווינאַ לאָבעל.
M-3-facs_343_tr_1756107173-008	P-3-facs_343_tr_1756107173	3	facs_343_tr_1756107173	ראָזענטאָל, קלאַראַ	יעקב פּ. אַדלער	זכר		דער סובייעקט האָט געשפּילט מיט יעקב פּ. אַדלער.
M-3-facs_343_tr_1756107173-009	P-3-facs_343_tr_1756107173	3	facs_343_tr_1756107173	ראָזענטאָל, קלאַראַ	סעידי	נקבה		סעידי איז די שוועסטער פון דעם סובייעקט.
M-3-facs_343_tr_1756107173-010	P-3-facs_343_tr_1756107173	3	facs_343_tr_1756107173	ראָזענטאָל, קלאַראַ	איזידאָר ליליען	זכר	דירעקטאָר	דער סובייעקט האָט געשפּילט מיט איזידאָר ליליען.
M-3-facs_343_tr_1756107173-011	P-3-facs_343_tr_1756107173	3	facs_343_tr_1756107173	ראָזענטאָל, קלאַראַ	גאָלדבערג	זכר	מענעדזשער פון לענאָקס-טעאַטער	דער סובייעקט האָט געשפּילט אין זיין טעאַטער.
M-3-facs_343_tr_1756107173-012	P-3-facs_343_tr_1756107173	3	facs_343_tr_1756107173	ראָזענטאָל, קלאַראַ	דזשייקאָבס	זכר	מענעדזשער פון לענאָקס-טעאַטער	דער סובייעקט האָט געשפּילט אין זיין טעאַטער.
M-3-facs_343_tr_1756107173-013	P-3-facs_343_tr_1756107173	3	facs_343_tr_1756107173	ראָזענטאָל, קלאַראַ	סעמיועל גאָלדענבורג	זכר		דער סובייעקט האָט געשפּילט מיט סעמיועל גאָלדענבורג.
M-3-facs_343_tr_1756107173-014	P-3-facs_343_tr_1756107173	3	facs_343_tr_1756107173	ראָזענטאָל, קלאַראַ	יאָזער קעסלער	זכר		דער סובייעקט האָט געשפּילט מיט יאָזער קעסלער.
M-3-facs_343_tr_1756107173-015	P-3-facs_343_tr_1756107173	3	facs_343_tr_1756107173	ראָזענטאָל, קלאַראַ	מישע גערמאַן	זכר		דער סובייעקט האָט געשפּילט מיט מישע גערמאַן.
M-3-facs_343_tr_1756107173-016	P-3-facs_343_tr_1756107173	3	facs_343_tr_1756107173	ראָזענטאָל, קלאַראַ	לוסי גערמאַן	נקבה		דער סובייעקט האָט געשפּילט מיט לוסי גערמאַן.
M-3-facs_343_tr_1756107173-017	P-3-facs_343_tr_1756107173	3	facs_343_tr_1756107173	ראָזענטאָל, קלאַראַ	יהושע גרובער	זכר	מענעדזשער פון אָרטש סטריט טעאַטער	דער סובייעקט האָט געשפּילט אין זיין טעאַטער.
M-3-facs_343_tr_1756107173-018	P-3-facs_343_tr_1756107173	3	facs_343_tr_1756107173	ראָזענטאָל, קלאַראַ	לעאָן בלאַנק	זכר		דער סובייעקט האָט געשפּילט מיט לעאָן בלאַנק.
M-3-facs_343_tr_1756107173-019	P-3-facs_343_tr_1756107173	3	facs_343_tr_1756107173	ראָזענטאָל, קלאַראַ	צילע אַדלער	נקבה		דער סובייעקט האָט געשפּילט מיט צילע אַדלער.
M-3-facs_343_tr_1756107173-020	P-3-facs_343_tr_1756107173	3	facs_343_tr_1756107173	ראָזענטאָל, קלאַראַ	מאָריס קראָנער	זכר		דער סובייעקט האָט געשפּילט מיט מאָריס קראָנער.
M-3-facs_343_tr_1756107173-021	P-3-facs_343_tr_1756107173	3	facs_343_tr_1756107173	ראָזענטאָל, קלאַראַ	בעטי פרענק	נקבה		דער סובייעקט האָט געשפּילט מיט בעטי פרענק.
M-3-facs_343_tr_1756107173-022	P-3-facs_343_tr_1756107173	3	facs_343_tr_1756107173	ראָזענטאָל, קלאַראַ	דזשאַנעט פּאַסקעוויטש	נקבה		דער סובייעקט האָט געשפּילט מיט דזשאַנעט פּאַסקעוויטש.
M-3-facs_343_tr_1756107173-023	P-3-facs_343_tr_1756107173	3	facs_343_tr_1756107173	ראָזענטאָל, קלאַראַ	טשאַרלס ווייסמאַן	זכר	מוזיקער	טשאַרלס ווייסמאַן איז געווען דער ערשטער מאַן פון דעם סובייעקט.
M-3-facs_343_tr_1756107173-024	P-3-facs_343_tr_1756107173	3	facs_343_tr_1756107173	ראָזענטאָל, קלאַראַ	העראָלד	זכר	אַ ספּאָרט-קאָלומניסט אין ניו יאָרקער דעילי מיראָר	העראָלד איז דער זון פון דעם סובייעקט.
M-3-facs_343_tr_1756107173-025	P-3-facs_343_tr_1756107173	3	facs_343_tr_1756107173	ראָזענטאָל, קלאַראַ	מאָריס הערמאַנסדאַרף	זכר	ביזנעסמאַן	מאָריס הערמאַנסדאַרף איז דער צווייטער מאַן פון דעם סובייעקט.
M-3-facs_343_tr_1756107173-026	P-3-facs_343_tr_1756107173	3	facs_343_tr_1756107173	ראָזענטאָל, קלאַראַ	וויליאַם סיגעל	זכר	פּיעסן-שרייבער	וויליאַם סיגעל איז דער שוואָגער פון דעם סובייעקט.
M-3-facs_343_tr_1756107173-027	P-3-facs_343_tr_1756107173	3	facs_343_tr_1756107173	ראָזענטאָל, קלאַראַ	ראובן גוסקין	זכר	פאַרעיאָרטער פון דער יידישער אַקטיאָרן יוניע	ראובן גוסקין האָט צונויפגערופן אַ באַראַטונג מיט מיטגלידער פון דער יוניע, אריינגערעכנט דעם סובייעקט.
M-3-facs_343_tr_1756107173-028	P-3-facs_343_tr_1756107173	3	facs_343_tr_1756107173	ראָזענטאָל, קלאַראַ	דזשעראָם פאַרקער	זכר	אַדוואָקאַט	דזשעראָם פאַרקער איז דער אַדוואָקאַט פון דעם קלוב ווו דער סובייעקט איז אַ באַאַמטער.
M-3-facs_343_tr_1756107173-029	P-3-facs_343_tr_1756107173	3	facs_343_tr_1756107173	ראָזענטאָל, קלאַראַ	דעוויד קולאָק	זכר	פּרעזידענט פון יידישן אַקטיאָרן-קלוב	דעוויד קולאָק איז אַ קאָלעגע פון דעם סובייעקט אין דער פאַרוואַלטונג פונעם קלוב.
M-3-facs_343_tr_1756107173-030	P-3-facs_343_tr_1756107173	3	facs_343_tr_1756107173	ראָזענטאָל, קלאַראַ	לואיס גאָלדשטיין	זכר	ווייס-פּרעזידענט פון יידישן אַקטיאָרן-קלוב	לואיס גאָלדשטיין איז אַ קאָלעגע פון דעם סובייעקט אין דער פאַרוואַלטונג פונעם קלוב.
M-3-facs_343_tr_1756107173-031	P-3-facs_343_tr_1756107173	3	facs_343_tr_1756107173	ראָזענטאָל, קלאַראַ	מילטאָן וויינטרויב	זכר	ווייס-פּרעזידענט פון יידישן אַקטיאָרן-קלוב	מילטאָן וויינטרויב איז אַ קאָלעגע פון דעם סובייעקט אין דער פאַרוואַלטונג פונעם קלוב.
M-3-facs_343_tr_1756107173-032	P-3-facs_343_tr_1756107173	3	facs_343_tr_1756107173	ראָזענטאָל, קלאַראַ	הערשל לעווין	זכר	רעקאָרדינג-סעקרעטאָר פון יידישן אַקטיאָרן-קלוב	הערשל לעווין איז אַ קאָלעגע פון דעם סובייעקט אין דער פאַרוואַלטונג פונעם קלוב.
M-3-facs_343_tr_1756107173-033	P-3-facs_343_tr_1756107173	3	facs_343_tr_1756107173	ראָזענטאָל, קלאַראַ	טשאָרלי קאַהען	זכר	פינאַנס-סעקרעטאַר פון יידישן אַקטיאָרן-קלוב	טשאָרלי קאַהען איז אַ קאָלעגע פון דעם סובייעקט אין דער פאַרוואַלטונג פונעם קלוב.
M-3-facs_343_tr_1756107173-034	P-3-facs_343_tr_1756107173	3	facs_343_tr_1756107173	ראָזענטאָל, קלאַראַ	דזשעק רעכטצייט	זכר	פּרעזידענט פון יידישן אַקטיאָרן-קלוב	דזשעק רעכטצייט איז אַ קאָלעגע פון דעם סובייעקט אין דער פאַרוואַלטונג פונעם קלוב.
M-3-facs_343_tr_1756107173-035	P-3-facs_343_tr_1756107173	3	facs_343_tr_1756107173	ראָזענטאָל, קלאַראַ	מאַקס באָזשיק	זכר	ערשטער ווייס-פּרעזידענט פון יידישן אַקטיאָרן-קלוב	מאַקס באָזשיק איז אַ קאָלעגע פון דעם סובייעקט אין דער פאַרוואַלטונג פונעם קלוב.
M-3-facs_343_tr_1756107173-036	P-3-facs_343_tr_1756107173	3	facs_343_tr_1756107173	ראָזענטאָל, קלאַראַ	קלאַראַ ראָזענטאָל	נקבה	ווייס-פּרעזידענטין פון יידישן אַקטיאָרן-קלוב	קלאַראַ ראָזענטאָל איז אַ קאָלעגע פון דעם סובייעקט אין דער פאַרוואַלטונג פונעם קלוב.
M-3-facs_343_tr_1756107173-037	P-3-facs_343_tr_1756107173	3	facs_343_tr_1756107173	ראָזענטאָל, קלאַראַ	ראיז שושנה	נקבה	מיטגליד פון דער עקזעקוטיווע	ראיז שושנה איז דער נאָמען פון דעם סובייעקט גופא.
M-3-facs_345_r-000	P-3-facs_345_r	3	facs_345_r	גרובער מירעלע	יהושע גרובער	זכר	מענעדזשער פֿון אָרטיקן יידישן טעאַטער	ער איז דער פֿאָטער פֿונעם סוביעקט.
M-3-facs_345_r-001	P-3-facs_345_r	3	facs_345_r	גרובער מירעלע	מוטער*	נקבה	אַ קריסטלעכע דייטשקע, געבוירן אין אַמעריקע, וועלכע האָט זיך שפּעטער מגייר געווען, גוט געלייענט, געשריבן יידיש און געהאַט אַן אינטערעס פֿאַר יידישער קולטור	זי איז די מוטער פֿונעם סוביעקט.
M-3-facs_345_r-002	P-3-facs_345_r	3	facs_345_r	גרובער מירעלע	מען סיימאַן	זכר		דער סוביעקט איז אויפֿגעטראָטן מיט אים דעם 11 פעברואר 1926 אין אָרטש סטריט טעאַטער.
M-3-facs_345_r-003	P-3-facs_345_r	3	facs_345_r	גרובער מירעלע	היימי דזשייקאָבסאָן	זכר		דער סוביעקט איז אויפֿגעטראָטן מיט אים דעם 11 פעברואר 1926 אין אָרטש סטריט טעאַטער.
M-3-facs_345_r-004	P-3-facs_345_r	3	facs_345_r	גרובער מירעלע	מלמד*	זכר		דער סוביעקט האָט ביי אים געלערנט יידיש.
M-3-facs_345_r-005	P-3-facs_345_r	3	facs_345_r	גרובער מירעלע	בערטאַ גערסטין	נקבה		דער סוביעקט האָט מיט איר געשפּילט צוויי סעזאָנען אין דער פֿילאָדעלפֿיער טרופּע.
M-3-facs_345_r-006	P-3-facs_345_r	3	facs_345_r	גרובער מירעלע	דזשעני גאָלדשטיין	נקבה		דער סוביעקט האָט געשפּילט מיט איר אין 1934 אין ניו יאָרק.
M-3-facs_345_r-007	P-3-facs_345_r	3	facs_345_r	גרובער מירעלע	סעמיועל גאָלדענבורג	זכר	איר לערער אין דער דראַמאַטישער קונסט	"דער סוביעקט האָט מיט אים געשפּילט אין 1934 אין ניו יאָרק און אינעם פֿילם „שיר השירים""."
M-3-facs_345_r-008	P-3-facs_345_r	3	facs_345_r	גרובער מירעלע	לעאַ פוקס	זכר	שוישפּילער	ער איז געווען דער מאַן פֿונעם סוביעקט; זיי האָבן חתונה געהאַט אין 1936 און זיך גע'גט אין 1941.
M-3-facs_345_r-009	P-3-facs_345_r	3	facs_345_r	גרובער מירעלע	ישראל ראָזענבערג	זכר		"דער סוביעקט האָט געשפּילט אין זיין פּיעסע „דער חתן האָט חרטה""."
M-3-facs_345_r-010	P-3-facs_345_r	3	facs_345_r	גרובער מירעלע	מאָריס שוואַרץ	זכר		דער סוביעקט האָט געשפּילט אין זיין קונסט-טעאַטער אין 1943.
M-3-facs_345_r-011	P-3-facs_345_r	3	facs_345_r	גרובער מירעלע	י. י. זינגער	זכר		"דער סוביעקט האָט געשפּילט אין זיין פּיעסע „די משפּחה קאַרנאָווסקי""."
M-3-facs_345_r-012	P-3-facs_345_r	3	facs_345_r	גרובער מירעלע	יעקב בן-עמי	זכר		דער סוביעקט האָט מיט אים געשפּילט אין די יאָרן 1944 און 1945.
M-3-facs_345_r-013	P-3-facs_345_r	3	facs_345_r	גרובער מירעלע	לייוויק	זכר		"דער סוביעקט האָט געשפּילט אין זיין פּיעסע „דער נס פון געטאָ""."
M-3-facs_345_r-014	P-3-facs_345_r	3	facs_345_r	גרובער מירעלע	פרץ מאַרקיש	זכר		"דער סוביעקט האָט געשפּילט אין זיין פּיעסע „מיר וועלן לעבן""."
M-3-facs_345_r-015	P-3-facs_345_r	3	facs_345_r	גרובער מירעלע	יעקב גאָרדין	זכר		"דער סוביעקט האָט געשפּילט אין זיין פּיעסע „גאָט, מענטש און טייוול""."
M-3-facs_345_r-016	P-3-facs_345_r	3	facs_345_r	גרובער מירעלע	פּרעס	זכר		"דער סוביעקט האָט געשפּילט אין זיין פּיעסע „די דריי מתנות""."
M-3-facs_345_r-017	P-3-facs_345_r	3	facs_345_r	גרובער מירעלע	עזראַ שיין	זכר	פּאָבליק אַקאונטענט	ער איז דער מאַן פֿונעם סוביעקט.
M-3-facs_345_tr_1756107437-000	P-3-facs_345_tr_1756107437	3	facs_345_tr_1756107437	וויינראַט, י י [יצחק יוסף]	פֿאָטער *	male	אַן איינבינדער	דער פֿאָטער פֿונעם סוביעקט.
M-3-facs_345_tr_1756107437-001	P-3-facs_345_tr_1756107437	3	facs_345_tr_1756107437	וויינראַט, י י [יצחק יוסף]	הרב גראָבאַרד	male	רב אין טאָראַנטאָ	געלערנט דעם סוביעקט אין תלמוד תורה און ישיבה.
M-3-facs_345_tr_1756107437-002	P-3-facs_345_tr_1756107437	3	facs_345_tr_1756107437	וויינראַט, י י [יצחק יוסף]	פּנחס	male	גראָבאַרדס זון (שפּעטערדיקער ראביי)	געהאָלפן דעם סוביעקט גרינדן די אָרטיקע „השומר הצעיר“.
M-3-facs_345_tr_1756107437-003	P-3-facs_345_tr_1756107437	3	facs_345_tr_1756107437	וויינראַט, י י [יצחק יוסף]	דר. הורוויץ	male		געשאַפן אַנאַנסן פֿאַר פּראָגראַמען מיט דעם סוביעקט.
M-3-facs_345_tr_1756107437-004	P-3-facs_345_tr_1756107437	3	facs_345_tr_1756107437	וויינראַט, י י [יצחק יוסף]	ריינוויין	male	רעדאַקטאָר	רעדאַקטאָר פֿון דער אָרטיקער יידישער צייטונג וואו דער סוביעקט האָט געאַרבעט.
M-3-facs_345_tr_1756107437-005	P-3-facs_345_tr_1756107437	3	facs_345_tr_1756107437	וויינראַט, י י [יצחק יוסף]	שאַפּיראָ	male	רעדאַקטאָר	רעדאַקטאָר פֿון דער אָרטיקער יידישער צייטונג וואו דער סוביעקט האָט געאַרבעט.
M-3-facs_345_tr_1756107437-006	P-3-facs_345_tr_1756107437	3	facs_345_tr_1756107437	וויינראַט, י י [יצחק יוסף]	בנימין צמח	male	געוועזענער „הבימה“-מיטגליד	דער סוביעקט האָט אָרגאַניזירט פֿאַר אים דעם קאַנאַדער טור.
M-3-facs_345_tr_1756107437-007	P-3-facs_345_tr_1756107437	3	facs_345_tr_1756107437	וויינראַט, י י [יצחק יוסף]	חיהלע גרובער	female	געוועזענער „הבימה“-מיטגליד	דער סוביעקט האָט אָרגאַניזירט פֿאַר איר דעם קאַנאַדער טור.
M-3-facs_345_tr_1756107437-008	P-3-facs_345_tr_1756107437	3	facs_345_tr_1756107437	וויינראַט, י י [יצחק יוסף]	בן-עמי	male	אַקטיאָר	דער סוביעקט האָט אָרגאַניזירט די קאַנאַדער פֿאַרטרעטונג פֿון זיין בילד.
M-3-facs_345_tr_1756107437-009	P-3-facs_345_tr_1756107437	3	facs_345_tr_1756107437	וויינראַט, י י [יצחק יוסף]	שלעזינגער	male	מענעדזשער פֿונעם „סטאַנדאַרט“-טעאַטער	מענעדזשער פֿונעם טעאַטער צוזאַמען מיט דעם סוביעקט.
M-3-facs_345_tr_1756107437-010	P-3-facs_345_tr_1756107437	3	facs_345_tr_1756107437	וויינראַט, י י [יצחק יוסף]	סעם קאָהען	male	מענעדזשער פֿונעם „סטאַנדאַרט“-טעאַטער	מענעדזשער פֿונעם טעאַטער צוזאַמען מיט דעם סוביעקט.
M-3-facs_345_tr_1756107437-011	P-3-facs_345_tr_1756107437	3	facs_345_tr_1756107437	וויינראַט, י י [יצחק יוסף]	יוסף שעהנגאָלד	male	גאַסטראָלער	גאַסטראָלער אינעם טעאַטער וואו דער סוביעקט איז געווען מענעדזשער.
M-3-facs_345_tr_1756107437-012	P-3-facs_345_tr_1756107437	3	facs_345_tr_1756107437	וויינראַט, י י [יצחק יוסף]	בערטאַ גערסטין	female	גאַסטראָלער	גאַסטראָלער אינעם טעאַטער וואו דער סוביעקט איז געווען מענעדזשער.
M-3-facs_345_tr_1756107437-013	P-3-facs_345_tr_1756107437	3	facs_345_tr_1756107437	וויינראַט, י י [יצחק יוסף]	בערנאָר עלווינג	male	גאַסטראָלער	גאַסטראָלער אינעם טעאַטער וואו דער סוביעקט איז געווען מענעדזשער.
M-3-facs_345_tr_1756107437-014	P-3-facs_345_tr_1756107437	3	facs_345_tr_1756107437	וויינראַט, י י [יצחק יוסף]	מאָריס קראַנער	male	גאַסטראָלער	גאַסטראָלער אינעם טעאַטער וואו דער סוביעקט איז געווען מענעדזשער.
M-3-facs_345_tr_1756107437-015	P-3-facs_345_tr_1756107437	3	facs_345_tr_1756107437	וויינראַט, י י [יצחק יוסף]	מאַלי פיקאָן	female	סטאָר-גאַסטראָלער	סטאָר-גאַסטראָלער וואָס האָט געשפּילט אינעם טעאַטער.
M-3-facs_345_tr_1756107437-016	P-3-facs_345_tr_1756107437	3	facs_345_tr_1756107437	וויינראַט, י י [יצחק יוסף]	משה סקולניק	male	סטאָר-גאַסטראָלער	סטאָר-גאַסטראָלער וואָס האָט געשפּילט אינעם טעאַטער.
M-3-facs_345_tr_1756107437-017	P-3-facs_345_tr_1756107437	3	facs_345_tr_1756107437	וויינראַט, י י [יצחק יוסף]	יעקב בן עמי	male	אַקטיאָר	געבראַכט זיין טרופּע קיין קאַנאַדע דורך דעם סוביעקט.
M-3-facs_345_tr_1756107437-018	P-3-facs_345_tr_1756107437	3	facs_345_tr_1756107437	וויינראַט, י י [יצחק יוסף]	סטעלאַ אַדלער	female	אַקטריסע	געשפּילט אין קאַנאַדע אין דער טרופּע פֿון יעקב בן עמי.
M-3-facs_345_tr_1756107437-019	P-3-facs_345_tr_1756107437	3	facs_345_tr_1756107437	וויינראַט, י י [יצחק יוסף]	דזשאָן אייזענבערג	male		געבראַכט אָטראַקציעס צוזאַמען מיט דעם סוביעקט.
M-3-facs_345_tr_1756107437-020	P-3-facs_345_tr_1756107437	3	facs_345_tr_1756107437	וויינראַט, י י [יצחק יוסף]	פּנחס יאַסינאָווסקי	male	קאַנטאָר	דער סוביעקט האָט אָרגאַניזירט זיינע קאָנצערטן.
M-3-facs_345_tr_1756107437-021	P-3-facs_345_tr_1756107437	3	facs_345_tr_1756107437	וויינראַט, י י [יצחק יוסף]	עמאַ שעווער	female	זינגערין	דער סוביעקט האָט אָרגאַניזירט אירע קאָנצערטן.
M-3-facs_345_tr_1756107437-022	P-3-facs_345_tr_1756107437	3	facs_345_tr_1756107437	וויינראַט, י י [יצחק יוסף]	יוסף רומשינסקי	male	קאָמפּאָזיטאָר	מיטגליד אין דער געזעלשאַפט „די ליכטיקע פּנימער“.
M-3-facs_345_tr_1756107437-023	P-3-facs_345_tr_1756107437	3	facs_345_tr_1756107437	וויינראַט, י י [יצחק יוסף]	באָריס טאָמאַשעיוסקי	male	אַקטיאָר	מיטגליד אין דער געזעלשאַפט „די ליכטיקע פּנימער“.
M-3-facs_345_tr_1756107437-024	P-3-facs_345_tr_1756107437	3	facs_345_tr_1756107437	וויינראַט, י י [יצחק יוסף]	סעמיועל ראָזענשטיין	male	פּרעזידענט פֿון דער אַלייענס	דער ערשטער פּרעזידענט פֿון דער אָרגאַניזאַציע.
M-3-facs_345_tr_1756107437-025	P-3-facs_345_tr_1756107437	3	facs_345_tr_1756107437	וויינראַט, י י [יצחק יוסף]	מאָריס מאָריסאָן	male	אַקטיאָר	איינער פֿון די באַטייליקטע אינעם געשפּרעך וואָס האָט געבראַכט צום גרינדן די אָרגאַניזאַציע.
M-3-facs_345_tr_1756107437-026	P-3-facs_345_tr_1756107437	3	facs_345_tr_1756107437	וויינראַט, י י [יצחק יוסף]	ס. ה. אַליווענבוים	male	גאַרדעראָבער	איינער פֿון די גרינדער פֿון דער אָרגאַניזאַציע „די קאָזינס“.
M-3-facs_345_tr_1756107437-027	P-3-facs_345_tr_1756107437	3	facs_345_tr_1756107437	וויינראַט, י י [יצחק יוסף]	סעם אינדין	male	דרעסער	איינער פֿון די גרינדער פֿון דער אָרגאַניזאַציע.
M-3-facs_345_tr_1756107437-028	P-3-facs_345_tr_1756107437	3	facs_345_tr_1756107437	וויינראַט, י י [יצחק יוסף]	לאַזאַר פֿריד	male	פינאַנס סעקרעטאַר	איינער פֿון די ערשטע באַאַמטע פֿון דער אָרגאַניזאַציע.
M-3-facs_345_tr_1756107437-029	P-3-facs_345_tr_1756107437	3	facs_345_tr_1756107437	וויינראַט, י י [יצחק יוסף]	דזשין גרינפעלד	male	פּרעזידענט	געוועזענער פּרעזידענט פֿון דער יידישער טעאַטריקל אַלייענס.
M-3-facs_345_tr_1756107437-030	P-3-facs_345_tr_1756107437	3	facs_345_tr_1756107437	וויינראַט, י י [יצחק יוסף]	ראובן ווייסמאַן	male	פּרעזידענט	לאַנגיאָריקער פּרעזידענט און ערן-פּרעזידענט פֿון דער אָרגאַניזאַציע.
M-3-facs_345_tr_1756107437-031	P-3-facs_345_tr_1756107437	3	facs_345_tr_1756107437	וויינראַט, י י [יצחק יוסף]	אייב סינקאָף	male	פּרעזידענט	פּרעזידענט וואָס האָט אויפֿגעלעבט די אָרגאַניזאַציע.
M-3-facs_345_tr_1756107437-032	P-3-facs_345_tr_1756107437	3	facs_345_tr_1756107437	וויינראַט, י י [יצחק יוסף]	מאַרק שווייד	male	רעדאַקטאָר	רעדאַקטאָר פֿון דער יובל-זאַמלשריפט פֿון דער אָרגאַניזאַציע.
M-3-facs_345_tr_1756107437-033	P-3-facs_345_tr_1756107437	3	facs_345_tr_1756107437	וויינראַט, י י [יצחק יוסף]	דייוויד קולאָק	male	פּרעזידענט	פּרעזידענט פֿון דער אָרגאַניזאַציע זינט 1944.
M-3-facs_345_tr_1756107437-034	P-3-facs_345_tr_1756107437	3	facs_345_tr_1756107437	וויינראַט, י י [יצחק יוסף]	הערמאַן יאַבראַקאָוו	male	רעקאָרדינג-סעקרעטאַר	באַאַמטער פֿון דער אָרגאַניזאַציע.
M-3-facs_345_tr_1756107437-035	P-3-facs_345_tr_1756107437	3	facs_345_tr_1756107437	וויינראַט, י י [יצחק יוסף]	שלום סעקונדאַ	male	קאָמפּאָזיטאָר	מיטגליד פֿונעם דירעקטאָרן-באָאָרד פֿון דער אָרגאַניזאַציע.
M-3-facs_345_tr_1756107437-036	P-3-facs_345_tr_1756107437	3	facs_345_tr_1756107437	וויינראַט, י י [יצחק יוסף]	דר. אַליהו קאָן	male	שעף פֿון דאָקטוירים-שטאָב	מעדיצינישער באַאַמטער אין דער אָרגאַניזאַציע.
M-3-facs_348_tr_1756107767-000	P-3-facs_348_tr_1756107767	3	facs_348_tr_1756107767	פישמאַן, סילוויאַ	בערטאַ קרייצבערג	female	די אַקטריסע	זי איז איר מוטער.
M-3-facs_348_tr_1756107767-001	P-3-facs_348_tr_1756107767	3	facs_348_tr_1756107767	פישמאַן, סילוויאַ	חיים ברוך פישמאַן	male	האָט געאַרבעט אַלס בינע-טעכניקער	ער איז איר פֿאָטער.
M-3-facs_348_tr_1756107767-002	P-3-facs_348_tr_1756107767	3	facs_348_tr_1756107767	פישמאַן, סילוויאַ	סיימאַן	male		נאָך אַלס קינד געשפּילט קינדער-ראָלן ביי אים אין קליוולאַנד.
M-3-facs_348_tr_1756107767-003	P-3-facs_348_tr_1756107767	3	facs_348_tr_1756107767	פישמאַן, סילוויאַ	ליאַ לאָרגמאַן	female		מיטגענומען געוואָרן מיט איר טרופּע.
M-3-facs_348_tr_1756107767-004	P-3-facs_348_tr_1756107767	3	facs_348_tr_1756107767	פישמאַן, סילוויאַ	יעקב זילבערט	male		געפֿאָרן מיט אירע עלטערן און אים איבער דער פּראָווינץ.
M-3-facs_348_tr_1756107767-005	P-3-facs_348_tr_1756107767	3	facs_348_tr_1756107767	פישמאַן, סילוויאַ	ליזאַ זילבערט	female		געפֿאָרן מיט אירע עלטערן און איר איבער דער פּראָווינץ.
M-3-facs_348_tr_1756107767-006	P-3-facs_348_tr_1756107767	3	facs_348_tr_1756107767	פישמאַן, סילוויאַ	ליטמאַן	male		געשפּילט אין זיין טרופּע.
M-3-facs_348_tr_1756107767-007	P-3-facs_348_tr_1756107767	3	facs_348_tr_1756107767	פישמאַן, סילוויאַ	פישזאָן	male		געשפּילט אין זיין טרופּע.
M-3-facs_348_tr_1756107767-008	P-3-facs_348_tr_1756107767	3	facs_348_tr_1756107767	פישמאַן, סילוויאַ	משה שאָר	male		געשפּילט אין זיין טרופּע.
M-3-facs_348_tr_1756107767-009	P-3-facs_348_tr_1756107767	3	facs_348_tr_1756107767	פישמאַן, סילוויאַ	נייטאָן גאָלדבערג	male		"אַרומגעפֿאָרן מיט אים מיט דער „קייט""-טרופּע."
M-3-facs_348_tr_1756107767-010	P-3-facs_348_tr_1756107767	3	facs_348_tr_1756107767	פישמאַן, סילוויאַ	ראָזע גאָלדבערג	female		"אַרומגעפֿאָרן מיט איר מיט דער „קייט""-טרופּע."
M-3-facs_348_tr_1756107767-011	P-3-facs_348_tr_1756107767	3	facs_348_tr_1756107767	פישמאַן, סילוויאַ	מישע פישזאָן	male		"געשפּילט מיט אים אין וויליאַמסבורגער „ליריק""-טעאַטער."
M-3-facs_348_tr_1756107767-012	P-3-facs_348_tr_1756107767	3	facs_348_tr_1756107767	פישמאַן, סילוויאַ	סעם אויערבאַך	male		"געשפּילט מיט אים אין וויליאַמסבורגער „ליריק""-טעאַטער."
M-3-facs_348_tr_1756107767-013	P-3-facs_348_tr_1756107767	3	facs_348_tr_1756107767	פישמאַן, סילוויאַ	סעידי שעהנגאָלד	female		"געשפּילט מיט איר אין וויליאַמסבורגער „ליריק""-טעאַטער."
M-3-facs_348_tr_1756107767-014	P-3-facs_348_tr_1756107767	3	facs_348_tr_1756107767	פישמאַן, סילוויאַ	עליאָס גליקמאַן	male		געשפּילט אין שיקאַגאַ ביי אים.
M-3-facs_348_tr_1756107767-015	P-3-facs_348_tr_1756107767	3	facs_348_tr_1756107767	פישמאַן, סילוויאַ	חנה האָלענדער	female		געשפּילט מיט איר אין שיקאַגאַ.
M-3-facs_348_tr_1756107767-016	P-3-facs_348_tr_1756107767	3	facs_348_tr_1756107767	פישמאַן, סילוויאַ	איזידאָר האָלענדער	male		געשפּילט מיט אים אין שיקאַגאַ.
M-3-facs_348_tr_1756107767-017	P-3-facs_348_tr_1756107767	3	facs_348_tr_1756107767	פישמאַן, סילוויאַ	סעמיועל ראָזענשטיין	male		געשפּילט מיט אים אין שיקאַגאַ.
M-3-facs_348_tr_1756107767-018	P-3-facs_348_tr_1756107767	3	facs_348_tr_1756107767	פישמאַן, סילוויאַ	בערטאַ קאַליש	female	די גאַנטראָלערן	געשפּילט מיט איר.
M-3-facs_348_tr_1756107767-019	P-3-facs_348_tr_1756107767	3	facs_348_tr_1756107767	פישמאַן, סילוויאַ	לעאָן בלאַנק	male		געשפּילט מיט אים.
M-3-facs_348_tr_1756107767-020	P-3-facs_348_tr_1756107767	3	facs_348_tr_1756107767	פישמאַן, סילוויאַ	סעמיועל גאָלדענבורג	male		געשפּילט מיט אים.
M-3-facs_348_tr_1756107767-021	P-3-facs_348_tr_1756107767	3	facs_348_tr_1756107767	פישמאַן, סילוויאַ	אָסקאָר גרין	male		"געשפילט אין זיין „האָפּקינסאָן""-טעאַטער."
M-3-facs_348_tr_1756107767-022	P-3-facs_348_tr_1756107767	3	facs_348_tr_1756107767	פישמאַן, סילוויאַ	משה סקולניק	male		"געשפילט מיט אים אין „האָפּקינסאָן""-טעאַטער."
M-3-facs_348_tr_1756107767-023	P-3-facs_348_tr_1756107767	3	facs_348_tr_1756107767	פישמאַן, סילוויאַ	הערמאַן יאַבלאַקאָוו	male		"געשפילט מיט אים אין „סעקאָנד עוועניו""-טעאַטער."
M-3-facs_348_tr_1756107767-024	P-3-facs_348_tr_1756107767	3	facs_348_tr_1756107767	פישמאַן, סילוויאַ	מאַלי פיקאָן	female		"געשפילט מיט איר אין „פּאָבליק""-טעאַטער."
M-3-facs_348_tr_1756107767-025	P-3-facs_348_tr_1756107767	3	facs_348_tr_1756107767	פישמאַן, סילוויאַ	אהרן לעבעדעוו	male		"געשפילט מיט אים אין „פּאָבליק""-טעאַטער."
M-3-facs_348_tr_1756107767-026	P-3-facs_348_tr_1756107767	3	facs_348_tr_1756107767	פישמאַן, סילוויאַ	מיכאָל מיכאַלעסקאָ	male		"געשפילט מיט אים אין „פּאָבליק""-טעאַטער."
M-3-facs_348_tr_1756107767-027	P-3-facs_348_tr_1756107767	3	facs_348_tr_1756107767	פישמאַן, סילוויאַ	מאָריס שוואַרץ	male		"געשפילט מיט אים אין „פּאָבליק""-טעאַטער."
M-3-facs_348_tr_1756107767-028	P-3-facs_348_tr_1756107767	3	facs_348_tr_1756107767	פישמאַן, סילוויאַ	מאָריס בראַון	male		געשפילט אין זיין טרופּע.
M-3-facs_348_tr_1756107767-029	P-3-facs_348_tr_1756107767	3	facs_348_tr_1756107767	פישמאַן, סילוויאַ	מאָריס געלבער	male		געשפילט אין זיין טרופּע.
M-3-facs_348_tr_1756107767-030	P-3-facs_348_tr_1756107767	3	facs_348_tr_1756107767	פישמאַן, סילוויאַ	מאַקס פֿרידלענדער	male		ער איז איר מאַן.
M-3-facs_349_tr_1756107917-000	P-3-facs_349_tr_1756107917	3	facs_349_tr_1756107917	קרייצבערג, בערטאָ [לעסער]	סאָלאָמאָן לעסער	זכר	דער אַקטיאָר	ער איז דער פֿאָטער פֿון דער סוביעקט.
M-3-facs_349_tr_1756107917-001	P-3-facs_349_tr_1756107917	3	facs_349_tr_1756107917	קרייצבערג, בערטאָ [לעסער]	מוטער *	נקבה	אַ מאָדיסטקע	זי איז די מוטער פֿון דער סוביעקט.
M-3-facs_349_tr_1756107917-002	P-3-facs_349_tr_1756107917	3	facs_349_tr_1756107917	קרייצבערג, בערטאָ [לעסער]	עלטערן *			זיי זענען די עלטערן פֿון דער סוביעקט.
M-3-facs_349_tr_1756107917-003	P-3-facs_349_tr_1756107917	3	facs_349_tr_1756107917	קרייצבערג, בערטאָ [לעסער]	אַברהם יצחק טאַנצמאַן	זכר		די סוביעקט האָט געשפּילט קינדער-ראָלן אין זיין טעאַטער.
M-3-facs_349_tr_1756107917-004	P-3-facs_349_tr_1756107917	3	facs_349_tr_1756107917	קרייצבערג, בערטאָ [לעסער]	חיים ברוך פישמאַן	זכר	בינע-טעכניקער	ער איז געווען דער ערשטער מאַן פֿון דער סוביעקט.
M-3-facs_349_tr_1756107917-005	P-3-facs_349_tr_1756107917	3	facs_349_tr_1756107917	קרייצבערג, בערטאָ [לעסער]	סעם קרייצבערג	זכר	אַקטיאָר	ער איז געווען דער צווייטער מאַן פֿון דער סוביעקט.
M-3-facs_349_tr_1756107917-006	P-3-facs_349_tr_1756107917	3	facs_349_tr_1756107917	קרייצבערג, בערטאָ [לעסער]	קינדער *			זיי זענען די קינדער פֿון דער סוביעקט.
M-3-facs_349_tr_1756107917-007	P-3-facs_349_tr_1756107917	3	facs_349_tr_1756107917	קרייצבערג, בערטאָ [לעסער]	ווייזענפֿריינד *	זכר	מוניס פֿאָטער	די סוביעקט האָט געשפּילט אין זיין טעאַטער.
M-3-facs_349_tr_1756107917-008	P-3-facs_349_tr_1756107917	3	facs_349_tr_1756107917	קרייצבערג, בערטאָ [לעסער]	ווייזענפֿריינד *	נקבה	מוניס מוטער	די סוביעקט האָט געשפּילט אין איר טעאַטער.
M-3-facs_349_tr_1756107917-009	P-3-facs_349_tr_1756107917	3	facs_349_tr_1756107917	קרייצבערג, בערטאָ [לעסער]	מוני	זכר		ער איז דער זון פֿון די ווייזענפֿריינדס, וואָס אין זייער טעאַטער האָט די סוביעקט געשפּילט.
M-3-facs_349_tr_1756107917-010	P-3-facs_349_tr_1756107917	3	facs_349_tr_1756107917	קרייצבערג, בערטאָ [לעסער]	גראָסמאַן *		פֿאַמיליע	די סוביעקט האָט געשפּילט אין דעם טעאַטער פֿון דער פֿאַמיליע גראָסמאַן.
M-3-facs_349_tr_1756107917-011	P-3-facs_349_tr_1756107917	3	facs_349_tr_1756107917	קרייצבערג, בערטאָ [לעסער]	הערשל צוקערבערג	זכר		די סוביעקט האָט געשפּילט אין זיין טעאַטער.
M-3-facs_349_tr_1756107917-012	P-3-facs_349_tr_1756107917	3	facs_349_tr_1756107917	קרייצבערג, בערטאָ [לעסער]	פּאַלעי			די סוביעקט האָט געשפּילט אין זיין טעאַטער.
M-3-facs_349_tr_1756107917-013	P-3-facs_349_tr_1756107917	3	facs_349_tr_1756107917	קרייצבערג, בערטאָ [לעסער]	גאַסטראָלירנדיקע סטאַרס *			די סוביעקט האָט געשפּילט מיט זיי.
M-3-facs_349_tr_1756107917-014	P-3-facs_349_tr_1756107917	3	facs_349_tr_1756107917	קרייצבערג, בערטאָ [לעסער]	סילוויאַ פישמאַן	נקבה	די שפּעטערדיקע אַקטעריסע	זי איז די טאָכטער פֿון דער סוביעקט.
M-3-facs_349_tr_1756107917-015	P-3-facs_349_tr_1756107917	3	facs_349_tr_1756107917	קרייצבערג, בערטאָ [לעסער]	יודזשין	זכר		ער איז דער זון פֿון דער סוביעקט.
M-3-facs_349_tr_1756107919-000	P-3-facs_349_tr_1756107919	3	facs_349_tr_1756107919	פֿרידלענדער, מאַקס	פֿאָטער *	זכר	אַ סוחר	דער פֿאָטער פֿונעם סוביעקט.
M-3-facs_349_tr_1756107919-001	P-3-facs_349_tr_1756107919	3	facs_349_tr_1756107919	פֿרידלענדער, מאַקס	אַלי' סיני	זכר	געלערנט ביי אים אין חדר מתוקן	זיין לערער.
M-3-facs_349_tr_1756107919-002	P-3-facs_349_tr_1756107919	3	facs_349_tr_1756107919	פֿרידלענדער, מאַקס	יוגנט-חבר *	זכר	זיך באַזעצט ביי אים אין מילוואָקי	אַ יוגנט-חבר פֿונעם סוביעקט.
M-3-facs_349_tr_1756107919-003	P-3-facs_349_tr_1756107919	3	facs_349_tr_1756107919	פֿרידלענדער, מאַקס	פֿיליפּ ווייזענפֿריינד	זכר	מוניס פֿאָטער	דער סוביעקט האָט געאַרבעט ביי אים אַלס פּראָפעסיאנעלער סופלער.
M-3-facs_349_tr_1756107919-004	P-3-facs_349_tr_1756107919	3	facs_349_tr_1756107919	פֿרידלענדער, מאַקס	מוני	זכר	פֿיליפּ ווייזענפֿריינדס זון	דער זון פֿון פֿיליפּ ווייזענפֿריינד.
M-3-facs_349_tr_1756107919-005	P-3-facs_349_tr_1756107919	3	facs_349_tr_1756107919	פֿרידלענדער, מאַקס	אַדאָלף גערטנער	זכר		דער סוביעקט האָט געאַרבעט ביי אים אַלס פּראָפעסיאנעלער סופלער.
M-3-facs_349_tr_1756107919-006	P-3-facs_349_tr_1756107919	3	facs_349_tr_1756107919	פֿרידלענדער, מאַקס	מאָריס שוואַרץ	זכר		דער סוביעקט האָט געאַרבעט מיט אים אַלס סופלער אין די לעצטע יאָרן.
M-3-facs_349_tr_1756107919-007	P-3-facs_349_tr_1756107919	3	facs_349_tr_1756107919	פֿרידלענדער, מאַקס	עדי	זכר	איצט אַ דאָקטאָר אין שיקאַגאָ, האָט אַלס קינד און שפּעטער אויך אַלס יונגער בחור געשפּילט אויף דער יידישער בינע	דער זון פֿונעם סוביעקט.
M-3-facs_349_tr_1756107919-008	P-3-facs_349_tr_1756107919	3	facs_349_tr_1756107919	פֿרידלענדער, מאַקס	דזשעני גאָלדשטיין	נקבה	שוישפּילערין	דער סוביעקט האָט איר געבראַכט קיין דרום אַמעריקע.
M-3-facs_349_tr_1756107919-009	P-3-facs_349_tr_1756107919	3	facs_349_tr_1756107919	פֿרידלענדער, מאַקס	פֿריידעלע אוישער	נקבה	שוישפּילערין	דער סוביעקט האָט איר געבראַכט קיין דרום אַמעריקע.
M-3-facs_349_tr_1756107919-010	P-3-facs_349_tr_1756107919	3	facs_349_tr_1756107919	פֿרידלענדער, מאַקס	סילוויאַ פישמאַן	נקבה	שוישפּילערין	די פרוי פֿונעם סוביעקט, ער האָט איר אויך געבראַכט קיין דרום אַמעריקע.
M-3-facs_349_tr_1756107919-011	P-3-facs_349_tr_1756107919	3	facs_349_tr_1756107919	פֿרידלענדער, מאַקס	היימי פּריזאַנט	זכר	שוישפּילער	דער סוביעקט האָט אים געבראַכט קיין דרום אַמעריקע.
M-3-facs_349_tr_1756107919-012	P-3-facs_349_tr_1756107919	3	facs_349_tr_1756107919	פֿרידלענדער, מאַקס	אהרן לעבעדעוו	זכר	שוישפּילער	דער סוביעקט האָט אים געבראַכט קיין דרום אַמעריקע.
M-3-facs_349_tr_1756107920-000	P-3-facs_349_tr_1756107920	3	facs_349_tr_1756107920	צווערלינג, יעטאַ	פֿאָטער*	זכר	אַן אָנגעשטעלטער אין אַ פֿרוכט-געשעפט און גלייכצייטיק אַ קלעזמער	ער איז דער פֿאָטער פֿון דער סוביעקט.
M-3-facs_349_tr_1756107920-001	P-3-facs_349_tr_1756107920	3	facs_349_tr_1756107920	צווערלינג, יעטאַ	בעסי	נקבה	האָט געזונגען אין כאָר פֿון לעמבערגער יידישן טעאַטער און געשפילט אין מוזיל-האָלס	זי איז די שוועסטער פֿון דער סוביעקט.
M-3-facs_349_tr_1756107920-002	P-3-facs_349_tr_1756107920	3	facs_349_tr_1756107920	צווערלינג, יעטאַ	מעימי	נקבה	האָט געזונגען אין כאָר פֿון לעמבערגער יידישן טעאַטער, האָט געשפּילט אַ צייט אין יידישן טעאַטער	זי איז די שוועסטער פֿון דער סוביעקט.
M-3-facs_349_tr_1756107920-003	P-3-facs_349_tr_1756107920	3	facs_349_tr_1756107920	צווערלינג, יעטאַ	סעראַ אַדלער	נקבה		די סוביעקט האָט געשפּילט בעת אירע גאַסטשפּילן.
M-3-facs_349_tr_1756107920-004	P-3-facs_349_tr_1756107920	3	facs_349_tr_1756107920	צווערלינג, יעטאַ	יאָזער קעסלער	זכר		די סוביעקט האָט געשפּילט בעת זיינע גאַסטשפּילן.
M-3-facs_349_tr_1756107920-005	P-3-facs_349_tr_1756107920	3	facs_349_tr_1756107920	צווערלינג, יעטאַ	סעם קלינעצקי	זכר		זי שפּילט יידיש וואָדעווייל מיט אים.
M-3-facs_349_tr_1756107920-006	P-3-facs_349_tr_1756107920	3	facs_349_tr_1756107920	צווערלינג, יעטאַ	ליאָן עראָל	זכר		זי שפּילט אין דער מוזיק.-קאָמעדיע אונטער זיין לייטונג.
M-3-facs_349_tr_1756107920-007	P-3-facs_349_tr_1756107920	3	facs_349_tr_1756107920	צווערלינג, יעטאַ	אַנשל שאָר	זכר		זי שפּילט אין פֿילאַדעלפיע ביי אים, וועלכער פֿאַרפֿולקומט זי אין יידיש.
M-3-facs_349_tr_1756107920-008	P-3-facs_349_tr_1756107920	3	facs_349_tr_1756107920	צווערלינג, יעטאַ	לעאָן בלאַנק	זכר	גאַסטראָלירנדיקער	די סוביעקט האָט געשפּילט מיט אים.
M-3-facs_349_tr_1756107920-009	P-3-facs_349_tr_1756107920	3	facs_349_tr_1756107920	צווערלינג, יעטאַ	צילע אַדלער	נקבה	גאַסטראָלירנדיקע	די סוביעקט האָט געשפּילט מיט איר.
M-3-facs_349_tr_1756107920-010	P-3-facs_349_tr_1756107920	3	facs_349_tr_1756107920	צווערלינג, יעטאַ	סעם קעסטין	זכר	גאַסטראָלירנדיקער	די סוביעקט האָט געשפּילט מיט אים.
M-3-facs_349_tr_1756107920-011	P-3-facs_349_tr_1756107920	3	facs_349_tr_1756107920	צווערלינג, יעטאַ	דיינע פֿיינמאַן	נקבה	גאַסטראָלירנדיקע	די סוביעקט האָט געשפּילט מיט איר.
M-3-facs_349_tr_1756107920-012	P-3-facs_349_tr_1756107920	3	facs_349_tr_1756107920	צווערלינג, יעטאַ	סעמיועל גאָלדענבורג	זכר	גאַסטראָלירנדיקער	זי שפּילט מיט אים אין סטודענט פּרינץ.
M-3-facs_349_tr_1756107920-013	P-3-facs_349_tr_1756107920	3	facs_349_tr_1756107920	צווערלינג, יעטאַ	באָריס טאָמאַשעווסקי	זכר	גאַסטראָלירנדיקער	די סוביעקט האָט געשפּילט מיט אים.
M-3-facs_349_tr_1756107920-014	P-3-facs_349_tr_1756107920	3	facs_349_tr_1756107920	צווערלינג, יעטאַ	דזשייקאָבס	זכר	דירעקטאָר	"ער איז אַ דירעקטאָר פֿונעם „גרענד""-טעאַטער."
M-3-facs_349_tr_1756107920-015	P-3-facs_349_tr_1756107920	3	facs_349_tr_1756107920	צווערלינג, יעטאַ	גאָלדבערג	זכר	דירעקטאָר	"ער איז אַ דירעקטאָר פֿונעם „גרענד""-טעאַטער."
M-3-facs_349_tr_1756107920-016	P-3-facs_349_tr_1756107920	3	facs_349_tr_1756107920	צווערלינג, יעטאַ	בערטאַ קאַליש	נקבה		"זי שפּילט מיט איר אין „די נשמה פֿון אַ פרוי""."
M-3-facs_349_tr_1756107920-017	P-3-facs_349_tr_1756107920	3	facs_349_tr_1756107920	צווערלינג, יעטאַ	טאַנצמאַן	זכר		"זי שפּילט מיט אים אין „פּראָספּעקט""-טעאַטער."
M-3-facs_349_tr_1756107920-018	P-3-facs_349_tr_1756107920	3	facs_349_tr_1756107920	צווערלינג, יעטאַ	יצחק פעלד	זכר		ער איז געווען דער פּאַרטנער-קאָמיקער מיט דער סוביעקט.
M-3-facs_349_tr_1756107920-019	P-3-facs_349_tr_1756107920	3	facs_349_tr_1756107920	צווערלינג, יעטאַ	דזשוליוס נאַטאַנסאָן	זכר		ער איז געווען דער פּאַרטנער-קאָמיקער מיט דער סוביעקט.
M-3-facs_349_tr_1756107920-020	P-3-facs_349_tr_1756107920	3	facs_349_tr_1756107920	צווערלינג, יעטאַ	עלי מינץ	זכר		ער איז געווען דער פּאַרטנער-קאָמיקער מיט דער סוביעקט.
M-3-facs_349_tr_1756107920-021	P-3-facs_349_tr_1756107920	3	facs_349_tr_1756107920	צווערלינג, יעטאַ	איזידאָר מעלצער	זכר		ער איז געווען דער פּאַרטנער-קאָמיקער מיט דער סוביעקט.
M-3-facs_349_tr_1756107920-022	P-3-facs_349_tr_1756107920	3	facs_349_tr_1756107920	צווערלינג, יעטאַ	אַדאָלף פעניגשטיין	זכר		ער איז געווען דער פּאַרטנער-קאָמיקער מיט דער סוביעקט.
M-3-facs_349_tr_1756107920-023	P-3-facs_349_tr_1756107920	3	facs_349_tr_1756107920	צווערלינג, יעטאַ	אוירווינג דזשייקאָבסאָן	זכר		ער איז געווען דער פּאַרטנער-קאָמיקער מיט דער סוביעקט אויף דער בינע און ראַדיאָ.
M-3-facs_349_tr_1756107920-024	P-3-facs_349_tr_1756107920	3	facs_349_tr_1756107920	צווערלינג, יעטאַ	משה סקולניק	זכר		ער איז געווען דער פּאַרטנער-קאָמיקער מיט דער סוביעקט.
M-3-facs_349_tr_1756107920-025	P-3-facs_349_tr_1756107920	3	facs_349_tr_1756107920	צווערלינג, יעטאַ	לעאָן פוקס	זכר		ער איז געווען דער פּאַרטנער-קאָמיקער מיט דער סוביעקט.
M-3-facs_349_tr_1756107920-026	P-3-facs_349_tr_1756107920	3	facs_349_tr_1756107920	צווערלינג, יעטאַ	אַלשאַנעצקי	זכר		ער האָט געשריבן קאָמישע פּאָט פּיריס פֿאַר דער סוביעקט.
M-3-facs_349_tr_1756107920-027	P-3-facs_349_tr_1756107920	3	facs_349_tr_1756107920	צווערלינג, יעטאַ	סעקונדע	זכר		ער האָט געשריבן קאָמישע פּאָט פּיריס פֿאַר דער סוביעקט.
M-3-facs_349_tr_1756107920-028	P-3-facs_349_tr_1756107920	3	facs_349_tr_1756107920	צווערלינג, יעטאַ	עלשטיין	זכר		ער האָט געשריבן קאָמישע פּאָט פּיריס פֿאַר דער סוביעקט.
M-3-facs_349_tr_1756107920-029	P-3-facs_349_tr_1756107920	3	facs_349_tr_1756107920	צווערלינג, יעטאַ	טרילינג	זכר		ער האָט געשריבן קאָמישע פּאָט פּיריס פֿאַר דער סוביעקט.
M-3-facs_349_tr_1756107920-030	P-3-facs_349_tr_1756107920	3	facs_349_tr_1756107920	צווערלינג, יעטאַ	דזשעיקאָב דזשייקאָבס	זכר		ער האָט פֿאַריידישט ענגלישע לידער פֿאַר דער סוביעקט.
M-3-facs_349_tr_1756107920-031	P-3-facs_349_tr_1756107920	3	facs_349_tr_1756107920	צווערלינג, יעטאַ	סימאָר רעכטצייט	זכר		זי האָט צוזאַמען מיט אים גאַסטראָלירט אין מעקסיקאָ.
M-3-facs_349_tr_1756107920-032	P-3-facs_349_tr_1756107920	3	facs_349_tr_1756107920	צווערלינג, יעטאַ	לעאַ פוקס	נקבה		די סוביעקט האָט געשפּילט מיט איר.
M-3-facs_349_tr_1756107920-033	P-3-facs_349_tr_1756107920	3	facs_349_tr_1756107920	צווערלינג, יעטאַ	חיים טויבער	זכר		די סוביעקט האָט געשפּילט מיט אים אין יידיש.
M-3-facs_349_tr_1756107920-034	P-3-facs_349_tr_1756107920	3	facs_349_tr_1756107920	צווערלינג, יעטאַ	ישראל ראָזענבערג	זכר		"זי האָט געשפּילט אין זיין פּיעסע „פֿאַמיליע מיש מאָש""."
M-3-facs_349_tr_1756107920-035	P-3-facs_349_tr_1756107920	3	facs_349_tr_1756107920	צווערלינג, יעטאַ	אַסיפּ דימאָוו	זכר		זי האָט זיך באַטייליקט אין עטלעכע מוואָווי-פּיעסן אונטער זיין רעזשי.
M-3-facs_349_tr_1756107920-036	P-3-facs_349_tr_1756107920	3	facs_349_tr_1756107920	צווערלינג, יעטאַ	יצחק פרענקל	זכר		זי האָט זיך באַטייליקט אין זיינע יידישע פֿילמען.
M-3-facs_349_tr_1756107920-037	P-3-facs_349_tr_1756107920	3	facs_349_tr_1756107920	צווערלינג, יעטאַ	איזידאָר לעש	זכר		זי האָט זיך באַטייליקט אין זיין יידישן פֿילם.
M-3-facs_349_tr_1756107920-038	P-3-facs_349_tr_1756107920	3	facs_349_tr_1756107920	צווערלינג, יעטאַ	מיכאָל ראָזענבערג	זכר		"זי האָט זיך באַטייליקט מיט אים אין דעם וואָדעוויל-פֿילם „מזל טוב, יידן""."
M-3-facs_349_tr_1756107920-039	P-3-facs_349_tr_1756107920	3	facs_349_tr_1756107920	צווערלינג, יעטאַ	בען גיטלין	זכר		"זי האָט זיך באַטייליקט אין זיין פֿילם „כל נדרי""."
M-3-facs_349_tr_1756107920-040	P-3-facs_349_tr_1756107920	3	facs_349_tr_1756107920	צווערלינג, יעטאַ	חנאַ גאָטעספעלד	זכר		"ער האָט געדרוקט אין „פֿאַרווערטס"" אַ סעריע עפּיזאָדן פֿון איר לעבן."
M-3-facs_349_tr_1756107920-041	P-3-facs_349_tr_1756107920	3	facs_349_tr_1756107920	צווערלינג, יעטאַ	אַרטי	זכר	האָט געשפּילט קינדער-ראָלן	ער איז דער זון פֿון דער סוביעקט.
M-3-facs_349_tr_1756107920-042	P-3-facs_349_tr_1756107920	3	facs_349_tr_1756107920	צווערלינג, יעטאַ	סידני	זכר	האָט געשפּילט קינדער-ראָלן	ער איז דער זון פֿון דער סוביעקט.
M-3-facs_349_tr_1756107920-043	P-3-facs_349_tr_1756107920	3	facs_349_tr_1756107920	צווערלינג, יעטאַ	אַלבערט	זכר	האָט געשפּילט קינדער-ראָלן	ער איז דער זון פֿון דער סוביעקט.
M-3-facs_349_tr_1756107920-044	P-3-facs_349_tr_1756107920	3	facs_349_tr_1756107920	צווערלינג, יעטאַ	מאָרגענבעסער	זכר	אַקטיאָר	ער איז געווען דער שוואָגער פֿון דער סוביעקט (פֿאַרהייראָט צו מעימי).
M-3-facs_349_tr_1756107920-045	P-3-facs_349_tr_1756107920	3	facs_349_tr_1756107920	צווערלינג, יעטאַ	קופּערשמידט	זכר	אַקטיאָר	ער איז דער שוואָגער פֿון דער סוביעקט (פֿאַרהייראָט צו מעימי).
M-3-facs_350_tr_1756108023-000	P-3-facs_350_tr_1756108023	3	facs_350_tr_1756108023	לעוו, זיגמונט [אש-זעליג]	מלמד *	זכר	אַ מלמד פֿאַר די קינדער פֿין דאָרף	אַ מלמד ביי וועמען ל. האָט אויך געלערנט.
M-3-facs_350_tr_1756108023-001	P-3-facs_350_tr_1756108023	3	facs_350_tr_1756108023	לעוו, זיגמונט [אש-זעליג]	פֿאָטער *	זכר	האָט געהאַ-טן אַ טאַרטאַק, נעמט האַנדלען מיט ליכט	דער פֿאָטער פֿון ל.
M-3-facs_350_tr_1756108023-002	P-3-facs_350_tr_1756108023	3	facs_350_tr_1756108023	לעוו, זיגמונט [אש-זעליג]	בערל שנאַפּער	זכר	דעם שפּעטערדיקן דיכטער	אַ חבר פֿון ל.
M-3-facs_350_tr_1756108023-003	P-3-facs_350_tr_1756108023	3	facs_350_tr_1756108023	לעוו, זיגמונט [אש-זעליג]	קרייזשיזשאַנאָווסקי	זכר	פֿון דער אַרטיקער פּוילישער דראַמאַטישער שול	ל. טרעט אַריין אין דער דראַמאַטישער שול פֿון אים.
M-3-facs_350_tr_1756108023-004	P-3-facs_350_tr_1756108023	3	facs_350_tr_1756108023	לעוו, זיגמונט [אש-זעליג]	פֿראַנטשקאָווסקי	זכר	פֿון דער אַרטיקער פּוילישער דראַמאַטישער שול	ל. טרעט אַריין אין דער דראַמאַטישער שול פֿון אים.
M-3-facs_350_tr_1756108023-005	P-3-facs_350_tr_1756108023	3	facs_350_tr_1756108023	לעוו, זיגמונט [אש-זעליג]	דר. יעקב הורוויץ	זכר		ל. טרעט אַריין אין „תיאָטרון עברי“ צוזאַמען מיט אים.
M-3-facs_350_tr_1756108023-006	P-3-facs_350_tr_1756108023	3	facs_350_tr_1756108023	לעוו, זיגמונט [אש-זעליג]	נחמן זיבעל	זכר		ל. טרעט אַריין אין „תיאָטרון עברי“ צוזאַמען מיט אים.
M-3-facs_350_tr_1756108023-007	P-3-facs_350_tr_1756108023	3	facs_350_tr_1756108023	לעוו, זיגמונט [אש-זעליג]	תאומי	זכר		ל. טרעט אַריין אין „תיאָטרון עברי“ צוזאַמען מיט אים.
M-3-facs_350_tr_1756108023-008	P-3-facs_350_tr_1756108023	3	facs_350_tr_1756108023	לעוו, זיגמונט [אש-זעליג]	כרמלית			ל. טרעט אַריין אין „תיאָטרון עברי“ צוזאַמען מיט איר אָדער אים.
M-3-facs_350_tr_1756108023-009	P-3-facs_350_tr_1756108023	3	facs_350_tr_1756108023	לעוו, זיגמונט [אש-זעליג]	פֿאָל קלאָצקין	זכר		ל. טרעט אַריין אין „תיאָטרון עברי“ צוזאַמען מיט אים.
M-3-facs_350_tr_1756108023-010	P-3-facs_350_tr_1756108023	3	facs_350_tr_1756108023	לעוו, זיגמונט [אש-זעליג]	יוסף מאָורער	זכר		ל. טרעט אַריין אין דעם יונגען טעאַטער „דער קוואַל“ צוזאַמען מיט אים.
M-3-facs_350_tr_1756108023-011	P-3-facs_350_tr_1756108023	3	facs_350_tr_1756108023	לעוו, זיגמונט [אש-זעליג]	לעאָן נאָרעפּקין	זכר		ל. טרעט אַריין אין דעם יונגען טעאַטער „דער קוואַל“ צוזאַמען מיט אים.
M-3-facs_350_tr_1756108023-012	P-3-facs_350_tr_1756108023	3	facs_350_tr_1756108023	לעוו, זיגמונט [אש-זעליג]	יואל לוסטערניק [שפּיגעל]	זכר		ער האָט דיריגירט די אויפֿפֿירונג וואו ל. האָט געשפּילט.
M-3-facs_351_tr_1756108349-000	P-3-facs_351_tr_1756108349	3	facs_351_tr_1756108349	ראָזענצווייג, ראוז-לי	פּריוואַטן לערער*	זכר		ר. האָט געלערנט יידיש ביי אים.
M-3-facs_351_tr_1756108349-001	P-3-facs_351_tr_1756108349	3	facs_351_tr_1756108349	ראָזענצווייג, ראוז-לי	גאָלדפֿאַדענס	זכר	דראַמאַטורג	"ר. האָט געשפּילט אין זיין פּיעסע ""עקדת יצחק""."
M-3-facs_351_tr_1756108349-002	P-3-facs_351_tr_1756108349	3	facs_351_tr_1756108349	ראָזענצווייג, ראוז-לי	לאַטיינערס	זכר	דראַמאַטורג	"ר. האָט געשפּילט אין זיין פּיעסע ""יוסף מיט די ברידער""."
M-3-facs_351_tr_1756108349-003	P-3-facs_351_tr_1756108349	3	facs_351_tr_1756108349	ראָזענצווייג, ראוז-לי	הירשביינס	זכר	דראַמאַטורג	"ר. האָט געשפּילט אין זיין פּיעסע ""פראַסט-בלומען""."
M-3-facs_351_tr_1756108349-004	P-3-facs_351_tr_1756108349	3	facs_351_tr_1756108349	ראָזענצווייג, ראוז-לי	יעקב ראָטבאום	זכר	רעזשיסאָר	ר. האָט געשפּילט אונטער זיין רעזשי.
M-3-facs_351_tr_1756108349-005	P-3-facs_351_tr_1756108349	3	facs_351_tr_1756108349	ראָזענצווייג, ראוז-לי	דוד ליכט	זכר	רעזשיסאָר	ר. האָט געשפּילט אונטער זיין רעזשי.
M-3-facs_351_tr_1756108349-006	P-3-facs_351_tr_1756108349	3	facs_351_tr_1756108349	ראָזענצווייג, ראוז-לי	שלום אַשס	זכר	דראַמאַטורג	"ר. האָט געשפּילט אין זיין פּיעסע ""אַנקל מאָזעס""."
M-3-facs_351_tr_1756108349-007	P-3-facs_351_tr_1756108349	3	facs_351_tr_1756108349	ראָזענצווייג, ראוז-לי	שלום עליכמס	זכר	דראַמאַטורג	"ר. האָט געשפּילט אין זיין פּיעסע ""דאָס גרויסע געווינס""."
M-3-facs_351_tr_1756108349-008	P-3-facs_351_tr_1756108349	3	facs_351_tr_1756108349	ראָזענצווייג, ראוז-לי	לעאָן קאָברינס	זכר	דראַמאַטורג	"ר. האָט געשפּילט אין זיין פּיעסע ""ריווערסייד דרייוו""."
M-3-facs_351_tr_1756108349-009	P-3-facs_351_tr_1756108349	3	facs_351_tr_1756108349	ראָזענצווייג, ראוז-לי	אוירווינג דזשייקאָבסאָן	זכר	דירעקטאָר	ר. האָט געשפּילט אין זיין טעאַטער.
M-3-facs_351_tr_1756108349-010	P-3-facs_351_tr_1756108349	3	facs_351_tr_1756108349	ראָזענצווייג, ראוז-לי	אוירווינג גראָסמאַן	זכר	דירעקטאָר	ר. האָט געשפּילט אין זיין טעאַטער.
M-3-facs_351_tr_1756108349-011	P-3-facs_351_tr_1756108349	3	facs_351_tr_1756108349	ראָזענצווייג, ראוז-לי	סיגעלס	זכר	דראַמאַטורג	"ר. האָט געשפּילט אין זיין פּיעסע ""דער חופה מאַרש""."
M-3-facs_351_tr_1756108349-012	P-3-facs_351_tr_1756108349	3	facs_351_tr_1756108349	ראָזענצווייג, ראוז-לי	נייטאָן גאָלדבערג	זכר	רעזשיסאָר	ר. האָט געשפּילט אונטער זיין רעזשי.
M-3-facs_351_tr_1756108349-013	P-3-facs_351_tr_1756108349	3	facs_351_tr_1756108349	ראָזענצווייג, ראוז-לי	קאַלמאַנאָוויטשעס	זכר	דראַמאַטורג	"ר. האָט געשפּילט אין זיין פּיעסע ""געלט איז ניט אַלץ""."
M-3-facs_351_tr_1756108349-014	P-3-facs_351_tr_1756108349	3	facs_351_tr_1756108349	ראָזענצווייג, ראוז-לי	בן ציון וויטלער	זכר	רעזשיסאָר	ר. האָט געשפּילט אונטער זיין רעזשי.
M-3-facs_351_tr_1756108349-015	P-3-facs_351_tr_1756108349	3	facs_351_tr_1756108349	ראָזענצווייג, ראוז-לי	ליבינס	זכר	דראַמאַטורג	"ר. האָט געשפּילט אין זיין פּיעסע ""קינדער פֿאַרגען ניט""."
M-3-facs_351_tr_1756108349-016	P-3-facs_351_tr_1756108349	3	facs_351_tr_1756108349	ראָזענצווייג, ראוז-לי	פֿריימאַנס	זכר	דראַמאַטורג	"ר. האָט געשפּילט אין זיין פּיעסע ""די פֿריילעכע מאַמע""."
M-3-facs_351_tr_1756108349-017	P-3-facs_351_tr_1756108349	3	facs_351_tr_1756108349	ראָזענצווייג, ראוז-לי	מאַקס באָזשיק	זכר	רעזשיסאָר	ר. האָט געשפּילט אונטער זיין רעזשי.
M-3-facs_351_tr_1756108349-018	P-3-facs_351_tr_1756108349	3	facs_351_tr_1756108349	ראָזענצווייג, ראוז-לי	שעפטל זאַק	זכר	רעזשיסאָר	ר. האָט געשפּילט אונטער זיין רעזשי.
M-3-facs_351_tr_1756108349-019	P-3-facs_351_tr_1756108349	3	facs_351_tr_1756108349	ראָזענצווייג, ראוז-לי	י. יאָש	זכר	דראַמאַטורג	"ר. האָט געשפּילט אין זיין פּיעסע ""די ערשטע שוואַלב""."
M-3-facs_351_tr_1756108349-020	P-3-facs_351_tr_1756108349	3	facs_351_tr_1756108349	ראָזענצווייג, ראוז-לי	חנאַ גאָטעספעלד		דראַמאַטורג	"ר. האָט געשפּילט אין זיין פּיעסע ""פרנסה""."
M-3-facs_351_tr_1756108353-000	P-3-facs_351_tr_1756108353	3	facs_351_tr_1756108353	רוסקין, שמעון	פֿאָטער *	זכר	אַ גרויסער טעאַטער-ליבהאָבער, קליינהענדלער	ער איז געווען דער פֿאָטער פֿון דעם סוביעקט.
M-3-facs_351_tr_1756108353-001	P-3-facs_351_tr_1756108353	3	facs_351_tr_1756108353	רוסקין, שמעון	מוטער *	נקבה	קליינהענדלער	זי איז געווען די מוטער פֿון דעם סוביעקט.
M-3-facs_351_tr_1756108353-002	P-3-facs_351_tr_1756108353	3	facs_351_tr_1756108353	רוסקין, שמעון	אברהם מאָרעווסקי	זכר		דער סוביעקט האָט געשפּילט אין קינדערראָלן מיט אים.
M-3-facs_351_tr_1756108353-003	P-3-facs_351_tr_1756108353	3	facs_351_tr_1756108353	רוסקין, שמעון	אסתר רחל קאַמינסקי	נקבה		דער סוביעקט האָט געשפּילט אין קינדערראָלן מיט איר.
M-3-facs_351_tr_1756108353-004	P-3-facs_351_tr_1756108353	3	facs_351_tr_1756108353	רוסקין, שמעון	רודאָלף שילדקרויט	זכר		דער סוביעקט האָט געשפּילט מיט אים אין זעלבן טעאַטער.
M-3-facs_351_tr_1756108353-005	P-3-facs_351_tr_1756108353	3	facs_351_tr_1756108353	רוסקין, שמעון	מאָריס שוואַרצס	זכר		דער סוביעקט האָט געשפּילט אין זיין יידישער קונסטטעאַטער.
M-3-facs_351_tr_1756108353-006	P-3-facs_351_tr_1756108353	3	facs_351_tr_1756108353	רוסקין, שמעון	מישע גערמאַן	זכר	מענעדזשער פֿון שיקאַגער לאַגאָן סקווער-טעאַטער	דער סוביעקט איז אָנגאַזשירט געוואָרן ביי אים.
M-3-facs_351_tr_1756108353-007	P-3-facs_351_tr_1756108353	3	facs_351_tr_1756108353	רוסקין, שמעון	מאַקס געביל	זכר		דער סוביעקט האָט געשפּילט ביי אים אַ סעזאָן.
M-3-facs_351_tr_1756108353-008	P-3-facs_351_tr_1756108353	3	facs_351_tr_1756108353	רוסקין, שמעון	נעלי קעסמאַן	נקבה		דער סוביעקט האָט געשפּילט מיט איר אין קלינטאָן סטריט טעאַטער.
M-3-facs_351_tr_1756108353-009	P-3-facs_351_tr_1756108353	3	facs_351_tr_1756108353	רוסקין, שמעון	הערשל צוקערבערג	זכר	מענעדזשער פֿון אַ טעאַטער אין באָסטאָן	דער סוביעקט האָט געשפּילט אין זיין טעאַטער.
M-3-facs_351_tr_1756108353-010	P-3-facs_351_tr_1756108353	3	facs_351_tr_1756108353	רוסקין, שמעון	מיכאַלעסקאָ	זכר	גאַסטראָלער	דער סוביעקט האָט געשפּילט מיט אים אין באָסטאָן.
M-3-facs_351_tr_1756108353-011	P-3-facs_351_tr_1756108353	3	facs_351_tr_1756108353	רוסקין, שמעון	קלאַראַ יאָנג	נקבה	גאַסטראָלער	דער סוביעקט האָט געשפּילט מיט איר אין באָסטאָן.
M-3-facs_351_tr_1756108353-012	P-3-facs_351_tr_1756108353	3	facs_351_tr_1756108353	רוסקין, שמעון	אַסיפּ דימאָווס	זכר		דער סוביעקט האָט זיך באַטייליקט אין זיינע אויפֿפֿירונגען.
M-3-facs_351_tr_1756108353-013	P-3-facs_351_tr_1756108353	3	facs_351_tr_1756108353	רוסקין, שמעון	אַרטור קאָבער	זכר		דער סוביעקט האָט זיך באַטייליקט אין זיין פּיעסע העווינג וואַנדערפול טיים.
M-3-facs_351_tr_1756108353-014	P-3-facs_351_tr_1756108353	3	facs_351_tr_1756108353	רוסקין, שמעון	גאַרפילד	זכר		דער סוביעקט האָט זיך באַטייליקט מיט אים אין אַ פּיעסע.
M-3-facs_351_tr_1756108353-015	P-3-facs_351_tr_1756108353	3	facs_351_tr_1756108353	רוסקין, שמעון	קעטערין לאַק	נקבה		דער סוביעקט האָט זיך באַטייליקט מיט איר אין אַ פּיעסע.
M-3-facs_351_tr_1756108353-016	P-3-facs_351_tr_1756108353	3	facs_351_tr_1756108353	רוסקין, שמעון	שעלדאָן לעאָנאַרד	זכר		דער סוביעקט האָט זיך באַטייליקט מיט אים אין אַ פּיעסע.
M-3-facs_351_tr_1756108353-017	P-3-facs_351_tr_1756108353	3	facs_351_tr_1756108353	רוסקין, שמעון	קאָרנעל וויילד	זכר		דער סוביעקט האָט זיך באַטייליקט מיט אים אין אַ פּיעסע.
M-3-facs_351_tr_1756108353-018	P-3-facs_351_tr_1756108353	3	facs_351_tr_1756108353	רוסקין, שמעון	פיל בעיקער	זכר	סטאָר	דער סוביעקט איז אַרויסגעטראָטן מיט אים אויף דער ענגלישער ראַדיאָ.
M-3-facs_351_tr_1756108353-019	P-3-facs_351_tr_1756108353	3	facs_351_tr_1756108353	רוסקין, שמעון	דזשינדזשאָר ראָדזשערס	נקבה		דער סוביעקט האָט זיך באַטייליקט מיט איר אין אַ פֿילם.
M-3-facs_351_tr_1756108353-020	P-3-facs_351_tr_1756108353	3	facs_351_tr_1756108353	רוסקין, שמעון	דאָגלען פעירפענקס דזשוניאָר	זכר		דער סוביעקט האָט זיך באַטייליקט מיט אים אין אַ פֿילם.
M-3-facs_351_tr_1756108353-021	P-3-facs_351_tr_1756108353	3	facs_351_tr_1756108353	רוסקין, שמעון	לאַמאַר	נקבה	סטאַר	דער סוביעקט האָט זיך באַטייליקט אין פֿילמען מיט איר.
M-3-facs_351_tr_1756108353-022	P-3-facs_351_tr_1756108353	3	facs_351_tr_1756108353	רוסקין, שמעון	געיבל	זכר	סטאַר	דער סוביעקט האָט זיך באַטייליקט אין פֿילמען מיט אים.
M-3-facs_351_tr_1756108353-023	P-3-facs_351_tr_1756108353	3	facs_351_tr_1756108353	רוסקין, שמעון	באָגאַרט	זכר	סטאַר	דער סוביעקט האָט זיך באַטייליקט אין פֿילמען מיט אים.
M-3-facs_351_tr_1756108353-024	P-3-facs_351_tr_1756108353	3	facs_351_tr_1756108353	רוסקין, שמעון	באָיער	זכר	סטאַר	דער סוביעקט האָט זיך באַטייליקט אין פֿילמען מיט אים.
M-3-facs_351_tr_1756108353-025	P-3-facs_351_tr_1756108353	3	facs_351_tr_1756108353	רוסקין, שמעון	קאַלבערט	נקבה	סטאַר	דער סוביעקט האָט זיך באַטייליקט אין פֿילמען מיט איר.
M-3-facs_351_tr_1756108353-026	P-3-facs_351_tr_1756108353	3	facs_351_tr_1756108353	רוסקין, שמעון	דיק פּאול	זכר	סטאַר	דער סוביעקט האָט זיך באַטייליקט אין פֿילמען מיט אים.
M-3-facs_351_tr_1756108353-027	P-3-facs_351_tr_1756108353	3	facs_351_tr_1756108353	רוסקין, שמעון	קערי גרענט	זכר	סטאַר	דער סוביעקט האָט זיך באַטייליקט אין פֿילמען מיט אים.
M-3-facs_351_tr_1756108353-028	P-3-facs_351_tr_1756108353	3	facs_351_tr_1756108353	רוסקין, שמעון	פּאָלאַנסקי	זכר		דער סוביעקט האָט געשפּילט אין זיין פֿילם באָדי ענד סאָל.
M-3-facs_351_tr_1756108353-029	P-3-facs_351_tr_1756108353	3	facs_351_tr_1756108353	רוסקין, שמעון	האָמפּער באַגאַרט	זכר		דער סוביעקט האָט זיך באַטייליקט מיט אים אין דעם פֿילם דאַרק פּעסעדזש.
M-3-facs_351_tr_1756108353-030	P-3-facs_351_tr_1756108353	3	facs_351_tr_1756108353	רוסקין, שמעון	טשעכאָוו	זכר		דער סוביעקט האָט געשפּילט אין זיין פּיעסע דער בער.
M-3-facs_351_tr_1756108353-031	P-3-facs_351_tr_1756108353	3	facs_351_tr_1756108353	רוסקין, שמעון	מאָריס קאַרנאָווסקי	זכר		דער סוביעקט האָט געשפּילט מיט אים אין אַ פּיעסע.
M-3-facs_351_tr_1756108353-032	P-3-facs_351_tr_1756108353	3	facs_351_tr_1756108353	רוסקין, שמעון	ען ריוַואַר	נקבה		דער סוביעקט האָט געשפּילט מיט איר אין אַ פּיעסע.
M-3-facs_351_tr_1756108353-033	P-3-facs_351_tr_1756108353	3	facs_351_tr_1756108353	רוסקין, שמעון	ראָבערט דרייסקאָל	זכר		דער סוביעקט איז אויפֿגעטראָטן מיט אים אויף טעלעוויזיע.
M-3-facs_351_tr_1756108353-034	P-3-facs_351_tr_1756108353	3	facs_351_tr_1756108353	רוסקין, שמעון	לודוויק דאָנאַרט	זכר		דער סוביעקט איז אויפֿגעטראָטן מיט אים אויף טעלעוויזיע.
M-3-facs_351_tr_1756108353-035	P-3-facs_351_tr_1756108353	3	facs_351_tr_1756108353	רוסקין, שמעון	גאָרדינס	זכר		דער סוביעקט האָט געמאַכט אַן אויפֿפֿירונג פֿון זיין פּיעסע.
M-3-facs_351_tr_1756108353-036	P-3-facs_351_tr_1756108353	3	facs_351_tr_1756108353	רוסקין, שמעון	שלום עליכמס	זכר		דער סוביעקט האָט געמאַכט אַן אויפֿפֿירונג פֿון זיין פּיעסע.
M-3-facs_351_tr_1756108353-037	P-3-facs_351_tr_1756108353	3	facs_351_tr_1756108353	רוסקין, שמעון	בנימין צמח	זכר		דער סוביעקט האָט אויפֿגעפֿירט מיט אים אַ פּיעסע.
M-3-facs_351_tr_1756108353-038	P-3-facs_351_tr_1756108353	3	facs_351_tr_1756108353	רוסקין, שמעון	מענדעלע מוכר ספרים	זכר		דער סוביעקט האָט אויפֿגעפֿירט זיין פּיעסע.
M-3-facs_351_tr_1756108353-039	P-3-facs_351_tr_1756108353	3	facs_351_tr_1756108353	רוסקין, שמעון	פּאול מיני	זכר	מוני ווייזנפֿריינד	ער איז געווען אַ שיקאַגער חבר פֿון דעם סוביעקט און פּרעזידענט פֿון דעם קלוב.
M-3-facs_351_tr_1756108353-040	P-3-facs_351_tr_1756108353	3	facs_351_tr_1756108353	רוסקין, שמעון	מאקס פֿרידלענדער	זכר	רעקאָרדינג סעקרעטאַר	ער איז געווען אַ שיקאַגער חבר פֿון דעם סוביעקט.
M-3-facs_351_tr_1756108353-041	P-3-facs_351_tr_1756108353	3	facs_351_tr_1756108353	רוסקין, שמעון	דוד יאַנאַווער	זכר	גרינדער	ער איז געווען אַ שיקאַגער חבר פֿון דעם סוביעקט.
M-3-facs_351_tr_1756108353-042	P-3-facs_351_tr_1756108353	3	facs_351_tr_1756108353	רוסקין, שמעון	משה דאָרף	זכר		ער איז געווען אַ שיקאַגער חבר פֿון דעם סוביעקט.
M-3-facs_351_tr_1756108353-043	P-3-facs_351_tr_1756108353	3	facs_351_tr_1756108353	רוסקין, שמעון	מעקס העניג	זכר	גרינדער און בויער פֿון קלוב	ער איז געווען אַ שיקאַגער חבר פֿון דעם סוביעקט.
M-3-facs_351_tr_1756108353-044	P-3-facs_351_tr_1756108353	3	facs_351_tr_1756108353	רוסקין, שמעון	סעם גערשטענזאַנג	זכר		ער איז געווען אַ שיקאַגער חבר פֿון דעם סוביעקט.
M-3-facs_351_tr_1756108353-045	P-3-facs_351_tr_1756108353	3	facs_351_tr_1756108353	רוסקין, שמעון	לואיס פֿריימאַן	זכר	גרינדער	ער איז געווען אַ שיקאַגער חבר פֿון דעם סוביעקט.
M-3-facs_351_tr_1756108353-046	P-3-facs_351_tr_1756108353	3	facs_351_tr_1756108353	רוסקין, שמעון	סעם גערטלער	זכר		ער איז געווען אַ שיקאַגער חבר פֿון דעם סוביעקט.
M-3-facs_351_tr_1756108353-047	P-3-facs_351_tr_1756108353	3	facs_351_tr_1756108353	רוסקין, שמעון	איירווינג גראָסמאַן	זכר	פּרעזידענט פֿון קלוב	ער איז געווען אַ שיקאַגער חבר פֿון דעם סוביעקט.
M-3-facs_351_tr_1756108353-048	P-3-facs_351_tr_1756108353	3	facs_351_tr_1756108353	רוסקין, שמעון	סעמיועל ה. קאָן	זכר	פינאַנס סעקרעטאָר	ער איז געווען אַ שיקאַגער חבר פֿון דעם סוביעקט.
M-3-facs_351_tr_1756108353-049	P-3-facs_351_tr_1756108353	3	facs_351_tr_1756108353	רוסקין, שמעון	היימי דזשייקאָבסאָן	זכר	פּרעזידענט	ער איז געווען אַ שיקאַגער חבר פֿון דעם סוביעקט.
M-3-facs_351_tr_1756108353-050	P-3-facs_351_tr_1756108353	3	facs_351_tr_1756108353	רוסקין, שמעון	משה נעסטאָר	זכר	וויצע-פרעזידענט	ער איז געווען אַ שיקאַגער חבר פֿון דעם סוביעקט.
M-3-facs_351_tr_1756108353-051	P-3-facs_351_tr_1756108353	3	facs_351_tr_1756108353	רוסקין, שמעון	דוד דענק	זכר	טרעזשורער	ער איז געווען אַ שיקאַגער חבר פֿון דעם סוביעקט.
M-3-facs_351_tr_1756108353-052	P-3-facs_351_tr_1756108353	3	facs_351_tr_1756108353	רוסקין, שמעון	דזשוליוס נאָטאַנסאָן	זכר	מיטגליד פֿון אַ דרייער-קאָמיטעט	ער איז געווען אַ שיקאַגער חבר פֿון דעם סוביעקט.
M-3-facs_351_tr_1756108353-053	P-3-facs_351_tr_1756108353	3	facs_351_tr_1756108353	רוסקין, שמעון	מ. אַשעראָוויטש	זכר	שריפטשטעלער	ער איז געווען אַנוועזנד ביי דער באַגעגעניש פֿון די שיקאַגער חברים.
M-3-facs_351_tr_1756108353-054	P-3-facs_351_tr_1756108353	3	facs_351_tr_1756108353	רוסקין, שמעון	אוירווינג דזשייקאָבסאָן	זכר	עקזעקוטיוו	ער איז געווען אַ מיטגליד אין דער זעלבער אָרגאַניזאַציע ווי דער סוביעקט.
M-3-facs_351_tr_1756108353-055	P-3-facs_351_tr_1756108353	3	facs_351_tr_1756108353	רוסקין, שמעון	פּאול מוניס מוטער *	נקבה		זי איז געווען די מוטער פֿון פּאול מוני.
M-3-facs_351_tr_1756108353-056	P-3-facs_351_tr_1756108353	3	facs_351_tr_1756108353	רוסקין, שמעון	מאָריס נעסטאָר	זכר	צווייטער מאַן פֿון פּאול מוניס מוטער	ער האָט געשטאַרקט דעם געדאַנק צו שאַפן דעם קלוב 'מיר שיקאגער'.
M-3-facs_351_tr_1756108353-057	P-3-facs_351_tr_1756108353	3	facs_351_tr_1756108353	רוסקין, שמעון	דזשעני גאָלדשטיין	נקבה	עקזעקוטיוו	זי איז געווען אַ באַאַמטע אין דער אָרגאַניזאַציע.
M-3-facs_351_tr_1756108353-058	P-3-facs_351_tr_1756108353	3	facs_351_tr_1756108353	רוסקין, שמעון	מאַקס באָזשיק	זכר	עקזעקוטיוו	ער איז געווען אַ באַאַמטע אין דער אָרגאַניזאַציע.
M-3-facs_351_tr_1756108353-059	P-3-facs_351_tr_1756108353	3	facs_351_tr_1756108353	רוסקין, שמעון	דזשעק סיגאַל	זכר	פּרעזידענט 1959-1960	ער איז געווען אַ באַאַמטע אין דער אָרגאַניזאַציע.
M-3-facs_351_tr_1756108353-060	P-3-facs_351_tr_1756108353	3	facs_351_tr_1756108353	רוסקין, שמעון	דזשאָן גראָסמאַן	זכר	עקזעקוטיוו	ער איז געווען אַ מיטגליד פֿון דער עקזעקוטיוו.
M-3-facs_351_tr_1756108353-061	P-3-facs_351_tr_1756108353	3	facs_351_tr_1756108353	רוסקין, שמעון	אייב דאָרף	זכר	עקזעקוטיוו	ער איז געווען אַ מיטגליד פֿון דער עקזעקוטיוו.
M-3-facs_351_tr_1756108353-062	P-3-facs_351_tr_1756108353	3	facs_351_tr_1756108353	רוסקין, שמעון	דזשעני קאָן	נקבה	עקזעקוטיוו	זי איז געווען אַ מיטגליד פֿון דער עקזעקוטיוו.
M-3-facs_351_tr_1756108353-063	P-3-facs_351_tr_1756108353	3	facs_351_tr_1756108353	רוסקין, שמעון	אַרטור ווינטערס	זכר	עקזעקוטיוו	ער איז געווען אַ מיטגליד פֿון דער עקזעקוטיוו.
M-3-facs_351_tr_1756108353-064	P-3-facs_351_tr_1756108353	3	facs_351_tr_1756108353	רוסקין, שמעון	מאַקס קלעטער	זכר	געוועזענער פּרעזידענט	ער איז געווען אַ פּרעזידענט פֿון דער אָרגאַניזאַציע.
M-3-facs_351_tr_1756108353-065	P-3-facs_351_tr_1756108353	3	facs_351_tr_1756108353	רוסקין, שמעון	הערמאַן יאַבלאָקאָוו	זכר	געוועזענער פּרעזידענט	ער איז געווען אַ פּרעזידענט פֿון דער אָרגאַניזאַציע.
M-3-facs_351_tr_1756108353-066	P-3-facs_351_tr_1756108353	3	facs_351_tr_1756108353	רוסקין, שמעון	אָסקאָר גרין	זכר	געוועזענער פּרעזידענט	ער איז געווען אַ פּרעזידענט פֿון דער אָרגאַניזאַציע.
M-3-facs_351_tr_1756108353-067	P-3-facs_351_tr_1756108353	3	facs_351_tr_1756108353	רוסקין, שמעון	אַננאַ טאַבאַק	נקבה	וויצע-פּרעזידענט	זי איז געווען אַ באַאַמטע אין דער אָרגאַניזאַציע.
M-3-facs_351_tr_1756108353-068	P-3-facs_351_tr_1756108353	3	facs_351_tr_1756108353	רוסקין, שמעון	מאָריס טאַרלאָווסקי	זכר	רעק. סעקרעטאָר	ער איז געווען אַ באַאַמטע אין דער אָרגאַניזאַציע.
M-3-facs_351_tr_1756108353-069	P-3-facs_351_tr_1756108353	3	facs_351_tr_1756108353	רוסקין, שמעון	שוירלי סיגאַל	נקבה	פינאַנס סעקרעטאַר	זי איז געווען אַ באַאַמטע אין דער אָרגאַניזאַציע.
M-3-facs_351_tr_1756108353-070	P-3-facs_351_tr_1756108353	3	facs_351_tr_1756108353	רוסקין, שמעון	הער וועקס	זכר	קאַסירער	ער איז געווען אַ באַאַמטע אין דער אָרגאַניזאַציע.
M-3-facs_351_tr_1756108353-071	P-3-facs_351_tr_1756108353	3	facs_351_tr_1756108353	רוסקין, שמעון	מרדכי יחסן	זכר	עקזעקוטיוו סעקרעטאַר	ער איז געווען אַ באַאַמטע אין דער אָרגאַניזאַציע.
M-3-facs_351_tr_1756108353-072	P-3-facs_351_tr_1756108353	3	facs_351_tr_1756108353	רוסקין, שמעון	יוליוס אַדלער	זכר	עקזעקוטיוו	ער איז געווען אַ מיטגליד פֿון דער עקזעקוטיוו.
M-3-facs_351_tr_1756108353-073	P-3-facs_351_tr_1756108353	3	facs_351_tr_1756108353	רוסקין, שמעון	סילוויאַ פֿרידלענדער	נקבה	עקזעקוטיוו	זי איז געווען אַ מיטגליד פֿון דער עקזעקוטיוו.
M-3-facs_351_tr_1756108353-074	P-3-facs_351_tr_1756108353	3	facs_351_tr_1756108353	רוסקין, שמעון	איידא גרין	נקבה	עקזעקוטיוו	זי איז געווען אַ מיטגליד פֿון דער עקזעקוטיוו.
M-3-facs_351_tr_1756108353-075	P-3-facs_351_tr_1756108353	3	facs_351_tr_1756108353	רוסקין, שמעון	פֿיליפּ לאַסקאָווסקי	זכר	עקזעקוטיוו	ער איז געווען אַ מיטגליד פֿון דער עקזעקוטיוו.
M-3-facs_351_tr_1756108353-076	P-3-facs_351_tr_1756108353	3	facs_351_tr_1756108353	רוסקין, שמעון	טשאַרלס ליט	זכר	עקזעקוטיוו	ער איז געווען אַ מיטגליד פֿון דער עקזעקוטיוו.
M-3-facs_351_tr_1756108353-077	P-3-facs_351_tr_1756108353	3	facs_351_tr_1756108353	רוסקין, שמעון	יצחק ליפינסקי	זכר	עקזעקוטיוו	ער איז געווען אַ מיטגליד פֿון דער עקזעקוטיוו.
M-3-facs_351_tr_1756108353-078	P-3-facs_351_tr_1756108353	3	facs_351_tr_1756108353	רוסקין, שמעון	ישראל ראָזנבערג	זכר	עקזעקוטיוו	ער איז געווען אַ מיטגליד פֿון דער עקזעקוטיוו.
M-3-facs_351_tr_1756108353-079	P-3-facs_351_tr_1756108353	3	facs_351_tr_1756108353	רוסקין, שמעון	ליליען זאַץ	נקבה	עקזעקוטיוו	זי איז געווען אַ מיטגליד פֿון דער עקזעקוטיוו.
M-3-facs_351_tr_1756108353-080	P-3-facs_351_tr_1756108353	3	facs_351_tr_1756108353	רוסקין, שמעון	יוליוס וועין	זכר	עקזעקוטיוו	ער איז געווען אַ מיטגליד פֿון דער עקזעקוטיוו.
M-3-facs_351_tr_1756108353-081	P-3-facs_351_tr_1756108353	3	facs_351_tr_1756108353	רוסקין, שמעון	הענריעטאָ דזשייקאָבסאָן	נקבה	עקזעקוטיוו	זי איז געווען אַ מיטגליד פֿון דער עקזעקוטיוו.
M-3-facs_351_tr_1756108353-082	P-3-facs_351_tr_1756108353	3	facs_351_tr_1756108353	רוסקין, שמעון	אַברהם ראַטענשטיין	זכר	עקזעקוטיוו	ער איז געווען אַ מיטגליד פֿון דער עקזעקוטיוו.
M-3-facs_353_r_2-000	P-3-facs_353_r_2	3	facs_353_r_2	טראָסבערג, משה	עלטערן*		שטרענג-אָרטאָדאָקסישע עלטערן	They were the parents of the subject.
M-3-facs_353_r_2-001	P-3-facs_353_r_2	3	facs_353_r_2	טראָסבערג, משה	פֿאָטער*	male		He was the father of the subject.
M-3-facs_353_r_2-002	P-3-facs_353_r_2	3	facs_353_r_2	טראָסבערג, משה	חברים*	male		They were friends of the subject.
M-3-facs_353_r_2-003	P-3-facs_353_r_2	3	facs_353_r_2	טראָסבערג, משה	באַקאַנטע*			They were acquaintances of the subject.
M-3-facs_353_r_2-004	P-3-facs_353_r_2	3	facs_353_r_2	טראָסבערג, משה	יעקב גאָרדין	male	דראַמאַטורג	The subject performed in his repertoire.
M-3-facs_353_r_2-005	P-3-facs_353_r_2	3	facs_353_r_2	טראָסבערג, משה	גימפּל	male	טעאַטער דירעקטאָר	He was a theater director for whom the subject worked.
M-3-facs_353_r_2-006	P-3-facs_353_r_2	3	facs_353_r_2	טראָסבערג, משה	דר. אָנזעלם קליינמאַן	male	ליטעראַרישער לייטער	He was a literary director the subject worked with.
M-3-facs_353_r_2-007	P-3-facs_353_r_2	3	facs_353_r_2	טראָסבערג, משה	שוועסטער*	female		She was the sister of the subject.
M-3-facs_353_r_2-008	P-3-facs_353_r_2	3	facs_353_r_2	טראָסבערג, משה	זיין פרוי*	female	די פרוי פון דר. קליינמאַן	She was a colleague who performed with the subject.
M-3-facs_353_r_2-009	P-3-facs_353_r_2	3	facs_353_r_2	טראָסבערג, משה	קאַרל שענהער	male	דראַמאַטורג	The subject performed in a play written by him.
M-3-facs_353_r_2-010	P-3-facs_353_r_2	3	facs_353_r_2	טראָסבערג, משה	מאָריס שוואַרץ	male	דירעקטאָר פֿון יידישן קונסט-טעאַטער	He was a director and actor who the subject worked with extensively.
M-3-facs_353_r_2-011	P-3-facs_353_r_2	3	facs_353_r_2	טראָסבערג, משה	אַנסקי	male	דראַמאַטורג	The subject performed in his play 'The Dybbuk'.
M-3-facs_353_r_2-012	P-3-facs_353_r_2	3	facs_353_r_2	טראָסבערג, משה	דעיווויד בעלאָסקאַ	male	אַמעריקאַנער טעאַטער-דירעקטאָר	He was a director who engaged the subject for English roles.
M-3-facs_353_r_2-013	P-3-facs_353_r_2	3	facs_353_r_2	טראָסבערג, משה	דעיווייד וואַרפילד	male	אַמעריקאַנער אַקטיאָר	He was an actor who engaged the subject for English roles.
M-3-facs_353_r_2-014	P-3-facs_353_r_2	3	facs_353_r_2	טראָסבערג, משה	ענגלישן לערער*	male		He was a teacher hired to teach English to the subject.
M-3-facs_353_r_2-015	P-3-facs_353_r_2	3	facs_353_r_2	טראָסבערג, משה	שעלספּיר	male	דראַמאַטורג	The subject performed in a play written by him.
M-3-facs_353_r_2-016	P-3-facs_353_r_2	3	facs_353_r_2	טראָסבערג, משה	הערי סעקלער	male		He was the author of a film the subject appeared in.
M-3-facs_353_r_2-017	P-3-facs_353_r_2	3	facs_353_r_2	טראָסבערג, משה	ז. ליבין	male	דראַמאַטורג	The subject performed in his play or film.
M-3-facs_353_r_2-018	P-3-facs_353_r_2	3	facs_353_r_2	טראָסבערג, משה	עדוואַרד דזשי ראָבינסאָן	male	אַקטיאָר	He was a co-actor in an English play with the subject.
M-3-facs_353_r_2-019	P-3-facs_353_r_2	3	facs_353_r_2	טראָסבערג, משה	מוני ווייזענפֿריינד	male	אַקטיאָר	He was a co-actor in a play with the subject.
M-3-facs_353_r_2-020	P-3-facs_353_r_2	3	facs_353_r_2	טראָסבערג, משה	מילדרעד ליעף	female	אַקטריסע	She was a co-actor in English plays with the subject.
M-3-facs_353_r_2-021	P-3-facs_353_r_2	3	facs_353_r_2	טראָסבערג, משה	טשאַרלז עליט	male	אַקטיאָר	He was a co-actor in an English play with the subject.
M-3-facs_353_r_2-022	P-3-facs_353_r_2	3	facs_353_r_2	טראָסבערג, משה	יעקב בן עמי	male	דירעקטאָר און אַקטיאָר	The subject toured and worked in his theater.
M-3-facs_353_r_2-023	P-3-facs_353_r_2	3	facs_353_r_2	טראָסבערג, משה	טענענהאָלץ	male	אַקטיאָר	He co-organized a folk theater with the subject.
M-3-facs_353_r_2-024	P-3-facs_353_r_2	3	facs_353_r_2	טראָסבערג, משה	זשעלאַזא	male	אַקטיאָר	He co-organized a folk theater with the subject.
M-3-facs_353_r_2-025	P-3-facs_353_r_2	3	facs_353_r_2	טראָסבערג, משה	וויעראַ גאָרדאָן	female	אַקטריסע	She was a co-actor in an English play with the subject.
M-3-facs_353_r_2-026	P-3-facs_353_r_2	3	facs_353_r_2	טראָסבערג, משה	דזשין אַרטור	female	אַקטריסע	She was a co-actor in an English play with the subject.
M-3-facs_353_r_2-027	P-3-facs_353_r_2	3	facs_353_r_2	טראָסבערג, משה	משה ריכטער	male	דירעקטאָר פֿון „אָדאָן“-טעאַטער	He was a theater director for whom the subject worked.
M-3-facs_353_r_2-028	P-3-facs_353_r_2	3	facs_353_r_2	טראָסבערג, משה	באָריס טאָמאַשעווסקי	male	דירעקטאָר פֿון „ליריק“-טעאַטער	The subject performed in his theater and films.
M-3-facs_353_r_2-029	P-3-facs_353_r_2	3	facs_353_r_2	טראָסבערג, משה	לייב מלאַך	male	דראַמאַטורג	The subject performed and directed his play.
M-3-facs_353_r_2-030	P-3-facs_353_r_2	3	facs_353_r_2	טראָסבערג, משה	פרענסין לאַרימאָר	female	אַקטריסע	She was a co-actor in an English play with the subject.
M-3-facs_353_r_2-031	P-3-facs_353_r_2	3	facs_353_r_2	טראָסבערג, משה	העלען זשעלינסקאַ	female	אַקטריסע	She was a co-actor in an English play with the subject.
M-3-facs_353_r_2-032	P-3-facs_353_r_2	3	facs_353_r_2	טראָסבערג, משה	סעם לעווין	male	אַקטיאָר	He was a co-actor in English plays and films with the subject.
M-3-facs_353_r_2-033	P-3-facs_353_r_2	3	facs_353_r_2	טראָסבערג, משה	הירשביין	male	דראַמאַטורג	The subject performed in his play.
M-3-facs_353_r_2-034	P-3-facs_353_r_2	3	facs_353_r_2	טראָסבערג, משה	קליפֿאַרד אָדעס	male	דראַמאַטורג	The subject performed in his play.
M-3-facs_353_r_2-035	P-3-facs_353_r_2	3	facs_353_r_2	טראָסבערג, משה	ווינסטאָן שערמאַן	male	אַקטיאָר	He was a co-actor in an English play with the subject.
M-3-facs_353_r_2-036	P-3-facs_353_r_2	3	facs_353_r_2	טראָסבערג, משה	אַננאַ אָפּעל	female	אַקטריסע	She was a co-actor in an English play with the subject.
M-3-facs_353_r_2-037	P-3-facs_353_r_2	3	facs_353_r_2	טראָסבערג, משה	פֿרידרייך וואָלף	male	דראַמאַטורג	The subject performed in a play written by him.
M-3-facs_353_r_2-038	P-3-facs_353_r_2	3	facs_353_r_2	טראָסבערג, משה	צילע אַדלער	female	אַקטריסע	She was a co-actor in a film with the subject.
M-3-facs_353_r_2-039	P-3-facs_353_r_2	3	facs_353_r_2	טראָסבערג, משה	משה אוישער	male	אַקטיאָר	He was a co-actor in films with the subject.
M-3-facs_353_r_2-040	P-3-facs_353_r_2	3	facs_353_r_2	טראָסבערג, משה	הערמאַן יאַבלאָקאָוו	male	דירעקטאָר פֿון סעקאָנד עוועניו טעאַטער	The subject worked for him in his theater.
M-3-facs_353_r_2-041	P-3-facs_353_r_2	3	facs_353_r_2	טראָסבערג, משה	סעמיועל גאָלדענבורג	male	אַקטיאָר	He was a co-actor in a play with the subject.
M-3-facs_353_r_2-042	P-3-facs_353_r_2	3	facs_353_r_2	טראָסבערג, משה	מיכאָל מיכאַלעסקאָ	male	אַקטיאָר	He was a co-actor in a film with the subject.
M-3-facs_353_r_2-043	P-3-facs_353_r_2	3	facs_353_r_2	טראָסבערג, משה	יוסף גרין	male	דירעקטאָר	The subject worked for him in the Folks-Theater.
M-3-facs_353_r_2-044	P-3-facs_353_r_2	3	facs_353_r_2	טראָסבערג, משה	אַרליין פרענציס	female	אַקטריסע	She was a co-actor in an English film with the subject.
M-3-facs_353_r_2-045	P-3-facs_353_r_2	3	facs_353_r_2	טראָסבערג, משה	מאַלי בוירג	female	אַקטריסע	She was a co-actor in an English film with the subject.
M-3-facs_353_r_2-046	P-3-facs_353_r_2	3	facs_353_r_2	טראָסבערג, משה	י. אַלקאַן	male	דראַמאַטורג	The subject performed in his comedy.
M-3-facs_353_r_2-047	P-3-facs_353_r_2	3	facs_353_r_2	טראָסבערג, משה	קאַמיל האָניג	male	דראַמאַטורג	The subject performed in his play.
M-3-facs_353_r_2-048	P-3-facs_353_r_2	3	facs_353_r_2	טראָסבערג, משה	שלום עליכם	male	דראַמאַטורג	The subject performed in his plays.
M-3-facs_353_r_2-049	P-3-facs_353_r_2	3	facs_353_r_2	טראָסבערג, משה	לעאַ פוקס	female	אַקטריסע	She was a co-actor in English comedies with the subject.
M-3-facs_353_r_2-050	P-3-facs_353_r_2	3	facs_353_r_2	טראָסבערג, משה	זילבערצווייג	male	דראַמאַטיזירער	The subject performed in his dramatizations.
M-3-facs_353_r_2-051	P-3-facs_353_r_2	3	facs_353_r_2	טראָסבערג, משה	פעני עדעלמאַן	female	מחברת	The subject performed in dramatizations of her stories.
M-3-facs_353_r_2-052	P-3-facs_353_r_2	3	facs_353_r_2	טראָסבערג, משה	צילע סילווער	female	אַקטריסע	She was a co-performer in dramatizations with the subject.
M-3-facs_353_r_2-053	P-3-facs_353_r_2	3	facs_353_r_2	טראָסבערג, משה	ל. טרייסטער	male	דראַמאַטורג	The subject acted in and designed sets for his play.
M-3-facs_353_r_2-054	P-3-facs_353_r_2	3	facs_353_r_2	טראָסבערג, משה	פּאַול דאָגלעס	male	אַקטיאָר	He was a co-actor on Broadway with the subject.
M-3-facs_353_r_2-055	P-3-facs_353_r_2	3	facs_353_r_2	טראָסבערג, משה	אַרנאָלד שולמאַן	male	דראַמאַטורג	The subject performed in his play.
M-3-facs_353_r_2-056	P-3-facs_353_r_2	3	facs_353_r_2	טראָסבערג, משה	משה דלוזשנאָווסקי	male	דראַמאַטורג	The subject designed decorations for his play.
M-3-facs_353_r_2-057	P-3-facs_353_r_2	3	facs_353_r_2	טראָסבערג, משה	דזשעסי ווהייט	male	אַקטיאָר	He was a co-actor in an English play with the subject.
M-3-facs_353_r_2-058	P-3-facs_353_r_2	3	facs_353_r_2	טראָסבערג, משה	מאַרק שווייד	male	אַקטיאָר	He was a co-performer on English radio with the subject.
M-3-facs_353_r_2-059	P-3-facs_353_r_2	3	facs_353_r_2	טראָסבערג, משה	צבי סקולער	male	אַקטיאָר	He was a co-performer on English radio with the subject.
M-3-facs_355_tr_1755856094-000	P-3-facs_355_tr_1755856094	3	facs_355_tr_1755856094	רייזען, זלמן	קלמן	זכר	אַ תבואַה-סוחר, געשריבן שירים אין העברעיש און אין יידיש, אַרויסגעגעבן ספרים און אַרומגעפֿאָרן זיי פֿאַרקויפן, צוגעשטעלט עסנוואַרג צו באַן בוי-אַרבעטער, געוואוינט אין וויניצע, שפּעטער אין זשיטאָמיר, געהאַנדלט מיט פלאַקס, אויך געווען אַ לערער, געוואוינט אין וואַרשע און דערנאָך אין מינסק	ער איז דער פֿאָטער פֿון זלמן רייזען.
M-3-facs_355_tr_1755856094-001	P-3-facs_355_tr_1755856094	3	facs_355_tr_1755856094	רייזען, זלמן	אַברהם	זכר	דער דיכטער	ער איז דער ברודער פֿון זלמן רייזען.
M-3-facs_355_tr_1755856094-002	P-3-facs_355_tr_1755856094	3	facs_355_tr_1755856094	רייזען, זלמן	פּסח	זכר	אָרעמען אָבער „אַריסטאָקראַטישערן“ און וועלטלעכערן זיידן	ער איז דער זיידע פֿון זלמן רייזען.
M-3-facs_355_tr_1755856094-003	P-3-facs_355_tr_1755856094	3	facs_355_tr_1755856094	רייזען, זלמן	* שוועסטער	נקבה	די עלטערע שוועסטער	זי איז די שוועסטער פֿון זלמן רייזען.
M-3-facs_355_tr_1755856094-004	P-3-facs_355_tr_1755856094	3	facs_355_tr_1755856094	רייזען, זלמן	הערשל	זכר		ער איז דער ברודער פֿון זלמן רייזען.
M-3-facs_355_tr_1755856094-005	P-3-facs_355_tr_1755856094	3	facs_355_tr_1755856094	רייזען, זלמן	שרה	נקבה		זי איז די שוועסטער פֿון זלמן רייזען.
M-3-facs_355_tr_1755856094-006	P-3-facs_355_tr_1755856094	3	facs_355_tr_1755856094	רייזען, זלמן	מ. וויינרייך	זכר		ער האָט געשריבן וועגן זלמן רייזענס לעבן און אַרבעט.
M-3-facs_355_tr_1755856094-007	P-3-facs_355_tr_1755856094	3	facs_355_tr_1755856094	רייזען, זלמן	ש. ניגער	זכר	רעדאַקטאָר	ער איז געווען דער רעדאַקטאָר פֿון דעם „לעקסיקאָן פֿון דער יודישער ליטעראַטור און פּרעסע“ וואָס זלמן רייזען האָט צונויפגעשטעלט.
M-3-facs_355_tr_1755856094-008	P-3-facs_355_tr_1755856094	3	facs_355_tr_1755856094	רייזען, זלמן	דר. אַברהם ווירשובסקי	זכר	מיטגליד אין דער רעדאַקציאָנעלער קאָלעגיע	ער איז געווען אַ מיטאַרבעטער פֿון זלמן רייזען אין דער רעדאַקציע פֿון „פנקס פֿאַר דער געשיכטע פֿון ווילנע“.
M-3-facs_355_tr_1755856094-009	P-3-facs_355_tr_1755856094	3	facs_355_tr_1755856094	רייזען, זלמן	ש. ל. ציטראָן	זכר	מיטגליד אין דער רעדאַקציאָנעלער קאָלעגיע	ער איז געווען אַ מיטאַרבעטער פֿון זלמן רייזען אין דער רעדאַקציע פֿון „פנקס פֿאַר דער געשיכטע פֿון ווילנע“.
M-3-facs_355_tr_1755856094-010	P-3-facs_355_tr_1755856094	3	facs_355_tr_1755856094	רייזען, זלמן	דר. צמח שאַבאַד	זכר	מיטגליד אין דער רעדאַקציאָנעלער קאָלעגיע	ער איז געווען אַ מיטאַרבעטער פֿון זלמן רייזען אין דער רעדאַקציע פֿון „פנקס פֿאַר דער געשיכטע פֿון ווילנע“.
M-3-facs_355_tr_1755856094-011	P-3-facs_355_tr_1755856094	3	facs_355_tr_1755856094	רייזען, זלמן	ש. אַנ-סקי	זכר	די יידישער הייסטאָריש-עטנאָגראַפֿישער געזעלשאפט איז אויפֿן זיין נאָמען	זלמן רייזען האָט רעדאַקטירט אַ פנקס פֿאַר דער געזעלשאַפט אויף זיין נאָמען.
M-3-facs_355_tr_1755856094-012	P-3-facs_355_tr_1755856094	3	facs_355_tr_1755856094	רייזען, זלמן	מ. עריקן	זכר		ער האָט געהאַט פֿאַרטיק געמאַכט אַ בוך אין אַ שותפות מיט זלמן רייזען.
M-3-facs_355_tr_1755856094-013	P-3-facs_355_tr_1755856094	3	facs_355_tr_1755856094	רייזען, זלמן	ב. קלעצקין	זכר	פֿאַרלאַג-געבע	ער האָט אַרויסגעגעבן זלמן רייזענס ווערק.
M-3-facs_355_tr_1755856094-014	P-3-facs_355_tr_1755856094	3	facs_355_tr_1755856094	רייזען, זלמן	חיים גינינגער	זכר		ער האָט געשריבן וועגן זלמן רייזענס לעקסיקאָן-אַרבעט.
M-3-facs_355_tr_1755856094-015	P-3-facs_355_tr_1755856094	3	facs_355_tr_1755856094	רייזען, זלמן	א. פֿרידקין	זכר		ער האָט צוזאַמען מיט זלמן רייזען אַרויסגעגעבן „א. ב. גאָטלאָבערס יידישע ווערק“.
M-3-facs_355_tr_1755856094-016	P-3-facs_355_tr_1755856094	3	facs_355_tr_1755856094	רייזען, זלמן	שלום אָש	זכר	דעלעגאַט פֿון יידישן פּען-קלוב	ער איז געווען אַ דעלעגאַט צום פּען-קאָנגרעס צוזאַמען מיט זלמן רייזען.
M-3-facs_355_tr_1755856094-017	P-3-facs_355_tr_1755856094	3	facs_355_tr_1755856094	רייזען, זלמן	מלך ראָוויטש	זכר	דעלעגאַט פֿון יידישן פּען-קלוב	ער איז געווען אַ דעלעגאַט צום פּען-קאָנגרעס צוזאַמען מיט זלמן רייזען.
M-3-facs_355_tr_1755856094-018	P-3-facs_355_tr_1755856094	3	facs_355_tr_1755856094	רייזען, זלמן	שאַול	זכר	מיטאַרבעטער אין „דזשניש קראָניקל“	ער איז דער זון פֿון זלמן רייזען.
M-3-facs_355_tr_1755856094-019	P-3-facs_355_tr_1755856094	3	facs_355_tr_1755856094	רייזען, זלמן	לייבע	זכר		ער איז דער זון פֿון זלמן רייזען.
M-3-facs_355_tr_1755856094-020	P-3-facs_355_tr_1755856094	3	facs_355_tr_1755856094	רייזען, זלמן	מרים	נקבה	מרים רייזען; איז געפאַלן אַ קרבן פֿון דער געשטאָפּאָ	זי איז די פרוי פֿון זלמן רייזען.
M-3-facs_355_tr_1755856094-021	P-3-facs_355_tr_1755856094	3	facs_355_tr_1755856094	רייזען, זלמן	ש. קאַטשערגינסקי	זכר	מחבר פֿון „חורבן ווילנע“	ער האָט געשריבן וועגן דעם חורבן פֿון ווילנע און וועגן מרים רייזען.
M-3-facs_355_tr_1755856094-022	P-3-facs_355_tr_1755856094	3	facs_355_tr_1755856094	רייזען, זלמן	אַברהם זאַק	זכר	שריפטשטעלער	ער האָט איבערגעגעבן ידיעות וועגן זלמן רייזען אין דער תפיסה.
M-3-facs_355_tr_1755856094-023	P-3-facs_355_tr_1755856094	3	facs_355_tr_1755856094	רייזען, זלמן	* דירעקטאָר פון „באַנק פּאָלסקי“	זכר	אַן אַנדערער אַרעסטאַנט	ער איז געזעסן אין איין צעל מיט זלמן רייזען אין דער ווילייקער תפיסה.
M-3-facs_355_tr_1755856094-024	P-3-facs_355_tr_1755856094	3	facs_355_tr_1755856094	רייזען, זלמן	יוסף טשערניכאָוו (דניאלי)	זכר	אַדוואָקאַט	ער איז דערשאָסן געוואָרן דורך דער „נ. ק. וו. ד.“ צוזאַמען מיט זלמן רייזען.
M-3-facs_355_tr_1755856094-025	P-3-facs_355_tr_1755856094	3	facs_355_tr_1755856094	רייזען, זלמן	דעלב באַטאָ-אַנסקי	זכר		ער האָט געשריבן וועגן זלמן רייזענס אַרבעטסזאַמקייט.
M-3-facs_355_tr_1755856094-026	P-3-facs_355_tr_1755856094	3	facs_355_tr_1755856094	רייזען, זלמן	דר. א. מוקדוני	זכר		ער האָט געשריבן וועגן זלמן רייזענס ליבע צום מאַמע-לשון.
M-3-facs_355_tr_1755856094-027	P-3-facs_355_tr_1755856094	3	facs_355_tr_1755856094	רייזען, זלמן	לוסי שילדקרעט	נקבה		זי האָט געשריבן וועגן זלמן רייזענס פּערזענלעכקייט און ענערגיע.
M-3-facs_355_tr_1755856094-028	P-3-facs_355_tr_1755856094	3	facs_355_tr_1755856094	רייזען, זלמן	* פֿאָטער	זכר	אַ בעקער, וואָס איז דערנאָך געוואָרן אַן אויבס-סוחר	ער איז דער פֿאָטער פֿון דעם סוביעקט פֿון דער צווייטער ביאָגראַפיע.
M-3-facs_355_tr_1755856094-029	P-3-facs_355_tr_1755856094	3	facs_355_tr_1755856094	רייזען, זלמן	דוד הערמאַן	זכר		ער איז געווען דער אָנפֿירער פֿון דעם שלום עליכם דראַמאַטישן פֿאַראיין.
M-3-facs_355_tr_1755856094-030	P-3-facs_355_tr_1755856094	3	facs_355_tr_1755856094	רייזען, זלמן	ד			
M-3-facs_355_tr_1755856094-031	P-3-facs_355_tr_1755856094	3	facs_355_tr_1755856094	רייזען, זלמן	שטשאָגאַל	זכר		דער סוביעקט פֿון דער צווייטער ביאָגראַפיע האָט אַרומגעוואַנדערט מיט זיין טרופּע.
M-3-facs_355_tr_1755856094-032	P-3-facs_355_tr_1755856094	3	facs_355_tr_1755856094	רייזען, זלמן	* מומע	נקבה		זי האָט געבראַכט דעם סוביעקט פֿון דער צווייטער ביאָגראַפיע קיין אַמעריקע.
M-3-facs_355_tr_1755856094-033	P-3-facs_355_tr_1755856094	3	facs_355_tr_1755856094	רייזען, זלמן	אַרנאָלד יאָפע	זכר		דער סוביעקט האָט זיך באַטייליקט אין זיין יידישער ראַדיאָ-פּראָגראַם.
M-3-facs_355_tr_1755856094-034	P-3-facs_355_tr_1755856094	3	facs_355_tr_1755856094	רייזען, זלמן	בנימין צמח	זכר		דער סוביעקט האָט ביי אים גענומען דראַם-קורסן.
M-3-facs_355_tr_1755856094-035	P-3-facs_355_tr_1755856094	3	facs_355_tr_1755856094	רייזען, זלמן	בן-עמי	זכר		דער סוביעקט איז אַרומגעפֿאָרן מיט זיין טרופּע.
M-3-facs_355_tr_1755856094-036	P-3-facs_355_tr_1755856094	3	facs_355_tr_1755856094	רייזען, זלמן	א. ליטמאַן	זכר	מענעדזשער אין דעטראָיט	ער איז געווען דער מענעדזשער פֿון דער טרופּע וואו דער סוביעקט האָט געשפּילט.
M-3-facs_355_tr_1755856094-037	P-3-facs_355_tr_1755856094	3	facs_355_tr_1755856094	רייזען, זלמן	אָסקאָר גרין	זכר	מענעדזשער פֿון „האָפּקינסאָן“-טעאַטער	ער האָט אָנגאַזשירט דעם סוביעקט פֿון דער ביאָגראַפיע.
M-3-facs_355_tr_1755856094-038	P-3-facs_355_tr_1755856094	3	facs_355_tr_1755856094	רייזען, זלמן	ישראל ראָזענבערג	זכר		ער האָט פֿאַרבעטן דעם סוביעקט צו שפּילן אין זיין וואָדעווייל-טעאַטער.
M-3-facs_355_tr_1755856094-039	P-3-facs_355_tr_1755856094	3	facs_355_tr_1755856094	רייזען, זלמן	א. אַסטראָף	זכר	מענעדזשער אין שיקאַגאָ	ער האָט אָנגאַזשירט דעם סוביעקט צו שפּילן אין שיקאַגאָ.
M-3-facs_355_tr_1755856094-040	P-3-facs_355_tr_1755856094	3	facs_355_tr_1755856094	רייזען, זלמן	מינאַ בערן	נקבה		זי האָט אויפֿגעטראָטן צוזאַמען מיט דעם סוביעקט אין דעם רעוויו „שלום, תל אביב“.
M-3-facs_355_tr_1755856094-041	P-3-facs_355_tr_1755856094	3	facs_355_tr_1755856094	רייזען, זלמן	מתתיהו ראָזען	זכר	ישראל-שוישפּילער	ער האָט אויפֿגעטראָטן צוזאַמען מיט דעם סוביעקט אין דעם רעוויו „שלום, תל אביב“.
M-3-facs_355_tr_1755856094-042	P-3-facs_355_tr_1755856094	3	facs_355_tr_1755856094	רייזען, זלמן	מאָריס שוואַרצן	זכר		דער סוביעקט האָט אים פֿאַרטרעטן אין אַ ראָל אין ניו יאָרק.
M-3-facs_359_tr_1755856143-000	P-3-facs_359_tr_1755856143	3	facs_359_tr_1755856143	באַנוס, בען	ניסן אַלטער	male	בעת אַ סטאַר-פֿאַרשטעלונג פֿון הירשביינס „דעם שמידס טעכטער“	ניסן אַלטער איז געווען בעת אַ סטאַר-פֿאַרשטעלונג צוזאַמען מיט ב.
M-3-facs_359_tr_1755856143-001	P-3-facs_359_tr_1755856143	3	facs_359_tr_1755856143	באַנוס, בען	הירשביין	male		הירשביין איז דער מחבר פֿון דער פּיעסע „דעם שמידס טעכטער“ אין וועלכער ב. האָט זיך באַטייליקט.
M-3-facs_359_tr_1755856143-002	P-3-facs_359_tr_1755856143	3	facs_359_tr_1755856143	באַנוס, בען	הענריעטאָ דזשייקאָבסאָן	female	מענעדזשער פֿון ניו יאָרקער געשאַנאַל יידישן וואָדעוויל-טעאַטער	הענריעטאָ דזשייקאָבסאָן איז געווען אַ מענעדזשער צוזאַמען מיט ב.
M-3-facs_359_tr_1755856143-003	P-3-facs_359_tr_1755856143	3	facs_359_tr_1755856143	באַנוס, בען	אַברהם ליטמאַן	male	מענעדזשער פֿון ניו יאָרקער געשאַנאַל יידישן וואָדעוויל-טעאַטער	אַברהם ליטמאַן איז געווען אַ מענעדזשער צוזאַמען מיט ב.
M-3-facs_359_tr_1755856143-004	P-3-facs_359_tr_1755856143	3	facs_359_tr_1755856143	באַנוס, בען	פֿישל בימקאָ	male		פֿישל בימקאָ איז דער מחבר פֿון דער אויפֿפֿירונג „פאָטער און זון“ אין וועלכער ב. האָט זיך באַטייליקט.
M-3-facs_359_tr_1755856143-005	P-3-facs_359_tr_1755856143	3	facs_359_tr_1755856143	באַנוס, בען	י. ל. וואָלפסאָן	male		י. ל. וואָלפסאָן איז דער מחבר פֿון דעם ליד „מאַמע שפּראָך“ וואָס ב. האָט אַרויסגעגעבן.
M-3-facs_359_tr_1755856143-006	P-3-facs_359_tr_1755856143	3	facs_359_tr_1755856143	באַנוס, בען	חיים קאַטילאַנסקי	male		חיים קאַטילאַנסקי איז דער מחבר פֿון דעם ליד „דער פֿריילעכער חסיד“ וואָס ב. האָט אַרויסגעגעבן.
M-3-facs_359_tr_1755856143-007	P-3-facs_359_tr_1755856143	3	facs_359_tr_1755856143	באַנוס, בען	איציק מאַנגער	male		איציק מאַנגער איז דער מחבר פֿון דעם ליד „אויפֿן וועג שטייט אַ בוים“ וואָס ב. האָט אַרויסגעגעבן.
M-3-facs_359_tr_1755856143-008	P-3-facs_359_tr_1755856143	3	facs_359_tr_1755856143	באַנוס, בען	וואָלף יונין-חפץ	male		וואָלף יונין-חפץ איז דער מחבר פֿון דעם ליד „אַ ייד, אַ שמיד“ וואָס ב. האָט אַרויסגעגעבן.
M-3-facs_359_tr_1755856143-009	P-3-facs_359_tr_1755856143	3	facs_359_tr_1755856143	באַנוס, בען	מרדכי געבירטיק	male		מרדכי געבירטיק איז דער מחבר פֿון דעם ליד „אַברהמלע מאַרווייכער“ וואָס ב. האָט אַרויסגעגעבן.
M-3-facs_359_tr_1755856143-010	P-3-facs_359_tr_1755856143	3	facs_359_tr_1755856143	באַנוס, בען	מ. באַסין	male		מ. באַסין איז אַ מחבר פֿון דעם ליד „אַ זמרל“ וואָס ב. האָט אַרויסגעגעבן.
M-3-facs_359_tr_1755856143-011	P-3-facs_359_tr_1755856143	3	facs_359_tr_1755856143	באַנוס, בען	יוסף רומשינסקי	male		יוסף רומשינסקי איז אַ מחבר פֿון דעם ליד „אַ זמרל“ וואָס ב. האָט אַרויסגעגעבן.
M-3-facs_359_tr_1755856143-012	P-3-facs_359_tr_1755856143	3	facs_359_tr_1755856143	באַנוס, בען	זעליג בערדיטשעווער	male		זעליג בערדיטשעווער איז דער מחבר פֿון דעם ליד „אַ דאָינע“ וואָס ב. האָט אַרויסגעגעבן.
M-3-facs_359_tr_1755856144-000	P-3-facs_359_tr_1755856144	3	facs_359_tr_1755856144	בערן [בערנהאָלין), מינאַ	עלטערן*		וואָלד-סוחרים	די עלטערן פֿון דעם סוביעקט.
M-3-facs_359_tr_1755856144-001	P-3-facs_359_tr_1755856144	3	facs_359_tr_1755856144	בערן [בערנהאָלין), מינאַ	משה בראָדערזאָן	זכר	דיכטער	דער קרוב פֿון דעם סוביעקט.
M-3-facs_359_tr_1755856144-002	P-3-facs_359_tr_1755856144	3	facs_359_tr_1755856144	בערן [בערנהאָלין), מינאַ	דינה האַלפּערן	נקבה	שוישפּילערין	געשפּילט צוזאַמען מיט דעם סוביעקט אין דעם קאָלעקטיוו אונזער טעאַטער.
M-3-facs_359_tr_1755856144-003	P-3-facs_359_tr_1755856144	3	facs_359_tr_1755856144	בערן [בערנהאָלין), מינאַ	סעם בראָנעצקי	זכר	שוישפּילער	געשפּילט צוזאַמען מיט דעם סוביעקט אין דעם קאָלעקטיוו אונזער טעאַטער.
M-3-facs_359_tr_1755856144-004	P-3-facs_359_tr_1755856144	3	facs_359_tr_1755856144	בערן [בערנהאָלין), מינאַ	זיגמונט טורקאָוו	זכר	שוישפּילער	דער סוביעקט האָט שפּעטער געשפּילט מיט אים.
M-3-facs_359_tr_1755856144-005	P-3-facs_359_tr_1755856144	3	facs_359_tr_1755856144	בערן [בערנהאָלין), מינאַ	דזשיגאָן	זכר	קאָמיקער	דער סוביעקט האָט געשפּילט מיט אים אין די מיניאַטור-טעאַטערס.
M-3-facs_359_tr_1755856144-006	P-3-facs_359_tr_1755856144	3	facs_359_tr_1755856144	בערן [בערנהאָלין), מינאַ	שומאַכער	זכר	קאָמיקער	דער סוביעקט האָט געשפּילט מיט אים אין די מיניאַטור-טעאַטערס.
M-3-facs_359_tr_1755856144-007	P-3-facs_359_tr_1755856144	3	facs_359_tr_1755856144	בערן [בערנהאָלין), מינאַ	דזשעני לאָוויץ	נקבה	שוישפּילערין	געטרעטן אויף צוזאַמען מיט דעם סוביעקט אין דעם רעוויאָו ראָזשינקעס מיט מאַנדלען.
M-3-facs_359_tr_1755856144-008	P-3-facs_359_tr_1755856144	3	facs_359_tr_1755856144	בערן [בערנהאָלין), מינאַ	בנימין ראָטמאַן	זכר		ער האָט געבראַכט דעם סוביעקט קיין אַמעריקע.
M-3-facs_359_tr_1755856144-009	P-3-facs_359_tr_1755856144	3	facs_359_tr_1755856144	בערן [בערנהאָלין), מינאַ	בען באַנוס	זכר	אַקטיאָר	דער מאַן פֿון דעם סוביעקט.
M-3-facs_359_tr_1755856144-010	P-3-facs_359_tr_1755856144	3	facs_359_tr_1755856144	בערן [בערנהאָלין), מינאַ	מענדל טעפּליצקי	זכר	היסטאָריקער	ער האָט דערציילט וועגן דער אָרגאַניזירונג פֿון דער אַקטיאָרן יוניע.
M-3-facs_359_tr_1755856144-011	P-3-facs_359_tr_1755856144	3	facs_359_tr_1755856144	בערן [בערנהאָלין), מינאַ	אַברהם גאָלדפֿאַדען	זכר	טעאַטער-דירעקטאָר	די אַקטיאָרן יוניע האָט זיך אָנגעהייבן אַלס אַן אַקציע קעגן אים.
M-3-facs_359_tr_1755856144-012	P-3-facs_359_tr_1755856144	3	facs_359_tr_1755856144	בערן [בערנהאָלין), מינאַ	זיגמונד מאָגולעסקאָ	זכר	אַקטיאָר און מענעדזשער	איינער פֿון די אָנפֿירער פֿון טעאַטער און מיטגליד אין דער יוניע.
M-3-facs_359_tr_1755856144-013	P-3-facs_359_tr_1755856144	3	facs_359_tr_1755856144	בערן [בערנהאָלין), מינאַ	מאָריס פינקעל	זכר	אַקטיאָר און מענעדזשער	איינער פֿון די אָנפֿירער פֿון טעאַטער און מיטגליד אין דער יוניע.
M-3-facs_359_tr_1755856144-014	P-3-facs_359_tr_1755856144	3	facs_359_tr_1755856144	בערן [בערנהאָלין), מינאַ	פּראָפעסאָר הורוויץ	זכר	פֿאַרפֿאַסער	געווען אַ פֿאַרפֿאַסער אין דעם טעאַטער וואָס מאָגולעסקאָ און פינקעל האָבן אָנגעפֿירט.
M-3-facs_359_tr_1755856144-015	P-3-facs_359_tr_1755856144	3	facs_359_tr_1755856144	בערן [בערנהאָלין), מינאַ	דוד קעסלער	זכר	שוישפּילער	איינער פֿון די שוישפּילער וואָס האָבן זיך אָנגעשלאָסן אין דער יוניע.
M-3-facs_359_tr_1755856144-016	P-3-facs_359_tr_1755856144	3	facs_359_tr_1755856144	בערן [בערנהאָלין), מינאַ	זיגמונד פֿיינמאַן	זכר	שוישפּילער	איינער פֿון די שוישפּילער וואָס האָבן זיך אָנגעשלאָסן אין דער יוניע.
M-3-facs_359_tr_1755856144-017	P-3-facs_359_tr_1755856144	3	facs_359_tr_1755856144	בערן [בערנהאָלין), מינאַ	אַנעטע פינקעל	נקבה	שוישפּילערין	איינע פֿון די שוישפּילער וואָס האָבן זיך אָנגעשלאָסן אין דער יוניע.
M-3-facs_359_tr_1755856144-018	P-3-facs_359_tr_1755856144	3	facs_359_tr_1755856144	בערן [בערנהאָלין), מינאַ	מענדל אַבראַמאָוויטש	זכר	שוישפּילער	איינער פֿון די שוישפּילער וואָס האָבן זיך אָנגעשלאָסן אין דער יוניע.
M-3-facs_359_tr_1755856144-019	P-3-facs_359_tr_1755856144	3	facs_359_tr_1755856144	בערן [בערנהאָלין), מינאַ	בינע אַבראַמאָוויטש	נקבה	שוישפּילערין	איינע פֿון די שוישפּילער וואָס האָבן זיך אָנגעשלאָסן אין דער יוניע.
M-3-facs_359_tr_1755856144-020	P-3-facs_359_tr_1755856144	3	facs_359_tr_1755856144	בערן [בערנהאָלין), מינאַ	פּאָלינאַ עדעלשטיין	נקבה	שוישפּילערין	איינע פֿון די שוישפּילער וואָס האָבן זיך אָנגעשלאָסן אין דער יוניע.
M-3-facs_359_tr_1755856144-021	P-3-facs_359_tr_1755856144	3	facs_359_tr_1755856144	בערן [בערנהאָלין), מינאַ	לייבל שוואַרץ	זכר	שוישפּילער	איינער פֿון די שוישפּילער וואָס האָבן זיך אָנגעשלאָסן אין דער יוניע.
M-3-facs_359_tr_1755856144-022	P-3-facs_359_tr_1755856144	3	facs_359_tr_1755856144	בערן [בערנהאָלין), מינאַ	ישראל וויינבלאט	זכר	שוישפּילער	איינער פֿון די שוישפּילער וואָס האָבן זיך אָנגעשלאָסן אין דער יוניע.
M-3-facs_359_tr_1755856144-023	P-3-facs_359_tr_1755856144	3	facs_359_tr_1755856144	בערן [בערנהאָלין), מינאַ	לעאָן בלאַנק	זכר	שוישפּילער	איינער פֿון די שוישפּילער וואָס האָבן זיך אָנגעשלאָסן אין דער יוניע.
M-3-facs_359_tr_1755856144-024	P-3-facs_359_tr_1755856144	3	facs_359_tr_1755856144	בערן [בערנהאָלין), מינאַ	מישע נאַכאַמקוס	זכר	שוישפּילער	איינער פֿון די שוישפּילער וואָס האָבן זיך אָנגעשלאָסן אין דער יוניע.
M-3-facs_359_tr_1755856144-025	P-3-facs_359_tr_1755856144	3	facs_359_tr_1755856144	בערן [בערנהאָלין), מינאַ	ליווי	זכר	מענעדזשער	איינער פֿון די מענעדזשערס וואָס האָבן זיך צוזאַמענגערעדט מיט גאָלדפאַדענען.
M-3-facs_359_tr_1755856144-026	P-3-facs_359_tr_1755856144	3	facs_359_tr_1755856144	בערן [בערנהאָלין), מינאַ	גאָלדשטיין	זכר	מענעדזשער	איינער פֿון די מענעדזשערס וואָס האָבן זיך צוזאַמענגערעדט מיט גאָלדפאַדענען.
M-3-facs_359_tr_1755856144-027	P-3-facs_359_tr_1755856144	3	facs_359_tr_1755856144	בערן [בערנהאָלין), מינאַ	פֿרוי פינקעל	נקבה	שוישפּילערין	געווען אַ שטרייקברעכער בעת דעם שטרייק קעגן גאָלדפֿאַדענען.
M-3-facs_359_tr_1755856144-028	P-3-facs_359_tr_1755856144	3	facs_359_tr_1755856144	בערן [בערנהאָלין), מינאַ	פֿרוי קאַרפּ	נקבה	שוישפּילערין	געווען אַ שטרייקברעכער בעת דעם שטרייק קעגן גאָלדפֿאַדענען.
M-3-facs_359_tr_1755856144-029	P-3-facs_359_tr_1755856144	3	facs_359_tr_1755856144	בערן [בערנהאָלין), מינאַ	מאַקס אָבראָמאָוויטש	זכר	אַקטיאָר	געבליבן שפּילן מיט גאָלדפאַדענען בעת דעם שטרייק.
M-3-facs_359_tr_1755856144-030	P-3-facs_359_tr_1755856144	3	facs_359_tr_1755856144	בערן [בערנהאָלין), מינאַ	ב. גאָרין	זכר	הייסטאָריקער	ער האָט דערציילט וועגן דעם שטרייק און די געשיכטע פֿון יידישן טעאַטער.
M-3-facs_359_tr_1755856144-031	P-3-facs_359_tr_1755856144	3	facs_359_tr_1755856144	בערן [בערנהאָלין), מינאַ	ב. וויינשטיין	זכר	סעקרעטאַר	דער ערשטער סעקרעטאַר פֿון די געווערקשאַפטן וואָס האָט געשריבן וועגן דער גרינדונג פֿון די געווערקשאַפטן.
M-3-facs_359_tr_1755856144-032	P-3-facs_359_tr_1755856144	3	facs_359_tr_1755856144	בערן [בערנהאָלין), מינאַ	משה סימאָנאָף	זכר	שוישפּילער	געווען דער דעלעגאַט פֿון דער יידישער אַקטיאָרן יוניאָן צו די געווערקשאַפטן.
M-3-facs_359_tr_1755856144-033	P-3-facs_359_tr_1755856144	3	facs_359_tr_1755856144	בערן [בערנהאָלין), מינאַ	הערץ בורגין	זכר	מחבר	מחבר פֿון דעם בוך דיאַ געשיכטע פֿון דער אידישער אַרבייטער באַוועגונג.
M-3-facs_359_tr_1755856144-034	P-3-facs_359_tr_1755856144	3	facs_359_tr_1755856144	בערן [בערנהאָלין), מינאַ	מ. זילבערמאַן	זכר	מענעדזשער	די אַקטיאָרן יוניע האָט אָנגעפֿירט אַ שטרייק ביי אים אין טעאַטער.
M-3-facs_359_tr_1755856144-035	P-3-facs_359_tr_1755856144	3	facs_359_tr_1755856144	בערן [בערנהאָלין), מינאַ	יעקב גאָרדין	זכר	דראַמאַטורג	ער האָט געמאַכט אַ צווייטע פּראָבע צו אָרגאַניזירן אַן אַקטיאָרן יוניע.
M-3-facs_359_tr_1755856144-036	P-3-facs_359_tr_1755856144	3	facs_359_tr_1755856144	בערן [בערנהאָלין), מינאַ	יעקב פּ. אַדלער	זכר	מענעדזשער און אַקטיאָר	דער שטרייק פֿון גאָרדינען איז געווען געקערט קעגן אים.
M-3-facs_359_tr_1755856144-037	P-3-facs_359_tr_1755856144	3	facs_359_tr_1755856144	בערן [בערנהאָלין), מינאַ	מאָריס מאָשקאָוויטש	זכר	שוישפּילער	צווישן די שוישפּילער וועלכע זיינען צוגעשטאַנען צו גאָרדינען.
M-3-facs_359_tr_1755856144-038	P-3-facs_359_tr_1755856144	3	facs_359_tr_1755856144	בערן [בערנהאָלין), מינאַ	מאַקס ראָזענטאַל	זכר	שוישפּילער	צווישן די שוישפּילער וועלכע זיינען צוגעשטאַנען צו גאָרדינען.
M-3-facs_359_tr_1755856144-039	P-3-facs_359_tr_1755856144	3	facs_359_tr_1755856144	בערן [בערנהאָלין), מינאַ	יעקב קאַצמאַן	זכר	שוישפּילער	צווישן די שוישפּילער וועלכע זיינען צוגעשטאַנען צו גאָרדינען.
M-3-facs_359_tr_1755856144-040	P-3-facs_359_tr_1755856144	3	facs_359_tr_1755856144	בערן [בערנהאָלין), מינאַ	סאָלאָמאָן מאַנע	זכר	שוישפּילער	צווישן די שוישפּילער וועלכע זיינען צוגעשטאַנען צו גאָרדינען.
M-3-facs_359_tr_1755856144-041	P-3-facs_359_tr_1755856144	3	facs_359_tr_1755856144	בערן [בערנהאָלין), מינאַ	י. קאַליש	זכר	שוישפּילער	צווישן די שוישפּילער וועלכע זיינען צוגעשטאַנען צו גאָרדינען.
M-3-facs_359_tr_1755856144-042	P-3-facs_359_tr_1755856144	3	facs_359_tr_1755856144	בערן [בערנהאָלין), מינאַ	בערנאַרד ווילענסקי	זכר	שוישפּילער	צווישן די שוישפּילער וועלכע זיינען צוגעשטאַנען צו גאָרדינען.
M-3-facs_359_tr_1755856144-043	P-3-facs_359_tr_1755856144	3	facs_359_tr_1755856144	בערן [בערנהאָלין), מינאַ	מאַדאַם ווילענסקי	נקבה	שוישפּילערין	צווישן די שוישפּילער וועלכע זיינען צוגעשטאַנען צו גאָרדינען.
M-3-facs_359_tr_1755856144-044	P-3-facs_359_tr_1755856144	3	facs_359_tr_1755856144	בערן [בערנהאָלין), מינאַ	מאַדאָם מאַנע	נקבה	שוישפּילערין	צווישן די שוישפּילער וועלכע זיינען צוגעשטאַנען צו גאָרדינען.
M-3-facs_359_tr_1755856144-045	P-3-facs_359_tr_1755856144	3	facs_359_tr_1755856144	בערן [בערנהאָלין), מינאַ	סעמיועל טאָרנבערג	זכר	שוישפּילער	צווישן די שוישפּילער וועלכע זיינען צוגעשטאַנען צו גאָרדינען.
M-3-facs_359_tr_1755856144-046	P-3-facs_359_tr_1755856144	3	facs_359_tr_1755856144	בערן [בערנהאָלין), מינאַ	הוירשבערג	זכר	דייטשער שוישפּילער	צווישן די שוישפּילער וועלכע זיינען צוגעשטאַנען צו גאָרדינען.
M-3-facs_359_tr_1755856144-047	P-3-facs_359_tr_1755856144	3	facs_359_tr_1755856144	בערן [בערנהאָלין), מינאַ	גאָלד	זכר		איינער פֿון די גרינדער פֿון דער יוניאָן.
M-3-facs_359_tr_1755856144-048	P-3-facs_359_tr_1755856144	3	facs_359_tr_1755856144	בערן [בערנהאָלין), מינאַ	נאָכאַמקעס	זכר		איינער פֿון די גרינדער פֿון דער יוניאָן.
M-3-facs_359_tr_1755856144-049	P-3-facs_359_tr_1755856144	3	facs_359_tr_1755856144	בערן [בערנהאָלין), מינאַ	שוואַרץ	זכר		איינער פֿון די גרינדער פֿון דער יוניאָן.
M-3-facs_359_tr_1755856144-050	P-3-facs_359_tr_1755856144	3	facs_359_tr_1755856144	בערן [בערנהאָלין), מינאַ	קוראַזש	זכר		איינער פֿון די גרינדער פֿון דער יוניאָן.
M-3-facs_359_tr_1755856144-051	P-3-facs_359_tr_1755856144	3	facs_359_tr_1755856144	בערן [בערנהאָלין), מינאַ	סעם אַדלער	זכר		איינער פֿון די גרינדער פֿון דער יוניאָן.
M-3-facs_359_tr_1755856144-052	P-3-facs_359_tr_1755856144	3	facs_359_tr_1755856144	בערן [בערנהאָלין), מינאַ	וויליאַם קאָנראַד	זכר	שוישפּילער	געווען אַ פאָרזיצער פֿון דער גרינדונגס-פֿאַרזאַמלונג פֿון דער יוניע.
M-3-facs_359_tr_1755856144-053	P-3-facs_359_tr_1755856144	3	facs_359_tr_1755856144	בערן [בערנהאָלין), מינאַ	בערנאַר יאָנג	זכר	שוישפּילער	איינער פֿון די שוישפּילער וואָס זיינען אַרויס אין אַ סטרייק אין פּיפּלס טעאַטער.
M-3-facs_359_tr_1755856144-054	P-3-facs_359_tr_1755856144	3	facs_359_tr_1755856144	בערן [בערנהאָלין), מינאַ	דוד לעווינסאָן	זכר	שוישפּילער	איינער פֿון די שוישפּילער וואָס זיינען אַרויס אין אַ סטרייק אין פּיפּלס טעאַטער.
M-3-facs_359_tr_1755856144-055	P-3-facs_359_tr_1755856144	3	facs_359_tr_1755856144	בערן [בערנהאָלין), מינאַ	לייזער גאָלדשטיין	זכר	שוישפּילער	איינער פֿון די שוישפּילער וואָס זיינען אַרויס אין אַ סטרייק אין פּיפּלס טעאַטער.
M-3-facs_359_tr_1755856144-056	P-3-facs_359_tr_1755856144	3	facs_359_tr_1755856144	בערן [בערנהאָלין), מינאַ	לייבוש גאָלד	זכר	שוישפּילער	איינער פֿון די שוישפּילער וואָס זיינען אַרויס אין אַ סטרייק אין פּיפּלס טעאַטער.
M-3-facs_359_tr_1755856144-057	P-3-facs_359_tr_1755856144	3	facs_359_tr_1755856144	בערן [בערנהאָלין), מינאַ	ס. פּערלמוטער	זכר	שוישפּילער	איינער פֿון די שוישפּילער וואָס זיינען אַרויס אין אַ סטרייק אין פּיפּלס טעאַטער.
M-3-facs_359_tr_1755856144-058	P-3-facs_359_tr_1755856144	3	facs_359_tr_1755856144	בערן [בערנהאָלין), מינאַ	טשאַרל נאַטאַנסאָן	זכר	שוישפּילער	איינער פֿון די שוישפּילער וואָס זיינען אַרויס אין אַ סטרייק אין פּיפּלס טעאַטער.
M-3-facs_359_tr_1755856144-059	P-3-facs_359_tr_1755856144	3	facs_359_tr_1755856144	בערן [בערנהאָלין), מינאַ	אַברהם פישקינד	זכר	שוישפּילער	איינער פֿון די שוישפּילער וואָס זיינען אַרויס אין אַ סטרייק אין פּיפּלס טעאַטער.
M-3-facs_359_tr_1755856144-060	P-3-facs_359_tr_1755856144	3	facs_359_tr_1755856144	בערן [בערנהאָלין), מינאַ	עני מאַנע	נקבה	שוישפּילערין	איינע פֿון די שוישפּילער וואָס זיינען אַרויס אין אַ סטרייק אין פּיפּלס טעאַטער.
M-3-facs_359_tr_1755856144-061	P-3-facs_359_tr_1755856144	3	facs_359_tr_1755856144	בערן [בערנהאָלין), מינאַ	סאָפיע קאַרפּ	נקבה	שוישפּילערין	איינע פֿון די שוישפּילער וואָס זיינען אַרויס אין אַ סטרייק אין פּיפּלס טעאַטער.
M-3-facs_359_tr_1755856144-062	P-3-facs_359_tr_1755856144	3	facs_359_tr_1755856144	בערן [בערנהאָלין), מינאַ	איידאַ נאַטאַנסאָן	נקבה	שוישפּילערין	איינע פֿון די שוישפּילער וואָס זיינען אַרויס אין אַ סטרייק אין פּיפּלס טעאַטער.
M-3-facs_359_tr_1755856144-063	P-3-facs_359_tr_1755856144	3	facs_359_tr_1755856144	בערן [בערנהאָלין), מינאַ	טאָמאַשעווסקי	זכר	מענעדזשער	איינער פֿון די מענעדזשערס וואָס קעגן זיי איז דער שטרייק געווען געריכטעט.
M-3-facs_359_tr_1755856144-064	P-3-facs_359_tr_1755856144	3	facs_359_tr_1755856144	בערן [בערנהאָלין), מינאַ	יוסף עדעלשטיין	זכר	מענעדזשער	איינער פֿון די מענעדזשערס וואָס קעגן זיי איז דער שטרייק געווען געריכטעט.
M-3-facs_359_tr_1755856144-065	P-3-facs_359_tr_1755856144	3	facs_359_tr_1755856144	בערן [בערנהאָלין), מינאַ	יאָזעף באַראָנדעס	זכר	אָרגאַניזאַטאָר	באַשטימט פֿון די געווערקשאַפטן צו אָרגאַניזירן אַן אַקטיאָרן יוניע.
M-3-facs_359_tr_1755856144-066	P-3-facs_359_tr_1755856144	3	facs_359_tr_1755856144	בערן [בערנהאָלין), מינאַ	דזשעיקאָב קאָן	זכר	שוישפּילער	האָט זיך אָנגעשלאָסן צו די שטרייקענדע.
M-3-facs_359_tr_1755856144-067	P-3-facs_359_tr_1755856144	3	facs_359_tr_1755856144	בערן [בערנהאָלין), מינאַ	הער קאָן	זכר	שוישפּילער	האָט זיך אָנגעשלאָסן צו די שטרייקענדע פֿון ווינדזאָר טעאַטער.
M-3-facs_359_tr_1755856144-068	P-3-facs_359_tr_1755856144	3	facs_359_tr_1755856144	בערן [בערנהאָלין), מינאַ	באַזעלינסקי	זכר	שוישפּילער	האָט זיך אָנגעשלאָסן צו די שטרייקענדע פֿון ווינדזאָר טעאַטער.
M-3-facs_359_tr_1755856144-069	P-3-facs_359_tr_1755856144	3	facs_359_tr_1755856144	בערן [בערנהאָלין), מינאַ	הערי קאָן	זכר	סעקרעטאַר	געווען דער סעקרעטאָר פֿון דער יוניע.
M-3-facs_359_tr_1755856144-070	P-3-facs_359_tr_1755856144	3	facs_359_tr_1755856144	בערן [בערנהאָלין), מינאַ	סעמיועל טאַבאַטשניקאָוו	זכר	מיטגליד	איינער פֿון די ערשטע 16 מיטגלידער פֿון דער יוניע.
M-3-facs_359_tr_1755856144-071	P-3-facs_359_tr_1755856144	3	facs_359_tr_1755856144	בערן [בערנהאָלין), מינאַ	לעאָן נאָדאָלסקי	זכר	מיטגליד	איינער פֿון די ערשטע 16 מיטגלידער פֿון דער יוניע.
M-3-facs_359_tr_1755856144-072	P-3-facs_359_tr_1755856144	3	facs_359_tr_1755856144	בערן [בערנהאָלין), מינאַ	סאָניאַ נאָדאָלסקי	נקבה	מיטגליד	איינע פֿון די ערשטע 16 מיטגלידער פֿון דער יוניע.
M-3-facs_359_tr_1755856144-073	P-3-facs_359_tr_1755856144	3	facs_359_tr_1755856144	בערן [בערנהאָלין), מינאַ	הער דעוואַן	זכר	פּרעזידענט	פּרעזידענט פֿון דער נעשאָנאל עקטאָרס יוניאָן.
M-3-facs_359_tr_1755856144-074	P-3-facs_359_tr_1755856144	3	facs_359_tr_1755856144	בערן [בערנהאָלין), מינאַ	דוד ווייזענפעלד	זכר		אַ דאַנק זיינע באַמיונגען איז די אַקטיאָרן יוניאָן אַריינגענומען געוואָרן אין די געווערקשאַפטן.
M-3-facs_359_tr_1755856144-075	P-3-facs_359_tr_1755856144	3	facs_359_tr_1755856144	בערן [בערנהאָלין), מינאַ	בועז יאָנג	זכר	מחבר	ער שרייבט אין זיין לעבנסגעשיכטע וועגן דער גרינדונג פֿון דער יוניע.
M-3-facs_359_tr_1755856144-076	P-3-facs_359_tr_1755856144	3	facs_359_tr_1755856144	בערן [בערנהאָלין), מינאַ	לאַטיינער	זכר	פֿאַרפֿאַסער	פֿאַרפֿאַסער פֿון דער פּיעסע פֿיר הונדערט יאָר.
M-3-facs_359_tr_1755856144-077	P-3-facs_359_tr_1755856144	3	facs_359_tr_1755856144	בערן [בערנהאָלין), מינאַ	אייב קאַהאַן	זכר	שרייבער	געווען צווישן די וואָס האָבן געהאַלטן אַז קונסט דאַרף זיין פֿריי פֿון רעגולאַציעס.
M-3-facs_359_tr_1755856144-078	P-3-facs_359_tr_1755856144	3	facs_359_tr_1755856144	בערן [בערנהאָלין), מינאַ	מ. ווילענסקי	זכר	סעקרעטאַר	סעקרעטאַר פֿון דער יידישער וואַרייעטי אַקטאָרן יוניאָן נומ. 5.
M-3-facs_359_tr_1755856144-079	P-3-facs_359_tr_1755856144	3	facs_359_tr_1755856144	בערן [בערנהאָלין), מינאַ	לואיס סרעדניק	זכר	פֿירער	איינער פֿון די פֿירער פֿון לאָקאָל 5.
M-3-facs_359_tr_1755856144-080	P-3-facs_359_tr_1755856144	3	facs_359_tr_1755856144	בערן [בערנהאָלין), מינאַ	אייב קאָגוט	זכר	פֿירער	איינער פֿון די פֿירער פֿון לאָקאָל 5.
M-3-facs_359_tr_1755856144-081	P-3-facs_359_tr_1755856144	3	facs_359_tr_1755856144	בערן [בערנהאָלין), מינאַ	פֿרידרייך פֿיליפּעסקאָ	זכר	פֿירער	איינער פֿון די פֿירער פֿון לאָקאָל 5.
M-3-facs_359_tr_1755856144-082	P-3-facs_359_tr_1755856144	3	facs_359_tr_1755856144	בערן [בערנהאָלין), מינאַ	אהרן מיטעלמאַן	זכר	פֿירער	איינער פֿון די פֿירער פֿון לאָקאָל 5.
M-3-facs_359_tr_1755856144-083	P-3-facs_359_tr_1755856144	3	facs_359_tr_1755856144	בערן [בערנהאָלין), מינאַ	נייטען ראָזענטאָל	זכר	פֿירער	איינער פֿון די גרינדער און פֿירער פֿון לאָקאָל 18.
M-3-facs_359_tr_1755856144-084	P-3-facs_359_tr_1755856144	3	facs_359_tr_1755856144	בערן [בערנהאָלין), מינאַ	אַברהם ליטמאַן	זכר	פֿירער	איינער פֿון די גרינדער און פֿירער פֿון לאָקאָל 18.
M-3-facs_359_tr_1755856144-085	P-3-facs_359_tr_1755856144	3	facs_359_tr_1755856144	בערן [בערנהאָלין), מינאַ	יעקב קירשענבוים	זכר	פֿאַרוואַלטער	פֿאַרוואַלטער פֿון לאָקאָל 18.
M-3-facs_359_tr_1755856144-086	P-3-facs_359_tr_1755856144	3	facs_359_tr_1755856144	בערן [בערנהאָלין), מינאַ	מאָשקאָוויטש	זכר	דירעקטאָר	ער האָט געעפֿנט אין 1901-02 אַ יידיש וואָרעוויל-טעאַטער.
M-3-facs_359_tr_1755856144-087	P-3-facs_359_tr_1755856144	3	facs_359_tr_1755856144	בערן [בערנהאָלין), מינאַ	דזשעני מאָשקאָוויטש	נקבה	שוישפּילערין	די פרוי פֿון דעם טעאַטער-דירעקטאָר מאָשקאָוויטש.
M-3-facs_359_tr_1755856144-088	P-3-facs_359_tr_1755856144	3	facs_359_tr_1755856144	בערן [בערנהאָלין), מינאַ	מאַקס געביל	זכר	אַקטיאָר	אַקטיאָר אין די וואָדעווייל הייזער.
M-3-facs_359_tr_1755856144-089	P-3-facs_359_tr_1755856144	3	facs_359_tr_1755856144	בערן [בערנהאָלין), מינאַ	דוד באַראַץ	זכר	אַקטיאָר	אַקטיאָר אין די וואָדעווייל הייזער.
M-3-facs_359_tr_1755856144-090	P-3-facs_359_tr_1755856144	3	facs_359_tr_1755856144	בערן [בערנהאָלין), מינאַ	סעם שנייער	זכר	אַקטיאָר	אַקטיאָר אין די וואָדעווייל הייזער.
M-3-facs_359_tr_1755856144-091	P-3-facs_359_tr_1755856144	3	facs_359_tr_1755856144	בערן [בערנהאָלין), מינאַ	זיגמונד וויינטרויב	זכר	אַקטיאָר	אַקטיאָר אין די וואָדעווייל הייזער.
M-3-facs_359_tr_1755856144-092	P-3-facs_359_tr_1755856144	3	facs_359_tr_1755856144	בערן [בערנהאָלין), מינאַ	רעבעקאַ וויינטרויב	נקבה	שוישפּילערין	שוישפּילערין אין די וואָדעווייל הייזער.
M-3-facs_359_tr_1755856144-093	P-3-facs_359_tr_1755856144	3	facs_359_tr_1755856144	בערן [בערנהאָלין), מינאַ	לואיס קרעמער	זכר	אַקטיאָר	אַקטיאָר אין די וואָדעווייל הייזער.
M-3-facs_359_tr_1755856144-094	P-3-facs_359_tr_1755856144	3	facs_359_tr_1755856144	בערן [בערנהאָלין), מינאַ	איזידאָר ליליען	זכר	אַקטיאָר	אַקטיאָר אין די וואָדעווייל הייזער.
M-3-facs_359_tr_1755856144-095	P-3-facs_359_tr_1755856144	3	facs_359_tr_1755856144	בערן [בערנהאָלין), מינאַ	איזידאָר אָפּעל	זכר	אַקטיאָר	אַקטיאָר אין די וואָדעווייל הייזער.
M-3-facs_359_tr_1755856144-096	P-3-facs_359_tr_1755856144	3	facs_359_tr_1755856144	בערן [בערנהאָלין), מינאַ	אהרן מאַרגענבעסער	זכר	אַקטיאָר	אַקטיאָר אין די וואָדעווייל הייזער.
M-3-facs_359_tr_1755856144-097	P-3-facs_359_tr_1755856144	3	facs_359_tr_1755856144	בערן [בערנהאָלין), מינאַ	נייטען גאָלדבערג	זכר	אַקטיאָר און פּרעזידענט	אַקטיאָר אין די וואָדעווייל הייזער און אַ פּרעזידענט פֿון דער יוניע.
M-3-facs_359_tr_1755856144-098	P-3-facs_359_tr_1755856144	3	facs_359_tr_1755856144	בערן [בערנהאָלין), מינאַ	סעם קעסטין	זכר	אַקטיאָר	אַקטיאָר אין די וואָדעווייל הייזער.
M-3-facs_359_tr_1755856144-099	P-3-facs_359_tr_1755856144	3	facs_359_tr_1755856144	בערן [בערנהאָלין), מינאַ	סוזיי קעסטין	נקבה	שוישפּילערין	שוישפּילערין אין די וואָדעווייל הייזער.
M-3-facs_359_tr_1755856144-100	P-3-facs_359_tr_1755856144	3	facs_359_tr_1755856144	בערן [בערנהאָלין), מינאַ	לואי בירנבוים	זכר	אַקטיאָר	אַקטיאָר אין די וואָדעווייל הייזער.
M-3-facs_359_tr_1755856144-101	P-3-facs_359_tr_1755856144	3	facs_359_tr_1755856144	בערן [בערנהאָלין), מינאַ	מיני בירנבוים	נקבה	שוישפּילערין	שוישפּילערין אין די וואָדעווייל הייזער.
M-3-facs_359_tr_1755856144-102	P-3-facs_359_tr_1755856144	3	facs_359_tr_1755856144	בערן [בערנהאָלין), מינאַ	טשאַרלי קאָהען	זכר	אַקטיאָר און פינאַנץ-סעקרעטאַר	אַקטיאָר אין די וואָדעווייל הייזער און פינאַנץ-סעקרעטאַר פֿון דער יוניע.
M-3-facs_359_tr_1755856144-103	P-3-facs_359_tr_1755856144	3	facs_359_tr_1755856144	בערן [בערנהאָלין), מינאַ	סעם לעווענווירט	זכר	אַקטיאָר	אַקטיאָר אין די וואָדעווייל הייזער.
M-3-facs_359_tr_1755856144-104	P-3-facs_359_tr_1755856144	3	facs_359_tr_1755856144	בערן [בערנהאָלין), מינאַ	מאַקס פּיין	זכר		ער האָט געמאַכט דעם פֿאַרשלאַג צו גרינדן אַ טרעיד קאָנסיל פֿון אַלע טעאַטער יוניאַנס.
M-3-facs_359_tr_1755856144-105	P-3-facs_359_tr_1755856144	3	facs_359_tr_1755856144	בערן [בערנהאָלין), מינאַ	הערשל צוקערבערג	זכר	מענעדזשער	באַשטימט געוואָרן אַלס פֿירער פֿון קאָנסיל און מענעדזשער פֿון דער יוניע.
M-3-facs_359_tr_1755856144-106	P-3-facs_359_tr_1755856144	3	facs_359_tr_1755856144	בערן [בערנהאָלין), מינאַ	יידזש פֿרייני	זכר	אָרגאַנייזער	דער אָרגאַנייזער פֿון דער אַמעריקען פֿעדעריישאָן אָוו לעיבאָר.
M-3-facs_359_tr_1755856144-107	P-3-facs_359_tr_1755856144	3	facs_359_tr_1755856144	בערן [בערנהאָלין), מינאַ	ראובן גוסקין	זכר	מענעדזשער	לאַנגיאָריקער מענעדזשער פֿון דער יידישער אַקטיאָרן יוניע.
M-3-facs_359_tr_1755856144-108	P-3-facs_359_tr_1755856144	3	facs_359_tr_1755856144	בערן [בערנהאָלין), מינאַ	צביון	זכר	שרייבער	ער קומט אַרויס מיטן געדאַנק וועגן דער צאָל יידישע טעאַטערס אין ניו יאָרק.
M-3-facs_359_tr_1755856144-109	P-3-facs_359_tr_1755856144	3	facs_359_tr_1755856144	בערן [בערנהאָלין), מינאַ	מ. אָשעראָוויטש	זכר	שרייבער	ער איז אַרויסגעקומען מיט אַ פֿאַרדאַמונגס-אַרטיקל אין פֿאַרווערטס.
M-3-facs_359_tr_1755856144-110	P-3-facs_359_tr_1755856144	3	facs_359_tr_1755856144	בערן [בערנהאָלין), מינאַ	מאָריס שוואַרץ	זכר	טעאַטער-אינטערנעמער	ער האָט ניט געלאָזט אַרעסטירן די טומלער אין טעאַטער.
M-3-facs_359_tr_1755856144-111	P-3-facs_359_tr_1755856144	3	facs_359_tr_1755856144	בערן [בערנהאָלין), מינאַ	וויליאַם ראָלאַנד	זכר	טעאַטער-אינטערנעמער	ער האָט ניט געלאָזט אַרעסטירן די טומלער אין טעאַטער.
M-3-facs_359_tr_1755856144-112	P-3-facs_359_tr_1755856144	3	facs_359_tr_1755856144	בערן [בערנהאָלין), מינאַ	פ. יודיטש	זכר	שרייבער	ער אַטאַקירט די יוניע אין דער מאָרגן פרייהייט.
M-3-facs_359_tr_1755856144-113	P-3-facs_359_tr_1755856144	3	facs_359_tr_1755856144	בערן [בערנהאָלין), מינאַ	גיפלין	זכר	פֿאַרוואַלטער	דער פֿאַרוואַלטער פֿון דער יוניע.
M-3-facs_359_tr_1755856144-114	P-3-facs_359_tr_1755856144	3	facs_359_tr_1755856144	בערן [בערנהאָלין), מינאַ	אלמי	זכר	שרייבער	ער אַטאַקירט דעם באַשלוס פֿון דער יוניע וועגן די טאַקיס.
M-3-facs_359_tr_1755856144-115	P-3-facs_359_tr_1755856144	3	facs_359_tr_1755856144	בערן [בערנהאָלין), מינאַ	משה שטראסבערג	זכר	מיטגליד	מיטגליד אין דער עקזעקוטיווע פֿון דער יוניע אין 1948.
M-3-facs_359_tr_1755856144-116	P-3-facs_359_tr_1755856144	3	facs_359_tr_1755856144	בערן [בערנהאָלין), מינאַ	דוד מעדאָיי	זכר	מיטגליד	מיטגליד אין דער עקזעקוטיווע פֿון דער יוניע אין 1948.
M-3-facs_359_tr_1755856144-117	P-3-facs_359_tr_1755856144	3	facs_359_tr_1755856144	בערן [בערנהאָלין), מינאַ	לעאָן זיידענבערג	זכר	מיטגליד	מיטגליד אין דער עקזעקוטיווע פֿון דער יוניע אין 1948.
M-3-facs_359_tr_1755856144-118	P-3-facs_359_tr_1755856144	3	facs_359_tr_1755856144	בערן [בערנהאָלין), מינאַ	לעאָן ליבגאָלד	זכר	מיטגליד	מיטגליד אין דער עקזעקוטיווע פֿון דער יוניע אין 1948.
M-3-facs_359_tr_1755856144-119	P-3-facs_359_tr_1755856144	3	facs_359_tr_1755856144	בערן [בערנהאָלין), מינאַ	ראוז פּיוואָר	נקבה	אָפיס-סעקרעטאָר	די אָפיס-סעקרעטאָר און געשעפטס-פֿירער פֿון דער יוניע.
M-3-facs_359_tr_1755856144-120	P-3-facs_359_tr_1755856144	3	facs_359_tr_1755856144	בערן [בערנהאָלין), מינאַ	טשארלס דאָהעי	זכר	סעקרעטאַר-טרעזישירער	דער סעקרעטאַר-טרעזישירער פֿון דער יוניע אין 1948.
M-3-facs_359_tr_1755856144-121	P-3-facs_359_tr_1755856144	3	facs_359_tr_1755856144	בערן [בערנהאָלין), מינאַ	וויליאָם עפּשטיין	זכר	מיטגליד	מיטגליד אין דער עקזעקוטיווע פֿון דער יוניע אין 1948.
M-3-facs_359_tr_1755856144-122	P-3-facs_359_tr_1755856144	3	facs_359_tr_1755856144	בערן [בערנהאָלין), מינאַ	הערמאַן סיעראָצקי	זכר	מיטגליד	מיטגליד אין דער עקזעקוטיווע פֿון דער יוניע אין 1948.
M-3-facs_359_tr_1755856144-123	P-3-facs_359_tr_1755856144	3	facs_359_tr_1755856144	בערן [בערנהאָלין), מינאַ	אַברהם טייטעלבוים	זכר	מיטגליד	מיטגליד אין דער עקזעקוטיווע פֿון דער יוניע אין 1948.
M-3-facs_359_tr_1755856144-124	P-3-facs_359_tr_1755856144	3	facs_359_tr_1755856144	בערן [בערנהאָלין), מינאַ	הערשל קייפמאַן	זכר	סעקרעטאַר	דער פּראָטאָקאָל-סעקרעטאַר פֿון דער יוניע.
M-3-facs_359_tr_1755856144-125	P-3-facs_359_tr_1755856144	3	facs_359_tr_1755856144	בערן [בערנהאָלין), מינאַ	איזידאָר קעשיר	זכר	פּרעזידענט	פּרעזידענט פֿון דער יידישער אַקטיאָרן יוניע.
M-3-facs_359_tr_1755856144-126	P-3-facs_359_tr_1755856144	3	facs_359_tr_1755856144	בערן [בערנהאָלין), מינאַ	גוסטאוו בערגער	זכר	פּרעזידענט	פּרעזידענט פֿון דער יידישער אַקטיאָרן יוניע.
M-3-facs_359_tr_1755856144-127	P-3-facs_359_tr_1755856144	3	facs_359_tr_1755856144	בערן [בערנהאָלין), מינאַ	משה פֿעדער	זכר	מיטגליד	מיטגליד אין דער עקזעקוטיווע פֿון דער יוניע אין 1948.
M-3-facs_359_tr_1755856144-128	P-3-facs_359_tr_1755856144	3	facs_359_tr_1755856144	בערן [בערנהאָלין), מינאַ	אהרן לעבעדיעוו	זכר	מיטגליד	מיטגליד אין דער עקזעקוטיווע פֿון דער יוניע אין 1948.
M-3-facs_359_tr_1755856144-129	P-3-facs_359_tr_1755856144	3	facs_359_tr_1755856144	בערן [בערנהאָלין), מינאַ	נ. בוכוואַלד	זכר	שרייבער	ער שרייבט וועגן דער ראָלע פֿון דער יידישער אַקטיאָרן יוניאָן אין זיין בוך טעאַטער.
M-3-facs_359_tr_1755856144-130	P-3-facs_359_tr_1755856144	3	facs_359_tr_1755856144	בערן [בערנהאָלין), מינאַ	זלמן זילבערצווייג	זכר	רעדאַקטאָר	רעדאַקטאָר פֿון דעם לעקסיקאָן פֿון יידישן טעאַטער.
M-3-facs_359_tr_1755856144-131	P-3-facs_359_tr_1755856144	3	facs_359_tr_1755856144	בערן [בערנהאָלין), מינאַ	יעקב מעסטל	זכר	מיטאַרבעטער	ער האָט געהאָלפֿן רעדאַקטירן דעם לעקסיקאָן פֿון יידישן טעאַטער.
M-3-facs_359_tr_1755856144-132	P-3-facs_359_tr_1755856144	3	facs_359_tr_1755856144	בערן [בערנהאָלין), מינאַ	אליהן טענענהאָלץ	זכר	רעדאַקטאָר	רעדאַקטירט דאָס זאַמלבוך אידיש טעאַטער פֿאַרן 50 יאָריקן יובילעאום.
M-3-facs_359_tr_1755856144-133	P-3-facs_359_tr_1755856144	3	facs_359_tr_1755856144	בערן [בערנהאָלין), מינאַ	דזשיין גרינפֿילד	נקבה	פּרעזידענט	געווען אַ פּרעזידענט פֿון דער יוניע.
M-3-facs_359_tr_1755856144-134	P-3-facs_359_tr_1755856144	3	facs_359_tr_1755856144	בערן [בערנהאָלין), מינאַ	לואיס גאָלדשטיין	זכר	ווייס-פּרעזידענט	ווייס-פּרעזידענט פֿון דער יוניע אין 1957-58.
M-3-facs_359_tr_1755856144-135	P-3-facs_359_tr_1755856144	3	facs_359_tr_1755856144	בערן [בערנהאָלין), מינאַ	מאַרק שווייד	זכר	פּרעזידענט	געווען אַ פּרעזידענט פֿון דער יוניע.
M-3-facs_359_tr_1755856144-136	P-3-facs_359_tr_1755856144	3	facs_359_tr_1755856144	בערן [בערנהאָלין), מינאַ	אוירווינג גראָסמאַן	זכר	פּרעזידענט	געווען אַ פּרעזידענט פֿון דער יוניע.
M-3-facs_359_tr_1755856144-137	P-3-facs_359_tr_1755856144	3	facs_359_tr_1755856144	בערן [בערנהאָלין), מינאַ	שלום פּערלמוטער	זכר	פּרעזידענט	געווען אַ פּרעזידענט פֿון דער יוניע.
M-3-facs_359_tr_1755856144-138	P-3-facs_359_tr_1755856144	3	facs_359_tr_1755856144	בערן [בערנהאָלין), מינאַ	יעקב קאַליך	זכר	פּרעזידענט	געווען אַ פּרעזידענט פֿון דער יוניע.
M-3-facs_359_tr_1755856144-139	P-3-facs_359_tr_1755856144	3	facs_359_tr_1755856144	בערן [בערנהאָלין), מינאַ	הערמאַן יאַבלאָקאָוו	זכר	פּרעזידענט	געווען אַ פּרעזידענט פֿון דער יוניע.
M-3-facs_359_tr_1755856144-140	P-3-facs_359_tr_1755856144	3	facs_359_tr_1755856144	בערן [בערנהאָלין), מינאַ	סימאָר רעכטצייט	זכר	פּרעזידענט	פּרעזידענט פֿון דער יוניע זינט 1956.
M-3-facs_359_tr_1755856144-141	P-3-facs_359_tr_1755856144	3	facs_359_tr_1755856144	בערן [בערנהאָלין), מינאַ	דוד דענק	זכר	סעקרעטאַר	סעקרעטאַר פֿון דער עקזעקוטיווע אין 1957-58.
M-3-facs_359_tr_1755856144-142	P-3-facs_359_tr_1755856144	3	facs_359_tr_1755856144	בערן [בערנהאָלין), מינאַ	יעקב סוזאַנאָוו	זכר	מיטגליד	מיטגליד אין דער עקזעקוטיווע פֿון דער יוניע אין 1957-58.
M-3-facs_359_tr_1755856144-143	P-3-facs_359_tr_1755856144	3	facs_359_tr_1755856144	בערן [בערנהאָלין), מינאַ	דוד מעדאָוו	זכר	מיטגליד	מיטגליד אין דער עקזעקוטיווע פֿון דער יוניע אין 1957-58.
M-3-facs_359_tr_1755856144-144	P-3-facs_359_tr_1755856144	3	facs_359_tr_1755856144	בערן [בערנהאָלין), מינאַ	פייוויש פינקעל	זכר	מיטגליד	מיטגליד אין דער עקזעקוטיווע פֿון דער יוניע אין 1957-58.
M-3-facs_359_tr_1755856144-145	P-3-facs_359_tr_1755856144	3	facs_359_tr_1755856144	בערן [בערנהאָלין), מינאַ	מאַקס פרידלענדער	זכר	מיטגליד	מיטגליד אין דער עקזעקוטיווע פֿון דער יוניע אין 1957-58.
M-3-facs_359_tr_1755856144-146	P-3-facs_359_tr_1755856144	3	facs_359_tr_1755856144	בערן [בערנהאָלין), מינאַ	מרדכי ירדני	זכר	מיטגליד	מיטגליד אין דער עקזעקוטיווע פֿון דער יוניע אין 1957-58.
M-3-facs_359_tr_1755856144-147	P-3-facs_359_tr_1755856144	3	facs_359_tr_1755856144	בערן [בערנהאָלין), מינאַ	מנחם רובין	זכר	מיטגליד	מיטגליד אין דער עקזעקוטיווע פֿון דער יוניע אין 1957-58.
M-3-facs_359_tr_1755856144-148	P-3-facs_359_tr_1755856144	3	facs_359_tr_1755856144	בערן [בערנהאָלין), מינאַ	מאָריס האניג	זכר	מיטגליד	מיטגליד אין דער עקזעקוטיווע פֿון 1958.
M-3-facs_359_tr_1755856144-149	P-3-facs_359_tr_1755856144	3	facs_359_tr_1755856144	בערן [בערנהאָלין), מינאַ	הערי לאַנדמאַן	זכר	מיטגליד	מיטגליד אין דער עקזעקוטיווע פֿון 1957-58.
M-3-facs_359_tr_1755856144-150	P-3-facs_359_tr_1755856144	3	facs_359_tr_1755856144	בערן [בערנהאָלין), מינאַ	לואיס ווייס	זכר	מיטגליד	מיטגליד אין דער עקזעקוטיווע פֿון 1957-58.
M-3-facs_359_tr_1755856144-151	P-3-facs_359_tr_1755856144	3	facs_359_tr_1755856144	בערן [בערנהאָלין), מינאַ	יעקב רעכטצייט	זכר	מיטגליד	מיטגליד אין דער עקזעקוטיווע פֿון 1958.
M-3-facs_359_tr_1755856144-152	P-3-facs_359_tr_1755856144	3	facs_359_tr_1755856144	בערן [בערנהאָלין), מינאַ	העלען בליי	נקבה	מיטגליד	מיטגליד אין דער עקזעקוטיווע פֿון 1957-58.
M-3-facs_359_tr_1755856144-153	P-3-facs_359_tr_1755856144	3	facs_359_tr_1755856144	בערן [בערנהאָלין), מינאַ	זעלדע קאפּלאַן	נקבה	מיטגליד	מיטגליד אין דער עקזעקוטיווע פֿון 1957-58.
M-3-facs_359_tr_1755856144-154	P-3-facs_359_tr_1755856144	3	facs_359_tr_1755856144	בערן [בערנהאָלין), מינאַ	ראָזעטאַ ביאליס	נקבה	מיטגליד	מיטגליד אין דער עקזעקוטיווע פֿון 1957-58.
M-3-facs_359_tr_1755856144-155	P-3-facs_359_tr_1755856144	3	facs_359_tr_1755856144	בערן [בערנהאָלין), מינאַ	מאַקס באָזשיק	זכר	פינאַנס-סעקרעטאַר	פינאַנס-סעקרעטאַר פֿון דער יוניע אין 1957-58.
M-3-facs_359_tr_1755856144-156	P-3-facs_359_tr_1755856144	3	facs_359_tr_1755856144	בערן [בערנהאָלין), מינאַ	סעם לייבאָוויטש	זכר	מענעדזשער	באַשטימט געוואָרן אַלס מענעדזשער אין אויגוסט 1897.
M-3-facs_372_r_4-000	P-3-facs_372_r_4	3	facs_372_r_4	זינגער יעקב	פֿאָטער *	זכר	עקספּעדיטאָר ביי אַ סטאַטעק (פאַראָם) איבער דער ווייסל	דער פֿאָטער פֿונעם סוביעקט.
M-3-facs_372_r_4-001	P-3-facs_372_r_4	3	facs_372_r_4	זינגער יעקב	מוטער *	נקבה		די מוטער פֿונעם סוביעקט.
M-3-facs_372_r_4-002	P-3-facs_372_r_4	3	facs_372_r_4	זינגער יעקב	פריוואַטע לערער *		געלערנט ביי פריוואַטע לערער דייטש און פּויליש	די לערערס פֿונעם סוביעקט.
M-3-facs_372_r_4-003	P-3-facs_372_r_4	3	facs_372_r_4	זינגער יעקב	אַשס	זכר		דער מחבר פֿון דער פּיעסע „יחוס“, וואָס דער סוביעקט האָט אויפֿגעפֿירט.
M-3-facs_372_r_4-004	P-3-facs_372_r_4	3	facs_372_r_4	זינגער יעקב	ליבינס	זכר		דער מחבר פֿון דער פּיעסע „געבראָכענע הערצער“, וואָס דער סוביעקט האָט אויפֿגעפֿירט.
M-3-facs_372_r_4-005	P-3-facs_372_r_4	3	facs_372_r_4	זינגער יעקב	גאָלדפֿאַדענס	זכר		דער מחבר פֿון דער פּיעסע „דר. אַלמאַסאדא“, וואָס דער סוביעקט האָט אויפֿגעפֿירט.
M-3-facs_372_r_4-006	P-3-facs_372_r_4	3	facs_372_r_4	זינגער יעקב	אַנסקי	זכר		דער מחבר פֿון איינאַקטערס, וואָס דער סוביעקט האָט אויפֿגעפֿירט.
M-3-facs_372_r_4-007	P-3-facs_372_r_4	3	facs_372_r_4	זינגער יעקב	הירשביין	זכר		דער מחבר פֿון איינאַקטערס, וואָס דער סוביעקט האָט אויפֿגעפֿירט.
M-3-facs_372_r_4-008	P-3-facs_372_r_4	3	facs_372_r_4	זינגער יעקב	יידישע דיכטער *		אַרויסגעגעבן אין שיקאַגאָ אַ זאַמלונג לידער און פאָעמעס פֿון יידישע דיכטער	דיכטער וועמענס ווערק דער סוביעקט האָט אַרויסגעגעבן אין אַ זאַמלונג.
M-3-facs_372_r_4-009	P-3-facs_372_r_4	3	facs_372_r_4	זינגער יעקב	שלום-עליכמס	זכר		דער מחבר פֿון ווערק וואָס דער סוביעקט האָט באַאַרבעט פֿאַר טעאַטער.
M-3-facs_372_r_4-010	P-3-facs_372_r_4	3	facs_372_r_4	זינגער יעקב	מאָריס שוואַרץ	זכר		דער אַקטיאָר און רעזשיסער וואָס האָט געזאָלט אויפֿפֿירן די פּיעסן פֿונעם סוביעקט.
M-3-facs_373_tr_1755856146-000	P-3-facs_373_tr_1755856146	3	facs_373_tr_1755856146	ראָזען, מאַקס [מאַנעס ראָזענצווייג]	עלטערן*		פֿיש-הענדלער	זיי זענען די עלטערן פֿון דעם סוביעקט.
M-3-facs_373_tr_1755856146-001	P-3-facs_373_tr_1755856146	3	facs_373_tr_1755856146	ראָזען, מאַקס [מאַנעס ראָזענצווייג]	חזנים*	זכר		דער סוביעקט האָט געזונגען אַלס משורר ביי זיי.
M-3-facs_373_tr_1755856146-002	P-3-facs_373_tr_1755856146	3	facs_373_tr_1755856146	ראָזען, מאַקס [מאַנעס ראָזענצווייג]	צעזאָר גרינבערג	זכר	האָט געפירט אַ דראַמאַטישער שול	דער סוביעקט איז אַריינגעטראָטן אין זיין דראַמאַטישער שול.
M-3-facs_373_tr_1755856146-003	P-3-facs_373_tr_1755856146	3	facs_373_tr_1755856146	ראָזען, מאַקס [מאַנעס ראָזענצווייג]	הערי בערנשטיין	זכר	דירעקטאָר אין קליוולאַנד	דער סוביעקט האָט געשפּילט אונטער זיין דירעקציע.
M-3-facs_373_tr_1755856146-004	P-3-facs_373_tr_1755856146	3	facs_373_tr_1755856146	ראָזען, מאַקס [מאַנעס ראָזענצווייג]	פֿרידאַ זיבעל	נקבה	"אַ כאָריסט אין דעם אַרטיקן „מעטראָפּאָליטאָן""-טעאַטער"	זי האָט געשפּילט אינאיינעם מיט דעם סוביעקט אין שיקאַגאָ.
M-3-facs_373_tr_1755856146-005	P-3-facs_373_tr_1755856146	3	facs_373_tr_1755856146	ראָזען, מאַקס [מאַנעס ראָזענצווייג]	בעסי ווייסמאַן	נקבה	"אַ כאָריסט אין דעם אַרטיקן „מעטראָפּאָליטאָן""-טעאַטער"	זי האָט געשפּילט אינאיינעם מיט דעם סוביעקט אין שיקאַגאָ.
M-3-facs_373_tr_1755856146-006	P-3-facs_373_tr_1755856146	3	facs_373_tr_1755856146	ראָזען, מאַקס [מאַנעס ראָזענצווייג]	מאַטיילדא פינקעלשטיין	נקבה	"אַ כאָריסט אין דעם אַרטיקן „מעטראָפּאָליטאָן""-טעאַטער"	זי האָט געשפּילט אינאיינעם מיט דעם סוביעקט אין שיקאַגאָ.
M-3-facs_373_tr_1755856146-007	P-3-facs_373_tr_1755856146	3	facs_373_tr_1755856146	ראָזען, מאַקס [מאַנעס ראָזענצווייג]	מרס. שעהנהאָלץ	נקבה	"אַ כאָריסט אין דעם אַרטיקן „מעטראָפּאָליטאָן""-טעאַטער"	זי האָט געשפּילט אינאיינעם מיט דעם סוביעקט אין שיקאַגאָ.
M-3-facs_373_tr_1755856146-008	P-3-facs_373_tr_1755856146	3	facs_373_tr_1755856146	ראָזען, מאַקס [מאַנעס ראָזענצווייג]	דוד באַראַץ	זכר	"אַ כאָריסט אין דעם אַרטיקן „מעטראָפּאָליטאָן""-טעאַטער"	ער האָט געשפּילט אינאיינעם מיט דעם סוביעקט אין שיקאַגאָ.
M-3-facs_373_tr_1755856146-009	P-3-facs_373_tr_1755856146	3	facs_373_tr_1755856146	ראָזען, מאַקס [מאַנעס ראָזענצווייג]	יוסף שעהנגאָלד	זכר	"אַ כאָריסט אין דעם אַרטיקן „מעטראָפּאָליטאָן""-טעאַטער"	ער האָט געשפּילט אינאיינעם מיט דעם סוביעקט אין שיקאַגאָ.
M-3-facs_373_tr_1755856146-010	P-3-facs_373_tr_1755856146	3	facs_373_tr_1755856146	ראָזען, מאַקס [מאַנעס ראָזענצווייג]	יעקב האָכשטיין	זכר	"אַ כאָריסט אין דעם אַרטיקן „מעטראָפּאָליטאָן""-טעאַטער"	ער האָט געשפּילט אינאיינעם מיט דעם סוביעקט אין שיקאַגאָ.
M-3-facs_373_tr_1755856146-011	P-3-facs_373_tr_1755856146	3	facs_373_tr_1755856146	ראָזען, מאַקס [מאַנעס ראָזענצווייג]	דוד שענהאָלץ	זכר	"אַ כאָריסט אין דעם אַרטיקן „מעטראָפּאָליטאָן""-טעאַטער"	ער האָט געשפּילט אינאיינעם מיט דעם סוביעקט אין שיקאַגאָ.
M-3-facs_373_tr_1755856146-012	P-3-facs_373_tr_1755856146	3	facs_373_tr_1755856146	ראָזען, מאַקס [מאַנעס ראָזענצווייג]	באָריס ראָזענ טאַל	זכר	"אַ כאָריסט אין דעם אַרטיקן „מעטראָפּאָליטאָן""-טעאַטער"	ער האָט געשפּילט אינאיינעם מיט דעם סוביעקט אין שיקאַגאָ.
M-3-facs_373_tr_1755856146-013	P-3-facs_373_tr_1755856146	3	facs_373_tr_1755856146	ראָזען, מאַקס [מאַנעס ראָזענצווייג]	לייזער גאָלדשטיין	זכר	"אַ כאָריסט אין דעם אַרטיקן „מעטראָפּאָליטאָן""-טעאַטער"	ער האָט געשפּילט אינאיינעם מיט דעם סוביעקט אין שיקאַגאָ.
M-3-facs_373_tr_1755856146-014	P-3-facs_373_tr_1755856146	3	facs_373_tr_1755856146	ראָזען, מאַקס [מאַנעס ראָזענצווייג]	יוסף שוואַרצבערג	זכר	"אַ כאָריסט אין דעם אַרטיקן „מעטראָפּאָליטאָן""-טעאַטער"	ער האָט געשפּילט אינאיינעם מיט דעם סוביעקט אין שיקאַגאָ.
M-3-facs_373_tr_1755856146-015	P-3-facs_373_tr_1755856146	3	facs_373_tr_1755856146	ראָזען, מאַקס [מאַנעס ראָזענצווייג]	דעוויד הירש	זכר	"אַ כאָריסט אין דעם אַרטיקן „מעטראָפּאָליטאָן""-טעאַטער"	ער האָט געשפּילט אינאיינעם מיט דעם סוביעקט אין שיקאַגאָ.
M-3-facs_373_tr_1755856146-016	P-3-facs_373_tr_1755856146	3	facs_373_tr_1755856146	ראָזען, מאַקס [מאַנעס ראָזענצווייג]	מאָריס מאָשקאָוויטש	זכר	גאַסטראָלער	ער איז געווען אַ גאַסטראָלער וואָס האָט געשפּילט מיט דעם סוביעקט.
M-3-facs_373_tr_1755856146-017	P-3-facs_373_tr_1755856146	3	facs_373_tr_1755856146	ראָזען, מאַקס [מאַנעס ראָזענצווייג]	יעקב פּ. אַדלער	זכר	גאַסטראָלער	ער איז געווען אַ גאַסטראָלער וואָס האָט געשפּילט מיט דעם סוביעקט.
M-3-facs_373_tr_1755856146-018	P-3-facs_373_tr_1755856146	3	facs_373_tr_1755856146	ראָזען, מאַקס [מאַנעס ראָזענצווייג]	דיינע פֿיינמאַן	נקבה	גאַסטראָלער	זי איז געווען אַ גאַסטראָלער וואָס האָט געשפּילט מיט דעם סוביעקט.
M-3-facs_373_tr_1755856146-019	P-3-facs_373_tr_1755856146	3	facs_373_tr_1755856146	ראָזען, מאַקס [מאַנעס ראָזענצווייג]	קעני ליפּצין	נקבה	גאַסטראָלער	זי איז געווען אַ גאַסטראָלער וואָס האָט געשפּילט מיט דעם סוביעקט.
M-3-facs_373_tr_1755856146-020	P-3-facs_373_tr_1755856146	3	facs_373_tr_1755856146	ראָזען, מאַקס [מאַנעס ראָזענצווייג]	אַן אַקטיאָר*	זכר		צוליב זיין קראַנקהייט האָט דער סוביעקט באַקומען אַ גרעסערע ראָל.
M-3-facs_373_tr_1755856146-021	P-3-facs_373_tr_1755856146	3	facs_373_tr_1755856146	ראָזען, מאַקס [מאַנעס ראָזענצווייג]	בן עמי	זכר	"אַקטיאָר אין „פֿאָלקס""-טעאַטער"	"ער האָט געשפּילט אינאיינעם מיט דעם סוביעקט אין „פֿאָלקס""-טעאַטער."
M-3-facs_373_tr_1755856146-022	P-3-facs_373_tr_1755856146	3	facs_373_tr_1755856146	ראָזען, מאַקס [מאַנעס ראָזענצווייג]	מאָריס שוואַרצס	זכר	יידישן קונסט-טעאַטער	דער סוביעקט האָט געשפּילט אין זיין טעאַטער.
M-3-facs_373_tr_1755856146-023	P-3-facs_373_tr_1755856146	3	facs_373_tr_1755856146	ראָזען, מאַקס [מאַנעס ראָזענצווייג]	קאַרנאָווסקיס	זכר		"דער סוביעקט האָט זיך באַטייליקט אין זיין אויפֿפֿירונג פֿון „דבוק""."
M-3-facs_373_tr_1755856139-000	P-3-facs_373_tr_1755856139	3	facs_373_tr_1755856139	באַרזעל, וואָלף [אייזענבערג]	הרב ר' אַלעקסאַנדער זיסקינד ליפשיץ	זכר	אָרטיקן רב	ער איז דער זיידע פון ב.
M-3-facs_373_tr_1755856139-001	P-3-facs_373_tr_1755856139	3	facs_373_tr_1755856139	באַרזעל, וואָלף [אייזענבערג]	פאָטער*	זכר		ער איז דער פאָטער פון ב.
M-3-facs_373_tr_1755856139-002	P-3-facs_373_tr_1755856139	3	facs_373_tr_1755856139	באַרזעל, וואָלף [אייזענבערג]	מוטער*	נקבה		זי איז די מוטער פון ב.
M-3-facs_373_tr_1755856139-003	P-3-facs_373_tr_1755856139	3	facs_373_tr_1755856139	באַרזעל, וואָלף [אייזענבערג]	הרב גראָבאַרד	זכר	סטאַשעווער רב (שפּעטער רב הכולל אין טאָראַנטאָ)	ער איז דער שטיפפאָטער פון ב.
M-3-facs_373_tr_1755856139-004	P-3-facs_373_tr_1755856139	3	facs_373_tr_1755856139	באַרזעל, וואָלף [אייזענבערג]	לערער*	זכר		ב. האָט געלערנט ביי אים פּריוואַט.
M-3-facs_373_tr_1755856139-005	P-3-facs_373_tr_1755856139	3	facs_373_tr_1755856139	באַרזעל, וואָלף [אייזענבערג]	אייזענבאַך	זכר	באַרימטן שוישפּילער	ב. האָט געשפּילט מיט אים אין שטומע פילמען.
M-3-facs_373_tr_1755856139-006	P-3-facs_373_tr_1755856139	3	facs_373_tr_1755856139	באַרזעל, וואָלף [אייזענבערג]	מענדל עלקינס	זכר		ב. האָט שטודירט אין זיין דראַמאַטישער שול.
M-3-facs_373_tr_1755856139-007	P-3-facs_373_tr_1755856139	3	facs_373_tr_1755856139	באַרזעל, וואָלף [אייזענבערג]	רודאָלף שילדקרויט	זכר		ב. האָט געשפּילט מיט אים אין אונדזער טעאַטער.
M-3-facs_373_tr_1755856139-008	P-3-facs_373_tr_1755856139	3	facs_373_tr_1755856139	באַרזעל, וואָלף [אייזענבערג]	מאַרק שווייד	זכר		ב. האָט געשפּילט מיט אים אין אונדזער טעאַטער.
M-3-facs_373_tr_1755856139-009	P-3-facs_373_tr_1755856139	3	facs_373_tr_1755856139	באַרזעל, וואָלף [אייזענבערג]	בולאָוו	זכר		ב. איז מיט אים איבערגעגאנגען אין דער ווילנער טרופּע.
M-3-facs_373_tr_1755856139-010	P-3-facs_373_tr_1755856139	3	facs_373_tr_1755856139	באַרזעל, וואָלף [אייזענבערג]	עדי קלאַרק	זכר		ב. האָט מיט אים געשפּילט אין לעגיטימן ענגלישן טעאַטער.
M-3-facs_373_tr_1755856139-011	P-3-facs_373_tr_1755856139	3	facs_373_tr_1755856139	באַרזעל, וואָלף [אייזענבערג]	אַנדרעעווס	זכר		ער איז דער מחבר פון דער פּיעסע דער וואָס קריגט די פּעטש.
M-3-facs_373_tr_1755856139-012	P-3-facs_373_tr_1755856139	3	facs_373_tr_1755856139	באַרזעל, וואָלף [אייזענבערג]	עטל באַרימאָר	נקבה		ב. האָט מיט איר געשפּילט אין עמברעזעלט העווענס.
M-3-facs_373_tr_1755856139-013	P-3-facs_373_tr_1755856139	3	facs_373_tr_1755856139	באַרזעל, וואָלף [אייזענבערג]	ווערפל	זכר		ער איז דער מחבר פון דער פּיעסע עמברעזעלט העווענס.
M-3-facs_373_tr_1755856139-014	P-3-facs_373_tr_1755856139	3	facs_373_tr_1755856139	באַרזעל, וואָלף [אייזענבערג]	בלייך	זכר		ב. האָט זיך מיט אים באַטייליקט אין דער יידישער אויפפירונג פון דאָ קאָן עס ניט געשען.
M-3-facs_373_tr_1755856139-015	P-3-facs_373_tr_1755856139	3	facs_373_tr_1755856139	באַרזעל, וואָלף [אייזענבערג]	סקולער	זכר		ב. האָט זיך מיט אים באַטייליקט אין דער יידישער אויפפירונג פון דאָ קאָן עס ניט געשען.
M-3-facs_373_tr_1755856139-016	P-3-facs_373_tr_1755856139	3	facs_373_tr_1755856139	באַרזעל, וואָלף [אייזענבערג]	סינקלער לואיס	זכר		ער איז דער מחבר פון דער פּיעסע דאָ קאָן עס ניט געשען.
M-3-facs_373_tr_1755856139-017	P-3-facs_373_tr_1755856139	3	facs_373_tr_1755856139	באַרזעל, וואָלף [אייזענבערג]	יהודה בלייך	זכר		ער איז געווען א מענעדזשער פון סעקאָנד עוועניו טעאַטער צוזאמען מיט ב.
M-3-facs_373_tr_1755856139-018	P-3-facs_373_tr_1755856139	3	facs_373_tr_1755856139	באַרזעל, וואָלף [אייזענבערג]	מיכאָל ראָזענבערג	זכר		ער איז געווען א מענעדזשער פון סעקאָנד עוועניו טעאַטער צוזאמען מיט ב.
M-3-facs_373_tr_1755856139-019	P-3-facs_373_tr_1755856139	3	facs_373_tr_1755856139	באַרזעל, וואָלף [אייזענבערג]	דינה האַלפּערן	נקבה		זי איז געווען א מענעדזשער פון סעקאָנד עוועניו טעאַטער צוזאמען מיט ב.
M-3-facs_373_tr_1755856139-020	P-3-facs_373_tr_1755856139	3	facs_373_tr_1755856139	באַרזעל, וואָלף [אייזענבערג]	ויראַ מאָסטער	נקבה		ב. האָט מיט איר געשפּילט אין נעשאָנאַל-טעאַטער.
M-3-facs_373_tr_1755856139-021	P-3-facs_373_tr_1755856139	3	facs_373_tr_1755856139	באַרזעל, וואָלף [אייזענבערג]	מאיר אייזענבערג	זכר	פּראָפעסיאנעלער סופלער אין יידישן טעאַטער אין פּוילן	ער איז ב.'ס ברידער.
M-3-facs_374_tr_1755856111-000	P-3-facs_374_tr_1755856111	3	facs_374_tr_1755856111	ניומאַן (ניימאַן], יעקב	עלטערן*		אַ חסידיש-סוחרישער פֿאַמיליע	זיי זענען די עלטערן פֿון דעם סוביעקט.
M-3-facs_374_tr_1755856111-001	P-3-facs_374_tr_1755856111	3	facs_374_tr_1755856111	ניומאַן (ניימאַן], יעקב	אַמשינאָווער רבי	זכר		נ. האָט געלערנט דריי יאָר ביים אַמשינאָווער רבי.
M-3-facs_374_tr_1755856111-002	P-3-facs_374_tr_1755856111	3	facs_374_tr_1755856111	ניומאַן (ניימאַן], יעקב	יעקב ווייסליץ	זכר		נ. האָט זיך אָנגעהויבן באַטייליקן אין דער דראַמאַטישער סעקציע אונטער דער רעזשי פֿון יעקב ווייסליץ.
M-3-facs_374_tr_1755856111-003	P-3-facs_374_tr_1755856111	3	facs_374_tr_1755856111	ניומאַן (ניימאַן], יעקב	דוד הערמאַן	זכר		נ. האָט ביי אים געלערנט אין דראַמאַטישע קורסן.
M-3-facs_374_tr_1755856111-004	P-3-facs_374_tr_1755856111	3	facs_374_tr_1755856111	ניומאַן (ניימאַן], יעקב	שידלאָ	זכר	אין טאָרלא	נ. האָט זיך באַטייליקט אין דער דראַמאַטישער סעקציע אונטער זיין רעזשי.
M-3-facs_374_tr_1755856111-005	P-3-facs_374_tr_1755856111	3	facs_374_tr_1755856111	ניומאַן (ניימאַן], יעקב	בראָניאַ	נקיבה	שפּעטער אַן אַקטיווער מיטגליד אין דער „פֿאָלקסבינע“	זי איז די שוועסטער פֿון נ. און זיי האָבן צוזאַמען עמיגרירט קיין אַמעריקע.
M-3-facs_374_tr_1755856111-006	P-3-facs_374_tr_1755856111	3	facs_374_tr_1755856111	ניומאַן (ניימאַן], יעקב	מישע פישזאָן	זכר		נ. האָט אויפֿגעטראָטן מיט אים און געאַרבעט אונטער זיין רעזשי.
M-3-facs_374_tr_1755856111-007	P-3-facs_374_tr_1755856111	3	facs_374_tr_1755856111	ניומאַן (ניימאַן], יעקב	יהודה בלייך	זכר		נ. האָט אויפֿגעטראָטן צוזאַמען מיט אים.
M-3-facs_374_tr_1755856111-008	P-3-facs_374_tr_1755856111	3	facs_374_tr_1755856111	ניומאַן (ניימאַן], יעקב	מאַרק שווייד	זכר		נ. האָט ביי אים געלערנט אין „פֿאָלקס-אוניווערזיטעט“.
M-3-facs_374_tr_1755856111-009	P-3-facs_374_tr_1755856111	3	facs_374_tr_1755856111	ניומאַן (ניימאַן], יעקב	ב. צ. גאָלדבערג	זכר		נ. האָט ביי אים געלערנט אין „פֿאָלקס-אוניווערזיטעט“.
M-3-facs_374_tr_1755856111-010	P-3-facs_374_tr_1755856111	3	facs_374_tr_1755856111	ניומאַן (ניימאַן], יעקב	פֿעדער	זכר		נ. האָט געשפּילט אונטער זיין רעזשי ביים „פּראָדעט“.
M-3-facs_374_tr_1755856111-011	P-3-facs_374_tr_1755856111	3	facs_374_tr_1755856111	ניומאַן (ניימאַן], יעקב	ליטמאַן	זכר	אין דעטראָיט	נ. האָט געאַרבעט אַלס פּראָפֿעסיאָנאַל אין זיין אָרטיקן יידישן טעאַטער.
M-3-facs_374_tr_1755856111-012	P-3-facs_374_tr_1755856111	3	facs_374_tr_1755856111	ניומאַן (ניימאַן], יעקב	סעמיועל גאָלדענבורג	זכר		נ. האָט געאַרבעט אונטער זיין רעזשי אין ליטמאַנס טעאַטער.
M-3-facs_374_tr_1755856111-013	P-3-facs_374_tr_1755856111	3	facs_374_tr_1755856111	ניומאַן (ניימאַן], יעקב	פּסחקע בורשטיין	זכר		נ. האָט געאַרבעט אונטער זיין רעזשי אין ליטמאַנס טעאַטער.
M-3-facs_374_tr_1755856111-014	P-3-facs_374_tr_1755856111	3	facs_374_tr_1755856111	ניומאַן (ניימאַן], יעקב	בעטי פרענק	נקיבה		נ. האָט געאַרבעט אונטער איר רעזשי אין ליטמאַנס טעאַטער.
M-3-facs_374_r_1-000	P-3-facs_374_r_1	3	facs_374_r_1	שולווייס, משה	מ. מילנער	זכר	רעזשי	ער איז געווען דער רעזשיסער אין וואַרשעווער „הזמיר“ וואו דער סוביעקט האָט זיך באַטייליקט.
M-3-facs_374_r_1-001	P-3-facs_374_r_1	3	facs_374_r_1	שולווייס, משה	לערמאַן	זכר	פֿירער פֿון א פּראָפֿעסיאנעלער טרופּע	דער סוביעקט האָט אַרומגעפֿאָרן מיט זיין טרופּע.
M-3-facs_374_r_1-002	P-3-facs_374_r_1	3	facs_374_r_1	שולווייס, משה	שטשערבאַקאָוו	זכר	פֿירער פֿון א פּראָפֿעסיאנעלער טרופּע	דער סוביעקט האָט אַרומגעפֿאָרן מיט זיין טרופּע.
M-3-facs_374_r_1-003	P-3-facs_374_r_1	3	facs_374_r_1	שולווייס, משה	עסקין	זכר	פֿירער פֿון א פּראָפֿעסיאנעלער טרופּע	דער סוביעקט האָט אַרומגעפֿאָרן מיט זיין טרופּע.
M-3-facs_374_r_1-004	P-3-facs_374_r_1	3	facs_374_r_1	שולווייס, משה	יוסף שטיינבערג	זכר	"מיטגרינדער פֿון דעם „הייבריו דראַמאַטיק קלאָב"""	"ער האָט צוזאַמען מיט דעם סוביעקט געגרינדעט דעם „הייבריו דראַמאַטיק קלאָב"" אין פּיטסבורג."
M-3-facs_374_r_1-005	P-3-facs_374_r_1	3	facs_374_r_1	שולווייס, משה	ניגער	זכר	"לערער אין דעם „קונסט-רינג"""	"ער איז געווען א לערער אין דעם „קונסט-רינג"" וואו דער סוביעקט האָט מיטאָרגאַניזירט."
M-3-facs_374_r_1-006	P-3-facs_374_r_1	3	facs_374_r_1	שולווייס, משה	קאָראַלניק	זכר	"לערער אין דעם „קונסט-רינג"""	"ער איז געווען א לערער אין דעם „קונסט-רינג"" וואו דער סוביעקט האָט מיטאָרגאַניזירט."
M-3-facs_374_r_1-007	P-3-facs_374_r_1	3	facs_374_r_1	שולווייס, משה	שווייך	זכר	"לערער אין דעם „קונסט-רינג"""	"ער איז געווען א לערער אין דעם „קונסט-רינג"" וואו דער סוביעקט האָט מיטאָרגאַניזירט."
M-3-facs_374_r_1-008	P-3-facs_374_r_1	3	facs_374_r_1	שולווייס, משה	פּיראָזשניקאָוו	זכר	"לערער אין דעם „קונסט-רינג"""	"ער איז געווען א לערער אין דעם „קונסט-רינג"" וואו דער סוביעקט האָט מיטאָרגאַניזירט."
M-3-facs_374_r_1-009	P-3-facs_374_r_1	3	facs_374_r_1	שולווייס, משה	דימאָווס	זכר	דראַמאַטורג	דער סוביעקט האָט זיך באַטייליקט אין דער אויפֿפֿירונג פֿון זיין פּיעסע „אייביקער וואַנדערער“.
M-3-facs_374_r_1-010	P-3-facs_374_r_1	3	facs_374_r_1	שולווייס, משה	שוואַרצס	זכר	רעזשיסער פֿון יידישן קונסט-טעאַטער	"דער סוביעקט האָט מיטגעשפּילט אין עפּיזאָדן-ראָלן אין זיין אויפֿפֿירונג פֿון „שבתי צבי""."
M-3-facs_375_tr_1755856142-000	P-3-facs_375_tr_1755856142	3	facs_375_tr_1755856142	שוואַרץ, מאָריס [אַברהם משה]	יצחק אייזיק	male	אַ פֿרומער תבואַה-סוחר	ער איז געווען זיין פֿאָטער.
M-3-facs_375_tr_1755856142-001	P-3-facs_375_tr_1755856142	3	facs_375_tr_1755856142	שוואַרץ, מאָריס [אַברהם משה]	ר' אַהרעלע	male	אָרטיקן חזן	ער האָט געזונגען אַלס אַלט ביי אים.
M-3-facs_375_tr_1755856142-002	P-3-facs_375_tr_1755856142	3	facs_375_tr_1755856142	שוואַרץ, מאָריס [אַברהם משה]	יאַנקל שוואַרצטימער	male	חזן אין ביעלאַצערקאָוו	ער האָט געזונגען ביי אים.
M-3-facs_375_tr_1755856142-003	P-3-facs_375_tr_1755856142	3	facs_375_tr_1755856142	שוואַרץ, מאָריס [אַברהם משה]	לייבעלע באַס	male	משורך, שפּעטער דער אָפּערע-זינגער לעאָפּאָלד מילער אין בערלין	דורך אים איז ער באַקאַנט געוואָרן מיט חזנישע און טעאַטער-לידער.
M-3-facs_375_tr_1755856142-004	P-3-facs_375_tr_1755856142	3	facs_375_tr_1755856142	שוואַרץ, מאָריס [אַברהם משה]	מוטער*	female		ער איז געפֿאָרן מיט איר קיין אַמעריקע.
M-3-facs_375_tr_1755856142-005	P-3-facs_375_tr_1755856142	3	facs_375_tr_1755856142	שוואַרץ, מאָריס [אַברהם משה]	אַנדערע קינדער*			זיי זענען געווען זיינע געשוויסטער.
M-3-facs_375_tr_1755856142-006	P-3-facs_375_tr_1755856142	3	facs_375_tr_1755856142	שוואַרץ, מאָריס [אַברהם משה]	מאלווינאַ לאָבעל	female	אַקטריסע וואָס האָט געשפּילט שולמית	זי האָט געלאָזט אויף אים אַן אויסערגעוויינלעכן איינדרוק.
M-3-facs_375_tr_1755856142-007	P-3-facs_375_tr_1755856142	3	facs_375_tr_1755856142	שוואַרץ, מאָריס [אַברהם משה]	פעטער מענדל	male	אַ טעאַטער-פאַטריאָט	ער האָט אים געהאָלפֿן באַזוכן בגנבה דאָס יידישע טעאַטער.
M-3-facs_375_tr_1755856142-008	P-3-facs_375_tr_1755856142	3	facs_375_tr_1755856142	שוואַרץ, מאָריס [אַברהם משה]	דייטשער לערערין*	female		זי האָט אים פֿאָרגעלייענט דייטשע קלאַסיקער און שעקספּירן.
M-3-facs_375_tr_1755856142-009	P-3-facs_375_tr_1755856142	3	facs_375_tr_1755856142	שוואַרץ, מאָריס [אַברהם משה]	מאָגולעסקאָ	male	אַקטיאָר	ער איז געווען זיין פֿאַרברענטער חסיד.
M-3-facs_375_tr_1755856142-010	P-3-facs_375_tr_1755856142	3	facs_375_tr_1755856142	שוואַרץ, מאָריס [אַברהם משה]	קעסלער	male	אַקטיאָר	ער איז געווען זיין פּאַטריאָט.
M-3-facs_375_tr_1755856142-011	P-3-facs_375_tr_1755856142	3	facs_375_tr_1755856142	שוואַרץ, מאָריס [אַברהם משה]	אַדלער	male	אַקטיאָר	ער איז געווען זיין חסיד.
M-3-facs_375_tr_1755856142-012	P-3-facs_375_tr_1755856142	3	facs_375_tr_1755856142	שוואַרץ, מאָריס [אַברהם משה]	פֿיינמאָן	male	אַקטיאָר	ער האָט אים ליב געהאָט.
M-3-facs_375_tr_1755856142-013	P-3-facs_375_tr_1755856142	3	facs_375_tr_1755856142	שוואַרץ, מאָריס [אַברהם משה]	מאָשקאָוויטש	male	אַקטיאָר	ער איז פֿאַרליבט געוואָרן אין זיין אָרט ריידן אויף דער בינע.
M-3-facs_375_tr_1755856142-014	P-3-facs_375_tr_1755856142	3	facs_375_tr_1755856142	שוואַרץ, מאָריס [אַברהם משה]	עליאָס ראָטשטיין	male	אַקטיאָר	ער האָט שטאַרק אויסגענומען ביי אים.
M-3-facs_375_tr_1755856142-015	P-3-facs_375_tr_1755856142	3	facs_375_tr_1755856142	שוואַרץ, מאָריס [אַברהם משה]	סעמיועל טאָרנבערג	male	קאָמיקער	ער האָט שטאַרק אויסגענומען ביי אים.
M-3-facs_375_tr_1755856142-016	P-3-facs_375_tr_1755856142	3	facs_375_tr_1755856142	שוואַרץ, מאָריס [אַברהם משה]	דוד עדעלשטאַט	male	מחבר פון דער דעקלאַמאַציע דר. גראן	ער האָט דעקלאַמירט זיין ווערק.
M-3-facs_375_tr_1755856142-017	P-3-facs_375_tr_1755856142	3	facs_375_tr_1755856142	שוואַרץ, מאָריס [אַברהם משה]	יוסף שוואַרצבערג	male	זיין שפּעטערדיקן לעבנס-פֿריינט	ער איז געווען זיין חבר און שוישפּילער אין זיין טרופּע.
M-3-facs_375_tr_1755856142-018	P-3-facs_375_tr_1755856142	3	facs_375_tr_1755856142	שוואַרץ, מאָריס [אַברהם משה]	יואל ענטין	male	געהערט עטלעכע טעאַטער-לעקציעס פון אים	זיינע לעקציעס האָבן אים געהאָלפֿן פֿאַרשטיין וואָס אמתדיק טעאַטער דאַרף זיין.
M-3-facs_375_tr_1755856142-019	P-3-facs_375_tr_1755856142	3	facs_375_tr_1755856142	שוואַרץ, מאָריס [אַברהם משה]	נייטאָן גאָלדבערג	male	שוישפּילער	ער איז אַוועקגעפֿאָרן מיט אים אין אַ גרופּע קיין ברידזשפּאָרט.
M-3-facs_375_tr_1755856142-020	P-3-facs_375_tr_1755856142	3	facs_375_tr_1755856142	שוואַרץ, מאָריס [אַברהם משה]	דזשייקעלע גראָסמאַן	male	שוישפּילער	ער איז אַוועקגעפֿאָרן מיט אים אין אַ גרופּע קיין ברידזשפּאָרט.
M-3-facs_375_tr_1755856142-021	P-3-facs_375_tr_1755856142	3	facs_375_tr_1755856142	שוואַרץ, מאָריס [אַברהם משה]	חנה האָלענדער	female	איינע פֿון די פֿינקענטאַל-שוועסטער	זי איז אַוועקגעפֿאָרן מיט אים אין אַ גרופּע קיין ברידזשפּאָרט.
M-3-facs_375_tr_1755856142-022	P-3-facs_375_tr_1755856142	3	facs_375_tr_1755856142	שוואַרץ, מאָריס [אַברהם משה]	ראָזע גאָלדבערג	female	איינע פֿון די פֿינקענטאַל-שוועסטער	זי איז אַוועקגעפֿאָרן מיט אים אין אַ גרופּע קיין ברידזשפּאָרט.
M-3-facs_375_tr_1755856142-023	P-3-facs_375_tr_1755856142	3	facs_375_tr_1755856142	שוואַרץ, מאָריס [אַברהם משה]	עני רויטמאַן	female	שוישפּילערין	זי איז אַוועקגעפֿאָרן מיט אים אין אַ גרופּע קיין ברידזשפּאָרט.
M-3-facs_375_tr_1755856142-024	P-3-facs_375_tr_1755856142	3	facs_375_tr_1755856142	שוואַרץ, מאָריס [אַברהם משה]	סעם העלער	male	שוישפּילער	ער איז אַוועקגעפֿאָרן מיט אים אין אַ גרופּע קיין ברידזשפּאָרט.
M-3-facs_375_tr_1755856142-025	P-3-facs_375_tr_1755856142	3	facs_375_tr_1755856142	שוואַרץ, מאָריס [אַברהם משה]	נייטאָן אייקאָפסקי	male	שוישפּילער	ער איז אַוועקגעפֿאָרן מיט אים אין אַ גרופּע קיין ברידזשפּאָרט.
M-3-facs_375_tr_1755856142-026	P-3-facs_375_tr_1755856142	3	facs_375_tr_1755856142	שוואַרץ, מאָריס [אַברהם משה]	פֿיליפּ אויגענבליק	male	שוישפּילער	ער האָט אים פֿאַרבעטן צו שפּילן אין בראָנזוויל.
M-3-facs_375_tr_1755856142-027	P-3-facs_375_tr_1755856142	3	facs_375_tr_1755856142	שוואַרץ, מאָריס [אַברהם משה]	דער רויטער פֿישער*	male	שוישפּילער	ער האָט אים פֿאַרבעטן צו שפּילן אין בראָנזוויל.
M-3-facs_375_tr_1755856142-028	P-3-facs_375_tr_1755856142	3	facs_375_tr_1755856142	שוואַרץ, מאָריס [אַברהם משה]	ליאַ לאַרמאַן	female	טעאַטער-דירעקטאָר	ער האָט אים אָנגאַזשירט צו שפּילן אין באָלטימאָר.
M-3-facs_375_tr_1755856142-029	P-3-facs_375_tr_1755856142	3	facs_375_tr_1755856142	שוואַרץ, מאָריס [אַברהם משה]	מאָריס גאָלדבערג	male	דירעקטאָר פֿון אַ טרופּע	ער איז אַריבער אין זיין טרופּע.
M-3-facs_375_tr_1755856142-030	P-3-facs_375_tr_1755856142	3	facs_375_tr_1755856142	שוואַרץ, מאָריס [אַברהם משה]	קלאַראַ ראָפֿאָלאָ	female	די פרוי פון מאָריס גאָלדבערג	זי האָט אים איבערגעגעבן די גאַנצע רעזשי.
M-3-facs_375_tr_1755856142-031	P-3-facs_375_tr_1755856142	3	facs_375_tr_1755856142	שוואַרץ, מאָריס [אַברהם משה]	סעם אויערבאַך	male	שוישפּילער	ער איז געווען אין דער זעלבער טרופּע מיט אים.
M-3-facs_375_tr_1755856142-032	P-3-facs_375_tr_1755856142	3	facs_375_tr_1755856142	שוואַרץ, מאָריס [אַברהם משה]	באָריס ראָזענטאַל	male	שוישפּילער	ער האָט געשפּילט מיט אים.
M-3-facs_375_tr_1755856142-033	P-3-facs_375_tr_1755856142	3	facs_375_tr_1755856142	שוואַרץ, מאָריס [אַברהם משה]	ראָזע ראָזענטאַל	female	שוישפּילערין	זי האָט געשפּילט מיט אים.
M-3-facs_375_tr_1755856142-034	P-3-facs_375_tr_1755856142	3	facs_375_tr_1755856142	שוואַרץ, מאָריס [אַברהם משה]	איזידאָר מעלצער	male	שוישפּילער	ער האָט געשפּילט מיט אים.
M-3-facs_375_tr_1755856142-035	P-3-facs_375_tr_1755856142	3	facs_375_tr_1755856142	שוואַרץ, מאָריס [אַברהם משה]	מיס טוירמאַן	female	שוישפּילערין	זי האָט געשפּילט מיט אים.
M-3-facs_375_tr_1755856142-036	P-3-facs_375_tr_1755856142	3	facs_375_tr_1755856142	שוואַרץ, מאָריס [אַברהם משה]	זילבערבוש	male	שוישפּילער	ער האָט געשפּילט מיט אים.
M-3-facs_375_tr_1755856142-037	P-3-facs_375_tr_1755856142	3	facs_375_tr_1755856142	שוואַרץ, מאָריס [אַברהם משה]	עליאס גליקמאַן	male	שיקאַגער טעאַטער-דירעקטאָר	ער האָט אים אָנגאַזשירט צו שפּילן אין שיקאַגאָ.
M-3-facs_375_tr_1755856142-038	P-3-facs_375_tr_1755856142	3	facs_375_tr_1755856142	שוואַרץ, מאָריס [אַברהם משה]	סעם וויינשטיין	male	טעאַטער-מענעדזשער	ער האָט געשפּילט אין זיין טעאַטער.
M-3-facs_375_tr_1755856142-039	P-3-facs_375_tr_1755856142	3	facs_375_tr_1755856142	שוואַרץ, מאָריס [אַברהם משה]	אַנשל שאַר	male	טעאַטער-דירעקטאָר	ער האָט אים אָנגאַזשירט פֿאַר זיין טעאַטער אין פֿילאַדעלפיע.
M-3-facs_375_tr_1755856142-040	P-3-facs_375_tr_1755856142	3	facs_375_tr_1755856142	שוואַרץ, מאָריס [אַברהם משה]	מייק טאָמאַשעווסקי	male	מענעדזשער	ער האָט אים באַזייטיקט פֿון דער טרופּע צוליב אייפערזוכט פֿון די סטאַרס.
M-3-facs_375_tr_1755856142-041	P-3-facs_375_tr_1755856142	3	facs_375_tr_1755856142	שוואַרץ, מאָריס [אַברהם משה]	טשאַרלס נאַטאַנסאָן	male	שוישפּילער	ער איז געווען איינער פֿון די סטאַרס פֿון דער טרופּע.
M-3-facs_375_tr_1755856142-042	P-3-facs_375_tr_1755856142	3	facs_375_tr_1755856142	שוואַרץ, מאָריס [אַברהם משה]	איידאַ נאַטאַנסאָן	female	שוישפּילערין	זי איז געווען איינער פֿון די סטאַרס פֿון דער טרופּע.
M-3-facs_375_tr_1755856142-043	P-3-facs_375_tr_1755856142	3	facs_375_tr_1755856142	שוואַרץ, מאָריס [אַברהם משה]	סעם קעסטין	male	שוישפּילער	ער איז געווען אין דער זעלבער טרופּע מיט אים.
M-3-facs_375_tr_1755856142-044	P-3-facs_375_tr_1755856142	3	facs_375_tr_1755856142	שוואַרץ, מאָריס [אַברהם משה]	פעני טאָמאַשעווסקי	female	שוישפּילערין	זי איז געווען אין דער זעלבער טרופּע מיט אים.
M-3-facs_375_tr_1755856142-045	P-3-facs_375_tr_1755856142	3	facs_375_tr_1755856142	שוואַרץ, מאָריס [אַברהם משה]	יעטאַ בלאָק	female	שוישפּילערין	זי איז געווען אין דער זעלבער טרופּע מיט אים.
M-3-facs_375_tr_1755856142-046	P-3-facs_375_tr_1755856142	3	facs_375_tr_1755856142	שוואַרץ, מאָריס [אַברהם משה]	יעקב שוואַרץ	male	שוישפּילער	ער איז געווען אין דער זעלבער טרופּע מיט אים.
M-3-facs_375_tr_1755856142-047	P-3-facs_375_tr_1755856142	3	facs_375_tr_1755856142	שוואַרץ, מאָריס [אַברהם משה]	אברהם שוואַרץ	male	שוישפּילער	ער איז געווען אין דער זעלבער טרופּע מיט אים.
M-3-facs_375_tr_1755856142-048	P-3-facs_375_tr_1755856142	3	facs_375_tr_1755856142	שוואַרץ, מאָריס [אַברהם משה]	טוירקל	male	שרייבער פונעם טאָג	ער האָט געשריבן לויב-געזאַנגען וועגן זיין שפּילן.
M-3-facs_375_tr_1755856142-049	P-3-facs_375_tr_1755856142	3	facs_375_tr_1755856142	שוואַרץ, מאָריס [אַברהם משה]	זאַגער	male	שוישפּילער	ער איז געוואָרן קראַנק און אים האָט מען צוריקגעבראַכט צו שפּילן זיין ראָל.
M-3-facs_375_tr_1755856142-050	P-3-facs_375_tr_1755856142	3	facs_375_tr_1755856142	שוואַרץ, מאָריס [אַברהם משה]	מאַקס ראָזענטאַל	male	סטאַר-שוישפּילער	ער האָט געשפּילט מיט אים.
M-3-facs_375_tr_1755856142-051	P-3-facs_375_tr_1755856142	3	facs_375_tr_1755856142	שוואַרץ, מאָריס [אַברהם משה]	מאָריס מאָריסאָן	male	גאַסטראָלירנדיקער אַקטיאָר	ער האָט אים רעקאָמענדירט פֿאַר דוד קעסלערן.
M-3-facs_375_tr_1755856142-052	P-3-facs_375_tr_1755856142	3	facs_375_tr_1755856142	שוואַרץ, מאָריס [אַברהם משה]	עמיליע אַדלער	female	אַקטריסע	זי האָט געשפּילט מיט אים אין פֿילאַדעלפיע.
M-3-facs_375_tr_1755856142-053	P-3-facs_375_tr_1755856142	3	facs_375_tr_1755856142	שוואַרץ, מאָריס [אַברהם משה]	זלמן זילבערצווייג	male	טעאַטער-היסטאָריקער	ער האָט דערציילט וועגן אים.
M-3-facs_375_tr_1755856142-054	P-3-facs_375_tr_1755856142	3	facs_375_tr_1755856142	שוואַרץ, מאָריס [אַברהם משה]	אסתר רחל קאמינסקאַ	female	באקאנטע אקטריסע	זי האָט אים גערופֿן אַ פֿייער-פלאם.
M-3-facs_375_tr_1755856142-055	P-3-facs_375_tr_1755856142	3	facs_375_tr_1755856142	שוואַרץ, מאָריס [אַברהם משה]	צילע אַדלער	female	שוישפּילערין	זי איז אַרויסגעטראָטן מיט אים אין סקעטשעס.
M-3-facs_375_tr_1755856142-056	P-3-facs_375_tr_1755856142	3	facs_375_tr_1755856142	שוואַרץ, מאָריס [אַברהם משה]	שלום פּערלמוטער	male	טעאַטער-קענער	ער האָט אים רעקאָמענדירט צו שפּילן מיט מאָלווינאַ לאָבעל.
M-3-facs_375_tr_1755856142-057	P-3-facs_375_tr_1755856142	3	facs_375_tr_1755856142	שוואַרץ, מאָריס [אַברהם משה]	לואיס היימאַן	male	שוישפּילער	ער האָט אים פֿאַרטרעטן אין מאַדאָם עקס.
M-3-facs_375_tr_1755856142-058	P-3-facs_375_tr_1755856142	3	facs_375_tr_1755856142	שוואַרץ, מאָריס [אַברהם משה]	בועז יאָנג	male	שוישפּילער און שריפטשטעלער	ער האָט אים אָנגאַזשירט פֿאַר זיין ערשטער ראָל אין ניו יאָרק.
M-3-facs_375_tr_1755856142-059	P-3-facs_375_tr_1755856142	3	facs_375_tr_1755856142	שוואַרץ, מאָריס [אַברהם משה]	דוד קעסלער	male	טעאַטער-דירעקטאָר און אַקטיאָר	ער האָט אים אָנגאַזשירט צו שפּילן אין זיין טעאַטער.
M-3-facs_375_tr_1755856142-060	P-3-facs_375_tr_1755856142	3	facs_375_tr_1755856142	שוואַרץ, מאָריס [אַברהם משה]	סימאָנאָף	male	שוישפּילער	ער האָט אים פֿאַרלויט דעם וועג אויף דער בינע.
M-3-facs_375_tr_1755856142-061	P-3-facs_375_tr_1755856142	3	facs_375_tr_1755856142	שוואַרץ, מאָריס [אַברהם משה]	שילדקרויט	male	שוישפּילער	ער האָט געוואָלט אים שיקן קיין בערלין לערנען.
M-3-facs_375_tr_1755856142-062	P-3-facs_375_tr_1755856142	3	facs_375_tr_1755856142	שוואַרץ, מאָריס [אַברהם משה]	מאַקס פּיין	male	געזעלשאַפֿטלעכער טוער	ער האָט באַמיט זיך צו באַקומען אים אַ צווייטע פּראָבע אין דער יוניע.
M-3-facs_375_tr_1755856142-063	P-3-facs_375_tr_1755856142	3	facs_375_tr_1755856142	שוואַרץ, מאָריס [אַברהם משה]	יוסף באַראַנדעס	male	געזעלשאַפֿטלעכער טוער	ער האָט באַמיט זיך צו באַקומען אים אַ צווייטע פּראָבע אין דער יוניע.
M-3-facs_375_tr_1755856142-064	P-3-facs_375_tr_1755856142	3	facs_375_tr_1755856142	שוואַרץ, מאָריס [אַברהם משה]	אייב קאַהאַן	male	רעדאַקטאָר פֿון פֿארווערטס	ער האָט אים געשטיצט אַריינצוגיין אין דער יוניע.
M-3-facs_375_tr_1755856142-065	P-3-facs_375_tr_1755856142	3	facs_375_tr_1755856142	שוואַרץ, מאָריס [אַברהם משה]	משה נאָדיר	male	דיכטער	ער איז געווען זיין נאָנטער חבר.
M-3-facs_375_tr_1755856142-066	P-3-facs_375_tr_1755856142	3	facs_375_tr_1755856142	שוואַרץ, מאָריס [אַברהם משה]	משה לייב האַלפּערן	male	דיכטער	ער איז געווען זיין נאָנטער חבר.
M-3-facs_375_tr_1755856142-067	P-3-facs_375_tr_1755856142	3	facs_375_tr_1755856142	שוואַרץ, מאָריס [אַברהם משה]	הערשל צוקערבערג	male	מענעדזשער פֿון דער אַקטיאָרן-יוניע	ער האָט אים געצוואונגען צו שפּילן קעסלערס ראָלן.
M-3-facs_375_tr_1755856142-068	P-3-facs_375_tr_1755856142	3	facs_375_tr_1755856142	שוואַרץ, מאָריס [אַברהם משה]	מאַקס ר. ווילנער	male	טעאַטער-דירעקטאָר	ער איז געווען זיין שותף אין אוירווינג פלעיס טעאַטער.
M-3-facs_375_tr_1755856142-069	P-3-facs_375_tr_1755856142	3	facs_375_tr_1755856142	שוואַרץ, מאָריס [אַברהם משה]	שלום אַש	male	דראַמאַטורג	ער האָט אויפֿגעפֿירט זיינע פּיעסן.
M-3-facs_375_tr_1755856142-070	P-3-facs_375_tr_1755856142	3	facs_375_tr_1755856142	שוואַרץ, מאָריס [אַברהם משה]	ה. לייוויק	male	דראַמאַטורג	ער האָט אויפֿגעפֿירט זיינע פּיעסן.
M-3-facs_375_tr_1755856142-071	P-3-facs_375_tr_1755856142	3	facs_375_tr_1755856142	שוואַרץ, מאָריס [אַברהם משה]	יעקב בן עמי	male	שוישפּילער	ער איז געווען אַ מיטגליד פֿון זיין טרופּע.
M-3-facs_375_tr_1755856142-072	P-3-facs_375_tr_1755856142	3	facs_375_tr_1755856142	שוואַרץ, מאָריס [אַברהם משה]	חנה אָפּעל	female	שוישפּילערין	זי איז געווען אַ מיטגליד פֿון זיין טרופּע.
M-3-facs_375_tr_1755856142-073	P-3-facs_375_tr_1755856142	3	facs_375_tr_1755856142	שוואַרץ, מאָריס [אַברהם משה]	בערטאָ גערסטין	female	שוישפּילערין	זי איז געווען אַ מיטגליד פֿון זיין טרופּע.
M-3-facs_375_tr_1755856142-074	P-3-facs_375_tr_1755856142	3	facs_375_tr_1755856142	שוואַרץ, מאָריס [אַברהם משה]	יחיאָל גאָלדשמידט	male	שוישפּילער	ער איז געווען אַ מיטגליד פֿון זיין טרופּע.
M-3-facs_375_tr_1755856142-075	P-3-facs_375_tr_1755856142	3	facs_375_tr_1755856142	שוואַרץ, מאָריס [אַברהם משה]	לודווייג זאַץ	male	שוישפּילער	ער איז געווען אַ מיטגליד פֿון זיין טרופּע.
M-3-facs_375_tr_1755856142-076	P-3-facs_375_tr_1755856142	3	facs_375_tr_1755856142	שוואַרץ, מאָריס [אַברהם משה]	אַננאַ מעלצער	female	שוישפּילערין	זי איז געווען אַ מיטגליד פֿון זיין טרופּע.
M-3-facs_375_tr_1755856142-077	P-3-facs_375_tr_1755856142	3	facs_375_tr_1755856142	שוואַרץ, מאָריס [אַברהם משה]	מר. נאַדאָלסקי	male	שוישפּילער	ער איז געווען אַ מיטגליד פֿון זיין טרופּע.
M-3-facs_375_tr_1755856142-078	P-3-facs_375_tr_1755856142	3	facs_375_tr_1755856142	שוואַרץ, מאָריס [אַברהם משה]	מרס. נאַדאָלסקי	female	שוישפּילערין	זי איז געווען אַ מיטגליד פֿון זיין טרופּע.
M-3-facs_375_tr_1755856142-079	P-3-facs_375_tr_1755856142	3	facs_375_tr_1755856142	שוואַרץ, מאָריס [אַברהם משה]	דזשוליוס ערבער	male	שוישפּילער	ער איז געווען אַ מיטגליד פֿון זיין טרופּע.
M-3-facs_375_tr_1755856142-080	P-3-facs_375_tr_1755856142	3	facs_375_tr_1755856142	שוואַרץ, מאָריס [אַברהם משה]	מישע גערמאַן	male	שוישפּילער	ער איז געווען אַ מיטגליד פֿון זיין טרופּע.
M-3-facs_375_tr_1755856142-081	P-3-facs_375_tr_1755856142	3	facs_375_tr_1755856142	שוואַרץ, מאָריס [אַברהם משה]	לוסי גערמאַן	female	שוישפּילערין	זי איז געווען אַ מיטגליד פֿון זיין טרופּע.
M-3-facs_375_tr_1755856142-082	P-3-facs_375_tr_1755856142	3	facs_375_tr_1755856142	שוואַרץ, מאָריס [אַברהם משה]	יודל דובינסקי	male	שוישפּילער	ער איז געווען אַ מיטגליד פֿון זיין טרופּע.
M-3-facs_375_tr_1755856142-083	P-3-facs_375_tr_1755856142	3	facs_375_tr_1755856142	שוואַרץ, מאָריס [אַברהם משה]	מוני ווייזענפֿריינד	male	שוישפּילער	ער איז געווען אַ מיטגליד פֿון זיין טרופּע.
M-3-facs_375_tr_1755856142-084	P-3-facs_375_tr_1755856142	3	facs_375_tr_1755856142	שוואַרץ, מאָריס [אַברהם משה]	דזשעני וואָליער	female	שוישפּילערין	זי איז געווען אַ מיטגליד פֿון זיין טרופּע.
M-3-facs_375_tr_1755856142-085	P-3-facs_375_tr_1755856142	3	facs_375_tr_1755856142	שוואַרץ, מאָריס [אַברהם משה]	לייזע זילבערט	female	שוישפּילערין	זי איז געווען אַ מיטגליד פֿון זיין טרופּע.
M-3-facs_375_tr_1755856142-086	P-3-facs_375_tr_1755856142	3	facs_375_tr_1755856142	שוואַרץ, מאָריס [אַברהם משה]	אַליהו טענענהאָלץ	male	שוישפּילער	ער איז געווען אַ מיטגליד פֿון זיין טרופּע.
M-3-facs_375_tr_1755856142-087	P-3-facs_375_tr_1755856142	3	facs_375_tr_1755856142	שוואַרץ, מאָריס [אַברהם משה]	אַברהם טייטעלבוים	male	שוישפּילער	ער איז געווען אַ מיטגליד פֿון זיין טרופּע.
M-3-facs_375_tr_1755856142-088	P-3-facs_375_tr_1755856142	3	facs_375_tr_1755856142	שוואַרץ, מאָריס [אַברהם משה]	משה סקולניק	male	שוישפּילער	ער איז געווען אַ מיטגליד פֿון זיין טרופּע.
M-3-facs_375_tr_1755856142-089	P-3-facs_375_tr_1755856142	3	facs_375_tr_1755856142	שוואַרץ, מאָריס [אַברהם משה]	מאַדאַם פֿאַרקויף	female	שוישפּילערין	זי איז געווען אַ מיטגליד פֿון זיין טרופּע.
M-3-facs_375_tr_1755856142-090	P-3-facs_375_tr_1755856142	3	facs_375_tr_1755856142	שוואַרץ, מאָריס [אַברהם משה]	מאַרק שווייך	male	שוישפּילער	ער איז געווען אַ מיטגליד פֿון זיין טרופּע.
M-3-facs_375_tr_1755856142-091	P-3-facs_375_tr_1755856142	3	facs_375_tr_1755856142	שוואַרץ, מאָריס [אַברהם משה]	גוסטאָוו שאַכט	male	שוישפּילער	ער איז געווען אַ מיטגליד פֿון זיין טרופּע.
M-3-facs_375_tr_1755856142-092	P-3-facs_375_tr_1755856142	3	facs_375_tr_1755856142	שוואַרץ, מאָריס [אַברהם משה]	בינאַ אַבראַמאָוויטש	female	שוישפּילערין	זי איז געווען אַ מיטגליד פֿון זיין טרופּע.
M-3-facs_375_tr_1755856142-093	P-3-facs_375_tr_1755856142	3	facs_375_tr_1755856142	שוואַרץ, מאָריס [אַברהם משה]	בעסי מאָגולעסקאָ	female	שוישפּילערין	זי איז געווען אַ מיטגליד פֿון זיין טרופּע.
M-3-facs_375_tr_1755856142-094	P-3-facs_375_tr_1755856142	3	facs_375_tr_1755856142	שוואַרץ, מאָריס [אַברהם משה]	גרשון רובין	male	שוישפּילער	ער איז געווען אַ מיטגליד פֿון זיין טרופּע.
M-3-facs_375_tr_1755856142-095	P-3-facs_375_tr_1755856142	3	facs_375_tr_1755856142	שוואַרץ, מאָריס [אַברהם משה]	משה טראַכבערג	male	שוישפּילער	ער איז געווען אַ מיטגליד פֿון זיין טרופּע.
M-3-facs_375_tr_1755856142-096	P-3-facs_375_tr_1755856142	3	facs_375_tr_1755856142	שוואַרץ, מאָריס [אַברהם משה]	יוליוס אַדלער	male	שוישפּילער	ער איז געווען אַ מיטגליד פֿון זיין טרופּע.
M-3-facs_375_tr_1755856142-097	P-3-facs_375_tr_1755856142	3	facs_375_tr_1755856142	שוואַרץ, מאָריס [אַברהם משה]	בן צבי באַראַטאָוו	male	שוישפּילער	ער איז געווען אַ מיטגליד פֿון זיין טרופּע.
M-3-facs_375_tr_1755856142-098	P-3-facs_375_tr_1755856142	3	facs_375_tr_1755856142	שוואַרץ, מאָריס [אַברהם משה]	וואָלף גאָלדפֿאַדען	male	שוישפּילער	ער איז געווען אַ מיטגליד פֿון זיין טרופּע.
M-3-facs_375_tr_1755856142-099	P-3-facs_375_tr_1755856142	3	facs_375_tr_1755856142	שוואַרץ, מאָריס [אַברהם משה]	לאה מעלצער	female	שוישפּילערין	זי איז געווען אַ מיטגליד פֿון זיין טרופּע.
M-3-facs_375_tr_1755856142-100	P-3-facs_375_tr_1755856142	3	facs_375_tr_1755856142	שוואַרץ, מאָריס [אַברהם משה]	יעקב מעסטעל	male	שוישפּילער	ער איז געווען אַ מיטגליד פֿון זיין טרופּע.
M-3-facs_375_tr_1755856142-101	P-3-facs_375_tr_1755856142	3	facs_375_tr_1755856142	שוואַרץ, מאָריס [אַברהם משה]	איזידאָר קעשיער	male	שוישפּילער	ער איז געווען אַ מיטגליד פֿון זיין טרופּע.
M-3-facs_375_tr_1755856142-102	P-3-facs_375_tr_1755856142	3	facs_375_tr_1755856142	שוואַרץ, מאָריס [אַברהם משה]	משה שטראָסבערג	male	שוישפּילער	ער איז געווען אַ מיטגליד פֿון זיין טרופּע.
M-3-facs_375_tr_1755856142-103	P-3-facs_375_tr_1755856142	3	facs_375_tr_1755856142	שוואַרץ, מאָריס [אַברהם משה]	לעאָניד סניעגאָוו	male	שוישפּילער	ער איז געווען אַ גאַסטראָלער אין זיין טעאַטער.
M-3-facs_375_tr_1755856142-104	P-3-facs_375_tr_1755856142	3	facs_375_tr_1755856142	שוואַרץ, מאָריס [אַברהם משה]	אסתר אָרזשעווסקא	female	די פרוי פון לעאָניד סניעגאָוו	זי איז געווען אַ גאַסטראָלערין אין זיין טעאַטער.
M-3-facs_375_tr_1755856142-105	P-3-facs_375_tr_1755856142	3	facs_375_tr_1755856142	שוואַרץ, מאָריס [אַברהם משה]	בעלאַ פינקל	female	שוישפּילערין	זי איז געווען אַ מיטגליד פֿון זיין טרופּע.
M-3-facs_375_tr_1755856142-106	P-3-facs_375_tr_1755856142	3	facs_375_tr_1755856142	שוואַרץ, מאָריס [אַברהם משה]	אַננאַ באָרדאָווסקאַ	female	די פרוי פון מאָריס שוואַרץ	זי האָט אָנגעפֿירט מיט דער געשעפטלעכער זייט פֿון די פֿאָרשטעלונגען.
M-3-facs_375_tr_1755856142-107	P-3-facs_375_tr_1755856142	3	facs_375_tr_1755856142	שוואַרץ, מאָריס [אַברהם משה]	דזשעני קעשיר	female	שוישפּילערין	זי איז געווען אַ מיטגליד פֿון זיין טרופּע.
M-3-facs_375_tr_1755856142-108	P-3-facs_375_tr_1755856142	3	facs_375_tr_1755856142	שוואַרץ, מאָריס [אַברהם משה]	לאַזאַר פֿריד	male	שוישפּילער	ער איז געווען אַ מיטגליד פֿון זיין טרופּע.
M-3-facs_375_tr_1755856142-109	P-3-facs_375_tr_1755856142	3	facs_375_tr_1755856142	שוואַרץ, מאָריס [אַברהם משה]	לעאָן זיידענבערג	male	שוישפּילער	ער איז געווען אַ מיטגליד פֿון זיין טרופּע.
M-3-facs_375_tr_1755856142-110	P-3-facs_375_tr_1755856142	3	facs_375_tr_1755856142	שוואַרץ, מאָריס [אַברהם משה]	משה שטראַסבערג	male	שוישפּילער	ער איז געווען אַ מיטגליד פֿון זיין טרופּע.
M-3-facs_375_tr_1755856142-111	P-3-facs_375_tr_1755856142	3	facs_375_tr_1755856142	שוואַרץ, מאָריס [אַברהם משה]	יוליוס ליוואי	male	הויפּט-מעכאַניקער	ער איז מיטגעפֿאָרן מיט זיין טרופּע קיין אייראָפּע.
M-3-facs_375_tr_1755856142-112	P-3-facs_375_tr_1755856142	3	facs_375_tr_1755856142	שוואַרץ, מאָריס [אַברהם משה]	דייוויך גאָלד	male	עלעקטראָטעכניקער	ער איז מיטגעפֿאָרן מיט זיין טרופּע קיין אייראָפּע.
M-3-facs_375_tr_1755856142-113	P-3-facs_375_tr_1755856142	3	facs_375_tr_1755856142	שוואַרץ, מאָריס [אַברהם משה]	סעם אינדין	male	קאָסטיומירער	ער איז מיטגעפֿאָרן מיט זיין טרופּע קיין אייראָפּע.
M-3-facs_375_tr_1755856142-114	P-3-facs_375_tr_1755856142	3	facs_375_tr_1755856142	שוואַרץ, מאָריס [אַברהם משה]	משה דוד וואַקסמאַן	male	שוישפּילער און געשעפטלעכער פֿאַרשטייער	ער איז געווען זיין פֿאַרשטייער.
M-3-facs_375_tr_1755856142-115	P-3-facs_375_tr_1755856142	3	facs_375_tr_1755856142	שוואַרץ, מאָריס [אַברהם משה]	הערש גרינבלאַט	male	פֿארשטייער פֿון דער טרופּע	ער איז געווען זיין פֿאַרשטייער.
M-3-facs_375_tr_1755856142-116	P-3-facs_375_tr_1755856142	3	facs_375_tr_1755856142	שוואַרץ, מאָריס [אַברהם משה]	מאַדאַם קראַפט	female	פּרעס-אַגענט	זי איז געווען זיין פּרעס-אַגענט.
M-3-facs_375_tr_1755856142-117	P-3-facs_375_tr_1755856142	3	facs_375_tr_1755856142	שוואַרץ, מאָריס [אַברהם משה]	יוסף בולאָוו	male	שוישפּילער	ער איז געווען אַ מיטגליד פֿון זיין טרופּע.
M-3-facs_375_tr_1755856142-118	P-3-facs_375_tr_1755856142	3	facs_375_tr_1755856142	שוואַרץ, מאָריס [אַברהם משה]	משה זילבערקאָסטן	male	שוישפּילער	ער איז געווען אַ מיטגליד פֿון זיין טרופּע.
M-3-facs_375_tr_1755856142-119	P-3-facs_375_tr_1755856142	3	facs_375_tr_1755856142	שוואַרץ, מאָריס [אַברהם משה]	אברהם פישקינד	male	שוישפּילער	ער איז געווען אַ מיטגליד פֿון זיין טרופּע.
M-3-facs_375_tr_1755856142-120	P-3-facs_375_tr_1755856142	3	facs_375_tr_1755856142	שוואַרץ, מאָריס [אַברהם משה]	יעקב קאָהן	male	שוישפּילער	ער איז געווען אַ מיטגליד פֿון זיין טרופּע.
M-3-facs_375_tr_1755856142-121	P-3-facs_375_tr_1755856142	3	facs_375_tr_1755856142	שוואַרץ, מאָריס [אַברהם משה]	ליובאַ קאַדיסאָן	female	שוישפּילערין	זי איז געווען אַ מיטגליד פֿון זיין טרופּע.
M-3-facs_375_tr_1755856142-122	P-3-facs_375_tr_1755856142	3	facs_375_tr_1755856142	שוואַרץ, מאָריס [אַברהם משה]	יצחק רויטבלום	male	שוישפּילער	ער איז געווען אַ תלמיד אין זיין סטודיאָ.
M-3-facs_375_tr_1755856142-123	P-3-facs_375_tr_1755856142	3	facs_375_tr_1755856142	שוואַרץ, מאָריס [אַברהם משה]	פּנחס שערמאַן	male	שוישפּילער	ער איז געווען אַ תלמיד אין זיין סטודיאָ.
M-3-facs_375_tr_1755856142-124	P-3-facs_375_tr_1755856142	3	facs_375_tr_1755856142	שוואַרץ, מאָריס [אַברהם משה]	באָריס וויינער	male	שוישפּילער	ער איז געווען אַ תלמיד אין זיין סטודיאָ.
M-3-facs_375_tr_1755856142-125	P-3-facs_375_tr_1755856142	3	facs_375_tr_1755856142	שוואַרץ, מאָריס [אַברהם משה]	מיכאל ראָזענבערג	male	שוישפּילער	ער איז געווען אַ תלמיד אין זיין סטודיאָ.
M-3-facs_375_tr_1755856142-126	P-3-facs_375_tr_1755856142	3	facs_375_tr_1755856142	שוואַרץ, מאָריס [אַברהם משה]	שמעון רוסקין	male	שוישפּילער	ער איז געווען אַ תלמיד אין זיין סטודיאָ.
M-3-facs_375_tr_1755856142-127	P-3-facs_375_tr_1755856142	3	facs_375_tr_1755856142	שוואַרץ, מאָריס [אַברהם משה]	אַברהם קובאַנסקי	male	שוישפּילער	ער איז געווען אַ תלמיד אין זיין סטודיאָ.
M-3-facs_375_tr_1755856142-128	P-3-facs_375_tr_1755856142	3	facs_375_tr_1755856142	שוואַרץ, מאָריס [אַברהם משה]	ברוך לומעט	male	שוישפּילער	ער איז געווען אַ תלמיד אין זיין סטודיאָ.
M-3-facs_375_tr_1755856142-129	P-3-facs_375_tr_1755856142	3	facs_375_tr_1755856142	שוואַרץ, מאָריס [אַברהם משה]	בען געלינג	male	שוישפּילער	ער איז געווען אַ תלמיד אין זיין סטודיאָ.
M-3-facs_375_tr_1755856142-130	P-3-facs_375_tr_1755856142	3	facs_375_tr_1755856142	שוואַרץ, מאָריס [אַברהם משה]	מרדכי חסן	male	שוישפּילער	ער איז געווען אַ תלמיד אין זיין סטודיאָ.
M-3-facs_375_tr_1755856142-131	P-3-facs_375_tr_1755856142	3	facs_375_tr_1755856142	שוואַרץ, מאָריס [אַברהם משה]	סאָניאַ ראַדינא	female	שוישפּילערין	זי איז געווען אַ תלמידה אין זיין סטודיאָ.
M-3-facs_375_tr_1755856142-132	P-3-facs_375_tr_1755856142	3	facs_375_tr_1755856142	שוואַרץ, מאָריס [אַברהם משה]	סעמיועל גאָלדענבורג	male	שוישפּילער	ער האָט געדובלירט מיט אים.
M-3-facs_375_tr_1755856142-133	P-3-facs_375_tr_1755856142	3	facs_375_tr_1755856142	שוואַרץ, מאָריס [אַברהם משה]	מנחם	male	זיין אַדאָפּטירטער זון	ער האָט געפֿייערט זיין בר-מצוה אין מדינת ישראל.
M-3-facs_375_tr_1755856142-134	P-3-facs_375_tr_1755856142	3	facs_375_tr_1755856142	שוואַרץ, מאָריס [אַברהם משה]	פֿייגעלע	female	זיין אַדאָפּטירטע טאָכטער	זי איז מיטגעפֿאָרן מיט אים קיין אַרגענטינע.
M-3-facs_396_r_1-000	P-3-facs_396_r_1	3	facs_396_r_1	רעכצייט, סימאָר (שמעון ישעיהו]	פֿאָטער *	זכר	אַ חזן	פֿאָטער פֿון סוביעקט
M-3-facs_396_r_1-001	P-3-facs_396_r_1	3	facs_396_r_1	רעכצייט, סימאָר (שמעון ישעיהו]	יעקב	זכר		ברודער פֿון סוביעקט
M-3-facs_396_r_1-002	P-3-facs_396_r_1	3	facs_396_r_1	רעכצייט, סימאָר (שמעון ישעיהו]	העלען	נקבה		שוועסטער פֿון סוביעקט
M-3-facs_396_r_1-003	P-3-facs_396_r_1	3	facs_396_r_1	רעכצייט, סימאָר (שמעון ישעיהו]	יוז	זכר	סקרעטאָר אָוו סטעיט	טראָגט אַריין אַ ספּעציעל געזעץ אין אימיגראַציעקאָמיטעט פֿון קאָנגרעס אים צו דערלויבן בלייבן ווי אַן אימיגראַנט
M-3-facs_396_r_1-004	P-3-facs_396_r_1	3	facs_396_r_1	רעכצייט, סימאָר (שמעון ישעיהו]	פּרעזידענט קולידזש	זכר		פֿאַר וועמען סוביעקט איז אויפגעטראָטן אין ווייסן הויז
M-3-facs_396_r_1-005	P-3-facs_396_r_1	3	facs_396_r_1	רעכצייט, סימאָר (שמעון ישעיהו]	מרס. קולידזש	נקבה		פֿאַר וועמען סוביעקט איז אויפגעטראָטן אין ווייסן הויז
M-3-facs_396_r_1-006	P-3-facs_396_r_1	3	facs_396_r_1	רעכצייט, סימאָר (שמעון ישעיהו]	באָדער	זכר		מיטמחבר פֿון „דעם רבינס ניגון“
M-3-facs_396_r_1-007	P-3-facs_396_r_1	3	facs_396_r_1	רעכצייט, סימאָר (שמעון ישעיהו]	רומשינסקי	זכר		מיטמחבר פֿון „דעם רבינס ניגון“
M-3-facs_396_r_1-008	P-3-facs_396_r_1	3	facs_396_r_1	רעכצייט, סימאָר (שמעון ישעיהו]	וויינטרויב			געשפּילט מיט סוביעקט אין דער פּיעסע „דער יידישער שטערן“
M-3-facs_396_r_1-009	P-3-facs_396_r_1	3	facs_396_r_1	רעכצייט, סימאָר (שמעון ישעיהו]	מרים קרעסין	נקבה	אַן אַקטריסע	זיין פרוי מיט וועמען ער האָט חתונה געהאַט און געשפּילט צוזאַמען
M-3-facs_396_r_1-010	P-3-facs_396_r_1	3	facs_396_r_1	רעכצייט, סימאָר (שמעון ישעיהו]	יעטאַ צווערלינג	נקבה		גאַסטראָלירט מיט סוביעקט אין מעקסיקאָ
M-3-facs_396_r_1-011	P-3-facs_396_r_1	3	facs_396_r_1	רעכצייט, סימאָר (שמעון ישעיהו]	סעמיועל גאָלדענבורג	זכר		געשפּילט מיט סוביעקט אין פֿילם „שיר השירים“
M-3-facs_396_r_1-012	P-3-facs_396_r_1	3	facs_396_r_1	רעכצייט, סימאָר (שמעון ישעיהו]	יצחק פרענקעל	זכר		מחבר פֿון פֿילם „איר צווייטע מאַמע“
M-3-facs_396_r_1-013	P-3-facs_396_r_1	3	facs_396_r_1	רעכצייט, סימאָר (שמעון ישעיהו]	חיים טויבער	זכר		מחבר פֿון פֿילם „דער יידישער ניגון“
M-3-facs_396_r_1-014	P-3-facs_396_r_1	3	facs_396_r_1	רעכצייט, סימאָר (שמעון ישעיהו]	בייגעלמאַן-שוועסטער	נקבה		רעקאָרדירט צוזאַמען מיט סוביעקט
M-3-facs_397_tr_1755856120-000	P-3-facs_397_tr_1755856120	3	facs_397_tr_1755856120	קרעסין, מרים	פֿאָטער *	זכר	געפֿאָרן אויף ירידים	דער פֿאָטער פֿון דער סוביעקט.
M-3-facs_397_tr_1755856120-001	P-3-facs_397_tr_1755856120	3	facs_397_tr_1755856120	קרעסין, מרים	דאַלטאָן	נקבה	לערערין	איר לערערין פֿון געזאַנג.
M-3-facs_397_tr_1755856120-002	P-3-facs_397_tr_1755856120	3	facs_397_tr_1755856120	קרעסין, מרים	יוליוס נאַטאַנסאָן	זכר	שפּילן אין באָסטאָן	אַן אַקטיאָר וואָס האָט געשפּילט מיט איר.
M-3-facs_397_tr_1755856120-003	P-3-facs_397_tr_1755856120	3	facs_397_tr_1755856120	קרעסין, מרים	אַננאַ נאַטאַנסאָן	נקבה	שפּילן אין באָסטאָן	אַן אַקטריסע וואָס האָט געשפּילט מיט איר.
M-3-facs_397_tr_1755856120-004	P-3-facs_397_tr_1755856120	3	facs_397_tr_1755856120	קרעסין, מרים	פֿריימאַן	זכר		דער מחבר פֿון דער פּיעסע אין וועלכער זי האָט געשפּילט.
M-3-facs_397_tr_1755856120-005	P-3-facs_397_tr_1755856120	3	facs_397_tr_1755856120	קרעסין, מרים	מאַקס געביל	זכר		אַן אַקטיאָר וואָס האָט געשפּילט מיט איר אין „חופּה-קלייד“.
M-3-facs_397_tr_1755856120-006	P-3-facs_397_tr_1755856120	3	facs_397_tr_1755856120	קרעסין, מרים	לודווייג זאַץ	זכר		אַן אַקטיאָר וואָס האָט געשפּילט מיט איר אין „דער גזלן“.
M-3-facs_397_tr_1755856120-007	P-3-facs_397_tr_1755856120	3	facs_397_tr_1755856120	קרעסין, מרים	לעאָן בלאַנק	זכר		אַן אַקטיאָר וואָס האָט געשפּילט מיט איר אין „דריי כלות“.
M-3-facs_397_tr_1755856120-008	P-3-facs_397_tr_1755856120	3	facs_397_tr_1755856120	קרעסין, מרים	היימי דזשייקאָבסאָן	זכר		איר מאַן מיט וועמען זי האָט חתונה אין 1933 און איר טעאַטער-פּאַרטנער.
M-3-facs_397_tr_1755856120-009	P-3-facs_397_tr_1755856120	3	facs_397_tr_1755856120	קרעסין, מרים	אהרן לעבעדעוו	זכר		אַן אַקטיאָר וואָס האָט געשפּילט מיט איר אין „לאַנדעיל“-טעאַטער.
M-3-facs_397_tr_1755856120-010	P-3-facs_397_tr_1755856120	3	facs_397_tr_1755856120	קרעסין, מרים	מעי סיימאַן	נקבה	מענ.	א מענעדזשער פֿון דעם טעאַטער וואו זי האָט געשפּילט.
M-3-facs_397_tr_1755856120-011	P-3-facs_397_tr_1755856120	3	facs_397_tr_1755856120	קרעסין, מרים	סיימאַן וואולף	זכר	מענ.	א מענעדזשער פֿון דעם טעאַטער וואו זי האָט געשפּילט.
M-3-facs_397_tr_1755856120-012	P-3-facs_397_tr_1755856120	3	facs_397_tr_1755856120	קרעסין, מרים	איציק מאַנגער	זכר	טעקסט	דער מחבר פֿון דעם טעקסט פֿון פֿילם וואו זי האָט געשפּילט.
M-3-facs_397_tr_1755856120-013	P-3-facs_397_tr_1755856120	3	facs_397_tr_1755856120	קרעסין, מרים	ניקאָלאַס בראָדסקי	זכר	מוזיק	דער קאָמפּאָזיטאָר פֿון דעם פֿילם וואו זי האָט געשפּילט.
M-3-facs_397_tr_1755856120-014	P-3-facs_397_tr_1755856120	3	facs_397_tr_1755856120	קרעסין, מרים	פֿירשט פּשעבילסקי	זכר	רעזשי	דער רעזשיסאָר פֿון דעם פֿילם וואו זי האָט געשפּילט.
M-3-facs_397_tr_1755856120-015	P-3-facs_397_tr_1755856120	3	facs_397_tr_1755856120	קרעסין, מרים	יוסף גרין	זכר	דירעקציע	דער דירעקטאָר פֿון דעם פֿילם וואו זי האָט געשפּילט.
M-3-facs_397_tr_1755856120-016	P-3-facs_397_tr_1755856120	3	facs_397_tr_1755856120	קרעסין, מרים	מאָריס שוואַרץ	זכר		דער דירעקטאָר פֿון „יידישן קונסט-טעאַטער“ וואו זי האָט געשפּילט.
M-3-facs_397_tr_1755856120-017	P-3-facs_397_tr_1755856120	3	facs_397_tr_1755856120	קרעסין, מרים	שלום עליכם	זכר		דער מחבר פֿון דער פּיעסע אין וועלכער זי האָט געשפּילט.
M-3-facs_397_tr_1755856120-018	P-3-facs_397_tr_1755856120	3	facs_397_tr_1755856120	קרעסין, מרים	אַש	זכר		דער מחבר פֿון דער פּיעסע אין וועלכער זי האָט געשפּילט.
M-3-facs_397_tr_1755856120-019	P-3-facs_397_tr_1755856120	3	facs_397_tr_1755856120	קרעסין, מרים	סימאָר רעכטצייט	זכר		איר מאַן מיט וועמען זי האָט חתונה אין 1943 און איר טעאַטער-פּאַרטנער.
M-3-facs_397_tr_1755856120-020	P-3-facs_397_tr_1755856120	3	facs_397_tr_1755856120	קרעסין, מרים	מנשה סקולניק	זכר		אַן אַקטיאָר וואָס האָט געשפּילט מיט איר.
M-3-facs_397_tr_1755856120-021	P-3-facs_397_tr_1755856120	3	facs_397_tr_1755856120	קרעסין, מרים	מיכאַלעסקאָ	זכר		אַן אַקטיאָר וואָס האָט געשפּילט מיט איר.
M-3-facs_397_tr_1755856120-022	P-3-facs_397_tr_1755856120	3	facs_397_tr_1755856120	קרעסין, מרים	פוקס	זכר		אַן אַקטיאָר וואָס האָט געשפּילט מיט איר.
M-3-facs_397_tr_1755856120-023	P-3-facs_397_tr_1755856120	3	facs_397_tr_1755856120	קרעסין, מרים	א. גראָסמאַן	זכר		אַן אַקטיאָר וואָס האָט געשפּילט מיט איר.
M-3-facs_397_tr_1755856120-024	P-3-facs_397_tr_1755856120	3	facs_397_tr_1755856120	קרעסין, מרים	זאיענדא	זכר		אַן אַקטיאָר וואָס האָט געשפּילט מיט איר.
M-3-facs_397_tr_1755856120-025	P-3-facs_397_tr_1755856120	3	facs_397_tr_1755856120	קרעסין, מרים	אוירווינג דזשייקאָבסאָן	זכר		אַן אַקטיאָר וואָס האָט געשפּילט מיט איר.
M-3-facs_397_tr_1755856120-026	P-3-facs_397_tr_1755856120	3	facs_397_tr_1755856120	קרעסין, מרים	שושנה	נקבה		די מחברת פֿון דער פּיעסע אין וועלכער זי האָט געשפּילט.
M-3-facs_397_tr_1755856120-027	P-3-facs_397_tr_1755856120	3	facs_397_tr_1755856120	קרעסין, מרים	נ. גאָלדבערג	זכר	דירעקציע	דער דירעקטאָר פֿון דער פּיעסע אין וועלכער זי האָט געשפּילט.
M-3-facs_397_tr_1755856120-028	P-3-facs_397_tr_1755856120	3	facs_397_tr_1755856120	קרעסין, מרים	דזשייקאָב דזשייקאָבס	זכר	דירעקציע	דער דירעקטאָר פֿון דער פּיעסע אין וועלכער זי האָט געשפּילט.
M-3-facs_397_tr_1755856120-029	P-3-facs_397_tr_1755856120	3	facs_397_tr_1755856120	קרעסין, מרים	פֿיליפּ יאָרדאַן	זכר		דער מחבר פֿון דער פּיעסע אין וועלכער זי האָט געשפּילט.
M-3-facs_397_tr_1755856120-030	P-3-facs_397_tr_1755856120	3	facs_397_tr_1755856120	קרעסין, מרים	ל. טרייסטער	זכר		דער מחבר פֿון דער פּיעסע אין וועלכער זי האָט געשפּילט.
M-3-facs_397_tr_1755856120-031	P-3-facs_397_tr_1755856120	3	facs_397_tr_1755856120	קרעסין, מרים	זינגער	זכר		א מחבר פֿון פּיעסן וואו זי האָט געשפּילט אויף דער ראַדיאָ.
M-3-facs_397_tr_1755856120-032	P-3-facs_397_tr_1755856120	3	facs_397_tr_1755856120	קרעסין, מרים	באַשעוויס	זכר		א מחבר פֿון פּיעסן וואו זי האָט געשפּילט אויף דער ראַדיאָ.
M-3-facs_397_tr_1755856120-033	P-3-facs_397_tr_1755856120	3	facs_397_tr_1755856120	קרעסין, מרים	אָסיפּ דימאָוו	זכר		א מחבר פֿון פּיעסן וואו זי האָט געשפּילט אויף דער ראַדיאָ.
M-3-facs_397_tr_1755856120-034	P-3-facs_397_tr_1755856120	3	facs_397_tr_1755856120	קרעסין, מרים	דלוזשנאָווכקי	זכר		א מחבר פֿון פּיעסן וואו זי האָט געשפּילט אויף דער ראַדיאָ.
M-3-facs_397_tr_1755856120-035	P-3-facs_397_tr_1755856120	3	facs_397_tr_1755856120	קרעסין, מרים	קאַדיא מאָלאָדאָווסקי	נקבה		א מחברת פֿון פּיעסן וואו זי האָט געשפּילט אויף דער ראַדיאָ.
M-3-facs_397_tr_1755856120-036	P-3-facs_397_tr_1755856120	3	facs_397_tr_1755856120	קרעסין, מרים	חנאַ גאָטעספעלד	זכר		דער מחבר פֿון דער סעריע עפּיזאָדן וועגן איר לעבן.
M-3-facs_398_r_2-000	P-3-facs_398_r_2	3	facs_398_r_2	פישביין, כנימין	גאָרדינס	זכר		דער סוביעקט האָט אויפֿגעטראָטן אין זיין פּיעסע.
M-3-facs_398_r_2-001	P-3-facs_398_r_2	3	facs_398_r_2	פישביין, כנימין	יוסף בולאָוו	זכר		דער סוביעקט האָט זיך באַטייליקט אין פּיעסן מיט זיין אָנטייל.
M-3-facs_398_r_2-002	P-3-facs_398_r_2	3	facs_398_r_2	פישביין, כנימין	זשולאווסקי	זכר		דער סוביעקט האָט געשפּילט אין זיין פּיעסע.
M-3-facs_398_r_2-003	P-3-facs_398_r_2	3	facs_398_r_2	פישביין, כנימין	אָסיפּ דימאָוו	זכר		דער סוביעקט האָט געשפּילט אין זיין פּיעסע.
M-3-facs_398_r_2-004	P-3-facs_398_r_2	3	facs_398_r_2	פישביין, כנימין	ה. לייוויק	זכר		דער סוביעקט האָט געשפּילט אין זיין פּיעסע.
M-3-facs_398_r_2-005	P-3-facs_398_r_2	3	facs_398_r_2	פישביין, כנימין	מאָליער	זכר		דער סוביעקט האָט געשפּילט אין זיין פּיעסע.
M-3-facs_398_r_2-006	P-3-facs_398_r_2	3	facs_398_r_2	פישביין, כנימין	מאָריס שוואַרץ	זכר		דער סוביעקט האָט זיך באַטייליקט אין זיין יידישן קונסט-טעאַטער.
M-3-facs_398_r_2-007	P-3-facs_398_r_2	3	facs_398_r_2	פישביין, כנימין	עלע מינץ	זכר		דער סוביעקט האָט מיט אים רעקאָרדירט הומאָרעסקעס.
M-3-facs_398_r_2-008	P-3-facs_398_r_2	3	facs_398_r_2	פישביין, כנימין	דוד פינסקי	זכר		דער סוביעקט האָט זיך באַטייליקט אין זיין פֿילם.
M-3-facs_398_r_2-009	P-3-facs_398_r_2	3	facs_398_r_2	פישביין, כנימין	משה אוישער	זכר		דער סוביעקט האָט געשפּילט מיט אים אין פֿילמען.
M-3-facs_398_tr_1755856092-000	P-3-facs_398_tr_1755856092	3	facs_398_tr_1755856092	באָזשיק, מאַקס [באָזשיקאָווסקי]	פֿאָטער*	male	אַ חסיד — אייגנטימער פֿון אַ פֿרוכט-סקלאַד	ער איז דער פאָטער פון דעם סוביעקט.
M-3-facs_398_tr_1755856092-001	P-3-facs_398_tr_1755856092	3	facs_398_tr_1755856092	באָזשיק, מאַקס [באָזשיקאָווסקי]	יוליוס אַדלער	male	דער אַקטיאָר וואָס האָט געשפּילט די ראָל פון „אליעזר“ אין „זשידאָווקאַ“	דער סוביעקט האָט אים געזען שפּילן אין טעאַטער.
M-3-facs_398_tr_1755856092-002	P-3-facs_398_tr_1755856092	3	facs_398_tr_1755856092	באָזשיק, מאַקס [באָזשיקאָווסקי]	היימי יאָקובאָוויטש	male	דירעקציע פֿון היימי יאָקובאָוויטש	דער סוביעקט האָט געאַרבעט אונטער זיין דירעקציע.
M-3-facs_398_tr_1755856092-003	P-3-facs_398_tr_1755856092	3	facs_398_tr_1755856092	באָזשיק, מאַקס [באָזשיקאָווסקי]	עבעל	male	עבעלס טרופּע	דער סוביעקט איז געווען אָנגאַזשירט אין זיין טרופּע.
M-3-facs_398_tr_1755856092-004	P-3-facs_398_tr_1755856092	3	facs_398_tr_1755856092	באָזשיק, מאַקס [באָזשיקאָווסקי]	מאיר ווינדער	male	דירעקטאָר פון וואַרשעווער „פֿאָלקס-טעאַטער“	דער סוביעקט האָט געשפּילט אין זיין טעאַטער.
M-3-facs_398_tr_1755856092-005	P-3-facs_398_tr_1755856092	3	facs_398_tr_1755856092	באָזשיק, מאַקס [באָזשיקאָווסקי]	גאָלדענבורג	male	אַמעריקאַנער גאַכטראָלער	דער סוביעקט האָט געשפּילט מיט אים.
M-3-facs_398_tr_1755856092-006	P-3-facs_398_tr_1755856092	3	facs_398_tr_1755856092	באָזשיק, מאַקס [באָזשיקאָווסקי]	באַראַטאָוו	male	אַמעריקאַנער גאַסטראָלער	דער סוביעקט האָט געשפּילט מיט אים.
M-3-facs_398_tr_1755856092-007	P-3-facs_398_tr_1755856092	3	facs_398_tr_1755856092	באָזשיק, מאַקס [באָזשיקאָווסקי]	זאַץ	male	אַמעריקאַנער גאַסטראָלער	דער סוביעקט האָט געשפּילט מיט אים.
M-3-facs_398_tr_1755856092-008	P-3-facs_398_tr_1755856092	3	facs_398_tr_1755856092	באָזשיק, מאַקס [באָזשיקאָווסקי]	יוליוס נאַטאַנסאָן	male	אַמעריקאַנער גאַכטראָלער	דער סוביעקט האָט געשפּילט מיט אים.
M-3-facs_398_tr_1755856092-009	P-3-facs_398_tr_1755856092	3	facs_398_tr_1755856092	באָזשיק, מאַקס [באָזשיקאָווסקי]	אַננאַ נאַטאַנסאָן	female	גאַסטראָלערן	דער סוביעקט האָט געשפּילט מיט איר.
M-3-facs_398_tr_1755856092-010	P-3-facs_398_tr_1755856092	3	facs_398_tr_1755856092	באָזשיק, מאַקס [באָזשיקאָווסקי]	זאַסלאַווסקי	male	גאַסטראָלער	דער סוביעקט האָט געשפּילט מיט אים.
M-3-facs_398_tr_1755856092-011	P-3-facs_398_tr_1755856092	3	facs_398_tr_1755856092	באָזשיק, מאַקס [באָזשיקאָווסקי]	לודווייג זאַץ	male	גאַסטראָלער	דער סוביעקט האָט געשפּילט מיט אים.
M-3-facs_398_tr_1755856092-012	P-3-facs_398_tr_1755856092	3	facs_398_tr_1755856092	באָזשיק, מאַקס [באָזשיקאָווסקי]	נעלי קעסמאַן	female	גאַסטראָלערן	דער סוביעקט האָט געשפּילט מיט איר.
M-3-facs_398_tr_1755856092-013	P-3-facs_398_tr_1755856092	3	facs_398_tr_1755856092	באָזשיק, מאַקס [באָזשיקאָווסקי]	מאַלי פיקאָן	female	גאַסטראָלערן	דער סוביעקט האָט געשפּילט מיט איר.
M-3-facs_398_tr_1755856092-014	P-3-facs_398_tr_1755856092	3	facs_398_tr_1755856092	באָזשיק, מאַקס [באָזשיקאָווסקי]	אַלעקסאַנדער גראַנאַך	male	אַקטיאָר	דער סוביעקט האָט געשפּילט מיט אים.
M-3-facs_398_tr_1755856092-015	P-3-facs_398_tr_1755856092	3	facs_398_tr_1755856092	באָזשיק, מאַקס [באָזשיקאָווסקי]	קורט קאַטש	male	אַקטיאָר	דער סוביעקט האָט געשפּילט מיט אים.
M-3-facs_398_tr_1755856092-016	P-3-facs_398_tr_1755856092	3	facs_398_tr_1755856092	באָזשיק, מאַקס [באָזשיקאָווסקי]	רחל האָלצער	female	אַקטיאָרן	דער סוביעקט האָט געשפּילט מיט איר.
M-3-facs_398_tr_1755856092-017	P-3-facs_398_tr_1755856092	3	facs_398_tr_1755856092	באָזשיק, מאַקס [באָזשיקאָווסקי]	לוסי גערמאַן	female	אַקטיאָרן	דער סוביעקט האָט געשפּילט מיט איר.
M-3-facs_398_tr_1755856092-018	P-3-facs_398_tr_1755856092	3	facs_398_tr_1755856092	באָזשיק, מאַקס [באָזשיקאָווסקי]	מישע גערמאַן	male	אַקטיאָר	דער סוביעקט האָט געשפּילט מיט אים.
M-3-facs_398_tr_1755856092-019	P-3-facs_398_tr_1755856092	3	facs_398_tr_1755856092	באָזשיק, מאַקס [באָזשיקאָווסקי]	זיגמונט טורקאָוו	male	אַקטיאָר	דער סוביעקט האָט געשפּילט מיט אים.
M-3-facs_398_tr_1755856092-020	P-3-facs_398_tr_1755856092	3	facs_398_tr_1755856092	באָזשיק, מאַקס [באָזשיקאָווסקי]	חנאַ גאָטעספעלד	male	מחבר פון דער פּיעסע „מחותנים“	דער סוביעקט האָט געשפּילט אין זיין פּיעסע.
M-3-facs_398_tr_1755856092-021	P-3-facs_398_tr_1755856092	3	facs_398_tr_1755856092	באָזשיק, מאַקס [באָזשיקאָווסקי]	שלום עליכם	male	מחבר פון „בלאַנדזשענדע שטערן“	דער סוביעקט האָט געשפּילט אין זיין פּיעסע.
M-3-facs_398_tr_1755856092-022	P-3-facs_398_tr_1755856092	3	facs_398_tr_1755856092	באָזשיק, מאַקס [באָזשיקאָווסקי]	ז. שניאור	male	מחבר פון „נח פאַנדרע“	דער סוביעקט האָט געשפּילט אין זיין פּיעסע.
M-3-facs_398_tr_1755856092-023	P-3-facs_398_tr_1755856092	3	facs_398_tr_1755856092	באָזשיק, מאַקס [באָזשיקאָווסקי]	לייוויק	male	מחבר פון דער פּיעסע „שאַפּ“	דער סוביעקט האָט געשפּילט אין זיין פּיעסע.
M-3-facs_398_tr_1755856092-024	P-3-facs_398_tr_1755856092	3	facs_398_tr_1755856092	באָזשיק, מאַקס [באָזשיקאָווסקי]	א. קאַציזנע	male	מחבר פון „דאָס געוויסן פֿון דער וועלט“	דער סוביעקט האָט געשפּילט אין זיין פּיעסע.
M-3-facs_398_tr_1755856092-025	P-3-facs_398_tr_1755856092	3	facs_398_tr_1755856092	באָזשיק, מאַקס [באָזשיקאָווסקי]	אַטיינער	male	מחבר	דער סוביעקט האָט געשפּילט לויט זיין ווערק.
M-3-facs_398_tr_1755856092-026	P-3-facs_398_tr_1755856092	3	facs_398_tr_1755856092	באָזשיק, מאַקס [באָזשיקאָווסקי]	אידא קאַמינסקאַ	female	אַקטיאָרן	דער סוביעקט האָט געשפּילט מיט איר.
M-3-facs_398_tr_1755856092-027	P-3-facs_398_tr_1755856092	3	facs_398_tr_1755856092	באָזשיק, מאַקס [באָזשיקאָווסקי]	לינדבערג	male	יידיש-דייטשער רעזשיסאָר	דער סוביעקט האָט געשפּילט אונטער זיין אָנפירונג.
M-3-facs_398_tr_1755856092-028	P-3-facs_398_tr_1755856092	3	facs_398_tr_1755856092	באָזשיק, מאַקס [באָזשיקאָווסקי]	מיינהאָרט	male	יידיש-דייטשער רעזשיסאָר	דער סוביעקט האָט געשפּילט אונטער זיין אָנפירונג.
M-3-facs_398_tr_1755856092-029	P-3-facs_398_tr_1755856092	3	facs_398_tr_1755856092	באָזשיק, מאַקס [באָזשיקאָווסקי]	בת דור		יידיש-דייטשער רעזשיסאָר	דער סוביעקט האָט געשפּילט אונטער איר אָדער זיין אָנפירונג.
M-3-facs_398_tr_1755856092-030	P-3-facs_398_tr_1755856092	3	facs_398_tr_1755856092	באָזשיק, מאַקס [באָזשיקאָווסקי]	רייזל	female	דער סוביעקטס פרוי	זי איז די פרוי פון דעם סוביעקט.
M-3-facs_398_tr_1755856092-031	P-3-facs_398_tr_1755856092	3	facs_398_tr_1755856092	באָזשיק, מאַקס [באָזשיקאָווסקי]	אַדאָלף מידע	male		ער האָט געבראַכט דעם סוביעקט קיין אַרגענטינע.
M-3-facs_398_tr_1755856092-032	P-3-facs_398_tr_1755856092	3	facs_398_tr_1755856092	באָזשיק, מאַקס [באָזשיקאָווסקי]	הערמאַן יאַבלאָקאָוו	male	דירעקטאָר פון „פאָבליק“ טעאַטער	דער סוביעקט איז געווען אָנגאַזשירט אין זיין טעאַטער.
M-3-facs_398_tr_1755856092-033	P-3-facs_398_tr_1755856092	3	facs_398_tr_1755856092	באָזשיק, מאַקס [באָזשיקאָווסקי]	בלום	male	מחבר פון דער אָפּערעטע „מיין ווייסע בלום“	דער סוביעקט האָט אויפגעטראָטן אין זיין אָפּערעטע.
M-3-facs_398_tr_1755856092-034	P-3-facs_398_tr_1755856092	3	facs_398_tr_1755856092	באָזשיק, מאַקס [באָזשיקאָווסקי]	פרענציס אַדלער	female	אַקטיאָרן	זי האָט זיך באַטייליקט אינאיינעם מיט דעם סוביעקט אין דער טורנעע.
M-3-facs_398_tr_1755856092-035	P-3-facs_398_tr_1755856092	3	facs_398_tr_1755856092	באָזשיק, מאַקס [באָזשיקאָווסקי]	צילי אַדלער	female	אַקטיאָרן	זי האָט זיך באַטייליקט אינאיינעם מיט דעם סוביעקט אין דער טורנעע.
M-3-facs_398_tr_1755856092-036	P-3-facs_398_tr_1755856092	3	facs_398_tr_1755856092	באָזשיק, מאַקס [באָזשיקאָווסקי]	יעקב בן עמי	male	אַקטיאָר	ער האָט זיך באַטייליקט אינאיינעם מיט דעם סוביעקט אין דער טורנעע.
M-3-facs_398_tr_1755856092-037	P-3-facs_398_tr_1755856092	3	facs_398_tr_1755856092	באָזשיק, מאַקס [באָזשיקאָווסקי]	בערטאַ גערסטין	female	אַקטיאָרן	זי האָט זיך באַטייליקט אינאיינעם מיט דעם סוביעקט אין דער טורנעע.
M-3-facs_398_tr_1755856092-038	P-3-facs_398_tr_1755856092	3	facs_398_tr_1755856092	באָזשיק, מאַקס [באָזשיקאָווסקי]	יעקב מעסטעל	male	אַקטיאָר און רעזשיסאָר	ער האָט זיך באַטייליקט אינאיינעם מיט דעם סוביעקט אין דער טורנעע.
M-3-facs_398_tr_1755856092-039	P-3-facs_398_tr_1755856092	3	facs_398_tr_1755856092	באָזשיק, מאַקס [באָזשיקאָווסקי]	מנחם רובין	male	אַקטיאָר	ער האָט זיך באַטייליקט אינאיינעם מיט דעם סוביעקט אין דער טורנעע.
M-3-facs_398_tr_1755856092-040	P-3-facs_398_tr_1755856092	3	facs_398_tr_1755856092	באָזשיק, מאַקס [באָזשיקאָווסקי]	יצחק רויטבלום	male	אַקטיאָר	ער האָט זיך באַטייליקט אינאיינעם מיט דעם סוביעקט אין דער טורנעע.
M-3-facs_398_tr_1755856092-041	P-3-facs_398_tr_1755856092	3	facs_398_tr_1755856092	באָזשיק, מאַקס [באָזשיקאָווסקי]	בימקאָ	male	מחבר פון דער פּיעסע „פֿאָטער און זון“	דער סוביעקט האָט געשפּילט אין זיין פּיעסע.
M-3-facs_398_tr_1755856092-042	P-3-facs_398_tr_1755856092	3	facs_398_tr_1755856092	באָזשיק, מאַקס [באָזשיקאָווסקי]	שעפטל זאַק	male	אָנפֿירער פון „אונדזער טעאַטער“	דער סוביעקט האָט אָנגעפירט דעם טעאַטער צוזאַמען מיט אים.
M-3-facs_398_tr_1755856092-043	P-3-facs_398_tr_1755856092	3	facs_398_tr_1755856092	באָזשיק, מאַקס [באָזשיקאָווסקי]	יאָנאַס טורקאָוו	male	אַקטיאָר	דער סוביעקט האָט זיך באַטייליקט מיט אים אין א פילם.
M-3-facs_398_tr_1755856092-044	P-3-facs_398_tr_1755856092	3	facs_398_tr_1755856092	באָזשיק, מאַקס [באָזשיקאָווסקי]	אַברהם מאָרעווסקי	male	אַקטיאָר	דער סוביעקט האָט זיך באַטייליקט מיט אים אין א פילם.
M-3-facs_398_tr_1755856092-045	P-3-facs_398_tr_1755856092	3	facs_398_tr_1755856092	באָזשיק, מאַקס [באָזשיקאָווסקי]	מרים קרעסין	female	אַקטיאָרן	דער סוביעקט האָט זיך באַטייליקט מיט איר אין א פילם.
M-3-facs_398_tr_1755856092-046	P-3-facs_398_tr_1755856092	3	facs_398_tr_1755856092	באָזשיק, מאַקס [באָזשיקאָווסקי]	היימי דזשייקאָבסאָן	male	אַקטיאָר	דער סוביעקט האָט זיך באַטייליקט מיט אים אין א פילם.
M-3-facs_398_tr_1755856092-047	P-3-facs_398_tr_1755856092	3	facs_398_tr_1755856092	באָזשיק, מאַקס [באָזשיקאָווסקי]	מיכאָל מיכאַלעסקאָ	male	אַקטיאָר	דער סוביעקט האָט זיך באַטייליקט מיט אים אין א פילם.
M-3-facs_399_tr_1755856127-000	P-3-facs_399_tr_1755856127	3	facs_399_tr_1755856127	באַזשיק, רייזל [לעוועבראווסקאַ]	לאה לעוועבראָוועקאַ	נקבה	די שוישפילערין	זי איז די מוטער פון דעם סוביעקט.
M-3-facs_399_tr_1755856127-001	P-3-facs_399_tr_1755856127	3	facs_399_tr_1755856127	באַזשיק, רייזל [לעוועבראווסקאַ]	לאַטיינער	זכר		"ער איז דער מחבר פון דער פּיעסע „דאָס יידישע האַרץ""."
M-3-facs_399_tr_1755856127-002	P-3-facs_399_tr_1755856127	3	facs_399_tr_1755856127	באַזשיק, רייזל [לעוועבראווסקאַ]	אַברהם לעוועבראָווסקי	זכר	אַ כאַראַקטער-קאָמיקער	ער איז דער פאָטער פון דעם סוביעקט.
M-3-facs_399_tr_1755856127-003	P-3-facs_399_tr_1755856127	3	facs_399_tr_1755856127	באַזשיק, רייזל [לעוועבראווסקאַ]	ברודער*	זכר	אירס אַ ברודער אין וואַרשע	ער איז איר מוטערס ברודער ביי וועמען דער סוביעקט האָט געוואוינט.
M-3-facs_399_tr_1755856127-004	P-3-facs_399_tr_1755856127	3	facs_399_tr_1755856127	באַזשיק, רייזל [לעוועבראווסקאַ]	שלמה מענדעלסאָן	זכר	לערער	ער איז געווען דער סוביעקטס לערער אין אַ יידישע שול.
M-3-facs_399_tr_1755856127-005	P-3-facs_399_tr_1755856127	3	facs_399_tr_1755856127	באַזשיק, רייזל [לעוועבראווסקאַ]	דינה האַלפּערן	נקבה	שפּעטערדיקער אַקטעריסע	זי האָט געזונגען צוזאַמען מיט דעם סוביעקט אין כאָר.
M-3-facs_399_tr_1755856127-006	P-3-facs_399_tr_1755856127	3	facs_399_tr_1755856127	באַזשיק, רייזל [לעוועבראווסקאַ]	שלאָסבערג	זכר	דיריגענט	דער סוביעקט האָט געזונגען אין זיין כאָר אין קאמינסקי-טעאַטער.
M-3-facs_399_tr_1755856127-007	P-3-facs_399_tr_1755856127	3	facs_399_tr_1755856127	באַזשיק, רייזל [לעוועבראווסקאַ]	משה בראָדערזאָן	זכר		"דער סוביעקט האָט געשפּילט אין זיין „אַררט""."
M-3-facs_399_tr_1755856127-008	P-3-facs_399_tr_1755856127	3	facs_399_tr_1755856127	באַזשיק, רייזל [לעוועבראווסקאַ]	דזשיגאַן	זכר		דער סוביעקט האָט געשפּילט מיט אים אין לאָדזש.
M-3-facs_399_tr_1755856127-009	P-3-facs_399_tr_1755856127	3	facs_399_tr_1755856127	באַזשיק, רייזל [לעוועבראווסקאַ]	שומאַכער	זכר		דער סוביעקט האָט געשפּילט מיט אים אין לאָדזש.
M-3-facs_399_tr_1755856127-010	P-3-facs_399_tr_1755856127	3	facs_399_tr_1755856127	באַזשיק, רייזל [לעוועבראווסקאַ]	זיגמונט טורקאָוו	זכר		דער סוביעקט האָט געשפּילט מיט אים אין ביאַליסטאָק.
M-3-facs_399_tr_1755856127-011	P-3-facs_399_tr_1755856127	3	facs_399_tr_1755856127	באַזשיק, רייזל [לעוועבראווסקאַ]	מנחם רובין	זכר		דער סוביעקט האָט געשפּילט מיט אים אין קראָקע.
M-3-facs_399_tr_1755856127-012	P-3-facs_399_tr_1755856127	3	facs_399_tr_1755856127	באַזשיק, רייזל [לעוועבראווסקאַ]	רודאָלף זאַסלאַווסקי	זכר		דער סוביעקט האָט געשפּילט מיט אים אין לעמבערג.
M-3-facs_399_tr_1755856127-013	P-3-facs_399_tr_1755856127	3	facs_399_tr_1755856127	באַזשיק, רייזל [לעוועבראווסקאַ]	יעקב רעכטצייט	זכר		דער סוביעקט האָט געשפּילט מיט אים אין וואַרשע.
M-3-facs_399_tr_1755856127-014	P-3-facs_399_tr_1755856127	3	facs_399_tr_1755856127	באַזשיק, רייזל [לעוועבראווסקאַ]	לוסי גערמאַן	נקבה		דער סוביעקט האָט געשפּילט מיט איר אין ווילנע.
M-3-facs_399_tr_1755856127-015	P-3-facs_399_tr_1755856127	3	facs_399_tr_1755856127	באַזשיק, רייזל [לעוועבראווסקאַ]	מישע גערמאַן	זכר		דער סוביעקט האָט געשפּילט מיט אים אין ווילנע.
M-3-facs_399_tr_1755856127-016	P-3-facs_399_tr_1755856127	3	facs_399_tr_1755856127	באַזשיק, רייזל [לעוועבראווסקאַ]	דר. פאול באַראַטאָוו	זכר		דער סוביעקט האָט געשפּילט מיט אים אין ווילנע.
M-3-facs_399_tr_1755856127-017	P-3-facs_399_tr_1755856127	3	facs_399_tr_1755856127	באַזשיק, רייזל [לעוועבראווסקאַ]	מיכאָל מיכאַלעסקאָ	זכר		דער סוביעקט האָט געשפּילט מיט אים אין לאָדזש.
M-3-facs_399_tr_1755856127-018	P-3-facs_399_tr_1755856127	3	facs_399_tr_1755856127	באַזשיק, רייזל [לעוועבראווסקאַ]	קורט קאָטש	זכר		דער סוביעקט האָט געשפּילט מיט אים אין לאָדזש.
M-3-facs_399_tr_1755856127-019	P-3-facs_399_tr_1755856127	3	facs_399_tr_1755856127	באַזשיק, רייזל [לעוועבראווסקאַ]	אַלעקסאַנדער גראַנאַך	זכר		דער סוביעקט האָט געשפּילט מיט אים אין לאָדזש.
M-3-facs_399_tr_1755856127-020	P-3-facs_399_tr_1755856127	3	facs_399_tr_1755856127	באַזשיק, רייזל [לעוועבראווסקאַ]	מאַקס באָזשיק	זכר	שוישפּילער	ער איז דער מאַן פון דעם סוביעקט.
M-3-facs_399_tr_1755856127-021	P-3-facs_399_tr_1755856127	3	facs_399_tr_1755856127	באַזשיק, רייזל [לעוועבראווסקאַ]	אַדאָלף מידע	זכר	דירעקטאָר	ער האָט אָנגאַזשירט דעם סוביעקט און איר מאַן קיין אַרגענטינע.
M-3-facs_399_tr_1755856127-022	P-3-facs_399_tr_1755856127	3	facs_399_tr_1755856127	באַזשיק, רייזל [לעוועבראווסקאַ]	הערמאַן יאַבלאָקאָוו	זכר		ער האָט געבראַכט דעם סוביעקט קיין ניו יאָרק.
M-3-facs_399_tr_1755856125-000	P-3-facs_399_tr_1755856125	3	facs_399_tr_1755856125	זיגעלבוים, אַברהם	*פֿאָטער	male	שטאַרבט אָפּ אין זיינע מיטלסטע יאָרן	דער פֿאָטער פון ז.
M-3-facs_399_tr_1755856125-001	P-3-facs_399_tr_1755856125	3	facs_399_tr_1755856125	זיגעלבוים, אַברהם	*מוטער	female	שניידערין, וועלכע איז זייער מוזיקאַליש און טעאַטראַליש גענייגט, „די מאַמע פֿון טעאַטער“	די מוטער פון ז.
M-3-facs_399_tr_1755856125-002	P-3-facs_399_tr_1755856125	3	facs_399_tr_1755856125	זיגעלבוים, אַברהם	יעקב ראָטבאָום	male		ער האָט אָנגעפירט מיט דער יידישער דראַמאַטישער שול.
M-3-facs_399_tr_1755856125-003	P-3-facs_399_tr_1755856125	3	facs_399_tr_1755856125	זיגעלבוים, אַברהם	שרה ראָטבאָום	female		זי האָט אָנגעפירט מיט דער יידישער דראַמאַטישער שול.
M-3-facs_399_tr_1755856125-004	P-3-facs_399_tr_1755856125	3	facs_399_tr_1755856125	זיגעלבוים, אַברהם	מאַקס וויסקינד	male		ער האָט אָנגעפירט מיט דער יידישער דראַמאַטישער שול.
M-3-facs_399_tr_1755856125-005	P-3-facs_399_tr_1755856125	3	facs_399_tr_1755856125	זיגעלבוים, אַברהם	יהודית בערג	female	טענץ	זי האָט געטאַנצט אין דער אויפפירונג „200 טויזנט“.
M-3-facs_399_tr_1755856125-006	P-3-facs_399_tr_1755856125	3	facs_399_tr_1755856125	זיגעלבוים, אַברהם	סיוואַק	male	"פון ""יונג טעאַטער“"	"ער האָט געשאַפֿן דאָס ""עמך טעאַטער“ צוזאַמען מיט ז."
M-3-facs_399_tr_1755856125-007	P-3-facs_399_tr_1755856125	3	facs_399_tr_1755856125	זיגעלבוים, אַברהם	קאַדיאַ מאָלאָדאָווסקי	female		די מחברת פון „מאַרצעפּאַנעס“.
M-3-facs_399_tr_1755856125-008	P-3-facs_399_tr_1755856125	3	facs_399_tr_1755856125	זיגעלבוים, אַברהם	שלום עליכם	male		"דער מחבר פון „כאבנע"" און אנדערע מעשות."
M-3-facs_399_tr_1755856125-009	P-3-facs_399_tr_1755856125	3	facs_399_tr_1755856125	זיגעלבוים, אַברהם	נאָרבערט האָראָוויץ	male		"דער מחבר פון דער אַרבעט ""יידיש טעאַטער פֿון דער שאַרית הפּליטה""."
M-3-facs_399_tr_1755856125-010	P-3-facs_399_tr_1755856125	3	facs_399_tr_1755856125	זיגעלבוים, אַברהם	שושנה קאָרנבליט	female	טענצערין	זי איז אַרומגעפֿאָרן מיט ז. מיט וואָרט-קאָנצערטן.
M-3-facs_399_tr_1755856125-011	P-3-facs_399_tr_1755856125	3	facs_399_tr_1755856125	זיגעלבוים, אַברהם	אַרטור	male	דער קדוש, האָט אַרויסגעוויזן אַ גרויסן אינטערעס צום יידישן טעאַטער, האָט געשפּילט מיט ליבהאָבער	א ברודער פון ז.
M-3-facs_399_tr_1755856125-012	P-3-facs_399_tr_1755856125	3	facs_399_tr_1755856125	זיגעלבוים, אַברהם	מאַניאַ ראָזען	female	שוישפּילערין	די פרוי פון ז.'ס ברודער ארטור.
M-3-facs_399_tr_1755856125-013	P-3-facs_399_tr_1755856125	3	facs_399_tr_1755856125	זיגעלבוים, אַברהם	ישראל	male	האָט געשפּילט אין פּוילן מיט ליבהאָבער און שפּילט מיט ליבהאָבער אין פּראָפעסיאָנאַלן אין דרום אפריקע	א ברודער פון ז.
M-3-facs_399_tr_1755856125-014	P-3-facs_399_tr_1755856125	3	facs_399_tr_1755856125	זיגעלבוים, אַברהם	ע. קאַטשערגינסקי	male		דער מחבר פון דעם בוך „חורבן ווילנע“.
M-3-facs_399_tr_1755856125-015	P-3-facs_399_tr_1755856125	3	facs_399_tr_1755856125	זיגעלבוים, אַברהם	פּיניע	male	"אומגעקומען דורך די נאַציס, האָט געשפּילט אין וואַרטעווער ""יונג טעאַטער"""	א ברודער פון ז.
M-3-facs_399_tr_1755856125-016	P-3-facs_399_tr_1755856125	3	facs_399_tr_1755856125	זיגעלבוים, אַברהם	פֿייוול	male	"געפינט זיך אין דרום אפריקע, האָט געשפּילט אין וואַרטעווער ""יונג טעאַטער"""	א ברודער פון ז.
M-3-facs_399_tr_1755856125-017	P-3-facs_399_tr_1755856125	3	facs_399_tr_1755856125	זיגעלבוים, אַברהם	ראובן	male	"געפינט זיך אין דרום אפריקע, האָט געשפּילט אין וואַרטעווער ""יונג טעאַטער"""	א ברודער פון ז.
M-3-facs_400_tr_1755856076-000	P-3-facs_400_tr_1755856076	3	facs_400_tr_1755856076	רובין, יעקב	ע-טערן*		סוחרים	זיינען די עלטערן פונעם סוביעקט.
M-3-facs_400_tr_1755856076-001	P-3-facs_400_tr_1755856076	3	facs_400_tr_1755856076	רובין, יעקב	רובין פֿרידמאַן	male		איז אַן עלטערער ברודער פונעם סוביעקט.
M-3-facs_400_tr_1755856076-002	P-3-facs_400_tr_1755856076	3	facs_400_tr_1755856076	רובין, יעקב	וועלוול רובין	male		איז אַן עלטערער ברודער פונעם סוביעקט.
M-3-facs_400_tr_1755856076-003	P-3-facs_400_tr_1755856076	3	facs_400_tr_1755856076	רובין, יעקב	יוליוס אַדלער	male		דער סוביעקט האָט אָנגעהויבן ביי אים ווי אַ רעקוויזיטאָר.
M-3-facs_400_tr_1755856076-004	P-3-facs_400_tr_1755856076	3	facs_400_tr_1755856076	רובין, יעקב	הערמאַן סיעראָצקי	male		דער סוביעקט האָט אָנגעהויבן ביי אים ווי אַ רעקוויזיטאָר.
M-3-facs_400_tr_1755856076-005	P-3-facs_400_tr_1755856076	3	facs_400_tr_1755856076	רובין, יעקב	אבאַ קאָמפּאַנעעץ	male		דער סוביעקט האָט געשפּילט קליינע ראָלן ביי אים.
M-3-facs_400_tr_1755856076-006	P-3-facs_400_tr_1755856076	3	facs_400_tr_1755856076	רובין, יעקב	האָדעס	female		איז די פרוי פונעם סוביעקט.
M-3-facs_400_tr_1755856076-007	P-3-facs_400_tr_1755856076	3	facs_400_tr_1755856076	רובין, יעקב	מ. ד. וואַקסמאַן	male		דער סוביעקט איז געווען אין זיין טרופּע.
M-3-facs_400_tr_1755856076-008	P-3-facs_400_tr_1755856076	3	facs_400_tr_1755856076	רובין, יעקב	יאָזער שערמאַן	male		דער סוביעקט איז געווען אין זיין טרופּע.
M-3-facs_400_tr_1755856076-009	P-3-facs_400_tr_1755856076	3	facs_400_tr_1755856076	רובין, יעקב	דוד לעווין	male		דער סוביעקט איז געווען אין זיין טרופּע.
M-3-facs_400_tr_1755856076-010	P-3-facs_400_tr_1755856076	3	facs_400_tr_1755856076	רובין, יעקב	סעראַ אַדלער	female	פֿון אַמעריקע	דער סוביעקט האָט געשפּילט מיט איר.
M-3-facs_400_tr_1755856076-011	P-3-facs_400_tr_1755856076	3	facs_400_tr_1755856076	רובין, יעקב	ראַשעל	female	גאַסטראָלערן	דער סוביעקט איז געפֿאָרן מיט איר קיין פאָריז אַלס בינע-מייסטער.
M-3-facs_400_tr_1755856076-012	P-3-facs_400_tr_1755856076	3	facs_400_tr_1755856076	רובין, יעקב	הערי ראָזענפעלד	male	גאַסטראָלערן	דער סוביעקט איז געפֿאָרן מיט אים קיין פאָריז אַלס בינע-מייסטער.
M-3-facs_400_tr_1755856076-013	P-3-facs_400_tr_1755856076	3	facs_400_tr_1755856076	רובין, יעקב	קלאַראַ יאָנג	female	גאַסטראָלערן	דער סוביעקט האָט געשפּילט מיט איר.
M-3-facs_400_tr_1755856076-014	P-3-facs_400_tr_1755856076	3	facs_400_tr_1755856076	רובין, יעקב	מאָריס אַקסעלראָד	male	גאַסטראָלערן	דער סוביעקט האָט געשפּילט מיט אים.
M-3-facs_400_tr_1755856076-015	P-3-facs_400_tr_1755856076	3	facs_400_tr_1755856076	רובין, יעקב	יאָזעף קעסלער	male	גאַסטראָלערן	דער סוביעקט האָט געשפּילט ביי אים און געפֿירט די בינע.
M-3-facs_400_tr_1755856076-016	P-3-facs_400_tr_1755856076	3	facs_400_tr_1755856076	רובין, יעקב	בעני אַדלער	male	גאַסטראָלערן	דער סוביעקט האָט געשפּילט מיט אים.
M-3-facs_400_tr_1755856076-017	P-3-facs_400_tr_1755856076	3	facs_400_tr_1755856076	רובין, יעקב	הענריעטאַ שניצער	female	גאַסטראָלערן	דער סוביעקט האָט געשפּילט מיט איר.
M-3-facs_400_tr_1755856076-018	P-3-facs_400_tr_1755856076	3	facs_400_tr_1755856076	רובין, יעקב	מישע פישזאָן	male	גאַסטראָלערן	דער סוביעקט האָט געשפּילט מיט אים.
M-3-facs_400_tr_1755856076-019	P-3-facs_400_tr_1755856076	3	facs_400_tr_1755856076	רובין, יעקב	וויעראַ זאָסלאַווסקאַ	female	גאַסטראָלערן	דער סוביעקט האָט געשפּילט מיט איר.
M-3-facs_400_tr_1755856076-020	P-3-facs_400_tr_1755856076	3	facs_400_tr_1755856076	רובין, יעקב	ברידער פעניגשטיין*	male		דער סוביעקט האָט געשפּילט מיט זיי.
M-3-facs_400_tr_1755856076-021	P-3-facs_400_tr_1755856076	3	facs_400_tr_1755856076	רובין, יעקב	מיכאַלעסקאָן	male		דער סוביעקט איז געווען טעטיק ביי אים אַלס סצענאַר.
M-3-facs_400_tr_1755856074-000	P-3-facs_400_tr_1755856074	3	facs_400_tr_1755856074	פֿרידמאַן, רובין (מאיר רובין]	פֿאָטער*	male	סוחר	ער איז דער פֿאָטער פֿונעם סוביעקט.
M-3-facs_400_tr_1755856074-001	P-3-facs_400_tr_1755856074	3	facs_400_tr_1755856074	פֿרידמאַן, רובין (מאיר רובין]	מוטער*	female	סוחרים	זי איז די מוטער פֿונעם סוביעקט.
M-3-facs_400_tr_1755856074-002	P-3-facs_400_tr_1755856074	3	facs_400_tr_1755856074	פֿרידמאַן, רובין (מאיר רובין]	יצחק זאַנדבערג	male	"דירעקטאָד פון ""גרויסעס טעאַטער“"	דער סוביעקט האָט אָנגעהויבן אַרבעטן ביי אים.
M-3-facs_400_tr_1755856074-003	P-3-facs_400_tr_1755856074	3	facs_400_tr_1755856074	פֿרידמאַן, רובין (מאיר רובין]	לאַנצמאַן	male	אַקטיאָר	צוליב זיין קראַנקהייט האָט דער סוביעקט דעביוטירט.
M-3-facs_400_tr_1755856074-004	P-3-facs_400_tr_1755856074	3	facs_400_tr_1755856074	פֿרידמאַן, רובין (מאיר רובין]	סעם אַדלער	male	פירער פון א טרופּע	דער סוביעקט איז אַריינגעטראָטן אין זיין טרופּע.
M-3-facs_400_tr_1755856074-005	P-3-facs_400_tr_1755856074	3	facs_400_tr_1755856074	פֿרידמאַן, רובין (מאיר רובין]	קאַמינסקי	male	פירער פון „ליטעראַדישע טרופע“	דער סוביעקט איז אַריינגעטראָטן אין זיין טרופּע.
M-3-facs_400_tr_1755856074-006	P-3-facs_400_tr_1755856074	3	facs_400_tr_1755856074	פֿרידמאַן, רובין (מאיר רובין]	מ. ד. וואַקסמאַן	male	אַקטיאָר	דער סוביעקט האָט געשפּילט מיט אים.
M-3-facs_400_tr_1755856074-007	P-3-facs_400_tr_1755856074	3	facs_400_tr_1755856074	פֿרידמאַן, רובין (מאיר רובין]	מאָריס מאָשקאָוויטש	male	אַקטיאָר	דער סוביעקט האָט געשפּילט מיט אים.
M-3-facs_400_tr_1755856074-008	P-3-facs_400_tr_1755856074	3	facs_400_tr_1755856074	פֿרידמאַן, רובין (מאיר רובין]	יאָנג	male	פירער פון א טרופּע	דער סוביעקט האָט געשפּילט אין זיין טרופּע.
M-3-facs_400_tr_1755856074-009	P-3-facs_400_tr_1755856074	3	facs_400_tr_1755856074	פֿרידמאַן, רובין (מאיר רובין]	פישזאָן	male	פירער פון א טרופּע	דער סוביעקט האָט געשפּילט אין זיין טרופּע.
M-3-facs_400_tr_1755856074-010	P-3-facs_400_tr_1755856074	3	facs_400_tr_1755856074	פֿרידמאַן, רובין (מאיר רובין]	בלומענטאל	male	טעאטער דירעקטאָר	דער סוביעקט האָט געשפּילט ביי אים אין לאָנדאָן.
M-3-facs_400_tr_1755856074-011	P-3-facs_400_tr_1755856074	3	facs_400_tr_1755856074	פֿרידמאַן, רובין (מאיר רובין]	העלענאַ גאַלצאָוואַ	female	שוישפּילערין	זי איז די פרוי פונעם סוביעקט.
M-3-facs_400_tr_1755856074-012	P-3-facs_400_tr_1755856074	3	facs_400_tr_1755856074	פֿרידמאַן, רובין (מאיר רובין]	שושנה	female	גאַסטראָלירנדער שוישפּילערין	דער סוביעקט האָט אויפגעפירט א פּיעסע מיט איר.
M-3-facs_400_tr_1755856074-013	P-3-facs_400_tr_1755856074	3	facs_400_tr_1755856074	פֿרידמאַן, רובין (מאיר רובין]	עמיל זאָלאַ	male	שרייבער	דער סוביעקט האָט איבערגעזעצט זיינע פּיעסן.
M-3-facs_400_tr_1755856074-014	P-3-facs_400_tr_1755856074	3	facs_400_tr_1755856074	פֿרידמאַן, רובין (מאיר רובין]	גראַף ל. נ. טאָלסטאָי	male	שרייבער	דער סוביעקט האָט איבערגעזעצט זיין פּיעסע.
M-3-facs_400_tr_1755856074-015	P-3-facs_400_tr_1755856074	3	facs_400_tr_1755856074	פֿרידמאַן, רובין (מאיר רובין]	שעקספיר	male	דראמאטורג	דער סוביעקט האָט איבערגעזעצט זיינע פּיעסן.
M-3-facs_400_tr_1755856074-016	P-3-facs_400_tr_1755856074	3	facs_400_tr_1755856074	פֿרידמאַן, רובין (מאיר רובין]	בריע	male	דראמאטורג	דער סוביעקט האָט איבערגעזעצט זיין פּיעסע.
M-3-facs_400_tr_1755856074-017	P-3-facs_400_tr_1755856074	3	facs_400_tr_1755856074	פֿרידמאַן, רובין (מאיר רובין]	ניקאַדעמאַ	male	דראמאטורג	דער סוביעקט האָט איבערגעזעצט זיין פּיעסע.
M-3-facs_400_tr_1755856074-018	P-3-facs_400_tr_1755856074	3	facs_400_tr_1755856074	פֿרידמאַן, רובין (מאיר רובין]	מענדל בייליס	male	היסטאָרישע פערזענלעכקייט	דער סוביעקט האָט דראַמאַטיזירט זיין געשיכטע.
M-3-facs_400_tr_1755856074-019	P-3-facs_400_tr_1755856074	3	facs_400_tr_1755856074	פֿרידמאַן, רובין (מאיר רובין]	סעמיועל גאָלדענבערג	male	שוישפּילער	ער האָט אויפֿגעפֿירט א פּיעסע וואָס דער סוביעקט האָט איבערגעזעצט.
M-3-facs_400_tr_1755856074-020	P-3-facs_400_tr_1755856074	3	facs_400_tr_1755856074	פֿרידמאַן, רובין (מאיר רובין]	אַברהם רייזען	male	שריפטשטעלער	ער האָט געשריבן וועגן דעם סוביעקט אין זיינע דעראינערונגען.
M-3-facs_400_tr_1755856074-021	P-3-facs_400_tr_1755856074	3	facs_400_tr_1755856074	פֿרידמאַן, רובין (מאיר רובין]	יעקב בן-עמי	male	יידישע אַקטאָירן	ער ווערט דערמאנט דורך אברהם רייזען צוזאמען מיט דעם סוביעקט.
M-3-facs_400_tr_1755856074-022	P-3-facs_400_tr_1755856074	3	facs_400_tr_1755856074	פֿרידמאַן, רובין (מאיר רובין]	לאַזאַר פריד	male	יידישע אַקטאָירן	ער ווערט דערמאנט דורך אברהם רייזען צוזאמען מיט דעם סוביעקט.
M-3-facs_400_tr_1755856074-023	P-3-facs_400_tr_1755856074	3	facs_400_tr_1755856074	פֿרידמאַן, רובין (מאיר רובין]	יאַנקל	male	ברודער פונעם סוביעקט	ער איז דער ברודער פונעם סוביעקט.
M-3-facs_400_tr_1755856074-024	P-3-facs_400_tr_1755856074	3	facs_400_tr_1755856074	פֿרידמאַן, רובין (מאיר רובין]	וועלוול	male	ברודער פונעם סוביעקט	ער איז דער ברודער פונעם סוביעקט.
M-3-facs_401_tr_1755856142-000	P-3-facs_401_tr_1755856142	3	facs_401_tr_1755856142	אַדלער, דזשוליוס [יואל]	פֿאָטער*	זכר	אַרטוֹדאָקסישע עלטערן, סוחרים	ער איז געווען דער פֿאָטער פֿונעם סוביעקט.
M-3-facs_401_tr_1755856142-001	P-3-facs_401_tr_1755856142	3	facs_401_tr_1755856142	אַדלער, דזשוליוס [יואל]	מוטער*	נקבה	אַרטוֹדאָקסישע עלטערן, סוחרים	זי איז געווען די מוטער פֿונעם סוביעקט.
M-3-facs_401_tr_1755856142-002	P-3-facs_401_tr_1755856142	3	facs_401_tr_1755856142	אַדלער, דזשוליוס [יואל]	זיידע*	זכר		דער סוביעקט איז געבליבן ביי זיין זיידן ווען די מוטער איז עמיגרירט.
M-3-facs_401_tr_1755856142-003	P-3-facs_401_tr_1755856142	3	facs_401_tr_1755856142	אַדלער, דזשוליוס [יואל]	באָבע*	נקבה		דער סוביעקט איז געבליבן ביי זיין באָבען ווען די מוטער איז עמיגרירט.
M-3-facs_401_tr_1755856142-004	P-3-facs_401_tr_1755856142	3	facs_401_tr_1755856142	אַדלער, דזשוליוס [יואל]	דזשוליוס נאַטאַנסאָן	זכר		דער סוביעקט האָט מיט אים געשפּילט.
M-3-facs_401_tr_1755856142-005	P-3-facs_401_tr_1755856142	3	facs_401_tr_1755856142	אַדלער, דזשוליוס [יואל]	לעאָן בלאַנק	זכר		דער סוביעקט האָט מיט אים געשפּילט.
M-3-facs_401_tr_1755856142-006	P-3-facs_401_tr_1755856142	3	facs_401_tr_1755856142	אַדלער, דזשוליוס [יואל]	באָריס טאָמאַשעווסקי	זכר		דער סוביעקט האָט מיט אים געשפּילט.
M-3-facs_401_tr_1755856142-007	P-3-facs_401_tr_1755856142	3	facs_401_tr_1755856142	אַדלער, דזשוליוס [יואל]	אהרן לעבעדעוו	זכר		דער סוביעקט האָט מיט אים געשפּילט.
M-3-facs_401_tr_1755856142-008	P-3-facs_401_tr_1755856142	3	facs_401_tr_1755856142	אַדלער, דזשוליוס [יואל]	סעמיועל גאָלדענבורג	זכר		דער סוביעקט האָט מיט אים געשפּילט.
M-3-facs_401_tr_1755856142-009	P-3-facs_401_tr_1755856142	3	facs_401_tr_1755856142	אַדלער, דזשוליוס [יואל]	דזשעני גאָלדשטיין	נקבה		דער סוביעקט האָט מיט איר געשפּילט.
M-3-facs_401_tr_1755856142-010	P-3-facs_401_tr_1755856142	3	facs_401_tr_1755856142	אַדלער, דזשוליוס [יואל]	הערמאַן יאַבלאָקאָוו	זכר		דער סוביעקט האָט מיט אים געשפּילט אין מעקינלי סקווער טעאַטער.
M-3-facs_401_tr_1755856142-011	P-3-facs_401_tr_1755856142	3	facs_401_tr_1755856142	אַדלער, דזשוליוס [יואל]	הענריעטאָ דזשייקאָבסאָן	נקבה	האָט אויך געשפּילט אין מעקינלי סקווער טעאַטער	זי איז געווען די פרוי פֿונעם סוביעקט.
M-3-facs_401_tr_1755856142-012	P-3-facs_401_tr_1755856142	3	facs_401_tr_1755856142	אַדלער, דזשוליוס [יואל]	מאַלי פיקאָן	נקבה		דער סוביעקט האָט מיט איר געשפּילט אין סעקאָנד עוועניו-טעאַטער.
M-3-facs_401_tr_1755856142-013	P-3-facs_401_tr_1755856142	3	facs_401_tr_1755856142	אַדלער, דזשוליוס [יואל]	יעקב קאַליך	זכר		דער סוביעקט האָט מיט אים געשפּילט אין סעקאָנד עוועניו-טעאַטער.
M-3-facs_401_tr_1755856142-014	P-3-facs_401_tr_1755856142	3	facs_401_tr_1755856142	אַדלער, דזשוליוס [יואל]	אוירווינג דזשייקאָבסאָן	זכר	דירעקטאָר פֿון ענדערסאָן-טעאַטער	ער איז געווען דער שוואַגער פֿונעם סוביעקט.
M-3-facs_401_tr_1755856142-015	P-3-facs_401_tr_1755856142	3	facs_401_tr_1755856142	אַדלער, דזשוליוס [יואל]	ברוסי (ברוך יאָסל)	זכר	געבוירן דעם 27 נאוועמבער 1944, דר-טער דור יידישע אַקטיאָרן, שפּילט יוגנטלעכע ראָלן אין יידישן טעאַטער	ער איז דער זון פֿונעם סוביעקט.
M-3-facs_401_tr_1755856147-000	P-3-facs_401_tr_1755856147	3	facs_401_tr_1755856147	פעלד הערי	מוטער*	פֿרוי	אַ גענזלערין אין שערעשעווסקיס הויז	זי איז די מוטער פונעם סוביעקט.
M-3-facs_401_tr_1755856147-001	P-3-facs_401_tr_1755856147	3	facs_401_tr_1755856147	פעלד הערי	שערעשעווסקיס			די מוטער פונעם סוביעקט האָט געאַרבעט אין זיין הויז.
M-3-facs_401_tr_1755856147-002	P-3-facs_401_tr_1755856147	3	facs_401_tr_1755856147	פעלד הערי	גוזיקס		פּראָפעסיאנעלע טרופּע	דער סוביעקט האָט אַרומגעפֿאָרן מיט זיין טרופּע איבער אַמעריקע.
M-3-facs_401_tr_1755856147-003	P-3-facs_401_tr_1755856147	3	facs_401_tr_1755856147	פעלד הערי	נייטן גאָלדבערג	מאַן	מענעדזשער פֿון טעאַטערס	ער איז געווען דער מענעדזשער פֿון די טעאַטערס וואו דער סוביעקט האָט געשפּילט.
M-3-facs_401_tr_1755856147-004	P-3-facs_401_tr_1755856147	3	facs_401_tr_1755856147	פעלד הערי	סעידי שעהנגאָלד	פֿרוי		זי האָט געשפּילט מיטן סוביעקט אין לאָס אַנדזשעלעס.
M-3-facs_401_tr_1755856147-005	P-3-facs_401_tr_1755856147	3	facs_401_tr_1755856147	פעלד הערי	סעם אויערבאַך	מאַן		ער האָט געשפּילט מיטן סוביעקט אין לאָס אַנדזשעלעס.
M-3-facs_401_tr_1755856147-006	P-3-facs_401_tr_1755856147	3	facs_401_tr_1755856147	פעלד הערי	די גערמאַנס			דער סוביעקט האָט געשפּילט מיט זיי אין „ראָלאַנד“-טעאַטער.
M-3-facs_401_tr_1755856147-007	P-3-facs_401_tr_1755856147	3	facs_401_tr_1755856147	פעלד הערי	מאַלי פיקאָן	פֿרוי		דער סוביעקט האָט געשפּילט מיט איר אין „פֿאָלקס“-טעאַטער.
M-3-facs_401_tr_1755856147-008	P-3-facs_401_tr_1755856147	3	facs_401_tr_1755856147	פעלד הערי	סעמיועל גאָלדענבורג	מאַן		דער סוביעקט האָט געשפּילט מיט אים עטלעכע סעזאָנען אין נעשאָנאַל-טעאַטער.
M-3-facs_401_tr_1755856147-009	P-3-facs_401_tr_1755856147	3	facs_401_tr_1755856147	פעלד הערי	לעבעדעוו	מאַן		דער סוביעקט האָט געשפּילט מיט אים אין „ראָלאַנד“-טעאַטער.
M-3-facs_401_tr_1755856147-010	P-3-facs_401_tr_1755856147	3	facs_401_tr_1755856147	פעלד הערי	בלאַנק			דער סוביעקט האָט געשפּילט מיט אים אין „ראָלאַנד“-טעאַטער.
M-3-facs_401_tr_1755856147-011	P-3-facs_401_tr_1755856147	3	facs_401_tr_1755856147	פעלד הערי	ב. עלווינג	מאַן	דירעקטאָר פֿון „וואָלנאַט“-טעאַטער	ער איז געווען דער דירעקטאָר פֿון טעאַטער וואו דער סוביעקט האָט געשפּילט.
M-3-facs_401_tr_1755856147-012	P-3-facs_401_tr_1755856147	3	facs_401_tr_1755856147	פעלד הערי	מנשה סקולניק	מאַן		דער סוביעקט האָט געשפּילט מיט אים אין „סעקאָנד עוועניו“-טעאַטער.
M-3-facs_401_tr_1755856147-013	P-3-facs_401_tr_1755856147	3	facs_401_tr_1755856147	פעלד הערי	הערמאַן יאַבלאָקאָוו	מאַן		דער סוביעקט האָט געשפּילט מיט אים אין פֿאָלקס-טעאַטער.
M-3-facs_402_tr_1755856047-000	P-3-facs_402_tr_1755856047	3	facs_402_tr_1755856047	רומשינסקי, יוסף [רומשיסקי]	משה	male	אַ קירזשנער	ער איז דער פֿאָטער פֿון יוסף רומשינסקי.
M-3-facs_402_tr_1755856047-001	P-3-facs_402_tr_1755856047	3	facs_402_tr_1755856047	רומשינסקי, יוסף [רומשיסקי]	חיים רומשיסקער	male	אַ באַוואוסטער מגיד	ער איז דער פעטער פֿון יוסף רומשינסקי.
M-3-facs_402_tr_1755856047-002	P-3-facs_402_tr_1755856047	3	facs_402_tr_1755856047	רומשינסקי, יוסף [רומשיסקי]	צלבה	female	אַ קענערקע פֿון אליקום צונזערס לידער	זי איז די מוטער פֿון יוסף רומשינסקי.
M-3-facs_402_tr_1755856047-003	P-3-facs_402_tr_1755856047	3	facs_402_tr_1755856047	רומשינסקי, יוסף [רומשיסקי]	זלמן זילבערצווייג	male	רעדאַקטאָר פֿון 'לעקסיקאָן פֿון יידישן טעאַטער'	ער שילדערט רומשינסקיס היים און האָט צונויפגעשטעלט זיין בוך 'קלאַנגען פֿון מיין לעבן'.
M-3-facs_402_tr_1755856047-004	P-3-facs_402_tr_1755856047	3	facs_402_tr_1755856047	רומשינסקי, יוסף [רומשיסקי]	פּראָפעסיאנעלן זינגער*	male		ער איז געקומען אין באַרירונג מיט רומשינסקין און אים געברענגט צום חזן קאַהאַן.
M-3-facs_402_tr_1755856047-005	P-3-facs_402_tr_1755856047	3	facs_402_tr_1755856047	רומשינסקי, יוסף [רומשיסקי]	חזן קאַהאַן	male		ער איז געווען רומשינסקיס לערער און שפּעטער זיין דיריגענט.
M-3-facs_402_tr_1755856047-006	P-3-facs_402_tr_1755856047	3	facs_402_tr_1755856047	רומשינסקי, יוסף [רומשיסקי]	איסאַק	male	קאַהאַנס דיריגענט	ער האָט אים געגעבן די ערשטע לעקציע אין מוזיק.
M-3-facs_402_tr_1755856047-007	P-3-facs_402_tr_1755856047	3	facs_402_tr_1755856047	רומשינסקי, יוסף [רומשיסקי]	חזן בערנשטיין	male		רומשינסקי האָט געאַרבעט ביי אים אַלס אַלט-זינגער און דאַלבער דיריגענט.
M-3-facs_402_tr_1755856047-008	P-3-facs_402_tr_1755856047	3	facs_402_tr_1755856047	רומשינסקי, יוסף [רומשיסקי]	חזן ראָזומני	male	באַרימטן חזן	ער האָט מיטגענומען רומשינסקין קיין רוסלאַנד.
M-3-facs_402_tr_1755856047-009	P-3-facs_402_tr_1755856047	3	facs_402_tr_1755856047	רומשינסקי, יוסף [רומשיסקי]	קאַמינסקי	male	דיריגענט פֿון אַ גאַסטראָלירנדיקער טרופּע	רומשינסקי איז אַריינגעטראָטן אין זיין כאָר.
M-3-facs_402_tr_1755856047-010	P-3-facs_402_tr_1755856047	3	facs_402_tr_1755856047	רומשינסקי, יוסף [רומשיסקי]	חזן ראַבינאָוויטש	male	חזן אין דווינסק	רומשינסקי איז געווען זיין דיריגענט.
M-3-facs_402_tr_1755856047-011	P-3-facs_402_tr_1755856047	3	facs_402_tr_1755856047	רומשינסקי, יוסף [רומשיסקי]	הענריק מעלצער	male	פּוילישן מוזיקער	רומשינסקי האָט געשטודירט מוזיק ביי אים.
M-3-facs_402_tr_1755856047-012	P-3-facs_402_tr_1755856047	3	facs_402_tr_1755856047	רומשינסקי, יוסף [רומשיסקי]	פּראָפעסאָר פּראָוד	male		רומשינסקי האָט געשטודירט מוזיק ביי אים אין לאָנדאָן.
M-3-facs_402_tr_1755856047-013	P-3-facs_402_tr_1755856047	3	facs_402_tr_1755856047	רומשינסקי, יוסף [רומשיסקי]	טשאַרלז צונזער	male	אַ זון פֿון אליקום צונזער	אונטער זיין השפּעה איז רומשינסקי אָפּגעפֿאָרן קיין אַמעריקע.
M-3-facs_402_tr_1755856047-014	P-3-facs_402_tr_1755856047	3	facs_402_tr_1755856047	רומשינסקי, יוסף [רומשיסקי]	יעקב זילבערט	male	אין האָפּרטעאַטער אין באָסטאָן	רומשינסקי איז געווען דיריגענט ביי אים.
M-3-facs_402_tr_1755856047-015	P-3-facs_402_tr_1755856047	3	facs_402_tr_1755856047	רומשינסקי, יוסף [רומשיסקי]	סאבינאַ לאַקסער	female	אַקטריסע	זי איז געווען די ערשטע פֿרוי פֿון יוסף רומשינסקי.
M-3-facs_402_tr_1755856047-016	P-3-facs_402_tr_1755856047	3	facs_402_tr_1755856047	רומשינסקי, יוסף [רומשיסקי]	מאָרי רומשינסקי	male	קאָמפּאָזיטאָר און פּיאַניסט	ער איז דער זון פֿון יוסף רומשינסקי.
M-3-facs_402_tr_1755856047-017	P-3-facs_402_tr_1755856047	3	facs_402_tr_1755856047	רומשינסקי, יוסף [רומשיסקי]	יעקב פּ. אַדלער	male	אַקטיאָר און טעאַטער-דירעקטאָר	ער האָט אָנגעפֿירט אַ גרויסן קאַמף פֿאַר רומשינסקיס אָנערקענונג.
M-3-facs_402_tr_1755856047-018	P-3-facs_402_tr_1755856047	3	facs_402_tr_1755856047	רומשינסקי, יוסף [רומשיסקי]	שלום פּערלמוטער	male	סעקרעטאָר פֿון רעדאַקציע-קאָלעגיום	ער האָט געשריבן וועגן רומשינסקיס קאַמף פֿאַר אָנערקענונג אין אַמעריקע.
M-3-facs_402_tr_1755856047-019	P-3-facs_402_tr_1755856047	3	facs_402_tr_1755856047	רומשינסקי, יוסף [רומשיסקי]	סעראַ אַדלער	female	אַקטריסע	זי האָט געזונגען רומשינסקיס לידער.
M-3-facs_402_tr_1755856047-020	P-3-facs_402_tr_1755856047	3	facs_402_tr_1755856047	רומשינסקי, יוסף [רומשיסקי]	אַנשעל שאָר	male	יידישער פּיעסן-שרייבער	ער האָט געשריבן פילע פּיעסן מיט רומשינסקיס מוזיק.
M-3-facs_402_tr_1755856047-021	P-3-facs_402_tr_1755856047	3	facs_402_tr_1755856047	רומשינסקי, יוסף [רומשיסקי]	קלאַראַ יאָנג	female	אַקטריסע	זי האָט געשפּילט אין שאָר-רומשינסקיס אָפּערעטע 'די אַמעריקאַנערין'.
M-3-facs_402_tr_1755856047-022	P-3-facs_402_tr_1755856047	3	facs_402_tr_1755856047	רומשינסקי, יוסף [רומשיסקי]	בועז יאָנג	male	אַקטיאָר	ער דערציילט וועגן דעם דערפֿאָלג פֿון רומשינסקיס מוזיק אין וואַרשע.
M-3-facs_402_tr_1755856047-023	P-3-facs_402_tr_1755856047	3	facs_402_tr_1755856047	רומשינסקי, יוסף [רומשיסקי]	בעסי טאָמאַשעווסקי	female	אַקטריסע	זי האָט געשפּילט אין פּיעסן מיט רומשינסקיס מוזיק.
M-3-facs_402_tr_1755856047-024	P-3-facs_402_tr_1755856047	3	facs_402_tr_1755856047	רומשינסקי, יוסף [רומשיסקי]	מאַלי פיקאָן	female	סוברעטין און אַקטריסע	זי האָט געזונגען פילע פֿון זיינע לידער און געאַרבעט מיט אים יאָרן לאַנג.
M-3-facs_402_tr_1755856047-025	P-3-facs_402_tr_1755856047	3	facs_402_tr_1755856047	רומשינסקי, יוסף [רומשיסקי]	באָריס טאָמאַשעווסקי	male	אַקטיאָר און מענעדזשער	רומשינסקי איז געווען קאָמפּאָזיטאָר און דיריגענט אין זיין טעאַטער.
M-3-facs_402_tr_1755856047-026	P-3-facs_402_tr_1755856047	3	facs_402_tr_1755856047	רומשינסקי, יוסף [רומשיסקי]	אב. קאַהאַן	male	רעדאַקטאָר פֿון 'פֿאַרווערטס'	ער האָט כאַראַקטעריזירט רומשינסקין ווי אַ הויך וויכטיקע פּערזענלעכקייט.
M-3-facs_402_tr_1755856047-027	P-3-facs_402_tr_1755856047	3	facs_402_tr_1755856047	רומשינסקי, יוסף [רומשיסקי]	גרשם באַדער	male	מחבר	ער האָט געשריבן די אָפּערעטע 'דעם רבינס ניגון' מיט רומשינסקיס מוזיק.
M-3-facs_402_tr_1755856047-028	P-3-facs_402_tr_1755856047	3	facs_402_tr_1755856047	רומשינסקי, יוסף [רומשיסקי]	לודוויק זאַץ	male	אַקטיאָר און זינגער	ער האָט געזונגען רומשינסקיס פּאָפּולערע לידער.
M-3-facs_402_tr_1755856047-029	P-3-facs_402_tr_1755856047	3	facs_402_tr_1755856047	רומשינסקי, יוסף [רומשיסקי]	בערטאָ קאַליש	female	אַקטריסע	זי האָט געשפּילט די טיטל-ראָל אין גאָלדפֿאַדענס 'שולמית' אונטער רומשינסקיס לייטונג.
M-3-facs_402_tr_1755856047-030	P-3-facs_402_tr_1755856047	3	facs_402_tr_1755856047	רומשינסקי, יוסף [רומשיסקי]	יעפיס ישורון	male	שרייבער	ער האָט געשריבן וועגן רומשינסקיס הילף פֿאַר די ווילנער יידן.
M-3-facs_402_tr_1755856047-031	P-3-facs_402_tr_1755856047	3	facs_402_tr_1755856047	רומשינסקי, יוסף [רומשיסקי]	מ. אַשעראָוויטש	male	שרייבער	ער האָט רעדאַקטירט דאָס 'רומשינסקי בוך'.
M-3-facs_402_tr_1755856047-032	P-3-facs_402_tr_1755856047	3	facs_402_tr_1755856047	רומשינסקי, יוסף [רומשיסקי]	יעקב קאַליך	male	דירעקטאָר און רעזשיסער	ער איז געווען רומשינסקיס לאַנג-יאָריקער מיטאַרבעטער און שותף אין טעאַטער.
M-3-facs_402_tr_1755856047-033	P-3-facs_402_tr_1755856047	3	facs_402_tr_1755856047	רומשינסקי, יוסף [רומשיסקי]	יעקב ראַפּאָפּאָרט	male	קאָמפּאָזיטאָר	ער האָט אָנערקענט רומשינסקין אַלס ערשט-קלאָסיקן מוזיקער און לערער.
M-3-facs_402_tr_1755856047-034	P-3-facs_402_tr_1755856047	3	facs_402_tr_1755856047	רומשינסקי, יוסף [רומשיסקי]	דר. יעקב שאצקי	male	היסטאָריקער	ער האָט אָפּגעשאַצט רומשינסקיס בעסטע כוונות צו שאָפן אַ ריינע אָפּערעטע.
M-3-facs_402_tr_1755856047-035	P-3-facs_402_tr_1755856047	3	facs_402_tr_1755856047	רומשינסקי, יוסף [רומשיסקי]	מאָריס שוואָרץ	male	אַקטיאָר און דיריגענט	רומשינסקי איז געווען דער מוזיקאַלישער דירעקטאָר פֿון זיין קונסט-טעאַטער.
M-3-facs_402_tr_1755856047-036	P-3-facs_402_tr_1755856047	3	facs_402_tr_1755856047	רומשינסקי, יוסף [רומשיסקי]	חיים עהרענרייך	male	שרייבער	ער איז געווען רומשינסקיס פֿריינט און האָט געשריבן וועגן זיין כאַראַקטער.
M-3-facs_402_tr_1755856047-037	P-3-facs_402_tr_1755856047	3	facs_402_tr_1755856047	רומשינסקי, יוסף [רומשיסקי]	עדווין פֿראַנקאָ גאָלדמאַן	male	יידיש-אַמעריקאַנער דיריגענט	ער האָט אָנגערופֿן רומשינסקין 'דער צווייטער וויקטאָר הוירבערט'.
M-3-facs_402_tr_1755856047-038	P-3-facs_402_tr_1755856047	3	facs_402_tr_1755856047	רומשינסקי, יוסף [רומשיסקי]	מנשה סקולניק	male	אַקטיאָר און דירעקטאָר	ער האָט איבערגענומען דאָס פֿאָלקס-טעאַטער צוזאַמען מיט רומשינסקין.
M-3-facs_402_tr_1755856047-039	P-3-facs_402_tr_1755856047	3	facs_402_tr_1755856047	רומשינסקי, יוסף [רומשיסקי]	הערמאַן יאַבלאָקאָוו	male	דירעקטאָר	רומשינסקי האָט געשריבן מוזיק פֿאַר זיין טעאַטער.
M-3-facs_402_tr_1755856047-040	P-3-facs_402_tr_1755856047	3	facs_402_tr_1755856047	רומשינסקי, יוסף [רומשיסקי]	י. ל. וואָהלמאַן	male	יידיש-העברעישער שרייבער	ער האָט אָנגעשריבן די אָפּערע 'רות' פֿאַר וועלכער רומשינסקי האָט פֿאַרפֿאַסט די מוזיק.
M-3-facs_402_tr_1755856047-041	P-3-facs_402_tr_1755856047	3	facs_402_tr_1755856047	רומשינסקי, יוסף [רומשיסקי]	פֿריידעל לאַסקער	female		זי איז געווען די צווייטע פֿרוי פֿון יוסף רומשינסקי.
M-3-facs_402_tr_1755856047-042	P-3-facs_402_tr_1755856047	3	facs_402_tr_1755856047	רומשינסקי, יוסף [רומשיסקי]	בעטי	female	טאָכטער	זי איז די טאָכטער פֿון יוסף רומשינסקי.
M-3-facs_402_tr_1755856047-043	P-3-facs_402_tr_1755856047	3	facs_402_tr_1755856047	רומשינסקי, יוסף [רומשיסקי]	משה קוסאָוויצקי	male	חזן	רומשינסקי האָט אָנפֿירט מיט די אָרקעסטערס צו זיינע תפילות.
M-3-facs_402_tr_1755856047-044	P-3-facs_402_tr_1755856047	3	facs_402_tr_1755856047	רומשינסקי, יוסף [רומשיסקי]	שלום סעקונדאָ	male	קאָמפּאָזיטאָר	ער האָט אָפּגעשאַצט רומשינסקין אַלס דער בויער פֿון דער מאָדערנער אָפּערעטע.
M-3-facs_415_tr_1755856164-000	P-3-facs_415_tr_1755856164	3	facs_415_tr_1755856164	אוישער משה	כאַווער פּאַווער	male		דער וואָס דער סוביעקט האָט אים דערציילט וועגן זיין לעבן און קינדערהייט.
M-3-facs_415_tr_1755856164-001	P-3-facs_415_tr_1755856164	3	facs_415_tr_1755856164	אוישער משה	מעכל ניעגריניץ	male	דער פטאָליאַר פֿון שטעטל ניעגריניץ	זיין זיידע מצד דער מוטער.
M-3-facs_415_tr_1755856164-002	P-3-facs_415_tr_1755856164	3	facs_415_tr_1755856164	אוישער משה	זעליק	male	מען האָט אים גערופֿן „זעליק דער פּוילישער“	דער פֿאָטער פֿון דעם סוביעקט.
M-3-facs_415_tr_1755856164-003	P-3-facs_415_tr_1755856164	3	facs_415_tr_1755856164	אוישער משה	יאָסל דער פּוילישער	male		דער זיידע פֿון דעם סוביעקט מצד זיין פֿאָטער.
M-3-facs_415_tr_1755856164-004	P-3-facs_415_tr_1755856164	3	facs_415_tr_1755856164	אוישער משה	מוטער*	female		די מוטער פֿון דעם סוביעקט.
M-3-facs_415_tr_1755856164-005	P-3-facs_415_tr_1755856164	3	facs_415_tr_1755856164	אוישער משה	מלמדים*	male		זיינע לערערס אין זיין יוגנט.
M-3-facs_415_tr_1755856164-006	P-3-facs_415_tr_1755856164	3	facs_415_tr_1755856164	אוישער משה	חזן*	male		א חזן ביי וועמען דער סוביעקט האָט געזונגען.
M-3-facs_415_tr_1755856164-007	P-3-facs_415_tr_1755856164	3	facs_415_tr_1755856164	אוישער משה	אַליעזר שטיינבאַרג	male	באַרימטן פּאָעט און משלים-שרייבער	זיין רבי, פּאָעט, מדריך, ערשטער רעזשיסאָר און דיריגענט.
M-3-facs_415_tr_1755856164-008	P-3-facs_415_tr_1755856164	3	facs_415_tr_1755856164	אוישער משה	וואָלף שומסקי	male	אַקטיאָר	אַן אַקטיאָר מיט וועמען ער האָט געפֿאָרן קיין וויניפּעג און געשפּילט טעאַטער.
M-3-facs_415_tr_1755856164-009	P-3-facs_415_tr_1755856164	3	facs_415_tr_1755856164	אוישער משה	איזידאָר האָלענדער	male	דירעקטאָר	דער דירעקטאָר פֿון מאָנטרעאָלער יידישן טעאַטער וואו דער סוביעקט האָט געשפּילט.
M-3-facs_415_tr_1755856164-010	P-3-facs_415_tr_1755856164	3	facs_415_tr_1755856164	אוישער משה	הלל וויכנין	male		האָט אים רעקאָמענדירט צו די יידישע טעאַטער-דירעקטאָרן אין ניו יאָרק.
M-3-facs_415_tr_1755856164-011	P-3-facs_415_tr_1755856164	3	facs_415_tr_1755856164	אוישער משה	לואי ווייס	male	מענעדזשער	דער מענעדזשער פֿונעם האָפּקינסאָן טעאַטער וואו ער האָט געשפּילט.
M-3-facs_415_tr_1755856164-012	P-3-facs_415_tr_1755856164	3	facs_415_tr_1755856164	אוישער משה	פֿלאָרענס ווייס	female	שוישפּילערין און זינגערין	אַ שוישפּילערין און זינגערין מיט וועמען ער האָט אָפט אויפֿגעטראָטן און געזונגען דועטן.
M-3-facs_415_tr_1755856164-013	P-3-facs_415_tr_1755856164	3	facs_415_tr_1755856164	אוישער משה	בערנאַרד עלווינג	male	מענעדזשער	דער מענעדזשער פֿונעם טעאַטער אין נואַרק וואו דער סוביעקט האָט געשפּילט.
M-3-facs_415_tr_1755856164-014	P-3-facs_415_tr_1755856164	3	facs_415_tr_1755856164	אוישער משה	אַנשל שאָר	male		א טעאַטער-דירעקטאָר אין פֿילאַדעלפיע ביי וועמען ער האָט געשפּילט.
M-3-facs_415_tr_1755856164-015	P-3-facs_415_tr_1755856164	3	facs_415_tr_1755856164	אוישער משה	טאָמאַשעווסקי	male		אַן עלטערער קאָלעגע וואָס האָט אים זייער ליב געהאַט און געהאַלטן פֿאַר זיין נאָכפֿאָלגער.
M-3-facs_415_tr_1755856164-016	P-3-facs_415_tr_1755856164	3	facs_415_tr_1755856164	אוישער משה	חיים ערנרייך	male	שרייבער און קריטיקער	א שרייבער וועלכער האָט געשריבן רעצענזיעס און כאַראַקטעריסטיקס וועגן דעם סוביעקט.
M-3-facs_415_tr_1755856164-017	P-3-facs_415_tr_1755856164	3	facs_415_tr_1755856164	אוישער משה	זלמן זילבערצווייג	male	היסטאָריקער פֿון יידישן טעאַטער	א שרייבער און באַקאַנטער וואָס האָט אים באַזוכט און באַשריבן זיין טעטיקייט.
M-3-facs_415_tr_1755856164-018	P-3-facs_415_tr_1755856164	3	facs_415_tr_1755856164	אוישער משה	מיכאל מיכאַלעסקאָ	male	אַקטיאָר	געשפּילט מיט אים אין דער פֿאַרשטעלונג „בר כוכבא“.
M-3-facs_415_tr_1755856164-019	P-3-facs_415_tr_1755856164	3	facs_415_tr_1755856164	אוישער משה	מנחם רובין	male	אַקטיאָר	געשפּילט מיט אים אין דער פֿאַרשטעלונג „בר כוכבא“.
M-3-facs_415_tr_1755856164-020	P-3-facs_415_tr_1755856164	3	facs_415_tr_1755856164	אוישער משה	בעטי סימאָנאָף	female	שוישפּילערין	געשפּילט מיט אים אין דער פֿאַרשטעלונג „בר כוכבא“.
M-3-facs_415_tr_1755856164-021	P-3-facs_415_tr_1755856164	3	facs_415_tr_1755856164	אוישער משה	צירע אַדלער	female	שוישפּילערין	געשפּילט מיט אים אין דער פֿאַרשטעלונג „בר כוכבא“.
M-3-facs_415_tr_1755856164-022	P-3-facs_415_tr_1755856164	3	facs_415_tr_1755856164	אוישער משה	לודווייג זאַץ	male	אַקטיאָר	געשפּילט מיט אים אין דער פֿאַרשטעלונג „בר כוכבא“.
M-3-facs_415_tr_1755856164-023	P-3-facs_415_tr_1755856164	3	facs_415_tr_1755856164	אוישער משה	דוד פינסקי	male	דראַמאַטורג	דער מחבר פֿון דער פּיעסע „יאַנקל דער שמיד“ וואו ער האָט געשפּילט די הויפּטראָל.
M-3-facs_415_tr_1755856164-024	P-3-facs_415_tr_1755856164	3	facs_415_tr_1755856164	אוישער משה	עדגאר דזש. אולמער	male	רעזשיסאָר	דער רעזשיסאָר פֿון זיין פֿילם „יאַנקל דער שמיד“.
M-3-facs_415_tr_1755856164-025	P-3-facs_415_tr_1755856164	3	facs_415_tr_1755856164	אוישער משה	אָסיפּ דימאָוו	male	שרייבער	האָט מיטגעאַרבעט אין דער פּראָדוקציע פֿון זיין פֿילם.
M-3-facs_415_tr_1755856164-026	P-3-facs_415_tr_1755856164	3	facs_415_tr_1755856164	אוישער משה	בן צבי באַראַטאָוו	male	אַקטיאָר און רעזשיסאָר	האָט מיטגעאַרבעט אין דער פּראָדוקציע פֿון זיין פֿילם.
M-3-facs_415_tr_1755856164-027	P-3-facs_415_tr_1755856164	3	facs_415_tr_1755856164	אוישער משה	יעקב וויינבערג	male	קאָמפּאָזיטאָר	דער מחבר פֿון דער מוזיק פֿאַר עטלעכע פֿון זיינע פֿילמען און רעקאָרדס.
M-3-facs_415_tr_1755856164-028	P-3-facs_415_tr_1755856164	3	facs_415_tr_1755856164	אוישער משה	מאַרק אַרנשטיין	male	דראַמאַטורג	דער מחבר פֿון דער פּיעסע „דאָס ווילנער בעל-הביתל“ אויף וועלכער זיין פֿילם איז באַזירט.
M-3-facs_415_tr_1755856164-029	P-3-facs_415_tr_1755856164	3	facs_415_tr_1755856164	אוישער משה	יעקב גלאַטשטיין	male	פּאָעט און שרייבער	האָט געשריבן דעם דיאַלאָג פֿאַר זיין פֿילם.
M-3-facs_415_tr_1755856164-030	P-3-facs_415_tr_1755856164	3	facs_415_tr_1755856164	אוישער משה	מאַקס נאָסעק	male	רעזשיסאָר	דער רעזשיסאָר פֿון זיין פֿילם „דער ווילנער שטאָט-חזן“.
M-3-facs_415_tr_1755856164-031	P-3-facs_415_tr_1755856164	3	facs_415_tr_1755856164	אוישער משה	אַב. קאַהאַן	male	רעדאַקטאָר פֿון „פאָרווערטס“	אַ קריטיקער וועלכער האָט געשריבן רעצענזיעס וועגן זיין שפּילן און זינגען.
M-3-facs_415_tr_1755856164-032	P-3-facs_415_tr_1755856164	3	facs_415_tr_1755856164	אוישער משה	ט. ביילין	male	שרייבער	אַ קריטיקער וועלכער האָט געשריבן וועגן דעם סוביעקטס אויפֿטריטן.
M-3-facs_415_tr_1755856164-033	P-3-facs_415_tr_1755856164	3	facs_415_tr_1755856164	אוישער משה	דר. נ. סווערדלין	male	קריטיקער	אַ שרייבער וועלכער האָט אַנאַליזירט זיין קאַריערע אין טעאַטער און פֿילם.
M-3-facs_415_tr_1755856164-034	P-3-facs_415_tr_1755856164	3	facs_415_tr_1755856164	אוישער משה	דזשעראָם קוירן	male	קאָמפּאָזיטאָר	דער מחבר פֿון מוזיק וואָס דער סוביעקט האָט געזונגען אין אן ענגלישן פֿילם.
M-3-facs_415_tr_1755856164-035	P-3-facs_415_tr_1755856164	3	facs_415_tr_1755856164	אוישער משה	ראָבערט טעילאָר	male	אַקטיאָר	אַן אַקטיאָר אין אַ פֿילם וואו דער סוביעקט האָט מיטגעווירוקט.
M-3-facs_415_tr_1755856164-036	P-3-facs_415_tr_1755856164	3	facs_415_tr_1755856164	אוישער משה	דזשאי עדעמס	male	אַקטיאָר	געמאַכט אַן ענגלישן פֿילם צוזאַמען מיט דעם סוביעקט.
M-3-facs_415_tr_1755856164-037	P-3-facs_415_tr_1755856164	3	facs_415_tr_1755856164	אוישער משה	פֿאָרטשון גאַלאָ	male	אימפּרעסאַריאָ	האָט אונטערגעשריבן אַ קאָנטראַקט מיט אים פֿאַר אָפּערע-אויפֿטריטן.
M-3-facs_415_tr_1755856164-038	P-3-facs_415_tr_1755856164	3	facs_415_tr_1755856164	אוישער משה	אַזלאָוף פּעשיא		לערער פֿון אָפּערע	מיט אים האָט דער סוביעקט שטודירט אָפּערע-ראָלן.
M-3-facs_415_tr_1755856164-039	P-3-facs_415_tr_1755856164	3	facs_415_tr_1755856164	אוישער משה	שוועסטער בערי	female	זינגערינס	האָבן רעקאָרדירט א ליד צוזאַמען מיט אים.
M-3-facs_415_tr_1755856164-040	P-3-facs_415_tr_1755856164	3	facs_415_tr_1755856164	אוישער משה	בערי גרעי	male	נאַראַטאָר	דער נאַראַטאָר פֿון זיינע ענגלישע אַלבאָמען.
M-3-facs_415_tr_1755856164-041	P-3-facs_415_tr_1755856164	3	facs_415_tr_1755856164	אוישער משה	אַברהם נאַדעלס	male	כאָר-דיריגענט	זיין כאָר האָט באַגלייט דעם סוביעקט אויף זיינע רעקאָרדס.
M-3-facs_415_tr_1755856164-042	P-3-facs_415_tr_1755856164	3	facs_415_tr_1755856164	אוישער משה	אַברהם עלשטיין	male	קאָמפּאָזיטאָר און דיריגענט	האָט אָנגעפֿירט מיט דער מוזיקאַלישער דירעקציע פֿון זיין רעקאָרדירונגען.
M-3-facs_415_tr_1755856164-043	P-3-facs_415_tr_1755856164	3	facs_415_tr_1755856164	אוישער משה	שושנה	female	זיין טאָכטער	זיין טאָכטער, וועלכע איז געווען די נאַראַטאָרין פֿון זיין חנוכה-אַלבאָם.
M-3-facs_415_tr_1755856164-044	P-3-facs_415_tr_1755856164	3	facs_415_tr_1755856164	אוישער משה	מערילין שטערנבערג	female	סאָליסטין	געזונגען ווי אַ סאָליסטין אויף זיין חנוכה-רעקאָרד.
M-3-facs_415_tr_1755856164-045	P-3-facs_415_tr_1755856164	3	facs_415_tr_1755856164	אוישער משה	טעאָדאָראַ	female	זיין פרוי, אַ פּיאַניסטין	די פרוי פֿון דעם סוביעקט, וועלכע האָט אים אָפט אַקאָמפּאַנירט.
M-3-facs_415_tr_1755856164-046	P-3-facs_415_tr_1755856164	3	facs_415_tr_1755856164	אוישער משה	פֿריידעלע	female	זיין שוועסטער, אַ שוישפּילערין	די שוועסטער פֿון דעם סוביעקט.
M-3-facs_415_tr_1755856164-047	P-3-facs_415_tr_1755856164	3	facs_415_tr_1755856164	אוישער משה	אהרן שטערנבערג	male	חזנישער דיריגענט	דער שוואָגער פֿון דעם סוביעקט.
M-3-facs_415_tr_1755856164-048	P-3-facs_415_tr_1755856164	3	facs_415_tr_1755856164	אוישער משה	חיים פּאַרילאַ	male	רב	דער רב וואָס האָט אים מספּיד געווען ביי זיין לוויה.
M-3-facs_415_tr_1755856164-049	P-3-facs_415_tr_1755856164	3	facs_415_tr_1755856164	אוישער משה	ש. ראָזשאַנסקי	male	קריטיקער און שרייבער	אַ שרייבער וועלכער האָט כאַראַקטעריזירט זיין זינגען און אויפֿטריטן.
M-3-facs_415_tr_1755856164-050	P-3-facs_415_tr_1755856164	3	facs_415_tr_1755856164	אוישער משה	ישראל ראַבינאָוויטש	male	מוזיקאָלאָג	אַ שרייבער וועלכער האָט אַנאַליזירט זיין מוזיקאַלישן טאַלאַנט.
M-3-facs_415_tr_1755856164-051	P-3-facs_415_tr_1755856164	3	facs_415_tr_1755856164	אוישער משה	ירדני	male	חזן און שרייבער	האָט געשריבן וועגן דעם סוביעקטס פענאָמענאַלער שטימע.
