person_id	heading	subject	seq	place	place_kind	org	role	verb	date_start	date_end	certainty	t_start	t_end	t_inferred	res_status	qid	label_en	lat	lon	events	evidence
P-1-facs_17_tr_1713546856	אַבּדול	entry	1	סטאַמבול	settlement	ליבהאָבער	performer	born			none	1900	1900	True	settlement	Q406	Istanbul	41.01	28.960278	"[{""event_type"": ""performance"", ""play"": """", ""venue"": ""קאַבאַרעטן"", ""date"": """", ""description"": ""played Yiddish theater and sang Turkish and Yiddish songs""}]"	"געב. אין סטאַמבול (?), זאָל דאָרט האָבן געשפּילט יידיש טעאַטער מיט ""ליבהאָבער“"
P-1-facs_17_tr_1713546856	אַבּדול	entry	2	קאַווקאַז	region			stay	1900		explicit	1900	1900	False	region	קאווקאז	Caucasus	43.0	44.0	[]	אין 1900 געקומען אין קאַווקאַז
P-1-facs_17_tr_1713546856	אַבּדול	entry	3	רוסלאַנד	country	קאַמפּאַנעיעץן	קאָמיקער	tour			none	1900	1900	True	region	רוסלאנד	Russia	55.75	37.62	"[{""event_type"": ""business"", ""play"": """", ""venue"": """", ""date"": """", ""description"": ""worked as a professional artistic carpenter from time to time""}]"	איז ער אַרומגעפאָרן מיט קאַמפּאַנעיעץן און שפּעטער מיט אַנדערע טרופּעס. געשפּילט קאָמיקער-ראָלן
P-1-facs_283_tr_1741260236	גרינבערג, צעזאַר [בצלאַל]	entry	1	יאָסי, רומעניע	settlement			born	1855-03-15		explicit	1855	1855	False	settlement	Q46852	Iași	47.162222	27.588889	[]	געב. 15 מערץ 1855 אין יאָסי, רומעניע
P-1-facs_283_tr_1741260236	גרינבערג, צעזאַר [בצלאַל]	entry	2	יאָסי, רומעניע	settlement	דייטשער אָפּערעטע	כאָריסט	stay	1869		explicit	1869	1869	False	settlement	Q46852	Iași	47.162222	27.588889	"[{""event_type"": ""debut"", ""play"": """", ""venue"": """", ""date"": ""1869"", ""description"": ""Entered as a chorister in a German operetta""}]"	טרעט אין 1869 אַריין אַלס כאָריסט אין אַ דייטשער אָפּערעטע
P-1-facs_283_tr_1741260236	גרינבערג, צעזאַר [בצלאַל]	entry	3	רומעניע	country	דייטשע, רומענישע און גריכישע טרופּעס	performer	stay	1869	1873	explicit	1869	1873	False	region	רומעניע	Romania	45.94	24.97	[]	אין פֿאַרלויף פֿון די יאָרן 18691873 איז ער באַטייליקט אין דייטשע, רומענישע און גריכישע טרופּעס
P-1-facs_283_tr_1741260236	גרינבערג, צעזאַר [בצלאַל]	entry	4	וויין-קעלערס	venue_only		performer	stay	1873		explicit	1873	1873	False	unresolved					[]	אין 1873 הויבט ער אָן שפּילן און זינגען יידיש אין די וויין-קעלערס
P-1-facs_283_tr_1741260236	גרינבערג, צעזאַר [בצלאַל]	entry	5	קאָנסטאַנטינאָפּאָל	settlement		director	stay	1875		explicit	1875	1875	False	settlement	Q406	Istanbul	41.01	28.960278	"[{""event_type"": ""performance"", ""play"": ""יוסף מיט די ברידער"", ""venue"": """", ""date"": """", ""description"": ""Staged a biblical operetta for four weeks""}]"	"אין 1875 געפֿינט ער זיך אין קאָנסטאַנטינאָפּאָל און — ווי ער גיט איבער— פֿירט ער אויף דאָרט אויף יידיש אַ ביבלישע אָפּערעטע ""יוסף מיט די ברידער“"
P-1-facs_283_tr_1741260236	גרינבערג, צעזאַר [בצלאַל]	entry	6	טערקיי און רומעניע	region		performer	tour			none	1875	1888	True	region_first_of_list	טערקיי	Turkey	39.9	32.85	[]	פֿאָרט ג. אַרום מיטן דאָזיקן שפּיל איבער טערקיי און רומעניע
P-1-facs_283_tr_1741260236	גרינבערג, צעזאַר [בצלאַל]	entry	7	יאָסי	settlement		performer	stay			none	1875	1888	True	settlement	Q46852	Iași	47.162222	27.588889	[]	ביז ער קומט אין יאָסי
P-1-facs_283_tr_1741260236	גרינבערג, צעזאַר [בצלאַל]	entry	8	פּראָווינץ	region	ערשטע יידישע וואָנדערטרופּע	director	tour			none	1875	1888	True	unresolved					"[{""event_type"": ""founding"", ""play"": ""די באָבע מיטן אייניקעל"", ""venue"": """", ""date"": """", ""description"": ""Founded the first Yiddish wandering troupe""}]"	לאָזט זיך ג. אַרויס מיט דער דאָזיקער פּיעסע איבער דער פּראָווינץ, גרינדנדיק אַזוי אַרום די ערשטע יידישע וואָנדערטרופּע
P-1-facs_283_tr_1741260236	גרינבערג, צעזאַר [בצלאַל]	entry	9	רומעניע און גאַליציע	region		performer	tour			none	1875	1888	True	region_first_of_list	רומעניע	Romania	45.94	24.97	[]	זייט דאָמאָלט וואַנדערט ער ווידער איבער רומעניע און גאַליציע
P-1-facs_283_tr_1741260236	גרינבערג, צעזאַר [בצלאַל]	entry	10	רומעניע	country	טרופּע פֿון הורוויץ	performer	stay			none	1875	1888	True	region	רומעניע	Romania	45.94	24.97	[]	טרעט אַריין אין דער טרופּע פֿון הורוויץ... די טרופּע שפּילט אין רומעניע
P-1-facs_283_tr_1741260236	גרינבערג, צעזאַר [בצלאַל]	entry	11	גאַליציע	region	גראָדנערס טרופּע	performer	stay			none	1875	1888	True	region	גאליציע	Galicia	49.55	24.0	[]	גייט ג. איבער אין גראָדנערס טרופּע אין גאַליציע
P-1-facs_283_tr_1741260236	גרינבערג, צעזאַר [בצלאַל]	entry	12	רומעניע, עסטרייך, גאַליציע, אונגאָרן, דייטשלאַנד און פֿראַנקרייך	region	פֿאַרשיידענע יידישע וואַנדער-טרופּעס	performer	tour			none	1875	1888	True	region	רומעניע	Romania	45.94	24.97	[]	וואַנדערט ג. צוזאַמען מיט זיין פרוי שאַרלאָטאָ מיט פֿאַרשיידענע יידישע וואַנדער-טרופּעס איבער רומעניע, עסטרייך, גאַליציע, אונגאָרן, דייטשלאַנד און פֿראַנקרייך
P-1-facs_283_tr_1741260236	גרינבערג, צעזאַר [בצלאַל]	entry	13	לאָנדאָן	settlement		director	stay			none	1875	1888	True	settlement	Q84	London	51.507222	-0.1275	"[{""event_type"": ""performance"", ""play"": ""זרובבל"", ""venue"": """", ""date"": """", ""description"": ""Dramatized and staged Lilienblum's Zerubbabel""}, {""event_type"": ""performance"", ""play"": ""דער ליגנער"", ""venue"": """", ""date"": """", ""description"": ""Staged his own play""}, {""event_type"": ""performance"", ""play"": ""שיבת ציון"", ""venue"": """", ""date"": """", ""description"": ""Staged his own play""}]"	"אין לאָנדאָן דראָמאַטיזירט ער לילענבלוםס „זרובבל“... דאָ פֿירט ער אויך אויף זיינע פּיעסן „דער ליגנער“ און „שיבת ציון"""
P-1-facs_283_tr_1741260236	גרינבערג, צעזאַר [בצלאַל]	entry	14	אָמעריקע	country	זיין שווערס טרופּע	רעזשיסער און אַקטיאָר	emigration	1888		explicit	1888	1888	False	settlement	Q30	United States	39.828175	-98.5795	"[{""event_type"": ""founding"", ""play"": """", ""venue"": """", ""date"": ""1895"", ""description"": ""Founded the United Hebrew Actors Fund""}]"	אין 1888 איז ג. געקומען אין אָמעריקע
P-1-facs_283_tr_1741260236	גרינבערג, צעזאַר [בצלאַל]	entry	15	דרום-אָפריקע	country		director	stay	1896		explicit	1896	1896	False	settlement	Q258	South Africa	-29.0	24.0	"[{""event_type"": ""performance"", ""play"": ""די נאַאיווע זינדערין"", ""venue"": ""יאָהאָניסבורג"", ""date"": """", ""description"": ""Staged his translation of Sudermann's Honor""}]"	"אין 1896 פֿאָרט ג. אָפּ קיין דרום-אָפריקע און פֿירט אויף אין יאָהאָניסבורג זיין איבערזעצונג פֿון זודערמאַנס ""ערע“"
P-1-facs_283_tr_1741260236	גרינבערג, צעזאַר [בצלאַל]	entry	16	אַמעריקע	country	ביבלישע הייסטאָרישע אָפּערן-געזעלשאָפט	director	return			none	1896	1906	True	settlement	Q30	United States	39.828175	-98.5795	"[{""event_type"": ""performance"", ""play"": ""שלמה המלך"", ""venue"": ""סט. לואיסער אויסשטעלונג"", ""date"": ""1904"", ""description"": ""Staged a biblical opera at the St. Louis Exhibition""}]"	צוריקגעקומען אין אַמעריקע האָט ג. אויף דער סט. לואיסער אויסשטעלונג אין 1904 אויפֿגעפֿירט אַ ביבלישע אָפּערע
P-1-facs_283_tr_1741260236	גרינבערג, צעזאַר [בצלאַל]	entry	17	ניו יאָרק	settlement	יידישע טעאַטער-שול	founder	stay	1906	1908	approximate	1906	1908	False	settlement	Q60	New York City	40.712778	-74.006111	"[{""event_type"": ""founding"", ""play"": """", ""venue"": """", ""date"": ""1906"", ""description"": ""Founded a Yiddish theater school""}]"	אין 1906 גרינדעט ג. אין ניו יאָרק אַ יידישע טעאַטער-שול, וועלכע עקסיסטירט 2 יאָר
P-1-facs_283_tr_1741260236	גרינבערג, צעזאַר [בצלאַל]	entry	18	ניו יאָרק	settlement		performer	stay	1923-12		explicit	1923	1923	False	settlement	Q60	New York City	40.712778	-74.006111	"[{""event_type"": ""performance"", ""play"": ""לאָמיר מאָכן אַ פּשרה"", ""venue"": ""גרענד-טעאַטער"", ""date"": ""1923-12"", ""description"": ""Last stage appearance""}]"	דאָס לעצטע מאָל אויף דער בינע איז ג. אויפֿגעטראָטן אין דעצעמבער 1923... אין גרענד-טעאַטער אין ניו יאָרק
P-1-facs_395_r_6	זבאָרזשער, וועלוועל [בנימין וואָלף עהרענקראַנץ]	entry	1	זבאַראָזש	settlement			born	1826		approximate	1826	1826	False	settlement	Q156095	Zbarazh	49.663	25.775	[]	געבוירן [לויט זיין מצבה 1826 ... אין זבאַראָזש
P-1-facs_395_r_6	זבאָרזשער, וועלוועל [בנימין וואָלף עהרענקראַנץ]	entry	2	זבאַראַזש	settlement		מלמד	stay			none	1826	1840	True	settlement	Q156095	Zbarazh	49.663	25.775	"[{""event_type"": ""marriage"", ""play"": """", ""venue"": """", ""date"": """", ""description"": ""Married a local girl early in his youth""}]"	וועלוול איז געווען אין זבאַראַזש אַ מלמד ... וועלוול האָט חתונה געהאָט פרי
P-1-facs_395_r_6	זבאָרזשער, וועלוועל [בנימין וואָלף עהרענקראַנץ]	entry	3	טשערנאָוויץ	settlement			settled			none	1826	1840	True	settlement	Q157725	Chernivtsi	48.290833	25.934444	[]	אַוועק קיין טשערנאָוויץ
P-1-facs_395_r_6	זבאָרזשער, וועלוועל [בנימין וואָלף עהרענקראַנץ]	entry	4	באַטאָשאָן	settlement		מלמד	settled			none	1826	1840	True	settlement	Q178855	Botoșani	47.748611	26.669444	"[{""event_type"": ""business"", ""play"": """", ""venue"": """", ""date"": """", ""description"": ""Attempted commerce but lost his dowry""}]"	געקומען אין באַטאָשאָן, רומעניע ... איז געוואָרן אַ מלמד, צוערשט אין באַטאַשאָן
P-1-facs_395_r_6	זבאָרזשער, וועלוועל [בנימין וואָלף עהרענקראַנץ]	entry	5	מאָלדעוואָנישן דאָרף	unknown		מלמד	stay			none	1826	1840	True	unresolved					[]	דערנאָך ביי אַ מאָלדעוואָנישן דאָרפס-ייד
P-1-facs_395_r_6	זבאָרזשער, וועלוועל [בנימין וואָלף עהרענקראַנץ]	entry	6	באַטאַשאָן	settlement		performer	stay	1840		approximate	1840	1840	False	settlement	Q178855	Botoșani	47.748611	26.669444	"[{""event_type"": ""performance"", ""play"": """", ""venue"": ""וויינשענקל"", ""date"": """", ""description"": ""Singing for young people in wine cellars""}]"	אין די 40-ער יאָרן אויפֿגעטראָטן מיט זיינע לידער און ניגונים אין באָטאָשאָן
P-1-facs_395_r_6	זבאָרזשער, וועלוועל [בנימין וואָלף עהרענקראַנץ]	entry	7	יאָסי	settlement		performer	stay	1850		approximate	1850	1850	False	settlement	Q46852	Iași	47.162222	27.588889	[]	שפּעטער האָט ז. דערהויפּט זיך אויפֿגעהאָלטן אין יאָסי, מאָלדאָוויע
P-1-facs_395_r_6	זבאָרזשער, וועלוועל [בנימין וואָלף עהרענקראַנץ]	entry	8	דרום-רוסלאַנד	region		performer	tour			none	1850	1868	True	region	דרום-רוסלאנד	Southern Russia	47.0	39.7	[]	פלעגט אָפֿט אַרומפֿאָרן איבער אַנדערע רומענישע שטעט און איבער דרום-רוסלאַנד
P-1-facs_395_r_6	זבאָרזשער, וועלוועל [בנימין וואָלף עהרענקראַנץ]	entry	9	גאַליציע	region		performer	tour	1868	1869	explicit	1868	1869	False	region	גאליציע	Galicia	49.55	24.0	[]	סוף 1868 און אָנהויב 1869 האָט ז. אַרומגעוואַנדערט איבער בראָד, לעמבערג, דראָהאָביטש, טאָרנאָפּאָל און אַנדערע גאַליצישע שטעט
P-1-facs_395_r_6	זבאָרזשער, וועלוועל [בנימין וואָלף עהרענקראַנץ]	entry	10	זבאַראַזש	settlement			visit	1869-05-18		explicit	1869	1869	False	settlement	Q156095	Zbarazh	49.663	25.775	[]	דעם 18 מאי (שבועות) 1869 איז ז. געווען צוגאַסט אין זיין געבוירןשטאָט זבאַראַזש
P-1-facs_395_r_6	זבאָרזשער, וועלוועל [בנימין וואָלף עהרענקראַנץ]	entry	11	לעמבערג	settlement			pass_through	1869		approximate	1869	1869	False	settlement	Q36036	Lviv	49.8425	24.032222	[]	פֿון זבאַראָזש איז ז. געפֿאָרן קיין לעמבערג
P-1-facs_395_r_6	זבאָרזשער, וועלוועל [בנימין וואָלף עהרענקראַנץ]	entry	12	וואַרשע	settlement			pass_through	1869		approximate	1869	1869	False	settlement	Q270	Warsaw	52.23	21.011111	[]	קיין וואַרשע
P-1-facs_395_r_6	זבאָרזשער, וועלוועל [בנימין וואָלף עהרענקראַנץ]	entry	13	טשערנאָוויץ	settlement			pass_through	1869		approximate	1869	1869	False	settlement	Q157725	Chernivtsi	48.290833	25.934444	[]	דערנאָך קיין טשערנאָוויץ
P-1-facs_395_r_6	זבאָרזשער, וועלוועל [בנימין וואָלף עהרענקראַנץ]	entry	14	באקאו	settlement			return	1869		approximate	1869	1869	False	settlement	Q173203	Bacău	46.567	26.914	[]	צוריק קיין רומעניע (באקאו)
P-1-facs_395_r_6	זבאָרזשער, וועלוועל [בנימין וואָלף עהרענקראַנץ]	entry	15	ווין	settlement		performer	stay	1871	1871	explicit	1871	1871	False	settlement	Q1741	Vienna	48.208333	16.3725	"[{""event_type"": ""performance"", ""play"": """", ""venue"": ""יידישע רעסטאָראַציעס"", ""date"": ""1871"", ""description"": ""Performed in Jewish restaurants and taverns""}]"	אין 1871 איז ז. געווען אין ווין
P-1-facs_395_r_6	זבאָרזשער, וועלוועל [בנימין וואָלף עהרענקראַנץ]	entry	16	קאָנסטאַנטינאָפּאָל	settlement			stay	1872-01		explicit	1872	1872	False	settlement	Q406	Istanbul	41.01	28.960278	[]	אין יאַנואַר 1872 טרעפן מיר ז. אין קאָנסטאַנטינאָפּאָל
P-1-facs_395_r_6	זבאָרזשער, וועלוועל [בנימין וואָלף עהרענקראַנץ]	entry	17	לעמבערג	settlement			stay	1873-08		explicit	1873	1873	False	settlement	Q36036	Lviv	49.8425	24.032222	[]	אין אויגוסט 1873 איז ער ווידער אין לעמבערג
P-1-facs_395_r_6	זבאָרזשער, וועלוועל [בנימין וואָלף עהרענקראַנץ]	entry	18	רומעניע	country			stay	1875	1875	explicit	1875	1875	False	region	רומעניע	Romania	45.94	24.97	[]	אין די זומער-חדשים 1875 אין רומעניע
P-1-facs_395_r_6	זבאָרזשער, וועלוועל [בנימין וואָלף עהרענקראַנץ]	entry	19	טולטשאַ	settlement			flight	1875-04-25		explicit	1875	1875	False	settlement	Q16898	Tulcea	45.19	28.8	[]	אַנטלויפט ער קיין טולטשאַ (טערקיי)
P-1-facs_395_r_6	זבאָרזשער, וועלוועל [בנימין וואָלף עהרענקראַנץ]	entry	20	גאַליציע	region		performer	tour	1878	1878	explicit	1878	1878	False	region	גאליציע	Galicia	49.55	24.0	"[{""event_type"": ""performance"", ""play"": """", ""venue"": """", ""date"": ""1878"", ""description"": ""Heard singing in Kolomyia""}]"	אין 1878 איז ז. ווידער אין גאַליציע (לעמבערג, טאָרנאָפּאָל, קאלאמיי א. א. וו.)
P-1-facs_395_r_6	זבאָרזשער, וועלוועל [בנימין וואָלף עהרענקראַנץ]	entry	21	קאָנסטאַנטינאָפּאָל	settlement		performer	settled		1883-06-02	explicit	1883	1883	False	settlement	Q406	Istanbul	41.01	28.960278	"[{""event_type"": ""marriage"", ""play"": """", ""venue"": """", ""date"": """", ""description"": ""Married his second wife, Malke'le""}, {""event_type"": ""death"", ""play"": """", ""venue"": """", ""date"": ""1883-06-02"", ""description"": ""Died of pneumonia (or possibly poisoned)""}]"	פֿאָרט ז. ווידער קיין קאָנסטאַנטינאָפּאָל, וואו ער האָט חתונה מיט זיין צווייטער פרוי ... דעם 2 יוני 1883 איז ז. געשטאָרבן אין קאָנסטאַנטינאָפּאָל
P-5-facs_568_r_2	אַמאַטין, סאָניאַ	entry	1	ווילנע	settlement			born	1899-08-15		explicit	1899	1899	False	settlement	Q216	Vilnius	54.687222	25.28	[]	געבוירן 15 אויגוסט 1899 אין ווילנע
P-5-facs_568_r_2	אַמאַטין, סאָניאַ	entry	2	ווילנע	settlement	רוסישע פֿאָלקס-שול	student	stay			none	1899	1918	True	settlement	Q216	Vilnius	54.687222	25.28	[]	געענדיקט אַ רוסישע פֿאָלקס-שול אין ווילנע
P-5-facs_568_r_2	אַמאַטין, סאָניאַ	entry	4	יעקאַטערינאָסלאָוו	settlement	טרופּע פֿון בראַנדעסקאָ און בראַסלאַווסקי	כאָריסטקע	stay	1918		explicit	1918	1918	False	settlement	Q48256	Dnipro	48.4675	35.04	"[{""event_type"": ""other"", ""play"": """", ""venue"": """", ""date"": ""1918"", ""description"": ""joined the troupe as a chorister""}]"	אין 1918 טרעט זי אַריין אַלס כאָריסטקע אין דער טרופּע פֿון בראַנדעסקאָ און בראַסלאַווסקי
P-5-facs_568_r_2	אַמאַטין, סאָניאַ	entry	5	קרים	region			pass_through			none	1918	1922	True	settlement	Q7835	Crimea	45.0	34.0	[]	פֿון דאָרט פֿאָרט זי איבער קרים
P-5-facs_568_r_2	אַמאַטין, סאָניאַ	entry	6	קאָנסטאַנטינאָפּאָל	settlement			stay			none	1918	1922	True	settlement	Q406	Istanbul	41.01	28.960278	"[{""event_type"": ""marriage"", ""play"": """", ""venue"": """", ""date"": """", ""description"": ""married actor Peter Amatin""}]"	קיין קאָנסטאַנטינאָפּאָל, וואו זיי האָט חתונה מיטן אַקטיאָר פּעטער אַמאַטיין
P-5-facs_568_r_2	אַמאַטין, סאָניאַ	entry	7	ווין	settlement		אַקטיאָר	stay	1922		explicit	1922	1922	False	settlement	Q1741	Vienna	48.208333	16.3725	"[{""event_type"": ""other"", ""play"": """", ""venue"": """", ""date"": ""1922"", ""description"": ""began playing roles in her husband's troupe""}]"	אין 1922, ווען זיי פֿאָרן קיין ווין, אָרגאַניזירט איר מאַן אַ טרופּע אין וועלכער זיי הייבט אָן שפּילן ראָלן
P-5-facs_568_r_2	אַמאַטין, סאָניאַ	entry	8	פּראָווינץ פֿון רומעניע	region			tour			none	1922	1927	True	unresolved					[]	דורכמאַכנדיק אייניקע טורנייען איבער דער פּראָווינץ פֿון רומעניע
P-5-facs_568_r_2	אַמאַטין, סאָניאַ	entry	9	טשערנאָוויץ	settlement	מ. רייש		stay	1927		explicit	1927	1927	False	settlement	Q157725	Chernivtsi	48.290833	25.934444	[]	אין 1927 אָנגאַזשירט צו מ. רייש אין טשערנאָוויץ
P-5-facs_568_r_2	אַמאַטין, סאָניאַ	entry	10	בוקאַרעשט	settlement	איציקל גאָלדענבורג		stay			none	1927	1927	True	settlement	Q19660	Bucharest	44.413361	26.097778	[]	פֿון דאָרט צו איציקל גאָלדענבורג אין בוקאַרעשט
P-5-facs_568_r_2	אַמאַטין, סאָניאַ	entry	11	רומעניע	country	אַנדערע טרופּעס		stay			none	1927	1927	True	region	רומעניע	Romania	45.94	24.97	[]	דערנאָך אין אַנדערע טרופּעס אין רומעניע
P-5-facs_568_r_2	אַמאַטין, סאָניאַ	entry	12	אַנדערע יידישע ישובים	unknown			stay			none	1927	1927	True	unresolved					[]	שפּעטער אין אַנדערע יידישע ישובים
P-5-facs_568_r_2	אַמאַטין, סאָניאַ	entry	13	unknown	unknown			death			none	1927	1927	True	unresolved					"[{""event_type"": ""death"", ""play"": """", ""venue"": """", ""date"": """", ""description"": ""killed by the Nazis""}]"	אומגעבראַכט געוואָרן דורך די נאַציס
P-5-facs_568_r_2	אַמאַטין, סאָניאַ	די עלטערן	3	יעקאַטערינאָסלאָוו	settlement			settled			none			True	settlement	Q48256	Dnipro	48.4675	35.04	[]	פֿון וואַנען די עלטערן טראָגן זיך איבער קיין יעקאַטערינאָסלאָוו
P-7-facs_81_r_7	קאָרנפעלד, לעאָן	entry	1	קאָנסטאַנטינאָפּאָל	settlement			stay			none	1914	1914	True	settlement	Q406	Istanbul	41.01	28.960278	[]	די געשיכטע פֿון יידיש טעאַטער אין קאָנסטאַנטינאָפּאָל, טערקיי, ווו ער האָט געלעבט.
P-7-facs_81_r_7	קאָרנפעלד, לעאָן	entry	4	רומעניע	country			emigration			none	1914	1914	True	region	רומעניע	Romania	45.94	24.97	[]	ק. פֿאָרט אָפּ קיין רומעניע, ווו ער פֿאַרהאָלט זיך 4 יאָר
P-7-facs_81_r_7	קאָרנפעלד, לעאָן	entry	5	קאָנסטאַנטינאָפּאָל	settlement		בוכהאַלטער	return			none	1914	1914	True	settlement	Q406	Istanbul	41.01	28.960278	"[{""event_type"": ""marriage"", ""play"": """", ""venue"": """", ""date"": """", ""description"": ""Married a daughter of a Russian Jew.""}, {""event_type"": ""performance"", ""play"": ""די באָבע מיטן אייניקל"", ""venue"": """", ""date"": """", ""description"": ""Charity performance with his wife.""}, {""event_type"": ""performance"", ""play"": ""די קאַפּריזנע טאָכטער"", ""venue"": ""קאַנקאָרדיאָ"", ""date"": """", ""description"": ""Directed and performed in several plays.""}]"	ווערט צוריקגערופֿן קיין קאָנסטאַנטינאָפּאָל פֿון זיין פעטער ביי וועמען ער ווערט אַ בוכהאַלטער
P-7-facs_81_r_7	קאָרנפעלד, לעאָן	entry	7	קאָנסטאַנטינאָפּאָל	settlement		director	stay			none	1914	1914	True	settlement	Q406	Istanbul	41.01	28.960278	"[{""event_type"": ""performance"", ""play"": ""דער יידישער פּריץ"", ""venue"": """", ""date"": """", ""description"": ""Performed with amateurs and Roza Friedman for 8 months.""}]"	קערט זיך אָבער צוריק צו די פֿאַרשטעלונגען מיט די ליבהאָבער
P-7-facs_81_r_7	קאָרנפעלד, לעאָן	entry	8	קאָנסטאַנטינאָפּאָל	settlement	טרופּע פֿון אהרן ראָזענבלום	שותף צו דער דירעקציע	stay			none	1914	1914	True	settlement	Q406	Istanbul	41.01	28.960278	"[{""event_type"": ""season"", ""play"": """", ""venue"": """", ""date"": """", ""description"": ""Partner in management for 3 months.""}]"	קומט פֿון רומעניע אַהרן ראָזענבלום... ק. ווערט אַ שותף צו דער דירעקציע.
P-7-facs_81_r_7	קאָרנפעלד, לעאָן	entry	10	קאָנסטאַנטינאָפּאָל	settlement	ראָזענבלום-זילבערט טרופּע	אַדמיניסטראַטאָר	stay			none	1914	1914	True	settlement	Q406	Istanbul	41.01	28.960278	"[{""event_type"": ""performance"", ""play"": ""עקדת יצחק"", ""venue"": """", ""date"": """", ""description"": ""Administrator for a combined troupe for 3 months.""}]"	ווידער קומט ראָזענבלום מיט זיין טרופּע... ק. איז געווען דער אַדמיניסטראַטאָר
P-7-facs_81_r_7	קאָרנפעלד, לעאָן	entry	11	רומעניע	country	איטאָליענישער ליליפּוטן אָפּערע טרופּע	manager	tour			none	1914	1914	True	region	רומעניע	Romania	45.94	24.97	[]	ק. גענומען אַרומפֿאָרן מיט אַן איטאָליענישער ליליפּוטן אָפּערע טרופּע מיט וועלכער קומט איך אין רומעניע.
P-7-facs_81_r_7	קאָרנפעלד, לעאָן	entry	12	קאָנסטאַנטינאָפּאָל	settlement		director	return	1914		approximate	1914	1914	False	settlement	Q406	Istanbul	41.01	28.960278	"[{""event_type"": ""performance"", ""play"": ""אַ שטריק אויפֿן האָלדז"", ""venue"": """", ""date"": """", ""description"": ""Staged a play with amateurs.""}, {""event_type"": ""performance"", ""play"": ""מירעלע אפרת"", ""venue"": """", ""date"": ""1914"", ""description"": ""Leopold Kanner's troupe performs Gordin.""}]"	צוריקגעקומען אין קאָנסטאַנטינאָפּאָל... אין 1914 קומט לעאַפּאָלד קאַנער
P-7-facs_81_r_7	קאָרנפעלד, לעאָן	entry	13	ווין	settlement		impresario	visit			none	1914	1914	True	settlement	Q1741	Vienna	48.208333	16.3725	[]	ק. ברענגט פון ווין אָפּערען-טרופן.
P-7-facs_81_r_7	קאָרנפעלד, לעאָן	entry	14	פּראָווידענס	settlement			settled			none	1914	1914	True	settlement	Q18383	Providence	41.82399	-71.41283	[]	ער וואַנדער אויס קיין אַמעריקע ווו ער האָט זיך באָזעצט אין פּראָווידענס.
P-7-facs_81_r_7	קאָרנפעלד, לעאָן	פּראָפעסאָר הורוויץ	2	קאָנסטאַנטינאָפּאָל	settlement	קליינער גרופּע ליבהאָבער	director	tour			none			True	settlement	Q406	Istanbul	41.01	28.960278	"[{""event_type"": ""performance"", ""play"": ""דאָן יצחק אַבאַרבאַנעל"", ""venue"": ""קאָפע-הויז"", ""date"": """", ""description"": ""Performed in a coffee house in the Galata district when Kornfeld was 10.""}]"	ווען ער איז געווען 10 יאָר אַלט, איז קיין קאָנסטאַנטינאָפּאָל געקומען פּראָפעסאָר הורוויץ און געשפּילט מיט אַ קליינער גרופּע ליבהאָבער אין דער גאָלאַטאָגעגנט
P-7-facs_81_r_7	קאָרנפעלד, לעאָן	קלמן יאָליווער	3	קאָנסטאַנטינאָפּאָל	settlement	טרופּע פֿון בערך 12 פּערזאָן	director	tour			none			True	settlement	Q406	Istanbul	41.01	28.960278	"[{""event_type"": ""performance"", ""play"": ""בר כוכבא"", ""venue"": """", ""date"": """", ""description"": ""Performed Goldfaden and Shaikewitz plays; Kornfeld was an extra.""}]"	ווען ק. איז אַלט גווען 15 יאָר, איז געקומען אין קאָנסטאַנטינאָפּאָל קלמן יאָליווער מיט אַ טרופּע... ק. איז דאָרט געווען בלויז אַ סטאָטיסט.
P-7-facs_81_r_7	קאָרנפעלד, לעאָן	געליס	6	קאָנסטאַנטינאָפּאָל	settlement	יידישע טרופּע	director	tour			none			True	settlement	Q406	Istanbul	41.01	28.960278	"[{""event_type"": ""season"", ""play"": ""מישקע און מאָשקע"", ""venue"": """", ""date"": """", ""description"": ""Played for one month.""}]"	דאָ קומט פֿון פאַריז אַ יידישע טרופּע אונטער דער אָנפֿירונג פֿון געליס
P-7-facs_81_r_7	קאָרנפעלד, לעאָן	סאָלאָמאָן קרויזע	9	קאָנסטאַנטינאָפּאָל	settlement	טרופּע פֿון 30 פּערזאָן	director	tour			none			True	settlement	Q406	Istanbul	41.01	28.960278	"[{""event_type"": ""season"", ""play"": ""גאָרדינס פּיעסן"", ""venue"": """", ""date"": """", ""description"": ""Played operettas and Gordin plays for 3 months.""}]"	קומט אַן סאָלאָמאָן קרויזע מיט אַ טרופּע פֿון 30 פּערזאָן
P-1-facs_110_r	בן-ציון, בענעדיקט דר.	entry	1	האַרנאַסטאָיפּאָליע, קיעוו. גוב., אוקראַאינע	settlement			born	1839		explicit	1839	1839	False	settlement	Q4143502	Hornostaipil	51.05	30.15	[]	געב. 1839 אין האַרנאַסטאָיפּאָליע, קיעוו. גוב., אוקראַאינע.
P-1-facs_110_r	בן-ציון, בענעדיקט דר.	entry	2	רומעניע	country			stay			none	1839	1863	True	region	רומעניע	Romania	45.94	24.97	[]	פֿאָרבראָכט אייניקע יאָר אין רומעניע
P-1-facs_110_r	בן-ציון, בענעדיקט דר.	entry	3	בערלין	settlement			stay	1863		explicit	1863	1863	False	settlement	Q64	Berlin	52.516667	13.383333	[]	דאָן געפאָרן קיין בערלין, וואו ער האָט זיך אין 1863 געשמדט
P-1-facs_110_r	בן-ציון, בענעדיקט דר.	entry	4	ווירצבורגער אוניווערסיטעט	venue_only	ווירצבורגער אוניווערסיטעט	student	stay		1867	explicit	1867	1867	False	unresolved					[]	אין 1867 געענדיקט אַלס דאָקטאָר אין ווירצבורגער אוניווערסיטעט.
P-1-facs_110_r	בן-ציון, בענעדיקט דר.	entry	5	ענגלאַנד	country	בריטישער געזעלשאָפֿט צו פֿאָרשפּרייטן דאָס קריסטענטום צווישן יידן		stay			none	1867	1874	True	region	ענגלאנד	England	51.5	-0.12	[]	דערנאָך פֿאָרט ב. קיין ענגלאַנד, וואו ער פֿאַרבינדט זיך מיט דער בריטישער געזעלשאָפֿט
P-1-facs_110_r	בן-ציון, בענעדיקט דר.	entry	6	רומעניע	country	בריטישער געזעלשאָפֿט צו פֿאָרשפּרייטן דאָס קריסטענטום צווישן יידן	מיסיאנער	stay	1874		explicit	1874	1874	False	region	רומעניע	Romania	45.94	24.97	[]	וועלכע שוקט אים אין 1874 קיין רומעניע
P-1-facs_110_r	בן-ציון, בענעדיקט דר.	entry	7	אָדעס	settlement	בריטישער געזעלשאָפֿט צו פֿאָרשפּרייטן דאָס קריסטענטום צווישן יידן	מיסיאנער און דאָקטאָר	stay	1876		explicit	1876	1876	False	settlement	Q1874	Odesa	46.47747	30.73262	[]	אין 1876 קיין אָדעס, וואו ער אין טעטיק אַלס מיסיאנער און דאָקטאָר.
P-1-facs_110_r	בן-ציון, בענעדיקט דר.	entry	8	קאָנסטאַנטינאָפאָל	settlement			settled	1886		explicit	1886	1886	False	settlement	Q406	Istanbul	41.01	28.960278	[]	1886 באָזעצט זיך ב. אין קאָנסטאַנטינאָפאָל
P-1-facs_110_r	בן-ציון, בענעדיקט דר.	entry	9	אָמעריקע	country		playwright	emigration			none	1886	1927	True	settlement	Q30	United States	39.828175	-98.5795	"[{""event_type"": ""performance"", ""play"": ""אסתר פֿון עיז נדי אָדער דער פֿאָלשער כהן גדול"", ""venue"": ""ניויאָרק"", ""date"": ""1881"", ""description"": ""Performance of his play in New York""}, {""event_type"": ""performance"", ""play"": ""אַ פֿאַמיליען דראָמע אָדער די פֿאָלשע קידושין"", ""venue"": """", ""date"": ""1882"", ""description"": ""Performance of his play""}, {""event_type"": ""performance"", ""play"": ""דער גרינער שוסטער אָדער דער סיילאָר אין געפֿאָר"", ""venue"": """", ""date"": ""1889"", ""description"": ""Performance of his play""}, {""event_type"": ""performance"", ""play"": ""זשידאָווקאָ"", ""venue"": """", ""date"": ""1884"", ""description"": ""Kessler staged Ben-Zion's dramatization of Zhidovka""}]"	דערנאָך פֿאָרט ער קיין אָמעריקע, וואו ער בלייבט שוין ביז זיין טויט.
P-1-facs_110_r	בן-ציון, בענעדיקט דר.	entry	10	לאָדזש	settlement	קאָלעקטיוו	איניציאָטאָר	stay	1927		explicit	1927	1927	False	settlement	Q580	Łódź	51.75	19.466667	[]	זייט 1927 אין ב. צוריק אין לאָדזש, וואו ער איז דער איניציאָטאָר פֿון דאָרטיקן קאָלעקטיוו.
P-1-facs_115_r_6	בערגמאַן, איציק-מענדל	entry	1	וואַרשע	settlement		singer	stay			none	1892	1892	True	settlement	Q270	Warsaw	52.23	21.011111	"[{""event_type"": ""performance"", ""play"": """", ""venue"": """", ""date"": """", ""description"": ""sings in a children's choir during performances of Adler, Tanzman, and Weinstock""}]"	זינגט ב. אין קינדער-כאָר בעת די פֿאָרשטעלונגען פֿון אַדלער, טאַנצמאַן און וויינשטאָק אין וואַרשע
P-1-facs_115_r_6	בערגמאַן, איציק-מענדל	entry	2	וואַרשע	settlement	פּוילישן אָפּערעטן-טעאַטער	chorister	stay			none	1892	1892	True	settlement	Q270	Warsaw	52.23	21.011111	[]	דערנאָך אַלס כאָריסט אין פּוילישן אָפּערעטן-טעאַטער
P-1-facs_115_r_6	בערגמאַן, איציק-מענדל	entry	3		unknown	דוד שוואַרצבאַרדס טרופּע	performer	stay	1892	1892	explicit	1892	1892	False	empty					"[{""event_type"": ""performance"", ""play"": ""יוסף מיט די ברידער"", ""venue"": """", ""date"": ""1892"", ""description"": ""plays the role of Joseph""}]"	"אין 1892 טרעט ב. אויף אין דוד שוואַרצבאַרדס טרופּע אַלס ""יוסף"" אין ""יוסף מיט די ברידער"""
P-1-facs_115_r_6	בערגמאַן, איציק-מענדל	entry	4	לאָדזש	settlement		performer	stay			none	1892	1902	True	settlement	Q580	Łódź	51.75	19.466667	[]	נאָכן שפּילן אַ קורצע צייט אין לאָדזש
P-1-facs_115_r_6	בערגמאַן, איציק-מענדל	entry	5	וואַרשע	settlement		performer	stay			none	1892	1902	True	settlement	Q270	Warsaw	52.23	21.011111	[]	און וואַרשע, גייט ער איבער אויף צווייטע קאָמישע ראָלן
P-1-facs_115_r_6	בערגמאַן, איציק-מענדל	entry	6		unknown	גימפּעלס טרופּע	performer	stay	1902	1902	explicit	1902	1902	False	empty					[]	1902 שפּילט ב. אין גימפּעלס טרופּע
P-1-facs_115_r_6	בערגמאַן, איציק-מענדל	entry	7	סטאָניסלאַוואוו	settlement	סינאָגאָגע	צווייטער קאָנטאָר	stay			none	1902	1907	True	settlement	Q156726	Ivano-Frankivsk	48.922778	24.710556	"[{""event_type"": ""business"", ""play"": """", ""venue"": ""סינאָגאָגע"", ""date"": """", ""description"": ""serves as second cantor for 3 months""}]"	בעת אַ קאָנקורס אין סטאָניסלאַוואוו ווערט ער אויף אַ צייט פֿון 3 חדשים צווייטער קאָנטאָר אין דער סינאָגאָגע
P-1-facs_115_r_6	בערגמאַן, איציק-מענדל	entry	8	ווין	settlement	עדעלהאָפערס טרופּע	performer	stay			none	1902	1907	True	settlement	Q1741	Vienna	48.208333	16.3725	[]	אָפּפאָרנדיק קיין ווין, טרעט ער אַריין אין עדעלהאָפערס טרופּע
P-1-facs_115_r_6	בערגמאַן, איציק-מענדל	entry	9	גאַליציע, אוננאָרן, בוקאָווינע, רומעניע, דייטשלאַנד און בעלניע	region	יידישע טרופּעס	performer	tour			none	1902	1907	True	region	גאליציע	Galicia	49.55	24.0	[]	וואָנדערט אַרום מיט יידישע טרופּעס איבער גאַליציע, אוננאָרן, בוקאָווינע, רומעניע, דייטשלאַנד און בעלניע
P-1-facs_115_r_6	בערגמאַן, איציק-מענדל	entry	10	בודאָפּעסט	settlement		performer	stay	1907	1907	explicit	1907	1907	False	settlement	Q1781	Budapest	47.498333	19.040833	"[{""event_type"": ""business"", ""play"": """", ""venue"": """", ""date"": ""1907"", ""description"": ""engaged for a vaudeville house in New York""}]"	אין 1907 ווערט ב. אָנגאַזשירט אין בודאָפּעסט דורך אַגעדן פֿאַר זיין וואָרעוויל-הוין אין ניו יאָרק
P-1-facs_115_r_6	בערגמאַן, איציק-מענדל	entry	11	ניו יאָרק	settlement	לאָקאָל 3	מיטגליד	settled			none	1907	1876	True	settlement	Q60	New York City	40.712778	-74.006111	[]	ניו יאָרק, און ווערט דאָ באָלד אַ מיטגליד אין לאָקאָל 3
P-1-facs_115_r_6	בערגמאַן, איציק-מענדל	entry	12	שיקאַנאָ און איבער דער פּראָווינץ פֿון די פֿאַראייניקטע שטאָטן און קאָנאָדע	region		כאַראַקטער-קאָמיקער	tour			none	1907	1876	True	settlement_first_of_list	Q1023022	Olive Hill	38.3011	-83.1742	[]	שפּעטער שפּילט ב. אין שיקאַנאָ און איבער דער פּראָווינץ פֿון די פֿאַראייניקטע שטאָטן און קאָנאָדע
P-1-facs_115_r_6	בערגמאַן, איציק-מענדל	entry	13	סטאָניסלאַוואָוו, גאַליציע	settlement			born			none	1907	1876	True	settlement	Q156726	Ivano-Frankivsk	48.922778	24.710556	[]	געב. אין סטאָניסלאַוואָוו, גאַליציע
P-1-facs_115_r_6	בערגמאַן, איציק-מענדל	entry	14	טערקיי	country		„גוטער ייד“	tour			none	1907	1876	True	region	טערקיי	Turkey	39.9	32.85	"[{""event_type"": ""business"", ""play"": """", ""venue"": """", ""date"": """", ""description"": ""traveled as a 'Good Jew' (wonder-worker) and did good business""}]"	איז ב. אַ קורצע צייט אַרומגעפֿאָרן איבער טערקיי אַלס „גוטער ייד“, און געמאַכט גוטע געשעפטן
P-1-facs_115_r_6	בערגמאַן, איציק-מענדל	entry	15	קאָנסטאַנטינאָפּאָל	settlement		performer	stay	1876	1876	explicit	1876	1876	False	settlement	Q406	Istanbul	41.01	28.960278	"[{""event_type"": ""performance"", ""play"": ""מכירת יוסף"", ""venue"": """", ""date"": ""1876"", ""description"": ""plays the role of Jacob in Cezar Greenberg's production""}]"	"אַז ער האָט אין 1876 געטראָפן ב. ביז אַ פעטער אין קאָנסטאַנטינאָפּאָל... אין גרינבערגס אויפֿפֿירונג אין קאָנסטאַנטינאָפּאָל פון „מכירת יוסף"" האָט ב. געשפּילט די ראָל ""יעקב"""
P-1-facs_115_r_6	בערגמאַן, איציק-מענדל	entry	16	רומעניע	country		performer	stay			none	1876	1897	True	region	רומעניע	Romania	45.94	24.97	"[{""event_type"": ""performance"", ""play"": ""אָרבעל-פּראָזע"", ""venue"": """", ""date"": """", ""description"": ""performed vaudeville from Greenberg's repertoire""}]"	"דערנאָך זיינען זיי צוזאַמען געפֿאָרן קיין רומעניע. און דאָרט געשפּילט וואָרעוויל פֿון גרינבערנס „אָרבעל-פּראָזע"""
P-1-facs_115_r_6	בערגמאַן, איציק-מענדל	entry	17	יאָסי	settlement	בערגמאַנס טרופּע	director	stay			none	1876	1897	True	settlement	Q46852	Iași	47.162222	27.588889	"[{""event_type"": ""founding"", ""play"": """", ""venue"": """", ""date"": """", ""description"": ""formed a small troupe and toured with vaudevilles""}]"	"איז ב. געקומען קיין יאָסי, און האָט זיך געמאַכט אַ קליינע טרופּע אין ""בערגמאַנס טרופּע“, מיט וועלכער ער איז אַרומגעפֿאָרן שפּילן וואָרעווילן"
P-1-facs_115_r_6	בערגמאַן, איציק-מענדל	entry	18	גאַליציע	region	הורוויץ-טרופּע	actor	tour			none	1876	1897	True	region	גאליציע	Galicia	49.55	24.0	[]	דערמאָנט אים אַלס אַקטיאָר אין דער הורוויץ-טרופּע איבער גאַליציע
P-1-facs_115_r_6	בערגמאַן, איציק-מענדל	entry	19	גאַליציע	region		דירעקטאָר	stay			none	1876	1897	True	region	גאליציע	Galicia	49.55	24.0	"[{""event_type"": ""business"", ""play"": """", ""venue"": """", ""date"": """", ""description"": ""held a concession to perform Yiddish theater in partnership with Tanenzap""}]"	שפּעטער אַלס דירעקטאָר אין גאַליציע... ב. האָט געהאַט אַ קאָנצעסיע צו שפּילן יידיש טעאַטער אין גאַליציע
P-1-facs_115_r_6	בערגמאַן, איציק-מענדל	entry	20	גאַליציע	region	נאַטאָנסאָן	סופֿלער	stay	1897	1897	explicit	1897	1897	False	region	גאליציע	Galicia	49.55	24.0	[]	אין 1897 איז ב. נעווען ביי נאַטאָנסאָן סופֿלער אין גאַליציע
P-1-facs_115_r_6	בערגמאַן, איציק-מענדל	entry	21	ווין	settlement			death			none	1897	1897	True	settlement	Q1741	Vienna	48.208333	16.3725	[]	ב. אין געשטאָרבן [דאָטום?] אין ווין פֿון אַ קרעבס
P-1-facs_132_tr_1740520959	פֿייערשטיין, אַשר [זעליג גאַבעל ?]	entry	1	גאַליציע	region			born			none			True	region	גאליציע	Galicia	49.55	24.0	[]	געב. אין גאַליציע
P-1-facs_132_tr_1740520959	פֿייערשטיין, אַשר [זעליג גאַבעל ?]	entry	2	רומעניע	country			emigration			none			True	region	רומעניע	Romania	45.94	24.97	[]	אויסגעוואַנדערט קיין רומעניע
P-1-facs_132_tr_1740520959	פֿייערשטיין, אַשר [זעליג גאַבעל ?]	entry	3	ראָמאַן	settlement		משורך	stay			none			True	settlement	Q212469	Roman	46.93	26.92	"[{""event_type"": ""business"", ""play"": """", ""venue"": """", ""date"": """", ""description"": ""worked as a cantor's assistant and later a cook""}]"	געווען אין ראָמאַן אַ משורך ביי אַ חזן, דערנאָך געוואָרן אַ בראָטער פֿון רומענישע מאַכלים
P-1-facs_132_tr_1740520959	פֿייערשטיין, אַשר [זעליג גאַבעל ?]	entry	4	רומעניע	country		פֿאָלקסזינגער	tour			none			True	region	רומעניע	Romania	45.94	24.97	"[{""event_type"": ""performance"", ""play"": """", ""venue"": """", ""date"": """", ""description"": ""toured as a folksinger with Moshe the Blind and Jacob Jonah Zimbler""}]"	געוואָרן אַ פֿאָלקסזינגער, איז אַ לענגערע צייט אַרומגעפֿאָרן מיט משה דעם בלינדן און יעקב יונה צימבלער
P-1-facs_132_tr_1740520959	פֿייערשטיין, אַשר [זעליג גאַבעל ?]	entry	5	קאָנסטאָנטינאָפּאָל	settlement		הויזבאָזיצער	settled			none			True	settlement	Q406	Istanbul	41.01	28.960278	"[{""event_type"": ""business"", ""play"": """", ""venue"": ""צום עסטרייכישן אָדלער"", ""date"": """", ""description"": ""opened a tavern in Noloto""}]"	"אַוועק קיין קאָנסטאָנטינאָפּאָל, וואו ער איז געוואָרן אַ הויזבאָזיצער, און געעפֿנט אַ שענק אין נאָלאָטאָ א""פּ ""צום עסטרייכישן אָדלער“"
P-1-facs_132_tr_1740520959	פֿייערשטיין, אַשר [זעליג גאַבעל ?]	entry	6	סאָלאָניקי	settlement		קאָנטאַר	stay			none			True	settlement	Q17151	Thessaloniki	40.64	22.94	[]	זאָל איצט זיין אַ קאָנטאַר אין סאָלאָניקי
P-1-facs_132_tr_1740520968	מאָשקאָוויטש, יאָסעלע	entry	1	גאָלאַץ, רומעניע	settlement			born	1879-07-03	1879-07-03	explicit	1879	1879	False	settlement	Q170996	Galați	45.423333	28.0425	[]	געבוירן 3 יולי 1879 אין גאָלאַץ, רומעניע
P-1-facs_132_tr_1740520968	מאָשקאָוויטש, יאָסעלע	entry	3		unknown	ברעטל-זינגער קאָנער	musician	tour	1893		approximate	1893	1893	False	empty					"[{""event_type"": ""performance"", ""play"": """", ""venue"": """", ""date"": """", ""description"": ""Accompanied the Broder-singers on the cimbalom""}]"	"אין עלטער פֿון 14 יאָר אָנגעהויבן אַרומפֿאָרן מיט די יידישע ""ברעטל-זינגער"" קאָנער"
P-1-facs_132_tr_1740520968	מאָשקאָוויטש, יאָסעלע	entry	4	לעמבערג	settlement	שלמה אָגער	musician	stay			none	1893	1906	True	settlement	Q36036	Lviv	49.8425	24.032222	"[{""event_type"": ""performance"", ""play"": """", ""venue"": ""קרעטשמע"", ""date"": """", ""description"": ""Played cimbalom in a tavern""}]"	דידאָזיקע פונקציע האָט מ. אָנגעהאַלטן שפּעטער אין לעמבערג ביי שלמה אָגער אין קרעטשמע
P-1-facs_132_tr_1740520968	מאָשקאָוויטש, יאָסעלע	entry	5	גאַליציע, רומעניע, אונגאָרן	region	אַש פֿייערשטיין און משה דער בלינדער	musician	tour		1906	explicit	1906	1906	False	region	גאליציע	Galicia	49.55	24.0	[]	דערנאָך ביז 1906 מיט אַש פֿייערשטיין און משה דער בלינדער איבער דער פּראָווינץ פֿון גאַליציע, רומעניע, אונגאָרן
P-1-facs_132_tr_1740520968	מאָשקאָוויטש, יאָסעלע	entry	6	קאָנסטאַנטינאָפּאָל	settlement		musician	stay			none	1906	1907	True	settlement	Q406	Istanbul	41.01	28.960278	[]	אויך אַ קורצע צייט אין קאָנסטאַנטינאָפּאָל
P-1-facs_132_tr_1740520968	מאָשקאָוויטש, יאָסעלע	entry	7	אַמעריקע	country		musician	emigration	1907		explicit	1907	1907	False	settlement	Q30	United States	39.828175	-98.5795	"[{""event_type"": ""business"", ""play"": """", ""venue"": ""האָטעל-אַרקעסטערס"", ""date"": """", ""description"": ""Played cimbalom in hotel orchestras""}]"	1907 איז מ. געקומען אין אַמעריקע, וואו ער פלעגט שפּילן אויפֿן צימבל אין האָטעל-אַרקעסטערס
P-1-facs_132_tr_1740520968	מאָשקאָוויטש, יאָסעלע	entry	8	ניו יאָרק	settlement		businessman	settled	1914		explicit	1914	1914	False	settlement	Q60	New York City	40.712778	-74.006111	"[{""event_type"": ""founding"", ""play"": """", ""venue"": ""רעסטאָראַן"", ""date"": ""1914"", ""description"": ""Opened his famous restaurant""}]"	זייט 1914 געעפֿנט אין ניו יאָרק זיין באַרימטן רעסטאָראַן, וואו ער שפּילט ווייטער אויפֿן צימבל
P-1-facs_132_tr_1740520968	מאָשקאָוויטש, יאָסעלע	משה צימבלער	2	טערקיש-רוסישן פֿראַנט	region			stay			none			True	unresolved					[]	משה צימבלער, וועלכער האָט געשפּילט אויפֿן טערקיש-רוסישן פֿראַנט
P-1-facs_134_tr_1740520967	בראון, מאָריס [מנחם-מענדל בראַנשטיין]	entry	1	בעלץ, בעסאָראַביע	settlement			born	1900-01-14		explicit	1900	1900	False	settlement	Q37801	Bălți	47.761667	27.928889	[]	געב. 14 יאַנואַר 1900 אין בעלץ, בעסאָראַביע.
P-1-facs_134_tr_1740520967	בראון, מאָריס [מנחם-מענדל בראַנשטיין]	entry	2	אָדעס	settlement	קאָריקן	performer	flight	1916		explicit	1916	1916	False	settlement	Q1874	Odesa	46.47747	30.73262	"[{""event_type"": ""debut"", ""play"": ""דבורהלע מיוחסת"", ""venue"": """", ""date"": ""1916"", ""description"": ""debuted as a chorus member""}]"	"גרינדן זיי אַ ליבהאָבער-קרייז און אַנטלויפֿן קיין אָדעס. דאָ באַקומט ב. אין 1916 די מעגלעכקייט אויסצוטרעטן אַלס קב אין „דבורהלע מיוחסת"" ביי קאָריקן."
P-1-facs_134_tr_1740520967	בראון, מאָריס [מנחם-מענדל בראַנשטיין]	entry	3	אָדעס	settlement	מעערסאָן, עפּשטיין, ליבערט	performer	stay		1918	explicit	1918	1918	False	settlement	Q1874	Odesa	46.47747	30.73262	[]	פֿון דאָרט גייט ער איבער אין אַנדערע טרופּעס און שפּילט ביז 1918 מיט מעערסאָן, עפּשטיין, ליבערט
P-1-facs_134_tr_1740520967	בראון, מאָריס [מנחם-מענדל בראַנשטיין]	entry	4	רומעניע	country	איציקל גאָלדענבערג, קאָנער, אַשכנזי, זיגלער, קלאַראַ יאָנג, סעגאָלעסקאָ	performer	stay	1918		explicit	1918	1918	False	region	רומעניע	Romania	45.94	24.97	[]	1918 שפּילט ב. אין רומעניע מיט איציקל גאָלדענבערג, קאָנער, אַשכנזי, זיגלער, קלאַראַ יאָנג, סעגאָלעסקאָ.
P-1-facs_134_tr_1740520967	בראון, מאָריס [מנחם-מענדל בראַנשטיין]	entry	5	קאָנסטאַנטינאָפּאָל	settlement	יאָנגס טרופּע	performer	stay	1920		explicit	1920	1920	False	settlement	Q406	Istanbul	41.01	28.960278	[]	אין 1920 שפּילט ב. אין יאָנגס טרופּע אין קאָנסטאַנטינאָפּאָל
P-1-facs_134_tr_1740520967	בראון, מאָריס [מנחם-מענדל בראַנשטיין]	entry	6	פאַריז	settlement		performer	stay			none	1920	1921	True	settlement	Q90	Paris	48.856667	2.352222	[]	דערנאָך אַ קורצע צייט אין פאַריז
P-1-facs_134_tr_1740520967	בראון, מאָריס [מנחם-מענדל בראַנשטיין]	entry	7	בעלגיע	country		performer	stay	1921		explicit	1921	1921	False	region	בעלגיע	Belgium	50.85	4.35	[]	אין 1921 אין בעלגיע
P-1-facs_134_tr_1740520967	בראון, מאָריס [מנחם-מענדל בראַנשטיין]	entry	8	לאָנדאָן	settlement	יאָזעף קעסלער	performer	stay	1922		explicit	1922	1922	False	settlement	Q84	London	51.507222	-0.1275	[]	אין 1922 אין לאָנדאָן, ביז יאָזעף קעסלער
P-1-facs_134_tr_1740520967	בראון, מאָריס [מנחם-מענדל בראַנשטיין]	entry	9	דרום-אפריקע	country	יאָזער קעסלער	performer	tour			none	1922	1925	True	settlement	Q258	South Africa	-29.0	24.0	[]	דערנאָך פֿאָרט ער מיט יאָזער קעסלער קיין דרום-אפריקע
P-1-facs_134_tr_1740520967	בראון, מאָריס [מנחם-מענדל בראַנשטיין]	entry	10	בוענאָס איירעס	settlement		performer	stay	1925	1927	approximate	1925	1927	False	settlement	Q1486	Buenos Aires	-34.599722	-58.381944	[]	אין 1925 קומט ער אין בוענאָס איירעס, וואו ער שפּילט 2 יאָר.
P-1-facs_134_tr_1740520967	בראון, מאָריס [מנחם-מענדל בראַנשטיין]	entry	11	אַרגענטינע	country	אייגענער טרופּע	director	tour			none	1925	1929	True	settlement	Q414	Argentina	-34.0	-64.0	[]	דאָרט אַרגאַניזירט ער אַ טרופּע מיט וועלכער ער פֿאָרט דורך אַלע יידישע שובים פֿון אַרגענטינע
P-1-facs_134_tr_1740520967	בראון, מאָריס [מנחם-מענדל בראַנשטיין]	entry	12	טשיליי	country	זיין אייגענער טרופּע	director	stay			none	1925	1929	True	region	טשיליי	Chile	-33.45	-70.67	"[{""event_type"": ""season"", ""play"": """", ""venue"": """", ""date"": """", ""description"": ""played for 6 months""}]"	שפּילט דערנאָך מיט זיין אייגענער טרופּע צום ערשטן מאָל יידיש טעאַטער (6 חדשים) אין טשיליי
P-1-facs_134_tr_1740520967	בראון, מאָריס [מנחם-מענדל בראַנשטיין]	entry	13	פּערו	country	זיין אייגענער טרופּע	director	stay			none	1925	1929	True	region	פערו	Peru	-12.05	-77.04	"[{""event_type"": ""season"", ""play"": """", ""venue"": """", ""date"": """", ""description"": ""played for one month""}]"	א חודש אין פּערו
P-1-facs_134_tr_1740520967	בראון, מאָריס [מנחם-מענדל בראַנשטיין]	entry	14	קובאַ	country	זיין אייגענער טרופּע	director	stay			none	1925	1929	True	settlement	Q241	Cuba	41.365277777778	48.526388888889	"[{""event_type"": ""season"", ""play"": """", ""venue"": """", ""date"": """", ""description"": ""played for 7 months""}]"	7 חדשים אין קובאַ
P-1-facs_134_tr_1740520967	בראון, מאָריס [מנחם-מענדל בראַנשטיין]	entry	15	מעקסיקאָ	country	זיין אייגענער טרופּע	director	stay			none	1925	1929	True	settlement	Q1489	Mexico City	19.353773	-99.13589	"[{""event_type"": ""season"", ""play"": """", ""venue"": """", ""date"": """", ""description"": ""played for 8 months""}]"	8 חדשים אין מעקסיקאָ
P-1-facs_134_tr_1740520967	בראון, מאָריס [מנחם-מענדל בראַנשטיין]	entry	16	טעקסאַס, פֿאַראייניקטע שטאָטן פֿון אַמעריקע	region	זיין טרופּע	director	stay	1929		explicit	1929	1929	False	settlement_first_of_list	Q30	United States	39.828175	-98.5795	[]	אין אָנהויב 1929 שפּילט ב. מיט זיין טרופּע אין טעקסאַס, פֿאַראייניקטע שטאָטן פֿון אַמעריקע.
P-1-facs_138_tr_1740521018	ברייטמאַן, פאַול	entry	1	וואַרשע, פּוילן	settlement			born	1890-05-05		explicit	1890	1890	False	settlement	Q270	Warsaw	52.23	21.011111	[]	געב. 5 מאי 1890 אין וואַרשע, פּוילן.
P-1-facs_138_tr_1740521018	ברייטמאַן, פאַול	entry	2	נאָזשיקס שול	venue_only		אַלט-סאָליסט	stay			none	1890	1911	True	unresolved					"[{""event_type"": ""performance"", ""play"": """", ""venue"": ""נאָזשיקס שול"", ""date"": """", ""description"": ""alto soloist in the synagogue""}]"	געוואָרן דער אַלט-סאָליסט אין נאָזשיקס שול
P-1-facs_138_tr_1740521018	ברייטמאַן, פאַול	entry	3	באַנאַטעלאַ	venue_only	כאָר ביי קאמינסקי און ליבערט	כאָריסט	stay			none	1890	1911	True	unresolved					"[{""event_type"": ""performance"", ""play"": """", ""venue"": ""באַנאַטעלאַ"", ""date"": """", ""description"": ""joined the choir and played small roles""}]"	טרעט דערנאָך אַריין אין כאָר ביי קאמינסקי און ליבערט אין באַנאַטעלאַ
P-1-facs_138_tr_1740521018	ברייטמאַן, פאַול	entry	4	לובלין	settlement	בערנשטיינען	אַקטיאָר	stay			none	1890	1911	True	settlement	Q37333	Lublin	51.25	22.566667	"[{""event_type"": ""performance"", ""play"": ""דר. יאַזעלמאַן"", ""venue"": """", ""date"": """", ""description"": ""played the role of Baruch""}, {""event_type"": ""season"", ""play"": """", ""venue"": """", ""date"": """", ""description"": ""played for a season""}]"	"פֿאָרט דער צו בערנשטיינען אין לובלין, וואו ער טרעט אויף אַלס אַקטיאָר (ברוך אין „דר. יאַזעלמאַן"")"
P-1-facs_138_tr_1740521018	ברייטמאַן, פאַול	entry	5	לובלין	settlement	פֿאַראייניקטער טרופּע פֿון גוזיק-זשעלאַזאָ-קרויזע	אַקטיאָר	stay			none	1890	1911	True	settlement	Q37333	Lublin	51.25	22.566667	[]	טרעט ב. אַריין צו בעקערן, דאָן אין לובלין אין דער פֿאַראייניקטער טרופּע פֿון גוזיק-זשעלאַזאָ-קרויזע
P-1-facs_138_tr_1740521018	ברייטמאַן, פאַול	entry	6	וואָרשע	settlement	מוראַנאָווער טעאַטער	זינגער-אַקטיאָר	stay			none	1890	1911	True	settlement	Q270	Warsaw	52.23	21.011111	"[{""event_type"": ""performance"", ""play"": ""חורבן ירושלים"", ""venue"": ""מוראַנאָווער טעאַטער"", ""date"": """", ""description"": ""played Jeremiah""}]"	"ווערט אָנגאַזשירט קיין וואָרשע אין מוראַנאָווער טעאַטער... אויסטרעטנדיק אַלס ""ירמיהו אין „חורבן ירושלים"""
P-1-facs_138_tr_1740521018	ברייטמאַן, פאַול	entry	7	unknown	unknown	טרופּע סאַבסיי	אַקטיאָר	stay			none	1890	1911	True	unresolved					"[{""event_type"": ""season"", ""play"": """", ""venue"": """", ""date"": """", ""description"": ""played for 2 seasons""}]"	גייט ב. איבער אין דער טרופּע סאַבסיי, וואו ער שפּילט 2 סעזאָנען
P-1-facs_138_tr_1740521018	ברייטמאַן, פאַול	entry	8	קאָנסטאַנטינאָפּאָל און רומעניע	region	קרויזען	אַקטיאָר	tour	1911	1911	explicit	1911	1911	False	settlement_first_of_list	Q406	Istanbul	41.01	28.960278	[]	1911 שפּילט ער בין קרויזען אין קאָנסטאַנטינאָפּאָל און רומעניע
P-1-facs_138_tr_1740521018	ברייטמאַן, פאַול	entry	9	וואַרשע	settlement	קאָמפּאַנעעצן	אַקטיאָר	stay			none	1911	1920	True	settlement	Q270	Warsaw	52.23	21.011111	[]	דאָן ביי קאָמפּאַנעעצן אין וואַרשע
P-1-facs_138_tr_1740521018	ברייטמאַן, פאַול	entry	10	לאָדזש	settlement	אַדלער-סיעראָצקי	אַקטיאָר	stay			none	1911	1920	True	settlement	Q580	Łódź	51.75	19.466667	[]	סעזאָנען ביי אַדלער-סיעראָצקי אין לאָדזש
P-1-facs_138_tr_1740521018	ברייטמאַן, פאַול	entry	11	וואַרשע	settlement	אַדלער-סיעראָצקי	אַקטיאָר	stay			none	1911	1920	True	settlement	Q270	Warsaw	52.23	21.011111	[]	ביי זיי אין וואַרשע
P-1-facs_138_tr_1740521018	ברייטמאַן, פאַול	entry	12	רוסלאַנד	country		אַקטיאָר	stay			none	1911	1920	True	region	רוסלאנד	Russia	55.75	37.62	[]	אין קרינס צייט שפּילט ב. אין רוסלאַנד
P-1-facs_138_tr_1740521018	ברייטמאַן, פאַול	entry	13	קאָנסטאַנטינאָפּאָל	settlement	פֿאַראייניקטער טרופּע אייראָפּעישע אָפּערעטן	אַקטיאָר	stay	1920	1920	approximate	1920	1920	False	settlement	Q406	Istanbul	41.01	28.960278	[]	סוף 1920 שפּילט ב. מיט אַ פֿאַראייניקטער טרופּע אייראָפּעישע אָפּערעטן אין קאָנסטאַנטינאָפּאָל
P-1-facs_138_tr_1740521018	ברייטמאַן, פאַול	entry	14	איטאָליע	country		קאָנצערט-זינגער	tour			none	1920	1923	True	region	איטאליע	Italy	41.9	12.5	[]	פֿאָרט אַרום אויף קאָנצערטן אין איטאָליע
P-1-facs_138_tr_1740521018	ברייטמאַן, פאַול	entry	15	ווין	settlement		אַקטיאָר	stay			none	1920	1923	True	settlement	Q1741	Vienna	48.208333	16.3725	[]	נאָכן שפּילן אַ קורצע צייט (צוליב טיפוס-קראַנקהייט) אין ווין
P-1-facs_138_tr_1740521018	ברייטמאַן, פאַול	entry	16	רומעניע	country		אַקטיאָר	tour			none	1920	1923	True	region	רומעניע	Romania	45.94	24.97	[]	גאַסטראָלירט ער אין רומעניע
P-1-facs_138_tr_1740521018	ברייטמאַן, פאַול	entry	17	פּאַריז	settlement		אַקטיאָר	stay			none	1920	1923	True	settlement	Q90	Paris	48.856667	2.352222	[]	שפּילט אין פּאַריז
P-1-facs_138_tr_1740521018	ברייטמאַן, פאַול	entry	18	לאָנדאָן	settlement	יאָזעף קעסלער	אַקטיאָר	stay			none	1920	1923	True	settlement	Q84	London	51.507222	-0.1275	[]	אין לאָנדאָן ביי יאָזעף קעסלער
P-1-facs_138_tr_1740521018	ברייטמאַן, פאַול	entry	19	דרום-אפריקע און דרוםאַמעריקע	region	אַן אייגענער טרופּע	אַקטיאָר	tour			none	1920	1923	True	settlement_first_of_list	Q258	South Africa	-29.0	24.0	[]	גאַסטראָלירט מיט וויעראַ קאַניעווסקאַ און מאַקס ברין אין אַן אייגענער טרופּע אין דרום-אפריקע און דרוםאַמעריקע
P-1-facs_138_tr_1740521018	ברייטמאַן, פאַול	entry	20	ווין, רומעניע	region		אַקטיאָר	tour			none	1920	1923	True	settlement	Q1741	Vienna	48.208333	16.3725	[]	שפּעטער גאַסטראָלירן זיי אין ווין, רומעניע
P-1-facs_138_tr_1740521018	ברייטמאַן, פאַול	entry	21	ווין	settlement		אַקטיאָר	stay	1923	1923	approximate	1923	1923	False	settlement	Q1741	Vienna	48.208333	16.3725	[]	סוף 1923 אין ווין
P-1-facs_139_tr_1740521042	ברין, שלום	entry	1	יפֿו, אַרץ ישראל	settlement			born	1889-04-18		explicit	1889	1889	False	settlement	Q180294	Jaffa	32.052222	34.753056	[]	געב. 18 אַפּריל 1889 אין יפֿו, אַרץ ישראל
P-1-facs_139_tr_1740521042	ברין, שלום	entry	2	פּאַגעוועזש, ליטע	settlement		student	settled	1891		approximate	1891	1891	False	settlement_first_of_list	Q37	Lithuania	55.2	24.0	"[{""event_type"": ""other"", ""play"": """", ""venue"": ""בית-המדרש"", ""date"": """", ""description"": ""studied in the Beth Midrash until age 15""}]"	צוויי יאָר שפּעטער... אַריבערגעפֿאָרן קיין פּאַגעוועזש, ליטע
P-1-facs_139_tr_1740521042	ברין, שלום	entry	3	ליבוי	settlement		לערער	stay	1905		explicit	1905	1905	False	settlement	Q168997	Liepāja	56.511	21.014	[]	אין 1905 איז ב. אין ליבוי לערער אין דער פאַמיליע פֿון אַקטיאָר קאָמפּאַנעעץ
P-1-facs_139_tr_1740521042	ברין, שלום	entry	4	אַסטראָוו	settlement			stay	1906	1907	explicit	1906	1907	False	unresolved					"[{""event_type"": ""other"", ""play"": """", ""venue"": """", ""date"": ""1906"", ""description"": ""arrested for Bundist activities""}]"	ווערט זומער 1906 אַרעסטירט אין אַסטראָוו
P-1-facs_139_tr_1740521042	ברין, שלום	entry	5	ראָוונע	settlement	יידישע טרופּע	סופֿלער	stay	1907		explicit	1907	1907	False	settlement	Q156739	Rivne	50.619722	26.251389	"[{""event_type"": ""debut"", ""play"": ""שרה שיינדל"", ""venue"": """", ""date"": """", ""description"": ""debut as an actor in the role of Milianer""}]"	ווען ער ווערט אין פֿרי לינג 1907 באַפֿרייט, טרעט ער אָן אין ראָוונע אַ יידישע טרופּע
P-1-facs_139_tr_1740521042	ברין, שלום	entry	6	ווייסרוסלאַנד און וואָלין	region		בונדישער אַגיטאַטאָר	tour			none	1907	1908	True	region_first_of_list	ווייסרוסלאנד	Belarus	53.9	27.57	[]	פֿאָרט אַרום אַלס בונדישער אַגיטאַטאָר איבער ווייסרוסלאַנד און וואָלין
P-1-facs_139_tr_1740521042	ברין, שלום	entry	7	טשענסטאָכאָוו	settlement	טרופּע	פּראָפעסיאנעלער אַקטיאָר	stay	1908		explicit	1908	1908	False	settlement	Q103217	Częstochowa	50.80964	19.12217	[]	הערבסט 1908 טרעט ב. אַריין אַלס פּראָפעסיאנעלער אַקטיאָר אין אַ טרופּע אין טשענסטאָכאָוו
P-1-facs_139_tr_1740521042	ברין, שלום	entry	8	פּוילן און דרום-רוסלאַנד	region	פֿאַרשיידענע פּראָווינץ-טרופּעס	אַקטיאָר	tour	1908	1910	explicit	1908	1910	False	region_first_of_list	פוילן	Poland	52.23	21.01	[]	שפּילט ביז 1910 אין פֿאַרשיידענע פּראָווינץ-טרופּעס אין פּוילן און דרום-רוסלאַנד
P-1-facs_139_tr_1740521042	ברין, שלום	entry	9	אָדעס	settlement		אַקטיאָר	stay	1910	1913	explicit	1910	1913	False	settlement	Q1874	Odesa	46.47747	30.73262	"[{""event_type"": ""performance"", ""play"": """", ""venue"": """", ""date"": """", ""description"": ""participated in Hebrew performances""}]"	באַטייליקט זיך אין אייניקע העברעישע פֿאַרשטעלונגען אין אָדעס, 1910-13 אין אָדעס
P-1-facs_139_tr_1740521042	ברין, שלום	entry	10	פּוילן	country	"טרופּע א""פ זשעלאַזאַ און מרים טרילינג"	אַקטיאָר	tour	1913	1914	explicit	1913	1914	False	region	פוילן	Poland	52.23	21.01	[]	"1913-14 — אין אַ טרופּע א""פ זשעלאַזאַ און מרים טרילינג מיט וועלכער ער מאַכט אַ טורנעע איבער פּוילן"
P-1-facs_139_tr_1740521042	ברין, שלום	entry	11	אָדעם	settlement		אַקטיאָר	stay	1914		approximate	1914	1914	False	settlement	Q1874	Odesa	46.47747	30.73262	[]	בעתן מלחמה-אויסברוך פֿאָרט ער אָפּ שפּילן אין אָדעם
P-1-facs_139_tr_1740521042	ברין, שלום	entry	12	בעסאַראַביע און דער וואָלנאָ-געגנט	region	טרופּע מיט יעקב ליבערט	אַקטיאָר	tour	1915	1916	explicit	1915	1916	False	settlement_first_of_list	Q174994	Bessarabia	46.833333333333	29.0	[]	1915-16 — אַ טורנעע מיט יעקב ליבערט איבער בעסאַראַביע און דער וואָלנאָ-געגנט
P-1-facs_139_tr_1740521042	ברין, שלום	entry	13	דאָנעצער געגנט	region	איינענע טרופּע	founder	stay	1916		explicit	1916	1916	False	unresolved					"[{""event_type"": ""founding"", ""play"": """", ""venue"": """", ""date"": ""1916"", ""description"": ""founded his own troupe""}]"	סוף 1916 געגרינדעט אַן איינענע טרופּע אין דאָנעצער געגנט
P-1-facs_139_tr_1740521042	ברין, שלום	entry	14	זשיטאָמיר	settlement	זשיטאָמירער שטאָט-טעאַטער	דירעקטאָר	stay	1917		explicit	1917	1917	False	settlement	Q156713	Zhytomyr	50.254444	28.657778	[]	נאָך דער רעוואָלוציע אין 1917 ווערט ב. דירעקטאָר פֿון זשיטאָמירער שטאָט-טעאַטער
P-1-facs_139_tr_1740521042	ברין, שלום	entry	15	כערסאָן	settlement	מענדעלע-טעאַטער	לייטער און רעזשיסער	stay			none	1917	1918	True	settlement	Q156732	Kherson	46.6425	32.625	"[{""event_type"": ""other"", ""play"": """", ""venue"": ""מענדעלע-טעאַטער"", ""date"": """", ""description"": ""reorganized the theater as a social theater""}]"	לייטער און רעזשיסער פֿון אַ קאָאָפּעראַטייווער יידישער טרופּע אין כערסאָן... מענדעלע-טעאַטער
P-1-facs_139_tr_1740521042	ברין, שלום	entry	16	קיעוו	settlement	אָפּערעטן-טרופּע	אַקטיאָר	stay	1918		explicit	1918	1918	False	settlement	Q1899	Kyiv	50.45	30.523611	[]	זומער 1918 שפּילט ב. אין קיעוו אין אַ אָפּערעטן-טרופּע
P-1-facs_139_tr_1740521042	ברין, שלום	entry	17	פּאָלטאָווע	settlement	יידיש מלוכה-טעאַטער	דירעקטאָר און רעזשיסער	stay	1918		explicit	1918	1918	False	settlement	Q156747	Poltava	49.5894444444444	34.5513888888889	"[{""event_type"": ""founding"", ""play"": """", ""venue"": ""מענדעלע-טעאַטער"", ""date"": ""1918"", ""description"": ""organized a state theater under Kultur-Lige""}]"	ווינטער 1918 — אַרגאַניזירט ב. אין פּאָלטאָווע אַ געזעלשאַפֿטלעךאון שפּעטער אַ יידיש מלוכה-טעאַטער
P-1-facs_139_tr_1740521042	ברין, שלום	entry	18	קרים	region	טרופּע	אַקטיאָר	flight			none	1918	1924	True	settlement	Q7835	Crimea	45.0	34.0	[]	אַנטלויפט ב. קיין קרים, וואו זיי שפּילן אַ יאָר
P-1-facs_139_tr_1740521042	ברין, שלום	entry	19	קאָנסטאַנטינאָפּאָל	settlement	יידיש פֿאָלקס-טעאָטער	founder	emigration			none	1918	1924	True	settlement	Q406	Istanbul	41.01	28.960278	"[{""event_type"": ""founding"", ""play"": """", ""venue"": """", ""date"": """", ""description"": ""founded a Yiddish People's Theater""}]"	"פֿון דאָרט וואַנדערן זיי אויס קיין קאָנסטאַנטינאָפּאָל, וואו ב. גרינדעט... אַ ""יידיש פֿאָלקס-טעאָטער"""
P-1-facs_139_tr_1740521042	ברין, שלום	entry	20	גרייכנלאַנד און איטאַליע	region	טרופּע	אַקטיאָר	tour		1924	approximate	1924	1924	False	region_first_of_list	איטאליע	Italy	41.9	12.5	[]	נאָך אייניקע חדשים וואַנדערן איבער גרייכנלאַנד און איטאַליע
P-1-facs_139_tr_1740521042	ברין, שלום	entry	21	ווין	settlement	טרופּע	אַקטיאָר	stay	1924-01		explicit	1924	1924	False	settlement	Q1741	Vienna	48.208333	16.3725	"[{""event_type"": ""performance"", ""play"": """", ""venue"": ""האָטעל סטעפאַנע"", ""date"": """", ""description"": ""performed several shows before a typhus outbreak""}, {""event_type"": ""death"", ""play"": """", ""venue"": """", ""date"": """", ""description"": ""death of his wife Sonia""}]"	קומט ב. מיט דער טרופּע אין יאַנואַר 1924 קיין ווין
P-1-facs_139_tr_1740521042	ברין, שלום	entry	22	רומעניע	country	פֿאָרשיידענע טרופּעס	אַקטיאָר, רעזשיסער און אונטערנעמער	stay	1924	1926	explicit	1924	1926	False	region	רומעניע	Romania	45.94	24.97	[]	ב. פֿאָרט קיין רומעניע, וואו ער איז ביז 1926 געווען אַקטיאָר, רעזשיסער און אונטערנעמער
P-1-facs_139_tr_1740521042	ברין, שלום	entry	23	בודאָפּעסט און טשעכאָסלאָוואַקייע	region		אַקטיאָר	tour	1926		explicit	1926	1926	False	settlement_first_of_list	Q1781	Budapest	47.498333	19.040833	[]	1926 שפּילט ב. אין בודאָפּעסט און טשעכאָסלאָוואַקייע
P-1-facs_139_tr_1740521042	ברין, שלום	entry	24	ווין	settlement	יידישע קינסטלער-שפּילער	organizer	stay	1927		explicit	1927	1927	False	settlement	Q1741	Vienna	48.208333	16.3725	[]	"זומער 1927 אָרגאַניזירט ב. אין ווין די ""יידישע קינסטלער-שפּילער"""
P-1-facs_139_tr_1740521042	ברין, שלום	entry	25	פּוילן	country	טרופּע	אַקטיאָר	tour	1928		explicit	1928	1928	False	region	פוילן	Poland	52.23	21.01	[]	1928 שפּילט ב. אַ קורצע צייט מיט פּאַטאָצקאַ און דערנאָך מיט אַ טרופּע איבער פּוילן
P-1-facs_147_tr_1740521027	גאָלד, ניוסיאָ [גיסי גאָלדבערג]	entry	1	וואַרשע, פּוילן	settlement			born	1909-03-03	1909-03-03	explicit	1909	1909	False	settlement	Q270	Warsaw	52.23	21.011111	[]	געב. 3 מערץ 1909 אין וואַרשע, פּוילן.
P-1-facs_147_tr_1740521027	גאָלד, ניוסיאָ [גיסי גאָלדבערג]	entry	3	טעאַטער באַלגאַראָוו	venue_only	ראָפּעלן	קינדער-ראָלן	stay			none	1909	1924	True	unresolved					"[{""event_type"": ""performance"", ""play"": """", ""venue"": ""טעאַטער באַלגאַראָוו"", ""date"": """", ""description"": ""played child roles with Rappel""}]"	נאָך אַלס קינד געשפּילט קינדער-ראָלן ביי ראָפּעלן אין טעאַטער באַלגאַראָוו
P-1-facs_147_tr_1740521027	גאָלד, ניוסיאָ [גיסי גאָלדבערג]	entry	4	קאָנסטאַנטינאָפּאָל	settlement		student	settled			none	1909	1924	True	settlement	Q406	Istanbul	41.01	28.960278	"[{""event_type"": ""performance"", ""play"": """", ""venue"": """", ""date"": """", ""description"": ""played child roles""}, {""event_type"": ""other"", ""play"": """", ""venue"": """", ""date"": """", ""description"": ""studied music with Grushkovsky-Grushkov""}]"	ווען די פֿאַמיליע וואַנדערט אויס קיין קאָנסטאַנטינאָפּאָל, שפּילט ג. אויך דאָרט קינדער-ראָלן. דאַ לערנט זי אויך אין שול און מוזיק
P-1-facs_147_tr_1740521027	גאָלד, ניוסיאָ [גיסי גאָלדבערג]	entry	5	רומעניע	country	איר ברודערס טרופּע	performer	stay			none	1909	1924	True	region	רומעניע	Romania	45.94	24.97	"[{""event_type"": ""debut"", ""play"": """", ""venue"": """", ""date"": """", ""description"": ""began playing adult roles""}]"	פֿאָרט זי מיטן ברודער קיין רומעניע, און הויבט דאָרט אָן שפּילן דערוואַקסענע ראָלן אין איר ברודערס טרופּע
P-1-facs_147_tr_1740521027	גאָלד, ניוסיאָ [גיסי גאָלדבערג]	entry	6	רומעניע	country	חברים-טרופּע	performer	stay			none	1909	1924	True	region	רומעניע	Romania	45.94	24.97	"[{""event_type"": ""performance"", ""play"": """", ""venue"": """", ""date"": """", ""description"": ""performed with guest Jacob Silbert""}]"	שפּעטער אין אַ חברים-טרופּע מיט יעקב זילבערט אַלס גאַסטראָלער
P-1-facs_147_tr_1740521027	גאָלד, ניוסיאָ [גיסי גאָלדבערג]	entry	7	פּראָווינץ	region	עטינגערן	performer	tour	1924	1924	explicit	1924	1924	False	unresolved					"[{""event_type"": ""season"", ""play"": """", ""venue"": """", ""date"": ""1924"", ""description"": ""summer season with Ettinger""}]"	דערנאָך איבער דער פּראָווינץ און זומער 1924 ביי עטינגערן
P-1-facs_147_tr_1740521027	גאָלד, ניוסיאָ [גיסי גאָלדבערג]	entry	8	טשערנאָוויץ	settlement	רייש	performer	stay	1927	1927	explicit	1927	1927	False	settlement	Q157725	Chernivtsi	48.290833	25.934444	[]	אין 1927 בין רייש אין טשערנאָוויץ
P-1-facs_147_tr_1740521027	גאָלד, ניוסיאָ [גיסי גאָלדבערג]	entry	9	טשערנאָוויץ	settlement	איציקל גאָלדענבערג	performer	stay			none	1927	1927	True	settlement	Q157725	Chernivtsi	48.290833	25.934444	"[{""event_type"": ""performance"", ""play"": """", ""venue"": """", ""date"": """", ""description"": ""played with Baratov""}]"	דערנאָך ביי איציקל גאָלדענבערג, האָבנדיק די געלעגנהייט צו שפּילן מיט באַראַטאָוון.
P-1-facs_147_tr_1740521027	גאָלד, ניוסיאָ [גיסי גאָלדבערג]	עלטערן	2	רוסלאַנד	country		סוחרים	emigration			none			True	region	רוסלאנד	Russia	55.75	37.62	[]	עלטערן — סוחרים, וועלכע טראָגן זיך שפּעטער איבער קיין רוסלאַנד.
P-1-facs_19_r	אַבראַמאָוויטש, חיים	entry	1	אָדעסער	settlement		זינגער אין די ווייןזעלערס	stay	1870	1879	approximate	1870	1879	False	settlement	Q1874	Odesa	46.47747	30.73262	[]	אַן אָדעסער, געווען אין די זיבציקער יאָרן אַ זינגער אין די ווייןזעלערס
P-1-facs_19_r	אַבראַמאָוויטש, חיים	entry	2	קאָנסטאַנטינאָפּאָל	settlement		performer	emigration	1876		explicit	1876	1876	False	settlement	Q406	Istanbul	41.01	28.960278	"[{""event_type"": ""performance"", ""play"": ""מכירת יוסף"", ""venue"": """", ""date"": ""1876"", ""description"": ""participated in Cezar Greenberg's production""}]"	אויסגעוואַנדערט קיין קאָנסטאַנטינאָפּאָל... זיך באַטייליקט אין 1876 אין צעזאָר גרינבערגס אויפֿפֿירונג פֿון „מכירת יוסף“
P-1-facs_19_r	אַבראַמאָוויטש, חיים	entry	3	לעמבערג	settlement		performer	stay			none	1876	1876	True	settlement	Q36036	Lviv	49.8425	24.032222	"[{""event_type"": ""performance"", ""play"": ""די שלאַכט פֿון פלעוונע"", ""venue"": ""ביים פֿיליטניק"", ""date"": """", ""description"": ""performed a sketch in a tavern""}]"	"געקומען קיין לעמבערג צוזאַמען מיט לוקאַטשער און לינעצקי, און אויפֿגעפירט „ביים פֿיליטניק"" אין דער קרעטשמע דעם סקעטש „די שלאַכט פֿון פלעוונע"""
P-1-facs_19_r	אַבראַמאָוויטש, חיים	entry	4	בודאָפּעסט	settlement		businessman	settled			none	1876	1876	True	settlement	Q1781	Budapest	47.498333	19.040833	"[{""event_type"": ""business"", ""play"": """", ""venue"": """", ""date"": """", ""description"": ""traded old clothes in courtyards""}]"	פֿון לעמבערג פֿאָרט אָ. קיין בודאָפּעסט... האַנדלט איבער די הויפֿן מיט אַלטע מלבושים
P-1-facs_19_r	אַבראַמאָוויטש, חיים	entry	5	בודאָפּעסט	settlement			death			none	1876	1876	True	settlement	Q1781	Budapest	47.498333	19.040833	[]	א. אין געשטאָרכן אין בודאָפּעסט
P-1-facs_254_tr_1741260246	גורעוויטש, מרים [מינאַ]	entry	1	יעקאַטערינאָסלאָוו	settlement		student	born			none	1910	1910	True	settlement	Q48256	Dnipro	48.4675	35.04	"[{""event_type"": ""other"", ""play"": """", ""venue"": ""מאָרינסקער גימנאָזיע"", ""date"": """", ""description"": ""studied at the gymnasium""}, {""event_type"": ""performance"", ""play"": """", ""venue"": ""שילער-קאָנצערטן"", ""date"": """", ""description"": ""performed in student concerts of the singer Kitoin""}]"	געב. אין יעקאַטערינאָסלאָוו, אוקראַאינע. ... געלערנט אין מאָרינסקער גימנאָזיע
P-1-facs_254_tr_1741260246	גורעוויטש, מרים [מינאַ]	entry	2	יעקאַטערינאָסלאָוו	settlement	אוקראַאינישן אָפּערעטן-טעאַטער פֿון סאַקסאַגאַנסקי און קראָפּיווניצקי	performer	stay			approximate	1910	1910	True	settlement	Q48256	Dnipro	48.4675	35.04	"[{""event_type"": ""debut"", ""play"": ""שולמית"", ""venue"": """", ""date"": """", ""description"": ""debuted as a primadonna in Ukrainian operetta""}]"	אין עלטער פֿון 15 יאָר טרעט ג. אַריין אין אוקראַאינישן אָפּערעטן-טעאַטער פֿון סאַקסאַגאַנסקי און קראָפּיווניצקי
P-1-facs_254_tr_1741260246	גורעוויטש, מרים [מינאַ]	entry	3	יעקאַטערינאָסלאָוו	settlement	טרופּע ספּיוואקאָווסקי און קרויזע	performer	stay			none	1910	1910	True	settlement	Q48256	Dnipro	48.4675	35.04	"[{""event_type"": ""performance"", ""play"": ""שבת קודש"", ""venue"": """", ""date"": """", ""description"": ""joined the Yiddish theater""}]"	בעת די יידישע טרופּע ספּיוואקאָווסקי און קרויזע שפּילט אין יעקאַטערינאָסלאָוו ... באָווענט זיי דער דיריגענט סאָנדלער אַריינצוטרעטן אין יידישן טעאַטער
P-1-facs_254_tr_1741260246	גורעוויטש, מרים [מינאַ]	entry	4	וואַרשע	settlement	וואַרשעווער פֿאַראייניקטער טרופּע	performer	stay	1910-01		explicit	1910	1910	False	settlement	Q270	Warsaw	52.23	21.011111	"[{""event_type"": ""premiere"", ""play"": ""די שבועה"", ""venue"": """", ""date"": ""1910-01"", ""description"": ""played Ranye in the European premiere directed by I. L. Peretz""}]"	גייט זיי איבער אין דער וואַרשעווער פֿאַראייניקטער טרופּע, וואו זיי טרעט אויף אין יאַנואַר 1910
P-1-facs_254_tr_1741260246	גורעוויטש, מרים [מינאַ]	entry	5	רוסלאַנד	country		performer	tour			none	1910	1912	True	region	רוסלאנד	Russia	55.75	37.62	[]	נאָך אַ טורנעע איבער רוסלאַנד אין דראָמען און אָפּערעטן-רעפּערטואָר
P-1-facs_254_tr_1741260246	גורעוויטש, מרים [מינאַ]	entry	6	קאָנסטאַנטינאָפּאָל	settlement		performer	stay			none	1910	1912	True	settlement	Q406	Istanbul	41.01	28.960278	"[{""event_type"": ""season"", ""play"": """", ""venue"": """", ""date"": """", ""description"": ""played for three months""}]"	שפּילט ג. דריי חדשים אין קאָנסטאַנטינאָפּאָל
P-1-facs_254_tr_1741260246	גורעוויטש, מרים [מינאַ]	entry	7	רומעניע	country		performer	stay			none	1910	1912	True	region	רומעניע	Romania	45.94	24.97	[]	דערנאָך אין רומעניע
P-1-facs_254_tr_1741260246	גורעוויטש, מרים [מינאַ]	entry	8	אָמעריקע	country		performer	emigration	1912		explicit	1912	1912	False	settlement	Q30	United States	39.828175	-98.5795	"[{""event_type"": ""season"", ""play"": """", ""venue"": """", ""date"": """", ""description"": ""played one season""}]"	אין 1912 פֿאָרט זיי קיין אָמעריקע, וואו זי שפּילט 1 סעזאָן
P-1-facs_254_tr_1741260246	גורעוויטש, מרים [מינאַ]	entry	9	וואַרשע	settlement	אסתר רחל קאמינסקי	performer	return			none	1912	1912	True	settlement	Q270	Warsaw	52.23	21.011111	[]	ווערט אָנגאָזשירט פֿון אסתר רחל קאמינסקי קיין וואַרשע
P-1-facs_254_tr_1741260246	גורעוויטש, מרים [מינאַ]	entry	10	ניו יאָרק	settlement		performer	emigration			none	1912	1912	True	settlement	Q60	New York City	40.712778	-74.006111	"[{""event_type"": ""performance"", ""play"": """", ""venue"": """", ""date"": """", ""description"": ""performed with Adler, Moskovitch, and Schwartz""}]"	אָנגאַזשירט צוריק קיין ניו יאָרק. אין אָמעריקע האָט ג. די געלעגנהייט צו שפּילן מיט אָדלער, מאָשקאָוויטש און שוואָרץ
P-1-facs_254_tr_1741260246	גורעוויטש, מרים [מינאַ]	entry	11	אָמעריקע	country	קעסלערן	performer	tour			none	1912	1912	True	settlement	Q30	United States	39.828175	-98.5795	"[{""event_type"": ""performance"", ""play"": ""סטייל"", ""venue"": """", ""date"": """", ""description"": ""toured with Kessler""}, {""event_type"": ""performance"", ""play"": ""געקויפט און באַצאָלט"", ""venue"": """", ""date"": """", ""description"": ""toured with Kessler""}, {""event_type"": ""marriage"", ""play"": """", ""venue"": """", ""date"": """", ""description"": ""married the sculptor Boris Blai""}]"	"מאַכט אַ טורנעע מיט קעסלערן איבער אָמעריקע מיט די פּיעסן „סטייל' און „געקויפט און באַצאָלט"". נאָך איר חתונה מיטן סקולפּטאָר באָריס בליי"
P-1-facs_266_tr_1741260241	גערטנער, אַדאָלף	entry	1	בוקאַרעסט, רומעניע	settlement			born	1879-03-24		explicit	1879	1879	False	settlement	Q19660	Bucharest	44.413361	26.097778	[]	געב. 24 מערץ 1879 אין בוקאַרעסט, רומעניע.
P-1-facs_266_tr_1741260241	גערטנער, אַדאָלף	entry	2	זשיגניצע	venue_only	קינדער-כאָר פֿון „משיחס צייטן“	singer	stay			none	1879	1903	True	unresolved					"[{""event_type"": ""performance"", ""play"": ""משיחס צייטן"", ""venue"": ""זשיגניצע"", ""date"": """", ""description"": ""sang in the children's choir under Goldfaden""}]"	ביי סעגאָלעסקאָ אין קינדער-כאָר פֿון „משיחס צייטן“, וואָס גאָלדפֿאָדען פֿירט דאָמאָלט אויף אין זשיגניצע.
P-1-facs_266_tr_1741260241	גערטנער, אַדאָלף	entry	3	קאָנסטאַנטינאָפּאָל	settlement	יאָזער וויינשטאָקס טרופּע	performer	flight			none	1879	1903	True	settlement	Q406	Istanbul	41.01	28.960278	"[{""event_type"": ""performance"", ""play"": """", ""venue"": """", ""date"": """", ""description"": ""sings solos and plays children's roles""}]"	אַנטלויפט ג. קיין קאָנסטאַנטינאָפּאָל אין יאָזער וויינשטאָקס טרופּע, וואו ער זינגט סאָלאָס און שפּילט קינדער-ראָלן.
P-1-facs_266_tr_1741260241	גערטנער, אַדאָלף	entry	4	טערקיי, סערביע און בולגאַריע ביז רומעניע	region	יאָזער וויינשטאָקס טרופּע	performer	tour			none	1879	1903	True	region	טערקיי	Turkey	39.9	32.85	[]	ג. פֿאָרט אַרום מיט דער טרופּע איבער טערקיי, סערביע און בולגאַריע ביז רומעניע
P-1-facs_266_tr_1741260241	גערטנער, אַדאָלף	entry	5	רומעניע	country	טרייטלערס טרופּע	performer	stay			none	1879	1903	True	region	רומעניע	Romania	45.94	24.97	[]	ג. אַריין אין טרייטלערס טרופּע, וועלכע שפּילט ראַ קורצע צייט אין רומעניע
P-1-facs_266_tr_1741260241	גערטנער, אַדאָלף	entry	6	טשערנאָוויץ	settlement	טרייטלערס טרופּע	performer	stay			none	1879	1903	True	settlement	Q157725	Chernivtsi	48.290833	25.934444	"[{""event_type"": ""debut"", ""play"": ""דודס פידעלע"", ""venue"": """", ""date"": """", ""description"": ""first responsible role as Yenkele""}]"	"דערנאָך אין טשערנאָוויץ, וואו ג. טרעט דאָס ערשטע מאָל אַרויס אין אַ פֿאַראַנטוואָרטלעכער ראָל (""יענקעלע' אין לאַטיינערס „דודס פידעלע“)."
P-1-facs_266_tr_1741260241	גערטנער, אַדאָלף	entry	7	בודאָפּעסט	settlement	ווערטיימערס קאָבאַרעט	performer	stay			none	1879	1903	True	settlement	Q1781	Budapest	47.498333	19.040833	[]	נעמט אים אַקסעלראָד קיין בודאָפּעסט, וואו ער שפּילט אַ קורצע צייט אין ווערטיימערס קאָבאַרעט
P-1-facs_266_tr_1741260241	גערטנער, אַדאָלף	entry	8	בערלין	settlement	קראָלס רייטשן טעאַטער	סאָליסט פֿון קליינע פּאָרטיעס	stay			none	1879	1903	True	settlement	Q64	Berlin	52.516667	13.383333	[]	דערנאָך אין בערלין... ווערט ג. אַ סאָליסט פֿון קליינע פּאָרטיעס אין קראָלס רייטשן טעאַטער.
P-1-facs_266_tr_1741260241	גערטנער, אַדאָלף	entry	9	אַמעריקע	country	דייטשע טרופּע	performer	emigration	1903		explicit	1903	1903	False	settlement	Q30	United States	39.828175	-98.5795	[]	אין 1903 ווערט ג. אָנגאַזשירט פֿון הענרי קאָנראָד פֿון ניו יאָרק מיט נאָך אייניקע אַקטיאָרן אַלס דייטשע טרופּע פֿאַר אַמעריקע
P-1-facs_266_tr_1741260241	גערטנער, אַדאָלף	entry	10	כאָסטאָן	settlement	זילבערטן	performer	stay			none	1903	1928	True	settlement	Q100	Boston	42.360278	-71.057778	[]	טרעט אויף אין כאָסטאָן ביי זילבערטן
P-1-facs_266_tr_1741260241	גערטנער, אַדאָלף	entry	11	האָפּ טעאַטער	venue_only	אַדלערן	performer	stay			none	1903	1928	True	unresolved					[]	דערנאָך ביי אַדלערן אין האָפּ טעאַטער
P-1-facs_266_tr_1741260241	גערטנער, אַדאָלף	entry	12	קליוולאַנד	settlement	סיימאַן	performer	stay			none	1903	1928	True	settlement	Q37320	Cleveland	41.499167	-81.694722	[]	דאָן אין קליוולאַנד ביי סיימאַן
P-1-facs_266_tr_1741260241	גערטנער, אַדאָלף	entry	13	שיקאָנאָ	settlement	גליקמאַן	performer	stay			approximate	1903	1928	True	settlement	Q1023022	Olive Hill	38.3011	-83.1742	"[{""event_type"": ""performance"", ""play"": ""ציגיינער באַראָן"", ""venue"": """", ""date"": """", ""description"": ""performed in Strauss's Gypsy Baron""}]"	5 יאָר ביי גליקמאַן אין שיקאָנאָ, וואו ג. טרעט אויף אין שטרויסעס „ציגיינער באַראָן“.
P-1-facs_266_tr_1741260241	גערטנער, אַדאָלף	entry	14	פאַראייניקטע שטאָטן און קאָנאָדע	region	וואַנדער-טרופּע (גערטנער און זאַלאַטאָרעווסקי)	founder/performer	tour			none	1903	1928	True	settlement_first_of_list	Q30	United States	39.828175	-98.5795	"[{""event_type"": ""founding"", ""play"": """", ""venue"": """", ""date"": """", ""description"": ""founded a wandering troupe with Zalatarevsky""}]"	גרינדעט ג. צוזאַמען מיט זאַלאַטאָרעווסקין אַ וואַנדער-טרופּע... מיט וועלכע ער פֿאָרט אַרום איבער די פאַראייניקטע שטאָטן און קאָנאָדע
P-1-facs_266_tr_1741260241	גערטנער, אַדאָלף	entry	15	שיקאָגאָ	settlement		manager	return			none	1903	1928	True	settlement	Q1297	Chicago	41.881944	-87.627778	"[{""event_type"": ""business"", ""play"": """", ""venue"": """", ""date"": """", ""description"": ""brought Kessler for guest performances""}]"	דאָן קומט ג. צוריק אין שיקאָגאָ, און ברענגט אויף גאַסטראָלן קעסלערן
P-1-facs_266_tr_1741260241	גערטנער, אַדאָלף	entry	16	מילוואָקי	settlement	יידיש טעאַטער אין מילוואָקי	director	stay			approximate	1903	1928	True	settlement	Q37836	Milwaukee	43.05	-87.95	[]	דאָן פֿירט ער אָן 2 יאָר מיט אַ יידיש טעאַטער אין מילוואָקי
P-1-facs_266_tr_1741260241	גערטנער, אַדאָלף	entry	17	שיקאָנאָ	settlement	ווייזנפֿריינדס טרופּע	director/performer	return			approximate	1903	1928	True	settlement	Q1023022	Olive Hill	38.3011	-83.1742	[]	צוריקקומענדיק אין שיקאָנאָ, נעמט ער אַליין איבער ווייזנפֿריינדס טרופּע, און שפּילט 3 יאָר
P-1-facs_266_tr_1741260241	גערטנער, אַדאָלף	entry	18	17-טער סטריט	venue_only	גערטנערס אינדעפּענדענט טעאַטער	director/performer	stay		1928	explicit	1928	1928	False	unresolved					"[{""event_type"": ""business"", ""play"": """", ""venue"": ""גערטנערס אינדעפּענדענט טעאַטער"", ""date"": """", ""description"": ""brought Thomashefsky and Regina Zuckerberg for guest performances""}]"	גייט איבער אין גערטנערס אינדעפּענדענט טעאַטער אויף דער 17-טער סטריט... וואו ער שפּילט ביז 1928
P-1-facs_270_r_2	גראָדנער ישראל [ראָזענפעלד?]	entry	1	ליטע	region			born			none	1859	1859	True	settlement	Q37	Lithuania	55.2	24.0	[]	ישראל גראָדנער איז געבוירן געוואָרן אין דער ליטע
P-1-facs_270_r_2	גראָדנער ישראל [ראָזענפעלד?]	entry	2	בערדיטשעוו	settlement	גערזאָןס טיטון-פֿאָבריק	כחור	stay	1859		approximate	1859	1859	False	settlement	Q158799	Berdychiv	49.891944	28.6	"[{""event_type"": ""business"", ""play"": """", ""venue"": """", ""date"": """", ""description"": ""Worked in a tobacco factory""}]"	איז [בערך אין 1859) אין בערדיטשעוו געווען אַ פֿאָבריק „גערזאָןס טיטון-פֿאָבריק“, האָט דאָרט געאַרבעט אַ כחור ישראליק ראָזענפעלד
P-1-facs_270_r_2	גראָדנער ישראל [ראָזענפעלד?]	entry	3	פֿאַרשיידענע שטעטלעך	region		זינגער	tour			none	1859	1873	True	unresolved					"[{""event_type"": ""performance"", ""play"": ""חיים ישעיה קאָטער"", ""venue"": ""פּריוואָטע הייזער"", ""date"": """", ""description"": ""Performed songs in private houses with Fishzon""}]"	ביידע צוזאַמען פֿלעגן מיט דעם לידל און אַנדערע לידער אַרומפֿאָרן איבער פֿאַרשיידענע שטעטלעך
P-1-facs_270_r_2	גראָדנער ישראל [ראָזענפעלד?]	entry	4	זשיטאָמיר	settlement		זינגער	stay			none	1859	1873	True	settlement	Q156713	Zhytomyr	50.254444	28.657778	"[{""event_type"": ""other"", ""play"": ""די באָבע מיטן אייניקל"", ""venue"": """", ""date"": """", ""description"": ""Met Goldfaden and received a text from him""}]"	גאָלדפֿאַדען האָט זיי געזען אין זשיטאָמיר און זיי געגעבן דעם טעקסט פֿון „די באָבע מיטן אייניקל“
P-1-facs_270_r_2	גראָדנער ישראל [ראָזענפעלד?]	entry	5	קיעוו	settlement		performer	stay			none	1859	1873	True	settlement	Q1899	Kyiv	50.45	30.523611	"[{""event_type"": ""performance"", ""play"": ""די באָבע מיטן אייניקל"", ""venue"": ""ר' נח ריינעסעס שפּייכלער"", ""date"": """", ""description"": ""Arrested by police for performing without permission""}]"	ג. האָט [לויט פישזאָן] געשפּילט „די באָבע מיטן אייניקל' אין קיעוו... אין ר' נח ריינעסעס שפּייכלער אַן אַ דערלויבניש
P-1-facs_270_r_2	גראָדנער ישראל [ראָזענפעלד?]	entry	6	טשערקאָס	settlement		performer	stay			none	1859	1873	True	unresolved					"[{""event_type"": ""marriage"", ""play"": ""די באָבע מיטן אייניקל"", ""venue"": """", ""date"": """", ""description"": ""Met and married Anneto""}]"	שפּעטער שפּילט ג. דיזעלבע פּיעסע מיט אַ גרויסן דערפֿאָלג אין טשערקאָס. דאָ באָקענט ער זיך מיט אַ מיידל, אָנעטאָ... האָט ער מיט איר חתונה
P-1-facs_270_r_2	גראָדנער ישראל [ראָזענפעלד?]	entry	7	אָדעם	settlement		זינגער	stay	1873	1873	explicit	1873	1873	False	settlement	Q1874	Odesa	46.47747	30.73262	"[{""event_type"": ""performance"", ""play"": ""דאָס רענדל"", ""venue"": ""קאַרוזאָס זאַל"", ""date"": ""1873"", ""description"": ""Gave a formal Yiddish concert on a real stage""}]"	אין 1873 איז צום ערשטן מאָל [?) אין דער יידישער געשיכטע געגעבן געוואָרן אויף אַן אמתער בינע („קאַרוזאָס זאַל“... אַ יידישער קאָנצערט
P-1-facs_270_r_2	גראָדנער ישראל [ראָזענפעלד?]	entry	8	יאָסי	settlement		performer	stay	1876	1876	explicit	1876	1876	False	settlement	Q46852	Iași	47.162222	27.588889	"[{""event_type"": ""performance"", ""play"": ""די חסידה"", ""venue"": ""שמעון מאָרקס זומער-גאַרטן"", ""date"": ""1876"", ""description"": ""Performed in Goldfaden's early plays""}]"	אין 1876 בעת גאָלדפֿאַדען קומט אין יאָסי, טרעפט ער דאָרט אַרויסטרעטן אין שמעון מאָרקס גערטנדל גראָדנערן
P-1-facs_270_r_2	גראָדנער ישראל [ראָזענפעלד?]	entry	9	באַטאָשאַן	settlement	גאָלדפֿאַדען טרופּע	performer	stay			none	1876	1878	True	settlement	Q178855	Botoșani	47.748611	26.669444	"[{""event_type"": ""performance"", ""play"": ""די רעקרוטן"", ""venue"": ""גרויסן טעאַטער"", ""date"": """", ""description"": ""Performed the lead role of Chaim Shaya""}]"	דערנאָך פֿאָרט ער אַרויס קיין באַטאָשאַן... די קאָמעדיע איז נאָך דער בהלה אויפֿגעפֿירט געוואָרן אין אָרטיקן גרויסן טעאַטער
P-1-facs_270_r_2	גראָדנער ישראל [ראָזענפעלד?]	entry	10	גאָלאַץ	settlement	גאָלדפֿאַדען טרופּע	performer	stay			none	1876	1878	True	settlement	Q170996	Galați	45.423333	28.0425	"[{""event_type"": ""performance"", ""play"": ""די אינטריגע"", ""venue"": ""גרויס טעאַטער"", ""date"": """", ""description"": ""Performed the role of Joseph""}]"	פֿון באַטאָשאָן פֿאָרט די טרופּע קיין גאָלאַץ, וואו זי שפּילט אין אַ גרויס טעאַטער
P-1-facs_270_r_2	גראָדנער ישראל [ראָזענפעלד?]	entry	11	בראָבע	settlement	גאָלדפֿאַדען טרופּע	performer	stay			none	1876	1878	True	unresolved					"[{""event_type"": ""performance"", ""play"": ""די באָבע מיטן אייניקל"", ""venue"": """", ""date"": """", ""description"": ""Played the role of the Grandmother""}]"	"דאָן פֿאָרט די טרופּע קיין בראָבע... גראָדנער שפּילט די ראָל פֿון דער ""באָבע"""
P-1-facs_270_r_2	גראָדנער ישראל [ראָזענפעלד?]	entry	12	בוקאַרעסט	settlement	גאָלדפֿאַדען טרופּע	performer	stay			none	1876	1878	True	settlement	Q19660	Bucharest	44.413361	26.097778	"[{""event_type"": ""performance"", ""play"": ""די וויסטע אינזעל"", ""venue"": """", ""date"": """", ""description"": ""Played the European character""}]"	די טרופּע קומט דאָן אין בוקאַרעסט... ג. שפּילט דעם אייראָפּעער
P-1-facs_270_r_2	גראָדנער ישראל [ראָזענפעלד?]	entry	13	יאָסי	settlement	אייגענע טרופּע	director	stay			none	1876	1878	True	settlement	Q46852	Iași	47.162222	27.588889	"[{""event_type"": ""founding"", ""play"": """", ""venue"": """", ""date"": """", ""description"": ""Organized his own troupe financed by Morris Rot""}]"	ג. טרעט דעריבער אַרויס פֿון דער טרופּע און אָרגאַניזירט אַליין אַ טרופּע... פֿאַר יאָסי
P-1-facs_270_r_2	גראָדנער ישראל [ראָזענפעלד?]	entry	14	רומענישער פּראָווינץ	region	אייגענע טרופּע	director	tour			none	1876	1878	True	unresolved					[]	פֿאָרט ג. אַרום איבער דער רומענישער פּראָווינץ מיט זיין טרופּע
P-1-facs_270_r_2	גראָדנער ישראל [ראָזענפעלד?]	entry	15	בוקאָרעסט	settlement	טרופּע מיט הורוויץ	director	stay	1878	1878	explicit	1878	1878	False	settlement	Q19660	Bucharest	44.413361	26.097778	[]	"אין זומער 1878 פֿאַראייניקט ער זיך מיט „פּראָפ."" הורוויץ און זיי פֿאָרן צוזאַמען שפּילן קיין בוקאָרעסט"
P-1-facs_270_r_2	גראָדנער ישראל [ראָזענפעלד?]	entry	16	קאָנסטאַנטינאָפּאָל	settlement		זינגער	stay			none	1878	1879	True	settlement	Q406	Istanbul	41.01	28.960278	[]	פֿאָרן זיי ביידע אַוועק קיין קאָנסטאַנטינאָפּאָל
P-1-facs_270_r_2	גראָדנער ישראל [ראָזענפעלד?]	entry	17	אָדעס	settlement	גאָלדפֿאָדעןם טרופּע	performer	return	1879	1879	explicit	1879	1879	False	settlement	Q1874	Odesa	46.47747	30.73262	"[{""event_type"": ""performance"", ""play"": ""כשוף מאָכערין"", ""venue"": """", ""date"": ""1879"", ""description"": ""Played the role of the Grandmother""}]"	טרעטן זיי ווידער אַריין אין גאָלדפֿאָדעןם טרופּע אין אָדעס (1879)
P-1-facs_270_r_2	גראָדנער ישראל [ראָזענפעלד?]	entry	18	וואַרשע	settlement		performer	stay	1880		approximate	1880	1880	False	settlement	Q270	Warsaw	52.23	21.011111	"[{""event_type"": ""performance"", ""play"": """", ""venue"": ""עלדאָראָדאָ"", ""date"": """", ""description"": ""Competed with the Tanzmans""}]"	אין אָנהייב פון די אַכציקער יאָרן... שפּילן אין וואַרשע אין עלדאָראָדאָ... בריינגט מען ג. מיט זיין פרוי צו קאָנקורירן
P-1-facs_270_r_2	גראָדנער ישראל [ראָזענפעלד?]	entry	19	ריגע	settlement		performer	stay	1883	1883	explicit	1883	1883	False	settlement	Q1773	Riga	56.9475	24.106944	[]	אין 1883 שפּילט ג. אין ריגע
P-1-facs_270_r_2	גראָדנער ישראל [ראָזענפעלד?]	entry	20	לאָנדאָן	settlement		performer	emigration	1883		approximate	1883	1883	False	settlement	Q84	London	51.507222	-0.1275	[]	פֿאָרט נ. צוזאַמען מיט זיין פרוי... קיין לאָנדאָן
P-1-facs_270_r_2	גראָדנער ישראל [ראָזענפעלד?]	entry	21	גאַליציע	region	אייגענע טרופּע	director	tour			none	1883	1887	True	region	גאליציע	Galicia	49.55	24.0	[]	וואַנדערט ער אויס קיין גאַליציע, וואו ער פֿירט אָן מיט אַ טרופּע
P-1-facs_270_r_2	גראָדנער ישראל [ראָזענפעלד?]	entry	22	ווין	settlement		performer	stay			none	1883	1887	True	settlement	Q1741	Vienna	48.208333	16.3725	"[{""event_type"": ""performance"", ""play"": """", ""venue"": ""רינג-טעאַטער"", ""date"": """", ""description"": ""Performed at the Ring Theater""}]"	קומען זיי אין ווין, וואו זיי נעמען דאָס דאָמאָלט באַרימטע רינג-טעאַטער
P-1-facs_270_r_2	גראָדנער ישראל [ראָזענפעלד?]	entry	23	לאָנדאָן	settlement		performer	stay	1887	1887-04	explicit	1887	1887	False	settlement	Q84	London	51.507222	-0.1275	"[{""event_type"": ""death"", ""play"": """", ""venue"": ""דייטשן האָספּיטאָל"", ""date"": ""1887-04"", ""description"": ""Died in the German Hospital""}, {""event_type"": ""burial"", ""play"": """", ""venue"": ""סטרעטפאָרד בית-עולם"", ""date"": """", ""description"": ""Buried outside the fence""}]"	פּסח (אַפּריל) 1887 איז ג. געשטאָרבן אין דייטשן האָספּיטאָל אין לאָנדאָן
P-1-facs_280_TextRegion_1711971594244_435	גראָפּער איידאַ [בריה]	entry	1	לעמבערג, גאַליציע	settlement			born			none	1889	1889	True	settlement	Q36036	Lviv	49.8425	24.032222	[]	געבוירן אין לעמבערג, גאַליציע
P-1-facs_280_TextRegion_1711971594244_435	גראָפּער איידאַ [בריה]	entry	2	לעמבערג	settlement	גימפּעלס טעאַטער	כאָר	stay	1889		explicit	1889	1889	False	settlement	Q36036	Lviv	49.8425	24.032222	"[{""event_type"": ""business"", ""play"": """", ""venue"": ""גימפּעלס טעאַטער"", ""date"": ""1889"", ""description"": ""Joined the choir""}]"	אין 1889 נעמט מען זי אַריין אין כאָר אין גימפּעלס טעאַטער
P-1-facs_280_TextRegion_1711971594244_435	גראָפּער איידאַ [בריה]	entry	3	בודאָפּעסט	settlement	טרייטלער	כאָריסטקע	stay			none	1889	1899	True	settlement	Q1781	Budapest	47.498333	19.040833	"[{""event_type"": ""performance"", ""play"": """", ""venue"": """", ""date"": """", ""description"": ""Performed in the choir and small roles""}]"	פֿאָרט זיי מיט טרייטלער קיין בודאָפּעסט, וואו זי איז כאָריסטקע און באַקומט אויך צו שפּילן קליינע ראָלן
P-1-facs_280_TextRegion_1711971594244_435	גראָפּער איידאַ [בריה]	entry	4	יאָסי	settlement	יאָוועלירס טרופּע		stay			none	1889	1899	True	settlement	Q46852	Iași	47.162222	27.588889	"[{""event_type"": ""marriage"", ""play"": """", ""venue"": """", ""date"": """", ""description"": ""Married choir conductor Joseph Gropper""}]"	געקומען שפּעטער אין יאָסי, וואו זיי באָקענט זיך אין יאָוועלירס טרופּע מיטן כאָר-דיריגענט יוסף גראָפּער, האָט זי מיט אים חתונה
P-1-facs_280_TextRegion_1711971594244_435	גראָפּער איידאַ [בריה]	entry	5	רומעניע	country			tour			none	1889	1899	True	region	רומעניע	Romania	45.94	24.97	[]	פֿאָרט צוזאַמען מיט אים איבער רומעניע
P-1-facs_280_TextRegion_1711971594244_435	גראָפּער איידאַ [בריה]	entry	6	בודאָפּעסט	settlement			stay			none	1889	1899	True	settlement	Q1781	Budapest	47.498333	19.040833	[]	דערנאָך אין בודאָפּעסט
P-1-facs_280_TextRegion_1711971594244_435	גראָפּער איידאַ [בריה]	entry	7	בולגאָריע	country			stay			none	1889	1899	True	region	בולגאריע	Bulgaria	42.7	25.5	[]	אין בולגאָריע
P-1-facs_280_TextRegion_1711971594244_435	גראָפּער איידאַ [בריה]	entry	8	קאָנסטאַנטינאָפּאָל	settlement			stay			none	1889	1899	True	settlement	Q406	Istanbul	41.01	28.960278	[]	אין קאָנסטאַנטינאָפּאָל
P-1-facs_280_TextRegion_1711971594244_435	גראָפּער איידאַ [בריה]	entry	9	פּאַריז	settlement	געליס	פּרימאָדאָנע	stay			none	1889	1899	True	settlement	Q90	Paris	48.856667	2.352222	[]	4 חדשים אַלס פּרימאָדאָנע ביי געליס אין פּאַריז
P-1-facs_280_TextRegion_1711971594244_435	גראָפּער איידאַ [בריה]	entry	10	בוקאָרעסט	settlement	רומענישן אָפּערעטעאַטער	כאָריסטקע	return			none	1889	1899	True	settlement	Q19660	Bucharest	44.413361	26.097778	"[{""event_type"": ""season"", ""play"": """", ""venue"": ""רומענישן אָפּערעטעאַטער"", ""date"": """", ""description"": ""Two seasons as a chorister""}, {""event_type"": ""performance"", ""play"": """", ""venue"": ""רומענישע שאַנטאָנען"", ""date"": """", ""description"": ""Performed in Romanian cafes-chantants""}]"	קומט צוריק אין בוקאָרעסט וואו זי איז 2 סעזאָנען כאָריסטקע אין רומענישן אָפּערעטעאַטער, טרעט זיי דערנאָך אַרויס אין רומענישע שאַנטאָנען
P-1-facs_280_TextRegion_1711971594244_435	גראָפּער איידאַ [בריה]	entry	11	אַמעריקע	country			emigration	1899		explicit	1899	1899	False	settlement	Q30	United States	39.828175	-98.5795	[]	פֿאָרט אָפּ אין 1899 קיין אַמעריקע
P-1-facs_280_TextRegion_1711971594244_435	גראָפּער איידאַ [בריה]	entry	12	ניו יאָרק	settlement	טאָליאַ-טעאַטער	performer	stay			none	1899	1922	True	settlement	Q60	New York City	40.712778	-74.006111	"[{""event_type"": ""season"", ""play"": """", ""venue"": ""טאָליאַ-טעאַטער"", ""date"": """", ""description"": ""Two seasons with Kessler, Moskowitz, Feinman, Kalich, and Mogulesko""}]"	דאָ האָט ג. געשפּילט 2 סעזאָנען אין טאָליאַ-טעאַטער מיט קעסלער, מאָשקאָוויטש, פֿיינמאַן, קאַליש און מאָגולעסקאָ
P-1-facs_280_TextRegion_1711971594244_435	גראָפּער איידאַ [בריה]	entry	13	ניו יאָרק	settlement	ליריק-טעאַטער	performer	stay			none	1899	1922	True	settlement	Q60	New York City	40.712778	-74.006111	"[{""event_type"": ""season"", ""play"": """", ""venue"": ""ליריק-טעאַטער"", ""date"": """", ""description"": ""One season with Kessler""}]"	אַ סעזאָן מיט קעסלער אין ליריק-טעאַטער
P-1-facs_280_TextRegion_1711971594244_435	גראָפּער איידאַ [בריה]	entry	14	ניו יאָרק	settlement	סעקאָנד-עוועניו-טעאַטער	performer	stay			none	1899	1922	True	settlement	Q60	New York City	40.712778	-74.006111	"[{""event_type"": ""season"", ""play"": """", ""venue"": ""סעקאָנד-עוועניו-טעאַטער"", ""date"": """", ""description"": ""Two seasons with Kessler""}]"	2 סעזאָנען מיט אים אין סעקאָנד-עוועניו-טעאַטער
P-1-facs_280_TextRegion_1711971594244_435	גראָפּער איידאַ [בריה]	entry	15	ניו יאָרק	settlement		performer	stay	1922		explicit	1922	1922	False	settlement	Q60	New York City	40.712778	-74.006111	"[{""event_type"": ""performance"", ""play"": ""דער אָקשאָנער"", ""venue"": """", ""date"": ""1922"", ""description"": ""Played the role of Esther in English with David Warfield""}]"	"1922 — געשפּילט אַ האַלב יאָר אין ענגליש די ראָל „אסתר"" אין דער פּיעסע „דער אָקשאָנער"" מיט דייוויך וואָרפיעלד"
P-1-facs_280_TextRegion_1711971594244_435	גראָפּער איידאַ [בריה]	entry	16	ניו יאָרק	settlement	געביל	performer	stay			none	1922	1926	True	settlement	Q60	New York City	40.712778	-74.006111	"[{""event_type"": ""season"", ""play"": """", ""venue"": """", ""date"": """", ""description"": ""Two seasons with Gabel""}]"	דערנאָך שפּילט זי 2 סעזאָנען ביי געביל
P-1-facs_280_TextRegion_1711971594244_435	גראָפּער איידאַ [בריה]	entry	17	טאָראַנטאָ	settlement	האָלענדער	performer	stay			none	1922	1926	True	settlement	Q172	Toronto	43.670278	-79.386667	"[{""event_type"": ""season"", ""play"": """", ""venue"": """", ""date"": """", ""description"": ""One season with Hollander""}]"	אַ סעזאָן אין טאָראַנטאָ ביי האָלענדער
P-1-facs_280_TextRegion_1711971594244_435	גראָפּער איידאַ [בריה]	entry	18	ענגלישער פּראָווינץ	region	צווייטער ענגלישער פּראָווינץ-טרופּע	performer	tour			none	1922	1926	True	unresolved					"[{""event_type"": ""performance"", ""play"": ""אייבים אייריש ראוז"", ""venue"": """", ""date"": """", ""description"": ""Played Mrs. Cohen in English for one year""}]"	"אַ יאָר אין ענגליש די ראָל „מיסעס קאָהן“ אין דער פּיעסע „אייבים אייריש ראוז"" מיט דער צווייטער ענגלישער פּראָווינץ-טרופּע"
P-1-facs_280_TextRegion_1711971594244_435	גראָפּער איידאַ [בריה]	entry	19	מאָנטרעאָל	settlement	האָלענדער	performer	stay			none	1922	1926	True	settlement	Q340	Montreal	45.503343	-73.586841	"[{""event_type"": ""season"", ""play"": """", ""venue"": """", ""date"": """", ""description"": ""One season with Hollander""}]"	שפּעטער אַ סעזאָן אין מאָנטרעאָל ביי האָלענדער
P-1-facs_280_TextRegion_1711971594244_435	גראָפּער איידאַ [בריה]	entry	20	ניו יאָרק	settlement	פּרינצעסטעאַטער	performer	stay			none	1922	1926	True	settlement	Q60	New York City	40.712778	-74.006111	"[{""event_type"": ""performance"", ""play"": ""וואַט איז די יוז?"", ""venue"": ""פּרינצעסטעאַטער"", ""date"": """", ""description"": ""Performed in English in a comedy""}]"	דערנאָך אין ענגליש אין ניו יאָרקער פּרינצעסטעאַטער אין דער קאָמעדיע „וואַט איז די יוז?
P-1-facs_280_TextRegion_1711971594244_435	גראָפּער איידאַ [בריה]	entry	21	ניו יאָרק	settlement	ליבערטי-טעאַטער	performer	stay	1926		explicit	1926	1926	False	settlement	Q60	New York City	40.712778	-74.006111	"[{""event_type"": ""season"", ""play"": """", ""venue"": ""ליבערטי-טעאַטער"", ""date"": ""1926"", ""description"": ""Half a season with Anshel Schorr""}]"	און 1926 — אַ האַלבען סעזאָן אין ליבערטי-טעאַטער ביי אָנשל שאָר
P-1-facs_280_r_2	גראָפּער יוסף	entry	1	פֿאָלטיטשען, רומעיע	settlement			born	1866		approximate	1866	1866	False	settlement	Q303015	Fălticeni	47.4625	26.3	[]	געב. בערך 1866 אין פֿאָלטיטשען, רומעיע.
P-1-facs_280_r_2	גראָפּער יוסף	entry	2	וקאָרעסט	settlement	סעגאָלעסקאָ	כאָריסט	stay			none	1866	1899	True	unresolved					"[{""event_type"": ""business"", ""play"": """", ""venue"": """", ""date"": """", ""description"": ""dealt with books""}]"	געקומען אין וקאָרעסט, וואו ער האָט אין אָנהייב געהאַנדלט מיט ביכער, דערנאָך אַריינגעטראָטן אַלס כאָריסט צו סעגאָלעסקאָ
P-1-facs_280_r_2	גראָפּער יוסף	entry	3	יאָסי	settlement	יאָוועליר	כאָר-דיריגענט	stay			none	1866	1899	True	settlement	Q46852	Iași	47.162222	27.588889	[]	געוואָרן כאָר-דיריגענט ביי יאָוועליר אין יאָסי.
P-1-facs_280_r_2	גראָפּער יוסף	entry	4	רומעניע	country	פֿאַרשיידענע טרופּעס	ליבהאָבערראָלן	tour			none	1866	1899	True	region	רומעניע	Romania	45.94	24.97	[]	געשפּילט ליבהאָבערראָלן אין פֿאַרשיידענע טרופּעס איבער רומעניע
P-1-facs_280_r_2	גראָפּער יוסף	entry	5	בולגאָריע	country	פֿאַרשיידענע טרופּעס	ליבהאָבערראָלן	tour			none	1866	1899	True	region	בולגאריע	Bulgaria	42.7	25.5	[]	איבער רומעניע און בולגאָריע
P-1-facs_280_r_2	גראָפּער יוסף	entry	6	בודאָפּעסט	settlement		ליבהאָבערראָלן	stay			none	1866	1899	True	settlement	Q1781	Budapest	47.498333	19.040833	"[{""event_type"": ""season"", ""play"": """", ""venue"": """", ""date"": """", ""description"": ""stayed for 6 months""}]"	6 חדשים אין בודאָפּעסט
P-1-facs_280_r_2	גראָפּער יוסף	entry	7	קאָנסטאַנטינאָפּאָל	settlement		ליבהאָבערראָלן	stay			none	1866	1899	True	settlement	Q406	Istanbul	41.01	28.960278	[]	אויך אין קאָנסטאַנטינאָפּאָל.
P-1-facs_280_r_2	גראָפּער יוסף	entry	8	אַמעריקע	country	ווינדזאָר-טעאַטער	קוואָרטעט-זינגער און ראָלןשרייבער	emigration	1899		explicit	1899	1899	False	settlement	Q30	United States	39.828175	-98.5795	"[{""event_type"": ""business"", ""play"": """", ""venue"": ""ווינדזאָר-טעאַטער"", ""date"": """", ""description"": ""joined Windsor Theater under Hurwitz""}]"	1899 — געקומען אין אַמעריקע און דאָ אַריינגעטראָטן אין ווינדזאָר-טעאַטער ביי הורוויץ
P-1-facs_280_r_2	גראָפּער יוסף	entry	9	ניו יאָרק	settlement	פּיפּלס מוזיק-האָל	אַקטיאָר און רעזשיסער	stay			none	1899	1911	True	settlement	Q60	New York City	40.712778	-74.006111	"[{""event_type"": ""business"", ""play"": ""פּאָטפּוריס און איינאַקטיקע סקעטשן"", ""venue"": ""פּיפּלס מוזיק-האָל"", ""date"": """", ""description"": ""actor and director of potpourris and sketches""}]"	פֿון דאָרט איבערגעגאַנגען אין פּיפּלס מוזיק-האָל (מענעדזשער שמוקלער און ליפשיץ) אַלס אַקטיאָר און רעזשיסער
P-1-facs_280_r_2	גראָפּער יוסף	entry	10	ניו יאָרק	settlement			death	1911-12-13	1911-12-13	explicit	1911	1911	False	settlement	Q60	New York City	40.712778	-74.006111	"[{""event_type"": ""burial"", ""play"": """", ""venue"": ""מאונט היברו אין לאַנג איילאַנד"", ""date"": """", ""description"": ""buried at Mount Hebron in Long Island""}]"	דעם 13 דעצ. 1911 איז ג. ... געשטאָרכן אין ניו יאָרק און איז געבראַכט געוואָרן צו קבורה אויפֿן מאונט היברו אין לאַנג איילאַנד
P-1-facs_281_tr_1741260291	גרושקאָוו, אַברהם [גרושקאָווסקי]	entry	1	לובני, פּאָלן גוב., אוקראַאינע	settlement			born	1892-09-12		explicit	1892	1892	False	settlement	Q269517	Lubny (Ukraine)	50.018564129341	32.986860348473	[]	געב. 12 סעפּט. 1892 אין לובני, פּאָלן גוב., אוקראַאינע
P-1-facs_281_tr_1741260291	גרושקאָוו, אַברהם [גרושקאָווסקי]	entry	2	וואַרשע	settlement	קאָנסערוואַטאָריע	student	stay			none	1892	1922	True	settlement	Q270	Warsaw	52.23	21.011111	"[{""event_type"": ""other"", ""play"": """", ""venue"": ""קאָנסערוואַטאָריע"", ""date"": """", ""description"": ""graduated as a conductor""}]"	פֿאָרט ער צו זיין שוועסטער אין וואַרשע, און ענדיקט דאָרט די קאָנסערוואַטאָריע אַלס קאָפּעלמייסטער
P-1-facs_281_tr_1741260291	גרושקאָוו, אַברהם [גרושקאָווסקי]	entry	3	unknown	unknown	גוזיקס טרופּע	דיריגענט	stay			none	1892	1922	True	unresolved					"[{""event_type"": ""season"", ""play"": """", ""venue"": """", ""date"": """", ""description"": ""conducted Yiddish operetta repertoire in Russian for 3 years""}]"	אין קריגס-צייט ווערט ג., אַלס דעזערטיר, דיריגענט אין גוזיקס טרופּע
P-1-facs_281_tr_1741260291	גרושקאָוו, אַברהם [גרושקאָווסקי]	entry	4	unknown	unknown	טרופּע פֿון סאַמואיל גענפֿער	דיריגענט	stay			none	1892	1922	True	unresolved					[]	דערנאָך גייט ער איבער אין דער טרופּע פֿון סאַמואיל גענפֿער אַלס דיריגענט
P-1-facs_281_tr_1741260291	גרושקאָוו, אַברהם [גרושקאָווסקי]	entry	5	קאָנסטאַנטינאָפּאָל	settlement	חברים-טרופּע	דיריגענט	tour			none	1892	1922	True	settlement	Q406	Istanbul	41.01	28.960278	[]	טרעט ג. אַריין אין אַ חברים-טרופּע מיט וועלכער ער פֿאָרט קיין קאָנסטאַנטינאָפּאָל
P-1-facs_281_tr_1741260291	גרושקאָוו, אַברהם [גרושקאָווסקי]	entry	6	פאַריז	settlement	חברים-טרופּע	דיריגענט	tour			none	1892	1922	True	settlement	Q90	Paris	48.856667	2.352222	[]	דאָן קיין פאַריז
P-1-facs_281_tr_1741260291	גרושקאָוו, אַברהם [גרושקאָווסקי]	entry	7	שפּאָניע	country		musician	stay			none	1892	1922	True	region	שפאניע	Spain	40.42	-3.7	"[{""event_type"": ""performance"", ""play"": """", ""venue"": ""רעסטאָראָן"", ""date"": """", ""description"": ""played in a restaurant""}]"	דערנאָך שפּאָניע, וואו ג. שפּילט אין אַ רעסטאָראָן
P-1-facs_281_tr_1741260291	גרושקאָוו, אַברהם [גרושקאָווסקי]	entry	8	קובא	country		pianist	emigration			none	1892	1922	True	settlement	Q241	Cuba	41.365277777778	48.526388888889	[]	דערנאָך וואָנ דערט ג. אויס קיין קובא, וואו ער דערנערט זיך פֿון שפּילן קלאָוויר
P-1-facs_281_tr_1741260291	גרושקאָוו, אַברהם [גרושקאָווסקי]	entry	9	דעטראָיט	settlement	יידישן טעאַטער	composer	settled	1922		explicit	1922	1922	False	settlement	Q12439	Detroit	42.331667	-83.0475	"[{""event_type"": ""performance"", ""play"": ""זיין יידיש מיידל"", ""venue"": """", ""date"": """", ""description"": ""composed music for Isaac Lesh's operetta""}]"	אין 1922 האָט זיך ג. באָזעצט אין דעטראָיט, וואו ער איז פֿאָרבונדן מיטן יידישן טעאַטער
P-1-facs_30_TextRegion_1709402283554_1191	אַדלער ירמיהו [גאָלדענבערג-טווערסקי]	entry	1	טשערנאָבאָל, אוקראַאינע	settlement			born	1881-10-03		explicit	1881	1881	False	unresolved					[]	געב. 3 אָקט. 1881 אין טשערנאָבאָל, אוקראַאינע
P-1-facs_30_TextRegion_1709402283554_1191	אַדלער ירמיהו [גאָלדענבערג-טווערסקי]	entry	2	יעקאַטערינאָסלאַוו	settlement		performer	stay			none	1881	1926	True	settlement	Q48256	Dnipro	48.4675	35.04	"[{""event_type"": ""debut"", ""play"": ""שולמית"", ""venue"": """", ""date"": """", ""description"": ""Participated in an amateur performance of Shulamith""}, {""event_type"": ""performance"", ""play"": ""שולמית"", ""venue"": """", ""date"": """", ""description"": ""Participated in Spivakovsky's Russian production of Shulamith""}]"	באַטייליקט ער זיך אין אַ ליבהאָבער- אויפפירונג פון „שולמית“ אין יעקאַטערינאָסלאַוו
P-1-facs_30_TextRegion_1709402283554_1191	אַדלער ירמיהו [גאָלדענבערג-טווערסקי]	entry	3	יעקאַטערינאָסלאַוו	settlement	רוסישער אָפּערעטן־טרופּע פון באָריסאָוו	performer	stay			approximate	1881	1926	True	settlement	Q48256	Dnipro	48.4675	35.04	"[{""event_type"": ""season"", ""play"": """", ""venue"": """", ""date"": """", ""description"": ""Played for 6 years under the name Blumenthal""}]"	גייט איבער אין דער רוסישער אָפּערעטן־טרופּע פון באָריסאָוו, וואו ער שפּילט 6 יאָר אונטערן נאָמען „בלומענטאַל“
P-1-facs_30_TextRegion_1709402283554_1191	אַדלער ירמיהו [גאָלדענבערג-טווערסקי]	entry	4	כאַרקאָוו	settlement	באָגראָגאָווס דראַמאַטישער שול	student	stay			approximate	1881	1926	True	settlement	Q42308	Kharkiv	49.9925	36.231111	[]	לערנט ער אָנדערהאַלבן יאָר אין באָגראָגאָווס דראַמאַטישער שול אין כאַרקאָוו
P-1-facs_30_TextRegion_1709402283554_1191	אַדלער ירמיהו [גאָלדענבערג-טווערסקי]	entry	5	רוסלאַנד	country	אייגענע טרופּע	director	tour			none	1881	1926	True	region	רוסלאנד	Russia	55.75	37.62	"[{""event_type"": ""founding"", ""play"": """", ""venue"": """", ""date"": """", ""description"": ""Organized his own troupe across Russia""}]"	אָרגאַניזירט ער אַן אייגענע טרופּע איבער רוסלאַנד
P-1-facs_30_TextRegion_1709402283554_1191	אַדלער ירמיהו [גאָלדענבערג-טווערסקי]	entry	6	קאָנסטאַנטינאָפּאָל	settlement		performer	emigration			approximate	1881	1926	True	settlement	Q406	Istanbul	41.01	28.960278	[]	וואַנדערט ער אויס קיין קאָנסטאַנטינאָפּאָל, וואו ער שפּילט אָנדערהאַלבן יאָר יידיש טעאַטער
P-1-facs_30_TextRegion_1709402283554_1191	אַדלער ירמיהו [גאָלדענבערג-טווערסקי]	entry	7	בולגאַריע	country		performer	tour			none	1881	1926	True	region	בולגאריע	Bulgaria	42.7	25.5	[]	וואַנדערט ער אַרום איבער בולגאַריע
P-1-facs_30_TextRegion_1709402283554_1191	אַדלער ירמיהו [גאָלדענבערג-טווערסקי]	entry	8	רומעניע	country		performer	tour			none	1881	1926	True	region	רומעניע	Romania	45.94	24.97	[]	רומעניע
P-1-facs_30_TextRegion_1709402283554_1191	אַדלער ירמיהו [גאָלדענבערג-טווערסקי]	entry	9	עסטרייך	country		performer	tour			none	1881	1926	True	region	עסטרייך	Austria	48.2	16.37	[]	עסטרייך
P-1-facs_30_TextRegion_1709402283554_1191	אַדלער ירמיהו [גאָלדענבערג-טווערסקי]	entry	10	דייטשלאַנד	country		performer	stay			approximate	1881	1926	True	region	דייטשלאנד	Germany	52.52	13.4	[]	דייטשלאַנד (5 יאָר)
P-1-facs_30_TextRegion_1709402283554_1191	אַדלער ירמיהו [גאָלדענבערג-טווערסקי]	entry	11	פּאַריז	settlement		performer	settled	1926		explicit	1926	1926	False	settlement	Q90	Paris	48.856667	2.352222	[]	זייט 1926 אין פּאַריז, וואו ער שפּילט מיט הפסקות
P-1-facs_312_TextRegion_1708860417410_829	הורוויץ, [האָרוויץ - הורוויטש] משה איש הלוי פּראָפעסאָר	entry	1	סטאַניסלאַוואָוו	settlement			born	1844-02-27		explicit	1844	1844	False	settlement	Q156726	Ivano-Frankivsk	48.922778	24.710556	[]	געבוירן 27 פעברואַר אין סטאַניסלאַוואָוו
P-1-facs_312_TextRegion_1708860417410_829	הורוויץ, [האָרוויץ - הורוויטש] משה איש הלוי פּראָפעסאָר	entry	2	יאַסי	settlement		העברעאישער לערער	settled	1862		approximate	1862	1862	False	settlement	Q46852	Iași	47.162222	27.588889	"[{""event_type"": ""business"", ""play"": """", ""venue"": """", ""date"": ""1871"", ""description"": ""Published a newspaper called 'Di Tsayt' in Hebrew and Romanian.""}]"	אין עלטער פון 18 יאָר אַוועק קיין יאַסי, רומעניע, וואו ער איז געוואָרן אַ העברעאישער לערער
P-1-facs_312_TextRegion_1708860417410_829	הורוויץ, [האָרוויץ - הורוויטש] משה איש הלוי פּראָפעסאָר	entry	3	בוקאַרעסט	settlement		דירעקטאָר פון אַ יידישער שול	settled		1877	approximate	1877	1877	False	settlement	Q19660	Bucharest	44.413361	26.097778	"[{""event_type"": ""founding"", ""play"": ""דער טיראַנישער באַנקער"", ""venue"": ""איזראעליטישער-נאַציאָנאַל-גאָרטן קאלעא וואקארעשט 35"", ""date"": ""1877-04-24"", ""description"": ""Opened his own theater company.""}, {""event_type"": ""performance"", ""play"": ""דעם זייגערמאַכערס קאַפּיליטש"", ""venue"": ""איזראעליטישער-נאַציאָנאַל-גאָרטן"", ""date"": ""1877-05-21"", ""description"": ""Performance of a comedy.""}]"	אַריבערגעפאָרן קיין בוקאַרעסט... ה. איז געווען דירעקטאָר פון אַ יידישער שול אין בוקאַרעסט
P-1-facs_312_TextRegion_1708860417410_829	הורוויץ, [האָרוויץ - הורוויטש] משה איש הלוי פּראָפעסאָר	entry	4	רומענישע שטעט	region		director	tour			none	1877	1882	True	unresolved					"[{""event_type"": ""marriage"", ""play"": """", ""venue"": ""בערלאט"", ""date"": """", ""description"": ""Actor Sheingold marries actress Chaya-Sarah in Berlad during the tour.""}]"	האָט ער זיך אַוועקגעלאָזט איבער די אַנדערע רומענישע שטעט
P-1-facs_312_TextRegion_1708860417410_829	הורוויץ, [האָרוויץ - הורוויטש] משה איש הלוי פּראָפעסאָר	entry	5	גאַליציע	region	גראַדנערס קאָמפּאַניע	performer	stay		1882	approximate	1882	1882	False	region	גאליציע	Galicia	49.55	24.0	[]	ה. אַוועק קיין גאַליציע, וואו ער האָט... זיך אָנגעשלאָסן אָן גראַדנערס קאָמפּאַניע
P-1-facs_312_TextRegion_1708860417410_829	הורוויץ, [האָרוויץ - הורוויטש] משה איש הלוי פּראָפעסאָר	entry	6	ווין	settlement	גראַדנערס קאָמפּאַניע	performer	tour	1882-07-12		explicit	1882	1882	False	settlement	Q1741	Vienna	48.208333	16.3725	"[{""event_type"": ""performance"", ""play"": """", ""venue"": ""רינג-טעאַטער"", ""date"": ""1882-07-12"", ""description"": ""The troupe performs in Vienna but fails to gain much honor.""}]"	נאָכדעם (12 יולי 1882) אין רינג-טעאַטער אין ווין
P-1-facs_312_TextRegion_1708860417410_829	הורוויץ, [האָרוויץ - הורוויטש] משה איש הלוי פּראָפעסאָר	entry	7	אָדעס	settlement		performer	visit			none	1882	1886	True	settlement	Q1874	Odesa	46.47747	30.73262	"[{""event_type"": ""performance"", ""play"": ""דער פּראָצענטניק"", ""venue"": """", ""date"": """", ""description"": ""Participates as an actor in Shomer's play.""}]"	נאָך אַ קורצן וויזיט אין אָדעס, וואו ער באַטייליקט זיך אַלס אַקטיאָר
P-1-facs_312_TextRegion_1708860417410_829	הורוויץ, [האָרוויץ - הורוויטש] משה איש הלוי פּראָפעסאָר	entry	8	בודאַפּעסט	settlement			stay			none	1882	1886	True	settlement	Q1781	Budapest	47.498333	19.040833	"[{""event_type"": ""conflict"", ""play"": """", ""venue"": """", ""date"": """", ""description"": ""Arrested after spending theater funds.""}]"	באַלד אָבּער פאָרט ער קיין בודאַפּעסט... ווערט אַרעסטירט
P-1-facs_312_TextRegion_1708860417410_829	הורוויץ, [האָרוויץ - הורוויטש] משה איש הלוי פּראָפעסאָר	entry	9	קאָנסטאַנטינאָפּאָל	settlement			flight			none	1882	1886	True	settlement	Q406	Istanbul	41.01	28.960278	[]	אַנטלויפט אָבער באַלד קיין קאָנסטאַנטינאָפּאָל
P-1-facs_312_TextRegion_1708860417410_829	הורוויץ, [האָרוויץ - הורוויטש] משה איש הלוי פּראָפעסאָר	entry	10	לאָנדאָן	settlement			stay	1886	1886	approximate	1886	1886	False	settlement	Q84	London	51.507222	-0.1275	[]	קיין לאָנדאָן, וואו ער איז אָנגעקומען בערך סוף 1886
P-1-facs_312_TextRegion_1708860417410_829	הורוויץ, [האָרוויץ - הורוויטש] משה איש הלוי פּראָפעסאָר	entry	11	ניו-יאָרק	settlement	רומעניע-אָפּערע-הויז	director/playwright	emigration	1886	1910	approximate	1886	1910	False	settlement	Q60	New York City	40.712778	-74.006111	"[{""event_type"": ""performance"", ""play"": ""טיסא עסלער"", ""venue"": ""רומעניע-אָפּערע-הויז"", ""date"": """", ""description"": ""Major success with a play about a blood libel.""}, {""event_type"": ""founding"", ""play"": ""דודס האַרפע"", ""venue"": ""פּולס טעאַטער"", ""date"": ""1887"", ""description"": ""Founded the 'Davids Harfe' organization and staged a gala.""}, {""event_type"": ""performance"", ""play"": ""די עקדה"", ""venue"": ""ווינדזאָר-טעאַטער"", ""date"": ""1893-09-25"", ""description"": ""Performance of a biblical opera.""}, {""event_type"": ""performance"", ""play"": ""בן הדור"", ""venue"": ""ווינדזאָר טעאַטער"", ""date"": ""1901"", ""description"": ""Massive success playing for 23 weeks.""}]"	באַלד דערנאָך פאָרט ער אָפּ קיין אַמעריקע. אין ניו-יאָרק...
P-1-facs_312_TextRegion_1708860417410_829	הורוויץ, [האָרוויץ - הורוויטש] משה איש הלוי פּראָפעסאָר	entry	12	ניו-יאָרק	settlement	מאָנטעפיאָרע האָם	patient	stay		1910-03-04	explicit	1910	1910	False	settlement	Q60	New York City	40.712778	-74.006111	"[{""event_type"": ""death"", ""play"": """", ""venue"": """", ""date"": ""1910-03-04"", ""description"": ""Died lonely and paralyzed.""}, {""event_type"": ""burial"", ""play"": """", ""venue"": ""הויסטאָן סטריט"", ""date"": """", ""description"": ""Funeral procession started from a stable on Houston Street.""}]"	פאַרבראַכט אין ניו-יאָרקער „מאָנטעפיאָרע האָם“. דעם 4 מערץ 1910 איז ה. געשטאָרבן
P-1-facs_335_r_6	הערשעלע [הערשעלע דאָניעלעוויטש]	entry	1	ליפּנע, פּלאָצקער קרייז, פּוילן	settlement			born	1882-01-30	1882-01-30	explicit	1882	1882	False	region_first_of_list	פוילן	Poland	52.23	21.01	[]	געבוירן 30 יאַנואַר 1882 אין ליפּנע, פּלאָצקער קרייז, פּוילן
P-1-facs_335_r_6	הערשעלע [הערשעלע דאָניעלעוויטש]	entry	3	לאָדזש	settlement		אַרבעטער	settled			none	1882	1908	True	settlement	Q580	Łódź	51.75	19.466667	"[{""event_type"": ""debut"", ""play"": """", ""venue"": ""זמ\""ה פונקן"", ""date"": ""1904"", ""description"": ""debuted as a writer under the pseudonym Hershele""}, {""event_type"": ""performance"", ""play"": ""די רויז פֿון סטאָמבול"", ""venue"": ""לאָדזשער סקאָלאָ-טעאַטער"", ""date"": """", ""description"": ""his translation of Kalman's operetta was performed""}]"	"שפּעטער קיין לאָדזש. דאָ לערנט ה. אין חדר... דעביוטירט אין 1904 אין זמ""ה פונקן“, לאָדזש"
P-1-facs_335_r_6	הערשעלע [הערשעלע דאָניעלעוויטש]	entry	4	שווייץ	country			stay	1908	1910	explicit	1908	1910	False	settlement	Q39	Switzerland	46.798562	8.231973	[]	1908-10 — געלעבט אין דער שווייץ
P-1-facs_335_r_6	הערשעלע [הערשעלע דאָניעלעוויטש]	זיין פֿאָטער	2	וואַרשע	settlement		וואָלד-שרייבער	emigration	1882		explicit	1882	1882	False	settlement	Q270	Warsaw	52.23	21.011111	[]	האָט זיין פֿאָטער... אין זעלבן יאָר געמוזט זיך אַריבערקלייבן מיט דער פֿאַמיליע קיין וואַרשע
P-1-facs_355_tr_1741260495	וויינבלאַט, טשאַרלס [קלמן]	entry	1	בראַאילאַ, רומעניע	settlement			born	1877-05-19		explicit	1877	1877	False	settlement	Q16897	Brăila	45.269	27.957	[]	געבוירן 19 מאי 1877 אין בראַאילאַ, רומעניע.
P-1-facs_355_tr_1741260495	וויינבלאַט, טשאַרלס [קלמן]	entry	2	ניו יאָרק	settlement		student	emigration	1886		explicit	1886	1886	False	settlement	Q60	New York City	40.712778	-74.006111	"[{""event_type"": ""business"", ""play"": """", ""venue"": ""פּאָבליק-סקול"", ""date"": """", ""description"": ""studied in public school and worked as a messenger boy""}]"	1886 — אויסגעוואַנדערט מיט דער פֿאַמיליע קיין ניו יאָרק, וואו ר האָט געלערנט אין פּאָבליק-סקול, דערנאָך געוואָרן אַ שיק-יינגל.
P-1-facs_355_tr_1741260495	וויינבלאַט, טשאַרלס [קלמן]	entry	3	פּראָווינץ	region		performer	tour			none	1886	1925	True	unresolved					"[{""event_type"": ""performance"", ""play"": """", ""venue"": """", ""date"": """", ""description"": ""played Yiddish theater for two years with a group of boys""}]"	נעמט ער צונויף עטלעכע יונגלעך און שפּילט מיט זיי 2 יאָר יידיש טעאַטער אויף דער פּראָווינץ.
P-1-facs_355_tr_1741260495	וויינבלאַט, טשאַרלס [קלמן]	entry	4	ניו יאָרק	settlement		plumber	return			none	1886	1925	True	settlement	Q60	New York City	40.712778	-74.006111	[]	ברענגט אים צוריק אין ניו יאָרק און גיט אים אַוועק צו אַ פּלאָמבער, וואו וו. אַרבעט אַ יאָר.
P-1-facs_355_tr_1741260495	וויינבלאַט, טשאַרלס [קלמן]	entry	5		unknown		performer	tour			none	1886	1925	True	empty					[]	פֿאָרט וו. ווידער אַרום מיט טרופּעס
P-1-facs_355_tr_1741260495	וויינבלאַט, טשאַרלס [קלמן]	entry	6	ניו יאָרק	settlement		lawyer	return			none	1886	1925	True	settlement	Q60	New York City	40.712778	-74.006111	[]	קומט וו. ווידער צוריק אין ניו יאָרק, וואו ער לערנט פּריוואַט, טרעט דערנאָך אַריין אַרבעטן צו אַן אַדוואָקאָט
P-1-facs_355_tr_1741260495	וויינבלאַט, טשאַרלס [קלמן]	entry	7	ניו יאָרק	settlement	אוירווינג-פלייס טעאַטער	manager	stay	1925	1927	explicit	1925	1927	False	settlement	Q60	New York City	40.712778	-74.006111	"[{""event_type"": ""business"", ""play"": """", ""venue"": ""אוירווינג-פלייס טעאַטער"", ""date"": """", ""description"": ""managed the theater with Max Wilner""}]"	1925-27— איז וו. געווען, צוזאַמען מיט מאָקס ווילנער, מענעדזשער פֿון אוירווינג-פלייס טעאַטער.
P-1-facs_355_tr_1741260495	וויינבלאַט, טשאַרלס [קלמן]	ישראל וויינגלאַט	8	בוקאַרעסט	settlement	גאָלדפֿאַדען	performer	stay			none	1887	1887	True	settlement	Q19660	Bucharest	44.413361	26.097778	[]	געפֿאָרן קיין בוקאַרעסט. אָבער דאָ איז ער אַריינגעטראָטן צו גאָלדפֿאַדען אין טרופּע
P-1-facs_355_tr_1741260495	וויינבלאַט, טשאַרלס [קלמן]	ישראל וויינגלאַט	9	יאָסי	settlement	מאָגולעסקאָס טרופּע	performer	stay			none	1887	1887	True	settlement	Q46852	Iași	47.162222	27.588889	[]	מאָגולעסקאָס טרופּע נעמט אים אַרויס פֿון גאָלדפֿאַדענען קיין יאָסי
P-1-facs_355_tr_1741260495	וויינבלאַט, טשאַרלס [קלמן]	ישראל וויינגלאַט	10	רוסלאַנד	country		performer	emigration			none	1887	1887	True	region	רוסלאנד	Russia	55.75	37.62	[]	פֿון רומעניע וואַנדערט וו. קיין רוסלאַנד
P-1-facs_355_tr_1741260495	וויינבלאַט, טשאַרלס [קלמן]	ישראל וויינגלאַט	11	רומעניע	country		performer	tour			none	1887	1887	True	region	רומעניע	Romania	45.94	24.97	[]	אָבער באָלד נאָכצוריק וואַנדערן איבער רומעניע.
P-1-facs_355_tr_1741260495	וויינבלאַט, טשאַרלס [קלמן]	ישראל וויינגלאַט	12	גאַליציע	region	משה פינקעלס טרופּע	performer	tour	1887		explicit	1887	1887	False	region	גאליציע	Galicia	49.55	24.0	[]	ביז אין 1887 פֿאָרט ער מיט משה פינקעלס טרופּע קיין גאַליציע
P-1-facs_355_tr_1741260495	וויינבלאַט, טשאַרלס [קלמן]	ישראל וויינגלאַט	13	רומעניע	country	גראָדנערס טרופּע	performer	return			none	1887	1887	True	region	רומעניע	Romania	45.94	24.97	[]	טרעט דערנאָך ווידער אַריין אין גראָדנערס טרופּע אין רומעניע.
P-1-facs_355_tr_1741260495	וויינבלאַט, טשאַרלס [קלמן]	ישראל וויינגלאַט	14	ווין	settlement		performer	stay			none	1887	1887	True	settlement	Q1741	Vienna	48.208333	16.3725	"[{""event_type"": ""performance"", ""play"": """", ""venue"": ""גרויסן דייטשן רינג-טעאָטער"", ""date"": """", ""description"": ""played at the Ring Theater""}]"	פּֿאָרט וו. קיין ווין, וואו ער שפּילט אין גרויסן דייטשן רינג-טעאָטער.
P-1-facs_355_tr_1741260495	וויינבלאַט, טשאַרלס [קלמן]	ישראל וויינגלאַט	15	אָדעס	settlement		performer	stay			none	1887	1887	True	settlement	Q1874	Odesa	46.47747	30.73262	"[{""event_type"": ""performance"", ""play"": """", ""venue"": ""מאָרינסקי-טעאַטער"", ""date"": """", ""description"": ""played at the Mariinsky Theater""}]"	דערנאָך קיין אָדעס, וואו ער שפּילט אין מאָרינסקי-טעאַטער
P-1-facs_355_tr_1741260495	וויינבלאַט, טשאַרלס [קלמן]	ישראל וויינגלאַט	16	קאָנסטאַנטינאָפּאָל	settlement		performer	tour			none	1887	1887	True	settlement	Q406	Istanbul	41.01	28.960278	[]	ווידער איבער רומעניע קיין קאָנסטאַנטינאָפּאָל
P-1-facs_355_tr_1741260495	וויינבלאַט, טשאַרלס [קלמן]	ישראל וויינגלאַט	17	ניו יאָרק	settlement	רומענישער טרופּע	performer	emigration	1887-09-28		explicit	1887	1887	False	settlement	Q60	New York City	40.712778	-74.006111	"[{""event_type"": ""performance"", ""play"": """", ""venue"": ""טעראָס-גאָרדען-טעאַטער"", ""date"": """", ""description"": ""began playing at Terrace Garden Theater""}, {""event_type"": ""performance"", ""play"": """", ""venue"": ""רומעניע אָפּערע-הויז"", ""date"": """", ""description"": ""played at the Romanian Opera House""}, {""event_type"": ""premiere"", ""play"": ""נחמן זלאַטאָפּאָלער"", ""venue"": ""רומעניע-אָפּערע-הויז"", ""date"": ""1891-01-01"", ""description"": ""premiere of his comedy""}]"	דעם 28 סעפּטעמבער 1887 בריינגט מאָגולעסקאָ אים... אין ניו יאָרק... שפּילן אין טעראָס-גאָרדען-טעאַטער
P-1-facs_355_tr_1741260495	וויינבלאַט, טשאַרלס [קלמן]	ישראל וויינגלאַט	18	רויזענהיין, ניו-דזשוירזיי	settlement		farmer	settled			none	1887	1887	True	unresolved					[]	ער קויפט אַ פֿאָרם נעבן רויזענהיין, ניו-דזשוירזיי, און כאָזעצט זיך דאָרט
P-1-facs_355_tr_1741260495	וויינבלאַט, טשאַרלס [קלמן]	ישראל וויינגלאַט	19	ניו יאָרק	settlement		performer	return			none	1887	1887	True	settlement	Q60	New York City	40.712778	-74.006111	"[{""event_type"": ""performance"", ""play"": """", ""venue"": ""פּיפּלס-טעאַטער"", ""date"": """", ""description"": ""performed without success""}]"	קומט צוריק אין ניו יאָרק און טרעט אויף אין פּיפּלס-טעאַטער
P-1-facs_35_tr_1740520972	אַדלער, קאָטיאָ [גוראַלניק]	entry	1	ניקאָפּאָל, אוקראַאינע	settlement			born	1881-05-25	1881-05-25	explicit	1881	1881	False	unresolved					[]	געב. 25 מאי (א. ס.) 1881 אין ניקאָפּאָל, אוקראַאינע
P-1-facs_35_tr_1740520972	אַדלער, קאָטיאָ [גוראַלניק]	entry	2	ניקאָפּאָל	settlement	ליבהאָבער-גרופּעס	performer	stay			none	1881	1908	True	unresolved					"[{""event_type"": ""other"", ""play"": """", ""venue"": """", ""date"": """", ""description"": ""began participating in amateur groups""}]"	אָנגעהויבן מיטווירקן אין ליבהאָבער-גרופּעס
P-1-facs_35_tr_1740520972	אַדלער, קאָטיאָ [גוראַלניק]	entry	3		unknown	סאָבסייס טרופּע	פּראָפעסיאנעלע אָרטיסטקע	stay	1908		explicit	1908	1908	False	empty					"[{""event_type"": ""debut"", ""play"": """", ""venue"": """", ""date"": ""1908"", ""description"": ""entered the troupe as a professional artist""}]"	אין 1908 טרעט זי אַריין אין סאָבסייס טרופּע אַלס פּראָפעסיאנעלע אָרטיסטקע
P-1-facs_35_tr_1740520972	אַדלער, קאָטיאָ [גוראַלניק]	entry	4	רוסלאַנד	country	פֿאַכלערס מיניאַטור-טרופּע	performer	tour			none	1908	1926	True	region	רוסלאנד	Russia	55.75	37.62	"[{""event_type"": ""marriage"", ""play"": """", ""venue"": """", ""date"": """", ""description"": ""married Yeremiyahu Adler""}]"	מאַכט זי מיט זיינע וואַנדערונגען איבער רוסלאַנד, אין פֿאַכלערס מיניאַטור-טרופּע
P-1-facs_35_tr_1740520972	אַדלער, קאָטיאָ [גוראַלניק]	entry	5	קאָנסטאַנטינאָפּאָל	settlement		performer	tour			none	1908	1926	True	settlement	Q406	Istanbul	41.01	28.960278	[]	קאָנסטאַנטינאָפּאָל
P-1-facs_35_tr_1740520972	אַדלער, קאָטיאָ [גוראַלניק]	entry	6	בולגאָריע	country		performer	tour			none	1908	1926	True	region	בולגאריע	Bulgaria	42.7	25.5	[]	בולגאָריע
P-1-facs_35_tr_1740520972	אַדלער, קאָטיאָ [גוראַלניק]	entry	7	רומעניע	country		performer	tour			none	1908	1926	True	region	רומעניע	Romania	45.94	24.97	[]	רומעניע
P-1-facs_35_tr_1740520972	אַדלער, קאָטיאָ [גוראַלניק]	entry	8	עסטרייך	country		performer	tour			none	1908	1926	True	region	עסטרייך	Austria	48.2	16.37	[]	עסטרייך
P-1-facs_35_tr_1740520972	אַדלער, קאָטיאָ [גוראַלניק]	entry	9	דייטשלאַנד	country		performer	tour			none	1908	1926	True	region	דייטשלאנד	Germany	52.52	13.4	[]	דייטשלאַנד
P-1-facs_35_tr_1740520972	אַדלער, קאָטיאָ [גוראַלניק]	entry	10	פּאַריז	settlement		performer	settled	1926		explicit	1926	1926	False	settlement	Q90	Paris	48.856667	2.352222	"[{""event_type"": ""performance"", ""play"": """", ""venue"": """", ""date"": """", ""description"": ""plays from time to time""}]"	זייט 1926 אין פּאַריז, וואו זי שפּילט פֿון צייט צו צייט
P-1-facs_389_tr_1739715087	זאַנגער יעקב	entry	1	וואַרשע, פּוילן	settlement			born	1895		explicit	1895	1895	False	settlement	Q270	Warsaw	52.23	21.011111	[]	געב. 1895 אין וואַרשע, פּוילן.
P-1-facs_389_tr_1739715087	זאַנגער יעקב	entry	2	וואַרשע	settlement	מוראַנאָווער טעאָטער	כאָריסט	stay			none	1895	1924	True	settlement	Q270	Warsaw	52.23	21.011111	"[{""event_type"": ""debut"", ""play"": ""שולמית"", ""venue"": ""מוראַנאָווער טעאָטער"", ""date"": """", ""description"": ""Started stage activity as a chorister and played the role of Shulamith""}]"	אָנגעהויבן זיין בינע-טעטיגקייט אין מוראַנאָווער טעאָטער (דיר. קאָמפּאַנעיעץ) אין וואַרשע אַלס כאָריסט
P-1-facs_389_tr_1739715087	זאַנגער יעקב	entry	3	רוסלאַנד	country	יוליוס אַדלערן	performer	emigration			none	1895	1924	True	region	רוסלאנד	Russia	55.75	37.62	[]	דערנאָך פֿאָרט ז. קיין רוסלאַנד צו יוליוס אַדלערן
P-1-facs_389_tr_1739715087	זאַנגער יעקב	entry	4	פּוילן	country	יוליוס אַדלערן	performer	return			none	1895	1924	True	region	פוילן	Poland	52.23	21.01	[]	מיט וועלכן ער קומט שפּעטער צוריק אין פּוילן
P-1-facs_389_tr_1739715087	זאַנגער יעקב	entry	5	אָדעם	settlement	ראָפּעלן און ביי קלאַראָ יאָנג	performer	stay			none	1895	1924	True	settlement	Q1874	Odesa	46.47747	30.73262	[]	אַ לענגערע צייט שפּילט ער אין אָדעם ביי ראָפּעלן און ביי קלאַראָ יאָנג
P-1-facs_389_tr_1739715087	זאַנגער יעקב	entry	6	קרעמענטשוג	settlement		performer	stay			none	1895	1924	True	settlement	Q156724	Kremenchuk	49.063056	33.403889	"[{""event_type"": ""performance"", ""play"": """", ""venue"": """", ""date"": """", ""description"": ""Played with Konievska, Breitman, and Sonia Brin after a short time in the army""}]"	שפּילט דערנאָך מיט קאָניעווסקא, ברייטמאַן און סאָניע ברין אין קרעמענטשוג
P-1-facs_389_tr_1739715087	זאַנגער יעקב	entry	7	פּאָלטאָווע	settlement		performer	flight			none	1895	1924	True	settlement	Q156747	Poltava	49.5894444444444	34.5513888888889	"[{""event_type"": ""conflict"", ""play"": """", ""venue"": """", ""date"": """", ""description"": ""The troupe left for Poltava due to a pogrom""}]"	צוליב אַ פּאָגראָם איז די טרופּע אַוועק קיין פּאָלטאָווע
P-1-facs_389_tr_1739715087	זאַנגער יעקב	entry	8	טאָגאָנראָג	settlement			pass_through			none	1895	1924	True	unresolved					"[{""event_type"": ""other"", ""play"": """", ""venue"": """", ""date"": """", ""description"": ""Arrested as a spy on the way to Sevastopol""}]"	"אויפֿן וועג קיין סעוואַסטאָפּאָל ווערט ז. אין טאָגאָנראָג אָרעסטירט אַלס ""שפּיאָן“"
P-1-facs_389_tr_1739715087	זאַנגער יעקב	entry	9	סעוואָסטאָפּאָל	settlement			stay			approximate	1895	1924	True	settlement	Q7525	Sevastopol	44.605	33.5225	[]	נאָך 2 יאָר אין סעוואָסטאָפּאָל
P-1-facs_389_tr_1739715087	זאַנגער יעקב	entry	10	קאָנסטאַנטינאָפּאָל	settlement			pass_through			none	1895	1924	True	settlement	Q406	Istanbul	41.01	28.960278	[]	פֿאָרט ער דורך קאָנסטאַנטינאָפּאָל
P-1-facs_389_tr_1739715087	זאַנגער יעקב	entry	11	איטאָליע	country			pass_through			none	1895	1924	True	region	איטאליע	Italy	41.9	12.5	[]	און איטאָליע
P-1-facs_389_tr_1739715087	זאַנגער יעקב	entry	12	ווין	settlement		performer	stay			none	1895	1924	True	settlement	Q1741	Vienna	48.208333	16.3725	"[{""event_type"": ""business"", ""play"": """", ""venue"": ""יידישע רעסטאָראָנען"", ""date"": """", ""description"": ""Sang in Jewish restaurants with other actors""}, {""event_type"": ""season"", ""play"": """", ""venue"": """", ""date"": """", ""description"": ""Played for 3 weeks under Shalom Podzamcze until the troupe fell apart due to typhus""}, {""event_type"": ""performance"", ""play"": """", ""venue"": """", ""date"": """", ""description"": ""Played with Molly Picon during her guest appearances""}]"	קיין ווין, וואו ער מיט נאָך אייניקע אַקטיאָרן לעבן פֿון זינגען לידלעך אין יידישע רעסטאָראָנען.
P-1-facs_389_tr_1739715087	זאַנגער יעקב	entry	13	פּאַריז	settlement		performer	stay			approximate	1895	1924	True	settlement	Q90	Paris	48.856667	2.352222	[]	פֿאָרט קיין פּאַריז, וואו ער שפּילט אייניקע חדשים
P-1-facs_389_tr_1739715087	זאַנגער יעקב	entry	14	לאָנדאָנער פּאָוויליאָן-טעאַטער	venue_only		performer	stay			approximate	1895	1924	True	unresolved					[]	דערנאָך 3 יאָר אין לאָנדאָנער פּאָוויליאָן-טעאַטער.
P-1-facs_389_tr_1739715087	זאַנגער יעקב	entry	15	דרום-אפריקע	country		performer	tour			approximate	1895	1924	True	settlement	Q258	South Africa	-29.0	24.0	"[{""event_type"": ""performance"", ""play"": """", ""venue"": """", ""date"": """", ""description"": ""Played for 6 months with Joseph Kessler""}]"	במשך פֿון דער צייט שפּילט ער 6 חדשים אין דרום-אפריקע צוזאָמען מיט יאָזער קעסלער.
P-1-facs_389_tr_1739715087	זאַנגער יעקב	entry	16	אַמעריקע	country		performer	emigration	1924		explicit	1924	1924	False	settlement	Q30	United States	39.828175	-98.5795	[]	אין 1924 קומט ז. אין אַמעריקע
P-1-facs_389_tr_1739715087	זאַנגער יעקב	entry	17	ניו יאָרק	settlement		performer	stay			none	1924	1926	True	settlement	Q60	New York City	40.712778	-74.006111	[]	שפּילט דורך דער צייט אין ניו יאָרק און אין דער פּראָווינץ.
P-1-facs_389_tr_1739715087	זאַנגער יעקב	entry	18	טאָראַנטאָ	settlement	האָלענדערס טרופּע	performer	stay	1926		explicit	1926	1926	False	settlement	Q172	Toronto	43.670278	-79.386667	[]	אין 1926 — אין האָלענדערס טרופּע אין טאָראַנטאָ
P-1-facs_389_tr_1739715087	זאַנגער יעקב	entry	19	שיקאָגאָ	settlement	גליקמאָן-מיכאָלעסקאָ	performer	stay	1927	1928	explicit	1927	1928	False	settlement	Q1297	Chicago	41.881944	-87.627778	[]	1927-8 — אין שיקאָגאָ ביי גליקמאָן-מיכאָלעסקאָ
P-1-facs_389_tr_1739715087	זאַנגער יעקב	entry	20	שיקאָגאָ	settlement	גליקמאַן	performer	stay	1928	1929	explicit	1928	1929	False	settlement	Q1297	Chicago	41.881944	-87.627778	"[{""event_type"": ""premiere"", ""play"": ""סינאָריטאָ"", ""venue"": """", ""date"": """", ""description"": ""His operetta 'Sinorito' was performed""}, {""event_type"": ""premiere"", ""play"": ""קאָווקאָזער געליבטע"", ""venue"": """", ""date"": """", ""description"": ""His operetta 'Kovkozer gelibte' was performed""}]"	"אין 1928-9 אין שיקאָגאָ ביי""גליקמאַן. ... אין שיקאָגאָ זיינען אויפגעפֿירט געוואָרן זיינע אָפּערעטן"
P-1-facs_405_r_4	זילבּערט, יעקב [קוליש]	entry	1	לוצק, וואָלינער גוב.	settlement			born	1871-04-05		explicit	1871	1871	False	unresolved					[]	געבוירן 5 אַפּריל 1871 אין לוצק, וואָלינער גוב.
P-1-facs_405_r_4	זילבּערט, יעקב [קוליש]	entry	2	לוצק	settlement		משורר	stay			approximate	1871	1924	True	unresolved					"[{""event_type"": ""other"", ""play"": """", ""venue"": """", ""date"": """", ""description"": ""sang as an alto for Cantor Moshe Soroker at age 10""}]"	אין עלטער פון 10 יאָר געזונגען אַלס אַלט ביים חזן משה סאָראָקער
P-1-facs_405_r_4	זילבּערט, יעקב [קוליש]	entry	3	ראָוונע	settlement		משורר	stay			approximate	1871	1924	True	settlement	Q156739	Rivne	50.619722	26.251389	[]	אַלס 14 יאָריקער אַוועק קיין ראָוונע און דאָרט געווען אַ קורצע צייט משורר ביי זיידעל ראָוונער
P-1-facs_405_r_4	זילבּערט, יעקב [קוליש]	entry	4	אָדעס	settlement		משורר	stay			none	1871	1924	True	settlement	Q1874	Odesa	46.47747	30.73262	[]	דערנאָך אין אָדעס ביים חזן ניסל בלומענטאַל
P-1-facs_405_r_4	זילבּערט, יעקב [קוליש]	entry	5	אָדעס	settlement	פישזאָן	כאָר	stay			none	1871	1924	True	settlement	Q1874	Odesa	46.47747	30.73262	[]	אונטער דער השפּעה פון פישזאָן אַריינגעטראָטן צו אים אין כאָר
P-1-facs_405_r_4	זילבּערט, יעקב [קוליש]	entry	6	פּראָווינץ	region	פישזאָן	כאָר	tour			none	1871	1924	True	unresolved					[]	נאָכן אַרומפאָרן אַ לענגערע צייט איבער דער פּראָווינץ
P-1-facs_405_r_4	זילבּערט, יעקב [קוליש]	entry	7	פּראָווינץ	region		זינגער	tour			none	1871	1924	True	unresolved					"[{""event_type"": ""performance"", ""play"": """", ""venue"": """", ""date"": """", ""description"": ""performed Yiddish concerts with the comic Finkel""}]"	צוזאַמען מיטן קאָמיקער פינקעל פֿאָרט ער אַרום איבער דער פּראָווינץ מיט יידישע קאָנצערטן
P-1-facs_405_r_4	זילבּערט, יעקב [קוליש]	entry	8	גאַליציע	region			flight			none	1871	1924	True	region	גאליציע	Galicia	49.55	24.0	[]	צוליבן פּריזיוו אַנטלאָפן קיין גאַליציע
P-1-facs_405_r_4	זילבּערט, יעקב [קוליש]	entry	9	אַמעריקע	country			emigration			none	1871	1924	True	settlement	Q30	United States	39.828175	-98.5795	[]	אָפּגעפאָרן קיין אַמעריקע
P-1-facs_405_r_4	זילבּערט, יעקב [קוליש]	entry	10	ניו יאָָרק	settlement	אָדלערס יוניאָןטעאַטער	כאָריסט און עפּיזאָדן-אַקטיאָר	stay			none	1871	1924	True	settlement	Q60	New York City	40.712778	-74.006111	"[{""event_type"": ""debut"", ""play"": ""מליץ יושר"", ""venue"": ""יוניאָןטעאַטער"", ""date"": """", ""description"": ""debuted as 'Der Boyer'""}]"	אָנגאַזשירט אַלס כאָריסט און עפּיזאָדן-אַקטיאָר אין אָדלערס יוניאָןטעאַטער (ניו יאָָרק, 8-טע סטריט)
P-1-facs_405_r_4	זילבּערט, יעקב [קוליש]	entry	11	פּראָווינץ	region		actor	tour			none	1871	1924	True	unresolved					"[{""event_type"": ""conflict"", ""play"": ""דער יידישער קעניג ליר"", ""venue"": """", ""date"": """", ""description"": ""conflict with Adler over playing David Mosheles in a play he illegally transcribed""}]"	פֿאָרט ז. ווידער איבער דער פּראָווינץ צוזאַמען מיט די טאַנצמאָזס און די ווילענסקיס
P-1-facs_405_r_4	זילבּערט, יעקב [קוליש]	entry	12	באָלטימאָר	settlement	פֿראָנט-סטריט טעאַטער	manager	stay			none	1871	1924	True	settlement	Q5092	Baltimore	39.286389	-76.615	"[{""event_type"": ""founding"", ""play"": """", ""venue"": ""פֿראָנט-סטריט טעאַטער"", ""date"": """", ""description"": ""opened the theater with Sam Adler""}, {""event_type"": ""season"", ""play"": """", ""venue"": """", ""date"": """", ""description"": ""played a season""}]"	עפֿנט ז. צוזאַמען מיט סעם אָדלער א. א. דאָס פֿראָנט-סטריט טעאַטער אין באָלטימאָר
P-1-facs_405_r_4	זילבּערט, יעקב [קוליש]	entry	13	לאָנדאָן	settlement		actor/director	stay			none	1871	1924	True	settlement	Q84	London	51.507222	-0.1275	"[{""event_type"": ""performance"", ""play"": ""דער יידישער קעניג ליר"", ""venue"": """", ""date"": """", ""description"": ""staged the play for the first time in Europe""}]"	פֿאָרט דערקיין לאָנדאָן, וואו ער שפּילט אַ לענגערע צייט
P-1-facs_405_r_4	זילבּערט, יעקב [קוליש]	entry	14	פּאַריז	settlement		actor	stay			none	1871	1924	True	settlement	Q90	Paris	48.856667	2.352222	[]	פֿון לאָנדאָן ווערט ז. אָנגאַזשירט קיין פּאַריז
P-1-facs_405_r_4	זילבּערט, יעקב [קוליש]	entry	15	בוקאַרעסט	settlement	זשיגניצאָ	actor/director	stay			none	1871	1924	True	settlement	Q19660	Bucharest	44.413361	26.097778	"[{""event_type"": ""performance"", ""play"": ""דער יידישער קעניג ליר"", ""venue"": ""זשיגניצאָ"", ""date"": """", ""description"": ""staged the play with Kalich as Taybele""}]"	דערנאָך אין בוקאַרעסטער זשיגניצאָ
P-1-facs_405_r_4	זילבּערט, יעקב [קוליש]	entry	16	יאָסי	settlement	גאָלדפֿאַדעןם טרופּע	actor	stay			none	1871	1924	True	settlement	Q46852	Iași	47.162222	27.588889	"[{""event_type"": ""performance"", ""play"": ""עקדת יצחק"", ""venue"": """", ""date"": """", ""description"": ""performed as Avraham""}]"	פֿון דאָרט גייט ז. איבער אין גאָלדפֿאַדעןם טרופּע אין יאָסי
P-1-facs_405_r_4	זילבּערט, יעקב [קוליש]	entry	17	לעמבערג	settlement	גימפּעל	שוישפּילער און רעזשיסער	stay			none	1871	1924	True	settlement	Q36036	Lviv	49.8425	24.032222	"[{""event_type"": ""business"", ""play"": """", ""venue"": """", ""date"": """", ""description"": ""became a partner with Gimpel""}]"	ווערט דערנאָך אָנגאַזשירט אַלס שוישפּילער און רעזשיסער קיין לעמבערג צו גימפּעל
P-1-facs_405_r_4	זילבּערט, יעקב [קוליש]	entry	18	פּראָווינץ	region	טאַנענצאָפּ	manager	tour			none	1871	1924	True	unresolved					[]	שטעלט ז. צונויף אַ טרופּע מיט די שוועסטער בריה און לאָזט זיך אָרויס איבער דער פּראָווינץ אונטער דער קאָנצעסיע פֿון טאַנענצאָפּ
P-1-facs_405_r_4	זילבּערט, יעקב [קוליש]	entry	19	לעמבערג	settlement	גימפּעל	actor	return			none	1871	1924	True	settlement	Q36036	Lviv	49.8425	24.032222	[]	דערנאָך טרעט ער אַריין ווידער צו גימפּעל
P-1-facs_405_r_4	זילבּערט, יעקב [קוליש]	entry	20	בודאָפּעסט	settlement		actor	stay			none	1871	1924	True	settlement	Q1781	Budapest	47.498333	19.040833	[]	שפּילט אַ קורצע צייט אין בודאָפּעסט
P-1-facs_405_r_4	זילבּערט, יעקב [קוליש]	entry	21	רומעניע	country	אַברהם אַקסעלראָד	actor	tour			none	1871	1924	True	region	רומעניע	Romania	45.94	24.97	[]	מיט אַברהם אַקסעלראָד אין רומעניע
P-1-facs_405_r_4	זילבּערט, יעקב [קוליש]	entry	22	בוקאָרעסט	settlement	זשיגניצא	actor	stay			none	1871	1924	True	settlement	Q19660	Bucharest	44.413361	26.097778	"[{""event_type"": ""founding"", ""play"": """", ""venue"": ""יידישן וואָרעוויל-טעאַטער"", ""date"": """", ""description"": ""opened a Vaudeville theater with Lize Rosenblum and others""}]"	ווידער אין בוקאָרעסטער זשיגניצא ביי סעגאָלעסקאָ
P-1-facs_405_r_4	זילבּערט, יעקב [קוליש]	entry	23	רומעניע	country		manager	tour			none	1871	1924	True	region	רומעניע	Romania	45.94	24.97	[]	אָרגאַניזירט דערנאָך אַ וואַנדער-טרופּע איבער רומעניע
P-1-facs_405_r_4	זילבּערט, יעקב [קוליש]	entry	24	קאָנסטאַנטינאָפּאָל	settlement	יאָזער וויינשטאָקס טרופּע	actor	stay			none	1871	1924	True	settlement	Q406	Istanbul	41.01	28.960278	[]	שפּעטער קיין קאָנסטאַנטינאָפּאָל, וואו זיי פֿאָראייניקט זיך מיט יאָזער וויינשטאָקס טרופּע
P-1-facs_405_r_4	זילבּערט, יעקב [קוליש]	entry	25	רומעניע	country		manager	tour			none	1871	1924	True	region	רומעניע	Romania	45.94	24.97	"[{""event_type"": ""performance"", ""play"": """", ""venue"": """", ""date"": """", ""description"": ""Mogulesko guest starred in his troupe""}]"	שפּעטער האָט ז. אָרגאַניזירט אַ וואַנדער-טרופּע פֿאָר רומעניע, אין וועלכער ס'האָט גאַסטראָלירט מאָגולעסקאָ
P-1-facs_405_r_4	זילבּערט, יעקב [קוליש]	entry	26	קאָנסטאַנטינאָפּאָל	settlement		manager	stay			none	1871	1924	True	settlement	Q406	Istanbul	41.01	28.960278	[]	איז די טרופּע אַוועק קיין קאָנסטאַנטינאָפּאָל
P-1-facs_405_r_4	זילבּערט, יעקב [קוליש]	entry	27	קאַאיראָ	settlement		actor	stay			none	1871	1924	True	settlement	Q85	Cairo	30.0444444444444	31.2358333333333	[]	ז. מיט זיין פֿאַמיליע זיינען געפֿאָרן קיין קאַאיראָ און אַריינגעטראָטן שפּילן אין אַ דאָרטיקער יידישער טרופּע
P-1-facs_405_r_4	זילבּערט, יעקב [קוליש]	entry	28	אָרץ-ישראל	country		performer	visit			none	1871	1924	True	settlement	Q155321	Land of Israel	31.0	35.0	"[{""event_type"": ""performance"", ""play"": """", ""venue"": """", ""date"": """", ""description"": ""gave a concert of Yiddish songs after theater attempts were blocked""}]"	ז. האָט אויך געפּרובט שפּילן יידיש טעאַטער אין אָרץ-ישראל
P-1-facs_405_r_4	זילבּערט, יעקב [קוליש]	entry	29	אייראָפּע	region			return			none	1871	1924	True	region	אייראפע	Europe	48.0	15.0	[]	איצט קערט ז. צוריק קיין אייראָפּע
P-1-facs_405_r_4	זילבּערט, יעקב [קוליש]	entry	30	בודאָפּעסט	settlement		actor	stay			none	1871	1924	True	settlement	Q1781	Budapest	47.498333	19.040833	"[{""event_type"": ""season"", ""play"": """", ""venue"": """", ""date"": """", ""description"": ""played a season with Wolfsthal and Auerbach""}]"	פֿאַראייניקט זיך מיט חנאַ וואָלפסטאָל און יצחק אויערבאָך אין בודאָפּעסט און שפּילט דאָרט אַ סעזאָן
P-1-facs_405_r_4	זילבּערט, יעקב [קוליש]	entry	31	בערלין	settlement	טאָליאַ-טעאַטער	actor/student	stay			none	1871	1924	True	settlement	Q64	Berlin	52.516667	13.383333	"[{""event_type"": ""other"", ""play"": """", ""venue"": """", ""date"": """", ""description"": ""began studying music at the initiative of Prof. Lieve""}]"	איבערגעגאַנגען אין טאָליאַ-טעאַטער אין בערלין
P-1-facs_405_r_4	זילבּערט, יעקב [קוליש]	entry	32	ניו יאָָרק	settlement	ווינדזאָר-טעאַטער	actor	stay			none	1871	1924	True	settlement	Q60	New York City	40.712778	-74.006111	"[{""event_type"": ""performance"", ""play"": ""בר-כוכבאַ"", ""venue"": ""ווינדזאָר-טעאַטער"", ""date"": """", ""description"": ""performed as Bar-Kokhba""}]"	אונגאַזשירט פֿאָרן ווינדזאָר-טעאַטער אין ניו יאָָרק
P-1-facs_405_r_4	זילבּערט, יעקב [קוליש]	entry	33	שיקאָגאָ	settlement	גליקמאַן	actor/manager	stay			none	1871	1924	True	settlement	Q1297	Chicago	41.881944	-87.627778	"[{""event_type"": ""season"", ""play"": """", ""venue"": """", ""date"": """", ""description"": ""played a season and later ran his own theater""}]"	דעם קומענדן סעזאָן שפּילט ז. אין שיקאָגאָ ביי גליקמאַן
P-1-facs_405_r_4	זילבּערט, יעקב [קוליש]	entry	34	באָסטאָן	settlement	האָפּ-טעאַטער	manager	stay			none	1871	1924	True	settlement	Q100	Boston	42.360278	-71.057778	[]	שפּעטער דעם האָפּ-טעאַטער אין באָסטאָן
P-1-facs_405_r_4	זילבּערט, יעקב [קוליש]	entry	35	ניו יאָרק	settlement	3טן סטריט-טעאַטער	manager	stay			none	1871	1924	True	settlement	Q60	New York City	40.712778	-74.006111	[]	שפּעטער פֿירט אָן ז. מיטן 3טן סטריט-טעאַטער אין ניו יאָרק
P-1-facs_405_r_4	זילבּערט, יעקב [קוליש]	entry	36	ניו יאָרק	settlement	טעאַטער אויף דער 110-טער סטריט און 5-טע עוועניו	manager	stay			none	1871	1924	True	settlement	Q60	New York City	40.712778	-74.006111	"[{""event_type"": ""season"", ""play"": """", ""venue"": """", ""date"": """", ""description"": ""managed for a season""}]"	אַ סעזאָן מיטן טעאַטער אויף דער 110-טער סטריט און 5-טע עוועניו
P-1-facs_405_r_4	זילבּערט, יעקב [קוליש]	entry	37	וואַרשע, לאָדזש, אָדעס	region		guest performer	tour			none	1871	1924	True	settlement	Q270	Warsaw	52.23	21.011111	[]	זומער גאַסטראָלירט ז. אין פּוילן און רוסלאַנד (וואַרשע, לאָדזש, אָדעס)
P-1-facs_405_r_4	זילבּערט, יעקב [קוליש]	entry	38	אָרגענטינע	country		guest performer	tour			none	1871	1924	True	settlement	Q414	Argentina	-34.0	-64.0	[]	דערנאָך אין אָרגענטינע
P-1-facs_405_r_4	זילבּערט, יעקב [קוליש]	entry	39	ניו יאָרק	settlement	סעקאָנר-עוועניו-טעאַטער	actor	stay			none	1871	1924	True	settlement	Q60	New York City	40.712778	-74.006111	[]	שפּילט שפּעטער אויפֿן גאָרדן-רוף אין סעקאָנר-עוועניו-טעאַטער
P-1-facs_405_r_4	זילבּערט, יעקב [קוליש]	entry	40	פּראָווינץ	region		actor	tour	1924	1925	explicit	1924	1925	False	unresolved					[]	1924-25 — האָט ז. געשפּילט איבער דער פּראָווינץ
P-1-facs_405_r_4	זילבּערט, יעקב [קוליש]	entry	41	פֿילאָדעלפיע	settlement	טאָמאָשעווסקי	actor	stay	1926		explicit	1926	1926	False	settlement	Q1345	Philadelphia	39.952778	-75.163611	[]	1926 — ביי טאָמאָשעווסקי אין פֿילאָדעלפיע
P-1-facs_405_r_4	זילבּערט, יעקב [קוליש]	entry	42	פּאַריז און אין בערלין	region		guest performer	tour	1927		explicit	1927	1927	False	settlement_first_of_list	Q90	Paris	48.856667	2.352222	[]	זומער 1927 — גאַסטראָלירט מיט זיין פרוי אין פּאַריז און אין בערלין
P-1-facs_405_r_4	זילבּערט, יעקב [קוליש]	entry	43	בראַנקס	settlement	מעקינלי-סקווער-טעאַטער	actor	stay	1927	1928	approximate	1927	1928	False	settlement	Q18426	Bronx	40.837	-73.865	[]	דעם ווינטער-סעזאָן געשפּילט אין בראַנקסער מעקינלי-סקווער-טעאַטער
P-1-facs_405_r_4	זילבּערט, יעקב [קוליש]	entry	44	פּוילן	country	אייגענער טרופּע	manager	tour	1928		explicit	1928	1928	False	region	פוילן	Poland	52.23	21.01	[]	1928 — גאַסטראָלירט אין אייראָפּע און אַרומגעפֿאָרן איבער פּוילן מיט אַן אייגענער טרופּע
P-1-facs_406_tr_1739715063	זילבערט, ליזאַ	entry	1	יאָסי, רומעניע	settlement			born	1881		explicit	1881	1881	False	settlement	Q46852	Iași	47.162222	27.588889	[]	געבוירן 1881 אין יאָסי, רומעניע.
P-1-facs_406_tr_1739715063	זילבערט, ליזאַ	entry	2	רומעניע	country	איר פֿאָטערס דירעקציע	performer	stay			none	1881	1919	True	region	רומעניע	Romania	45.94	24.97	"[{""event_type"": ""performance"", ""play"": """", ""venue"": """", ""date"": """", ""description"": ""Started playing child roles at age 4""}]"	אין עלטער פֿון 4 יאָר אָנגעהויבן שפּילן קינדער-ראָלן אין רומעניע אונטער איר פֿאָטערס דירעקציע
P-1-facs_406_tr_1739715063	זילבערט, ליזאַ	entry	3	גאָליציע	region	טרייטלערס טרופּע	performer	stay			none	1881	1919	True	region	גאליציע	Galicia	49.55	24.0	[]	שפּעטער אין טרייטלערס טרופּע אין גאָליציע.
P-1-facs_406_tr_1739715063	זילבערט, ליזאַ	entry	4	יאָסי	settlement	איר פֿאָטערס דירעקציע	performer	stay			none	1881	1919	True	settlement	Q46852	Iași	47.162222	27.588889	"[{""event_type"": ""performance"", ""play"": ""אסתר המלכה"", ""venue"": """", ""date"": """", ""description"": ""Performed as Esther Hamalka in Goldfaden's Ahasuerus at age 11""}]"	"אין עלטער פֿון 11 יאָר אויפֿגעטראָטן אַלס „אסתר המלכה"" אין גאָלדפֿאַדעוס „אָחשורוש“ אונטער איר פֿאָטערס דירעקציע אין יאָסי"
P-1-facs_406_tr_1739715063	זילבערט, ליזאַ	entry	5	קאָנסטאַנטינאָפּאָל	settlement	איר פֿאָטערס טרופּע	performer	tour			none	1881	1919	True	settlement	Q406	Istanbul	41.01	28.960278	[]	אין עלטער פֿון 13 יאָר פֿאָרט ז. מיט איר פֿאָטערס טרופּע קיין קאָנסטאַנטינאָפּאָל
P-1-facs_406_tr_1739715063	זילבערט, ליזאַ	entry	6	עגיפּטן	country		performer	stay			none	1881	1919	True	region	עגיפטן	Egypt	30.05	31.23	[]	דערנאָך שפּילט זי אַ יאָר יידיש טעאַטער אין עגיפּטן
P-1-facs_406_tr_1739715063	זילבערט, ליזאַ	entry	7	רומעניע	country		performer	stay			none	1881	1919	True	region	רומעניע	Romania	45.94	24.97	"[{""event_type"": ""marriage"", ""play"": """", ""venue"": """", ""date"": """", ""description"": ""Married Jacob Silbert""}]"	ווידער אין רומעניע, וואו זיי האָט חתונה מיט יעקב זילבערט
P-1-facs_406_tr_1739715063	זילבערט, ליזאַ	entry	8	דייטשלאַנד	country		performer	tour			none	1881	1919	True	region	דייטשלאנד	Germany	52.52	13.4	[]	שפּילט מיט אים אין דייטשלאַנד
P-1-facs_406_tr_1739715063	זילבערט, ליזאַ	entry	9	אונגאָרן	country		performer	tour			none	1881	1919	True	region	אונגארן	Hungary	47.5	19.05	[]	און אונגאָרן
P-1-facs_406_tr_1739715063	זילבערט, ליזאַ	entry	10	אַמעריקע	country		performer	emigration			none	1881	1919	True	settlement	Q30	United States	39.828175	-98.5795	[]	וואַנדערט אויס קיין אַמעריקע
P-1-facs_406_tr_1739715063	זילבערט, ליזאַ	entry	11	ניו יאָרק	settlement	יידישן קונסט-טעאַטער	performer	stay	1919	1924	explicit	1919	1924	False	settlement	Q60	New York City	40.712778	-74.006111	"[{""event_type"": ""season"", ""play"": """", ""venue"": ""אוירווינג פלייס-טעאַטער"", ""date"": ""1919-20"", ""description"": ""Performed at the Yiddish Art Theatre under Ben-Ami""}, {""event_type"": ""season"", ""play"": """", ""venue"": ""אוירווינג פלייס-טעאַטער"", ""date"": ""1923-24"", ""description"": ""Performed at the Yiddish Art Theatre""}]"	1919-20 און 1923-4 — האָט ז. געשפּילט אין יידישן קונסט-טעאַטער אין אוירווינג פלייס-טעאַטער
P-1-facs_406_tr_1739715063	זילבערט, ליזאַ	entry	12	ניו יאָרק	settlement	יידישן קונסט-טעאַטער	performer	stay	1928	1929	explicit	1928	1929	False	settlement	Q60	New York City	40.712778	-74.006111	[]	1928-29— אין יידישן קונסט-טעאַטער
P-1-facs_406_tr_1739715063	זילבערט, ליזאַ	entry	13	פֿילאָדעלפֿיער	settlement	אָרטש סטריט-טעאַטער	performer	stay	1929		explicit	1929	1929	False	settlement	Q1345	Philadelphia	39.952778	-75.163611	[]	1929 — אָנגעהויבן שפּילן אין פֿילאָדעלפֿיער אָרטש סטריט-טעאַטער
P-1-facs_406_tr_1739715063	זילבערט, ליזאַ	entry	14	ניו יאָרק	settlement		performer	stay			none	1929	1929	True	settlement	Q60	New York City	40.712778	-74.006111	"[{""event_type"": ""performance"", ""play"": ""מענדעל אינקאָרפּאָרייטער"", ""venue"": """", ""date"": """", ""description"": ""Performed in English comedy""}]"	איבערגעגאַנגען שפּילן אין ניו יאָרק אויף ענגליש אין דער קאָמעדיע „מענדעל אינקאָרפּאָרייטער“
P-1-facs_414_r_304	זעלצער, דזשעני	entry	1	קאָנסטאַנטינאָפּאָל	settlement	קלאַראַ יאָנג	performer	stay	1918	1918	explicit	1918	1918	False	settlement	Q406	Istanbul	41.01	28.960278	"[{""event_type"": ""performance"", ""play"": """", ""venue"": """", ""date"": ""1918"", ""description"": ""played with Clara Young""}]"	געשפּילט אין 1918 ביי קלאַראַ יאָנג אין קאָנסטאַנטינאָפּאָל
P-1-facs_414_r_304	זעלצער, דזשעני	entry	2	רומעניע	country	קלאַראַ יאָנג	performer	tour			none	1918	1928	True	region	רומעניע	Romania	45.94	24.97	"[{""event_type"": ""season"", ""play"": """", ""venue"": """", ""date"": """", ""description"": ""a season with Clara Young""}]"	דערנאָך מיט איר אַ סעזאָן אין רומעניע
P-1-facs_414_r_304	זעלצער, דזשעני	entry	3	טשערנאָוויץ	settlement	רחל אַקסעלראָד	performer	stay			none	1918	1928	True	settlement	Q157725	Chernivtsi	48.290833	25.934444	"[{""event_type"": ""performance"", ""play"": """", ""venue"": """", ""date"": """", ""description"": ""played for a year and a half with Rachel Axelrad""}]"	1/2 1 יאָר ביי רחל אַקסעלראָד אין טשערנאָוויץ
P-1-facs_414_r_304	זעלצער, דזשעני	entry	4	בוקאַרעסט	settlement	קאָנאָפּאָוו	performer	stay			none	1918	1928	True	settlement	Q19660	Bucharest	44.413361	26.097778	"[{""event_type"": ""performance"", ""play"": """", ""venue"": """", ""date"": """", ""description"": ""played for 6 months with Konopov""}]"	6 חדשים מיט קאָנאָפּאָוו אין בוקאַרעסט
P-1-facs_414_r_304	זעלצער, דזשעני	entry	5	רומעניע	country	רומענישער אָפּערעטע	performer	tour			none	1918	1928	True	region	רומעניע	Romania	45.94	24.97	"[{""event_type"": ""performance"", ""play"": """", ""venue"": """", ""date"": """", ""description"": ""participated in a tour of the Romanian Operetta""}]"	ז. באַטייליקט זיך אויך אין אַ טורנעע פֿון דער רומענישער אָפּערעטע
P-1-facs_414_r_304	זעלצער, דזשעני	entry	6	unknown	unknown	יידיש רעווי-טעאַטער	performer	stay	1928	1928	explicit	1928	1928	False	unresolved					"[{""event_type"": ""performance"", ""play"": """", ""venue"": ""יידיש רעווי-טעאַטער"", ""date"": ""1928"", ""description"": ""played in the Yiddish Revue Theater during winter""}]"	ווינטער 1928 האָט ז. געשפּילט אין יידיש רעווי-טעאַטער
P-1-facs_414_r_304	זעלצער, דזשעני	entry	7	unknown	unknown	עטינגערסענאָל	performer	stay	1928	1928	explicit	1928	1928	False	unresolved					"[{""event_type"": ""performance"", ""play"": """", ""venue"": """", ""date"": ""1928"", ""description"": ""played in Ettinger-Senol's troupe during summer""}]"	זומער 1928 — אין דער טרופּע פֿון עטינגערסענאָל
P-1-facs_50_tr_1740521040	אַמאַטין, סאָניאַ [שרה גאָלדבערג-לעווין]	entry	1	ווילנע	settlement			born	1899-08-15		explicit	1899	1899	False	settlement	Q216	Vilnius	54.687222	25.28	[]	געבוירן 15 אויגוסט 1899 אין ווילנע
P-1-facs_50_tr_1740521040	אַמאַטין, סאָניאַ [שרה גאָלדבערג-לעווין]	entry	2	ווילנע	settlement		student	stay			none	1899	1918	True	settlement	Q216	Vilnius	54.687222	25.28	"[{""event_type"": ""other"", ""play"": """", ""venue"": ""רוסישע פֿאָלקס-שול"", ""date"": """", ""description"": ""finished a Russian folk school""}]"	געענדיקט אַ רוסישע פֿאָלקס-שול אין ווילנע
P-1-facs_50_tr_1740521040	אַמאַטין, סאָניאַ [שרה גאָלדבערג-לעווין]	entry	4	יעקאַטערינאָסלאָוו	settlement	טרופּע פֿון בראָנדעסקאָ און בראָסלאָווסקי	כאָריסטקע	stay	1918		explicit	1918	1918	False	settlement	Q48256	Dnipro	48.4675	35.04	"[{""event_type"": ""debut"", ""play"": """", ""venue"": """", ""date"": ""1918"", ""description"": ""joined the troupe as a chorister""}]"	אין 1918 טרעט זי אַריין אַלס כאָריסטקע אין דער טרופּע פֿון בראָנדעסקאָ און בראָסלאָווסקי
P-1-facs_50_tr_1740521040	אַמאַטין, סאָניאַ [שרה גאָלדבערג-לעווין]	entry	5	קרים	region			pass_through			none	1918	1922	True	settlement	Q7835	Crimea	45.0	34.0	[]	פֿאָרט זי איבער קרים
P-1-facs_50_tr_1740521040	אַמאַטין, סאָניאַ [שרה גאָלדבערג-לעווין]	entry	6	קאָנסטאַנטינאָפּאָל	settlement			stay			none	1918	1922	True	settlement	Q406	Istanbul	41.01	28.960278	"[{""event_type"": ""marriage"", ""play"": """", ""venue"": """", ""date"": """", ""description"": ""married the actor Peter Amatin""}]"	קיין קאָנסטאַנטינאָפּאָל, וואו זיי האָט חתונה מיטן אַקטיאָר פּעטער אַמאַטיין
P-1-facs_50_tr_1740521040	אַמאַטין, סאָניאַ [שרה גאָלדבערג-לעווין]	entry	7	ווין	settlement		performer	stay	1922		explicit	1922	1922	False	settlement	Q1741	Vienna	48.208333	16.3725	"[{""event_type"": ""founding"", ""play"": """", ""venue"": """", ""date"": ""1922"", ""description"": ""her husband organized a troupe where she began playing roles""}]"	אין 1922, ווען זיי פֿאָרן קיין ווין, אָרגאַניזירט איר מאַן אַ טרופּע, אין וועלכער זיי הויבט אָן שפּילן ראָלן
P-1-facs_50_tr_1740521040	אַמאַטין, סאָניאַ [שרה גאָלדבערג-לעווין]	entry	8	פּראָווינץ פֿון רומעניע	region		performer	tour			none	1922	1927	True	unresolved					[]	דורכמאָכנדיק אייניקע טורנעען איבער דער פּראָווינץ פֿון רומעניע
P-1-facs_50_tr_1740521040	אַמאַטין, סאָניאַ [שרה גאָלדבערג-לעווין]	entry	9	טשערנאָוויץ	settlement	ריישן	performer	stay	1927		explicit	1927	1927	False	settlement	Q157725	Chernivtsi	48.290833	25.934444	[]	אין 1927 אָנגאַזשירט צו ריישן אין טשערנאָוויץ
P-1-facs_50_tr_1740521040	אַמאַטין, סאָניאַ [שרה גאָלדבערג-לעווין]	entry	10	בוקאַרעסט	settlement	איציקל גאָלדענבערג	performer	stay			none	1927	1927	True	settlement	Q19660	Bucharest	44.413361	26.097778	[]	פֿון דאָרט צו איציקל גאָלדענבערג אין בוקאַרעסט
P-1-facs_50_tr_1740521040	אַמאַטין, סאָניאַ [שרה גאָלדבערג-לעווין]	די עלטערן	3	יעקאַטערינאָסלאָוו	settlement			settled			none			True	settlement	Q48256	Dnipro	48.4675	35.04	[]	פֿון וואָנען די עלטערן טראָגן זיך איבער קיין יעקאַטערינאָסלאָוו
P-1-facs_50_tr_1740521042	אַמאַסיאַ, אַלעקס [אלעקסאַנדער]	entry	1	אָדעם, אוקראָאינע	settlement			born	1887-07-16	1887-07-16	explicit	1887	1887	False	settlement	Q1874	Odesa	46.47747	30.73262	[]	געב. 16 יולי 1887 אין אָדעם, אוקראָאינע.
P-1-facs_50_tr_1740521042	אַמאַסיאַ, אַלעקס [אלעקסאַנדער]	entry	2	אָדעם	settlement	ליבהאָבער	performer	stay	1899	1901	approximate	1899	1901	False	settlement	Q1874	Odesa	46.47747	30.73262	"[{""event_type"": ""performance"", ""play"": """", ""venue"": """", ""date"": """", ""description"": ""played with amateurs between ages 12 and 14""}]"	אין עלטער פֿון 12 ביז 14 יאָר געשפּילט מיט ליבהאָבער“.
P-1-facs_50_tr_1740521042	אַמאַסיאַ, אַלעקס [אלעקסאַנדער]	entry	3	אָדעם	settlement	קליינרוסישער טרופּע	performer	stay			none	1899	1907	True	settlement	Q1874	Odesa	46.47747	30.73262	[]	טרעט אַריין אין אַ קליינרוסישער טרופּע.
P-1-facs_50_tr_1740521042	אַמאַסיאַ, אַלעקס [אלעקסאַנדער]	entry	4	בערעזאָווקע, ביי אָדעם	settlement	מישוראָט	performer	tour			none	1899	1907	True	unresolved					[]	גייט ער איבער צו איר און פֿאָרט מיט אין שטעטל בערעזאָווקע, ביי אָדעם.
P-1-facs_50_tr_1740521042	אַמאַסיאַ, אַלעקס [אלעקסאַנדער]	entry	5	רוסלאַנד	country		clown	tour			none	1899	1907	True	region	רוסלאנד	Russia	55.75	37.62	"[{""event_type"": ""performance"", ""play"": """", ""venue"": ""צירק"", ""date"": """", ""description"": ""performed as a clown in a circus""}]"	פֿון דאָרט וואַנדערט ער איבער די גרעסערע און קלענערע שטעט פֿון רוסלאַנד. במשך פֿון דער צייט טרעט ער אויך אויף אַלס קלאָון. אין אַ צירק.
P-1-facs_50_tr_1740521042	אַמאַסיאַ, אַלעקס [אלעקסאַנדער]	entry	6	רוסלאַנד	country	גענפֿער און ראָטשטיין	performer	stay	1907	1909	explicit	1907	1909	False	region	רוסלאנד	Russia	55.75	37.62	"[{""event_type"": ""season"", ""play"": """", ""venue"": """", ""date"": ""1907-1909"", ""description"": ""played in the troupes of Genfer and Rothstein""}]"	די סעזאָנען 1907-9 שפּילט ער אין די טרופּעס פון גענפֿער און ראָטשטיין
P-1-facs_50_tr_1740521042	אַמאַסיאַ, אַלעקס [אלעקסאַנדער]	entry	7	רוסלאַנד	country	סאָבסיי, נענפער און ליבערט	performer	stay			none	1907	1923	True	region	רוסלאנד	Russia	55.75	37.62	[]	ווען ער קומט צוריק פֿון מיליטערדינסט, שפּילט ער אין די טרופּעס פֿון סאָבסיי, נענפער און ליבערט.
P-1-facs_50_tr_1740521042	אַמאַסיאַ, אַלעקס [אלעקסאַנדער]	entry	8	רוסלאַנד	country	יידישן קונסט-ווינקל	performer	stay			none	1907	1923	True	region	רוסלאנד	Russia	55.75	37.62	[]	"נאָך דער רעוואָלוציע ווערט ער נאַציאָנאָליזירט און באַטייליקט זיך אין יידישן קונסט-ווינקל""."
P-1-facs_50_tr_1740521042	אַמאַסיאַ, אַלעקס [אלעקסאַנדער]	entry	9	קאָנסטאַנטינאָפּאָל	settlement	יידיש טעאַטער	performer	stay	1923		approximate	1923	1923	False	settlement	Q406	Istanbul	41.01	28.960278	[]	אין 1923 פֿאַרלאָזט ער רוסלאַנד און נאָכדעם ווי ער שפּילט 7 חרשים יידיש טעאַטער אין קאָנסטאַנטינאָפּאָל
P-1-facs_50_tr_1740521042	אַמאַסיאַ, אַלעקס [אלעקסאַנדער]	entry	10	פֿילאָדעלפיע	settlement	אָנשעל שאָר	performer	stay			none	1923	1929	True	settlement	Q1345	Philadelphia	39.952778	-75.163611	"[{""event_type"": ""season"", ""play"": """", ""venue"": """", ""date"": """", ""description"": ""played two seasons with Anshel Schorr""}]"	קומט ער אין אַמעריקע, וואו ער שפּילט צוויי סעזאָנען אין פֿילאָדעלפיע ביי אָנשעל שאָר
P-1-facs_50_tr_1740521042	אַמאַסיאַ, אַלעקס [אלעקסאַנדער]	entry	11	שיקאַגאַ	settlement	גליקמאַן	performer	stay			none	1923	1929	True	settlement	Q1297	Chicago	41.881944	-87.627778	"[{""event_type"": ""season"", ""play"": """", ""venue"": """", ""date"": """", ""description"": ""played one season with Glickman""}]"	1 סעזאָן אין שיקאַגאַ ביי גליקמאַן
P-1-facs_50_tr_1740521042	אַמאַסיאַ, אַלעקס [אלעקסאַנדער]	entry	12	ניו יאָרק	settlement		stage-manager	stay			none	1923	1929	True	settlement	Q60	New York City	40.712778	-74.006111	"[{""event_type"": ""season"", ""play"": """", ""venue"": ""מעקינלי סקווערטעאַטער"", ""date"": """", ""description"": ""played one season and served as stage manager""}]"	אַ סעזאָן אין מעקינלי סקווערטעאַטער אין ניו יאָרק, וואו ער איז אויך סטיידזש-מענעדזשער.
P-1-facs_50_tr_1740521042	אַמאַסיאַ, אַלעקס [אלעקסאַנדער]	entry	13	באָלטימאָר	settlement	משה שאָר	performer	stay	1929	1930	explicit	1929	1930	False	settlement	Q5092	Baltimore	39.286389	-76.615	[]	1929-30 — אין באָלטימאָר ביי משה שאָר.
P-1-facs_50_tr_1740521046	אַמאַטין, פּעטער [פּסח גאָלדבערג]	entry	1	טערעספּאָל שעדל. גוב., פּוילן	settlement			born	1894-08-10		explicit	1894	1894	False	region_first_of_list	פוילן	Poland	52.23	21.01	[]	געב. 10 אויגוסט 1894 אין טערעספּאָל שעדל. גוב., פּוילן.
P-1-facs_50_tr_1740521046	אַמאַטין, פּעטער [פּסח גאָלדבערג]	entry	2	וואַרשע	settlement	רוסישער פּריוואָט-גימנאַזיע גענעראָל וואָסילעווסקי	student	settled			none	1894	1912	True	settlement	Q270	Warsaw	52.23	21.011111	[]	עלטערן — סוחרים, וואָס טראָגן זיך איבער קיין וואַרשע. דאָרט ענדיקט ער 2 קלאָסן פֿון דער רוסישער פּריוואָט-גימנאַזיע
P-1-facs_50_tr_1740521046	אַמאַטין, פּעטער [פּסח גאָלדבערג]	entry	3	קאָנסטאַנטינאָל	settlement	פֿראַנצויזישער קאָמערץ-שול	student	emigration		1912	approximate	1912	1912	False	unresolved					[]	ווען ער וואַנדערט אויס קיין קאָנסטאַנטינאָל, זעצט ער פֿאָרט זיין בילדונג ביזן 6טן קלאָס פון אַ פֿראַנצויזישער קאָמערץ-שול.
P-1-facs_50_tr_1740521046	אַמאַטין, פּעטער [פּסח גאָלדבערג]	entry	4	קאָנסטאַנטינאָפּאָל	settlement	לעאָפּאָלד קאָנערם יידישער טרופּע	performer	stay	1912	1913	explicit	1912	1913	False	settlement	Q406	Istanbul	41.01	28.960278	"[{""event_type"": ""debut"", ""play"": """", ""venue"": """", ""date"": ""1912"", ""description"": ""Joined Leopold Koner's Yiddish troupe""}]"	אין 1912 אַריינגעטראָטן אין לעאָפּאָלד קאָנערם יידישער טרופּע אין קאָנסטאַנטינאָפּאָל
P-1-facs_50_tr_1740521046	אַמאַטין, פּעטער [פּסח גאָלדבערג]	entry	5	אָריענט	region	דייטשער אָפּערעטן-טרופּע מיט פֿריצי אַרקאָ	performer	tour	1913	1914	explicit	1913	1914	False	region	אריענט	the Orient	38.0	30.0	[]	אין 1913 אַרומגעפֿאָרן אויף אַ טורנעע איבערן אָריענט מיט אַ דייטשער אָפּערעטן-טרופּע
P-1-facs_50_tr_1740521046	אַמאַטין, פּעטער [פּסח גאָלדבערג]	entry	6	אָדעס	settlement	גוזיקס טרופּע	performer	stay	1914	1915	explicit	1914	1915	False	settlement	Q1874	Odesa	46.47747	30.73262	"[{""event_type"": ""performance"", ""play"": """", ""venue"": """", ""date"": """", ""description"": ""Performed Yiddish repertoire in Russian due to the ban on Yiddish theater""}]"	אין 1914 — אַרויסגעשיקט אַלס רוסישער אונטערטאָן קיין אָדעס, וואו ער ווערט אָנגאַזשירט אין גוזיקס טרופּע
P-1-facs_50_tr_1740521046	אַמאַטין, פּעטער [פּסח גאָלדבערג]	entry	7	אָדעס	settlement	זאָסלאָווסקיס טרופּע	performer	stay	1915	1916	explicit	1915	1916	False	settlement	Q1874	Odesa	46.47747	30.73262	[]	1915 — אַריינגעטראָטן אין זאָסלאָווסקיס טרופּע, וועלכע שפּילט אויף רוסיש.
P-1-facs_50_tr_1740521046	אַמאַטין, פּעטער [פּסח גאָלדבערג]	entry	8	אָדעס	settlement	רוסישער קליין-קונסט-טרופּע פֿון זעליעגעוו-ווערט	performer	stay	1916	1917	approximate	1916	1917	False	settlement	Q1874	Odesa	46.47747	30.73262	[]	סוף 1916 אָנגעהויבן שפּילן אין דער רוסישער קליין-קונסט-טרופּע פֿון זעליעגעוו-ווערט.
P-1-facs_50_tr_1740521046	אַמאַטין, פּעטער [פּסח גאָלדבערג]	entry	9	אָדעס	settlement	זאַסלאָווסקיס טרופּע	performer	stay	1917	1918	approximate	1917	1918	False	settlement	Q1874	Odesa	46.47747	30.73262	"[{""event_type"": ""performance"", ""play"": ""פֿאַרזונקענער גלאָק"", ""venue"": ""מיריאָגראַף גראָסמאַן"", ""date"": ""1918"", ""description"": ""Acted in films for Miriograph Grossman""}]"	נאָך דער רעוואָלוצוע טרעט ער צוריק אַריין אין זאַסלאָווסקיס טרופּע... אין 1918 געשפּילט אין אָדעם ביי דער פֿילסגעזעלשאָפֿט „מיריאָגראַף גראָסמאַן“
P-1-facs_50_tr_1740521046	אַמאַטין, פּעטער [פּסח גאָלדבערג]	entry	10	קאָנסטאָנטינאָפּאָל	settlement	גרופּע יודישע אַקטיאָרן, פליכטלינגע פֿון רוסלאַנד	performer	return	1919	1921	explicit	1919	1921	False	settlement	Q406	Istanbul	41.01	28.960278	[]	סוף 1919 פֿאָרט א. צוריק קיין קאָנסטאָנטינאָפּאָל, וואו ער שפּילט מיט אַ גרופּע יודישע אַקטיאָרן
P-1-facs_50_tr_1740521046	אַמאַטין, פּעטער [פּסח גאָלדבערג]	entry	11	אָטען, גריכנלאַנד	settlement	פּאַלאַס פילם	performer	stay	1921	1922	explicit	1921	1922	False	region_first_of_list	גריכנלאנד	Greece	37.98	23.73	"[{""event_type"": ""performance"", ""play"": ""דער גרויסער אומבאָקאַנטער"", ""venue"": ""פּאַלאַס פילם"", ""date"": ""1921"", ""description"": ""Acted in films in Athens""}]"	"1921 — געשפּילט אין אָטען, גריכנלאַנד, ביי דער פֿילס-געזעלשאָפֿט „פּאַלאַס פילם"""
P-1-facs_50_tr_1740521046	אַמאַטין, פּעטער [פּסח גאָלדבערג]	entry	12	רומעניע	country	וואַנדער-טרופּע אונטער זיין דירעקציע	director	tour	1922		explicit	1922	1922	False	region	רומעניע	Romania	45.94	24.97	"[{""event_type"": ""founding"", ""play"": """", ""venue"": """", ""date"": ""1922"", ""description"": ""Organized a wandering troupe under his direction""}]"	סוף 1922 אָרגאַניזירט אין רומעניע אַ וואַנדער-טרופּע אונטער זיין דירעקציע
P-1-facs_50_tr_1740521046	אַמאַטין, פּעטער [פּסח גאָלדבערג]	entry	13	טשערנאָוויץ	settlement	טרופּעס פֿון רייש	performer	stay			none	1922	1922	True	settlement	Q157725	Chernivtsi	48.290833	25.934444	[]	דערנאָך טרעט ער אַריין אין די טרופּעס פֿון רייש (טשערנאָוויץ)
P-1-facs_50_tr_1740521046	אַמאַטין, פּעטער [פּסח גאָלדבערג]	entry	14	בוקאַרעסט	settlement	איציקל גאָלדענבערג	performer	stay			none	1922	1922	True	settlement	Q19660	Bucharest	44.413361	26.097778	[]	און איציקל גאָלדענבערג (בוקאַרעסט).
P-1-facs_58_tr_1740521139	אַפּעל, מאָריס [אַפּעלאויג]	entry	1	וואַרשע, פּויקן	settlement			born	1894-07-26		explicit	1894	1894	False	settlement	Q270	Warsaw	52.23	21.011111	[]	געב. 26 יולי 1894 אין וואַרשע, פּויקן.
P-1-facs_58_tr_1740521139	אַפּעל, מאָריס [אַפּעלאויג]	entry	2	וואַרשעווער עליזעאום-טעאַטער	venue_only		performer	stay			approximate	1894	1915	True	unresolved					"[{""event_type"": ""performance"", ""play"": ""שולמית"", ""venue"": ""עליזעאום-טעאַטער"", ""date"": """", ""description"": ""Played 'Tsingetang' in children's performances""}, {""event_type"": ""performance"", ""play"": ""בר כוכבאַ"", ""venue"": ""עליזעאום-טעאַטער"", ""date"": """", ""description"": ""Played 'Pappus' in children's performances""}]"	"אין עלטער פֿון 13 יאָר געשפּילט אין די קינדער-פֿאַרשטעלונגען פֿון „שולמית""... אין וואַרשעווער עליזעאום-טעאַטער"
P-1-facs_58_tr_1740521139	אַפּעל, מאָריס [אַפּעלאויג]	entry	3	לאָדזשער גרויסן טעאַטער	venue_only		performer	stay			none	1894	1915	True	unresolved					[]	און אין לאָדזשער גרויסן טעאַטער.
P-1-facs_58_tr_1740521139	אַפּעל, מאָריס [אַפּעלאויג]	entry	4	רוסלאַנד	country		performer	tour		1915	explicit	1915	1915	False	region	רוסלאנד	Russia	55.75	37.62	[]	אין עלטער פֿון 17 יאָר פֿאַרלאָזט די היים, אַוועק מיט אַ טרופּע איבער רוסלאַנד... ביז 1915
P-1-facs_58_tr_1740521139	אַפּעל, מאָריס [אַפּעלאויג]	entry	5	רוסלאַנד	country			return	1919		explicit	1919	1919	False	region	רוסלאנד	Russia	55.75	37.62	[]	אין 1919 ווערט א. באָפֿרייט פֿון קרינסגעפֿאָנגענשאַפֿט און קומט צוריק קיין רוסלאַנד
P-1-facs_58_tr_1740521139	אַפּעל, מאָריס [אַפּעלאויג]	entry	6	קאָנסטאַנטינאָפּאָל	settlement		performer	emigration			none	1919	1927	True	settlement	Q406	Istanbul	41.01	28.960278	[]	וואַנדערט מיט אַ טרופּע קיין קאָנסטאַנטינאָפּאָל
P-1-facs_58_tr_1740521139	אַפּעל, מאָריס [אַפּעלאויג]	entry	7	ווין	settlement		performer	stay			none	1919	1927	True	settlement	Q1741	Vienna	48.208333	16.3725	"[{""event_type"": ""performance"", ""play"": """", ""venue"": """", ""date"": """", ""description"": ""Performances interrupted by typhus""}]"	פֿון דאָרט קיין ווין, וואו עס ווערן געשפּילט אייניקע פֿאָרשטעלוננגען
P-1-facs_58_tr_1740521139	אַפּעל, מאָריס [אַפּעלאויג]	entry	8	טשעכאָ-סלאָוואַקיע	country		performer	tour			none	1919	1927	True	unresolved					[]	וואָנדערט עאויס מיט אַ טרופּע קיין טשעכאָ-סלאָוואַקיע
P-1-facs_58_tr_1740521139	אַפּעל, מאָריס [אַפּעלאויג]	entry	9	דייטשלאַנד	country		performer	tour			none	1919	1927	True	region	דייטשלאנד	Germany	52.52	13.4	[]	פֿאָרט ער קיין דייטשלאַנד, און נאָכן שפּילן אין אייניקע שטעט
P-1-facs_58_tr_1740521139	אַפּעל, מאָריס [אַפּעלאויג]	entry	10	פּאָריז	settlement	בלומענטאלן	performer	stay			none	1919	1927	True	settlement	Q90	Paris	48.856667	2.352222	[]	ווערט ער אנגאַזשירט קיין פּאָריז צו בלומענטאלן
P-1-facs_58_tr_1740521139	אַפּעל, מאָריס [אַפּעלאויג]	entry	11	בעלגניע	country		performer	stay			none	1919	1927	True	unresolved					[]	דאָן קיין בעלגניע
P-1-facs_58_tr_1740521139	אַפּעל, מאָריס [אַפּעלאויג]	entry	12	פּאַריז	settlement		performer	stay			none	1919	1927	True	settlement	Q90	Paris	48.856667	2.352222	[]	און ווידער פּאַריז
P-1-facs_58_tr_1740521139	אַפּעל, מאָריס [אַפּעלאויג]	entry	13	אָמעריקע	country		performer	emigration	1927		explicit	1927	1927	False	settlement	Q30	United States	39.828175	-98.5795	[]	פֿון וואָנען ער קומט אין 1927 קיין אָמעריקע
P-1-facs_58_tr_1740521139	אַפּעל, מאָריס [אַפּעלאויג]	entry	14	נואַרק	settlement	עלווינגן	performer	stay	1927		approximate	1927	1927	False	settlement	Q25395	Newark	40.735556	-74.172222	"[{""event_type"": ""season"", ""play"": """", ""venue"": """", ""date"": """", ""description"": ""Played the season in Newark with Elwing""}]"	שפּילט דעם סעזאָן אין נואַרק ביי עלווינגן.
P-1-facs_64_tr_1740520942	אַריעל, חיים דוד	entry	1	לאָדזש, פּוילן	settlement			born	1881-11-15		explicit	1881	1881	False	settlement	Q580	Łódź	51.75	19.466667	[]	געב. 15 נאָוו. 1881 אין לאָדזש, פּוילן.
P-1-facs_64_tr_1740520942	אַריעל, חיים דוד	entry	2	לאָדזש	settlement	ווייספעלדס טרופּע	טענצער	stay	1898		explicit	1898	1898	False	settlement	Q580	Łódź	51.75	19.466667	"[{""event_type"": ""other"", ""play"": """", ""venue"": """", ""date"": ""1898"", ""description"": ""Joined the troupe as a dancer""}]"	אין 1898 נעמט אים (ליוס אָדלער אַריין צוזאַמען מיט נאָך דריי שברים אַלס טענצער אין ווייספעלדס טרופּע.
P-1-facs_64_tr_1740520942	אַריעל, חיים דוד	entry	3	לאָדזש	settlement	זאַנדבערגן	כאָר	stay	1899		explicit	1899	1899	False	settlement	Q580	Łódź	51.75	19.466667	[]	אין 1899 טרעט אָ. אַריין אין כאָר צו זאַנדבערגן.
P-1-facs_64_tr_1740520942	אַריעל, חיים דוד	entry	4	ווילנע	settlement	סאָבסייס טרופּע	קליינע ראָלן	stay	1904		explicit	1904	1904	False	settlement	Q216	Vilnius	54.687222	25.28	"[{""event_type"": ""debut"", ""play"": """", ""venue"": """", ""date"": """", ""description"": ""Started playing small roles""}]"	אין 1904 נעמט אים דער אַקטיאָר שלום צוקער מיט קיין ווילנע אין סאָבסייס טרופּע, און דאָרט הויבט א. אָן שפּילן קליינע ראָלן
P-1-facs_64_tr_1740520942	אַריעל, חיים דוד	entry	5	קרעמענטשוג	settlement	האָרלאָמפּ-קאַניעווסקאַ	performer	stay	1910		explicit	1910	1910	False	settlement	Q156724	Kremenchuk	49.063056	33.403889	[]	1910 שפּילט ער ביי האָרלאָמפּ-קאַניעווסקאַ אין קרעמענטשוג
P-1-facs_64_tr_1740520942	אַריעל, חיים דוד	entry	6	יעקאָטעדינאָסלאָוו	settlement	פֿישזאָן	performer	stay			none	1910	1916	True	unresolved					[]	ביי פֿישזאָן אין יעקאָטעדינאָסלאָוו
P-1-facs_64_tr_1740520942	אַריעל, חיים דוד	entry	7	אָדעם	settlement		performer	stay		1916	explicit	1916	1916	False	settlement	Q1874	Odesa	46.47747	30.73262	[]	דערנאָך איז אָדעם ביז 1916
P-1-facs_64_tr_1740520942	אַריעל, חיים דוד	entry	8	קאָנסטאָנטינאָפּאָל	settlement	קרויזע	performer	tour			none	1916	1916	True	settlement	Q406	Istanbul	41.01	28.960278	[]	פֿאָרט קיין קאָנסטאָנטינאָפּאָל
P-1-facs_64_tr_1740520942	אַריעל, חיים דוד	entry	9	רומעניע	country	קרויזע	performer	tour			none	1916	1916	True	region	רומעניע	Romania	45.94	24.97	[]	קיין רומעניע
P-1-facs_64_tr_1740520942	אַריעל, חיים דוד	entry	10	אָדעס	settlement	יוננוויץ און בעזמאָן	performer	return			none	1916	1916	True	settlement	Q1874	Odesa	46.47747	30.73262	[]	ווידער צוריק אין אָדעס, וואו ער ווערט אָנגאַזשירט צו בוען יוננוויץ און בעזמאָן
P-1-facs_64_tr_1740520942	אַריעל, חיים דוד	entry	11	קיעוו	settlement	בעזמאָנען	performer	stay			none	1916	1916	True	settlement	Q1899	Kyiv	50.45	30.523611	[]	דערנאָך מיט בעזמאָנען אין קיעוו
P-1-facs_64_tr_1740520942	אַריעל, חיים דוד	entry	12	בערדיטשעוו	settlement	בעזמאָנען	performer	stay			none	1916	1916	True	settlement	Q158799	Berdychiv	49.891944	28.6	[]	בערדיטשעוו
P-1-facs_64_tr_1740520942	אַריעל, חיים דוד	entry	13	לאָדזש	settlement		performer	stay			none	1916	1916	True	settlement	Q580	Łódź	51.75	19.466667	[]	ביז זיי קומען קיין לאָדזש, וואו ער שפּילט בין איצט.
P-1-facs_64_tr_1740520959	אַריעל, רחל	entry	1	לאָדזש, פּוילן	settlement			born	1891-10-07	1891-10-07	explicit	1891	1891	False	settlement	Q580	Łódź	51.75	19.466667	[]	געב. 7 אָקט. 1891 אין לאָדזש, פּוילן
P-1-facs_64_tr_1740520959	אַריעל, רחל	entry	2	וויטעבסק	settlement	נענקערס טרופּע	כאָריסטקע	stay			none	1891	1921	True	settlement	Q102217	Vitebsk	55.183333	30.166667	"[{""event_type"": ""performance"", ""play"": """", ""venue"": """", ""date"": """", ""description"": ""started playing small roles after a short time""}]"	נעמט זי מיט אַלס כאָריסטקע קיין וויטעבסק אין נענקערס טרופּע
P-1-facs_64_tr_1740520959	אַריעל, רחל	entry	3	ווילנע	settlement	סאָבסיין	performer	stay			none	1891	1921	True	settlement	Q216	Vilnius	54.687222	25.28	"[{""event_type"": ""performance"", ""play"": """", ""venue"": """", ""date"": """", ""description"": ""played larger roles""}]"	פֿון דאָרט פֿאָרט זיי קיין ווילנע צו סאָבסיין
P-1-facs_64_tr_1740520959	אַריעל, רחל	entry	4	קאָנסטאַנטינאָפּאָל	settlement		performer	stay	1921		explicit	1921	1921	False	settlement	Q406	Istanbul	41.01	28.960278	[]	אין 1921 פֿאָרט זיי קיין קאָנסטאַנטינאָפּאָל
P-1-facs_64_tr_1740520959	אַריעל, רחל	entry	5	רומעניע	country		performer	tour			none	1921	1921	True	region	רומעניע	Romania	45.94	24.97	[]	פֿון דאָרט קיין רומעניע
P-1-facs_64_tr_1740520959	אַריעל, רחל	entry	6	לאָדזש	settlement	חברים-טרופּע	performer	return			none	1921	1921	True	settlement	Q580	Łódź	51.75	19.466667	"[{""event_type"": ""performance"", ""play"": """", ""venue"": """", ""date"": """", ""description"": ""played together with her husband Chaim-Dovid Ariel""}]"	צודיק קיין לאָדזש, וואו זי שפּילט אין דער דאָרטיקער חברים-טרופּע צוזאַמען מיט איר מאָן חיים-דוד אָריעל
P-1-facs_68_tr_1740521054	אַרקאָ, איסאַק	entry	1	יעקאַטערינאָסלאָוו, אוקראַאינע	settlement			born	1891-01-29	1891-01-29	explicit	1891	1891	False	settlement	Q48256	Dnipro	48.4675	35.04	[]	געב. 29 יאַנואַר 1891 אין יעקאַטערינאָסלאָוו, אוקראַאינע.
P-1-facs_68_tr_1740521054	אַרקאָ, איסאַק	entry	2	קריוואָי-ראָג	settlement	קאָאָפּעג. דאָטיווער טרופּע	performer	stay	1908	1912	approximate	1908	1912	False	unresolved					"[{""event_type"": ""debut"", ""play"": """", ""venue"": """", ""date"": """", ""description"": ""joined the troupe of Gold and Becker""}]"	אין עלטער פֿון 17 יאָר נעמען אים אַריין די טעאַטער-פֿאָרוואָלטער גאָלד און בעקער אין אַ קאָאָפּעג. דאָטיווער טרופּע אין קריוואָי-ראָג
P-1-facs_68_tr_1740521054	אַרקאָ, איסאַק	entry	3	יעקאַטערינאָסלאָוו	settlement	טרופּע אונטער דער פֿירונג פֿון מרים טרילינג	performer	stay			none	1908	1923	True	settlement	Q48256	Dnipro	48.4675	35.04	"[{""event_type"": ""performance"", ""play"": """", ""venue"": """", ""date"": """", ""description"": ""played until the theater was nationalized""}]"	שפּעטער באָגעגנט ער די טרופּע אונטער דער פֿירונג פֿון מרים טרילינג, און שפּילט מיט איר אין יעקאַטערינאָסלאָוו
P-1-facs_68_tr_1740521054	אַרקאָ, איסאַק	entry	4	באַטום	settlement	יידיש טעאַטער	performer	tour			none	1908	1923	True	settlement	Q25475	Batumi	41.646	41.641	[]	ער וואַנדערט דאָן אַרום מיט יידיש טעאַטער איבער באַטום
P-1-facs_68_tr_1740521054	אַרקאָ, איסאַק	entry	5	באָקו	settlement	יידיש טעאַטער	performer	tour			none	1908	1923	True	settlement	Q9248	Baku	40.366655555556	49.835183333333	[]	באָקו
P-1-facs_68_tr_1740521054	אַרקאָ, איסאַק	entry	6	קאָנסטאַנטינאָפּאָל	settlement	יידיש טעאַטער	performer	tour		1923	explicit	1923	1923	False	settlement	Q406	Istanbul	41.01	28.960278	[]	קאָנסטאַנטינאָפּאָל ביז ער קומט אין 1923 קיין אַמעריקע
P-1-facs_68_tr_1740521054	אַרקאָ, איסאַק	entry	7	אַמעריקע	country		worker	emigration	1923		explicit	1923	1923	False	settlement	Q30	United States	39.828175	-98.5795	"[{""event_type"": ""business"", ""play"": """", ""venue"": ""שאָפּ"", ""date"": """", ""description"": ""worked in a shop for half a year""}]"	קומט אין 1923 קיין אַמעריקע. דאָ אַרבעט ער אַ האַלב יאָר אין אַ שאָפּ
P-1-facs_68_tr_1740521054	אַרקאָ, איסאַק	entry	8	דעטראָזט	settlement	טעאַטער אין דעטראָזט	אַקטיאָר און סטיידזשמענעדזשער	stay			none	1923	1923	True	unresolved					[]	אַברהם ליטמאָן נעמט אים אַריין צו זיך אין טעאַטער אין דעטראָזט אַלס אַקטיאָר און סטיידזשמענעדזשער
P-1-facs_78_tr_1740521032	באָקמאַן, פעלי	entry	1	גאַליציע	region			born			none	1912	1912	True	region	גאליציע	Galicia	49.55	24.0	[]	שטאָמט פֿון גאַליציע
P-1-facs_78_tr_1740521032	באָקמאַן, פעלי	entry	2	מינסק	settlement	גוזיקס אַרופּע	געזאַנגס און כאָראָקטער-ראָלן	stay	1912	1912	explicit	1912	1912	False	settlement	Q2280	Minsk	53.902246	27.561837	"[{""event_type"": ""performance"", ""play"": """", ""venue"": """", ""date"": ""1912"", ""description"": ""played singing and character roles""}]"	אין 1912 געשפּילט אין מינסק אין גוזיקס אַרופּע
P-1-facs_78_tr_1740521032	באָקמאַן, פעלי	entry	3	באָקו	settlement	"טרופּע קאָזשדאָן און מיט „ליבהאָבער"""	performer	stay	1920		approximate	1920	1920	False	settlement	Q9248	Baku	40.366655555556	49.835183333333	"[{""event_type"": ""season"", ""play"": """", ""venue"": """", ""date"": ""1920"", ""description"": ""played for several years""}]"	אין 1920 האָט זי אין באָקו געשפּילט אייניקע יאָר
P-1-facs_78_tr_1740521032	באָקמאַן, פעלי	entry	4	באָטום	settlement	טרופּע אַלעקס אַמאַסיע	performer	stay			none	1920	1923	True	settlement	Q25475	Batumi	41.646	41.641	"[{""event_type"": ""performance"", ""play"": """", ""venue"": """", ""date"": """", ""description"": ""played for 7 months with Alex Amasie""}]"	פֿון דאָרט פֿאָרט זיי קיין באָטום, וואו זי שפּילט 7 חדשים
P-1-facs_78_tr_1740521032	באָקמאַן, פעלי	entry	5	קאָנסטאַנטינאָפּאָל	settlement	טרופּע אַלעקס אַמאַסיע	performer	stay	1923	1923	explicit	1923	1923	False	settlement	Q406	Istanbul	41.01	28.960278	"[{""event_type"": ""performance"", ""play"": """", ""venue"": """", ""date"": ""1923"", ""description"": ""played for over half a year""}]"	אין 1923 האָט זי געשפּילט איבער אַ האָלב יאָר מיט דער דאָזיקער טרופּע אין קאָנסטאַנטינאָפּאָל
P-1-facs_78_tr_1740521032	באָקמאַן, פעלי	entry	6	קאָנאָדע	country		performer	emigration	1923-10		explicit	1923	1923	False	region	קאנאדע	Canada	43.65	-79.38	"[{""event_type"": ""performance"", ""play"": """", ""venue"": """", ""date"": """", ""description"": ""played for a short time with actor Weisman""}]"	אין אַקטאָבער 1923 געקומען אין קאָנאָדע. דאָ האָט זי געשפּילט אַ קורצע צייט מיט אַן אַקטיאָר ווייסמאַן
P-1-facs_78_tr_1740521032	באָקמאַן, פעלי	entry	7	ניו-יאָרק	settlement		performer	settled			none	1923	1926	True	settlement	Q60	New York City	40.712778	-74.006111	"[{""event_type"": ""performance"", ""play"": """", ""venue"": ""וואָריעטעס"", ""date"": """", ""description"": ""performed in concerts and variety shows""}, {""event_type"": ""performance"", ""play"": """", ""venue"": ""בערג"", ""date"": """", ""description"": ""summer entertainment in the mountains""}]"	געקומען קיין ניו-יאָרק, וואו זי פֿלעגט אַרויסטרעטן אויף קאָנצערטן און אין די וואָריעטעס
P-1-facs_78_tr_1740521032	באָקמאַן, פעלי	entry	8	באָלטימאָר	settlement	משה שאָר	performer	stay	1926	1926	explicit	1926	1926	False	settlement	Q5092	Baltimore	39.286389	-76.615	"[{""event_type"": ""performance"", ""play"": """", ""venue"": """", ""date"": ""1926"", ""description"": ""played for a short time with Moshe Schorr""}]"	אין 1926 האָט זי אַ קורצע צויט געשפּילט אין באָלטימאָר ביי משה שאָר
P-1-facs_78_tr_1740521032	באָקמאַן, פעלי	entry	9	ניו יאָרק	settlement			death	1927-05	1927-05	explicit	1927	1927	False	settlement	Q60	New York City	40.712778	-74.006111	"[{""event_type"": ""death"", ""play"": """", ""venue"": """", ""date"": ""1927-05"", ""description"": ""died after a few days of illness""}]"	אין מאי 1927 איז זיי... געשטאָרבן אין ניו יאָרק
P-1-facs_79_tr_1740520948	כאַראַטאָוו, בן-צכי [פּאָוועל ברענער]	entry	1	רוסלאַנד	country			born			none	1898	1898	True	region	רוסלאנד	Russia	55.75	37.62	[]	געב. אין רוסלאַנד
P-1-facs_79_tr_1740520948	כאַראַטאָוו, בן-צכי [פּאָוועל ברענער]	entry	2	קליין שטעטל פֿון פּאָלטאָווער גובערניע	settlement		student	settled			none	1898	1898	True	unresolved					"[{""event_type"": ""other"", ""play"": """", ""venue"": """", ""date"": """", ""description"": ""began learning Yiddish and holy studies with a teacher""}]"	די פֿאַמיליע טראָגט זיך איבער אין אַ קליין שטעטל פֿון פּאָלטאָווער גובערניע
P-1-facs_79_tr_1740520948	כאַראַטאָוו, בן-צכי [פּאָוועל ברענער]	entry	3	כאָרקאָוו	settlement	כאָרקאָווער אוניווערזיטעט	student	settled			none	1898	1898	True	settlement	Q42308	Kharkiv	49.9925	36.231111	"[{""event_type"": ""performance"", ""play"": ""רעוויזאָר"", ""venue"": """", ""date"": """", ""description"": ""performed as a student in Gogol's Inspector General""}]"	באַזעצט זיך די פֿאַמיליע אין כאָרקאָוו, וואו ער ענדיקט שפּעטער די גימנאָזיע און דעם מעדיצינישן פֿאָקולטעט
P-1-facs_79_tr_1740520948	כאַראַטאָוו, בן-צכי [פּאָוועל ברענער]	entry	4	מאָסקווע	settlement	מאָסקווער קונסט-טעאַטער	performer	stay	1898		explicit	1898	1898	False	settlement	Q649	Moscow	55.750556	37.6175	"[{""event_type"": ""performance"", ""play"": ""פֿיאָדאָר יאָאָניטש"", ""venue"": ""מאָסקווער קונסט-טעאַטער"", ""date"": ""1898"", ""description"": ""played the role of Shuisky""}]"	אין 1898 אַריינגעטראָטן אין מאָסקווער קונסט-טעאַטער
P-1-facs_79_tr_1740520948	כאַראַטאָוו, בן-צכי [פּאָוועל ברענער]	entry	5	יעקאַטערינאָסלאָוו	settlement	טרופּע איוואָנאָווסקי	performer	stay			none	1898	1922	True	settlement	Q48256	Dnipro	48.4675	35.04	[]	טרעט ער אַריין אין דער טרופּע איוואָנאָווסקי אין יעקאַטערינאָסלאָוו
P-1-facs_79_tr_1740520948	כאַראַטאָוו, בן-צכי [פּאָוועל ברענער]	entry	6	פּעטערבורג	settlement		performer	stay			none	1898	1922	True	settlement	Q656	Saint Petersburg	59.95	30.316667	[]	זומער שפּילט ער אין פּעטערבורג
P-1-facs_79_tr_1740520948	כאַראַטאָוו, בן-צכי [פּאָוועל ברענער]	entry	7	unknown	unknown	סובאַריזס ליטעראָרישן טעאַטער	performer	stay			none	1898	1922	True	unresolved					[]	נייט ער איבער אין סובאַריזס ליטעראָרישן טעאַטער וואו ער שפּילט 1/2 3 יאָר
P-1-facs_79_tr_1740520948	כאַראַטאָוו, בן-צכי [פּאָוועל ברענער]	entry	8	טיפליס, כאָרקאָוו, קיעוו, ראָסטאָוו און אָדעס	region		performer	tour			none	1898	1922	True	settlement	Q994	Tbilisi	41.7225	44.7925	"[{""event_type"": ""conflict"", ""play"": """", ""venue"": """", ""date"": """", ""description"": ""interrupted performance due to the Russian Revolution""}]"	באָזוכט ער זומער די גרויסע רוסישע פּראָווינץ, ווי טיפליס, כאָרקאָוו, קיעוו, ראָסטאָוו און אָדעס
P-1-facs_79_tr_1740520948	כאַראַטאָוו, בן-צכי [פּאָוועל ברענער]	entry	9	קאָנסטאַנטינאָפּאָל	settlement			emigration			none	1898	1922	True	settlement	Q406	Istanbul	41.01	28.960278	[]	ווען ער וואַנדערט אויס קיין-קאָנסטאַנטינאָפּאָל
P-1-facs_79_tr_1740520948	כאַראַטאָוו, בן-צכי [פּאָוועל ברענער]	entry	10	ווין	settlement	פֿריוער יידישער פֿאָלקס-בינע	performer	stay	1922		approximate	1922	1922	False	settlement	Q1741	Vienna	48.208333	16.3725	"[{""event_type"": ""debut"", ""play"": ""אומבאַקאַנטער"", ""venue"": ""טעאַטערל אויף אונטעראויגאָרטן-גאָסע"", ""date"": """", ""description"": ""Yiddish debut as Louis Kroshunsky""}]"	"אין ווין באָקענט ער זיך אין 1992 מיט יצחק רייטש... טרעט ב. אויף אַלס „לואי קראָשונסקי"""
P-1-facs_79_tr_1740520948	כאַראַטאָוו, בן-צכי [פּאָוועל ברענער]	entry	11	רומעניע	country		performer	tour			none	1922	1923	True	region	רומעניע	Romania	45.94	24.97	[]	פֿאָרט ב. מיט דער טרופּע אויף אַ טורנעע אין רומעניע
P-1-facs_79_tr_1740520948	כאַראַטאָוו, בן-צכי [פּאָוועל ברענער]	entry	12	פֿילאָדעלפיע	settlement	אָרטש-סטריט-טעאַטער	performer	stay	1923-08		explicit	1923	1923	False	settlement	Q1345	Philadelphia	39.952778	-75.163611	[]	אין אויגוסט 1923 טרעט ב. אויף אין פֿילאָדעלפֿיער אָרטש-סטריטטעאַטער
P-1-facs_79_tr_1740520948	כאַראַטאָוו, בן-צכי [פּאָוועל ברענער]	entry	13	ניו יאָרק	settlement	יידישן קונסט-טעאַטער	performer	stay	1924	1927	explicit	1924	1927	False	settlement	Q60	New York City	40.712778	-74.006111	[]	1924-7 שפּילט ב. אין יידישן קונסט-טעאַטער
P-1-facs_79_tr_1740520948	כאַראַטאָוו, בן-צכי [פּאָוועל ברענער]	entry	14	רומעניע	country		performer	tour			none	1924	1928	True	region	רומעניע	Romania	45.94	24.97	[]	דאָן גאַסטראָלירט ער 7 חדשים אין רומעניע
P-1-facs_79_tr_1740520948	כאַראַטאָוו, בן-צכי [פּאָוועל ברענער]	entry	15	פּוילן	country		performer	tour			none	1924	1928	True	region	פוילן	Poland	52.23	21.01	[]	אַ קורצע צייט מיט לידיאַ פּאַטאָצקאָ אין פּוילן
P-1-facs_79_tr_1740520948	כאַראַטאָוו, בן-צכי [פּאָוועל ברענער]	entry	16	ניו יאָרק	settlement	קונסט-טעאַטער	performer	stay	1928	1929	explicit	1928	1929	False	settlement	Q60	New York City	40.712778	-74.006111	[]	אין 1928-9 שפּילט ער ווידער אין קונסט-טעאַטער אין ניו יאָרק
P-1-facs_79_tr_1740520948	כאַראַטאָוו, בן-צכי [פּאָוועל ברענער]	entry	17	בערלין	settlement		performer	visit	1929		explicit	1929	1929	False	settlement	Q64	Berlin	52.516667	13.383333	"[{""event_type"": ""performance"", ""play"": ""סוחר פֿון בערלין"", ""venue"": """", ""date"": ""1929"", ""description"": ""played the title role in Yiddish in Piscator's German production""}]"	"1929 האָט ב. גאַסטראָלירט א""ר פֿון פיסקאָטאָר, אין דער דייטשער אויפפֿירונג פֿון „סוחר פֿון בערלין“"
P-1-facs_91_r_5	בויקע, לייזער [?]	entry	1	מוינעשטי	settlement			born			none	1912	1912	True	unresolved					[]	געבוירן אין מוינעשטי [?], רומעניע.
P-1-facs_91_r_5	בויקע, לייזער [?]	entry	2	רומעניע	country	טרופּע	רעקוויזיטער, גאָרדעראָבער, טענצער	tour			none	1912	1912	True	region	רומעניע	Romania	45.94	24.97	"[{""event_type"": ""business"", ""play"": """", ""venue"": """", ""date"": """", ""description"": ""Joined Goldfaden's troupe as a prop master, dresser, dancer, and bit player""}]"	ווען גאָלדפֿאָדען הויבט אַן אַרומפֿאָרן איבער רומעניע מיט דער טרופּע, טרעט ב. צו אים אַריין
P-1-facs_91_r_5	בויקע, לייזער [?]	entry	3	קאָנסטאַנטינאָפּאָל	settlement	טרופּע פֿון קרויזע	טענצער, קליינע ראָלן	stay			none	1912	1912	True	settlement	Q406	Istanbul	41.01	28.960278	"[{""event_type"": ""business"", ""play"": """", ""venue"": """", ""date"": """", ""description"": ""Censored plays with the authorities""}]"	אין דער טרופּע פֿון קרויזע, ווען זיי קומט גאָסטראָלירן איז קאָנסטאַנטינאָפּאָל, וואו ב. צענזורירט אויך די פּיעסן
P-1-facs_91_r_5	בויקע, לייזער [?]	entry	4	אָדעס	settlement		בדחן	stay			none	1912	1912	True	settlement	Q1874	Odesa	46.47747	30.73262	[]	אין די שפּעטערדיקע יאָרן איז ב. געוואָרן אַ בדחן אין אָדעס
P-1-facs_91_r_5	בויקע, לייזער [?]	entry	5	סטאָמבול	settlement		בראָטער פֿון רומענישע מאַכלים	death		1912	approximate	1912	1912	False	settlement	Q406	Istanbul	41.01	28.960278	"[{""event_type"": ""death"", ""play"": """", ""venue"": """", ""date"": ""1912"", ""description"": ""Died in Istanbul while working as a cook and musician""}]"	אין סטאָמבול אַ בראָטער פֿון רומענישע מאַכלים... דאָ איז ער אויך געשטאָרבן אין 1912[?]
P-2-facs_150_tr_1744279160	ליליענבלום, משה-לייב	entry	1	קיידאן	settlement			born	1843-11-03		explicit	1843	1843	False	unresolved					[]	געבוירן 3 נאָוועמבער 1843 ... אין קיידאן
P-2-facs_150_tr_1744279160	ליליענבלום, משה-לייב	entry	2	ווילקאָמיר	settlement		student	settled	1860	1869	approximate	1860	1869	False	settlement	Q213127	Ukmergė	55.25	24.766667	"[{""event_type"": ""marriage"", ""play"": """", ""venue"": """", ""date"": ""1860"", ""description"": ""Married at age 16 and settled with his in-laws.""}, {""event_type"": ""business"", ""play"": """", ""venue"": """", ""date"": ""1865"", ""description"": ""Established a Yeshiva and a city library.""}]"	חתונה געהאַט און זיך באָזעצט ביי שווער און שווייגער אויף קעסט ... אין ווילקאָמיר
P-2-facs_150_tr_1744279160	ליליענבלום, משה-לייב	entry	3	אָדעס	settlement	קול מבשר	writer	settled	1869-10-03	1910-02-12	explicit	1869	1910	False	settlement	Q1874	Odesa	46.47747	30.73262	"[{""event_type"": ""performance"", ""play"": ""דוואָיעזשאָניעץ"", ""venue"": """", ""date"": """", ""description"": ""His play about white slavery was performed, featuring Mogulesko.""}, {""event_type"": ""death"", ""play"": """", ""venue"": """", ""date"": ""1910-02-12"", ""description"": ""Died in Odessa.""}]"	דעם 3 אַקטאָבער 1869 קומט אָן ל. אין אָדעס
P-2-facs_150_tr_1744279160	ליליענבלום, משה-לייב	דער טרופּע פֿון ראָזענבערג און נפתלי גאָלדפאַדען	4	יעליסאַוועטגראד	settlement		performer	stay			none			True	settlement	Q158292	Kropyvnytskyi	48.510278	32.266667	"[{""event_type"": ""performance"", ""play"": ""דער דוואיעזשאניעץ"", ""venue"": """", ""date"": """", ""description"": ""Adler recounts the troupe receiving and performing Lilienblum's play.""}]"	אין יעליסאַוועטגראד איז רייכער געוואָרן דער רעפּערטואָר ... אונזער טרופּע פֿון אים געקריגן אַ פּיעסע „דער דוואיעזשאניעץ“
P-2-facs_150_tr_1744279160	ליליענבלום, משה-לייב	צעזאר גרינבערג	5	לאָנדאָן	settlement		director	stay	1887		approximate	1887	1887	False	settlement	Q84	London	51.507222	-0.1275	"[{""event_type"": ""performance"", ""play"": ""זרבבל, אָדער, שיבת ציון"", ""venue"": """", ""date"": """", ""description"": ""Greenberg adapted and staged the play shortly after its publication.""}]"	באָלד נאָך איר דערשיינען איז די פּיעסע אויפֿגעפֿירט געוואָרן אין לאָנדאָן דורך צעזאר גרינבערג
P-2-facs_150_tr_1744279160	ליליענבלום, משה-לייב	שילער פֿון דער לעמעל-שול	6	ירושלים	settlement	לעמעל-שול	performer	stay	1888		explicit	1888	1888	False	settlement	Q1218	Jerusalem	31.776679	35.234156	"[{""event_type"": ""performance"", ""play"": ""זרבבל"", ""venue"": ""לעמעל-שול"", ""date"": ""1888"", ""description"": ""First Hebrew performance in Eretz Yisrael.""}]"	אַ יאָר דערנאָך [1888] איז זי אין אַ העברעאישער איבערזעצונג אויפֿגעפֿירט געוואָרן דורך די שילער פֿון דער לעמעל-שול אין ירושלים
P-2-facs_194_tr_1744279147	לערעסקאָ, סאַמועל [שמואל לעהרער]	entry	1	יאָסי, רומעניע	settlement			born	1876-08-01		explicit	1876	1876	False	settlement	Q46852	Iași	47.162222	27.588889	[]	געבוירן 1 אויגוסט 1876 ... אין יאָסי, רומעניע.
P-2-facs_194_tr_1744279147	לערעסקאָ, סאַמועל [שמואל לעהרער]	entry	2	סוטשאוואַ	settlement		student	stay			none	1876	1913	True	settlement	Q170357	Suceava	47.653	26.256	"[{""event_type"": ""other"", ""play"": """", ""venue"": ""גימנאַזיע"", ""date"": """", ""description"": ""Attended gymnasium due to persecution of Jews""}]"	אַוועק קיין סוטשאוואַ (דאמאָלט עסטרייך) אין דער דאָרטיקער גימנאַזיע
P-2-facs_194_tr_1744279147	לערעסקאָ, סאַמועל [שמואל לעהרער]	entry	3	טשערנאָוויץ	settlement		student	stay			none	1876	1913	True	settlement	Q157725	Chernivtsi	48.290833	25.934444	[]	דערנאָך אין טשערנאָוויץ
P-2-facs_194_tr_1744279147	לערעסקאָ, סאַמועל [שמואל לעהרער]	entry	4	ווין	settlement		student	stay			none	1876	1913	True	settlement	Q1741	Vienna	48.208333	16.3725	"[{""event_type"": ""other"", ""play"": """", ""venue"": """", ""date"": """", ""description"": ""Completed matura exams""}]"	געמאַכט מאַטורא אין ווין
P-2-facs_194_tr_1744279147	לערעסקאָ, סאַמועל [שמואל לעהרער]	entry	5	יאָס	settlement		businessman	return			none	1876	1913	True	settlement	Q46852	Iași	47.162222	27.588889	"[{""event_type"": ""business"", ""play"": """", ""venue"": ""פֿאָטערס באַנק-געשעפט"", ""date"": """", ""description"": ""Worked in his father's bank""}, {""event_type"": ""debut"", ""play"": ""שבתי צבי"", ""venue"": """", ""date"": ""1900"", ""description"": ""Stage debut as the lover in Horwitz's play""}]"	צוריקגעפֿאָרן קיין יאָס און מיטגעאַרבעט אין פֿאָטערס באַנק-געשעפט ... בערך 1900 אויפֿגעטראָטן אין יאָוועלירס טרופּע
P-2-facs_194_tr_1744279147	לערעסקאָ, סאַמועל [שמואל לעהרער]	entry	6	רומעניע	country	יאָוועלירס טרופּע	performer	tour			none	1876	1913	True	region	רומעניע	Romania	45.94	24.97	[]	אַרומגעפֿאַרן אייניקע יאָר איבער רומעניע
P-2-facs_194_tr_1744279147	לערעסקאָ, סאַמועל [שמואל לעהרער]	entry	7	קאָנסטאַנטינאָפּאָל	settlement	טרופּע פֿון געליס	performer	stay			none	1876	1913	True	settlement	Q406	Istanbul	41.01	28.960278	"[{""event_type"": ""season"", ""play"": """", ""venue"": """", ""date"": """", ""description"": ""Played for a year""}]"	געפאָרן קיין קאָנסטאַנטינאָפּאָל, וואו זיי האָבן געשפּילט אַ יאָר צייט
P-2-facs_194_tr_1744279147	לערעסקאָ, סאַמועל [שמואל לעהרער]	entry	8	בוקאָווינע	region	אהרן ראָזענבלוםס טרופּע	performer	stay			none	1876	1913	True	region	בוקאווינע	Bukovina	47.9	25.9	[]	אַריבער אין אהרן ראָזענבלוםס טרופּע אין בוקאָווינע
P-2-facs_194_tr_1744279147	לערעסקאָ, סאַמועל [שמואל לעהרער]	entry	9	מאַנטשעסטער	settlement	טרייטלערס טרופּע	performer	tour			none	1876	1913	True	settlement	Q18125	Manchester	53.466667	-2.233333	[]	געפֿאָרן מיט יידיש טעאַטער קיין מאַנטשעסטער
P-2-facs_194_tr_1744279147	לערעסקאָ, סאַמועל [שמואל לעהרער]	entry	10	גלאָז גוי (ענגלאַנד)	settlement	טרייטלערס טרופּע	performer	tour			none	1876	1913	True	unresolved					[]	און גלאָז גוי (ענגלאַנד)
P-2-facs_194_tr_1744279147	לערעסקאָ, סאַמועל [שמואל לעהרער]	entry	11	לעמבערג	settlement	גימפּעל-טרופּע	director	stay			none	1876	1913	True	settlement	Q36036	Lviv	49.8425	24.032222	"[{""event_type"": ""founding"", ""play"": """", ""venue"": ""זומער-טעאַטער (יאָגעלאַנסקאַ 11)"", ""date"": """", ""description"": ""Reorganized the Gimpel troupe and initiated the summer theater""}]"	אַוועק קיין לעמבערג, וואו ער טרעפט די צעבראָכענע גימפּעל-טרופּע, וועלכע ער רעאָרגאַניזירט
P-2-facs_194_tr_1744279147	לערעסקאָ, סאַמועל [שמואל לעהרער]	entry	12	רומעניע	country	אייגענער קאָנצעסיע	performer	stay			none	1876	1913	True	region	רומעניע	Romania	45.94	24.97	[]	געשפּילט אין רומעניע אויף אַן אייגענער קאָנצעסיע
P-2-facs_194_tr_1744279147	לערעסקאָ, סאַמועל [שמואל לעהרער]	entry	13	לעמבערג	settlement	גימפּעלן	performer	stay			none	1876	1913	True	settlement	Q36036	Lviv	49.8425	24.032222	[]	שפּעטער ווידער אַריינגעטראָטן צו גימפּעלן אין לעמבערג
P-2-facs_194_tr_1744279147	לערעסקאָ, סאַמועל [שמואל לעהרער]	entry	14	רומעניע	country	אַקסעלראָד	performer	stay			none	1876	1913	True	region	רומעניע	Romania	45.94	24.97	[]	דערנאָך געשפּילט ביי אַקסעלראָד אין רומעניע
P-2-facs_194_tr_1744279147	לערעסקאָ, סאַמועל [שמואל לעהרער]	entry	15	לאָנדאָן	settlement		performer	stay			none	1876	1913	True	settlement	Q84	London	51.507222	-0.1275	"[{""event_type"": ""performance"", ""play"": """", ""venue"": ""לאָנדאָנער פּאוויליאָן-טעאַטער"", ""date"": """", ""description"": ""Performed with Schilling""}, {""event_type"": ""season"", ""play"": """", ""venue"": ""לאָנדאָנער פּאוויליאָן-טעאַטער"", ""date"": """", ""description"": ""Season with Maurice Moskovitch""}, {""event_type"": ""season"", ""play"": """", ""venue"": ""עמפּייר-טעאַטער"", ""date"": """", ""description"": ""Season with Joseph Kessler""}]"	אין לאָנדאָנער פּאוויליאָן-טעאַטער ... און אַ סעזאָן דאָרט מיט מאָריס מאָשקאָוויטש, שפּעטער אַ סעזאָן אין לאָנדאָן אין עמפּייר-טעאַטער
P-2-facs_194_tr_1744279147	לערעסקאָ, סאַמועל [שמואל לעהרער]	entry	16	בודאפּעסט	settlement	ווערטהיימער	performer	stay			none	1876	1913	True	settlement	Q1781	Budapest	47.498333	19.040833	"[{""event_type"": ""performance"", ""play"": """", ""venue"": ""געזאַנג-און שפּיל-האָלע"", ""date"": """", ""description"": ""Played for 4 years without intermissions due to licensing""}]"	דערנאָך ביי ווערטהיימער אין בודאפּעסט, וואו ער האָט 4 יאָר געשפּילט פּיעסעס אָן אָנטראַקטן
P-2-facs_194_tr_1744279147	לערעסקאָ, סאַמועל [שמואל לעהרער]	entry	17	בערלין	settlement		director	stay	1913	1913	explicit	1913	1913	False	settlement	Q64	Berlin	52.516667	13.383333	[]	זומער 1913 האָט ל. אין בערלין געפֿירט אַ טרופּע
P-2-facs_194_tr_1744279147	לערעסקאָ, סאַמועל [שמואל לעהרער]	entry	18	אוקראַאינע	country		performer	stay	1917	1917	explicit	1917	1917	False	unresolved					[]	1917 — געשפּילט אין אוקראַאינע
P-2-facs_194_tr_1744279147	לערעסקאָ, סאַמועל [שמואל לעהרער]	entry	19	פּוילן, רומעניע	region	חברים טרופּעס	performer	tour			none	1917	1926	True	region	פוילן	Poland	52.23	21.01	[]	דאַן אַרומגעפֿאָרן מיט חברים טרופּעס איבער פּוילן, רומעניע.
P-2-facs_194_tr_1744279147	לערעסקאָ, סאַמועל [שמואל לעהרער]	entry	20	ווין	settlement		performer	settled	1926		explicit	1926	1926	False	settlement	Q1741	Vienna	48.208333	16.3725	[]	1926 — געקומען אין ווין, וואו ער שפּילט ביז איצט.
P-2-facs_250_tr_1744280768	מאָשקאָוויטש, נאַדיאַ [גורעוויטש]	entry	1	באָריסאָגלעפּסק, טאַמבאָווער גוב., רוסלאַנד	settlement			born	1895-08-27	1895-08-27	explicit	1895	1895	False	settlement	Q80021	Daugavpils	55.871389	26.516111	[]	געבוירן 27 אויגוסט 1895 אין באָריסאָגלעפּסק, טאַמבאָווער גוב., רוסלאַנד
P-2-facs_250_tr_1744280768	מאָשקאָוויטש, נאַדיאַ [גורעוויטש]	entry	3	יעקאַטערינאָסלאָוו	settlement	סאָבסייס טרופּע	כאָר	stay	1907		approximate	1907	1907	False	settlement	Q48256	Dnipro	48.4675	35.04	[]	נעמט אַריין איר שוואַגער... די יונגע מ. אין כאָר פֿון סאָבסייס טרופּע
P-2-facs_250_tr_1744280768	מאָשקאָוויטש, נאַדיאַ [גורעוויטש]	entry	4	יעקאַטערינאָסלאָוו	settlement	פישזאָנען	performer	stay			none	1907	1916	True	settlement	Q48256	Dnipro	48.4675	35.04	[]	פֿון דאָרט גייט זיי שפּעטער איבער צו פישזאָנען
P-2-facs_250_tr_1744280768	מאָשקאָוויטש, נאַדיאַ [גורעוויטש]	entry	5	מינסק	settlement	פֿאַראייניקטער טרופּע מיט ווייסמאַן מערוויעדאַוואָ	performer	stay	1916	1916	explicit	1916	1916	False	settlement	Q2280	Minsk	53.902246	27.561837	[]	1916 — שפּילט מ. אין דער פֿאַראייניקטער טרופּע מיט ווייסמאַן מערוויעדאַוואָ אין מינסק
P-2-facs_250_tr_1744280768	מאָשקאָוויטש, נאַדיאַ [גורעוויטש]	entry	6	קאָנסטאַנטינאָפּאָל	settlement		performer	emigration			none	1916	1926	True	settlement	Q406	Istanbul	41.01	28.960278	[]	וואַנדערט אויס מ. קיין קאָנסטאַנטינאָפּאָל, וואו זי שפּילט העכער אַ יאָר
P-2-facs_250_tr_1744280768	מאָשקאָוויטש, נאַדיאַ [גורעוויטש]	entry	7	בולגאָריע	country		performer	stay			none	1916	1926	True	region	בולגאריע	Bulgaria	42.7	25.5	[]	דערנאָך 5 חדשים אין בולגאָריע
P-2-facs_250_tr_1744280768	מאָשקאָוויטש, נאַדיאַ [גורעוויטש]	entry	8	ווין	settlement		performer	stay			none	1916	1926	True	settlement	Q1741	Vienna	48.208333	16.3725	[]	1 יאָר אין ווין
P-2-facs_250_tr_1744280768	מאָשקאָוויטש, נאַדיאַ [גורעוויטש]	entry	9	דייטשלאַנד	country		performer	stay			none	1916	1926	True	region	דייטשלאנד	Germany	52.52	13.4	[]	6 יאָר אין דייטשלאַנד
P-2-facs_250_tr_1744280768	מאָשקאָוויטש, נאַדיאַ [גורעוויטש]	entry	10	פאַריז	settlement		performer	death	1926	1933-10	explicit	1926	1933	False	settlement	Q90	Paris	48.856667	2.352222	"[{""event_type"": ""death"", ""play"": """", ""venue"": """", ""date"": ""1933-10"", ""description"": ""died in Paris""}]"	זינט 1926 אין פאַריז, וואו זיי איז אין אָקטאָבער 1933 געשטאָרבן
P-2-facs_250_tr_1744280768	מאָשקאָוויטש, נאַדיאַ [גורעוויטש]	עלטערן	2	יעקאַטערינאָסלאָוו	settlement			settled	1907	1907	explicit	1907	1907	False	settlement	Q48256	Dnipro	48.4675	35.04	[]	בעת די עלטערן טראָגן זיך אַריבער אין 1907 קיין יעקאַטערינאָסלאָוו
P-2-facs_253_tr_1744280798	מיאָדאָווניק, מאַרק	entry	1	בענדין, פּעטריקאָווער גוב., פּוילן	settlement			born	1870		explicit	1870	1870	False	settlement	Q461513	Będzin	50.325	19.133333	[]	געבוירן 1870 אין בענדין, פּעטריקאָווער גוב., פּוילן.
P-2-facs_253_tr_1744280798	מיאָדאָווניק, מאַרק	entry	2	בענדין	settlement		performer	stay	1888	1888	explicit	1888	1888	False	settlement	Q461513	Będzin	50.325	19.133333	"[{""event_type"": ""performance"", ""play"": ""פּורים-שפּיל"", ""venue"": """", ""date"": ""1888"", ""description"": ""Organized a Purim play with boys which was very successful.""}]"	שטעלט צונויף מ. אום פּורים 1888 אַ פּורים-שפּיל מיט יינגלעך
P-2-facs_253_tr_1744280798	מיאָדאָווניק, מאַרק	entry	3	בענדין	settlement	טרופּע פון געליס	performer	stay			none	1888	1899	True	settlement	Q461513	Będzin	50.325	19.133333	[]	געליס, וועלכער פֿאָרט דורך בענדין מיט זיין טרופּע, נעמט אים אַריין צו זיך
P-2-facs_253_tr_1744280798	מיאָדאָווניק, מאַרק	entry	4	unknown	unknown	טרופּע פֿון קאַמינסקין	performer	stay			none	1888	1899	True	unresolved					"[{""event_type"": ""performance"", ""play"": """", ""venue"": """", ""date"": """", ""description"": ""Played female roles.""}]"	גייט מ. איבער אין דער טרופּע פֿון קאַמינסקין, וואו ער שפּילט פרויען-ראָלן.
P-2-facs_253_tr_1744280798	מיאָדאָווניק, מאַרק	entry	5	unknown	unknown	שטומאַכערס טרופּע	performer	tour			none	1888	1899	True	unresolved					[]	שפּעטער וואַנדערט ער אַרום מיט שטומאַכערס טרופּע
P-2-facs_253_tr_1744280798	מיאָדאָווניק, מאַרק	entry	6	קראַקע	settlement	בראָדערזינגער	performer	stay	1899	1899	explicit	1899	1899	False	settlement	Q31487	Kraków	50.061389	19.937222	"[{""event_type"": ""season"", ""play"": """", ""venue"": ""דירעקטאָר קענער"", ""date"": ""1899"", ""description"": ""Played with the Broder Singers under Director Kenner.""}]"	1899 — שפּילט מ. צוזאַמען מיט בראָדערזינגער אין קראַקע ביים דירעקטאָר קענער
P-2-facs_253_tr_1744280798	מיאָדאָווניק, מאַרק	entry	7	unknown	unknown	פישזאָנען	performer	stay	1902	1902	explicit	1902	1902	False	unresolved					[]	1902 — ביי פישזאָנען
P-2-facs_253_tr_1744280798	מיאָדאָווניק, מאַרק	entry	8	unknown	unknown	יוליוס אַדלער	ערשטער קאָמיקער	stay	1907	1908	explicit	1907	1908	False	unresolved					[]	1907-8 אַלס ערשטער קאָמיקער ביי יוליוס אַדלער
P-2-facs_253_tr_1744280798	מיאָדאָווניק, מאַרק	entry	9	לאָנדאָן	settlement		performer	tour			none	1907	1918	True	settlement	Q84	London	51.507222	-0.1275	[]	דערנאָך אין לאָנדאָן
P-2-facs_253_tr_1744280798	מיאָדאָווניק, מאַרק	entry	10	פאַריז	settlement		performer	tour			none	1907	1918	True	settlement	Q90	Paris	48.856667	2.352222	[]	פאַריז
P-2-facs_253_tr_1744280798	מיאָדאָווניק, מאַרק	entry	11	קאָנסטאַנטינאָפּאָל	settlement		performer	tour			none	1907	1918	True	settlement	Q406	Istanbul	41.01	28.960278	[]	קאָנסטאַנטינאָפּאָל
P-2-facs_253_tr_1744280798	מיאָדאָווניק, מאַרק	entry	12	יאָסי	settlement		performer	tour			none	1907	1918	True	settlement	Q46852	Iași	47.162222	27.588889	[]	יאָסי
P-2-facs_253_tr_1744280798	מיאָדאָווניק, מאַרק	entry	13	באָטאָשאַן	settlement		performer	tour			none	1907	1918	True	settlement	Q178855	Botoșani	47.748611	26.669444	[]	באָטאָשאַן
P-2-facs_253_tr_1744280798	מיאָדאָווניק, מאַרק	entry	14	סעקורען	settlement		performer	tour			none	1907	1918	True	unresolved					[]	סעקורען
P-2-facs_253_tr_1744280798	מיאָדאָווניק, מאַרק	entry	15	בודאָפּעסט	settlement		performer	tour			none	1907	1918	True	settlement	Q1781	Budapest	47.498333	19.040833	[]	בודאָפּעסט
P-2-facs_253_tr_1744280798	מיאָדאָווניק, מאַרק	entry	16	ווין	settlement		performer	tour			none	1907	1918	True	settlement	Q1741	Vienna	48.208333	16.3725	[]	ווין
P-2-facs_253_tr_1744280798	מיאָדאָווניק, מאַרק	entry	17	בערלין	settlement		performer	tour			none	1907	1918	True	settlement	Q64	Berlin	52.516667	13.383333	[]	און בערלין
P-2-facs_253_tr_1744280798	מיאָדאָווניק, מאַרק	entry	18	סיביר און אוראָל	region	קאָלעקטיוו אונטער זיין פֿירונג	leader	tour			none	1907	1918	True	settlement_first_of_list	Q5428	Siberia (Russia)	60.0	105.0	[]	אין דער מלחמה צייט איז מ. אַרומגעפֿאָרן מיט אַ קאָלעקטיוו אונטער זיין פֿירונג איבער סיביר און אוראָל.
P-2-facs_253_tr_1744280798	מיאָדאָווניק, מאַרק	entry	19	קרעמענטשוג	settlement	מלוכה-טעאַטער	performer	stay	1918	1918	explicit	1918	1918	False	settlement	Q156724	Kremenchuk	49.063056	33.403889	[]	בעת דער אָקטאָבער-רעוואָלוציע (1918) האָט מ. מיטגעווירקט אין קרעמענטשוג אין מלוכה-טעאַטער
P-2-facs_253_tr_1744280798	מיאָדאָווניק, מאַרק	entry	20	פּאָלטאָווע	settlement	זאָסלאָווסקין	performer	stay	1919	1919	explicit	1919	1919	False	settlement	Q156747	Poltava	49.5894444444444	34.5513888888889	[]	1919 — אין פּאָלטאָווע ביי זאָסלאָווסקין
P-2-facs_253_tr_1744280798	מיאָדאָווניק, מאַרק	entry	21	סצבעזש	settlement	מלוכהקאָלעקטיוו	רעזשיסער	stay	1920	1920	explicit	1920	1920	False	unresolved					[]	1920 — געווען רעזשיסער אין סצבעזש, אין מלוכהקאָלעקטיוו
P-2-facs_253_tr_1744280798	מיאָדאָווניק, מאַרק	entry	22	פּאָלאָצק	settlement	פּאָליטפּראָסוויעט	performer	stay	1922	1922	explicit	1922	1922	False	settlement	Q200797	Polatsk	55.483333	28.8	[]	1922 — אין פּאָלאָצק אין פּאָליטפּראָסוויעט
P-2-facs_253_tr_1744280798	מיאָדאָווניק, מאַרק	entry	23	מינסק	settlement	מלוכה טעאַטער ביי בראַנדעסקאָן	performer	stay	1923	1927-07	explicit	1923	1927	False	settlement	Q2280	Minsk	53.902246	27.561837	"[{""event_type"": ""other"", ""play"": """", ""venue"": ""קלוב „קים\"""", ""date"": """", ""description"": ""Worked in various clubs including KIM and Transport Workers.""}, {""event_type"": ""other"", ""play"": """", ""venue"": ""מינסק"", ""date"": ""1928-10-08"", ""description"": ""Celebrated 40-year stage jubilee.""}]"	1923 — אין מינסק. מלוכה טעאַטער ביי בראַנדעסקאָן... ביז יולי 1927.
P-2-facs_253_tr_1744280798	מיאָדאָווניק, מאַרק	entry	24	מינסק	settlement	אַרבעטער-בינע	organizer	stay	1928	1928	explicit	1928	1928	False	settlement	Q2280	Minsk	53.902246	27.561837	"[{""event_type"": ""founding"", ""play"": """", ""venue"": """", ""date"": ""1928"", ""description"": ""Organized the collective Arbeter-Bine.""}]"	1928 — האָט מ. מיטגעווירקט אין קאָלעקטיוו „אַרבעטער-בינע“, וועלכן ער האָט אָרגאַניזירט.
P-2-facs_292_tr_1744280734	מענדעלעוויטש, דוד	entry	1	קעלץ, פּוילן	settlement			born	1888		explicit	1888	1888	False	settlement	Q102317	Kielce	50.8725	20.631944	[]	געבוירן 1888 אין קעלץ, פּוילן
P-2-facs_292_tr_1744280734	מענדעלעוויטש, דוד	entry	2	ראַדאָם	settlement	פּוילישער בינע	performer	stay	1903		explicit	1903	1903	False	settlement	Q104740	Radom	51.416667	21.15	"[{""event_type"": ""debut"", ""play"": """", ""venue"": """", ""date"": ""1903"", ""description"": ""Debuted on the Polish stage""}]"	1903 — דעביוטירט אין ראַדאָם אויף דער פּוילישער בינע
P-2-facs_292_tr_1744280734	מענדעלעוויטש, דוד	entry	3	טשענסטאָכאָוו	settlement	יידישע דראַמאַטישע סעקציע	director	settled	1909		explicit	1909	1909	False	settlement	Q103217	Częstochowa	50.80964	19.12217	"[{""event_type"": ""performance"", ""play"": ""אוריאל אַקאָסטאָ"", ""venue"": """", ""date"": """", ""description"": ""Played the role of De Silva""}]"	1909 — זיך באַזעט אין טשענסטאָכאָוו און... אַרגאַניזירט אַ יידישע דראַמאַטישע סעקציע
P-2-facs_292_tr_1744280734	מענדעלעוויטש, דוד	entry	4	פּוילן	country	קאָמינסקי-טרופּע	performer	tour			none	1909	1915	True	region	פוילן	Poland	52.23	21.01	[]	אַריינגעטראָטן אַלס כראָפעסיאנעלער יידישער אַקטיאָר אין דער גאַסטראָלירנדיקער קאָמינסקי-טרופּע, מיט וועלכער ער פֿאָרט אַרום איבער פּוילן
P-2-facs_292_tr_1744280734	מענדעלעוויטש, דוד	entry	5	פּוילן	country	ליפּאָווסקי, גענפער	performer	stay		1915	explicit	1915	1915	False	region	פוילן	Poland	52.23	21.01	[]	איבערגעגאַנגען אין די טרופּעס פֿון ליפּאָווסקי, גענפער א. א., וואו ער שפּילט ביז 1915
P-2-facs_292_tr_1744280734	מענדעלעוויטש, דוד	entry	6	כאַרקאָוו	settlement	קלאַראַ יאָנג	performer	stay	1915	1916	explicit	1915	1916	False	settlement	Q42308	Kharkiv	49.9925	36.231111	[]	1915-16 — געשפּילט מיט קלאַראַ יאָנג אין כאַרקאָוו
P-2-facs_292_tr_1744280734	מענדעלעוויטש, דוד	entry	7	קרים און אוקראַאינע	region	אייגענע טרופּע	director	tour			none	1915	1917	True	settlement_first_of_list	Q7835	Crimea	45.0	34.0	[]	אַרגאַניזירט אונטער זיין דירעקציע אַ טרופּע, מיט וועלכער ער פֿאָרט אַרום... איבער קרים און אוקראַאינע
P-2-facs_292_tr_1744280734	מענדעלעוויטש, דוד	entry	8	ראַטנפֿאַרבאַנד	country	קאָאָפּעראַטיווער טרופּע	performer	tour	1917	1920	explicit	1917	1920	False	region	ראטנפארבאנד	Soviet Union	55.75	37.62	[]	1917-20 — אַרומגעפֿאָרן מיט אַ קאָאָפּעראַטיווער טרופּע
P-2-facs_292_tr_1744280734	מענדעלעוויטש, דוד	entry	9	קאָנסטאַנטינאָפּאָל	settlement		performer	emigration			none	1917	1922	True	settlement	Q406	Istanbul	41.01	28.960278	[]	פאַרלאָזט ראַטנפֿאַרבאַנד און געשפּילט יידיש טעאַטער אין קאָנסטאַנטינאָפּאָל
P-2-facs_292_tr_1744280734	מענדעלעוויטש, דוד	entry	10	איטאָליע	country		performer	stay			none	1917	1922	True	region	איטאליע	Italy	41.9	12.5	[]	געשפּילט יידיש טעאַטער אין... איטאָליע
P-2-facs_292_tr_1744280734	מענדעלעוויטש, דוד	entry	11	ווין	settlement		performer	stay			none	1917	1922	True	settlement	Q1741	Vienna	48.208333	16.3725	[]	געשפּילט יידיש טעאַטער אין... ווין
P-2-facs_292_tr_1744280734	מענדעלעוויטש, דוד	entry	12	פּאַריז	settlement	נ. בלומענטאַל	performer	stay	1922	1925	explicit	1922	1925	False	settlement	Q90	Paris	48.856667	2.352222	[]	1922 — אָנגאַזשירט געוואָרן קיין פּאַריז... וואו ער שפּילט ביז 1925
P-2-facs_292_tr_1744280734	מענדעלעוויטש, דוד	entry	13	לאָנדאָן	settlement	נ. בלומענטאַל	performer	stay	1922	1925	explicit	1922	1925	False	settlement	Q84	London	51.507222	-0.1275	[]	1922 — אָנגאַזשירט געוואָרן קיין... לאָנדאָן (דיר. נ. בלומענטאַל), וואו ער שפּילט ביז 1925
P-2-facs_292_tr_1744280734	מענדעלעוויטש, דוד	entry	14	בעלגיע	country	יידישע טרופּעס	director	stay	1925	1927	approximate	1925	1927	False	region	בעלגיע	Belgium	50.85	4.35	[]	דערנאָך ביז 1927 געווען דירעקטאָר פֿון יידישע טרופּעס אין בעלגיע
P-2-facs_292_tr_1744280734	מענדעלעוויטש, דוד	entry	15	דרום-אפריקע	country	יידישער טרופּע	performer	stay	1928		explicit	1928	1928	False	settlement	Q258	South Africa	-29.0	24.0	[]	1928 — אַנגאַזשירט צו שפּילן מיט אַ יידישער טרופּע אין דרום-אפריקע
P-2-facs_292_tr_1744280734	מענדעלעוויטש, דוד	entry	16	מערב-אייראָפּע	region		performer	return			none	1928	1928	True	region	מערב-אייראפע	Western Europe	48.85	2.35	[]	נאָכן צוריקקומען אין מערב-אייראָפּע, דאָרט ווייטער געשפּילט יידיש טעאַטער
P-2-facs_327_tr_1744365754	סאַמאָלעסקאָ, דעיוו	entry	1	פּאַנטשע, רומעניע	settlement			born	18		approximate	1897	1897	True	region_first_of_list	רומעניע	Romania	45.94	24.97	[]	געבוירן ...18 אין פּאַנטשע, רומעניע.
P-2-facs_327_tr_1744365754	סאַמאָלעסקאָ, דעיוו	entry	2	קאָנסטאַנטינאָפּאָל	settlement			flight			none	1897	1897	True	settlement	Q406	Istanbul	41.01	28.960278	[]	אַנטלויפט ער פֿון דער היים קיין קאָנסטאַנטינאָפּאָל.
P-2-facs_327_tr_1744365754	סאַמאָלעסקאָ, דעיוו	entry	3	רומעניע	country	וואַריעטעס	קופּלעטיסט	stay			none	1897	1897	True	region	רומעניע	Romania	45.94	24.97	[]	ס. געווען אַ קופּלעטיסט נאָך אין די וואַריעטעס אין רומעניע
P-2-facs_327_tr_1744365754	סאַמאָלעסקאָ, דעיוו	entry	4	לאָנדאָן	settlement		ענגלישער אַקטיאָר	stay			none	1897	1897	True	settlement	Q84	London	51.507222	-0.1275	"[{""event_type"": ""performance"", ""play"": """", ""venue"": """", ""date"": """", ""description"": ""performed in several theaters in one evening""}]"	איז פֿון דאָרט אַוועק קיין לאָנדאָן, וואו ער איז געוואָרן אַן ענגלישער אַקטיאָר
P-2-facs_327_tr_1744365754	סאַמאָלעסקאָ, דעיוו	entry	5	אַמעריקע	country		מאַטראָז	emigration	1897		explicit	1897	1897	False	settlement	Q30	United States	39.828175	-98.5795	"[{""event_type"": ""business"", ""play"": """", ""venue"": ""קאָפע-סאַלון"", ""date"": """", ""description"": ""worked in a coffee saloon""}, {""event_type"": ""business"", ""play"": """", ""venue"": ""בלעך-פֿאָבריק"", ""date"": """", ""description"": ""worked in a tin factory""}]"	דערשלאָגט זיך אַלס מאַטראָז אין 1897 קיין אַמעריקע.
P-2-facs_327_tr_1744365754	סאַמאָלעסקאָ, דעיוו	entry	6	ניו-יאָרק	settlement		משרת	stay			none	1897	1915	True	settlement	Q60	New York City	40.712778	-74.006111	"[{""event_type"": ""performance"", ""play"": ""ביידע קוני לעמעלס"", ""venue"": ""טורן-האָל"", ""date"": """", ""description"": ""played the role of Kuni Lemel at a benefit""}, {""event_type"": ""performance"", ""play"": """", ""venue"": ""ערשטן יידישן אַטלאַנטניק גאַרדען"", ""date"": """", ""description"": ""engaged in variety with Spivak""}, {""event_type"": ""performance"", ""play"": """", ""venue"": ""טאַליאַ מוזיק-האָל"", ""date"": """", ""description"": ""performed songs""}, {""event_type"": ""performance"", ""play"": """", ""venue"": ""פּיפלס-מוזיק-האָל"", ""date"": """", ""description"": ""performed songs by Meisel and Meyerowitz""}, {""event_type"": ""marriage"", ""play"": """", ""venue"": """", ""date"": """", ""description"": ""married P. Finkelstein""}]"	שפּעטער געוואָרן אַ משרת ביי מאָגולעסקאָׂן אין טעאַטער... שפּעטער ווערט ער אָנגאַזשירט אין וואַריעטע צו ספּיוואָקן אין ערשטן יידישן אַטלאַנטניק גאַרדען
P-2-facs_327_tr_1744365754	סאַמאָלעסקאָ, דעיוו	entry	7	שיקאַגאָ	settlement	מאָשקאָוויטשעס מוזיק-האָל	performer	stay			none	1897	1915	True	settlement	Q1297	Chicago	41.881944	-87.627778	[]	פֿאָרט ס. אָפּ קיין שיקאַגאָ, וואו ער שפּילט אין מאָשקאָוויטשעס מוזיק-האָל
P-2-facs_327_tr_1744365754	סאַמאָלעסקאָ, דעיוו	entry	8	סט. לואיס	settlement	גאָזוכער פֿאַר גליקמאַןס רוסישן כאָר	barker	stay			none	1897	1915	True	settlement	Q38022	St. Louis	38.626389	-90.199444	[]	דערנאָך אין סט. לואיס, וואו ער רופט אַריין פֿון גאָס באָזוכער פֿאַר גליקמאַןס רוסישן כאָר.
P-2-facs_327_tr_1744365754	סאַמאָלעסקאָ, דעיוו	entry	9	סט. פראַנציסקאָ	settlement	ענגלישער וואַריעטע-בינע	דזשוּ קאָמידיען	stay			none	1897	1915	True	unresolved					[]	פֿאָרט ער קיין סט. פראַנציסקאָ, וואו ער טרעט אַרויס אויף דער ענגלישער וואַריעטע-בינע
P-2-facs_327_tr_1744365754	סאַמאָלעסקאָ, דעיוו	entry	10	לאָנדאָן	settlement		performer	stay			none	1897	1915	True	settlement	Q84	London	51.507222	-0.1275	[]	דערנאָך פֿאָרט ער קיין לאָנדאָן, וואו ער שפּילט ענגליש.
P-2-facs_327_tr_1744365754	סאַמאָלעסקאָ, דעיוו	entry	11	אַמעריקע	country			return			none	1897	1915	True	settlement	Q30	United States	39.828175	-98.5795	[]	בעת דער וועלט-מלחמה צוריקגעקומען אין אַמעריקע
P-2-facs_327_tr_1744365754	סאַמאָלעסקאָ, דעיוו	entry	12	לוזיטאַניאַ	unknown			death	1915-05-07	1915-05-07	explicit	1915	1915	False	unresolved					"[{""event_type"": ""death"", ""play"": """", ""venue"": ""לוזיטאַניאַ"", ""date"": ""1915-05-07"", ""description"": ""died during the sea catastrophe""}]"	"פֿאָרט צוריק קיין ענגלאַנד מיט דער שיף „לוזיטאַניאַ"" אויף וועלכער ער איז דעם 7 מאי 1915 אומגעקומען"
P-2-facs_329_tr_1744365808	סאַמואילאָוו, משה-בער	entry	1	לעמבערג, גאַליציע	settlement			born	1876-12-17		explicit	1876	1876	False	settlement	Q36036	Lviv	49.8425	24.032222	[]	געבוירן 17 דעצעמבער 1876 אין לעמבערג, גאַליציע
P-2-facs_329_tr_1744365808	סאַמואילאָוו, משה-בער	entry	3	גאָלאַץ (רומעניע)	settlement		student	emigration	1885		explicit	1885	1885	False	unresolved					[]	אין 1885 טראָגט זיך איבער די פאַמיליע קיין גאָלאַץ (רומעניע)
P-2-facs_329_tr_1744365808	סאַמואילאָוו, משה-בער	entry	4	ווין	settlement	ווינער גימנאַזיע	student	stay			none	1885	1907	True	settlement	Q1741	Vienna	48.208333	16.3725	[]	שפּעטער פאָרט ס. שטודירן אין אַ ווינער גימנאַזיע
P-2-facs_329_tr_1744365808	סאַמואילאָוו, משה-בער	entry	5	בוקאַרעסט	settlement	יאָוועלירס טרופּע	כאָריסט	stay			none	1885	1907	True	settlement	Q19660	Bucharest	44.413361	26.097778	"[{""event_type"": ""debut"", ""play"": ""רש'י"", ""venue"": ""זשיגניצאַ"", ""date"": """", ""description"": ""debuted as a servant in the operetta Rashi""}]"	לאָזט זיך וואַנדערן ביז בוקאַרעסט... ווערט ער אויפגענומען אַלס כאָריסט אין יאָוועלירס טרופּע אין זשיגניצאַ
P-2-facs_329_tr_1744365808	סאַמואילאָוו, משה-בער	entry	6	בולגאָריע. רומעניע, קאָנסטאַנטינאָפּאָל, גאַליציע אין בערלין	region	טרופּע (פינקעלשטיין און פרוי)	performer	tour			none	1885	1907	True	settlement_first_of_list	Q406	Istanbul	41.01	28.960278	[]	פאָרט אַרום מיט דער טרופּע איבער בולגאָריע. רומעניע, קאָנסטאַנטינאָפּאָל, גאַליציע אין בערלין
P-2-facs_329_tr_1744365808	סאַמואילאָוו, משה-בער	entry	7	קראָקע (גאַליציע)	settlement	יידישן טעאַטער אין קראָקע	דירעקטאָר	stay			none	1885	1907	True	unresolved					"[{""event_type"": ""season"", ""play"": """", ""venue"": """", ""date"": """", ""description"": ""director for 3 seasons""}]"	שפּעטער איז ס. 3 סעזאָנען דירעקטאָר פון יידישן טעאַטער אין קראָקע
P-2-facs_329_tr_1744365808	סאַמואילאָוו, משה-בער	entry	8	לעמבערג	settlement	גימפּעלן	performer	stay			none	1885	1907	True	settlement	Q36036	Lviv	49.8425	24.032222	[]	2 יאָר שפּילט ער אין לעמבערג א'ר פון גימפּעלן
P-2-facs_329_tr_1744365808	סאַמואילאָוו, משה-בער	entry	9	טשערנאָוויץ	settlement	א'ד פון אַקסעלראָד	רעזשיסער און שוישפּילער	stay			none	1885	1907	True	settlement	Q157725	Chernivtsi	48.290833	25.934444	"[{""event_type"": ""performance"", ""play"": ""נתן החכם"", ""venue"": """", ""date"": """", ""description"": ""staged Lessing's Nathan the Wise""}, {""event_type"": ""performance"", ""play"": ""פאַמיליע צבי"", ""venue"": """", ""date"": """", ""description"": ""staged Pinski's Family Zvi""}]"	אייניקע יאָר רעזשיסער און שוישפּילער אין טשערנאָוויץ א'ד פון אַקסעלראָד
P-2-facs_329_tr_1744365808	סאַמואילאָוו, משה-בער	entry	10	בערלין	settlement	אַלעקסאַנדער-טעאַטער	performer	stay			none	1885	1907	True	settlement	Q64	Berlin	52.516667	13.383333	[]	דייטשע אַקטיאָרן אין אַלעקסאַנדער-טעאַטער אין בערלין
P-2-facs_329_tr_1744365808	סאַמואילאָוו, משה-בער	entry	11	אַמעריקע	country	יידישן קונסט-טעאַטער	performer	emigration	1907		explicit	1907	1907	False	settlement	Q30	United States	39.828175	-98.5795	"[{""event_type"": ""performance"", ""play"": ""סטריט סצין"", ""venue"": ""אַמעריקאַנער פּראָווינץ"", ""date"": ""1930-1931"", ""description"": ""played Abraham Kaplan in Street Scene in English""}]"	זינט 1907 שפּילט ס. אויף דער יידישער בינע אין אַמעריקע
P-2-facs_329_tr_1744365808	סאַמואילאָוו, משה-בער	פאָטער	2	טאַרנאָוו, גאַליציע	settlement		אויבערקאָנטאָר	settled			none			True	region_first_of_list	גאליציע	Galicia	49.55	24.0	[]	וועלכער ווערט דערנאָך אויבערקאָנטאָר אין טאַרנאָוו, גאַליציע
P-2-facs_63_r_2	יאָוועליר, קלמן	entry	1	לעמבערג	settlement			born	1863-05-12		explicit	1863	1863	False	settlement	Q36036	Lviv	49.8425	24.032222	[]	געב. 12 מאי 1863 אין לעמבערג
P-2-facs_63_r_2	יאָוועליר, קלמן	entry	2	לעמבערג	settlement	פאָרשטאָטישער שול	singer	stay			none	1863	1880	True	settlement	Q36036	Lviv	49.8425	24.032222	"[{""event_type"": ""other"", ""play"": """", ""venue"": """", ""date"": """", ""description"": ""Sang with Cantor Baruch Schorr and later with Cantor Aaron-Shalom Shirman""}]"	צו 9 יאָר געזונגען ביים חזן ברוך שאָר און אַ קורצע צייט שפּעטער ביים חזן פֿון דער פֿאָרשטאָטישער שול
P-2-facs_63_r_2	יאָוועליר, קלמן	entry	3	פּראָווינץ	region		folksinger	tour			none	1863	1880	True	unresolved					[]	לאָזט זיך י. וואַנדערן צופוס איבער דער פּראָווינץ
P-2-facs_63_r_2	יאָוועליר, קלמן	entry	4	טשערנאָוויץ	settlement		performer	stay			none	1863	1880	True	settlement	Q157725	Chernivtsi	48.290833	25.934444	"[{""event_type"": ""performance"", ""play"": ""שמענדריק"", ""venue"": """", ""date"": """", ""description"": ""Played the role of Breine die Arendarke""}]"	"ביז זיי קומען אין טשערנאָוויץ, וואו זיי שפּילן שוין מער „טעאַטער-מעסיק"""
P-2-facs_63_r_2	יאָוועליר, קלמן	entry	5	באָטאָשאן	settlement	איציק-מענדל בערמאַןס טרופּע	performer	stay			none	1863	1880	True	settlement	Q178855	Botoșani	47.748611	26.669444	"[{""event_type"": ""performance"", ""play"": ""קאָלדוניא"", ""venue"": """", ""date"": """", ""description"": ""Performed solo 'Heise Bobkelech'""}, {""event_type"": ""performance"", ""play"": ""דיבוק"", ""venue"": """", ""date"": """", ""description"": ""Played the role of Polig""}]"	לאָזט זיך י. אַהין צוזאַמען מיט מענדעלע ראָטמאַן, אין זיי ווערן אָנגענומען אין איציק-מענדל בערמאַןס טרופּע
P-2-facs_63_r_2	יאָוועליר, קלמן	entry	6	רומעניע און בוקאָווינע	region	איציק-מענדל בערמאַןס טרופּע	performer	tour			none	1863	1880	True	region_first_of_list	רומעניע	Romania	45.94	24.97	[]	נאָך אַ קורצן טורנעע איבער רומעניע און בוקאָווינע
P-2-facs_63_r_2	יאָוועליר, קלמן	entry	7	טשערנאָוויץ	settlement	פּראָפ. הורוויץ טרופּע	performer	stay	1880		explicit	1880	1880	False	settlement	Q157725	Chernivtsi	48.290833	25.934444	"[{""event_type"": ""marriage"", ""play"": """", ""venue"": """", ""date"": """", ""description"": ""Married the primadonna Yetta Rauch""}]"	צוריקגעקומען אין 1880 קיין טשערנאָוויץ... י. גייט איבער אין זייער טרופּע, וואו ער האָט חתונה מיט דער פּרימאַדאָנאַ יעטאַ רויך
P-2-facs_63_r_2	יאָוועליר, קלמן	entry	8	גאַליציע	region	וואָלגעשאַפּעןס קאָנצעסיע	performer	tour			none	1880	1890	True	region	גאליציע	Galicia	49.55	24.0	[]	וואַנדערנדיק אַ קורצע צייט איבער גאַליציע אונטער וואָלגעשאַפּעןס קאָנצעסיע
P-2-facs_63_r_2	יאָוועליר, קלמן	entry	9	גאַליציע, בוקאָווינע, רומעניע, קאָנסטאַנטינאָפּאָל, אַלעקסאַנדריע און קאַאיראָ	region	זיין טרופּע	director	tour			none	1880	1890	True	region	גאליציע	Galicia	49.55	24.0	[]	באַקומט י. אַליין אַ קאָנצעסיע און ווערט דירעקטאָר, שפּילנדיק מיט זיין טרופּע 17 יאָר איבער גאַליציע, בוקאָווינע, רומעניע, קאָנסטאַנטינאָפּאָל, אַלעקסאַנדריע און קאַאיראָ
P-2-facs_63_r_2	יאָוועליר, קלמן	entry	10	לעמבערג	settlement	גימפּעלס טרופּע	performer	stay	1890	1891	explicit	1890	1891	False	settlement	Q36036	Lviv	49.8425	24.032222	[]	במשך פֿון דער צייט האָט י. געשפּילט (1890-1) אין גימפּעלס טרופּע
P-2-facs_63_r_2	יאָוועליר, קלמן	entry	11	טשערנאָוויץ	settlement		director	stay	1900		explicit	1900	1900	False	settlement	Q157725	Chernivtsi	48.290833	25.934444	[]	אין 1900 קומט הורוויץ קיין טשערנאָוויץ
P-2-facs_63_r_2	יאָוועליר, קלמן	entry	12	אַמעריקע	country	הורוויץ טרופּע	performer	emigration	1900		approximate	1900	1900	False	settlement	Q30	United States	39.828175	-98.5795	"[{""event_type"": ""marriage"", ""play"": """", ""venue"": """", ""date"": ""1910"", ""description"": ""Married Bina Abramowicz""}]"	פֿירט אַריבער י. מיט זיין טרופּע פֿון 21 מאַן קיין אַמעריקע
P-2-facs_63_r_2	יאָוועליר, קלמן	entry	14	ניו-יאָרק	settlement		performer	stay			none	1900	1913	True	settlement	Q60	New York City	40.712778	-74.006111	"[{""event_type"": ""season"", ""play"": """", ""venue"": ""ווינדזאָר-טעאַטער"", ""date"": """", ""description"": ""Played for 5 years""}, {""event_type"": ""business"", ""play"": """", ""venue"": ""ליבערטי-טעאַטער"", ""date"": """", ""description"": ""Became a lessee of the theater""}]"	אין אַמעריקע שפּילט י. 5 יאָר אין ווינדזאָר-טעאַטער... דערנאָך ווערט ער אַ ליסער אין ליבערטי-טעאַטער
P-2-facs_63_r_2	יאָוועליר, קלמן	entry	15	אַרגענטינע	country		performer	tour	1913		explicit	1913	1913	False	settlement	Q414	Argentina	-34.0	-64.0	[]	1913 — גאַסטראָלירט ער אין אַרגענטינע
P-2-facs_63_r_2	יאָוועליר, קלמן	entry	16	פֿילאדעלפֿיער	settlement	ארטש סטריט-טעאַטער	performer	stay	1921	1928	explicit	1921	1928	False	settlement	Q1345	Philadelphia	39.952778	-75.163611	[]	1921-28 — שפּילט ער אין פֿילאדעלפֿיער אַרטש סטריט-טעאַטער
P-2-facs_63_r_2	יאָוועליר, קלמן	entry	17	ניו-יאָרקער	settlement	סעקאָנד-עוועניו-טעאַטער	performer	stay	1929	1930	explicit	1929	1930	False	unresolved					[]	1929-30 — ווידער אין ניו-יאָרקער סעקאָנד-עוועניו-טעאַטער
P-2-facs_63_r_2	יאָוועליר, קלמן	entry	18	ניו-יאָרק	settlement		performer	stay	1931	1932	explicit	1931	1932	False	settlement	Q60	New York City	40.712778	-74.006111	"[{""event_type"": ""performance"", ""play"": """", ""venue"": ""ליריק-טעאַטער"", ""date"": ""1931-32"", ""description"": ""Played at Lyric Theater""}, {""event_type"": ""performance"", ""play"": """", ""venue"": ""געיטי-טעאַטער"", ""date"": ""1932"", ""description"": ""Played at Gaiety Theater""}]"	1931-32 — געשפּילט אין ליריק-טעאַטער און 1932 — אין געיטי-טעאַטער
P-2-facs_63_r_2	יאָוועליר, קלמן	יעטאַ רויך	13	אַמעריקע	country		performer	death	1908		explicit	1908	1908	False	settlement	Q30	United States	39.828175	-98.5795	[]	דאָ איז אין 1908 געשטאָרבן יעטאַ רויך
P-2-facs_63_r_2	יאָוועליר, קלמן	מינע יאָוועל	19	ניו-יאָרק	settlement		singer	death	1927		explicit	1927	1927	False	settlement	Q60	New York City	40.712778	-74.006111	[]	י.'ס טאָכטער, מינע יאָוועל... איז אין 1927 געשטאָרבן אין ניו-יאָרק
P-2-facs_87_r_8	לאַגער אהרן	entry	1	בראָד, גאַליציע	settlement			born	1869		explicit	1869	1869	False	settlement	Q465104	Brody	50.078056	25.154167	[]	געבוירן 1869 אין בראָד, גאַליציע
P-2-facs_87_r_8	לאַגער אהרן	entry	2	פּראָווינץ	region	פּראָווינץ-טרופּע פֿון משה גאָלדוואורם	פרימאדאָנע	stay	1888		explicit	1888	1888	False	unresolved					"[{""event_type"": ""debut"", ""play"": """", ""venue"": """", ""date"": ""1888"", ""description"": ""debuted as a 'primadonna'""}]"	"1888 — דעביוטירט אַלס „פרימאדאָנע"" אין דער פּראָווינץ-טרופּע פֿון משה גאָלדוואורם"
P-2-facs_87_r_8	לאַגער אהרן	entry	3	לעמבערג	settlement	גימפּעל	performer	stay			none	1888	1896	True	settlement	Q36036	Lviv	49.8425	24.032222	"[{""event_type"": ""performance"", ""play"": ""לא תחמוד"", ""venue"": """", ""date"": """", ""description"": ""played the role of Peretz""}, {""event_type"": ""performance"", ""play"": ""די כשוף-מאַכערין"", ""venue"": """", ""date"": """", ""description"": ""played the role of Hotzmakh""}]"	דערנאָך אַריין צו גימפּעל אין לעמבערג
P-2-facs_87_r_8	לאַגער אהרן	entry	4	גאליצישער פראָווינץ	region	אַברהם אַקסעלראד און איציק-מענדל בערגמאַן	performer	tour	1896		explicit	1896	1896	False	unresolved					[]	1896- געשפילט איבער דער גאליצישער פראָווינץ א'ד פון אַברהם אַקסעלראד און איציק-מענדל בערגמאַן
P-2-facs_87_r_8	לאַגער אהרן	entry	5	אונגאַרן	country	פאָלנישע געזעלשאַפט	performer	stay			approximate	1896	1898	True	region	אונגארן	Hungary	47.5	19.05	"[{""event_type"": ""season"", ""play"": """", ""venue"": ""קאַפע פֿון שנעקענדאָרף"", ""date"": """", ""description"": ""played in Budapest for about 2 years""}]"	"דערנאָך בערך 2 יאָר אין אונגאַרן, איבערהויפּט אין בודאַפעסט (א""פּ „פאָלנישע געזעלשאַפט"" אין קאַפע פֿון שנעקענדאָרף)"
P-2-facs_87_r_8	לאַגער אהרן	entry	6	טעמאשוואר	settlement		performer	stay			none	1896	1898	True	unresolved					[]	אויך אין טעמאשוואר
P-2-facs_87_r_8	לאַגער אהרן	entry	7	גראָסווארדאַין	settlement		performer	stay			none	1896	1898	True	unresolved					[]	און גראָסווארדאַין
P-2-facs_87_r_8	לאַגער אהרן	entry	8	יאַסי (רומעניע)	settlement		performer	stay	1898		explicit	1898	1898	False	unresolved					[]	1898 — געשפּילט אין יאַסי (רומעניע)
P-2-facs_87_r_8	לאַגער אהרן	entry	9	בודאפּעסט	settlement		performer	return			none	1898	1899	True	settlement	Q1781	Budapest	47.498333	19.040833	[]	דערנאָך צוריקגעקערט קיין בודאפּעסט
P-2-facs_87_r_8	לאַגער אהרן	entry	10	בוקאָווינע	region		performer	stay			none	1898	1899	True	region	בוקאווינע	Bukovina	47.9	25.9	[]	און אין זעלבן סעזאָן נאָך געשפּילט אין בוקאָווינע
P-2-facs_87_r_8	לאַגער אהרן	entry	11	גאַליציע	region		performer	return	1899		explicit	1899	1899	False	region	גאליציע	Galicia	49.55	24.0	[]	1899 — צוריק אין גאַליציע
P-2-facs_87_r_8	לאַגער אהרן	entry	12	בעסאַראַביע	region	דוד סאַבסיי	performer	stay			none	1899	1911	True	settlement	Q174994	Bessarabia	46.833333333333	29.0	[]	ביי וועמען ער שפּילט אין בעסאַראַביע
P-2-facs_87_r_8	לאַגער אהרן	entry	13	אָדעס	settlement	דוד סאַבסיי	רעזשיסער	stay			approximate	1899	1911	True	settlement	Q1874	Odesa	46.47747	30.73262	[]	דערנאָך 8-10 יאָר אין אָדעס, וואו ער איז אויך רעזשיסער פֿון דער טרופּע
P-2-facs_87_r_8	לאַגער אהרן	entry	14	קאָנסטאַנטינאָפּאָל	settlement	טרופּע מיט ש. קרויזע	director	stay			approximate	1899	1911	True	settlement	Q406	Istanbul	41.01	28.960278	"[{""event_type"": ""season"", ""play"": """", ""venue"": """", ""date"": """", ""description"": ""played for 2 months""}]"	אָרגאַניזירט אַ טרופּע מיט ש. קרויזע... וועלכע שפּילט 2 חדשים אין קאָנסטאַנטינאָפּאָל
P-2-facs_87_r_8	לאַגער אהרן	entry	15	בוקאַרעסט	settlement	טרופּע מיט ש. קרויזע	director	stay	1911		explicit	1911	1911	False	settlement	Q19660	Bucharest	44.413361	26.097778	[]	און אין 1911 — אייניקע חדשים אין בוקאַרעסט
P-2-facs_87_r_8	לאַגער אהרן	entry	16	בראַאילא	settlement	טרופּע	director	stay			none	1911	1912	True	settlement	Q16897	Brăila	45.269	27.957	[]	פֿירט אָן ל. אַליין מיט דער טרופּע, מיט וועלכער ער שפּילט אין בראַאילא
P-2-facs_87_r_8	לאַגער אהרן	entry	17	בוקאַרעסט	settlement	טרופּע	director	return			none	1911	1912	True	settlement	Q19660	Bucharest	44.413361	26.097778	[]	ווידער אין בוקאַרעסט
P-2-facs_87_r_8	לאַגער אהרן	entry	18	עסטרייך	country	טרופּע	director	tour			none	1911	1912	True	region	עסטרייך	Austria	48.2	16.37	[]	גאַסטראָלירט אין עסטרייך
P-2-facs_87_r_8	לאַגער אהרן	entry	19	ארגענטינע	country		כאַראַקטער-שוישפּילער	emigration	1912		explicit	1912	1912	False	settlement	Q414	Argentina	-34.0	-64.0	[]	אין 1912 עמיגרירט ער קיין ארגענטינע
P-2-facs_87_r_8	לאַגער אהרן	entry	20	ארגענטינע	country		businessman	settled	1926		explicit	1926	1926	False	settlement	Q414	Argentina	-34.0	-64.0	"[{""event_type"": ""business"", ""play"": """", ""venue"": ""רעסטאָראַן"", ""date"": """", ""description"": ""ran a restaurant after retiring from the stage""}]"	זינט 1926 האָט ל. זיך צוריקגעצויגן פֿון דער בינע, אַ געוויסע צייט געהאַלטן אַ רעסטאָראַן
P-4-facs_114_tr_1753936423	פֿרומקין, אַברהם	entry	1	ירושלים	settlement			born	1873		explicit	1873	1873	False	settlement	Q1218	Jerusalem	31.776679	35.234156	[]	געבוירן פּסח 1873 אין ירושלים
P-4-facs_114_tr_1753936423	פֿרומקין, אַברהם	entry	2	יפו	settlement	בעלקינדס שול	לערער פֿון אַראַביש	stay	1889		explicit	1889	1889	False	settlement	Q180294	Jaffa	32.052222	34.753056	[]	אין 1889, געוואָרן לערער פֿון אַראַביש אין בעלקינדס שול אין יפו
P-4-facs_114_tr_1753936423	פֿרומקין, אַברהם	entry	3	קאָנסטאַנטינאָפּאָל	settlement		student	stay	1891		explicit	1891	1891	False	settlement	Q406	Istanbul	41.01	28.960278	"[{""event_type"": ""other"", ""play"": """", ""venue"": """", ""date"": """", ""description"": ""studied Turkish and jurisprudence""}]"	1891 — אַוועק קיין קאָנסטאַנטינאָפּאָל דאָרט שטודירן טערקיש און יוריספרודענץ
P-4-facs_114_tr_1753936423	פֿרומקין, אַברהם	entry	4	לאָנדאָן	settlement			emigration	1893		explicit	1893	1893	False	settlement	Q84	London	51.507222	-0.1275	[]	1893 — אויסגעוואַנדערט קיין לאָנדאָן
P-4-facs_114_tr_1753936423	פֿרומקין, אַברהם	entry	5	ניו יאָרק	settlement			stay			none	1893	1895	True	settlement	Q60	New York City	40.712778	-74.006111	[]	און דערנאָך קיין ניו יאָרק
P-4-facs_114_tr_1753936423	פֿרומקין, אַברהם	entry	6	קאָנסטאַנטינאָפּאָל	settlement			return			none	1893	1895	True	settlement	Q406	Istanbul	41.01	28.960278	[]	צוריקגעפֿאָרן קיין קאָנסטאַנטינאָפּאָל
P-4-facs_114_tr_1753936423	פֿרומקין, אַברהם	entry	7	לאָנדאָן	settlement	דער אַרבייטער פֿריינד	רעדאַקטאָר	stay	1895	1897	explicit	1895	1897	False	settlement	Q84	London	51.507222	-0.1275	"[{""event_type"": ""debut"", ""play"": """", ""venue"": """", ""date"": ""1895"", ""description"": ""debuted in Yiddish in the anarchist organ Der Arbeter Fraynd""}, {""event_type"": ""founding"", ""play"": """", ""venue"": """", ""date"": ""1897"", ""description"": ""began publishing Der Propagandist""}]"	"1895 — דעביוטירט אין יידיש אין דעם אַנאַרכיסטישן אָרגאַן „דער אַרבייטער פֿריינד""... אין 1897 אָנגעהויבן אַרויסגעבן אין לאָנדאָן אַן אַנאַרכיסטישן אָרגאַן „דער פּראָפּאַגאַנדיסט"""
P-4-facs_114_tr_1753936423	פֿרומקין, אַברהם	entry	8	ניו יאָרק	settlement	פֿאָרווערטס	מיטאַרבעטער	stay	1899	1903	explicit	1899	1903	False	settlement	Q60	New York City	40.712778	-74.006111	[]	"פֿון 1899 ביז 1903 געלעבט אין ניו יאָרק אַלס שטענדיקער מיטאַרבעטער פֿון „פֿאָרווערטס"""
P-4-facs_114_tr_1753936423	פֿרומקין, אַברהם	entry	9	פאַריז	settlement	פֿריינד	קאָרעספּאָנדענט	settled	1903		approximate	1903	1903	False	settlement	Q90	Paris	48.856667	2.352222	[]	דערנאָך זיך באַזעצט אין פאַריז, וואו ער ווערט אַ טעטיקער קאָרעספּאָנדענט
P-4-facs_114_tr_1753936423	פֿרומקין, אַברהם	entry	10	לאָנדאָן	settlement	דער אַרבייטער פֿריינד	translator	settled	1905	1909	approximate	1905	1909	False	settlement	Q84	London	51.507222	-0.1275	"[{""event_type"": ""other"", ""play"": ""דער בער"", ""venue"": """", ""date"": ""1905-09"", ""description"": ""published translation of Chekhov's The Bear""}, {""event_type"": ""other"", ""play"": ""דאַנטאָן'ס טויט"", ""venue"": """", ""date"": ""1905-12"", ""description"": ""published translation of Buchner's Danton's Death""}]"	אייניקע יאָר שפּעטער זיך ווידער באַזעצט אין לאָנדאָן... אָנגעהויבן פֿאַרעפנטלעכן זייער פֿיל איבערזעצונגען
P-4-facs_114_tr_1753936423	פֿרומקין, אַברהם	entry	11	ניו יאָרק	settlement	פרייע אַרבייטער שטימע	רעדאַקציאָנעלער קאָלעגיע	stay	1914	1940	approximate	1914	1940	False	settlement	Q60	New York City	40.712778	-74.006111	"[{""event_type"": ""performance"", ""play"": ""איינזאַמע מענטשן"", ""venue"": ""דאָס נייע אידישע טעאַטער"", ""date"": ""1919-10-14"", ""description"": ""performance of his translation of Hauptmann""}, {""event_type"": ""death"", ""play"": """", ""venue"": """", ""date"": ""1940-04-29"", ""description"": ""died in New York""}]"	בשעת דער ערשטער וועלט-מלחמה האָט פ. פֿאַרלאָזט לאָנדאָן און געמאַכט זיין היים אין ניו יאָרק
P-4-facs_207_tr_1754998369	שילדקרויט, רודאָלף [חיים-מרדכי]	entry	1	קאָנסטאַנטינאָפּאָל	settlement			born	1862		explicit	1862	1862	False	settlement	Q406	Istanbul	41.01	28.960278	[]	געבוירן 1862 אין קאָנסטאַנטינאָפּאָל, טערקיי.
P-4-facs_207_tr_1754998369	שילדקרויט, רודאָלף [חיים-מרדכי]	entry	2	בראַאילאַ	settlement		student	settled			approximate	1862	1881	True	settlement	Q16897	Brăila	45.269	27.957	"[{""event_type"": ""other"", ""play"": """", ""venue"": """", ""date"": """", ""description"": ""Studied in a cheder with the teacher Zavl""}]"	אין עלטער פֿון 4 יאָר איז ער אַריבערגעפירט געוואָרן פֿון זיינע עלטערן קיין בראַאילאַ, רומעניע, וואו זיי האָבן זיך באַזעצט, און וואו ער האָט געלערנט אין אַ חדר ביים מלמד זאַוול.
P-4-facs_207_tr_1754998369	שילדקרויט, רודאָלף [חיים-מרדכי]	entry	3	רומעניע	country	גריכישער האַנדלס-שול	student	stay			approximate	1862	1881	True	region	רומעניע	Romania	45.94	24.97	[]	פֿון 9 ביז 14 יאָר האָט ער שטודירט אין אַ גריכישער האַנדלס-שול אין רומעניע
P-4-facs_207_tr_1754998369	שילדקרויט, רודאָלף [חיים-מרדכי]	entry	4	זיבענבירגען	region	גימנאַזיע	student	stay			none	1862	1881	True	unresolved					[]	דערנאָך האָט אים דער פֿאָטער געשיקט לערנען אין זיבענבירגען, וואו ער האָט געענדיקט אַ 8-קלאַסיקע גימנאַזיע
P-4-facs_207_tr_1754998369	שילדקרויט, רודאָלף [חיים-מרדכי]	entry	5	ווין	settlement	ווינער אוניווערזיטעט	student	stay			none	1862	1881	True	settlement	Q1741	Vienna	48.208333	16.3725	[]	שטודירט אין ווינער אוניווערזיטעט.
P-4-facs_207_tr_1754998369	שילדקרויט, רודאָלף [חיים-מרדכי]	entry	6	הערמאַנשטאַט	settlement		performer	stay			approximate	1862	1881	True	unresolved					"[{""event_type"": ""performance"", ""play"": """", ""venue"": """", ""date"": """", ""description"": ""Performed as a keynote speaker at an academic holiday""}]"	אין עלטער פֿון 17 יאָר איז ער אין הערמאַנשטאַט אויפֿגעטראָטן אַלס פעסטרעדנער אויף אַן אַקאַדעמישן יום-טוב
P-4-facs_207_tr_1754998369	שילדקרויט, רודאָלף [חיים-מרדכי]	entry	7	ווין	settlement	קאָנסערוואַטאָריע	student	stay			none	1862	1881	True	settlement	Q1741	Vienna	48.208333	16.3725	[]	אַוועק אין ווין, וואו ער האָט גענומען שטודירן אין דער קאָנסערוואַטאָריע.
P-4-facs_207_tr_1754998369	שילדקרויט, רודאָלף [חיים-מרדכי]	entry	8	קראַנשטאַדט	settlement		performer	stay	1881		approximate	1881	1881	False	unresolved					"[{""event_type"": ""performance"", ""play"": """", ""venue"": ""קאַבאַרעט"", ""date"": ""1881"", ""description"": ""Played in a large cabaret""}]"	בערך אין 1881 האָט ער געטראָפן ש. שפּילן אין דער אונגאַרישער שטאָט קראַנשטאַדט אין אַ גרויסן קאַבאַרעט.
P-4-facs_207_tr_1754998369	שילדקרויט, רודאָלף [חיים-מרדכי]	entry	9	זאַלצבורג	settlement	שטאָט-טעאַטער	performer	stay			none	1881	1892	True	unresolved					"[{""event_type"": ""performance"", ""play"": ""רויבער"", ""venue"": ""שטאָט-טעאַטער"", ""date"": """", ""description"": ""Played Franz Moor in Schiller's The Robbers""}]"	ווערט אַנגאַזשירט פֿון פֿאַרוואַלטער פֿון שטאָט-טעאַטער אין זאַלצבורג
P-4-facs_207_tr_1754998369	שילדקרויט, רודאָלף [חיים-מרדכי]	entry	10	ווין	settlement	ווינער ריימאָנד טעאַטער	performer	stay	1892		explicit	1892	1892	False	settlement	Q1741	Vienna	48.208333	16.3725	"[{""event_type"": ""performance"", ""play"": ""מאַריאַ סטואַרט"", ""venue"": ""ווינער ריימאָנד טעאַטער"", ""date"": ""1892"", ""description"": ""Played Mortimer in Schiller's Maria Stuart""}]"	ערשט ווען ער שפּילט, אין 1892, די ראָל „מאָרטימער“ אין שילערס „מאַריאַ סטואַרט״, ווערט ער אנגאַזשירט פֿון דירעקטאָר פון „ווינער ריימאָנד טעאַטער“
P-4-facs_207_tr_1754998369	שילדקרויט, רודאָלף [חיים-מרדכי]	entry	11	האַמבורג	settlement	דוויטשעס שאָושפּילהאָוז	performer	stay			none	1892	1900	True	settlement	Q1055	Hamburg	53.55	10.0	"[{""event_type"": ""performance"", ""play"": ""קעניג ליר"", ""venue"": ""דוויטשעס שאָושפּילהאָוז"", ""date"": """", ""description"": ""Great success as King Lear""}]"	"ש. אָפּ קיין האַמבורג, וואו ער ווערט שוין אַנגאַזשירט אַלס הויפּט-דראַמאַטישער שוישפּילער ביים דירעקטאָר בערגער אין אָרטיקן „דוויטשעס שאָושפּילהאָוז""."
P-4-facs_207_tr_1754998369	שילדקרויט, רודאָלף [חיים-מרדכי]	entry	12	בוענאָס איירעס	settlement		performer	visit	1900	1901	explicit	1900	1901	False	settlement	Q1486	Buenos Aires	-34.599722	-58.381944	"[{""event_type"": ""performance"", ""play"": """", ""venue"": """", ""date"": """", ""description"": ""Played with German amateurs""}]"	אין 1900-1901 האָט ש. געשפּילט אין בוענאָס איירעס מיט דייטשע אַמאַטאָרן
P-4-facs_207_tr_1754998369	שילדקרויט, רודאָלף [חיים-מרדכי]	entry	13	בערלין	settlement	נויעס טעאַטער	performer	stay	1905		explicit	1905	1905	False	settlement	Q64	Berlin	52.516667	13.383333	"[{""event_type"": ""debut"", ""play"": ""סוחר פֿון ווענעדיק"", ""venue"": ""נויעס טעאַטער"", ""date"": ""1905-11-09"", ""description"": ""Debut with Max Reinhardt as Shylock""}]"	ש.'ס ערשטער אויפטריט ביי ריינהאַרטן איז געווען דעם 9 נאָוועמבער 1905 אין ׳סוחר פֿון ווענעדיק'.
P-4-facs_207_tr_1754998369	שילדקרויט, רודאָלף [חיים-מרדכי]	entry	14	ניו יאָרק	settlement	אוירווינג פלייס טעאַטער	performer	tour	1910	1911	approximate	1910	1911	False	settlement	Q60	New York City	40.712778	-74.006111	"[{""event_type"": ""performance"", ""play"": ""קעניג ליר"", ""venue"": ""אוירווינג פלייס טעאַטער"", ""date"": """", ""description"": ""Guest performance in German""}]"	דאָ איז געקומען אַ פֿאָרשלאַג פֿון דייטשן „אוירווינג פלייס טעאַטער“ אין ניו יאָרק, אַז ש. זאָל דאָרט קומען גאַסטראָלירן
P-4-facs_207_tr_1754998369	שילדקרויט, רודאָלף [חיים-מרדכי]	entry	15	ניו יאָרק	settlement	טאָמאַשעווסקיס פּיפּלס טעאַטער	performer	stay	1911	1912	explicit	1911	1912	False	settlement	Q60	New York City	40.712778	-74.006111	"[{""event_type"": ""performance"", ""play"": ""אייקעלע מזיק"", ""venue"": ""פּיפּלס טעאַטער"", ""date"": ""1911-08-25"", ""description"": ""First Yiddish performance""}]"	דעם 28 אַפּריל 1911 איז ש. אויפֿגעטראָטן אין „טאָמאַשעווסקיס פּיפּלס טעאַטער“
P-4-facs_207_tr_1754998369	שילדקרויט, רודאָלף [חיים-מרדכי]	entry	16	בערלין	settlement		performer	return	1914	1920	explicit	1914	1920	False	settlement	Q64	Berlin	52.516667	13.383333	[]	ביים אויסבראָך פֿון דער ערשטער וועלט-מלחמה (1914) קערט זיך צוריק די גאַנצע ש.-פֿאַמיליע קיין בערלין
P-4-facs_207_tr_1754998369	שילדקרויט, רודאָלף [חיים-מרדכי]	entry	17	ניו יאָרק	settlement	דאָס נייע יידישע טעאַטער	performer	return	1920		explicit	1920	1920	False	settlement	Q60	New York City	40.712778	-74.006111	"[{""event_type"": ""performance"", ""play"": ""שטילע כוחות"", ""venue"": ""דאָס נייע יידישע טעאַטער"", ""date"": ""1920-08-27"", ""description"": ""Opened season in Yiddish""}]"	"זומער 1920 קערט זיך ש. ווידער צוריק קיין אַמעריקע... טרעט ער אויף דעם 27 אויגוסט 1920 אין דער פּיעסע „שטילע כוחות"""
P-4-facs_207_tr_1754998369	שילדקרויט, רודאָלף [חיים-מרדכי]	entry	18	ניו יאָרק	settlement	פּראָווינסטאַן פלעיהאַוז	performer	stay	1922-12-19		explicit	1922	1922	False	settlement	Q60	New York City	40.712778	-74.006111	"[{""event_type"": ""performance"", ""play"": ""גאָט פֿון נקמה"", ""venue"": ""פּראָווינסטאַן פלעיהאַוז"", ""date"": ""1922-12-19"", ""description"": ""First English performance""}]"	דעם 19 דעצעמבער 1922 טרעט ער אויף, צום ערשטן מאָל אין ענגליש, אין „פּראָווינסטאַן פלעיהאַוז“
P-4-facs_207_tr_1754998369	שילדקרויט, רודאָלף [חיים-מרדכי]	entry	19	בראָנקס	settlement	דאָס שילדקרויט טעאַטער	director	stay	1925-09-16	1926	explicit	1925	1926	False	settlement	Q18426	Bronx	40.837	-73.865	"[{""event_type"": ""founding"", ""play"": ""בראנקס עקספרעס"", ""venue"": ""דאָס שילדקרויט טעאַטער"", ""date"": ""1925-09-16"", ""description"": ""Opened his own theater in the Bronx""}]"	וועלכעס ער רופֿט אָן „דאָס שילדקרויט טעאַטער“, וואָס ווערט געעפֿנט דעם 16 סעפּטעמבער 1925
P-4-facs_207_tr_1754998369	שילדקרויט, רודאָלף [חיים-מרדכי]	entry	20	האָליוואוד	settlement	אוניווערסאַל	performer	emigration	1926	1930	approximate	1926	1930	False	settlement	Q34006	Hollywood	34.0983333333333	-118.326666666667	"[{""event_type"": ""business"", ""play"": ""זיין פֿאָלק"", ""venue"": """", ""date"": """", ""description"": ""Filmed His People""}, {""event_type"": ""death"", ""play"": """", ""venue"": """", ""date"": ""1930-07-15"", ""description"": ""Died in Los Angeles""}]"	ש. פֿאַרלאָזט ניו יאָרק און פֿאָרט אָפּ קיין האָליוואוד, קאַליפֿאָרניע... דעם 5 יולי 1930, איז ש. געשטאָרבן אין לאָס אַנדזשעלעס
P-4-facs_252_tr_1754998536	שאָר [שור], אַנשל	entry	1	זלאָטשעוו	settlement			born	1871-10-25		explicit	1871	1871	False	unresolved					[]	געבוירן 25 אַקטאָבער 1871 אין זלאָטשעוו
P-4-facs_252_tr_1754998536	שאָר [שור], אַנשל	entry	2	לעמבערג	settlement		student	settled	1877		approximate	1877	1877	False	settlement	Q36036	Lviv	49.8425	24.032222	"[{""event_type"": ""founding"", ""play"": ""די שבועה ביי דער רויטער פֿאָן"", ""venue"": """", ""date"": """", ""description"": ""Founded a youth socialist union 'Shila' and wrote/directed a play""}]"	אין עלטער פֿון 6 יאָר איבערטראָגט ער זיך מיט זיינע עלטערן קיין לעמבערג
P-4-facs_252_tr_1754998536	שאָר [שור], אַנשל	entry	3	לעמבערג	settlement	יידיש טעאַטער	translator	stay	1887	1888	explicit	1887	1888	False	settlement	Q36036	Lviv	49.8425	24.032222	"[{""event_type"": ""other"", ""play"": ""מגדל עוז"", ""venue"": """", ""date"": """", ""description"": ""Translated Luzzatto's play into Yiddish""}, {""event_type"": ""other"", ""play"": ""די לוסטיקע קאַוואַליערן"", ""venue"": """", ""date"": """", ""description"": ""Wrote a couplet for the comedian Avraham Fishkind""}]"	ווען י. ב. גימפּעל עפֿנט אין 1887-88 זיין יידיש טעאַטער אין לעמבערג
P-4-facs_252_tr_1754998536	שאָר [שור], אַנשל	entry	4	בולגאַריע און בוקאָווינע	region	טרופּע	performer	tour			none	1887	1888	True	region_first_of_list	בולגאריע	Bulgaria	42.7	25.5	[]	ש. וואַנדערט אַרום מיט אַ טרופּע אויך איבער בולגאַריע און בוקאָווינע
P-4-facs_252_tr_1754998536	שאָר [שור], אַנשל	entry	5	קאָנסטאַנטינאָפּאָל	settlement		performer	stay	1888	1889	explicit	1888	1889	False	settlement	Q406	Istanbul	41.01	28.960278	"[{""event_type"": ""performance"", ""play"": ""גבור החייל"", ""venue"": """", ""date"": """", ""description"": ""Performed the operetta attended by Theodor Herzl""}]"	ביז אין 1888-89 קומט ער אין קאָנסטאַנטינאָפּאָל
P-4-facs_252_tr_1754998536	שאָר [שור], אַנשל	entry	6	לעמבערג	settlement	לעמבערגער טעאַטער	prompter	stay	1890		explicit	1890	1890	False	settlement	Q36036	Lviv	49.8425	24.032222	"[{""event_type"": ""other"", ""play"": """", ""venue"": """", ""date"": """", ""description"": ""Became prompter and later actor after Adler left for America""}]"	1890... ווערט ש. דער סופלער פון לעמבערגער טעאַטער
P-4-facs_252_tr_1754998536	שאָר [שור], אַנשל	entry	7	גאַליציע און רומעניע	region	וואַנדער-טרופּע	performer	tour			none	1890	1894	True	region_first_of_list	גאליציע	Galicia	49.55	24.0	"[{""event_type"": ""performance"", ""play"": ""אוריאל אַקאָסטאַ"", ""venue"": """", ""date"": """", ""description"": ""Played the role of De Santos""}]"	טרעט אַריין אין אַ וואַנדער-טרופּע מיט וועלכער ער שפּילט איבער גאַליציע און רומעניע
P-4-facs_252_tr_1754998536	שאָר [שור], אַנשל	entry	8	פאָקשאַן	settlement		playwright	stay	1894		explicit	1894	1894	False	unresolved					"[{""event_type"": ""other"", ""play"": ""קאַפּיטאַן דרייפוס"", ""venue"": """", ""date"": ""1894"", ""description"": ""Wrote the play Captain Dreyfus""}]"	שפּילנדיק אין פאָקשאַן, האָט ש. אָנגעשריבן אין 1894 די פּיעסע „קאַפּיטאַן דרייפוס“
P-4-facs_252_tr_1754998536	שאָר [שור], אַנשל	entry	9	אַמעריקע	country	ווינדזאָר-טעאַטער	assistant director	emigration	1900		explicit	1900	1900	False	settlement	Q30	United States	39.828175	-98.5795	"[{""event_type"": ""other"", ""play"": ""בן הדור"", ""venue"": """", ""date"": """", ""description"": ""Wrote lyrics for various operettas""}]"	"אין 1900 ווערט ש. געבראַכט דורך „פּראָפ."" הורוויץ קיין אַמעריקע פֿאַרן „ווינדזאָר-טעאַטער“"
P-4-facs_252_tr_1754998536	שאָר [שור], אַנשל	entry	10	ניו יאָרק	settlement	גרענד טעאטער	director	stay	1906-10		explicit	1906	1906	False	settlement	Q60	New York City	40.712778	-74.006111	"[{""event_type"": ""performance"", ""play"": ""מלכה שבא"", ""venue"": ""גרענד טעאטער"", ""date"": ""1906-10"", ""description"": ""Directed the operetta Queen of Sheba""}]"	יעקב פ. אַדלער האָט אים, אין אקטאָבער 1906, איבערגעגעבן די רעזשי פֿון דער אָפּערעטע 'מלכה שבא' אין 'גרענד טעאטער'
P-4-facs_252_tr_1754998536	שאָר [שור], אַנשל	entry	11	ניו יאָרק	settlement	טאליאַ-טעאַטער	playwright	stay	1909	1911	explicit	1909	1911	False	settlement	Q60	New York City	40.712778	-74.006111	"[{""event_type"": ""premiere"", ""play"": ""איר ערשטע ליבע"", ""venue"": ""טאליאַ-טעאַטער"", ""date"": ""1909-09-29"", ""description"": ""Premiere of 'Her First Love'""}, {""event_type"": ""premiere"", ""play"": ""שיר השירים"", ""venue"": ""טאַליאַ-טעאַטער"", ""date"": ""1911-10-06"", ""description"": ""Premiere of 'Song of Songs'""}]"	דעם 29 סעפּטעמבער 1909 ווערט דורך דוד קעסלער אויפֿגעפֿירט אין „טאליאַ-טעאַטער“... איר ערשטע ליבע
P-4-facs_252_tr_1754998536	שאָר [שור], אַנשל	entry	12	באָלטימאָר	settlement		performer	visit			none	1909	1912	True	settlement	Q5092	Baltimore	39.286389	-76.615	"[{""event_type"": ""performance"", ""play"": ""גאָטס שטראָף"", ""venue"": """", ""date"": """", ""description"": ""Substituted for Jacob P. Adler in a performance""}]"	אַמאָל, אין באַלטימאָר... איז ש. אַרויף שפּילן אַדלערס ראָל
P-4-facs_252_tr_1754998536	שאָר [שור], אַנשל	entry	13	ניו יאָרק	settlement	קאָמעדי טעאַטער	manager	stay	1912		explicit	1912	1912	False	settlement	Q60	New York City	40.712778	-74.006111	"[{""event_type"": ""premiere"", ""play"": ""באָרג מיר דיין ווייב"", ""venue"": ""קאָמעדי טעאַטער"", ""date"": ""1912-03-29"", ""description"": ""Premiere of 'Borrow Me Your Wife'""}]"	ש. אין 1912 געוואָרן דער מענעדזשער פֿון „קאָמעדי טעאַטער“
P-4-facs_252_tr_1754998536	שאָר [שור], אַנשל	entry	14	נוארק	settlement	מעטראָפּאָליטאן טעאַטער	manager	stay	1912		approximate	1912	1912	False	settlement	Q25395	Newark	40.735556	-74.172222	[]	אנשל שאָר נעמט איבער דעם 'מעטראָפּאָליטאן טעאַטער' אין נוארק
P-4-facs_252_tr_1754998536	שאָר [שור], אַנשל	entry	15	פֿילאדעלפיע	settlement	ארטש סטריט טעאַטער	manager	stay	1912	1924	approximate	1912	1924	False	settlement	Q1345	Philadelphia	39.952778	-75.163611	"[{""event_type"": ""season"", ""play"": """", ""venue"": ""ארטש סטריט טעאַטער"", ""date"": """", ""description"": ""Managed the theater for twelve years""}]"	דעם 'ארטש סטריט טעאַטער', וואו ער איז פֿאַרבליבן גאַנצע צוועלף יאָר
P-4-facs_252_tr_1754998536	שאָר [שור], אַנשל	entry	16	פּוילן און רומעניע	region		performer	tour	1928	1930	explicit	1928	1930	False	region_first_of_list	פוילן	Poland	52.23	21.01	"[{""event_type"": ""performance"", ""play"": ""ווייב און געלייבטע"", ""venue"": """", ""date"": """", ""description"": ""Toured 80 cities with his wife Dora Weissman""}]"	אין משך פֿון 1928-30 האָט ש. מיט זיין פרוי גאַסטראָלירט 2 יאָר איבער 80 שטעט
P-4-facs_252_tr_1754998536	שאָר [שור], אַנשל	entry	17	ווין און בערלין	region			stay	1930-02	1930-07	explicit	1930	1930	False	settlement_first_of_list	Q1741	Vienna	48.208333	16.3725	"[{""event_type"": ""other"", ""play"": """", ""venue"": ""סאַניטאָריומס"", ""date"": """", ""description"": ""Hospitalized for 24 weeks after surgery""}]"	נאָכן אָפּליגן עטלעכע וואָכן אין סאַניטאָריומס אין ווין און בערלין
P-4-facs_252_tr_1754998536	שאָר [שור], אַנשל	entry	18	אַרגענטינע	country	טעאַטער אַרגענטינע	performer	tour	1933		explicit	1933	1933	False	settlement	Q414	Argentina	-34.0	-64.0	"[{""event_type"": ""performance"", ""play"": """", ""venue"": ""טעאַטער אַרגענטינע"", ""date"": """", ""description"": ""Guest performances with Dora Weissman""}]"	אין 1933 אָפּגעפֿאָרן, מיט זיין פרוי, גאַסטראָלירן אין אַרגענטינע
P-4-facs_252_tr_1754998536	שאָר [שור], אַנשל	entry	19	ניו יאָרק	settlement			death	1942-05-31		explicit	1942	1942	False	settlement	Q60	New York City	40.712778	-74.006111	[]	דעם 31 מאי 1942 איז ש. געשטאָרבן אין ניו יאָרק
P-4-facs_277_tr_1754998404	קאַנער לעאָפּאָלד [לייב]	entry	1	בוקאַרעסט, רומעניע	settlement			born	1875-12-16		explicit	1875	1875	False	settlement	Q19660	Bucharest	44.413361	26.097778	[]	געבוירן 16 דעצעמבער 1875 אין בוקאַרעסט, רומעניע
P-4-facs_277_tr_1754998404	קאַנער לעאָפּאָלד [לייב]	entry	2	בוקאַרעסט	settlement	טרופּע גאָלדפֿאַדן-סעגאלעסקאָ	performer	stay			none	1875	1906	True	settlement	Q19660	Bucharest	44.413361	26.097778	"[{""event_type"": ""performance"", ""play"": """", ""venue"": """", ""date"": """", ""description"": ""played children's roles secretly while in school""}]"	געלערנט אין אַ שול און פֿלעגט בגנבה אַנטלויפֿן פֿון דאָרט שפּילן קינדער-ראָלן אין דער טרופּע גאָלדפֿאַדן-סעגאלעסקאָ
P-4-facs_277_tr_1754998404	קאַנער לעאָפּאָלד [לייב]	entry	3	ווין	settlement	קאַרל-טעאַטער	performer	stay			none	1875	1906	True	settlement	Q1741	Vienna	48.208333	16.3725	"[{""event_type"": ""performance"", ""play"": """", ""venue"": ""קאַרל-טעאַטער"", ""date"": """", ""description"": ""played whatever roles he could get instead of studying""}]"	אַוועקגעשיקט צו קרובים אין ווין... פלעגט ער ״אַרומהענגען״ אַרום „קאַרל-טעאַטער“ און שפּילן דאָרט וואָס ער פלעגט נאָר קריגן
P-4-facs_277_tr_1754998404	קאַנער לעאָפּאָלד [לייב]	entry	4	בוקאַרעסט	settlement			return			none	1875	1906	True	settlement	Q19660	Bucharest	44.413361	26.097778	[]	איז צוריקגעפֿאָרן קיין בוקאַרעסט
P-4-facs_277_tr_1754998404	קאַנער לעאָפּאָלד [לייב]	entry	5	בערלאד	settlement	אהרן ראָזענבלומס טרופּע	performer	stay			none	1875	1906	True	settlement	Q335868	Bîrlad (Romania)	46.216666666667	27.666666666667	[]	פֿאָרט אָפּ קיין בערלאד, וואו ער טרעט אַריין אין אהרן ראָזענבלומס טרופּע
P-4-facs_277_tr_1754998404	קאַנער לעאָפּאָלד [לייב]	entry	6	בוקאַרעסט	settlement	טרופּע גאָלדפֿאדן-סעגאַלעסקאָ	performer	return			none	1875	1906	True	settlement	Q19660	Bucharest	44.413361	26.097778	[]	קערט זיך ק. צוריק קיין בוקאַרעסט און טרעט שוין אָפן אַריין אין דער טרופּע גאָלדפֿאדן-סעגאַלעסקאָ
P-4-facs_277_tr_1754998404	קאַנער לעאָפּאָלד [לייב]	entry	7	רומעניע	country	אנעטאַ פינקעלס טרופּע	performer	tour			none	1875	1906	True	region	רומעניע	Romania	45.94	24.97	[]	אַנעטאַ פינקעל נעמט אים אָבער איבער אין איר טרופּע, און נאָכן אַרומוואַנדערן איבער רומעניע
P-4-facs_277_tr_1754998404	קאַנער לעאָפּאָלד [לייב]	entry	8	בראַאילאַ	settlement		performer	stay			none	1875	1906	True	settlement	Q16897	Brăila	45.269	27.957	"[{""event_type"": ""marriage"", ""play"": """", ""venue"": """", ""date"": """", ""description"": ""married Sarah Friling""}]"	קומט ער אָן שפּילן אין בראַאילאַ, וואו ער באַקענט זיך מיט שרה פֿרילינג מיט וועלכער ער האָט חתונה
P-4-facs_277_tr_1754998404	קאַנער לעאָפּאָלד [לייב]	entry	9	פאנטשע	settlement	ראָזענבלומס טרופּע	performer	stay			none	1875	1906	True	unresolved					[]	ביידע גייען ווידער איבער אין ראָזענבלומס טרופּע אין שטעטל פאנטשע
P-4-facs_277_tr_1754998404	קאַנער לעאָפּאָלד [לייב]	entry	10	גאַלאַץ	settlement	גאָלדפאַדן	performer	stay			none	1875	1906	True	settlement	Q170996	Galați	45.423333	28.0425	[]	אָנקומענדיק מיט דער טרופּע אין גאַלאַץ, ווערן זיי איבערגענומען פֿין גאָלדפאַדן
P-4-facs_277_tr_1754998404	קאַנער לעאָפּאָלד [לייב]	entry	11	בראַאילא	settlement	קאַפע-הויז	singer	stay			none	1875	1906	True	settlement	Q16897	Brăila	45.269	27.957	[]	אַוועק קיין בראַאילא, וואו ער איז אַריין אין אַ קאַפע-הויז זינגען לידער
P-4-facs_277_tr_1754998404	קאַנער לעאָפּאָלד [לייב]	entry	12	קאלאמעא, גאַליציע	settlement	טאַנענצאַפּס טרופּע	performer	stay			none	1875	1906	True	settlement	Q52193	Kolomyia	48.516667	25.033333	[]	פֿאַרן ביידע אָפּ קיין קאלאמעא, גאַליציע, אין טאַנענצאַפּס טרופּע
P-4-facs_277_tr_1754998404	קאַנער לעאָפּאָלד [לייב]	entry	13	רומעניע	country	קליינע טרופּע	performer	tour			none	1875	1906	True	region	רומעניע	Romania	45.94	24.97	[]	לאָזן זיך צוריק קיין רומעניע, וואו זיי שטעלן אַליין צונויף אַ קליינע טרופּע, וועלכע וואַנדערט איבער קאפע-הייזער
P-4-facs_277_tr_1754998404	קאַנער לעאָפּאָלד [לייב]	entry	14	לעמבערג, גאַליציע	settlement		performer	stay			none	1875	1906	True	settlement	Q36036	Lviv	49.8425	24.032222	[]	מ'פאַרבעט זיי קיין לעמבערג, גאַליציע, וואו זיי טרעטן אויף מיט דערפֿאָלג
P-4-facs_277_tr_1754998404	קאַנער לעאָפּאָלד [לייב]	entry	15	ווין	settlement		performer	stay			approximate	1875	1906	True	settlement	Q1741	Vienna	48.208333	16.3725	"[{""event_type"": ""performance"", ""play"": """", ""venue"": """", ""date"": """", ""description"": ""played vaudeville for 4 years""}]"	ווערן אַנגאַזשירט צו שפּילן וואָדעוויל אין ווין, וואו זיי פֿאַרבלייבן 4 יאָר
P-4-facs_277_tr_1754998404	קאַנער לעאָפּאָלד [לייב]	entry	16	בודאַפּעסט, אונגאַרן	settlement		performer	stay			none	1875	1906	True	settlement	Q1781	Budapest	47.498333	19.040833	[]	דערנאָך שפּילן זיי אין בודאַפּעסט, אונגאַרן
P-4-facs_277_tr_1754998404	קאַנער לעאָפּאָלד [לייב]	entry	17	אַמעריקע	country	פּיפּלס מיוזיק האָל	performer	emigration	1906-09		explicit	1906	1906	False	settlement	Q30	United States	39.828175	-98.5795	"[{""event_type"": ""debut"", ""play"": """", ""venue"": ""פּיפּלס מיוזיק האָל"", ""date"": ""1906-09"", ""description"": ""performed at Levy's People's Music Hall""}]"	סעפּטעמבער 1906 ווערט ק. געבראַכט... אין אַמעריקע, וואו ער און זיין פרוי טרעטן אויף ביי ליוויי אין „פּיפּלס מיוזיק האָל“
P-4-facs_277_tr_1754998404	קאַנער לעאָפּאָלד [לייב]	entry	18	פֿילאַדעלפיע	settlement	מייק טאָמאַשעווסקי	performer	stay			approximate	1906	1914	True	settlement	Q1345	Philadelphia	39.952778	-75.163611	"[{""event_type"": ""season"", ""play"": """", ""venue"": """", ""date"": """", ""description"": ""played two seasons""}]"	ווערן אנגאַזשירט צו מייק טאָמאַשעווסקי אין פֿילאַדעלפיע, וואו זיי שפּילן צוויי סעזאָנען
P-4-facs_277_tr_1754998404	קאַנער לעאָפּאָלד [לייב]	entry	19	נוארק	settlement	מעטראָפּאָליטאַן-טעאַטער	performer	stay			none	1906	1914	True	settlement	Q25395	Newark	40.735556	-74.172222	[]	"דערנאָך אין נוארקער „מעטראָפּאָליטאַן-טעאַטער"""
P-4-facs_277_tr_1754998404	קאַנער לעאָפּאָלד [לייב]	entry	20	אייראָפּע	region		performer	tour	1914		explicit	1914	1914	False	region	אייראפע	Europe	48.0	15.0	"[{""event_type"": ""performance"", ""play"": """", ""venue"": ""פאַוויליאָן-טעאַטער"", ""date"": """", ""description"": ""guest performance in London""}, {""event_type"": ""performance"", ""play"": """", ""venue"": ""קאָמפּאַנעעץ"", ""date"": """", ""description"": ""performed in Warsaw""}, {""event_type"": ""performance"", ""play"": """", ""venue"": ""ליפּאָווסקי"", ""date"": """", ""description"": ""performed in Lodz""}]"	1914 איז ק... געפֿאָרן קיין אייראָפּע און גאַסטראָלירט אין לאָנדאָנער „פאַוויליאָן-טעאַטער“, אין וואַרשע ביי קאָמפּאַנעעץ, אין לאָדזש ביי ליפּאָווסקי, ביאַליסטאָק
P-4-facs_277_tr_1754998404	קאַנער לעאָפּאָלד [לייב]	entry	21	בוקאַרעסט	settlement	מרדכי און חיים מאיר סעגאַלעסקאָ	performer	stay			none	1914	1919	True	settlement	Q19660	Bucharest	44.413361	26.097778	[]	דערנאָך געשפּילט אין בוקאַרעסט מיט מרדכי און חיים מאיר סעגאַלעסקאָ
P-4-facs_277_tr_1754998404	קאַנער לעאָפּאָלד [לייב]	entry	22	קאָנסטאַנטינאָפּאָל, טערקיי	settlement		performer	tour			none	1914	1919	True	settlement	Q406	Istanbul	41.01	28.960278	[]	וועלכע ער פֿאָרט אויך קיין קאָנסטאַנטינאָפּאָל, טערקיי
P-4-facs_277_tr_1754998404	קאַנער לעאָפּאָלד [לייב]	entry	23	פאלטיטשעני	settlement	טרופּע פֿון קאַנער-סעגאַלעסקו	performer	stay			none	1914	1919	True	unresolved					"[{""event_type"": ""performance"", ""play"": ""באָרג מיר דיין ווייב"", ""venue"": """", ""date"": """", ""description"": ""played the rich uncle""}, {""event_type"": ""performance"", ""play"": ""פֿאַר דיאַמאַנטן"", ""venue"": """", ""date"": """", ""description"": ""played a tragicomic role""}]"	איז אַראָפּגעפאַלן קיין פאלטיטשעני די טרופּע פֿון קאַנער-סעגאַלעסקו
P-4-facs_277_tr_1754998404	קאַנער לעאָפּאָלד [לייב]	entry	24	בוקאַרעסט	settlement	קאַנער גאָלדענבורג	performer	stay			approximate	1914	1919	True	settlement	Q19660	Bucharest	44.413361	26.097778	"[{""event_type"": ""season"", ""play"": """", ""venue"": """", ""date"": """", ""description"": ""performed during WWI""}]"	געטראָפן ק.'ן שפילן אין בוקאַרעסט. די טרופּע איז געווען אונטער דער דירעקציע קאַנער גאָלדענבורג. דאָס איז געווען בעת דער ערשטער וועלט-מלחמה
P-4-facs_277_tr_1754998404	קאַנער לעאָפּאָלד [לייב]	entry	25	בוקאַרעסט	settlement		soldier	death	1919	1919	explicit	1919	1919	False	settlement	Q19660	Bucharest	44.413361	26.097778	"[{""event_type"": ""death"", ""play"": """", ""venue"": """", ""date"": ""1919"", ""description"": ""died of typhus after being drafted""}]"	איז אין 1919 געשטאָרבן אין בוקאַרעסט
P-4-facs_278_tr_1754998432	קאַנער, שרה [פרילינג]	entry	1	בראַאילא, רומעניע	settlement			born	1882-05-29		explicit	1882	1882	False	settlement	Q16897	Brăila	45.269	27.957	[]	געבוירן 29 מאי 1882 אין בראַאילא, רומעניע
P-4-facs_278_tr_1754998432	קאַנער, שרה [פרילינג]	entry	2	פּראָווינץ	region	טרופּע אונטער דער לייטונג פֿון מאיר שוואַרץ	performer	tour			none	1882	1906	True	unresolved					"[{""event_type"": ""debut"", ""play"": ""בעל תשובה"", ""venue"": """", ""date"": """", ""description"": ""debuted as 'shvesterl' in Shomer's play""}]"	"לאָזט זיך אַרויס איבער דער פּראָווינץ... ק. דעביוטירט אַלס ""שוועסטערל“ אין שמ""רס ""בעל תשובה"""
P-4-facs_278_tr_1754998432	קאַנער, שרה [פרילינג]	entry	3	בראַאילא	settlement			return			none	1882	1906	True	settlement	Q16897	Brăila	45.269	27.957	[]	פֿאָרט זי צוריק אַהיים
P-4-facs_278_tr_1754998432	קאַנער, שרה [פרילינג]	entry	4	פֿאַנטשע	settlement	ראָזענבלומס טרופּע	performer	stay			none	1882	1906	True	unresolved					"[{""event_type"": ""marriage"", ""play"": """", ""venue"": """", ""date"": """", ""description"": ""married Leib Kaner""}]"	אין שטעטל פֿאַנטשע שפּילט ראָזענבלומס טרופּע... האָט זי חתונה מיט קאַנערן
P-4-facs_278_tr_1754998432	קאַנער, שרה [פרילינג]	entry	5	באקאו	settlement	גאָלדפֿאַדנס טרופּע	performer	stay			none	1882	1906	True	settlement	Q173203	Bacău	46.567	26.914	[]	אין באקאו האָבן זיי זיך אָנגעגענט אויף אַברהם גאָלדפאַדן, וועלכער האָט זיי איבערגענומען אין זיין טרופּע
P-4-facs_278_tr_1754998432	קאַנער, שרה [פרילינג]	entry	6	גאַלאַץ	settlement	גאָלדפֿאַדנס טרופּע	performer	stay			none	1882	1906	True	settlement	Q170996	Galați	45.423333	28.0425	[]	איז מיט זיי אַוועק קיין גאַלאַץ
P-4-facs_278_tr_1754998432	קאַנער, שרה [פרילינג]	entry	7	בראַאילא	settlement		performer	stay			none	1882	1906	True	settlement	Q16897	Brăila	45.269	27.957	[]	קאָנער איז דעריבער אַוועק קיין בראַאילא זינגען אין אַ קאַפע-הויז... איז זי אויך פֿאַרבליבן
P-4-facs_278_tr_1754998432	קאַנער, שרה [פרילינג]	entry	8	גאַליציע	region		performer	emigration			none	1882	1906	True	region	גאליציע	Galicia	49.55	24.0	[]	שפּעטער זיינען זיי אַריבער קיין גאַליציע
P-4-facs_278_tr_1754998432	קאַנער, שרה [פרילינג]	entry	9	קאלאמעא	settlement	טאַנענצאַפּס טרופּע	performer	stay			none	1882	1906	True	settlement	Q52193	Kolomyia	48.516667	25.033333	[]	וואו זיי האָבן אין קאלאמעא זיך אָנגעשלאָסן אין טאַנענצאַפּס טרופּע
P-4-facs_278_tr_1754998432	קאַנער, שרה [פרילינג]	entry	10	רומעניע	country	קליינע טרופּע	performer	tour			none	1882	1906	True	region	רומעניע	Romania	45.94	24.97	[]	פֿאָרן קיין רומעניע, וואו זיי שטעלן צונויף אַ קליינע טרופּע איבער קאפע-הייזער
P-4-facs_278_tr_1754998432	קאַנער, שרה [פרילינג]	entry	11	לעמבערג	settlement		performer	stay			none	1882	1906	True	settlement	Q36036	Lviv	49.8425	24.032222	[]	פֿון דאָ ווערן זיי אַרויסגעפאָדערט קיין לעמבערג
P-4-facs_278_tr_1754998432	קאַנער, שרה [פרילינג]	entry	12	ווין	settlement		performer	stay			approximate	1882	1906	True	settlement	Q1741	Vienna	48.208333	16.3725	[]	פֿאָרן פֿון דאָרט שפּילן וואָדעוויל קיין ווין... האָבן זיי דאָרט 4 יאָר
P-4-facs_278_tr_1754998432	קאַנער, שרה [פרילינג]	entry	13	בודאַפּעסט	settlement		performer	stay			none	1882	1906	True	settlement	Q1781	Budapest	47.498333	19.040833	[]	דערנאָך וואָדעוויל אין בודאַפּעסט
P-4-facs_278_tr_1754998432	קאַנער, שרה [פרילינג]	entry	14	ניו יאָרק	settlement	פּיפּלס מיוזיק האָל	performer	emigration	1906-09		explicit	1906	1906	False	settlement	Q60	New York City	40.712778	-74.006111	[]	אין סעפּטעמבער 1906 ווערן זיי אַנגאַזשירט קיין ניו יאָרק צו ליוויי אין זיין „פּיפּלס מיוזיק האָל“
P-4-facs_278_tr_1754998432	קאַנער, שרה [פרילינג]	entry	15	פֿילאַדעלפיע	settlement	אַרטש סטריט טעאַטער	performer	stay			none	1906	1914	True	settlement	Q1345	Philadelphia	39.952778	-75.163611	[]	דערנאָך שפּילן זיי ביי מייק טאָמאַשעווסקי אין „אַרטש סטריט טעאַטער“ אין פֿילאַדעלפיע
P-4-facs_278_tr_1754998432	קאַנער, שרה [פרילינג]	entry	16	נוארק	settlement	מעטראָפּאָליטאן טעאַטער	performer	stay			none	1906	1914	True	settlement	Q25395	Newark	40.735556	-74.172222	[]	נוארקער „מעטראָפּאָליטאן טעאַטער“
P-4-facs_278_tr_1754998432	קאַנער, שרה [פרילינג]	entry	17	בוקאַרעסט, רומעניע	settlement		performer	tour	1914	1919	approximate	1914	1919	False	settlement	Q19660	Bucharest	44.413361	26.097778	"[{""event_type"": ""death"", ""play"": """", ""venue"": """", ""date"": ""1919"", ""description"": ""death of her husband Leib Kaner""}]"	אין 1914 אָפּגעפאָרן גאַסטראָלירן קיין אייראָפּע, און אָנקומענדיק אין בוקאַרעסט... איר מאַן איז געשטאָרבן אין 1919
P-4-facs_278_tr_1754998432	קאַנער, שרה [פרילינג]	entry	18	קאָנסטאַנטינאָפּאָל	settlement		performer	tour			none	1914	1926	True	settlement	Q406	Istanbul	41.01	28.960278	[]	די טרופּע פֿאָרט אויך שפּילן קיין קאָנסטאַנטינאָפּאָל
P-4-facs_278_tr_1754998432	קאַנער, שרה [פרילינג]	entry	19	טשערנאָוויץ	settlement	טרופּע פֿון אַברהם אַקסעלראָד	performer	stay			none	1914	1926	True	settlement	Q157725	Chernivtsi	48.290833	25.934444	[]	געשפּילט ביי אַברהם אַקסעלראָד אין טשערנאָוויץ
P-4-facs_278_tr_1754998432	קאַנער, שרה [פרילינג]	entry	20	לעמבערג	settlement	טרופּע פֿון עמיל גימפּעל	performer	stay			none	1914	1926	True	settlement	Q36036	Lviv	49.8425	24.032222	[]	ביי עמיל גימפּעל אין לעמבערג
P-4-facs_278_tr_1754998432	קאַנער, שרה [פרילינג]	entry	21	פֿראַנקרייך	country		performer	tour			none	1914	1926	True	region	פראנקרייך	France	48.85	2.35	[]	האָט אַרומגעוואַנדערט איבער פֿראַנקרייך
P-4-facs_278_tr_1754998432	קאַנער, שרה [פרילינג]	entry	22	בעלגיע	country		performer	tour			none	1914	1926	True	region	בעלגיע	Belgium	50.85	4.35	[]	בעלגיע
P-4-facs_278_tr_1754998432	קאַנער, שרה [פרילינג]	entry	23	קאַנאַדע	country		performer	tour			none	1914	1926	True	region	קאנאדע	Canada	43.65	-79.38	[]	קאַנאַדע, וואו זיי האָט געשפּילט פֿון צייט צו צייט
P-4-facs_278_tr_1754998432	קאַנער, שרה [פרילינג]	entry	24	אַמעריקע	country		performer	return	1926		explicit	1926	1926	False	settlement	Q30	United States	39.828175	-98.5795	[]	ביז זי איז אין 1926 ווידער געקומען אין אַמעריקע
P-4-facs_278_tr_1754998432	קאַנער, שרה [פרילינג]	entry	25	נואַרק	settlement	עלווינג	performer	stay			none	1926	1929	True	settlement	Q25395	Newark	40.735556	-74.172222	"[{""event_type"": ""season"", ""play"": """", ""venue"": """", ""date"": """", ""description"": ""played several seasons""}]"	וואו זי האָט עטלעכע סעזאָנען געשפּילט אין נואַרק ביי עלווינג
P-4-facs_278_tr_1754998432	קאַנער, שרה [פרילינג]	entry	26	טאָראנטאָ	settlement		performer	stay	1929	1930	explicit	1929	1930	False	settlement	Q172	Toronto	43.670278	-79.386667	[]	אין 1929-30 אין טאָראנטאָ
P-4-facs_278_tr_1754998432	קאַנער, שרה [פרילינג]	entry	27	ניו יאָרק	settlement			death	1959-02-14		explicit	1959	1959	False	settlement	Q60	New York City	40.712778	-74.006111	"[{""event_type"": ""burial"", ""play"": """", ""venue"": ""בית עולם פֿון די יידישע טעאַטריקל עלייענס"", ""date"": """", ""description"": ""buried at the Yiddish Theatrical Alliance cemetery""}]"	דעם 14 פעברואר 1959 איז ק. געשטאָרבן אין ניו יאָרק און געקומען צו איר אייביקער רו אויפֿן בית עולם פֿון די יידישע טעאַטריקל עלייענס
P-4-facs_27_r_14	אַניסמאַן, הערי	entry	1	קיעוו, אוקראַאינע	settlement			born	1893		explicit	1893	1893	False	settlement	Q1899	Kyiv	50.45	30.523611	[]	געבוירן אין 1893 קיעוו, אוקראַאינע
P-4-facs_27_r_14	אַניסמאַן, הערי	entry	2	וואַרשע	settlement		student	settled			none	1893	1925	True	settlement	Q270	Warsaw	52.23	21.011111	"[{""event_type"": ""other"", ""play"": """", ""venue"": """", ""date"": """", ""description"": ""Studied in cheder and yeshiva""}]"	וועלכע האָבן זיך איבערגעטראָגן קיין וואַרשע. געלערנט אין חדר און ישיבה.
P-4-facs_27_r_14	אַניסמאַן, הערי	entry	3	פֿאַרשידענע שטעטלעך	unknown	וואַנדערטרופּע	בוף-קאָמיקער	tour			none	1893	1925	True	unresolved					"[{""event_type"": ""marriage"", ""play"": """", ""venue"": """", ""date"": """", ""description"": ""Married actress Rachel Klein""}]"	אַרומגעוואַנדערט איבער פֿאַרשידענע שטעטלעך... דערנאָך אין אַ וואַנדערטרופּע אַלס בוף-קאָמיקער... באַקענט זיך אין דער טרופּע מיט דער יונגער שוישפּילערין רחלע קליין, האָט חתונה
P-4-facs_27_r_14	אַניסמאַן, הערי	entry	4	קאָנסטאַנטינאָפּאָל	settlement	יידישער טרופּע	performer	emigration			none	1893	1925	True	settlement	Q406	Istanbul	41.01	28.960278	[]	ער עמיגרירט קיין קאָנסטאַנטינאָפּאָל און שפּילט מיט אַ דאָרטיקער יידישער טרופּע
P-4-facs_27_r_14	אַניסמאַן, הערי	entry	5	פאַריז	settlement		performer	stay			none	1893	1925	True	settlement	Q90	Paris	48.856667	2.352222	[]	דערשלעפּט ער זיך מיט זיין קינד קיין פאַריז און שפּילט דאָרט יידיש טעאַטער אייניקע יאָר
P-4-facs_27_r_14	אַניסמאַן, הערי	entry	6	אַמעריקע	country			emigration	1925		explicit	1925	1925	False	settlement	Q30	United States	39.828175	-98.5795	[]	געקומען 1925 אין אַמעריקע
P-4-facs_27_r_14	אַניסמאַן, הערי	entry	7	דעטראָיט	settlement	"ליטמאַנס „פּיפּלס""-טעאַטער"	performer	stay	1925		approximate	1925	1925	False	settlement	Q12439	Detroit	42.331667	-83.0475	"[{""event_type"": ""season"", ""play"": """", ""venue"": ""„פּיפּלס\""-טעאַטער"", ""date"": """", ""description"": ""Played for two seasons""}]"	"ווערט ער אָנגאַזשירט אין ליטמאַנס „פּיפּלס""-טעאַטער אין דעטראָיט, וואו ער שפּילט צוויי סעזאָנען"
P-4-facs_27_r_14	אַניסמאַן, הערי	entry	8	וויניפּעג	settlement	אייראָפּעאיש-יידישע טרופּע	performer	stay	1927	1927	explicit	1927	1927	False	settlement	Q2135	Winnipeg	53.533333333333	-113.5	"[{""event_type"": ""marriage"", ""play"": """", ""venue"": """", ""date"": """", ""description"": ""Married actress Malvina Samoilov""}]"	אין 1927 געשפּילט מיט אַן אייראָפּעאיש-יידישע טרופּע אין וויניפּעג און האָט דערנאָך חתונה מיט דער אַקטעריסע מאלווינאַ סאַמואילאָוו
P-4-facs_27_r_14	אַניסמאַן, הערי	entry	9	ברוקלין, ניו יאָרק	settlement	וואָדעווילטרופּע	מענעדזשער	stay	1928		explicit	1928	1928	False	settlement	Q18419	Brooklyn	40.650833	-73.949722	[]	"אין 1928 ווערט ער מענעדזשער פֿון אַ וואָדעווילטרופּע אין „אָמפיאָן""-טעאַטער אין ברוקלין, ניו יאָרק"
P-4-facs_27_r_14	אַניסמאַן, הערי	entry	10	פּיטסבורג	settlement	לאַנדאָ-טעאַטער	performer	stay	1929		explicit	1929	1929	False	settlement	Q1342	Pittsburgh	40.441667	-80.0	[]	1929 — שפּילט ער אין לאַנדאָ-טעאַטער אין פּיטסבורג
P-4-facs_27_r_14	אַניסמאַן, הערי	entry	11	מאָנטרעאַל	settlement		בינע-מענעדזשער	stay	1930		explicit	1930	1930	False	settlement	Q340	Montreal	45.503343	-73.586841	[]	אין 1930 קראַנק געוואָרן... זיך געמוזט אָנגאַזשירן צו שפּילן קליינע ראָלן און אַלס בינע-מענעדזשער אין מאָנטרעאַל
P-4-facs_27_r_14	אַניסמאַן, הערי	entry	12	פּיטסבורג	settlement	לאַנדאָ-טעאַטער	אָנפֿירן	stay			none	1930	1950	True	settlement	Q1342	Pittsburgh	40.441667	-80.0	"[{""event_type"": ""season"", ""play"": """", ""venue"": ""לאַנדאָ-טעאַטער"", ""date"": """", ""description"": ""Managed for a season""}]"	דערנאָך פּרובט ער פונדעסטוועגן ווידער אַ סעזאָן אָנפֿירן מיטן לאַנדאָ-טעאַטער אין פּיטסבורג
P-4-facs_27_r_14	אַניסמאַן, הערי	entry	13	ניו יאָרק	settlement			death	1950-12-15	1950-12-15	explicit	1950	1950	False	settlement	Q60	New York City	40.712778	-74.006111	"[{""event_type"": ""death"", ""play"": """", ""venue"": """", ""date"": ""1950-12-15"", ""description"": ""Died in New York""}]"	דעם 15 דעצעמבער 1950 איז א. געשטאָרבן אין ניו יאָרק.
P-4-facs_333_tr_1754998452	זאַר, הער [גבריאל זאַרשעווסקי]	entry	1	יעקאַטערינאָסלאָוו, אוקראַאינע	settlement		performer	born	1888-08-17		explicit	1888	1888	False	settlement	Q48256	Dnipro	48.4675	35.04	"[{""event_type"": ""other"", ""play"": """", ""venue"": ""גימנאַזיע"", ""date"": """", ""description"": ""Participated in school performances as a player and dancer""}, {""event_type"": ""performance"", ""play"": """", ""venue"": """", ""date"": """", ""description"": ""Danced with visiting Ukrainian troupes""}]"	געבוירן 17 אויגוסט 1888 אין יעקאַטערינאָסלאָוו, אוקראַאינע.
P-4-facs_333_tr_1754998452	זאַר, הער [גבריאל זאַרשעווסקי]	entry	2	יעקאַטערינאָסלאָוו	settlement	מישוראָט און לערמאַנקע	administrator	stay			none	1888	1914	True	settlement	Q48256	Dnipro	48.4675	35.04	"[{""event_type"": ""business"", ""play"": """", ""venue"": """", ""date"": """", ""description"": ""Obtained permits for Jewish troupes to play without censorship""}]"	באַקומען דערלויבנישן פאַר די יידישע טרופּעס פון מישוראָט און לערמאַנקע צו שפּילן אַן צענזורקעס
P-4-facs_333_tr_1754998452	זאַר, הער [גבריאל זאַרשעווסקי]	entry	3	רוסלאַנד	country	פישזאָןספּיוואַקאָווסקי	געהילף-פאַרוואַלטער	tour			none	1888	1914	True	region	רוסלאנד	Russia	55.75	37.62	[]	פון דאָרט אַריבער אין דער טרופּע פֿון פישזאָןספּיוואַקאָווסקי... ווערט געהילף-פאַרוואַלטער.
P-4-facs_333_tr_1754998452	זאַר, הער [גבריאל זאַרשעווסקי]	entry	4	אָדעס	settlement	בעזמאַנס טרופּע	געהילף-פאַרוואַלטער	stay			none	1888	1914	True	settlement	Q1874	Odesa	46.47747	30.73262	[]	ווערט געהילף-פאַרוואַלטער אין בעזמאַנס טרופּע אין אָדעס
P-4-facs_333_tr_1754998452	זאַר, הער [גבריאל זאַרשעווסקי]	entry	5	רוסלאַנד און פּוילן	region	קאָמינסקאַס טרופּע	פאַרוואַלטעט	tour		1914	approximate	1914	1914	False	region_first_of_list	רוסלאנד	Russia	55.75	37.62	"[{""event_type"": ""marriage"", ""play"": """", ""venue"": """", ""date"": """", ""description"": ""Married the actress Keller""}]"	טרעט אַריין אין קאָמינסקאַס טרופּע, וואו ער האָט חתונה מיט דער אַקטעריסע קעלער, און פאַרוואַלטעט מיט יידיש טעאַטער איבער רוסלאַנד און פּוילן ביזן אויסברוך פון דער ערשטער וועלט-מלחמה.
P-4-facs_333_tr_1754998452	זאַר, הער [גבריאל זאַרשעווסקי]	entry	6	רוסלאַנד	country		administrator	tour		1919	explicit	1919	1919	False	region	רוסלאנד	Russia	55.75	37.62	[]	נאָכן דינען אין דער רוסישער אַרמיי ווידער זיך געווידמעט דעם יידישן טעאַטער און אַרומגעוואַנדערט איבער רוסלאַנד... ביז 1919
P-4-facs_333_tr_1754998452	זאַר, הער [גבריאל זאַרשעווסקי]	entry	7	קאָנסטאַנטינאָפּאָל, טערקיי	settlement		director	emigration	1919		explicit	1919	1919	False	settlement	Q406	Istanbul	41.01	28.960278	"[{""event_type"": ""season"", ""play"": """", ""venue"": """", ""date"": """", ""description"": ""Managed Yiddish theater for 15 months""}]"	ווען ער וואַנדערט אויס קיין קאָנסטאַנטינאָפּאָל, טערקיי, וואו ער פֿירט אָן 15 חדשים מיט יידיש טעאַטער.
P-4-facs_333_tr_1754998452	זאַר, הער [גבריאל זאַרשעווסקי]	entry	8	אַמעריקע	country			emigration	1921		explicit	1921	1921	False	settlement	Q30	United States	39.828175	-98.5795	[]	זינט 1921 אין אַמעריקע
P-4-facs_333_tr_1754998452	זאַר, הער [גבריאל זאַרשעווסקי]	entry	9	דעטראָיט	settlement		director	stay			none	1921	1923	True	settlement	Q12439	Detroit	42.331667	-83.0475	[]	האָט ער אַ צייט אָנגעפירט מיט יידיש טעאַטער אין דעטראָיט
P-4-facs_333_tr_1754998452	זאַר, הער [גבריאל זאַרשעווסקי]	entry	10	לאָס אַנדזשעלעס	settlement	יידישער טרופּע	director	settled	1923		explicit	1923	1923	False	settlement	Q65	Los Angeles	34.05223	-118.24368	"[{""event_type"": ""performance"", ""play"": """", ""venue"": ""מעיס אָפּערע האָוז"", ""date"": """", ""description"": ""Introduced actress Karalova to the Yiddish stage""}]"	אין 1923 האָט זיך ז. באַזעצט אין לאָס אַנדזשעלעס און דאָ אָנגעפֿירט מיט אַ יידישער טרופּע אין „מעיס אָפּערע האָוז“
P-4-facs_333_tr_1754998452	זאַר, הער [גבריאל זאַרשעווסקי]	entry	11	סאַן פֿראַנציסקאָ	settlement		director	stay			none	1923	1923	True	settlement	Q62	San Francisco	37.7775	-122.416389	"[{""event_type"": ""season"", ""play"": """", ""venue"": """", ""date"": """", ""description"": ""Worked for 3 months with Boris Thomashefsky""}]"	געמאַכט פאַרשיידענע פּרובן מיט יידיש טעאַטער אין סאַן פֿראַנציסקאָ, דערונטער 3 חדשים מיט באָריס טאָמאַשעווסקין
P-4-facs_333_tr_1754998452	זאַר, הער [גבריאל זאַרשעווסקי]	entry	12	פּראָווינץ	region			tour			none	1923	1923	True	unresolved					[]	עטלעכע חדשים אַרומגעפֿאָרן איבער דער פּראָווינץ
P-4-facs_333_tr_1754998452	זאַר, הער [גבריאל זאַרשעווסקי]	entry	13	לאָס אַנדזשעלעס	settlement	קעפּיטל-טעאַטער	director	return			none	1923	1923	True	settlement	Q65	Los Angeles	34.05223	-118.24368	[]	"ווידער צוריקגעקומען אין לאָס אַנדזשעלעס און אָנגעפֿירט מיטן „קעפּיטל""-טעאַטער"
P-4-facs_333_tr_1754998452	זאַר, הער [גבריאל זאַרשעווסקי]	entry	14	ניו יאָרק	settlement		פאַרוואַלטעט	stay			none	1923	1923	True	settlement	Q60	New York City	40.712778	-74.006111	"[{""event_type"": ""business"", ""play"": """", ""venue"": ""סוירף עוועניו אין קוני איילאַנד"", ""date"": """", ""description"": ""Managed a theater on Surf Avenue in Coney Island""}]"	אַ קורצע צייט פֿאַרבראַכט אין ניו יאָרק, וואו ער האָט פֿאַרוואַלטעט דאָס טעאַטער אויף סוירף עוועניו אין קוני איילאַנד
P-4-facs_333_tr_1754998452	זאַר, הער [גבריאל זאַרשעווסקי]	entry	15	לאָס אַנדזשעלעס	settlement		פאַרוואַלטן גאַסטשפּילן	return			none	1923	1923	True	settlement	Q65	Los Angeles	34.05223	-118.24368	"[{""event_type"": ""business"", ""play"": """", ""venue"": """", ""date"": """", ""description"": ""Managed guest performances of famous stars like Maurice Schwartz""}]"	צוריק אין לאָס אַנדזשעלעס, וואו ער גיט זיך אָפּ מיט פֿאַרוואַלטן גאַסטשפּילן פון באַרימטע יידישע סטאַרס
P-4-facs_333_tr_1754998454	זאַרזשעווסקאַ, פאַלינאַ [קעלער]	entry	1	וואַרשע, פּוילן	settlement			born	1891	1891	explicit	1891	1891	False	settlement	Q270	Warsaw	52.23	21.011111	[]	געבוירן 1891 אין וואַרשע, פּוילן.
P-4-facs_333_tr_1754998454	זאַרזשעווסקאַ, פאַלינאַ [קעלער]	entry	2	סובאָלק	settlement	ליבהאָבער-גרופּע (וואָס זיינען שפּעטער געוואָרן באַקאַנטע פּראָפעסיאנעלע שוישפּילער) פון לאַטאָוויטש, קורץ און אַניסמאַן	performer	stay			none	1891	1935	True	settlement	Q236083	Suwałki	54.1	22.933333	"[{""event_type"": ""performance"", ""play"": """", ""venue"": """", ""date"": """", ""description"": ""played with an amateur group""}]"	אָנגעהויבן שפּילן מיט דער ליבהאָבער-גרופּע... בעתן שפּילן מיט דער טרופּע אין סובאָלק
P-4-facs_333_tr_1754998454	זאַרזשעווסקאַ, פאַלינאַ [קעלער]	entry	3	סובאָלק	settlement	טרופּע פון גוזיק	performer	stay			none	1891	1935	True	settlement	Q236083	Suwałki	54.1	22.933333	"[{""event_type"": ""performance"", ""play"": """", ""venue"": """", ""date"": """", ""description"": ""sang in the chorus and played episodic roles""}]"	אַריבער אין דער פּראָפעסיאנעלער טרופּע פון גוזיק, וואו זיי האָט די ערשטע צייט געזונגען אין כאָר און באַקומען עפּיזאָדן-ראָלן.
P-4-facs_333_tr_1754998454	זאַרזשעווסקאַ, פאַלינאַ [קעלער]	entry	4	רוסלאַנד	country		performer	tour			none	1891	1935	True	region	רוסלאנד	Russia	55.75	37.62	[]	אָנגעהויבן וואַנדערן איבער פאַרשיידענע שטעט פון רוסלאַנד.
P-4-facs_333_tr_1754998454	זאַרזשעווסקאַ, פאַלינאַ [קעלער]	entry	5	ווילנע	settlement	טרופּע פֿון שאַראַוונער	performer	stay			none	1891	1935	True	settlement	Q216	Vilnius	54.687222	25.28	"[{""event_type"": ""season"", ""play"": """", ""venue"": """", ""date"": """", ""description"": ""played for 6 months""}]"	אין ווילנע אַריינגעטראָטן אין דער טרופּע פֿון שאַראַוונער, וואו זי שפּילט 6 חדשים
P-4-facs_333_tr_1754998454	זאַרזשעווסקאַ, פאַלינאַ [קעלער]	entry	6	ווילנע	settlement	טרופּע שאַראַוונער-בערנשטיין	performer	stay			none	1891	1935	True	settlement	Q216	Vilnius	54.687222	25.28	"[{""event_type"": ""season"", ""play"": """", ""venue"": """", ""date"": """", ""description"": ""played for several months""}]"	דערנאָך עטלעכע חדשים אין דער טרופּע שאַראַוונער-בערנשטיין
P-4-facs_333_tr_1754998454	זאַרזשעווסקאַ, פאַלינאַ [קעלער]	entry	7	אָדעס	settlement	סאָבסייס טרופּע	performer	stay			none	1891	1935	True	settlement	Q1874	Odesa	46.47747	30.73262	"[{""event_type"": ""season"", ""play"": """", ""venue"": """", ""date"": """", ""description"": ""played for half a year""}]"	אַ האַלב יאָר אין אָדעס אין סאָבסייס טרופּע
P-4-facs_333_tr_1754998454	זאַרזשעווסקאַ, פאַלינאַ [קעלער]	entry	8	unknown	unknown	קאַנעווסקין	performer	stay			none	1891	1935	True	unresolved					"[{""event_type"": ""season"", ""play"": """", ""venue"": """", ""date"": """", ""description"": ""played for a year""}]"	אַ יאָר ביי קאַנעווסקין
P-4-facs_333_tr_1754998454	זאַרזשעווסקאַ, פאַלינאַ [קעלער]	entry	9	unknown	unknown	סעם אַדלער	performer	stay			none	1891	1935	True	unresolved					[]	אָנגעהויבן שפּילן ביי סעם אַדלער
P-4-facs_333_tr_1754998454	זאַרזשעווסקאַ, פאַלינאַ [קעלער]	entry	10	unknown	unknown	פאַראייניקטער (קאַמינסקי) טרופּע	performer	stay			none	1891	1935	True	unresolved					"[{""event_type"": ""marriage"", ""play"": """", ""venue"": """", ""date"": """", ""description"": ""married theater manager Harry Zar""}]"	באַלד אַריבער אין דער פאַראייניקטער (קאַמינסקי) טרופּע, וואו זיי באַקענט זיך מיטן טעאַטער-פאַרוואַלטער הערי זאַר, האָט מיט אים חתונה
P-4-facs_333_tr_1754998454	זאַרזשעווסקאַ, פאַלינאַ [קעלער]	entry	11	קאָנסטאַנטינאָפּאָל	settlement		performer	stay			none	1891	1935	True	settlement	Q406	Istanbul	41.01	28.960278	[]	בלייבנדיק אָבער שפּילן אויף דער בינע ניט נאָר אין קאָנסטאַנטינאָפּאָל
P-4-facs_333_tr_1754998454	זאַרזשעווסקאַ, פאַלינאַ [קעלער]	entry	12	אַמעריקע	country		performer	emigration		1935	approximate	1935	1935	False	settlement	Q30	United States	39.828175	-98.5795	"[{""event_type"": ""performance"", ""play"": """", ""venue"": """", ""date"": """", ""description"": ""played with Boris Thomashefsky""}, {""event_type"": ""performance"", ""play"": """", ""venue"": """", ""date"": """", ""description"": ""played under direction of Abe Kogut""}, {""event_type"": ""other"", ""play"": """", ""venue"": """", ""date"": ""1935"", ""description"": ""retired from the stage""}]"	נאָר אויך שפּעטער נאָך איר קומען אין אַמעריקע. ז. שפּילט דאָ מיט באָריס טאָמאַשעווסקין און דערנאָך אונטער דער דירעקציע פֿון אייב קאָגוט... און צייט זיך אין 1935 צוריק פון דער בינע.
P-4-facs_351_tr_1754998561	קרויזע, שלמה	entry	1	וואַרשע, פּוילן	settlement			born	1876-07-04		explicit	1876	1876	False	settlement	Q270	Warsaw	52.23	21.011111	[]	געבוירן 4 יולי 1876 אין וואַרשע, פּוילן
P-4-facs_351_tr_1754998561	קרויזע, שלמה	entry	2	וואַרשע	settlement	טלאָמאַצקער שול	singer	stay			none	1876	1895	True	settlement	Q270	Warsaw	52.23	21.011111	"[{""event_type"": ""other"", ""play"": """", ""venue"": ""טלאָמאַצקער שול"", ""date"": """", ""description"": ""sang in the choir""}, {""event_type"": ""other"", ""play"": """", ""venue"": ""עלדאָראַדאָ-טעאַטער"", ""date"": """", ""description"": ""joined the choir of the Eldorado Theater""}]"	"געזונגען אין כאָר פֿון דער טלאָמאַצקער שול און פֿון דאָ האָט אים יעקב פ. אַדלער אַריינגענומען אין כאָר פֿון יידישן ""עלדאָראַדאָ-טעאַטער"""
P-4-facs_351_tr_1754998561	קרויזע, שלמה	entry	3	מראָזיס	settlement		performer	stay			none	1876	1895	True	unresolved					"[{""event_type"": ""performance"", ""play"": ""שולמית"", ""venue"": """", ""date"": """", ""description"": ""performed Shulamis with a group of boys""}]"	"גייט צו-פֿוס אין דער זומער-וואוינונג מראָזיס נעבן וואַרשע כדי דאָרט אויסצופֿירן מיט פֿייערווערק גאָלדפֿאַדנס ""שולמית"""
P-4-facs_351_tr_1754998561	קרויזע, שלמה	entry	4	טאָמאַשאָוו	settlement	שליפערשטיין	performer	stay			none	1876	1895	True	settlement	Q911009	Tomaszów Lubelski	50.45	23.416667	"[{""event_type"": ""debut"", ""play"": ""דאָראַ"", ""venue"": """", ""date"": """", ""description"": ""debuted in the role of Rudolf""}]"	"דער אַקטיאָר שליפערשטיין נעמט אים מיט קיין טאָמאַשאָוו... וואו ק. דעביוטירט אין דער ראָל „רודאָלף"" אין „דאָראַ"""
P-4-facs_351_tr_1754998561	קרויזע, שלמה	entry	5	לאָדזש	settlement	שליפערשטיין	performer	stay			none	1876	1895	True	settlement	Q580	Łódź	51.75	19.466667	"[{""event_type"": ""performance"", ""play"": ""צינגעטאַנג"", ""venue"": """", ""date"": """", ""description"": ""replaced Shliferstein in the lead role""}]"	די טרופּע געפֿאָרן קיין לאָדזש... האָט ק. געמוזט שפּילן אויף שליפערשטיינס נאָמען די ראָל
P-4-facs_351_tr_1754998561	קרויזע, שלמה	entry	6	פּוילן	country	שליפערשטיין	performer	tour			none	1876	1895	True	region	פוילן	Poland	52.23	21.01	[]	4 יאָר אַרומגעפֿאָרן מיט שליפערשטיין איבער פּוילן
P-4-facs_351_tr_1754998561	קרויזע, שלמה	entry	7	רוסלאַנד	country	קאַמינסקיס טרופּע	performer	tour	1895	1899	explicit	1895	1899	False	region	רוסלאנד	Russia	55.75	37.62	[]	1895 — טרעט ק. אַריין אין קאַמינסקיס טרופּע, מיט וועלכער ער פֿאָרט אַרום 4 יאָר איבער רוסלאַנד
P-4-facs_351_tr_1754998561	קרויזע, שלמה	entry	8	וואַרשע	settlement	פישזאָן	performer	stay			none	1895	1909	True	settlement	Q270	Warsaw	52.23	21.011111	[]	שפּעטער אַריינגעטראָטן צו פישזאָן אין וואַרשע
P-4-facs_351_tr_1754998561	קרויזע, שלמה	entry	9	קיעוו	settlement	אברהם פישזאָן	performer	stay			none	1895	1909	True	settlement	Q1899	Kyiv	50.45	30.523611	[]	זיינע ראַפּעל דערציילט ווי אין קיעוו האָט דער דירעקטאָר פֿון דער טרופּע אַברהם פישזאָן איבערגעגעבן ק.
P-4-facs_351_tr_1754998561	קרויזע, שלמה	entry	10	פּרילוקי	settlement	קאָמפּאַנעעצן	performer	stay			none	1895	1909	True	unresolved					[]	קאָמפּאַנעעצן, וועלכער האָט געשפּילט מיט זיין טרופּע אין פּרילוקי, און איז דאָרט אַריבער
P-4-facs_351_tr_1754998561	קרויזע, שלמה	entry	11	לאָדזש	settlement	קאָמפּאַנעעצס טרופּע	performer	stay			none	1895	1909	True	settlement	Q580	Łódź	51.75	19.466667	[]	קומט די טרופּע אָן שפּילן אין לאָדזש
P-4-facs_351_tr_1754998561	קרויזע, שלמה	entry	12	יעליסאַוועטגראַד	settlement	אייגענער טרופּע	director	stay			none	1895	1909	True	settlement	Q158292	Kropyvnytskyi	48.510278	32.266667	[]	קומענדיק קיין יעליסאַוועטגראַד, האָט קרויזע אָנגאַזשירט מייערסאָנען אַלס רעזשיסאָר
P-4-facs_351_tr_1754998561	קרויזע, שלמה	entry	13	קאָנסטאַנטינאָפּאָל	settlement	קאָרנבליט	director	stay			none	1895	1909	True	settlement	Q406	Istanbul	41.01	28.960278	"[{""event_type"": ""performance"", ""play"": ""פאַמיליע צבי"", ""venue"": """", ""date"": """", ""description"": ""staged Pinski's play""}]"	"די טרופּע שפּילט אין קאָנסטאַנטינאָפּאָל עטלעכע חדשים, און ק. פֿירט דאָ אויף פינסקיס „פאַמיליע צבי"""
P-4-facs_351_tr_1754998561	קרויזע, שלמה	entry	14	רוסלאַנד	country		performer	tour	1909		explicit	1909	1909	False	region	רוסלאנד	Russia	55.75	37.62	"[{""event_type"": ""marriage"", ""play"": """", ""venue"": """", ""date"": ""1909"", ""description"": ""married actress Gurenka""}]"	1909 — האָט ק. חתונה מיט דער יידיש-אוקראַאינישער אַקטעריסע גורענקאַ... מיט וועלכער ער פֿאָרט אַרום איבער רוסלאַנד
P-4-facs_351_tr_1754998561	קרויזע, שלמה	entry	15	קאָנסטאַנטינאָפּאָל	settlement		performer	stay			none	1909	1913	True	settlement	Q406	Istanbul	41.01	28.960278	"[{""event_type"": ""season"", ""play"": ""גאָרדין-רעפּערטואָר"", ""venue"": """", ""date"": """", ""description"": ""played Gordin repertoire for three months""}]"	דערנאָך אין קאָנסטאַנטינאָפּאָל, וואו זיי שפּילן דריי חדשים גאָרדין-רעפּערטואָר
P-4-facs_351_tr_1754998561	קרויזע, שלמה	entry	16	רומעניע	country		performer	tour			none	1909	1913	True	region	רומעניע	Romania	45.94	24.97	[]	גאַסטראָלירן איבער רומעניע
P-4-facs_351_tr_1754998561	קרויזע, שלמה	entry	17	וואַרשע	settlement	פֿאַראייניקטע טרופּע	director	stay			none	1909	1913	True	settlement	Q270	Warsaw	52.23	21.011111	"[{""event_type"": ""performance"", ""play"": ""מאָטעל דער שוסטער"", ""venue"": """", ""date"": """", ""description"": ""directed the play with Esther Rachel Kaminska""}]"	קומט אין וואַרשע... ווערט ק. איר רעזשיסער און פֿירט אויף אייניקע פּיעסן
P-4-facs_351_tr_1754998561	קרויזע, שלמה	entry	18	קיעוו	settlement	ספּיוואַקאָווסקי-קרויזע טרופּע	director	stay			none	1909	1913	True	settlement	Q1899	Kyiv	50.45	30.523611	[]	אין קיעוו טרעפט ק. פרץ סאַנדלערן... נעמט ער אים איבער צום יידישן טעאַטער
P-4-facs_351_tr_1754998561	קרויזע, שלמה	entry	19	אַמעריקע	country		performer	emigration	1913	1914	explicit	1913	1914	False	settlement	Q30	United States	39.828175	-98.5795	[]	1913 — געקומען צוזאַמען מיט מרים גורעוויטש אין אַמעריקע, וואו זיי האָבן געשפּילט אַ יאָר
P-4-facs_351_tr_1754998561	קרויזע, שלמה	entry	20	וואַרשע	settlement			return	1914		approximate	1914	1914	False	settlement	Q270	Warsaw	52.23	21.011111	[]	ק. איז צוריקגעפֿאָרן קיין וואַרשע
P-4-facs_351_tr_1754998561	קרויזע, שלמה	entry	21	רוסלאַנד	country		performer	tour			none	1914	1950	True	region	רוסלאנד	Russia	55.75	37.62	[]	צוליב דער ערשטער וועלט-מלחמה, גענומען וואַנדערן איבער רוסלאַנד
P-4-facs_351_tr_1754998561	קרויזע, שלמה	entry	22	אַמעריקע	country	יידישער קונסט טעאַטער	performer	emigration			none	1914	1950	True	settlement	Q30	United States	39.828175	-98.5795	"[{""event_type"": ""performance"", ""play"": ""די גאָלדענע קייט"", ""venue"": ""יידישער קונסט טעאַטער"", ""date"": """", ""description"": ""played a Hasid""}]"	ווידער געקומען אין אַמעריקע... ווערט ק. דאָרט אָנגאַזשירט
P-4-facs_351_tr_1754998561	קרויזע, שלמה	entry	23	ניו יאָרק	settlement			death	1950-04-29	1950-04-29	explicit	1950	1950	False	settlement	Q60	New York City	40.712778	-74.006111	"[{""event_type"": ""burial"", ""play"": """", ""venue"": ""מאָנטעפיאָרע בית עולם"", ""date"": """", ""description"": ""buried at Montefiore Cemetery""}]"	דעם 29 אַפּריל 1950 איז ש. געשטאָרבן אין ניו יאָרק
P-4-facs_89_tr_1753938266	פֿרידמאַן, ראָזע	entry	1	יאָס	settlement	גאָלדפֿאַדענס טרופּע	performer	stay			none	1879	1879	True	settlement	Q46852	Iași	47.162222	27.588889	"[{""event_type"": ""performance"", ""play"": ""די שטומע כלה"", ""venue"": """", ""date"": """", ""description"": ""Played the role of the bride (without words)""}]"	ווען גאָלדפֿאַדענס טרופּע קומט צוריק אין יאָס און פֿירט דאָרט אויף זיין פּיעסע „די שטומע כלה, ווערט אַ געוויסע ראָזע צוגעצויגן צו שפּילן די ראָל פֿון דער כלה
P-4-facs_89_tr_1753938266	פֿרידמאַן, ראָזע	entry	2	קאָנסטאַנטינאָפּאָל, טערקיי	settlement		performer	stay			none	1879	1879	True	settlement	Q406	Istanbul	41.01	28.960278	"[{""event_type"": ""performance"", ""play"": """", ""venue"": ""קאַפע-הייזער"", ""date"": """", ""description"": ""Singer and dancer in coffee houses""}]"	זי איז געווען אַ זינגערין און אַ טענצערין אין די קאַפע-הייזער פֿון קאָנסטאַנטינאָפּאָל, טערקיי
P-4-facs_89_tr_1753938266	פֿרידמאַן, ראָזע	entry	3	רומעניע	country	דראַמאַטישן קלוב	founder	stay			none	1879	1879	True	region	רומעניע	Romania	45.94	24.97	"[{""event_type"": ""founding"", ""play"": """", ""venue"": """", ""date"": """", ""description"": ""Founded a dramatic club with Meir Wolf Schwarz""}]"	אין די ערשטע טעג פֿון יידישן טעאַטער אין רומעניע, האָט ער, צוזאַמען מיט איר, געגרינדעט אַ דראַמאַטישן קלוב
P-4-facs_89_tr_1753938266	פֿרידמאַן, ראָזע	entry	4	בוקאַרעסט	settlement	גאָלדפֿאַדענס טרופּע	performer	stay			none	1879	1879	True	settlement	Q19660	Bucharest	44.413361	26.097778	"[{""event_type"": ""performance"", ""play"": ""בריינדעלע קאָזאַק"", ""venue"": """", ""date"": """", ""description"": ""Performed the title role in Goldfaden's adaptation of Bluebeard""}]"	אויפגעפֿירט מיט ראָזע פרידמאַן אין דער טיטל-ראָל אין בוקאַרעסט
P-4-facs_89_tr_1753938266	פֿרידמאַן, ראָזע	entry	5	גאַלאַץ, רומעניע	settlement		performer	stay			none	1879	1879	True	settlement	Q170996	Galați	45.423333	28.0425	"[{""event_type"": ""performance"", ""play"": """", ""venue"": ""גאַסן"", ""date"": """", ""description"": ""Singing in the streets with a barrel organ""}]"	ער האָט זי געטראָפן אין די גאַסן פֿון גאַלאַץ, רומעניע, שטיין מיטן זינגער בויקע, מיט אַ טעצל ביי אַ קאַטערינקע
P-4-facs_89_tr_1753938266	פֿרידמאַן, ראָזע	entry	6	אָדעס	settlement	גאָלדפֿאַדענס טרופּע	performer	stay	1879-05-12		explicit	1879	1879	False	settlement	Q1874	Odesa	46.47747	30.73262	"[{""event_type"": ""performance"", ""play"": ""בריינדעלע קאָזאַק"", ""venue"": ""קלוב פֿון מאָרינסקי טעאַטער"", ""date"": ""1879-05-12"", ""description"": ""Debut in Odessa after being summoned from Jassy""}, {""event_type"": ""performance"", ""play"": ""כשוף-מאַכערין"", ""venue"": """", ""date"": """", ""description"": ""Played the stepmother role""}]"	דעם 12 מאי 1879 איז זי אויפֿגעטראָטן אין אָדעס אין דער ראָל
P-4-facs_89_tr_1753938266	פֿרידמאַן, ראָזע	entry	7	קאָנסטאַנטינאָפּאָל	settlement	קלמן יאָווילערס טרופּע	performer	stay			none	1879	1915	True	settlement	Q406	Istanbul	41.01	28.960278	"[{""event_type"": ""marriage"", ""play"": """", ""venue"": """", ""date"": """", ""description"": ""Married a singer named Yehoshua""}, {""event_type"": ""founding"", ""play"": """", ""venue"": """", ""date"": """", ""description"": ""Founded a quartet""}]"	האָט זי דאָרט געשפּילט מיט קלמן יאָווילערס טרופּע. דאָ זאָל זיי האָבן חתונה געהאַט מיט אַ זינגער
P-4-facs_89_tr_1753938266	פֿרידמאַן, ראָזע	entry	8	גריכנלאַנד	country			stay			none	1879	1915	True	region	גריכנלאנד	Greece	37.98	23.73	"[{""event_type"": ""conflict"", ""play"": """", ""venue"": """", ""date"": """", ""description"": ""Separated from her husband""}]"	דערנאָך איז זיי אָפּגעפאָרן קיין גריכנלאַנד, וואו זי איז זיך צעגאַנגען מיט איר מאַן
P-4-facs_89_tr_1753938266	פֿרידמאַן, ראָזע	entry	9	קאָנסטאַנטינאָפּאָל	settlement		performer	return			none	1879	1915	True	settlement	Q406	Istanbul	41.01	28.960278	"[{""event_type"": ""season"", ""play"": """", ""venue"": """", ""date"": """", ""description"": ""Played for 8 months with amateurs under Leon Kornfeld""}]"	איז ווידער צוריקגעקומען אין קאָנסטאַנטינאָפּאָל און האָט 8 חדשים געשפּילט יידיש טעאַטער
P-4-facs_89_tr_1753938266	פֿרידמאַן, ראָזע	entry	10	בוקאַרעסט	settlement	איציקל גאָלדענבורג	performer	visit	1915	1915	explicit	1915	1915	False	settlement	Q19660	Bucharest	44.413361	26.097778	"[{""event_type"": ""performance"", ""play"": ""בריינדעלע קאָזאַק"", ""venue"": """", ""date"": ""1915"", ""description"": ""Guest performance""}]"	"אין 1915 גאַסטראָלירט זי אין בוקאַרעסט ביי איציקל גאָלדענבורג אַלס „בריינדעלע קאָזאַק"""
P-4-facs_89_tr_1753938266	פֿרידמאַן, ראָזע	entry	11	יאָסי	settlement	איציקל גאָלדענבורג	ticket collector	stay			none	1915	1917	True	settlement	Q46852	Iași	47.162222	27.588889	"[{""event_type"": ""business"", ""play"": """", ""venue"": """", ""date"": """", ""description"": ""Worked as a ticket collector (controller)""}]"	ווערט ביים זעלבן דירעקטאָר, אין יאָסי, אַ קאָנטראָלערשע (בילעט-אָפּנעמער) אין טעאַטער
P-4-facs_89_tr_1753938266	פֿרידמאַן, ראָזע	entry	12	בעלץ, בעסאַראַביע	settlement		performer	stay	1917		approximate	1917	1917	False	settlement	Q37801	Bălți	47.761667	27.928889	"[{""event_type"": ""performance"", ""play"": ""כשוף-מאַכערין"", ""venue"": """", ""date"": """", ""description"": ""Played Basye""}, {""event_type"": ""performance"", ""play"": ""בריינדעלע קאָזאַק"", ""venue"": """", ""date"": """", ""description"": ""Performed her crown role""}]"	אין סוף 1917 האָט זיי דער אַקטיאָר משה לאָזניק געטראָפן אין בעלץ, בעסאַראַביע
P-4-facs_89_tr_1753938266	פֿרידמאַן, ראָזע	entry	13	ברייטשעווע	settlement		performer	stay			none	1917	1918	True	unresolved					"[{""event_type"": ""performance"", ""play"": ""בריינדעלע קאָוואַק"", ""venue"": """", ""date"": """", ""description"": ""Performed with Loznik""}, {""event_type"": ""performance"", ""play"": ""דער ווילדער מענטש"", ""venue"": """", ""date"": """", ""description"": ""Played Shifre""}]"	דערנאָך האָט זי געשפּילט מיט לאָזניקן אין ברייטשעווע
P-4-facs_89_tr_1753938266	פֿרידמאַן, ראָזע	entry	14	ריטשקאָן	settlement		performer	stay			none	1917	1918	True	unresolved					"[{""event_type"": ""other"", ""play"": """", ""venue"": """", ""date"": """", ""description"": ""Became ill and could not perform""}]"	שפּעטער זיינען זיי געפֿאָרן קיין ריטשקאָן, וואו זיי איז קראַנק געוואָרן
P-4-facs_89_tr_1753938266	פֿרידמאַן, ראָזע	entry	15	בעלץ	settlement			death	1918-03-09	1918-03-09	explicit	1918	1918	False	settlement	Q37801	Bălți	47.761667	27.928889	"[{""event_type"": ""death"", ""play"": """", ""venue"": ""שפּיטאָל"", ""date"": ""1918-03-09"", ""description"": ""Died in the hospital""}, {""event_type"": ""burial"", ""play"": """", ""venue"": ""בית עולם"", ""date"": """", ""description"": ""Buried in the women's section with a Hebrew monument""}]"	איז געשטאָרבן דעם 9 מערץ 1918
P-5-facs_100_tr_1733059460	קדיש [ק. כאַש]	entry	1	גראָדנע	settlement		student	born	1893-03-11		explicit	1893	1893	False	settlement	Q181376	Hrodna	53.666667	23.816667	"[{""event_type"": ""other"", ""play"": """", ""venue"": """", ""date"": """", ""description"": ""sang with a cantor from childhood""}]"	געבוירן בין איך [11 מערץ 1893] אין גראָדנע... פֿון קינדהייט אַן געזונגען ביי אַ חזן.
P-5-facs_100_tr_1733059460	קדיש [ק. כאַש]	entry	3	דובעלן	settlement	יידישער טרופּע	chorister	stay			none	1893	1918	True	settlement	Q3436919	Dubulti (Jūrmala)	56.968	23.775	"[{""event_type"": ""debut"", ""play"": """", ""venue"": """", ""date"": """", ""description"": ""entered the Yiddish theater as a chorister""}]"	מיין ברודער האָט מיך באַלד אַרויסגעפּאָדערט אין דובעלן, וואו איך בין אַריין אַלס כאָריסט.
P-5-facs_100_tr_1733059460	קדיש [ק. כאַש]	entry	4	גראָדנע	settlement		student	return			none	1893	1918	True	settlement	Q181376	Hrodna	53.666667	23.816667	[]	באשלאָסן צוריקצופאָרן קיין גראָדנע צום חזן
P-5-facs_100_tr_1733059460	קדיש [ק. כאַש]	entry	5	גראָדנע	settlement	טרופּע פון יוליוס אַדלער און נחום ליפאָווסקי	chorister	stay			none	1893	1918	True	settlement	Q181376	Hrodna	53.666667	23.816667	"[{""event_type"": ""other"", ""play"": """", ""venue"": """", ""date"": """", ""description"": ""joined the troupe of Julius Adler and Nahum Lipovski""}]"	געקומען די דירעקטאָרן יוליוס אַדלער, [נחום] ליפאָווסקי קיין גראָדנע... איך בין מיט מזל אַריינגעטראָטן איין טרופּע
P-5-facs_100_tr_1733059460	קדיש [ק. כאַש]	entry	6	unknown	unknown	טרופּע פון דירעקטאָר גענפער	performer	stay			none	1893	1918	True	unresolved					"[{""event_type"": ""other"", ""play"": """", ""venue"": """", ""date"": """", ""description"": ""became an actor while still singing in the choir""}]"	אַריין צו אַ דירעקטאָר גענפער... און אַזוי בין איך מיט מזל געוואָרן אַן אַקטיאָר
P-5-facs_100_tr_1733059460	קדיש [ק. כאַש]	entry	7	גראָדנע	settlement	רוסישער אָפּערעטן-טרופּע	chorister	stay			none	1893	1918	True	settlement	Q181376	Hrodna	53.666667	23.816667	"[{""event_type"": ""performance"", ""play"": """", ""venue"": ""גראָדנער שטאָט-טעאַטער"", ""date"": """", ""description"": ""chorister in a Russian operetta troupe""}]"	געווען כאָריסט אין גראָדנער שטאָט-טעאַטער אין אַ רוסישער אָפּערעטן-טרופּע
P-5-facs_100_tr_1733059460	קדיש [ק. כאַש]	entry	8	ווילנע	settlement	נחום ליפּאָווסקיס 'פאָלקס-טעאַטער'	performer	stay	1918		explicit	1918	1918	False	settlement	Q216	Vilnius	54.687222	25.28	"[{""event_type"": ""other"", ""play"": """", ""venue"": """", ""date"": ""1918"", ""description"": ""engaged at the Folks-teater and met his future wife""}]"	אין 1918 איז ק. אַנגאַזשירט געוואָרן אין נחום ליפּאָווסקיס 'פאָלקס-טעאַטער' אין ווילנע
P-5-facs_100_tr_1733059460	קדיש [ק. כאַש]	entry	9	ליטע	region	פֿאַרשיידענע טרופּעס	performer	tour			none	1918	1926	True	settlement	Q37	Lithuania	55.2	24.0	[]	שפּילן צוזאַמען אין פֿאַרשיידענע טרופּעס איבער ליטע
P-5-facs_100_tr_1733059460	קדיש [ק. כאַש]	entry	10	לעטלאַנד	country	פֿאַרשיידענע טרופּעס	performer	tour			none	1918	1926	True	settlement	Q211	Latvia	57.0	25.0	[]	לעטלאַנד
P-5-facs_100_tr_1733059460	קדיש [ק. כאַש]	entry	11	דייטשלאַנד	country	פֿאַרשיידענע טרופּעס	performer	tour			none	1918	1926	True	region	דייטשלאנד	Germany	52.52	13.4	[]	און דייטשלאַנד
P-5-facs_100_tr_1733059460	קדיש [ק. כאַש]	entry	12	ווילנע	settlement	ווילנער 'פאָלקס-טעאַטער'	performer	return			none	1918	1926	True	settlement	Q216	Vilnius	54.687222	25.28	"[{""event_type"": ""performance"", ""play"": """", ""venue"": ""ווילנער 'פאָלקס-טעאַטער'"", ""date"": """", ""description"": ""performed as guest stars""}]"	ביז זיי קומען צוריק אין פּוילן, און טרעטן אויף, שוין ווי גאַסטראָלערן, אין ווילנער 'פאָלקס-טעאַטער'.
P-5-facs_100_tr_1733059460	קדיש [ק. כאַש]	entry	13	לאָדזש	settlement	ווילנער יידישע אָפּערעטן-טרופּע	performer	stay			none	1918	1926	True	settlement	Q580	Łódź	51.75	19.466667	"[{""event_type"": ""performance"", ""play"": ""באַיאַדעראַ"", ""venue"": ""'סקאַלאַ'-טעאַטער"", ""date"": """", ""description"": ""performed Bayadera 80 times""}]"	אַנגאַזשירט געוואָרן אויף גאַסטשפּילן אין לאָדזשער 'סקאַלאַ'-טעאַטער... פֿירן זיי אויף... קאַלמאַנס אָפּערעטע 'באַיאַדעראַ'
P-5-facs_100_tr_1733059460	קדיש [ק. כאַש]	entry	14	פּוילן	country	ווילנער יידישע אָפּערעטן-טרופּע	performer	tour			none	1918	1926	True	region	פוילן	Poland	52.23	21.01	[]	דערנאָך פֿאָרן זיי אַרום אויף גאַסטראָלן איבער פּוילן
P-5-facs_100_tr_1733059460	קדיש [ק. כאַש]	entry	15	בוקאַרעסט	settlement	ווילנער יידישע אָפּערעטן-טרופּע	director	tour	1926		explicit	1926	1926	False	settlement	Q19660	Bucharest	44.413361	26.097778	[]	ווערן זיי אין 1926 אַנגאַזשירט דורך מ. מאַזא קיין רומעניע, וואו זיי גאַסטראָלירן אין בוקאַרעסט
P-5-facs_100_tr_1733059460	קדיש [ק. כאַש]	entry	16	רומעניע	country	ווילנער יידישע אָפּערעטן-טרופּע	director	tour			none	1926	1927	True	region	רומעניע	Romania	45.94	24.97	[]	נאָכן אַרומפֿאָרן איבער רומעניע, בעסאַראַביע און טראַנסילוואַניא
P-5-facs_100_tr_1733059460	קדיש [ק. כאַש]	entry	17	קאָוונע	settlement	שותפות מיט באָריס בוקאַנץ	performer	stay	1927		explicit	1927	1927	False	settlement	Q4115712	Kaunas	54.9	23.933333	[]	אין 1927 האָבן קאַדיש-כאַש געשלאָסן שותפות מיט באָריס בוקאַנץ אין קאָוונע
P-5-facs_100_tr_1733059460	קדיש [ק. כאַש]	entry	18	פינסק	settlement	קאַדיש-כאַש-טרופע	performer	stay	1939		approximate	1939	1939	False	settlement	Q204150	Pinsk	52.115278	26.103056	[]	ווען ס'איז אויסגעבראַכן די לעצטע [צווייטע} וועלט-מלחמה האָט די קאַדיש-כאַש-טרופע געשפּילט אין פינסק.
P-5-facs_100_tr_1733059460	קדיש [ק. כאַש]	entry	19	ווילנע	settlement	ווילנער יידישן מלוכה-טעאַטער	performer	flight		1941-07	approximate	1941	1941	False	settlement	Q216	Vilnius	54.687222	25.28	"[{""event_type"": ""performance"", ""play"": ""פּלאַטאָן קרעטשעט"", ""venue"": """", ""date"": """", ""description"": ""played the role of Berest""}, {""event_type"": ""performance"", ""play"": ""200.000"", ""venue"": """", ""date"": """", ""description"": ""played the role of Asher Fein""}]"	די מענער זיינען אַנטלאָפן קיין ווילנע... וואו ער ווערט אָנגאַזשירט אין ווילנער יידישן מלוכה-טעאַטער.
P-5-facs_100_tr_1733059460	קדיש [ק. כאַש]	entry	20	פּאָנאַר	settlement			death	1941-07	1941-07	approximate	1941	1941	False	unresolved					"[{""event_type"": ""death"", ""play"": """", ""venue"": """", ""date"": ""1941-07"", ""description"": ""shot by the Germans in Ponar""}]"	אין א זומערדיקן פאַרטאָג האָט מען זיי אַוועקגעפירט קיין פּאָנאַר... האָבן זיי זייער לעצטע רו געפונען.
P-5-facs_100_tr_1733059460	קדיש [ק. כאַש]	יוסף כאַש	2	דובעלן	settlement	יידישער טרופּע	performer	stay			none			True	settlement	Q3436919	Dubulti (Jūrmala)	56.968	23.775	[]	מיין ברודער, וועלכער האָט זיך דאַן געפונען אין אַ געוויסער יידישער טרופּע אין דובעלן
P-5-facs_126_tr_1733832830	אַריעל, חיים-דוד	entry	1	לאָדזש, פּוילן	settlement			born	1881-11-15		explicit	1881	1881	False	settlement	Q580	Łódź	51.75	19.466667	[]	געבוירן 15 נאוועמבער 1881 אין לאָדזש, פּוילן
P-5-facs_126_tr_1733832830	אַריעל, חיים-דוד	entry	2	לאָדזש	settlement	טרופּע פֿון ווייספעלד	טענצער	stay			none	1881	1899	True	settlement	Q580	Łódź	51.75	19.466667	"[{""event_type"": ""debut"", ""play"": """", ""venue"": """", ""date"": """", ""description"": ""Joined Weissfeld's troupe as a dancer""}]"	נעמט אים יוליוס אַדלער אַריין... אַלס טענצער, אין דער טרופּע פֿון ווייספעלד
P-5-facs_126_tr_1733832830	אַריעל, חיים-דוד	entry	3	לאָדזש	settlement	זאַנדבערגן	כאָר	stay	1899		explicit	1899	1899	False	settlement	Q580	Łódź	51.75	19.466667	[]	אין 1899 טרעט אַריעל אַריין אין כאָר צו זאַנדבערגן
P-5-facs_126_tr_1733832830	אַריעל, חיים-דוד	entry	4	ווילנע	settlement	סאַבסייס טרופּע	קליינע ראָלן	stay	1904		explicit	1904	1904	False	settlement	Q216	Vilnius	54.687222	25.28	[]	אין 1904 נעמט אים דער אַקטיאָר שלום צוקער קיין ווילנע אין סאַבסייס טרופּע
P-5-facs_126_tr_1733832830	אַריעל, חיים-דוד	entry	5	קרעמענטשוג	settlement	האַרלאַמפּ-קאַניעווסקאַ	performer	stay	1910		explicit	1910	1910	False	settlement	Q156724	Kremenchuk	49.063056	33.403889	[]	1910 — שפּילט ער ביי האַרלאַמפּ-קאַניעווסקאַ אין קרעמענטשוג
P-5-facs_126_tr_1733832830	אַריעל, חיים-דוד	entry	6	יעקאַטערינאָסלאַוו	settlement	פישזאָן	performer	stay			none	1910	1916	True	settlement	Q48256	Dnipro	48.4675	35.04	[]	ביי פישזאָן אין יעקאַטערינאָסלאַוו
P-5-facs_126_tr_1733832830	אַריעל, חיים-דוד	entry	7	אָדעס	settlement	ראַפּעלן	performer	stay		1916	explicit	1916	1916	False	settlement	Q1874	Odesa	46.47747	30.73262	[]	דערנאָך אין אָדעס, ביז 1916, ווען ער טרעט אַריין צו ראַפּעלן
P-5-facs_126_tr_1733832830	אַריעל, חיים-דוד	entry	8	קאָנסטאַנטינאָפּאָל	settlement	ס. קרויזע	performer	tour			none	1916	1916	True	settlement	Q406	Istanbul	41.01	28.960278	[]	פֿאָרט שפּילן קיין קאָנסטאַנטינאָפּאָל
P-5-facs_126_tr_1733832830	אַריעל, חיים-דוד	entry	9	רומעניע	country	ס. קרויזע	performer	tour			none	1916	1916	True	region	רומעניע	Romania	45.94	24.97	[]	רומעניע
P-5-facs_126_tr_1733832830	אַריעל, חיים-דוד	entry	10	אָדעס	settlement	בועז יאָנגוויץ און איר בעזמאַן	performer	stay			none	1916	1916	True	settlement	Q1874	Odesa	46.47747	30.73262	[]	ווידער צוריק אין אָדעס, וואו ער ווערט אָנגאַזשירט צו בועז יאָנגוויץ און איר בעזמאַן
P-5-facs_126_tr_1733832830	אַריעל, חיים-דוד	entry	11	קיעוו	settlement	בעזמאַנען	performer	stay			none	1916	1916	True	settlement	Q1899	Kyiv	50.45	30.523611	[]	דערנאָך מיט בעזמאַנען אין קיעוו
P-5-facs_126_tr_1733832830	אַריעל, חיים-דוד	entry	12	בערדייטשעוו	settlement	בעזמאַנען	performer	stay			none	1916	1916	True	settlement	Q158799	Berdychiv	49.891944	28.6	[]	בערדייטשעוו
P-5-facs_126_tr_1733832830	אַריעל, חיים-דוד	entry	13	לאָדזש	settlement	פֿאַרשיידענע טרופּעס	מיטגליד	settled			none	1916	1916	True	settlement	Q580	Łódź	51.75	19.466667	[]	ביז זיי קומען קיין לאָדזש. צוריקגעקומען אין זיין היים-שטאָט, איז א. שוין פֿאַרבליבן ווי אַ מיטגליד אין פֿאַרשיידענע טרופּעס
P-5-facs_126_tr_1733832830	אַריעל, חיים-דוד	entry	14	unknown	unknown			death			none	1916	1916	True	unresolved					"[{""event_type"": ""death"", ""play"": """", ""venue"": """", ""date"": """", ""description"": ""Killed by the Nazis""}]"	א. איז אומגעבראַכט געוואָרן דורך די נאַציס.
P-5-facs_143_tr_1733832807	צוקער, שלום	entry	1	לאָדזש (פּוילן)	settlement			born	1880		explicit	1880	1880	False	unresolved					"[{""event_type"": ""other"", ""play"": """", ""venue"": ""אַלעקסאַנדער שולע"", ""date"": """", ""description"": ""completed school""}]"	איך בין געבוירן אין יאָר 1880 אין לאָדזש (פּוילן)
P-5-facs_143_tr_1733832807	צוקער, שלום	entry	2	וואַרשעווער(?) שול	venue_only		singer	stay			none	1880	1898	True	unresolved					"[{""event_type"": ""performance"", ""play"": """", ""venue"": ""וואַרשעווער(?) שול"", ""date"": """", ""description"": ""sang in the choir as a boy""}]"	נאָך אַלס יינגל האָט ער מיט זיין שיינער שטים דערקוויקט די הערצער פון די מתפללים אין דער וואַרשעווער(?) שול
P-5-facs_143_tr_1733832807	צוקער, שלום	entry	3	פּראָווינץ	region		singer	tour			none	1880	1898	True	unresolved					[]	אַוועק מיט אַ גרופּע זינגערס אויף דער פּראָווינץ
P-5-facs_143_tr_1733832807	צוקער, שלום	entry	4	יעקאַטערינאָסלאַוו	settlement	אַברהם יצחק קאַמינסקיס טרופּע	ערשטער קאָמיקער	tour	1898		explicit	1898	1898	False	settlement	Q48256	Dnipro	48.4675	35.04	"[{""event_type"": ""debut"", ""play"": ""גאָלדפֿאַדענס פּיעסן"", ""venue"": """", ""date"": ""1898"", ""description"": ""first tour with Kaminski's troupe""}]"	אין יאָר 1898 בין איך מיט יצחק זאַנדבערג אַרויסגעפאָרן צום ערשטן מאָל מיט אַברהם יצחק קאַמינסקיס טרופּע... אונדזער ערשטער אַרויספאַר איז גע ווען יעקאַטערינאָסלאַוו
P-5-facs_143_tr_1733832807	צוקער, שלום	entry	5	עסטרייך	country		performer	flight			none	1898	1905	True	region	עסטרייך	Austria	48.2	16.37	[]	ווען מען האָט צוקערן געדאַרפט נעמען צום רוסישן מיליטער, איז ער אַנטלאָפן קיין עסטרייך
P-5-facs_143_tr_1733832807	צוקער, שלום	entry	6	אַמעריקע	country		performer	emigration	1905		explicit	1905	1905	False	settlement	Q30	United States	39.828175	-98.5795	[]	אין 1905 איז ער געפאָרן קיין אַמעריקע
P-5-facs_143_tr_1733832807	צוקער, שלום	entry	7	ווין	settlement		performer	return			none	1905	1920	True	settlement	Q1741	Vienna	48.208333	16.3725	[]	איז ער צוריקגעפאָרן קיין ווין
P-5-facs_143_tr_1733832807	צוקער, שלום	entry	8	ווילנע	settlement	יצחק גענפערס טרופּע	רעזשיסער	stay			none	1905	1920	True	settlement	Q216	Vilnius	54.687222	25.28	"[{""event_type"": ""season"", ""play"": """", ""venue"": ""פילהאַרמאָניע"", ""date"": """", ""description"": ""8 seasons in a row""}]"	אין יצחק גענפערס טרופּע אין ווילנע 8 סעזאָנען אין דער ריי אין טעאַטער 'פילהאַרמאָניע'
P-5-facs_143_tr_1733832807	צוקער, שלום	entry	9	באָברויסק	settlement	ערשטן סאָוויעטישן טעאַטער	performer	stay		1920	explicit	1920	1920	False	settlement	Q207294	Babruysk	53.15	29.233333	[]	ביז 1920 געווען אין רוסלאַנד, געשפּילט אין ערשטן סאָוויעטישן טעאַטער אין באָברויסק
P-5-facs_143_tr_1733832807	צוקער, שלום	entry	10	סעוואַסטאָפּאָל	settlement			stay			none	1920	1926	True	settlement	Q7525	Sevastopol	44.605	33.5225	"[{""event_type"": ""conflict"", ""play"": """", ""venue"": """", ""date"": """", ""description"": ""robbed under Wrangel's rule""}]"	צעראַבירט געוואָרן אין סעוואַסטאָפּאָל אונטער ווראַנגעלס ממשלה
P-5-facs_143_tr_1733832807	צוקער, שלום	entry	11	קאָנסטאַנטינאָפּאָל	settlement		performer	emigration			none	1920	1926	True	settlement	Q406	Istanbul	41.01	28.960278	[]	האָט ער מיך אַרויסגעשיקט פון זיין טעריטאָריע נאָך קאָנסטאַנטינאָפּאָל
P-5-facs_143_tr_1733832807	צוקער, שלום	entry	12	בודאַפּעשט	settlement		performer	tour			none	1920	1926	True	settlement	Q1781	Budapest	47.498333	19.040833	"[{""event_type"": ""season"", ""play"": """", ""venue"": """", ""date"": """", ""description"": ""played for ten months""}]"	די יידישע טרופּע האָט אָפּגעשפּילט אין בודאָפּעשט צען חדשים צייט
P-5-facs_143_tr_1733832807	צוקער, שלום	entry	13	ווין	settlement	יידישן אַרטיסטן-פאַריין	סעקרעטאַר	settled	1926	1938	explicit	1926	1938	False	settlement	Q1741	Vienna	48.208333	16.3725	"[{""event_type"": ""business"", ""play"": """", ""venue"": """", ""date"": ""1932-1938"", ""description"": ""worked as a theater ticket seller""}]"	גרינדערס פון יידישן אַרטיסטן-פאַריין אין ווין, וואו ער איז געווען אין משך פֿון 12 יאָר (1926-1938) סעקרעטאַר
P-5-facs_143_tr_1733832807	צוקער, שלום	entry	14	דאַנציג	settlement	קולטור-בונד-טעאַטער	performer	stay	1938		explicit	1938	1938	False	settlement	Q1792	Gdańsk	54.348291	18.654023	"[{""event_type"": ""conflict"", ""play"": """", ""venue"": """", ""date"": """", ""description"": ""suffered during Nazi pogroms""}]"	אין יאָר 1938 האָב איך שלום צוקערן... אַנגאַזשירט קיין דאַנציג אין דאָרטיקן 'קולטור-בונד-טעאַטער'
P-5-facs_143_tr_1733832807	צוקער, שלום	entry	15	וואַרשע	settlement	יידישן טעאַטער	performer	stay			none	1938	1942	True	settlement	Q270	Warsaw	52.23	21.011111	"[{""event_type"": ""other"", ""play"": """", ""venue"": ""וואַרשעווער געטאָ"", ""date"": """", ""description"": ""sang in courtyards and sold bread in the ghetto""}]"	קומענדיק קיין וואַרשע, האָט שלום צוקער געאַרבעט אינם דאָרטיקן יידישן טעאַטער
P-5-facs_143_tr_1733832807	צוקער, שלום	entry	16	טרעבלינקע	settlement			death	1942-07		explicit	1942	1942	False	unresolved					"[{""event_type"": ""death"", ""play"": """", ""venue"": ""גאַז-קאַמערן"", ""date"": """", ""description"": ""murdered in gas chambers""}]"	אַוועק אויף זיין לעצטן טורניי, צו די גאַז-קאַמערן אין טרעבלינקע
P-5-facs_250_tr_1739221688	הערשעלע [הערש דאַנילעוויטש]	entry	1	ליפנע פּלאָצקער געגנט, פּוילן	settlement			born	1882-01-30		explicit	1882	1882	False	region_first_of_list	פוילן	Poland	52.23	21.01	[]	געבוירן 30 יאַנואַר 1882 אין ליפנע פּלאָצקער געגנט, פּוילן
P-5-facs_250_tr_1739221688	הערשעלע [הערש דאַנילעוויטש]	entry	2	וואַרשע	settlement		אַרבעטער	settled			none	1882	1908	True	settlement	Q270	Warsaw	52.23	21.011111	[]	געמוזט מיטן פֿאָטער זיך באַזעצן אין וואַרשע
P-5-facs_250_tr_1739221688	הערשעלע [הערש דאַנילעוויטש]	entry	3	לאָדזש	settlement		אַרבעטער אין אַ פּליוש וועבעריי	stay			none	1882	1908	True	settlement	Q580	Łódź	51.75	19.466667	"[{""event_type"": ""debut"", ""play"": """", ""venue"": """", ""date"": ""1904"", ""description"": ""Debuted as a writer""}]"	שפּעטער געלעבט אין לאָדזש, וואו ער האָט געאַרבעט אין אַ פּליוש וועבעריי
P-5-facs_250_tr_1739221688	הערשעלע [הערש דאַנילעוויטש]	entry	4	זשענעווע, שווייץ	settlement			stay	1908	1910	explicit	1908	1910	False	settlement	Q71	Geneva	46.2	6.15	[]	פֿון 1908 ביז 1910 געלעבט אין זשענעווע, שווייץ
P-5-facs_250_tr_1739221688	הערשעלע [הערש דאַנילעוויטש]	entry	5	קאַליש	settlement		אַרבעטער אין אַ שפּיצן-פֿאַבריק	stay	1910	1914	approximate	1910	1914	False	settlement	Q52842	Kalisz	51.7575	18.08	[]	צוריקגעקומען קיין פּוילן, וואו ער איז אַמיניסטראַטיוו פֿאַרשיקט געוואָרן קיין קאַליש
P-5-facs_250_tr_1739221688	הערשעלע [הערש דאַנילעוויטש]	entry	6	לאָדזש	settlement		דיכטער	flight	1914		approximate	1914	1914	False	settlement	Q580	Łódź	51.75	19.466667	"[{""event_type"": ""performance"", ""play"": ""די רויז פון סטאַמבול"", ""venue"": ""לאָדזשער „סקאַלאַ“-טעאַטער"", ""date"": """", ""description"": ""His translation of the operetta was performed by Julius Adler and Herman Sierotski's troupe""}]"	פֿון וואו עס געלינגט אים צו אַנטלויפֿן קיין לאָדזש
P-5-facs_250_tr_1739221688	הערשעלע [הערש דאַנילעוויטש]	entry	7	וואַרשע	settlement	יידישער פרעסע	איבערשרייבער	stay			none	1914	1914	True	settlement	Q270	Warsaw	52.23	21.011111	"[{""event_type"": ""business"", ""play"": ""ווילהעלם טעל"", ""venue"": """", ""date"": ""1929"", ""description"": ""Published translation of Schiller's Wilhelm Tell""}, {""event_type"": ""marriage"", ""play"": """", ""venue"": ""טלאָמאַצקע 13"", ""date"": """", ""description"": ""Marriage ceremony organized by the Writers' Union""}]"	הערשעלע איז אָפּגעפאָרן קיין וואַרשע, וואו ער איז צוביסלעך געווען באַשעפטיקט ביי דער דאָרטיקער יידישער פרעסע
P-5-facs_250_tr_1739221688	הערשעלע [הערש דאַנילעוויטש]	entry	8	הענדריקאָי	settlement		קאַרעקטאָר	settled			none	1914	1914	True	unresolved					[]	דאַן האָט ער חתונה און באַזעצט זיך אין קליינעם שטעטל הענדריקאָי, נעבן וואַרשע
P-5-facs_250_tr_1739221688	הערשעלע [הערש דאַנילעוויטש]	entry	9	וואַרשעווער געטאָ	settlement	ליטעראַטן און זשורנאַליסטן-קיך		flight			none	1914	1914	True	unresolved					[]	ווען מען האָט אַרויסגעטריבן די יידן פֿון הענדריקאָוו, איז הערשעלע... מגולגל געוואָרן אויף איינעם פון די טרויעריק-באַרימטע פליטים-פּונקטן
P-5-facs_250_tr_1739221688	הערשעלע [הערש דאַנילעוויטש]	entry	10	וואַרשע	settlement			death			none	1914	1914	True	settlement	Q270	Warsaw	52.23	21.011111	"[{""event_type"": ""death"", ""play"": """", ""venue"": """", ""date"": """", ""description"": ""Died of hunger in the ghetto""}, {""event_type"": ""burial"", ""play"": """", ""venue"": ""גענשער בית עלמין"", ""date"": """", ""description"": ""Buried in the literary alley of the cemetery""}]"	הערשעלע איז אַוועק אויף יענער וועלט איינער פֿון די ערשטע... באַגראָבן געוואָרן אויף דעם גענשער בית עלמין
P-5-facs_372_tr_1739222351	קיימאַן, חיים-יוסף	entry	1	לובלין, פּוילן	settlement			born	1891		explicit	1891	1891	False	settlement	Q37333	Lublin	51.25	22.566667	[]	געבוירן 1891 אין לובלין, פּוילן
P-5-facs_372_tr_1739222351	קיימאַן, חיים-יוסף	entry	2	לאָנדאָן, ענגלאַנד	settlement	פאַוויליאָן	סטאַטיסט	emigration			none	1891	1911	True	settlement	Q84	London	51.507222	-0.1275	"[{""event_type"": ""performance"", ""play"": """", ""venue"": ""פאַוויליאָן"", ""date"": """", ""description"": ""became an extra in the Yiddish theater under Zygmunt Feinman""}]"	עמיגרירט קיין לאָנדאָן, ענגלאַנד, און דאָרט געוואָרן אַ סטאַטיסט אין יידישן טעאַטער („פאַוויליאָן ביי זיגמונט פֿיינמאַן)
P-5-facs_372_tr_1739222351	קיימאַן, חיים-יוסף	entry	3	לובלין	settlement	לובלינער יידישן טעאַטער	performer	return	1911		explicit	1911	1911	False	settlement	Q37333	Lublin	51.25	22.566667	"[{""event_type"": ""performance"", ""play"": """", ""venue"": """", ""date"": ""1911"", ""description"": ""played with amateurs""}, {""event_type"": ""performance"", ""play"": """", ""venue"": """", ""date"": """", ""description"": ""joined Jacob Waxman's theater after military service""}]"	אין 1911 זיך צוריקגעקערט אַהיים און געשפּילט מיט ליבהאָבער... אַריינגעטראָטן אין לובלינער יידישן טעאַטער א'ד פֿון יעקב וואַקסמאַן
P-5-facs_372_tr_1739222351	קיימאַן, חיים-יוסף	entry	4	אוקראַינע	country	חברים-טרופּע מיט יעקב וואַקסמאַן	performer	tour	1918		explicit	1918	1918	False	region	אוקראינע	Ukraine	49.0	32.0	"[{""event_type"": ""other"", ""play"": """", ""venue"": """", ""date"": """", ""description"": ""experienced 8 pogroms in various Ukrainian towns""}]"	אין 1918 אַרויסגעפֿאָרן מיט אַ חברים-טרופּע מיט יעקב וואַקסמאַן און מיטגעמאַכט אין אוקראַינע 8 פּאָגראָמען
P-5-facs_372_tr_1739222351	קיימאַן, חיים-יוסף	entry	5	אָדעס	settlement			stay			none	1918	1920	True	settlement	Q1874	Odesa	46.47747	30.73262	[]	קוים אַ לעבעדיקער געקומען אין אָדעס
P-5-facs_372_tr_1739222351	קיימאַן, חיים-יוסף	entry	6	קרים	region	חברים-טרופּע מיט בראַנדעסקאָ און ווינאָקור	performer	tour			none	1918	1920	True	settlement	Q7835	Crimea	45.0	34.0	[]	אַרויסגעפֿאָרן מיט אַ חברים-טרופּע איבער קרים מיט בראַנדעסקאָ און ווינאָקור
P-5-facs_372_tr_1739222351	קיימאַן, חיים-יוסף	entry	7	קאָנסטאַנטינאָפּאָל	settlement			pass_through	1920		explicit	1920	1920	False	settlement	Q406	Istanbul	41.01	28.960278	[]	אין 1920 געפֿאָרן קיין קאָנסטאַנטינאָפּאָל
P-5-facs_372_tr_1739222351	קיימאַן, חיים-יוסף	entry	8	בולגאַריע	country			pass_through			none	1920	1942	True	region	בולגאריע	Bulgaria	42.7	25.5	[]	פֿון דאָרט קיין בולגאַריע
P-5-facs_372_tr_1739222351	קיימאַן, חיים-יוסף	entry	9	רומעניע	country		סופֿלער	stay			none	1920	1942	True	region	רומעניע	Romania	45.94	24.97	"[{""event_type"": ""performance"", ""play"": """", ""venue"": """", ""date"": """", ""description"": ""played in Bucharest and Iasi with various troupes""}]"	דערנאָך אין רומעניע, וואו ער שפּילט ביי קאַנער, סעגאָלעסקאַ אין בוקאַרעסט און יאָס און פֿאַרבליבן אַלס סופֿלער ביי אַשכנזי אין יאָסי
P-5-facs_372_tr_1739222351	קיימאַן, חיים-יוסף	entry	10	טשערנאָוויץ	settlement	רייש	סופֿלער	stay			none	1920	1942	True	settlement	Q157725	Chernivtsi	48.290833	25.934444	[]	שפּעטער אין טשערנאָוויץ ביי רייש
P-5-facs_372_tr_1739222351	קיימאַן, חיים-יוסף	entry	11	טאַשקענט	settlement			death	1942	1942	approximate	1942	1942	False	settlement	Q269	Tashkent	41.311111	69.279722	"[{""event_type"": ""death"", ""play"": """", ""venue"": """", ""date"": ""1942"", ""description"": ""died of hunger (according to Julian Schwartz)""}]"	לויט יוליאַן שוואַרץ... איז אין 1942 אויסגעגאַנגען פֿון הונגער אין טאַשקענט
P-5-facs_372_tr_1739222351	קיימאַן, חיים-יוסף	entry	12	טראַנסניעסטרייע	region			death			none	1942	1942	True	unresolved					"[{""event_type"": ""death"", ""play"": """", ""venue"": """", ""date"": """", ""description"": ""died of typhus after deportation (alternative account)""}]"	לויט סעווילאַ פּאַסטאָר און סיידי גליק איז ער דעפּאָרטירט געוואָרן קיין טראַנסניעסטרייע און דאָרט געשטאָרבן פֿון פלעק-טיפוס
P-5-facs_430_r	לערעסקאָ, סאַמועל [שמואל לערער]	entry	1	יאָסי, רומעניע	settlement			born	1876-08-01		explicit	1876	1876	False	settlement	Q46852	Iași	47.162222	27.588889	[]	געבוירן 1 אויגוסט 1876... אין יאָסי, רומעניע.
P-5-facs_430_r	לערעסקאָ, סאַמועל [שמואל לערער]	entry	2	סוטשאַוואָ	settlement		student	stay			none	1876	1913	True	settlement	Q170357	Suceava	47.653	26.256	[]	אַוועק קיין סוטשאַוואָ (דאַמאָלט עסטרייך אין דער דאָרטיקער גימנאַזיע
P-5-facs_430_r	לערעסקאָ, סאַמועל [שמואל לערער]	entry	3	טשערנאָוויץ	settlement		student	stay			none	1876	1913	True	settlement	Q157725	Chernivtsi	48.290833	25.934444	[]	דערנאָך אין טשערנאָוויץ
P-5-facs_430_r	לערעסקאָ, סאַמועל [שמואל לערער]	entry	4	ווין	settlement		student	stay			none	1876	1913	True	settlement	Q1741	Vienna	48.208333	16.3725	[]	געמאַכט מאָטוראַ אין ווין
P-5-facs_430_r	לערעסקאָ, סאַמועל [שמואל לערער]	entry	5	יאָס	settlement	פֿאָטערס באַנק-געשעפט	businessman	return			none	1876	1913	True	settlement	Q46852	Iași	47.162222	27.588889	"[{""event_type"": ""other"", ""play"": """", ""venue"": """", ""date"": """", ""description"": ""Wrote theater reviews and brought Kalman Juvelier's troupe to the city""}, {""event_type"": ""debut"", ""play"": ""שבתי צבי"", ""venue"": """", ""date"": ""1900"", ""description"": ""Performed as an amateur in Juvelier's troupe""}]"	צוריקגעפֿאָרן קיין יאָס... בערך 1900 טרעט ער אַליין אויף אַלס ליבהאָבער אין יאָוועלירס טרופּע
P-5-facs_430_r	לערעסקאָ, סאַמועל [שמואל לערער]	entry	6	רומעניע	country	קלמן יאָוועליר	performer	tour			none	1876	1913	True	region	רומעניע	Romania	45.94	24.97	[]	פֿאָרט אַרום אייניקע יאָר איבער רומעניע
P-5-facs_430_r	לערעסקאָ, סאַמועל [שמואל לערער]	entry	7	קאָנסטאַנטינאָפּאָל	settlement	געליס	performer	stay			none	1876	1913	True	settlement	Q406	Istanbul	41.01	28.960278	"[{""event_type"": ""season"", ""play"": """", ""venue"": """", ""date"": """", ""description"": ""Played for a year""}]"	פֿאָרט מיט איר קיין קאָנסטאַנטינאָפּאָל, וואו זיי שפּילן אַ יאָר צייט
P-5-facs_430_r	לערעסקאָ, סאַמועל [שמואל לערער]	entry	8	בוקאָווינע	region	אהרן ראָזענבלומס טרופּע	performer	stay			none	1876	1913	True	region	בוקאווינע	Bukovina	47.9	25.9	[]	אַריבער אין אהרן ראָזענבלומס טרופּע אין בוקאָווינע
P-5-facs_430_r	לערעסקאָ, סאַמועל [שמואל לערער]	entry	9	מאַנטשעסטער	settlement	טרייטלערס טרופּע	performer	tour			none	1876	1913	True	settlement	Q18125	Manchester	53.466667	-2.233333	[]	פֿאָרט ער מיט יידיש טעאַטער קיין מאַנטשעסטער
P-5-facs_430_r	לערעסקאָ, סאַמועל [שמואל לערער]	entry	10	גלאַזגוי	settlement	טרייטלערס טרופּע	performer	tour			none	1876	1913	True	unresolved					[]	און גלאַזגוי ענגלאַנד
P-5-facs_430_r	לערעסקאָ, סאַמועל [שמואל לערער]	entry	11	לעמבערג	settlement	גימפּעל-טרופּע	director	stay			none	1876	1913	True	settlement	Q36036	Lviv	49.8425	24.032222	"[{""event_type"": ""business"", ""play"": """", ""venue"": ""זומער-טעאַטער (יאָגעלאַנסקאַ 11)"", ""date"": """", ""description"": ""Reorganized the Gimpel troupe and initiated building the summer theater""}]"	פֿאָרט אַוועק קיין לעמבערג, וואו ער טרעפט די צעבראָכענע גימפּעל-טרופּע, וועלכע ער רעאָרגאַניזירט
P-5-facs_430_r	לערעסקאָ, סאַמועל [שמואל לערער]	entry	12	לעמבערג	settlement	זעליג שאָרס טרופּע	performer	tour			none	1876	1913	True	settlement	Q36036	Lviv	49.8425	24.032222	"[{""event_type"": ""season"", ""play"": """", ""venue"": """", ""date"": """", ""description"": ""Toured for 2 years""}]"	פֿאָרט ל. אַרום 2 יאָר מיט זעליג שאָרס טרופּע
P-5-facs_430_r	לערעסקאָ, סאַמועל [שמואל לערער]	entry	13	רומעניע	country	אייגענער קאָנצעסיע	director	stay			none	1876	1913	True	region	רומעניע	Romania	45.94	24.97	[]	שפּילט ער אין רומעניע אויף אַן אייגענער קאָנצעסיע
P-5-facs_430_r	לערעסקאָ, סאַמועל [שמואל לערער]	entry	14	לעמבערג	settlement	גימפּעלן	performer	stay			none	1876	1913	True	settlement	Q36036	Lviv	49.8425	24.032222	[]	שפּעטער טרעט ער ווידער אַריין צו גימפּעלן אין לעמבערג
P-5-facs_430_r	לערעסקאָ, סאַמועל [שמואל לערער]	entry	15	רומעניע	country	אַקסעלראָד	director	stay			none	1876	1913	True	region	רומעניע	Romania	45.94	24.97	[]	דערנאָך ביי אַקסעלראָד אין רומעניע אויף אַן אייגענער קאָנצעסיע
P-5-facs_430_r	לערעסקאָ, סאַמועל [שמואל לערער]	entry	16	לאָנדאָן	settlement		performer	visit			none	1876	1913	True	settlement	Q84	London	51.507222	-0.1275	"[{""event_type"": ""performance"", ""play"": """", ""venue"": ""פּאַוויליאָן טעאַטער"", ""date"": """", ""description"": ""Guest performance with Sam Shilling""}, {""event_type"": ""performance"", ""play"": ""די נבלה"", ""venue"": ""עמפּייער טעאַטער"", ""date"": """", ""description"": ""Played the role of Mendel""}, {""event_type"": ""performance"", ""play"": ""נאַראַ"", ""venue"": ""מייל ענד עמפּייר"", ""date"": """", ""description"": ""Staged Ibsen's Nora with Dina Feinman""}]"	שפּעטער גאַסטראָלירט ער אין לאָנדאָנער פּאַוויליאָן טעאַטער
P-5-facs_430_r	לערעסקאָ, סאַמועל [שמואל לערער]	entry	17	בודאָפּעסט	settlement	ווערטהיימער	performer	stay			none	1876	1913	True	settlement	Q1781	Budapest	47.498333	19.040833	"[{""event_type"": ""season"", ""play"": """", ""venue"": ""געזאַנג-און-שפּיל-האַלע"", ""date"": """", ""description"": ""Played for 4 years without intermissions due to licensing""}]"	דערנאָך ביי ווערטהיימער אין בודאָפּעסט, וואו ער האָט 4 יאָר געשפּילט
P-5-facs_430_r	לערעסקאָ, סאַמועל [שמואל לערער]	entry	18	בערלין	settlement		director	stay	1913	1913	explicit	1913	1913	False	settlement	Q64	Berlin	52.516667	13.383333	[]	זומער 1913 האָט ל. געפירט אין בערלין אַ טרופּע
P-5-facs_430_r	לערעסקאָ, סאַמועל [שמואל לערער]	entry	19	אוקראינע	country		performer	stay	1917	1917	explicit	1917	1917	False	region	אוקראינע	Ukraine	49.0	32.0	[]	1917 — האָט ער געשפּילט אין אוקראינע
P-5-facs_430_r	לערעסקאָ, סאַמועל [שמואל לערער]	entry	20	פּוילן	country	חברים-טרופּעס	performer	tour			none	1917	1926	True	region	פוילן	Poland	52.23	21.01	[]	דערנאָך אַרומגעפֿאָרן מיט חברים-טרופּעס איבער פּוילן
P-5-facs_430_r	לערעסקאָ, סאַמועל [שמואל לערער]	entry	21	רומעניע	country	חברים-טרופּעס	performer	tour			none	1917	1926	True	region	רומעניע	Romania	45.94	24.97	[]	און רומעניע
P-5-facs_430_r	לערעסקאָ, סאַמועל [שמואל לערער]	entry	22	ווין	settlement		performer	stay	1926		explicit	1926	1926	False	settlement	Q1741	Vienna	48.208333	16.3725	[]	1926 — געקומען אין ווין, וואו ער איז פֿאַרבליבן שפּילן עטלעכע יאָר.
P-5-facs_430_r	לערעסקאָ, סאַמועל [שמואל לערער]	entry	23	טשערנאָוויץ	settlement			stay	1939		approximate	1939	1939	False	settlement	Q157725	Chernivtsi	48.290833	25.934444	[]	בעתן אויסבראָך פֿון דער צווייטער וועלט-מלחמה האָט ל. ... זיך געפונען אין טשערנאָוויץ
P-5-facs_430_r	לערעסקאָ, סאַמועל [שמואל לערער]	entry	24	טראַנסניסטריע	region			flight		1943	explicit	1943	1943	False	unresolved					"[{""event_type"": ""death"", ""play"": """", ""venue"": """", ""date"": ""1943"", ""description"": ""Died of typhus in the camp""}, {""event_type"": ""burial"", ""play"": """", ""venue"": ""וואַסער-קלאָזעט"", ""date"": """", ""description"": ""Buried in a water closet""}]"	דעפּאָרטירט קיין טראַנסניסטריע... אין אָנהייב 1943 איז ל. דערפֿון קראַנק געוואָרן אויף טיפוס און איז געשטאָרבן.
P-5-facs_556_tr_1739222579	אַדלער קאָטיאַ [גוראָלניק]	entry	1	ניקאָפּאָל, אוקראינע	settlement			born	1881-05-15		explicit	1881	1881	False	region_first_of_list	אוקראינע	Ukraine	49.0	32.0	[]	געבוירן 15 מיי (א. ס.) 1881 אין ניקאָפּאָל, אוקראינע
P-5-facs_556_tr_1739222579	אַדלער קאָטיאַ [גוראָלניק]	entry	2	ניקאָפּאָל	settlement	ליבהאָבער-גרופּעס	performer	stay			none	1881	1908	True	unresolved					"[{""event_type"": ""other"", ""play"": """", ""venue"": """", ""date"": """", ""description"": ""began participating in amateur groups""}]"	אָנגעהויבן מיטווירקן אין ליבהאָבער-גרופּעס
P-5-facs_556_tr_1739222579	אַדלער קאָטיאַ [גוראָלניק]	entry	3	רוסלאַנד	country	סאָבסייס טרופּע	performer	stay	1908		explicit	1908	1908	False	region	רוסלאנד	Russia	55.75	37.62	"[{""event_type"": ""debut"", ""play"": """", ""venue"": """", ""date"": ""1908"", ""description"": ""entered as a professional actress""}, {""event_type"": ""marriage"", ""play"": """", ""venue"": """", ""date"": """", ""description"": ""married Yeremyahu Adler""}]"	אין 1908 טרעט זי אַריין אַלס פּראָפעסיאנעלע אַקטעריסע אין סאָבסייס טרופּע
P-5-facs_556_tr_1739222579	אַדלער קאָטיאַ [גוראָלניק]	entry	4	רוסלאַנד	country	פֿאַכלערס מיניאַטור-טרופּע	performer	tour			none	1908	1926	True	region	רוסלאנד	Russia	55.75	37.62	[]	מאַכט זי מיט זיינע וואַנדערונגען איבער רוסלאַנד, אין פֿאַכלערס מיניאַטור-טרופּע
P-5-facs_556_tr_1739222579	אַדלער קאָטיאַ [גוראָלניק]	entry	5	קאָנסטאַנטינאָפּאָל	settlement		performer	tour			none	1908	1926	True	settlement	Q406	Istanbul	41.01	28.960278	[]	קאָנסטאַנטינאָפּאָל
P-5-facs_556_tr_1739222579	אַדלער קאָטיאַ [גוראָלניק]	entry	6	בולגאַריע	country		performer	tour			none	1908	1926	True	region	בולגאריע	Bulgaria	42.7	25.5	[]	בולגאַריע
P-5-facs_556_tr_1739222579	אַדלער קאָטיאַ [גוראָלניק]	entry	7	רומעניע	country		performer	tour			none	1908	1926	True	region	רומעניע	Romania	45.94	24.97	[]	רומעניע
P-5-facs_556_tr_1739222579	אַדלער קאָטיאַ [גוראָלניק]	entry	8	עסטרייך	country		performer	tour			none	1908	1926	True	region	עסטרייך	Austria	48.2	16.37	[]	עסטרייך
P-5-facs_556_tr_1739222579	אַדלער קאָטיאַ [גוראָלניק]	entry	9	דייטשלאַנד	country		performer	tour			none	1908	1926	True	region	דייטשלאנד	Germany	52.52	13.4	[]	דייטשלאַנד
P-5-facs_556_tr_1739222579	אַדלער קאָטיאַ [גוראָלניק]	entry	10	פאַריז	settlement		performer	settled	1926		explicit	1926	1926	False	settlement	Q90	Paris	48.856667	2.352222	"[{""event_type"": ""performance"", ""play"": """", ""venue"": """", ""date"": """", ""description"": ""plays from time to time""}]"	זינט 1926 אין פאַריז, וואו זי שפּילט פֿון צייט צו צייט
P-5-facs_556_tr_1739222579	אַדלער קאָטיאַ [גוראָלניק]	entry	11	פאַריז	settlement			death			none	1926	1926	True	settlement	Q90	Paris	48.856667	2.352222	"[{""event_type"": ""death"", ""play"": """", ""venue"": """", ""date"": """", ""description"": ""deported and killed by Nazis""}]"	ווען די נאַציס האָבן פֿאַרכאַפּט פאַריז, האָבן זיי זיי דעפּאָרטירט און אומגעבראַכט
P-5-facs_560_tr_1739220843	אַריעל, רחל	entry	1	לאָדזש, פּוילן	settlement			born	1891-10-07		explicit	1891	1891	False	settlement	Q580	Łódź	51.75	19.466667	[]	געבוירן 7 אָקטאָבער 1891 אין לאָדזש, פּוילן
P-5-facs_560_tr_1739220843	אַריעל, רחל	entry	2	וויטעבסק	settlement	גענפערס טרופּע	כאָריסטקע	stay			none	1891	1921	True	settlement	Q102217	Vitebsk	55.183333	30.166667	"[{""event_type"": ""performance"", ""play"": """", ""venue"": """", ""date"": """", ""description"": ""started playing small roles after a short time""}]"	נעמט זי מיט אַלס כאָריסטקע קיין וויטעבסק אין גענפערס טרופּע
P-5-facs_560_tr_1739220843	אַריעל, רחל	entry	3	ווילנע	settlement	סאָבסיין	אַקטיאָר	stay			none	1891	1921	True	settlement	Q216	Vilnius	54.687222	25.28	"[{""event_type"": ""performance"", ""play"": """", ""venue"": """", ""date"": """", ""description"": ""played larger roles""}]"	פֿון דאָרט פֿאָרט זיי קיין ווילנע צו סאָבסיין
P-5-facs_560_tr_1739220843	אַריעל, רחל	entry	4	קאָנסטאַנטינאָפּאָל	settlement			stay	1921		explicit	1921	1921	False	settlement	Q406	Istanbul	41.01	28.960278	[]	אין 1921 פֿאָרט זי קיין קאָנסטאַנטינאָפּאָל
P-5-facs_560_tr_1739220843	אַריעל, רחל	entry	5	רומעניע	country			stay			none	1921	1921	True	region	רומעניע	Romania	45.94	24.97	[]	פֿון דאָרט קיין רומעניע
P-5-facs_560_tr_1739220843	אַריעל, רחל	entry	6	לאָדזש	settlement	חברים-טרופּע	אַקטיאָר	return			none	1921	1921	True	settlement	Q580	Łódź	51.75	19.466667	"[{""event_type"": ""performance"", ""play"": """", ""venue"": """", ""date"": """", ""description"": ""played together with her husband Chaim-Dovid Ariel""}]"	צוריק קיין לאָדזש, וואו זי שפּילט אין דער דאָרטיקער חברים-טרופּע צוזאַמען מיט איר מאָן חיים-דוד אַריעל
P-5-facs_560_tr_1739220843	אַריעל, רחל	entry	7	פּוילן	country			death			none	1921	1921	True	region	פוילן	Poland	52.23	21.01	"[{""event_type"": ""death"", ""play"": """", ""venue"": """", ""date"": """", ""description"": ""murdered by the Nazis""}]"	איז א. אומגעבראַכט געוואָרן דורך די נאַציס
P-5-facs_568_tr_1739221639	מענדעלעוויטש, דוד	entry	1	קעלץ, פּוילן	settlement			born	1888		explicit	1888	1888	False	settlement	Q102317	Kielce	50.8725	20.631944	[]	געבוירן 1888 אין קעלץ, פּוילן.
P-5-facs_568_tr_1739221639	מענדעלעוויטש, דוד	entry	2	ראַדאָם	settlement	פּוילישער בינע	performer	stay			none	1888	1909	True	settlement	Q104740	Radom	51.416667	21.15	"[{""event_type"": ""debut"", ""play"": """", ""venue"": """", ""date"": """", ""description"": ""Debuted on the Polish stage but left soon due to antisemitism""}]"	דעביוטירט אין ראַדאָם אויף דער פּוילישער בינע
P-5-facs_568_tr_1739221639	מענדעלעוויטש, דוד	entry	3	טשענסטאָכאָוו	settlement	יידישע דראַמאַטישע סעקציע	director	settled	1909		explicit	1909	1909	False	settlement	Q103217	Częstochowa	50.80964	19.12217	"[{""event_type"": ""performance"", ""play"": ""אוריאל אַקאָסטאָ"", ""venue"": """", ""date"": """", ""description"": ""Directed and played the role of De Silva""}]"	1909 — זיך באַזעצט אין טשענסטאָכאָוו, און... אָרגאַניזירט אַ יידישע דראַמאַטישע סעקציע
P-5-facs_568_tr_1739221639	מענדעלעוויטש, דוד	entry	4	פּוילן	country	קאַמינסקי-טרופּע	performer	tour			none	1909	1915	True	region	פוילן	Poland	52.23	21.01	[]	אַריינגעטראָטן אַלס פּראָפעסיאנעלער יידישער אַקטיאָר אין דער גאַסטראָלירנדיקער קאַמינסקי-טרופּע, מיט וועלכער ער פֿאָרט אַרום איבער פּוילן.
P-5-facs_568_tr_1739221639	מענדעלעוויטש, דוד	entry	5	פּוילן	country	ליפּאָווסקי, גענפער	performer	stay		1915	explicit	1915	1915	False	region	פוילן	Poland	52.23	21.01	[]	איבערגעגאַנגען אין די טרופּעס פֿון ליפּאָווסקי, גענפער א. א., וואו ער שפּילט ביז 1915.
P-5-facs_568_tr_1739221639	מענדעלעוויטש, דוד	entry	6	כאַרקאָוו	settlement	קלאַראַ יאָנג	performer	stay	1915	1916	explicit	1915	1916	False	settlement	Q42308	Kharkiv	49.9925	36.231111	[]	1915-16 — געשפּילט מיט קלאַראַ יאָנג אין כאַרקאָוו
P-5-facs_568_tr_1739221639	מענדעלעוויטש, דוד	entry	7	קרים און אוקראַינע	region	אונטער זיין דירעקציע אַ טרופּע	director	tour			none	1915	1917	True	settlement_first_of_list	Q7835	Crimea	45.0	34.0	[]	אָרגאַניזירט אונטער זיין דירעקציע אַ טרופּע, מיט וועלכער ער כאָרט אַרום... איבער קרים און אוקראַינע.
P-5-facs_568_tr_1739221639	מענדעלעוויטש, דוד	entry	8	ראָטנפֿאַרבאַנד	country	קאָאָפּעראַטיווער טרופּע	performer	tour	1917	1920	explicit	1917	1920	False	region	ראטנפארבאנד	Soviet Union	55.75	37.62	[]	1917-20 — אַרומגעפֿאָרן מיט אַ קאָאָפּעראַטיווער טרופּע
P-5-facs_568_tr_1739221639	מענדעלעוויטש, דוד	entry	9	קאָנסטאַנטינאָפּאָל	settlement		performer	stay			none	1917	1922	True	settlement	Q406	Istanbul	41.01	28.960278	[]	געשפּילט יידיש טעאַטער אין קאָנסטאַנטינאָפּאָל
P-5-facs_568_tr_1739221639	מענדעלעוויטש, דוד	entry	10	איטאַליע	country		performer	stay			none	1917	1922	True	region	איטאליע	Italy	41.9	12.5	[]	איטאַליע
P-5-facs_568_tr_1739221639	מענדעלעוויטש, דוד	entry	11	ווין	settlement		performer	stay			none	1917	1922	True	settlement	Q1741	Vienna	48.208333	16.3725	[]	און ווין.
P-5-facs_568_tr_1739221639	מענדעלעוויטש, דוד	entry	12	פאַריז	settlement	נ. בלומענטאַל	performer	stay	1922	1925	explicit	1922	1925	False	settlement	Q90	Paris	48.856667	2.352222	[]	1922 — אָנגאַזשירט געוואָרן קיין פאַריז... וואו ער שפּילט ביז 1925
P-5-facs_568_tr_1739221639	מענדעלעוויטש, דוד	entry	13	לאָנדאָן	settlement	נ. בלומענטאַל	performer	stay	1922	1925	explicit	1922	1925	False	settlement	Q84	London	51.507222	-0.1275	[]	און לאָנדאָן (דיר. נ. בלומענטאַל), וואו ער שפּילט ביז 1925
P-5-facs_568_tr_1739221639	מענדעלעוויטש, דוד	entry	14	בעלגיע	country	יידישע טרופּעס	director	stay	1925	1927	approximate	1925	1927	False	region	בעלגיע	Belgium	50.85	4.35	[]	דערנאָך, ביז 1927, געווען דירעקטאָר פֿון יידישע טרופּעס אין בעלגיע.
P-5-facs_568_tr_1739221639	מענדעלעוויטש, דוד	entry	15	דרום אפריקע	country	יידישער טרופּע	performer	stay	1928		explicit	1928	1928	False	settlement	Q258	South Africa	-29.0	24.0	[]	1928 — אָנגאַזשירט געוואָרן מיט אַ יידישער טרופּע אין דרום אפריקע
P-5-facs_568_tr_1739221639	מענדעלעוויטש, דוד	entry	16	מערב-אייראָפּע	region		performer	return			none	1928	1942	True	region	מערב-אייראפע	Western Europe	48.85	2.35	[]	נאָכן צו ריקקומען אין מערב-אייראָפּע, דאָרט ווייטער געשפּילט יידיש טעאַטער.
P-5-facs_568_tr_1739221639	מענדעלעוויטש, דוד	entry	17	בריסל	settlement			stay	1942		explicit	1942	1942	False	settlement	Q239	Brussels	50.846667	4.351667	[]	געפֿאָרן אין 1942 פֿון בריסל
P-5-facs_568_tr_1739221639	מענדעלעוויטש, דוד	entry	18	אַנטווערפן	settlement			pass_through	1942		explicit	1942	1942	False	settlement	Q12892	Antwerp	51.2211111111111	4.39972222222222	"[{""event_type"": ""other"", ""play"": """", ""venue"": """", ""date"": ""1942"", ""description"": ""Arrested by Nazis at a station while traveling to Antwerp""}]"	קיין אַנטווערפן... אויף אַ געוויסער סטאַציע האָבן אים די נאַציס אַראָפּגענומען און אַרעסטירט
P-5-facs_568_tr_1739221639	מענדעלעוויטש, דוד	entry	19	אשוויענטשים	settlement			death			none	1942	1942	True	unresolved					"[{""event_type"": ""death"", ""play"": """", ""venue"": """", ""date"": """", ""description"": ""Deported and never returned""}]"	דעפּאָרטירט קיין אשוויענטשים פֿון וואַנען ער איז מער ניט צוריקגעקומען.
P-5-facs_64_tr_1733059339	זיידערמאַן, דוד	entry	1	לאָדזש, פּוילן	settlement		performer	born	1895-02-12		explicit	1895	1895	False	settlement	Q580	Łódź	51.75	19.466667	"[{""event_type"": ""other"", ""play"": """", ""venue"": """", ""date"": """", ""description"": ""received a traditional Jewish education and finished a 4-class school""}]"	געבוירן 12 פעברואר 1895 אין לאָדזש, פּוילן.
P-5-facs_64_tr_1733059339	זיידערמאַן, דוד	entry	2	לאָדזש	settlement		weaver	stay			none	1895	1917	True	settlement	Q580	Łódź	51.75	19.466667	"[{""event_type"": ""other"", ""play"": """", ""venue"": ""כאַפּושס אויף וואָלבארסקאַ גאָס 36"", ""date"": """", ""description"": ""worked as a weaver while dreaming of the theater""}, {""event_type"": ""performance"", ""play"": """", ""venue"": ""זאַנדבערגן אין טעאַטער"", ""date"": """", ""description"": ""attended theater every Sabbath afternoon as a child""}]"	נאָך זיצנדיק אויף דער וועבשטול אין כאַפּושס אויף וואָלבארסקאַ גאָס 36, אין לאָדזש
P-5-facs_64_tr_1733059339	זיידערמאַן, דוד	entry	3	סביבה פֿון לאָדזש	region	פֿאַרשיידענע 'ליבהאָבער'גרופּעס	performer	tour			none	1895	1917	True	unresolved					"[{""event_type"": ""other"", ""play"": """", ""venue"": """", ""date"": """", ""description"": ""left home to travel with amateur groups""}]"	לאָזט זיך אַרויס מיט פֿאַרשיידענע 'ליבהאָבער'גרופּעס איבער דער סביבה פֿון לאָדזש
P-5-facs_64_tr_1733059339	זיידערמאַן, דוד	entry	4	לאָדזש	settlement	לאָדזשער 'סקאָלאַ'-טעאָטער	performer	stay	1917		explicit	1917	1917	False	settlement	Q580	Łódź	51.75	19.466667	"[{""event_type"": ""marriage"", ""play"": """", ""venue"": """", ""date"": """", ""description"": ""married Chana Lerner, a chorus member in the troupe""}]"	ד. ווערט אין 1917 אַנגאַזשירט אין לאָדזשער 'סקאָלאַ'-טעאָטער
P-5-facs_64_tr_1733059339	זיידערמאַן, דוד	entry	5	פּוילישער פּראָווינץ	region	קאדיש-כאַש טרופּע	performer	tour			none	1917	1920	True	unresolved					"[{""event_type"": ""performance"", ""play"": ""באַיאַדעראַ"", ""venue"": """", ""date"": """", ""description"": ""performed in European operettas""}]"	פֿאַרבינדן זיך מיט דער קאדיש-כאַש טרופּע און פֿאָרן מיט איר אַרום איבער דער פּוילישער פּראָווינץ.
P-5-facs_64_tr_1733059339	זיידערמאַן, דוד	entry	6	קאָוונער ליטע	region		performer	tour	1920		explicit	1920	1920	False	unresolved					[]	1920 — מאַכט ז. אַ טורניי איבער קאָוונער ליטע
P-5-facs_64_tr_1733059339	זיידערמאַן, דוד	entry	7	לאָנדאָן	settlement	יאָזעף קעסלער	performer	visit	1922		explicit	1922	1922	False	settlement	Q84	London	51.507222	-0.1275	[]	1922 — גאַסטראָלירט ער ביי יאָזעף קעסלער אין לאָנדאָן
P-5-facs_64_tr_1733059339	זיידערמאַן, דוד	entry	8	בערלין	settlement		performer	visit			none	1922	1926	True	settlement	Q64	Berlin	52.516667	13.383333	[]	שפּעטער אין בערלין.
P-5-facs_64_tr_1733059339	זיידערמאַן, דוד	entry	9	וואַרשע	settlement	וואַרשעווער קאַמינסקי טעאַטער	performer	stay	1926		explicit	1926	1926	False	settlement	Q270	Warsaw	52.23	21.011111	"[{""event_type"": ""performance"", ""play"": ""מאָדערנע דאַמען"", ""venue"": ""קאָמינסקי-טעאַטער"", ""date"": """", ""description"": ""huge success in the operetta Modern Ladies""}, {""event_type"": ""performance"", ""play"": ""בר כוכבאַ"", ""venue"": ""וואַרשעווער צירק--בנין"", ""date"": """", ""description"": ""performed in the circus building""}]"	1926 שפּילט ער אין וואַרשעווער קאַמינסקי טעאַטער
P-5-facs_64_tr_1733059339	זיידערמאַן, דוד	entry	10	פּוילן	country	אָפּערעטן-טרופּע	director	tour		1928	explicit	1928	1928	False	region	פוילן	Poland	52.23	21.01	[]	ביז 1928 האָט ז. אָנגעפֿירט מיט אַן אָפּערעטן-טרופּע איבער פּוילן.
P-5-facs_64_tr_1733059339	זיידערמאַן, דוד	entry	11	ריגע	settlement	ריגער קאָמעדיע און אָפּערעטן-טעאַטער	performer	stay	1928		explicit	1928	1928	False	settlement	Q1773	Riga	56.9475	24.106944	[]	אין 1928 האָט ער געשפּילט אין ריגער קאָמעדיע און אָפּערעטן-טעאַטער
P-5-facs_64_tr_1733059339	זיידערמאַן, דוד	entry	12	ליטע, לעטלאַנד, פֿראַנקרייך, ענגלאַנד, בעלגיע, טשעכאָסלאָוואַקיי, רומעניע, עסטרייך, דייטשלאַנד, דרום אַמעריקע און אפריקע	region		performer	tour			none	1928	1939	True	settlement	Q37	Lithuania	55.2	24.0	[]	דערנאָך גאַסטראָלירט אין ליטע, לעטלאַנד, פֿראַנקרייך, ענגלאַנד, בעלגיע, טשעכאָסלאָוואַקיי, רומעניע, עסטרייך, דייטשלאַנד, דרום אַמעריקע און אפריקע
P-5-facs_64_tr_1733059339	זיידערמאַן, דוד	entry	13	וואַרשע	settlement		performer	stay	1939		approximate	1939	1939	False	settlement	Q270	Warsaw	52.23	21.011111	"[{""event_type"": ""other"", ""play"": """", ""venue"": """", ""date"": """", ""description"": ""tried to flee to Russia but failed and returned to Warsaw""}, {""event_type"": ""performance"", ""play"": ""די רומענישע חתונה"", ""venue"": ""עלדאָראַדאָ-טעאַטער"", ""date"": """", ""description"": ""performed in the ghetto""}, {""event_type"": ""other"", ""play"": ""מיין יידישע מאַמע"", ""venue"": """", ""date"": """", ""description"": ""forced to sing for a Nazi propaganda film""}, {""event_type"": ""business"", ""play"": """", ""venue"": ""חיים סאַנדלערס שאַפּ"", ""date"": """", ""description"": ""worked in a shop to get life-cards during the actions""}]"	ווען דער [צווייטער וועלט-] קריג איז אויסגעבראָכן... זיך געפונען אין וואַרשע
P-5-facs_64_tr_1733059339	זיידערמאַן, דוד	entry	14	פּאָניאַטאָוו	settlement	טעבענסעס שאַפּ	performer	stay			none	1939	1943	True	unresolved					"[{""event_type"": ""performance"", ""play"": """", ""venue"": """", ""date"": """", ""description"": ""performed concerts in the camp""}]"	אַוועקגעשיקט קיין פּאָניאַטאָוו, הינטער לובלין, אין לאַגער אַריין
P-5-facs_64_tr_1733059339	זיידערמאַן, דוד	entry	15	מאידאַנעק	settlement			death	1943-11-03	1943-11-03	explicit	1943	1943	False	unresolved					"[{""event_type"": ""death"", ""play"": """", ""venue"": ""מאידאַנקער פעלדער"", ""date"": ""1943-11-03"", ""description"": ""shot by the Germans along with 18,000 other Jews""}]"	זיי אַוועקגעשיקט גלייך קיין מאידאַנעק. דאָס איז געווען דעם 3-טן נאוועמבער 1943
P-5-facs_70_tr_1733059368	יאַקובאָוויטש, יעקב	entry	1	לאָדזש, פּוילן	settlement			born	1896-02-22		explicit	1896	1896	False	settlement	Q580	Łódź	51.75	19.466667	[]	געבוירן 22 פעברואַר 1896 אין לאָדזש, פּוילן
P-5-facs_70_tr_1733059368	יאַקובאָוויטש, יעקב	entry	2	לאָדזש	settlement	י. מייזעל	געהילף-מייסטער	stay			none	1896	1916	True	settlement	Q580	Łódź	51.75	19.466667	"[{""event_type"": ""business"", ""play"": """", ""venue"": """", ""date"": """", ""description"": ""worked as an assistant master weaver""}]"	געוואָרן געהילף-מייסטער ביי דער פֿירמע י. מייזעל אין לאָדזש
P-5-facs_70_tr_1733059368	יאַקובאָוויטש, יעקב	entry	3	לאָדזש	settlement	לאָדזשער גרויסעס טעאַטער	performer	stay	1916		explicit	1916	1916	False	settlement	Q580	Łódź	51.75	19.466667	"[{""event_type"": ""debut"", ""play"": ""די אַמעריקאַנערין"", ""venue"": ""לאָדזשער גרויסעס טעאַטער"", ""date"": ""1916"", ""description"": ""professional debut as Sam Lehrer""}]"	אין 1916 אָנגעהויבן שפּילן פּראָפעסיאנעל אין לאָדזשער גרויסעס טעאַטער
P-5-facs_70_tr_1733059368	יאַקובאָוויטש, יעקב	entry	4	פּראָווינץ	region		performer	tour			none	1916	1918	True	unresolved					[]	געפֿאָרן איבער דער פּראָווינץ
P-5-facs_70_tr_1733059368	יאַקובאָוויטש, יעקב	entry	5	וואַרשע	settlement		performer	stay			none	1916	1918	True	settlement	Q270	Warsaw	52.23	21.011111	[]	שפּעטער אין וואַרשע
P-5-facs_70_tr_1733059368	יאַקובאָוויטש, יעקב	entry	6	פּוילישער פּראָווינץ	region		performer	tour			none	1916	1918	True	unresolved					"[{""event_type"": ""performance"", ""play"": ""ישיבה בחור"", ""venue"": """", ""date"": """", ""description"": ""played lead roles""}]"	אַרומגעוואַנדערט איבער דער פּוילישער פּראָווינץ וואו ער שפּילט הויפּט-ראָלן
P-5-facs_70_tr_1733059368	יאַקובאָוויטש, יעקב	entry	7	וואַרשע	settlement	"טעאַטער „ווענוס"""	performer	stay	1918		explicit	1918	1918	False	settlement	Q270	Warsaw	52.23	21.011111	[]	"אין 1918 אין וואַרשע אין טעאַטער „ווענוס"" מיט זיין ברודער און שוועגערין"
P-5-facs_70_tr_1733059368	יאַקובאָוויטש, יעקב	entry	8	אוקראינע	country			emigration	1919		explicit	1919	1919	False	region	אוקראינע	Ukraine	49.0	32.0	[]	1919 — אַריבער קיין אוקראינע
P-5-facs_70_tr_1733059368	יאַקובאָוויטש, יעקב	entry	9	זלאַטאָפּאָל	settlement		performer	stay	1919	1919-05	explicit	1919	1919	False	settlement	Q889579	Zlatopil	49.386944	36.214167	"[{""event_type"": ""conflict"", ""play"": """", ""venue"": """", ""date"": ""1919-05-02"", ""description"": ""survived a pogrom and hid in cellars""}]"	געשפּילט מיט אַ טרופּע אין זלאַטאָפּאָל... דעם 2 מיי 1919 האָבן די פּעטרולאָווצעס דאָרט געמאַכט אַ פּאָגראָם
P-5-facs_70_tr_1733059368	יאַקובאָוויטש, יעקב	entry	10	אָדעס	settlement	ראַפּעלס טרופּע	performer	stay	1919	1919	approximate	1919	1919	False	settlement	Q1874	Odesa	46.47747	30.73262	[]	אָפּגעשיקט די טרופּע קיין אָדעס, וואו י. הייבט אָן שפּילן אין ראַפּעלס טרופּע
P-5-facs_70_tr_1733059368	יאַקובאָוויטש, יעקב	entry	11	סעוואַסטאָפּאָל	settlement		performer	stay	1919		approximate	1919	1919	False	settlement	Q7525	Sevastopol	44.605	33.5225	[]	ענדע זומער 1913 [sic, 1919]... פֿאָרט די טרופּע אַוועק קיין סעוואַסטאָפּאָל
P-5-facs_70_tr_1733059368	יאַקובאָוויטש, יעקב	entry	12	פֿעאָדאָסיאָ	settlement		performer	stay	1920		approximate	1920	1920	False	unresolved					"[{""event_type"": ""conflict"", ""play"": """", ""venue"": """", ""date"": """", ""description"": ""arrested as a deserter and sentenced to hang""}]"	אַ יאָר שפּעטער שפּילט די טרופּע אין פֿעאָדאָסיאָ... דאָ ווערט ל. אַרעסטירט
P-5-facs_70_tr_1733059368	יאַקובאָוויטש, יעקב	entry	13	קאָנסטאַנטינאָפּאָל	settlement	טרופּע פֿון ירמיהו אַדלער און מישאַ שיין	performer	flight		1921-07	explicit	1921	1921	False	settlement	Q406	Istanbul	41.01	28.960278	[]	געלינגט אים צו אַנטלויפֿן מיט אַ שייף קיין קאָנסטאַנטינאָפּאָל
P-5-facs_70_tr_1733059368	יאַקובאָוויטש, יעקב	entry	14	בוקאַרעסט	settlement	איציקל גאָלדענבורג-קאַנאַפּאָוו-סעגאָל	performer	stay	1921-07		explicit	1921	1921	False	settlement	Q19660	Bucharest	44.413361	26.097778	[]	קומט י. אָן אין יולי 1921 אין רומעניע, וואו ער שפּילט ביי איציקל גאָלדענבורג-קאַנאַפּאָוו-סעגאָל אין בוקאַרעסט
P-5-facs_70_tr_1733059368	יאַקובאָוויטש, יעקב	entry	15	יאָסי	settlement		performer	stay	1922		explicit	1922	1922	False	settlement	Q46852	Iași	47.162222	27.588889	[]	אין 1922 מיט מאלי פיקאָן אין יאָסי
P-5-facs_70_tr_1733059368	יאַקובאָוויטש, יעקב	entry	16	בעסאַראַביע	region		performer	tour	1923		explicit	1923	1923	False	settlement	Q174994	Bessarabia	46.833333333333	29.0	"[{""event_type"": ""performance"", ""play"": ""דער דאָרפס יונג"", ""venue"": """", ""date"": """", ""description"": ""partnered with M. Schein""}]"	1923 — ווערט ער אַ שותף מיט מ. שיין אין אַ טורניי איבער בעסאַראַביע
P-5-facs_70_tr_1733059368	יאַקובאָוויטש, יעקב	entry	17	רומעניע	country		performer	tour	1924		explicit	1924	1924	False	region	רומעניע	Romania	45.94	24.97	[]	1924... שפּילט מיט איר, אַלס פּאַרטנער, אין אַ טורניי איבער רומעניע
P-5-facs_70_tr_1733059368	יאַקובאָוויטש, יעקב	entry	18	בוקאָווינע	region		performer	tour	1925		explicit	1925	1925	False	region	בוקאווינע	Bukovina	47.9	25.9	[]	1925, אַלס פּאָרטנער מיט דינה קעניג אין דער אָפּערעטע, איבער בוקאָווינע
P-5-facs_70_tr_1733059368	יאַקובאָוויטש, יעקב	entry	19	בעסאַראַביע	region		performer	tour	1926		explicit	1926	1926	False	settlement	Q174994	Bessarabia	46.833333333333	29.0	[]	1926 מיט לילינאַ אין דער אָפּערעטע אין בעסאַראַביע
P-5-facs_70_tr_1733059368	יאַקובאָוויטש, יעקב	entry	20	טשערנאָוויץ	settlement		performer	stay	1927		explicit	1927	1927	False	settlement	Q157725	Chernivtsi	48.290833	25.934444	[]	1927 מיט איריסן אין טשערנאָוויץ
P-5-facs_70_tr_1733059368	יאַקובאָוויטש, יעקב	entry	21	יאָסי	settlement		performer	stay	1928		explicit	1928	1928	False	settlement	Q46852	Iași	47.162222	27.588889	[]	1928 — שותף מיט אַדאלף טענער אין יאָסי
P-5-facs_70_tr_1733059368	יאַקובאָוויטש, יעקב	entry	22	יאָסי	settlement		performer	stay	1929		explicit	1929	1929	False	settlement	Q46852	Iași	47.162222	27.588889	[]	1929 — מיט זיין ברודער און שוועגערין... אין יאָסי
P-5-facs_70_tr_1733059368	יאַקובאָוויטש, יעקב	entry	23	טראַנסילוואַניע	region		performer	tour	1929		approximate	1929	1929	False	unresolved					[]	דערנאָך אויף אַ טורניי איבער טראַנסילוואַניע
P-5-facs_70_tr_1733059368	יאַקובאָוויטש, יעקב	entry	24	טשערנאָוויץ	settlement		performer	stay	1930		explicit	1930	1930	False	settlement	Q157725	Chernivtsi	48.290833	25.934444	"[{""event_type"": ""marriage"", ""play"": """", ""venue"": """", ""date"": ""1930"", ""description"": ""married Jenny Seltzer""}]"	1930... אין טשערנאָוויץ, וואו ער האָט חתונה מיט זשעני זעלצער
P-5-facs_70_tr_1733059368	יאַקובאָוויטש, יעקב	entry	25	בעסאַראַביע	region		performer	tour	1930		approximate	1930	1930	False	settlement	Q174994	Bessarabia	46.833333333333	29.0	[]	פֿאָרט מיט איר אויף אַ טורניי איבער בעסאַראַביע און די רומענישע פּראָווינץ
P-5-facs_70_tr_1733059368	יאַקובאָוויטש, יעקב	entry	26	בוקאַרעסט	settlement	ווילנער טרופּע	performer	stay	1931		explicit	1931	1931	False	settlement	Q19660	Bucharest	44.413361	26.097778	[]	1931, מיט יוסף בולאוו צוזאַמען מיט דער 'ווילנער טרופּע' אין בוקאַרעסט
P-5-facs_70_tr_1733059368	יאַקובאָוויטש, יעקב	entry	27	בוקאַרעסט	settlement		performer	stay	1932		explicit	1932	1932	False	settlement	Q19660	Bucharest	44.413361	26.097778	"[{""event_type"": ""season"", ""play"": """", ""venue"": """", ""date"": ""1932"", ""description"": ""season with Ludwig Satz""}]"	1932, אַ סעזאָן מיט לודווייג זאַץ... אין בוקאַרעסט
P-5-facs_70_tr_1733059368	יאַקובאָוויטש, יעקב	entry	28	קעשענעוו	settlement		performer	visit	1933		explicit	1933	1933	False	settlement	Q21197	Chișinău	47.022778	28.835278	[]	1933 — גאַסטראָלירט י. אין קעשענעוו
P-5-facs_70_tr_1733059368	יאַקובאָוויטש, יעקב	entry	29	טשערנאָוויץ	settlement		רעזשיסער	stay	1934		explicit	1934	1934	False	settlement	Q157725	Chernivtsi	48.290833	25.934444	[]	1934 שפּילט י. ביים דיר. רייש אין טשערנאָוויץ אַלס פּרעמיער און רעזשיסער
P-5-facs_70_tr_1733059368	יאַקובאָוויטש, יעקב	entry	30	לאָדזשער געטאָ	unknown			death			none	1934	1943	True	settlement	Q327895	Łódź Ghetto	51.801389	19.441389	[]	י. געווען אין דער לאָדזשער געטאָ און דאָרט אומגעקומען
P-5-facs_70_tr_1733059368	יאַקובאָוויטש, יעקב	entry	31	טאָשקענט	settlement			death	1943	1943	approximate	1943	1943	False	settlement	Q269	Tashkent	41.311111	69.279722	[]	לויט אַנדערע יידיעות איז ער גאָר געשטאָרבן אין 1943 אין טאָשקענט
P-6-facs_103_tr_1747825052	ראָזענבלום אַדאָלף [אהרן]	entry	1	יאָסי, רומעניע	settlement			born	1850		approximate	1850	1850	False	settlement	Q46852	Iași	47.162222	27.588889	[]	געבוירן בערך 1850 אין יאָסי, רומעניע
P-6-facs_103_tr_1747825052	ראָזענבלום אַדאָלף [אהרן]	entry	2	בוקאַרעשט	settlement	זשיגניצאַ	דירעקטאָר	stay			none	1850	1892	True	settlement	Q19660	Bucharest	44.413361	26.097778	"[{""event_type"": ""performance"", ""play"": ""שולמית"", ""venue"": ""זשיגניצאַ"", ""date"": """", ""description"": ""played the role of Avshalom""}, {""event_type"": ""performance"", ""play"": ""אחשורוש"", ""venue"": ""זשיגניצאַ"", ""date"": """", ""description"": ""played the role of Mordechai""}]"	"געוואָרן, מיט סעגאַלעסקאָן, דירעקטאָר פֿון „זשיגניצאַ"" אין בוקאַרעשט. גלייכצעטיק אויך געשפּילט"
P-6-facs_103_tr_1747825052	ראָזענבלום אַדאָלף [אהרן]	entry	3	יאָסי	settlement		דירעקטאָר	stay	1892		explicit	1892	1892	False	settlement	Q46852	Iași	47.162222	27.588889	"[{""event_type"": ""premiere"", ""play"": ""אַחשורוש"", ""venue"": ""צירק סידאלי"", ""date"": """", ""description"": ""staged Ahasuerus for the first time""}]"	"אין 1892 געוואָרן זעלבסטשטענדיקער דירעקטאָר פֿון דעמאָלטיקן גרעסטן טעאַטער-בנין אין יאָסי, צירק ""סידאלי"""
P-6-facs_103_tr_1747825052	ראָזענבלום אַדאָלף [אהרן]	entry	4	קאָנסטאַנטינאָפּאָל	settlement		performer	stay			none	1892	1919	True	settlement	Q406	Istanbul	41.01	28.960278	"[{""event_type"": ""season"", ""play"": """", ""venue"": """", ""date"": """", ""description"": ""played Yiddish theater for a year""}]"	דערנאָך געשפּילט יידיש טעאַטער אַ יאָר אין קאָנסטאַנטינאָפּאָל
P-6-facs_103_tr_1747825052	ראָזענבלום אַדאָלף [אהרן]	entry	5	עגיפּטן	country		director	tour			none	1892	1919	True	region	עגיפטן	Egypt	30.05	31.23	"[{""event_type"": ""season"", ""play"": """", ""venue"": """", ""date"": """", ""description"": ""played for a year in Alexandria and Cairo""}]"	פֿירט איבער די טרופּע קיין עגיפּטן (אַלעקסאַנדריע און קאַיראָ), ווי ער שפּילט אַ יאָר צייט
P-6-facs_103_tr_1747825052	ראָזענבלום אַדאָלף [אהרן]	entry	6	בוקאַרעשט	settlement		performer	return			none	1892	1919	True	settlement	Q19660	Bucharest	44.413361	26.097778	[]	קערט זיך צוריק קיין בוקאַרעשט, ווו ער שפּילט אייניקע וואָכן
P-6-facs_103_tr_1747825052	ראָזענבלום אַדאָלף [אהרן]	entry	7	קאָנסטאַנצאָ	settlement		director	tour			none	1892	1919	True	unresolved					[]	זיי שפּילן דערויף אין קאָנסטאַנצאָ
P-6-facs_103_tr_1747825052	ראָזענבלום אַדאָלף [אהרן]	entry	8	קאָנסטאַנטינאָפּאָל	settlement		director	tour			none	1892	1919	True	settlement	Q406	Istanbul	41.01	28.960278	[]	פֿון דאָרט צוריק אין קאָנסטאַנטינאָפּאָל
P-6-facs_103_tr_1747825052	ראָזענבלום אַדאָלף [אהרן]	entry	9	קאַיראָ	settlement		director	stay			none	1892	1919	True	unresolved					"[{""event_type"": ""season"", ""play"": """", ""venue"": """", ""date"": """", ""description"": ""remained with a troupe for a year""}]"	ווידער אַלעקסאַנדרייע און קאַיראָ און ר. פֿאַרבלייבט מיט אַ טרופּע אַ יאָר שפּילן אין קאַיראָ
P-6-facs_103_tr_1747825052	ראָזענבלום אַדאָלף [אהרן]	entry	10	שיקאַגאָ	settlement	גליקמאַן	קאָמיקער	emigration			none	1892	1919	True	settlement	Q1297	Chicago	41.881944	-87.627778	"[{""event_type"": ""performance"", ""play"": ""די גאָלדענע מדינה"", ""venue"": """", ""date"": """", ""description"": ""performed as a comedian""}]"	געבראַכט מיט זיין פרוי דורך זילבערט קיין אַמעריקע, טרעט ר. אויף אין שיקאַגאָ ביי גליקמאַן
P-6-facs_103_tr_1747825052	ראָזענבלום אַדאָלף [אהרן]	entry	11	באָסטאָן	settlement		performer	stay			none	1892	1919	True	settlement	Q100	Boston	42.360278	-71.057778	"[{""event_type"": ""business"", ""play"": """", ""venue"": ""קאָלאָמביאַ-טעאַטער"", ""date"": """", ""description"": ""took over the Columbia Theatre after a conflict""}]"	"פֿאָרט ער שפּילן מיט זיין פֿאַמיליע קיין באָסטאָן אין „האָופּ""-טעאַטער... נעמט דאָרט איבער דאָס „קאָלאָמביאַ""-טעאַטער"
P-6-facs_103_tr_1747825052	ראָזענבלום אַדאָלף [אהרן]	entry	12	אַמעריקע	country		performer	stay			none	1892	1919	True	settlement	Q30	United States	39.828175	-98.5795	"[{""event_type"": ""founding"", ""play"": """", ""venue"": """", ""date"": """", ""description"": ""co-founder of Actors Union Local 2""}]"	פֿאַרבלייבט שוין שפּילן נאָך 10 יאָר אויף דער יידישער בינע אין אַמעריקע. ר. איז געווען אַ מיטגרינדער פֿון דער אַקטיאָרן יוניאָן
P-6-facs_103_tr_1747825052	ראָזענבלום אַדאָלף [אהרן]	entry	13	ניו-יאָרק	settlement			death	1919-04-30	1919-04-30	explicit	1919	1919	False	settlement	Q60	New York City	40.712778	-74.006111	"[{""event_type"": ""death"", ""play"": """", ""venue"": """", ""date"": ""1919-04-30"", ""description"": ""died in New York""}]"	דעם 30 אַפּריל 1919 געשטאָרבן אין ניו-יאָרק
P-6-facs_108_r_4	אַבראַמאָוו, באָריס [פּיינלאַנד]	entry	1	אַקערמאַן, בעסאַראַביע	settlement			born			none	1919	1919	True	settlement_first_of_list	Q174994	Bessarabia	46.833333333333	29.0	[]	געבוירן אין אַקערמאַן, בעסאַראַביע
P-6-facs_108_r_4	אַבראַמאָוו, באָריס [פּיינלאַנד]	entry	2	אָדעס	settlement	טרופּע פֿון סאַבסיי	performer	stay	1919		explicit	1919	1919	False	settlement	Q1874	Odesa	46.47747	30.73262	"[{""event_type"": ""other"", ""play"": """", ""venue"": """", ""date"": ""1919"", ""description"": ""Joined the Sabsey troupe and changed his name to Abramov""}]"	אין 1919 איז א. אַוועק קיין אָדעס און אַרענגעטראָטן אין דער טרופּע פֿון סאַבסיי
P-6-facs_108_r_4	אַבראַמאָוו, באָריס [פּיינלאַנד]	entry	3	רוסלאַנד, פּוילן, גאָליציע און רומעניע	region	טרופּע פֿון סאַבסיי	performer	tour			none	1919	1964	True	region	רוסלאנד	Russia	55.75	37.62	[]	איז מיט דער טרופּע אַרומגעפֿאָרן איבער רוסלאַנד, פּוילן, גאָליציע און רומעניע
P-6-facs_108_r_4	אַבראַמאָוו, באָריס [פּיינלאַנד]	entry	4	לאדזש	settlement	„סקאַלאַ“-טעאַטער (אַדלער-סיעראָצקי)	performer	stay			none	1919	1964	True	settlement	Q580	Łódź	51.75	19.466667	[]	לסוף אין לאדזשער „סקאַלאַ“-טעאַטער (אַדלער-סיעראָצקי)
P-6-facs_108_r_4	אַבראַמאָוו, באָריס [פּיינלאַנד]	entry	5	סיביר	region		performer	tour			none	1919	1964	True	settlement	Q5428	Siberia (Russia)	60.0	105.0	[]	באַלד נאָך דער ערשטער וועלט-מלחמה פֿאָרט א. אָפּ מיט אַ טרופּע קיין סיביר
P-6-facs_108_r_4	אַבראַמאָוו, באָריס [פּיינלאַנד]	entry	6	אָדעס	settlement	זשיטאָמירסקיס טרופּע	performer	return			none	1919	1964	True	settlement	Q1874	Odesa	46.47747	30.73262	[]	גייט ער איבער אין זשיטאָמירסקיס טרופּע, פֿאָרט צוריק קיין אָדעס
P-6-facs_108_r_4	אַבראַמאָוו, באָריס [פּיינלאַנד]	entry	7	קיעוו	settlement	גרויסער יידישער אַרטיסטן-פֿאַריין	performer	stay			none	1919	1964	True	settlement	Q1899	Kyiv	50.45	30.523611	"[{""event_type"": ""marriage"", ""play"": """", ""venue"": """", ""date"": """", ""description"": ""Married Miriam Einhorn""}]"	דערנאָך קיין קיעוו... דאָ באַקענט ער זיך און האָט חתונה מיט מרים איינהאָרן
P-6-facs_108_r_4	אַבראַמאָוו, באָריס [פּיינלאַנד]	entry	8	קרעמענטשוג	settlement	טרופּע פֿון סאַמבערג	געהילף-רעזשיסער	stay			none	1919	1964	True	settlement	Q156724	Kremenchuk	49.063056	33.403889	[]	ווערט א. געהילף-רעזשיסער אין דער טרופּע א'אַ פֿון סאַמבערג אין קרעמענטשוג
P-6-facs_108_r_4	אַבראַמאָוו, באָריס [פּיינלאַנד]	entry	9	פּאָלטאָוואַ	settlement	האַרלאַמפּ-קאַניעווסקיס טרופּע	performer	stay			none	1919	1964	True	settlement	Q156747	Poltava	49.5894444444444	34.5513888888889	[]	פֿון דאָרט גייט ער איבער אין האַרלאַמפּ-קאַניעווסקיס טרופּע אין פּאָלטאָוואַ
P-6-facs_108_r_4	אַבראַמאָוו, באָריס [פּיינלאַנד]	entry	10	מינסק	settlement		performer	stay			none	1919	1964	True	settlement	Q2280	Minsk	53.902246	27.561837	[]	פֿאָרט א. קיין מינסק
P-6-facs_108_r_4	אַבראַמאָוו, באָריס [פּיינלאַנד]	entry	11	ווילנע	settlement		performer	stay			none	1919	1964	True	settlement	Q216	Vilnius	54.687222	25.28	[]	ווילנע
P-6-facs_108_r_4	אַבראַמאָוו, באָריס [פּיינלאַנד]	entry	12	אָדעס	settlement	טרופּע פֿון ראַפּעל	performer	stay			none	1919	1964	True	settlement	Q1874	Odesa	46.47747	30.73262	[]	אָדעס (די טרופּע פֿון ראַפּעל מיט דער גאַסטראָלירנדיקער קלאַראַ יאָנג)
P-6-facs_108_r_4	אַבראַמאָוו, באָריס [פּיינלאַנד]	entry	13	קרים	region		performer	stay			none	1919	1964	True	settlement	Q7835	Crimea	45.0	34.0	[]	א. פֿאָרט אָפּ מיט אַ טרופּע קיין קרים
P-6-facs_108_r_4	אַבראַמאָוו, באָריס [פּיינלאַנד]	entry	14	קאָנסטאַנטינאָפּאָל	settlement		צעטונגס-פֿאַרקויפער	stay			none	1919	1964	True	settlement	Q406	Istanbul	41.01	28.960278	[]	א. מוז אַוועק קיין קאָנסטאַנטינאָפּאָל... ווערט ער אַ צעטונגס-פֿאַרקויפער
P-6-facs_108_r_4	אַבראַמאָוו, באָריס [פּיינלאַנד]	entry	15	בולגאַריע	country		performer	tour			none	1919	1964	True	region	בולגאריע	Bulgaria	42.7	25.5	[]	פֿון דאָרט וואַנדערט ער קיין בולגאַריע
P-6-facs_108_r_4	אַבראַמאָוו, באָריס [פּיינלאַנד]	entry	16	רומעניע	country	דיר. גאָלדענבורג	performer	stay			none	1919	1964	True	region	רומעניע	Romania	45.94	24.97	[]	דערנאָך קיין רומעניע (דיר. גאָלדענבורג)
P-6-facs_108_r_4	אַבראַמאָוו, באָריס [פּיינלאַנד]	entry	17	פֿראַנקפורט ביים מיין	settlement			settled			none	1919	1964	True	unresolved					[]	ווי ער באַזעצט זיך אין פֿראַנקפורט ביים מיין
P-6-facs_108_r_4	אַבראַמאָוו, באָריס [פּיינלאַנד]	entry	18	בריסל	settlement		manager	settled			none	1919	1964	True	settlement	Q239	Brussels	50.846667	4.351667	"[{""event_type"": ""business"", ""play"": """", ""venue"": """", ""date"": ""1928"", ""description"": ""Brought the Moscow State Yiddish Theater to Belgium""}]"	באזעצט זיך אין בריסל... אין 1928 ברענגט א. קיין בעלגיע דאָס „מאָסקווער יידישע מלוכה טעאַטער“
P-6-facs_108_r_4	אַבראַמאָוו, באָריס [פּיינלאַנד]	entry	19	דרום-אפריקע	country	יידישע טרופּע פֿון בעלגיע	performer	tour			none	1919	1964	True	settlement	Q258	South Africa	-29.0	24.0	"[{""event_type"": ""performance"", ""play"": ""בר מצווה"", ""venue"": """", ""date"": """", ""description"": ""90 sold-out performances of Bar Mitzvah""}]"	"קיין דרום-אפריקע, און אַ דאַנק די 90 פאַרשטעלונגען פֿון ""בר מצווה"""
P-6-facs_108_r_4	אַבראַמאָוו, באָריס [פּיינלאַנד]	entry	20	יאָהאָנעסבורג	settlement	ברקאי	גענעראַלדירעקטאָר	settled			none	1919	1964	True	settlement	Q34647	Johannesburg	-26.204361	28.041639	[]	"באָזעצט זיך לסוף אין יאָהאָנעסבורג... א. ווערט גענעראַלדירעקטאָר פֿון דעם העברעיש ענגלישן זשורנאָל ""ברקאי"""
P-6-facs_108_r_4	אַבראַמאָוו, באָריס [פּיינלאַנד]	entry	21	אַמעריקע	country		visitor	visit	1964	1967	explicit	1964	1967	False	settlement	Q30	United States	39.828175	-98.5795	[]	אין 1964 און 1967 האָט א. צוזאַמען מיט זיין פרוי, באַזוכט אַמעריקע
P-6-facs_108_r_4	אַבראַמאָוו, באָריס [פּיינלאַנד]	entry	22	ניו-יאָרק	settlement			death	1967-10-25	1967-10-25	explicit	1967	1967	False	settlement	Q60	New York City	40.712778	-74.006111	"[{""event_type"": ""death"", ""play"": """", ""venue"": """", ""date"": ""1967-10-25"", ""description"": ""Died suddenly while visiting New York""}]"	דעם 25 אַקטאָבער 1967, געפֿינענדיק זיך אויף אַ באַזוך אין ניו-יאָרק, איז א. דאָרט פלוצלינג געשטאָרבן
P-6-facs_108_r_4	אַבראַמאָוו, באָריס [פּיינלאַנד]	entry	23	לאָס אַנדזשעלעס	settlement			stay			none	1967	1967	True	settlement	Q65	Los Angeles	34.05223	-118.24368	"[{""event_type"": ""burial"", ""play"": """", ""venue"": """", ""date"": """", ""description"": ""Body transferred for burial""}]"	זיין גוף איז אַריבערגעפירט געוואָרן קיין לאָס אַנדזשעלעס
P-6-facs_109_tr_1747825072	אַבראַמאָוו, מערי [מרים איינהאָרן]	entry	1	ראַדאָמיסל	settlement			born			none	1916	1916	True	unresolved					[]	געבוירן אין ראַדאָמיסל
P-6-facs_109_tr_1747825072	אַבראַמאָוו, מערי [מרים איינהאָרן]	entry	2	קיעוו	settlement		student	stay	1916		approximate	1916	1916	False	settlement	Q1899	Kyiv	50.45	30.523611	"[{""event_type"": ""other"", ""play"": """", ""venue"": """", ""date"": """", ""description"": ""Continues her studies in school after family tragedy""}]"	אין אָנהייב 1916... א. ווערט פֿון אַן עלטערע שוועסטער אַריבערגענומען קיין קיעוו
P-6-facs_109_tr_1747825072	אַבראַמאָוו, מערי [מרים איינהאָרן]	entry	3	קרעמענטשוג	settlement	טרופּע א'א פֿון אייזיק סאָמבערג	performer	stay			none	1916	1918	True	settlement	Q156724	Kremenchuk	49.063056	33.403889	"[{""event_type"": ""marriage"", ""play"": """", ""venue"": """", ""date"": """", ""description"": ""Marries actor Boris Abramov""}]"	אַרענגעטראָטן אין דער טרופּע א'א פֿון אייזיק סאָמבערג אין קרעמענטשוג
P-6-facs_109_tr_1747825072	אַבראַמאָוו, מערי [מרים איינהאָרן]	entry	4	פּאָלטאָוואָ	settlement	טרופּע פֿון חאַרלאַמפּ-קאַניעווסקי	performer	stay			none	1916	1918	True	settlement	Q156747	Poltava	49.5894444444444	34.5513888888889	[]	פֿון דאָרט גייט זי איבער אין דער טרופּע פֿון חאַרלאַמפּ-קאַניעווסקי אין פּאָלטאָוואָ
P-6-facs_109_tr_1747825072	אַבראַמאָוו, מערי [מרים איינהאָרן]	entry	5	מינסק	settlement			flight	1918		explicit	1918	1918	False	settlement	Q2280	Minsk	53.902246	27.561837	[]	אין 1918, בעת די איבערפֿאַלן אין אוקראינע, איז זי אַוועק קיין מינסק
P-6-facs_109_tr_1747825072	אַבראַמאָוו, מערי [מרים איינהאָרן]	entry	6	ווילנע	settlement			pass_through			none	1918	1931	True	settlement	Q216	Vilnius	54.687222	25.28	[]	פֿון דאָרט קיין ווילנע
P-6-facs_109_tr_1747825072	אַבראַמאָוו, מערי [מרים איינהאָרן]	entry	7	אָדעס	settlement	טרופּע פֿון ראַפּעל	performer	stay			none	1918	1931	True	settlement	Q1874	Odesa	46.47747	30.73262	"[{""event_type"": ""performance"", ""play"": """", ""venue"": ""יידישן קונסטטעאַטער"", ""date"": """", ""description"": ""Performs with Bertanov's Art Theater""}]"	דערנאָך אָדעס — אין דער טרופּע פֿון ראַפּעל... א. טרעט דערנאָך אַרטן אין דעם יידישן קונסטטעאַטער מיט בערטאַנאָוו
P-6-facs_109_tr_1747825072	אַבראַמאָוו, מערי [מרים איינהאָרן]	entry	8	קרים	region		performer	tour			none	1918	1931	True	settlement	Q7835	Crimea	45.0	34.0	[]	זי פֿאָרט מיט אַ טרופּע קיין קרים
P-6-facs_109_tr_1747825072	אַבראַמאָוו, מערי [מרים איינהאָרן]	entry	9	קאָנסטאַנטינאָפּאָל	settlement		performer	flight			none	1918	1931	True	settlement	Q406	Istanbul	41.01	28.960278	[]	זי אַנטלויפט קיין קאָנסטאַנטינאָפּאָל, ווו זי הייבט אָן שפּילן נעבן גאַלאַטא-קוואַרטאל
P-6-facs_109_tr_1747825072	אַבראַמאָוו, מערי [מרים איינהאָרן]	entry	10	בולגאריע	country		performer	stay			none	1918	1931	True	region	בולגאריע	Bulgaria	42.7	25.5	[]	פֿאָרט אָפּ קיין בולגאריע, ווי זי שפּילט אין וואָדעווייל
P-6-facs_109_tr_1747825072	אַבראַמאָוו, מערי [מרים איינהאָרן]	entry	11	רומעניע	country	איציקל גאָלדענבורגס טרופּע	performer	stay			none	1918	1931	True	region	רומעניע	Romania	45.94	24.97	"[{""event_type"": ""performance"", ""play"": ""אַ מענטש זאָל מען זיין"", ""venue"": """", ""date"": """", ""description"": ""Great success in the play""}]"	דערנאָך פֿאָרט זי קיין רומעניע, ווו זי שפּילט אין איציקל גאָלדענבורגס טרופּע
P-6-facs_109_tr_1747825072	אַבראַמאָוו, מערי [מרים איינהאָרן]	entry	12	פֿראַנקפורט ביים מיין (דייטשלאַנד)	settlement			settled			none	1918	1931	True	unresolved					[]	באָזעצט זיך אין פֿראַנקפורט ביים מיין (דייטשלאַנד)
P-6-facs_109_tr_1747825072	אַבראַמאָוו, מערי [מרים איינהאָרן]	entry	13	שווייץ, פֿראַנקרעך, בעלגיע און בריסל	region		performer	tour			none	1918	1931	True	settlement	Q39	Switzerland	46.798562	8.231973	[]	וואַנדערט ווידער איבער שווייץ, פֿראַנקרעך, בעלגיע און בריסל
P-6-facs_109_tr_1747825072	אַבראַמאָוו, מערי [מרים איינהאָרן]	entry	14	דרום אָפריקע	country	שלעזינגער טעאַטער-געזעלשאַפט	performer	stay			none	1918	1931	True	settlement	Q258	South Africa	-29.0	24.0	"[{""event_type"": ""season"", ""play"": ""בר מצוה"", ""venue"": """", ""date"": """", ""description"": ""Played 90 times""}, {""event_type"": ""performance"", ""play"": ""פאַלעסטינער ליבע"", ""venue"": """", ""date"": """", ""description"": ""Lead female role""}]"	אנגאַזשירט פֿון הענרי בערמאַן און די שלעזינגער טעאַטער-געזעלשאַפט קיין דרום אָפריקע
P-6-facs_109_tr_1747825072	אַבראַמאָוו, מערי [מרים איינהאָרן]	entry	15	יאָהאַניסבורג	settlement		performer	settled	1931		approximate	1931	1931	False	settlement	Q34647	Johannesburg	-26.204361	28.041639	"[{""event_type"": ""other"", ""play"": """", ""venue"": """", ""date"": """", ""description"": ""Gives concerts for charity""}]"	זי פֿאַרבלייבט אין יאָהאַניסבורג, ווו זיי גיט זיך אָפּ מיט קאָנצערטן
P-6-facs_109_tr_1747825072	אַבראַמאָוו, מערי [מרים איינהאָרן]	entry	16	אַמעריקע	country		visit	visit	1965	1967	explicit	1965	1967	False	settlement	Q30	United States	39.828175	-98.5795	[]	צוזאַמען מיט איר מאַן האָט זיי באַזוכט 1965 און 1967 אַמעריקע
P-6-facs_109_tr_1747825072	אַבראַמאָוו, מערי [מרים איינהאָרן]	דזשאָיס	17	לאָס אַנדזשעלעס	settlement	מאָריס שוואַרצס ענגליש-יידישער טרופּע	student/performer	stay	1952		explicit	1952	1952	False	settlement	Q65	Los Angeles	34.05223	-118.24368	[]	איר טאָכטער דזשאָיס איז אין 1952 אָפּגעפאָרן קיין לאָס אַנדזשעלעס שטודירן
P-6-facs_183_tr_1747825124	קעניג דינה	entry	1	לאָדזש, פּוילן	settlement			born	1907-08-03		explicit	1907	1907	False	settlement	Q580	Łódź	51.75	19.466667	[]	געבוירן 3 אויגוסט 1907 אין לאָדזש, פּוילן
P-6-facs_183_tr_1747825124	קעניג דינה	entry	2	לאדזש	settlement	"לאדזשער „סקאַלאַ""-טעאַטער"	performer	stay	1911	1912	approximate	1911	1912	False	settlement	Q580	Łódź	51.75	19.466667	"[{""event_type"": ""performance"", ""play"": ""געבראָכענע הערצער"", ""venue"": ""סקאַלאַ-טעאַטער"", ""date"": """", ""description"": ""played the role of the child at age 4""}, {""event_type"": ""performance"", ""play"": ""שוועסטער"", ""venue"": ""סקאַלאַ-טעאַטער"", ""date"": """", ""description"": ""performed for I. L. Peretz""}]"	בעת דינה האָט אַלס 4 יאָריק קינד געשפּילט די ראָל פֿון קינד אין ליבינס „געבראָכענע הערצער“
P-6-facs_183_tr_1747825124	קעניג דינה	entry	3	לאָדזש	settlement	"לאָדזשער „סקאַלאַ""-טעאַטער"	performer	stay	1914	1914	explicit	1914	1914	False	settlement	Q580	Łódź	51.75	19.466667	"[{""event_type"": ""performance"", ""play"": ""די שרעקלעכע סודות"", ""venue"": ""סקאַלאַ-טעאַטער"", ""date"": ""1914"", ""description"": ""played the role of 'Yidele'""}]"	"דאָס איז געווען אין 1914 אין לאָדזשער „סקאַלאַ""-טעאַטער... ק. איז דעמאָלט אַלט געווען ניט מער ווי 7 יאָר"
P-6-facs_183_tr_1747825124	קעניג דינה	entry	4	לאָדזש	settlement	"קינאַ „אַרקאַדיאַ"""	performer	stay	1914	1915	explicit	1914	1915	False	settlement	Q580	Łódź	51.75	19.466667	"[{""event_type"": ""performance"", ""play"": """", ""venue"": ""קינאַ „אַרקאַדיאַ\"""", ""date"": """", ""description"": ""sang Yiddish, Polish, and German couplets and chansonettes""}]"	"אין 1914-15 האָט ק. געזונגען אין קינאַ „אַרקאַדיאַ"" יידישע, פּוילישע און דייטשע קופּלעטן"
P-6-facs_183_tr_1747825124	קעניג דינה	entry	5	לאָדזש	settlement	לאָדזשער יידישן טעאַטער	performer	stay	1916	1926	explicit	1916	1926	False	settlement	Q580	Łódź	51.75	19.466667	"[{""event_type"": ""performance"", ""play"": ""קין"", ""venue"": """", ""date"": """", ""description"": ""created the role of Pistole""}]"	צווישן 1916 און 1926 האָט ק. געשפּילט אין לאָדזשער יידישן טעאַטער
P-6-facs_183_tr_1747825124	קעניג דינה	entry	6	פּוילן	country	לאָדזשער יידישן טעאַטער	performer	tour			none	1916	1923	True	region	פוילן	Poland	52.23	21.01	[]	זיך אויך באַטייליקט אין דער טרופּעס גאַסטשפּילן איבער פּוילן
P-6-facs_183_tr_1747825124	קעניג דינה	entry	7	בוקאַרעשט	settlement	בוקאַרעשטער גאָרטן-טעאַטער „טעאַטרול נאָו“	performer	stay	1923	1923	explicit	1923	1923	False	settlement	Q19660	Bucharest	44.413361	26.097778	"[{""event_type"": ""performance"", ""play"": ""בוקאַרעשט-ניו יאָרק"", ""venue"": ""טעאַטרול נאָו"", ""date"": ""1923"", ""description"": ""participated in Ben-Ali's revue""}]"	זומער 1923 ווערט ק. אָנגאַזשירט צו דוד צעלמייסטער אין בוקאַרעשטער גאָרטן-טעאַטער „טעאַטרול נאָו“
P-6-facs_183_tr_1747825124	קעניג דינה	entry	8	בוקאַרעשט	settlement	בוקאַרעשטער באַר „אָלקאַזאַר דע טעי“	performer	stay			none	1923	1924	True	settlement	Q19660	Bucharest	44.413361	26.097778	[]	ווערט ק. אָנגאַזשירט אין בוקאַרעשטער באַר „אָלקאַזאַר דע טעי“
P-6-facs_183_tr_1747825124	קעניג דינה	entry	9	רומעניע	country	טרופּע בערל סעגאַל	performer	tour			none	1923	1924	True	region	רומעניע	Romania	45.94	24.97	"[{""event_type"": ""performance"", ""play"": ""שרהקע אַ דאָקטאָר"", ""venue"": """", ""date"": """", ""description"": ""performed in the town of Falticeni""}]"	פֿאָרט אַרום, אַלס צווייטע סוברעטין... איבער דער פּראָווינץ אויף אַ לענגערן טורנעע
P-6-facs_183_tr_1747825124	קעניג דינה	entry	10	טשערנאָוויץ	settlement		performer	stay	1924	1924	explicit	1924	1924	False	settlement	Q157725	Chernivtsi	48.290833	25.934444	[]	"זומער 1924 שפּילט ק. אין „דעטשן הויז"" אין טשערנאָוויץ"
P-6-facs_183_tr_1747825124	קעניג דינה	entry	11	בוקאַרעשט	settlement		performer	stay	1924	1924	explicit	1924	1924	False	settlement	Q19660	Bucharest	44.413361	26.097778	"[{""event_type"": ""performance"", ""play"": ""וואָס, ווער, ווען"", ""venue"": ""זאָל „טאָמיס\"""", ""date"": ""1924"", ""description"": ""performed in Ben-Ali's revue""}]"	"ווינטער 1924 טרעט זי אויף אין בוקאַרעשט אין זאָל „טאָמיס"""
P-6-facs_183_tr_1747825124	קעניג דינה	entry	12	טשערנאָוויץ	settlement	ווילנער טרופּע	student	stay	1925	1925	explicit	1925	1925	False	settlement	Q157725	Chernivtsi	48.290833	25.934444	"[{""event_type"": ""marriage"", ""play"": """", ""venue"": """", ""date"": ""1927"", ""description"": ""married actor Joseph Kamen""}]"	אין 1925... אין קאָפעהויז אין טשערנאָוויץ... געטראָפן... דינה קעניג
P-6-facs_183_tr_1747825124	קעניג דינה	entry	13	עסטרייך	country	ווילנער טרופּע	performer	tour			none	1925	1940	True	region	עסטרייך	Austria	48.2	16.37	[]	"באַטייליקט זיך אין די טורנייען פֿון דער „ווילנער טרופּע"" אי בער עסטרייך, טשערנאָסלאָוואַקייע און רומעניע"
P-6-facs_183_tr_1747825124	קעניג דינה	entry	14	קעשענעוו	settlement	מאָלדאָוואַנישן יידישן מלוכה-טעאַטער	performer	stay	1940		approximate	1940	1940	False	settlement	Q21197	Chișinău	47.022778	28.835278	"[{""event_type"": ""performance"", ""play"": ""כל נדרי"", ""venue"": """", ""date"": """", ""description"": ""played the role of the daughter""}]"	דערנאָך איז זי אַריבערגעפֿאָרן קיין קעשענעוו, ווו זי איז אַריין אין דאָרטיקן מאָלדאָוואַנישן יידישן מלוכה-טעאַטער
P-6-facs_183_tr_1747825124	קעניג דינה	entry	15	מיטל-אַזיע	region			flight	1941		approximate	1941	1941	False	unresolved					[]	בעת דעם נאַצישן איבערפֿאָל... איז ק. עוואַקווירט געוואָרן קיין מיטל-אַזיע
P-6-facs_183_tr_1747825124	קעניג דינה	entry	16	טאַשקענט	settlement	יידישן רעווי-טעאַטער	performer	stay	1944	1944	explicit	1944	1944	False	settlement	Q269	Tashkent	41.311111	69.279722	[]	ווו זי האָט אין 1944 געשפּילט אין יידישן רעווי-טעאַטער אין טאַשקענט
P-6-facs_183_tr_1747825124	קעניג דינה	entry	17	רומעניע	country		performer	return	1946		explicit	1946	1946	False	region	רומעניע	Romania	45.94	24.97	[]	אין 1946 קומט זי צוריק אין רומעניע
P-6-facs_183_tr_1747825124	קעניג דינה	entry	18	בוקאַרעשט	settlement	בוקאַרעשטער יידישן מלוכה-טעאַטער	performer	stay	1948	1964	approximate	1948	1964	False	settlement	Q19660	Bucharest	44.413361	26.097778	"[{""event_type"": ""performance"", ""play"": ""מוטער קוראַזש"", ""venue"": """", ""date"": ""1964"", ""description"": ""played the title role""}]"	אין 1943 טרעט זי אַריין אין בוקאַרעשטער יידישן מלוכה-טעאַטער
P-6-facs_183_tr_1747825124	קעניג דינה	entry	19	בוקאַרעשט	settlement			death	1964-05-17		explicit	1964	1964	False	settlement	Q19660	Bucharest	44.413361	26.097778	"[{""event_type"": ""burial"", ""play"": """", ""venue"": ""פילענטראָפּיע"", ""date"": """", ""description"": ""buried at the Filantropia cemetery""}]"	דעם 17 מיי 1964 איז ק. געשטאָרבן אין בוקאַרעשט
P-6-facs_241_tr_1747928957	ראַפּעל, לייזער	entry	1	וואַרשע, פּוילן	settlement		performer	born	1868-12-12		explicit	1868	1868	False	settlement	Q270	Warsaw	52.23	21.011111	[]	געבוירן 12 דעצעמבער 1868 אין וואַרשע, פּוילן.
P-6-facs_241_tr_1747928957	ראַפּעל, לייזער	entry	2	אַמעריקע	country			visit			approximate	1868	1903	True	settlement	Q30	United States	39.828175	-98.5795	[]	אין עלטער פֿון 18 יאָר באַזוכט אַמעריקע.
P-6-facs_241_tr_1747928957	ראַפּעל, לייזער	entry	3	וואַרשע	settlement	שמ'רס טרופּע	performer	stay			none	1868	1903	True	settlement	Q270	Warsaw	52.23	21.011111	"[{""event_type"": ""debut"", ""play"": """", ""venue"": ""עלדאָראַדאָ"", ""date"": """", ""description"": ""began stage activity in Shomer's troupe""}]"	"האָט ער אָנגעהויבן זיין בינע-טעטיקייט אין וואַרשעווער טעאַטער ""עלדאָראַדאָ“ אין שמ'רס טרופּע"
P-6-facs_241_tr_1747928957	ראַפּעל, לייזער	entry	4	רומעניע	country		performer	tour			none	1868	1903	True	region	רומעניע	Romania	45.94	24.97	[]	געוואַנדערט מיט זיינע קאָלעגן איבער רומעניע
P-6-facs_241_tr_1747928957	ראַפּעל, לייזער	entry	5	קאָנסטאַנטינאָפּאָל	settlement		performer	tour			none	1868	1903	True	settlement	Q406	Istanbul	41.01	28.960278	[]	קאָנסטאַנטינאָפּאָל
P-6-facs_241_tr_1747928957	ראַפּעל, לייזער	entry	6	רוסלאַנד	country	קאַמינסקיס טרופּע	performer	return			none	1868	1903	True	region	רוסלאנד	Russia	55.75	37.62	"[{""event_type"": ""marriage"", ""play"": """", ""venue"": """", ""date"": """", ""description"": ""married prima donna Rozha Horn""}]"	"צוריקגעקערט זיך קיין רוסלאַנד, געשפּילט ""יידיש-דייטש""-טעאַטער אין קאַמינסקיס טרופּע, חתונה געהאַט מיט דער פּרימאַדאָנע רוזשאַ האָרן"
P-6-facs_241_tr_1747928957	ראַפּעל, לייזער	entry	7	וואַרשע	settlement	ראָזענזאַלס טרופּע	director	stay	1903		explicit	1903	1903	False	settlement	Q270	Warsaw	52.23	21.011111	"[{""event_type"": ""performance"", ""play"": ""זשאַן און מאַדלענאַ"", ""venue"": ""באַגאַטעלאַ"", ""date"": ""1903-09-30"", ""description"": ""benefit evening""}, {""event_type"": ""performance"", ""play"": ""די פרעמדע"", ""venue"": ""זשאַרדען ד'היווער"", ""date"": ""1905"", ""description"": ""performed in Libin's play""}]"	"אין 1903 אַריינגעטראָטן אַלס רעזשיסער און אַקטיאָר אין ראָזענזאַלס טרופּע אין וואַרשעווער ""באַגאַטעלאַ""-טעאַטער"
P-6-facs_241_tr_1747928957	ראַפּעל, לייזער	entry	8	לאָדזש	settlement		performer	stay			none	1903	1912	True	settlement	Q580	Łódź	51.75	19.466667	"[{""event_type"": ""marriage"", ""play"": """", ""venue"": """", ""date"": """", ""description"": ""married Liza Shafran""}]"	נאָך דעם אין לאָדזש, ווי ער האָט (נאָכן טויט פֿון זיין ערשטער פרוי) חתונה געהאַט מיט ליזאַ שאַפראַן
P-6-facs_241_tr_1747928957	ראַפּעל, לייזער	entry	9	מינסק	settlement		performer	stay			none	1903	1912	True	settlement	Q2280	Minsk	53.902246	27.561837	[]	לייזער ראַפּעל האָב איך געקענט נאָך פֿון מינסק.
P-6-facs_241_tr_1747928957	ראַפּעל, לייזער	entry	10	וואַרשע	settlement	עליזעום-טעאַטער	director	stay			none	1903	1912	True	settlement	Q270	Warsaw	52.23	21.011111	"[{""event_type"": ""business"", ""play"": """", ""venue"": ""עליזעום-טעאַטער"", ""date"": """", ""description"": ""leased the theater for 5 years with partners""}]"	ראַפּעל, קאַמינסקי, עפּלבערג און ווייסמאַן האָבן געדונגען דעם עליזעום-טעאַטער
P-6-facs_241_tr_1747928957	ראַפּעל, לייזער	entry	11	פּעטערבורג	settlement	די ליטעראַרישע טרופּע	performer	tour			none	1903	1912	True	settlement	Q656	Saint Petersburg	59.95	30.316667	"[{""event_type"": ""season"", ""play"": """", ""venue"": """", ""date"": """", ""description"": ""played for two months""}]"	"פֿאָרט אַרויס מיט קאַמינסקאַס [„די ליטעראַרישע טרופּע""] קיין פּעטערבורג, ווו זיי שפּילן צוויי חדשים"
P-6-facs_241_tr_1747928957	ראַפּעל, לייזער	entry	12	אָדעס	settlement	פישזאָנען	performer	visit			none	1903	1912	True	settlement	Q1874	Odesa	46.47747	30.73262	[]	פֿאָרט מיט זיין פרוי גאַסטראָלירן צו פישזאָנען אין אָדעס
P-6-facs_241_tr_1747928957	ראַפּעל, לייזער	entry	13	רוסישע שטעט	region		director	tour			none	1903	1912	True	unresolved					[]	אָרגאַניזירט אַ טרופּע, וועלכע פֿאָרט אַרום איבער רוסישע שטעט
P-6-facs_241_tr_1747928957	ראַפּעל, לייזער	entry	14	אָדעס	settlement	טעאַטער נאָווי	director	settled	1912		explicit	1912	1912	False	settlement	Q1874	Odesa	46.47747	30.73262	"[{""event_type"": ""business"", ""play"": """", ""venue"": ""באָלגאַראָוואַ"", ""date"": """", ""description"": ""leased Bolgarov theater for serious repertoire""}]"	1912 — אַוועק מיט דער פֿאַמיליע קיין אָדעס, ווו ער פֿירט אָן אייניקע יאָר מיט 2 יידישע טרופּעס.
P-6-facs_241_tr_1747928957	ראַפּעל, לייזער	entry	15	וואַרשע	settlement		director	return		1921-07-26	explicit	1921	1921	False	settlement	Q270	Warsaw	52.23	21.011111	"[{""event_type"": ""performance"", ""play"": ""גאָט, מענטש און טייוול"", ""venue"": """", ""date"": ""1921-03"", ""description"": ""40th anniversary jubilee performance""}, {""event_type"": ""death"", ""play"": """", ""venue"": """", ""date"": ""1921-07-26"", ""description"": ""died in Warsaw""}]"	ר. פֿאָרט צוריק קיין וואַרשע... ר. איז געשטאָרבן דעם 26 יולי 1921 אין וואַרשע.
P-6-facs_35_tr_1747746200	ווייסמאַן, הערש	entry	1	ביעלאָצערקאָוו, אוקראַינע	settlement		student	born	1887		explicit	1887	1887	False	region_first_of_list	אוקראינע	Ukraine	49.0	32.0	"[{""event_type"": ""other"", ""play"": """", ""venue"": """", ""date"": """", ""description"": ""sang for a cantor as a 9-year-old boy""}]"	געבוירן 1887 אין ביעלאָצערקאָוו, אוקראַינע... אַלס 9 יאָריק יינגל געזונגען ביַי אַ חזן
P-6-facs_35_tr_1747746200	ווייסמאַן, הערש	entry	2	ביעלאָצערקאָוו	settlement	גאָלדפֿאַדנס טרופּע	performer	stay			approximate	1887	1905	True	unresolved					"[{""event_type"": ""performance"", ""play"": """", ""venue"": """", ""date"": """", ""description"": ""sang in the choir at age 11 before the ban on Yiddish theater""}]"	האָט דאָרט אין עלטער פֿון 11 יאָר געזונגען אין כאָר
P-6-facs_35_tr_1747746200	ווייסמאַן, הערש	entry	3	קליינע שטעטלעך	region		performer	tour			approximate	1887	1905	True	unresolved					[]	"אין עלטער פֿון 17 יאָר אַרומגעפֿאָרן מיט יונגעלעט איבער קליינע שטעטלעך „און זיך געשפּילט אין טעאַטער"""
P-6-facs_35_tr_1747746200	ווייסמאַן, הערש	entry	4	בעלאָצערקאָוו	settlement	יעקב ציפקוס טרופּע	performer	stay			none	1887	1905	True	unresolved					"[{""event_type"": ""debut"", ""play"": """", ""venue"": """", ""date"": """", ""description"": ""joined Zipkus's troupe after auditioning at their lodgings""}]"	דער טאַטע [יעקב ציפקוס] זאָל אים אויסהערן... ער בלייבט איינער פֿון אונדז און מיט אונדז
P-6-facs_35_tr_1747746200	ווייסמאַן, הערש	entry	5	זוועניגראָדקאַ	settlement			stay			none	1887	1905	True	unresolved					"[{""event_type"": ""other"", ""play"": """", ""venue"": """", ""date"": """", ""description"": ""sent a divorce decree to his wife""}]"	ענדלעך האָט ער איר פֿון זוועניגראָדקאַ צוגעשיקט אַ גט
P-6-facs_35_tr_1747746200	ווייסמאַן, הערש	entry	6	קליין שטעטל	settlement	ציפקוס טרופּע	performer	stay			none	1887	1905	True	unresolved					"[{""event_type"": ""performance"", ""play"": ""שולמית"", ""venue"": """", ""date"": """", ""description"": ""played Avshalom; had to switch to a Russian song when a pristav appeared""}]"	"שפּילנדיק אין אַ קליין שטעטל „שולמית""... וו., וועלכער האָט געשפּילט אַלס „אַבשלום"""
P-6-facs_35_tr_1747746200	ווייסמאַן, הערש	entry	7	בריטשאָן	settlement	ציפקוס-טרופּע	performer	stay			none	1887	1905	True	unresolved					"[{""event_type"": ""performance"", ""play"": ""זשידאָווקאַ"", ""venue"": """", ""date"": """", ""description"": ""played the lead role of Eliezer""}]"	"אין בריטשאָן שפּילט די ציפקוס-טרופּע סקריבס „זשידאָווקאַ"" און וו. שפּילט די הויפּטראָל „אַליעזר“"
P-6-facs_35_tr_1747746200	ווייסמאַן, הערש	entry	8	טשעטשעלניק	settlement	ראַבינאָוויטש טרופּע	performer	stay			none	1887	1905	True	unresolved					"[{""event_type"": ""conflict"", ""play"": """", ""venue"": """", ""date"": """", ""description"": ""left the troupe due to poor ticket sales""}]"	אין טשעטשעלניק טרעפט ער די טרופּע פֿון ראַבינאָוויטש... וו. מיט זיין פרוי פֿאַרלאָזן די טרופּע
P-6-facs_35_tr_1747746200	ווייסמאַן, הערש	entry	9	אומאַן	settlement	מישוראָטס טרופּע	performer	stay			approximate	1887	1905	True	settlement	Q208499	Uman	48.75	30.216667	[]	מיטגליד פֿון מישוראָטס טרופּע, וואָס שפּילט אין אומאַן, ס'איז סוף 80ער יאָרן
P-6-facs_35_tr_1747746200	ווייסמאַן, הערש	entry	10	קיעוו	settlement	א. קאָמפּאַנעעץ טרופּע	performer	stay			none	1887	1905	True	settlement	Q1899	Kyiv	50.45	30.523611	[]	נעמט ער אים אַריַין אין זיין טרופּע אין קיעוו אַלס פּראָפעסיאנעלן אַקטיאָר
P-6-facs_35_tr_1747746200	ווייסמאַן, הערש	entry	11	אָדעס	settlement		performer	stay			approximate	1887	1905	True	settlement	Q1874	Odesa	46.47747	30.73262	"[{""event_type"": ""performance"", ""play"": ""די דריי טויבע"", ""venue"": ""קעלער-שענק"", ""date"": """", ""description"": ""prominent figure among Odessa cellar singers at age 16""}]"	ענדלעך אָנגעקומען אין אָדעס. קוים זעכצן יאָר אַלט איז ווייסמאַן שוין אַן אָנגעזעענע פיגור צווישן די אָדעסער קעלער-זינגער
P-6-facs_35_tr_1747746200	ווייסמאַן, הערש	entry	12	קאָנסטאַנטינאָפּאָל	settlement		performer	tour			none	1887	1905	True	settlement	Q406	Istanbul	41.01	28.960278	[]	באַוויַיזן צו זיין אי אין קאָנסטאַנטינאָפּאָל
P-6-facs_35_tr_1747746200	ווייסמאַן, הערש	entry	13	רומעניע	country		performer	tour			none	1887	1905	True	region	רומעניע	Romania	45.94	24.97	[]	אי אין רומעניע
P-6-facs_35_tr_1747746200	ווייסמאַן, הערש	entry	14	ניזשני	settlement		performer	stay			none	1887	1905	True	unresolved					"[{""event_type"": ""business"", ""play"": """", ""venue"": ""יריד"", ""date"": """", ""description"": ""played at the fair""}]"	געשפּילט אין ניזשני אויף דעם יריד
P-6-facs_35_tr_1747746200	ווייסמאַן, הערש	entry	15	ווילנע	settlement	קאַמינסקיס טרופּע	performer	stay	1905		explicit	1905	1905	False	settlement	Q216	Vilnius	54.687222	25.28	"[{""event_type"": ""performance"", ""play"": ""כאַסיע די יתומה"", ""venue"": """", ""date"": ""1905"", ""description"": ""played Motye Streichl with Esther-Rachel Kaminska""}]"	ווייסמאַנס שאַפן אין די יאָרן אַרום 1905, ווען ער הייבט אַן צוזאַמענאַרבעטן מיט א. ר. קאַמינסקי... שפּילנדיק די ראָל פון מאָטיע שטרייכל
P-6-facs_35_tr_1747746200	ווייסמאַן, הערש	entry	16	קיעוו	settlement	קיעווער יידישן מלוכה-טעאַטער	performer	stay	1919		explicit	1919	1919	False	settlement	Q1899	Kyiv	50.45	30.523611	[]	1919 איז ער באַטייליקט אין קיעווער יידישן מלוכה-טעאַטער
P-6-facs_35_tr_1747746200	ווייסמאַן, הערש	entry	17	אָדעס	settlement	אָדעסער יידישן מלוכה-טעאַטער	performer	stay			none	1919	1943	True	settlement	Q1874	Odesa	46.47747	30.73262	[]	שפּעטער אין אָדעסער יידישן מלוכה-טעאַטער
P-6-facs_35_tr_1747746200	ווייסמאַן, הערש	entry	18	טיפליס	settlement	יידישן אַרבעטער-טעאַטער „יעווקאַמבער“	director	settled			none	1919	1943	True	settlement	Q994	Tbilisi	41.7225	44.7925	[]	האָט וו. זיך באַזעצט אין טיפליס, ווי ער האָט אָנגעפֿירט מיטן יידישן אַרבעטער-טעאַטער „יעווקאַמבער“
P-6-facs_35_tr_1747746200	ווייסמאַן, הערש	entry	19	מאָסקווער	settlement	מאָסקווער יידישן מלוכה-טעאַטער	performer	stay			none	1919	1943	True	settlement	Q649	Moscow	55.750556	37.6175	"[{""event_type"": ""other"", ""play"": """", ""venue"": """", ""date"": """", ""description"": ""evacuated to Moscow during the Nazi invasion""}]"	בעת ס'איז אָנגעגאַנגען די עוואַקוואַציע... איז וו. אַרענגענומען געוואָרן אין מאָסקווער יידישן מלוכה-טעאַטער
P-6-facs_35_tr_1747746200	ווייסמאַן, הערש	entry	20	טאַשקענט	settlement			death	1943	1943	explicit	1943	1943	False	settlement	Q269	Tashkent	41.311111	69.279722	"[{""event_type"": ""death"", ""play"": """", ""venue"": """", ""date"": ""1943"", ""description"": ""died at the end of winter""}]"	וו. געשטאָרבן סוף ווינטער 1943 אין טאַשקענט
P-6-facs_465_tr_1747930358	שטיין, גיטל	entry	1	ניו יאָרק, אַמעריקע	settlement			born			none			True	settlement	Q60	New York City	40.712778	-74.006111	[]	געבוירן אין ניו יאָרק, אַמעריקע.
P-6-facs_465_tr_1747930358	שטיין, גיטל	entry	7	ניו יאָרק	settlement	"„סעקאָנד עוועניו""-טעאַטער"	כאָר	stay			none			True	settlement	Q60	New York City	40.712778	-74.006111	"[{""event_type"": ""business"", ""play"": """", ""venue"": ""„סעקאָנד עוועניו\""-טעאַטער"", ""date"": """", ""description"": ""joined the choir for livelihood""}]"	"צוליב פרנסה, באַזיצנדיק אַ שיינע שטים, אַריינגעטראָטן אין כאָר פֿון „סעקאָנד עוועניו""-טעאַטער"
P-6-facs_465_tr_1747930358	שטיין, גיטל	entry	8	פֿילאָדעלפיע	settlement		performer	stay			none			True	settlement	Q1345	Philadelphia	39.952778	-75.163611	"[{""event_type"": ""performance"", ""play"": """", ""venue"": """", ""date"": """", ""description"": ""began playing small and then larger roles""}]"	אַריבערגענומען געוואָרן קיין פֿילאָדעלפיע, ווו זיי האָט פֿריער אָנגעהויבן שפּילן קלענערע און באַלד דערויף גרעסערע ראָלן.
P-6-facs_465_tr_1747930358	שטיין, גיטל	entry	9	וואַרשע	settlement		performer	stay			none			True	settlement	Q270	Warsaw	52.23	21.011111	"[{""event_type"": ""performance"", ""play"": """", ""venue"": """", ""date"": """", ""description"": ""played prominent roles""}]"	צוזאַמען מיט איר מאַן געפאָרן קיין וואַרשע, ווו זי שפּילט שוין גאָר אָנגעזעענע ראָלן.
P-6-facs_465_tr_1747930358	שטיין, גיטל	entry	10	אַמעריקע	country	יידישן קונסט-טעאַטער	performer	return			none			True	settlement	Q30	United States	39.828175	-98.5795	"[{""event_type"": ""performance"", ""play"": """", ""venue"": """", ""date"": """", ""description"": ""played small roles and learned to read/write Yiddish""}]"	"צוריקגעקומען אין אַמעריקע טרעט זי אַריין אין ""יידישן קונסט-טעאַטער“ אויף קליינע ראָלן"
P-6-facs_465_tr_1747930358	שטיין, גיטל	entry	11	פֿילאַדעלפיע	settlement		performer	stay			none			True	settlement	Q1345	Philadelphia	39.952778	-75.163611	"[{""event_type"": ""performance"", ""play"": ""דוד און אסתר"", ""venue"": """", ""date"": """", ""description"": ""played the role of a half-idiot""}]"	"דערנאָך אין פֿילאַדעלפיע. וועגן איר שפּילן אין „דוד און אסתר"""
P-6-facs_465_tr_1747930358	שטיין, גיטל	entry	12	ניו-יאָרק	settlement	נעשאָנאל טעאַטער	performer	stay			none			True	settlement	Q60	New York City	40.712778	-74.006111	"[{""event_type"": ""performance"", ""play"": ""די שוואַרצע מאַמע"", ""venue"": ""נעשאָנאל טעאַטער"", ""date"": """", ""description"": ""played the title role for weeks""}]"	"טרעט זי שפּעטער אויף וואָכן-לאַנג אין ניו-יאָרק... אין דער טיטל-ראָל אין דער בינע-פֿאָרם פֿון „די שוואַרצע מאָמע""."
P-6-facs_465_tr_1747930358	שטיין, גיטל	entry	13	פּראָווינץ	region		performer	tour			none			True	unresolved					[]	און איבער דער פּראָווינץ אין דער טיטל-ראָל
P-6-facs_465_tr_1747930358	שטיין, גיטל	entry	14	פּראָווינץ	region	פֿאַרשיידענע טרופּעס	performer	tour			none			True	unresolved					[]	דערנאָך שפּילט זי ווידער איבער דער פּראָווינץ מיט פֿאַרשיידענע טרופּעס
P-6-facs_465_tr_1747930358	שטיין, גיטל	entry	15	מימי	settlement	יידיש-ענגליש וואָדעוויל-טעאַטער	director	stay			none			True	unresolved					"[{""event_type"": ""business"", ""play"": """", ""venue"": """", ""date"": """", ""description"": ""manages a Yiddish-English vaudeville theater for 16 years""}]"	ביז זי גייט איבער... קיין מימי, ווו צוזאַמען, מיט איר מאַן, לעאָן שעכטער, פֿירט זי אָן זינט 16 יאָר מיט אַ יידיש-ענגליש וואָדעוויל-טעאַטער
P-6-facs_465_tr_1747930358	שטיין, גיטל	פֿאָטער	2	איסטאַמבול, (טערקיי)	settlement		קאַפּיטאַן	born			none			True	region_first_of_list	טערקיי	Turkey	39.9	32.85	[]	פֿאָטער — אַ געבוירענער אין איסטאַמבול, (טערקיי), געווען אַ קאַפּיטאַן אויף אַן ענגלישער שיף
P-6-facs_465_tr_1747930358	שטיין, גיטל	פֿאָטער	3	פּאַלעסטינע	country		student	stay			none			True	region	פאלעסטינע	Palestine	32.08	34.78	"[{""event_type"": ""other"", ""play"": """", ""venue"": """", ""date"": """", ""description"": ""studied as an engineer""}]"	שטודירט אַלס אינזשעניר אין פּאַלעסטינע
P-6-facs_465_tr_1747930358	שטיין, גיטל	פֿאָטער	4	עגיפּטן	country		student	stay			none			True	region	עגיפטן	Egypt	30.05	31.23	[]	עגיפּטן
P-6-facs_465_tr_1747930358	שטיין, גיטל	פֿאָטער	5	ענגלאַנד	country		student	stay			none			True	region	ענגלאנד	England	51.5	-0.12	[]	און ענגלאַנד
P-6-facs_465_tr_1747930358	שטיין, גיטל	פֿאָטער	6	אַמעריקע	country		מאַשיין-אינזשעניר	settled			none			True	settlement	Q30	United States	39.828175	-98.5795	[]	לסוף זיך באַזעצט אין אַמעריקע, ווו ער האָט זיך באַשעפטיקט אַלס מאַשיין-אינזשעניר.
P-6-facs_57_r_2	שוידער אויגוסטאַ [לויפער]	entry	1	סטראַסאָלי	settlement			born	1878		explicit	1878	1878	False	unresolved					[]	געבוירן 1878 אין דערל סטראַסאָלי
P-6-facs_57_r_2	שוידער אויגוסטאַ [לויפער]	entry	2	טאַרנאָוו	settlement			stay			approximate	1878	1911	True	unresolved					"[{""event_type"": ""marriage"", ""play"": """", ""venue"": ""רעסטאָראַן"", ""date"": """", ""description"": ""Met and married Moshe Schauder during a guest performance by Kalman Juvelier's troupe.""}]"	ווערט זי אַרענגענומען צו אַ מומע אין טאַרנאָוו... באַקענט זי זיך אין רעסטאָראַן מיט זייער געשעפט-פֿירער און בינע-דירעקטאָר משה שוידער מיט וועמען זי האָט חתונה
P-6-facs_57_r_2	שוידער אויגוסטאַ [לויפער]	entry	3	רומעניע	country	אַברהם אַקסעלראָדס טרופּע	performer	stay			none	1878	1911	True	region	רומעניע	Romania	45.94	24.97	"[{""event_type"": ""debut"", ""play"": ""לאַ תחמוד"", ""venue"": """", ""date"": """", ""description"": ""Debuted as a housemaid in Goldfaden's play.""}]"	פֿאָרט אַוועק מיט דער טרופּע קיין רומעניע. דאָ גייען זיי איבער אין אַברהם אַקסעלראָדס טרופּע, ווו זי דעביוטירט
P-6-facs_57_r_2	שוידער אויגוסטאַ [לויפער]	entry	4	רומעניע, בוקאָווינע, גאַליציע און דעטשלאַנד	region		performer	tour			none	1878	1911	True	region	רומעניע	Romania	45.94	24.97	[]	אייניקע יאָר שפּילט זי אונטער פֿאַרשיידענע דירעקטאָרן איבער רומעניע, בוקאָווינע, גאַליציע און דעטשלאַנד
P-6-facs_57_r_2	שוידער אויגוסטאַ [לויפער]	entry	5	קאַלאָמעאַ	settlement		businessman	settled		1911	approximate	1911	1911	False	settlement	Q52193	Kolomyia	48.516667	25.033333	"[{""event_type"": ""business"", ""play"": """", ""venue"": ""קאַפע-הויז"", ""date"": """", ""description"": ""Opened a coffee house and retired from theater.""}]"	האָט זי געעפֿנט אין קאַלאָמעאַ אַ קאַפע-הויז און זיך צוריקגעצויגן פֿון טעאַטער
P-6-facs_57_r_2	שוידער אויגוסטאַ [לויפער]	entry	6	אַמעריקע	country		performer	emigration	1911-01	1913-10	explicit	1911	1913	False	settlement	Q30	United States	39.828175	-98.5795	"[{""event_type"": ""performance"", ""play"": ""דער בטלן"", ""venue"": ""ניו יאָרק און אויף דער פּראָווינץ"", ""date"": """", ""description"": ""Performed as 'Di Tsemakhte' in New York and the provinces.""}]"	אין יאַנואַר 1911 אָפּגעפאָרן קיין אַמעריקע... נאָכן שפּילן אין ניו יאָרק און אויף דער פּראָווינץ, פֿאָרט זי אָפּ אין אָקטאָבער 1913
P-6-facs_57_r_2	שוידער אויגוסטאַ [לויפער]	entry	7	בוענאָס אַרעס	settlement		performer	stay	1913-10		explicit	1913	1913	False	unresolved					"[{""event_type"": ""performance"", ""play"": ""חנהלע די נייטאָרין"", ""venue"": """", ""date"": """", ""description"": ""Performed in Buenos Aires with various actors.""}]"	פֿאָרט זי אָפּ אין אָקטאָבער 1913 קיין אַרגענטינע, ווי זי טרעט אויף אין בוענאָס אַרעס
P-6-facs_57_r_2	שוידער אויגוסטאַ [לויפער]	entry	8	קאָנסטאַנטינאָפּאָל	settlement		performer	stay			none	1913	1916	True	settlement	Q406	Istanbul	41.01	28.960278	"[{""event_type"": ""performance"", ""play"": """", ""venue"": """", ""date"": """", ""description"": ""Participated in two productions with amateurs.""}]"	פֿאָרט דערנאָך אָפּ... קיין קאָנסטאַנטינאָפּאָל, ווו זי באַטייליקט זיך אין צוויי אויפֿפֿירונגען מיט „ליבהאָבער“
P-6-facs_57_r_2	שוידער אויגוסטאַ [לויפער]	entry	9	רומעניע	country	אַדאָלף סעגאַל	performer	stay			none	1913	1916	True	region	רומעניע	Romania	45.94	24.97	"[{""event_type"": ""season"", ""play"": """", ""venue"": """", ""date"": """", ""description"": ""Played for 2 months under Adolf Segal.""}]"	פֿאָרט קיין רומעניע, ווי זי שפּילט 2 חדשים א'ד פֿון אַדאָלף סעגאַל
P-6-facs_57_r_2	שוידער אויגוסטאַ [לויפער]	entry	10	אונגאָרן, עסטרייך	region		performer	tour			none	1913	1916	True	region	אונגארן	Hungary	47.5	19.05	[]	דערנאָך איבער אונגאָרן, עסטרייך, ווו זי גיט עטלעכע פֿאָרשטעלונגען
P-6-facs_57_r_2	שוידער אויגוסטאַ [לויפער]	entry	11	סניאַטיין	settlement		performer	stay			none	1913	1916	True	unresolved					"[{""event_type"": ""performance"", ""play"": ""דער ווילדער מענטש"", ""venue"": """", ""date"": """", ""description"": ""Became ill during a performance and was hospitalized.""}]"	"שפּילנדיק די ראָל „זעלדע"" אין גאָרדינס „דער ווילדער מענטש"" אין סניאַטיין, ווערט זי קראַנק"
P-6-facs_57_r_2	שוידער אויגוסטאַ [לויפער]	entry	12	קאָלאָמעאַ	settlement		businessman	stay		1916	approximate	1916	1916	False	settlement	Q52193	Kolomyia	48.516667	25.033333	"[{""event_type"": ""business"", ""play"": """", ""venue"": ""קליין קאָפע-הויז"", ""date"": """", ""description"": ""Opened a small coffee house after becoming an invalid.""}]"	שלעפּט זי זיך אַריין, מיט אַ שטעקן, קיין קאָלאָמעאַ, ווו זי עפֿנט אַ קליין קאָפע-הויז.
P-6-facs_57_r_2	שוידער אויגוסטאַ [לויפער]	entry	13	ווין	settlement			flight	1916		explicit	1916	1916	False	settlement	Q1741	Vienna	48.208333	16.3725	[]	אין 1916 קומען די רוסן צוריק אין קאָלאָמעאַ, און זי אַנטלויפט קוים מיטן לעבן קיין ווין
P-6-facs_57_r_2	שוידער אויגוסטאַ [לויפער]	entry	14	לעמבערג	settlement			stay		1918	approximate	1918	1918	False	settlement	Q36036	Lviv	49.8425	24.032222	[]	קומט צוריק קיין לעמבערג צו משפּחה.
P-6-facs_57_r_2	שוידער אויגוסטאַ [לויפער]	entry	15	קאָלאָמעאַ	settlement		businessman	return	1918	1919	explicit	1918	1919	False	settlement	Q52193	Kolomyia	48.516667	25.033333	[]	ערשט אין 1918 קומט זי ווידער צוריק אין קאָלאָמעאַ... ווערט זי אַ מיטשותפטע אין אַן אָרטיק קאַפע-הויז.
P-6-facs_57_r_2	שוידער אויגוסטאַ [לויפער]	entry	16	פּראָסקוראָוו	settlement	יידישע טרופּע	performer	tour	1919-02		explicit	1919	1919	False	settlement	Q156717	Khmelnytskyi	49.42	27.0	"[{""event_type"": ""conflict"", ""play"": """", ""venue"": """", ""date"": ""1919-02"", ""description"": ""Wounded during the Proskurov pogrom.""}]"	קומען אָן אין פעברואר 1919 אין פּראָסקוראָוו בעת דעם גרויסן פּאָגראָם... ש. ווערט פֿאַרווונדעט
P-6-facs_57_r_2	שוידער אויגוסטאַ [לויפער]	entry	17	קאָלאָמעאָ	settlement		performer	return	1919	1921	explicit	1919	1921	False	settlement	Q52193	Kolomyia	48.516667	25.033333	"[{""event_type"": ""other"", ""play"": """", ""venue"": """", ""date"": """", ""description"": ""Retired from the stage after marrying David Krauthammer.""}]"	קערט זיך צוריק... קיין קאָלאָמעאָ, ווי זי איז שוין ביז 1921 געבליבן שפּילן יידיש טעאַטער. נאָך איר חתונה... ציט זיך זיי צוריק פֿון דער בינע.
P-7-facs_32_tr_1756359774	ערנסט, שמעון	entry	1	קראָקע, גאַליציע	settlement			born	1898-07-28		explicit	1898	1898	False	settlement	Q31487	Kraków	50.061389	19.937222	[]	געבוירן 28 יולי 1898 אין קראָקע, גאַליציע
P-7-facs_32_tr_1756359774	ערנסט, שמעון	entry	2	ארץ-ישראל	country		student	settled	1912		explicit	1912	1912	False	settlement	Q155321	Land of Israel	31.0	35.0	"[{""event_type"": ""other"", ""play"": """", ""venue"": ""ישיבות"", ""date"": """", ""description"": ""studied in yeshivas and received rabbinical ordination""}, {""event_type"": ""other"", ""play"": """", ""venue"": ""לערער-סעמינאָר פֿון דייטש-יידישן הילפס-פֿאַריין \""עזרה\"""", ""date"": """", ""description"": ""entered the teachers' seminary of the Ezra organization""}]"	"אין 1912 זיך באַזעצט מיט די עלטערן אין ארץ-ישראל. געלערנט אין ישיבות... אַריין אין לערער-סעמינאָר פֿון דייטש-יידישן הילפס-פֿאַריין ""עזרה"""
P-7-facs_32_tr_1756359774	ערנסט, שמעון	entry	3	תל-אביב	settlement	תל-אביבער שטאָט-ביבליאָטעק „שערי ציון“	librarian	stay	1918	1967	explicit	1918	1967	False	settlement	Q33935	Tel Aviv	32.08	34.78	"[{""event_type"": ""business"", ""play"": """", ""venue"": """", ""date"": ""1932"", ""description"": ""began publishing in the Hebrew and Yiddish press worldwide""}, {""event_type"": ""death"", ""play"": """", ""venue"": """", ""date"": ""1967-09-05"", ""description"": ""died in Tel Aviv""}]"	אין 1918 אָנגעקומען אַלס ביבליאָטעקאַר אין דער תל-אביבער שטאָט-ביבליאָטעק „שערי ציון“... דעם 5 סעפּטעמבער 1967 איז ש. געשטאָרבן אין תל אביב.
P-7-facs_32_tr_1756359774	ערנסט, שמעון	בונים טשיזשיק	4	unknown	unknown		badkhn	stay	1827	1901	approximate	1827	1901	False	unresolved					[]	דעם בדחן בונים טשיזשיק, (געבוירן בערך 1827, געשט. בערך 1901)
P-7-facs_32_tr_1756359774	ערנסט, שמעון	סענדער בדחן	5	לובאָוויטש	settlement		court jester	stay	1825	1892-03-17	explicit	1825	1892	False	unresolved					[]	סענדער בדחן (אַליהו-אַלכסנדר פידעלמאַן, געב. (7) 1825 — געשט. ז1 מערץ 1892) איז געווען אַ הויף-לץ ביים לובאָוויטשער רבי
P-4-facs_92_r_1	קאַרפּ, סאָפיע	entry												True	empty					[]	
