node_id	node_type	label_yiddish	label_english	ext_ref_type	ext_ref_id	secondary_ids	match_status	notes	source_layer	attrs
play:PL-0001	play	400 יאָר		plays_db	PL-0001		matched		plays	
person:683	person	יאָזעף לאַטיינער	Joseph Lateiner	people_db	683	entry_person_id:P-2-facs_90_tr_1744131428	matched		plays	"{""entry_type"": ""writer"", ""volume"": ""2"", ""span"": ""964-990"", ""birth_date"": ""1853-12-25"", ""credit"": ""ש. ע.""}"
play:PL-0002	play	א טאָג פאר דער מאמע		plays_db	PL-0002		matched		plays	
play:PL-0003	play	אַ גן-עדן פֿאַר צוויי		plays_db	PL-0003		matched		plays	
play:PL-0004	play	אַ יאָר נאָך דער חתונה		plays_db	PL-0004		matched		plays	
play:PL-0005	play	אַ יידישע נשמה אָדער אויסגעוואקסן אין קלויסטער		plays_db	PL-0005		matched		plays	
person:684	person	פּראָפעסאָר משה איש הלוי הורוויץ	Moyshe (Ish Halevi) Hurwitz	people_db	684	entry_person_id:P-1-facs_312_TextRegion_1708860417410_829	matched	upgraded from person_entry:P-1-facs_312_TextRegion_1708860417410_829	plays	"{""entry_type"": ""writer"", ""volume"": ""1"", ""span"": ""591-605"", ""birth_date"": ""1844-02-27"", ""death_date"": ""1910-03-04""}"
play:PL-0006	play	אַ לוסטיקע מינוט		plays_db	PL-0006		matched		plays	
play:PL-0007	play	אַ מאַמע פֿון יענער וועלט		plays_db	PL-0007		matched		plays	
play:PL-0008	play	אַ מוטער האַרץ		plays_db	PL-0008		matched		plays	
play:PL-0009	play	אַ פֿונק ייִדישקייט		plays_db	PL-0009		matched		plays	
play:PL-0010	play	אַ קרבן פֿון ליבע		plays_db	PL-0010		matched		plays	
play:PL-0011	play	אברהם אבינו אין קאַלך אויוון		plays_db	PL-0011		matched		plays	
play:PL-0012	play	אדם וחוה אָדער דער פֿארלוירענער גן-עדן		plays_db	PL-0012		matched		plays	
play:PL-0013	play	אהבת ציון		plays_db	PL-0013		matched		plays	
play:PL-0014	play	אומערלעכע מוטער		plays_db	PL-0014		matched		plays	
play:PL-0015	play	אונקלס הגר		plays_db	PL-0015		matched		plays	
play:PL-0016	play	איר ווידוי		plays_db	PL-0016		matched		plays	
play:PL-0017	play	איר לעצטע טאנץ		plays_db	PL-0017		matched		plays	
play:PL-0018	play	אישה רע		plays_db	PL-0018		matched		plays	
play:PL-0019	play	אליהו הנביא, אָדער דער מיליאָנער און בעטלער פאַנטאַסטישע אָפּערעטע אין 5 אַקטן און פּראָלאָג		plays_db	PL-0019		matched		plays	
play:PL-0020	play	אליהו הנביאס שלאָף-מיצל		plays_db	PL-0020		matched		plays	
play:PL-0021	play	אלכּסנדר אָדער קרוינפּרינץ פֿון ירושלים		plays_db	PL-0021		matched		plays	
play:PL-0022	play	אלעקסאַנדער מוקדון		plays_db	PL-0022		matched		plays	
play:PL-0023	play	אסתּר און המן		plays_db	PL-0023		matched		plays	
play:PL-0024	play	אפֿרים און מנשה		plays_db	PL-0024		matched		plays	
play:PL-0025	play	ארץ ישראל ליבע אָדער דער רבי און דער צאר		plays_db	PL-0025		matched		plays	
play:PL-0026	play	אשת-חיל		plays_db	PL-0026		matched		plays	
play:PL-0027	play	באָס און אַרבעטער		plays_db	PL-0027		matched		plays	
play:PL-0028	play	באָרניי באַרנאַטא, לעבענסבילד		plays_db	PL-0028		matched		plays	
play:PL-0029	play	באראָן ראָטשילד		plays_db	PL-0029		matched		plays	
play:PL-0030	play	בועז אונד רות		plays_db	PL-0030		matched		plays	
play:PL-0031	play	בוקאַרעשטער פּונגאַש		plays_db	PL-0031		matched		plays	
play:PL-0032	play	בית דוד		plays_db	PL-0032		matched		plays	
play:PL-0033	play	בית יעקב אבינו, אָדער שמעון און לוי אחים		plays_db	PL-0033		matched		plays	
play:PL-0034	play	בלימעלע די פּערל פֿון וואַרשע, אָדער גראַף און ייִד [יודע]		plays_db	PL-0034		matched		plays	
play:PL-0035	play	בן הדור		plays_db	PL-0035		matched		plays	
play:PL-0036	play	בן המלך		plays_db	PL-0036		matched		plays	
play:PL-0037	play	בן יעקבֿ		plays_db	PL-0037		matched		plays	
play:PL-0038	play	בן ישראל		plays_db	PL-0038		matched		plays	
play:PL-0039	play	בני משה, אָדער, די יידן אין כינע		plays_db	PL-0039		matched		plays	
play:PL-0040	play	בעליזאַריע און איזאַבעל		plays_db	PL-0040		matched		plays	
play:PL-0041	play	ברכה, אָדער דער יידישער קעניג פון פּוילן אויף איין נאַכט		plays_db	PL-0041		matched		plays	
play:PL-0042	play	בת יפתח		plays_db	PL-0042		matched		plays	
play:PL-0043	play	בת כהן		plays_db	PL-0043		matched		plays	
play:PL-0044	play	בת מלכה		plays_db	PL-0044		matched		plays	
play:PL-0045	play	בת-שבֿע		plays_db	PL-0045		matched		plays	
play:PL-0046	play	גאָלדעלע		plays_db	PL-0046		matched		plays	
play:PL-0047	play	גבריאל		plays_db	PL-0047		matched		plays	
play:PL-0048	play	גבריאל, אָדער די ליבע פֿון אַ ייִדישער פֿרוי		plays_db	PL-0048		matched		plays	
play:PL-0049	play	גדליה בן אחיקום		plays_db	PL-0049		matched		plays	
play:PL-0050	play	גלות רוסלאַנד		plays_db	PL-0050		matched		plays	
play:PL-0051	play	דאָן יאָזעף אברבנל		plays_db	PL-0051		matched		plays	
play:PL-0052	play	דאָס ייִדישע האַרץ		plays_db	PL-0052		matched		plays	
play:PL-0053	play	דאָס לעבן אין ניו-יאָרק		plays_db	PL-0053		matched		plays	
play:PL-0054	play	דאָס לעבן אין קלאָנדײַק		plays_db	PL-0054		matched		plays	
play:PL-0055	play	דאָס פֿינפֿטע געבאָט		plays_db	PL-0055		matched		plays	
play:PL-0056	play	דאָס ציגײַנער מיידל		plays_db	PL-0056		matched		plays	
play:PL-0057	play	דאָס קינד אין וואַלד		plays_db	PL-0057		matched		plays	
play:PL-0058	play	דאס גאָלדענע לייטערל		plays_db	PL-0058		matched		plays	
play:PL-0059	play	דאס גאָלדענע קאלב		plays_db	PL-0059		matched		plays	
play:PL-0060	play	דאס הויז פון סודות		plays_db	PL-0060		matched		plays	
play:PL-0061	play	דאס הייליגע רבילע		plays_db	PL-0061		matched		plays	
play:PL-0062	play	דאס יודישע קינד		plays_db	PL-0062		matched		plays	
play:PL-0063	play	דאס פּוילישע יינגל		plays_db	PL-0063		matched		plays	
play:PL-0064	play	דאס פּוילישע מלמדל		plays_db	PL-0064		matched		plays	
play:PL-0065	play	דאס פערלארענע גליק		plays_db	PL-0065		matched		plays	
play:PL-0066	play	דאס פרייהייט לעבן		plays_db	PL-0066		matched		plays	
play:PL-0067	play	דגל מחנה יהודה		plays_db	PL-0067		matched		plays	
play:PL-0068	play	דוד בן ישי		plays_db	PL-0068		matched		plays	
play:PL-0069	play	דודס האַרפע		plays_db	PL-0069		matched		plays	
play:PL-0070	play	דודס פֿידעלע		plays_db	PL-0070		matched		plays	
play:PL-0071	play	די אלמנה		plays_db	PL-0071		matched		plays	
play:PL-0072	play	די בלוטיקע האָכצייט אין קאטהערי		plays_db	PL-0072		matched		plays	
play:PL-0073	play	די בני ישראל		plays_db	PL-0073		matched		plays	
play:PL-0074	play	די גאָלדענע חתונה, אָדער דער אַמעריקאַנער		plays_db	PL-0074		matched		plays	
play:PL-0075	play	די גאָלדענע מדינה		plays_db	PL-0075		matched		plays	
play:PL-0076	play	די געהיימניסע פֿון ניו-יאָרק		plays_db	PL-0076		matched		plays	
play:PL-0077	play	די געפֿערלעכע נאָכבארשאפֿט		plays_db	PL-0077		matched		plays	
play:PL-0078	play	די גרינהאָרנס		plays_db	PL-0078		matched		plays	
play:PL-0079	play	די גרינער שוסטער		plays_db	PL-0079		matched		plays	
play:PL-0080	play	די העלדן פֿון האמסטער צײַט בילד		plays_db	PL-0080		matched		plays	
play:PL-0081	play	די העלדן פון סאַנטיאַגאָ אדער פּאַטריאָטיזמוס און ליבע		plays_db	PL-0081		matched		plays	
play:PL-0082	play	די וואָרהייט		plays_db	PL-0082		matched		plays	
play:PL-0083	play	די וועשין		plays_db	PL-0083		matched		plays	
play:PL-0084	play	די זילבערנע האכצייט		plays_db	PL-0084		matched		plays	
play:PL-0085	play	די ייִדישע וועלט		plays_db	PL-0085		matched		plays	
play:PL-0086	play	די יידן פון וואָרמס		plays_db	PL-0086		matched		plays	
play:PL-0087	play	די לוסטיקע קאַוואַלירן		plays_db	PL-0087		matched		plays	
play:PL-0088	play	די ליבע פֿון ירושלים		plays_db	PL-0088		matched		plays	
play:PL-0089	play	די לייכטזיניגער		plays_db	PL-0089		matched		plays	
play:PL-0090	play	די מאַכט פֿון קונסט		plays_db	PL-0090		matched		plays	
play:PL-0091	play	די מחותנים, אׁדער דאָס שפּיל פֿון לעבן		plays_db	PL-0091		matched		plays	
play:PL-0092	play	די מלחמה מיט די שפאַנישע באַרבערן		plays_db	PL-0092		matched		plays	
play:PL-0093	play	די נאַכטוואַנדלערין		plays_db	PL-0093		matched		plays	
play:PL-0094	play	די נייע פרימאַדאָנע		plays_db	PL-0094		matched		plays	
play:PL-0095	play	די נשמה פֿון ישראל		plays_db	PL-0095		matched		plays	
play:PL-0096	play	די סדר-נאַכט, אָדער דער בלבול-דם		plays_db	PL-0096		matched		plays	
play:PL-0097	play	די עמיגראַנטן אויס רוסלאַנד		plays_db	PL-0097		matched		plays	
play:PL-0098	play	די עמיגראַציאָן נאָך אַמעריקע		plays_db	PL-0098		matched		plays	
play:PL-0099	play	די ענדע פון רוסישען צאר		plays_db	PL-0099		matched		plays	
play:PL-0100	play	די ערע		plays_db	PL-0100		matched		plays	
play:PL-0101	play	די פֿאַלשע צוואה		plays_db	PL-0101		matched		plays	
play:PL-0102	play	די פֿאַרבלאָנדזשעטע נשמה		plays_db	PL-0102		matched		plays	
play:PL-0103	play	די ציגאינערין		plays_db	PL-0103		matched		plays	
play:PL-0104	play	די ציגײַנערין		plays_db	PL-0104		matched		plays	
play:PL-0105	play	די קאָמעדיאַנטקע, אַ שטיק ביאָגראַפֿיע פֿון מאָלי פּיקאָנס לעבן		plays_db	PL-0105		matched		plays	
play:PL-0106	play	די קאמעליען דאמע		plays_db	PL-0106		matched		plays	
play:PL-0107	play	די קרבנות פֿון שלעכטע צײַטן		plays_db	PL-0107		matched		plays	
play:PL-0108	play	די שטילע חתונה		plays_db	PL-0108		matched		plays	
play:PL-0109	play	די שיינע אסתּר, אָדער דער בן-מלך		plays_db	PL-0109		matched		plays	
play:PL-0110	play	די שנײַדערין		plays_db	PL-0110		matched		plays	
play:PL-0111	play	די שפּאַנישע קורבנות		plays_db	PL-0111		matched		plays	
play:PL-0112	play	דיא הרוגים אים יום כפור		plays_db	PL-0112		matched		plays	
play:PL-0113	play	דיא יודישע קאלאניסטען : סענזאציאנעל אפערעטע פון אמעריקאנישען לעבען אין 4 אקטען		plays_db	PL-0113		matched		plays	
play:PL-0114	play	דיא מיזינקע אָדער דיא תליתים וועבער		plays_db	PL-0114		matched		plays	
play:PL-0115	play	דיא מייא בלומע		plays_db	PL-0115		matched		plays	
play:PL-0116	play	דינהלע אָדער אַ גאַסט פֿון יענער וועלט		plays_db	PL-0116		matched		plays	
play:PL-0117	play	דניאל אין לייבנגרוב		plays_db	PL-0117		matched		plays	
play:PL-0118	play	דניאל, אָדער די טאָכטער פֿון ירושלים		plays_db	PL-0118		matched		plays	
play:PL-0119	play	ד״ר דניאל		plays_db	PL-0119		matched		plays	
play:PL-0120	play	דעם זייגערמאַכערס קאפּעליטשל		plays_db	PL-0120		matched		plays	
play:PL-0121	play	דעם צדיקס משפּחה		plays_db	PL-0121		matched		plays	
play:PL-0122	play	דער אַנטיסעמיט אָדער די ייִדן-לאַגע אין רומעניע		plays_db	PL-0122		matched		plays	
play:PL-0123	play	דער אַנטלאָפֿענער סאָלדאַט		plays_db	PL-0123		matched		plays	
play:PL-0124	play	דער אָרעמער מיליאָנער		plays_db	PL-0124		matched		plays	
play:PL-0125	play	דער אומשולדיקער קרבן		plays_db	PL-0125		matched		plays	
play:PL-0126	play	דער אוצר		plays_db	PL-0126		matched		plays	
play:PL-0127	play	דער אמתער פֿרײַנד		plays_db	PL-0127		matched		plays	
play:PL-0128	play	דער בּאַראָן הירש		plays_db	PL-0128		matched		plays	
play:PL-0129	play	דער בלינדער מוזיקאַנט		plays_db	PL-0129		matched		plays	
play:PL-0130	play	דער גאט פון גערעכטיקייט		plays_db	PL-0130		matched		plays	
play:PL-0131	play	דער גנבֿ, אָדער דער ייִדישער בירגער-מײַסטער		plays_db	PL-0131		matched		plays	
play:PL-0132	play	דער געפֿאַלענער באַנקיר		plays_db	PL-0132		matched		plays	
play:PL-0133	play	דער דיבוק		plays_db	PL-0133		matched		plays	
play:PL-0134	play	דער הויזירער אָדער עמיגראציאן נאך אמעריקע		plays_db	PL-0134		matched		plays	
play:PL-0135	play	דער הימלישער קאָנגרעס		plays_db	PL-0135		matched		plays	
play:PL-0136	play	דער חרם אין בית המקדש		plays_db	PL-0136		matched		plays	
play:PL-0137	play	דער טויטער קאָפּ		plays_db	PL-0137		matched		plays	
play:PL-0138	play	דער טיראנישער באַנקער		plays_db	PL-0138		matched		plays	
play:PL-0139	play	דער יחוס שידוך		plays_db	PL-0139		matched		plays	
play:PL-0140	play	דער ייִד אין רומעניע		plays_db	PL-0140		matched		plays	
play:PL-0141	play	דער ייד אין סאַביעצקי צײַטן		plays_db	PL-0141		matched		plays	
play:PL-0142	play	דער יידישער גלות		plays_db	PL-0142		matched		plays	
play:PL-0143	play	דער יידישער טעאטער דירעקטאר		plays_db	PL-0143		matched		plays	
play:PL-0144	play	דער ישיבֿה־בחור		plays_db	PL-0144		matched		plays	
play:PL-0145	play	דער כוזרי אָדער, די יידישע מלוכה אין קאַווקאַז		plays_db	PL-0145		matched		plays	
play:PL-0146	play	דער לאָדזשען פּרעזידענט		plays_db	PL-0146		matched		plays	
play:PL-0147	play	דער ליגנער		plays_db	PL-0147		matched		plays	
play:PL-0148	play	דער מאַמעס טאָכטערל		plays_db	PL-0148		matched		plays	
play:PL-0149	play	דער מאַן אונטערן טיש		plays_db	PL-0149		matched		plays	
play:PL-0150	play	דער מבול פֿון דזשאנסטאן		plays_db	PL-0150		matched		plays	
play:PL-0151	play	דער משוגענער פילאָזאָף		plays_db	PL-0151		matched		plays	
play:PL-0152	play	דער נייער שטערן		plays_db	PL-0152		matched		plays	
play:PL-0153	play	דער פּראצעס פֿון טיסא עסלער		plays_db	PL-0153		matched		plays	
play:PL-0154	play	דער פֿאַלשער שריט		plays_db	PL-0154		matched		plays	
play:PL-0155	play	דער פֿאַרקויפֿטער שלאָף		plays_db	PL-0155		matched		plays	
play:PL-0156	play	דער פאַרשוונדער און דער בעטלער		plays_db	PL-0156		matched		plays	
play:PL-0157	play	דער פעטער אין אַמעריקע		plays_db	PL-0157		matched		plays	
play:PL-0158	play	דער פײַער מבול		plays_db	PL-0158		matched		plays	
play:PL-0159	play	דער קאמעדיאַנט, אָדער אַ שאַנדפֿלעק אין דער משפּחה		plays_db	PL-0159		matched		plays	
play:PL-0160	play	דער שׂטן אין גן-עדן, אָדער די שוויגער צו גאַסט		plays_db	PL-0160		matched		plays	
play:PL-0161	play	דער שבתי צבי		plays_db	PL-0161		matched		plays	
play:PL-0162	play	דער שוואָגער פון אַמעריקע		plays_db	PL-0162		matched		plays	
play:PL-0163	play	דער שטורם וינד		plays_db	PL-0163		matched		plays	
play:PL-0164	play	דער שטערן פֿון פּראָג, אָדער דער טרוים אַ נבֿואה		plays_db	PL-0164		matched		plays	
play:PL-0165	play	דער שטריק אויף דעם האַלדז		plays_db	PL-0165		matched		plays	
play:PL-0166	play	דער שקר		plays_db	PL-0166		matched		plays	
play:PL-0167	play	דר' הערצל		plays_db	PL-0167		matched		plays	
play:PL-0168	play	דר. בוקענין צײַטבילד		plays_db	PL-0168		matched		plays	
play:PL-0169	play	דרייפוס, אָדער, צום צווייטן מאָל פאַראורטיילט און דאָך אומשולדיק		plays_db	PL-0169		matched		plays	
play:PL-0170	play	הדסה		plays_db	PL-0170		matched		plays	
play:PL-0171	play	הלל אדער די מלחמה מיטן יצר הרע		plays_db	PL-0171		matched		plays	
play:PL-0172	play	המן דער צווייטער		plays_db	PL-0172		matched		plays	
play:PL-0173	play	וואָשינגטאָן		plays_db	PL-0173		matched		plays	
play:PL-0174	play	ווילהעלם טעל		plays_db	PL-0174		matched		plays	
play:PL-0175	play	וויסטער אינזעל		plays_db	PL-0175		matched		plays	
play:PL-0176	play	ווירדזינוס		plays_db	PL-0176		matched		plays	
play:PL-0177	play	ווירדזשיניוס		plays_db	PL-0177		matched		plays	
play:PL-0178	play	זכות אבות, אָדער רב, פּרעדיקער און גלח, לעבנס-אָפּערע		plays_db	PL-0178		matched		plays	
play:PL-0179	play	חוה אָדער די שלאַנג אַלס הויזפֿרײַנד		plays_db	PL-0179		matched		plays	
play:PL-0180	play	חורבן ירושלים		plays_db	PL-0180		matched		plays	
play:PL-0181	play	חורבן קישינעוו		plays_db	PL-0181		matched		plays	
play:PL-0182	play	חיזקיהו המלך		plays_db	PL-0182		matched		plays	
play:PL-0183	play	חיים אין אַמעריקע		plays_db	PL-0183		matched		plays	
play:PL-0184	play	חכמת נשים		plays_db	PL-0184		matched		plays	
play:PL-0185	play	חכמת שלמה		plays_db	PL-0185		matched		plays	
play:PL-0186	play	חתן-כּלה		plays_db	PL-0186		matched		plays	
play:PL-0187	play	טהאָרן און מרס		plays_db	PL-0187		matched		plays	
play:PL-0188	play	טיסא עסלער אָדער די פֿאַרשווערונג		plays_db	PL-0188		matched		plays	
play:PL-0189	play	יאַקאָב דער מוזיקאַנט		plays_db	PL-0189		matched		plays	
play:PL-0190	play	יהודה  וישראל, אדער די קראפט פון שמע ישראל		plays_db	PL-0190		matched		plays	
play:PL-0191	play	יהודה הגלילי, אדער, דער פירסט פון ירושלים		plays_db	PL-0191		matched		plays	
play:PL-0192	play	יהודה המכּבי		plays_db	PL-0192		matched		plays	
play:PL-0193	play	יהודית און האָלאָפֿערנעס		plays_db	PL-0193		matched		plays	
play:PL-0194	play	יהודית די פֿאַרבלאָנדזעטע שעפֿעלע		plays_db	PL-0194		matched		plays	
play:PL-0195	play	יהודית די צווייטע		plays_db	PL-0195		matched		plays	
play:PL-0196	play	יהושע בן נון אָדער דער פֿאַל פֿון יריחו		plays_db	PL-0196		matched		plays	
play:PL-0197	play	יום-החופּה		plays_db	PL-0197		matched		plays	
play:PL-0198	play	יונה הנביא אָדער די רייזע דורך וואַסער און פֿייער		plays_db	PL-0198		matched		plays	
play:PL-0199	play	יוסף און זײַנע ברידער		plays_db	PL-0199		matched		plays	
play:PL-0200	play	ייִדעלע, אָדער דער אמת און דער שקר		plays_db	PL-0200		matched		plays	
play:PL-0201	play	יענטע פּיפּענאָטער		plays_db	PL-0201		matched		plays	
play:PL-0202	play	יעקב ועשיו		plays_db	PL-0202		matched		plays	
play:PL-0203	play	יפת תואר אָדער בלעם הרשע		plays_db	PL-0203		matched		plays	
play:PL-0204	play	יציאת מצרים		plays_db	PL-0204		matched		plays	
play:PL-0205	play	ישׂראלס קינדער		plays_db	PL-0205		matched		plays	
play:PL-0206	play	ישעיהו הנביא		plays_db	PL-0206		matched		plays	
play:PL-0207	play	כל נדרי		plays_db	PL-0207		matched		plays	
play:PL-0208	play	כתב תורה, אָדער, דער רמב״ם אין עגיפּטן		plays_db	PL-0208		matched		plays	
play:PL-0209	play	לומפּאַציוס וואַגאַבונדוס		plays_db	PL-0209		matched		plays	
play:PL-0210	play	ליבעסהעלד		plays_db	PL-0210		matched		plays	
play:PL-0211	play	מאַמע מיט 7 קינדער		plays_db	PL-0211		matched		plays	
play:PL-0212	play	מאַן און ווײַב		plays_db	PL-0212		matched		plays	
play:PL-0213	play	מאַריאַנע		plays_db	PL-0213		matched		plays	
play:PL-0214	play	מאַריאַנע, ליבע פֿון אַ מוטער		plays_db	PL-0214		matched		plays	
play:PL-0215	play	מאָנטע קריסטאָ		plays_db	PL-0215		matched		plays	
play:PL-0216	play	מאזעס מאנטיפיארי		plays_db	PL-0216		matched		plays	
play:PL-0217	play	מוטער-ליבע		plays_db	PL-0217		matched		plays	
play:PL-0218	play	מזל-ברכה		plays_db	PL-0218		matched		plays	
play:PL-0219	play	מלחמות היהודים		plays_db	PL-0219		matched		plays	
play:PL-0220	play	מלכת שבא		plays_db	PL-0220		matched		plays	
play:PL-0221	play	מענדעלע דער מאַרטיר		plays_db	PL-0221		matched		plays	
play:PL-0222	play	מערי בערבערי, צײַטבילד		plays_db	PL-0222		matched		plays	
play:PL-0223	play	משפּט שלמה		plays_db	PL-0223		matched		plays	
play:PL-0224	play	מײַן ווײַבס פֿרײַנד, אָדער די טאָכטער פֿון ירושלים		plays_db	PL-0224		matched		plays	
play:PL-0225	play	מײַן טאָכטער		plays_db	PL-0225		matched		plays	
play:PL-0226	play	נבוכדנצר מלך בבל		plays_db	PL-0226		matched		plays	
play:PL-0227	play	נח'ס תיבה אָדער דער זינדיגער דור המבול		plays_db	PL-0227		matched		plays	
play:PL-0228	play	נחום גענדזעלע		plays_db	PL-0228		matched		plays	
play:PL-0229	play	נחמיה קוגל		plays_db	PL-0229		matched		plays	
play:PL-0230	play	נקדימון בן גוריון, אָדער דער גליקליכער פּאַסטוך		plays_db	PL-0230		matched		plays	
play:PL-0231	play	סולטאן מחמד אָדער קארבעם [קרבן] בייראם, אין 5 אַקטן און 9 בילדער		plays_db	PL-0231		matched		plays	
play:PL-0232	play	סיר מאָזעס מאָנטעפיאָרי		plays_db	PL-0232		matched		plays	
play:PL-0233	play	עוזר לייזער, געציל מיכאל		plays_db	PL-0233		matched		plays	
play:PL-0234	play	עזרא אָדער דער עוויגער יודע		plays_db	PL-0234		matched		plays	
play:PL-0235	play	עזריה		plays_db	PL-0235		matched		plays	
play:PL-0236	play	עם הארץ		plays_db	PL-0236		matched		plays	
play:PL-0237	play	עמי און נעמי, אָדער ראַבינער, סאָלדאַט און ניהיליסט		plays_db	PL-0237		matched		plays	
play:PL-0238	play	עמיגראַנטען פון רוסלאַנד אָדער דער גרינע פעדלער		plays_db	PL-0238		matched		plays	
play:PL-0239	play	ערשטע ליבע		plays_db	PL-0239		matched		plays	
play:PL-0240	play	עתליהו		plays_db	PL-0240		matched		plays	
play:PL-0241	play	פֿאָטער ליבע		plays_db	PL-0241		matched		plays	
play:PL-0242	play	צאַר איוואַן גראָזני		plays_db	PL-0242		matched		plays	
play:PL-0243	play	צוויי שמואל-שמעלקעס		plays_db	PL-0243		matched		plays	
play:PL-0244	play	צוויי תנאים		plays_db	PL-0244		matched		plays	
play:PL-0245	play	צום גדליה		plays_db	PL-0245		matched		plays	
play:PL-0246	play	צוריק אין דער היים		plays_db	PL-0246		matched		plays	
play:PL-0247	play	ציון, אָדער על נהרות בבֿל		plays_db	PL-0247		matched		plays	
play:PL-0248	play	קאַפּיטאַליסטן און אַרבעטער		plays_db	PL-0248		matched		plays	
play:PL-0249	play	קאַפּיטן דרײַפוס		plays_db	PL-0249		matched		plays	
play:PL-0250	play	קאַצאָפּס מפּלה		plays_db	PL-0250		matched		plays	
play:PL-0251	play	קאַרלייל העריס צײַט בילד		plays_db	PL-0251		matched		plays	
play:PL-0252	play	קאָלאָמבוס		plays_db	PL-0252		matched		plays	
play:PL-0253	play	קאָלאָניע שומרון־סאַמאַריע אָדער אוריאל אַקאָסטא אין כאַלאַט		plays_db	PL-0253		matched		plays	
play:PL-0254	play	קאָרטנשפּילער		plays_db	PL-0254		matched		plays	
play:PL-0255	play	קובא, אָדער גענעראל מאַצעבוס העלדנטאטן		plays_db	PL-0255		matched		plays	
play:PL-0256	play	קורחס אוצרות אָדער ממון דער געלדגאָט		plays_db	PL-0256		matched		plays	
play:PL-0257	play	קידוש השם		plays_db	PL-0257		matched		plays	
play:PL-0258	play	קידוש השם, אָדער דער ייִדישער מיניסטער		plays_db	PL-0258		matched		plays	
play:PL-0259	play	קיסר ניראָן		plays_db	PL-0259		matched		plays	
play:PL-0260	play	קיען אדער ליבע און ליידענשאפט		plays_db	PL-0260		matched		plays	
play:PL-0261	play	קעניג און בויער		plays_db	PL-0261		matched		plays	
play:PL-0262	play	קעניגען פון לופט		plays_db	PL-0262		matched		plays	
play:PL-0263	play	רבי עקיבא		plays_db	PL-0263		matched		plays	
play:PL-0264	play	רבנו גרשם, אָדער, דער קייזער באַזיליוס דער צווייטער		plays_db	PL-0264		matched		plays	
play:PL-0265	play	"רש""י"		plays_db	PL-0265		matched		plays	
play:PL-0266	play	שואליק		plays_db	PL-0266		matched		plays	
play:PL-0267	play	שלאמקע און ריקל		plays_db	PL-0267		matched		plays	
play:PL-0268	play	שלום-בית		plays_db	PL-0268		matched		plays	
play:PL-0269	play	שלמה גאָרגל		plays_db	PL-0269		matched		plays	
play:PL-0270	play	שלמה המלך		plays_db	PL-0270		matched		plays	
play:PL-0271	play	שלמה ערליך		plays_db	PL-0271		matched		plays	
play:PL-0272	play	שמשון הגיבור		plays_db	PL-0272		matched		plays	
play:PL-0273	play	שניידערישער יחוס אָדער קאַרטענשפּילער		plays_db	PL-0273		matched		plays	
edition:tkb_828537	edition		Mishke Mashke	transkribus_doc	828537	"{""expression_id"": ""3838""}"	matched		plays	
edition:tkb_817462	edition		Der Mann untern Tisch	transkribus_doc	817462	"{""expression_id"": ""3817""}"	matched		plays	
edition:tkb_828539	edition		Yudale der Blinder	transkribus_doc	828539	"{""expression_id"": ""3927""}"	matched		plays	
edition:tkb_828503	edition		Di Seder Nakht	transkribus_doc	828503	"{""expression_id"": ""3847""}"	matched		plays	
edition:tkb_828481	edition		Ezra	transkribus_doc	828481	"{""expression_id"": ""3875""}"	matched		plays	
edition:tkb_828455	edition		Blimele (di Perle von Warsha)	transkribus_doc	828455	"{""expression_id"": ""3801""}"	matched		plays	
edition:tkb_828443	edition		Bas Sheva	transkribus_doc	828443	"{""expression_id"": ""3798""}"	matched		plays	
edition:tkb_828424	edition		Das Yudishe Kind	transkribus_doc	828424	"{""expression_id"": ""3867""}"	matched		plays	
edition:tkb_820937	edition		Isha Raa	transkribus_doc	820937	"{""expression_id"": ""3884""}"	matched		plays	
edition:tkb_820975	edition		Al Naharot Bavel	transkribus_doc	820975	"{""expression_id"": ""3915""}"	matched		plays	
edition:tkb_820969	edition		Hinke Pinke	transkribus_doc	820969	"{""expression_id"": ""3877""}"	matched		plays	
edition:tkb_820964	edition		Sore Sheyndel	transkribus_doc	820964	"{""expression_id"": ""3833""}"	matched		plays	
edition:tkb_820939	edition		Kidush Hashem	transkribus_doc	820939	"{""expression_id"": ""3892""}"	matched		plays	
edition:tkb_820845	edition		Dovid's Fidele	transkribus_doc	820845	"{""expression_id"": ""3869""}"	matched		plays	
edition:tkb_820841	edition		Dos Yudishe Herts	transkribus_doc	820841	"{""expression_id"": ""3866""}"	matched		plays	
edition:tkb_534187	edition		Meshumed	transkribus_doc	534187	"{""expression_id"": ""3879""}"	matched		plays	
edition:tkb_494907	edition		Yaakov-Esav	transkribus_doc	494907		matched		plays	
place:Q19660	place	בוקארעשט	Bucharest	wikidata_qid	Q19660	"{""kima_id"": ""656"", ""lat"": ""44.413361"", ""lon"": ""26.097778""}"	matched		plays	
org:44	org	איזראעליטישע-דראַמאַטישע-געזעלשאַפט	איזראעליטישע-דראַמאַטישע-געזעלשאַפט	org_core_db	44		matched		plays	
venue:UV-0001	venue	איזראעליטישע-נאַציאָנאַל-גאָרטן					unmatched		plays	
person:UP-0001	person	א. שיינגאָלד					unmatched		plays	
org:125	org	רומעניע-אָפּערע-הויז	Roumanian Opera House|Central Theatre	org_core_db	125		matched		plays	
place:Q60	place	ניו יארק	New York City	wikidata_qid	Q60	"{""kima_id"": ""32"", ""lat"": ""40.712778"", ""lon"": ""-74.006111""}"	matched		plays	
person:920	person	יעקב מעסטעל	Jacob Mestel	people_db	920	entry_person_id:P-2-facs_293_tr_1744280709	matched		plays	"{""entry_type"": ""performer"", ""volume"": ""2"", ""span"": ""1271-1373"", ""birth_date"": ""1884-02-22"", ""credit"": ""ש. ע. פֿון שרה קינדמאַן.""}"
venue:UV-0002	venue	פּאמול ווערדי					unmatched		plays	
place:Q46852	place	יאס	Iași	wikidata_qid	Q46852	"{""kima_id"": ""669"", ""lat"": ""47.162222"", ""lon"": ""27.588889""}"	matched		plays	
org:134	org	ווינדזאָר טעאַטער	Windsor Theatre	org_core_db	134		matched		plays	
person:UP-0002	person	פּערעלמוטער					unmatched		plays	
org_cluster:ORG-C00480	org	יודישע ביהנע		org_cluster	ORG-C00480		matched		plays	
place:Q158004	place	פיעטרקאוו	Piotrków Trybunalski	wikidata_qid	Q158004	"{""kima_id"": ""250"", ""lat"": ""51.400000"", ""lon"": ""19.683333""}"	matched		plays	
person:UP-0003	person	וואוהל					unmatched		plays	
play:NEW-0001	play	אוריאל אַקאָסטאַ					unmatched		plays	
place:Q31487	place	קראקע	Kraków	wikidata_qid	Q31487	"{""kima_id"": ""489"", ""lat"": ""50.061389"", ""lon"": ""19.937222""}"	matched		plays	
person:UP-0004	person	מ. פּערעלמוטער					unmatched		plays	
place:Q36036	place	לעמבערג	Lviv	wikidata_qid	Q36036	"{""kima_id"": ""166"", ""lat"": ""49.842500"", ""lon"": ""24.032222""}"	matched		plays	
person:UP-0005	person	י. לאטיינער					unmatched		plays	
org:52	org	היברו פּאָבלישינג קאָמפּאַני	היברו פּאַבלישינג קאָמפאני	org_core_db	52		matched		plays	
person:2811	person	צבי-הירש רובינשטיין	Tsvi Hirsh Rubinstein	people_db	2811	entry_person_id:P-6-facs_265_tr_1747928990	matched		plays	"{""entry_type"": ""writer"", ""volume"": ""6"", ""span"": ""5363-5363"", ""birth_date"": ""1889-02-01"", ""death_date"": ""1943-11-29""}"
person:1000	person	לעאָן בּלאַנק	Leon Blank	people_db	1000	entry_person_id:P-1-facs_102_r_9	matched		plays	"{""entry_type"": ""performer"", ""volume"": ""1"", ""span"": ""172-173"", ""birth_date"": ""1867"", ""credit"": ""מ. ע.""}"
venue:UV-0003	venue	באוערי					unmatched		plays	
person:UP-0006	person	פינקעל					unmatched		plays	
person:UP-0007	person	גראַדנער					unmatched		plays	
person:UP-0008	person	גבריאל פינקעלשטיין					unmatched		plays	
place:Q1874	place	אדעס	Odesa	wikidata_qid	Q1874	"{""kima_id"": ""740"", ""lat"": ""46.477470"", ""lon"": ""30.732620""}"	matched		plays	
org:117	org	מאַרינסקי טעאַטער	Mariinski	org_core_db	117		matched		plays	
person:UP-0009	person	מאַקס אַווראַמאָוויטש					unmatched		plays	
place:Q208473	place	פשעמישל	Przemyśl	wikidata_qid	Q208473	"{""kima_id"": ""424"", ""lat"": ""49.783450"", ""lon"": ""22.784240""}"	matched		plays	
person:2240	person	חנה לערנער	Chana Lerner	people_db	2240	entry_person_id:P-2-facs_189_tr_1744279163	matched		plays	"{""entry_type"": ""performer"", ""volume"": ""2"", ""span"": ""1162-1162"", ""birth_date"": ""1900"", ""credit"": ""מ. ע.""}"
person:UP-0010	person	מ. הורוויטש					unmatched		plays	
org_cluster:ORG-C01757_Q01	org	אָריענטאַל טעאַטער		org_cluster	ORG-C01757_Q01		matched		plays	
org:123	org	פּולס-טעאַטער	Poole's Theatre	org_core_db	123		matched		plays	
person:UP-0011	person	קוראַנטמאַן					unmatched		plays	
person:700	person	מאָריס פינקעל (משה)	Morris Finkel	people_db	700	entry_person_id:P-4-facs_132_tr_1754224993	matched		plays	"{""entry_type"": ""performer"", ""volume"": ""4"", ""span"": ""2668-2677"", ""birth_date"": ""1852~"", ""death_date"": ""1904-06-07"", ""credit"": ""ש. ע. פֿון בערטאַ גערסטין.""}"
person:UP-0012	person	פאולינא עדעלשטיין					unmatched		plays	
play:NEW-0002	play	מישקע און מאָשקע, אָדער, אייראָפעער אין אַמעריקע					unmatched		plays	
org_cluster:ORG-C02230	org	קולטור		org_cluster	ORG-C02230		matched		plays	
place:Q270	place	ווארשע	Warsaw	wikidata_qid	Q270	"{""kima_id"": ""953"", ""lat"": ""52.230000"", ""lon"": ""21.011111""}"	matched		plays	
org:130	org	טאַליאַ-טעאַטער	Thalia Theatre|Bowery Theatre	org_core_db	130		matched		plays	
org_cluster:ORG-C06899	org	יודישע טהעאַטער-ביבליאָטעק		org_cluster	ORG-C06899		matched		plays	
person:946	person	מאָריס ראָזענפֿעלד (משה-יעקב אַלטער)	Morris Rosenfeld	people_db	946	entry_person_id:P-4-facs_82_tr_1753938284	matched		plays	"{""entry_type"": ""writer"", ""volume"": ""4"", ""span"": ""4-2573"", ""birth_date"": ""1862-12-28"", ""death_date"": ""1923-06-22"", ""credit"": ""מ. ע. פֿון רודאָלף יאָנקער, און ש. ע. פֿון מענדל עלקין.""}"
person:906	person	הערמאַן וואָהל (צבי)	Herman Wohl	people_db	906	entry_person_id:P-1-facs_336_tr_1741260422	matched		plays	"{""entry_type"": ""composer"", ""volume"": ""1"", ""span"": ""639-640"", ""birth_date"": ""1877-09-08""}"
person:UP-0013	person	יוסף לאַטיינער					unmatched		plays	
org_cluster:ORG-C06461	org	דודס האַרפע		org_cluster	ORG-C06461		matched		plays	
person:2695	person	רעגינע פּראַגער	Regina Prager	people_db	2695	entry_person_id:P-3-facs_136_tr_1754820282	matched	upgraded from person_entry:P-3-facs_136_tr_1754820282	plays	"{""volume"": ""3"", ""span"": ""1850-1866"", ""credit"": ""ש. ע. פֿון יואל ענטין און מ. ע. פֿון ר. פּערלמוטער.""}"
person:UP-0014	person	זיגמונד מאָגולעסקאָ					unmatched		plays	
person:UP-0015	person	באָריס טאָמאָשעווסקי					unmatched		plays	
person:723	person	סאׇפיע קאַרפּ	Sophie Karp	people_db	723	entry_person_id:P-4-facs_92_r_1	matched		plays	"{""entry_type"": ""performer"", ""volume"": ""4"", ""span"": ""2588-2890"", ""birth_date"": ""1859~"", ""death_date"": ""1904-03-30"", ""credit"": ""מ. ע. פֿון מאַקס ראָזענטאָל.""}"
person:UP-0016	person	מאַדאַם ליפּצין					unmatched		plays	
person:693	person	בּאָריס טאָמאַשעוו[פ]סקי (בּרוך-אהרן)	Boris Tomashevsky	people_db	693	entry_person_id:P-2-facs_10_tr_1743943373	matched		plays	"{""entry_type"": ""performer"", ""volume"": ""2"", ""span"": ""804-885"", ""birth_date"": ""1886"", ""credit"": ""מ.ע.""}"
person:UP-0017	person	בּינע אַבּראַמזאָן					unmatched		plays	
person:UP-0018	person	אבא שיינגאָלד					unmatched		plays	
person:UP-0019	person	בּעסי טאָמאַשעווסקי					unmatched		plays	
person:UP-0020	person	אסתּר					unmatched		plays	
person:UP-0021	person	מינקאָווסקי					unmatched		plays	
play:NEW-0003	play	שרה שיינדעל					unmatched		plays	
org:115	org	גרענד⸗טעאַטער	Grand Theatre	org_core_db	115		matched		plays	
person:UP-0022	person	פרידזעל					unmatched		plays	
person:UP-0023	person	טאָמאַשעווסקין					unmatched		plays	
org:120	org	פּיפּלס-טעאַטער	People's Theatre NY	org_core_db	120		matched		plays	
person:721	person	דוד קעסלער	David Kessler	people_db	721	entry_person_id:P-4-facs_143_tr_1754377592	matched		plays	"{""entry_type"": ""performer"", ""volume"": ""4"", ""span"": ""2689-2803"", ""birth_date"": ""1860"", ""death_date"": ""1920-05-14"", ""credit"": ""מ. ע. פֿון יצחק אַבערמאַן, ש. ע. פֿון שעפטל זאַק.""}"
org:128	org	סעקאָנד עוועניו טעאַטער	Second Avenue Theatre	org_core_db	128		matched		plays	
person:963	person	סעם שנייער	Sam Shnayer	people_db	963	entry_person_id:P-4-facs_115_tr_1753936446	matched		plays	"{""entry_type"": ""performer"", ""volume"": ""4"", ""span"": ""2633-2642"", ""birth_date"": ""1878"", ""death_date"": ""1915"", ""credit"": ""מ. ע. פֿון יאָזעף קעסלער.""}"
org_cluster:ORG-C04101	org	קעסלערס רוף-גאַרדן		org_cluster	ORG-C04101		matched		plays	
person:842	person	מאָריץ מאָריסאָן (משה קאָהן)	Morris Morrison	people_db	842	entry_person_id:P-2-facs_232_tr_1744280746	matched		plays	"{""entry_type"": ""performer"", ""volume"": ""2"", ""span"": ""1248-1255"", ""birth_date"": ""1885~"", ""death_date"": ""1917-08-28""}"
org_cluster:ORG-C00340_Q04	org	געשאָנאַל-טעאַטער (check)		org_cluster	ORG-C00340_Q04		matched		plays	
person:878	person	מאַקס ראָזענטאַל	Max Rosenthal	people_db	878	entry_person_id:P-4-facs_41_r_2	matched	upgraded from person_entry:P-4-facs_41_r_2	plays	
person:939	person	מאלי פּיקאָן	Molly Picon	people_db	939	entry_person_id:P-3-facs_116_tr_1754820291	matched	upgraded from person_entry:P-3-facs_116_tr_1754820291	plays	"{""volume"": ""3"", ""span"": ""1809-1824"", ""credit"": ""מ. ע. פֿון יעקב קאַליך.""}"
person:UP-0024	person	א. לעבּעדיעוון					unmatched		plays	
org:118	org	נעשאָנאַל-טעאַטער	National Theatre	org_core_db	118		matched		plays	
person:UP-0025	person	שמ“ר-שייקעוויטש					unmatched		plays	
play:NEW-0004	play	דער פעטער פֿון אַמעריקע					unmatched		plays	
person:1597	person	שלמה עטינגער (דר.)	Shlomo Ettinger	people_db	1597	entry_person_id:P-2-facs_385_tr_1744366798	matched		plays	"{""entry_type"": ""writer"", ""volume"": ""2"", ""span"": ""1553-1568"", ""birth_date"": ""1801~"", ""death_date"": ""1856-12-31""}"
person:3224	person	מאַקס וויינרייך (מאיר)	Max Weinreich	people_db	3224	entry_person_id:P-1-facs_361_TextRegion_1710853887337_347	matched		plays	"{""entry_type"": ""writer"", ""volume"": ""1"", ""span"": ""689-689"", ""birth_date"": ""1804-04-22""}"
play:NEW-0005	play	שבתי צבי					unmatched		plays	
person:1651	person	בנימין פישביין	Benjamin Fishbein	people_db	1651	entry_person_id:P-3-facs_398_r_2	matched	upgraded from person_entry:P-3-facs_398_r_2	plays	"{""volume"": ""3"", ""span"": ""2373-2373"", ""credit"": ""ש. ע.""}"
person:UP-0026	person	בן יעקב					unmatched		plays	
person:UP-0027	person	פּראָפ. הורוויץ					unmatched		plays	
org:UO-0001	org	זיינע טרופּעס					unmatched		plays	
person:1316	person	יעקב בּירנבּערג	Jacob Birnberg	people_db	1316	entry_person_id:P-1-facs_101_tr_1740521158	matched		plays	"{""entry_type"": ""performer"", ""volume"": ""1"", ""span"": ""170-170"", ""birth_date"": ""1879-07-09"", ""credit"": ""ש. ע.""}"
place:Q170996	place	גאַלאַץ	Galați	wikidata_qid	Q170996	"{""kima_id"": ""9907"", ""lat"": ""45.423333"", ""lon"": ""28.042500""}"	matched		plays	
person:3089	person	חיים-בּנימין טרייטלער (טשאַרלז)	Chaim Benjamin Treitler	people_db	3089	entry_person_id:P-2-facs_54_r_13	matched		plays	"{""entry_type"": ""performer"", ""volume"": ""2"", ""span"": ""892-892"", ""birth_date"": ""1853"", ""death_date"": ""1916-05-04"", ""credit"": ""ש. ע. פֿוּן מאַלווינע לאָבּעל אין דזשין גרינפעלד.""}"
person:761	person	יאָזעף קעסלער	Joseph Kessler	people_db	761	entry_person_id:P-4-facs_261_tr_1754998424	matched		plays	"{""entry_type"": ""performer"", ""volume"": ""4"", ""span"": ""2925-2930"", ""birth_date"": ""1881"", ""death_date"": ""1933-02-22""}"
person:927	person	איזעלאַ לאַטיינער (גיטעלע פינקעלשטיין)	Izela Lateiner (Gitele Finkelshteyn)	people_db	927	entry_person_id:P-2-facs_90_tr_1744131418	matched		plays	"{""entry_type"": ""writer"", ""volume"": ""2"", ""span"": ""964-964"", ""birth_date"": ""1860"", ""death_date"": ""1909-12-30"", ""credit"": ""מ. ע. פֿון איר מאַן יאָזעף לאַטיינער.""}"
person:1323	person	יחיאל בּלאַנק	Yekhiel Blank	people_db	1323	entry_person_id:P-1-facs_102_tr_1740521060	matched		plays	"{""entry_type"": ""performer"", ""volume"": ""1"", ""span"": ""171-171"", ""credit"": ""מ. ע. פֿון יעקב קאָצמאַן.""}"
org:817	org	לאטיינערס און מאָגולעסקאָס טרופּע	לאטיינערס און מאָגולעסקאָס טרופּע	org_core_db	817		matched		plays	
play:NEW-0006	play	חתן כלה מזל-טוכ					unmatched		plays	
person:2304	person	איזידאָר ליליען	Isidore Lillian	people_db	2304	entry_person_id:P-2-facs_148_r	matched		plays	"{""entry_type"": ""writer"", ""volume"": ""2"", ""span"": ""1079-1083"", ""birth_date"": ""1882-09-07"", ""credit"": ""מ. און ש. ע.""}"
org:176	org	ליריק-טעאַטער	Lyric Theatre	org_core_db	176		matched		plays	
person:1339	person	אברהם בּלום	Abraham Blum	people_db	1339	entry_person_id:P-1-facs_103_tr_1740521114	matched		plays	"{""entry_type"": ""writer"", ""volume"": ""1"", ""span"": ""174-175"", ""birth_date"": ""1893-07-15"", ""credit"": ""ש. ע.""}"
org:282	org	האָפּקינסאָן-טעאָטער	Hopkinson Theatre	org_core_db	282		matched		plays	
person:1716	person	מאַקס געבּיל (מנחם-מענדעל, נחום)	Max Gabel	people_db	1716	entry_person_id:P-1-facs_261_tr_1741260190	matched		plays	"{""entry_type"": ""performer"", ""volume"": ""1"", ""span"": ""490-494"", ""birth_date"": ""1877-12-24"", ""credit"": ""מ. ע.""}"
play:NEW-0007	play	אוצר					unmatched		plays	
person:1336	person	לופּוס בּלומענפעלד (זאב)	Lupus Bloomenfeld	people_db	1336	entry_person_id:P-1-facs_105_tr_1740521090	matched		plays	"{""entry_type"": ""writer"", ""volume"": ""1"", ""span"": ""178-179"", ""birth_date"": ""1889-11-17"", ""death_date"": ""1929-11-16"", ""credit"": ""ש. ע..""}"
person:1324	person	יהודה בלייך	Yehuda Bleich	people_db	1324	entry_person_id:P-1-facs_106_r_2	matched		plays	"{""entry_type"": ""performer"", ""volume"": ""1"", ""span"": ""180-180"", ""birth_date"": ""1901-02-27"", ""credit"": ""ש. ע.""}"
org_cluster:ORG-C01387_Q01	org	יידישן טעאַטער		org_cluster	ORG-C01387_Q01		matched		plays	
place:Q1741	place	וויען	Vienna	wikidata_qid	Q1741	"{""kima_id"": ""945"", ""lat"": ""48.208333"", ""lon"": ""16.372500""}"	matched		plays	
org:UO-0002	org	"דראָמאָטישן קלוב פֿון פֿאַריין ""ציון“"					unmatched		plays	
play:NEW-0008	play	גרינע פעלדער					unmatched		plays	
person:2275	person	א. לעיעלעס (אהרן גלאַנץ)	A. Leyeles	people_db	2275	entry_person_id:P-1-facs_259_r_2	matched		plays	"{""entry_type"": ""writer"", ""volume"": ""1"", ""span"": ""485-485""}"
org_cluster:ORG-C06983	org	„דאָס נייע אידישע טעאַטער“		org_cluster	ORG-C06983		matched		plays	
person:859	person	בּערל בּערנשטיין (בּורשטין)	Berl Bernstein	people_db	859	entry_person_id:P-1-facs_120_tr_1740521118	matched		plays	"{""entry_type"": ""performer"", ""volume"": ""1"", ""span"": ""207-208"", ""birth_date"": ""1860"", ""death_date"": ""1992-08-29"", ""credit"": ""מ. ע. פֿון בערנשטיינס ברודער, ה. פּיינשטיין, מאָקס ראָזענטאָל און ראובן ווייסמאַן.""}"
play:NEW-0009	play	האוצר					unmatched		plays	
person:1499	person	אייזיק דיק (יצחק)	Isaac Meir Dick	people_db	1499	entry_person_id:P-1-facs_298_tr_1741260446	matched		plays	"{""entry_type"": ""writer"", ""volume"": ""1"", ""span"": ""564-564"", ""birth_date"": ""1807"", ""death_date"": ""1893-01-24""}"
org:266	org	הבימה	Habima	org_core_db	266		matched		plays	
place:Q155321	place	ארץ ישראל	Land of Israel	wikidata_qid	Q155321	"{""kima_id"": ""2501"", ""lat"": ""31.0"", ""lon"": ""35.0""}"	matched		plays	
play:NEW-0010	play	דוד און בת-שבע					unmatched		plays	
person:1400	person	משה בּראַדערזאָהן	Moshe Broderzon	people_db	1400	entry_person_id:P-1-facs_124_tr_1740520978	matched		plays	"{""entry_type"": ""writer"", ""volume"": ""1"", ""span"": ""215-215"", ""birth_date"": ""1890-11-28""}"
org:809	org	טרופּע פֿון א. י. קאַמינסקי	טרופּע פֿון א. י. קאַמינסקי	org_core_db	809		matched		plays	
person:3183	person	הערמאַן ווילד	Herman Vild	people_db	3183	entry_person_id:P-1-facs_131_tr_1740521160	matched		plays	"{""entry_type"": ""performer"", ""volume"": ""1"", ""span"": ""230-230"", ""credit"": ""מ. ע. פֿון סעם לודוויק.""}"
person:UP-0028	person	הורוויץ					unmatched		plays	
person:2309	person	הענעך לינעצקי	Henekh Linetsky	people_db	2309	entry_person_id:P-1-facs_132_r_13	matched		plays	"{""entry_type"": ""performer"", ""volume"": ""1"", ""span"": ""231-231"", ""credit"": ""מ. ע. פֿון סעם לודוויק.""}"
person:1406	person	חיים בּראָמבּערג	Chaim Bromberg	people_db	1406	entry_person_id:P-1-facs_135_tr_1740521022	matched		plays	"{""entry_type"": ""performer"", ""volume"": ""1"", ""span"": ""238-238""}"
org:UO-0003	org	שילער פֿון דער ראָבינערשול					unmatched		plays	
place:Q158799	place	בערדיטשעוו	Berdychiv	wikidata_qid	Q158799	"{""kima_id"": ""571"", ""lat"": ""49.891944"", ""lon"": ""28.600000""}"	matched		plays	
person:3487	person	וואָלף קאַמראַש		people_db	3487	entry_person_id:P-4-facs_51_r	matched		plays	"{""entry_type"": ""writer"", ""volume"": ""4"", ""span"": ""2506-2512"", ""birth_date"": ""1822""}"
person:UP-0029	person	בנימין ראָבינאָוויטש					unmatched		plays	
person:UP-0030	person	דוד באַהוסלאָווסקי					unmatched		plays	
person:UP-0031	person	משה שעפטעלזאָן					unmatched		plays	
person:UP-0032	person	קהות פּראָסיאָן					unmatched		plays	
person:UP-0033	person	יעקב טאָט					unmatched		plays	
person:1871	person	אליעזר גאריעלאָוו	Eliezer Gorielow	people_db	1871	entry_person_id:P-1-facs_249_tr_1741260208	matched		plays	"{""entry_type"": ""administrator"", ""volume"": ""1"", ""span"": ""466-466"", ""birth_date"": ""1890-11-20"", ""credit"": ""מ. ע.""}"
person:UP-0034	person	בער האַרנשטיין					unmatched		plays	
person:1407	person	דוד בּראָנשטיין	David Bronshteyn	people_db	1407	entry_person_id:P-1-facs_136_tr_1740521130	matched		plays	"{""entry_type"": ""performer"", ""volume"": ""1"", ""span"": ""239-239"", ""credit"": ""מ. ע. פֿון אַברהם טייטעלבוים און י. פישעלעוויטש.""}"
person:696	person	אברהם-מיכל שאַרקאַנסקי	Abraham Michal Scharkansky	people_db	696	entry_person_id:P-4-facs_43_r	matched		plays	"{""entry_type"": ""writer"", ""volume"": ""4"", ""span"": ""2490-2496"", ""birth_date"": ""1869-09-08"", ""death_date"": ""1907-06-27""}"
play:NEW-0011	play	דער קרבן					unmatched		plays	
person:852	person	יוסף בּרוידי	Joseph Brody	people_db	852	entry_person_id:P-1-facs_136_tr_1740521135	matched		plays	"{""entry_type"": ""composer"", ""volume"": ""1"", ""span"": ""240-240"", ""birth_date"": ""1877-02-12"", ""credit"": ""מ. ע.""}"
person:1383	person	פּאול בּרייטמאן	Paul Breitman	people_db	1383	entry_person_id:P-1-facs_138_tr_1740521018	matched		plays	"{""entry_type"": ""performer"", ""volume"": ""1"", ""span"": ""244-244"", ""birth_date"": ""1890-05-05"", ""credit"": ""מ. ע.""}"
org:161	org	מוראַנאָווער טעאַטער	Muranover Yiddish Teater	org_core_db	161		matched		plays	
person:2459	person	ליאָסע מייערסאָן	Lyosa Meyerson	people_db	2459	entry_person_id:P-2-facs_259_tr_1744280735	matched		plays	"{""entry_type"": ""performer"", ""volume"": ""2"", ""span"": ""1302-1302"", ""birth_date"": ""1909"", ""credit"": ""ש. ע. פֿון מאַרק לייפציקער.""}"
person:2735	person	ליזע ראַפּעל (שולמית)	Lisa Rappel	people_db	2735	entry_person_id:P-6-facs_244_tr_1747928999	matched		plays	"{""entry_type"": ""performer"", ""volume"": ""6"", ""span"": ""5322-5322"", ""birth_date"": ""1886-02-05"", ""death_date"": ""1904-09-09"", ""credit"": ""מ. ע. פֿון מרס. גער.""}"
person:3612	person	רעגינאַ קאַמינסקאַ		people_db	3612	entry_person_id:P-6-facs_224_tr_1747929007	matched		plays	"{""entry_type"": ""performer"", ""volume"": ""6"", ""span"": ""5282-5284"", ""birth_date"": ""1894"", ""death_date"": ""1913-09-28"", ""credit"": ""מ. ע. פֿון אידא קאַמינסקאָ.""}"
person:2891	person	הערמאַן סיעראָצקי	Herman Serotsky	people_db	2891	entry_person_id:P-2-facs_356_tr_1744365750	matched		plays	"{""entry_type"": ""performer"", ""volume"": ""2"", ""span"": ""1496-1497"", ""birth_date"": ""1880"", ""credit"": ""ש. ע.""}"
person:1382	person	עגאָן בּרעכער	Egon Brecher	people_db	1382	entry_person_id:P-1-facs_140_tr_1740521122	matched		plays	"{""entry_type"": ""performer"", ""volume"": ""1"", ""span"": ""248-248"", ""birth_date"": ""1880-02-18"", ""credit"": ""ש. ע.""}"
venue:UV-0004	venue	קאָמעדיע-הויז					unmatched		plays	
person:3816	person	רודאָלף שילדקרויט (חיים-מרדכי)		people_db	3816	entry_person_id:P-4-facs_207_tr_1754998369	matched		plays	"{""entry_type"": ""performer"", ""volume"": ""4"", ""span"": ""2817-2897"", ""birth_date"": ""1862"", ""death_date"": ""1930-07-15"", ""credit"": ""מ. ע. פֿון יעקב בלייפער און זלמן לעהרער.""}"
play:NEW-0012	play	ישיבה-בחור					unmatched		plays	
person:757	person	לייבּוש גאָלד	Leibush Gold	people_db	757	entry_person_id:P-1-facs_147_tr_1740521016	matched		plays	"{""entry_type"": ""performer"", ""volume"": ""1"", ""span"": ""261-261"", ""birth_date"": ""186"", ""death_date"": ""1922-02-26"", ""credit"": ""מ. ע. פֿון מאַקס ראָזענטאָל און דיינע פּיינמאַן.""}"
play:NEW-0013	play	דער טערק פֿון ירושלים					unmatched		plays	
person:1803	person	הערמאַן גאָלד (הלל גורני)	Herman Gold	people_db	1803	entry_person_id:P-1-facs_147_tr_1740521038	matched		plays	"{""entry_type"": ""writer"", ""volume"": ""1"", ""span"": ""261-261"", ""birth_date"": ""1888"", ""credit"": ""מ. ע.""}"
person:1826	person	איציקל גאָלדענבּורג	Itsikl Goldenberg	people_db	1826	entry_person_id:P-1-facs_153_tr_1740521008	matched		plays	"{""entry_type"": ""performer"", ""volume"": ""1"", ""span"": ""273-273"", ""birth_date"": ""1872-01-01""}"
person:804	person	אברהם גאָלדפאַדען (גאָלדענפאָדים)	Abraham Goldfaden	people_db	804	entry_person_id:P-1-facs_154_tr_1714741532	matched		plays	"{""entry_type"": ""performer"", ""volume"": ""1"", ""span"": ""275-286"", ""birth_date"": ""1840-07-12""}"
person:981	person	שלום פּערלמוטער	Sholem Perlmutter	people_db	981	entry_person_id:P-3-facs_133_tr_1755157303	matched	upgraded from person_entry:P-3-facs_133_tr_1755157303	plays	"{""volume"": ""3"", ""span"": ""1843-1846"", ""credit"": ""ש. און מ. ע.""}"
place:Q1345	place	פילאדעלפיע	Philadelphia	wikidata_qid	Q1345	"{""kima_id"": ""408"", ""lat"": ""39.952778"", ""lon"": ""-75.163611""}"	matched		plays	
person:2085	person	ג.א. קאַראַלס	G.A. Karlos	people_db	2085	entry_person_id:P-7-facs_68_tr_1756359770	matched		plays	"{""entry_type"": ""performer"", ""volume"": ""7"", ""span"": ""6271-6271"", ""birth_date"": ""1888-07-20"", ""credit"": ""ש. ע. פֿון מאַרק לייפּציקער.""}"
person:UP-0035	person	גאָלדשטיין					unmatched		plays	
person:UP-0036	person	מאָגולעסקאָ					unmatched		plays	
venue:UV-0005	venue	אָדעסער האַנטווערקער קלוב					unmatched		plays	
person:922	person	יעקב קאַליך	Jacob Kalich	people_db	922	entry_person_id:P-4-facs_616_tr_1755029946	matched		plays	"{""entry_type"": ""director_regisseur"", ""volume"": ""4"", ""span"": ""3636-3638"", ""birth_date"": ""1891-11-18"", ""credit"": ""ש. ע.""}"
person_entry:P-1-facs_174_region_1715799875093_402	person	געצייכנט פון אברהם גאָלדפאַדען		entry_person_id	P-1-facs_174_region_1715799875093_402		matched		plays	"{""entry_type"": ""writer"", ""volume"": ""1"", ""span"": ""316-324""}"
venue:UV-0006	venue	ראָשעשואַר					unmatched		plays	
place:Q90	place	פאריז	Paris	wikidata_qid	Q90	"{""kima_id"": ""419"", ""lat"": ""48.856667"", ""lon"": ""2.352222""}"	matched		plays	
org_cluster:ORG-C02784	org	"פֿאַריין ""ציון"""		org_cluster	ORG-C02784		matched		plays	
person:1978	person	זיגמונט האַרט	Zigmunt Hart	people_db	1978	entry_person_id:P-1-facs_310_tr_1741260423	matched		plays	"{""entry_type"": ""performer"", ""volume"": ""1"", ""span"": ""588-588"", ""birth_date"": ""1866-04-20"", ""credit"": ""מ. ע.""}"
person:2423	person	נחמן מייזיל	Nachman Mayzel	people_db	2423	entry_person_id:P-2-facs_255_tr_1744280702	matched		plays	"{""entry_type"": ""writer"", ""volume"": ""2"", ""span"": ""1294-1294"", ""birth_date"": ""1887"", ""credit"": ""מ. ע.""}"
org_cluster:ORG-C06054	org	דר. הערצל ציון-קלאָב		org_cluster	ORG-C06054		matched		plays	
person_entry:P-1-facs_184_tr_1714741505	person	דער געדענק-טאָוול אין מאַריענבאַד		entry_person_id	P-1-facs_184_tr_1714741505		matched		plays	"{""entry_type"": ""writer"", ""volume"": ""1"", ""span"": ""335-353""}"
play:NEW-0014	play	דיא וואַרהייט					unmatched		plays	
person:1109	person	איזאָק אַבּראַמאָוויטש	Isaak Abramovitsh	people_db	1109	entry_person_id:P-1-facs_18_TextRegion_1711991763648_2536	matched		plays	"{""entry_type"": ""writer"", ""volume"": ""1"", ""span"": ""4-4"", ""birth_date"": ""1873-05-10"", ""credit"": ""ש. ע.""}"
org_cluster:ORG-C05325	org	טעאַטער זשיננוצא		org_cluster	ORG-C05325		matched		plays	
person:UP-0037	person	א. גאָלדפאַדען					unmatched		plays	
person:1831	person	פּאולינע גאָלדפאַדען (פּאָליע ווערבעל)	Paulina Goldfaden	people_db	1831	entry_person_id:P-1-facs_202_tr_1741260239	matched		plays	"{""entry_type"": ""administrator"", ""volume"": ""1"", ""span"": ""372-373"", ""birth_date"": ""1845"", ""death_date"": ""1910-09-08"", ""credit"": ""מ. ע. פֿון איר שוואַגער שמעיה גאָלדפאַדען.""}"
person:1849	person	דזשאן גאָלדשטיין (יעקב)	Jacob Goldstein	people_db	1849	entry_person_id:P-1-facs_205_tr_1741260267	matched		plays	"{""entry_type"": ""performer"", ""volume"": ""1"", ""span"": ""378-379"", ""birth_date"": ""1896"", ""credit"": ""מ. ע. פֿון אסתר וואָלערשטיין.""}"
person:UP-0038	person	מאָקס ר. וויינער					unmatched		plays	
person:897	person	דזשעני גאָלדשטיין	Jennie Goldstein	people_db	897	entry_person_id:P-1-facs_205_tr_1741260275	matched		plays	"{""entry_type"": ""performer"", ""volume"": ""1"", ""span"": ""378-378"", ""credit"": ""ש. ע.""}"
venue:UV-0007	venue	ביי טרייטלערן					unmatched		plays	
person:1851	person	יעקב גאָלדשטיין	Joseph Goldstein	people_db	1851	entry_person_id:P-1-facs_83_r_2	matched		plays	"{""entry_type"": ""performer"", ""volume"": ""1"", ""span"": ""133-133""}"
org:1775	org	מעטראָפּאָליטאָן מוזיק האָל		org_core_db	1775		matched		plays	
person:1843	person	יחיאל גאָלדשמידט	Yechiel Goldsmith	people_db	1843	entry_person_id:P-1-facs_208_tr_1741260252	matched		plays	"{""entry_type"": ""performer"", ""volume"": ""1"", ""span"": ""384-384"", ""birth_date"": ""1889-10-18"", ""death_date"": ""1929-07-28"", ""credit"": ""מ. ע.""}"
play:NEW-0015	play	קידוש השם					unmatched		plays	
person:1722	person	יצחק גאניקמאַן	Itzhak Ganikman	people_db	1722	entry_person_id:P-1-facs_211_tr_1741260276	matched		plays	"{""entry_type"": ""writer"", ""volume"": ""1"", ""span"": ""390-390"", ""birth_date"": ""1876""}"
person:698	person	יעקב גאָרדין	Jacob Gordin	people_db	698	entry_person_id:P-1-facs_212_tr_1741260189	matched		plays	"{""entry_type"": ""writer"", ""volume"": ""1"", ""span"": ""392-461"", ""birth_date"": ""1853-05-01"", ""death_date"": ""1909-06-10"", ""credit"": ""מ. ע. פֿון מיכל גאָלדבערג, לעאָן גאָטליב, יוליוס אַדלער און יעקב מעסטעל.""}"
org:132	org	יוניאָן-טעאַטער	Union Theatre	org_core_db	132		matched		plays	
play:NEW-0016	play	דער יידישער גלח					unmatched		plays	
person:UP-0039	person	יעקב פ. אַדלער					unmatched		plays	
person:1999	person	לואיס היימאַן (לואיס הערמאַן)	Louis Heyman	people_db	1999	entry_person_id:P-1-facs_320_tr_1741260426	matched		plays	"{""entry_type"": ""performer"", ""volume"": ""1"", ""span"": ""607-607"", ""birth_date"": ""1878"", ""credit"": ""ש. ע.""}"
place:Q46	place	אייראָפּע	Europe	wikidata_qid	Q46	"{""kima_id"": """", ""lat"": """", ""lon"": """"}"	matched		plays	
person:714	person	זיגמונד פיינמאַן	Sigmund Feinman	people_db	714	entry_person_id:P-4-facs_70_r	matched		plays	"{""entry_type"": ""performer"", ""volume"": ""4"", ""span"": ""2544-2560"", ""birth_date"": ""1862-04-28"", ""death_date"": ""1909-07-01"", ""credit"": ""מ. ע. פֿון דיינע פֿיינמאַן.""}"
person:UP-0040	person	ש. טאָבאַטשניקאָוו					unmatched		plays	
person:1010	person	ראזא זיגלער	Rosa Zigler	people_db	1010		matched		plays	
org:840	org	פרייע יידישע פֿאָלקס-בינע	פרייע יידישע פֿאָלקס-בינע - עסטרייך	org_core_db	840		matched		plays	
person:UP-0041	person	סעראָ אָדלער					unmatched		plays	
person:706	person	יעקב אַדלער (יעקב בּן פּנחס)	Jacob P. Adler	people_db	706	entry_person_id:P-1-facs_23_r	matched		plays	"{""entry_type"": ""performer"", ""volume"": ""1"", ""span"": ""13-27"", ""birth_date"": ""1855-01-01"", ""death_date"": ""1926-03-31"", ""credit"": ""מ. ע. פון יעקב קאַצמאַן, פּראָפ. שטויב, אַנשעל שאָר, זיגמונט שוואַרץ, ה. פיינשטיין און איזידאָר קעשיער.""}"
play:NEW-0017	play	דער קאָרטן שפּילער					unmatched		plays	
person:890	person	בּ. גאָרין (יצחק גוידא-הוידא)	B. Gorin	people_db	890	entry_person_id:P-1-facs_248_tr_1741260287	matched		plays	"{""entry_type"": ""writer"", ""volume"": ""1"", ""span"": ""463-465"", ""birth_date"": ""1868-04-13"", ""death_date"": ""1925-04-13"", ""credit"": ""ש. ע. פֿון פרוי ע. גאָרין""}"
person:UP-0042	person	עליזאָבעט					unmatched		plays	
person:1764	person	לואי גילראָד	Louie Gilrod	people_db	1764	entry_person_id:P-1-facs_255_tr_1741260322	matched		plays	"{""entry_type"": ""writer"", ""volume"": ""1"", ""span"": ""478-478"", ""birth_date"": ""1879-09-10"", ""death_date"": ""1939-03-12"", ""credit"": ""מ. ע.""}"
org_cluster:ORG-C05715	org	דראַמאַטישן-קלוב		org_cluster	ORG-C05715		matched		plays	
place:Q25395	place	נוארק	Newark	wikidata_qid	Q25395	"{""kima_id"": ""7180"", ""lat"": ""40.735556"", ""lon"": ""-74.172222""}"	matched		plays	
person:1763	person	בּער גילמאַן	Ben Gilman	people_db	1763	entry_person_id:P-1-facs_255_tr_1741260331	matched		plays	"{""entry_type"": ""administrator"", ""volume"": ""1"", ""span"": ""478-478"", ""birth_date"": ""1889-11-14"", ""credit"": ""מ. ע.""}"
person:UP-0043	person	שאָרקאָנסקיס					unmatched		plays	
person:1774	person	אַדעלאַ גינזבּורג	Adela Ginzburg	people_db	1774	entry_person_id:P-1-facs_256_tr_1741260273	matched		plays	"{""entry_type"": ""performer"", ""volume"": ""1"", ""span"": ""480-480"", ""birth_date"": ""1893-05-18"", ""credit"": ""ש. ע.""}"
org_cluster:ORG-C00167	org	ליבהאָבער		org_cluster	ORG-C00167		matched		plays	
person:1794	person	מעכעלע גליקמאַן	Mekhele Glikman	people_db	1794	entry_person_id:P-1-facs_260_tr_1741260284	matched		plays	"{""entry_type"": ""performer"", ""volume"": ""1"", ""span"": ""488-488"", ""birth_date"": ""1849~"", ""death_date"": ""1923-24"", ""credit"": ""מ. ע. פֿון שרה עטינגער, חיים טויבער, יצחק ליברעסקאַ, איציקל גאָלדענבערג, משה שאָר און יעקב מעסטעל.""}"
org_cluster:ORG-C06198	org	יאָנג היברוס דראָמאָטיק קלאָב		org_cluster	ORG-C06198		matched		plays	
place:Q37320	place	קליוולאנד	Cleveland	wikidata_qid	Q37320	"{""kima_id"": ""402"", ""lat"": ""41.499167"", ""lon"": ""-81.694722""}"	matched		plays	
person:UP-0044	person	יאָריכאָווסקי					unmatched		plays	
org_cluster:ORG-C06202	org	געבילם סטאָר טעאַטער		org_cluster	ORG-C06202		matched		plays	
venue:UV-0008	venue	8 פֿאָרסייט-סטריט					unmatched		plays	
venue:UV-0009	venue	קאָמעדיע טעאַטער אויף סאָפֿאָלק סטריט					unmatched		plays	
org_cluster:ORG-C00988	org	ברוקלינער ליריק-טעאַטער		org_cluster	ORG-C00988		matched		plays	
person:UP-0045	person	אסתר באָלטיק					unmatched		plays	
person:1753	person	אַדאָלף גערטנער	Adolf Gertner	people_db	1753	entry_person_id:P-1-facs_266_tr_1741260241	matched		plays	"{""entry_type"": ""performer"", ""volume"": ""1"", ""span"": ""499-499"", ""birth_date"": ""1879-03-24"", ""credit"": ""ש. ע.""}"
org:421	org	טרייטלערס טרופּע	Treitler Troupe	org_core_db	421		matched		plays	
place:Q157725	place	טשערנאוויץ	Chernivtsi	wikidata_qid	Q157725	"{""kima_id"": ""6918"", ""lat"": ""48.290833"", ""lon"": ""25.934444""}"	matched		plays	
person:UP-0046	person	פֿאָטער					unmatched		plays	
person:1756	person	דזשעני גערטנער (שיינדל שטערן)	Jennie Gertner	people_db	1756	entry_person_id:P-1-facs_267_tr_1741260282	matched		plays	"{""entry_type"": ""performer"", ""volume"": ""1"", ""span"": ""501-501"", ""birth_date"": ""1895-08-10"", ""credit"": ""ש. ע. פֿון אַדאָלף גערטנער.""}"
place:Q37836	place	מילוואקי	Milwaukee	wikidata_qid	Q37836	"{""kima_id"": ""7493"", ""lat"": ""43.050000"", ""lon"": ""-87.950000""}"	matched		plays	
person:1744	person	א. גערמאַן	A.M. German	people_db	1744	entry_person_id:P-1-facs_267_tr_1741260292	matched		plays	"{""entry_type"": ""performer"", ""volume"": ""1"", ""span"": ""502-502"", ""birth_date"": ""1901-03-03"", ""credit"": ""ש. ע.""}"
org_cluster:ORG-C03605	org	טעאַטראַלן אינסטיטוט		org_cluster	ORG-C03605		matched		plays	
place:Q649	place	מאסקווע	Moscow	wikidata_qid	Q649	"{""kima_id"": ""188"", ""lat"": ""55.750556"", ""lon"": ""37.617500""}"	matched		plays	
person:900	person	ישראל גראַדנער (ראָזענפעלד)	Yisroel Gradner	people_db	900	entry_person_id:P-1-facs_270_r_2	matched		plays	"{""entry_type"": ""performer"", ""volume"": ""1"", ""span"": ""508-514"", ""death_date"": ""1887-04""}"
play:NEW-0018	play	די גרינע פעלדער					unmatched		plays	
person:2006	person	פּרץ הירשבּיין	Peretz Hirshbein	people_db	2006	entry_person_id:P-1-facs_323_tr_1741260490	matched		plays	"{""entry_type"": ""writer"", ""volume"": ""1"", ""span"": ""613-627"", ""birth_date"": ""1881-11-26"", ""credit"": ""מ. און ש. ע.""}"
org_cluster:ORG-C06285	org	אָנגלאָ-דזשויש פּלעי-האוז		org_cluster	ORG-C06285		matched		plays	
person:1925	person	שלמה גראָסמאַן	Shlomo Grossman	people_db	1925	entry_person_id:P-1-facs_278_r_2	matched		plays	"{""entry_type"": ""administrator"", ""volume"": ""1"", ""span"": ""524-524"", ""birth_date"": ""1893-06-23"", ""death_date"": ""1930-08-05"", ""credit"": ""מ. ע. פֿון יעקב מעסטעל.""}"
person:1885	person	פּיטער גראַף (פּתחיה)	Peter Graf	people_db	1885	entry_person_id:P-1-facs_279_r_9_1	matched		plays	"{""entry_type"": ""performer"", ""volume"": ""1"", ""span"": ""526-526"", ""birth_date"": ""1873"", ""credit"": ""ש. ע.""}"
org:257	org	גימפּעלס טרופּע	Gimpel Theatre	org_core_db	257		matched		plays	
person:UP-0047	person	עסקרייז					unmatched		plays	
person:1932	person	אַננאַ גרושקאָף	Anna Grushkof	people_db	1932	entry_person_id:P-1-facs_281_tr_1741260294	matched		plays	"{""entry_type"": ""performer"", ""volume"": ""1"", ""span"": ""530-530"", ""credit"": ""ש. ע.""}"
org:187	org	ביי אָנשעל שאָר	Anshel Schorr's Troupe	org_core_db	187		matched		plays	
person:UP-0048	person	רומשינסקי					unmatched		plays	
person:741	person	צעזאר גרינבּערג (בּצלאל)	Caesar Greenberg	people_db	741	entry_person_id:P-1-facs_283_tr_1741260236	matched		plays	"{""entry_type"": ""performer"", ""volume"": ""1"", ""span"": ""534-534"", ""birth_date"": ""1855-03-15"", ""credit"": ""ש. ע.""}"
place:Q84	place	לאנדאן	London	wikidata_qid	Q84	"{""kima_id"": ""688"", ""lat"": ""51.507222"", ""lon"": ""-0.127500""}"	matched		plays	
org_cluster:ORG-C06312	org	ביבלישע הייסטאָרישע אָפּערן-געזעלשאָפט		org_cluster	ORG-C06312		matched		plays	
venue:UV-0010	venue	סט. לואיסער אויסשטעלונג					unmatched		plays	
place:Q38022	place	סאנט לואיס	St. Louis	wikidata_qid	Q38022	"{""kima_id"": ""109"", ""lat"": ""38.626389"", ""lon"": ""-90.199444""}"	matched		plays	
person:1509	person	לאה דאָלינגער	Leah Dolinger	people_db	1509	entry_person_id:P-1-facs_286_TextRegion_1711970330752_148	matched		plays	"{""entry_type"": ""performer"", ""volume"": ""1"", ""span"": ""540-540""}"
org_cluster:ORG-C05671	org	ציון		org_cluster	ORG-C05671		matched		plays	
person:1471	person	וואָלף דארעלין (אייזנשטיין)	Wolf Darelin	people_db	1471	entry_person_id:P-1-facs_288_tr_1741260227	matched		plays	"{""entry_type"": ""performer"", ""volume"": ""1"", ""span"": ""543-543"", ""birth_date"": ""1898"", ""credit"": ""ש. ע.""}"
person:UP-0049	person	לאָבל					unmatched		plays	
person:2655	person	דוד פּינסקי	David Pinski	people_db	2655	entry_person_id:P-3-facs_92_r	matched	upgraded from person_entry:P-3-facs_92_r	plays	
org:261	org	גאָלדענע פּאַווע	Goldene pave	org_core_db	261		matched		plays	
person:UP-0050	person	אַנסקיס					unmatched		plays	
person:1484	person	יואל-דוד דעמבּיצער	Yoel David Dembitser	people_db	1484	entry_person_id:P-1-facs_299_tr_1741260436	matched		plays	"{""entry_type"": ""writer"", ""volume"": ""1"", ""span"": ""566-566"", ""birth_date"": ""1886-05-16"", ""death_date"": ""1924-04-30""}"
person:UP-0051	person	י. ראָטערסמאַן					unmatched		plays	
person:1955	person	האבּער	? Haber	people_db	1955	entry_person_id:P-1-facs_302_tr_1741260413	matched		plays	"{""entry_type"": ""performer"", ""volume"": ""1"", ""span"": ""572-572""}"
person:UP-0052	person	טאָמאָשעווסקי					unmatched		plays	
person:724	person	רודאלף מארקס (ראדקינסאן)	Rudolph Marks	people_db	724	entry_person_id:P-2-facs_243_tr_1744280772	matched		plays	"{""entry_type"": ""performer"", ""volume"": ""2"", ""span"": ""1269-1272"", ""birth_date"": ""1887"", ""death_date"": ""1930-05-06""}"
person_entry:P-1-facs_302_tr_1741260418	person	"„האור"""		entry_person_id	P-1-facs_302_tr_1741260418		matched		plays	"{""entry_type"": ""group"", ""volume"": ""1"", ""span"": ""572-572"", ""birth_date"": ""1921"", ""death_date"": ""1922"", ""credit"": ""מ. ע. פֿון יצחק מעסטעל.""}"
org:UO-0004	org	די טרופּע					unmatched		plays	
person:2025	person	קלאַראַ האָניגמאַן (גאָלדענבּערג)	Clara Honigman	people_db	2025	entry_person_id:P-1-facs_308_tr_1741260512	matched		plays	"{""entry_type"": ""administrator"", ""volume"": ""1"", ""span"": ""584-584"", ""birth_date"": ""1900-06-22"", ""credit"": ""מ. ע.""}"
person:1975	person	בּערטא האַרט (מאַהלער)	Bertha Hart	people_db	1975	entry_person_id:P-1-facs_310_tr_1741260419	matched		plays	"{""entry_type"": ""performer"", ""volume"": ""1"", ""span"": ""587-587"", ""birth_date"": ""1887-10-14"", ""credit"": ""ש. ע.""}"
person:1768	person	יעקב-בּער גימפּעל	Yaakov Ber Gimpel	people_db	1768	entry_person_id:P-1-facs_256_tr_1741260264	matched		plays	"{""entry_type"": ""administrator"", ""volume"": ""1"", ""span"": ""479-479"", ""birth_date"": ""1840"", ""death_date"": ""1906-01"", ""credit"": ""ש. ע. פֿון יוסף וויינשטאָק און מ. ע. פֿון פּיטער גראָף.""}"
person:1976	person	הערש האַרט	Hersh Hart	people_db	1976	entry_person_id:P-1-facs_310_tr_1741260420	matched		plays	"{""entry_type"": ""performer"", ""volume"": ""1"", ""span"": ""587-587"", ""birth_date"": ""1897-05-07"", ""credit"": ""ש. ע.""}"
play:NEW-0019	play	שמשון הגבור					unmatched		plays	
person:2875	person	אַלבּערט סגעאַלעסקאׇ	Albert Segalesko	people_db	2875	entry_person_id:P-5-facs_356_tr_1739222186	matched	upgraded from person_entry:P-5-facs_356_tr_1739222186	plays	"{""entry_type"": ""performer"", ""volume"": ""2"", ""span"": ""1509-1509"", ""birth_date"": ""1889-12-19"", ""credit"": ""ש. ע.""}"
person:740	person	סעם אַדלער	Sam Adler	people_db	740	entry_person_id:P-1-facs_31_r	matched		plays	"{""entry_type"": ""director_regisseur"", ""volume"": ""1"", ""span"": ""30-32"", ""birth_date"": ""1868~"", ""death_date"": ""1925-11-26"", ""credit"": ""מ. ע פון משה שאַר און לאַזאַר פריד.""}"
place:UPL-0001	place	גאַליצישער פּראָווינץ					unmatched		plays	
person:1026	person	משה שאָר (שור) (שור)	Moshe Schor	people_db	1026	entry_person_id:P-4-facs_123_tr_1753936429	matched		plays	"{""entry_type"": ""writer"", ""volume"": ""4"", ""span"": ""2650-2660"", ""birth_date"": ""1872-04-11"", ""death_date"": ""1949-09-28""}"
person:702	person	משה היינע-חיימאָוויטש	Morris (Heine) Haimowitz	people_db	702	entry_person_id:P-1-facs_320_tr_1741260434	matched		plays	"{""entry_type"": ""performer"", ""volume"": ""1"", ""span"": ""608-609"", ""birth_date"": ""1853-02-15"", ""credit"": ""מ. ע.""}"
play:NEW-0020	play	חנה מיט די זיבן זין					unmatched		plays	
person:2005	person	דוד הירש	David Hirsh	people_db	2005	entry_person_id:P-1-facs_322_tr_1741260436	matched		plays	"{""entry_type"": ""composer"", ""volume"": ""1"", ""span"": ""611-611"", ""birth_date"": ""1870"", ""credit"": ""מ. ע.""}"
play:NEW-0021	play	קרבן בייראָם					unmatched		plays	
person:UP-0053	person	עליאָס ליבערמאַן					unmatched		plays	
person:UP-0054	person	ליבהאָבער					unmatched		plays	
person:1252	person	יעקב בּן-עמי (שטשירין)	Jacob Ben-Ami	people_db	1252	entry_person_id:P-1-facs_108_tr_1740521022	matched		plays	"{""entry_type"": ""performer"", ""volume"": ""1"", ""span"": ""184-186"", ""birth_date"": ""1890-12-23"", ""credit"": ""ש. ע.""}"
org:116	org	אוירווינג פּלייס-טעאַטער	Irwing Place (Deutsches) Theatre	org_core_db	116		matched		plays	
org:UO-0005	org	די ווילנער טרופּע					unmatched		plays	
org:UO-0006	org	פֿאַרלאָג פֿון ב. קלעצקין					unmatched		plays	
place:Q216	place	ווילנע	Vilnius	wikidata_qid	Q216	"{""kima_id"": ""943"", ""lat"": ""54.687222"", ""lon"": ""25.280000""}"	matched		plays	
org:UO-0007	org	דאַזאָר בוזשניטשי					unmatched		plays	
person:1983	person	מאַקס העניג	Max Henig	people_db	1983	entry_person_id:P-1-facs_332_tr_1741260405	matched		plays	"{""entry_type"": ""performer"", ""volume"": ""1"", ""span"": ""632-632"", ""birth_date"": ""1892"", ""credit"": ""ש. ע.""}"
play:NEW-0022	play	דבוק					unmatched		plays	
person:1986	person	דוד הערמאַן	David Herman	people_db	1986	entry_person_id:P-1-facs_333_tr_1741260495	matched		plays	"{""entry_type"": ""director_regisseur"", ""volume"": ""1"", ""span"": ""634-635"", ""birth_date"": ""1876-06""}"
org_cluster:ORG-C03677	org	לאָדזשער יידישן דראַמאַטישן טעאַטער		org_cluster	ORG-C03677		matched		plays	
place:Q580	place	לאדזש	Łódź	wikidata_qid	Q580	"{""kima_id"": ""179"", ""lat"": ""51.750000"", ""lon"": ""19.466667""}"	matched		plays	
person:1988	person	הערשעלע (הערשעלע דאַניעלעוויטש)	Hershele	people_db	1988	entry_person_id:P-1-facs_335_r_6	matched		plays	"{""entry_type"": ""writer"", ""volume"": ""1"", ""span"": ""637-637"", ""birth_date"": ""1882-01-30""}"
org:UO-0008	org	"פֿ""ג גיטלין"					unmatched		plays	
play:NEW-0023	play	שלמה המלך דער צווייטער					unmatched		plays	
person:3199	person	בּן-ציון וואַגנער	Ben Zion Wagner	people_db	3199	entry_person_id:P-1-facs_335_tr_1741260385	matched		plays	"{""entry_type"": ""performer"", ""volume"": ""1"", ""span"": ""638-638"", ""birth_date"": ""1889"", ""death_date"": ""1930-02-23"", ""credit"": ""ש. ע.""}"
person:UP-0055	person	יעקב זילבערט					unmatched		plays	
place:UPL-0002	place	בריסעל-אַנטווערפּען					unmatched		plays	
play:NEW-0024	play	קדוש השם					unmatched		plays	
person:1346	person	דוד בּלומענטאַל	David Blumental	people_db	1346	entry_person_id:P-1-facs_105_tr_1740521096	matched		plays	"{""entry_type"": ""performer"", ""volume"": ""1"", ""span"": ""177-177"", ""credit"": ""מ. ע. פֿון אַברהם פישקינד, כינע בראַגינסקאַ, בינע אַבראַמאָוויטש און עמנועל טשיזשיק.""}"
place:Q12892	place	אַנטווערפּן	Antwerp	wikidata_qid	Q12892	"{""kima_id"": ""643"", ""lat"": ""51.2211111111111"", ""lon"": ""4.39972222222222""}"	matched		plays	
org:1007	org	הורוויץ-חיימאָוויטשעס טרופּע	הורוויץ-חיימאָוויטשעס טרופּע	org_core_db	1007		matched		plays	
person:2643	person	אפרים פּערלמוטער	Efrim Perlmuter	people_db	2643		matched		plays	
person:2854	person	אַנשל שאָר (שור) (שור)	Anshel Schorr	people_db	2854	entry_person_id:P-4-facs_252_tr_1754998536	matched		plays	"{""entry_type"": ""writer"", ""volume"": ""4"", ""span"": ""2907-2923"", ""birth_date"": ""1871-10-25"", ""death_date"": ""1942-05-31"", ""credit"": ""ש. ע. פֿון אַנשל שאָר און יאָנאַס טורקאָוו.""}"
person:2965	person	סאַלי סיגעל	Sally Siegel	people_db	2965	entry_person_id:P-2-facs_350_r	matched		plays	"{""entry_type"": ""performer"", ""volume"": ""2"", ""span"": ""1483-1483"", ""birth_date"": ""1882"", ""credit"": ""ש. ע פֿון אַברהם ליטמאַן.""}"
person:1126	person	סאַראַ אדלער (שרה-סוניה לעוויצקא, היינע-היימאָוויאש)	Sarah Adler	people_db	1126	entry_person_id:P-1-facs_33_tr_1740521056	matched		plays	"{""entry_type"": ""performer"", ""volume"": ""1"", ""span"": ""33-33"", ""credit"": ""מ. ע.""}"
person:1115	person	עמיליע אַדלער (שרה-מילקע שטאַנג)	Amelia Adler	people_db	1115	entry_person_id:P-1-facs_33_tr_1740521070	matched		plays	"{""entry_type"": ""performer"", ""volume"": ""1"", ""span"": ""34-34"", ""birth_date"": ""1884-10-11"", ""credit"": ""ש. ע.""}"
person:3201	person	בּעני וואַלערשטיין	Benny Wallerstein	people_db	3201	entry_person_id:P-1-facs_340_tr_1741260477	matched		plays	"{""entry_type"": ""performer"", ""volume"": ""1"", ""span"": ""648-648"", ""birth_date"": ""1899-08-22"", ""credit"": ""מ. ע.""}"
org:1439	org	זיינע עלטערנס און וואַקסמאָןס טרופּע	וואלערשטיין און וואַקסמאָןס טרופּע	org_core_db	1439		matched		plays	
place:Q34647	place	יאהאנעסבורג	Johannesburg	wikidata_qid	Q34647	"{""kima_id"": ""813"", ""lat"": ""-26.204361"", ""lon"": ""28.041639""}"	matched		plays	
person:1044	person	סאול וואלערשטיין	Saul Volerstein	people_db	1044		matched		plays	
person:UP-0056	person	וואַקסמאָן					unmatched		plays	
person:3206	person	סאול וואַלערשטיין	Saul Wallerstein	people_db	3206	entry_person_id:P-1-facs_341_TextRegion_1710852353404_65	matched		plays	"{""entry_type"": ""performer"", ""volume"": ""1"", ""span"": ""650-650"", ""birth_date"": ""1873-02-03"", ""credit"": ""ש. ע.""}"
person:UP-0057	person	מאָפּוס					unmatched		plays	
play:NEW-0025	play	ציונס טעכטער					unmatched		plays	
person:3280	person	יעקב-מרדכי וואָלפזאָהן	Yakov-Mordechai Wolfzon	people_db	3280	entry_person_id:P-1-facs_342_tr_1741260504	matched		plays	"{""entry_type"": ""writer"", ""volume"": ""1"", ""span"": ""651-651"", ""birth_date"": ""1867""}"
person:3139	person	יעקב וואַקסמאַן	Yakov Vaksman	people_db	3139	entry_person_id:P-1-facs_345_r_10	matched		plays	"{""entry_type"": ""performer"", ""volume"": ""1"", ""span"": ""660-660"", ""birth_date"": ""1874-07-25"", ""death_date"": ""1924-10-15"", ""credit"": ""ש. ע.""}"
person:UP-0058	person	בעטי קעניג					unmatched		plays	
org:929	org	בעטי קעניגס טרופּע	בעטי קעניגס טרופּע	org_core_db	929		matched		plays	
org_cluster:ORG-C06470	org	פּאָנטעאָן-טעאַטער		org_cluster	ORG-C06470		matched		plays	
place:Q37333	place	לובלין	Lublin	wikidata_qid	Q37333	"{""kima_id"": ""174"", ""lat"": ""51.250000"", ""lon"": ""22.566667""}"	matched		plays	
person:3144	person	דוד וואַרדי (ראָזענפעלד)	David Vardi	people_db	3144	entry_person_id:P-1-facs_348_tr_1741260382	matched		plays	"{""entry_type"": ""performer"", ""volume"": ""1"", ""span"": ""663-663"", ""birth_date"": ""1893-07-13"", ""credit"": ""ש. ע.""}"
org_cluster:ORG-C06567	org	נייבאָרהוד פלייהויז		org_cluster	ORG-C06567		matched		plays	
person:1117	person	צילע אַדלער	Celia Adler	people_db	1117	entry_person_id:P-1-facs_34_tr_1740521031	matched		plays	"{""entry_type"": ""performer"", ""volume"": ""1"", ""span"": ""36-36""}"
person:3241	person	מוני ווייזענפריינד (משולם-מאיר)	Muni Weisenfreund	people_db	3241	entry_person_id:P-1-facs_351_tr_1741260417	matched		plays	"{""entry_type"": ""performer"", ""volume"": ""1"", ""span"": ""670-671"", ""birth_date"": ""1897-09"", ""credit"": ""מ. ע.""}"
org:122	org	פּערי-טעאָ טער	Perry Theatre	org_core_db	122		matched		plays	
person:3240	person	לעאָן וויזענפעלד	Leon Weisenfeld	people_db	3240	entry_person_id:P-1-facs_351_tr_1741260418	matched		plays	"{""entry_type"": ""writer"", ""volume"": ""1"", ""span"": ""669-669"", ""birth_date"": ""1885-02-07"", ""credit"": ""ש. ע.""}"
person:2539	person	לאה נעמי (קיגעל-אייזענבּערג)	Leah Naomi	people_db	2539	entry_person_id:P-2-facs_322_tr_1744365727	matched		plays	"{""entry_type"": ""performer"", ""volume"": ""2"", ""span"": ""1427-1427"", ""birth_date"": ""1888-11-10"", ""credit"": ""מ. ע.""}"
person:3211	person	מיכאל ווייכערט	Michael Weichert	people_db	3211	entry_person_id:P-1-facs_354_tr_1741260453	matched		plays	"{""entry_type"": ""director_regisseur"", ""volume"": ""1"", ""span"": ""676-677"", ""birth_date"": ""1890-05-05"", ""credit"": ""מ. ע.""}"
org:551	org	ווילנער טרופּע	ווילנער טרופּע	org_core_db	551		matched		plays	
org:1026	org	נייער יידישער טעאַטער		org_core_db	1026		matched		plays	
place:Q1773	place	ריגע	Riga	wikidata_qid	Q1773	"{""kima_id"": ""60"", ""lat"": ""56.947500"", ""lon"": ""24.106944""}"	matched		plays	
person:713	person	ישראל וויינבּלאַט (וואורצל)	Israel Weinblatt	people_db	713	entry_person_id:P-1-facs_356_tr_1741260401	matched		plays	"{""entry_type"": ""performer"", ""volume"": ""1"", ""span"": ""680-680"", ""birth_date"": ""1853"", ""death_date"": ""1918-05-27"", ""credit"": ""מ. ע. פֿון פרוי וויינבלאַט און מאָקס ראָזענטאל.""}"
person:3223	person	שלמה וויינגאָלד (ספירידיאן, וואָיקא)	Shlomo Weingold	people_db	3223	entry_person_id:P-1-facs_358_tr_1741260405	matched	upgraded from person_entry:P-1-facs_358_tr_1741260405	plays	"{""entry_type"": ""performer"", ""volume"": ""1"", ""span"": ""684-684"", ""birth_date"": ""1889-08-09"", ""credit"": ""ש. ע.""}"
org_cluster:ORG-C00260_Q01	org	יידישן אָפּערעטן-טעאַטער		org_cluster	ORG-C00260_Q01		matched		plays	
person_entry:P-1-facs_359_TextRegion_1710852502307_117	person	וויינטרויב-גראַף, לאה		entry_person_id	P-1-facs_359_TextRegion_1710852502307_117		matched		plays	"{""entry_type"": ""performer"", ""volume"": ""1"", ""span"": ""686-687"", ""birth_date"": ""1888-09-10"", ""credit"": ""מ. ע.""}"
org:892	org	סעגאַלעסקאָ-גאָלדענבערג	סעגאַלעסקאָ-גאָלדענבערג	org_core_db	892		matched		plays	
person:3236	person	זיגמונט וויינטרויבּ	Sigmund Weintraub	people_db	3236	entry_person_id:P-1-facs_359_TextRegion_1710852536774_157	matched		plays	"{""entry_type"": ""performer"", ""volume"": ""1"", ""span"": ""685-685"", ""birth_date"": ""1874-11"", ""credit"": ""מ. ע.""}"
org_cluster:ORG-C06620	org	פֿיינמאָזס דראָמאַטישער שול		org_cluster	ORG-C06620		matched		plays	
person:UP-0059	person	אָש					unmatched		plays	
person:3238	person	וו ווינטרויבּ	W. Weintraub	people_db	3238	entry_person_id:P-1-facs_359_TextRegion_1710852566555_178	matched		plays	"{""entry_type"": ""other"", ""volume"": ""1"", ""span"": ""685-685""}"
play:NEW-0026	play	שבתאי צבי					unmatched		plays	
person:3128	person	ישעיה אוגער	Yeshaya Uger	people_db	3128	entry_person_id:P-1-facs_35_tr_1740520969	matched		plays	"{""entry_type"": ""writer"", ""volume"": ""1"", ""span"": ""38-38"", ""birth_date"": ""1873""}"
person:UP-0060	person	אָדלער					unmatched		plays	
org:293	org	טרופּע אָדלער-סיעראָצקי	Julius Adler and H. Serotsky Troupe	org_core_db	293		matched		plays	
org:1792	org	סקאַלאַ-טעאַטער		org_core_db	1792		matched		plays	
person:825	person	דאָראַ ווייסמאַן	Dora Weissman (I)	people_db	825	entry_person_id:P-1-facs_366_tr_1741260403	matched		plays	"{""entry_type"": ""performer"", ""volume"": ""1"", ""span"": ""700-700"", ""credit"": ""מ. ע.""}"
play:NEW-0027	play	יציאת מצרים און קריעת ים-סוף					unmatched		plays	
person:752	person	ראובן ווייסמאַן	Rubens Weissman	people_db	752	entry_person_id:P-1-facs_367_tr_1741260402	matched		plays	"{""entry_type"": ""writer"", ""volume"": ""1"", ""span"": ""701-702"", ""birth_date"": ""1855-02-25"", ""credit"": ""מ. ע.""}"
person:UP-0061	person	מירבאָס					unmatched		plays	
play:NEW-0028	play	דאָס נייע געטאָ					unmatched		plays	
person:2505	person	אברהם מאׇרעווסקי (מנקר)	Avraham Morevski	people_db	2505	entry_person_id:P-2-facs_238_tr_1744280834	matched		plays	"{""entry_type"": ""performer"", ""volume"": ""2"", ""span"": ""1259-1263"", ""birth_date"": ""1886-03-03"", ""credit"": ""ש. אין מ. ע.""}"
place:Q64	place	בערלין	Berlin	wikidata_qid	Q64	"{""kima_id"": ""578"", ""lat"": ""52.516667"", ""lon"": ""13.383333""}"	matched		plays	
person:1426	person	יוסף בּולאָוו (בּולקין)	Joseph Buloff	people_db	1426	entry_person_id:P-1-facs_92_tr_1740521076	matched		plays	"{""entry_type"": ""performer"", ""volume"": ""1"", ""span"": ""151-152"", ""birth_date"": ""1899"", ""credit"": ""מ. ע.""}"
person:UP-0062	person	שוואַרצמאַן					unmatched		plays	
person:UP-0063	person	בת-שבע קרעמער					unmatched		plays	
org_cluster:ORG-C04344_Q02	org	עליזעאום טעאַטער		org_cluster	ORG-C04344_Q02		matched		plays	
person:1202	person	מאַקס אַווראַמאָאוויטש (מרדכי אַבּראַמאָוויטש)	Max Avramovitsh	people_db	1202	entry_person_id:P-1-facs_36_tr_1740520946	matched		plays	"{""entry_type"": ""performer"", ""volume"": ""1"", ""span"": ""39-39"", ""birth_date"": ""1856-03-20"", ""death_date"": ""1896-07-19"", ""credit"": ""מ. ע. פֿון ישראל טאָבאַטשניקאָוו, פ' וונונבלאַט, לעאָן בלאַנק און משה שטאַרקמאַן.""}"
person:521	person	אברהם מאפו	Abraham Mapu	people_db	521		matched		plays	
person:3268	person	מאָריס ווינטשעווסקי (בנציון נאָוואַכאָוויטש)	Morris Winchevsky	people_db	3268	entry_person_id:P-1-facs_378_tr_1739715272	matched		plays	"{""entry_type"": ""writer"", ""volume"": ""1"", ""span"": ""723-724"", ""birth_date"": ""1856-08-09"", ""credit"": ""מ. ע. פֿון ה. צוקערבערן""}"
person:1193	person	בּאָריס אויערבּאַך (בן-ציון)	Boris Auerbach	people_db	1193	entry_person_id:P-1-facs_37_tr_1740520982	matched		plays	"{""entry_type"": ""performer"", ""volume"": ""1"", ""span"": ""55-55"", ""birth_date"": ""1890-05-15"", ""credit"": ""מ. ע.""}"
place:Q62	place	סאן פראנציסקא	San Francisco	wikidata_qid	Q62	"{""kima_id"": ""6462"", ""lat"": ""37.777500"", ""lon"": ""-122.416389""}"	matched		plays	
person:744	person	יעקב פרענק	Jacob Frank	people_db	744	entry_person_id:P-6-facs_70_tr_1747746125	matched		plays	"{""entry_type"": ""performer"", ""volume"": ""6"", ""span"": ""4973-4974"", ""birth_date"": ""1872-06-22"", ""death_date"": ""1942-11"", ""credit"": ""מ. ע.""}"
person:3394	person	קאַרל זילבּער (חיים)	Karl Zilber	people_db	3394	entry_person_id:P-1-facs_404_r_8	matched		plays	"{""entry_type"": ""performer"", ""volume"": ""1"", ""span"": ""775-775"", ""birth_date"": ""1867"", ""death_date"": ""1903-02"", ""credit"": ""ש. ע.""}"
person:3257	person	דוד וועטשטיין	David Wetstein	people_db	3257	entry_person_id:P-1-facs_380_tr_1739715264	matched		plays	"{""entry_type"": ""performer"", ""volume"": ""1"", ""span"": ""728-728"", ""birth_date"": ""1874"", ""death_date"": ""1919-11-12"", ""credit"": ""מ. ע. פֿון קלאָראַ וועטשטיין און ש. ע. פֿון לעאָן הערבסט.""}"
person:3255	person	מישעל-אַדאָלף ווערבעל (משה-אברהם)	Mishel-Adolf Werbel	people_db	3255	entry_person_id:P-1-facs_382_r_5	matched		plays	"{""entry_type"": ""administrator"", ""volume"": ""1"", ""span"": ""731-731"", ""birth_date"": ""1850"", ""death_date"": ""1902-08-27"", ""credit"": ""מ. ע. פֿון זיין זון דר. דזשאָן מ. ווערבעל.""}"
person:3328	person	משה זאַבּלאָצקי	Moshe Zablotsky	people_db	3328	entry_person_id:P-1-facs_382_tr_1739715272	matched		plays	"{""entry_type"": ""writer"", ""volume"": ""1"", ""span"": ""732-732"", ""birth_date"": ""1875"", ""credit"": ""ש. ע.""}"
person:3336	person	דוד זאַהיק	David Zahik	people_db	3336	entry_person_id:P-1-facs_383_tr_1739715273	matched		plays	"{""entry_type"": ""writer"", ""volume"": ""1"", ""span"": ""734-734"", ""birth_date"": ""1852"", ""death_date"": ""1917-06-22""}"
person:3010	person	איזידאָר זאָלאָטאַרעפסקי (יצחק)	Isidore Solotorefsky	people_db	3010	entry_person_id:P-1-facs_384_r	matched		plays	"{""entry_type"": ""writer"", ""volume"": ""1"", ""span"": ""735-743"", ""birth_date"": ""1875-12-27"", ""credit"": ""מ. ע.""}"
org:1041	org	אַקטיאָרן-פֿאַמיליע לעווענווירט	אַקטיאָרן-פֿאַמיליע לעווענווירט	org_core_db	1041		matched		plays	
person:1123	person	יוליוס אַדלער	Julius Adler (bialystok)	people_db	1123	entry_person_id:P-1-facs_22_tr_1740515224	matched		plays	"{""entry_type"": ""performer"", ""volume"": ""1"", ""span"": ""11-12"", ""birth_date"": ""1880-11-15"", ""credit"": ""מ. ע. פון עמיליע אַדלער.""}"
play:NEW-0029	play	די מאָמע					unmatched		plays	
person:1935	person	בּעלאַ גודינסקאַ	Bella Gudinsky	people_db	1935	entry_person_id:P-1-facs_250_tr_1741260264	matched		plays	"{""entry_type"": ""performer"", ""volume"": ""1"", ""span"": ""467-467"", ""birth_date"": ""1877-07-24"", ""credit"": ""מ. ע.""}"
org:154	org	קאָלאָמביאַ-טעאַטער	Columbia Theatre	org_core_db	154		matched		plays	
person:UP-0064	person	י. בעלזער					unmatched		plays	
person:2060	person	דזשין יאָוועליר (בּעלאַ)	Jeanne Juvelier	people_db	2060	entry_person_id:P-2-facs_62_tr_1744131376	matched		plays	"{""entry_type"": ""performer"", ""volume"": ""2"", ""span"": ""908-908"", ""birth_date"": ""1904-05-31"", ""credit"": ""מ. ע.""}"
person:UP-0065	person	לאָוויץ					unmatched		plays	
place:Q1297	place	שיקאגא	Chicago	wikidata_qid	Q1297	"{""kima_id"": ""282"", ""lat"": ""41.881944"", ""lon"": ""-87.627778""}"	matched		plays	
play:NEW-0030	play	יידן					unmatched		plays	
person:UP-0066	person	גאָלדענבורג					unmatched		plays	
person:3527	person	חיים סאַנדלער (קאַפיטקא)		people_db	3527	entry_person_id:P-5-facs_432_r	matched		plays	"{""entry_type"": ""performer"", ""volume"": ""5"", ""span"": ""4531-4555"", ""birth_date"": ""1886"", ""credit"": ""ש. ע. פֿון אַבראַשאַ סאַנדלער.""}"
venue:UV-0011	venue	געבילם טעאַטער					unmatched		plays	
person:2980	person	מעי סיימאָן	Mae Simon	people_db	2980	entry_person_id:P-2-facs_351_tr_1744365735	matched		plays	"{""entry_type"": ""performer"", ""volume"": ""2"", ""span"": ""1486-1486"", ""birth_date"": ""1890"", ""credit"": ""ש. אין מ. ע.""}"
play:NEW-0031	play	די מאָמע פֿון דער וועלט					unmatched		plays	
org_cluster:ORG-C00874	org	פֿאַרלאַג ש. גאָלדפֿאַרב		org_cluster	ORG-C00874		matched		plays	
person:3420	person	לעאָן זאָלאָטקאָף	Leon Zolotkoff	people_db	3420	entry_person_id:P-1-facs_388_tr_1739715081	matched		plays	"{""entry_type"": ""writer"", ""volume"": ""1"", ""span"": ""744-744"", ""birth_date"": ""1866-05-15"", ""credit"": ""מ. ע.""}"
person:UP-0067	person	הערמאָן פידלער					unmatched		plays	
person:985	person	סאמי אוריך (שמאי, גדליהו)	Sammy Urikh	people_db	985	entry_person_id:P-1-facs_38_tr_1740521011	matched	upgraded from person_entry:P-1-facs_38_tr_1740521011	plays	"{""entry_type"": ""performer"", ""volume"": ""5"", ""span"": ""3715-3715"", ""birth_date"": ""1882-12-28"", ""death_date"": ""1943""}"
person:3349	person	יצחק זאַנדבּערג	Yitzhak Zandberg	people_db	3349	entry_person_id:P-1-facs_390_tr_1739715034	matched		plays	"{""entry_type"": ""performer"", ""volume"": ""1"", ""span"": ""748-748"", ""birth_date"": ""1871"", ""death_date"": ""1915-06-24"", ""credit"": ""מ. ע. פֿון עמיליע אַדלער.""}"
play:NEW-0032	play	די אמעריקאָנערין					unmatched		plays	
person:3354	person	בּערטאַ זאַסלאַווסקאַ (בּאַסיע לעווין)	Berta Zaslavska	people_db	3354	entry_person_id:P-1-facs_391_tr_1739715052	matched		plays	"{""entry_type"": ""performer"", ""volume"": ""1"", ""span"": ""749-749"", ""birth_date"": ""1891-09-28"", ""credit"": ""מ. ע.""}"
person:2256	person	אברהם לעווין	Avraham Levin (Vilnius)	people_db	2256	entry_person_id:P-2-facs_179_r	matched		plays	"{""entry_type"": ""performer"", ""volume"": ""2"", ""span"": ""1142-1142"", ""birth_date"": ""1898-10-26""}"
person:2837	person	לודוויג זאַץ (לוי יצחק)	Ludwig Satz	people_db	2837	entry_person_id:P-1-facs_393_tr_1741260467	matched		plays	"{""entry_type"": ""performer"", ""volume"": ""1"", ""span"": ""753-755"", ""birth_date"": ""1895-02-18"", ""credit"": ""מ. ע.""}"
org_cluster:ORG-C06777	org	דראָמאָטישן קרייז פֿון צימער-מאָלער-פֿאַריין		org_cluster	ORG-C06777		matched		plays	
venue:UV-0012	venue	זאָל קאָלאָסעאום					unmatched		plays	
play:NEW-0033	play	כינקע און פינקע					unmatched		plays	
venue:UV-0013	venue	פּראָפעסיאנעלן טעאַטער					unmatched		plays	
person:3352	person	גיטל זאַריצקא (ליפשיץ-זעליגער)	Gitl Zaritska	people_db	3352	entry_person_id:P-1-facs_395_r_10	matched		plays	"{""entry_type"": ""performer"", ""volume"": ""1"", ""span"": ""757-757"", ""birth_date"": ""1888"", ""death_date"": ""1926-12-12"", ""credit"": ""מ. ע.""}"
person:3360	person	וועלוועל זבּאַרזשער (בנימין וואָלף עהרענקראַנץ)	Velvel Zbarzher	people_db	3360	entry_person_id:P-1-facs_131_r_7	matched		plays	"{""entry_type"": ""performer"", ""volume"": ""1"", ""span"": ""230-230""}"
person:3434	person	יוסף-אבּא זוסמאַן	Yosef-Aba Zusman	people_db	3434	entry_person_id:P-1-facs_399_tr_1739715061	matched		plays	"{""entry_type"": ""writer"", ""volume"": ""1"", ""span"": ""765-765"", ""birth_date"": ""1878-08-10"", ""credit"": ""ש. ע.""}"
org:1294	org	די אידישע וועלט		org_core_db	1294		matched		plays	
person:986	person	צילע אוריך	Tsile Urikh	people_db	986	entry_person_id:P-1-facs_39_tr_1740520985	matched		plays	"{""entry_type"": ""performer"", ""volume"": ""1"", ""span"": ""45-45"", ""birth_date"": ""1887-12-22"", ""credit"": ""מ. ע.""}"
person:3386	person	פרידאַ זיבּעל (זשאַרטאָווסקי)	Frida Zibel	people_db	3386	entry_person_id:P-1-facs_400_r_12	matched		plays	"{""entry_type"": ""performer"", ""volume"": ""1"", ""span"": ""768-768"", ""birth_date"": ""1877-12-27"", ""credit"": ""מ. ע.""}"
person:UP-0068	person	נימפּעלן					unmatched		plays	
person:3393	person	וויליאַם זיגענלויבּ (וואָלף)	Willliam Zigenlaub	people_db	3393	entry_person_id:P-1-facs_401_r_1	matched		plays	"{""entry_type"": ""performer"", ""volume"": ""1"", ""span"": ""770-770"", ""birth_date"": ""1888-09-02"", ""credit"": ""מ. ע.""}"
org_cluster:ORG-C00369_Q01	org	באַראַן הירש-שול		org_cluster	ORG-C00369_Q01		matched		plays	
place:Q156758	place	קאָלאָמעא		wikidata_qid	Q156758	"{""kima_id"": """", ""lat"": """", ""lon"": """"}"	matched		plays	
person:1060	person	משה זייפערט	Moshe Seifert	people_db	1060	entry_person_id:P-1-facs_402_tr_1739715076	matched	upgraded from person_entry:P-1-facs_402_tr_1739715076	plays	"{""entry_type"": ""writer"", ""volume"": ""1"", ""span"": ""772-773"", ""birth_date"": ""1851-05-02"", ""death_date"": ""1922-02-07""}"
person:3397	person	וואָלף זילבּערבּערג	Wolf Zilberberg	people_db	3397	entry_person_id:P-1-facs_405_TextRegion_1710157124987_295	matched		plays	"{""entry_type"": ""performer"", ""volume"": ""1"", ""span"": ""777-777"", ""birth_date"": ""1885-11-11"", ""credit"": ""ש. ע.""}"
org_cluster:ORG-C01011	org	לאָדזשער גרויסן טעאַטער		org_cluster	ORG-C01011		matched		plays	
person:2974	person	יעקב זילבּערט (קוליש)	Jacob Silbert	people_db	2974	entry_person_id:P-1-facs_405_r_4	matched		plays	"{""entry_type"": ""performer"", ""volume"": ""1"", ""span"": ""778-779"", ""birth_date"": ""1871-04-05"", ""credit"": ""ש. ע.""}"
org:42	org	טרופּע ציפקוס	גאָלדפאדעןס טרופּע -Avraham Goldfaden Troupe	org_core_db	42		matched		plays	
person:3440	person	זלמן זילבּערצווייג	Zalmen Zylbercweig	people_db	3440	entry_person_id:P-1-facs_408_TextRegion_1710064929131_307	matched		plays	"{""entry_type"": ""writer"", ""volume"": ""1"", ""span"": ""784-785"", ""birth_date"": ""1894-09-27""}"
org_cluster:ORG-C01403_Q01	org	יידיש		org_cluster	ORG-C01403_Q01		matched		plays	
play:NEW-0034	play	די ערשטע ליבע					unmatched		plays	
person:UP-0069	person	שאָר					unmatched		plays	
person:3402	person	שמעון זילבּערשטיין	Shimon Zilbershteyn	people_db	3402	entry_person_id:P-1-facs_410_tr_1739715086	matched		plays	"{""entry_type"": ""performer"", ""volume"": ""1"", ""span"": ""787-787"", ""birth_date"": ""1886-03-15"", ""credit"": ""מ. ע.""}"
org_cluster:ORG-C00447	org	זשאַרדען ד'היווער		org_cluster	ORG-C00447		matched		plays	
person:UP-0070	person	זאָלאָטאָרעווסקיס					unmatched		plays	
person:2988	person	איידא זינגער (גלאַדשטיין)	Ida Singer	people_db	2988	entry_person_id:P-1-facs_411_r	matched		plays	"{""entry_type"": ""performer"", ""volume"": ""1"", ""span"": ""790-790"", ""birth_date"": ""1889-12-07"", ""credit"": ""ש. ע.""}"
person:964	person	עליאַס ראָטשטיין	Alias Rotstein	people_db	964	entry_person_id:P-4-facs_274_tr_1754998431	matched		plays	"{""entry_type"": ""performer"", ""volume"": ""4"", ""span"": ""2952-2954"", ""birth_date"": ""1873-02-16"", ""death_date"": ""1932-02-14"", ""credit"": ""ש. ע.""}"
person:1075	person	פישל זינגער	Fishl Singer	people_db	1075	entry_person_id:P-1-facs_412_TextRegion_1710153704955_46	matched		plays	"{""entry_type"": ""performer"", ""volume"": ""1"", ""span"": ""792-792"", ""birth_date"": ""1887-09-04"", ""credit"": ""ש. ע.""}"
person:3367	person	אַלעקסאַנדער זעלדין	Aleksander Zeldin	people_db	3367	entry_person_id:P-1-facs_413_tr_1739715083	matched		plays	"{""entry_type"": ""writer"", ""volume"": ""1"", ""span"": ""794-794"", ""birth_date"": ""1882-04-01"", ""credit"": ""ש. ע.""}"
person:1663	person	יעקב פישמאַן	Yakov Fishman	people_db	1663		matched		plays	
person:2109	person	יוסף חאַש	Yosef Khash	people_db	2109	entry_person_id:P-1-facs_415_TextRegion_1710155871558_109	matched		plays	"{""entry_type"": ""performer"", ""volume"": ""1"", ""span"": ""798-798"", ""credit"": ""ש. ע.""}"
org:767	org	טרופּע פֿון ראָטשטיין	טרופּע פֿון ראָטשטיין	org_core_db	767		matched		plays	
place:UPL-0003	place	יוזעפקא					unmatched		plays	
person:3381	person	לייזער זשעלאַזא (זשעלאַזני)	Leyzer Zhelazo	people_db	3381	entry_person_id:P-1-facs_415_r_9	matched		plays	"{""entry_type"": ""performer"", ""volume"": ""1"", ""span"": ""797-797"", ""birth_date"": ""1877-09-21"", ""credit"": ""מ. ע.""}"
org:362	org	פישזאָן	"Poale Zion (""Workers of Zion"")"	org_core_db	362		matched		plays	
person:1554	person	מאַיר אייזענבערג	Meir Eisenberg	people_db	1554	entry_person_id:P-1-facs_42_tr_1740520980	matched	upgraded from person_entry:P-1-facs_42_tr_1740520980	plays	"{""entry_type"": ""other"", ""volume"": ""1"", ""span"": ""52-52"", ""birth_date"": ""1894-04"", ""credit"": ""מ. ע.""}"
person:1549	person	אברהם איינעס	Avraham Eines	people_db	1549	entry_person_id:P-1-facs_45_tr_1740521093	matched		plays	"{""entry_type"": ""performer"", ""volume"": ""1"", ""span"": ""58-58"", ""birth_date"": ""1892"", ""credit"": ""ש. ע.""}"
person:1602	person	דוד איינהאָרן	David Eynhorn	people_db	1602	entry_person_id:P-1-facs_45_tr_1740521100	matched		plays	"{""entry_type"": ""writer"", ""volume"": ""1"", ""span"": ""57-57"", ""birth_date"": ""1886""}"
play:NEW-0035	play	"די ערשטע ליבע אָדער „דאָס פאָרגיפטעטע געוויסן"""					unmatched		plays	
person:1136	person	ח. אָלעקסאַנדראָוו (וויליאַם מילער)	Ch. Aleksandrov	people_db	1136	entry_person_id:P-1-facs_49_tr_1740521083	matched		plays	"{""entry_type"": ""writer"", ""volume"": ""1"", ""span"": ""65-65"", ""birth_date"": ""1869"", ""death_date"": ""1909-06-25""}"
person:UP-0071	person	זשולאָווסקיס					unmatched		plays	
person:881	person	אַלעקסאַנדער אָלשאַנעצקי (יהושע)	Alexander Olshanetsky	people_db	881	entry_person_id:P-1-facs_49_tr_1740521087	matched		plays	"{""entry_type"": ""composer"", ""volume"": ""1"", ""span"": ""66-66"", ""birth_date"": ""1892-10-23"", ""credit"": ""מ. ע.""}"
person:UP-0072	person	אַנ-סקי ש.					unmatched		plays	
play:NEW-0036	play	די מוטער					unmatched		plays	
person:UP-0073	person	אליעזר זשעלאַזא					unmatched		plays	
person:3244	person	אברהם-יעקב ווייסליץ	Avraham-Yakov Weislitz	people_db	3244	entry_person_id:P-1-facs_365_tr_1741260397	matched		plays	"{""entry_type"": ""administrator"", ""volume"": ""1"", ""span"": ""697-697"", ""birth_date"": ""1880"", ""credit"": ""מ. ע.""}"
person:2530	person	נח נאַכבּוש (בּוּשעלעוויטש)	Noach Nachbush	people_db	2530	entry_person_id:P-2-facs_310_tr_1744365749	matched		plays	"{""entry_type"": ""performer"", ""volume"": ""2"", ""span"": ""1404-1404"", ""birth_date"": ""1888-10"", ""credit"": ""מ. ע.""}"
person:UP-0074	person	אַליהו שטיין					unmatched		plays	
person:UP-0075	person	מרים אָרלעסקאַ					unmatched		plays	
person:1239	person	דוד בייגעלמאַן	David Beigelman	people_db	1239	entry_person_id:P-1-facs_97_r	matched		plays	"{""entry_type"": ""composer"", ""volume"": ""1"", ""span"": ""161-161"", ""birth_date"": ""1887-03"", ""credit"": ""מ. ע.""}"
person:UP-0076	person	שוואָרץן					unmatched		plays	
org:673	org	ניו יאָרקער יידישן קונסט-טעאַטער	ניו יאָרקער יידישן קונסט-טעאַטער	org_core_db	673		matched		plays	
person:UP-0077	person	וואַכטאַנגאָוו					unmatched		plays	
person:2600	person	יוליוס אָסקאַר (אייזענבעט)	Julius Oskar	people_db	2600	entry_person_id:P-1-facs_56_tr_1740521001	matched		plays	"{""entry_type"": ""performer"", ""volume"": ""1"", ""span"": ""80-80""}"
person:1162	person	דוד אַפּאָטהעקער	David Apotheker	people_db	1162	entry_person_id:P-1-facs_57_tr_1740521089	matched		plays	"{""entry_type"": ""writer"", ""volume"": ""1"", ""span"": ""81-81"", ""birth_date"": ""1855-08-28""}"
person:980	person	ראָזא אַקסעלראד	Rosa Axelrad	people_db	980	entry_person_id:P-1-facs_61_tr_1740521158	matched		plays	"{""entry_type"": ""performer"", ""volume"": ""1"", ""span"": ""89-89"", ""death_date"": ""1914/1915"", ""credit"": ""מ. ע. פֿון איציקל גאָלדענבערג, יצחק ליברעסקאַ און יוסף לאַטיינער.""}"
play:NEW-0037	play	שבתאי צביל					unmatched		plays	
person:1312	person	לואיס בּירנבּוים (יעקב לייבּ)	Louis Birnbaum	people_db	1312	entry_person_id:P-1-facs_62_tr_1740520958	matched		plays	"{""entry_type"": ""performer"", ""volume"": ""1"", ""span"": ""92-92"", ""birth_date"": ""1881"", ""death_date"": ""1924-12-02"", ""credit"": ""מ. ע. פֿון לעאָניד סניעגאָוו.""}"
org:1110	org	יידישן קונסט-טעאַטער		org_core_db	1110		matched		plays	
person:995	person	מארק ארנשטיין (אַנדזשעי מאַרק)	Mark Arenstein	people_db	995	entry_person_id:P-1-facs_65_tr_1740520947	matched		plays	"{""entry_type"": ""writer"", ""volume"": ""1"", ""span"": ""98-101"", ""birth_date"": ""1878-01-02"", ""credit"": ""ש. ע.""}"
org_cluster:ORG-C05566	org	לובלינער שטאָט-טעאַטער		org_cluster	ORG-C05566		matched		plays	
person:2597	person	שמעון אָרליוק	Shimeon Orliuk	people_db	2597	entry_person_id:P-1-facs_65_tr_1740520954	matched		plays	"{""entry_type"": ""performer"", ""volume"": ""1"", ""span"": ""97-97"", ""birth_date"": ""1894"", ""credit"": ""ש. ע. פֿון אָלעקסאַנדער אזרא.""}"
person:1183	person	שלום אַש	Sholem Asch	people_db	1183	entry_person_id:P-1-facs_69_tr_1740521066	matched		plays	"{""entry_type"": ""writer"", ""volume"": ""1"", ""span"": ""105-110"", ""birth_date"": ""1880-01-01""}"
org_cluster:ORG-C05585	org	"""ייד. דראָמ. ליט. געזעל."""		org_cluster	ORG-C05585		matched		plays	
person:3024	person	אַדאָלף שטיין (אברהם)	Adolf Stein	people_db	3024	entry_person_id:P-5-facs_358_tr_1739221614	matched		plays	"{""entry_type"": ""performer"", ""volume"": ""5"", ""span"": ""4383-4383"", ""birth_date"": ""1886"", ""credit"": ""ש. ע. און ש. ע. פֿון יוליאַן שוואַרץ.""}"
place:Q656	place	פעטערבורג	Saint Petersburg	wikidata_qid	Q656	"{""kima_id"": ""678"", ""lat"": ""59.950000"", ""lon"": ""30.316667""}"	matched		plays	
person:1235	person	נחום בּאַזעלינסקי	Nachum Bazelinski	people_db	1235	entry_person_id:P-1-facs_75_r_2	matched		plays	"{""entry_type"": ""writer"", ""volume"": ""1"", ""span"": ""117-117"", ""birth_date"": ""1836"", ""death_date"": ""1901"", ""credit"": ""מ. ע. פֿון יצחק בליהפעלד, ש. טאַבאַטשניקאָוו, משה שאָר, כונע בראָגינסקאַ-פּישזאָן און אַברהם פישקינד.""}"
person:UP-0078	person	א. באַזילינסקי					unmatched		plays	
place:Q1899	place	קיעוו	Kyiv	wikidata_qid	Q1899	"{""kima_id"": ""958"", ""lat"": ""50.450000"", ""lon"": ""30.523611""}"	matched		plays	
person:1361	person	קלאַראַ בּאָריץ (דרוקער)	Klara Borits	people_db	1361	entry_person_id:P-1-facs_81_tr_1740521176	matched		plays	"{""entry_type"": ""performer"", ""volume"": ""1"", ""span"": ""130-130"", ""birth_date"": ""1893-10-15"", ""credit"": ""מ. ע. פֿון יוסף וויינשטאָק.""}"
org:UO-0009	org	איר פאָטערס טרופּע					unmatched		plays	
place:UPL-0004	place	קאָסאָוו					unmatched		plays	
person:3012	person	סאַניע בדחן [ישראל זאַרדונסקי]	Sonie Badkhan	people_db	3012	entry_person_id:P-1-facs_86_tr_1740521078	matched		plays	"{""entry_type"": ""performer"", ""volume"": ""1"", ""span"": ""139-140"", ""birth_date"": ""1850"", ""death_date"": ""1928""}"
place:Q761	place	ביאליסטאק	Białystok	wikidata_qid	Q761	"{""kima_id"": ""523"", ""lat"": ""53.132356"", ""lon"": ""23.168672""}"	matched		plays	
person:2971	person	הערש-לייב סיגעטער (גאָטליב)	Hersh Leyb Sigeter	people_db	2971	entry_person_id:P-1-facs_87_tr_1740520981	matched		plays	"{""entry_type"": ""performer"", ""volume"": ""1"", ""span"": ""141-141"", ""birth_date"": ""1844"", ""credit"": ""ט. ע. פֿון איציקל גאָלדענבערג.""}"
place:UPL-0005	place	מאָרמאַראָש סינעט					unmatched		plays	
person:1371	person	אלימלך בּוים	Elimelekh Boym	people_db	1371	entry_person_id:P-1-facs_90_tr_1740521107	matched		plays	"{""entry_type"": ""performer"", ""volume"": ""1"", ""span"": ""148-148"", ""birth_date"": ""1896-07-05"", ""credit"": ""ש. ע.""}"
org:UO-0010	org	קאָמפּאָנעיעץס					unmatched		plays	
person:1421	person	מאַקס בּוקאַנסקי	Max Bukanski	people_db	1421	entry_person_id:P-1-facs_93_r_1	matched		plays	"{""entry_type"": ""writer"", ""volume"": ""1"", ""span"": ""154-154"", ""birth_date"": ""1848""}"
person:1298	person	העלען בּידאַ	Helen Bida	people_db	1298	entry_person_id:P-1-facs_96_r_7	matched		plays	"{""entry_type"": ""performer"", ""volume"": ""1"", ""span"": ""159-159"", ""birth_date"": ""1897"", ""credit"": ""ש. ע.""}"
person:2976	person	ראָזאַ זילבּערט	Rosa Silbert	people_db	2976	entry_person_id:P-1-facs_407_tr_1739715069	matched		plays	"{""entry_type"": ""performer"", ""volume"": ""1"", ""span"": ""781-781"", ""birth_date"": ""1900-10-10"", ""death_date"": ""1924-07-21"", ""credit"": ""מ. ע. פֿון יעקב זילבערט.""}"
person:UP-0079	person	בראַנשטיין					unmatched		plays	
person:UP-0080	person	הערמאַןס					unmatched		plays	
person:1306	person	יעקב בּילדער	Yakov Bilder	people_db	1306	entry_person_id:P-1-facs_97_tr_1740520953	matched		plays	"{""entry_type"": ""writer"", ""volume"": ""1"", ""span"": ""161-161""}"
place:Q30	place	פאראייניקטע שטאטן פון אמעריקע	United States	wikidata_qid	Q30	"{""kima_id"": ""6421"", ""lat"": ""39.828175"", ""lon"": ""-98.5795""}"	matched		plays	
person:2194	person	שרה לאַנדאָ	Sarah Lando	people_db	2194	entry_person_id:P-2-facs_106_tr_1744279088	matched		plays	"{""entry_type"": ""performer"", ""volume"": ""2"", ""span"": ""996-996"", ""birth_date"": ""1902-03-20"", ""credit"": ""מ. ע.""}"
person:817	person	דיינע פיינמאַן	Dina Feinman	people_db	817	entry_person_id:P-6-facs_203_tr_1747929008	matched		plays	"{""entry_type"": ""performer"", ""volume"": ""6"", ""span"": ""5239-5253"", ""birth_date"": ""1870-12-20"", ""death_date"": ""1946-02-21"", ""credit"": ""ש. ע. פֿון זלמן זילבערצווייג""}"
person:2209	person	הערמאַן לאַסטער	Herman Laster	people_db	2209	entry_person_id:P-2-facs_109_tr_1744279123	matched		plays	"{""entry_type"": ""performer"", ""volume"": ""2"", ""span"": ""1002-1002"", ""credit"": ""ש. ע.""}"
org_cluster:ORG-C04262	org	"""באראָן הירש""-פֿאָלקס-שול"		org_cluster	ORG-C04262		matched		plays	
place:Q157520	place	האָראָדענקאָ		wikidata_qid	Q157520		matched		plays	
person:2795	person	ראָזענבּלום	[?] Rozenblum	people_db	2795	entry_person_id:P-6-facs_103_tr_1747825055	matched		plays	"{""entry_type"": ""performer"", ""volume"": ""6"", ""span"": ""5039-5039""}"
person:2730	person	נ. ראַקאָוו	N. Rakov	people_db	2730	entry_person_id:P-4-facs_47_r_2	matched	upgraded from person_entry:P-4-facs_47_r_2	plays	
play:NEW-0038	play	יאָשקע דער מוזיקאַנט					unmatched		plays	
play:NEW-0039	play	מלחמה					unmatched		plays	
play:NEW-0040	play	אַרץ-ישראל					unmatched		plays	
org_cluster:ORG-C00635_Q02	org	פאָבליק טעאַטער		org_cluster	ORG-C00635_Q02		matched		plays	
org_cluster:ORG-C01498	org	געיטי-טעאַטער		org_cluster	ORG-C01498		matched		plays	
place:Q771572	place	וויליאַמסבורג	Williamsburg (Brooklyn)	wikidata_qid	Q771572	"{""kima_id"": """", ""lat"": ""37.2708"", ""lon"": ""-76.7069""}"	matched		plays	
person:UP-0081	person	י. לאַטיינערס					unmatched		plays	
person:2207	person	פיליפּ לאַסקאָווסקי	Philip Laskowski	people_db	2207	entry_person_id:P-2-facs_110_tr_1744279156	matched		plays	"{""entry_type"": ""composer"", ""volume"": ""2"", ""span"": ""1004-1004"", ""birth_date"": ""1889-07-17"", ""credit"": ""מ. ע.""}"
person:UP-0082	person	שטראַספאָגעלן					unmatched		plays	
person:2202	person	יהוּדית לאַרעס (רבקה חאַנענזאָהן)	Yehudis Lares	people_db	2202	entry_person_id:P-2-facs_112_tr_1744279063	matched		plays	"{""entry_type"": ""performer"", ""volume"": ""2"", ""span"": ""1008-1009"", ""birth_date"": ""1882"", ""death_date"": ""1926-07-24"", ""credit"": ""מ. ע. פֿון ל. קאַדיסאָן.""}"
person:2205	person	רעגינאַ לאַשקאׇווסקא	Regina Lashkovska	people_db	2205	entry_person_id:P-2-facs_113_tr_1744279135	matched		plays	"{""entry_type"": ""performer"", ""volume"": ""2"", ""span"": ""1010-1010"", ""birth_date"": ""1889"", ""credit"": ""ש. ע.""}"
org:888	org	פֿאַראייניקטע טרופּע	פֿאַראייניקטע טרופּע	org_core_db	888		matched		plays	
person:2346	person	עני לוּבּין (הענדזשיאַ לוּבּמיאַק)	Annie Lubin	people_db	2346	entry_person_id:P-2-facs_115_tr_1744279180	matched		plays	"{""entry_type"": ""performer"", ""volume"": ""2"", ""span"": ""1013-1013"", ""birth_date"": ""1897-05-14"", ""credit"": ""ש. ע.""}"
org:263	org	גרויסע טעאַטער	Groyse Teater	org_core_db	263		matched		plays	
person:3347	person	יולאַ זאַנדבערג (טויבע-איטע ספּעקטאָר)	Julia Zandberg	people_db	3347	entry_person_id:P-1-facs_390_tr_1739715054	matched		plays	"{""entry_type"": ""performer"", ""volume"": ""1"", ""span"": ""747-747"", ""birth_date"": ""1878"", ""death_date"": ""1925-03-10"", ""credit"": ""מ. ע. פֿון איר זון יוסף זאַנדבערג און פון כינע בראָגינסקאָ.""}"
person:UP-0083	person	יערזשי זשולאָווסקיס					unmatched		plays	
play:NEW-0041	play	שאַבסי צוויי					unmatched		plays	
person:2342	person	עפראים לויטער	Efraim Loyter	people_db	2342	entry_person_id:P-2-facs_117_tr_1744279199	matched		plays	"{""entry_type"": ""director_regisseur"", ""volume"": ""2"", ""span"": ""1017-1018"", ""birth_date"": ""1889"", ""credit"": ""ש. ע.""}"
org_cluster:ORG-C04312	org	מעלוכישן יידישן טעאַטער אין אוקראַאינע		org_cluster	ORG-C04312		matched		plays	
place:Q42308	place	כארקעוו	Kharkiv	wikidata_qid	Q42308	"{""kima_id"": ""8380"", ""lat"": ""49.992500"", ""lon"": ""36.231111""}"	matched		plays	
person:UP-0084	person	וו. מ. סמישלאַיעוו					unmatched		plays	
person:932	person	לעאָ ליאָוו (משה-לייבּ)	Leo Low	people_db	932	entry_person_id:P-2-facs_119_tr_1744279140	matched		plays	"{""entry_type"": ""composer"", ""volume"": ""2"", ""span"": ""1022-1023"", ""birth_date"": ""1878-01-15"", ""credit"": ""ש. ע.""}"
person:925	person	יצחק שלאָסבּערג	Isaac Schlossberg	people_db	925	entry_person_id:P-3-facs_286_tr_1755674601	matched	upgraded from person_entry:P-3-facs_286_tr_1755674601	plays	"{""volume"": ""3"", ""span"": ""2150-3153""}"
org_cluster:ORG-C00718_Q01	org	יידיש נאַציאָנאַלן אַרבעטער-פֿאַרבאַנד		org_cluster	ORG-C00718_Q01		matched		plays	
person:UP-0085	person	אַדלערן					unmatched		plays	
org_cluster:ORG-C05217	org	אַדלערס טעאַטער		org_cluster	ORG-C05217		matched		plays	
person:929	person	ז. ליבּין (ישראל-זלמן הירוויטש)	Yisroel Libin (Israel-Zalman Hurvitsh)	people_db	929	entry_person_id:P-2-facs_121_tr_1744279175	matched		plays	"{""entry_type"": ""writer"", ""volume"": ""2"", ""span"": ""1026-1037"", ""birth_date"": ""1872-11"", ""credit"": ""מ. ע.""}"
person:2310	person	לינעצקי	Linetsky	people_db	2310	entry_person_id:P-2-facs_156_tr_1744279145	matched		plays	"{""entry_type"": ""performer"", ""volume"": ""2"", ""span"": ""1096-1096"", ""birth_date"": ""1885~"", ""death_date"": ""1920"", ""credit"": ""ש. ע. פֿון מאַרק לייפציקער.""}"
person:924	person	יצחק ליבּרעסקאָ (ליבּער)	Yitzhok Libresko	people_db	924	entry_person_id:P-2-facs_129_tr_1744279170	matched		plays	"{""entry_type"": ""administrator"", ""volume"": ""2"", ""span"": ""1042-1044"", ""birth_date"": ""1850-11-19"", ""death_date"": ""1930-06-11""}"
org_cluster:ORG-C04351	org	„ציון“-פֿאַרבאַנד		org_cluster	ORG-C04351		matched		plays	
org:UO-0011	org	„ציון“-פֿאַראיין					unmatched		plays	
play:NEW-0042	play	דוד מלך ישראל					unmatched		plays	
person:UP-0086	person	צבי בן-יעקב					unmatched		plays	
org_cluster:ORG-C00628	org	לידאַ		org_cluster	ORG-C00628		matched		plays	
person:UP-0087	person	סטאניסלאוו ווייספּיאנסקיס					unmatched		plays	
person:2223	person	דניאל לייבּל	Daniel Leibel	people_db	2223	entry_person_id:P-2-facs_137_r_4	matched		plays	"{""entry_type"": ""writer"", ""volume"": ""2"", ""span"": ""1057-1057"", ""birth_date"": ""1891-11-20"", ""credit"": ""מ. ע.""}"
org_cluster:ORG-C01608	org	די צייט		org_cluster	ORG-C01608		matched		plays	
person:UP-0088	person	אנטאָני פּיעקאַרסקי					unmatched		plays	
org_cluster:ORG-C02945	org	קראָקעווער יידישן טעאַטער		org_cluster	ORG-C02945		matched		plays	
person:2229	person	ה. לייוויק (לייוויק האַלפּער)	H. Leivick	people_db	2229	entry_person_id:P-2-facs_138_tr_1744279171	matched		plays	"{""entry_type"": ""writer"", ""volume"": ""2"", ""span"": ""1059-1075"", ""birth_date"": ""1888"", ""credit"": ""ש. ע. פֿון מאַרק אַרנשטיין אין יעקב מעסטעל.""}"
org_cluster:ORG-C04412	org	יוניאָן-וואָדעוויל-הויז		org_cluster	ORG-C04412		matched		plays	
play:NEW-0043	play	חתן כלה מזל טוב					unmatched		plays	
person:2782	person	באָריס ראָזענטאַל	Boris Rosenthal	people_db	2782	entry_person_id:P-6-facs_149_tr_1747825109	matched		plays	"{""entry_type"": ""performer"", ""volume"": ""6"", ""span"": ""5131-5132"", ""birth_date"": ""1881-10-22"", ""death_date"": ""1938-05-04"", ""credit"": ""מ. ע.""}"
person:2307	person	שלמה לינדענפעלד	Shlomo Lindenfeld	people_db	2307	entry_person_id:P-2-facs_153_tr_1744279072	matched		plays	"{""entry_type"": ""performer"", ""volume"": ""2"", ""span"": ""1090-1091"", ""birth_date"": ""1878-10-30"", ""credit"": ""מ. ע.""}"
person:1254	person	א. בּן-גור (אהרן הורוויטש)	A.A. Ben-Gur	people_db	1254	entry_person_id:P-1-facs_108_tr_1740521023	matched		plays	"{""entry_type"": ""writer"", ""volume"": ""1"", ""span"": ""183-183"", ""birth_date"": ""1870""}"
person:UP-0089	person	ישראל גראדנער					unmatched		plays	
person:2320	person	אסתר ליפאׇווסקא (גלאַזער וואׇלסקאַ)	Sasha Lipovski	people_db	2320	entry_person_id:P-2-facs_157_r_3	matched		plays	"{""entry_type"": ""performer"", ""volume"": ""2"", ""span"": ""1097-1097"", ""birth_date"": ""1889-02-14"", ""credit"": ""מ. ע.""}"
person:UP-0090	person	ווייספּיאַנסקי					unmatched		plays	
person:2315	person	משה ליפּמאַן	Moshe Lipman	people_db	2315	entry_person_id:P-2-facs_161_tr_1744279094	matched		plays	"{""entry_type"": ""performer"", ""volume"": ""2"", ""span"": ""1105-1105"", ""birth_date"": ""1893-02-20"", ""credit"": ""ש. ע.""}"
person:762	person	קעני ליפצין (סאַכאַר קריינע סאָניעס)	Keni Lipzin	people_db	762	entry_person_id:P-2-facs_162_tr_1744279209	matched		plays	"{""entry_type"": ""performer"", ""volume"": ""2"", ""span"": ""1108-1126"", ""birth_date"": ""1856~"", ""death_date"": ""1918-09-28"", ""credit"": ""מ. ע פֿיין יעקב קאַצמאַן, ס. סאָניעס, וויטאַלי מאלינאַ, אַברהם פֿישקינד, ראובן ווייסמאַן און זיינוועל שענקמאַן""}"
venue:UV-0014	venue	סעטלאַנד האָל					unmatched		plays	
org_cluster:ORG-C04445	org	רוסיש-יידישן אַרבעטער-קלוב און אינסטיטוט		org_cluster	ORG-C04445		matched		plays	
person:2298	person	משה ליפּשיץ (ליוושיץ) (ליוושיץ)	Moyshe Lifshits	people_db	2298	entry_person_id:P-2-facs_173_tr_1744279070	matched		plays	"{""entry_type"": ""writer"", ""volume"": ""2"", ""span"": ""1130-1131"", ""birth_date"": ""1894-05-18""}"
person:2220	person	דער לעבּעדיגער (חיים גוּטמאַן)	Der Lebediger	people_db	2220	entry_person_id:P-2-facs_174_r_16	matched		plays	"{""entry_type"": ""writer"", ""volume"": ""2"", ""span"": ""1132-1132"", ""birth_date"": ""1887-12-13""}"
org_cluster:ORG-C04464	org	אחיספר		org_cluster	ORG-C04464		matched		plays	
person:UP-0091	person	לאטיינער					unmatched		plays	
person:882	person	אַהרן לעבּעדיעוו	Aaron Lebedev	people_db	882	entry_person_id:P-2-facs_175_tr_1744279183	matched		plays	"{""entry_type"": ""performer"", ""volume"": ""2"", ""span"": ""1133-1134"", ""credit"": ""מ. ע.""}"
person:1829	person	סעמיועל גאָלדעבּורג (שלום גאָלדשטיין)	Samuel Goldenburg	people_db	1829	entry_person_id:P-1-facs_152_tr_1740521014	matched		plays	"{""entry_type"": ""performer"", ""volume"": ""1"", ""span"": ""271-272"", ""birth_date"": ""1886-02-08"", ""credit"": ""מ. ע.""}"
person:UP-0092	person	אַ אָלשאַנעצקי					unmatched		plays	
person:2267	person	לוּדוויג לעווינזאָן (אריה-לייבּ)	Ludvig Levinzon	people_db	2267	entry_person_id:P-2-facs_183_tr_1744279136	matched		plays	"{""entry_type"": ""writer"", ""volume"": ""2"", ""span"": ""1149-1152"", ""birth_date"": ""1844"", ""death_date"": ""1904""}"
person:2251	person	דוד לעווענזאָן	David Levenson	people_db	2251	entry_person_id:P-2-facs_186_r_2	matched		plays	"{""entry_type"": ""performer"", ""volume"": ""2"", ""span"": ""1156-1156"", ""birth_date"": ""1871-05-15"", ""credit"": ""ש. ע.""}"
person:2241	person	יוסף-יהוּדה לערנער	Joseph Judah Lerner	people_db	2241	entry_person_id:P-2-facs_189_tr_1744279158	matched		plays	"{""entry_type"": ""director_regisseur"", ""volume"": ""2"", ""span"": ""1162-1167"", ""birth_date"": ""1847-01-13"", ""death_date"": ""1907-01-23""}"
person:2238	person	סאַמוּעל לערעסקאׇ (שמוּאל לעהרער)	Samuel Leresko	people_db	2238	entry_person_id:P-2-facs_194_tr_1744279147	matched		plays	"{""entry_type"": ""performer"", ""volume"": ""2"", ""span"": ""1171-1171"", ""birth_date"": ""1876-08-01"", ""credit"": ""מ. ע. אין מ. ע. פֿון לייזער ראָזענשטיין אין יעקב מעסטעל.""}"
org_cluster:ORG-C03015	org	יאָוועלירס טרופּע		org_cluster	ORG-C03015		matched		plays	
person:2204	person	רבקה לעש (ראָזענבּלוּם)	Rebecca Lash	people_db	2204	entry_person_id:P-2-facs_197_tr_1744279124	matched		plays	"{""entry_type"": ""performer"", ""volume"": ""2"", ""span"": ""1177-1177"", ""birth_date"": ""1889-01-22"", ""credit"": ""מ. ע.""}"
org:UO-0012	org	טרופּע פֿון איר שוואַגער יעקב זילבערט					unmatched		plays	
person:685	person	זיגמוּנט מאׇגוּלעסקאׇ (זעליג מאָגילעווסקי)	Sigmund Mogulesco	people_db	685	entry_person_id:P-2-facs_198_r_4	matched	upgraded from person_entry:P-2-facs_198_r_4	plays	"{""entry_type"": ""performer"", ""volume"": ""2"", ""span"": ""1180-1207"", ""birth_date"": ""1858-12-16"", ""death_date"": ""1914-02-04"", ""credit"": ""מ. ע פון לעאָן בּלאַנק און זיגמונט שוואַרץ.""}"
play:NEW-0044	play	דער דבוק, אָדער, די בּאָבּע חוה					unmatched		plays	
person:UP-0093	person	הורוויץס					unmatched		plays	
person:UP-0094	person	הוּר⸗ וויץ					unmatched		plays	
org_cluster:ORG-C04570	org	אָרדען דודס האַרפע		org_cluster	ORG-C04570		matched		plays	
venue:UV-0015	venue	פּוּלינגס-טעאַטער					unmatched		plays	
person:UP-0095	person	שייקעוויטש					unmatched		plays	
play:NEW-0045	play	די עמיגראַנטן					unmatched		plays	
person:2090	person	סעם קעסטין	Sam Kasten	people_db	2090	entry_person_id:P-6-facs_644_tr_1747930335	matched		plays	"{""entry_type"": ""performer"", ""volume"": ""6"", ""span"": ""6122-6128"", ""birth_date"": ""1869-04-21"", ""death_date"": ""1951-03-04"", ""credit"": ""ש. ע. פֿון זלמן זילבערצווייג.""}"
person:2371	person	אַלעקסאַנדער מאַגידזאָהן	Aleksander Magidzohn	people_db	2371	entry_person_id:P-2-facs_213_r_2	matched		plays	"{""entry_type"": ""performer"", ""volume"": ""2"", ""span"": ""1210-1210"", ""birth_date"": ""18"", ""death_date"": ""1926-01-24"", ""credit"": ""מ. ע. פֿון מ. ד. וואַקסמאַן, יאָזעף קעסלער, ש. טאָבאַטשניקאָוו, מאַקס ראָזענטאַל, נייטאָן בלומענטאָל און יעקב מעסטעל.""}"
venue:UV-0016	venue	ווייטשעפּל					unmatched		plays	
person:UP-0096	person	זוני מאַנד					unmatched		plays	
org_cluster:ORG-C02118	org	מאַדיאָקאַט		org_cluster	ORG-C02118		matched		plays	
play:NEW-0046	play	דער דבּוק					unmatched		plays	
person:2421	person	זוּני מאוד (מועד)	Zuni Maud	people_db	2421	entry_person_id:P-2-facs_214_tr_1744280718	matched		plays	"{""entry_type"": ""performer"", ""volume"": ""2"", ""span"": ""1211-1211"", ""birth_date"": ""1891"", ""credit"": ""מ. ע.""}"
person:UP-0097	person	מ. געלבאַרט					unmatched		plays	
person:2520	person	"מאָטקע (חבּ""ד)"	Motke Chabad	people_db	2520	entry_person_id:P-2-facs_215_tr_1744280695	matched		plays	"{""entry_type"": ""performer"", ""volume"": ""2"", ""span"": ""1213-1215"", ""birth_date"": ""178X"", ""death_date"": ""1875/1900"", ""credit"": ""ש. ע פֿון לאַזאַר ראָן.""}"
person:2376	person	יואל-לייבּ מאַלאַמוּט	Yoel Leyb Malamut	people_db	2376	entry_person_id:P-2-facs_217_tr_1744280764	matched		plays	"{""entry_type"": ""writer"", ""volume"": ""2"", ""span"": ""1217-1217"", ""birth_date"": ""1887-07-22"", ""credit"": ""ש. ע.""}"
place:Q65	place	לאס אנדזשעלעס	Los Angeles	wikidata_qid	Q65	"{""kima_id"": ""154"", ""lat"": ""34.052230"", ""lon"": ""-118.243680""}"	matched		plays	
person:2508	person	סעם מאָריס (שמוּאל-משה גאַנז)	Sam Morris	people_db	2508	entry_person_id:P-2-facs_232_tr_1744280751	matched		plays	"{""entry_type"": ""performer"", ""volume"": ""2"", ""span"": ""1247-1247"", ""credit"": ""ש. ע.""}"
org:UO-0013	org	ליבהאָבער-קלוב					unmatched		plays	
org_cluster:ORG-C00860	org	ווילנע		org_cluster	ORG-C00860		matched		plays	
venue:UV-0017	venue	העליאַס-טעאַטער					unmatched		plays	
place:Q2069079	place	מעזריטש געטא	Międzyrzec Podlaski Ghetto	wikidata_qid	Q2069079	"{""kima_id"": """", ""lat"": """", ""lon"": """"}"	matched		plays	
person:2408	person	יוסף מאַרקאָוויטש	Joseph Markowitz	people_db	2408	entry_person_id:P-2-facs_241_tr_1744280750	matched		plays	"{""entry_type"": ""performer"", ""volume"": ""2"", ""span"": ""1266-1266"", ""birth_date"": ""1884-02"", ""credit"": ""ש. ע.""}"
play:NEW-0047	play	שוועסטער און ברודער חתן-כּלה					unmatched		plays	
person:2514	person	מאַקס מאָשקאָוויטש	Max Moshkovitsh	people_db	2514	entry_person_id:P-2-facs_245_tr_1744280726	matched		plays	"{""entry_type"": ""writer"", ""volume"": ""2"", ""span"": ""1273-1273""}"
person:2512	person	מאָריס מאָשקאָוויטש	Morris Moshkovitch	people_db	2512	entry_person_id:P-2-facs_245_tr_1744280733	matched		plays	"{""entry_type"": ""performer"", ""volume"": ""2"", ""span"": ""1274-1281"", ""birth_date"": ""1871-11-22"", ""credit"": ""ש. ע.""}"
org_cluster:ORG-C04686	org	אַדלערס פּולס-טעאַטער		org_cluster	ORG-C04686		matched		plays	
play:NEW-0048	play	די צוויי חתנים					unmatched		plays	
org_cluster:ORG-C00157_Q01	org	ליבערטי-טעאַטער		org_cluster	ORG-C00157_Q01		matched		plays	
person:2515	person	משה מאָשקאָוויטש	Moshe Moshkovitsh	people_db	2515	entry_person_id:P-2-facs_249_tr_1744280757	matched		plays	"{""entry_type"": ""performer"", ""volume"": ""2"", ""span"": ""1282-1282"", ""birth_date"": ""1886-01-22"", ""credit"": ""ש.ע.""}"
org:376	org	סעם אַדלערס טרופּע	Sam Adler Troupe	org_core_db	376		matched		plays	
place:Q48256	place	דניפרא	Dnipro	wikidata_qid	Q48256	"{""kima_id"": ""87632"", ""lat"": ""48.467500"", ""lon"": ""35.040000""}"	matched		plays	
person:2429	person	אַבּיש מייזעלס	Abish Meisels	people_db	2429	entry_person_id:P-2-facs_257_tr_1744280824	matched		plays	"{""entry_type"": ""writer"", ""volume"": ""2"", ""span"": ""1297-1297"", ""birth_date"": ""1893-10-02"", ""credit"": ""ש. ע.""}"
person:2457	person	דוד מייעראָוויטש	David Meyerowitz	people_db	2457	entry_person_id:P-2-facs_258_tr_1744280734	matched		plays	"{""entry_type"": ""performer"", ""volume"": ""2"", ""span"": ""1300-1300"", ""birth_date"": ""1887-04-02"", ""credit"": ""ש. ע.""}"
person:2456	person	מאָרריס מייער (משה)	Morris Meyer	people_db	2456	entry_person_id:P-2-facs_258_tr_1744280735	matched		plays	"{""entry_type"": ""writer"", ""volume"": ""2"", ""span"": ""1299-1299"", ""birth_date"": ""1878-01-02"", ""credit"": ""ש. ע.""}"
person:3814	person	מארק לזרוביץ' מייערסאָן		people_db	3814	entry_person_id:P-2-facs_259_tr_1744280724	matched		plays	"{""entry_type"": ""performer"", ""volume"": ""2"", ""span"": ""1302-1307"", ""birth_date"": ""1860"", ""death_date"": ""1928-05-15"", ""credit"": ""זכרונות פֿון מ. ל. מייערסאָן.""}"
org:307	org	קונסט-ווינקל	Kunst vinkl	org_core_db	307		matched		plays	
person:2463	person	מיכאל מיכאַלעסקאָ (ווייסגּלאַט)	Michal Michalesko	people_db	2463	entry_person_id:P-2-facs_263_tr_1744280809	matched		plays	"{""entry_type"": ""performer"", ""volume"": ""2"", ""span"": ""1309-1311"", ""birth_date"": ""1888-11-26"", ""credit"": ""מ. ע.""}"
org:458	org	טרופּע פֿון זשיטאָמירסקי	Zhitomirski Troupe	org_core_db	458		matched		plays	
place:UPL-0006	place	נאוואַ בוך					unmatched		plays	
person:UP-0098	person	לואיס ע. מיללער					unmatched		plays	
org:1516	org	וואָרהייט פובלישינג קאָמפּאָני	וואָרהייט פובלישינג קאָמפּאָני	org_core_db	1516		matched		plays	
person:2478	person	לוּאיס מיללער (ל. בּאַנדעס)	Louis E. Miller	people_db	2478	entry_person_id:P-2-facs_267_tr_1744280748	matched		plays	"{""entry_type"": ""writer"", ""volume"": ""2"", ""span"": ""1317-1318"", ""birth_date"": ""1866-04-20"", ""death_date"": ""1927-05-22""}"
person:UP-0099	person	חנן-יעקב [HOST]					unmatched		plays	
org_cluster:ORG-C04791	org	אהבת ציון		org_cluster	ORG-C04791		matched		plays	
person:UP-0100	person	לואיס מיללער					unmatched		plays	
person:2487	person	עליע מינץ (אליהוּ זאַץ)	Eli Mintz	people_db	2487	entry_person_id:P-2-facs_272_tr_1744280722	matched		plays	"{""entry_type"": ""performer"", ""volume"": ""2"", ""span"": ""1328-1328"", ""birth_date"": ""1904-08-01"", ""credit"": ""מ. ע.""}"
person:2432	person	משה מלמד	Moshe Melamed	people_db	2432	entry_person_id:P-2-facs_277_tr_1744280835	matched		plays	"{""entry_type"": ""writer"", ""volume"": ""2"", ""span"": ""1337-1337"", ""birth_date"": ""1882-12-25"", ""credit"": ""ש. ע.""}"
person:UP-0101	person	ה. קאָזאָקעוויטש					unmatched		plays	
org:UO-0014	org	כאַרקאָווער מלוכהשן יידישן טעאַטער					unmatched		plays	
play:NEW-0049	play	אין דער גאָלדענער מדינה					unmatched		plays	
person:UP-0102	person	פ. לאָפּאַטיינסקי					unmatched		plays	
person:UP-0103	person	וו. שקליאַיעוו					unmatched		plays	
person:865	person	אַדאָלף מעלצער	Adolf Melzer	people_db	865	entry_person_id:P-2-facs_284_tr_1744280792	matched		plays	"{""entry_type"": ""performer"", ""volume"": ""2"", ""span"": ""1352-1353"", ""birth_date"": ""1874-06-16"", ""death_date"": ""1929-08-04"", ""credit"": ""מ. ע.""}"
person:2435	person	נחום מעלניק	Nachum Melnick	people_db	2435	entry_person_id:P-2-facs_284_tr_1744280794	matched		plays	"{""entry_type"": ""performer"", ""volume"": ""2"", ""span"": ""1352-1352"", ""birth_date"": ""1904-07-14"", ""credit"": ""ש. ע.""}"
org_cluster:ORG-C04828	org	וואַרשעווער יידישער דראַמאַטישער שול		org_cluster	ORG-C04828		matched		plays	
place:Q36	place	פוילן	Poland	wikidata_qid	Q36	"{""kima_id"": ""7313"", ""lat"": """", ""lon"": """"}"	matched		plays	
person:2436	person	עני מעלצער	Annie Meltzer	people_db	2436	entry_person_id:P-2-facs_286_r_2	matched		plays	"{""entry_type"": ""performer"", ""volume"": ""2"", ""span"": ""1356-1356"", ""birth_date"": ""1893-04-12"", ""credit"": ""מ. ע.""}"
person:770	person	בּעסי טאָמאַשעווסקי (בּרכה באָומפעלד-קויפמאָן)	Bessie Thomashefsky	people_db	770	entry_person_id:P-2-facs_28_tr_1744131420	matched		plays	"{""entry_type"": ""performer"", ""volume"": ""2"", ""span"": ""840-845"", ""birth_date"": ""1873"", ""credit"": ""מ. ע.""}"
person:UP-0104	person	א. טענענהאַלץ					unmatched		plays	
org_cluster:ORG-C03842	org	דיא וואַרהייט פּאָבּלישינג קאָמפּאַני		org_cluster	ORG-C03842		matched		plays	
person:UP-0105	person	זשולאַווסקי					unmatched		plays	
person:984	person	מאיר מעסטעל	Meir Mestel	people_db	984	entry_person_id:P-2-facs_296_r	matched		plays	"{""entry_type"": ""performer"", ""volume"": ""2"", ""span"": ""1375-1376"", ""birth_date"": ""1902-03"", ""credit"": ""ש. ע.""}"
org:UO-0015	org	פּראָווינציעלער חבריםטרופּע					unmatched		plays	
person:UP-0106	person	פ. באַריץ					unmatched		plays	
play:NEW-0050	play	די טאָכטער פֿון ירושלים, אָדער, דער רוימישער טיראָן, קאָמעדיע אין 4 אַקטן					unmatched		plays	
person:UP-0107	person	סאָניאַ נאָדאָלסקאָ					unmatched		plays	
person:UP-0108	person	ס. טאָביאָס					unmatched		plays	
person:1464	person	וויליאַם קאַנראָד	William Conrad	people_db	1464	entry_person_id:P-4-facs_270_tr_1754998433	matched		plays	"{""entry_type"": ""performer"", ""volume"": ""4"", ""span"": ""2943-2943"", ""credit"": ""מ. ע. פֿון באָריס טאָמאַשעווסקי, דיינע פֿיינמאַן, אברהם פישקינד.""}"
person:2447	person	אַרן מערענזאָן	Aron Merenzon	people_db	2447	entry_person_id:P-2-facs_297_tr_1744280788	matched		plays	"{""entry_type"": ""performer"", ""volume"": ""2"", ""span"": ""1378-1378"", ""birth_date"": ""1893"", ""credit"": ""ש. ע. פֿון מאַרק לייפציקער.""}"
org:UO-0016	org	יידישן אוקראַאינישן מלוכה-טעאַטער					unmatched		plays	
person:UP-0109	person	אַנ-סקיס					unmatched		plays	
person:2549	person	שלמה נאַאוּמאׇוו (זאַַסלאַווסקי)	Shlomo Naumov	people_db	2549	entry_person_id:P-2-facs_300_tr_1744280756	matched		plays	"{""entry_type"": ""performer"", ""volume"": ""2"", ""span"": ""1383-1383"", ""birth_date"": ""1898-04-03"", ""credit"": ""ש. ע.""}"
play:NEW-0051	play	דער גאָלדענער חתן					unmatched		plays	
person:1570	person	בּערנאַרד עלווינג	Bernard Elving	people_db	1570	entry_person_id:P-2-facs_391_tr_1744366851	matched		plays	"{""entry_type"": ""performer"", ""volume"": ""2"", ""span"": ""1566-1567"", ""credit"": ""מ. ע.""}"
person:2534	person	אהרן נאַגער	Aaron Nager	people_db	2534	entry_person_id:P-2-facs_300_tr_1744280760	matched		plays	"{""entry_type"": ""writer"", ""volume"": ""2"", ""span"": ""1384-1385"", ""birth_date"": ""1880-11"", ""credit"": ""ש. ע.""}"
person:2533	person	משה נאַדיר (יצחק רייז)	Moishe Nadir	people_db	2533	entry_person_id:P-2-facs_303_tr_1744365806	matched		plays	"{""entry_type"": ""writer"", ""volume"": ""2"", ""span"": ""1389-1392"", ""birth_date"": ""1885-05""}"
person:2574	person	יוסף נאָרפלוּס	Yosef Norflus	people_db	2574	entry_person_id:P-2-facs_314_tr_1744365768	matched		plays	"{""entry_type"": ""performer"", ""volume"": ""2"", ""span"": ""1412-1414"", ""birth_date"": ""1894""}"
place:Q414	place	ארגענטינע	Argentina	wikidata_qid	Q414	"{""kima_id"": ""7805"", ""lat"": ""-34.0"", ""lon"": ""-64.0""}"	matched		plays	
person:UP-0110	person	משה שמואל מ'ן					unmatched		plays	
play:NEW-0052	play	ב ת  יפ ת ח  ה ג ל ע ד י					unmatched		plays	
person:2578	person	משה-שמוּאל נוימאַן	Moshe Shmuel Noyman	people_db	2578	entry_person_id:P-2-facs_315_tr_1744365735	matched		plays	"{""entry_type"": ""writer"", ""volume"": ""2"", ""span"": ""1413-1413"", ""birth_date"": ""1769""}"
place:Q1085	place	פראג	Prague	wikidata_qid	Q1085	"{""kima_id"": ""638"", ""lat"": ""50.087500"", ""lon"": ""14.421389""}"	matched		plays	
person:2583	person	יצחק נוּסינאָוו	Itzhak Nusinov	people_db	2583	entry_person_id:P-2-facs_316_tr_1744365726	matched		plays	"{""entry_type"": ""writer"", ""volume"": ""2"", ""span"": ""1415-1415"", ""birth_date"": ""1889-07-14"", ""death_date"": ""1831-11-29"", ""credit"": ""ש. ע. פֿון זלמן רייזען.""}"
person:910	person	וויליאַם סיגעל	William Siegal	people_db	910	entry_person_id:P-2-facs_343_tr_1744365797	matched		plays	"{""entry_type"": ""writer"", ""volume"": ""2"", ""span"": ""1470-1482"", ""birth_date"": ""1893-12-22"", ""credit"": ""ש. ע. און ש. ע. פֿון שרה קינדמאַן.""}"
person:2571	person	חיים ניסענצווייג	Chaim Nisentsvayg	people_db	2571	entry_person_id:P-2-facs_320_tr_1744365787	matched		plays	"{""entry_type"": ""performer"", ""volume"": ""2"", ""span"": ""1424-1424"", ""birth_date"": ""1895-02-25"", ""credit"": ""ש. ע.""}"
person:2555	person	אסתר נעראָסלאַווסקאַ	Esther Neroslavska	people_db	2555	entry_person_id:P-2-facs_323_tr_1744365725	matched		plays	"{""entry_type"": ""performer"", ""volume"": ""2"", ""span"": ""1430-1431"", ""credit"": ""ש.ע.""}"
person:857	person	פּרץ סאַנדלער	Peretz Sandler	people_db	857	entry_person_id:P-2-facs_331_tr_1744365763	matched		plays	"{""entry_type"": ""composer"", ""volume"": ""2"", ""span"": ""1446-1454"", ""birth_date"": ""1881-05-18"", ""death_date"": ""1926-10-09"", ""credit"": ""ש.ע.""}"
org_cluster:ORG-C03650	org	לאָדזשער „הזמיר“		org_cluster	ORG-C03650		matched		plays	
person:2824	person	יצחק-אייזיק סאַמבּאׇרעק (אַ. סאַמבּערג)	Isaac Samberg	people_db	2824	entry_person_id:P-2-facs_327_tr_1744365756	matched		plays	"{""entry_type"": ""performer"", ""volume"": ""2"", ""span"": ""1438-1440"", ""birth_date"": ""1889-02-22"", ""credit"": ""ש. ע.""}"
person:2830	person	יעטאַ סאַמוּאילאָוו-שאָר	Yetta Samuilov-Schorr	people_db	2830	entry_person_id:P-2-facs_329_tr_1744365801	matched		plays	"{""entry_type"": ""performer"", ""volume"": ""2"", ""span"": ""1441-1441"", ""death_date"": ""1929~"", ""credit"": ""ש. ע. פֿון מ. בּ. סאַמואילאָוו.""}"
person:2831	person	משה-בּער סאַמוּאילאָוו	Moshe Ber Samuylow	people_db	2831	entry_person_id:P-2-facs_329_tr_1744365808	matched		plays	"{""entry_type"": ""performer"", ""volume"": ""2"", ""span"": ""1442-1443"", ""birth_date"": ""1876-12-17"", ""credit"": ""ש.ע.""}"
venue:UV-0018	venue	זשיגניצאַ					unmatched		plays	
person:845	person	פּנחס טאָמאַשעווסקי	Pinkhes Thomashefsky	people_db	845	entry_person_id:P-2-facs_32_tr_1744131393	matched		plays	"{""entry_type"": ""writer"", ""volume"": ""2"", ""span"": ""848-848"", ""birth_date"": ""1842"", ""death_date"": ""1914-01-21"", ""credit"": ""מ. ע. פֿון זיין זון באָריס טאָמאַשעווסקי.""}"
org_cluster:ORG-C00005	org	פאַוויליאָן-טעאַטער		org_cluster	ORG-C00005		matched		plays	
person:2745	person	פעני ריינהאַרט	Fannie Reinhart	people_db	2745	entry_person_id:P-4-facs_34_r_1	matched		plays	"{""entry_type"": ""performer"", ""volume"": ""4"", ""span"": ""2471-2473"", ""birth_date"": ""1874"", ""death_date"": ""1952-01-22"", ""credit"": ""ש. ע. פֿון איר מאָן דר. מאָריס ריינהאַרט.""}"
person:2825	person	מיכאל סאַמערסאׇן	Mikhal Samerson	people_db	2825	entry_person_id:P-2-facs_330_tr_1744365791	matched		plays	"{""entry_type"": ""performer"", ""volume"": ""2"", ""span"": ""1444-1444"", ""birth_date"": ""1891"", ""death_date"": ""1928-09"", ""credit"": ""ש. ע. פֿון יעקב באָטאָשאַנסקי.""}"
place:Q1486	place	בוענאס איירעס	Buenos Aires	wikidata_qid	Q1486	"{""kima_id"": ""510"", ""lat"": ""-34.599722"", ""lon"": ""-58.381944""}"	matched		plays	
org:330	org	מעערסאָנס טרופּע	Meerson Troupe	org_core_db	330		matched		plays	
place:Q208499	place	אומאן	Uman	wikidata_qid	Q208499	"{""kima_id"": ""9129"", ""lat"": ""48.750000"", ""lon"": ""30.216667""}"	matched		plays	
org:UO-0017	org	טרופּע פֿון סעם אַדלער					unmatched		plays	
venue:UV-0019	venue	טעאַטער קרולעווסקי					unmatched		plays	
org:UO-0018	org	קאמינסקין					unmatched		plays	
org:147	org	קאמינסקי-טעאַטער	Kaminski's Theatre	org_core_db	147		matched		plays	
person:UP-0111	person	נ. בוכוואַלד					unmatched		plays	
person:3006	person	ליפּמאַן סאָקאָלאָוו (סאָקאָלאָווסקי)	Lipman Sokolov	people_db	3006	entry_person_id:P-2-facs_336_tr_1744365764	matched		plays	"{""entry_type"": ""performer"", ""volume"": ""2"", ""span"": ""1456-1457"", ""birth_date"": ""1888"", ""credit"": ""ש. ע.""}"
person:3038	person	משה סוּריץ	Moshe Surits	people_db	3038	entry_person_id:P-2-facs_338_tr_1744365805	matched		plays	"{""entry_type"": ""performer"", ""volume"": ""2"", ""span"": ""1460-1460"", ""birth_date"": ""1888-08-22"", ""credit"": ""ש.ע.""}"
venue:UV-0020	venue	פּריוואַטע וואוינונגען					unmatched		plays	
place:Q80021	place	דענענבורג	Daugavpils	wikidata_qid	Q80021	"{""kima_id"": ""898"", ""lat"": ""55.871389"", ""lon"": ""26.516111""}"	matched		plays	
person:3037	person	נחום סטוּטשקאָוו (סטוּטשקאָ)	Nakhum Stutchkoff	people_db	3037	entry_person_id:P-2-facs_340_tr_1744365809	matched		plays	"{""entry_type"": ""writer"", ""volume"": ""2"", ""span"": ""1464-1466"", ""birth_date"": ""1893-06-07"", ""credit"": ""ש. אין מ. ע.""}"
person:3036	person	יוסף סטרוּגאטש	Yosef Strugatsh	people_db	3036	entry_person_id:P-2-facs_342_tr_1744365730	matched		plays	"{""entry_type"": ""performer"", ""volume"": ""2"", ""span"": ""1467-1467"", ""birth_date"": ""1893-03-23"", ""credit"": ""מ. ע.""}"
org:758	org	טרופּע פון מישוראַט	טרופּע פון מישוראַט	org_core_db	758		matched		plays	
org_cluster:ORG-C05107	org	פֿאַראיין „ציון“		org_cluster	ORG-C05107		matched		plays	
person:2871	person	סיגאַל בן-ציון	Ben-Tsion Segal	people_db	2871	entry_person_id:P-2-facs_343_r_5	matched		plays	"{""entry_type"": ""performer"", ""volume"": ""2"", ""span"": ""1469-1469"", ""birth_date"": ""1900-10-15"", ""credit"": ""ש. ע.""}"
venue:UV-0021	venue	רעסטאָראַן ביי דאוויד לייטנער					unmatched		plays	
place:Q523469	place	מאַריענבאַד	Mariánské Lázně	wikidata_qid	Q523469	"{""kima_id"": ""9969"", ""lat"": ""49.964703891769"", ""lon"": ""12.701249703911""}"	matched		plays	
person:1491	person	יצחק דייטש (סאָלאָמיאַניק)	Itzhak Deytsh	people_db	1491	entry_person_id:P-1-facs_293_tr_1741260460	matched		plays	"{""entry_type"": ""performer"", ""volume"": ""1"", ""span"": ""553-553"", ""birth_date"": ""1884-12-18"", ""credit"": ""מ. ע.""}"
org_cluster:ORG-C05108	org	בית-דוד ישיבה		org_cluster	ORG-C05108		matched		plays	
place:UPL-0007	place	טאוואָרעק					unmatched		plays	
person:902	person	דזשייקאָב דזשייקאָבּס (יעקב יאַקובּאָוויטש)	Jacob Jacobs	people_db	902	entry_person_id:P-1-facs_291_tr_1741260447	matched		plays	"{""entry_type"": ""performer"", ""volume"": ""1"", ""span"": ""549-549"", ""birth_date"": ""1891-05-26"", ""credit"": ""מ. ע.""}"
person:UP-0112	person	א. לעבעדיעוו					unmatched		plays	
person:UP-0113	person	יאָזעף שיינגאָלד					unmatched		plays	
person:UP-0114	person	הערמאַן וואָהל					unmatched		plays	
org:190	org	פֿילאדעלפֿיער אַרטש-סטריט-טעאָטער	Arch Street Theatre	org_core_db	190		matched		plays	
person:2994	person	מנשה סקוּלניק	Menasha Skulnik	people_db	2994	entry_person_id:P-6-facs_612_r	matched		plays	"{""entry_type"": ""performer"", ""volume"": ""6"", ""span"": ""6057-6110"", ""birth_date"": ""1892-05-15"", ""credit"": ""ש. ע. און ש. ע. פֿון יעקב טיקמאַן און הערי וויינבערג.""}"
person:UP-0115	person	שמ'ר					unmatched		plays	
org_cluster:ORG-C00144_Q01	org	עלדאָראַדאָ		org_cluster	ORG-C00144_Q01		matched		plays	
person:729	person	אברהם-יצחק טאַנצמאַן	Avraham Itzhak Tanzman	people_db	729	entry_person_id:P-2-facs_34_tr_1744131414	matched		plays	"{""entry_type"": ""performer"", ""volume"": ""2"", ""span"": ""852-853"", ""birth_date"": ""1857-11-12"", ""death_date"": ""1906-11-13"", ""credit"": ""ש. ע. פֿון זיין ברידער פּנחס טאַנצמאַן.""}"
person:2979	person	סיימאָן	Simon	people_db	2979	entry_person_id:P-2-facs_350_tr_1744365746	matched		plays	"{""entry_type"": ""performer"", ""volume"": ""2"", ""span"": ""1484-1484""}"
person:UP-0116	person	מאַדאם סיימאָן					unmatched		plays	
org_cluster:ORG-C07057	org	דראַמאַטיק קלוב		org_cluster	ORG-C07057		matched		plays	
place:UPL-0008	place	עליזאַבעט					unmatched		plays	
person:720	person	משה סימאָנאָף	Morris Simonoff	people_db	720	entry_person_id:P-2-facs_353_tr_1744365776	matched		plays	"{""entry_type"": ""performer"", ""volume"": ""2"", ""span"": ""1489-1490"", ""birth_date"": ""1859"", ""death_date"": ""1930-08-31"", ""credit"": ""ש.ע.""}"
person:UP-0117	person	שארקאַנסקי					unmatched		plays	
place:Q3141	place	מעלבארן	Melbourne	wikidata_qid	Q3141	"{""kima_id"": ""632"", ""lat"": ""-37.814167"", ""lon"": ""144.963056""}"	matched		plays	
person:2872	person	בּעטי סעגאַל (גליקמאַן)	Betty Segal	people_db	2872	entry_person_id:P-2-facs_361_tr_1744366834	matched		plays	"{""entry_type"": ""performer"", ""volume"": ""2"", ""span"": ""1506-1506"", ""birth_date"": ""1887-10"", ""credit"": ""מ. ע.""}"
person:2881	person	זוּסמאַן סעגאַלאָוויטש	Zusman Segalowitch	people_db	2881	entry_person_id:P-2-facs_362_tr_1744366876	matched		plays	"{""entry_type"": ""writer"", ""volume"": ""2"", ""span"": ""1507-1507"", ""birth_date"": ""1884-02-26""}"
person:2877	person	חיים-מאיר סעגאַלעסקאָ	Chaim Meir Segalesko	people_db	2877	entry_person_id:P-2-facs_363_tr_1744366852	matched		plays	"{""entry_type"": ""performer"", ""volume"": ""2"", ""span"": ""1510-1510"", ""birth_date"": ""189x"", ""death_date"": ""1922"", ""credit"": ""ש. ע. פֿון אָסקאר אָפּטראָף אין חיים טויבער און מ. ע. פֿון איציקל גאָלדענבערג.""}"
org:UO-0019	org	"טעאַטער „דאַטשיאָ"""					unmatched		plays	
person:2878	person	מרדכי סעגאַלעסקאָ	Mordechai Segalesko	people_db	2878	entry_person_id:P-2-facs_364_tr_1744366859	matched		plays	"{""entry_type"": ""performer"", ""volume"": ""2"", ""span"": ""1511-1512"", ""birth_date"": ""186"", ""death_date"": ""1920-01"", ""credit"": ""מ. ע. - פון איציקל גאָלדענבערג, יצחק ליברעסקאָ, ה. פיינשטיין, א. אַסטראָף און יעפים זלאַטאָגאָראָוו.""}"
person:880	person	יעקב סענדלער	Jacob Koppel Sandler	people_db	880	entry_person_id:P-2-facs_365_tr_1744366824	matched		plays	"{""entry_type"": ""composer"", ""volume"": ""2"", ""span"": ""1514-1514"", ""birth_date"": ""186"", ""death_date"": ""1931-03"", ""credit"": ""ש. ע. פֿון בוז יאָנג.""}"
person:3054	person	הענרי טאַרלאָ	Henry Tarlo	people_db	3054	entry_person_id:P-2-facs_36_r_4	matched		plays	"{""entry_type"": ""performer"", ""volume"": ""2"", ""span"": ""856-856"", ""birth_date"": ""1898-02-05"", ""credit"": ""ש. ע. פֿון מאַרק לייפציקער.""}"
org:478	org	כאַרקאָווער יידישן מלוכה-טעאַטער	כאַרקאָווער יידישן מלוכה-טעאַטער	org_core_db	478		matched		plays	
person:768	person	יעקב ספּיוואַקאָווסקי	Jacob Spivakovsky	people_db	768	entry_person_id:P-2-facs_372_tr_1744366832	matched		plays	"{""entry_type"": ""director_regisseur"", ""volume"": ""2"", ""span"": ""1528-1535"", ""birth_date"": ""1852-12-22"", ""death_date"": ""1919-09-25"", ""credit"": ""ש. ע. פון פּנחס טאַנצמאַן.""}"
org:UO-0020	org	פישזאָנען און זייער טרופּע					unmatched		plays	
org:235	org	עלדאָראַדאָ-טעאַטער	Eldorado Theatre	org_core_db	235		matched		plays	
person:3018	person	יונה ספּיוואַק (רומעניע)	Jonah Spivak	people_db	3018	entry_person_id:P-2-facs_371_tr_1744366831	matched		plays	"{""entry_type"": ""administrator"", ""volume"": ""2"", ""span"": ""1526-1526""}"
person:3015	person	הערש ספּעקטאַראָוו	Hersh Spektarov	people_db	3015	entry_person_id:P-2-facs_377_tr_1744366868	matched		plays	"{""entry_type"": ""performer"", ""volume"": ""2"", ""span"": ""1538-1538"", ""birth_date"": ""1894-01-07"", ""credit"": ""ש. ע. פֿון י. מ. לייפציקער.""}"
org:815	org	קאָריקס טרופּע	קאָריקס טרופּע	org_core_db	815		matched		plays	
place:Q158292	place	יעליסאוועטגראד	Kropyvnytskyi	wikidata_qid	Q158292	"{""kima_id"": ""14587"", ""lat"": ""48.510278"", ""lon"": ""32.266667""}"	matched		plays	
play:NEW-0053	play	פאַרלוירענער גן-עדן					unmatched		plays	
person:3082	person	סעמיועל טאָרנבּערג (שמוּאל)	Samuel Tornberg	people_db	3082	entry_person_id:P-2-facs_37_tr_1744131389	matched		plays	"{""entry_type"": ""performer"", ""volume"": ""2"", ""span"": ""858-859"", ""birth_date"": ""1872"", ""death_date"": ""1911-10-05"", ""credit"": ""ש. ע. פֿון דייוויך טאָרן און מ. ע. פֿון משה זילבערשטיין.""}"
person:819	person	וואָלף עדעלמאַן	Wolf Edelman	people_db	819	entry_person_id:P-2-facs_381_tr_1744366860	matched		plays	"{""entry_type"": ""performer"", ""volume"": ""2"", ""span"": ""1545-1545"", ""birth_date"": ""1854"", ""death_date"": ""1920-02-19"", ""credit"": ""מ. ע. פֿין משה בודקין, ס. טאבאַטשניקאָוו אין יעקב קאַצמאַן.""}"
person:1540	person	סאָניע עדעלמאַן	Sonia Edelman	people_db	1540	entry_person_id:P-2-facs_382_tr_1744366863	matched		plays	"{""entry_type"": ""performer"", ""volume"": ""2"", ""span"": ""1547-1547"", ""birth_date"": ""1888-05-18"", ""credit"": ""ש. ע. פֿון מאַרק לייפציקער.""}"
person:718	person	פּאַוּלינאַ עדעלשטיין (פינקעלשטיין)	Paulina Edelstein	people_db	718	entry_person_id:P-2-facs_383_r_91	matched		plays	"{""entry_type"": ""performer"", ""volume"": ""2"", ""span"": ""1550-1550"", ""credit"": ""מ. ע.""}"
person:UP-0118	person	באַריס					unmatched		plays	
person:1596	person	שרה עטינגער	Sarah Ettinger	people_db	1596	entry_person_id:P-2-facs_390_tr_1744366849	matched		plays	"{""entry_type"": ""performer"", ""volume"": ""2"", ""span"": ""1564-1564"", ""birth_date"": ""1889-04-22"", ""credit"": ""מ. ע.""}"
person:1563	person	מרים עליאַס	Miriam Elias	people_db	1563	entry_person_id:P-2-facs_392_r_2	matched		plays	"{""entry_type"": ""performer"", ""volume"": ""2"", ""span"": ""1568-1569"", ""birth_date"": ""1897"", ""credit"": ""ש. ע.""}"
person:1574	person	יואל ענטין	Joel Entin	people_db	1574	entry_person_id:P-2-facs_397_r	matched		plays	"{""entry_type"": ""writer"", ""volume"": ""2"", ""span"": ""1577-1578"", ""birth_date"": ""1874/1875"", ""credit"": ""מ. ע.""}"
person:UP-0119	person	מ. קאַץ					unmatched		plays	
person:1575	person	העשל עפּ(פּ)עלבּערג	Heshl Epelberg	people_db	1575	entry_person_id:P-2-facs_399_tr_1744366849	matched		plays	"{""entry_type"": ""director_regisseur"", ""volume"": ""2"", ""span"": ""1582-1585"", ""birth_date"": ""1861"", ""death_date"": ""1927-01-07""}"
org_cluster:ORG-C00113	org	עליזעום		org_cluster	ORG-C00113		matched		plays	
person:3074	person	מאַטיאַס טהוּר (מתּתיהוּ)	Matias Thur	people_db	3074	entry_person_id:P-2-facs_39_tr_1744131440	matched		plays	"{""entry_type"": ""performer"", ""volume"": ""2"", ""span"": ""861-861"", ""birth_date"": ""18"", ""death_date"": ""1915-07-12"", ""credit"": ""מ. ע. פֿון יוליוס גוטמאַן אין ש. ע. פֿון יעקב מעסטעל.""}"
person:3477	person	מ. עפּשטיין		people_db	3477	entry_person_id:P-2-facs_403_tr_1744366824	matched		plays	"{""entry_type"": ""writer"", ""volume"": ""2"", ""span"": ""1590-1590""}"
person:1590	person	שמשון ערדבּערג	Shimshon Erdberg	people_db	1590	entry_person_id:P-2-facs_407_r_10	matched		plays	"{""entry_type"": ""writer"", ""volume"": ""2"", ""span"": ""1598-1598"", ""birth_date"": ""1891-10-22""}"
person:UP-0120	person	י. זשולאַווסקיס					unmatched		plays	
org:UO-0021	org	"ווי""קט"					unmatched		plays	
person:3127	person	בּ. טוּרש	B. Tursh	people_db	3127	entry_person_id:P-2-facs_45_tr_1744131386	matched		plays	"{""entry_type"": ""writer"", ""volume"": ""2"", ""span"": ""874-874""}"
person:3061	person	אברהם טייעלבּוים (שלום, סעם)	Abraham Teitelbaum	people_db	3061	entry_person_id:P-2-facs_46_tr_1744131404	matched		plays	"{""entry_type"": ""performer"", ""volume"": ""2"", ""span"": ""875-877"", ""birth_date"": ""1889-03-01"", ""credit"": ""מ. ע.""}"
person:3069	person	משה טייטש	Moshe Teytsh	people_db	3069	entry_person_id:P-2-facs_47_tr_1744131445	matched		plays	"{""entry_type"": ""writer"", ""volume"": ""2"", ""span"": ""878-878"", ""birth_date"": ""1882-07""}"
person:813	person	אליהוּ טענענהאָלץ	Louis Tannenholz	people_db	813	entry_person_id:P-2-facs_51_tr_1744131372	matched		plays	"{""entry_type"": ""performer"", ""volume"": ""2"", ""span"": ""885-886"", ""birth_date"": ""1890-02-17"", ""credit"": ""מ ע""}"
person:3067	person	יעקב טער	Jacob Terr	people_db	3067	entry_person_id:P-2-facs_53_r_6	matched		plays	"{""entry_type"": ""writer"", ""volume"": ""2"", ""span"": ""890-890"", ""birth_date"": ""1861-10-30""}"
venue:UV-0022	venue	טאַליאַ					unmatched		plays	
person:UP-0121	person	מ. אַבּראַמאָוויטש					unmatched		plays	
person:3090	person	אַווראָם טרעפּעל	Avrom Trepel	people_db	3090	entry_person_id:P-2-facs_57_tr_1744131462	matched		plays	"{""entry_type"": ""performer"", ""volume"": ""2"", ""span"": ""897-897"", ""birth_date"": ""1908"", ""credit"": ""ש. ע. פֿוּן מאַרק לייפּציקער.""}"
org:456	org	זאַסלאַווסקיס טרופּע	Zaslavsky Troupe	org_core_db	456		matched		plays	
org:443	org	קונסט-טעאַטער	Yiddish Art Theatre	org_core_db	443		matched		plays	
person:1447	person	יוסף טשערניאַווסקי	Joseph Cherniavsky	people_db	1447	entry_person_id:P-2-facs_60_tr_1744131442	matched		plays	"{""entry_type"": ""composer"", ""volume"": ""2"", ""span"": ""904-905"", ""birth_date"": ""1894-03-03"", ""credit"": ""מ. ע. און מ. ע. פֿון יעקב מעסטל.""}"
person:2061	person	קלמן יאָוועליר	Kalmen Juvelier	people_db	2061	entry_person_id:P-2-facs_63_r_2	matched		plays	"{""entry_type"": ""performer"", ""volume"": ""2"", ""span"": ""909-909"", ""birth_date"": ""1863-05-12"", ""credit"": ""ש. ע.""}"
org:287	org	איציק מענדל בערמאָןס טרופּע	Itzik Mendl Bergman Troupe	org_core_db	287		matched		plays	
place:Q178855	place	באטאשאן	Botoșani	wikidata_qid	Q178855	"{""kima_id"": ""683"", ""lat"": ""47.748611"", ""lon"": ""26.669444""}"	matched		plays	
person:UP-0122	person	אַנסקי					unmatched		plays	
play:NEW-0054	play	מיטן כח פֿון דבוק					unmatched		plays	
org:151	org	צענטראַל-טעאַטער	Tsentral Theater	org_core_db	151		matched		plays	
person:3327	person	בּ. יאוּשזאָן (משה יוּסטמאַן)	B. Yushzon	people_db	3327	entry_person_id:P-2-facs_63_tr_1744131370	matched		plays	"{""entry_type"": ""writer"", ""volume"": ""2"", ""span"": ""910-910"", ""birth_date"": ""1889""}"
person:3554	person	מנחם קיפּניס		people_db	3554	entry_person_id:P-5-facs_264_tr_1739221906	matched		plays	"{""entry_type"": ""performer"", ""volume"": ""5"", ""span"": ""4196-4206"", ""birth_date"": ""1878"", ""death_date"": ""1942"", ""credit"": ""ש. ע. פֿון זלמן זילבערצווייג.""}"
person:3301	person	שאוּל-יוסף יאַנאָווסקי	Saul Yosef Yanovsky	people_db	3301	entry_person_id:P-2-facs_64_tr_1744131361	matched		plays	"{""entry_type"": ""writer"", ""volume"": ""2"", ""span"": ""912-912"", ""birth_date"": ""1864-04"", ""credit"": ""ש. ע.""}"
person:2059	person	סאַול יאָזעפזאָן	Sol Josephson	people_db	2059	entry_person_id:P-2-facs_64_tr_1744131365	matched		plays	"{""entry_type"": ""performer"", ""volume"": ""2"", ""span"": ""911-911"", ""birth_date"": ""1908-06-03"", ""credit"": ""ש. ע.""}"
person:3242	person	פיליפּ ווייזענפריינד (נחום-פייוול)	Phillip Weisenfreund	people_db	3242	entry_person_id:P-1-facs_353_tr_1741260469	matched		plays	"{""entry_type"": ""performer"", ""volume"": ""1"", ""span"": ""673-673"", ""birth_date"": ""1860"", ""death_date"": ""1913-06-02"", ""credit"": ""מ. ע. פֿון זיין פרוי סאלטשע ווייזענפריינד.""}"
person:UP-0123	person	סאָלטשע ווייזענפֿריינד					unmatched		plays	
person:3320	person	בּערנאַרד יאָנג (בּועז יונגוויץ)	Bernard Young	people_db	3320	entry_person_id:P-2-facs_65_tr_1744131354	matched		plays	"{""entry_type"": ""performer"", ""volume"": ""2"", ""span"": ""914-916"", ""birth_date"": ""1870-03"", ""credit"": ""ש. ע.""}"
person:UP-0124	person	אָנשל שאָר					unmatched		plays	
person:3321	person	קלאַראַ יאָנג	Clara Young	people_db	3321	entry_person_id:P-2-facs_67_tr_1744131421	matched		plays	"{""entry_type"": ""performer"", ""volume"": ""2"", ""span"": ""917-920"", ""credit"": ""ש. ע.""}"
person:3315	person	נייט. יאָנגעלסאָן (נחן)	Nate Yongelson	people_db	3315	entry_person_id:P-2-facs_69_tr_1744131404	matched		plays	"{""entry_type"": ""performer"", ""volume"": ""2"", ""span"": ""922-922"", ""birth_date"": ""1893"", ""credit"": ""ש. ע.""}"
org_cluster:ORG-C06578	org	מינטוס		org_cluster	ORG-C06578		matched		plays	
person:3311	person	חוה יאָעליט (גרינשפּאַן)	Chava Yoelit	people_db	3311	entry_person_id:P-2-facs_70_tr_1744131388	matched		plays	"{""entry_type"": ""performer"", ""volume"": ""2"", ""span"": ""924-924"", ""credit"": ""ש. ע.""}"
person:2056	person	פּראָפעסאָר יאַקאָבּי	Jacoby	people_db	2056	entry_person_id:P-2-facs_71_tr_1744131408	matched		plays	"{""entry_type"": ""writer"", ""volume"": ""2"", ""span"": ""925-925""}"
org_cluster:ORG-C04115	org	קאַליש-טעאַטער		org_cluster	ORG-C04115		matched		plays	
person:UP-0125	person	פּערלמוטער					unmatched		plays	
person:UP-0126	person	וואַהל					unmatched		plays	
person:868	person	אליהו-זלמן יאַריכאָווסקי	Elihu Zalmen Yarikhovski	people_db	868	entry_person_id:P-2-facs_74_r_3	matched	upgraded from person_entry:P-2-facs_74_r_3	plays	
org_cluster:ORG-C05162	org	יידישער טרופּע		org_cluster	ORG-C05162		matched		plays	
venue:UV-0023	venue	האַלענדישן קלוב					unmatched		plays	
person:UP-0127	person	בת-שבע קראַמאַרזש					unmatched		plays	
org:1504	org	יידישע דראַמאַטישע שול		org_core_db	1504		matched		plays	
person:2385	person	אברהם-יעקב מאַנסדאׇרף (קעלמאָוויטש)	Jacob Mansdorf	people_db	2385	entry_person_id:P-2-facs_82_tr_1744131384	matched		plays	"{""entry_type"": ""writer"", ""volume"": ""2"", ""span"": ""948-948"", ""birth_date"": ""1866-05-06""}"
person:2108	person	א. כאַליף	A. Khalif	people_db	2108	entry_person_id:P-2-facs_85_r	matched		plays	"{""entry_type"": ""performer"", ""volume"": ""2"", ""span"": ""953-953"", ""birth_date"": ""1900"", ""credit"": ""ש. ע.""}"
org:469	org	ראָפּעל	ראַפּעלס טרופּע	org_core_db	469		matched		plays	
person:2066	person	צבי כִַּÅהַן	Tsvi Kahan	people_db	2066	entry_person_id:P-2-facs_86_tr_1744131442	matched		plays	"{""entry_type"": ""writer"", ""volume"": ""2"", ""span"": ""955-955"", ""birth_date"": ""1885-07-08"", ""credit"": ""ש. ע.""}"
person:2180	person	אהרן לאַגער	Aaron Lager	people_db	2180	entry_person_id:P-2-facs_87_r_8	matched		plays	"{""entry_type"": ""performer"", ""volume"": ""2"", ""span"": ""958-959"", ""birth_date"": ""1869"", ""credit"": ""ש. ע. פֿון יעקב באָטאָשאַנסקי און מ. ע. פֿון יעקב מעסטעל.""}"
person:2336	person	מאַלווינאַ לאָבּעל (טרייטלער)	Malvina Lobel	people_db	2336	entry_person_id:P-2-facs_87_tr_1744131446	matched		plays	"{""entry_type"": ""performer"", ""volume"": ""2"", ""span"": ""957-957"", ""birth_date"": ""1878-05-26"", ""credit"": ""ש. ע.""}"
person:UP-0128	person	חיים-בנימין טרייטלער					unmatched		plays	
person:2338	person	סעמיוּעל לאָהנפעלד	Samuel Lohnfeld	people_db	2338	entry_person_id:P-2-facs_88_tr_1744131404	matched		plays	"{""entry_type"": ""performer"", ""volume"": ""2"", ""span"": ""960-960"", ""birth_date"": ""1878"", ""credit"": ""ש. ע. אין מ. ע. פֿון שרה קינדמאַן.""}"
person:2214	person	פּנחס לאַווענדאַ	Pinchus Lawanda	people_db	2214	entry_person_id:P-2-facs_89_r_6	matched		plays	"{""entry_type"": ""performer"", ""volume"": ""2"", ""span"": ""961-961"", ""birth_date"": ""1898"", ""credit"": ""מ. ע.""}"
person:3079	person	סעמועל טאָביאַס	Samuel Tobias	people_db	3079	entry_person_id:P-2-facs_9_tr_1743943368	matched		plays	"{""entry_type"": ""performer"", ""volume"": ""2"", ""span"": ""802-803"", ""birth_date"": ""1861"", ""death_date"": ""1930-06-28""}"
org_cluster:ORG-C00322	org	גרענד אָפּערע הויז		org_cluster	ORG-C00322		matched		plays	
place:Q100	place	באסטאן	Boston	wikidata_qid	Q100	"{""kima_id"": ""516"", ""lat"": ""42.360278"", ""lon"": ""-71.057778""}"	matched		plays	
play:NEW-0055	play	די קאָמעדיאַנטקע					unmatched		plays	
person:UP-0129	person	אַשס					unmatched		plays	
org:713	org	יידיש קונסט טעאַטער	יידיש קונסט טעאַטער	org_core_db	713		matched		plays	
person:2635	person	וויקטאָר פּעקער (אביגדור)	Victor Pecker	people_db	2635	entry_person_id:P-3-facs_127_tr_1754820296	matched	upgraded from person_entry:P-3-facs_127_tr_1754820296	plays	"{""volume"": ""3"", ""span"": ""1831-1832"", ""credit"": ""ש. און מ. ע.""}"
person:2645	person	אַרנאָלד פּערלמוטער (אהרל'ע)	Arnold Perlmutter	people_db	2645	entry_person_id:P-3-facs_130_r	matched	upgraded from person_entry:P-3-facs_130_r	plays	"{""volume"": ""3"", ""span"": ""1838-1840"", ""credit"": ""מ. ע.""}"
org:867	org	טרופּע פֿון טרייטלער און יאָוועליר	טרופּע פֿון טרייטלער און יאָוועליר	org_core_db	867		matched		plays	
person:2646	person	ראובן פּערלמוטער	Reuven Perlmutter	people_db	2646	entry_person_id:P-3-facs_132_tr_1755157159	matched	upgraded from person_entry:P-3-facs_132_tr_1755157159	plays	"{""volume"": ""3"", ""span"": ""1842-1842"", ""credit"": ""ש. ע.""}"
org_cluster:ORG-C00820	org	עברי		org_cluster	ORG-C00820		matched		plays	
person:UP-0130	person	פּראָפעסאָר הורוויצעס					unmatched		plays	
org_cluster:ORG-C00850	org	יעקב-בער גימפּעלס לעמבערגער יידישן טעאַטער		org_cluster	ORG-C00850		matched		plays	
person:UP-0131	person	פּראָפעסאָר הורוויץ					unmatched		plays	
person:UP-0132	person	זיגמונט מאָגולעסקאָ					unmatched		plays	
person:1074	person	בערטא קאליש	Berta Kalich	people_db	1074		matched		plays	
play:NEW-0056	play	לעבן					unmatched		plays	
person:2696	person	אברהם פּראוואטינער	Abraham Pravatiner	people_db	2696	entry_person_id:P-3-facs_145_tr_1754213821	matched	upgraded from person_entry:P-3-facs_145_tr_1754213821	plays	"{""volume"": ""3"", ""span"": ""1867-1869"", ""credit"": ""ש. ע.""}"
person:UP-0133	person	ליאַ שטיין					unmatched		plays	
person:UP-0134	person	א. פראָיואָטינער					unmatched		plays	
org:UO-0022	org	פֿאַרלאָג מ. צעשינסקי					unmatched		plays	
person:UP-0135	person	א. פּראַוואַטינער					unmatched		plays	
org_cluster:ORG-C02146	org	פֿאַרלאָג „אַרבעטער וועלט“		org_cluster	ORG-C02146		matched		plays	
person:2704	person	יעקב פּריזאַמענט	Jacob Prizament	people_db	2704	entry_person_id:P-3-facs_147_tr_1754213832	matched	upgraded from person_entry:P-3-facs_147_tr_1754213832	plays	"{""volume"": ""3"", ""span"": ""1872-1872"", ""credit"": ""ש.ע. פיי פישל וויטקאיוער און מ. ע. פֿון זיין ברודער שלמה פריזאַמענט, איי ייאר שפינער.""}"
venue:UV-0024	venue	לעמבערגער יידישער בינע					unmatched		plays	
person:UP-0136	person	יוסף מאַרגאַשעס					unmatched		plays	
person:2706	person	שלמה פּריזאַמענט	Shlomo Prizament	people_db	2706	entry_person_id:P-3-facs_148_tr_1754213822	matched	upgraded from person_entry:P-3-facs_148_tr_1754213822	plays	"{""volume"": ""3"", ""span"": ""1873-1875"", ""credit"": ""מ. ע.""}"
person:1953	person	יוליוס (יידל) גוטמאַן (יהודה-יוסף)	Julius Guttman	people_db	1953	entry_person_id:P-1-facs_251_tr_1741260226	matched		plays	"{""entry_type"": ""performer"", ""volume"": ""1"", ""span"": ""469-469"", ""credit"": ""ש. ע.""}"
person:2694	person	יעקב פּרעגער	Jacob Prager	people_db	2694	entry_person_id:P-3-facs_155_tr_1754213834	matched	upgraded from person_entry:P-3-facs_155_tr_1754213834	plays	"{""volume"": ""3"", ""span"": ""1888-1892""}"
org:UO-0023	org	פֿאַרלאָג „טורעם“					unmatched		plays	
play:NEW-0057	play	חתן וכלה					unmatched		plays	
person:3481	person	יצחק-לייבוש פּרץ		people_db	3481	entry_person_id:P-3-facs_160_tr_1755156219	matched	upgraded from person_entry:P-3-facs_160_tr_1755156219	plays	"{""volume"": ""3"", ""span"": ""1898, 1899, 1900, 1901, 1902, 1903, 1904, 1905, 1906, 1907, 1908, 1909, 1910, 1911, 1912, 1913, 1914, 1915, 1916, 1917, 1918, 1919, 1920, 1921, 1922, 1923, 1924, 1925, 1926, 1927, 1928, 1929, 1930, 1931, 1932, 1933, 1934, 1935, 1936, 1937, 1938, 1939, 1940, 1941, 1942, 1943, 1944, 1945, 1946, 1947, 1948, 1949, 1950, 1951, 1952, 1953, 1955, 1955, 1956, 1957, 1958, 1959, 1960, 1961, 1962, 1963, 1964, 1965, 1966, 1967, 1968, 1970, 1971, 1975, 1973, 197, 1975, 1976, 1977, 1978, 1979, 1980, 1982, 1983, 1984, 61, 1986, 1987, 1988, 1989, 1990, 1091, 1992, 1893, 1994, 1995, 1996, 187, 1998, 1998, 2000, 2001, 2002, 2003, 2004, 2005, 2006, 2007, 2008, פואב, 2010, 2011, 2012, 3013, 2014, 2015, 2016, 2017, 2018, 3010, 2020, 2021, בו, 2033, 2024, 2025, 2020, 2027, 2028, 2029, 2030, 2031, 2032, 2033, 2034, 2035, 2036, 2037, 2038, 2038, 2040, 2041, 2042, 2043, 2044, 2045, 2047, 2048, 4, 2050, 2051, 11, 2053, 2054, 2055, 2056, 3057, 2058, 2059, 2060, 2081, 66, 2063, 2064, 3855, 2066, 2067, 2068, 2069, 2070, 2071, 2072, 2073, 2074, 2075, 2076"", ""credit"": ""ש.ע. פון דוד פינסקי, דר. יעקב שאצקי, חיים ליבערמאן, יעפים ישורון, מלך ראוויטש, יידל מארק, חיים בראקארזש, נחום סטוטשקאוו, א. מייזלס, ט. ל. מילנער און ה. קיילעס.""}"
org_cluster:ORG-C00748_Q01	org	מאדזשעסטיק-טעאַטער (דעטראיט)		org_cluster	ORG-C00748_Q01		matched		plays	
person:UP-0137	person	סאלאָמאָן רעזניק					unmatched		plays	
person:1564	person	אַלעקסאַנדער עליאַסבערג	Alexander Eliasberg	people_db	1564	entry_person_id:P-6-facs_244_tr_1747929009	matched		plays	"{""entry_type"": ""writer"", ""volume"": ""6"", ""span"": ""5322-5322"", ""birth_date"": ""1878-07-22"", ""death_date"": ""1924-07""}"
place:UPL-0009	place	בערלין-ווין					unmatched		plays	
person:UP-0138	person	מאדאם איזראַעלס					unmatched		plays	
person:UP-0139	person	מאדאם שניצער					unmatched		plays	
play:NEW-0058	play	נאָך קבורה					unmatched		plays	
person:UP-0140	person	יואל ענגעל					unmatched		plays	
venue:UV-0025	venue	יוזשני-טעאַטער					unmatched		plays	
person:2285	person	דוד ליכט (דניאל פרענקל)	David Licht	people_db	2285	entry_person_id:P-2-facs_147_tr_1744279083	matched		plays	"{""entry_type"": ""performer"", ""volume"": ""2"", ""span"": ""1077-1077"", ""birth_date"": ""1904-03-07"", ""credit"": ""ש. ע.""}"
org_cluster:ORG-C00070	org	איפט		org_cluster	ORG-C00070		matched		plays	
person:UP-0141	person	מנשה אָפּענהיים					unmatched		plays	
venue:UV-0026	venue	WEVD					unmatched		plays	
person:2629	person	יוסף פּאול	Yosef Paul	people_db	2629	entry_person_id:P-3-facs_16_r	matched	upgraded from person_entry:P-3-facs_16_r	plays	"{""volume"": ""3"", ""span"": ""1609-1609"", ""credit"": ""ש. ע.""}"
org_cluster:ORG-C00517	org	מאָנהעטן לייסעאום		org_cluster	ORG-C00517		matched		plays	
play:NEW-0059	play	אַליהו הנביא'ס מתנה					unmatched		plays	
person:2693	person	אַריה פּאָזי (ישראַל אַריה פּאָזשקאָוו)	Arnold Pozy	people_db	2693	entry_person_id:P-3-facs_16_tr_1752653044	matched	upgraded from person_entry:P-3-facs_16_tr_1752653044	plays	"{""volume"": ""3"", ""span"": ""1609-1611"", ""credit"": ""ש. ע.""}"
play:NEW-0060	play	חתןכלה					unmatched		plays	
person:UP-0142	person	פרץ					unmatched		plays	
org_cluster:ORG-C00537	org	בראָנקסער טעאַטער אַמעריקאַן		org_cluster	ORG-C00537		matched		plays	
person:2690	person	לידיאַ פּאָטאָצקאַ	Lidia Pototska	people_db	2690	entry_person_id:P-3-facs_19_tr_1752653066	matched	upgraded from person_entry:P-3-facs_19_tr_1752653066	plays	"{""volume"": ""3"", ""span"": ""1615-1616""}"
play:NEW-0061	play	ליבע און ליידנ שאַפט					unmatched		plays	
place:Q180086	place	גאליציע	Galicia	wikidata_qid	Q180086	"{""kima_id"": ""1473"", ""lat"": """", ""lon"": """"}"	matched		plays	
person:3810	person	ישראל אַקסענפעלד		people_db	3810	entry_person_id:P-6-facs_271_r_1	matched		plays	"{""entry_type"": ""writer"", ""volume"": ""6"", ""span"": ""5375-5413"", ""birth_date"": ""1787"", ""death_date"": ""1866""}"
venue:UV-0027	venue	קליינעם רעמעסלענני					unmatched		plays	
person:843	person	"שמ""ר (שייקעוויטש נחום-מאיר)"	Nahum Meïr Schaikewitz	people_db	843	entry_person_id:P-3-facs_250_r	matched	upgraded from person_entry:P-3-facs_250_r	plays	"{""volume"": ""3"", ""span"": ""2077, 207, 2079, 2080, 2081, 2082, 83, 2084, 208, אי, 2087, 2088, 2089, 2090, 209, 2092, 2093, 2094, 2095, 2096, 2097, 2098, 2099, 2100, 2101, 2102, 2103"", ""credit"": ""ש. ע. פֿון ש.'ס טאָכטער ראָזע.""}"
org_cluster:ORG-C02214	org	רומעניע אָפּערע האָוז		org_cluster	ORG-C02214		matched		plays	
person:UP-0143	person	יאָזער עדעלשטיין					unmatched		plays	
person:UP-0144	person	קאָמפּאַנעעץ					unmatched		plays	
play:NEW-0062	play	די גרינע					unmatched		plays	
person:2068	person	בערטאַ קאַליש	Bertha Kalich	people_db	2068	entry_person_id:P-4-facs_11_r	matched		plays	"{""entry_type"": ""performer"", ""volume"": ""4"", ""span"": ""2425-2457"", ""birth_date"": ""1872"", ""death_date"": ""1939-04-18""}"
person:UP-0145	person	ש.					unmatched		plays	
person:1311	person	יוסף בּירנבּוים	Joseph Birnbaum	people_db	1311	entry_person_id:P-3-facs_271_tr_1755674157	matched	upgraded from person_entry:P-3-facs_271_tr_1755674157	plays	"{""volume"": ""3"", ""span"": ""2120-2120"", ""credit"": ""ש. ע.""}"
person:UP-0146	person	באַראַן ראָטשילד					unmatched		plays	
person:3286	person	מרדכי יחסן	Mordechai Yachson	people_db	3286	entry_person_id:P-3-facs_273_tr_1755674142	matched	upgraded from person_entry:P-3-facs_273_tr_1755674142	plays	"{""volume"": ""3"", ""span"": ""2123-2123"", ""credit"": ""ש. ע.""}"
org_cluster:ORG-C00721	org	דראַמאַטישער געזעלשאַפֿט		org_cluster	ORG-C00721		matched		plays	
place:Q140147	place	בריסק	Brest	wikidata_qid	Q140147	"{""kima_id"": ""576"", ""lat"": ""52.084722"", ""lon"": ""23.656944""}"	matched		plays	
person_entry:P-3-facs_274_tr_1755674150	person	רעשאַווער, מאַקס		entry_person_id	P-3-facs_274_tr_1755674150		matched		plays	"{""volume"": ""3"", ""span"": ""2126-2126"", ""credit"": ""ש. ע.""}"
person:1647	person	אליעזר-דוד פינקעל	Eliezer Dovid Finkel	people_db	1647	entry_person_id:P-3-facs_279_tr_1755674208	matched	upgraded from person_entry:P-3-facs_279_tr_1755674208	plays	"{""volume"": ""3"", ""span"": ""2136-2136""}"
org_cluster:ORG-C05292	org	פערלאַג עליזעאום		org_cluster	ORG-C05292		matched		plays	
person:2855	person	ברוך שור	Baruch Schorr	people_db	2855	entry_person_id:P-3-facs_282_tr_1755674185	matched	upgraded from person_entry:P-3-facs_282_tr_1755674185	plays	"{""volume"": ""3"", ""span"": ""2142-2142"", ""credit"": ""מ. ע. פֿון משה שמש און יעקב מעסטל.""}"
person:1641	person	שמואל פיליב	Shmuel Filib	people_db	1641	entry_person_id:P-7-facs_31_tr_1756359777	matched		plays	"{""entry_type"": ""writer"", ""volume"": ""7"", ""span"": ""6183-6183""}"
person:695	person	לואיס פרידזעל	Louis Friedsell	people_db	695	entry_person_id:P-3-facs_284_tr_1755674201	matched	upgraded from person_entry:P-3-facs_284_tr_1755674201	plays	"{""volume"": ""3"", ""span"": ""2110-2149"", ""credit"": ""מ. ע. פֿון לואיס קרעמער.""}"
person:UP-0147	person	הורוויצעס					unmatched		plays	
org:140	org	לענאַקס טעאַטער	Lenox Theater	org_core_db	140		matched		plays	
org_cluster:ORG-C01097_Q01	org	מאונט מאָריס טעאַטער		org_cluster	ORG-C01097_Q01		matched		plays	
org_cluster:ORG-C01100	org	פישזאָנס יידישן טעאַטער		org_cluster	ORG-C01100		matched		plays	
venue:UV-0028	venue	אוקראינער טעאַטער					unmatched		plays	
person:UP-0148	person	אַברהם ליעסין					unmatched		plays	
venue:UV-0029	venue	רענד סקול					unmatched		plays	
play:NEW-0063	play	קאָמעדיאַנטך-					unmatched		plays	
person:UP-0149	person	דער טינקעלער					unmatched		plays	
org_cluster:ORG-C00190_Q01	org	פֿאָלקסבינע (ניו יאָרק)		org_cluster	ORG-C00190_Q01		matched		plays	
org_cluster:ORG-C00159	org	נאָראַ בעיס-טעאַטער		org_cluster	ORG-C00159		matched		plays	
person:1535	person	אָסיפּ דימאָוו (יוסף פּערלמאַן)	Osip Dymow	people_db	1535	entry_person_id:P-1-facs_295_tr_1741260503	matched		plays	"{""entry_type"": ""writer"", ""volume"": ""1"", ""span"": ""557-561"", ""birth_date"": ""1878"", ""credit"": ""מ. ע. פֿון לאַזאָר פּריד, אַנאַטאָל ווינאָגראָדאָוו, יעקב מעסטעל און ב. ריווקין.""}"
venue:UV-0030	venue	ראָדין אוידיטאָריום					unmatched		plays	
person:2608	person	יאָהאַן פּאליי (יונה)	Yohan Paley	people_db	2608	entry_person_id:P-3-facs_29_tr_1752653006	matched	upgraded from person_entry:P-3-facs_29_tr_1752653006	plays	"{""volume"": ""3"", ""span"": ""1636-1636""}"
person:UP-0150	person	הורוויטשעס					unmatched		plays	
person:1681	person	לאַזאַר פריד	Lazar Freed	people_db	1681	entry_person_id:P-3-facs_308_tr_1755973377	matched	upgraded from person_entry:P-3-facs_308_tr_1755973377	plays	"{""volume"": ""3"", ""span"": ""2193-2197"", ""credit"": ""ש. ע.""}"
org:252	org	גאַרדען טעאַטער	Garden Theatre	org_core_db	252		matched		plays	
play:NEW-0064	play	די גאָלדגרעבער					unmatched		plays	
play:NEW-0065	play	חכמת שלמה-שפּיל					unmatched		plays	
person:2678	person	בן-ציון פּאָליפּאַדע	Ben Zion Polipade	people_db	2678	entry_person_id:P-3-facs_30_tr_1752652991	matched	upgraded from person_entry:P-3-facs_30_tr_1752652991	plays	"{""volume"": ""3"", ""span"": ""1637-1638"", ""credit"": ""ש. ע.""}"
place:UPL-0010	place	נאָוועבוג					unmatched		plays	
person:1674	person	סעם פאָגעלנעסט	Sam Fogelnest	people_db	1674	entry_person_id:P-3-facs_311_tr_1755975322	matched	upgraded from person_entry:P-3-facs_311_tr_1755975322	plays	"{""volume"": ""3"", ""span"": ""2199-2199""}"
play:NEW-0066	play	ליגנער					unmatched		plays	
person:1615	person	ראָבערט פאַלק	Robert Falk	people_db	1615	entry_person_id:P-3-facs_314_tr_1756043856	matched	upgraded from person_entry:P-3-facs_314_tr_1756043856	plays	"{""volume"": ""3"", ""span"": ""2206-2206"", ""credit"": ""ש. ע. פֿון יהושע ליובאמירסקי.""}"
org_cluster:ORG-C01159	org	טעאַטער אויפֿן נאָמען פֿון מאָסקווער סאָוועט		org_cluster	ORG-C01159		matched		plays	
play:NEW-0067	play	אסתר					unmatched		plays	
person:1617	person	יעקב פאַללער (יעקב פעלנהענדלער)	Jacob Faller	people_db	1617	entry_person_id:P-3-facs_314_tr_1756043870	matched	upgraded from person_entry:P-3-facs_314_tr_1756043870	plays	"{""volume"": ""3"", ""span"": ""2206-2206"", ""credit"": ""ש. ע.""}"
place:Q384244	place	לוּקאָוו	Łuków	wikidata_qid	Q384244	"{""kima_id"": ""13292"", ""lat"": """", ""lon"": """"}"	matched		plays	
person:2662	person	דניאל פּלאַטקין	Daniel Plotkin	people_db	2662	entry_person_id:P-3-facs_316_tr_1756045027	matched	upgraded from person_entry:P-3-facs_316_tr_1756045027	plays	"{""volume"": ""3"", ""span"": ""2211-2211"", ""credit"": ""ש. ע.""}"
org:156	org	טאָמאַשעווסקיס טעאַטער	Thomashefsky Theatre	org_core_db	156		matched		plays	
org_cluster:ORG-C01183	org	פּראָווינץ-טרופּע		org_cluster	ORG-C01183		matched		plays	
place:UPL-0011	place	בעיאָן					unmatched		plays	
person:2345	person	פּאָליאַ לובעלסקאַ	Paula Lubelska	people_db	2345	entry_person_id:P-3-facs_317_tr_1756045226	matched	upgraded from person_entry:P-3-facs_317_tr_1756045226	plays	"{""volume"": ""3"", ""span"": ""2212-2212"", ""credit"": ""ש. ע. פֿון מרדכי יחסן.""}"
org_cluster:ORG-C01191	org	טעאַטער אויף סימאָנס פּאַסאַזש		org_cluster	ORG-C01191		matched		plays	
play:NEW-0068	play	דער פרעמדער					unmatched		plays	
person:1293	person	א.ה. בּיאַלין (אהרן הירש)	A.H. Bialin	people_db	1293	entry_person_id:P-3-facs_318_tr_1756045381	matched	upgraded from person_entry:P-3-facs_318_tr_1756045381	plays	"{""volume"": ""3"", ""span"": ""2213-2213"", ""credit"": ""ש. ע.""}"
person:2119	person	יעקב קירשענבוים	Jacob Kirschenbaum	people_db	2119	entry_person_id:P-3-facs_324_tr_1756057476	matched	upgraded from person_entry:P-3-facs_324_tr_1756057476	plays	"{""volume"": ""3"", ""span"": ""2225-2226""}"
person:2175	person	סאָלאָמאָן קוסטין (שלמה)	Solomon Kustin	people_db	2175	entry_person_id:P-3-facs_326_tr_1756057710	matched	upgraded from person_entry:P-3-facs_326_tr_1756057710	plays	"{""volume"": ""3"", ""span"": ""2230-2231"", ""credit"": ""ש. ע.""}"
person:3429	person	צילע צוקערבערג-זילבערצווייג	Celia Zuckerberg-Zylbercweig	people_db	3429	entry_person_id:P-3-facs_331_tr_1756058522	matched	upgraded from person_entry:P-3-facs_331_tr_1756058522	plays	"{""volume"": ""3"", ""span"": ""2239-2241"", ""credit"": ""מ. ע.""}"
org_cluster:ORG-C01269	org	דראַמאַטישע סעקציע ביים „השומר הצעיר“		org_cluster	ORG-C01269		matched		plays	
place:Q234184	place	כעלם	Chełm	wikidata_qid	Q234184	"{""kima_id"": ""11264"", ""lat"": ""51.133333"", ""lon"": ""23.483333""}"	matched		plays	
play:NEW-0069	play	דער שפּיגל פֿון לעבן					unmatched		plays	
person_entry:P-4-facs_663_tr_1755030300	person	פעני עדעלמאַן		entry_person_id	P-4-facs_663_tr_1755030300		matched		plays	"{""entry_type"": ""writer"", ""volume"": ""4"", ""span"": ""[14]-[14]""}"
person:2291	person	לעאָן ליבגאָלד	Leon Liebgold	people_db	2291	entry_person_id:P-3-facs_332_tr_1756058893	matched	upgraded from person_entry:P-3-facs_332_tr_1756058893	plays	"{""volume"": ""3"", ""span"": ""2242-2242"", ""credit"": ""ש. ע. פֿון מרדכי יחסן.""}"
org_cluster:ORG-C01283	org	סאָלעיל טעאַסער		org_cluster	ORG-C01283		matched		plays	
person:2305	person	לילי ליליאַנאַ	Lilly Lilliana	people_db	2305	entry_person_id:P-3-facs_332_tr_1756058897	matched	upgraded from person_entry:P-3-facs_332_tr_1756058897	plays	"{""volume"": ""3"", ""span"": ""2242-2242"", ""credit"": ""ש. ע. פֿון מרדכי יחסן.""}"
person:2941	person	ר. שושנה	Rose Shoshana	people_db	2941	entry_person_id:P-3-facs_334_tr_1756105641	matched	upgraded from person_entry:P-3-facs_334_tr_1756105641	plays	"{""volume"": ""3"", ""span"": ""2245-2248"", ""credit"": ""ש. ע.""}"
place:Q31	place	בעלגיע	Belgium	wikidata_qid	Q31	"{""kima_id"": ""9530"", ""lat"": """", ""lon"": """"}"	matched		plays	
person:1462	person	דזשייקעלע קאָהן (יעקב)	Jacob Cone	people_db	1462	entry_person_id:P-3-facs_337_tr_1756106065	matched	upgraded from person_entry:P-3-facs_337_tr_1756106065	plays	"{""volume"": ""3"", ""span"": ""2251-2252"", ""credit"": ""ש.ע. פֿון צילע אַדלער.""}"
venue:UV-0031	venue	אַ האָל					unmatched		plays	
place:Q128114	place	יאָנקערס		wikidata_qid	Q128114		matched		plays	
person:3817	person	יצחק ראָטבלום (רויטבּלום)		people_db	3817	entry_person_id:P-3-facs_338_tr_1756106568	matched	upgraded from person_entry:P-3-facs_338_tr_1756106568	plays	"{""volume"": ""3"", ""span"": ""2254-2256""}"
org_cluster:ORG-C01320	org	„סירענאַ“-טעאַטער		org_cluster	ORG-C01320		matched		plays	
person:2741	person	יעקב רעכטצייט	Jacob Rechtzeit	people_db	2741	entry_person_id:P-4-facs_635_tr_1755030187	matched		plays	"{""entry_type"": ""performer"", ""volume"": ""4"", ""span"": ""3673-3673"", ""birth_date"": ""1904"", ""credit"": ""ש. ע.""}"
person:UP-0151	person	מענדל באָזשיקאָווסקי					unmatched		plays	
org_cluster:ORG-C06534	org	הבימה-טעאַטער		org_cluster	ORG-C06534		matched		plays	
org_cluster:ORG-C01325	org	גילד-טעאַטער		org_cluster	ORG-C01325		matched		plays	
person:2863	person	מאָריס שוואַרץ	Maurice Schwartz	people_db	2863	entry_person_id:P-3-facs_375_tr_1755856142	matched	upgraded from person_entry:P-3-facs_375_tr_1755856142	plays	"{""volume"": ""3"", ""span"": ""2327-2368"", ""credit"": ""מ. און ש. ע.""}"
person:1689	person	אַניטאַ פריינטלעך-שעף (חנה)	Anita Freundlich-Sheff	people_db	1689	entry_person_id:P-3-facs_340_tr_1756106830	matched	upgraded from person_entry:P-3-facs_340_tr_1756106830	plays	"{""volume"": ""3"", ""span"": ""2258-2258"", ""credit"": ""מ. ע.""}"
org_cluster:ORG-C01339	org	דראַמאַטישער געזעלשאַפֿט „מוזאָ“		org_cluster	ORG-C01339		matched		plays	
person:3272	person	בן-ציון וויטלער	Benzion Witler	people_db	3272	entry_person_id:P-3-facs_341_tr_1756106968	matched	upgraded from person_entry:P-3-facs_341_tr_1756106968	plays	"{""volume"": ""3"", ""span"": ""2260-2261"", ""credit"": ""ש. ע.""}"
person:1929	person	מירעלע גרובער	Muriel Gruber	people_db	1929	entry_person_id:P-3-facs_345_r	matched	upgraded from person_entry:P-3-facs_345_r	plays	
person:3437	person	יעטאַ צווערלינג	Yetta Zwerling	people_db	3437	entry_person_id:P-3-facs_349_tr_1756107920	matched	upgraded from person_entry:P-3-facs_349_tr_1756107920	plays	"{""volume"": ""3"", ""span"": ""2276-2276"", ""credit"": ""מ. ע.""}"
play:NEW-0070	play	איר ערשטע ליבע					unmatched		plays	
person:2616	person	עדוואַרד פּאַסקאַל	Edward Pascal	people_db	2616	entry_person_id:P-3-facs_34_r_3	matched	upgraded from person_entry:P-3-facs_34_r_3	plays	"{""volume"": ""3"", ""span"": ""1646-1646"", ""credit"": ""מ. ע.""}"
org:994	org	נעלי קעסמאַנ'ס און ש. שטיינבערג'ס טרופּע	נעלי קעסמאַנ'ס און ש. שטיינבערג'ס טרופּע	org_core_db	994		matched		plays	
venue:UV-0032	venue	טענט (פּאלאַטע)					unmatched		plays	
person:2246	person	זיגמונט לעוו (אשר זעליג)	Zygmunt Lev	people_db	2246	entry_person_id:P-3-facs_350_tr_1756108023	matched	upgraded from person_entry:P-3-facs_350_tr_1756108023	plays	"{""volume"": ""3"", ""span"": ""2277-2278"", ""credit"": ""מ. ע.""}"
org_cluster:ORG-C01395	org	הבימה בלבוב		org_cluster	ORG-C01395		matched		plays	
person:2803	person	ראָוז-לי ראָזענצווייג	Rose Lee Rozentsvayg	people_db	2803	entry_person_id:P-3-facs_351_tr_1756108349	matched	upgraded from person_entry:P-3-facs_351_tr_1756108349	plays	"{""volume"": ""3"", ""span"": ""2279-2279"", ""credit"": ""ש. ע. פֿון מרדכי יחסן.""}"
place:Q156737	place	מיקאָלייווע	Kiel University	wikidata_qid	Q156737	"{""kima_id"": """", ""lat"": """", ""lon"": """"}"	matched		plays	
person_entry:P-3-facs_353_r_2	person	טראָסבערג, משה		entry_person_id	P-3-facs_353_r_2		matched		plays	"{""volume"": ""3"", ""span"": ""2284-2287"", ""credit"": ""ש. ע.""}"
person:UP-0152	person	יעקב בן עמי					unmatched		plays	
person:785	person	זלמן רייזען	Zalman Reisen	people_db	785	entry_person_id:P-3-facs_355_tr_1755856094	matched	upgraded from person_entry:P-3-facs_355_tr_1755856094	plays	"{""volume"": ""3"", ""span"": ""2288, 2289, 2290, 2291, 2292, אָב, 229, 2295"", ""credit"": ""ש. ע. פֿון מענדל עלקין.""}"
person:UP-0153	person	בן יעקב י.					unmatched		plays	
person:2683	person	דוד פּאַפּער	David Popper	people_db	2683	entry_person_id:P-3-facs_36_tr_1752653032	matched	upgraded from person_entry:P-3-facs_36_tr_1752653032	plays	"{""volume"": ""3"", ""span"": ""1649-1649"", ""credit"": ""מ. ע.""}"
org_cluster:ORG-C00674	org	צעזאָר גרינבערג'ס יידישער דראַמאַטישער שול		org_cluster	ORG-C00674		matched		plays	
person:2990	person	יעקב זינגער	Jacob Singer	people_db	2990	entry_person_id:P-3-facs_372_r_4	matched	upgraded from person_entry:P-3-facs_372_r_4	plays	"{""volume"": ""3"", ""span"": ""2322-2322"", ""credit"": ""ש. ע.""}"
person:2775	person	מאַקס ראָזען	Max Rosen	people_db	2775	entry_person_id:P-3-facs_373_tr_1755856146	matched	upgraded from person_entry:P-3-facs_373_tr_1755856146	plays	"{""volume"": ""3"", ""span"": ""2323-2323"", ""credit"": ""מ. און ש. ע.""}"
org_cluster:ORG-C01437	org	דראַמאַטישער שול פֿון צעזאָר גרינבערג		org_cluster	ORG-C01437		matched		plays	
person:2954	person	משה שולווייס	Moshe Shulweis	people_db	2954	entry_person_id:P-3-facs_374_r_1	matched	upgraded from person_entry:P-3-facs_374_r_1	plays	"{""volume"": ""3"", ""span"": ""2326-2326"", ""credit"": ""ש. און מ. ע.""}"
place:Q138391	place	פּעטערסאַן	Paterson (N.J.)	wikidata_qid	Q138391	"{""kima_id"": ""6811"", ""lat"": ""40.915555555556"", ""lon"": ""-74.163055555556""}"	matched		plays	
org_cluster:ORG-C06417	org	גרין-טעאַטער		org_cluster	ORG-C06417		matched		plays	
org:442	org	יידישער אַקטיאָרן-יוניע	Yiddish artists union	org_core_db	442		matched		plays	
venue:UV-0033	venue	סיטי-טעאַטער					unmatched		plays	
venue:UV-0034	venue	נאַציאָנאַל					unmatched		plays	
place:Q34006	place	האָליוואוּד	Hollywood	wikidata_qid	Q34006	"{""kima_id"": ""6953"", ""lat"": ""34.0983333333333"", ""lon"": ""-118.326666666667""}"	matched		plays	
person:UP-0154	person	פרענציס					unmatched		plays	
play:NEW-0071	play	שלמה המלכ'ס משפּט					unmatched		plays	
person:2712	person	לעוו פּולווער	Lev Pulver	people_db	2712	entry_person_id:P-3-facs_37_tr_1752653028	matched	upgraded from person_entry:P-3-facs_37_tr_1752653028	plays	"{""volume"": ""3"", ""span"": ""1651-1755"", ""credit"": ""ש. ע. פֿון בנימין זוסקין און מ. ע. פֿון ש. מיכאָעלס.""}"
person:UP-0155	person	שמואל „נאר“					unmatched		plays	
place:Q623594	place	זלאַטשעוו	Zolochiv	wikidata_qid	Q623594	"{""kima_id"": ""1701"", ""lat"": """", ""lon"": """"}"	matched		plays	
person:1990	person	מלך הערשקאָוויטש	Melekh Hershkovitsh	people_db	1990	entry_person_id:P-1-facs_335_tr_1741260409	matched		plays	"{""entry_type"": ""performer"", ""volume"": ""1"", ""span"": ""637-637"", ""birth_date"": ""1891-08-16"", ""credit"": ""ש. ע.""}"
person:UP-0156	person	אַלעקסאַנדער האַרקאָווי					unmatched		plays	
place:Q278743	place	נאָוואָרעדאָק		wikidata_qid	Q278743		matched		plays	
person:3507	person	יאַנקעלע דאַנציגער		people_db	3507	entry_person_id:P-5-facs_233_tr_1739220694	matched		plays	"{""entry_type"": ""administrator"", ""volume"": ""5"", ""span"": ""4131-4138"", ""birth_date"": ""1890"", ""death_date"": ""1942-09-27"", ""credit"": ""ש. ע. פֿון זלמן זילבערצווייג.""}"
person:UP-0157	person	שמואל'יק					unmatched		plays	
person:UP-0158	person	י. ל. פרץ					unmatched		plays	
person:2742	person	סימאָר רעכטצייט (שמעון, ישעיה)	Seymour Rechtzeit	people_db	2742	entry_person_id:P-3-facs_396_r_1	matched	upgraded from person_entry:P-3-facs_396_r_1	plays	"{""volume"": ""3"", ""span"": ""2369-2370"", ""credit"": ""ב. ע.""}"
play:NEW-0072	play	דער נייער שער					unmatched		plays	
person:2163	person	מרים קרעסין	Miriam Kressyn	people_db	2163	entry_person_id:P-3-facs_397_tr_1755856120	matched	upgraded from person_entry:P-3-facs_397_tr_1755856120	plays	"{""volume"": ""3"", ""span"": ""2371-2372"", ""credit"": ""מ. ע.""}"
person:1374	person	מאַקס בּאָזשיק (באזנשיקאָווסקי)	Max Bozyk	people_db	1374	entry_person_id:P-3-facs_398_tr_1755856092	matched	upgraded from person_entry:P-3-facs_398_tr_1755856092	plays	"{""volume"": ""3"", ""span"": ""2374-2375"", ""credit"": ""ש. ע.""}"
person:2049	person	היימאַן יאַקובּאָוויטש (חיים-נתן)	Hyman Jacobowitz	people_db	2049	entry_person_id:P-2-facs_72_tr_1744131378	matched		plays	"{""entry_type"": ""performer"", ""volume"": ""2"", ""span"": ""928-928"", ""birth_date"": ""1890-06-11"", ""credit"": ""מ. ע.""}"
play:NEW-0073	play	מחותנים					unmatched		plays	
org_cluster:ORG-C01284	org	נאָוואָשטשי-טעאַטער		org_cluster	ORG-C01284		matched		plays	
place:Q41252	place	בידגאש	Bydgoszcz	wikidata_qid	Q41252	"{""kima_id"": ""10546"", ""lat"": """", ""lon"": """"}"	matched		plays	
person:2249	person	לאה לעוועבּראׇווסקי (דיכטענבּערג)	Leah Levebrovski	people_db	2249	entry_person_id:P-2-facs_186_tr_1744279145	matched		plays	"{""entry_type"": ""performer"", ""volume"": ""2"", ""span"": ""1155-1155"", ""birth_date"": ""1891-04-27"", ""credit"": ""מ. ע.""}"
person:1375	person	רייזל בּאָזשיק (לעוועבראָווסקאַ)	Reizel Bozyk	people_db	1375	entry_person_id:P-3-facs_399_tr_1755856127	matched	upgraded from person_entry:P-3-facs_399_tr_1755856127	plays	"{""volume"": ""3"", ""span"": ""2376-2376"", ""credit"": ""ש. ע.""}"
person:UP-0159	person	אַנכקיס					unmatched		plays	
person:916	person	יוסף רומשינסקי (רומשיסקין)	Joseph Rumshinsky	people_db	916	entry_person_id:P-3-facs_402_tr_1755856047	matched	upgraded from person_entry:P-3-facs_402_tr_1755856047	plays	"{""volume"": ""3"", ""span"": ""2307-2406"", ""credit"": ""דר. א. מוקדוני שרייבט:""}"
org_cluster:ORG-C01967	org	אַדלערס „טאָליאַ“-טעאַטער		org_cluster	ORG-C01967		matched		plays	
person:UP-0160	person	פּראָפ. הורוויצעס					unmatched		plays	
person:UP-0161	person	"שמ""רס"					unmatched		plays	
person:2605	person	משה אוישער	Moishe Oysher	people_db	2605	entry_person_id:P-3-facs_415_tr_1755856164	matched	upgraded from person_entry:P-3-facs_415_tr_1755856164	plays	"{""volume"": ""3"", ""span"": ""2407-2416"", ""credit"": ""מ. ע.""}"
person:UP-0162	person	פֿלאָרענס ווייס					unmatched		plays	
person:UP-0163	person	יאָזעף שילדקרויט					unmatched		plays	
person:742	person	בּינע אַבּראַמאָוויטש (פוקס)	Bina Abramovich	people_db	742	entry_person_id:P-1-facs_18_TextRegion_1711991747546_2519	matched		plays	"{""entry_type"": ""performer"", ""volume"": ""1"", ""span"": ""4-5"", ""birth_date"": ""1865-10-30"", ""credit"": ""מ. ע.""}"
person:2868	person	מאַרק שווייד	Mark Schweid	people_db	2868	entry_person_id:P-4-facs_632_tr_1755030238	matched		plays	"{""entry_type"": ""performer"", ""volume"": ""4"", ""span"": ""3670-3868"", ""birth_date"": ""1891-05-15""}"
org_cluster:ORG-C05701	org	יידיש ליטעראָריש-דראָמאָטישער געזעלשאַפט		org_cluster	ORG-C05701		matched		plays	
person:3125	person	זיגמוּנט טוּרקאָוו	Zygmunt Turkow	people_db	3125	entry_person_id:P-2-facs_42_tr_1744131426	matched		plays	"{""entry_type"": ""performer"", ""volume"": ""2"", ""span"": ""868-870"", ""birth_date"": ""1896-11-03"", ""credit"": ""מ. ע.""}"
org:UO-0024	org	וויקט					unmatched		plays	
person:UP-0164	person	אידא קאַמינסקי					unmatched		plays	
person:UP-0165	person	פעגאַ פֿריש					unmatched		plays	
person:UP-0166	person	מאַקס ריינהארט					unmatched		plays	
venue:UV-0035	venue	דויטשעס טעאַטער					unmatched		plays	
person:UP-0167	person	לודווייג לואיסאָן					unmatched		plays	
person:UP-0168	person	עמאַנועל רייכער					unmatched		plays	
org_cluster:ORG-C05966	org	טעאַטער-גילד		org_cluster	ORG-C05966		matched		plays	
org_cluster:ORG-C07106	org	געריק טעאַטער		org_cluster	ORG-C07106		matched		plays	
venue:UV-0036	venue	טעאַטער „ציון“					unmatched		plays	
place:Q1218	place	ירושלים	Jerusalem	wikidata_qid	Q1218	"{""kima_id"": ""691"", ""lat"": ""31.776679"", ""lon"": ""35.234156""}"	matched		plays	
person:UP-0169	person	העדווייג רייכער					unmatched		plays	
play:NEW-0074	play	רבי עקיבא און בר כוכבא					unmatched		plays	
play:NEW-0075	play	די אַלטע מויד און דער גנב					unmatched		plays	
person_entry:P-4-facs_100_r	person	קאַנדעל, ה. א.		entry_person_id	P-4-facs_100_r		matched		plays	"{""entry_type"": ""other"", ""volume"": ""4"", ""span"": ""2603-2605"", ""birth_date"": ""1906-01-24"", ""death_date"": ""1951-11-06"", ""credit"": ""ש. ע. פון יאָנאַס טורקאָוו.""}"
org_cluster:ORG-C06972	org	סיטי סענטער אָפּערע קאָמפּאָני		org_cluster	ORG-C06972		matched		plays	
person:303	person	נתן ביסטריצקי	Nathan Bistritzky	people_db	303		matched		plays	
person:3491	person	משה ריכטער		people_db	3491	entry_person_id:P-4-facs_103_tr_1753681918	matched		plays	"{""entry_type"": ""writer"", ""volume"": ""4"", ""span"": ""2609-2829"", ""birth_date"": ""1871-05-01"", ""death_date"": ""1939-04-07"", ""credit"": ""מ. ע.""}"
org:1021	org	פֿערלאַג פֿון דוד ראָטה		org_core_db	1021		matched		plays	
venue:UV-0037	venue	באַראָן הירש סעמעטערי					unmatched		plays	
place:Q18432	place	סטעטן איילאַנד	Staten Island	wikidata_qid	Q18432	"{""kima_id"": """", ""lat"": """", ""lon"": """"}"	matched		plays	
venue:UV-0038	venue	זיין טעאַטער					unmatched		plays	
person:1708	person	אברהם פרומקין	Abraham Frumkin	people_db	1708	entry_person_id:P-4-facs_114_tr_1753936423	matched		plays	"{""entry_type"": ""writer"", ""volume"": ""4"", ""span"": ""2631-2632"", ""birth_date"": ""1873"", ""death_date"": ""1940-04-29""}"
person:UP-0170	person	ברוך שאָר					unmatched		plays	
person:UP-0171	person	אסתר רחל קאמינסקאַ					unmatched		plays	
person:UP-0172	person	משה נאַדיר					unmatched		plays	
person:UP-0173	person	אַנשעל שאָר					unmatched		plays	
place:Q1489	place	מעקסיקא שטאט	Mexico City	wikidata_qid	Q1489	"{""kima_id"": ""7033"", ""lat"": ""19.353773"", ""lon"": ""-99.135890""}"	matched		plays	
person:1971	person	עזרא הררי	Ezra Harari	people_db	1971	entry_person_id:P-4-facs_131_tr_1754224982	matched		plays	"{""entry_type"": ""performer"", ""volume"": ""4"", ""span"": ""2665-2667"", ""birth_date"": ""1894-04-22"", ""credit"": ""מ. ע.""}"
org_cluster:ORG-C07012	org	טעאַטער-גרופּע ביי דער קהלה		org_cluster	ORG-C07012		matched		plays	
person:3604	person	עמאַ פינקעל (טאָמאַשעווסקי)		people_db	3604	entry_person_id:P-4-facs_138_tr_1754224987	matched		plays	"{""entry_type"": ""performer"", ""volume"": ""4"", ""span"": ""2680-2684"", ""birth_date"": ""1877"", ""death_date"": ""1929-03-29""}"
person:UP-0174	person	סאבינאַ					unmatched		plays	
person:2721	person	לעאָן ראַבינאָוויטש (לייבל)	Leon Rabinowitz	people_db	2721	entry_person_id:P-4-facs_141_tr_1754377600	matched		plays	"{""entry_type"": ""performer"", ""volume"": ""4"", ""span"": ""2686-2686"", ""birth_date"": ""1888-12"", ""death_date"": ""1960-08-21"", ""credit"": ""מ. ע. פֿון זיין פרוי באַריסאָוואָ.""}"
org:485	org	קאָמפּאַניעעצס יידישער טרופּע	קאָמפּאַנעעצס טרופּע	org_core_db	485		matched		plays	
venue:UV-0039	venue	משה-יאַנקלס טעאַטער					unmatched		plays	
play:NEW-0076	play	אלעקסאַנדער דער קרוינפּרינץ					unmatched		plays	
person:UP-0175	person	מאָגולעסקאָס					unmatched		plays	
person:UP-0176	person	יאָזער לאַטיינערס					unmatched		plays	
person:UP-0177	person	מאַלווינאַ לאָבעל					unmatched		plays	
person:UP-0178	person	בן עמי					unmatched		plays	
person:2337	person	סאָלאָמאָן לאָבּעל (לייבּעל)	Solomon Lobel	people_db	2337	entry_person_id:P-2-facs_87_tr_1744131445	matched		plays	"{""entry_type"": ""administrator"", ""volume"": ""2"", ""span"": ""958-958"", ""death_date"": ""1901""}"
person:2799	person	יונה ראָזענפעלד	Yonah Rozenfeld	people_db	2799	entry_person_id:P-4-facs_202_tr_1754998544	matched		plays	"{""entry_type"": ""writer"", ""volume"": ""4"", ""span"": ""2808-2810"", ""birth_date"": ""1880"", ""death_date"": ""1944-07-09""}"
person:2099	person	יעקב קאַצמאַן	Jacob Katzman	people_db	2099	entry_person_id:P-4-facs_204_tr_1754998531	matched		plays	"{""entry_type"": ""performer"", ""volume"": ""4"", ""span"": ""2811-2815"", ""birth_date"": ""1858"", ""death_date"": ""1932-07-07"", ""credit"": ""ש. ע.""}"
venue:UV-0040	venue	אַ צירק-בנין					unmatched		plays	
person:UP-0179	person	אסתר וואַלערשטיין					unmatched		plays	
person:1479	person	סעם דאַיען	Sam Dayen	people_db	1479	entry_person_id:P-1-facs_286_TextRegion_1711970478754_176	matched		plays	"{""entry_type"": ""performer"", ""volume"": ""1"", ""span"": ""540-540"", ""birth_date"": ""1862"", ""credit"": ""ש. ע. פֿון יעקב קאָצמאַן.""}"
venue:UV-0041	venue	צירק					unmatched		plays	
person:2949	person	פערדינאַנד שטויב	Ferdinand Shtoyb	people_db	2949	entry_person_id:P-4-facs_247_tr_1754998367	matched		plays	"{""entry_type"": ""composer"", ""volume"": ""4"", ""span"": ""2898-2898"", ""birth_date"": ""1862-03-23"", ""death_date"": ""1932-04"", ""credit"": ""מ. ע. און ש. ע. פֿון ש. י. דאָרפזאָן.""}"
person:3593	person	אַברהם פישקינד		people_db	3593	entry_person_id:P-6-facs_237_tr_1747928923	matched		plays	"{""entry_type"": ""performer"", ""volume"": ""6"", ""span"": ""5307-5314"", ""birth_date"": ""1962-08-26"", ""death_date"": ""1940-05-09"", ""credit"": ""ש. ע.""}"
place:Q192265	place	פֿאָלטיטשען אָדער בוקאַרעסט	Focșani	wikidata_qid	Q192265	"{""kima_id"": ""8760"", ""lat"": """", ""lon"": """"}"	matched		plays	
person:3486	person	משה קאַטץ		people_db	3486	entry_person_id:P-4-facs_264_tr_1754998383	matched		plays	"{""entry_type"": ""writer"", ""volume"": ""4"", ""span"": ""2931-2941"", ""birth_date"": ""1864"", ""death_date"": ""1941-06-14""}"
person:UP-0180	person	ב. ריווקין					unmatched		plays	
person:710	person	אבא שעהנגאָלד (אַלבּערט)	Albert Schoengold	people_db	710	entry_person_id:P-4-facs_270_tr_1754998435	matched		plays	"{""entry_type"": ""performer"", ""volume"": ""4"", ""span"": ""2944-2950"", ""birth_date"": ""1856"", ""death_date"": ""1909-04-09"", ""credit"": ""מ. ע. פֿון איזידאָר האָלענדער און סעם אויערבאַך, און ש. ע. פֿון שעפטל זאַק.""}"
org:770	org	י. י. לערנערס טרופּע	י. י. לערנערס טרופּע	org_core_db	770		matched		plays	
place:Q5092	place	באלטימאר, מערילענד	Baltimore	wikidata_qid	Q5092	"{""kima_id"": ""515"", ""lat"": ""39.286389"", ""lon"": ""-76.615000""}"	matched		plays	
person:736	person	קלאַראַ שעהנגאָלד	Clara Schoengold	people_db	736	entry_person_id:P-4-facs_274_tr_1754998433	matched		plays	"{""entry_type"": ""performer"", ""volume"": ""4"", ""span"": ""2951-2951""}"
person:2856	person	יהושע-העשל שאָר	Yehoshua Heshel Schorr	people_db	2856	entry_person_id:P-4-facs_276_tr_1754998430	matched		plays	"{""entry_type"": ""writer"", ""volume"": ""4"", ""span"": ""2955-2955"", ""birth_date"": ""1890-02-05"", ""death_date"": ""1950-08-25"", ""credit"": ""מ. ע.""}"
org_cluster:ORG-C07312	org	יידישע וואַנדער-טרופּעס		org_cluster	ORG-C07312		matched		plays	
person:858	person	סאַבּינאַ ראָזענטאַל	Sabina Rosenthal	people_db	858	entry_person_id:P-4-facs_276_tr_1754998432	matched		plays	"{""entry_type"": ""performer"", ""volume"": ""4"", ""span"": ""2956-2956"", ""birth_date"": ""1880"", ""death_date"": ""1945-12-11"", ""credit"": ""מ. ע.""}"
person:975	person	לעאָן קאָברין	Leon Kobrin	people_db	975	entry_person_id:P-4-facs_279_tr_1754998499	matched		plays	"{""entry_type"": ""writer"", ""volume"": ""4"", ""span"": ""2962-3907"", ""birth_date"": ""1872-03-15"", ""death_date"": ""1946-03-31"", ""credit"": ""ש. ע. פון פאַלינאַ קאָברין, ישראל ראָזענבערג, יאָנאַס טורקאָוו, וואָלף מערקור און שעפטל זאַק.""}"
play:NEW-0077	play	דער פֿאַרלאָרענער גן-עדן					unmatched		plays	
person:UP-0181	person	זעליק מאָגולעסקאָ					unmatched		plays	
person:UP-0182	person	מאַדאָם לאָבעל					unmatched		plays	
person:UP-0183	person	מיסעס אַבראַמאָוויטש					unmatched		plays	
person:1751	person	בּערטאַ גערסטין	Berta Gerstin	people_db	1751	entry_person_id:P-1-facs_268_tr_1741260218	matched		plays	"{""entry_type"": ""performer"", ""volume"": ""1"", ""span"": ""503-503"", ""credit"": ""מ. ע.""}"
person:2851	person	רעי שנייער	Rae Schneier	people_db	2851	entry_person_id:P-4-facs_322_tr_1754998436	matched		plays	"{""entry_type"": ""performer"", ""volume"": ""4"", ""span"": ""3048-3048"", ""birth_date"": ""1877"", ""death_date"": ""1953-12-03"", ""credit"": ""מ. ע.""}"
play:NEW-0078	play	דער יידישער גלויבן					unmatched		plays	
person:2724	person	קלאַראַ ראַפאַלאַ	Clara Rafalo	people_db	2724	entry_person_id:P-4-facs_323_tr_1754998449	matched		plays	"{""entry_type"": ""performer"", ""volume"": ""4"", ""span"": ""3049-3049"", ""birth_date"": ""1882"", ""death_date"": ""1959-08-25"", ""credit"": ""ש. ע.""}"
person:3490	person	עמנואל רייכער		people_db	3490	entry_person_id:P-4-facs_325_tr_1754998561	matched		plays	"{""entry_type"": ""performer"", ""volume"": ""4"", ""span"": ""3053-3058"", ""birth_date"": ""1849"", ""death_date"": ""1924-05-15"", ""credit"": ""ש. ע. פֿון ש. י. דאָרפסזאָן.""}"
person:UP-0184	person	ב. מאָזער					unmatched		plays	
person:2521	person	בּנציון מאָזער (יעקב הערצאָג)	Bentsion Mozer	people_db	2521	entry_person_id:P-2-facs_214_tr_1744280705	matched		plays	"{""entry_type"": ""writer"", ""volume"": ""2"", ""span"": ""1212-1212"", ""birth_date"": ""1887-09-27""}"
person:1650	person	יעקב פישער	Jakob Fischer	people_db	1650	entry_person_id:P-4-facs_330_tr_1754998396	matched		plays	"{""entry_type"": ""performer"", ""volume"": ""4"", ""span"": ""3064-3066"", ""birth_date"": ""1899"", ""credit"": ""ש. ע.""}"
org:UO-0025	org	דראַמאַטישן אַנסאַמבל					unmatched		plays	
place:Q218	place	רומעניע	Romania	wikidata_qid	Q218	"{""kima_id"": ""7537"", ""lat"": """", ""lon"": """"}"	matched		plays	
org:UO-0026	org	אַמאַטאָרןגרופּע					unmatched		plays	
place:Q507424	place	פעלדאַפינג	Feldafing (Germany)	wikidata_qid	Q507424	"{""kima_id"": ""370"", ""lat"": ""47.9460194444444"", ""lon"": ""11.2932611111111""}"	matched		plays	
person:2037	person	יצחק אינווענטאַרזש	Itskhok Inventarzh	people_db	2037	entry_person_id:P-4-facs_332_tr_1754998443	matched		plays	"{""entry_type"": ""performer"", ""volume"": ""4"", ""span"": ""3067-3067"", ""birth_date"": ""1909-12-04"", ""credit"": ""ש. ע.""}"
org:433	org	"וויק""ט"	Vikt	org_core_db	433		matched		plays	
person:UP-0185	person	ר. בן-ארי					unmatched		plays	
person:800	person	משה זילבּערמאַן	Moyshe Silberman	people_db	800		matched		plays	
person:1789	person	עליאַס גליקמאַן	Elias Glickman	people_db	1789	entry_person_id:P-1-facs_261_tr_1741260196	matched		plays	"{""entry_type"": ""performer"", ""volume"": ""1"", ""span"": ""489-489"", ""birth_date"": ""1871-05-01"", ""credit"": ""מ. ע.""}"
person:3065	person	מענדעל טעפּליצקי	Mendel Teplitzky	people_db	3065	entry_person_id:P-2-facs_52_tr_1744131407	matched		plays	"{""entry_type"": ""performer"", ""volume"": ""2"", ""span"": ""887-887"", ""birth_date"": ""1866-06-10"", ""credit"": ""מ. אוּן ש. ע.""}"
person:1694	person	יצחק פרידמאַן	Itzhak Fridman	people_db	1694	entry_person_id:P-4-facs_352_tr_1754998404	matched		plays	"{""entry_type"": ""performer"", ""volume"": ""4"", ""span"": ""3107-3110"", ""birth_date"": ""1893-11-11"", ""death_date"": ""1950-07-28"", ""credit"": ""ש. ע.""}"
org:UO-0027	org	טרופּעס פֿון לוסי און מישע גערמאַן					unmatched		plays	
person:2767	person	דוד ראָגאָוו	David Rogow	people_db	2767	entry_person_id:P-4-facs_356_tr_1754998402	matched		plays	"{""entry_type"": ""performer"", ""volume"": ""4"", ""span"": ""3116-3116"", ""birth_date"": ""1915"", ""credit"": ""ש. ע.""}"
person:1822	person	יודל גאָלדבּערג	Yudl Goldberg	people_db	1822	entry_person_id:P-4-facs_356_tr_1754998405	matched		plays	"{""entry_type"": ""performer"", ""volume"": ""4"", ""span"": ""3115-3115"", ""birth_date"": ""1909-12-08"", ""credit"": ""ש. ע.""}"
person:2174	person	לעאָן קוסמאַן	Leon Kusman	people_db	2174	entry_person_id:P-4-facs_357_tr_1754998567	matched		plays	"{""entry_type"": ""writer"", ""volume"": ""4"", ""span"": ""3117-3119"", ""birth_date"": ""1884-12-01"", ""credit"": ""ש. ע.""}"
play:NEW-0079	play	כינקע פּינקע					unmatched		plays	
person:2784	person	יאַשאַ ראָזענטאַל (יעקב-בּער)	Yasha Rosenthal	people_db	2784	entry_person_id:P-4-facs_359_tr_1754998378	matched		plays	"{""entry_type"": ""performer"", ""volume"": ""4"", ""span"": ""3121-3123"", ""birth_date"": ""1885-03-04"", ""credit"": ""מ. און ש. ע.""}"
person:UP-0186	person	סאבסיי					unmatched		plays	
place:Q40435	place	באפאלא	Buffalo	wikidata_qid	Q40435	"{""kima_id"": ""361"", ""lat"": ""42.886389"", ""lon"": ""-78.878056""}"	matched		plays	
person:2142	person	ז. קאָרנבליט (זישע)	Zishe Kornblit	people_db	2142	entry_person_id:P-4-facs_35_r_2	matched		plays	"{""entry_type"": ""writer"", ""volume"": ""4"", ""span"": ""2474-2481"", ""birth_date"": ""1872-09-28"", ""death_date"": ""1929-05-01"", ""credit"": ""מ. ע.""}"
venue:UV-0042	venue	בית ישראל האָספּיטאָל					unmatched		plays	
person:UP-0187	person	מירבאַ					unmatched		plays	
person:UP-0188	person	פינסקיס					unmatched		plays	
org_cluster:ORG-C07256	org	שיקאַגער דראַמאַטישער געזעלשאַפט		org_cluster	ORG-C07256		matched		plays	
org:UO-0028	org	מילוואָקער יידישן דראַמאַטישן קרייז					unmatched		plays	
venue:UV-0043	venue	"טעאַטער-זאָל פֿון יידישן צענטער א""ר"					unmatched		plays	
person:UP-0189	person	איזידאָר טעפּער					unmatched		plays	
person_entry:P-4-facs_657_tr_1755030211	person	חיים וויינשל		entry_person_id	P-4-facs_657_tr_1755030211		matched		plays	"{""entry_type"": ""performer"", ""volume"": ""4"", ""span"": ""[8]-[8]""}"
person:UP-0190	person	איידאָ בורסטען					unmatched		plays	
person:UP-0191	person	בעקי סאָלאָטשעק					unmatched		plays	
person:UP-0192	person	דזשעק פֿוטערמאַן					unmatched		plays	
play:NEW-0080	play	ציפקע די אלמנה					unmatched		plays	
person:1460	person	ס. קאָהן (נודעלמאַן)	S.H. Cohen	people_db	1460	entry_person_id:P-4-facs_375_tr_1755029880	matched		plays	"{""entry_type"": ""writer"", ""volume"": ""4"", ""span"": ""3154-3160"", ""birth_date"": ""1887-09-16"", ""death_date"": ""1958-02-22"", ""credit"": ""מ. ע. פֿון זיין פרוי בעטי פאַרווין און ש. ע. פֿון דוד דענק, יאָנאַס טורקאָוו, לואיס פֿריימאַן, לואי מאַרקאָוויטש, וויליאָם סיגאַל און אַסקאַר גרין.""}"
person:UP-0193	person	ל. פֿריימאַנס					unmatched		plays	
person:UP-0194	person	יוסף רומשינסקי					unmatched		plays	
person:UP-0195	person	ראובן מאַנדעלבוים					unmatched		plays	
play:NEW-0081	play	שלמה המלך און די בין					unmatched		plays	
person:1388	person	דוד בּרידזשער	David Bridger	people_db	1388	entry_person_id:P-4-facs_379_tr_1755030303	matched		plays	"{""entry_type"": ""writer"", ""volume"": ""4"", ""span"": ""3161-3162"", ""birth_date"": ""1907-12-15"", ""credit"": ""מ. ע. און ש. ע.""}"
org_cluster:ORG-C01333_Q01	org	יידישן קינדער-טעאַטער (לאָס אַנדזשעלעס)		org_cluster	ORG-C01333_Q01		matched		plays	
org_cluster:ORG-C01277	org	ווילשייער איבעל טעאַטער		org_cluster	ORG-C01277		matched		plays	
person:UP-0196	person	טען ווייען					unmatched		plays	
person:UP-0197	person	פינסקי					unmatched		plays	
person:UP-0198	person	גאָרדינס					unmatched		plays	
person:3366	person	שפרה צייטלין	Shifra Zeitlin	people_db	3366	entry_person_id:P-4-facs_381_tr_1755030079	matched		plays	"{""entry_type"": ""performer"", ""volume"": ""4"", ""span"": ""3165-3165"", ""credit"": ""מ. ע. פֿון באָריס טאָמאַשעווסקי.""}"
person:1961	person	דינה האַלפּערן	Dina Halpern	people_db	1961	entry_person_id:P-4-facs_382_tr_1755030077	matched		plays	"{""entry_type"": ""performer"", ""volume"": ""4"", ""span"": ""3167-3772"", ""birth_date"": ""1909-07-15"", ""credit"": ""ש. ע.""}"
play:NEW-0082	play	שרה שיינדל פון יעהופּעץ					unmatched		plays	
person:1345	person	דיאַנאַ בּלומענפעלד-טורקאָוו	Diana Blumenfeld-Turkow	people_db	1345	entry_person_id:P-4-facs_388_tr_1755030259	matched	upgraded from person_entry:P-4-facs_388_tr_1755030259	plays	"{""entry_type"": ""administrator"", ""volume"": ""1"", ""span"": ""178-178"", ""birth_date"": ""1870-10-24"", ""credit"": ""מ. ע. בלומענפעלד-טורקאָוו, דיאַנאַ""}"
person:3122	person	יאָנאַס טוּרקאָוו	Jonas Turkow	people_db	3122	entry_person_id:P-2-facs_44_tr_1744131410	matched		plays	"{""entry_type"": ""performer"", ""volume"": ""2"", ""span"": ""871-872"", ""birth_date"": ""1898-02-15"", ""credit"": ""ש. ע.""}"
person:1442	person	כאַווער-פּאַווער (גרשון איינבּינדער)	Chaver-Paver	people_db	1442	entry_person_id:P-4-facs_398_tr_1755030162	matched		plays	"{""entry_type"": ""writer"", ""volume"": ""4"", ""span"": ""3199-3203"", ""birth_date"": ""1901-02-08"", ""credit"": ""מ. און ש. ע.""}"
place:Q155	place	בראזיל	Brazil	wikidata_qid	Q155	"{""kima_id"": ""7255"", ""lat"": ""-14.0"", ""lon"": ""-53.0""}"	matched		plays	
person:2938	person	חיים שניאור	Chaim Shneyer	people_db	2938	entry_person_id:P-4-facs_401_tr_1755030076	matched		plays	"{""entry_type"": ""performer"", ""volume"": ""4"", ""span"": ""3206-3210"", ""birth_date"": ""1891-08-25"", ""death_date"": ""1961-07-25"", ""credit"": ""ש. ע.""}"
org:UO-0029	org	דראַמאַטישן קרייז אין דער יוניע					unmatched		plays	
org_cluster:ORG-C07228	org	פּרעסערס לאָקאָל פֿון דער אינטערנעשאָנאַל		org_cluster	ORG-C07228		matched		plays	
play:NEW-0083	play	די יידן					unmatched		plays	
person:UP-0199	person	טשיריקאָוו					unmatched		plays	
person:3794	person	מאָריס מעיסאָן		people_db	3794	entry_person_id:P-6-facs_99_tr_1747746187	matched		plays	"{""entry_type"": ""performer"", ""volume"": ""6"", ""span"": ""5031-5034"", ""birth_date"": ""1893"", ""death_date"": ""1965-08-01"", ""credit"": ""מ. ע. פֿון מרדכי מייזעל און ש. ע. פֿון זיין פרוי לאה.""}"
org_cluster:ORG-C01241_Q01	org	פּאַלאַס-טעאַטער (ווילנע)		org_cluster	ORG-C01241_Q01		matched		plays	
venue:UV-0044	venue	יידישן פֿאָלקס אינסטיטוטטעאַטער					unmatched		plays	
person:UP-0200	person	הירשביינס					unmatched		plays	
play:NEW-0084	play	דער פֿאָטער					unmatched		plays	
person:UP-0201	person	סטרינדבערגס					unmatched		plays	
person:1686	person	לואיס פריימאַן (לייזער געניוק)	Louis Freiman	people_db	1686	entry_person_id:P-4-facs_433_tr_1755030211	matched		plays	"{""entry_type"": ""writer"", ""volume"": ""4"", ""span"": ""3269-3281"", ""birth_date"": ""1892"", ""credit"": ""ש. ע.""}"
person:3786	person	מרדכי ריבּאַלסקי		people_db	3786	entry_person_id:P-6-facs_73_tr_1747746199	matched		plays	"{""entry_type"": ""performer"", ""volume"": ""6"", ""span"": ""4979-4981"", ""birth_date"": ""1870"", ""death_date"": ""1939"", ""credit"": ""ש. ע. פֿון מינדלין, ישעיה ראָטשטיין און בעטי ראַבינאָוויטש.""}"
org:181	org	פישזאָנס טרופּע	Abraham Fiszon Troupe	org_core_db	181		matched		plays	
person:3605	person	מישאַ פישזאָן (משה ראָסידמאַן)		people_db	3605	entry_person_id:P-4-facs_439_tr_1755030088	matched		plays	"{""entry_type"": ""performer"", ""volume"": ""4"", ""span"": ""3282-3889"", ""birth_date"": ""1880-01-10"", ""death_date"": ""1949-12-03"", ""credit"": ""ש. ע.""}"
person:UP-0202	person	הערמאַן פעניגשטיין					unmatched		plays	
org:UO-0030	org	יידישער מוסטער טעאַטער					unmatched		plays	
place:Q21197	place	קעשענעוו	Chișinău	wikidata_qid	Q21197	"{""kima_id"": ""399"", ""lat"": ""47.022778"", ""lon"": ""28.835278""}"	matched		plays	
org:1653	org	יידישער מוסטער און קונסט טעאַטער		org_core_db	1653		matched		plays	
venue:UV-0045	venue	טעאַטער עפאַריאַ					unmatched		plays	
play:NEW-0085	play	רחל					unmatched		plays	
person:2835	person	שלום סאַנטאָפּ	Sholem Santup	people_db	2835	entry_person_id:P-4-facs_446_tr_1755029995	matched		plays	"{""entry_type"": ""writer"", ""volume"": ""4"", ""span"": ""3295-3295"", ""birth_date"": ""1894"", ""credit"": ""ש. ע.""}"
org_cluster:ORG-C00096_Q01	org	פֿאָלקס-טעאַטער (ניו יאָרק)		org_cluster	ORG-C00096_Q01		matched		plays	
org_cluster:ORG-C02322	org	פּערהיפט		org_cluster	ORG-C02322		matched		plays	
org_cluster:ORG-C06947_Q01	org	יידישן צענטער		org_cluster	ORG-C06947_Q01		matched		plays	
person:UP-0203	person	ראָטבוים					unmatched		plays	
org:412	org	מאָסקווער יידישן מלוכה-טעאַטער	The Russian State Theatre	org_core_db	412		matched		plays	
person:1754	person	בּעטי גערטנער	Betty Gertner	people_db	1754	entry_person_id:P-1-facs_266_tr_1741260244	matched		plays	"{""entry_type"": ""performer"", ""volume"": ""1"", ""span"": ""500-500"", ""birth_date"": ""1904-06-26"", ""credit"": ""מ. ע.""}"
person:383	person	שלום עליכם	Sholem-Aleykhem	people_db	383	entry_person_id:P-4-facs_453_tr_1755030106	matched	upgraded from person_entry:P-4-facs_453_tr_1755030106	plays	"{""entry_type"": ""writer"", ""volume"": ""4"", ""span"": ""3310-3886"", ""birth_date"": ""1859-03-02"", ""death_date"": ""1916""}"
place:UPL-0012	place	יעהופּעץ					unmatched		plays	
person:UP-0204	person	מאַדאָם אָפּעל					unmatched		plays	
person:UP-0205	person	ז. וויין					unmatched		plays	
org_cluster:ORG-C03691	org	קיעווער יידישן טעאַטער		org_cluster	ORG-C03691		matched		plays	
person:UP-0206	person	י. פעפער					unmatched		plays	
person:1275	person	יצחק-דוב בּערקאָוויטש	Yitzhak Dov Berkowitz	people_db	1275	entry_person_id:P-1-facs_121_tr_1740521045	matched		plays	"{""entry_type"": ""writer"", ""volume"": ""1"", ""span"": ""210-211"", ""birth_date"": ""1885-10-15"", ""credit"": ""ש. ע.""}"
person:UP-0207	person	א. ד. דיוקי					unmatched		plays	
place:Q33935	place	תל אביב-יפו	Tel Aviv	wikidata_qid	Q33935	"{""kima_id"": ""272"", ""lat"": ""32.080000"", ""lon"": ""34.780000""}"	matched		plays	
org:279	org	הירשביינס טרופּע	Hirshbein Troupe	org_core_db	279		matched		plays	
person:UP-0208	person	אברהם טייטעלבוים					unmatched		plays	
play:NEW-0086	play	קאָמעדיאַנטן					unmatched		plays	
person:UP-0209	person	פ. ראָזענטאַל					unmatched		plays	
person:UP-0210	person	רייזל באָזשיק					unmatched		plays	
play:NEW-0087	play	ברכהלע					unmatched		plays	
person:UP-0211	person	אסתר דובראָוו					unmatched		plays	
play:NEW-0088	play	גדליה					unmatched		plays	
person:UP-0212	person	י. גויכבערג					unmatched		plays	
person:UP-0213	person	ב. מ-ר					unmatched		plays	
person:UP-0214	person	ביטריס ראַשקין					unmatched		plays	
org:UO-0031	org	ניו-יאָרקער יידישן פֿאָלקס-כאָר					unmatched		plays	
person:UP-0215	person	האוארד דע סילוואַ					unmatched		plays	
org_cluster:ORG-C04431	org	פערלאַג מ. גאָלדפֿאַרב		org_cluster	ORG-C04431		matched		plays	
play:NEW-0089	play	שפּיגל פֿון לעבן					unmatched		plays	
person:2070	person	הערי קאַלצאַנאָוויטש	Harry Kalmanowitz	people_db	2070	entry_person_id:P-4-facs_644_tr_1755030005	matched		plays	"{""entry_type"": ""writer"", ""volume"": ""4"", ""span"": ""3691-3899"", ""birth_date"": ""1886"", ""credit"": ""ש. ע.""}"
person:UP-0216	person	הערי קאַלמאַנאָוויטשעס					unmatched		plays	
person:UP-0217	person	באָגוסלאָווסקי					unmatched		plays	
play:NEW-0090	play	קהל אין אַ שטעטל					unmatched		plays	
person:3493	person	עמאַ שעיווער-לאַזאַראָוו		people_db	3493	entry_person_id:P-4-facs_587_tr_1755030057	matched		plays	"{""entry_type"": ""performer"", ""volume"": ""4"", ""span"": ""3578-3583""}"
venue:UV-0046	venue	בעל אייל					unmatched		plays	
place:Q12439	place	דעטרויט	Detroit	wikidata_qid	Q12439	"{""kima_id"": ""903"", ""lat"": ""42.331667"", ""lon"": ""-83.047500""}"	matched		plays	
person:3016	person	לייבּוש שפּיטאַלניק	Leybush Spitalnik	people_db	3016	entry_person_id:P-4-facs_591_tr_1755030163	matched		plays	"{""entry_type"": ""writer"", ""volume"": ""4"", ""span"": ""3585-3585"", ""birth_date"": ""189"", ""death_date"": ""1962-06-13"", ""credit"": ""ש. ע. פֿון א. בייזער.""}"
person:2047	person	שרה דזשאַקלין-האַמער	Sarah Hammer Jacklin	people_db	2047	entry_person_id:P-4-facs_595_tr_1755030240	matched		plays	"{""entry_type"": ""writer"", ""volume"": ""4"", ""span"": ""3594-3594"", ""birth_date"": ""1905-12-17"", ""credit"": ""ש. ע.""}"
person:1623	person	יהושע פייל	Yehoshua Feil	people_db	1623	entry_person_id:P-4-facs_596_tr_1755029963	matched		plays	"{""entry_type"": ""performer"", ""volume"": ""4"", ""span"": ""3595-3596"", ""birth_date"": ""1885-09-05"", ""credit"": ""ש. ע.""}"
person:3412	person	שלמה זינשטיין	Shlomo Zinshteyn	people_db	3412	entry_person_id:P-4-facs_597_tr_1755030192	matched		plays	"{""entry_type"": ""performer"", ""volume"": ""4"", ""span"": ""3598-3598"", ""birth_date"": ""1913-05-02"", ""credit"": ""מ. ע.""}"
org_cluster:ORG-C07329	org	באַמבערגער יידישע דראַמאַטישע סטודיע		org_cluster	ORG-C07329		matched		plays	
venue:UV-0047	venue	באַמבערגער לאַגער					unmatched		plays	
place:Q3936	place	באַמבערג	Bamberg	wikidata_qid	Q3936	"{""kima_id"": ""141"", ""lat"": ""49.891667"", ""lon"": ""10.891667""}"	matched		plays	
venue:UV-0048	venue	גרויסן לאַגער-זאַל					unmatched		plays	
person:UP-0218	person	זינשטיין					unmatched		plays	
person:UP-0219	person	גראָמאַן					unmatched		plays	
person:2915	person	אהרן שעכטער	Aaron Shekhter	people_db	2915	entry_person_id:P-5-facs_452_tr_1739221807	matched		plays	"{""entry_type"": ""other"", ""volume"": ""5"", ""span"": ""4111-4111"", ""birth_date"": ""1908"", ""credit"": ""ש. ע. פֿון יונה ראַדינאָוו.""}"
person:3603	person	הענרי לעפהאָוויטש (הענרי לעפקאׇוויטש)		people_db	3603	entry_person_id:P-4-facs_601_tr_1755030110	matched	upgraded from person_entry:P-4-facs_601_tr_1755030110	plays	"{""entry_type"": ""musician"", ""volume"": ""4"", ""span"": ""3605-3629"", ""birth_date"": ""1891"", ""death_date"": ""1959-01-30""}"
place:Q727	place	אַמסטערדאַם	Amsterdam	wikidata_qid	Q727	"{""kima_id"": ""550"", ""lat"": ""52.3727777777778"", ""lon"": ""4.89361111111111""}"	matched		plays	
person:UP-0220	person	סענדער פידלמאַן					unmatched		plays	
person:UP-0221	person	ראַסין					unmatched		plays	
person:1808	person	זישע גאָלד	Zishe Gold	people_db	1808	entry_person_id:P-4-facs_618_tr_1755029883	matched		plays	"{""entry_type"": ""performer"", ""volume"": ""4"", ""span"": ""3640-3640"", ""birth_date"": ""1907"", ""credit"": ""ש. ע.""}"
org:1343	org	טרופּע פֿון שלמה פּריזאַמענט און הירש האַרט	טרופּע פֿון שלמה פּריזאַמענט און הירש האַרט	org_core_db	1343		matched		plays	
person:3489	person	איזאַ קרעמער		people_db	3489	entry_person_id:P-4-facs_619_tr_1755030061	matched		plays	"{""entry_type"": ""performer"", ""volume"": ""4"", ""span"": ""3641-3646"", ""birth_date"": ""1887"", ""death_date"": ""1956-07-07""}"
person:2567	person	שמוּאל ניגער (טשאַרני)	Shmuel Niger	people_db	2567	entry_person_id:P-2-facs_317_tr_1744365780	matched		plays	"{""entry_type"": ""writer"", ""volume"": ""2"", ""span"": ""1417-1417"", ""birth_date"": ""1883-07-22"", ""credit"": ""ז. רייזען - „לעקס. ייד. ליט.\"", II, זז. 539-551""}"
person:3026	person	שלמה שטיינבּערג	Shlomo Steinberg	people_db	3026	entry_person_id:P-4-facs_641_tr_1755030027	matched		plays	"{""entry_type"": ""writer"", ""volume"": ""4"", ""span"": ""3686-3690"", ""birth_date"": ""1891"", ""death_date"": ""1938-07-01"", ""credit"": ""ש. ע.""}"
person:3488	person	נעלי קעסמאַן		people_db	3488	entry_person_id:P-4-facs_624_tr_1755029866	matched		plays	"{""entry_type"": ""performer"", ""volume"": ""4"", ""span"": ""3651-3652"", ""birth_date"": ""1896"", ""credit"": ""ש. ע.""}"
play:NEW-0091	play	דער קאַרטנשפּילער					unmatched		plays	
person:3484	person	ר. בּן-אַרי (חיים-זאב רייקין)		people_db	3484	entry_person_id:P-4-facs_635_tr_1755030182	matched		plays	"{""entry_type"": ""performer"", ""volume"": ""4"", ""span"": ""3674-3880"", ""birth_date"": ""1897-07-15"", ""credit"": ""מ. און ש. ע.""}"
org_cluster:ORG-C07383	org	קרייטיוו טייטער		org_cluster	ORG-C07383		matched		plays	
person:UP-0222	person	וויליאַם שפּערלינג					unmatched		plays	
org_cluster:ORG-C04807	org	זשיראַרד-טעאַטער		org_cluster	ORG-C04807		matched		plays	
person:1621	person	משה פעדער	Moshe Feder	people_db	1621	entry_person_id:P-6-facs_66_tr_1747746213	matched		plays	"{""entry_type"": ""performer"", ""volume"": ""6"", ""span"": ""4966-4967"", ""birth_date"": ""1891-02-18"", ""death_date"": ""1958-05-19"", ""credit"": ""מ. ע.""}"
org:676	org	אַרט טעאַטער	אַרט טעאַטער	org_core_db	676		matched		plays	
org:1525	org	מעקינלי סקווער טעאַטער	מעקינלי סקווער טעאַטער	org_core_db	1525		matched		plays	
org_cluster:ORG-C02044	org	גערמאָןס פאָלקס-טעאַטער		org_cluster	ORG-C02044		matched		plays	
person:1747	person	מישע גערמאַן (הערמאַן)	Misha German	people_db	1747	entry_person_id:P-1-facs_267_tr_1741260279	matched		plays	"{""entry_type"": ""performer"", ""volume"": ""1"", ""span"": ""502-502"", ""birth_date"": ""1887-03-07"", ""credit"": ""מ. ע.""}"
person:1746	person	לוסי גערמאַן (לאָשאַ קוטנער)	Lucy German	people_db	1746	entry_person_id:P-1-facs_267_tr_1741260290	matched		plays	"{""entry_type"": ""performer"", ""volume"": ""1"", ""span"": ""502-502"", ""birth_date"": ""1889"", ""credit"": ""מ. ע.""}"
person:3458	person	משה סקולניק		people_db	3458	entry_person_id:P-2-facs_377_tr_1744366871	matched		plays	"{""entry_type"": ""performer"", ""volume"": ""2"", ""span"": ""1538-1538"", ""birth_date"": ""1892-05-15"", ""credit"": ""מ. ע.""}"
person:UP-0223	person	איזידאָר קעשיר					unmatched		plays	
person:1419	person	צילע בּודקין (ציפּע מאנילנער)	Celia Budkin	people_db	1419	entry_person_id:P-1-facs_89_tr_1740521008	matched		plays	"{""entry_type"": ""performer"", ""volume"": ""1"", ""span"": ""146-146"", ""birth_date"": ""1893-03-22"", ""credit"": ""ש. ע. פֿון מישע בודקין.""}"
person:UP-0224	person	נח ריינעס					unmatched		plays	
person:UP-0225	person	נח					unmatched		plays	
venue:UV-0049	venue	בית דוד					unmatched		plays	
person_entry:P-4-facs_657_tr_1755030210	person	יעקב און וויעראַ ווייס		entry_person_id	P-4-facs_657_tr_1755030210		matched		plays	"{""entry_type"": ""other"", ""volume"": ""4"", ""span"": ""[7]""}"
venue:UV-0050	venue	שער תפילה					unmatched		plays	
person_entry:P-4-facs_659_tr_1755030150	person	יצחק טעפּער		entry_person_id	P-4-facs_659_tr_1755030150		matched		plays	"{""entry_type"": ""performer"", ""volume"": ""4"", ""span"": ""[9]""}"
org_cluster:ORG-C02327	org	סענטער פלעיערס		org_cluster	ORG-C02327		matched		plays	
person_entry:P-4-facs_659_tr_1755030151	person	הענרי לערנער		entry_person_id	P-4-facs_659_tr_1755030151		matched		plays	"{""entry_type"": ""performer"", ""volume"": ""4"", ""span"": ""]10]-]10]""}"
person_entry:P-4-facs_661_tr_1755030261	person	מאָריס מעדאָוו		entry_person_id	P-4-facs_661_tr_1755030261		matched		plays	"{""entry_type"": ""performer"", ""volume"": ""4"", ""span"": ""[12]-[12]"", ""birth_date"": ""1915-07-15"", ""death_date"": ""1945-11-08""}"
person_entry:P-4-facs_662_tr_1755029946	person	בראָניאַ ניומאַן		entry_person_id	P-4-facs_662_tr_1755029946		matched		plays	"{""entry_type"": ""performer"", ""volume"": ""4"", ""span"": ""]13]-]13]""}"
person:UP-0226	person	דזשוליוס מילער					unmatched		plays	
person_entry:P-4-facs_665_tr_1755029919	person	דזשאָו פאָול		entry_person_id	P-4-facs_665_tr_1755029919		matched		plays	"{""entry_type"": ""performer"", ""volume"": ""4"", ""span"": ""[15]"", ""birth_date"": ""1893""}"
org_cluster:ORG-C07457	org	ליטעראַריש דראַמאַטישן קונסט-ווינקל		org_cluster	ORG-C07457		matched		plays	
org_cluster:ORG-C07469	org	עזרא		org_cluster	ORG-C07469		matched		plays	
place:Q239	place	בריסל	Brussels	wikidata_qid	Q239	"{""kima_id"": ""575"", ""lat"": ""50.846667"", ""lon"": ""4.351667""}"	matched		plays	
person_entry:P-4-facs_669_tr_1755030280	person	הערי ראָטפּוירל		entry_person_id	P-4-facs_669_tr_1755030280		matched		plays	"{""entry_type"": ""musician"", ""volume"": ""4"", ""span"": ""[20]-[20]"", ""birth_date"": ""1907-05-01""}"
person:UP-0227	person	אַננאַ מיכאַלעסקאָ					unmatched		plays	
person:850	person	הענרי רוסאָטאַ (חיים נעסוויזשקי)	Henry Russotto (Chaim Nesvizhski)	people_db	850	entry_person_id:P-4-facs_69_r	matched		plays	"{""entry_type"": ""composer"", ""volume"": ""4"", ""span"": ""2542-2543"", ""birth_date"": ""1869-03-28"", ""death_date"": ""1925-02-14"", ""credit"": ""ש. ע. פֿון זיין זון לעאָ.""}"
org_cluster:ORG-C06923	org	ר. סי. עי.-וויקטאָר קאָמפּאַני		org_cluster	ORG-C06923		matched		plays	
person:2074	person	אהרן קאַניעווסקי	Aaron Kanievsky	people_db	2074	entry_person_id:P-4-facs_69_tr_1753681922	matched		plays	"{""entry_type"": ""director_regisseur"", ""volume"": ""4"", ""span"": ""2541-2541"", ""birth_date"": ""1890-07-17"", ""death_date"": ""1960-01-10"", ""credit"": ""מ. ע. פֿון זיין טאָכטער מאָלי.""}"
person:UP-0228	person	האָראָוויצעס					unmatched		plays	
person:UP-0229	person	ז. מאָגולעסקאָ					unmatched		plays	
person:726	person	יאָסעלע שענקמאַן	Yosele Shenkman	people_db	726	entry_person_id:P-5-facs_593_tr_1739221062	matched		plays	"{""entry_type"": ""performer"", ""volume"": ""5"", ""span"": ""4853-4853"", ""credit"": ""ש. ע. פֿון יונה ראַדינאָוו.""}"
person:2848	person	סעם שילינג (שמחה)	Sam Schilling	people_db	2848	entry_person_id:P-4-facs_80_tr_1753938276	matched		plays	"{""entry_type"": ""performer"", ""volume"": ""4"", ""span"": ""2563-2566"", ""birth_date"": ""1868-07-13"", ""death_date"": ""1926-04-22""}"
org:UO-0032	org	ראַפּעלן					unmatched		plays	
person:727	person	זיגמונד שענקמאַן (זיינוול)	Zigmund Shenkman	people_db	727	entry_person_id:P-4-facs_87_tr_1753938277	matched		plays	"{""entry_type"": ""performer"", ""volume"": ""4"", ""span"": ""2577-2579"", ""birth_date"": ""1866-05-28"", ""death_date"": ""1932-09-18"", ""credit"": ""מ. ע.""}"
person:725	person	דוד שענקמאַן	Dovid Shenkman	people_db	725	entry_person_id:P-4-facs_88_tr_1753938255	matched		plays	"{""entry_type"": ""performer"", ""volume"": ""4"", ""span"": ""2580-2580""}"
person:UP-0230	person	יעקב קאָפּל סענדלער					unmatched		plays	
person:2812	person	אָסיפּ רוניטש	Ossip Runitsch	people_db	2812	entry_person_id:P-4-facs_97_tr_1753602022	matched		plays	"{""entry_type"": ""performer"", ""volume"": ""4"", ""span"": ""2597-2599"", ""birth_date"": ""1889"", ""death_date"": ""1947-04-06"", ""credit"": ""ש. ע.""}"
person:2923	person	פנחס שערמאַן (שוכמאַכער)	Pinchas Sherman	people_db	2923	entry_person_id:P-4-facs_98_r_2	matched		plays	"{""entry_type"": ""performer"", ""volume"": ""4"", ""span"": ""2600-2600"", ""birth_date"": ""1885-09-14"", ""credit"": ""ש. ע.""}"
person:3550	person	קדיש (ק. כאַש)		people_db	3550	entry_person_id:P-5-facs_100_tr_1733059460	matched		plays	"{""entry_type"": ""performer"", ""volume"": ""5"", ""span"": ""3771-3870"", ""birth_date"": ""1893-03-11"", ""death_date"": ""1941-07"", ""credit"": ""ש. ע.""}"
person:2359	person	דוד לואי	David Lui	people_db	2359	entry_person_id:P-5-facs_106_tr_1733832713	matched		plays	"{""entry_type"": ""performer"", ""volume"": ""5"", ""span"": ""3781-3882"", ""birth_date"": ""1887-09-17""}"
play:NEW-0092	play	פאַרלאָרענער גן-עדן					unmatched		plays	
person:UP-0231	person	קאברין					unmatched		plays	
person:1878	person	העלענאַ גאָטליב	Helena Gottlieb	people_db	1878	entry_person_id:P-1-facs_144_tr_1740521018	matched		plays	"{""entry_type"": ""performer"", ""volume"": ""1"", ""span"": ""256-256"", ""birth_date"": ""1885"", ""credit"": ""מ. ע.""}"
person:3549	person	משה קארפּינאָוויטש		people_db	3549	entry_person_id:P-5-facs_126_tr_1733832829	matched		plays	"{""entry_type"": ""administrator"", ""volume"": ""5"", ""span"": ""3721-3932"", ""credit"": ""ש. ע. פֿון זלמן זילבערצווייג.""}"
person:2189	person	שמואל לאַנדוי (לאַנדאָ)-קלעקוי	Shmuel Landau-Klekoy	people_db	2189	entry_person_id:P-5-facs_136_tr_1733832804	matched		plays	"{""entry_type"": ""performer"", ""volume"": ""5"", ""span"": ""3940-3952"", ""birth_date"": ""1882-08-03"", ""death_date"": ""1940-12-07""}"
venue:UV-0051	venue	נאָווי					unmatched		plays	
person:UP-0232	person	ש. אַנ-סקיס					unmatched		plays	
org:237	org	עליזעום-טעאַטער	Elysium Theater	org_core_db	237		matched		plays	
person:3570	person	מ. שניאור		people_db	3570	entry_person_id:P-5-facs_148_tr_1733832676	matched		plays	"{""entry_type"": ""composer"", ""volume"": ""5"", ""span"": ""3964-3970"", ""birth_date"": ""1885~"", ""death_date"": ""1942""}"
venue:UV-0052	venue	פּריוואַטע וווינונגען					unmatched		plays	
person:1050	person	לאה גראף ווייטרויב	Leah Graf-Weintroib	people_db	1050	entry_person_id:P-5-facs_178_tr_1736588957	matched		plays	"{""entry_type"": ""performer"", ""volume"": ""5"", ""span"": ""4024-4024"", ""birth_date"": ""1888-09-10"", ""credit"": ""ש. ע. פֿון מאיר מעלמאַן.""}"
person:3175	person	מישא וועקסלער (מיכאל)	Misha Veksler	people_db	3175	entry_person_id:P-5-facs_193_r_2	matched	upgraded from person_entry:P-5-facs_193_r_2	plays	
place:Q707539	place	ווילנער געטא	Vilna Ghetto	wikidata_qid	Q707539	"{""kima_id"": """", ""lat"": """", ""lon"": """"}"	matched		plays	
person:3093	person	מאַניע טרילינג (מרים)	Manya Trilling	people_db	3093	entry_person_id:P-2-facs_56_tr_1744131366	matched		plays	"{""entry_type"": ""performer"", ""volume"": ""2"", ""span"": ""896-896"", ""birth_date"": ""1875"", ""death_date"": ""1920-04-25"", ""credit"": ""מ. ע. פֿוּן איר זוּן איליאַ טרילינג.""}"
person:UP-0233	person	מ. ח. מיטעלמאַן					unmatched		plays	
person:2955	person	פעלאַ שומסקי (כור-לאַנצמאַן)	Fela Shumsky	people_db	2955	entry_person_id:P-2-facs_109_r_8	matched		plays	"{""volume"": ""2"", ""span"": ""1002-1002""}"
person:UP-0234	person	מאלווינאַ סיעראָצקאַ					unmatched		plays	
person:2297	person	מרים ליפשיץ	Miriam Lifshits	people_db	2297	entry_person_id:P-2-facs_157_r_4	matched		plays	"{""entry_type"": ""performer"", ""volume"": ""2"", ""span"": ""1097-1097""}"
person:3557	person	הערמאַן ראַבינאָוויטש (יאַנקל-הערש)		people_db	3557	entry_person_id:P-5-facs_208_tr_1739221724	matched		plays	"{""entry_type"": ""performer"", ""volume"": ""5"", ""span"": ""4083-4086"", ""birth_date"": ""1884"", ""death_date"": ""1941"", ""credit"": ""ש. ע. פֿון סאַלאָמאָן שטראָמער און ש. י. האַרענדאָרף.""}"
person:3632	person	יצחק איטשל ברוינער (ברעונאר)		people_db	3632	entry_person_id:P-5-facs_225_tr_1739222150	matched		plays	"{""entry_type"": ""other"", ""volume"": ""5"", ""span"": ""4118-4124"", ""birth_date"": ""1887-09-02"", ""death_date"": ""1944""}"
person:1309	person	דוד בּירנבּוים	David Birnbaum	people_db	1309	entry_person_id:P-5-facs_230_tr_1739221425	matched		plays	"{""entry_type"": ""performer"", ""volume"": ""5"", ""span"": ""4127-4128"", ""birth_date"": ""1904-03-06""}"
org_cluster:ORG-C03521	org	דוד הערמאַנס סטודיע		org_cluster	ORG-C03521		matched		plays	
person:2431	person	העלא מעל )מעלמאַן( (מעלמאַן)	Hela Mel	people_db	2431	entry_person_id:P-5-facs_240_tr_1739222483	matched		plays	"{""entry_type"": ""performer"", ""volume"": ""5"", ""span"": ""4147-4147"", ""credit"": ""מ. ע. פֿון סעווערין צווערלינג.""}"
person:2271	person	זשאַק לעווי	Jack Levy	people_db	2271	entry_person_id:P-2-facs_178_tr_1744279111	matched		plays	"{""entry_type"": ""performer"", ""volume"": ""2"", ""span"": ""1139-1139"", ""birth_date"": ""1887-09-10""}"
person_entry:P-5-facs_24_tr_1729945242	person	אוריך, צילע [חיה צילע פעדער]		entry_person_id	P-5-facs_24_tr_1729945242		matched		plays	"{""entry_type"": ""performer"", ""volume"": ""5"", ""span"": ""3716-3716"", ""birth_date"": ""1887-12-22"", ""death_date"": ""1943""}"
person:3623	person	יאָזעף שערמאַן		people_db	3623	entry_person_id:P-6-facs_150_tr_1747825139	matched	upgraded from person_entry:P-6-facs_150_tr_1747825139	plays	"{""entry_type"": ""performer"", ""volume"": ""6"", ""span"": ""5134-5137"", ""birth_date"": ""1878"", ""death_date"": ""1949-07-19"", ""credit"": ""ש. ע.""}"
person:3533	person	שמחה פּאָסטעל		people_db	3533	entry_person_id:P-5-facs_255_tr_1739220788	matched		plays	"{""entry_type"": ""performer"", ""volume"": ""5"", ""span"": ""4177-4182"", ""birth_date"": ""1896-01-16"", ""death_date"": ""1943-11-03""}"
org_cluster:ORG-C02650_Q01	org	ווענוס		org_cluster	ORG-C02650_Q01		matched		plays	
person:2596	person	מרים אָרלעסקאַ ((אַלטוסקי))	Miriam Orleska	people_db	2596	entry_person_id:P-1-facs_65_tr_1740520951	matched		plays	"{""entry_type"": ""performer"", ""volume"": ""1"", ""span"": ""97-97""}"
person:3447	person	אַליאָשאַ שטיין (אליהו)		people_db	3447	entry_person_id:P-6-facs_231_tr_1747928940	matched		plays	"{""entry_type"": ""performer"", ""volume"": ""6"", ""span"": ""5296-5306"", ""credit"": ""ש. ע. פֿון זלמן זילבערצווייג און מאיר מעלמאַן.""}"
person:3445	person	זמרה זעליגפעלד		people_db	3445	entry_person_id:P-5-facs_66_tr_1733059440	matched		plays	"{""entry_type"": ""performer"", ""volume"": ""5"", ""span"": ""3799-3802"", ""death_date"": ""1942""}"
place:Q154607	place	וואַרשע געטא	Warsaw Ghetto	wikidata_qid	Q154607	"{""kima_id"": """", ""lat"": """", ""lon"": """"}"	matched		plays	
person:3448	person	שאַיעלע ראָטשיין		people_db	3448	entry_person_id:P-5-facs_296_tr_1739220884	matched	upgraded from person_entry:P-5-facs_296_tr_1739220884	plays	"{""entry_type"": ""performer"", ""volume"": ""5"", ""span"": ""4260-4263"", ""birth_date"": ""1870"", ""death_date"": ""1942-07"", ""credit"": ""ש. ע. פֿון גרישאַ ראָטשיין.""}"
person:3449	person	משה זאַנדבערג		people_db	3449	entry_person_id:P-5-facs_305_tr_1739220515	matched		plays	"{""entry_type"": ""administrator"", ""volume"": ""5"", ""span"": ""4277-4278"", ""birth_date"": ""1889-05-21"", ""credit"": ""מ. ע. און ש. ע. פֿון זלמן זילבערצווייג.""}"
person:2880	person	קלאַראַ סעגאַלאׇוויטש (בּאׇראׇדינאׇ)	Clara Segalowitch	people_db	2880	entry_person_id:P-2-facs_362_tr_1744366871	matched		plays	"{""entry_type"": ""performer"", ""volume"": ""2"", ""span"": ""1508-1508"", ""birth_date"": ""1896"", ""credit"": ""מ. ע.""}"
org_cluster:ORG-C00440	org	צענטראַל		org_cluster	ORG-C00440		matched		plays	
person:UP-0235	person	בראדערזאן					unmatched		plays	
person:3450	person	וולאַדיסלאַוו וויינטרויב		people_db	3450	entry_person_id:P-5-facs_326_tr_1739221462	matched		plays	"{""entry_type"": ""other"", ""volume"": ""5"", ""span"": ""4320-4328"", ""birth_date"": ""1891-02-18"", ""death_date"": ""1942-09""}"
person:UP-0236	person	הענעך קאן					unmatched		plays	
person:UP-0237	person	ווייכערט					unmatched		plays	
org_cluster:ORG-C02163	org	ריגער יידישן געזעלשאַפֿטלעכן טעאַטער		org_cluster	ORG-C02163		matched		plays	
person:2420	person	דינה מאַטוס	Dina Matus	people_db	2420	entry_person_id:P-5-facs_332_tr_1739221443	matched		plays	"{""entry_type"": ""other"", ""volume"": ""5"", ""span"": ""4331-4331"", ""credit"": ""ש. ע. פֿון שיינע מרים בראָדערזאָן.""}"
person:1214	person	שמחה בּאדער (ניעדזשעוויעצקי)	Simcha Bader	people_db	1214	entry_person_id:P-5-facs_353_r	matched		plays	"{""entry_type"": ""performer"", ""volume"": ""5"", ""span"": ""4374-4374"", ""birth_date"": ""1899"", ""credit"": ""ש. ע. און ש. ע. פֿון מיכאָל מעסינגער.""}"
person:2948	person	עוואַ שטאָקפעדער (חוה)	Eva Shtokfeder	people_db	2948	entry_person_id:P-5-facs_357_tr_1739221523	matched		plays	"{""entry_type"": ""performer"", ""volume"": ""5"", ""span"": ""4381-4381""}"
person:2183	person	מאׇריס לאַמפע	Morris Lampe	people_db	2183	entry_person_id:P-2-facs_104_r_4	matched		plays	"{""entry_type"": ""performer"", ""volume"": ""2"", ""span"": ""993-993"", ""birth_date"": ""1895"", ""credit"": ""ש. ע.""}"
person:UP-0238	person	מיין טאָכטער					unmatched		plays	
person:UP-0239	person	אייזיק הובערמאַנס					unmatched		plays	
person:2728	person	ראַכמאַנאָוו	[?] Rakhmanov	people_db	2728	entry_person_id:P-5-facs_368_r_2	matched		plays	"{""entry_type"": ""director_regisseur"", ""volume"": ""5"", ""span"": ""4403-4403"", ""credit"": ""ש. ע. פֿון יונה ראַדינאָוו.""}"
org:515	org	קיעווער יידישן מלוכה-טעאַטער	קיעווער יידישן מלוכה-טעאַטער	org_core_db	515		matched		plays	
org_cluster:ORG-C04687	org	מאָלווינע לאָבעלס ראָיאַל-טעאַטער		org_cluster	ORG-C04687		candidate		plays	
play:NEW-0093	play	ווער איז דער גנב					unmatched		plays	
org:UO-0033	org	פֿאַרלאָג „קולטור-ליגע“					unmatched		plays	
person:3513	person	איווא ווין (סיוועלע בּאָקשטיין)		people_db	3513	entry_person_id:P-5-facs_422_r_2	matched		plays	"{""entry_type"": ""performer"", ""volume"": ""5"", ""span"": ""4511-4512"", ""birth_date"": ""1900"", ""death_date"": ""1942-08"", ""credit"": ""ש. ע. פֿון יונה ראַדינאָוו.""}"
org:540	org	אוקראיינישן יידישן מלוכה-טעאַטער	אוקראַאינישער יידישער מלוכה-טעאַטער	org_core_db	540		matched		plays	
person:2424	person	מרדכי מזא'ה ((מאַזאָ))	Mordecai Mazo	people_db	2424	entry_person_id:P-5-facs_423_tr_1739222033	matched		plays	"{""entry_type"": ""administrator"", ""volume"": ""5"", ""span"": ""4511-4527"", ""birth_date"": ""1880"", ""death_date"": ""1943-04""}"
person:UP-0240	person	וויינטרויב					unmatched		plays	
org:UO-0034	org	קלמן יאָוועלירס טרופּע					unmatched		plays	
person:3520	person	יוכבד זילבּערג		people_db	3520	entry_person_id:P-5-facs_436_tr_1739220741	matched		plays	"{""entry_type"": ""performer"", ""volume"": ""5"", ""span"": ""4539-4541"", ""birth_date"": ""1900"", ""death_date"": ""1942-08-25/1942-08-26"", ""credit"": ""ש. ע. פֿון דוד לעדערמאַן.""}"
person:3534	person	יהושע פּערלע		people_db	3534	entry_person_id:P-5-facs_439_tr_1739220587	matched		plays	"{""entry_type"": ""writer"", ""volume"": ""5"", ""span"": ""46-4549"", ""birth_date"": ""1888"", ""death_date"": ""1943-11""}"
person:1904	person	פייוול גרינשפּאַן	Feivl Grinshpan	people_db	1904	entry_person_id:P-5-facs_442_tr_1739222523	matched		plays	"{""entry_type"": ""performer"", ""volume"": ""5"", ""span"": ""453-453"", ""birth_date"": ""1894"", ""credit"": ""ש.ע.""}"
org:UO-0035	org	טרופּע, וואָס די אַקטעריסע אַנטאָווילסקאַ מיט איר מאַן בורדאַ שטעלן צונויף					unmatched		plays	
person:UP-0241	person	אַנטאָווילסקאַ					unmatched		plays	
person:1355	person	ראָזאַ בורדא-אנטאָווילסקא (אנטאָוויל)	Roza Bordo-Antowilska	people_db	1355	entry_person_id:P-5-facs_569_r_9	matched		plays	"{""entry_type"": ""performer"", ""volume"": ""5"", ""span"": ""4805-4805"", ""birth_date"": ""1880"", ""death_date"": ""1943"", ""credit"": ""ש. ע. פֿון מוסיע סטעקין-לאַנדאו.""}"
person:3547	person	אַלטער קאַציזנע (שלום)		people_db	3547	entry_person_id:P-5-facs_460_tr_1739221038	matched		plays	"{""entry_type"": ""writer"", ""volume"": ""5"", ""span"": ""396-4888"", ""birth_date"": ""1885-05-03"", ""death_date"": ""1941-07-07""}"
place:Q18419	place	ברוקלין	Brooklyn	wikidata_qid	Q18419	"{""kima_id"": ""529"", ""lat"": ""40.650833"", ""lon"": ""-73.949722""}"	matched		plays	
play:NEW-0094	play	פאַטיימאַ					unmatched		plays	
person:3548	person	יצחק קאַצענעלזאָן (יחיאל)		people_db	3548	entry_person_id:P-5-facs_509_tr_1739221079	matched		plays	"{""entry_type"": ""writer"", ""volume"": ""5"", ""span"": ""3713-4725"", ""birth_date"": ""1885-05-11"", ""death_date"": ""1944-05-01"", ""credit"": ""ש. ע. פֿון דר. ש. מאַרגאָשעס, הערמאַן יאַבלאַקאָוו און מ. ע. פֿון נתן קאָצמאַן.""}"
org_cluster:ORG-C03223	org	גורדוניה		org_cluster	ORG-C03223		matched		plays	
venue:UV-0053	venue	פּריוואַטער וווינונג					unmatched		plays	
org:UO-0036	org	פּראָווינצער אָפּערעטקע-טרופּע פֿון בעטי קעניג					unmatched		plays	
person:3542	person	י.ב. צפּור (יצחק שטערקמאַן)		people_db	3542	entry_person_id:P-5-facs_538_tr_1739221977	matched		plays	"{""entry_type"": ""writer"", ""volume"": ""5"", ""span"": ""4744-4759"", ""birth_date"": ""1888-01-20""}"
org:UO-0037	org	פֿאַרלאָג „אַלט-יונג					unmatched		plays	
venue:UV-0054	venue	יידישע שול-פֿאָרשטעלונגען					unmatched		plays	
play:NEW-0095	play	השקרן					unmatched		plays	
play:NEW-0096	play	די פֿאַרשווערונג פֿון פיעסקאַ					unmatched		plays	
person:UP-0242	person	פֿרידדיך שילער					unmatched		plays	
person:2239	person	א. לערמאַן (אליהו)	Eliyahu Lerman	people_db	2239	entry_person_id:P-5-facs_559_tr_1739222341	matched		plays	"{""entry_type"": ""writer"", ""volume"": ""5"", ""span"": ""4785-4786"", ""birth_date"": ""1899""}"
person:3269	person	לייבּ וויינער	Leyb Winer	people_db	3269	entry_person_id:P-5-facs_561_tr_1739222221	matched		plays	"{""entry_type"": ""performer"", ""volume"": ""5"", ""span"": ""4789-4793"", ""credit"": ""ש. ע.""}"
org_cluster:ORG-C03662	org	ווייספעלדס יידיש טעאַטער		org_cluster	ORG-C03662		matched		plays	
org:UO-0038	org	טרופּע פֿון קלאַראַ יאָנג און בועז יאָנגוויץ					unmatched		plays	
org:400	org	סאָלאָווצאָווס טעאַטער	theater Solovtsov	org_core_db	400		matched		plays	
org_cluster:ORG-C03679	org	סטודיע ביים קאָוונער „קינדער הויז“		org_cluster	ORG-C03679		matched		plays	
place:Q4115712	place	קאוונע	Kaunas	wikidata_qid	Q4115712	"{""kima_id"": ""382"", ""lat"": ""54.900000"", ""lon"": ""23.933333""}"	matched		plays	
person:2794	person	טוביה-גדליה ראָזענבּערג	Tuviya-Gedalyahu Rozenberg	people_db	2794	entry_person_id:P-5-facs_569_tr_1739221277	matched		plays	"{""entry_type"": ""performer"", ""volume"": ""5"", ""span"": ""4806-4806"", ""birth_date"": ""1903-07-15"", ""credit"": ""ש. ע.""}"
person:1759	person	משה-לייב געטליכערמאַן	Moshe-Leib Getlicherman	people_db	1759	entry_person_id:P-1-facs_264_tr_1741260335	matched		plays	"{""entry_type"": ""performer"", ""volume"": ""1"", ""span"": ""496-496"", ""birth_date"": ""1897"", ""credit"": ""ש. ע.""}"
person:3567	person	יצחק שיפּער (איגנאַץ)		people_db	3567	entry_person_id:P-5-facs_570_tr_1739221417	matched		plays	"{""entry_type"": ""writer"", ""volume"": ""5"", ""span"": ""4807-4838"", ""birth_date"": ""1884-12-02"", ""death_date"": ""1943-07""}"
place:Q106281	place	טאָרנע		wikidata_qid	Q106281		matched		plays	
person:2945	person	משה שטאַבזיב	Moshe Shtabziv	people_db	2945	entry_person_id:P-5-facs_586_tr_1739221917	matched		plays	"{""entry_type"": ""performer"", ""volume"": ""5"", ""span"": ""4839-4839"", ""birth_date"": ""1895"", ""death_date"": ""1941"", ""credit"": ""ש. ע. פֿון זיין שוואַגער יחזקאָל קאָנהענדלער.""}"
person:UP-0243	person	רודאָלף זאַסלאָווסקי					unmatched		plays	
place:Q1792	place	דאנציג	Gdańsk	wikidata_qid	Q1792	"{""kima_id"": ""920"", ""lat"": ""54.348291"", ""lon"": ""18.654023""}"	matched		plays	
person:1186	person	חיהלע אַש	Khayele Ash	people_db	1186	entry_person_id:P-5-facs_604_tr_1739220749	matched	upgraded from person_entry:P-5-facs_604_tr_1739220749	plays	"{""entry_type"": ""performer"", ""volume"": ""6"", ""span"": ""5963-5963"", ""birth_date"": ""1920"", ""credit"": ""ש. ע.""}"
person_entry:P-5-facs_606_r	person	וויעראַ ווייס		entry_person_id	P-5-facs_606_r		matched		plays	"{""entry_type"": ""other"", ""volume"": ""5"", ""span"": ""13-13""}"
org_cluster:ORG-C00966_Q01	org	הדסה		org_cluster	ORG-C00966_Q01		matched		plays	
place:Q801	place	ישראל	Israel	wikidata_qid	Q801	"{""kima_id"": ""697"", ""lat"": ""31.0"", ""lon"": ""35.0""}"	matched		plays	
person_entry:P-5-facs_607_tr_1739222282	person	גיטל טעפּער		entry_person_id	P-5-facs_607_tr_1739222282		matched		plays	"{""entry_type"": ""performer"", ""volume"": ""5"", ""span"": ""13-13""}"
person:3295	person	יעקב יאַקובאָוויטש	Yaakov Yakubovitsh	people_db	3295	entry_person_id:P-5-facs_70_tr_1733059368	matched		plays	"{""entry_type"": ""performer"", ""volume"": ""5"", ""span"": ""3807-3808"", ""birth_date"": ""1896-02-22"", ""death_date"": ""1943"", ""credit"": ""ש. ע.""}"
person:3635	person	פראַניאַ ווינטער (פריידל ראָזענראַט)		people_db	3635	entry_person_id:P-5-facs_89_tr_1733059487	matched		plays	"{""entry_type"": ""performer"", ""volume"": ""5"", ""span"": ""3846-3849"", ""birth_date"": ""1896"", ""death_date"": ""1941-10""}"
person:3426	person	רעגינאַ צוקער (שוואַרצשטיין)	Regina Zucker	people_db	3426	entry_person_id:P-5-facs_93_tr_1733059467	matched		plays	"{""entry_type"": ""performer"", ""volume"": ""5"", ""span"": ""3853-3856"", ""birth_date"": ""1889-05-18"", ""death_date"": ""1943-11-03"", ""credit"": ""מ. ע. פֿון קאַרל צימבאַליסט.""}"
person:3594	person	אַדאָלף פעניגשטיין		people_db	3594	entry_person_id:P-6-facs_102_tr_1747825160	matched		plays	"{""entry_type"": ""performer"", ""volume"": ""6"", ""span"": ""5038-5038"", ""birth_date"": ""1892"", ""death_date"": ""1925-06-30""}"
org_cluster:ORG-C01847	org	יידישן מוסטער און קינסטלערטעאַטער		org_cluster	ORG-C01847		matched		plays	
person:2777	person	אַדאָלף ראָזענבּלום (אהרון)	Adolf Rosenblum	people_db	2777	entry_person_id:P-6-facs_103_tr_1747825052	matched		plays	"{""entry_type"": ""performer"", ""volume"": ""6"", ""span"": ""5040-5040"", ""birth_date"": ""1850~"", ""death_date"": ""1919-04-30"", ""credit"": ""מ. ע. פֿון זיין טאָכטער ליזע זילבערט.""}"
org_cluster:ORG-C06151	org	ביי גליקמאַן		org_cluster	ORG-C06151		matched		plays	
person:1666	person	שרה פלאום	Sarah Flaum	people_db	1666	entry_person_id:P-6-facs_104_tr_1747825067	matched	upgraded from person_entry:P-6-facs_104_tr_1747825067	plays	"{""entry_type"": ""performer"", ""volume"": ""6"", ""span"": ""5042-5042"", ""birth_date"": ""1890"", ""death_date"": ""1958-10-11"", ""credit"": ""ש. ע.""}"
person:1669	person	לאה פלוים (האָלאַנדער)	Leah Floym	people_db	1669	entry_person_id:P-6-facs_105_tr_1747825152	matched		plays	"{""entry_type"": ""performer"", ""volume"": ""6"", ""span"": ""5043-5043"", ""birth_date"": ""1898"", ""credit"": ""מ. ע. און ש. ע. פֿון מאַרק לייפּציגער און פֿייוויש אַראַנעס.""}"
org:506	org	ביראָ ביאָזשאַנער יידישן מלוכה-טעאַטער	ביראָ ביאָזשאַנער יידישן מלוכה-טעאַטער	org_core_db	506		matched		plays	
place:Q7769	place	ביראַ בידזשאַן	Birobidzhan	wikidata_qid	Q7769	"{""kima_id"": ""6905"", ""lat"": ""48.783333333333"", ""lon"": ""132.93333333333""}"	matched		plays	
play:NEW-0097	play	גאָלדגרעבער					unmatched		plays	
person:1604	person	אברהם אייזענבּערג	Avraham Eyzenberg	people_db	1604	entry_person_id:P-1-facs_42_tr_1740520985	matched		plays	"{""entry_type"": ""administrator"", ""volume"": ""1"", ""span"": ""51-51"", ""birth_date"": ""1879-01-14"", ""credit"": ""ט. ע.""}"
person:1297	person	סענדער בּיבּער	Sender Biber	people_db	1297	entry_person_id:P-6-facs_108_r_85	matched		plays	"{""entry_type"": ""performer"", ""volume"": ""6"", ""span"": ""5049-5049"", ""birth_date"": ""1878-04-27"", ""credit"": ""ש. ע.""}"
play:NEW-0098	play	גראַף מאָנטע קריסטאָ					unmatched		plays	
person:3628	person	יעקב גלאַנץ		people_db	3628	entry_person_id:P-6-facs_606_tr_1747930132	matched	upgraded from person_entry:P-6-facs_606_tr_1747930132	plays	"{""entry_type"": ""writer"", ""volume"": ""6"", ""span"": ""5057-5064"", ""birth_date"": ""1865-01-06"", ""death_date"": ""1922-08"", ""credit"": ""ש. ע. פֿון זלמן זילבערצווייג.""}"
person:2847	person	ראָזאַ שילינג (ריקל בּריה)	Rosa Schilling	people_db	2847	entry_person_id:P-5-facs_567_r_6	matched		plays	"{""entry_type"": ""performer"", ""volume"": ""5"", ""span"": ""4802-4802"", ""birth_date"": ""1876-02-08"", ""credit"": ""ש.ע.""}"
person:UP-0244	person	שילינגס פרוי					unmatched		plays	
person:3616	person	מיכאל קליין		people_db	3616	entry_person_id:P-6-facs_116_tr_1747825108	matched		plays	"{""entry_type"": ""performer"", ""volume"": ""6"", ""span"": ""5065-5069"", ""birth_date"": ""1888"", ""death_date"": ""1961-10"", ""credit"": ""ש. ע.""}"
person:3572	person	בּעני אבּעלמאַן (בּרוך-משה)		people_db	3572	entry_person_id:P-6-facs_11_tr_1747745181	matched	upgraded from person_entry:P-6-facs_11_tr_1747745181	plays	"{""entry_type"": ""performer"", ""volume"": ""6"", ""span"": ""4855-4868"", ""death_date"": ""1929-07-13""}"
person:1553	person	ליובא אייזענבּערג	Lyuba Eisenberg	people_db	1553	entry_person_id:P-6-facs_124_tr_1747825116	matched		plays	"{""entry_type"": ""performer"", ""volume"": ""6"", ""span"": ""5082-5082"", ""birth_date"": ""1899"", ""death_date"": ""1966-07-05""}"
org:607	org	שיקאַגער יידישער דראַמאַטיישער געזעלשאַפט	שיקאַגער יידישע דראַמאַטישע געזעלשאַפט	org_core_db	607		matched		plays	
person:3798	person	הערמאַן שטיפט (הירש-פּרץ)		people_db	3798	entry_person_id:P-6-facs_131_r	matched	upgraded from person_entry:P-6-facs_131_r	plays	"{""entry_type"": ""writer"", ""volume"": ""6"", ""span"": ""5096-5097"", ""birth_date"": ""1880""}"
person:1683	person	אַדאָלף פריימאַן	Adolph Freeman	people_db	1683	entry_person_id:P-6-facs_140_tr_1747825131	matched		plays	"{""entry_type"": ""performer"", ""volume"": ""6"", ""span"": ""5113-5113"", ""birth_date"": ""1888"", ""death_date"": ""1960-03"", ""credit"": ""מ. ע. פֿון יוסף האָבערמאַן.""}"
person:3782	person	לאה ראָזען		people_db	3782	entry_person_id:P-6-facs_144_tr_1747825163	matched		plays	"{""entry_type"": ""performer"", ""volume"": ""6"", ""span"": ""5122-5125"", ""credit"": ""מ. ע. פֿון משה שטראָסבערג און ש. ע. פֿון יעקב טיקמאַן.""}"
org_cluster:ORG-C05825	org	שוואָרץס קונסט-טעאַטער		org_cluster	ORG-C05825		matched		plays	
person:1692	person	פייוועלע פרידמאַן	Feyvele Fridman	people_db	1692	entry_person_id:P-6-facs_149_tr_1747825121	matched		plays	"{""entry_type"": ""performer"", ""volume"": ""6"", ""span"": ""5131-5131"", ""birth_date"": ""185X"", ""death_date"": ""1903""}"
person:3792	person	בּערל שאַפיר		people_db	3792	entry_person_id:P-6-facs_153_tr_1747825076	matched		plays	"{""entry_type"": ""writer"", ""volume"": ""6"", ""span"": ""5140-5143"", ""birth_date"": ""1876"", ""death_date"": ""1922-09-24""}"
person:2137	person	לואיס קאַפּעלמאַן	Louis Kopelman	people_db	2137	entry_person_id:P-6-facs_156_tr_1747825108	matched		plays	"{""entry_type"": ""performer"", ""volume"": ""6"", ""span"": ""5145-5145"", ""death_date"": ""1901"", ""credit"": ""מ. ע. פֿון לואיס גילראָד און באָריס טאָמאַשעווסקי.""}"
person:UP-0245	person	האָרוויצס					unmatched		plays	
person:2927	person	רבקה שילער (בּוזגאַן, שקאָלניק)	Rivka Shiller	people_db	2927	entry_person_id:P-6-facs_165_tr_1747825090	matched		plays	"{""entry_type"": ""performer"", ""volume"": ""6"", ""span"": ""5164-5164"", ""birth_date"": ""1903-12-24"", ""credit"": ""ש. ע.""}"
org:1816	org	טעמפּל		org_core_db	1816		matched		plays	
person:1448	person	אַלעקס טשערטאָוו	Alexander Chertov	people_db	1448	entry_person_id:P-6-facs_170_tr_1747825074	matched		plays	"{""entry_type"": ""other"", ""volume"": ""6"", ""span"": ""5174-5174"", ""birth_date"": ""1881"", ""death_date"": ""1961-10-22"", ""credit"": ""ש. ע.""}"
person:2147	person	אסתר קאָוואַלסקאַ	Esther Kovalska	people_db	2147	entry_person_id:P-6-facs_171_tr_1747825169	matched		plays	"{""entry_type"": ""performer"", ""volume"": ""6"", ""span"": ""5176-5176"", ""birth_date"": ""1905-05-03"", ""credit"": ""ש. ע.""}"
person:1159	person	ש. אַנ-סקי (שלמה-זאַנוול ראַפּאָפּאָרט)	S. An-ski	people_db	1159	entry_person_id:P-1-facs_52_tr_1740521031	matched		plays	"{""entry_type"": ""writer"", ""volume"": ""1"", ""span"": ""71-78"", ""birth_date"": ""1863"", ""death_date"": ""1929-11-08"", ""credit"": ""מ. ע. פון לייב קאָדיסאָן.""}"
person:3617	person	דינה קעניג		people_db	3617	entry_person_id:P-6-facs_183_tr_1747825124	matched		plays	"{""entry_type"": ""performer"", ""volume"": ""6"", ""span"": ""5200-5203"", ""birth_date"": ""1907-08-03"", ""death_date"": ""1964-05-17""}"
org:510	org	מאָלדאָוואַנישן יידישן מלוכה-טעאַטער	מאָלדעוואָנישער יידישער מלוכה-טעאַטער	org_core_db	510		matched		plays	
person:UP-0246	person	יעקב שטערנבערג					unmatched		plays	
person:1552	person	אַברהם אייסען	Avraham Eisen	people_db	1552	entry_person_id:P-6-facs_185_tr_1747825159	matched		plays	"{""entry_type"": ""writer"", ""volume"": ""6"", ""span"": ""5204-5205"", ""birth_date"": ""1886-03-15"", ""death_date"": ""1965-08-14"", ""credit"": ""ש. ע. פֿון חיים-לייב פוקס.""}"
person:2079	person	יצחק קאַפּלאַן	Yitzhak Kaplan	people_db	2079	entry_person_id:P-6-facs_18_tr_1747746206	matched		plays	"{""entry_type"": ""performer"", ""volume"": ""6"", ""span"": ""4870-4870"", ""birth_date"": ""1874"", ""death_date"": ""1929-02-18"", ""credit"": ""ש. ע.""}"
person:UP-0247	person	דינה פֿיינמאַן					unmatched		plays	
org:UO-0039	org	פֿיינמאַן קונסט-טעאַטער					unmatched		plays	
person:UP-0248	person	אַלעקסאַנדער דיומאָ					unmatched		plays	
org:UO-0040	org	פֿיינמאַן יידישן פאָלקס-טעאַטער					unmatched		plays	
person:3613	person	אברהם-יצחק קאַמינסקי		people_db	3613	entry_person_id:P-6-facs_210_tr_1747928994	matched		plays	"{""entry_type"": ""performer"", ""volume"": ""6"", ""span"": ""5254-5459"", ""birth_date"": ""1887"", ""death_date"": ""1918-03-14"", ""credit"": ""מ. ע. פֿון אידא קאַמינסקי.""}"
org:UO-0041	org	קאַמינסקיס נייער טעאַטער					unmatched		plays	
play:NEW-0099	play	רבי עקיבא מיט זיינע 24 טויזנט תלמידים					unmatched		plays	
person:UP-0249	person	אסתר-רחל					unmatched		plays	
person:2559	person	יעקב ניומאַן (ניימאַן)	Yakov Newman	people_db	2559	entry_person_id:P-3-facs_374_tr_1755856111	matched		plays	"{""volume"": ""3"", ""span"": ""2325-2325"", ""credit"": ""מ. ע.""}"
person:1113	person	יוסף אכראן	Joseph Achron	people_db	1113	entry_person_id:P-6-facs_22_tr_1747746198	matched		plays	"{""entry_type"": ""composer"", ""volume"": ""6"", ""span"": ""4870-4880"", ""birth_date"": ""1886-05-01"", ""death_date"": ""1943-04-29""}"
person:2586	person	יאָזעף אבּערלענדער	Joseph Oberlander	people_db	2586	entry_person_id:P-6-facs_22_tr_1747746208	matched		plays	"{""entry_type"": ""performer"", ""volume"": ""6"", ""span"": ""4877-4877"", ""birth_date"": ""1881-10-26"", ""death_date"": ""1953-12-24"", ""credit"": ""ש. ע. און מ. ע. פֿון טשאַרלז קאָהען.""}"
person:UP-0250	person	טורקאָוו					unmatched		plays	
play:NEW-0100	play	דער ליגן					unmatched		plays	
org:426	org	אונזער טעאַטער	Unzer teater	org_core_db	426		matched		plays	
person:3785	person	לייזער ראַפּעל		people_db	3785	entry_person_id:P-6-facs_241_tr_1747928957	matched		plays	"{""entry_type"": ""performer"", ""volume"": ""6"", ""span"": ""5315-5321"", ""birth_date"": ""1868-12-12"", ""death_date"": ""1921-07-26"", ""credit"": ""מ. ע. פֿון זלמן הירשפעלד.""}"
person:2364	person	לילען לאַקס (בורשטיין)	Lillian Lux	people_db	2364	entry_person_id:P-6-facs_245_tr_1747928885	matched		plays	"{""entry_type"": ""performer"", ""volume"": ""6"", ""span"": ""5324-5325"", ""birth_date"": ""1922"", ""credit"": ""ש. ע.""}"
person:UP-0251	person	גאָלדפֿאַדן					unmatched		plays	
person_entry:P-6-facs_254_tr_1747928885	person	קאַצענעלענבאַגען, ש. י. (רש'י)		entry_person_id	P-6-facs_254_tr_1747928885		matched		plays	"{""entry_type"": ""writer"", ""volume"": ""6"", ""span"": ""5341-5343"", ""birth_date"": ""184X/185X""}"
person:UP-0252	person	גאָלדפֿאַדענען					unmatched		plays	
person:UP-0253	person	קעמפּנער					unmatched		plays	
person:UP-0254	person	ליבמאַן					unmatched		plays	
person:UP-0255	person	פֿיינבערג					unmatched		plays	
person:UP-0256	person	פישמאַן					unmatched		plays	
person:UP-0257	person	איידאַ יאַקובאָוויטש					unmatched		plays	
org:UO-0042	org	טרופּע זשאַרגאָן אַקטיאָרן					unmatched		plays	
venue:UV-0055	venue	לאַטיינישן קוואַרטאָל					unmatched		plays	
person:3622	person	יוסף שעהנגאָלד		people_db	3622	entry_person_id:P-6-facs_255_tr_1747928944	matched	upgraded from person_entry:P-6-facs_255_tr_1747928944	plays	"{""entry_type"": ""performer"", ""volume"": ""6"", ""span"": ""5344-5350"", ""birth_date"": ""1887-06-26"", ""death_date"": ""1943-09-07""}"
org:1829	org	טעאַטער אַרגענטינע		org_core_db	1829		matched		plays	
person:UP-0258	person	אַליהו הנביאַ					unmatched		plays	
play:NEW-0101	play	מאַן און ווייב, שוועסטער און ברידער					unmatched		plays	
person:2244	person	ישעיה לערנער (שבּתי)	Yeshayahu Lerner	people_db	2244	entry_person_id:P-2-facs_192_r_8	matched		plays	"{""entry_type"": ""writer"", ""volume"": ""2"", ""span"": ""1168-1168"", ""birth_date"": ""1879~"", ""death_date"": ""1913""}"
org:UO-0043	org	דראַמאַטישער סטודיע ביים יידישן אַרבעטער-קלוב					unmatched		plays	
place:Q9248	place	באקו	Baku	wikidata_qid	Q9248	"{""kima_id"": ""507"", ""lat"": ""40.366655555556"", ""lon"": ""49.835183333333""}"	matched		plays	
person:UP-0259	person	ניכפּעניצע					unmatched		plays	
person:UP-0260	person	שלמה הכהן					unmatched		plays	
person:1598	person	יוסף עטינגער	Yosef Ettinger	people_db	1598	entry_person_id:P-2-facs_384_tr_1744366804	matched		plays	"{""entry_type"": ""director_regisseur"", ""volume"": ""2"", ""span"": ""1552-1552"", ""birth_date"": ""1883-10-18"", ""credit"": ""מ. ע.""}"
person:UP-0261	person	יצחק פאַרשווער					unmatched		plays	
person:877	person	יודל בּעלזער (ספּיוואַק)	Adolf Belzer	people_db	877	entry_person_id:P-6-facs_28_r_2	matched	upgraded from person_entry:P-6-facs_28_r_2	plays	"{""entry_type"": ""composer"", ""volume"": ""6"", ""span"": ""4889-4891"", ""death_date"": ""1958-01-26"", ""credit"": ""ש. ע. פֿון גדליה שיינפעלד און פֿון מרדכי ירדני.""}"
person:1019	person	אַבאַ קאָמפּאַנעעץ	Abba Kampanietz	people_db	1019	entry_person_id:P-6-facs_291_tr_1747928923	matched		plays	"{""entry_type"": ""performer"", ""volume"": ""6"", ""span"": ""5415-5431"", ""birth_date"": ""1870"", ""death_date"": ""1946-08-13"", ""credit"": ""ש. ע. פֿון זיין טאָכטער בעטי ראַבינאָוויטש.""}"
play:NEW-0102	play	מישקע און מאָשקע					unmatched		plays	
person:UP-0262	person	ראַבינאָוויטש					unmatched		plays	
person:3610	person	אסתר-רחל (האַלפּערן) קאַמינסקאַ		people_db	3610	entry_person_id:P-6-facs_300_tr_1747928891	matched		plays	"{""entry_type"": ""performer"", ""volume"": ""6"", ""span"": ""5433-5487"", ""birth_date"": ""1870-02-15""}"
place:Q156724	place	אַ דאַרף ביי קרעמענטשוג	Kremenchuk	wikidata_qid	Q156724	"{""kima_id"": ""13843"", ""lat"": ""49.063056"", ""lon"": ""33.403889""}"	matched		plays	
person:2034	person	עדיט האָראָוויץ-זילבערמאַן	Edith Horowitz-Silbermann	people_db	2034	entry_person_id:P-6-facs_30_tr_1747746182	matched		plays	"{""entry_type"": ""performer"", ""volume"": ""6"", ""span"": ""4893-4893"", ""birth_date"": ""1921-11-10"", ""credit"": ""מ. ע. פֿון עדיט האָראָוויץ און ש. ע. פֿון יוליאַן שוואַרץ.""}"
org_cluster:ORG-C01571	org	יידישער קונסט טעאַטער איקוף		org_cluster	ORG-C01571		matched		plays	
org:502	org	בוקאַרעשטער יידישן מלוכה-טעאַטער	בוקאַרעשטער יידישן מלוכה-טעאַטער	org_core_db	502		matched		plays	
org:322	org	ליטעראַרישע טרופּע	Literarishe Trupe (Literary Troupe)	org_core_db	322		matched		plays	
person:UP-0263	person	אסתר רחל קאַמינסקי					unmatched		plays	
person:UP-0264	person	מאַדאָם קאַמינסקי					unmatched		plays	
venue:UV-0056	venue	מר. קעסלערס טעאַטער					unmatched		plays	
person:UP-0265	person	משה און אַנשל שאָר					unmatched		plays	
person:UP-0266	person	מאַדאָם אסתר-רחל קאַמינסקי					unmatched		plays	
org:299	org	ליפּצין טעאַטער	Keni Lipzin Troupe (star tour)	org_core_db	299		matched		plays	
play:NEW-0103	play	מוטער					unmatched		plays	
org_cluster:ORG-C01111	org	נאָוועלטי-טעאַטער		org_cluster	ORG-C01111		matched		plays	
person:UP-0267	person	אַנדי בערנשטיין					unmatched		plays	
play:NEW-0104	play	ישראל דער אַנטיסעמיט					unmatched		plays	
person:1121	person	ישראל אַדלער	Israel Adler	people_db	1121	entry_person_id:P-1-facs_31_TextRegion_1710063820301_118	matched		plays	"{""entry_type"": ""writer"", ""volume"": ""1"", ""span"": ""29-29"", ""birth_date"": ""1898-11-15""}"
org_cluster:ORG-C03816	org	אסתר רחל קאמינסקאַ טעאַטער		org_cluster	ORG-C03816		matched		plays	
person:UP-0268	person	רות					unmatched		plays	
person:1380	person	יוסף בּראַנדעסקאָ (סמאָלניק)	Joseph Brandesko	people_db	1380	entry_person_id:P-6-facs_34_r_1	matched	upgraded from person_entry:P-6-facs_34_r_1	plays	"{""entry_type"": ""writer"", ""volume"": ""6"", ""span"": ""12-12""}"
person:UP-0269	person	ראָטשיין					unmatched		plays	
person:2491	person	מאיר מישוּראַט (ראַטוּשניק)	Meyer Mishurat	people_db	2491	entry_person_id:P-2-facs_273_tr_1744280704	matched		plays	"{""entry_type"": ""performer"", ""volume"": ""2"", ""span"": ""1330-1330"", ""birth_date"": ""1866~"", ""death_date"": ""1922"", ""credit"": ""מ. ע. פֿיין מישע בודקין אין ש. ע. פֿון דוד רייץ.""}"
person:UP-0270	person	ליניעצקיס					unmatched		plays	
play:NEW-0105	play	הערשעלע אָסטראָפֿאָלער					unmatched		plays	
place:UPL-0013	place	בראַנקס (ניו-יאָרק)					unmatched		plays	
person:3654	person	אברהם רייזען		people_db	3654	entry_person_id:P-6-facs_408_tr_1747930566	matched		plays	"{""entry_type"": ""writer"", ""volume"": ""6"", ""span"": ""5649-5659"", ""birth_date"": ""1876-04-01"", ""death_date"": ""1953-03-31""}"
org_cluster:ORG-C02296	org	פֿאַרלאַג אידיש		org_cluster	ORG-C02296		matched		plays	
person:2170	person	לעאָן קופּערמאַן (ישעיה-אריה)	Leon Kuperman	people_db	2170	entry_person_id:P-6-facs_417_tr_1747930464	matched		plays	"{""entry_type"": ""writer"", ""volume"": ""6"", ""span"": ""5668-5669"", ""birth_date"": ""1883-06-24"", ""death_date"": ""1942-03-29"", ""credit"": ""ש. ע. פֿון יעקב טיקמאַן.""}"
person:2727	person	חנה ראַפאַלאָוויטש (לייבאָוויטש, קלאַפ)	Chana Rafalovitsh	people_db	2727	entry_person_id:P-6-facs_418_tr_1747930192	matched		plays	"{""entry_type"": ""performer"", ""volume"": ""6"", ""span"": ""5670-5670"", ""credit"": ""ש. ע. פֿון י. וויינשטאָק און מ. ע. פֿון משה שאַר און איציקל גאָלדענבערג.""}"
org:1053	org	טרופּע פֿון הורוויץ און סעגאָלעסקאָ	טרופּע פֿון הורוויץ און סעגאָלעסקאָ	org_core_db	1053		matched		plays	
person:UP-0271	person	פֿאָני					unmatched		plays	
person:UP-0272	person	ישעיה					unmatched		plays	
person:2641	person	אסתר פערלמאַן	Esther Perlman	people_db	2641	entry_person_id:P-3-facs_129_r	matched		plays	"{""volume"": ""3"", ""span"": ""1835-1835"", ""credit"": ""מ. ע.""}"
org_cluster:ORG-C00109	org	נידערשלעזישן יידישן טעאַטער		org_cluster	ORG-C00109		matched		plays	
person:3587	person	חנן לעווענשטיין		people_db	3587	entry_person_id:P-6-facs_41_tr_1747746148	matched		plays	"{""entry_type"": ""performer"", ""volume"": ""6"", ""span"": ""4916-4919"", ""birth_date"": ""1897/1902"", ""death_date"": ""1962""}"
person:UP-0273	person	אַלעקס שטיין					unmatched		plays	
person:2895	person	אַננאַ שאַפּיראָ (עני)	Anna Shapiro	people_db	2895	entry_person_id:P-6-facs_423_tr_1747930553	matched		plays	"{""entry_type"": ""performer"", ""volume"": ""6"", ""span"": ""5680-5680"", ""birth_date"": ""1878~"", ""death_date"": ""1955-12-28"", ""credit"": ""מ. ע. און ש. ע. פֿון איר טאָכטער סיידי גאָלדשטיין.""}"
person:2898	person	ליזאַ שאַפּיראָ	Liza Shapiro	people_db	2898	entry_person_id:P-6-facs_424_tr_1747930496	matched		plays	"{""entry_type"": ""performer"", ""volume"": ""6"", ""span"": ""5681-5681"", ""death_date"": ""1910-03-04"", ""credit"": ""ש. ע. פֿון יעקב טיקמאַן.""}"
person:UP-0274	person	עדמונד מאָריסעס					unmatched		plays	
org:UO-0044	org	פּערהייט					unmatched		plays	
person:UP-0275	person	בתיה לערנער					unmatched		plays	
person:UP-0276	person	אסתר עדוואָרדס					unmatched		plays	
person:UP-0277	person	פאול מעלראָד					unmatched		plays	
person:1250	person	יאַשאַ בּעלצער (יעקב בּעלפער)	Yasha Belzer	people_db	1250	entry_person_id:P-6-facs_430_tr_1747930469	matched	upgraded from person_entry:P-6-facs_430_tr_1747930469	plays	"{""entry_type"": ""performer"", ""volume"": ""6"", ""span"": ""5694-5696"", ""birth_date"": ""1897"", ""credit"": ""ש. ע. און ש. ע. פֿון מאַרק לייפציקער.""}"
org:486	org	גוזיק	טרופּע פֿון גוזיק	org_core_db	486		matched		plays	
person:3795	person	בּנימין שוואַרצער		people_db	3795	entry_person_id:P-6-facs_432_tr_1747930458	matched		plays	"{""entry_type"": ""performer"", ""volume"": ""6"", ""span"": ""5697-5702"", ""birth_date"": ""1892-06-06"", ""credit"": ""ש. ע. פֿון „סאָוויעטיש היימלאַנד\"".""}"
org_cluster:ORG-C00563	org	טעאַטער-סטודיע		org_cluster	ORG-C00563		matched		plays	
venue:UV-0057	venue	יוקליד עוועניו טעמפּל					unmatched		plays	
person:UP-0278	person	שיע געשקין					unmatched		plays	
org_cluster:ORG-C01560	org	דראַמאָטישער גרופּע		org_cluster	ORG-C01560		matched		plays	
org_cluster:ORG-C02346	org	דראַמע-סענטער		org_cluster	ORG-C02346		matched		plays	
person:UP-0279	person	ש. אַנסקי					unmatched		plays	
person:3611	person	שלמה שמולעוויטש		people_db	3611	entry_person_id:P-6-facs_454_tr_1747930319	matched		plays	"{""entry_type"": ""writer"", ""volume"": ""6"", ""span"": ""5741-5751"", ""birth_date"": ""1868-04-13"", ""death_date"": ""1943-01-01""}"
person:2910	person	שמואל שאפנער	Shmuel Shefner	people_db	2910	entry_person_id:P-6-facs_45_tr_1747746110	matched	upgraded from person_entry:P-6-facs_45_tr_1747746110	plays	"{""entry_type"": ""performer"", ""volume"": ""6"", ""span"": ""4924-4924"", ""birth_date"": ""1895-06-18"", ""credit"": ""ש. ע.""}"
person:UP-0280	person	אָננאַ יאָקובאָוויטש					unmatched		plays	
org_cluster:ORG-C02367	org	איקוט		org_cluster	ORG-C02367		matched		plays	
person:2283	person	אָליא ליבערט-לובאָצקי	Olya Libert-Lubotski	people_db	2283	entry_person_id:P-6-facs_467_tr_1747930274	matched		plays	"{""entry_type"": ""performer"", ""volume"": ""6"", ""span"": ""5768-5768"", ""credit"": ""ש. און מ. ע.""}"
person:UP-0281	person	דער ליטוואָק					unmatched		plays	
person:3638	person	ישעיה גוטמאַן		people_db	3638	entry_person_id:P-1-facs_251_tr_1741260212	matched		plays	"{""entry_type"": ""other"", ""volume"": ""1"", ""span"": ""470-470""}"
person:UP-0282	person	חבר האָראָוויץ					unmatched		plays	
org:110	org	ארטעף	Artef Theatre	org_core_db	110		matched		plays	
person:UP-0283	person	אברהם האָראָוויץ					unmatched		plays	
venue:UV-0058	venue	מערקורי טעאַטער					unmatched		plays	
play:NEW-0106	play	דער נייער אַליהו הנביא					unmatched		plays	
person:UP-0284	person	זעלדע לערנער					unmatched		plays	
person:UP-0285	person	ליובאַ רימער					unmatched		plays	
org_cluster:ORG-C02377	org	יידישער טעאַטער אַנסאַמבל		org_cluster	ORG-C02377		matched		plays	
venue:UV-0059	venue	באַרביזאַן פלאַזאַ טעאַטער					unmatched		plays	
person:UP-0286	person	גאָלדע ראָזלער					unmatched		plays	
person:UP-0287	person	הערשל ראָזען					unmatched		plays	
person:1439	person	לייוויק כאַנוקאָוו	Leivik Chanukoff	people_db	1439	entry_person_id:P-6-facs_50_tr_1747746182	matched		plays	"{""entry_type"": ""writer"", ""volume"": ""6"", ""span"": ""4933-4933"", ""birth_date"": ""1892-02-03"", ""death_date"": ""1958-09-25""}"
play:NEW-0107	play	נאָטקע דער גנב					unmatched		plays	
person:1634	person	שמשון פערשט	Shimshon Fersht	people_db	1634	entry_person_id:P-6-facs_50_tr_1747746193	matched		plays	"{""entry_type"": ""performer"", ""volume"": ""6"", ""span"": ""4934-4937"", ""birth_date"": ""1886""}"
person:3620	person	יעקב שייפער (סופר)		people_db	3620	entry_person_id:P-6-facs_538_r_3	matched		plays	"{""entry_type"": ""composer"", ""volume"": ""6"", ""span"": ""5909-5961"", ""birth_date"": ""1888-10-13"", ""death_date"": ""1936-12-01"", ""credit"": ""ש. ע. פֿון לאה שייפער און יהודה מאָלעק.""}"
person:UP-0288	person	הלל צייטלין					unmatched		plays	
person:1711	person	אַרי פורמאַן	Ari Fuhrman	people_db	1711	entry_person_id:P-5-facs_605_r_101	matched		plays	"{""entry_type"": ""performer"", ""volume"": ""5"", ""span"": ""13-13"", ""birth_date"": ""1924""}"
org:UO-0045	org	יוגנטלעכער טעאַטער-סטודיע					unmatched		plays	
venue:UV-0060	venue	יידישער קולטור אָרגאַניזאַציע					unmatched		plays	
org_cluster:ORG-C07121	org	נייע טעאַטער		org_cluster	ORG-C07121		matched		plays	
person:UP-0289	person	חנה אָפּעל					unmatched		plays	
person:UP-0290	person	סאָניאַ גורסקאַ					unmatched		plays	
person:2805	person	גרשון רובין	Gershon Rubin	people_db	2805	entry_person_id:P-4-facs_249_tr_1754998575	matched		plays	"{""entry_type"": ""performer"", ""volume"": ""4"", ""span"": ""2901-2905"", ""birth_date"": ""1878-04"", ""death_date"": ""1932-05-28"", ""credit"": ""מ. ע. און מ. ע. פֿון יוסף רומשינסקי.""}"
person:3146	person	ליזאַ וואַראָן	Liza Varon	people_db	3146	entry_person_id:P-1-facs_347_TextRegion_1710166960652_499	matched		plays	"{""entry_type"": ""performer"", ""volume"": ""1"", ""span"": ""662-662"", ""birth_date"": ""1894"", ""credit"": ""ש. ע.""}"
person:UP-0291	person	מים זילבערט					unmatched		plays	
person:2838	person	בערנאַרד סאַוער (בערל זאַבלאָצקי)	Bernard Sauer	people_db	2838	entry_person_id:P-6-facs_56_r_17	matched		plays	"{""entry_type"": ""performer"", ""volume"": ""6"", ""span"": ""4945-4945"", ""birth_date"": ""1924-09-02"", ""credit"": ""ש. ע.""}"
person:2159	person	לואיס קרעמער	Louis Kremer	people_db	2159	entry_person_id:P-6-facs_60_tr_1747746173	matched	upgraded from person_entry:P-6-facs_60_tr_1747746173	plays	"{""entry_type"": ""performer"", ""volume"": ""6"", ""span"": ""4954-4957"", ""birth_date"": ""1878-09-22"", ""death_date"": ""1964-05-09"", ""credit"": ""ש. ע. און מ. ע. פֿון טשאַרלז קאָהען.""}"
person:UP-0292	person	בצלאָל גרינבערג					unmatched		plays	
person:2796	person	אברהם ראָזענבוים	Avraham Rozenboym	people_db	2796	entry_person_id:P-6-facs_60_tr_1747746188	matched	upgraded from person_entry:P-6-facs_60_tr_1747746188	plays	"{""entry_type"": ""performer"", ""volume"": ""6"", ""span"": ""4953-4953"", ""birth_date"": ""1911-02-02"", ""credit"": ""ש. ע.""}"
person:2603	person	סעם אָסטראָווסקי (שמואל)	Samuel Ostrowsky	people_db	2603	entry_person_id:P-6-facs_611_r_33	matched		plays	"{""entry_type"": ""other"", ""volume"": ""6"", ""span"": ""6056-6056"", ""credit"": ""ש. ע. פֿון וויליאם מערקור.""}"
person:1381	person	דזשאַנעט בּראַנדט	Janet Brandt	people_db	1381	entry_person_id:P-6-facs_611_tr_1747930592	matched		plays	"{""entry_type"": ""performer"", ""volume"": ""6"", ""span"": ""6055-6055"", ""birth_date"": ""1914"", ""credit"": ""מ. און ש. ע.""}"
org_cluster:ORG-C02455	org	ניו פלעיהאַוז		org_cluster	ORG-C02455		matched		plays	
org:UO-0046	org	הסתדרות העברית					unmatched		plays	
org:193	org	באַגאַטעלאַ טעאַטער	Bagatela Theatre	org_core_db	193		matched		plays	
venue:UV-0061	venue	שטאָטישער יידישער מיטלשול					unmatched		plays	
play:NEW-0108	play	רב עקיבא					unmatched		plays	
person:UP-0293	person	פֿיינערמאָן					unmatched		plays	
org_cluster:ORG-C02468	org	ביוראָ פֿאַר יידישער דערציאונג		org_cluster	ORG-C02468		matched		plays	
person:2604	person	פריידעלע (אוישער)	Fraydele Oysher	people_db	2604	entry_person_id:P-6-facs_643_tr_1747930524	matched		plays	"{""entry_type"": ""performer"", ""volume"": ""6"", ""span"": ""6119-6120"", ""credit"": ""מ. ע.""}"
place:Q991279	place	ברוינזוויל	Brownsville	wikidata_qid	Q991279	"{""kima_id"": ""12357"", ""lat"": ""40.660653"", ""lon"": ""-73.910781""}"	matched		plays	
person_entry:P-6-facs_656_r	person	דזשעני וויינבערג		entry_person_id	P-6-facs_656_r		matched		plays	"{""entry_type"": ""administrator"", ""volume"": ""6"", ""span"": ""8-8""}"
person:UP-0294	person	מוסאָגאָרסקיס					unmatched		plays	
person:2764	person	מרדכי ריוועסמאַן	Mordechai Rivesman	people_db	2764	entry_person_id:P-6-facs_68_tr_1747746105	matched		plays	"{""entry_type"": ""writer"", ""volume"": ""6"", ""span"": ""4969-4970"", ""birth_date"": ""1868"", ""death_date"": ""1924-05-09""}"
org:1301	org	"פֿ'ג „עזראַ"""		org_core_db	1301		matched		plays	
person:1187	person	פאָליאַ אש-אווערבוך (פעסיע זלבערשטיין)	Pola Ash-Averbuch	people_db	1187	entry_person_id:P-6-facs_69_r_13	matched		plays	"{""entry_type"": ""performer"", ""volume"": ""6"", ""span"": ""4972-4972"", ""birth_date"": ""1897"", ""death_date"": ""1963"", ""credit"": ""ש. ע. פֿון איר טאָכטער חיהלע אַש-פֿאַרמאַן.""}"
org:1579	org	לעאָן ליבגאָלד ליליאַנאַ-אַנסאַמבל	לעאָן ליבגאָלד ליליאַנאַ-אַנסאַמבל	org_core_db	1579		matched		plays	
person:3088	person	שמעון טרייבוש	Shimen Treibush	people_db	3088	entry_person_id:P-6-facs_74_tr_1747746112	matched		plays	"{""entry_type"": ""performer"", ""volume"": ""6"", ""span"": ""4982-4984"", ""birth_date"": ""1898-01-14"", ""credit"": ""מ. ע.""}"
org_cluster:ORG-C01775	org	וו. פּ. אַ-טעאַטער-פּראָיעקט		org_cluster	ORG-C01775		matched		plays	
person:3793	person	וויליאַם שוואַרץ		people_db	3793	entry_person_id:P-6-facs_78_tr_1747746119	matched		plays	"{""entry_type"": ""performer"", ""volume"": ""6"", ""span"": ""4990-4992"", ""birth_date"": ""1894-10-31""}"
org:747	org	טעאַטער עקסעלסיאָר	טעאַטער עקסעלסיאָר	org_core_db	747		matched		plays	
place:UPL-0014	place	בוענאָס אַרעס					unmatched		plays	
person:3576	person	גוסטאַוו בּערגער (גרשון לענבּערגער)		people_db	3576	entry_person_id:P-6-facs_31_r_1	matched		plays	"{""entry_type"": ""performer"", ""volume"": ""6"", ""span"": ""4891-4898"", ""birth_date"": ""1910"", ""death_date"": ""1958-10-18"", ""credit"": ""ש. ע. פֿון זלמן זילבערצווייג.""}"
person:UP-0295	person	זאָלאָטאָרעווסקי					unmatched		plays	
org:UO-0047	org	די ליטעראַרישע טרופּע					unmatched		plays	
place:UPL-0015	place	שאַהי-נאַד-וואַהאַם					unmatched		plays	
person:3595	person	זכריה פראַנצאָז (פראַנקאָווסקי)		people_db	3595	entry_person_id:P-6-facs_90_r_2	matched	upgraded from person_entry:P-6-facs_90_r_2	plays	"{""entry_type"": ""performer"", ""volume"": ""6"", ""span"": ""5013-5016"", ""birth_date"": ""1893-05-01"", ""credit"": ""ש. ע. און מ. ע. פֿון משה דיסלער.""}"
person:UP-0296	person	א. ג. קאָמפּאַנעעץ					unmatched		plays	
person:1070	person	זשיטאמירסקי	Zitomirsky	people_db	1070	entry_person_id:P-6-facs_93_r_66	matched	upgraded from person_entry:P-6-facs_93_r_66	plays	
person:1507	person	יצחק דאגים	Yitskhok Dogim	people_db	1507	entry_person_id:P-6-facs_95_tr_1747746124	matched		plays	"{""entry_type"": ""performer"", ""volume"": ""6"", ""span"": ""5024-5025"", ""birth_date"": ""1908-04-01"", ""credit"": ""ש. ע.""}"
org:1286	org	יידישן מלוכה-טעאַטער		org_core_db	1286		matched		plays	
person:2962	person	משה שווייליך	Moshe Shveylikh	people_db	2962	entry_person_id:P-6-facs_98_tr_1747746102	matched		plays	"{""entry_type"": ""performer"", ""volume"": ""6"", ""span"": ""5029-5029"", ""birth_date"": ""1910-12-22"", ""credit"": ""ש. ע.""}"
org:UO-0048	org	יידישן טעאַטער אין נידער-שלעזיען					unmatched		plays	
place:UPL-0016	place	נידער-שלעזיען					unmatched		plays	
person:3651	person	פאי זאַסלאַווסקי		people_db	3651	entry_person_id:P-7-facs_105_r_2	matched		plays	"{""entry_type"": ""performer"", ""volume"": ""7"", ""span"": ""6349-6351"", ""birth_date"": ""1901"", ""credit"": ""ש. ע. פֿון מאַרק לעציקער.""}"
person:2524	person	ז.ג. מוראָוואַנא	Z.G. Murovane	people_db	2524	entry_person_id:P-7-facs_108_r_5	matched		plays	"{""entry_type"": ""performer"", ""volume"": ""7"", ""span"": ""6355-6355""}"
org_cluster:ORG-C00346	org	כאַרקאָווער טעאַטער		org_cluster	ORG-C00346		matched		plays	
person:2138	person	סאָניאַ קאָפעלמאַן (יאָפע)	Sonia Kopelman	people_db	2138	entry_person_id:P-7-facs_10_r_7	matched		plays	"{""entry_type"": ""performer"", ""volume"": ""7"", ""span"": ""6140-6140"", ""birth_date"": ""1903"", ""credit"": ""ש. ע. פֿון יהושע ליובאָמירסקי.""}"
org_cluster:ORG-C00016	org	יידיש אַרבעטער-טעאַטער		org_cluster	ORG-C00016		matched		plays	
person:2136	person	יאָסעף קאָפעלמאַן	Joseph Kopelman	people_db	2136	entry_person_id:P-7-facs_10_tr_1756280321	matched		plays	"{""entry_type"": ""performer"", ""volume"": ""7"", ""span"": ""6139-6139"", ""birth_date"": ""1893"", ""credit"": ""ש. ע. פֿון יהושע ליובאָמירסקי.""}"
org_cluster:ORG-C00010	org	ראַפּעלס טרופּע		org_cluster	ORG-C00010		matched		plays	
person:1260	person	מ. בערענזאָן	M. Berenson	people_db	1260	entry_person_id:P-7-facs_11_tr_1756280381	matched		plays	"{""entry_type"": ""theatre"", ""volume"": ""7"", ""span"": ""6141-6141""}"
org:UO-0049	org	אָרטיקע אַמאַטאָרן					unmatched		plays	
place:Q3183	place	לידערוויל	Leederville	wikidata_qid	Q3183	"{""kima_id"": """", ""lat"": """", ""lon"": """"}"	matched		plays	
org:UO-0050	org	יידיש-העברעישע בימה, פּערט					unmatched		plays	
org:474	org	פֿאַרייניקטע דראַמאַטישע קאָמפּאָניע	פֿאַרייניקטע דראַמאַטישע קאָמפּאָניע	org_core_db	474		matched		plays	
org_cluster:ORG-C00038	org	יידישן מלוכןן טעאַטער א'נ פֿון אַסתר-רחל קאמינסקאַ		org_cluster	ORG-C00038		matched		plays	
person:3102	person	הענריק צייזעל	Henrik Tseyzl	people_db	3102	entry_person_id:P-7-facs_14_tr_1756389602	matched		plays	"{""entry_type"": ""director_regisseur"", ""volume"": ""7"", ""span"": ""6147-6147"", ""birth_date"": ""1914"", ""credit"": ""ש. ע. און ש. ע. פֿון מאיר מעלמאַן.""}"
person:UP-0297	person	קלמן יוווילער					unmatched		plays	
org:578	org	טרופּע פֿון קלמן יוווילער	טרופּע פֿון יאָוועליר	org_core_db	578		matched		plays	
person:2095	person	איזידאָר קאַַטץ (יצחק-קלמן)	Izidor Katz	people_db	2095	entry_person_id:P-7-facs_23_tr_1756894461	matched		plays	"{""entry_type"": ""writer"", ""volume"": ""7"", ""span"": ""6167-6167"", ""credit"": ""ש. ע. פֿון י. קאַראָ.""}"
org:525	org	לעמבערגער יידישן טעאַטער	לוואָווער יידישן מלוכה-טעאַטער	org_core_db	525		matched		plays	
person:1593	person	שמעון ערנסט	Shimeon Ernst	people_db	1593	entry_person_id:P-2-facs_408_tr_1744366805	matched		plays	"{""entry_type"": ""writer"", ""volume"": ""2"", ""span"": ""1600-1600"", ""birth_date"": ""1900-08-04""}"
org:UO-0051	org	"דייטש-יידישן הילפס-פֿאַריין ""עזרה"""					unmatched		plays	
org_cluster:ORG-C00141_Q01	org	ניי-אַזאַזעל		org_cluster	ORG-C00141_Q01		matched		plays	
play:NEW-0109	play	דיבוק-					unmatched		plays	
person:2125	person	נתן קלינגער	Nathan Klinger	people_db	2125	entry_person_id:P-7-facs_43_tr_1756359812	matched		plays	"{""entry_type"": ""performer"", ""volume"": ""7"", ""span"": ""6127-6223"", ""birth_date"": ""1893"", ""death_date"": ""1968-10-05"", ""credit"": ""ש. ע.""}"
person:3640	person	לייזער קאַלמאַנאָוויטש		people_db	3640	entry_person_id:P-7-facs_50_tr_1756359800	matched		plays	"{""entry_type"": ""performer"", ""volume"": ""7"", ""span"": ""6235-6238"", ""birth_date"": ""1883"", ""death_date"": ""1946"", ""credit"": ""ש. ע. פֿון יהושע ליובאמירסקי.""}"
person:2789	person	סאָלאָמאָן ראַטשטיין (שלמה)	Solomon Rotshteyn	people_db	2789	entry_person_id:P-7-facs_62_r_7	matched		plays	"{""entry_type"": ""other"", ""volume"": ""7"", ""span"": ""6260-6261"", ""birth_date"": ""1869-07-20"", ""death_date"": ""1931-07-03""}"
org_cluster:ORG-C00325	org	זשיגניצאָ-טעאַטער		org_cluster	ORG-C00325		matched		plays	
person:1630	person	פעלדמאַן	Feldman	people_db	1630	entry_person_id:P-7-facs_63_tr_1756359790	matched		plays	"{""entry_type"": ""performer"", ""volume"": ""7"", ""span"": ""6262-6262"", ""credit"": ""מ. ע. פֿון איזידאָר זאָלאַסאַרעווסקי.""}"
person:2396	person	בער מרגליות	Ber Margolius	people_db	2396	entry_person_id:P-7-facs_72_tr_1757228897	matched		plays	"{""entry_type"": ""writer"", ""volume"": ""7"", ""span"": ""6280-6280"", ""birth_date"": ""1887"", ""death_date"": ""1958-05-04""}"
place:Q4408930	place	סאָסאָוו		wikidata_qid	Q4408930		matched		plays	
person:3417	person	זעלדע זלאַטין	Zelda Zlatin	people_db	3417	entry_person_id:P-7-facs_74_r_3	matched	upgraded from person_entry:P-7-facs_74_r_3	plays	
person:UP-0298	person	מאַקסים בראָדין					unmatched		plays	
person:1457	person	רודאָלף כריסטיאַניס	Christian	people_db	1457	entry_person_id:P-7-facs_78_tr_1757228901	matched		plays	"{""entry_type"": ""performer"", ""volume"": ""7"", ""span"": ""6292-6293""}"
person_entry:P-7-facs_81_r_7	person	קאָרנפעלד, לעאָן		entry_person_id	P-7-facs_81_r_7		matched		plays	"{""entry_type"": ""performer"", ""volume"": ""7"", ""span"": ""6297-6298"", ""credit"": ""ש. ע.""}"
org:1528	org	קאַנקאָרדיאָ		org_core_db	1528		matched		plays	
place:Q406	place	סטאמבול	Istanbul	wikidata_qid	Q406	"{""kima_id"": ""533"", ""lat"": ""41.010000"", ""lon"": ""28.960278""}"	matched		plays	
person:1660	person	בערנארד פישמאַן	Bernard Fishman	people_db	1660	entry_person_id:P-7-facs_84_r_2	matched		plays	"{""entry_type"": ""performer"", ""volume"": ""7"", ""span"": ""6303-6303"", ""birth_date"": ""1866"", ""credit"": ""ש. ע.""}"
place:Q159	place	רוסלאנד	Russia	wikidata_qid	Q159	"{""kima_id"": ""10740"", ""lat"": """", ""lon"": """"}"	matched		plays	
person:3634	person	אברהם פישזאָן		people_db	3634	entry_person_id:P-7-facs_87_r	matched		plays	"{""entry_type"": ""performer"", ""volume"": ""7"", ""span"": ""6312-6342"", ""birth_date"": ""1843"", ""death_date"": ""1922-01"", ""credit"": ""ש. ע. פֿון זלמן זילבערצווייג.""}"
play:NEW-0110	play	איין טאָכטער פֿון ירושלים					unmatched		plays	
event:EV-0001	production_event		premiere 1877				matched		plays	
event:EV-0002	production_event		production 1878				matched		plays	
event:EV-0003	production_event		production 1886				matched		plays	
event:EV-0004	production_event		production 1913				matched		plays	
event:EV-0005	production_event		production 1887				matched		plays	
event:EV-0006	production_event		production 1887				matched		plays	
event:EV-0007	production_event		production 1887				matched		plays	
event:EV-0008	production_event		production 1887				matched		plays	
event:EV-0009	production_event		production 1901				matched		plays	
event:EV-0010	production_event		production 1902				matched		plays	
event:EV-0011	production_event		production 1902				matched		plays	
event:EV-0012	production_event		production 1902				matched		plays	
event:EV-0013	production_event		production 1904				matched		plays	
event:EV-0014	production_event		production 1904				matched		plays	
event:EV-0015	production_event		production 1928				matched		plays	
event:EV-0016	production_event		premiere 1876				matched		plays	
event:EV-0017	production_event		production 1881				matched		plays	
event:EV-0018	production_event		production 1884				matched		plays	
event:EV-0019	production_event		production 1884				matched		plays	
event:EV-0020	production_event		production 1884				matched		plays	
event:EV-0021	production_event		production 1884				matched		plays	
event:EV-0022	production_event		production 1884				matched		plays	
event:EV-0023	production_event		production 1887				matched		plays	
event:EV-0024	production_event		production 1887				matched		plays	
event:EV-0025	production_event		production 1888				matched		plays	
event:EV-0026	production_event		production 1888				matched		plays	
event:EV-0027	production_event		production 1888				matched		plays	
event:EV-0028	production_event		production 1889				matched		plays	
event:EV-0029	production_event		production 1890				matched		plays	
event:EV-0030	production_event		production 1890				matched		plays	
event:EV-0031	production_event		production 1890				matched		plays	
event:EV-0032	production_event		production 1891				matched		plays	
event:EV-0033	production_event		production 1887				matched		plays	
event:EV-0034	production_event		production 1887				matched		plays	
event:EV-0035	production_event		production 1888				matched		plays	
event:EV-0036	production_event		production 1889				matched		plays	
event:EV-0037	production_event		production 1889				matched		plays	
event:EV-0038	production_event		production 1890				matched		plays	
event:EV-0039	production_event		production 1890				matched		plays	
event:EV-0040	production_event		production 1890				matched		plays	
event:EV-0041	production_event		production 1891				matched		plays	
event:EV-0042	production_event		production 1891				matched		plays	
event:EV-0043	production_event		production 1892				matched		plays	
event:EV-0044	production_event		production 1892				matched		plays	
event:EV-0045	production_event		production 1892				matched		plays	
event:EV-0046	production_event		production 1893				matched		plays	
event:EV-0047	production_event		production 1893				matched		plays	
event:EV-0048	production_event		production 1893				matched		plays	
event:EV-0049	production_event		production 1894				matched		plays	
event:EV-0050	production_event		production 1894				matched		plays	
event:EV-0051	production_event		production 1894				matched		plays	
event:EV-0052	production_event		production 1895				matched		plays	
event:EV-0053	production_event		production 1895				matched		plays	
event:EV-0054	production_event		production 1895				matched		plays	
event:EV-0055	production_event		production 1896				matched		plays	
event:EV-0056	production_event		production 1896				matched		plays	
event:EV-0057	production_event		production 1896				matched		plays	
event:EV-0058	production_event		production 1896				matched		plays	
event:EV-0059	production_event		production 1897				matched		plays	
event:EV-0060	production_event		production 1897				matched		plays	
event:EV-0061	production_event		production 1897				matched		plays	
event:EV-0062	production_event		production 1897				matched		plays	
event:EV-0063	production_event		production 1897				matched		plays	
event:EV-0064	production_event		production 1897				matched		plays	
event:EV-0065	production_event		production 1897				matched		plays	
event:EV-0066	production_event		production 1897				matched		plays	
event:EV-0067	production_event		production 1898				matched		plays	
event:EV-0068	production_event		production 1899				matched		plays	
event:EV-0069	production_event		production 1899				matched		plays	
event:EV-0070	production_event		production 1899				matched		plays	
event:EV-0071	production_event		production 1899				matched		plays	
event:EV-0072	production_event		production 1900				matched		plays	
event:EV-0073	production_event		production 1900				matched		plays	
event:EV-0074	production_event		production 1891				matched		plays	
event:EV-0075	production_event		production 1892				matched		plays	
event:EV-0076	production_event		production 1892				matched		plays	
event:EV-0077	production_event		production 1892				matched		plays	
event:EV-0078	production_event		production 1892				matched		plays	
event:EV-0079	production_event		production 1893				matched		plays	
event:EV-0080	production_event		production 1894				matched		plays	
event:EV-0081	production_event		production 1894				matched		plays	
event:EV-0082	production_event		production 1895				matched		plays	
event:EV-0083	production_event		production 1895				matched		plays	
event:EV-0084	production_event		production 1895				matched		plays	
event:EV-0085	production_event		production 1896				matched		plays	
event:EV-0086	production_event		production 1898				matched		plays	
event:EV-0087	production_event		production 1896				matched		plays	
event:EV-0088	production_event		production 1897				matched		plays	
event:EV-0089	production_event		production 1897				matched		plays	
event:EV-0090	production_event		production 1898				matched		plays	
event:EV-0091	production_event		production 1898				matched		plays	
event:EV-0092	production_event		production 1898				matched		plays	
event:EV-0093	production_event		production 1899				matched		plays	
event:EV-0094	production_event		production 1899				matched		plays	
event:EV-0095	production_event		production 1900				matched		plays	
event:EV-0096	production_event		production 1901				matched		plays	
event:EV-0097	production_event		production 1901				matched		plays	
event:EV-0098	production_event		premiere 1903				matched		plays	
event:EV-0099	production_event		production 1903				matched		plays	
event:EV-0100	production_event		production 1907				matched		plays	
event:EV-0101	production_event		production 1926				matched		plays	
event:EV-0102	production_event		production 1908				matched		plays	
event:EV-0103	production_event		production 1908				matched		plays	
event:EV-0104	production_event		production 1908				matched		plays	
event:EV-0105	production_event		production 1910				matched		plays	
event:EV-0106	production_event		production 1912				matched		plays	
event:EV-0107	production_event		production 1913				matched		plays	
event:EV-0108	production_event		production 1913				matched		plays	
event:EV-0109	production_event		production 1914				matched		plays	
event:EV-0110	production_event		production 1915				matched		plays	
event:EV-0111	production_event		production 1916				matched		plays	
event:EV-0112	production_event		production 1916				matched		plays	
event:EV-0113	production_event		production 1918				matched		plays	
event:EV-0114	production_event		production 1921				matched		plays	
event:EV-0115	production_event		production 1923				matched		plays	
event:EV-0116	production_event		production 1925				matched		plays	
event:EV-0117	production_event		production 1927				matched		plays	
event:EV-0118	production_event		production 1928				matched		plays	
event:EV-0119	production_event		production 1930				matched		plays	
event:EV-0120	production_event		production 1860				matched		plays	
event:EV-0121	production_event		production 1895				matched		plays	
event:EV-0122	production_event		production 1889				matched		plays	
event:EV-0123	production_event		production 1927				matched		plays	
event:EV-0124	production_event		production 1927				matched		plays	
event:EV-0125	production_event		production 1929				matched		plays	
event:EV-0126	production_event		production 1854				matched		plays	
event:EV-0127	production_event		production 				matched		plays	
event:EV-0128	production_event		production 1910				matched		plays	
event:EV-0129	production_event		production 1891				matched		plays	
event:EV-0130	production_event		production 1883				matched		plays	
event:EV-0131	production_event		production 1883				matched		plays	
event:EV-0132	production_event		production 				matched		plays	
event:EV-0133	production_event		production 				matched		plays	
event:EV-0134	production_event		production 1892				matched		plays	
event:EV-0135	production_event		production 1894				matched		plays	
event:EV-0136	production_event		production 1894				matched		plays	
event:EV-0137	production_event		production 				matched		plays	
event:EV-0138	production_event		production 1898				matched		plays	
event:EV-0139	production_event		production 1899				matched		plays	
event:EV-0140	production_event		production 1903				matched		plays	
event:EV-0141	production_event		production 1893				matched		plays	
event:EV-0142	production_event		production 1920				matched		plays	
event:EV-0143	production_event		production 1907				matched		plays	
event:EV-0144	production_event		production 1894				matched		plays	
event:EV-0145	production_event		production 1896				matched		plays	
event:EV-0146	production_event		production 				matched		plays	
event:EV-0147	production_event		production 1889				matched		plays	
event:EV-0148	production_event		production 				matched		plays	
event:EV-0149	production_event		production 				matched		plays	
event:EV-0150	production_event		production 				matched		plays	
event:EV-0151	production_event		production 				matched		plays	
event:EV-0152	production_event		production 				matched		plays	
event:EV-0153	production_event		production 1912				matched		plays	
event:EV-0154	production_event		production 1878				matched		plays	
event:EV-0155	production_event		production 1926				matched		plays	
event:EV-0156	production_event		production 				matched		plays	
event:EV-0157	production_event		production 1924				matched		plays	
event:EV-0158	production_event		production 1904				matched		plays	
event:EV-0159	production_event		production 1923				matched		plays	
event:EV-0160	production_event		production 1894				matched		plays	
event:EV-0161	production_event		production 1920				matched		plays	
event:EV-0162	production_event		production 1920				matched		plays	
event:EV-0163	production_event		production 1894				matched		plays	
event:EV-0164	production_event		production 1925				matched		plays	
event:EV-0165	production_event		production 1900				matched		plays	
event:EV-0166	production_event		production 1903				matched		plays	
event:EV-0167	production_event		production 1915				matched		plays	
event:EV-0168	production_event		production 1919				matched		plays	
event:EV-0169	production_event		production 1919				matched		plays	
event:EV-0170	production_event		production 1915				matched		plays	
event:EV-0171	production_event		production 1929				matched		plays	
event:EV-0172	production_event		production 1901				matched		plays	
event:EV-0173	production_event		production 1890				matched		plays	
event:EV-0174	production_event		production 1890				matched		plays	
event:EV-0175	production_event		production 1928				matched		plays	
event:EV-0176	production_event		production 1908				matched		plays	
event:EV-0177	production_event		production 1908				matched		plays	
event:EV-0178	production_event		production 1902				matched		plays	
event:EV-0179	production_event		production 1888				matched		plays	
event:EV-0180	production_event		production 1909				matched		plays	
event:EV-0181	production_event		production 1909				matched		plays	
event:EV-0182	production_event		production 1918				matched		plays	
event:EV-0183	production_event		production 				matched		plays	
event:EV-0184	production_event		production 1887				matched		plays	
event:EV-0185	production_event		production 1920				matched		plays	
event:EV-0186	production_event		production 1920				matched		plays	
event:EV-0187	production_event		production 1921				matched		plays	
event:EV-0188	production_event		production 1924				matched		plays	
event:EV-0189	production_event		production 1922				matched		plays	
event:EV-0190	production_event		production 1890				matched		plays	
event:EV-0191	production_event		production 				matched		plays	
event:EV-0192	production_event		production 				matched		plays	
event:EV-0193	production_event		production 1893				matched		plays	
event:EV-0194	production_event		production 1907				matched		plays	
event:EV-0195	production_event		production 1899				matched		plays	
event:EV-0196	production_event		production 1900				matched		plays	
event:EV-0197	production_event		production 1902				matched		plays	
event:EV-0198	production_event		production 1903				matched		plays	
event:EV-0199	production_event		production 1924				matched		plays	
event:EV-0200	production_event		production 1907				matched		plays	
event:EV-0201	production_event		production 1917				matched		plays	
event:EV-0202	production_event		production 1921				matched		plays	
event:EV-0203	production_event		production 1922				matched		plays	
event:EV-0204	production_event		production 1895				matched		plays	
event:EV-0205	production_event		production 1929				matched		plays	
event:EV-0206	production_event		production 1916				matched		plays	
event:EV-0207	production_event		production 1900				matched		plays	
event:EV-0208	production_event		production 1900				matched		plays	
event:EV-0209	production_event		production 1911				matched		plays	
event:EV-0210	production_event		production 1893				matched		plays	
event:EV-0211	production_event		production 1892				matched		plays	
event:EV-0212	production_event		production 1909				matched		plays	
event:EV-0213	production_event		production 1910				matched		plays	
event:EV-0214	production_event		production 				matched		plays	
event:EV-0215	production_event		production 1904				matched		plays	
event:EV-0216	production_event		production 1918				matched		plays	
event:EV-0217	production_event		production 1906				matched		plays	
event:EV-0218	production_event		production 				matched		plays	
event:EV-0219	production_event		production 				matched		plays	
event:EV-0220	production_event		production 1907				matched		plays	
event:EV-0221	production_event		production 1905				matched		plays	
event:EV-0222	production_event		production 1920				matched		plays	
event:EV-0223	production_event		production 1921				matched		plays	
event:EV-0224	production_event		production 1922				matched		plays	
event:EV-0225	production_event		production 1928				matched		plays	
event:EV-0226	production_event		production 1926				matched		plays	
event:EV-0227	production_event		production 1928				matched		plays	
event:EV-0228	production_event		production 1928				matched		plays	
event:EV-0229	production_event		production 1908				matched		plays	
event:EV-0230	production_event		production 				matched		plays	
event:EV-0231	production_event		production 				matched		plays	
event:EV-0232	production_event		production 1896				matched		plays	
event:EV-0233	production_event		production 				matched		plays	
event:EV-0234	production_event		production 				matched		plays	
event:EV-0235	production_event		production 1916				matched		plays	
event:EV-0236	production_event		production 				matched		plays	
event:EV-0237	production_event		production 1890				matched		plays	
event:EV-0238	production_event		production 1891				matched		plays	
event:EV-0239	production_event		production 1892				matched		plays	
event:EV-0240	production_event		production 1893				matched		plays	
event:EV-0241	production_event		production 1894				matched		plays	
event:EV-0242	production_event		production 1894				matched		plays	
event:EV-0243	production_event		production 1895				matched		plays	
event:EV-0244	production_event		production 1895				matched		plays	
event:EV-0245	production_event		production 1900				matched		plays	
event:EV-0246	production_event		production 1901				matched		plays	
event:EV-0247	production_event		production 1901				matched		plays	
event:EV-0248	production_event		production 1902				matched		plays	
event:EV-0249	production_event		production 1903				matched		plays	
event:EV-0250	production_event		production 1908				matched		plays	
event:EV-0251	production_event		production 1908				matched		plays	
event:EV-0252	production_event		production 1899				matched		plays	
event:EV-0253	production_event		production 1913				matched		plays	
event:EV-0254	production_event		production 1913				matched		plays	
event:EV-0255	production_event		production 1914				matched		plays	
event:EV-0256	production_event		production 1914				matched		plays	
event:EV-0257	production_event		production 1918				matched		plays	
event:EV-0258	production_event		production 1930				matched		plays	
event:EV-0259	production_event		production 1932				matched		plays	
event:EV-0260	production_event		production 1904				matched		plays	
event:EV-0261	production_event		production 1910				matched		plays	
event:EV-0262	production_event		production 				matched		plays	
event:EV-0263	production_event		production 1925				matched		plays	
event:EV-0264	production_event		production 1907				matched		plays	
event:EV-0265	production_event		production 1915				matched		plays	
event:EV-0266	production_event		production 1927				matched		plays	
event:EV-0267	production_event		production 1908				matched		plays	
event:EV-0268	production_event		production 1932				matched		plays	
event:EV-0269	production_event		production 1884				matched		plays	
event:EV-0270	production_event		production 1886				matched		plays	
event:EV-0271	production_event		production 1888				matched		plays	
event:EV-0272	production_event		production 1889				matched		plays	
event:EV-0273	production_event		production 1900				matched		plays	
event:EV-0274	production_event		production 1877				matched		plays	
event:EV-0275	production_event		production 1880				matched		plays	
event:EV-0276	production_event		production 1880				matched		plays	
event:EV-0277	production_event		production 1880				matched		plays	
event:EV-0278	production_event		production 1887				matched		plays	
event:EV-0279	production_event		production 1887				matched		plays	
event:EV-0280	production_event		production 1887				matched		plays	
event:EV-0281	production_event		production 1887				matched		plays	
event:EV-0282	production_event		production 1894				matched		plays	
event:EV-0283	production_event		production 1895				matched		plays	
event:EV-0284	production_event		production 1896				matched		plays	
event:EV-0285	production_event		production 1901				matched		plays	
event:EV-0286	production_event		production 1908				matched		plays	
event:EV-0287	production_event		production 1913				matched		plays	
event:EV-0288	production_event		production 1913				matched		plays	
event:EV-0289	production_event		production 1913				matched		plays	
event:EV-0290	production_event		production 1914				matched		plays	
event:EV-0291	production_event		production 				matched		plays	
event:EV-0292	production_event		production 1916				matched		plays	
event:EV-0293	production_event		production 				matched		plays	
event:EV-0294	production_event		production 1921				matched		plays	
event:EV-0295	production_event		production 1925				matched		plays	
event:EV-0296	production_event		production 1928				matched		plays	
event:EV-0297	production_event		production 1928				matched		plays	
event:EV-0298	production_event		production 				matched		plays	
event:EV-0299	production_event		production 1890				matched		plays	
event:EV-0300	production_event		production 1891				matched		plays	
event:EV-0301	production_event		production 1891				matched		plays	
event:EV-0302	production_event		production 1889				matched		plays	
event:EV-0303	production_event		production 1893				matched		plays	
event:EV-0304	production_event		production 1903				matched		plays	
event:EV-0305	production_event		production 1917				matched		plays	
event:EV-0306	production_event		production 1906				matched		plays	
event:EV-0307	production_event		production 1912				matched		plays	
event:EV-0308	production_event		production 1922				matched		plays	
event:EV-0309	production_event		production 1926				matched		plays	
event:EV-0310	production_event		production 1926				matched		plays	
event:EV-0311	production_event		production 1899				matched		plays	
event:EV-0312	production_event		production 1915				matched		plays	
event:EV-0313	production_event		production 1926				matched		plays	
event:EV-0314	production_event		production 1919				matched		plays	
event:EV-0315	production_event		production 1925				matched		plays	
event:EV-0316	production_event		production 				matched		plays	
event:EV-0317	production_event		production 				matched		plays	
event:EV-0318	production_event		production 1904				matched		plays	
event:EV-0319	production_event		production 				matched		plays	
event:EV-0320	production_event		production 1901				matched		plays	
event:EV-0321	production_event		production 1901				matched		plays	
event:EV-0322	production_event		production 				matched		plays	
event:EV-0323	production_event		production 1888				matched		plays	
event:EV-0324	production_event		production 1920				matched		plays	
event:EV-0325	production_event		production 1929				matched		plays	
event:EV-0326	production_event		production 1929				matched		plays	
event:EV-0327	production_event		production 1929				matched		plays	
event:EV-0328	production_event		production 1931				matched		plays	
event:EV-0329	production_event		production 1932				matched		plays	
event:EV-0330	production_event		production 				matched		plays	
event:EV-0331	production_event		production 1905				matched		plays	
event:EV-0332	production_event		production 1926				matched		plays	
event:EV-0333	production_event		production 1918				matched		plays	
event:EV-0334	production_event		production 1910				matched		plays	
event:EV-0335	production_event		production 1881				matched		plays	
event:EV-0336	production_event		production 1881				matched		plays	
event:EV-0337	production_event		production 1896				matched		plays	
event:EV-0338	production_event		production 1908				matched		plays	
event:EV-0339	production_event		production 				matched		plays	
event:EV-0340	production_event		production 1901				matched		plays	
event:EV-0341	production_event		production 1906				matched		plays	
event:EV-0342	production_event		production 1892				matched		plays	
event:EV-0343	production_event		production 1880				matched		plays	
event:EV-0344	production_event		production 1921				matched		plays	
event:EV-0345	production_event		production 1913				matched		plays	
event:EV-0346	production_event		production 1891				matched		plays	
event:EV-0347	production_event		production 1923				matched		plays	
event:EV-0348	production_event		production 1909				matched		plays	
event:EV-0349	production_event		production 1911				matched		plays	
event:EV-0350	production_event		production 1913				matched		plays	
event:EV-0351	production_event		production 1906				matched		plays	
event:EV-0352	production_event		production 1907				matched		plays	
event:EV-0353	production_event		production 1922				matched		plays	
event:EV-0354	production_event		production 1922				matched		plays	
event:EV-0355	production_event		production 1922				matched		plays	
event:EV-0356	production_event		production 1912				matched		plays	
event:EV-0357	production_event		production 1917				matched		plays	
event:EV-0358	production_event		production 1888				matched		plays	
event:EV-0359	production_event		production 1884				matched		plays	
event:EV-0360	production_event		production 1894				matched		plays	
event:EV-0361	production_event		production 1926				matched		plays	
event:EV-0362	production_event		production 1896				matched		plays	
event:EV-0363	production_event		production 1918				matched		plays	
event:EV-0364	production_event		production 1924				matched		plays	
event:EV-0365	production_event		production 1927				matched		plays	
event:EV-0366	production_event		production 1929				matched		plays	
event:EV-0367	production_event		production 1928				matched		plays	
event:EV-0368	production_event		production 1895				matched		plays	
event:EV-0369	production_event		production 1900				matched		plays	
event:EV-0370	production_event		production 1890				matched		plays	
event:EV-0371	production_event		production 				matched		plays	
event:EV-0372	production_event		production 				matched		plays	
event:EV-0373	production_event		production 				matched		plays	
event:EV-0374	production_event		production 				matched		plays	
event:EV-0375	production_event		production 1929				matched		plays	
event:EV-0376	production_event		production 1945				matched		plays	
event:EV-0377	production_event		production 1945				matched		plays	
event:EV-0378	production_event		production 1908				matched		plays	
event:EV-0379	production_event		production 1926				matched		plays	
event:EV-0380	production_event		production 1880				matched		plays	
event:EV-0381	production_event		production 1890				matched		plays	
event:EV-0382	production_event		production 1896				matched		plays	
event:EV-0383	production_event		production 1896				matched		plays	
event:EV-0384	production_event		production 1898				matched		plays	
event:EV-0385	production_event		production 1901				matched		plays	
event:EV-0386	production_event		premiere 1902				matched		plays	
event:EV-0387	production_event		production 1903				matched		plays	
event:EV-0388	production_event		production 1918				matched		plays	
event:EV-0389	production_event		production 1908				matched		plays	
event:EV-0390	production_event		production 1890				matched		plays	
event:EV-0391	production_event		production 1893				matched		plays	
event:EV-0392	production_event		production 1917				matched		plays	
event:EV-0393	production_event		production 				matched		plays	
event:EV-0394	production_event		production 1890				matched		plays	
event:EV-0395	production_event		production 1917				matched		plays	
event:EV-0396	production_event		production 1923				matched		plays	
event:EV-0397	production_event		production 1923				matched		plays	
event:EV-0398	production_event		production 1923				matched		plays	
event:EV-0399	production_event		production 1925				matched		plays	
event:EV-0400	production_event		production 1888				matched		plays	
event:EV-0401	production_event		production 1908				matched		plays	
event:EV-0402	production_event		production 1913				matched		plays	
event:EV-0403	production_event		production 				matched		plays	
event:EV-0404	production_event		production 1920				matched		plays	
event:EV-0405	production_event		production 1917				matched		plays	
event:EV-0406	production_event		production 1921				matched		plays	
event:EV-0407	production_event		production 1927				matched		plays	
event:EV-0408	production_event		production 1927				matched		plays	
event:EV-0409	production_event		production 1945				matched		plays	
event:EV-0410	production_event		production 1914				matched		plays	
event:EV-0411	production_event		production 				matched		plays	
event:EV-0412	production_event		production 1907				matched		plays	
event:EV-0413	production_event		production 1906				matched		plays	
event:EV-0414	production_event		production 1906				matched		plays	
event:EV-0415	production_event		production 1906				matched		plays	
event:EV-0416	production_event		production 1905				matched		plays	
event:EV-0417	production_event		production 1907				matched		plays	
event:EV-0418	production_event		production 1908				matched		plays	
event:EV-0419	production_event		production 1913				matched		plays	
event:EV-0420	production_event		production 1921				matched		plays	
event:EV-0421	production_event		production 1923				matched		plays	
event:EV-0422	production_event		production 1924				matched		plays	
event:EV-0423	production_event		production 1928				matched		plays	
event:EV-0424	production_event		production 1930				matched		plays	
event:EV-0425	production_event		production 1930				matched		plays	
event:EV-0426	production_event		production 1942				matched		plays	
event:EV-0427	production_event		production 1945				matched		plays	
event:EV-0428	production_event		production 1956				matched		plays	
event:EV-0429	production_event		production 1876				matched		plays	
event:EV-0430	production_event		production 1876				matched		plays	
event:EV-0431	production_event		production 1918				matched		plays	
event:EV-0432	production_event		production 1914				matched		plays	
event:EV-0433	production_event		production 1916				matched		plays	
event:EV-0434	production_event		premiere 1912				matched		plays	
event:EV-0435	production_event		production 1919				matched		plays	
event:EV-0436	production_event		production 1922				matched		plays	
event:EV-0437	production_event		production 1923				matched		plays	
event:EV-0438	production_event		production 1927				matched		plays	
event:EV-0439	production_event		production 1911				matched		plays	
event:EV-0440	production_event		production 1920				matched		plays	
event:EV-0441	production_event		production 1921				matched		plays	
event:EV-0442	production_event		production 1945				matched		plays	
event:EV-0443	production_event		production 1903				matched		plays	
event:EV-0444	production_event		production 1908				matched		plays	
event:EV-0445	production_event		production 1905				matched		plays	
event:EV-0446	production_event		production 1898				matched		plays	
event:EV-0447	production_event		production 1917				matched		plays	
event:EV-0448	production_event		production 				matched		plays	
event:EV-0449	production_event		production 				matched		plays	
event:EV-0450	production_event		production 1898				matched		plays	
event:EV-0451	production_event		production 				matched		plays	
event:EV-0452	production_event		production 1921				matched		plays	
event:EV-0453	production_event		production 1909				matched		plays	
event:EV-0454	production_event		production 1959				matched		plays	
event:EV-0455	production_event		production 1960				matched		plays	
event:EV-0456	production_event		production 1892				matched		plays	
event:EV-0457	production_event		production 1920				matched		plays	
event:EV-0458	production_event		production 1889				matched		plays	
event:EV-0459	production_event		production 1892				matched		plays	
event:EV-0460	production_event		production 1896				matched		plays	
event:EV-0461	production_event		production 1898				matched		plays	
event:EV-0462	production_event		production 1898				matched		plays	
event:EV-0463	production_event		production 1912				matched		plays	
event:EV-0464	production_event		production 1914				matched		plays	
event:EV-0465	production_event		production 1915				matched		plays	
event:EV-0466	production_event		production 1917				matched		plays	
event:EV-0467	production_event		production 1918				matched		plays	
event:EV-0468	production_event		production 1896				matched		plays	
event:EV-0469	production_event		production 1896				matched		plays	
event:EV-0470	production_event		production 1911				matched		plays	
event:EV-0471	production_event		production 1887				matched		plays	
event:EV-0472	production_event		production 1890				matched		plays	
event:EV-0473	production_event		production 1900				matched		plays	
event:EV-0474	production_event		production 1900				matched		plays	
event:EV-0475	production_event		production 1900				matched		plays	
event:EV-0476	production_event		production 1901				matched		plays	
event:EV-0477	production_event		production 1909				matched		plays	
event:EV-0478	production_event		production 1914				matched		plays	
event:EV-0479	production_event		production 1923				matched		plays	
event:EV-0480	production_event		production 1878				matched		plays	
event:EV-0481	production_event		production 				matched		plays	
event:EV-0482	production_event		production 				matched		plays	
event:EV-0483	production_event		production 				matched		plays	
event:EV-0484	production_event		production 				matched		plays	
event:EV-0485	production_event		production 1890				matched		plays	
event:EV-0486	production_event		production 1891				matched		plays	
event:EV-0487	production_event		production 1887				matched		plays	
event:EV-0488	production_event		production 				matched		plays	
event:EV-0489	production_event		production 1902				matched		plays	
event:EV-0490	production_event		production 1902				matched		plays	
event:EV-0491	production_event		production 1903				matched		plays	
event:EV-0492	production_event		production 1913				matched		plays	
event:EV-0493	production_event		production 				matched		plays	
event:EV-0494	production_event		production 1945				matched		plays	
event:EV-0495	production_event		production 				matched		plays	
event:EV-0496	production_event		production 				matched		plays	
event:EV-0497	production_event		production 1957				matched		plays	
event:EV-0498	production_event		production 1924				matched		plays	
event:EV-0499	production_event		production 1932				matched		plays	
event:EV-0500	production_event		production 1951				matched		plays	
event:EV-0501	production_event		production 1933				matched		plays	
event:EV-0502	production_event		production 1934				matched		plays	
event:EV-0503	production_event		production 1937				matched		plays	
event:EV-0504	production_event		production 1948				matched		plays	
event:EV-0505	production_event		production 1906				matched		plays	
event:EV-0506	production_event		production 1938				matched		plays	
event:EV-0507	production_event		production 1937				matched		plays	
event:EV-0508	production_event		production 1899				matched		plays	
event:EV-0509	production_event		production 1921				matched		plays	
event:EV-0510	production_event		production 1921				matched		plays	
event:EV-0511	production_event		production 1896				matched		plays	
event:EV-0512	production_event		production 1898				matched		plays	
event:EV-0513	production_event		production 1898				matched		plays	
event:EV-0514	production_event		production 1930				matched		plays	
event:EV-0515	production_event		production 1957				matched		plays	
event:EV-0516	production_event		production 1921				matched		plays	
event:EV-0517	production_event		production 1929				matched		plays	
event:EV-0518	production_event		production 1928				matched		plays	
event:EV-0519	production_event		production 				matched		plays	
event:EV-0520	production_event		production 1939				matched		plays	
event:EV-0521	production_event		production 				matched		plays	
event:EV-0522	production_event		production 1913				matched		plays	
event:EV-0523	production_event		production 1915				matched		plays	
event:EV-0524	production_event		production 1905				matched		plays	
event:EV-0525	production_event		production 1909				matched		plays	
event:EV-0526	production_event		production 1946				matched		plays	
event:EV-0527	production_event		production 1931				matched		plays	
event:EV-0528	production_event		production 1932				matched		plays	
event:EV-0529	production_event		production 1918				matched		plays	
event:EV-0530	production_event		production 1921				matched		plays	
event:EV-0531	production_event		production 1921				matched		plays	
event:EV-0532	production_event		production 1921				matched		plays	
event:EV-0533	production_event		production 1927				matched		plays	
event:EV-0534	production_event		production 1927				matched		plays	
event:EV-0535	production_event		production 1931				matched		plays	
event:EV-0536	production_event		production 				matched		plays	
event:EV-0537	production_event		production 				matched		plays	
event:EV-0538	production_event		production 				matched		plays	
event:EV-0539	production_event		production 				matched		plays	
event:EV-0540	production_event		production 1887				matched		plays	
event:EV-0541	production_event		production 1908				matched		plays	
event:EV-0542	production_event		production 1889				matched		plays	
event:EV-0543	production_event		production 1892				matched		plays	
event:EV-0544	production_event		production 1890				matched		plays	
event:EV-0545	production_event		production 				matched		plays	
event:EV-0546	production_event		production 1902				matched		plays	
event:EV-0547	production_event		production 				matched		plays	
event:EV-0548	production_event		production 1924				matched		plays	
event:EV-0549	production_event		production 1888				matched		plays	
event:EV-0550	production_event		production 				matched		plays	
event:EV-0551	production_event		production 1929				matched		plays	
event:EV-0552	production_event		production 1918				matched		plays	
event:EV-0553	production_event		production 				matched		plays	
event:EV-0554	production_event		production 				matched		plays	
event:EV-0555	production_event		production 				matched		plays	
event:EV-0556	production_event		production 1920				matched		plays	
event:EV-0557	production_event		production 				matched		plays	
event:EV-0558	production_event		production 1914				matched		plays	
event:EV-0559	production_event		production 				matched		plays	
event:EV-0560	production_event		production 				matched		plays	
event:EV-0561	production_event		production 				matched		plays	
event:EV-0562	production_event		production 				matched		plays	
event:EV-0563	production_event		production 				matched		plays	
event:EV-0564	production_event		production 				matched		plays	
event:EV-0565	production_event		production 1900				matched		plays	
event:EV-0566	production_event		production 				matched		plays	
event:EV-0567	production_event		production 1940				matched		plays	
event:EV-0568	production_event		production 1928				matched		plays	
event:EV-0569	production_event		production 				matched		plays	
event:EV-0570	production_event		production 1887				matched		plays	
event:EV-0571	production_event		production 1905				matched		plays	
event:EV-0572	production_event		production 1908				matched		plays	
event:EV-0573	production_event		production 1908				matched		plays	
event:EV-0574	production_event		production 1917				matched		plays	
event:EV-0575	production_event		production 1921				matched		plays	
event:EV-0576	production_event		production 1933				matched		plays	
event:EV-0577	production_event		production 1933				matched		plays	
event:EV-0578	production_event		production 1926				matched		plays	
event:EV-0579	production_event		production 1935				matched		plays	
event:EV-0580	production_event		production 1916				matched		plays	
event:EV-0581	production_event		production 				matched		plays	
event:EV-0582	production_event		production 1933				matched		plays	
event:EV-0583	production_event		production 				matched		plays	
event:EV-0584	production_event		production 				matched		plays	
event:EV-0585	production_event		production 				matched		plays	
event:EV-0586	production_event		production 1924				matched		plays	
event:EV-0587	production_event		production 1924				matched		plays	
event:EV-0588	production_event		production 1924				matched		plays	
event:EV-0589	production_event		production 				matched		plays	
event:EV-0590	production_event		production 				matched		plays	
event:EV-0591	production_event		production 				matched		plays	
event:EV-0592	production_event		production 				matched		plays	
event:EV-0593	production_event		production 1908				matched		plays	
event:EV-0594	production_event		production 1927				matched		plays	
event:EV-0595	production_event		production 1940				matched		plays	
event:EV-0596	production_event		production 1911				matched		plays	
event:EV-0597	production_event		production 1912				matched		plays	
event:EV-0598	production_event		production 1911				matched		plays	
event:EV-0599	production_event		production 				matched		plays	
event:EV-0600	production_event		production 				matched		plays	
event:EV-0601	production_event		production 1911				matched		plays	
event:EV-0602	production_event		production 1912				matched		plays	
event:EV-0603	production_event		production 1916				matched		plays	
event:EV-0604	production_event		production 				matched		plays	
event:EV-0605	production_event		production 				matched		plays	
event:EV-0606	production_event		production 1928				matched		plays	
event:EV-0607	production_event		production 1935				matched		plays	
event:EV-0608	production_event		production 1911				matched		plays	
event:EV-0609	production_event		production 1890				matched		plays	
event:EV-0610	production_event		production 				matched		plays	
event:EV-0611	production_event		production 				matched		plays	
event:EV-0612	production_event		production 1889				matched		plays	
event:EV-0613	production_event		production 1889				matched		plays	
event:EV-0614	production_event		production 1889				matched		plays	
event:EV-0615	production_event		production 1890				matched		plays	
event:EV-0616	production_event		production 1928				matched		plays	
event:EV-0617	production_event		production 1880				matched		plays	
event:EV-0618	production_event		production 1924				matched		plays	
event:EV-0619	production_event		production 				matched		plays	
event:EV-0620	production_event		production 				matched		plays	
event:EV-0621	production_event		production 				matched		plays	
event:EV-0622	production_event		production 				matched		plays	
event:EV-0623	production_event		production 				matched		plays	
event:EV-0624	production_event		production 				matched		plays	
event:EV-0625	production_event		production 				matched		plays	
event:EV-0626	production_event		production 1905				matched		plays	
event:EV-0627	production_event		production 1910				matched		plays	
event:EV-0628	production_event		production 1909				matched		plays	
event:EV-0629	production_event		production 1909				matched		plays	
event:EV-0630	production_event		production 1910				matched		plays	
event:EV-0631	production_event		production 1912				matched		plays	
event:EV-0632	production_event		production 				matched		plays	
event:EV-0633	production_event		production 				matched		plays	
event:EV-0634	production_event		production 				matched		plays	
event:EV-0635	production_event		production 1931				matched		plays	
event:EV-0636	production_event		production 1882				matched		plays	
event:EV-0637	production_event		production 				matched		plays	
event:EV-0638	production_event		production 1966				matched		plays	
event:EV-0639	production_event		production 1909				matched		plays	
event:EV-0640	production_event		production 1947				matched		plays	
event:EV-0641	production_event		production 1956				matched		plays	
event:EV-0642	production_event		production 1956				matched		plays	
event:EV-0643	production_event		production 				matched		plays	
event:EV-0644	production_event		production 				matched		plays	
event:EV-0645	production_event		production 1929				matched		plays	
event:EV-0646	production_event		production 				matched		plays	
event:EV-0647	production_event		production 				matched		plays	
event:EV-0648	production_event		production 				matched		plays	
event:EV-0649	production_event		production 				matched		plays	
event:EV-0650	production_event		production 1907				matched		plays	
event:EV-0651	production_event		production 1920				matched		plays	
event:EV-0652	production_event		production 1945				matched		plays	
event:EV-0653	production_event		production 1945				matched		plays	
event:EV-0654	production_event		production 				matched		plays	
event:EV-0655	production_event		production 				matched		plays	
event:EV-0656	production_event		production 1954				matched		plays	
event:EV-0657	production_event		production 1890				matched		plays	
event:EV-0658	production_event		production 				matched		plays	
event:EV-0659	production_event		production 1905				matched		plays	
event:EV-0660	production_event		production 				matched		plays	
event:EV-0661	production_event		production 1925				matched		plays	
event:EV-0662	production_event		production 1907				matched		plays	
event:EV-0663	production_event		production 				matched		plays	
event:EV-0664	production_event		production 1957				matched		plays	
event:EV-0665	production_event		production 1957				matched		plays	
event:EV-0666	production_event		production 1947				matched		plays	
event:EV-0667	production_event		production 1910				matched		plays	
event:EV-0668	production_event		production 1912				matched		plays	
event:EV-0669	production_event		production 1912				matched		plays	
event:EV-0670	production_event		production 1913				matched		plays	
event:EV-0671	production_event		production 1928				matched		plays	
event:EV-0672	production_event		production 1928				matched		plays	
event:EV-0673	production_event		production 1928				matched		plays	
event:EV-0674	production_event		production 1959				matched		plays	
event:EV-0675	production_event		premiere 1895				matched		plays	
event:EV-0676	production_event		production 1880				matched		plays	
event:EV-0677	production_event		production 1942				matched		plays	
event:EV-0678	production_event		production 1880				matched		plays	
event:EV-0679	production_event		production 1880				matched		plays	
event:EV-0680	production_event		production 1919				matched		plays	
event:EV-0681	production_event		production 1919				matched		plays	
event:EV-0682	production_event		production 				matched		plays	
event:EV-0683	production_event		production 1903				matched		plays	
event:EV-0684	production_event		production 				matched		plays	
person:1096	person	אַּבבּדול	Abdul	people_db	1096	entry_person_id:P-1-facs_17_tr_1713546856	matched		bio	"{""entry_type"": ""performer"", ""volume"": ""1"", ""span"": ""1-1"", ""credit"": ""מ. ע פון א. ג. קאָמפּאַנעיעץ.""}"
person:2585	person	אַדאָלף אַבּערבּערג	Adolf Oberberg	people_db	2585	entry_person_id:P-1-facs_17_tr_1713546845	matched		bio	"{""entry_type"": ""performer"", ""volume"": ""1"", ""span"": ""1-1"", ""birth_date"": ""1888"", ""credit"": ""ש. ע.""}"
person:2588	person	אַלעקסאַדער אַבּערלענדער	Alexander Oberlender	people_db	2588	entry_person_id:P-1-facs_17_r_9	matched		bio	"{""entry_type"": ""administrator"", ""volume"": ""1"", ""span"": ""1-1"", ""birth_date"": ""1854"", ""death_date"": ""1913-10-22"", ""credit"": ""מ. ע פון זיין פרוי""}"
place:UPL-0017	place	יוניענפעלד בית-עולם					unmatched	attestation:unlinked	bio	
person:2587	person	סאָפיע אָבּערלענדער	Sophia Oberlander	people_db	2587	entry_person_id:P-1-facs_17_r_3	matched		bio	"{""entry_type"": ""performer"", ""volume"": ""1"", ""span"": ""2-2"", ""birth_date"": ""1862"", ""death_date"": ""1884-07-29"", ""credit"": ""מ. ע. פון איר שוועגערין.""}"
person:1100	person	יצחק אַבּערמאַן (האַבּער)	Isaac Aberman	people_db	1100	entry_person_id:P-1-facs_17_tr_1713546853	matched		bio	"{""entry_type"": ""performer"", ""volume"": ""1"", ""span"": ""2-2"", ""birth_date"": ""1882-10-07"", ""credit"": ""ש.ע.""}"
person:1101	person	ידא אַבּראַגאַם (פעלטענשטיין)	Ida Abragam	people_db	1101	entry_person_id:P-1-facs_18_r_8_1	matched		bio	"{""entry_type"": ""performer"", ""volume"": ""1"", ""span"": ""3-3"", ""birth_date"": ""1884-07-30""}"
person:1106	person	אַבּראַמאָוו	Abramov	people_db	1106	entry_person_id:P-1-facs_18_TextRegion_1711991809768_2571	matched		bio	"{""entry_type"": ""performer"", ""volume"": ""1"", ""span"": ""3-3""}"
person:1103	person	אַדאָלף אַבּראַמאָוו (אברהם פּערקאָף)	Adolf Abramov	people_db	1103	entry_person_id:P-1-facs_18_r	matched		bio	"{""entry_type"": ""performer"", ""volume"": ""1"", ""span"": ""3-3"", ""birth_date"": ""1860-06-21"", ""death_date"": ""1926-06-20""}"
place:Q903241	place	בראסלעוו	Bratslav	wikidata_qid	Q903241	"{""kima_id"": ""18550"", ""lat"": """", ""lon"": """"}"	candidate		bio	
place:Q303015	place	פאַלטיטשען	Fălticeni	wikidata_qid	Q303015	"{""kima_id"": ""81"", ""lat"": ""47.462500"", ""lon"": ""26.300000""}"	matched		bio	
place:Q56044	place	סאָראַטאָוו	zig-zag bridge	wikidata_qid	Q56044	"{""kima_id"": """", ""lat"": """", ""lon"": """"}"	candidate		bio	
person:1108	person	חיים אַבּראַמאָוויטש	Chaim Abramovitsh	people_db	1108	entry_person_id:P-1-facs_19_r	matched		bio	"{""entry_type"": ""performer"", ""volume"": ""1"", ""span"": ""6-6""}"
place:Q1781	place	בודאפעשט	Budapest	wikidata_qid	Q1781	"{""kima_id"": ""513"", ""lat"": ""47.498333"", ""lon"": ""19.040833""}"	matched		bio	
person:694	person	מאַקס אַבּראַמאָוויטש (מענדל)	Max Abramovich	people_db	694	entry_person_id:P-1-facs_19_r_6	matched		bio	"{""entry_type"": ""performer"", ""volume"": ""1"", ""span"": ""6-6"", ""birth_date"": ""1859"", ""death_date"": ""1905-04-06"", ""credit"": ""מ. ע. פֿון בונע אַבראָמאָוויטש, יעקב קאָצמאַן.""}"
place:Q7971720	place	וואַשיינגטאָן בית-עולם	Washington Cemetery	wikidata_qid	Q7971720	"{""kima_id"": """", ""lat"": """", ""lon"": """"}"	matched		bio	
person:1110	person	אַדאָלף אַבּראמס (אבּראַמאָוויטש)	Adolph Abrams	people_db	1110	entry_person_id:P-1-facs_20_tr_1740515222	matched		bio	"{""entry_type"": ""performer"", ""volume"": ""1"", ""span"": ""7-7"", ""birth_date"": ""1888-02-17"", ""credit"": ""ש. ע.""}"
person:735	person	אייוואַן אַבּראַמסאָן	Ivan Abramson	people_db	735	entry_person_id:P-1-facs_20_tr_1740515229	matched		bio	"{""entry_type"": ""director_regisseur"", ""volume"": ""1"", ""span"": ""8-8"", ""birth_date"": ""1870-09-03"", ""credit"": ""ש. ע.""}"
person:1112	person	ג. אַבּראַמסקי	G. Abramski	people_db	1112	entry_person_id:P-1-facs_20_tr_1740515223	matched		bio	"{""entry_type"": ""writer"", ""volume"": ""1"", ""span"": ""8-8"", ""credit"": ""„גאָלדפאַדען-בוך“, ניו זאָרק 1926, ז. 89.""}"
person:1132	person	סעם אַגעד (שלמה)	Sam Agid	people_db	1132	entry_person_id:P-1-facs_21_tr_1740515222	matched		bio	"{""entry_type"": ""administrator"", ""volume"": ""1"", ""span"": ""9-9"", ""birth_date"": ""1866"", ""death_date"": ""1914-12-16"", ""credit"": ""מ. ע. פֿון זיין טאָכטער, עני קאַפּלאַן, משה שאַמעס, יעקב קירשענבוים, גרשנם באָדער, סעם בלום און משה שאָר.""}"
place:Q219856	place	גראָדעק	Horodok	wikidata_qid	Q219856	"{""kima_id"": """", ""lat"": """", ""lon"": """"}"	matched		bio	
place:Q2341172	place	בית עולם פֿון די יידישע טעאַטריקל אַלייענס	Mount Hebron Cemetery	wikidata_qid	Q2341172	"{""kima_id"": """", ""lat"": """", ""lon"": """"}"	matched		bio	
person:1130	person	אַדאָלפי	Adolfi	people_db	1130	entry_person_id:P-1-facs_21_tr_1740515225	matched		bio	"{""entry_type"": ""writer"", ""volume"": ""1"", ""span"": ""10-10""}"
person:1116	person	בּעני אַדלער	Benny Adler	people_db	1116	entry_person_id:P-1-facs_21_tr_1740515226	matched		bio	"{""entry_type"": ""performer"", ""volume"": ""1"", ""span"": ""10-10"", ""birth_date"": ""1886"", ""credit"": ""ש. ע.""}"
person:1122	person	דזשוליא אַדלער	Julia Adler	people_db	1122	entry_person_id:P-1-facs_22_tr_1740515222	matched		bio	"{""entry_type"": ""performer"", ""volume"": ""1"", ""span"": ""11-11"", ""credit"": ""מ. ע. פֿון סעראַ אַדלער.""}"
person:1129	person	יוזשע אַדלער	Yuzhe Adler	people_db	1129	entry_person_id:P-1-facs_22_tr_1740515225	matched		bio	"{""entry_type"": ""performer"", ""volume"": ""1"", ""span"": ""11-11"", ""credit"": ""מ. ע. פֿון דוד חורש און יאָזעף וויינשטאָק.""}"
place:UPL-0018	place	אונגאָרן					unmatched	no_attestation	bio	
place:Q4285547	place	אַרבעטער-רינג סעמעטערי	Mount Carmel Cemetery	wikidata_qid	Q4285547	"{""kima_id"": """", ""lat"": """", ""lon"": """"}"	matched		bio	
person:1128	person	ירמיהו אַדלער (גאָלדענבּערג-טווערסקי)	Yirmeyahu Adler	people_db	1128	entry_person_id:P-1-facs_30_TextRegion_1709402283554_1191	matched		bio	"{""entry_type"": ""performer"", ""volume"": ""1"", ""span"": ""28-28"", ""birth_date"": ""1881-10-03"", ""credit"": ""מ. ע.""}"
place:Q2529	place	24סטן אפריל	April 24	wikidata_qid	Q2529	"{""kima_id"": """", ""lat"": """", ""lon"": """"}"	candidate		bio	
person:1127	person	סטעלאַ אַדלער	Stella Adler	people_db	1127	entry_person_id:P-1-facs_31_TextRegion_1710063786700_90	matched		bio	"{""entry_type"": ""performer"", ""volume"": ""1"", ""span"": ""29-29"", ""birth_date"": ""1903-02-10"", ""credit"": ""ש. ע.""}"
place:Q219836	place	זוויעניגראָדקאָ	Zvenyhorodka (Ukraine)	wikidata_qid	Q219836	"{""kima_id"": ""23182"", ""lat"": """", ""lon"": """"}"	matched		bio	
place:Q911009	place	טאמאשאוו	Tomaszów Lubelski	wikidata_qid	Q911009	"{""kima_id"": ""687"", ""lat"": ""50.450000"", ""lon"": ""23.416667""}"	matched		bio	
person:1119	person	פרענציס אַדלער	Frances Adler	people_db	1119	entry_person_id:P-1-facs_34_tr_1740521039	matched		bio	"{""entry_type"": ""performer"", ""volume"": ""1"", ""span"": ""35-35"", ""credit"": ""מ. ע.""}"
person:1125	person	קטיה אַדלער (גוראַלניק)	Katya Adler	people_db	1125	entry_person_id:P-1-facs_35_tr_1740520972	matched		bio	"{""entry_type"": ""performer"", ""volume"": ""1"", ""span"": ""37-37"", ""birth_date"": ""1881-05-25"", ""credit"": ""מ. ע.""}"
place:Q156760	place	ניקאָפּאָל	Nikopol	wikidata_qid	Q156760	"{""kima_id"": ""13375"", ""lat"": """", ""lon"": """"}"	matched		bio	
person_entry:P-1-facs_35_tr_1740520974	person	אָדעסער פֿאָלקס-זינגער מאיר גאָרבאָי [פּאַרך]		entry_person_id	P-1-facs_35_tr_1740520974		unmatched		bio	"{""entry_type"": ""performer"", ""volume"": ""1"", ""span"": ""37-37"", ""credit"": ""איבערגעבן דורך לייבל אנווערמאַן.""}"
person:1114	person	משה אדערשלעגער	Moshe Yakov Adershleger	people_db	1114	entry_person_id:P-1-facs_35_tr_1740520980	matched		bio	"{""entry_type"": ""writer"", ""volume"": ""1"", ""span"": ""38-38"", ""birth_date"": ""1881-11-11"", ""credit"": ""זלמן רייזען - „לעקס. נוד. לוט.\"", 1, זז. 45-46.""}"
place:Q2019437	place	אַלעסק	Firuzkuh	wikidata_qid	Q2019437	"{""kima_id"": """", ""lat"": """", ""lon"": """"}"	matched		bio	
place:Q848498	place	האָראָשקי	Slik	wikidata_qid	Q848498	"{""kima_id"": """", ""lat"": """", ""lon"": """"}"	candidate		bio	
place:Q2451032	place	הירש	Hirișeni	wikidata_qid	Q2451032	"{""kima_id"": """", ""lat"": """", ""lon"": """"}"	candidate		bio	
person:1198	person	עני אויגענבּליק (חנה סויבּער)	Annie Augenblick	people_db	1198	entry_person_id:P-1-facs_36_tr_1740520948	matched		bio	"{""entry_type"": ""performer"", ""volume"": ""1"", ""span"": ""40-40"", ""birth_date"": ""1886-05-09"", ""credit"": ""מ. ע.""}"
person:1199	person	פיליפּ אויגענבּליק	Philip Augenblik	people_db	1199	entry_person_id:P-1-facs_36_tr_1740520951	matched		bio	"{""entry_type"": ""performer"", ""volume"": ""1"", ""span"": ""40-40"", ""birth_date"": ""1877-11-07"", ""credit"": ""ט. ע.""}"
place:Q148923	place	באָרשטשעוו	Borshchiv	wikidata_qid	Q148923	"{""kima_id"": """", ""lat"": """", ""lon"": """"}"	matched		bio	
person:1194	person	אפרים אויערבּאַך	Ephraim Auerbach	people_db	1194	entry_person_id:P-1-facs_37_tr_1740520986	matched		bio	"{""entry_type"": ""writer"", ""volume"": ""1"", ""span"": ""41-41"", ""birth_date"": ""1892-10-23"", ""credit"": ""מ. ע.""}"
place:Q37801	place	בעלץ	Bălți	wikidata_qid	Q37801	"{""kima_id"": ""18584"", ""lat"": ""47.761667"", ""lon"": ""27.928889""}"	matched		bio	
place:Q189399	place	אָקערמאָן	Zempow	wikidata_qid	Q189399	"{""kima_id"": """", ""lat"": """", ""lon"": """"}"	candidate		bio	
person:1195	person	יצחק אויערבּאַך	Isaac Auerbach	people_db	1195	entry_person_id:P-1-facs_37_tr_1740520980	matched		bio	"{""entry_type"": ""writer"", ""volume"": ""1"", ""span"": ""55-55""}"
person:1196	person	ס. אויערבּאַך	S. Auerbach	people_db	1196	entry_person_id:P-1-facs_37_tr_1740520983	matched		bio	"{""entry_type"": ""writer"", ""volume"": ""1"", ""span"": ""55-55""}"
person:1197	person	סעם אויערבּאַך	Sam Auerbach	people_db	1197	entry_person_id:P-1-facs_38_tr_1740521016	matched		bio	"{""entry_type"": ""performer"", ""volume"": ""1"", ""span"": ""43-43"", ""birth_date"": ""1890-04-01"", ""credit"": ""מ. ע.""}"
place:UPL-0019	place	זוואָנטשיק					unmatched	attestation:misresolved	bio	
person:3129	person	אולריך	Ulrich	people_db	3129	entry_person_id:P-1-facs_38_tr_1740521017	matched		bio	"{""entry_type"": ""performer"", ""volume"": ""1"", ""span"": ""43-43""}"
person:1137	person	י. אַלקאָן (יהושע עלקין)	Yehoshua Alkan	people_db	1137	entry_person_id:P-1-facs_38_tr_1740521009	matched		bio	"{""entry_type"": ""group"", ""volume"": ""1"", ""span"": ""43-43"", ""birth_date"": ""1923-04-29"", ""death_date"": ""1926"", ""credit"": ""ש. ע. פֿון מענדל עלקין.""}"
person_entry:P-1-facs_38_tr_1740521011	person	אוריך סאמי [שמאי, גדליהו]		entry_person_id	P-1-facs_38_tr_1740521011		unmatched		bio	"{""entry_type"": ""performer"", ""volume"": ""1"", ""span"": ""44-44"", ""birth_date"": ""1882-12-28"", ""credit"": ""מ. ע.""}"
person:1209	person	אַלעקסאַנדער אזראַ (אָרליוק)	Alexander Azro	people_db	1209	entry_person_id:P-1-facs_39_tr_1740520983	matched		bio	"{""entry_type"": ""performer"", ""volume"": ""1"", ""span"": ""46-47"", ""birth_date"": ""1892"", ""credit"": ""ש. ע.""}"
person:1192	person	דזשעני אַטלאַס	Jennie Atlas	people_db	1192	entry_person_id:P-1-facs_40_tr_1740521035	matched		bio	"{""entry_type"": ""performer"", ""volume"": ""1"", ""span"": ""48-48"", ""birth_date"": ""1880-11-30"", ""death_date"": ""1927-07-09"", ""credit"": ""מ. ע. פֿון הערי געביל.""}"
place:Q236083	place	סובאָלק	Suwałki	wikidata_qid	Q236083	"{""kima_id"": ""30"", ""lat"": ""54.100000"", ""lon"": ""22.933333""}"	candidate		bio	
person:1152	person	פּעטער אַמאַטין (פּסח גאָלדבּערג)	Peter Amatin	people_db	1152	entry_person_id:P-1-facs_40_tr_1740521046	matched		bio	"{""entry_type"": ""performer"", ""volume"": ""1"", ""span"": ""48-48"", ""birth_date"": ""1904-06-04"", ""credit"": ""ש. ע.""}"
place:Q181376	place	גראדנע	Hrodna	wikidata_qid	Q181376	"{""kima_id"": ""882"", ""lat"": ""53.666667"", ""lon"": ""23.816667""}"	matched		bio	
person_entry:P-1-facs_40_r	person	אידישע אַקטיאָרען-יוניאָן		entry_person_id	P-1-facs_40_r		unmatched		bio	"{""entry_type"": ""union"", ""volume"": ""1"", ""span"": ""48-48""}"
person:2045	person	פּינקוס איזבּעסקאָ (פּנחס איזבעסקי)	Pinkus Izbesko	people_db	2045	entry_person_id:P-1-facs_41_tr_1740521073	matched		bio	"{""entry_type"": ""administrator"", ""volume"": ""1"", ""span"": ""49-49"", ""birth_date"": ""1879-05-28"", ""credit"": ""מ. ע.""}"
person_entry:P-1-facs_41_r_2	person	איזמאַליאָננאַ		entry_person_id	P-1-facs_41_r_2		unmatched		bio	"{""entry_type"": ""composer"", ""volume"": ""1"", ""span"": ""49-49"", ""credit"": ""מ. ע. פֿון דוד הירש.""}"
person:2040	person	לייזער איטעלמאַן	Leyzer Itelman	people_db	2040	entry_person_id:P-1-facs_41_r_4	matched		bio	"{""entry_type"": ""performer"", ""volume"": ""1"", ""span"": ""49-49"", ""credit"": ""מ. ע. פֿון אַברהם פישקינד און דוד הירש.""}"
person:1111	person	דוד אייבּראמס	David Abrams	people_db	1111	entry_person_id:P-1-facs_41_tr_1740521069	matched		bio	"{""entry_type"": ""administrator"", ""volume"": ""1"", ""span"": ""49-49"", ""birth_date"": ""1884-04-28"", ""credit"": ""ש. ע.""}"
place:Q132572	place	טיראַספּאָל	Tiraspol (Moldova)	wikidata_qid	Q132572	"{""kima_id"": ""628"", ""lat"": """", ""lon"": """"}"	matched		bio	
person:1599	person	אייגענפעלד (ערבּער)	Eygenfeld	people_db	1599	entry_person_id:P-1-facs_41_tr_1740521076	matched		bio	"{""entry_type"": ""writer"", ""volume"": ""1"", ""span"": ""50-50"", ""credit"": ""ט. ע. פֿון שלום פּערלמוטער.""}"
place:Q156726	place	סטאניסלאװ	Ivano-Frankivsk	wikidata_qid	Q156726	"{""kima_id"": ""526"", ""lat"": ""48.922778"", ""lon"": ""24.710556""}"	candidate		bio	
person:1558	person	גאָלדע אייזמאַן	Goldie Eisman	people_db	1558	entry_person_id:P-1-facs_41_tr_1740521079	matched		bio	"{""entry_type"": ""performer"", ""volume"": ""1"", ""span"": ""50-50"", ""birth_date"": ""1906-05-15"", ""credit"": ""מ. ע.""}"
place:Q172	place	טאראנטא	Toronto	wikidata_qid	Q172	"{""kima_id"": ""753"", ""lat"": ""43.670278"", ""lon"": ""-79.386667""}"	matched		bio	
person:1603	person	אהרון אייזענבערג	Aaron Eyzenberg	people_db	1603	entry_person_id:P-1-facs_42_tr_1740520982	matched		bio	"{""entry_type"": ""performer"", ""volume"": ""1"", ""span"": ""51-51"", ""birth_date"": ""1892"", ""credit"": ""מ. ע.""}"
person_entry:P-1-facs_42_tr_1740520988	person	אייזענבערג אַווראָם		entry_person_id	P-1-facs_42_tr_1740520988		unmatched		bio	"{""entry_type"": ""performer"", ""volume"": ""1"", ""span"": ""51-51"", ""birth_date"": ""1899-07-29"", ""credit"": ""ש. ע.""}"
place:Q900779	place	וואָסילקאָוו	152mm SpGH DANA	wikidata_qid	Q900779	"{""kima_id"": """", ""lat"": """", ""lon"": """"}"	candidate		bio	
place:Q628460	place	אזארקאוו	Ozorków	wikidata_qid	Q628460	"{""kima_id"": ""18119"", ""lat"": ""51.966667"", ""lon"": ""19.283333""}"	matched		bio	
person:1607	person	שלמה אייזענשטאַרק	Shlomo Eyzenshtark	people_db	1607	entry_person_id:P-1-facs_42_tr_1740520978	matched		bio	"{""entry_type"": ""performer"", ""volume"": ""1"", ""span"": ""52-52"", ""birth_date"": ""1893-09-27"", ""credit"": ""ש. ע.""}"
person:1556	person	אַלטער אייזענשלאָס	Alter Eisenschloss	people_db	1556	entry_person_id:P-1-facs_43_tr_1740520992	matched		bio	"{""entry_type"": ""writer"", ""volume"": ""1"", ""span"": ""54-54"", ""birth_date"": ""1879-01-22"", ""death_date"": ""1925-08-31"", ""credit"": ""ש. ע.""}"
place:Q198480	place	גראָדזיסק	Gugney-aux-Aulx	wikidata_qid	Q198480	"{""kima_id"": """", ""lat"": """", ""lon"": """"}"	candidate		bio	
person:1610	person	לייבּל אייזערמאַן	Leibl Eyzerman	people_db	1610	entry_person_id:P-1-facs_43_tr_1740521002	matched		bio	"{""entry_type"": ""performer"", ""volume"": ""1"", ""span"": ""54-54"", ""birth_date"": ""1875-04-28"", ""credit"": ""מ. ע.""}"
person:1600	person	יצחק אייכעל	Yitskhok Eykhl	people_db	1600	entry_person_id:P-1-facs_44_tr_1740521158	matched		bio	"{""entry_type"": ""writer"", ""volume"": ""1"", ""span"": ""55-56"", ""birth_date"": ""1756"", ""death_date"": ""1804-06-18""}"
place:Q1748	place	קאפנהאגן	Copenhagen	wikidata_qid	Q1748	"{""kima_id"": ""390"", ""lat"": ""55.676111"", ""lon"": ""12.568889""}"	matched		bio	
person:1550	person	אהרן איינהורן	Aaron Einhorn	people_db	1550	entry_person_id:P-1-facs_45_tr_1740521094	matched		bio	"{""entry_type"": ""writer"", ""volume"": ""1"", ""span"": ""57-57"", ""birth_date"": ""1884-09-30""}"
place:Q786484	place	דזשיבעריש	gibberish	wikidata_qid	Q786484	"{""kima_id"": """", ""lat"": """", ""lon"": """"}"	candidate		bio	
person:1601	person	בּאַשע איינהאָרן	Bashe Eynhorn	people_db	1601	entry_person_id:P-1-facs_45_tr_1740521081	matched		bio	"{""entry_type"": ""performer"", ""volume"": ""1"", ""span"": ""57-57"", ""birth_date"": ""1878"", ""death_date"": ""1918-07"", ""credit"": ""ש. ע. פֿון לעאָן דושמאן.""}"
place:Q2280	place	מינסק	Minsk	wikidata_qid	Q2280	"{""kima_id"": ""248"", ""lat"": ""53.902246"", ""lon"": ""27.561837""}"	matched		bio	
place:Q1025869	place	קארעליץ	Kareličy	wikidata_qid	Q1025869	"{""kima_id"": """", ""lat"": """", ""lon"": """"}"	candidate		bio	
person_entry:P-1-facs_45_r_4	person	איינהאָרן, ליזאַ		entry_person_id	P-1-facs_45_r_4		unmatched		bio	"{""entry_type"": ""performer"", ""volume"": ""1"", ""span"": ""58-58"", ""birth_date"": ""1865-12-05"", ""credit"": ""ש. ע. פֿון אייוואַן אַבראמסאָן.""}"
place:Q8459286	place	גראָבאָוויץ	Category:Finnish pole vaulters	wikidata_qid	Q8459286	"{""kima_id"": """", ""lat"": """", ""lon"": """"}"	candidate		bio	
person:2044	person	שבּתי איצקאָוויטש	Shabtai Itzkowitz	people_db	2044	entry_person_id:P-1-facs_46_tr_1740521017	matched		bio	"{""entry_type"": ""performer"", ""volume"": ""1"", ""span"": ""59-59"", ""birth_date"": ""1892"", ""credit"": ""ש. ע.""}"
place:Q193264	place	זגערזש	Marajó	wikidata_qid	Q193264	"{""kima_id"": ""2573"", ""lat"": """", ""lon"": """"}"	candidate		bio	
person:2039	person	סאָניאַ איריס (פעלדמאַן)	Sonya Iris	people_db	2039	entry_person_id:P-1-facs_46_tr_1740521011	matched		bio	"{""entry_type"": ""performer"", ""volume"": ""1"", ""span"": ""59-59"", ""birth_date"": ""1892"", ""credit"": ""ש. ע.""}"
person:2038	person	שמואל איריס	Shmuel Iris	people_db	2038	entry_person_id:P-1-facs_46_tr_1740521016	matched		bio	"{""entry_type"": ""performer"", ""volume"": ""1"", ""span"": ""60-61"", ""birth_date"": ""1889-09-10""}"
person:2592	person	משה יוסף אָלגין (משה יוסף נאָוואָמיסקי)	M.J. Olgin	people_db	2592	entry_person_id:P-1-facs_47_tr_1740521070	matched		bio	"{""entry_type"": ""writer"", ""volume"": ""1"", ""span"": ""62-62"", ""birth_date"": ""1878-03-24"", ""credit"": ""מ. ע.""}"
place:Q665853	place	קערעסטיר	Bodrogkeresztúr	wikidata_qid	Q665853	"{""kima_id"": ""16904"", ""lat"": """", ""lon"": """"}"	candidate		bio	
person_entry:P-1-facs_47_r_2	person	אַלטמאַן, בּאָריס		entry_person_id	P-1-facs_47_r_2		unmatched		bio	"{""entry_type"": ""performer"", ""volume"": ""1"", ""span"": ""62-62""}"
person:1146	person	מאָריס אַלטמאַן	Morris Altman	people_db	1146	entry_person_id:P-1-facs_47_tr_1740521074	matched		bio	"{""entry_type"": ""writer"", ""volume"": ""1"", ""span"": ""62-62"", ""credit"": ""מ. ע. פֿון שלום פּערלטוטער.""}"
person:1148	person	נאַטאַן אַלטמאַן	Natan Altman	people_db	1148	entry_person_id:P-1-facs_47_tr_1740521066	matched		bio	"{""entry_type"": ""other"", ""volume"": ""1"", ""span"": ""62-62"", ""birth_date"": ""1889"", ""credit"": ""ש. ע.""}"
place:Q157144	place	וויניצע	Vinnytsia	wikidata_qid	Q157144	"{""kima_id"": ""946"", ""lat"": ""49.237222"", ""lon"": ""28.467222""}"	matched		bio	
person:1138	person	שמואל אַלמאַן	Shmuel Alman	people_db	1138	entry_person_id:P-1-facs_48_tr_1740521130	matched		bio	"{""entry_type"": ""composer"", ""volume"": ""1"", ""span"": ""63-63"", ""birth_date"": ""1877-08-09"", ""credit"": ""מ. ע.""}"
place:UPL-0020	place	סאָוואָליווקע					unmatched	attestation:misresolved	bio	
person:1139	person	א. אלמי (אליהו חיים שעפּס)	A. Almi	people_db	1139	entry_person_id:P-1-facs_48_tr_1740521125	matched		bio	"{""entry_type"": ""writer"", ""volume"": ""1"", ""span"": ""64-64"", ""birth_date"": ""1892-01-02"", ""credit"": ""ש. ע.""}"
person:1565	person	פערנאַנדאָ אַלעסקאָ	Fernanda Eliscu	people_db	1565	entry_person_id:P-1-facs_48_tr_1740521128	matched		bio	"{""entry_type"": ""performer"", ""volume"": ""1"", ""span"": ""64-64""}"
person:1135	person	אהרן אָלעקסאַנדראָוו	Aaron Aleksandrov	people_db	1135	entry_person_id:P-1-facs_48_tr_1740521136	matched		bio	"{""entry_type"": ""performer"", ""volume"": ""1"", ""span"": ""64-64"", ""birth_date"": ""1903-11"", ""credit"": ""ש. ע.""}"
person:2598	person	אסתּר אׇרזשעווסקאַ	Esther Orzhevskaya	people_db	2598	entry_person_id:P-1-facs_49_tr_1740521084	matched		bio	"{""entry_type"": ""writer"", ""volume"": ""1"", ""span"": ""65-65"", ""birth_date"": ""1895-01-28"", ""credit"": ""ש. ע.""}"
place:Q1023008	place	סעלץ	Frederick	wikidata_qid	Q1023008	"{""kima_id"": """", ""lat"": """", ""lon"": """"}"	candidate		bio	
person:1144	person	בּאָריס אַלטמאַן	Boris Altman	people_db	1144	entry_person_id:P-1-facs_50_tr_1740521046	matched		bio	"{""entry_type"": ""performer"", ""volume"": ""1"", ""span"": ""67-67"", ""birth_date"": ""1894-08-10"", ""credit"": ""ש. ע.""}"
place:Q218036	place	טערעספּאָל	Saint-Carné	wikidata_qid	Q218036	"{""kima_id"": """", ""lat"": """", ""lon"": """"}"	candidate		bio	
person:1150	person	אַלעקס אַמאַסיאַ (אַלעקסאַנדער)	Alex Amasia	people_db	1150	entry_person_id:P-1-facs_50_tr_1740521042	matched		bio	"{""entry_type"": ""performer"", ""volume"": ""1"", ""span"": ""68-68"", ""birth_date"": ""1887-07-16"", ""credit"": ""ש. ע.""}"
person:1151	person	הערש אַמאַסיאַ	Hersh Amasia	people_db	1151	entry_person_id:P-1-facs_51_tr_1740521052	matched		bio	"{""entry_type"": ""performer"", ""volume"": ""1"", ""span"": ""69-69"", ""birth_date"": ""1864"", ""death_date"": ""1827""}"
person:1154	person	גאָלדע אַמזעל (געניאַ שניידער)	Golde Amzel	people_db	1154	entry_person_id:P-1-facs_51_tr_1740521070	matched		bio	"{""entry_type"": ""performer"", ""volume"": ""1"", ""span"": ""69-69"", ""birth_date"": ""1899-04-10"", ""credit"": ""ש. ע. פֿון וואָלף אַמזעל.""}"
person:1155	person	וואָלף אַמזעל	Wolf Amzel	people_db	1155	entry_person_id:P-1-facs_51_tr_1740521069	matched		bio	"{""entry_type"": ""performer"", ""volume"": ""1"", ""span"": ""70-70"", ""birth_date"": ""1894-09-18"", ""credit"": ""ש. ע.""}"
person:1156	person	אניעלא (חנה קאמפּאַנעיעץ-פּאָליאַקאָוו)	Aniela	people_db	1156	entry_person_id:P-1-facs_51_tr_1740521072	matched		bio	"{""entry_type"": ""performer"", ""volume"": ""1"", ""span"": ""70-70"", ""birth_date"": ""1894"", ""credit"": ""מ. ע.""}"
place:Q1134849	place	באָלטאָ	Corps Franconia Hamburg	wikidata_qid	Q1134849	"{""kima_id"": """", ""lat"": """", ""lon"": """"}"	candidate		bio	
person:1158	person	ז. אנכי (זלמן יצחק אַראָנסאָן)	Z.I. Ankhi	people_db	1158	entry_person_id:P-1-facs_51_tr_1740521079	matched		bio	"{""entry_type"": ""writer"", ""volume"": ""1"", ""span"": ""70-70"", ""birth_date"": ""1876"", ""credit"": ""ש. ע. פּֿון דוד וואַרדי.""}"
place:Q4272559	place	ליאַדי	Liady	wikidata_qid	Q4272559	"{""kima_id"": ""21831"", ""lat"": """", ""lon"": """"}"	candidate		bio	
place:Q102217	place	וויטעבסק	Vitebsk	wikidata_qid	Q102217	"{""kima_id"": ""942"", ""lat"": ""55.183333"", ""lon"": ""30.166667""}"	matched		bio	
person:2601	person	אָסקאַר אַסטראָף (יהושע אָסטריצקי)	Oscar Ostroff	people_db	2601	entry_person_id:P-1-facs_56_tr_1740521000	matched		bio	"{""entry_type"": ""performer"", ""volume"": ""1"", ""span"": ""79-79"", ""birth_date"": ""1904-07-28"", ""credit"": ""ש. ע.""}"
person:2594	person	יוסף אָפּאטאַשו (יוסף אָפּאַטאָווסקי)	Joseph Opatoshu	people_db	2594	entry_person_id:P-1-facs_57_tr_1740521100	matched		bio	"{""entry_type"": ""writer"", ""volume"": ""1"", ""span"": ""81-81"", ""birth_date"": ""1887-01-01"", ""credit"": ""מ. ע.""}"
place:Q200787	place	מלאַווע	Gödel's incompleteness theorems	wikidata_qid	Q200787	"{""kima_id"": """", ""lat"": """", ""lon"": """"}"	candidate		bio	
place:UPL-0021	place	פּאַניעוועזש					unmatched	no_attestation	bio	
person:1168	person	סאָפיא אַפּטייקער (שרה פריינד)	Sofia Apteiker	people_db	1168	entry_person_id:P-1-facs_57_tr_1740521103	matched		bio	"{""entry_type"": ""performer"", ""volume"": ""1"", ""span"": ""82-82"", ""birth_date"": ""1885-07-27"", ""death_date"": ""1908"", ""credit"": ""ש. ע. פון י. מ. פליאַט.""}"
place:Q173451	place	הרובישאָוו	transistor–transistor logic	wikidata_qid	Q173451	"{""kima_id"": """", ""lat"": """", ""lon"": """"}"	candidate		bio	
place:Q16554	place	דענווער	Denver	wikidata_qid	Q16554	"{""kima_id"": ""972"", ""lat"": ""39.739167"", ""lon"": ""-104.984722""}"	matched		bio	
place:UPL-0022	place	כאָראָן הירש בית-עולם אין סטעטען איילענד					unmatched	attestation:unlinked	bio	
person:1163	person	אַננאַ אַפּעל (בּערקאָוויטש)	Anna Appel	people_db	1163	entry_person_id:P-1-facs_58_tr_1740521146	matched		bio	"{""entry_type"": ""performer"", ""volume"": ""1"", ""span"": ""83-83"", ""birth_date"": ""1888-05-01""}"
person:1164	person	איזידאָר אַפּעל (יאַפּקאָ)	Isadore Appel	people_db	1164	entry_person_id:P-1-facs_58_tr_1740521133	matched		bio	"{""entry_type"": ""performer"", ""volume"": ""1"", ""span"": ""84-84"", ""credit"": ""מ. ע.""}"
place:Q158796	place	ראדאמסק	Radomsko	wikidata_qid	Q158796	"{""kima_id"": ""17247"", ""lat"": """", ""lon"": """"}"	matched		bio	
person:1165	person	מאָריס אַפּעל (אַפּעלאויג)	Morris Appel	people_db	1165	entry_person_id:P-1-facs_58_tr_1740521139	matched		bio	"{""entry_type"": ""performer"", ""volume"": ""1"", ""span"": ""84-84"", ""birth_date"": ""1894-07-26"", ""credit"": ""ש. ע.""}"
person:1166	person	מישאַ אַפּעלבּוים	Misha Appelbaum	people_db	1166	entry_person_id:P-1-facs_58_tr_1740521154	matched		bio	"{""entry_type"": ""performer"", ""volume"": ""1"", ""span"": ""84-84"", ""credit"": ""מ. ע.""}"
person:1167	person	ראזאליא אַפּעלבּוים (שיינע רחל וויינשטיין)	Rosalia Appelbaum	people_db	1167	entry_person_id:P-1-facs_59_tr_1740521090	matched		bio	"{""entry_type"": ""performer"", ""volume"": ""1"", ""span"": ""85-85"", ""credit"": ""מ. ע.""}"
person:2590	person	פּעלינאַ אָפפערמאַן (פּערל)	Paulina Offerman	people_db	2590	entry_person_id:P-1-facs_59_tr_1740521094	matched		bio	"{""entry_type"": ""performer"", ""volume"": ""1"", ""span"": ""85-85"", ""birth_date"": ""1894-03-07"", ""credit"": ""מ. ע.""}"
person:1131	person	ניקאָליי אפרת	Nikolai Afrat	people_db	1131	entry_person_id:P-1-facs_59_tr_1740521083	matched		bio	"{""entry_type"": ""writer"", ""volume"": ""1"", ""span"": ""86-86"", ""death_date"": ""1923-10-06""}"
person:1204	person	אברהם אַקסעלראד (אברהם יצחק)	Avraham Axelrad	people_db	1204	entry_person_id:P-1-facs_59_tr_1740521087	matched		bio	"{""entry_type"": ""performer"", ""volume"": ""1"", ""span"": ""86-87"", ""birth_date"": ""1858-07-20"", ""death_date"": ""1925-11-11"", ""credit"": ""ש. ע. פֿון זיין טאָכטער און פּון חוים טויבער.""}"
person:1203	person	אַנעטאַ אַקסעלראד (פּרענער)	Aneta Axelrad	people_db	1203	entry_person_id:P-1-facs_60_tr_1740521080	matched		bio	"{""entry_type"": ""performer"", ""volume"": ""1"", ""span"": ""88-88"", ""birth_date"": ""1868~"", ""death_date"": ""1910-08-13"", ""credit"": ""ש. ע. פֿון בערטאָ גוטענטאג""}"
person:1206	person	מאָריס אַקסעלראד (מעיר)	Morris Axelrad	people_db	1206	entry_person_id:P-1-facs_60_tr_1740521090	matched		bio	"{""entry_type"": ""performer"", ""volume"": ""1"", ""span"": ""88-88"", ""birth_date"": ""1890"", ""credit"": ""מ. ע. פֿון קאַרל סילווערמאַן.""}"
person:1205	person	מינאַ אַקסעלראד (בּלייכמאַן)	Minnie Axelrad	people_db	1205	entry_person_id:P-1-facs_60_tr_1740521087	matched		bio	"{""entry_type"": ""performer"", ""volume"": ""1"", ""span"": ""88-88"", ""birth_date"": ""1893-04-07"", ""credit"": ""ש. ע. פֿון יעקב בלייכמאַן.""}"
place:UPL-0023	place	יידישן בית עולם					unmatched	attestation:unlinked	bio	
person:1207	person	רחל אַקסעלראד (קאָהוט)	Rukhl Axelrad	people_db	1207	entry_person_id:P-1-facs_61_tr_1740521159	matched		bio	"{""entry_type"": ""performer"", ""volume"": ""1"", ""span"": ""89-89"", ""credit"": ""מ. ע. פֿון יעקב מעסטעל און משה שאָר.""}"
person:1181	person	הערמאַן אַראָנאָוויטש	Herman Aronovitsh	people_db	1181	entry_person_id:P-1-facs_61_tr_1740521163	matched		bio	"{""entry_type"": ""performer"", ""volume"": ""1"", ""span"": ""89-89"", ""birth_date"": ""1900-12"", ""credit"": ""ש. ע.""}"
person:1179	person	יודעס אַראָנטשיק	Yudes Aronchik	people_db	1179	entry_person_id:P-1-facs_61_tr_1740521166	matched		bio	"{""entry_type"": ""performer"", ""volume"": ""1"", ""span"": ""90-90"", ""birth_date"": ""1909"", ""credit"": ""ש. ע.""}"
person:1182	person	בּרוך אַראָנסאָן	Borukh Aronson	people_db	1182	entry_person_id:P-1-facs_61_tr_1740521167	matched		bio	"{""entry_type"": ""other"", ""volume"": ""1"", ""span"": ""90-90"", ""birth_date"": ""1898-10-15""}"
place:Q952457	place	ניעזשין	Niz︠h︡yn (Ukraine)	wikidata_qid	Q952457	"{""kima_id"": ""1644"", ""lat"": """", ""lon"": """"}"	matched		bio	
person:1180	person	פייוול אַראָנעס	Feivl Arones	people_db	1180	entry_person_id:P-1-facs_62_tr_1740520977	matched		bio	"{""entry_type"": ""performer"", ""volume"": ""1"", ""span"": ""91-91"", ""birth_date"": ""1897-06-21"", ""credit"": ""ש. ע.""}"
person:2705	person	משה פּריזאַמענט	Moyshe Prizament	people_db	2705	entry_person_id:P-1-facs_62_tr_1740520963	matched		bio	"{""entry_type"": ""union"", ""volume"": ""1"", ""span"": ""92-94"", ""birth_date"": ""1925""}"
person:1173	person	חיים-דוד אריעל	Khayim David Ariel	people_db	1173	entry_person_id:P-1-facs_64_tr_1740520942	matched		bio	"{""entry_type"": ""performer"", ""volume"": ""1"", ""span"": ""95-95"", ""birth_date"": ""1881-11-15"", ""credit"": ""ש. ע.""}"
person:1175	person	סאָניאַ אַריעל (בעזמאַן)	Sonia Ariel	people_db	1175	entry_person_id:P-1-facs_64_tr_1740520956	matched		bio	"{""entry_type"": ""performer"", ""volume"": ""1"", ""span"": ""96-96"", ""birth_date"": ""1892-01-04"", ""credit"": ""מ. ע.""}"
person:1174	person	רחל אַריעל	Rukhl Ariel	people_db	1174	entry_person_id:P-1-facs_64_tr_1740520959	matched		bio	"{""entry_type"": ""performer"", ""volume"": ""1"", ""span"": ""96-96"", ""birth_date"": ""1891-10-07"", ""credit"": ""ש. ע.""}"
person:1176	person	מרים אַרנאָן (מאַניע מאָרגוליס)	Miriam Arnon	people_db	1176	entry_person_id:P-1-facs_65_tr_1740520943	matched		bio	"{""entry_type"": ""performer"", ""volume"": ""1"", ""span"": ""97-97"", ""birth_date"": ""1888-04-11"", ""credit"": ""מ. ע.""}"
person:1178	person	ראָזע ארנשטיין	Rose Arnstein	people_db	1178	entry_person_id:P-1-facs_67_tr_1740521120	matched		bio	"{""entry_type"": ""performer"", ""volume"": ""1"", ""span"": ""102-102"", ""birth_date"": ""1888-05-10"", ""credit"": ""מ. ע.""}"
person:1170	person	איסאַק אַרקאָ	Isaac Arco	people_db	1170	entry_person_id:P-1-facs_68_tr_1740521054	matched		bio	"{""entry_type"": ""performer"", ""volume"": ""1"", ""span"": ""103-103"", ""birth_date"": ""1891-01-29"", ""credit"": ""מ. ע.""}"
person:1171	person	יצחק ארקא	Itzhak Arco	people_db	1171	entry_person_id:P-1-facs_68_tr_1740521051	matched		bio	"{""entry_type"": ""performer"", ""volume"": ""1"", ""span"": ""103-103"", ""birth_date"": ""1889"", ""credit"": ""ש. ע.""}"
place:Q738777	place	אייוויע	Iŭje	wikidata_qid	Q738777	"{""kima_id"": ""14862"", ""lat"": """", ""lon"": """"}"	candidate		bio	
person:1172	person	מאַניע אַרקאָ (פישזאָן)	Manya Arco	people_db	1172	entry_person_id:P-1-facs_68_tr_1740521052	matched		bio	"{""entry_type"": ""performer"", ""volume"": ""1"", ""span"": ""104-104"", ""credit"": ""ש. ע.""}"
person:1169	person	פריצי אַרקאָ	Fritzi Arco	people_db	1169	entry_person_id:P-1-facs_69_tr_1740521059	matched		bio	"{""entry_type"": ""performer"", ""volume"": ""1"", ""span"": ""105-105"", ""credit"": ""מ. ע. פֿון דזשעק בעדאש""}"
place:Q202160	place	קוטנאָ	Kutno (Poland)	wikidata_qid	Q202160	"{""kima_id"": ""384"", ""lat"": ""52.233333333333"", ""lon"": ""19.366666666667""}"	matched		bio	
person:1184	person	איזידאָר אשכנזי (אייזיק)	Izidor Aschkenazy	people_db	1184	entry_person_id:P-1-facs_72_tr_1740521050	matched		bio	"{""entry_type"": ""performer"", ""volume"": ""1"", ""span"": ""111-111"", ""birth_date"": ""1879"", ""credit"": ""ש. ע.""}"
place:Q49359905	place	פּאַנטשע		wikidata_qid	Q49359905	"{""kima_id"": """", ""lat"": """", ""lon"": """"}"	matched		bio	
person_entry:P-1-facs_72_r_5	person	אַשכנזי מירע		entry_person_id	P-1-facs_72_r_5		unmatched		bio	"{""entry_type"": ""performer"", ""volume"": ""1"", ""span"": ""112-112"", ""birth_date"": ""1898-11-16"", ""credit"": ""ש. ע.""}"
person:1189	person	צילע אשכנזי (פעפער)	Tsile Ashkenazy	people_db	1189	entry_person_id:P-1-facs_72_tr_1740521060	matched		bio	"{""entry_type"": ""performer"", ""volume"": ""1"", ""span"": ""112-112"", ""credit"": ""מ. ע.""}"
person:2599	person	מ. אָשעראָוויטש	M. Osherowitch	people_db	2599	entry_person_id:P-1-facs_73_tr_1740521068	matched		bio	"{""entry_type"": ""writer"", ""volume"": ""1"", ""span"": ""113-113"", ""birth_date"": ""1888-01-14"", ""credit"": ""זלמן רייזען - „לעקס. ייד. ליט\"", I, זז. 186-8.""}"
place:Q1022992	place	טראַסטיאָנעץפּאָדאָלסק	Trostyanets-Podilske	wikidata_qid	Q1022992	"{""kima_id"": """", ""lat"": """", ""lon"": """"}"	candidate		bio	
person_entry:P-1-facs_73_r	person	בּאָד-גוי בּאָריס		entry_person_id	P-1-facs_73_r		unmatched		bio	"{""entry_type"": ""performer"", ""volume"": ""1"", ""span"": ""114-114""}"
person:1215	person	מאַקס בּאַדין (מוני בּאַדיאָן)	Max Badin	people_db	1215	entry_person_id:P-1-facs_73_tr_1740521067	matched		bio	"{""entry_type"": ""performer"", ""volume"": ""1"", ""span"": ""114-114"", ""birth_date"": ""1889-07-27"", ""credit"": ""ש. ע.""}"
place:Q156743	place	טארנאפאל	Ternopil	wikidata_qid	Q156743	"{""kima_id"": ""11525"", ""lat"": ""49.566667"", ""lon"": ""25.600000""}"	matched		bio	
person:1213	person	גרשם בּאָדער	Gershom Bader	people_db	1213	entry_person_id:P-1-facs_74_r_1	matched		bio	"{""entry_type"": ""writer"", ""volume"": ""1"", ""span"": ""115-115"", ""birth_date"": ""1868-08-21"", ""credit"": ""מ. ע.""}"
person:1367	person	יוסף בּאָוושאָווער (Basil Dahl, M. Turbov)	Joseph Bovshover	people_db	1367	entry_person_id:P-1-facs_74_tr_1740521143	matched		bio	"{""entry_type"": ""writer"", ""volume"": ""1"", ""span"": ""116-116"", ""birth_date"": ""1873-09-30"", ""death_date"": ""1915-12-25""}"
place:Q898212	place	ליובאוויטש	Lyubavichi, Rudnyansky District, Smolensk Oblast	wikidata_qid	Q898212	"{""kima_id"": """", ""lat"": """", ""lon"": """"}"	matched		bio	
place:Q156713	place	זשיטאמיר	Zhytomyr	wikidata_qid	Q156713	"{""kima_id"": ""957"", ""lat"": ""50.254444"", ""lon"": ""28.657778""}"	matched		bio	
person:1365	person	יעקב בּאטאשאַנסקי	Jacob Botoshansky	people_db	1365	entry_person_id:P-1-facs_75_tr_1740521172	matched		bio	"{""entry_type"": ""writer"", ""volume"": ""1"", ""span"": ""118-118"", ""birth_date"": ""1895-08-06"", ""credit"": ""ש. ע.""}"
place:Q869831	place	ברוסילאָוו	Oberreut	wikidata_qid	Q869831	"{""kima_id"": """", ""lat"": """", ""lon"": """"}"	candidate		bio	
person:1366	person	בּערל בּאָטוויניק	Berl Botvinik	people_db	1366	entry_person_id:P-1-facs_76_tr_1740520957	matched		bio	"{""entry_type"": ""writer"", ""volume"": ""1"", ""span"": ""119-119"", ""birth_date"": ""1885-12-24"", ""credit"": ""מ. ע.""}"
place:Q2500789	place	ראקאוויי	Rakaŭ	wikidata_qid	Q2500789	"{""kima_id"": ""20754"", ""lat"": ""53.967222"", ""lon"": ""27.056667""}"	matched		bio	
person:791	person	רפאל בּאָיאַרסקי-בּאָגאַרט	Rafael Boyarsky-Bogart	people_db	791	entry_person_id:P-1-facs_76_tr_1740520936	matched		bio	"{""entry_type"": ""administrator"", ""volume"": ""1"", ""span"": ""120-120"", ""birth_date"": ""1868-12-15"", ""death_date"": ""1925-08-01"", ""credit"": ""מ. ע. פֿון אב. קאַהאַן, ב. וויינשטיין און סטאָמבולקא.""}"
person:1220	person	הערש באַלברסקי	Hirsh Balbirski	people_db	1220	entry_person_id:P-1-facs_77_tr_1740520974	matched		bio	"{""entry_type"": ""performer"", ""volume"": ""1"", ""span"": ""121-121"", ""birth_date"": ""1894-03-15"", ""credit"": ""מ. ע.""}"
person:1222	person	יאַנקעוו בּאַנקאָוו	Yankev Bankov	people_db	1222	entry_person_id:P-1-facs_77_r_8	matched		bio	"{""entry_type"": ""performer"", ""volume"": ""1"", ""span"": ""121-121"", ""birth_date"": ""1863"", ""credit"": ""ש. ע.""}"
place:Q1268711	place	דיקאַווקע	Dykanka	wikidata_qid	Q1268711	"{""kima_id"": """", ""lat"": """", ""lon"": """"}"	matched		bio	
person:1221	person	מישע בּאַנקאָוו	Misha Bankov	people_db	1221	entry_person_id:P-1-facs_77_tr_1740520979	matched		bio	"{""entry_type"": ""performer"", ""volume"": ""1"", ""span"": ""122-122"", ""birth_date"": ""1898-04-15"", ""credit"": ""ש. ע.""}"
place:Q87	place	אלעקסאנדריע	Alexandria	wikidata_qid	Q87	"{""kima_id"": ""667"", ""lat"": """", ""lon"": """"}"	candidate		bio	
person:1233	person	אברהם בּאַסלאַווסקי	Avraham Baslavsky	people_db	1233	entry_person_id:P-1-facs_77_tr_1740520973	matched		bio	"{""entry_type"": ""performer"", ""volume"": ""1"", ""span"": ""122-122"", ""credit"": ""ש. ע.""}"
person:1349	person	פעלי בּאָקמאַן	Feli Bokman	people_db	1349	entry_person_id:P-1-facs_78_tr_1740521032	matched		bio	"{""entry_type"": ""performer"", ""volume"": ""1"", ""span"": ""123-123"", ""death_date"": ""1927-05"", ""credit"": ""מ. ע. פֿון אַלעקס אַמאַסיע.""}"
place:Q2439514	place	נאראל	Narol	wikidata_qid	Q2439514	"{""kima_id"": ""23815"", ""lat"": """", ""lon"": """"}"	matched		bio	
person:1350	person	לואיס בּאָקשיצקי (לייבּ)	Louis Bokshitzky	people_db	1350	entry_person_id:P-1-facs_78_tr_1740521049	matched		bio	"{""entry_type"": ""performer"", ""volume"": ""1"", ""span"": ""123-123"", ""birth_date"": ""1879-12-12"", ""credit"": ""מ. ע.""}"
place:Q201243	place	סלוצק	Slutsk	wikidata_qid	Q201243	"{""kima_id"": ""104"", ""lat"": """", ""lon"": """"}"	matched		bio	
person:1363	person	בּערל בּאַראָדקין (בּאַרדאַקין)	Berl Borodkin	people_db	1363	entry_person_id:P-1-facs_78_tr_1740521048	matched		bio	"{""entry_type"": ""performer"", ""volume"": ""1"", ""span"": ""124-124"", ""credit"": ""מ. ע. פֿון אַברהם פּישקינד, ישראל טאָבאַטשניקאָוו, טש. נאַטאַנסאָן און משה סימאָנאָף.""}"
person:719	person	סאָניאַ בּאַראָדקין	Sonya Borodkin	people_db	719	entry_person_id:P-1-facs_78_tr_1740521038	matched		bio	"{""entry_type"": ""performer"", ""volume"": ""1"", ""span"": ""124-124"", ""credit"": ""מ. ע. פֿון משה סימאָנאָף.""}"
person:1225	person	מארטי באַראַט (משה-מאַרטין באַראַץ)	Marty Baratz	people_db	1225	entry_person_id:P-1-facs_78_tr_1740521046	matched		bio	"{""entry_type"": ""performer"", ""volume"": ""1"", ""span"": ""124-124"", ""birth_date"": ""1905-03-14"", ""credit"": ""מ. ע.""}"
person:1223	person	בּן-צבי בּאַראָטאָוו (פּאַוועל בּרענער)	Ben-Tsvi Baratov	people_db	1223	entry_person_id:P-1-facs_79_tr_1740520948	matched		bio	"{""entry_type"": ""performer"", ""volume"": ""1"", ""span"": ""125-125"", ""credit"": ""מ. ע.""}"
person:1227	person	יוסף בּאַראָנדעס	Joseph Barondess	people_db	1227	entry_person_id:P-1-facs_79_tr_1740520939	matched		bio	"{""entry_type"": ""administrator"", ""volume"": ""1"", ""span"": ""126-126"", ""birth_date"": ""1863"", ""death_date"": ""1928-06-19"", ""credit"": ""נעקראָלאָגן אין דער אַמעריקאַנער יידישער פּרעסע.""}"
place:Q193965	place	קאמעניץ	Kamianets-Podilskyi	wikidata_qid	Q193965	"{""kima_id"": ""9048"", ""lat"": ""48.680556"", ""lon"": ""26.580556""}"	matched		bio	
person:1224	person	דוד בּאַראַץ	David Baratz	people_db	1224	entry_person_id:P-1-facs_80_tr_1740521116	matched		bio	"{""entry_type"": ""performer"", ""volume"": ""1"", ""span"": ""127-127"", ""birth_date"": ""1879-03-24"", ""credit"": ""מ. ע.""}"
person:1226	person	ש. בּאַרבּער (שמואל בּערבּער)	Sh. Barber	people_db	1226	entry_person_id:P-1-facs_80_tr_1740521113	matched		bio	"{""entry_type"": ""writer"", ""volume"": ""1"", ""span"": ""128-128"", ""birth_date"": ""1881"", ""credit"": ""ש. ע.""}"
place:Q324897	place	לאָסק	Łask	wikidata_qid	Q324897	"{""kima_id"": ""22529"", ""lat"": """", ""lon"": """"}"	matched		bio	
person_entry:P-1-facs_81_r_7	person	באַרדיזשאַנער שלמה		entry_person_id	P-1-facs_81_r_7		unmatched		bio	"{""entry_type"": ""other"", ""volume"": ""1"", ""span"": ""129-129"", ""death_date"": ""1914"", ""credit"": ""מ. ע. פֿון שלום פּערלמוטער און איציקל גאָלדענבערג.""}"
place:Q870024	place	באָרדיזשאָן	Gmeinder	wikidata_qid	Q870024	"{""kima_id"": """", ""lat"": """", ""lon"": """"}"	candidate		bio	
person:1360	person	פראַנץ בּאָריץ (אפרים)	Frants Borits	people_db	1360	entry_person_id:P-1-facs_81_tr_1740521165	matched		bio	"{""entry_type"": ""performer"", ""volume"": ""1"", ""span"": ""129-129"", ""birth_date"": ""1888-04-23"", ""death_date"": ""1926-08-08"", ""credit"": ""מ. ע. פֿון זיין פרוי קלאַראָ.""}"
person:1228	person	אברהם בּאַרסעל	Avraham Barsel	people_db	1228	entry_person_id:P-1-facs_81_r_12	matched		bio	"{""entry_type"": ""performer"", ""volume"": ""1"", ""span"": ""130-130""}"
person:1229	person	ליזא בּאַרסקא-פישער	Liza Barska-Fisher	people_db	1229	entry_person_id:P-1-facs_81_tr_1740521184	matched		bio	"{""entry_type"": ""performer"", ""volume"": ""1"", ""span"": ""130-130"", ""birth_date"": ""1888"", ""credit"": ""ש. ע.""}"
person:746	person	ישראל בּאַרסקי	Israel Barski	people_db	746	entry_person_id:P-1-facs_81_tr_1740521171	matched		bio	"{""entry_type"": ""writer"", ""volume"": ""1"", ""span"": ""130-130"", ""death_date"": ""1900""}"
place:UPL-0024	place	אַ שטעטל					unmatched	attestation:unlinked	bio	
person:1216	person	שלמה בּדחן (בעללויא)	Shlomo Badkhan	people_db	1216	entry_person_id:P-1-facs_82_tr_1740520990	matched		bio	"{""entry_type"": ""writer"", ""volume"": ""1"", ""span"": ""131-131""}"
person_entry:P-1-facs_82_r_2	person	בדחנים-אַקטיאָרן		entry_person_id	P-1-facs_82_r_2		unmatched		bio	"{""volume"": ""1"", ""span"": ""132-132""}"
person:2614	person	אהרון (פארך)	Aaron Parkh?	people_db	2614	entry_person_id:P-1-facs_82_r_4	matched		bio	"{""entry_type"": ""performer"", ""volume"": ""1"", ""span"": ""132-132"", ""credit"": ""מ. ע. פֿון איציקל גאָלדענבערג""}"
person:1358	person	דער באריסאווער בדחן (דער פּאַריזװער ברידן)	Borisover Badkhan	people_db	1358	entry_person_id:P-1-facs_82_tr_1740520996	matched		bio	"{""entry_type"": ""performer"", ""volume"": ""1"", ""span"": ""132-132""}"
place:Q19313	place	באריסאב	Barysaw	wikidata_qid	Q19313	"{""kima_id"": ""670"", ""lat"": """", ""lon"": """"}"	matched		bio	
person:1427	person	בדחן בונעם (בונעם טשיזשיק)	Bunem Badkhan	people_db	1427	entry_person_id:P-1-facs_82_tr_1740520982	matched		bio	"{""entry_type"": ""performer"", ""volume"": ""1"", ""span"": ""132-132"", ""birth_date"": ""1827"", ""death_date"": ""1901"", ""credit"": ""מ. ע. פֿון עמנואל טשיזשיק.""}"
place:Q1022962	place	שירלאָווצע	Velká Bystřice	wikidata_qid	Q1022962	"{""kima_id"": """", ""lat"": """", ""lon"": """"}"	candidate		bio	
person:1728	person	שמואל גארטענבערג	Shmuel Gartenberg	people_db	1728	entry_person_id:P-1-facs_83_tr_1740521021	matched		bio	"{""entry_type"": ""performer"", ""volume"": ""1"", ""span"": ""133-133"", ""credit"": ""מ. ע. פֿון אוצוקל גאָלדענבערג.""}"
place:Q1023020	place	שטשערזשעץ	Rollancourt	wikidata_qid	Q1023020	"{""kima_id"": """", ""lat"": """", ""lon"": """"}"	candidate		bio	
person:1930	person	בּערל גרודבּערג	Berl Grudberg	people_db	1930	entry_person_id:P-1-facs_83_r	matched		bio	"{""entry_type"": ""other"", ""volume"": ""1"", ""span"": ""133-133""}"
person:1959	person	חיים-אהרן האפנער	Chaim-Aaron Hafner	people_db	1959	entry_person_id:P-1-facs_83_tr_1740521018	matched		bio	"{""entry_type"": ""performer"", ""volume"": ""1"", ""span"": ""133-133"", ""birth_date"": ""1862"", ""death_date"": ""1923-09-13""}"
place:Q18383	place	פראווידענס	Providence	wikidata_qid	Q18383	"{""kima_id"": ""7741"", ""lat"": ""41.82399"", ""lon"": ""-71.41283""}"	matched		bio	
person:3162	person	אשר-זעליג וייס	Asher Zelig Vays	people_db	3162	entry_person_id:P-1-facs_83_tr_1740521029	matched		bio	"{""entry_type"": ""writer"", ""volume"": ""1"", ""span"": ""134-134""}"
place:Q1025226	place	מיכאָלאָווצע	Cadillac Series 370	wikidata_qid	Q1025226	"{""kima_id"": """", ""lat"": """", ""lon"": """"}"	candidate		bio	
person:1217	person	דוד בדחן פון באבער	Badkhan of Bober	people_db	1217	entry_person_id:P-1-facs_83_tr_1740521027	matched		bio	"{""entry_type"": ""performer"", ""volume"": ""1"", ""span"": ""134-134""}"
person:3186	person	וויניווער	Viniver	people_db	3186	entry_person_id:P-1-facs_84_tr_1740520964	matched		bio	"{""entry_type"": ""performer"", ""volume"": ""1"", ""span"": ""135-135"", ""credit"": ""מ. ע. פֿון ש. ערנסט.""}"
place:Q869732	place	אוננאָרן	Heppendorf	wikidata_qid	Q869732	"{""kima_id"": """", ""lat"": """", ""lon"": """"}"	candidate		bio	
person:3415	person	יעקב זיזמאַָר	Yakov Zizmor	people_db	3415	entry_person_id:P-1-facs_84_tr_1740520941	matched		bio	"{""entry_type"": ""performer"", ""volume"": ""1"", ""span"": ""188-188"", ""birth_date"": ""1856"", ""death_date"": ""1922-05-11""}"
person:1218	person	דער בדחן פון זעמבין (שיינמאן לייזער)	Badkhan of Zembin	people_db	1218	entry_person_id:P-1-facs_84_tr_1740520959	matched		bio	"{""entry_type"": ""performer"", ""volume"": ""1"", ""span"": ""188-188"", ""birth_date"": ""1839~"", ""death_date"": ""1903""}"
place:Q4190971	place	זעמבין	Zembin Ghetto	wikidata_qid	Q4190971	"{""kima_id"": """", ""lat"": """", ""lon"": """"}"	matched		bio	
person:2388	person	משה מאָרעכאווסקי (דער באַסלעווער מאַשרשליק)	Moshe Marechovski	people_db	2388	entry_person_id:P-1-facs_85_r_6	matched		bio	"{""entry_type"": ""performer"", ""volume"": ""1"", ""span"": ""137-138"", ""death_date"": ""1884"", ""credit"": ""מ. ע. פֿון יצחק פּערקאָף""}"
place:Q162083	place	קאַנאַטאָפּ	Konotop (Sumsʹka oblastʹ, Ukraine)	wikidata_qid	Q162083	"{""kima_id"": ""17312"", ""lat"": """", ""lon"": """"}"	matched		bio	
place:Q1936339	place	באָגוסלאָוו	Brestovany	wikidata_qid	Q1936339	"{""kima_id"": ""352"", ""lat"": """", ""lon"": """"}"	matched		bio	
place:Q334874	place	סיגעט	Sighetu Marmației	wikidata_qid	Q334874	"{""kima_id"": ""99"", ""lat"": ""47.930944"", ""lon"": ""23.894694""}"	matched		bio	
person:2885	person	סענדער בדחן (אליהו-אלכסנדר פידעלמאן)	Sender Badkhan	people_db	2885	entry_person_id:P-1-facs_87_tr_1740520982	matched		bio	"{""entry_type"": ""performer"", ""volume"": ""1"", ""span"": ""142-142"", ""birth_date"": ""1825""}"
person:1611	person	עוזר מאַרשעליק (ראָהאטינער)	Ezer Marshelik	people_db	1611	entry_person_id:P-1-facs_88_r	matched		bio	"{""entry_type"": ""performer"", ""volume"": ""1"", ""span"": ""143-143"", ""death_date"": ""1886"", ""credit"": ""מ. ע. פֿון גרשם באדער און איציקל גאָלדענבערג.""}"
person:3177	person	אַנעטאַ וועלמאַן (אַננאַ)	Aneta Veltman	people_db	3177	entry_person_id:P-1-facs_88_tr_1740521161	matched		bio	"{""entry_type"": ""performer"", ""volume"": ""1"", ""span"": ""143-143""}"
person_entry:P-1-facs_88_r_10	person	צונזער, אליקום		entry_person_id	P-1-facs_88_r_10		unmatched		bio	"{""entry_type"": ""writer"", ""volume"": ""1"", ""span"": ""144-144""}"
person:2123	person	א. קלעבאַנאָוו	A. Klebanov	people_db	2123	entry_person_id:P-1-facs_88_r_5	matched		bio	"{""entry_type"": ""other"", ""volume"": ""1"", ""span"": ""144-144""}"
person:1417	person	בּעסי בּודאַנאָוו (בּודניק)	Bessie Budanov	people_db	1417	entry_person_id:P-1-facs_89_tr_1740521002	matched		bio	"{""entry_type"": ""performer"", ""volume"": ""1"", ""span"": ""145-145"", ""birth_date"": ""1904-09-12"", ""credit"": ""מ. ע.""}"
place:Q33342	place	ביאָלאַ-צערקאָוו	Bila T︠S︡erkva (Ukraine)	wikidata_qid	Q33342	"{""kima_id"": ""350"", ""lat"": """", ""lon"": """"}"	matched		bio	
person:1420	person	מישע בּודקין	Misha Budkin	people_db	1420	entry_person_id:P-1-facs_89_tr_1740521007	matched		bio	"{""entry_type"": ""performer"", ""volume"": ""1"", ""span"": ""145-145"", ""birth_date"": ""1885-04-18"", ""credit"": ""ש. ע.""}"
place:Q869811	place	נאָווייבוג	Neuflieux	wikidata_qid	Q869811	"{""kima_id"": """", ""lat"": """", ""lon"": """"}"	candidate		bio	
place:Q207294	place	באברויסק	Babruysk	wikidata_qid	Q207294	"{""kima_id"": ""512"", ""lat"": ""53.150000"", ""lon"": ""29.233333""}"	matched		bio	
person:1435	person	חבל בּוזגאן	Chevel Buzgan	people_db	1435	entry_person_id:P-1-facs_89_tr_1740521006	matched		bio	"{""entry_type"": ""performer"", ""volume"": ""1"", ""span"": ""146-146"", ""birth_date"": ""1897-12-24"", ""credit"": ""ז. ע.""}"
person:1434	person	איזידאָר בּוזעט	Izidor Buzet	people_db	1434	entry_person_id:P-1-facs_90_tr_1740521114	matched		bio	"{""entry_type"": ""performer"", ""volume"": ""1"", ""span"": ""147-147"", ""birth_date"": ""1886-04-12"", ""credit"": ""מ. ע.""}"
person:728	person	אברהם בּוים	Abraham Baum	people_db	728	entry_person_id:P-1-facs_90_tr_1740521094	matched		bio	"{""entry_type"": ""performer"", ""volume"": ""1"", ""span"": ""148-148"", ""birth_date"": ""1864"", ""death_date"": ""1901"", ""credit"": ""מ.ע. פּֿון זיין פרוי, יעקב קאָצמאַן און בינע אַבראַמאָוויטש.""}"
person:1370	person	אננאַ בּוים (חנה פּאָלאַקאָווסקא)	Anna Boym	people_db	1370	entry_person_id:P-1-facs_91_tr_1740521128	matched		bio	"{""entry_type"": ""performer"", ""volume"": ""1"", ""span"": ""149-149"", ""birth_date"": ""1898-08-23"", ""credit"": ""ש. ע.""}"
person:1372	person	יהודה-לייבּ בּוימוואָל	Yehuda Leib Boymvol	people_db	1372	entry_person_id:P-1-facs_91_tr_1740521127	matched		bio	"{""entry_type"": ""director_regisseur"", ""volume"": ""1"", ""span"": ""149-149"", ""birth_date"": ""1892"", ""death_date"": ""1920-04""}"
place:Q369383	place	קאָזיאַטיין	Kozi︠a︡tyn (Vinnyt︠s︡ʹka oblastʹ, Ukraine)	wikidata_qid	Q369383	"{""kima_id"": ""73271"", ""lat"": """", ""lon"": """"}"	matched		bio	
person:1369	person	לייזער בּויקע	Leyzer Boyke	people_db	1369	entry_person_id:P-1-facs_91_r_5	matched		bio	"{""entry_type"": ""performer"", ""volume"": ""1"", ""span"": ""150-150"", ""death_date"": ""1912"", ""credit"": ""ש. ע. פֿון אַברהם פישקינד, ש. קרניזע, ז. טאָבאַטשניקאָוו, צעזאָר גרינבערג און סעם לודוויק.""}"
place:Q5207655	place	מוינעשטי [?]	Dacian fortress of Moinești	wikidata_qid	Q5207655	"{""kima_id"": """", ""lat"": """", ""lon"": """"}"	matched		bio	
person:1415	person	נפתּלי בּוכוואַלד	Naftali Buchwald	people_db	1415	entry_person_id:P-1-facs_92_tr_1740521083	matched		bio	"{""entry_type"": ""writer"", ""volume"": ""1"", ""span"": ""151-151"", ""birth_date"": ""1890-04-14"", ""credit"": ""מ. ע. פֿון יעקב מעסטעל.""}"
place:Q128214910	place	לייבון	Leivonmäki village	wikidata_qid	Q128214910	"{""kima_id"": """", ""lat"": """", ""lon"": """"}"	matched		bio	
person:1424	person	גוירטי בּולמאַן	Gertie Bulman	people_db	1424	entry_person_id:P-1-facs_93_tr_1740521094	matched		bio	"{""entry_type"": ""performer"", ""volume"": ""1"", ""span"": ""153-153"", ""birth_date"": ""1909-04-19"", ""credit"": ""ש. ע.""}"
person:1425	person	מאַקס בּולמאַן	Max Bulman	people_db	1425	entry_person_id:P-1-facs_93_tr_1740521079	matched		bio	"{""entry_type"": ""performer"", ""volume"": ""1"", ""span"": ""153-153"", ""birth_date"": ""1882"", ""death_date"": ""1925-03-23"", ""credit"": ""מ. ע. פֿון פרוי בולמאַן.""}"
place:Q157720	place	פלינסק	Capoliveri	wikidata_qid	Q157720	"{""kima_id"": """", ""lat"": """", ""lon"": """"}"	candidate		bio	
person:1423	person	אברהם בּולקין	Avraham Bulkin	people_db	1423	entry_person_id:P-1-facs_93_tr_1740521091	matched		bio	"{""entry_type"": ""writer"", ""volume"": ""1"", ""span"": ""154-154"", ""birth_date"": ""1894-10-31""}"
person:1422	person	יוסף בּוקסענבּוים	Joseph Buksenboym	people_db	1422	entry_person_id:P-1-facs_93_tr_1740521070	matched		bio	"{""entry_type"": ""performer"", ""volume"": ""1"", ""span"": ""154-154"", ""birth_date"": ""1872"", ""death_date"": ""1929-05"", ""credit"": ""מ. ע. פֿון סעם לודוויק.""}"
person:1416	person	אברהם בּוקשטיין	Abraham Buckstein	people_db	1416	entry_person_id:P-1-facs_94_tr_1740521158	matched		bio	"{""entry_type"": ""writer"", ""volume"": ""1"", ""span"": ""155-155"", ""birth_date"": ""1877""}"
place:UPL-0025	place	אַ דאָרף נעבן אָסטראָ					unmatched	attestation:unlinked	bio	
person:1428	person	קאַרל בּוראָוויק (בּצלאל)	Karl Burovik	people_db	1428	entry_person_id:P-1-facs_94_tr_1740521152	matched		bio	"{""entry_type"": ""writer"", ""volume"": ""1"", ""span"": ""155-155"", ""birth_date"": ""1878-07"", ""credit"": ""ש. ע.""}"
person:1433	person	פּסח בּורשטיין	Pesach Burstein	people_db	1433	entry_person_id:P-1-facs_94_tr_1740521168	matched		bio	"{""entry_type"": ""performer"", ""volume"": ""1"", ""span"": ""156-156"", ""birth_date"": ""1896-04-15"", ""credit"": ""מ. ע.""}"
place:Q62937	place	פולטוסק	Pułtusk	wikidata_qid	Q62937	"{""kima_id"": ""86"", ""lat"": """", ""lon"": """"}"	matched		bio	
person:1429	person	חייקעלע בּורשטין	Kheykele Burshtin	people_db	1429	entry_person_id:P-1-facs_94_tr_1740521165	matched		bio	"{""entry_type"": ""performer"", ""volume"": ""1"", ""span"": ""156-156"", ""birth_date"": ""1906-06-12"", ""credit"": ""ש. ע.""}"
person:1431	person	משה בּורשטין	Moshe Burshtin	people_db	1431	entry_person_id:P-1-facs_95_r_134	matched		bio	"{""entry_type"": ""performer"", ""volume"": ""1"", ""span"": ""157-157"", ""birth_date"": ""1884-08-02"", ""credit"": ""ש. ע.""}"
person:1294	person	ראָזעטא בּיאַליס (בּיאלאסטאצקי)	Roseta Bialis	people_db	1294	entry_person_id:P-1-facs_95_tr_1740521141	matched		bio	"{""entry_type"": ""performer"", ""volume"": ""1"", ""span"": ""158-158"", ""birth_date"": ""1896-11-28"", ""credit"": ""מ. ע.""}"
person:1295	person	חנה בּיאַלקאָוויטש (ראָזענצווייג)	Chana Bialkowicz	people_db	1295	entry_person_id:P-1-facs_95_tr_1740521138	matched		bio	"{""entry_type"": ""performer"", ""volume"": ""1"", ""span"": ""158-158"", ""birth_date"": ""1884-02-26"", ""credit"": ""ש. ע. פֿון ישראל ביאַלקאָוויטש""}"
person:1296	person	ישראל בּיאַלקאָוויטש	Izrael Bialkowicz	people_db	1296	entry_person_id:P-1-facs_95_tr_1740521146	matched		bio	"{""entry_type"": ""performer"", ""volume"": ""1"", ""span"": ""158-158"", ""birth_date"": ""1890-03-15"", ""credit"": ""ש. ע.""}"
place:Q103217	place	טשענסטאָכאָוו	Częstochowa	wikidata_qid	Q103217	"{""kima_id"": ""427"", ""lat"": ""50.809640"", ""lon"": ""19.122170""}"	matched		bio	
person:1300	person	אַלעקסאַנדער בידעסקא ([וואנדעלרגאלד])	Alexander Bidesco	people_db	1300	entry_person_id:P-1-facs_96_tr_1740521111	matched		bio	"{""entry_type"": ""performer"", ""volume"": ""1"", ""span"": ""159-159"", ""birth_date"": ""1878~"", ""credit"": ""מ. ע. פֿון נעקב וואַקסמאַן און ש. ע. פֿון מ. גאָלדבלאַט.""}"
place:Q18554	place	קאָנסטאַנצאַ	protection racket	wikidata_qid	Q18554	"{""kima_id"": """", ""lat"": """", ""lon"": """"}"	candidate		bio	
person:1299	person	איטשע בּידערמאַן	Itshe V. Biderman	people_db	1299	entry_person_id:P-1-facs_96_tr_1740521110	matched		bio	"{""entry_type"": ""writer"", ""volume"": ""1"", ""span"": ""160-160"", ""birth_date"": ""1892-07-23"", ""credit"": ""מ. ע.""}"
person:1288	person	סאָפיאַ בּיי	Sophia Bey	people_db	1288	entry_person_id:P-1-facs_96_tr_1740521114	matched		bio	"{""entry_type"": ""performer"", ""volume"": ""1"", ""span"": ""160-160"", ""birth_date"": ""1801"", ""credit"": ""ש. ע.""}"
place:Q1014367	place	קאַלאַראַש	Călărași	wikidata_qid	Q1014367	"{""kima_id"": ""19386"", ""lat"": ""47.254444444444"", ""lon"": ""28.308055555556""}"	matched		bio	
place:Q730929	place	אַסטראָווצע	Ostrowiec Świętokrzyski (Poland)	wikidata_qid	Q730929	"{""kima_id"": ""745"", ""lat"": """", ""lon"": """"}"	matched		bio	
person:1289	person	אשר בּיילין	Asher Beylin	people_db	1289	entry_person_id:P-1-facs_97_tr_1740520952	matched		bio	"{""entry_type"": ""writer"", ""volume"": ""1"", ""span"": ""161-161"", ""birth_date"": ""1881-02-21""}"
person:1290	person	כייקעל בּיילין	Kheykel Beyn	people_db	1290	entry_person_id:P-1-facs_97_tr_1740520944	matched		bio	"{""entry_type"": ""other"", ""volume"": ""1"", ""span"": ""161-161"", ""death_date"": ""1882-11""}"
person:1307	person	פישל בּימקאָ	Fishl Bimko	people_db	1307	entry_person_id:P-1-facs_97_tr_1740520957	matched		bio	"{""entry_type"": ""writer"", ""volume"": ""1"", ""span"": ""162-162"", ""birth_date"": ""1890-12-28"", ""credit"": ""מ. ע.""}"
place:Q102317	place	קעלץ	Kielce	wikidata_qid	Q102317	"{""kima_id"": ""398"", ""lat"": ""50.872500"", ""lon"": ""20.631944""}"	matched		bio	
person:1301	person	גליקא בּיעלאווסקי (דעגענשטיין)	Glika Bielavski	people_db	1301	entry_person_id:P-1-facs_98_tr_1740520995	matched		bio	"{""entry_type"": ""performer"", ""volume"": ""1"", ""span"": ""163-163"", ""birth_date"": ""1891-05-06"", ""credit"": ""מ. ע.""}"
place:Q393228	place	זשיכלין	Żychlin	wikidata_qid	Q393228	"{""kima_id"": ""19112"", ""lat"": """", ""lon"": """"}"	matched		bio	
person:1243	person	מאריס בּיעלאווסקי	Morris Belavsky	people_db	1243	entry_person_id:P-1-facs_98_tr_1740520999	matched		bio	"{""entry_type"": ""performer"", ""volume"": ""1"", ""span"": ""164-164"", ""birth_date"": ""1881-12-27"", ""credit"": ""ט. ע.""}"
person:1305	person	צבי בּיקעלס-שפּיצער	Tsvi Bikels-Spitzer	people_db	1305	entry_person_id:P-1-facs_98_tr_1740520997	matched		bio	"{""entry_type"": ""writer"", ""volume"": ""1"", ""span"": ""164-165"", ""birth_date"": ""1887-04-23"", ""death_date"": ""1917-01-02"", ""credit"": ""ש. ע. פֿון י. מעסטעל.""}"
person:1317	person	מ. בּירנבּוים	M. Birnboym	people_db	1317	entry_person_id:P-1-facs_100_tr_1740521003	matched		bio	"{""entry_type"": ""writer"", ""volume"": ""1"", ""span"": ""168-168""}"
person:1313	person	מיני בּירנבּוים (מינדל פּילפּעל)	Minnie Birnbaum	people_db	1313	entry_person_id:P-1-facs_100_tr_1740521002	matched		bio	"{""entry_type"": ""performer"", ""volume"": ""1"", ""span"": ""168-168"", ""birth_date"": ""1888-02-20"", ""credit"": ""מ. ע.""}"
person:1314	person	נתן דר בּירנבּוים (נחום)	Nathan Birnbaum	people_db	1314	entry_person_id:P-1-facs_100_tr_1740521007	matched		bio	"{""entry_type"": ""writer"", ""volume"": ""1"", ""span"": ""168-169"", ""birth_date"": ""1864-05-16""}"
person:1315	person	ראָזא בּירנבּוים	Rosa Birnbaum	people_db	1315	entry_person_id:P-1-facs_101_tr_1740521155	matched		bio	"{""entry_type"": ""performer"", ""volume"": ""1"", ""span"": ""170-170"", ""birth_date"": ""1896-04"", ""credit"": ""ש. ע.""}"
place:Q11874	place	וואָלין	Zvolen (Slovakia)	wikidata_qid	Q11874	"{""kima_id"": ""11609"", ""lat"": """", ""lon"": """"}"	matched		bio	
person:1320	person	קיידי בּלאַכמאַן (קיילע מייעראָוויטש)	Katie Blackman	people_db	1320	entry_person_id:P-1-facs_101_r_4	matched		bio	"{""entry_type"": ""performer"", ""volume"": ""1"", ""span"": ""170-170"", ""birth_date"": ""1876"", ""death_date"": ""1912""}"
place:UPL-0026	place	מאַנטעפיאָרע בית-עולם					unmatched	attestation:unlinked	bio	
person:1321	person	אברהם בּלאַנק	Avraham Blank	people_db	1321	entry_person_id:P-1-facs_101_tr_1740521152	matched		bio	"{""entry_type"": ""performer"", ""volume"": ""1"", ""span"": ""170-170"", ""birth_date"": ""1858"", ""credit"": ""ש. ע. דורך יעקב באַטאָשאַנסקי.""}"
person:1322	person	בּנימין בּלאַנק	Benjamin Blank	people_db	1322	entry_person_id:P-1-facs_102_tr_1740521064	matched		bio	"{""entry_type"": ""composer"", ""volume"": ""1"", ""span"": ""171-171"", ""birth_date"": ""1896-07-05"", ""credit"": ""ט. ע.""}"
person:1319	person	יעטאַ בלאַק	Yetta Black	people_db	1319	entry_person_id:P-1-facs_103_r_2	matched		bio	"{""entry_type"": ""performer"", ""volume"": ""1"", ""span"": ""174-174"", ""birth_date"": ""1880-05-01""}"
person:1334	person	מילדרעד בּלאַק	Mildred Block	people_db	1334	entry_person_id:P-1-facs_103_tr_1740521107	matched		bio	"{""entry_type"": ""performer"", ""volume"": ""1"", ""span"": ""174-174"", ""birth_date"": ""1902-03-15"", ""credit"": ""מ. ע.""}"
person:1337	person	הירש בּלאָשטיין	Hirsh Bloshteyn	people_db	1337	entry_person_id:P-1-facs_103_tr_1740521102	matched		bio	"{""entry_type"": ""writer"", ""volume"": ""1"", ""span"": ""174-174"", ""birth_date"": ""1895-01-01""}"
place:Q30007373	place	קיידאן געטא	Kėdainiai Ghetto	wikidata_qid	Q30007373	"{""kima_id"": ""381"", ""lat"": """", ""lon"": """"}"	matched		bio	
place:Q1020069	place	ראַרויווילאָוו	Radyvyliv (Ukraine)	wikidata_qid	Q1020069	"{""kima_id"": ""1724"", ""lat"": """", ""lon"": """"}"	matched		bio	
person:1341	person	הענרי בּלום (היינריך)	Henry Blum	people_db	1341	entry_person_id:P-1-facs_104_tr_1740521041	matched		bio	"{""entry_type"": ""performer"", ""volume"": ""1"", ""span"": ""176-176"", ""credit"": ""ש. ע.""}"
place:Q104725	place	פלאצק	Płock	wikidata_qid	Q104725	"{""kima_id"": ""413"", ""lat"": ""52.550000"", ""lon"": ""19.700000""}"	matched		bio	
person:1343	person	סאמועל בּלום (שמואל)	Samuel Blum	people_db	1343	entry_person_id:P-1-facs_104_tr_1740521049	matched		bio	"{""entry_type"": ""composer"", ""volume"": ""1"", ""span"": ""176-176"", ""birth_date"": ""1880-09-02"", ""credit"": ""ש. ע.""}"
person:1342	person	סעם בּלום (אַלעקסאַנדער)	Sam Blum	people_db	1342	entry_person_id:P-1-facs_105_tr_1740521098	matched		bio	"{""entry_type"": ""performer"", ""volume"": ""1"", ""span"": ""177-177"", ""birth_date"": ""1882-07-15"", ""credit"": ""מ. ע.""}"
person:1332	person	שבתי בליאַכער (בּליאַכאַר)	Shabtai Bliacher	people_db	1332	entry_person_id:P-1-facs_106_tr_1740521000	matched		bio	"{""volume"": ""1"", ""span"": ""180-180""}"
person:1328	person	העלען בּליי (יונה)	Helen Bley	people_db	1328	entry_person_id:P-1-facs_106_tr_1740520993	matched		bio	"{""entry_type"": ""performer"", ""volume"": ""1"", ""span"": ""180-180"", ""birth_date"": ""1902-12-27"", ""credit"": ""מ. ע.""}"
place:Q180294	place	יפו	Jaffa	wikidata_qid	Q180294	"{""kima_id"": ""629"", ""lat"": ""32.052222"", ""lon"": ""34.753056""}"	candidate		bio	
person:1325	person	בּעטי בּלייכמאַן (בּיילע קאַץ)	Betty Bleichman	people_db	1325	entry_person_id:P-1-facs_107_tr_1740521167	matched		bio	"{""entry_type"": ""performer"", ""volume"": ""1"", ""span"": ""181-181"", ""birth_date"": ""1874-01-20"", ""death_date"": ""1929-09-30"", ""credit"": ""ש. ע. פֿון יעקב בלייכמאַן.""}"
person:1326	person	יעקב בּלייכמאַן	Jacob Bleichman	people_db	1326	entry_person_id:P-1-facs_107_tr_1740521177	matched		bio	"{""entry_type"": ""performer"", ""volume"": ""1"", ""span"": ""181-181"", ""birth_date"": ""1870-03-20"", ""credit"": ""ש. ע.""}"
person:1329	person	יחזקאל בּלייכער	Yekhezkel Bleykher	people_db	1329	entry_person_id:P-1-facs_107_tr_1740521170	matched		bio	"{""entry_type"": ""writer"", ""volume"": ""1"", ""span"": ""181-181"", ""birth_date"": ""1884""}"
place:UPL-0027	place	וועראַ					unmatched	attestation:unlinked	bio	
person:1327	person	יעקב בּלייפער	Jacob Bleifer	people_db	1327	entry_person_id:P-1-facs_107_r_8	matched		bio	"{""entry_type"": ""performer"", ""volume"": ""1"", ""span"": ""182-182"", ""birth_date"": ""1901-07-28"", ""credit"": ""ש. ע.""}"
place:Q998393	place	זאָוויערטשע	Niabouri Department	wikidata_qid	Q998393	"{""kima_id"": """", ""lat"": """", ""lon"": """"}"	candidate		bio	
person:1330	person	משה בּליישטיפט	Moshe Bleyshtift	people_db	1330	entry_person_id:P-1-facs_107_tr_1740521172	matched		bio	"{""entry_type"": ""writer"", ""volume"": ""1"", ""span"": ""182-182"", ""birth_date"": ""1892""}"
person:1333	person	יצחק בּליפעלד	Itzhak Bliefeld	people_db	1333	entry_person_id:P-1-facs_108_tr_1740521028	matched		bio	"{""entry_type"": ""performer"", ""volume"": ""1"", ""span"": ""183-183"", ""birth_date"": ""1875-01-21"", ""credit"": ""מ. ע.""}"
place:Q1048172	place	יאָרמעלינעץ	Yarmolynetsi	wikidata_qid	Q1048172	"{""kima_id"": """", ""lat"": """", ""lon"": """"}"	candidate		bio	
person:1251	person	בּן-אלי	Ben-Ali	people_db	1251	entry_person_id:P-1-facs_108_tr_1740521024	matched		bio	"{""entry_type"": ""writer"", ""volume"": ""1"", ""span"": ""183-183"", ""birth_date"": ""1893-09-25"", ""credit"": ""ש. ע.""}"
person:1256	person	בּענדעדיקט בּן-ציון	Benedict Benzion	people_db	1256	entry_person_id:P-1-facs_110_r	matched		bio	"{""entry_type"": ""writer"", ""volume"": ""1"", ""span"": ""187-187"", ""birth_date"": ""1839"", ""credit"": ""מ. ע. פֿון באָרנס טאָמאָשעווסקי און ראובן ווייסמאן.""}"
place:Q1022977	place	האַרנאַסטאָיפּאָליע	CBM 8000 series	wikidata_qid	Q1022977	"{""kima_id"": """", ""lat"": """", ""lon"": """"}"	candidate		bio	
person:1292	person	איסר בּעזמאַן	Iser Bezman	people_db	1292	entry_person_id:P-1-facs_110_tr_1740520986	matched		bio	"{""entry_type"": ""administrator"", ""volume"": ""1"", ""span"": ""188-188"", ""birth_date"": ""1867""}"
person:1219	person	בּעל בּעיקער	Belle Baker	people_db	1219	entry_person_id:P-1-facs_110_tr_1740520985	matched		bio	"{""entry_type"": ""performer"", ""volume"": ""1"", ""span"": ""188-188""}"
person:1210	person	"בעל-מחשבות (ד""ר. איסידאָר (ישראל) עליאַשעוו)"	Ba'al Makhshoves	people_db	1210	entry_person_id:P-1-facs_111_tr_1740520942	matched		bio	"{""entry_type"": ""writer"", ""volume"": ""1"", ""span"": ""189-190"", ""birth_date"": ""1873-09-13"", ""death_date"": ""1924-01-13""}"
person:1246	person	אַדאָלף בעל (אברהם ביעלאָצערקאָווסקי)	Adolf Bell	people_db	1246	entry_person_id:P-1-facs_112_tr_1740521163	matched		bio	"{""entry_type"": ""performer"", ""volume"": ""1"", ""span"": ""191-191"", ""birth_date"": ""1886-09-04"", ""credit"": ""מ. ע.""}"
person:1247	person	צילע בעל (חנה צירל ביעלאָצערקאָווסקי)	Tsila Bell	people_db	1247	entry_person_id:P-1-facs_112_tr_1740521168	matched		bio	"{""entry_type"": ""performer"", ""volume"": ""1"", ""span"": ""191-191"", ""birth_date"": ""1911-11-15"", ""credit"": ""ש. ע.""}"
place:Q802	place	צאנז	Nowy Sącz	wikidata_qid	Q802	"{""kima_id"": ""435"", ""lat"": """", ""lon"": """"}"	matched		bio	
person:1240	person	משה-אליעזר בּעלינסאָן (בּיילינסאָן)	Moses Eliezer Beilinson	people_db	1240	entry_person_id:P-1-facs_112_tr_1740521166	matched		bio	"{""entry_type"": ""writer"", ""volume"": ""1"", ""span"": ""192-192"", ""birth_date"": ""1835~""}"
person:1249	person	הירש גדלי בעללויה (בעללאו – בעללאה)	Hirsh Gedalyi Bellow	people_db	1249	entry_person_id:P-1-facs_112_tr_1740521167	matched		bio	"{""entry_type"": ""director_regisseur"", ""volume"": ""1"", ""span"": ""192-192""}"
person:1248	person	בּעלא בּעלערינא (רובּינליכט)	Bella Bellarina	people_db	1248	entry_person_id:P-1-facs_113_tr_1740521032	matched		bio	"{""entry_type"": ""performer"", ""volume"": ""1"", ""span"": ""193-193"", ""birth_date"": ""1898-07-15"", ""credit"": ""ש. ע.""}"
person:1286	person	מישע בּעסאַראַבּאָוו (איטעלסאָן)	Misha Besarabov	people_db	1286	entry_person_id:P-1-facs_113_tr_1740521027	matched		bio	"{""entry_type"": ""performer"", ""volume"": ""1"", ""span"": ""194-194"", ""birth_date"": ""1894-03-06"", ""credit"": ""מ. ע.""}"
place:Q853785	place	סאַראַקי	Soroca	wikidata_qid	Q853785	"{""kima_id"": ""63"", ""lat"": ""48.155833333333"", ""lon"": ""28.2975""}"	matched		bio	
person:1242	person	מאַקס בּעקלער	Max Bekler	people_db	1242	entry_person_id:P-1-facs_113_tr_1740521033	matched		bio	"{""entry_type"": ""writer"", ""volume"": ""1"", ""span"": ""194-194""}"
person:1236	person	ראָזא בּעקער (זילבּערט)	Rosa Becker	people_db	1236	entry_person_id:P-1-facs_114_tr_1740520993	matched		bio	"{""entry_type"": ""performer"", ""volume"": ""1"", ""span"": ""195-195"", ""birth_date"": ""1892"", ""credit"": ""מ. ע.""}"
person:1238	person	בּעריש בּעקערמאַן	Berish Beckerman	people_db	1238	entry_person_id:P-1-facs_114_tr_1740520997	matched		bio	"{""entry_type"": ""writer"", ""volume"": ""1"", ""span"": ""195-196"", ""birth_date"": ""1854~""}"
place:Q145972	place	זאמאשטש	Zamość	wikidata_qid	Q145972	"{""kima_id"": ""962"", ""lat"": ""50.720555555556"", ""lon"": ""23.258611111111""}"	matched		bio	
person:1241	person	שמעון בּעקערמאַן	Simeon Bekerman	people_db	1241	entry_person_id:P-1-facs_115_tr_1740520960	matched		bio	"{""entry_type"": ""writer"", ""volume"": ""1"", ""span"": ""197-197"", ""credit"": ""ז. רייזען - „לעקס. ייד. ליט.\"" I, זז. 342-4.""}"
person:1261	person	אסתר בּערג	Esther Berg	people_db	1261	entry_person_id:P-1-facs_115_tr_1740520961	matched		bio	"{""entry_type"": ""performer"", ""volume"": ""1"", ""span"": ""197-197"", ""birth_date"": ""1889-07-18"", ""credit"": ""ש. ע. פֿון רודאָלף בערג.""}"
person:1262	person	רודאָלף בּערג (זילבערבערג)	Rudolf Berg	people_db	1262	entry_person_id:P-1-facs_115_tr_1740520964	matched		bio	"{""entry_type"": ""performer"", ""volume"": ""1"", ""span"": ""197-197"", ""birth_date"": ""1876-11-24""}"
person:1266	person	איציק-מענדל בּערגמאַן	Itsik Mendl Bergman	people_db	1266	entry_person_id:P-1-facs_115_r_6	matched		bio	"{""entry_type"": ""performer"", ""volume"": ""1"", ""span"": ""198-198"", ""credit"": ""ש. ע.""}"
person:1267	person	שמחה בּערגמאַן	Simcha Bergman	people_db	1267	entry_person_id:P-1-facs_116_r_1	matched		bio	"{""entry_type"": ""performer"", ""volume"": ""1"", ""span"": ""199-199"", ""birth_date"": ""1881-07-14"", ""credit"": ""מ. ע.""}"
person:1263	person	דוד בּערגעלסאָן	David Bergelson	people_db	1263	entry_person_id:P-1-facs_116_tr_1740521031	matched		bio	"{""entry_type"": ""writer"", ""volume"": ""1"", ""span"": ""199-199"", ""birth_date"": ""1884"", ""credit"": ""מ. ע.""}"
place:Q847717	place	אַכרימאַוואָ (סאַרנאַ) ביי אומאַן	Akhrymava	wikidata_qid	Q847717	"{""kima_id"": """", ""lat"": """", ""lon"": """"}"	candidate		bio	
person:1264	person	לעאָן בּערגער	Leon Berger	people_db	1264	entry_person_id:P-1-facs_116_r_5	matched		bio	"{""entry_type"": ""director_regisseur"", ""volume"": ""1"", ""span"": ""200-200""}"
person:1265	person	ראַשעל בּערגער	Rachelle Berger	people_db	1265	entry_person_id:P-1-facs_117_tr_1740520943	matched		bio	"{""entry_type"": ""performer"", ""volume"": ""1"", ""span"": ""201-201"", ""birth_date"": ""1907"", ""credit"": ""מ. ע.""}"
place:Q20765	place	בראַאילא	Brăila	wikidata_qid	Q20765	"{""kima_id"": """", ""lat"": """", ""lon"": """"}"	candidate		bio	
person:1269	person	יעקב בּערגרין (גרינבערג)	Jacob Bergreen	people_db	1269	entry_person_id:P-1-facs_117_tr_1740520951	matched		bio	"{""entry_type"": ""performer"", ""volume"": ""1"", ""span"": ""201-201"", ""birth_date"": ""1899-06-24"", ""credit"": ""מ. ע.""}"
place:Q1022855	place	נעמעראָוו	CASA Arena Horsens	wikidata_qid	Q1022855	"{""kima_id"": """", ""lat"": """", ""lon"": """"}"	candidate		bio	
person:1259	person	מיכה בּערדיטשעווסקי	Micha Josef Berdichevsky	people_db	1259	entry_person_id:P-1-facs_117_tr_1740520952	matched		bio	"{""volume"": ""1"", ""span"": ""202-202""}"
person:1258	person	בּן-ציון בּערדיטשעווסקי (בּערדיטשעווער)	Ben-Zion Berdichevsky	people_db	1258	entry_person_id:P-1-facs_117_tr_1740520947	matched		bio	"{""entry_type"": ""performer"", ""volume"": ""1"", ""span"": ""202-202"", ""birth_date"": ""1898-04-15""}"
place:Q2078085	place	פֿאַלעשט	Fălești	wikidata_qid	Q2078085	"{""kima_id"": ""16772"", ""lat"": """", ""lon"": """"}"	matched		bio	
person:1285	person	יהושע בּערטאַנאָוו (בּירטון)	Yehoshua Bertanov	people_db	1285	entry_person_id:P-1-facs_118_tr_1740521129	matched		bio	"{""entry_type"": ""performer"", ""volume"": ""1"", ""span"": ""203-203"", ""birth_date"": ""1881-03-16""}"
person_entry:P-1-facs_118_r_2	person	בערטעל-ליבערט		entry_person_id	P-1-facs_118_r_2		unmatched		bio	"{""entry_type"": ""performer"", ""volume"": ""1"", ""span"": ""203-203""}"
person:1277	person	אַדאָלף בּערמאַן	Adolf Berman	people_db	1277	entry_person_id:P-1-facs_118_tr_1740521141	matched		bio	"{""entry_type"": ""performer"", ""volume"": ""1"", ""span"": ""204-204"", ""birth_date"": ""1872-11-27"", ""credit"": ""ש. ע.""}"
person:1278	person	הענרי בּערמאַן (הענעך בּיילי)	Henry Berman	people_db	1278	entry_person_id:P-1-facs_118_tr_1740521135	matched		bio	"{""entry_type"": ""performer"", ""volume"": ""1"", ""span"": ""204-204"", ""birth_date"": ""1885-03-06"", ""credit"": ""ש. ע.""}"
place:Q1049253	place	פּאָדעמביץ	cel shading	wikidata_qid	Q1049253	"{""kima_id"": """", ""lat"": """", ""lon"": """"}"	candidate		bio	
person:1279	person	הערמאן בּערמאן	Herman Berman	people_db	1279	entry_person_id:P-1-facs_119_tr_1740521143	matched		bio	"{""entry_type"": ""performer"", ""volume"": ""1"", ""span"": ""205-205"", ""birth_date"": ""1859"", ""death_date"": ""1923-01-14"", ""credit"": ""מ. ע. פֿון ה. פּיינשטיין.""}"
person:1282	person	בּערל בּערנאַרד (טאָפּ)	Berel Bernardi	people_db	1282	entry_person_id:P-1-facs_119_tr_1740521161	matched		bio	"{""entry_type"": ""performer"", ""volume"": ""1"", ""span"": ""206-206"", ""birth_date"": ""1873-04-26"", ""credit"": ""מ. ע.""}"
person:1283	person	העלען בּערנאַרדי (לאמפּעל -- טאָפּף)	Helen Bernardi	people_db	1283	entry_person_id:P-1-facs_119_tr_1740521149	matched		bio	"{""entry_type"": ""performer"", ""volume"": ""1"", ""span"": ""206-206"", ""birth_date"": ""1882-03-31"", ""credit"": ""ש. ע.""}"
person:3459	person	ש. בּער(ע)נשטיין		people_db	3459	entry_person_id:P-1-facs_121_tr_1740521041	matched		bio	"{""entry_type"": ""writer"", ""volume"": ""1"", ""span"": ""209-209""}"
person:1284	person	בּעלאַ בּערסאן (בּלומע זאַבאַראַ)	Bela Berson	people_db	1284	entry_person_id:P-1-facs_121_tr_1740521040	matched		bio	"{""entry_type"": ""performer"", ""volume"": ""1"", ""span"": ""209-209"", ""birth_date"": ""1886-12-20"", ""credit"": ""מ. ע.""}"
place:Q1026920	place	סטעבלאָוו	Stebliv	wikidata_qid	Q1026920	"{""kima_id"": """", ""lat"": """", ""lon"": """"}"	matched		bio	
person:795	person	אברהם בּערקאַוויטש	Avraham Berkovitsh	people_db	795	entry_person_id:P-1-facs_121_tr_1740521043	matched		bio	"{""entry_type"": ""performer"", ""volume"": ""1"", ""span"": ""210-210"", ""birth_date"": ""1901-02-28"", ""credit"": ""ש. ע.""}"
place:UPL-0028	place	קאַהול					unmatched	no_attestation	bio	
person:1272	person	יחיאל בּערקאָוויטש	Yekhiel Berkovitsh	people_db	1272	entry_person_id:P-1-facs_121_r_7	matched		bio	"{""entry_type"": ""performer"", ""volume"": ""1"", ""span"": ""210-210"", ""birth_date"": ""1856"", ""death_date"": ""1917"", ""credit"": ""ש. ע. פון זיין זון.""}"
person:1270	person	לייזער בּערקאָוויטש	Leyzer Berkovitsh	people_db	1270	entry_person_id:P-1-facs_122_tr_1740521117	matched		bio	"{""entry_type"": ""director_regisseur"", ""volume"": ""1"", ""span"": ""212-212"", ""birth_date"": ""1879-06-20"", ""credit"": ""מ. ע.""}"
place:Q18537031	place	בורדוזשען	Burdujeni	wikidata_qid	Q18537031	"{""kima_id"": """", ""lat"": """", ""lon"": """"}"	matched		bio	
person:1271	person	שרה בּערקאָוויטש	Sarah Berkovitsh	people_db	1271	entry_person_id:P-1-facs_123_r_1	matched		bio	"{""entry_type"": ""performer"", ""volume"": ""1"", ""span"": ""283-283"", ""credit"": ""מ. ע. פֿון הערמאַן פּידלער.""}"
person:1274	person	אידאַ בּערקאָווסקאַ	Ida Berkovska	people_db	1274	entry_person_id:P-1-facs_123_r_2	matched		bio	"{""entry_type"": ""performer"", ""volume"": ""1"", ""span"": ""283-283"", ""birth_date"": ""1903-04-12"", ""credit"": ""ש. ע.""}"
person:1287	person	סאלי בּעשטענדיג (שרה רבקה)	Sally Beshtendig	people_db	1287	entry_person_id:P-1-facs_123_tr_1740520962	matched		bio	"{""entry_type"": ""performer"", ""volume"": ""1"", ""span"": ""283-283"", ""birth_date"": ""1874-06-12"", ""death_date"": ""1927-09-22"", ""credit"": ""ש. ע. פֿון מנהם דעסער.""}"
person:1377	person	כינע בּראַגינסקאַ (פישזאָן)	Chine Braginska	people_db	1377	entry_person_id:P-1-facs_123_tr_1740520964	matched		bio	"{""entry_type"": ""performer"", ""volume"": ""1"", ""span"": ""283-283"", ""birth_date"": ""1872-05-15"", ""credit"": ""מ. ע.""}"
person:1402	person	אהרן בּראָדסקי	Aaron Brodsky	people_db	1402	entry_person_id:P-1-facs_123_tr_1740520960	matched		bio	"{""entry_type"": ""writer"", ""volume"": ""1"", ""span"": ""214-214"", ""birth_date"": ""1878-08-10"", ""death_date"": ""1925-08-29""}"
place:Q688654	place	דובאַסאָר	Dubăsari	wikidata_qid	Q688654	"{""kima_id"": ""14528"", ""lat"": """", ""lon"": """"}"	candidate		bio	
person_entry:P-1-facs_124_tr_1740520974	person	בראָדערזינגער און פֿאָלקסינגער		entry_person_id	P-1-facs_124_tr_1740520974		unmatched		bio	"{""entry_type"": ""group"", ""volume"": ""1"", ""span"": ""216-219"", ""birth_date"": ""185X"", ""credit"": ""מ. ע. פֿון ראובן ווייסמאָן""}"
place:Q465104	place	בראָד	Brody	wikidata_qid	Q465104	"{""kima_id"": ""677"", ""lat"": ""50.078056"", ""lon"": ""25.154167""}"	candidate		bio	
person_entry:P-1-facs_126_tr_1740521024	person	אָדעסער פֿאָלקסזינגער		entry_person_id	P-1-facs_126_tr_1740521024		unmatched		bio	"{""entry_type"": ""other"", ""volume"": ""1"", ""span"": ""220-220""}"
person:1344	person	מאקס בּלומענפעלד	Max Blumenfeld	people_db	1344	entry_person_id:P-1-facs_126_r_2	matched		bio	"{""entry_type"": ""performer"", ""volume"": ""1"", ""span"": ""220-220"", ""credit"": ""ש. ע. פֿון בעריש בעקערמאן.""}"
person:1253	person	חיים בּענדעל	Chaim Bendel	people_db	1253	entry_person_id:P-1-facs_126_tr_1740521016	matched		bio	"{""entry_type"": ""performer"", ""volume"": ""1"", ""span"": ""220-220"", ""birth_date"": ""1847-04-23"", ""death_date"": ""1913-02-15"", ""credit"": ""ש. ע. פֿון זיין איידעם עמיל בראָמבערג.""}"
person:1399	person	אפרים בּראדער (שער)	Efrim Broder	people_db	1399	entry_person_id:P-1-facs_127_tr_1740521137	matched		bio	"{""entry_type"": ""performer"", ""volume"": ""1"", ""span"": ""221-221"", ""credit"": ""מ. ע. פֿון סעם לודוויק און שלום פּאַדזאמטשע.""}"
person:1398	person	בערל בּראדער	Berl Broder	people_db	1398	entry_person_id:P-1-facs_127_tr_1740521131	matched		bio	"{""entry_type"": ""performer"", ""volume"": ""1"", ""span"": ""221-228"", ""birth_date"": ""1817"", ""death_date"": ""1880""}"
person:1857	person	דוד-מאיר גאָלדוואורם	David-Meir Goldvurm	people_db	1857	entry_person_id:P-1-facs_130_tr_1740521101	matched		bio	"{""entry_type"": ""performer"", ""volume"": ""1"", ""span"": ""227-227""}"
person:1859	person	יעקב גאָלדוואורם	Yakov Goldvurm	people_db	1859	entry_person_id:P-1-facs_130_tr_1740521095	matched		bio	"{""entry_type"": ""performer"", ""volume"": ""1"", ""span"": ""227-227"", ""credit"": ""מ. ע. פֿון סעם לודוויק.""}"
person:1858	person	משה גאָלדוואורם	Moshe Goldvurm	people_db	1858	entry_person_id:P-1-facs_130_tr_1740521102	matched		bio	"{""entry_type"": ""performer"", ""volume"": ""1"", ""span"": ""227-227"", ""death_date"": ""1913"", ""credit"": ""מ. ע. פֿון סעם לודוויק.""}"
person:1780	person	יואל גלאַנץ (ראַטץ)	Yoel Glantz	people_db	1780	entry_person_id:P-1-facs_130_tr_1740521098	matched		bio	"{""entry_type"": ""performer"", ""volume"": ""1"", ""span"": ""227-227"", ""birth_date"": ""1865-12-31"", ""credit"": ""ש. ע. פֿון עמנואל דעסער.""}"
place:Q1022906	place	קאָמאָרנע	Sombrin	wikidata_qid	Q1022906	"{""kima_id"": """", ""lat"": """", ""lon"": """"}"	candidate		bio	
person:1469	person	דאַצינגער	Dantsiger	people_db	1469	entry_person_id:P-1-facs_130_tr_1740521106	matched		bio	"{""volume"": ""1"", ""span"": ""228-228"", ""credit"": ""מ. ע. פֿון סעם לודוויק.""}"
person:1528	person	יאַקאָווקע דובּינסקי (יעקבקע)	Yakovke Dubinski	people_db	1528	entry_person_id:P-1-facs_130_tr_1740521104	matched		bio	"{""entry_type"": ""performer"", ""volume"": ""1"", ""span"": ""228-228"", ""death_date"": ""189"", ""credit"": ""מ. ע. פֿון שלום פּאָדזאַמטשע, סעם לודוויק און יצחק ליברעסקאַ און ש. ע. פֿון בעריש בעקערמאַן.""}"
place:UPL-0029	place	הינטערן פלויט					unmatched	attestation:unlinked	bio	
person:1486	person	בּנימין דענציס	Binyamin Dentsis	people_db	1486	entry_person_id:P-1-facs_131_tr_1740521179	matched		bio	"{""entry_type"": ""other"", ""volume"": ""1"", ""span"": ""229-229"", ""credit"": ""ש. ע. פֿון ל. דושמאַן.""}"
person:2007	person	לייזער היטעלמאַן	Leyzer Hitelman	people_db	2007	entry_person_id:P-1-facs_131_tr_1740521175	matched		bio	"{""entry_type"": ""performer"", ""volume"": ""1"", ""span"": ""229-229"", ""credit"": ""מ. ע. פֿון סעם לודוויג.""}"
person:3161	person	משה וויינטרויבּ	Moshe Vayntroyb	people_db	3161	entry_person_id:P-1-facs_131_tr_1740521165	matched		bio	"{""entry_type"": ""performer"", ""volume"": ""1"", ""span"": ""229-229"", ""death_date"": ""189~"", ""credit"": ""מ. ע. פֿון שלום פּאָדזאַמטשע.""}"
person:1968	person	יצחק חאנאט	Itzhak Hanat	people_db	1968	entry_person_id:P-1-facs_131_r_3	matched		bio	"{""entry_type"": ""performer"", ""volume"": ""1"", ""span"": ""230-230"", ""credit"": ""מ. ע. פֿון יוליום גוטמאַן.""}"
person:3299	person	יאַנקעלע מיט דער האַרמאָניע (הירשענביין)	Yankele mit der harmonye	people_db	3299	entry_person_id:P-1-facs_131_tr_1740521178	matched		bio	"{""entry_type"": ""performer"", ""volume"": ""1"", ""span"": ""230-230"", ""death_date"": ""1910"", ""credit"": ""מ. ע. פֿון יאָסעלע מאָשקאָוויטש.""}"
place:Q4122387	place	באַקוי	Bakoy	wikidata_qid	Q4122387	"{""kima_id"": """", ""lat"": """", ""lon"": """"}"	matched		bio	
place:Q1342	place	פיטסבורג	Pittsburgh	wikidata_qid	Q1342	"{""kima_id"": ""7508"", ""lat"": ""40.441667"", ""lon"": ""-80.000000""}"	matched		bio	
person:3317	person	יאָסעלע דער בּלינדער	Yosele the Blind	people_db	3317	entry_person_id:P-1-facs_131_tr_1740521171	matched		bio	"{""entry_type"": ""performer"", ""volume"": ""1"", ""span"": ""230-230"", ""credit"": ""מ. ע. פֿון יעקב מעסטעל.""}"
person:2360	person	חיים-שמואל לוקאַטשער	Chaim Shmuel Lukatcher	people_db	2360	entry_person_id:P-1-facs_132_tr_1740520961	matched		bio	"{""entry_type"": ""performer"", ""volume"": ""1"", ""span"": ""231-231"", ""birth_date"": ""1840~"", ""credit"": ""מ. ע. פֿון סעם לודוויק, משה שאַר און ה. פּיינשטיין.""}"
place:UPL-0030	place	בראָדער שפּיטאָל					unmatched	attestation:unlinked	bio	
person:2518	person	יאָסעלע מאָשקאָוויטש	Yosele Moshkovitsh	people_db	2518	entry_person_id:P-1-facs_132_tr_1740520968	matched		bio	"{""entry_type"": ""musician"", ""volume"": ""1"", ""span"": ""231-231"", ""birth_date"": ""1879-07-03"", ""credit"": ""מ. ע.""}"
person:2511	person	משה דער בלינדער (זינגער)	Moshe the Blind	people_db	2511	entry_person_id:P-1-facs_132_tr_1740520960	matched		bio	"{""entry_type"": ""performer"", ""volume"": ""1"", ""span"": ""232-232"", ""birth_date"": ""1856"", ""death_date"": ""1916-02-26"", ""credit"": ""מ. ע. פֿון איציקל גאָלדענבערג.""}"
person:2510	person	משה מרדכי	Moshe Mordechai	people_db	2510	entry_person_id:P-1-facs_132_tr_1740520957	matched		bio	"{""entry_type"": ""performer"", ""volume"": ""1"", ""span"": ""232-232"", ""credit"": ""מ. ע. פֿון יאָסעלע מאָשקאָוויטש.""}"
person:1635	person	אשר פייערשטיין (זעליג גאַבעל)	Asher Feyershteyn	people_db	1635	entry_person_id:P-1-facs_132_tr_1740520959	matched		bio	"{""entry_type"": ""performer"", ""volume"": ""1"", ""span"": ""232-232"", ""credit"": ""מ. ע. פֿון סעם לודוויק.""}"
person_entry:P-1-facs_132_tr_1740520964	person	פיליפּעסקאַ און זיין פרוי דזשאַנעט		entry_person_id	P-1-facs_132_tr_1740520964		unmatched		bio	"{""entry_type"": ""performer"", ""volume"": ""1"", ""span"": ""232-232"", ""credit"": ""ש. ע. פֿון סענע שאַפּיראָ.""}"
person:3105	person	יעקב יונה צימבּלער (דימאַנט)	Yakov Yonah Tsimbler	people_db	3105	entry_person_id:P-1-facs_133_tr_1740521125	matched		bio	"{""entry_type"": ""performer"", ""volume"": ""1"", ""span"": ""233-233"", ""birth_date"": ""1861"", ""credit"": ""מ. ע. פֿון יאָסעלע מאָשקאָוויטש און ש. ע. פֿון סעני שאַפּיראָ.""}"
person:2140	person	משה קאָפ	Moshe Kopp	people_db	2140	entry_person_id:P-1-facs_133_r_9	matched		bio	"{""entry_type"": ""performer"", ""volume"": ""1"", ""span"": ""233-233"", ""credit"": ""מ. ע. פֿון יאָסעלע מאָשקאָוויטש.""}"
person:2064	person	אברהם קאָפקע	Avraham Kafka	people_db	2064	entry_person_id:P-1-facs_133_tr_1740521131	matched		bio	"{""entry_type"": ""performer"", ""volume"": ""1"", ""span"": ""233-233"", ""credit"": ""ש. ע. פֿון סענע שאָפּיראָ.""}"
person:2842	person	בירך שאַפיר (בענעדיקט)	Bajrach Schafir	people_db	2842	entry_person_id:P-1-facs_133_tr_1740521134	matched		bio	"{""entry_type"": ""performer"", ""volume"": ""1"", ""span"": ""233-233"", ""birth_date"": ""מיטן פֿון 19טן יאָרהונדערט"", ""death_date"": ""פֿאַר דער וועלטמלחמה""}"
person:2946	person	דוד שטעפלער (פאַרקע)	Shtepler	people_db	2946	entry_person_id:P-1-facs_133_tr_1740521135	matched		bio	"{""entry_type"": ""performer"", ""volume"": ""1"", ""span"": ""234-234"", ""death_date"": ""1919/1920"", ""credit"": ""מ. ע. פֿון יואָל גלאַנץ און שלום פּאָדזאַמטשע.""}"
person:2951	person	חנא שטרודלער	Chona Shtrudler	people_db	2951	entry_person_id:P-1-facs_134_tr_1740520966	matched		bio	"{""entry_type"": ""performer"", ""volume"": ""1"", ""span"": ""235-235"", ""credit"": ""מ. ע. פֿון יוליוס גוטמאַן און ש. ע. פֿון יעקב מעסטעל.""}"
person:2934	person	שמאַילע דער הייזעריקער	Shmayle der hozeriker	people_db	2934	entry_person_id:P-1-facs_134_tr_1740520965	matched		bio	"{""entry_type"": ""performer"", ""volume"": ""1"", ""span"": ""235-235"", ""credit"": ""מ. ע. פֿון סענע שאַפּיראָ און סעם לודוויק.""}"
person:2936	person	שמוליאַק	Shmuliak	people_db	2936	entry_person_id:P-1-facs_134_r_12	matched		bio	"{""entry_type"": ""performer"", ""volume"": ""1"", ""span"": ""235-235"", ""credit"": ""ש. ע. פֿון בעריש בעקערמאַן.""}"
person:3014	person	לעאָָו שפאַצער	Leon Spatzer	people_db	3014	entry_person_id:P-1-facs_134_tr_1740520951	matched		bio	"{""entry_type"": ""performer"", ""volume"": ""1"", ""span"": ""236-236"", ""death_date"": ""1917"", ""credit"": ""מ. ע. פֿון סעם לודוויק.""}"
place:Q200963	place	ברזשעזשאָן	Treguaco	wikidata_qid	Q200963	"{""kima_id"": """", ""lat"": """", ""lon"": """"}"	candidate		bio	
person:783	person	מאָריס בּראון (מנחם-מענדל בּראָנשטיין)	Morris Braun	people_db	783	entry_person_id:P-1-facs_134_tr_1740520967	matched		bio	"{""entry_type"": ""performer"", ""volume"": ""1"", ""span"": ""236-236"", ""birth_date"": ""1900-01-14"", ""credit"": ""ש. ע.""}"
person:1410	person	קייטי בּראַון (גיטל בּאַקאָן)	Katie Brown	people_db	1410	entry_person_id:P-1-facs_135_tr_1740521025	matched		bio	"{""entry_type"": ""writer"", ""volume"": ""1"", ""span"": ""237-237"", ""birth_date"": ""1887-11-06"", ""credit"": ""ש. ע.""}"
place:Q985164	place	אוליאָנאָף	Calzadilla de los Hermanillos	wikidata_qid	Q985164	"{""kima_id"": """", ""lat"": """", ""lon"": """"}"	candidate		bio	
person:1411	person	ראָזא בּראון (רחל איזאקסאָן)	Rose Brown	people_db	1411	entry_person_id:P-1-facs_135_tr_1740521026	matched		bio	"{""entry_type"": ""performer"", ""volume"": ""1"", ""span"": ""237-237"", ""birth_date"": ""1902-12-15"", ""credit"": ""ש. ע.""}"
person:1378	person	אברהם בּראַלמאַן	Avraham Hersh Bralman	people_db	1378	entry_person_id:P-1-facs_135_r_2	matched		bio	"{""entry_type"": ""performer"", ""volume"": ""1"", ""span"": ""238-238"", ""credit"": ""מ. ע. פֿון יוסף וויינשטאָק, מ. נאָכאָטקעס און יעקב קאָמאַן.""}"
person:1379	person	שאול בּראַנדעס	Saul Brandes	people_db	1379	entry_person_id:P-1-facs_135_tr_1740521015	matched		bio	"{""entry_type"": ""performer"", ""volume"": ""1"", ""span"": ""238-238"", ""birth_date"": ""1866~"", ""death_date"": ""1929-03""}"
person:1408	person	אסתר בּראָנשטיין (סטאלארסקאיא)	Esther Bronstein	people_db	1408	entry_person_id:P-1-facs_136_tr_1740521121	matched		bio	"{""entry_type"": ""performer"", ""volume"": ""1"", ""span"": ""239-239"", ""birth_date"": ""1875~"", ""death_date"": ""1927-07-03"", ""credit"": ""מ. ע. פֿון יצחק בליפעלד און אַברהם טייטעלבוים.""}"
place:Q997469	place	מאָגילעוו	Mohyliv-Podilskyi	wikidata_qid	Q997469	"{""kima_id"": ""18781"", ""lat"": ""48.450000"", ""lon"": ""27.783333""}"	candidate		bio	
place:Q928716	place	בעריסלאָוו	Reboleira	wikidata_qid	Q928716	"{""kima_id"": """", ""lat"": """", ""lon"": """"}"	candidate		bio	
person:1376	person	מאיר בּראַף	Meyer Braff	people_db	1376	entry_person_id:P-1-facs_136_tr_1740521127	matched		bio	"{""entry_type"": ""performer"", ""volume"": ""1"", ""span"": ""240-240"", ""birth_date"": ""1896-03-19"", ""credit"": ""מ. ע.""}"
place:UPL-0031	place	טאַרנאָוו					unmatched	attestation:misresolved	bio	
place:Q956607	place	לעכעוויטש	Liachavičy	wikidata_qid	Q956607	"{""kima_id"": """", ""lat"": """", ""lon"": """"}"	matched		bio	
person:3460	person	בּרוידע		people_db	3460	entry_person_id:P-1-facs_137_tr_1740521113	matched		bio	"{""entry_type"": ""writer"", ""volume"": ""1"", ""span"": ""241-241""}"
person:1405	person	מ. בּרוידא (מייער גרוזני)	M.Z. Broida	people_db	1405	entry_person_id:P-1-facs_137_tr_1740521116	matched		bio	"{""entry_type"": ""performer"", ""volume"": ""1"", ""span"": ""241-241"", ""birth_date"": ""1892-10-04"", ""credit"": ""ש. ע. דורך ל. דושמאַ""}"
place:Q2553104	place	סאָסניצע	Sosnytsia	wikidata_qid	Q2553104	"{""kima_id"": """", ""lat"": """", ""lon"": """"}"	candidate		bio	
person:1412	person	שמחה בּרוידע	Simcha Broyde	people_db	1412	entry_person_id:P-1-facs_137_tr_1740521115	matched		bio	"{""entry_type"": ""administrator"", ""volume"": ""1"", ""span"": ""242-242"", ""birth_date"": ""1881-01-15"", ""credit"": ""ש. ע.""}"
place:Q1002685	place	סטאָוויסק	Stawiszyn (Poland)	wikidata_qid	Q1002685	"{""kima_id"": ""23800"", ""lat"": """", ""lon"": """"}"	matched		bio	
person:1413	person	יצחק בּרוידעס	Itzhak Broydes	people_db	1413	entry_person_id:P-1-facs_137_tr_1740521123	matched		bio	"{""entry_type"": ""writer"", ""volume"": ""1"", ""span"": ""242-242"", ""birth_date"": ""1880~""}"
person:1396	person	אַננאַ בּריה	Anna Briya	people_db	1396	entry_person_id:P-1-facs_138_tr_1740521003	matched		bio	"{""entry_type"": ""performer"", ""volume"": ""1"", ""span"": ""243-243"", ""birth_date"": ""1873-02-15"", ""death_date"": ""1917-09-20"", ""credit"": ""מ. ע. פֿון פּעטער גראָף און יוליוס גוטמאַן.""}"
place:Q874218	place	סאָקאָל	Alabama State Route 118	wikidata_qid	Q874218	"{""kima_id"": """", ""lat"": """", ""lon"": """"}"	candidate		bio	
place:Q259497	place	באָך קריניצאָ	Krynica-Zdrój	wikidata_qid	Q259497	"{""kima_id"": ""15423"", ""lat"": """", ""lon"": """"}"	matched		bio	
person:1397	person	ראָזא בּריה	Roza Briya	people_db	1397	entry_person_id:P-1-facs_138_r_1	matched		bio	"{""entry_type"": ""performer"", ""volume"": ""1"", ""span"": ""243-243"", ""birth_date"": ""1893"", ""credit"": ""ש. ע. פֿון לעאָן הערבסט.""}"
person:1389	person	הירש דר בּריל	Hirsch Brill	people_db	1389	entry_person_id:P-1-facs_138_tr_1740521012	matched		bio	"{""entry_type"": ""writer"", ""volume"": ""1"", ""span"": ""244-244"", ""birth_date"": ""1881-04"", ""death_date"": ""1925-10-07""}"
place:Q3500094	place	פּאָפּעליאַן	Papilė	wikidata_qid	Q3500094	"{""kima_id"": """", ""lat"": """", ""lon"": """"}"	matched		bio	
place:Q258	place	דרום אפריקע	South Africa	wikidata_qid	Q258	"{""kima_id"": ""2394"", ""lat"": ""-29.0"", ""lon"": ""24.0""}"	matched		bio	
person:1390	person	יצחק-ליפּע בּריל (ליפּ)	Yitzhak-Lipe Brill	people_db	1390	entry_person_id:P-1-facs_139_tr_1740521046	matched		bio	"{""entry_type"": ""writer"", ""volume"": ""1"", ""span"": ""245-245"", ""birth_date"": ""1874-08-22""}"
place:Q1720	place	מיינץ	Mainz	wikidata_qid	Q1720	"{""kima_id"": ""645"", ""lat"": """", ""lon"": """"}"	matched		bio	
person:1391	person	אליא בּרין (גאָלדע זיידלין)	Alya Brin	people_db	1391	entry_person_id:P-1-facs_139_tr_1740521045	matched		bio	"{""entry_type"": ""performer"", ""volume"": ""1"", ""span"": ""245-245"", ""birth_date"": ""1896-02-11"", ""credit"": ""מ. ע.""}"
person:1392	person	מאַקס בּרין	Max Brin	people_db	1392	entry_person_id:P-1-facs_139_r_2	matched		bio	"{""entry_type"": ""performer"", ""volume"": ""1"", ""span"": ""245-245"", ""birth_date"": ""1884-07-17"", ""credit"": ""מ. ע.""}"
person:1393	person	ראָזא בּרין (שקליארזש)	Roza Brin	people_db	1393	entry_person_id:P-1-facs_139_tr_1740521040	matched		bio	"{""entry_type"": ""performer"", ""volume"": ""1"", ""span"": ""246-246"", ""birth_date"": ""1888"", ""credit"": ""ש. ע. פֿון מאַקס ברין.""}"
person:1394	person	שלום בּרין	Sholom Brin	people_db	1394	entry_person_id:P-1-facs_139_tr_1740521042	matched		bio	"{""entry_type"": ""performer"", ""volume"": ""1"", ""span"": ""246-247"", ""birth_date"": ""1889-04-18"", ""credit"": ""ש. ע.""}"
place:Q81137	place	אַלמיץ	La Pernelle	wikidata_qid	Q81137	"{""kima_id"": """", ""lat"": """", ""lon"": """"}"	matched		bio	
person:1384	person	אברהם בּרען	Abraham Bren	people_db	1384	entry_person_id:P-1-facs_141_tr_1740521090	matched		bio	"{""entry_type"": ""administrator"", ""volume"": ""1"", ""span"": ""249-249"", ""death_date"": ""1928"", ""credit"": ""ש. ע. פֿון זיין זון יצחק ברען.""}"
person:1385	person	יוסף בּרענער	Yosef Chaim Brenner	people_db	1385	entry_person_id:P-1-facs_141_tr_1740521064	matched		bio	"{""entry_type"": ""writer"", ""volume"": ""1"", ""span"": ""249-249"", ""birth_date"": ""1881""}"
place:Q869812	place	ניי-מלין	2014 FIFA World Cup qualification – AFC Fifth Round	wikidata_qid	Q869812	"{""kima_id"": """", ""lat"": """", ""lon"": """"}"	candidate		bio	
person:1386	person	יצחק בּרקסטאָוויצקי	Yitzhak Brestovitsky	people_db	1386	entry_person_id:P-1-facs_141_tr_1740521086	matched		bio	"{""entry_type"": ""performer"", ""volume"": ""1"", ""span"": ""250-250"", ""birth_date"": ""1886-01-19"", ""credit"": ""ש. ע.""}"
person:1732	person	מאַרקוס גאַזאָווסקי (מענדעלע)	Marcus Gazovsky	people_db	1732	entry_person_id:P-1-facs_142_tr_1740521045	matched		bio	"{""entry_type"": ""performer"", ""volume"": ""1"", ""span"": ""251-251"", ""birth_date"": ""1874"", ""death_date"": ""1926-10-10"", ""credit"": ""מ. ע. פֿון זיין פרוי.""}"
place:UPL-0032	place	איסטהעם-בית עולם					unmatched	attestation:unlinked	bio	
person:1800	person	וולאַדיסלאַוו גאָדיק	Vladislav Godik	people_db	1800	entry_person_id:P-1-facs_142_tr_1740521054	matched		bio	"{""entry_type"": ""performer"", ""volume"": ""1"", ""span"": ""251-251"", ""birth_date"": ""1893"", ""credit"": ""מ. ע.""}"
person:1880	person	אברהם-בּער גאָטלאָבּער	Avraham Ber Gottlober	people_db	1880	entry_person_id:P-1-facs_142_tr_1740521055	matched		bio	"{""entry_type"": ""writer"", ""volume"": ""1"", ""span"": ""252-255"", ""birth_date"": ""1811-01-14"", ""death_date"": ""1899-04-12""}"
place:Q997429	place	אַלט-קאָנסטאַנטין	Starokostiantyniv	wikidata_qid	Q997429	"{""kima_id"": ""19134"", ""lat"": """", ""lon"": """"}"	matched		bio	
person:928	person	לואיס גאָטליבּ	Louis Silo Gottlieb	people_db	928	entry_person_id:P-1-facs_144_tr_1740521019	matched		bio	"{""entry_type"": ""performer"", ""volume"": ""1"", ""span"": ""256-256"", ""birth_date"": ""1874-05-03""}"
person:1879	person	לעאָן גאָטליבּ (לייבוש-אהרן)	Leon Gottlieb	people_db	1879	entry_person_id:P-1-facs_145_tr_1740521058	matched		bio	"{""entry_type"": ""writer"", ""volume"": ""1"", ""span"": ""257-257"", ""birth_date"": ""1878-12-18""}"
person:1877	person	קלאַראַ גאָטליבּ (גערשאָוויטש)	Clara Gottlieb	people_db	1877	entry_person_id:P-1-facs_145_tr_1740521066	matched		bio	"{""entry_type"": ""performer"", ""volume"": ""1"", ""span"": ""258-258"", ""birth_date"": ""1882"", ""credit"": ""ש. ע. פֿון ה. גערשאַנאָוויטש""}"
place:Q869777	place	דעמעעווקאַ	Roman Catholic Diocese of Isangi	wikidata_qid	Q869777	"{""kima_id"": """", ""lat"": """", ""lon"": """"}"	candidate		bio	
person:1876	person	חנא גאָטעספעלד	Chone Gottesfeld	people_db	1876	entry_person_id:P-1-facs_145_tr_1740521071	matched		bio	"{""entry_type"": ""writer"", ""volume"": ""1"", ""span"": ""258-258"", ""birth_date"": ""1890-05-15""}"
place:Q913962	place	סקאָלאַ	Skole (Ukraine)	wikidata_qid	Q913962	"{""kima_id"": ""17382"", ""lat"": """", ""lon"": """"}"	matched		bio	
person:1873	person	פריעדריך גאָטער	Friedrich Wilhelm Goter	people_db	1873	entry_person_id:P-1-facs_146_tr_1740520954	matched		bio	"{""entry_type"": ""writer"", ""volume"": ""1"", ""span"": ""259-259""}"
person:1874	person	אברהם-יצחק גאָטפריד	Avraham-Yitzhak Gotfrid	people_db	1874	entry_person_id:P-1-facs_146_tr_1740520953	matched		bio	"{""entry_type"": ""performer"", ""volume"": ""1"", ""span"": ""260-260"", ""birth_date"": ""1877"", ""credit"": ""ש. ע.""}"
person:1875	person	איידל גאָטפריד (ערליך)	Eydel Gotfrid	people_db	1875	entry_person_id:P-1-facs_146_r_17	matched		bio	"{""entry_type"": ""performer"", ""volume"": ""1"", ""span"": ""260-260"", ""birth_date"": ""1881"", ""credit"": ""ש. ע.""}"
person:1861	person	וויקטאָר גאָלאָווטשינער	Viktor Golovtshiner	people_db	1861	entry_person_id:P-1-facs_146_tr_1740520955	matched		bio	"{""entry_type"": ""performer"", ""volume"": ""1"", ""span"": ""260-260"", ""birth_date"": ""1905-06-28"", ""credit"": ""ש. ע.""}"
person:1802	person	גינא גאָלד	Gina Gold	people_db	1802	entry_person_id:P-1-facs_147_tr_1740521034	matched		bio	"{""entry_type"": ""performer"", ""volume"": ""1"", ""span"": ""261-261"", ""birth_date"": ""1909-05-17"", ""credit"": ""ש. ע.""}"
person:1804	person	לעאן גאָלד (לייבּעלע גאָלדוואָג)	Leon Gold	people_db	1804	entry_person_id:P-1-facs_147_tr_1740521024	matched		bio	"{""entry_type"": ""performer"", ""volume"": ""1"", ""span"": ""262-262"", ""birth_date"": ""1900-01-01"", ""credit"": ""ש. ע.""}"
person:1805	person	ניוסיאַ גאָלד (מיסי דאָלדבערג)	Nyusya Gold	people_db	1805	entry_person_id:P-1-facs_147_tr_1740521027	matched		bio	"{""entry_type"": ""performer"", ""volume"": ""1"", ""span"": ""262-262"", ""birth_date"": ""1909-03-03"", ""credit"": ""ש. ע.""}"
person:1806	person	סטעלאַ גאָלד (טאָלצע שטאָלצענגאָלד)	Stella Gold	people_db	1806	entry_person_id:P-1-facs_148_tr_1740521149	matched		bio	"{""entry_type"": ""performer"", ""volume"": ""1"", ""span"": ""263-263"", ""credit"": ""מ. ע.""}"
person:1807	person	צילע גאָלד (צביה גרופט)	Tsila Gold	people_db	1807	entry_person_id:P-1-facs_148_tr_1740521146	matched		bio	"{""entry_type"": ""performer"", ""volume"": ""1"", ""span"": ""263-263"", ""birth_date"": ""1878~"", ""death_date"": ""1916"", ""credit"": ""מ. ע. פֿון קלאַראַ גאָלד.""}"
person:1801	person	קלאַראַ גאָלד (בלאַנק)	Clara Gold	people_db	1801	entry_person_id:P-1-facs_148_tr_1740521141	matched		bio	"{""entry_type"": ""other"", ""volume"": ""1"", ""span"": ""264-264"", ""credit"": ""מ. ע.""}"
person:1823	person	מוישע גאָלדבּלאט (משה גאָלדענבלאַט-בן עמי)	Moishe Goldblatt	people_db	1823	entry_person_id:P-1-facs_148_tr_1740521145	matched		bio	"{""entry_type"": ""performer"", ""volume"": ""1"", ""span"": ""264-264"", ""birth_date"": ""1896-12-16"", ""credit"": ""ש. ע.""}"
place:Q1021527	place	הערצאָ	Metuchen	wikidata_qid	Q1021527	"{""kima_id"": ""81079"", ""lat"": """", ""lon"": """"}"	candidate		bio	
person:1809	person	אברהם גאָלדבּערג	Avraham Goldberg	people_db	1809	entry_person_id:P-1-facs_149_tr_1740521047	matched		bio	"{""entry_type"": ""writer"", ""volume"": ""1"", ""span"": ""265-265"", ""birth_date"": ""1881-10-18""}"
person:1810	person	דינה גאָלדבּערג	Diana Goldberg	people_db	1810	entry_person_id:P-1-facs_149_tr_1740521049	matched		bio	"{""entry_type"": ""performer"", ""volume"": ""1"", ""span"": ""265-265"", ""birth_date"": ""1908-08-03"", ""credit"": ""מ. ע.""}"
person:1811	person	הערשל גאָלדבּערג	Hershl Goldberg	people_db	1811	entry_person_id:P-1-facs_149_tr_1740521039	matched		bio	"{""entry_type"": ""performer"", ""volume"": ""1"", ""span"": ""266-266"", ""credit"": ""מ. ע. פֿון מישע נאָכאַמקוס.""}"
person:1813	person	יעקב גאָלדבּערג	Jacob Goldberg	people_db	1813	entry_person_id:P-1-facs_149_tr_1740521034	matched		bio	"{""entry_type"": ""other"", ""volume"": ""1"", ""span"": ""266-266"", ""birth_date"": ""1881-09-17"", ""credit"": ""ש. ע.""}"
person:1815	person	לואי גאָלדבּערג	Louie Goldberg	people_db	1815	entry_person_id:P-1-facs_149_r_8	matched		bio	"{""entry_type"": ""administrator"", ""volume"": ""1"", ""span"": ""266-266"", ""birth_date"": ""1884-07-04"", ""credit"": ""מ. ע""}"
person:1816	person	לואיס גאָלדבּערג (לייבוש)	Louis Goldberg	people_db	1816	entry_person_id:P-1-facs_150_tr_1740521117	matched		bio	"{""entry_type"": ""performer"", ""volume"": ""1"", ""span"": ""267-267"", ""birth_date"": ""1887-04-05"", ""credit"": ""ש. ע.""}"
place:Q991797	place	קאָלבושאָוו	Kolbuszowa (Poland)	wikidata_qid	Q991797	"{""kima_id"": ""17514"", ""lat"": """", ""lon"": """"}"	matched		bio	
person:788	person	מאָריס גאָלדבּערג	Morris Goldberg	people_db	788	entry_person_id:P-1-facs_150_tr_1740521115	matched		bio	"{""entry_type"": ""performer"", ""volume"": ""1"", ""span"": ""267-267"", ""birth_date"": ""1874"", ""death_date"": ""1925-08-16"", ""credit"": ""מ. ע. פֿון מ. ד. וואַקסמאַן.""}"
person:1817	person	מיכל גאָלדבּערג	Michael Goldberg	people_db	1817	entry_person_id:P-1-facs_150_tr_1740521123	matched		bio	"{""entry_type"": ""writer"", ""volume"": ""1"", ""span"": ""267-267"", ""birth_date"": ""1865"", ""credit"": ""ש. ע.""}"
place:Q1049332	place	סטרזשיזשאָוו	NGC 2488	wikidata_qid	Q1049332	"{""kima_id"": """", ""lat"": """", ""lon"": """"}"	candidate		bio	
person:1818	person	משהלע גאָלדבּערג	Moshele Goldberg	people_db	1818	entry_person_id:P-1-facs_150_r	matched		bio	"{""entry_type"": ""performer"", ""volume"": ""1"", ""span"": ""268-268"", ""death_date"": ""1910"", ""credit"": ""מ. ע. פֿון איציקל גאָלדענבערג און צעזאָר גרינבערג.""}"
person:1819	person	נייטאן גאָלדבּערג	Nathan Goldberg	people_db	1819	entry_person_id:P-1-facs_150_tr_1740521116	matched		bio	"{""entry_type"": ""performer"", ""volume"": ""1"", ""span"": ""268-268"", ""birth_date"": ""1887-08-19"", ""credit"": ""מ. ע.""}"
person:1821	person	סעם גאָלדבּערג	Sam Goldberg	people_db	1821	entry_person_id:P-1-facs_151_tr_1740521150	matched		bio	"{""entry_type"": ""performer"", ""volume"": ""1"", ""span"": ""269-269"", ""birth_date"": ""1875"", ""credit"": ""ש. ע.""}"
person:1820	person	ראָזא גאָלדבּערג (פינקענטאל)	Rose Goldberg	people_db	1820	entry_person_id:P-1-facs_151_tr_1740521143	matched		bio	"{""entry_type"": ""performer"", ""volume"": ""1"", ""span"": ""269-269"", ""birth_date"": ""1889-09-12"", ""credit"": ""מ. ע.""}"
person:1836	person	סידני גאָלדין (סאַמועל גאָלדשטיין)	Sidney Goldin	people_db	1836	entry_person_id:P-1-facs_151_tr_1740521138	matched		bio	"{""entry_type"": ""director_regisseur"", ""volume"": ""1"", ""span"": ""270-270"", ""birth_date"": ""1880-03-24"", ""credit"": ""ש. ע.""}"
person:1837	person	גאָלדיצע	Golditsa	people_db	1837	entry_person_id:P-1-facs_151_r_6	matched		bio	"{""entry_type"": ""performer"", ""volume"": ""1"", ""span"": ""270-270"", ""credit"": ""מ. ע. פֿון פרוי וויינבלאַט, צעזאָר גרינבערג און איציקל גאָלדענבערג.""}"
person:1840	person	גאָלדמאַן	Goldman	people_db	1840	entry_person_id:P-1-facs_152_tr_1740521003	matched		bio	"{""entry_type"": ""administrator"", ""volume"": ""1"", ""span"": ""271-271""}"
person:1839	person	דוד גאָלדמאַן	David Goldman	people_db	1839	entry_person_id:P-1-facs_152_tr_1740521010	matched		bio	"{""entry_type"": ""writer"", ""volume"": ""1"", ""span"": ""271-271"", ""birth_date"": ""1885-05-26""}"
person:1825	person	הערשל גאָלדענבּורג (קאַליגראַף)	Hershl Goldenberg	people_db	1825	entry_person_id:P-1-facs_153_tr_1740520998	matched		bio	"{""entry_type"": ""musician"", ""volume"": ""1"", ""span"": ""274-274"", ""death_date"": ""1927"", ""credit"": ""מ. ע.""}"
person:1828	person	יעקב-משה גאָלדענבערג	Yakov Moshe Goldenberg	people_db	1828	entry_person_id:P-1-facs_153_tr_1740521003	matched		bio	"{""entry_type"": ""performer"", ""volume"": ""1"", ""span"": ""274-274"", ""birth_date"": ""1886-07-27"", ""credit"": ""ש. ע. פֿון משה גוטמאַן.""}"
person:1827	person	שפרה גאָלדענבּורג (האַזענבערג)	Shifra Goldenberg	people_db	1827	entry_person_id:P-1-facs_153_tr_1740521002	matched		bio	"{""entry_type"": ""performer"", ""volume"": ""1"", ""span"": ""274-274"", ""birth_date"": ""1900-05-28"", ""credit"": ""ש. ע. פֿון משה גוטמאַן.""}"
place:UPL-0033	place	קליין בוקאָווינער טעטל					unmatched	attestation:unlinked	bio	
person_entry:P-1-facs_160_r_4	person	„די אינטריגע אָדער דוואָסי די פּליאָטקע-מאַכערין		entry_person_id	P-1-facs_160_r_4		unmatched		bio	"{""entry_type"": ""writer"", ""volume"": ""1"", ""span"": ""287-309""}"
person_entry:P-1-facs_171_tr_1714741712	person	שער-בלאַט פון דער וואַרשעווער אויסגאַבע		entry_person_id	P-1-facs_171_tr_1714741712		unmatched		bio	"{""entry_type"": ""writer"", ""volume"": ""1"", ""span"": ""311-315""}"
person:3812	person	אלי פּסח בדחן		people_db	3812	entry_person_id:P-1-facs_179_tr_1714741737	matched		bio	"{""entry_type"": ""writer"", ""volume"": ""1"", ""span"": ""325-327"", ""birth_date"": ""1840-07""}"
person_entry:P-1-facs_180_region_1715801037095_458	person	אַפיש פון דער קבלת-פּנים-פאָרשטעלונג		entry_person_id	P-1-facs_180_region_1715801037095_458		unmatched		bio	"{""entry_type"": ""writer"", ""volume"": ""1"", ""span"": ""328-334"", ""birth_date"": ""1840"", ""death_date"": ""1908-01-09""}"
person_entry:P-1-facs_193_region_1715802361116_623	person	דער מאַנוסקריפּט פון ג.'ס אויטאַביאָגראַפיע — אין באַזיץ פון שלום פּערלמוטער אין ניו-יאָרק		entry_person_id	P-1-facs_193_region_1715802361116_623		unmatched		bio	"{""entry_type"": ""writer"", ""volume"": ""1"", ""span"": ""354-367"", ""credit"": ""מ. ע פון שלום פּערלמוטער, סאול וואַלערשטיין, זיגמונד וויינטרויב, דוד הירש און אַדאַלף שטיין.""}"
person:1833	person	וואָלף גאָלדפאַדען	Wolf Goldfaden	people_db	1833	entry_person_id:P-1-facs_200_tr_1714741439	matched		bio	"{""entry_type"": ""performer"", ""volume"": ""1"", ""span"": ""368-368"", ""birth_date"": ""1884-10-14"", ""credit"": ""ש. ע.""}"
person:1834	person	יידל גאָלדפאַדען (איליאַ גאָלדענפאָדים)	Yidl Goldfaden	people_db	1834	entry_person_id:P-1-facs_201_tr_1741260327	matched		bio	"{""entry_type"": ""performer"", ""volume"": ""1"", ""span"": ""369-369"", ""birth_date"": ""1859"", ""death_date"": ""1910"", ""credit"": ""ש. ע. פֿון וואָלף גאָלדפאַדען.""}"
place:Q29803	place	האַרבי	Isuzu	wikidata_qid	Q29803	"{""kima_id"": """", ""lat"": """", ""lon"": """"}"	candidate		bio	
person:1830	person	נפתלי גאָלדפאַדען (גאָלדענפאָדים)	Naftali Goldfaden	people_db	1830	entry_person_id:P-1-facs_201_tr_1741260321	matched		bio	"{""entry_type"": ""director_regisseur"", ""volume"": ""1"", ""span"": ""370-371"", ""birth_date"": ""1857~"", ""death_date"": ""1917-12-13""}"
place:Q4862481	place	באַראָן הירש בית עולם	Baron Hirsch Cemetery	wikidata_qid	Q4862481	"{""kima_id"": """", ""lat"": """", ""lon"": """"}"	matched		bio	
person:1832	person	שמעיה גאָלדפאַדען (גאָלדענפאָדים)	Shimi Goldfaden	people_db	1832	entry_person_id:P-1-facs_203_tr_1741260185	matched		bio	"{""entry_type"": ""writer"", ""volume"": ""1"", ""span"": ""374-374"", ""birth_date"": ""1866"", ""credit"": ""מ. ע.""}"
person:1835	person	שמואל גאָלדבפאַרבּ	Shmuel Goldfarb	people_db	1835	entry_person_id:P-1-facs_204_tr_1741260321	matched		bio	"{""entry_type"": ""performer"", ""volume"": ""1"", ""span"": ""375-375"", ""birth_date"": ""1891-09-27"", ""credit"": ""ש. ע.""}"
person:1838	person	אברהם גאָלדקנאָפּף	Avraham Goldknopf	people_db	1838	entry_person_id:P-1-facs_204_tr_1741260317	matched		bio	"{""entry_type"": ""writer"", ""volume"": ""1"", ""span"": ""376-376"", ""birth_date"": ""187x"", ""death_date"": ""1920"", ""credit"": ""מ. ע. פֿון מרדכי דאַנציס.""}"
place:UPL-0034	place	משוגעים-הויז					unmatched	attestation:unlinked	bio	
person:1847	person	איידע גאָלדשטיין	Ida Goldstein	people_db	1847	entry_person_id:P-1-facs_204_tr_1741260315	matched		bio	"{""entry_type"": ""performer"", ""volume"": ""1"", ""span"": ""376-376"", ""birth_date"": ""1887-12-24"", ""credit"": ""מ. ע.""}"
person:1844	person	ב. גאָלדשטיין (ברוך)	B.I. Goldstein	people_db	1844	entry_person_id:P-1-facs_205_tr_1741260274	matched		bio	"{""entry_type"": ""writer"", ""volume"": ""1"", ""span"": ""377-377"", ""birth_date"": ""1879"", ""credit"": ""מ. ע.""}"
place:UPL-0035	place	דראָזשנע					unmatched	attestation:misresolved	bio	
person:1842	person	בּעקי גאָלדשטיין (מלכה רבקה ראָזענבערג)	Becky Goldshteyn	people_db	1842	entry_person_id:P-1-facs_205_tr_1741260263	matched		bio	"{""entry_type"": ""performer"", ""volume"": ""1"", ""span"": ""377-377"", ""birth_date"": ""1882""}"
person:1846	person	גוסטאַוו גאָלדשטיין	Gustav Goldstein	people_db	1846	entry_person_id:P-1-facs_205_tr_1741260271	matched		bio	"{""entry_type"": ""performer"", ""volume"": ""1"", ""span"": ""377-377"", ""birth_date"": ""1884""}"
person:1856	person	זינאַ גאָלדשטיין	Zina Goldstein	people_db	1856	entry_person_id:P-1-facs_206_tr_1741260268	matched		bio	"{""entry_type"": ""performer"", ""volume"": ""1"", ""span"": ""380-380"", ""birth_date"": ""1894-02-21"", ""credit"": ""מ. ע.""}"
person_entry:P-1-facs_206_tr_1741260252	person	גאָלדשטיין, יוסף		entry_person_id	P-1-facs_206_tr_1741260252		unmatched		bio	"{""entry_type"": ""administrator"", ""volume"": ""1"", ""span"": ""380-380"", ""birth_date"": ""1852"", ""death_date"": ""1921"", ""credit"": ""ש. ע. פֿון זיין זון טשאַרלס גאָלדשטיין.""}"
person:1853	person	לואיס גאָלדשטיין	Louis Goldstein	people_db	1853	entry_person_id:P-1-facs_207_tr_1741260336	matched		bio	"{""entry_type"": ""performer"", ""volume"": ""1"", ""span"": ""382-382"", ""birth_date"": ""1892-08-03"", ""credit"": ""ש. ע.""}"
place:Q1049050	place	יאַנאָווע	Yenikeyevo	wikidata_qid	Q1049050	"{""kima_id"": """", ""lat"": """", ""lon"": """"}"	candidate		bio	
person:1852	person	לייזער גאָלדשטיין	Leyzer Goldstein	people_db	1852	entry_person_id:P-1-facs_207_tr_1741260323	matched		bio	"{""entry_type"": ""performer"", ""volume"": ""1"", ""span"": ""382-382"", ""birth_date"": ""1859"", ""death_date"": ""1924-06-04"", ""credit"": ""מ. ע. פֿון יוסף טשיזשיק, פרידאַ זיבעל און יעקב מעסטל.""}"
person:1841	person	יוסף גאָלדשמידט	Joseph Goldshmidt	people_db	1841	entry_person_id:P-1-facs_208_tr_1741260264	matched		bio	"{""entry_type"": ""performer"", ""volume"": ""1"", ""span"": ""383-383""}"
person:1855	person	שכר גאָלדשטיין	Sokher Goldstein	people_db	1855	entry_person_id:P-1-facs_208_r	matched		bio	"{""entry_type"": ""performer"", ""volume"": ""1"", ""span"": ""384-384"", ""credit"": ""מ. ע. פֿון מאָקס ראָזענטאָל, דיינע פֿיינמאַן, ה. פיינשטיין, עמנואל טשיזשיק""}"
place:Q42134	place	איוואָ	Uiwang	wikidata_qid	Q42134	"{""kima_id"": """", ""lat"": """", ""lon"": """"}"	candidate		bio	
person:1865	person	אברהם גאָלובּאָק	Avraham Golubok	people_db	1865	entry_person_id:P-1-facs_209_tr_1741260252	matched		bio	"{""entry_type"": ""musician"", ""volume"": ""1"", ""span"": ""385-385"", ""birth_date"": ""1881-03-15"", ""death_date"": ""1914-07-09"", ""credit"": ""ש. ע. פֿון זיין זון הענרי.""}"
place:UPL-0036	place	הר-ציון-בית עולם					unmatched	attestation:unlinked	bio	
person:747	person	לעאָן גאָלובּאָק	Leon Golubok	people_db	747	entry_person_id:P-1-facs_209_tr_1741260248	matched		bio	"{""volume"": ""1"", ""span"": ""386-386""}"
person:1864	person	אַננאַ גאָלובּאָק (חנה רובינשטיין)	Anna Golubok	people_db	1864	entry_person_id:P-1-facs_209_tr_1741260255	matched		bio	"{""entry_type"": ""performer"", ""volume"": ""1"", ""span"": ""386-387"", ""birth_date"": ""1872-10-03"", ""credit"": ""מ. ע.""}"
place:Q1892074	place	סימני	Simnas	wikidata_qid	Q1892074	"{""kima_id"": """", ""lat"": """", ""lon"": """"}"	candidate		bio	
person:789	person	מיראָן גאָלובּאָק	Myron E. Golubock	people_db	789	entry_person_id:P-1-facs_210_tr_1741260180	matched		bio	"{""entry_type"": ""performer"", ""volume"": ""1"", ""span"": ""388-388"", ""birth_date"": ""1863-01-27"", ""death_date"": ""1921-08-30""}"
person:1863	person	סאָניע גאָלובּטשיק (גרענשטאַט)	Sonya Golubchik	people_db	1863	entry_person_id:P-1-facs_211_tr_1741260267	matched		bio	"{""entry_type"": ""performer"", ""volume"": ""1"", ""span"": ""389-389"", ""birth_date"": ""1893"", ""credit"": ""ש. ע. פֿון יעקב באַטאָשאַנסקי.""}"
place:UPL-0037	place	וועלנדיק					unmatched	attestation:misresolved	bio	
person:1719	person	בּרוך גאלינסקי	Barukh Galinski	people_db	1719	entry_person_id:P-1-facs_211_r_4	matched		bio	"{""entry_type"": ""performer"", ""volume"": ""1"", ""span"": ""390-390"", ""death_date"": ""1905"", ""credit"": ""מ. ע. פֿון ראַזאָ גאָר, אַניוטאָ באַט און שלמה קרניזע.""}"
person:1720	person	פּאליא גאַלינסקי (שלוגליט)	Polia Galinski	people_db	1720	entry_person_id:P-1-facs_211_tr_1741260281	matched		bio	"{""entry_type"": ""performer"", ""volume"": ""1"", ""span"": ""390-390"", ""credit"": ""מ. ע. פֿון ראַזאָ גאָר און אַניוטאָ באַט.""}"
person:1862	person	העלענא גאָלצאווא (הערצבּלוט)	Helena Goltsava	people_db	1862	entry_person_id:P-1-facs_211_tr_1741260275	matched		bio	"{""entry_type"": ""performer"", ""volume"": ""1"", ""span"": ""390-390"", ""birth_date"": ""1903-05-28"", ""credit"": ""מ. ע. פֿון ר. פרידמאַן.""}"
place:Q2019727	place	בריטשאַן	Briceni	wikidata_qid	Q2019727	"{""kima_id"": ""21375"", ""lat"": """", ""lon"": """"}"	matched		bio	
person:1730	person	הענרי גאסטווירט	Henry M. Gastvirt	people_db	1730	entry_person_id:P-1-facs_212_tr_1741260201	matched		bio	"{""entry_type"": ""writer"", ""volume"": ""1"", ""span"": ""391-391""}"
person:1867	person	הערש-לייב גאָרדאָן	Hersh Leib Gordon	people_db	1867	entry_person_id:P-1-facs_212_tr_1741260204	matched		bio	"{""entry_type"": ""writer"", ""volume"": ""1"", ""span"": ""391-391"", ""birth_date"": ""1893-11-26""}"
place:Q8304493	place	דוגעלישאָק	Senasis Daugėliškis	wikidata_qid	Q8304493	"{""kima_id"": """", ""lat"": """", ""lon"": """"}"	matched		bio	
person_entry:P-1-facs_212_tr_1741260203	person	גאָרדאָן, נ.		entry_person_id	P-1-facs_212_tr_1741260203		unmatched		bio	"{""entry_type"": ""writer"", ""volume"": ""1"", ""span"": ""391-391""}"
place:Q847782	place	מירגאָראָד	1993–94 Ekstraklasa	wikidata_qid	Q847782	"{""kima_id"": """", ""lat"": """", ""lon"": """"}"	candidate		bio	
person:1727	person	יעקב גארטעלוויטש	Yakov Gartelovitsh	people_db	1727	entry_person_id:P-1-facs_247_tr_1713385128	matched		bio	"{""entry_type"": ""performer"", ""volume"": ""1"", ""span"": ""462-462"", ""birth_date"": ""1881"", ""credit"": ""ש. ע.""}"
place:Q532114	place	באָטקע	Botykapeterd	wikidata_qid	Q532114	"{""kima_id"": """", ""lat"": """", ""lon"": """"}"	matched		bio	
person:1729	person	יעקב גאַרטענשעיין (הארטענשטיין)	Jacob Gartenstein	people_db	1729	entry_person_id:P-1-facs_247_tr_1713385122	matched		bio	"{""entry_type"": ""performer"", ""volume"": ""1"", ""span"": ""462-462"", ""credit"": ""מ. ע. פֿון ב. טאָמאַשעווסקי, יעקב קאָצמאַן, משה שאָר, מאָקס ראָזענטאָל, בינע אַבראַמאָוויטש און צעזאָר גרינבערג.""}"
place:Q867649	place	לידע	Roman Catholic Diocese of Caraguatatuba	wikidata_qid	Q867649	"{""kima_id"": """", ""lat"": """", ""lon"": """"}"	candidate		bio	
person:1726	person	אשר גארפינקעל	Asher Garfinkel	people_db	1726	entry_person_id:P-1-facs_249_r_2	matched		bio	"{""entry_type"": ""administrator"", ""volume"": ""1"", ""span"": ""466-466"", ""credit"": ""מ. ע. פֿון א. ג. קאָמפּאַנעיעץ, ל. זאָסלאָווסקי און יוליוס גוטמאַן.""}"
person:1936	person	בּעסי גודמאַן	Bessie Gudman	people_db	1936	entry_person_id:P-1-facs_250_tr_1741260274	matched		bio	"{""entry_type"": ""performer"", ""volume"": ""1"", ""span"": ""467-467"", ""birth_date"": ""1885"", ""credit"": ""מ. ע. פֿון יצחק זאָלאַטאָרעווסקי.""}"
place:Q932184	place	דובנא	Dubno	wikidata_qid	Q932184	"{""kima_id"": ""895"", ""lat"": """", ""lon"": """"}"	matched		bio	
person:1934	person	הערש גודעלמאַן	Hersh Gudelman	people_db	1934	entry_person_id:P-1-facs_250_tr_1741260271	matched		bio	"{""entry_type"": ""writer"", ""volume"": ""1"", ""span"": ""468-468"", ""birth_date"": ""1892-04-15""}"
place:Q2087882	place	אָטיק	Attica	wikidata_qid	Q2087882	"{""kima_id"": ""75353"", ""lat"": """", ""lon"": """"}"	matched		bio	
person:1952	person	מערי גוטאָוויטש (מיליע ציפּקוס)	Mary Gutovitsh	people_db	1952	entry_person_id:P-1-facs_250_tr_1741260262	matched		bio	"{""entry_type"": ""performer"", ""volume"": ""1"", ""span"": ""468-468"", ""credit"": ""ש. ע. פֿון י. מ. וואַרשאָווסקי און יעקב ציפקוס.""}"
person:3600	person	גוטמאַן		people_db	3600	entry_person_id:P-1-facs_250_tr_1741260267	matched		bio	"{""entry_type"": ""administrator"", ""volume"": ""1"", ""span"": ""468-468"", ""death_date"": ""1915"", ""credit"": ""מ. ע. פֿון שלמה קרניזע, מ. בודקין און איסר בעזמאַן.""}"
person_entry:P-1-facs_251_tr_1741260232	person	גוטמאַן, חיים		entry_person_id	P-1-facs_251_tr_1741260232		unmatched		bio	"{""entry_type"": ""performer"", ""volume"": ""1"", ""span"": ""469-469"", ""birth_date"": ""1894-09-24"", ""credit"": ""ש. ע.""}"
person:1949	person	מילאני גוטמאַן	Milani Gutman	people_db	1949	entry_person_id:P-1-facs_251_tr_1741260221	matched		bio	"{""entry_type"": ""performer"", ""volume"": ""1"", ""span"": ""470-470""}"
person:1951	person	סאַלטשע גוטמאַן	Saltshe Gutman	people_db	1951	entry_person_id:P-1-facs_251_tr_1741260225	matched		bio	"{""entry_type"": ""performer"", ""volume"": ""1"", ""span"": ""470-470"", ""birth_date"": ""1881-03-06"", ""credit"": ""ש. ע. פֿון יוליוס גוטמאַן.""}"
person:1948	person	קלמן גוטמן	Kalmen Gutman	people_db	1948	entry_person_id:P-1-facs_251_tr_1741260233	matched		bio	"{""entry_type"": ""performer"", ""volume"": ""1"", ""span"": ""470-470"", ""birth_date"": ""1901"", ""credit"": ""ש. ע.""}"
person:1950	person	ראָזא גוטמן (שיינפעלד)	Roza Gutman	people_db	1950	entry_person_id:P-1-facs_252_tr_1741260223	matched		bio	"{""entry_type"": ""performer"", ""volume"": ""1"", ""span"": ""471-471"", ""birth_date"": ""1889-06-08"", ""credit"": ""ש. ע. פֿון חיים גוטמאַן.""}"
person:1945	person	בּערטא גוטענטאַג (אַקסעלראַד)	Berta Gutentag	people_db	1945	entry_person_id:P-1-facs_252_tr_1741260224	matched		bio	"{""entry_type"": ""performer"", ""volume"": ""1"", ""span"": ""471-471"", ""credit"": ""ש. ע.""}"
person:1946	person	קאַרל גוטענטאַג	Karl Gutentag	people_db	1946	entry_person_id:P-1-facs_252_tr_1741260232	matched		bio	"{""entry_type"": ""performer"", ""volume"": ""1"", ""span"": ""472-472"", ""birth_date"": ""1878-12-10""}"
person:1944	person	ראובן גוסקין	Reuben Guskin	people_db	1944	entry_person_id:P-1-facs_252_tr_1741260228	matched		bio	"{""entry_type"": ""administrator"", ""volume"": ""1"", ""span"": ""472-473"", ""birth_date"": ""1887-08-01"", ""credit"": ""מ. ע.""}"
person:1942	person	סאָניאַ גורסקאַ (פריידע-שיינע גורעוויטש)	Sonya Gurska	people_db	1942	entry_person_id:P-1-facs_253_tr_1741260231	matched		bio	"{""entry_type"": ""performer"", ""volume"": ""1"", ""span"": ""474-474"", ""credit"": ""ש. ע.""}"
place:Q954132	place	ליעפּליע	Liepieĺ	wikidata_qid	Q954132	"{""kima_id"": ""18705"", ""lat"": """", ""lon"": """"}"	matched		bio	
person:1938	person	אייזיק גורעוויטש	Isaac Gurevitsh	people_db	1938	entry_person_id:P-1-facs_253_tr_1741260227	matched		bio	"{""entry_type"": ""performer"", ""volume"": ""1"", ""span"": ""474-474"", ""birth_date"": ""1864~"", ""death_date"": ""1909-03"", ""credit"": ""מ. ע. פֿון כינע בראָגינסקאַ, נחום ליפּאָווסקי, א. ג. קאָמפּאַנעיעץ און יעקב גאַרטעלעוויטש.""}"
place:UPL-0038	place	מאָהילעווער גובערניע					unmatched	no_attestation	bio	
place:Q185018	place	טוקום	Franz Josef Land	wikidata_qid	Q185018	"{""kima_id"": ""1400"", ""lat"": """", ""lon"": """"}"	candidate		bio	
person:1939	person	מרים גורעוויטש (מינאַ)	Miriam Gurevitsh	people_db	1939	entry_person_id:P-1-facs_254_tr_1741260246	matched		bio	"{""entry_type"": ""performer"", ""volume"": ""1"", ""span"": ""475-475"", ""credit"": ""ש. ע.""}"
person:1954	person	ראָזע גזיוואַטש (לינדער)	Rose Gzivatsh	people_db	1954	entry_person_id:P-1-facs_254_tr_1741260240	matched		bio	"{""entry_type"": ""performer"", ""volume"": ""1"", ""span"": ""476-476"", ""birth_date"": ""1892-07-15"", ""credit"": ""ש. ע.""}"
person:1761	person	מיכל גיבּסאָן (גזשיבאָוויטש)	Michael Gibson	people_db	1761	entry_person_id:P-1-facs_254_tr_1741260243	matched		bio	"{""entry_type"": ""performer"", ""volume"": ""1"", ""span"": ""476-476"", ""birth_date"": ""1895"", ""credit"": ""ש. ע.""}"
place:Q215633	place	לאָמזשע	Łomża (Poland)	wikidata_qid	Q215633	"{""kima_id"": ""156"", ""lat"": ""53.1833333333333"", ""lon"": ""22.0833333333333""}"	matched		bio	
person:1762	person	שלמה גילבערט	Shlomo Gilbert	people_db	1762	entry_person_id:P-1-facs_254_tr_1741260244	matched		bio	"{""entry_type"": ""writer"", ""volume"": ""1"", ""span"": ""476-476"", ""birth_date"": ""1885-02-10""}"
place:Q609246	place	ראַדזימין	Radzymin (Poland)	wikidata_qid	Q609246	"{""kima_id"": ""18483"", ""lat"": """", ""lon"": """"}"	matched		bio	
person:1765	person	איזידאָר גילטמאַן	Izidor Giltman	people_db	1765	entry_person_id:P-1-facs_255_tr_1741260319	matched		bio	"{""entry_type"": ""performer"", ""volume"": ""1"", ""span"": ""477-477"", ""death_date"": ""1920-09-15""}"
place:Q4222383	place	קיטייגאָראָד	Kytaigorod	wikidata_qid	Q4222383	"{""kima_id"": """", ""lat"": """", ""lon"": """"}"	matched		bio	
place:Q615132	place	ראזשינאי	Ruzhany	wikidata_qid	Q615132	"{""kima_id"": ""20849"", ""lat"": """", ""lon"": """"}"	matched		bio	
person:1766	person	אַדאָלף גימפעל	Adolph Gimpel	people_db	1766	entry_person_id:P-1-facs_256_tr_1741260272	matched		bio	"{""entry_type"": ""musician"", ""volume"": ""1"", ""span"": ""479-479"", ""birth_date"": ""1875-01-17"", ""credit"": ""ש. ע.""}"
person:1767	person	עמיל גימפעל (שמואל מענדל)	Emil Gimpel	people_db	1767	entry_person_id:P-1-facs_256_tr_1741260269	matched		bio	"{""entry_type"": ""administrator"", ""volume"": ""1"", ""span"": ""480-480"", ""birth_date"": ""1867-03-08"", ""credit"": ""מ. ע. און מ. ע. פֿון יעקב מעסטעל.""}"
person:1777	person	יעקב גינזבּורג	Yakov Ginzburg	people_db	1777	entry_person_id:P-1-facs_257_tr_1741260302	matched		bio	"{""entry_type"": ""writer"", ""volume"": ""1"", ""span"": ""481-481"", ""birth_date"": ""1882-09-10"", ""death_date"": ""1925-04-08""}"
place:UPL-0039	place	אויף אַ ישוב לעבן ווילנע					unmatched	attestation:unlinked	bio	
person:1776	person	שאול גינזבּורג	Saul Ginzburg	people_db	1776	entry_person_id:P-1-facs_257_tr_1741260316	matched		bio	"{""entry_type"": ""writer"", ""volume"": ""1"", ""span"": ""481-481"", ""birth_date"": ""1866""}"
person:1769	person	נתן גינטער	Nathan Ginter	people_db	1769	entry_person_id:P-1-facs_257_tr_1741260315	matched		bio	"{""entry_type"": ""performer"", ""volume"": ""1"", ""span"": ""482-482"", ""birth_date"": ""1894-07-10"", ""credit"": ""ש. ע.""}"
person:1773	person	יונה גינצבּורג (חיים-יונה, סעמועל)	Yuna Gintsburg	people_db	1773	entry_person_id:P-1-facs_257_r_5	matched		bio	"{""entry_type"": ""performer"", ""volume"": ""1"", ""span"": ""482-482"", ""credit"": ""ש. ע.""}"
person:1770	person	סאַראַ גינטער (מייסטערמאַן)	Sara Ginter	people_db	1770	entry_person_id:P-1-facs_257_tr_1741260312	matched		bio	"{""entry_type"": ""performer"", ""volume"": ""1"", ""span"": ""482-482"", ""birth_date"": ""1897-04-17"", ""credit"": ""מ. ע. פֿון שלום פּערלמוטער, משה סימאָנאָף, מישע נאָכאַמקוס און הערמאַן פּידלער.""}"
place:Q1244558	place	לובאָר	Dorfkirche Neu Schadow	wikidata_qid	Q1244558	"{""kima_id"": """", ""lat"": """", ""lon"": """"}"	candidate		bio	
person:1771	person	לואיס גינצבּורג (אליהו)	Louis M. Gintsburg	people_db	1771	entry_person_id:P-1-facs_258_r_1	matched		bio	"{""entry_type"": ""writer"", ""volume"": ""1"", ""span"": ""483-483"", ""birth_date"": ""1870""}"
person:1772	person	סאָניאַ גינצבּורג (שרה טשערעשניאַ)	Sonya Gintsburg	people_db	1772	entry_person_id:P-1-facs_258_tr_1741260276	matched		bio	"{""entry_type"": ""performer"", ""volume"": ""1"", ""span"": ""483-483"", ""birth_date"": ""1893-10-03"", ""credit"": ""מ. ע.""}"
place:Q869730	place	איוואַנסק	Crisis Hidden Gig	wikidata_qid	Q869730	"{""kima_id"": """", ""lat"": """", ""lon"": """"}"	candidate		bio	
person:1778	person	מאָריס גיסנעט	Morris Gisnet	people_db	1778	entry_person_id:P-1-facs_258_tr_1741260272	matched		bio	"{""entry_type"": ""writer"", ""volume"": ""1"", ""span"": ""483-483""}"
person:1786	person	בּעטיע גלאַזונאָוו (בונצע טייקין)	Betty Glazunov	people_db	1786	entry_person_id:P-1-facs_258_tr_1741260274	matched		bio	"{""entry_type"": ""performer"", ""volume"": ""1"", ""span"": ""483-483"", ""birth_date"": ""1890-04-15"", ""credit"": ""ש. ע.""}"
person:1787	person	נאַאום גלאַזונאָוו (נחמן גלאַזמאַן)	Naum Glazunov	people_db	1787	entry_person_id:P-1-facs_258_tr_1741260279	matched		bio	"{""entry_type"": ""performer"", ""volume"": ""1"", ""span"": ""484-484"", ""birth_date"": ""1884-05-14"", ""credit"": ""ש. ע.""}"
place:UPL-0040	place	אישאמיר					unmatched	attestation:misresolved	bio	
person:1784	person	ברוך גלאַזמאַן	Barukh Glazman	people_db	1784	entry_person_id:P-1-facs_258_tr_1741260285	matched		bio	"{""entry_type"": ""writer"", ""volume"": ""1"", ""span"": ""484-484"", ""birth_date"": ""1893-01-12""}"
place:Q386487	place	מאזיר	Mazyr	wikidata_qid	Q386487	"{""kima_id"": ""16166"", ""lat"": ""52.050000"", ""lon"": ""29.233333""}"	matched		bio	
person:1785	person	משה גלאַזמאַן	Moshe Glazman	people_db	1785	entry_person_id:P-1-facs_258_tr_1741260280	matched		bio	"{""entry_type"": ""performer"", ""volume"": ""1"", ""span"": ""484-484"", ""credit"": ""מ. ע. פֿון משה שאָר.""}"
person:1783	person	שמואל גלאַזערמאַן	Shmuel Glazerman	people_db	1783	entry_person_id:P-1-facs_258_tr_1741260281	matched		bio	"{""entry_type"": ""writer"", ""volume"": ""1"", ""span"": ""484-484"", ""birth_date"": ""1898-03-21"", ""credit"": ""ש. ע.""}"
place:UPL-0041	place	אָלגאָראָבאָס					unmatched	attestation:misresolved	bio	
person:1782	person	יעקב גלאַטשטיין	Jacob Glatstein	people_db	1782	entry_person_id:P-1-facs_259_tr_1741260209	matched		bio	"{""entry_type"": ""writer"", ""volume"": ""1"", ""span"": ""485-485"", ""birth_date"": ""1896-08-20""}"
person:1797	person	נאָרבּערט גלימער	Norbert Glimer	people_db	1797	entry_person_id:P-1-facs_259_tr_1741260207	matched		bio	"{""entry_type"": ""performer"", ""volume"": ""1"", ""span"": ""485-485"", ""birth_date"": ""1883"", ""death_date"": ""1926-09"", ""credit"": ""מ. ע. פֿון יעקב מעסטעל.""}"
place:Q1020091	place	טרעבעוולע	Terebovlia	wikidata_qid	Q1020091	"{""kima_id"": ""11092"", ""lat"": """", ""lon"": """"}"	candidate		bio	
person:1798	person	סטעפאַניע גלימער (שטייף)	Stefanie Glimer	people_db	1798	entry_person_id:P-1-facs_259_r_14	matched		bio	"{""entry_type"": ""performer"", ""volume"": ""1"", ""span"": ""486-486"", ""credit"": ""גרשום באַדערס קאָלענדאָר.""}"
person:1788	person	הערשעל גליק	Hershel Glick	people_db	1788	entry_person_id:P-1-facs_259_tr_1741260221	matched		bio	"{""entry_type"": ""writer"", ""volume"": ""1"", ""span"": ""486-486"", ""birth_date"": ""1894-03"", ""credit"": ""ש. ע.""}"
person:1790	person	אסתר גליקמאַן	Esther Glickman	people_db	1790	entry_person_id:P-1-facs_259_tr_1741260211	matched		bio	"{""entry_type"": ""performer"", ""volume"": ""1"", ""span"": ""486-486"", ""birth_date"": ""1893"", ""credit"": ""מ. ע.""}"
person:1795	person	יעקב גליקמאַן	Yakov Glikman	people_db	1795	entry_person_id:P-1-facs_260_tr_1741260279	matched		bio	"{""entry_type"": ""director_regisseur"", ""volume"": ""1"", ""span"": ""487-487"", ""birth_date"": ""1863-10"", ""death_date"": ""1918"", ""credit"": ""מ. ע. פֿון שרה עטינגער.""}"
person:1792	person	מאַלווינע גליקמאַן (פלאקסבוים)	Malvina Glikman	people_db	1792	entry_person_id:P-1-facs_260_tr_1741260301	matched		bio	"{""entry_type"": ""performer"", ""volume"": ""1"", ""span"": ""487-487"", ""birth_date"": ""1891"", ""credit"": ""ש. ע.""}"
person:1793	person	מאַרקוס גליקמאַן	Markus Glikman	people_db	1793	entry_person_id:P-1-facs_260_tr_1741260302	matched		bio	"{""entry_type"": ""performer"", ""volume"": ""1"", ""span"": ""488-488"", ""birth_date"": ""1883-04-10"", ""credit"": ""מ. ע. פֿון שרה עטינגער.""}"
place:Q188478	place	בראַאילע	Brăila	wikidata_qid	Q188478	"{""kima_id"": ""9693"", ""lat"": """", ""lon"": """"}"	matched		bio	
person:1791	person	עטל גליקמאַן (גליק)	Ethel Glikman	people_db	1791	entry_person_id:P-1-facs_261_tr_1741260189	matched		bio	"{""entry_type"": ""performer"", ""volume"": ""1"", ""span"": ""489-489"", ""birth_date"": ""1865"", ""credit"": ""מ. ע. פֿון שרה עטינגער.""}"
person:1796	person	בּעטיע גלאַזונאָוו (בונצע טייקין)	Laura Gliksman	people_db	1796	entry_person_id:P-1-facs_261_tr_1741260200	matched		bio	"{""entry_type"": ""performer"", ""volume"": ""1"", ""span"": ""490-490"", ""birth_date"": ""1885-02-05"", ""credit"": ""מ. ע.""}"
person:1715	person	הערי געבּיל	Harry Gabel	people_db	1715	entry_person_id:P-1-facs_261_tr_1741260195	matched		bio	"{""entry_type"": ""writer"", ""volume"": ""1"", ""span"": ""490-490"", ""birth_date"": ""1899-02-15"", ""credit"": ""מ. ע.""}"
place:Q947521	place	גאָרליצע	Gorlice (Poland)	wikidata_qid	Q947521	"{""kima_id"": ""923"", ""lat"": """", ""lon"": """"}"	matched		bio	
person:1733	person	מרדכי געבירטיג	Mordechai Gebirtig	people_db	1733	entry_person_id:P-1-facs_264_tr_1741260340	matched		bio	"{""entry_type"": ""writer"", ""volume"": ""1"", ""span"": ""495-495"", ""birth_date"": ""1877-05-04""}"
person:1736	person	מיכל געלבּאַרט	Michael Gelbart	people_db	1736	entry_person_id:P-1-facs_264_tr_1741260321	matched		bio	"{""entry_type"": ""composer"", ""volume"": ""1"", ""span"": ""496-496"", ""birth_date"": ""1889-08-21"", ""credit"": ""ש. ע.""}"
person:1735	person	בּערנאַרד געלינג	Bernard Geiling	people_db	1735	entry_person_id:P-1-facs_265_tr_1741260323	matched		bio	"{""entry_type"": ""performer"", ""volume"": ""1"", ""span"": ""497-497"", ""birth_date"": ""1899-12-15""}"
person:1739	person	לעאָן געליס	Leon Gelis	people_db	1739	entry_person_id:P-1-facs_265_tr_1741260315	matched		bio	"{""entry_type"": ""performer"", ""volume"": ""1"", ""span"": ""497-497"", ""birth_date"": ""1857"", ""death_date"": ""1925"", ""credit"": ""ש. ע. פֿון רעגינע ווינער-לאַכטיגער""}"
place:Q1128219	place	בערשאָן	Men's FIH Hockey World Cup	wikidata_qid	Q1128219	"{""kima_id"": """", ""lat"": """", ""lon"": """"}"	candidate		bio	
person:1740	person	מ. געלער	M. Geller	people_db	1740	entry_person_id:P-1-facs_265_tr_1741260317	matched		bio	"{""entry_type"": ""writer"", ""volume"": ""1"", ""span"": ""498-498""}"
person:1742	person	סאָלאָמאַן גענפער	Solomon Genfer	people_db	1742	entry_person_id:P-1-facs_265_tr_1741260298	matched		bio	"{""entry_type"": ""administrator"", ""volume"": ""1"", ""span"": ""498-498"", ""birth_date"": ""1874"", ""death_date"": ""1913-08-05"", ""credit"": ""מ. ע. פֿון נחום ליפּאָווסקי און א. ג. קאָמפּאַנעיעץ.""}"
person:1760	person	זשאַן געצמאַן (שמואל יעקב)	Jan Getsman	people_db	1760	entry_person_id:P-1-facs_265_tr_1741260308	matched		bio	"{""entry_type"": ""performer"", ""volume"": ""1"", ""span"": ""498-498"", ""birth_date"": ""1879-08-03"", ""credit"": ""ש. ע. פֿון יעקב וואַקסמאַן.""}"
place:Q1019884	place	יאַנאָוו	Ivano-Frankove	wikidata_qid	Q1019884	"{""kima_id"": """", ""lat"": """", ""lon"": """"}"	candidate		bio	
person:1752	person	סעם גערטלער (ישראל)	Sam Gertler	people_db	1752	entry_person_id:P-1-facs_266_tr_1741260236	matched		bio	"{""entry_type"": ""performer"", ""volume"": ""1"", ""span"": ""499-499"", ""birth_date"": ""1896-04-15""}"
place:Q1022786	place	יאָבלאָניצע	Roxie	wikidata_qid	Q1022786	"{""kima_id"": """", ""lat"": """", ""lon"": """"}"	matched		bio	
person:1755	person	יאַקאָוו גערטנער	Jacob Gertner	people_db	1755	entry_person_id:P-1-facs_267_tr_1741260286	matched		bio	"{""entry_type"": ""performer"", ""volume"": ""1"", ""span"": ""502-502"", ""birth_date"": ""1900-11-20"", ""credit"": ""ש. ע.""}"
place:Q2553136	place	קאָסטוקאָוויטש	Kostukovitsh	wikidata_qid	Q2553136	"{""kima_id"": """", ""lat"": """", ""lon"": """"}"	candidate		bio	
place:Q760230	place	באָלשאָי טאָקמאָק	Prymorsk	wikidata_qid	Q760230	"{""kima_id"": """", ""lat"": """", ""lon"": """"}"	matched		bio	
person:1757	person	מ. גערץ (מאָשקאָוויטש)	M. Gertz	people_db	1757	entry_person_id:P-1-facs_268_tr_1741260219	matched		bio	"{""entry_type"": ""writer"", ""volume"": ""1"", ""span"": ""504-504"", ""birth_date"": ""1896-08-20""}"
person:1749	person	מ. גערשאָי (משה גערשויג)	M. Gershoy	people_db	1749	entry_person_id:P-1-facs_268_tr_1741260225	matched		bio	"{""entry_type"": ""writer"", ""volume"": ""1"", ""span"": ""504-505"", ""birth_date"": ""1884-10"", ""credit"": ""ש. ע.""}"
person:1748	person	הערש גערשאַנאָוויטש	Hersh Gershanovitsh	people_db	1748	entry_person_id:P-1-facs_269_tr_1741260233	matched		bio	"{""volume"": ""1"", ""span"": ""506-506""}"
person:1750	person	סעם גערשטענזאַנג (שמואל)	Sam Gerstenzang	people_db	1750	entry_person_id:P-1-facs_269_tr_1741260225	matched		bio	"{""entry_type"": ""performer"", ""volume"": ""1"", ""span"": ""506-506"", ""birth_date"": ""1888-04-15"", ""credit"": ""מ. ע.""}"
person:1758	person	העלענאַ געשפּאַס	Helene Gespass	people_db	1758	entry_person_id:P-1-facs_269_tr_1741260221	matched		bio	"{""entry_type"": ""performer"", ""volume"": ""1"", ""span"": ""506-506"", ""birth_date"": ""1886"", ""death_date"": ""1907"", ""credit"": ""מ. ע. פֿון שלום פּערלמוטער.""}"
person_entry:P-1-facs_269_tr_1741260229	person	גראָדזענסקי, אהרן-יצחק		entry_person_id	P-1-facs_269_tr_1741260229		unmatched		bio	"{""entry_type"": ""writer"", ""volume"": ""1"", ""span"": ""506-506"", ""birth_date"": ""1891-10-10""}"
place:Q379669	place	וועקשנע	Viekšniai	wikidata_qid	Q379669	"{""kima_id"": ""23603"", ""lat"": """", ""lon"": """"}"	matched		bio	
person:1907	person	א גראָדנער	A. Grodner	people_db	1907	entry_person_id:P-1-facs_270_TextRegion_1711971070302_285	matched		bio	"{""entry_type"": ""performer"", ""volume"": ""1"", ""span"": ""507-507"", ""birth_date"": ""1902-07-20"", ""credit"": ""מ. ע.""}"
person:1882	person	אַנעטאַ גראַדנער	Aneta Gradner	people_db	1882	entry_person_id:P-1-facs_270_r	matched		bio	"{""entry_type"": ""performer"", ""volume"": ""1"", ""span"": ""507-507"", ""death_date"": ""1888"", ""credit"": ""מ. ע. פֿון יצחק ליברעסקאָ און פ. שטויב.""}"
place:UPL-0042	place	סטראָטפֿאָרט בית-עולם					unmatched	attestation:unlinked	bio	
place:Q450625	place	אליטע	Alytus	wikidata_qid	Q450625	"{""kima_id"": """", ""lat"": ""54.400000"", ""lon"": ""24.050000""}"	matched		bio	
place:UPL-0043	place	דייטשן האָספּיטאָל					unmatched	attestation:unlinked	bio	
place:UPL-0044	place	סטרעטפאָרד בית-עולם					unmatched	attestation:unlinked	bio	
person:1883	person	רייטשעל גראַדנער (ריינאַלדס)	Rachel Gradner	people_db	1883	entry_person_id:P-1-facs_274_tr_1741260206	matched		bio	"{""entry_type"": ""performer"", ""volume"": ""1"", ""span"": ""515-515"", ""credit"": ""מ. ע. פֿון אסתר וואלערשטיין.""}"
person:1910	person	דוד גראָלל	David Groll	people_db	1910	entry_person_id:P-1-facs_274_tr_1741260198	matched		bio	"{""entry_type"": ""performer"", ""volume"": ""1"", ""span"": ""515-515"", ""birth_date"": ""1880~"", ""death_date"": ""1925-11-26"", ""credit"": ""מ. ע. פֿון זיין ברודער טשאָרלי גראָלל.""}"
place:UPL-0045	place	ניו יאָרקער הר-לבנון-בית עולם					unmatched	attestation:unlinked	bio	
person:1909	person	טשאַרלס גראָלל	Charles W. Groll	people_db	1909	entry_person_id:P-1-facs_274_tr_1741260210	matched		bio	"{""entry_type"": ""administrator"", ""volume"": ""1"", ""span"": ""516-516"", ""birth_date"": ""1884-02-10"", ""credit"": ""מ. ע.""}"
person:1887	person	אַלעקסאַנדער גראַנאָווסקי (אברהם אַזאַרך)	Alexander Granovsky	people_db	1887	entry_person_id:P-1-facs_274_tr_1741260201	matched		bio	"{""entry_type"": ""director_regisseur"", ""volume"": ""1"", ""span"": ""516-517"", ""birth_date"": ""1890"", ""credit"": ""מ. ע.""}"
person:1886	person	אַלעקסאַנדער גראנאך	Alexander Granach	people_db	1886	entry_person_id:P-1-facs_275_tr_1741260245	matched		bio	"{""entry_type"": ""performer"", ""volume"": ""1"", ""span"": ""518-518"", ""birth_date"": ""1893"", ""credit"": ""ש. ע. פֿון יעקב מעסטעל.""}"
place:Q4107532	place	וויעזשכאָווצע	Vic-sur-Aisne	wikidata_qid	Q4107532	"{""kima_id"": """", ""lat"": """", ""lon"": """"}"	matched		bio	
person:1911	person	סאַמי גראָנעמאַן	Sammy Gronemann	people_db	1911	entry_person_id:P-1-facs_276_r	matched		bio	"{""entry_type"": ""writer"", ""volume"": ""1"", ""span"": ""519-519"", ""birth_date"": ""1875"", ""credit"": ""ש. ע.""}"
place:Q6602	place	שטראסבורג	Strasbourg	wikidata_qid	Q6602	"{""kima_id"": ""1742"", ""lat"": """", ""lon"": """"}"	matched		bio	
person:1915	person	אייבּי גראס	Abie Gross	people_db	1915	entry_person_id:P-1-facs_276_tr_1741260311	matched		bio	"{""entry_type"": ""performer"", ""volume"": ""1"", ""span"": ""519-519"", ""birth_date"": ""1893-08-13"", ""credit"": ""מ. ע.""}"
person:1916	person	נפתלי גראָס	Naftali Gross	people_db	1916	entry_person_id:P-1-facs_276_tr_1741260308	matched		bio	"{""entry_type"": ""writer"", ""volume"": ""1"", ""span"": ""520-520""}"
person:1914	person	חנה גראָסבּערג (מאַנדעלטאָרט)	Chana Grosberg	people_db	1914	entry_person_id:P-1-facs_276_tr_1741260306	matched		bio	"{""entry_type"": ""performer"", ""volume"": ""1"", ""span"": ""520-520"", ""birth_date"": ""1900"", ""credit"": ""מ. ע.""}"
person:1919	person	אוירווינג גראָסמאַן (יצחק לייבּ)	Irving Grossman	people_db	1919	entry_person_id:P-1-facs_276_tr_1741260302	matched		bio	"{""entry_type"": ""performer"", ""volume"": ""1"", ""span"": ""520-520"", ""birth_date"": ""1900-12-20"", ""credit"": ""מ. ע.""}"
person:1921	person	דזשאָזעף גראָסמאַן	Joseph M. Grossman	people_db	1921	entry_person_id:P-1-facs_277_tr_1741260245	matched		bio	"{""entry_type"": ""performer"", ""volume"": ""1"", ""span"": ""521-521"", ""birth_date"": ""1903"", ""credit"": ""ש. ע. פֿון שלום פּערלמוטער.""}"
person:1918	person	העלען גראָסמאַן	Helen Grossman	people_db	1918	entry_person_id:P-1-facs_277_tr_1741260246	matched		bio	"{""entry_type"": ""performer"", ""volume"": ""1"", ""span"": ""521-521"", ""birth_date"": ""1898"", ""credit"": ""ש. ע. פֿון שלום פּערלמוטער.""}"
person:1927	person	וו. גראָסמאַן (דוד וואָלף)	V.M. Grossman	people_db	1927	entry_person_id:P-1-facs_277_tr_1741260243	matched		bio	"{""entry_type"": ""performer"", ""volume"": ""1"", ""span"": ""522-522"", ""birth_date"": ""1891-01-03"", ""credit"": ""מ. ע. פֿון אַננאַ נאַטאַנסאָן.""}"
place:UPL-0046	place	דאָרף שטשאָווין					unmatched	attestation:unlinked	bio	
person:1920	person	יעקב גראָסמאַן	Jacob Grossman	people_db	1920	entry_person_id:P-1-facs_277_tr_1741260247	matched		bio	"{""entry_type"": ""performer"", ""volume"": ""1"", ""span"": ""522-522"", ""birth_date"": ""1890"", ""credit"": ""מ. ע.""}"
person:1926	person	סילוויאַ גראָסמאַן	Sylvia Grossman	people_db	1926	entry_person_id:P-1-facs_278_tr_1741260264	matched		bio	"{""entry_type"": ""performer"", ""volume"": ""1"", ""span"": ""523-523""}"
person:1924	person	סעמועל גראָסמאַן	Samuel B. Grossman	people_db	1924	entry_person_id:P-1-facs_278_tr_1741260263	matched		bio	"{""entry_type"": ""performer"", ""volume"": ""1"", ""span"": ""523-523"", ""birth_date"": ""1879-08-27"", ""credit"": ""ש. ע. פֿון שלום פּערלמוטער.""}"
place:Q1019899	place	זבאראזש	Zbarazh	wikidata_qid	Q1019899	"{""kima_id"": ""12047"", ""lat"": """", ""lon"": """"}"	candidate		bio	
person:1917	person	פעני גראָסמאַן (אַדלער)	Fannie Grossman	people_db	1917	entry_person_id:P-1-facs_278_tr_1741260247	matched		bio	"{""entry_type"": ""performer"", ""volume"": ""1"", ""span"": ""523-523"", ""birth_date"": ""1878"", ""credit"": ""ש. ע. פֿון שלום פּערלמוטער.""}"
place:Q990703	place	בלאַזשאָווא	Ericsson R380s	wikidata_qid	Q990703	"{""kima_id"": """", ""lat"": """", ""lon"": """"}"	candidate		bio	
place:Q369699	place	אַלענטאָן	Olsztyn	wikidata_qid	Q369699	"{""kima_id"": """", ""lat"": """", ""lon"": """"}"	matched		bio	
person:1884	person	לעאָן גראַף	Leon Graf	people_db	1884	entry_person_id:P-1-facs_279_TextRegion_1711971250100_342	matched		bio	"{""entry_type"": ""musician"", ""volume"": ""1"", ""span"": ""525-525"", ""birth_date"": ""1888"", ""credit"": ""ש. ע.""}"
place:UPL-0047	place	אַ דאָרף נעבן יאָסי					unmatched	attestation:unlinked	bio	
person:1912	person	איידאַ גראָפּער (בריה)	Ida Groper	people_db	1912	entry_person_id:P-1-facs_280_TextRegion_1711971594244_435	matched		bio	"{""entry_type"": ""performer"", ""volume"": ""1"", ""span"": ""527-527"", ""credit"": ""מ. ע.""}"
person:1913	person	יוסף גראָפּער	Joseph Groper	people_db	1913	entry_person_id:P-1-facs_280_r_2	matched		bio	"{""entry_type"": ""performer"", ""volume"": ""1"", ""span"": ""527-527"", ""birth_date"": ""1866"", ""death_date"": ""1911-12-13""}"
place:UPL-0048	place	מאונט היברו					unmatched	attestation:unlinked	bio	
person:1931	person	(יצחק-בער טורקאָוו) גרודבּערג	Itzhak Grudberg	people_db	1931	entry_person_id:P-1-facs_280_TextRegion_1711971443107_368	matched		bio	"{""entry_type"": ""performer"", ""volume"": ""1"", ""span"": ""528-528"", ""birth_date"": ""1906-01-12"", ""credit"": ""ש. ע.""}"
person:1933	person	אברהם גרושקאָוו (גרושקאָווסקי)	Avraham Grushkov	people_db	1933	entry_person_id:P-1-facs_281_tr_1741260291	matched		bio	"{""entry_type"": ""composer"", ""volume"": ""1"", ""span"": ""529-529"", ""birth_date"": ""1892-09-12"", ""credit"": ""מ. ע.""}"
place:Q847787	place	לובני	Forest Park South Gate station	wikidata_qid	Q847787	"{""kima_id"": """", ""lat"": """", ""lon"": """"}"	candidate		bio	
person:1899	person	אשר גרימינגער	Asher Griminger	people_db	1899	entry_person_id:P-1-facs_281_r_7	matched		bio	"{""entry_type"": ""performer"", ""volume"": ""1"", ""span"": ""530-530"", ""birth_date"": ""1892-09-20"", ""credit"": ""ש. ע. פֿון מנחם דעסער.""}"
person:1889	person	אָסקאַר גרין	Oscar Green	people_db	1889	entry_person_id:P-1-facs_281_r_3	matched		bio	"{""entry_type"": ""administrator"", ""volume"": ""1"", ""span"": ""530-530"", ""birth_date"": ""1893-06-10"", ""credit"": ""ש. ע.""}"
place:Q730175	place	שקלאָוו	Škłow	wikidata_qid	Q730175	"{""kima_id"": ""262"", ""lat"": """", ""lon"": """"}"	candidate		bio	
person:1902	person	איזידאָר גרינבּלאַט	Izidor Grinblat	people_db	1902	entry_person_id:P-1-facs_282_tr_1741260213	matched		bio	"{""entry_type"": ""performer"", ""volume"": ""1"", ""span"": ""531-531"", ""birth_date"": ""1879"", ""death_date"": ""1923"", ""credit"": ""מ. ע. פֿון לואיס גילראָד און איזידאָר ליליען.""}"
person:1894	person	הערש גרינבּלאַט	Harry Greenblatt	people_db	1894	entry_person_id:P-1-facs_282_tr_1741260223	matched		bio	"{""volume"": ""1"", ""span"": ""532-532""}"
person_entry:P-1-facs_282_r_7	person	גרינבערג, דוד		entry_person_id	P-1-facs_282_r_7		unmatched		bio	"{""entry_type"": ""other"", ""volume"": ""1"", ""span"": ""532-532""}"
person:1901	person	חיים-בצלאל גרינבּערג	Khayim-Betsalel Grinberg	people_db	1901	entry_person_id:P-1-facs_282_tr_1741260226	matched		bio	"{""entry_type"": ""writer"", ""volume"": ""1"", ""span"": ""532-532"", ""birth_date"": ""1860""}"
place:Q200855	place	ווענגראָוו	Battle of Vienna	wikidata_qid	Q200855	"{""kima_id"": """", ""lat"": """", ""lon"": """"}"	candidate		bio	
person:1892	person	יוסף גרינבּערג	Joseph Greenberg	people_db	1892	entry_person_id:P-1-facs_282_tr_1741260219	matched		bio	"{""entry_type"": ""performer"", ""volume"": ""1"", ""span"": ""532-532"", ""birth_date"": ""1900-04-23"", ""credit"": ""מ. ע.""}"
person:1891	person	יעקב גרינבּערג	Jacob Greenberg	people_db	1891	entry_person_id:P-1-facs_283_tr_1741260226	matched		bio	"{""entry_type"": ""performer"", ""volume"": ""1"", ""span"": ""533-533"", ""birth_date"": ""1875~"", ""death_date"": ""1923-07-30"", ""credit"": ""מ. ע. פֿון בעסי דזשייקאָבסאָן.""}"
person:1893	person	סעמיועל גרינבּערג (שמחה)	Samuel Greenberg	people_db	1893	entry_person_id:P-1-facs_283_tr_1741260246	matched		bio	"{""entry_type"": ""performer"", ""volume"": ""1"", ""span"": ""533-533"", ""birth_date"": ""1863-08-15"", ""credit"": ""ש. ע. פֿון מאָניע עלגאַרד.""}"
person:1890	person	פעני גרינבּערג (טאָמאַשעווסקי)	Fannie Greenberg	people_db	1890	entry_person_id:P-1-facs_283_tr_1741260239	matched		bio	"{""entry_type"": ""performer"", ""volume"": ""1"", ""span"": ""533-533"", ""death_date"": ""1927-09-19"", ""credit"": ""ש. ע. פֿון מאָניע עלגאַרד.""}"
person:1903	person	יהודה גרינהויז	Yehuda Grinhoyz	people_db	1903	entry_person_id:P-1-facs_284_tr_1741260301	matched		bio	"{""entry_type"": ""performer"", ""volume"": ""1"", ""span"": ""535-535"", ""birth_date"": ""1891-03-05"", ""credit"": ""ש. ע.""}"
person:1895	person	דזשין גרינפעלד (יעקב)	Jean Greenfield	people_db	1895	entry_person_id:P-1-facs_284_r_9	matched		bio	"{""entry_type"": ""administrator"", ""volume"": ""1"", ""span"": ""536-536"", ""birth_date"": ""1876-02-06"", ""credit"": ""ש. ע.""}"
person:1896	person	ראזא גרינפעלד (טרייטלער)	Rose Greenfield	people_db	1896	entry_person_id:P-1-facs_284_tr_1741260304	matched		bio	"{""entry_type"": ""performer"", ""volume"": ""1"", ""span"": ""536-536"", ""credit"": ""מ. ע.""}"
person:1897	person	חיים גרינשפּאַן	Chaim Greenshpan	people_db	1897	entry_person_id:P-1-facs_285_r_2	matched		bio	"{""entry_type"": ""performer"", ""volume"": ""1"", ""span"": ""537-537"", ""birth_date"": ""1889"", ""death_date"": ""1908""}"
person:1505	person	יחזקאל דאָבּרושין	Yekhezkel Dobrushin	people_db	1505	entry_person_id:P-1-facs_285_TextRegion_1711970163488_83	matched		bio	"{""entry_type"": ""writer"", ""volume"": ""1"", ""span"": ""537-537"", ""birth_date"": ""1883""}"
place:UPL-0049	place	דאָרף מוטין					unmatched	attestation:unlinked	bio	
person:3820	person	דאוויד דאַווידאָוו	David Davidov (I)	people_db	3820	entry_person_id:P-1-facs_285_TextRegion_1711970098202_35	matched		bio	"{""entry_type"": ""performer"", ""volume"": ""1"", ""span"": ""538-538"", ""birth_date"": ""1890-05-10"", ""credit"": ""מ. ע.""}"
person:1481	person	חנה דאַיען-דאָבּראָוויסקאַ	Chana Dayen-Dobrovinska	people_db	1481	entry_person_id:P-1-facs_286_TextRegion_1711970562971_196	matched		bio	"{""entry_type"": ""performer"", ""volume"": ""1"", ""span"": ""539-539"", ""credit"": ""מ. ע.""}"
person:1480	person	שרה דאַיען	Sarah Dayen	people_db	1480	entry_person_id:P-1-facs_286_TextRegion_1711970335588_157	matched		bio	"{""entry_type"": ""performer"", ""volume"": ""1"", ""span"": ""540-540"", ""birth_date"": ""1864-04-13"", ""credit"": ""מ. ע. פֿון יעקב קאצמאַן.""}"
person:1510	person	מנחם-מענדל דאָליצקי	Menachem Mendel Dolitzky	people_db	1510	entry_person_id:P-1-facs_286_TextRegion_1711970312420_135	matched		bio	"{""entry_type"": ""writer"", ""volume"": ""1"", ""span"": ""540-540"", ""birth_date"": ""1858-03-13""}"
person:1466	person	בּעטי דאַלסקאַ (בראַצלאַווסקאַ)	Betty Dalska	people_db	1466	entry_person_id:P-1-facs_287_tr_1741260232	matched		bio	"{""entry_type"": ""performer"", ""volume"": ""1"", ""span"": ""541-541"", ""credit"": ""ש. ע. פֿון וואָלף זילבערבערג.""}"
person:3601	person	יצחק דאניעל		people_db	3601	entry_person_id:P-1-facs_287_tr_1741260245	matched		bio	"{""entry_type"": ""director_regisseur"", ""volume"": ""1"", ""span"": ""541-541"", ""birth_date"": ""1895-11-12"", ""credit"": ""ש. ע.""}"
place:Q15914	place	רושטשוק	Ruše	wikidata_qid	Q15914	"{""kima_id"": """", ""lat"": """", ""lon"": """"}"	matched		bio	
person:1470	person	מרדכי דאַנציס	Mordechai Dantsis	people_db	1470	entry_person_id:P-1-facs_287_tr_1741260241	matched		bio	"{""entry_type"": ""writer"", ""volume"": ""1"", ""span"": ""542-542"", ""birth_date"": ""1887-04-18"", ""credit"": ""מ. ע.""}"
place:Q1022485	place	מעזשיבעזש	Medz︠h︡ybiz︠h︡ (Ukraine)	wikidata_qid	Q1022485	"{""kima_id"": ""17325"", ""lat"": """", ""lon"": """"}"	matched		bio	
person:1506	person	רובּין דאָקטאָר (ראובן)	Rubin Doctor	people_db	1506	entry_person_id:P-1-facs_287_tr_1741260236	matched		bio	"{""entry_type"": ""performer"", ""volume"": ""1"", ""span"": ""542-542"", ""birth_date"": ""1882"", ""credit"": ""ש. ע.""}"
place:Q1150271	place	יעדיניעץ	Edineț (Moldova)	wikidata_qid	Q1150271	"{""kima_id"": ""23788"", ""lat"": """", ""lon"": """"}"	matched		bio	
person:1508	person	בּ. דאָקטאָראָוו	B. Doktorov	people_db	1508	entry_person_id:P-1-facs_288_tr_1741260218	matched		bio	"{""entry_type"": ""performer"", ""volume"": ""1"", ""span"": ""543-543"", ""death_date"": ""1918""}"
place:Q1529447	place	סאָווראַן	Savran	wikidata_qid	Q1529447	"{""kima_id"": ""23399"", ""lat"": """", ""lon"": """"}"	matched		bio	
person:1514	person	מאָריס דאָרף	Morris Dorf	people_db	1514	entry_person_id:P-1-facs_288_r_4	matched		bio	"{""entry_type"": ""performer"", ""volume"": ""1"", ""span"": ""544-545"", ""birth_date"": ""1892-12-26"", ""credit"": ""מ. ע.""}"
place:Q974026	place	מאָשטשיסק	Virgil	wikidata_qid	Q974026	"{""kima_id"": """", ""lat"": """", ""lon"": """"}"	candidate		bio	
person:1513	person	עטל דאָרף (עפּעלבלאַט)	Ethel Dorf	people_db	1513	entry_person_id:P-1-facs_289_tr_1739714921	matched		bio	"{""entry_type"": ""performer"", ""volume"": ""1"", ""span"": ""546-546"", ""birth_date"": ""1899"", ""credit"": ""מ. ע.""}"
person:1512	person	עלזאַ דאָרף	Elza Dorf	people_db	1512	entry_person_id:P-1-facs_289_tr_1739714923	matched		bio	"{""entry_type"": ""performer"", ""volume"": ""1"", ""span"": ""546-546""}"
person:1515	person	ש.י דאָרפזאָן (שמואל-יעקב האַרעדאָרף)	S.Y. Dorfzon	people_db	1515	entry_person_id:P-1-facs_289_tr_1739714910	matched		bio	"{""entry_type"": ""administrator"", ""volume"": ""1"", ""span"": ""546-546"", ""credit"": ""מ. ע.""}"
person:1472	person	צני-הערש דאַשעווסקי	Tsvi Hersh Dashevsky	people_db	1472	entry_person_id:P-1-facs_289_r_3	matched		bio	"{""entry_type"": ""performer"", ""volume"": ""1"", ""span"": ""546-546"", ""birth_date"": ""1888"", ""death_date"": ""1926-09-18""}"
person:1473	person	חנה דאַשקעוויטש (עדעלמאַן)	Chana Dashkevitsh	people_db	1473	entry_person_id:P-1-facs_289_tr_1739714920	matched		bio	"{""entry_type"": ""performer"", ""volume"": ""1"", ""span"": ""546-546"", ""birth_date"": ""1879"", ""credit"": ""מ. ע.""}"
person:750	person	דאָראַ דובּינסקאַ (ראַבוורין)	Dora Dubinsky	people_db	750	entry_person_id:P-1-facs_289_tr_1739714916	matched		bio	"{""entry_type"": ""performer"", ""volume"": ""1"", ""span"": ""546-547"", ""credit"": ""מ. ע. פֿון ראַזאַ קאַרפּ, בונע אַבראַמאָוויטש און אָדוו. סאַראָסאָן.""}"
person:3602	person	יידל דובּינסקי		people_db	3602	entry_person_id:P-1-facs_290_tr_1741260473	matched		bio	"{""entry_type"": ""performer"", ""volume"": ""1"", ""span"": ""548-548"", ""birth_date"": ""1886-05-14"", ""credit"": ""מ. ע.""}"
person:1531	person	הילעל דובּראָווינסקי	Hillel Dubrovinsky	people_db	1531	entry_person_id:P-1-facs_290_r_7	matched		bio	"{""entry_type"": ""performer"", ""volume"": ""1"", ""span"": ""548-548"", ""birth_date"": ""1891"", ""credit"": ""ש. ע. פֿון לעאָן דושמאַן.""}"
place:Q869780	place	וואָראַנצאָווקע	Roman Catholic Diocese of Iquique	wikidata_qid	Q869780	"{""kima_id"": """", ""lat"": """", ""lon"": """"}"	candidate		bio	
person:3461	person	לעאָן דושמאַן		people_db	3461	entry_person_id:P-1-facs_290_r_1	matched		bio	"{""entry_type"": ""performer"", ""volume"": ""1"", ""span"": ""548-548"", ""birth_date"": ""1886-04-12"", ""credit"": ""ש. ע.""}"
person:2057	person	הערי דזשאַרדען (הערשל דזשארדאנאווסקי)	Harry Jordan	people_db	2057	entry_person_id:P-1-facs_291_tr_1741260453	matched		bio	"{""entry_type"": ""performer"", ""volume"": ""1"", ""span"": ""549-549"", ""birth_date"": ""1895-05-27"", ""credit"": ""ש. ע.""}"
place:Q70598	place	סקווירא	Skvyra	wikidata_qid	Q70598	"{""kima_id"": ""18655"", ""lat"": """", ""lon"": """"}"	matched		bio	
person:2050	person	בּעטי דזשייקאָבּס (טרייאלער)	Betty Jacobs	people_db	2050	entry_person_id:P-1-facs_291_tr_1741260443	matched		bio	"{""entry_type"": ""performer"", ""volume"": ""1"", ""span"": ""549-549"", ""credit"": ""מ. ע.""}"
person:2054	person	אוירווינג דזשייקאָבּסאָן	Irving Jacobson	people_db	2054	entry_person_id:P-1-facs_291_tr_1741260462	matched		bio	"{""entry_type"": ""performer"", ""volume"": ""1"", ""span"": ""550-550"", ""birth_date"": ""1898-06-18"", ""credit"": ""מ. ע.""}"
person:2051	person	בּעטי דזשייקאָבּסאָן (ביילע שור)	Bessie Jacobson	people_db	2051	entry_person_id:P-1-facs_291_tr_1741260460	matched		bio	"{""entry_type"": ""performer"", ""volume"": ""1"", ""span"": ""550-550"", ""birth_date"": ""1870-08-11"", ""credit"": ""מ. און ש. ע.""}"
person:809	person	דזשייקאַבּ דזשייקאַבּסאָן	Jacob Jacobson (dramaturg)	people_db	809	entry_person_id:P-1-facs_292_r_6	matched		bio	"{""entry_type"": ""writer"", ""volume"": ""1"", ""span"": ""551-551"", ""credit"": ""מ. ע. פֿון מאָקס ראָזענטאָל.""}"
person:2053	person	היימי דזשייקאַבּסאָן (חיים-מענדל)	Hymie Jacobson	people_db	2053	entry_person_id:P-1-facs_292_tr_1741260503	matched		bio	"{""entry_type"": ""performer"", ""volume"": ""1"", ""span"": ""552-552"", ""birth_date"": ""1895-11-09""}"
person:2052	person	הענריעטאַ דזשייקאַבּסאָן	Henrietta Jacobson	people_db	2052	entry_person_id:P-1-facs_292_tr_1741260514	matched		bio	"{""entry_type"": ""performer"", ""volume"": ""1"", ""span"": ""552-552"", ""birth_date"": ""1906-03-27"", ""credit"": ""מ. ע.""}"
person:2055	person	יוסף דזשייקאַבּסאָן (יאַקאָבזאָן)	Joseph Jacobson	people_db	2055	entry_person_id:P-1-facs_292_tr_1741260501	matched		bio	"{""entry_type"": ""performer"", ""volume"": ""1"", ""span"": ""552-552"", ""birth_date"": ""1867"", ""death_date"": ""1906-05-23"", ""credit"": ""ש. און מ. ע. פֿון זיין פרוי בעסי דזשייקאָבסאָן.""}"
place:Q869784	place	זיגיווקע	Riverwalk Kitakyushu	wikidata_qid	Q869784	"{""kima_id"": """", ""lat"": """", ""lon"": """"}"	candidate		bio	
person:1498	person	יאָזעף דיבּעק	Yozef Dibek	people_db	1498	entry_person_id:P-1-facs_292_r_4	matched		bio	"{""entry_type"": ""group"", ""volume"": ""1"", ""span"": ""552-552"", ""birth_date"": ""1924-08"", ""credit"": ""מ. ע. פֿון צעזאָר גרינבערג.""}"
place:Q2558289	place	טאָלטשיין		wikidata_qid	Q2558289	"{""kima_id"": """", ""lat"": """", ""lon"": """"}"	candidate		bio	
person:1492	person	מיני דייטש (מענקעס)	Minnie Deytsh	people_db	1492	entry_person_id:P-1-facs_293_tr_1741260469	matched		bio	"{""entry_type"": ""performer"", ""volume"": ""1"", ""span"": ""554-554"", ""birth_date"": ""1887-10-02"", ""credit"": ""מ. ע.""}"
person:1497	person	סעם דיימאנט (גאָלובאַק)	Sam Diamont	people_db	1497	entry_person_id:P-1-facs_294_tr_1741260432	matched		bio	"{""entry_type"": ""performer"", ""volume"": ""1"", ""span"": ""555-555"", ""birth_date"": ""1887-09-10"", ""death_date"": ""1906-02-03"", ""credit"": ""מ. ע. פֿון זיין מוטער אַננאַ גאָלובאַק.""}"
person:1496	person	קידי דיימאָנט (גאָלובאָק-סאלאמאָנאָוויטש)	Kidi Diamont	people_db	1496	entry_person_id:P-1-facs_294_tr_1741260438	matched		bio	"{""entry_type"": ""performer"", ""volume"": ""1"", ""span"": ""555-555"", ""birth_date"": ""1892-11-05"", ""death_date"": ""1927-04-25"", ""credit"": ""מ. ע. פֿון אָננאַ גאָלובאָק.""}"
place:UPL-0050	place	יוניפעלד סעמעטער					unmatched	attestation:unlinked	bio	
person:1495	person	באָריס דיימאָנדשטיין (בערל דוואָרקין)	Boris Diamondstein	people_db	1495	entry_person_id:P-1-facs_294_tr_1741260445	matched		bio	"{""entry_type"": ""writer"", ""volume"": ""1"", ""span"": ""555-555"", ""birth_date"": ""1892"", ""credit"": ""ש. ע.""}"
place:Q2678	place	האַמעל	Homelʹ (Belarus)	wikidata_qid	Q2678	"{""kima_id"": ""10963"", ""lat"": ""52.441666666667"", ""lon"": ""30.983333333333""}"	matched		bio	
person:1482	person	שמואל דייקסעל	Shmuel Dayksel	people_db	1482	entry_person_id:P-1-facs_294_tr_1741260448	matched		bio	"{""entry_type"": ""writer"", ""volume"": ""1"", ""span"": ""556-556"", ""birth_date"": ""1886-06"", ""credit"": ""מ. ע. און מ. ע. פֿון שרה קינדמאַן.""}"
person:3462	person	ס. דינגאָל		people_db	3462	entry_person_id:P-1-facs_297_tr_1741260514	matched		bio	"{""entry_type"": ""writer"", ""volume"": ""1"", ""span"": ""562-562"", ""birth_date"": ""1886-02-19""}"
place:Q1049285	place	ראָהאַטשאָוו	Kikyō Station	wikidata_qid	Q1049285	"{""kima_id"": """", ""lat"": """", ""lon"": """"}"	candidate		bio	
person:1503	person	שמחה דינמאַן )דילמאַן( (דילמאַן)	Simcha Dinman	people_db	1503	entry_person_id:P-1-facs_297_r_18	matched		bio	"{""entry_type"": ""performer"", ""volume"": ""1"", ""span"": ""562-562"", ""credit"": ""מ. ע. פֿון יצחק ליברעסקאָ און צעזאָר גרינבער""}"
person:919	person	יעקב דינעזאָן	Jacob Dinezon	people_db	919	entry_person_id:P-1-facs_298_tr_1741260461	matched		bio	"{""entry_type"": ""writer"", ""volume"": ""1"", ""span"": ""563-563"", ""birth_date"": ""1856"", ""death_date"": ""1919-08-29""}"
place:Q169603	place	ניי-זאָגער		wikidata_qid	Q169603	"{""kima_id"": """", ""lat"": """", ""lon"": """"}"	candidate		bio	
person:3463	person	סאול דיקשטיין		people_db	3463	entry_person_id:P-1-facs_299_tr_1741260438	matched		bio	"{""entry_type"": ""performer"", ""volume"": ""1"", ""span"": ""565-565"", ""birth_date"": ""1890-11"", ""credit"": ""ש. ע. דורך שרה קינדמאַן.""}"
place:Q149173	place	סעקורען	Sokyriany	wikidata_qid	Q149173	"{""kima_id"": """", ""lat"": """", ""lon"": """"}"	matched		bio	
person:1483	person	הערי דעל (דאַלעטיצקי, אהרן)	Harry A. Dell	people_db	1483	entry_person_id:P-1-facs_299_tr_1741260425	matched		bio	"{""entry_type"": ""other"", ""volume"": ""1"", ""span"": ""565-565"", ""birth_date"": ""1895-12"", ""credit"": ""מ. ע.""}"
person:1485	person	וואָלף דעמאָנט	Volf Demont	people_db	1485	entry_person_id:P-1-facs_299_tr_1741260427	matched		bio	"{""entry_type"": ""writer"", ""volume"": ""1"", ""span"": ""566-566"", ""birth_date"": ""1830~"", ""death_date"": ""1897-10-21""}"
person:1468	person	דוד דענק (צוויבעלשאַרף)	David Dank	people_db	1468	entry_person_id:P-1-facs_299_tr_1741260439	matched		bio	"{""entry_type"": ""performer"", ""volume"": ""1"", ""span"": ""566-566"", ""birth_date"": ""1895-04-25"", ""credit"": ""ש. ע.""}"
person:1489	person	יאָזעף דעססער (יוסף-חיים)	Joseph Desser	people_db	1489	entry_person_id:P-1-facs_300_tr_1741260418	matched		bio	"{""entry_type"": ""performer"", ""volume"": ""1"", ""span"": ""567-567"", ""birth_date"": ""1863"", ""death_date"": ""1924"", ""credit"": ""ש. ע. פֿון זיין זין מנהם דעססער.""}"
place:Q324884	place	בריגעל	Brzesko	wikidata_qid	Q324884	"{""kima_id"": ""16514"", ""lat"": """", ""lon"": """"}"	candidate		bio	
place:Q191851	place	סאָמבאָר	vase	wikidata_qid	Q191851	"{""kima_id"": """", ""lat"": """", ""lon"": """"}"	candidate		bio	
person:1488	person	עמנואל דעססער	Emanuel Desser	people_db	1488	entry_person_id:P-1-facs_300_tr_1741260426	matched		bio	"{""entry_type"": ""performer"", ""volume"": ""1"", ""span"": ""567-567"", ""birth_date"": ""1893-04-23"", ""credit"": ""ש. ע.""}"
person:1487	person	קלאַראַ דעססער (קיילע טויבע)	Clara Desser	people_db	1487	entry_person_id:P-1-facs_300_r_4	matched		bio	"{""entry_type"": ""performer"", ""volume"": ""1"", ""span"": ""568-568"", ""birth_date"": ""1882"", ""credit"": ""ש. ע. פֿון מנחם דעססער.""}"
place:Q1022845	place	נזשיבי	1998 CART season	wikidata_qid	Q1022845	"{""kima_id"": """", ""lat"": """", ""lon"": """"}"	candidate		bio	
person:1517	person	דזשאָזעף דראַבּקין	Joseph Drabkin	people_db	1517	entry_person_id:P-1-facs_300_r_5	matched		bio	"{""entry_type"": ""administrator"", ""volume"": ""1"", ""span"": ""568-568"", ""birth_date"": ""1885-05-15"", ""credit"": ""ש. ע.""}"
person:1526	person	דראָזדאָוויטש	? Drozdovitsh	people_db	1526	entry_person_id:P-1-facs_300_tr_1741260422	matched		bio	"{""entry_type"": ""administrator"", ""volume"": ""1"", ""span"": ""568-568""}"
person:1520	person	נאַדיאַ דראַנאָוו (גרעסיע מייטוס)	Nadya Dranova	people_db	1520	entry_person_id:P-1-facs_300_tr_1741260424	matched		bio	"{""entry_type"": ""performer"", ""volume"": ""1"", ""span"": ""568-568"", ""birth_date"": ""1889-09-27"", ""credit"": ""ש. ע. פֿון הערש קושטשינסקי.""}"
person:1519	person	נאַטאַן דראַנאָוו (ניסן)	Nathan Dranov	people_db	1519	entry_person_id:P-1-facs_301_tr_1741260452	matched		bio	"{""entry_type"": ""performer"", ""volume"": ""1"", ""span"": ""569-569"", ""birth_date"": ""1884~"", ""death_date"": ""1920-09-20"", ""credit"": ""מ. ע. פֿון זיין פרוי נאדיא און ש. ע. פֿון הערש קושטשינסקי.""}"
place:Q869835	place	פונדאקלעעווקא	Ishe Komborera Africa	wikidata_qid	Q869835	"{""kima_id"": """", ""lat"": """", ""lon"": """"}"	candidate		bio	
person:1521	person	פאולא דרייבּלאַט (פערל שנייער)	Paula Dreiblatt	people_db	1521	entry_person_id:P-1-facs_301_tr_1741260457	matched		bio	"{""entry_type"": ""performer"", ""volume"": ""1"", ""span"": ""570-570"", ""birth_date"": ""1891-12-17"", ""credit"": ""ש. ע. פֿון מיך הערשקאָוויטש.""}"
place:Q1022905	place	קאָראָפּיעץ	Sande	wikidata_qid	Q1022905	"{""kima_id"": """", ""lat"": """", ""lon"": """"}"	candidate		bio	
person:3464	person	עמאַ דרייזינאַ		people_db	3464	entry_person_id:P-1-facs_302_r	matched		bio	"{""entry_type"": ""performer"", ""volume"": ""1"", ""span"": ""571-571"", ""birth_date"": ""1904-07-20"", ""credit"": ""ש. ע.""}"
person:1522	person	לעאָן דרייקורס	Leon Dreykurs	people_db	1522	entry_person_id:P-1-facs_302_tr_1741260420	matched		bio	"{""entry_type"": ""writer"", ""volume"": ""1"", ""span"": ""571-571"", ""birth_date"": ""1894-02-04""}"
person:1525	person	ה. דרימער	H. Drimer	people_db	1525	entry_person_id:P-1-facs_302_tr_1741260411	matched		bio	"{""entry_type"": ""writer"", ""volume"": ""1"", ""span"": ""571-571"", ""birth_date"": ""1883-12-20"", ""credit"": ""מ. ע. פֿון יעקב מעסטעל.""}"
place:UPL-0051	place	טשעכאָסלאָוואָקייע					unmatched	no_attestation	bio	
person:1957	person	יאָזעף האַבּערמאַן	Yozef Haberman	people_db	1957	entry_person_id:P-1-facs_303_tr_1741260404	matched		bio	"{""entry_type"": ""performer"", ""volume"": ""1"", ""span"": ""573-573"", ""birth_date"": ""1897-11-17"", ""credit"": ""ש. ע.""}"
person:2009	person	מרדכי האָכבּערג	Mordechai Hochberg	people_db	2009	entry_person_id:P-1-facs_303_tr_1741260398	matched		bio	"{""entry_type"": ""composer"", ""volume"": ""1"", ""span"": ""574-574"", ""birth_date"": ""1878-05-23"", ""death_date"": ""1930-08-22""}"
place:Q1050383	place	אליקא	Olyka (Ukraine)	wikidata_qid	Q1050383	"{""kima_id"": ""1645"", ""lat"": ""50.716666666667"", ""lon"": ""25.816666666667""}"	matched		bio	
place:Q8678	place	ריא דע זשאנערא	Rio de Janeiro	wikidata_qid	Q8678	"{""kima_id"": ""448"", ""lat"": ""-22.911111"", ""lon"": ""-43.205556""}"	matched		bio	
person:2010	person	רחל האָכבּערג (אַריעל)	Rukhl Hochberg	people_db	2010	entry_person_id:P-1-facs_304_tr_1741260491	matched		bio	"{""entry_type"": ""performer"", ""volume"": ""1"", ""span"": ""575-575"", ""birth_date"": ""1893-05-16"", ""credit"": ""ש. ע.""}"
person:2011	person	שאול האָכבּערג	Shaul Hochberg	people_db	2011	entry_person_id:P-1-facs_304_tr_1741260497	matched		bio	"{""entry_type"": ""writer"", ""volume"": ""1"", ""span"": ""575-575"", ""birth_date"": ""1870-04-23""}"
place:Q1022794	place	יאָלטושקאָוו	CAM Timișoara	wikidata_qid	Q1022794	"{""kima_id"": """", ""lat"": """", ""lon"": """"}"	candidate		bio	
person:2013	person	הערי האָכשטיין (כאזין)	Harry Hochstein	people_db	2013	entry_person_id:P-1-facs_304_tr_1741260494	matched		bio	"{""entry_type"": ""performer"", ""volume"": ""1"", ""span"": ""575-575"", ""birth_date"": ""1886-02-27"", ""credit"": ""מ. ע.""}"
person:2014	person	יעקב האָכשטיין	Jacob Hochstein	people_db	2014	entry_person_id:P-1-facs_304_tr_1741260480	matched		bio	"{""entry_type"": ""performer"", ""volume"": ""1"", ""span"": ""576-576"", ""birth_date"": ""1875"", ""death_date"": ""1931-01-06"", ""credit"": ""ש. ע.""}"
place:Q2553137	place	קיטערשיקע	Białystok Fabryczny train station	wikidata_qid	Q2553137	"{""kima_id"": """", ""lat"": """", ""lon"": """"}"	candidate		bio	
person:2020	person	יוסף האָלדער	Yosef Holder	people_db	2020	entry_person_id:P-1-facs_305_tr_1741260395	matched		bio	"{""entry_type"": ""writer"", ""volume"": ""1"", ""span"": ""577-577"", ""birth_date"": ""1893-01-11"", ""credit"": ""מ. ע. פֿון י. מעסטעל.""}"
place:Q1093414	place	ביטשקיף	Bishkiv	wikidata_qid	Q1093414	"{""kima_id"": """", ""lat"": """", ""lon"": """"}"	matched		bio	
person:2022	person	איזידאָר האָלענדער	Isidore Hollander	people_db	2022	entry_person_id:P-1-facs_305_tr_1741260403	matched		bio	"{""entry_type"": ""performer"", ""volume"": ""1"", ""span"": ""577-577"", ""birth_date"": ""1889-06-21"", ""credit"": ""מ. ע.""}"
place:Q1055082	place	לוזשנאַ	Yermotayevo	wikidata_qid	Q1055082	"{""kima_id"": """", ""lat"": """", ""lon"": """"}"	candidate		bio	
person:2021	person	חנה האָלענדער (פינקענטאל)	Chana Hollander	people_db	2021	entry_person_id:P-1-facs_305_tr_1741260383	matched		bio	"{""entry_type"": ""performer"", ""volume"": ""1"", ""span"": ""578-578"", ""birth_date"": ""1894-08-04"", ""credit"": ""מ. ע.""}"
place:Q4935817	place	באָבין	Bobin, Lesser Poland Voivodeship	wikidata_qid	Q4935817	"{""kima_id"": """", ""lat"": """", ""lon"": """"}"	matched		bio	
person:1964	person	יהונתן האַלפּערן	Yehonatan Halpern	people_db	1964	entry_person_id:P-1-facs_305_tr_1741260377	matched		bio	"{""entry_type"": ""writer"", ""volume"": ""1"", ""span"": ""578-578"", ""birth_date"": ""1877-04"", ""death_date"": ""1918-07-15""}"
place:UPL-0052	place	זשאָרקי					unmatched	attestation:misresolved	bio	
place:Q6322121	place	יענדזשעוו	Jędrzejów	wikidata_qid	Q6322121	"{""kima_id"": """", ""lat"": """", ""lon"": """"}"	matched		bio	
person:1965	person	יצחק-צבי האַלפּערן	Yitzhak Tsvi HaLevi Halpern	people_db	1965	entry_person_id:P-1-facs_306_tr_1741260490	matched		bio	"{""entry_type"": ""composer"", ""volume"": ""1"", ""span"": ""579-579"", ""credit"": ""מ. ע. פֿון אָנשעל שאָר, שלום פּערלמוטער, יעקב מעסטעל, יוסף וויינשטאָק, משה שאָר, גרשם באָדער און טשאָרלס נאַטאַנסאָן.""}"
person:1962	person	לעאָ האַלפּערן	Leo Halpern	people_db	1962	entry_person_id:P-1-facs_306_r_6	matched		bio	"{""entry_type"": ""director_regisseur"", ""volume"": ""1"", ""span"": ""580-580"", ""birth_date"": ""1894-01-24"", ""credit"": ""ש. ע.""}"
place:Q148473	place	טשאַרטקאָוו	Chortkiv (Ukraine)	wikidata_qid	Q148473	"{""kima_id"": ""18410"", ""lat"": """", ""lon"": """"}"	matched		bio	
person:1963	person	משה-לייב האַלפּערן	Moyshe-Leyb Halpern	people_db	1963	entry_person_id:P-1-facs_306_r_5	matched		bio	"{""entry_type"": ""writer"", ""volume"": ""1"", ""span"": ""580-580"", ""birth_date"": ""1886-01-02""}"
person:2024	person	רחל האָלצער	Rukhl Holtser	people_db	2024	entry_person_id:P-1-facs_306_tr_1741260485	matched		bio	"{""entry_type"": ""performer"", ""volume"": ""1"", ""span"": ""580-580"", ""credit"": ""ש. ע. פֿון יאָנאַס טורקאָוו.""}"
person:1966	person	דוד-גדליה האַמבּורגער	Dovid Gedalyah Hamburger	people_db	1966	entry_person_id:P-1-facs_306_tr_1741260491	matched		bio	"{""entry_type"": ""performer"", ""volume"": ""1"", ""span"": ""580-580"", ""birth_date"": ""1890-03-27"", ""credit"": ""ש. ע.""}"
place:Q690039	place	נאָווידוואָר	Nowy Dwór Mazowiecki (Poland)	wikidata_qid	Q690039	"{""kima_id"": ""42"", ""lat"": """", ""lon"": """"}"	matched		bio	
person:1967	person	נייטאַן האַמבּורגער	Neytan Hamburger	people_db	1967	entry_person_id:P-1-facs_307_tr_1741260375	matched		bio	"{""entry_type"": ""performer"", ""volume"": ""1"", ""span"": ""581-581"", ""birth_date"": ""1878"", ""death_date"": ""1913"", ""credit"": ""מ. ע. פֿון אסתר וואָלערשטיין, ז. בלעקער און בעקי גאָלדשטיין.""}"
place:UPL-0053	place	מענער-פּאָרק ביתעולם					unmatched	attestation:unlinked	bio	
person:1969	person	בּיילע האַנדפוס (אריעל)	Beyla Handfus	people_db	1969	entry_person_id:P-1-facs_307_tr_1741260374	matched		bio	"{""entry_type"": ""performer"", ""volume"": ""1"", ""span"": ""582-582"", ""birth_date"": ""1900-05-10"", ""credit"": ""ש. ע.""}"
person:1970	person	ישכר האַנדפוס	Yisokhar Handfus	people_db	1970	entry_person_id:P-1-facs_307_tr_1741260387	matched		bio	"{""entry_type"": ""performer"", ""volume"": ""1"", ""span"": ""582-582"", ""birth_date"": ""30 דעצעמבער"", ""credit"": ""ש. ע.""}"
person:2026	person	יצחק האָניגמאַן	Itzhak Honigman	people_db	2026	entry_person_id:P-1-facs_307_r_2	matched		bio	"{""entry_type"": ""performer"", ""volume"": ""1"", ""span"": ""582-582"", ""birth_date"": ""1886-12-24"", ""credit"": ""ש. ע.""}"
place:Q889573	place	קאָדימאַ	Kodyma (Ukraine)	wikidata_qid	Q889573	"{""kima_id"": ""80299"", ""lat"": """", ""lon"": """"}"	matched		bio	
person:2027	person	מאיר האָניגמאַן	Meyer Honigman	people_db	2027	entry_person_id:P-1-facs_308_tr_1741260516	matched		bio	"{""entry_type"": ""performer"", ""volume"": ""1"", ""span"": ""583-583"", ""birth_date"": ""1884-09-17"", ""credit"": ""מ. ע.""}"
person:2017	person	לעאָן האָפמאַן	Leon Hoffman	people_db	2017	entry_person_id:P-1-facs_308_tr_1741260510	matched		bio	"{""volume"": ""1"", ""span"": ""584-584""}"
place:Q193697	place	בענדער	Sugababes	wikidata_qid	Q193697	"{""kima_id"": """", ""lat"": """", ""lon"": """"}"	candidate		bio	
person:2019	person	עני האָפמאן-שניידער	Annie Hoffman-Schneider	people_db	2019	entry_person_id:P-1-facs_308_tr_1741260520	matched		bio	"{""entry_type"": ""performer"", ""volume"": ""1"", ""span"": ""584-584"", ""credit"": ""ש. ע.""}"
person:2018	person	פּאולין האָפמאַן	Pauline Hoffman	people_db	2018	entry_person_id:P-1-facs_309_r_2	matched		bio	"{""entry_type"": ""performer"", ""volume"": ""1"", ""span"": ""585-585"", ""birth_date"": ""1880"", ""credit"": ""ש. ע.""}"
place:Q114591	place	וולאַצלאַוועק	geomagnetism	wikidata_qid	Q114591	"{""kima_id"": """", ""lat"": """", ""lon"": """"}"	candidate		bio	
person:2028	person	מיצי האָפּע	Mitzi Hope	people_db	2028	entry_person_id:P-1-facs_309_tr_1741260482	matched		bio	"{""entry_type"": ""performer"", ""volume"": ""1"", ""span"": ""585-585"", ""credit"": ""ש. ע. פֿון מיכאל מיכאָלעסקאָ.""}"
person:2031	person	איציקל האָראָוויץ	Itsikl Horovits	people_db	2031	entry_person_id:P-1-facs_309_tr_1741260471	matched		bio	"{""entry_type"": ""performer"", ""volume"": ""1"", ""span"": ""585-585"", ""birth_date"": ""1847-10-03"", ""credit"": ""מ. ע.""}"
person:2032	person	בער האָראָוויץ	Ber Horowitz	people_db	2032	entry_person_id:P-1-facs_309_tr_1741260475	matched		bio	"{""entry_type"": ""writer"", ""volume"": ""1"", ""span"": ""586-586"", ""birth_date"": ""1895-07-17"", ""credit"": ""מ. ע. פֿון יעקב מעסטעל.""}"
place:UPL-0054	place	וואָלד-דאָרף מיידאָן					unmatched	attestation:unlinked	bio	
person:1974	person	אייבּ האַרט (אברהם העכט)	Abe Hart	people_db	1974	entry_person_id:P-1-facs_309_r_13	matched		bio	"{""entry_type"": ""performer"", ""volume"": ""1"", ""span"": ""586-586"", ""birth_date"": ""1887-09-05"", ""credit"": ""מ. ע.""}"
place:Q1048138	place	ראַוואַ-רוסקאַ	Vitrimont	wikidata_qid	Q1048138	"{""kima_id"": ""20695"", ""lat"": """", ""lon"": """"}"	matched		bio	
person:1977	person	סידני האַרט (יוסף הערש)	Sidney Hart	people_db	1977	entry_person_id:P-1-facs_310_tr_1741260422	matched		bio	"{""entry_type"": ""performer"", ""volume"": ""1"", ""span"": ""588-588"", ""birth_date"": ""1887-12-24"", ""credit"": ""ש. ע.""}"
place:Q156588	place	טישמיעניץ	Tysmenytsia	wikidata_qid	Q156588	"{""kima_id"": ""671"", ""lat"": """", ""lon"": """"}"	matched		bio	
person:2029	person	רוזשאַ האָרן	Ruzha Horn	people_db	2029	entry_person_id:P-1-facs_311_tr_1741260486	matched		bio	"{""entry_type"": ""performer"", ""volume"": ""1"", ""span"": ""589-589"", ""birth_date"": ""1873~"", ""death_date"": ""1899~"", ""credit"": ""מ. ע. פֿון יצחק בליפעלד און עמיליע אַדלער.""}"
person:2030	person	נייטן האָרנשטיין	Nathan H. Hornstein	people_db	2030	entry_person_id:P-1-facs_311_tr_1741260476	matched		bio	"{""entry_type"": ""writer"", ""volume"": ""1"", ""span"": ""589-589"", ""birth_date"": ""1871-08-28"", ""death_date"": ""1929-09-14"", ""credit"": ""מ. ע.""}"
person_entry:P-1-facs_311_tr_1741260478	person	הגדה פֿון יעקינאַ		entry_person_id	P-1-facs_311_tr_1741260478		unmatched		bio	"{""entry_type"": ""other"", ""volume"": ""1"", ""span"": ""590-590""}"
person:1958	person	אסתר הדסה (וויינרויב-האַלפּערן)	Esther Hadassah	people_db	1958	entry_person_id:P-1-facs_312_TextRegion_1708860400000_821	matched		bio	"{""entry_type"": ""performer"", ""volume"": ""1"", ""span"": ""591-591"", ""birth_date"": ""1897-05-13""}"
place:Q4182537	place	זאבלאָטוווקא	Zabolotivka	wikidata_qid	Q4182537	"{""kima_id"": """", ""lat"": """", ""lon"": """"}"	matched		bio	
person_entry:P-1-facs_319_r_1	person	הורוויץ שאַרלאָטא [שיפרע]		entry_person_id	P-1-facs_319_r_1		unmatched		bio	"{""entry_type"": ""performer"", ""volume"": ""1"", ""span"": ""606-606"", ""birth_date"": ""1861"", ""death_date"": ""XXXX-07-18"", ""credit"": ""ש. ע פון צעזאַר גרינבערג.""}"
person:1997	person	סאַמועל הייליגמאַן (שמואל העקדישמאַן)	Samuel Heyligman	people_db	1997	entry_person_id:P-1-facs_319_TextRegion_1708861162622_1148	matched		bio	"{""entry_type"": ""performer"", ""volume"": ""1"", ""span"": ""606-606"", ""birth_date"": ""1869""}"
place:Q156739	place	ראוונע	Rivne	wikidata_qid	Q156739	"{""kima_id"": ""1728"", ""lat"": ""50.619722"", ""lon"": ""26.251389""}"	matched		bio	
person:1998	person	העלענאַ היימאַן	Helena Heyman	people_db	1998	entry_person_id:P-1-facs_320_tr_1741260430	matched		bio	"{""entry_type"": ""performer"", ""volume"": ""1"", ""span"": ""607-607"", ""birth_date"": ""1899"", ""death_date"": ""1928-06-03""}"
place:Q1048117	place	וויטקאָוו	NGC 2309	wikidata_qid	Q1048117	"{""kima_id"": """", ""lat"": """", ""lon"": """"}"	candidate		bio	
person:2000	person	מיני היימאַן (ערנסט)	Minnie Heyman	people_db	2000	entry_person_id:P-1-facs_320_tr_1741260428	matched		bio	"{""entry_type"": ""performer"", ""volume"": ""1"", ""span"": ""607-607"", ""birth_date"": ""1885-03-28"", ""credit"": ""מ. ע.""}"
person:2001	person	וואָלדעמאַר היינצע	Voldemar Heyntze	people_db	2001	entry_person_id:P-1-facs_321_tr_1741260500	matched		bio	"{""entry_type"": ""performer"", ""volume"": ""1"", ""span"": ""610-610"", ""birth_date"": ""1895-06-23"", ""credit"": ""מ. ע.""}"
person:2003	person	מרדכי הילסבּערג	Mordechai Hilsberg	people_db	2003	entry_person_id:P-1-facs_321_tr_1741260499	matched		bio	"{""entry_type"": ""performer"", ""volume"": ""1"", ""span"": ""610-610"", ""birth_date"": ""1897"", ""credit"": ""ש. ע.""}"
place:Q5384	place	כיראָוו	Kirov	wikidata_qid	Q5384	"{""kima_id"": ""76896"", ""lat"": """", ""lon"": """"}"	candidate		bio	
place:Q578026	place	קלעשטשעל	Kleszczele	wikidata_qid	Q578026	"{""kima_id"": """", ""lat"": """", ""lon"": """"}"	matched		bio	
person:2004	person	זלמן-לייבּ הירשפעלד	Zalmen Leib Hirschfeld	people_db	2004	entry_person_id:P-1-facs_330_r_16	matched		bio	"{""entry_type"": ""performer"", ""volume"": ""1"", ""span"": ""628-628"", ""birth_date"": ""1902-10-03"", ""credit"": ""ש. ע.""}"
person:1980	person	אַננאַ העלד	Anna Held	people_db	1980	entry_person_id:P-1-facs_331_tr_1741260474	matched		bio	"{""entry_type"": ""performer"", ""volume"": ""1"", ""span"": ""629-629"", ""birth_date"": ""1865~"", ""death_date"": ""1918-08-12"", ""credit"": ""מ. ע. פֿון מאָקס ראָזענטאָל, דיינע פּיינמאַן, מ. ד. וואַקסמאַן, לעאָן נאָדאָלסקי, ישראל טאָבאַטשניקאָוו, שרה נאָדאַלסקי און יצחק פּערקאָף.""}"
place:UPL-0055	place	וואודלאָן-כית-עולם					unmatched	attestation:unlinked	bio	
person:1981	person	דוד העלין	David Helin	people_db	1981	entry_person_id:P-1-facs_331_tr_1741260489	matched		bio	"{""entry_type"": ""performer"", ""volume"": ""1"", ""span"": ""630-630"", ""credit"": ""ב. גאָרין — „געש. איד. טעאט“ I, זז. 132-3.""}"
person:751	person	זיידל העלמאַן	Zeydl Shmuel-Yehuda Helman	people_db	751	entry_person_id:P-1-facs_332_tr_1741260410	matched		bio	"{""entry_type"": ""performer"", ""volume"": ""1"", ""span"": ""631-631"", ""birth_date"": ""1855"", ""credit"": ""מ. ע.""}"
person:1987	person	מייראָן העריק	Myron T. Herrick	people_db	1987	entry_person_id:P-1-facs_332_tr_1741260395	matched		bio	"{""entry_type"": ""director_regisseur"", ""volume"": ""1"", ""span"": ""632-632"", ""birth_date"": ""1854-10-09"", ""death_date"": ""1929-03-31""}"
place:Q159288	place	האַנטינגטאָן	Santa Barbara	wikidata_qid	Q159288	"{""kima_id"": ""7837"", ""lat"": """", ""lon"": """"}"	candidate		bio	
place:UPL-0056	place	היים-שטאָט					unmatched	attestation:unlinked	bio	
person:1984	person	דוד-משה הערמאַלין	David Moshe Hermalin	people_db	1984	entry_person_id:P-1-facs_333_tr_1741260492	matched		bio	"{""entry_type"": ""writer"", ""volume"": ""1"", ""span"": ""633-633"", ""birth_date"": ""1865-05-12"", ""death_date"": ""1921-06-19""}"
place:Q1808793	place	וואסלואי	Lavagna	wikidata_qid	Q1808793	"{""kima_id"": """", ""lat"": """", ""lon"": """"}"	candidate		bio	
person:1995	person	יוסף הערץ	Yosef Hertz	people_db	1995	entry_person_id:P-1-facs_334_tr_1741260429	matched		bio	"{""entry_type"": ""writer"", ""volume"": ""1"", ""span"": ""636-636"", ""birth_date"": ""1776-05-04""}"
place:Q3075	place	פיורדא	Fürth	wikidata_qid	Q3075	"{""kima_id"": ""167"", ""lat"": ""49.478333"", ""lon"": ""10.990278""}"	matched		bio	
person:1994	person	יוסף הערץ	Joseph H. Hertz	people_db	1994	entry_person_id:P-1-facs_334_tr_1741260442	matched		bio	"{""entry_type"": ""other"", ""volume"": ""1"", ""span"": ""636-636"", ""credit"": ""מ. ע. פֿון אסתר וואָלערשטיין.""}"
place:Q4262677	place	ליפּנע	Lypne	wikidata_qid	Q4262677	"{""kima_id"": """", ""lat"": """", ""lon"": """"}"	matched		bio	
person:1989	person	איציק הערשקאָוויטש	Itsik Hershkovitsh	people_db	1989	entry_person_id:P-1-facs_335_tr_1741260411	matched		bio	"{""entry_type"": ""other"", ""volume"": ""1"", ""span"": ""637-637"", ""birth_date"": ""1880-07-15"", ""credit"": ""ש. ע.""}"
place:Q210131	place	בערלאָד	Turn Around	wikidata_qid	Q210131	"{""kima_id"": """", ""lat"": """", ""lon"": """"}"	candidate		bio	
person:1991	person	שלמה הערשקאָוויטש	Shlomo Hershkovitsh	people_db	1991	entry_person_id:P-1-facs_335_tr_1741260410	matched		bio	"{""entry_type"": ""performer"", ""volume"": ""1"", ""span"": ""638-638"", ""birth_date"": ""1885""}"
place:UPL-0057	place	אַ קליין שטעטל					unmatched	attestation:unlinked	bio	
place:Q204011	place	זשיראַרדאָוו	Dronacharya Award	wikidata_qid	Q204011	"{""kima_id"": """", ""lat"": """", ""lon"": """"}"	candidate		bio	
place:Q1022804	place	אָטיניע	CANaerospace	wikidata_qid	Q1022804	"{""kima_id"": """", ""lat"": """", ""lon"": """"}"	candidate		bio	
person:3274	person	יהודה-לייבּ וואָהלמאַן	Yehuda-Leib Wohlman	people_db	3274	entry_person_id:P-1-facs_337_tr_1741260519	matched		bio	"{""entry_type"": ""writer"", ""volume"": ""1"", ""span"": ""641-641"", ""birth_date"": ""1880-11-29"", ""credit"": ""ש. ע.""}"
place:Q2553135	place	קאָנסקאָיאָליע	Wayss & Freytag	wikidata_qid	Q2553135	"{""kima_id"": """", ""lat"": """", ""lon"": """"}"	candidate		bio	
person:3273	person	ישראל-מעיר וואָהלמאַן	Israel Meir Wohlman	people_db	3273	entry_person_id:P-1-facs_337_r_1	matched		bio	"{""entry_type"": ""writer"", ""volume"": ""1"", ""span"": ""641-643"", ""birth_date"": ""1828-06-27"", ""death_date"": ""1912/1913""}"
person:3196	person	שמואל וואולמאַן	Shmuel Vulman	people_db	3196	entry_person_id:P-1-facs_338_tr_1741260416	matched		bio	"{""entry_type"": ""writer"", ""volume"": ""1"", ""span"": ""644-644"", ""birth_date"": ""1896-03""}"
place:Q987160	place	קאַלושיין	Kałuszyn	wikidata_qid	Q987160	"{""kima_id"": ""18019"", ""lat"": """", ""lon"": """"}"	matched		bio	
person:3276	person	סיימאָן וואולף (שמחה)	Simon Wolf	people_db	3276	entry_person_id:P-1-facs_338_tr_1741260418	matched		bio	"{""entry_type"": ""writer"", ""volume"": ""1"", ""span"": ""644-644"", ""birth_date"": ""1890-09-12"", ""credit"": ""ש. ע.""}"
place:Q157525	place	באָריסלאָוו	Brestovany	wikidata_qid	Q157525	"{""kima_id"": """", ""lat"": """", ""lon"": """"}"	matched		bio	
person:733	person	יוסף וואַכטעל	Joseph Wachtel	people_db	733	entry_person_id:P-1-facs_339_tr_1741260410	matched		bio	"{""entry_type"": ""performer"", ""volume"": ""1"", ""span"": ""645-645"", ""credit"": ""מ. ע. פֿון מישע נאָכאָמקוס, באָריס טאָמאַשעווסקי און מר. סאַראָסאַן""}"
person:3193	person	מ. וואָלגעשאַפען	M. Volgeshafen	people_db	3193	entry_person_id:P-1-facs_339_tr_1741260415	matched		bio	"{""entry_type"": ""administrator"", ""volume"": ""1"", ""span"": ""646-646""}"
person:3140	person	יצחק וואַלדבּערג	Yitzhak Valdberg	people_db	3140	entry_person_id:P-1-facs_339_tr_1741260401	matched		bio	"{""entry_type"": ""performer"", ""volume"": ""1"", ""span"": ""646-646"", ""birth_date"": ""1889-07-20"", ""credit"": ""מ. ע.""}"
person:3281	person	איטע וואָלהענדלער-קרויזע	Ita Wolhendler-Krause	people_db	3281	entry_person_id:P-1-facs_339_tr_1741260407	matched		bio	"{""entry_type"": ""performer"", ""volume"": ""1"", ""span"": ""646-646"", ""birth_date"": ""1898-04-16"", ""credit"": ""ש. ע.""}"
person:3207	person	פּאָליאַ וואַלטער (שריידער)	Pola Walter	people_db	3207	entry_person_id:P-1-facs_340_tr_1741260475	matched		bio	"{""entry_type"": ""performer"", ""volume"": ""1"", ""span"": ""647-647"", ""credit"": ""מ. ע.""}"
person:3141	person	דזשעני וואַליער	Jennie Valier	people_db	3141	entry_person_id:P-1-facs_340_tr_1741260479	matched		bio	"{""entry_type"": ""performer"", ""volume"": ""1"", ""span"": ""648-648"", ""credit"": ""מ. ע. פֿון מאָריס שוואָרץ, נתן גרינבלאַט און מאָרק שווייד.""}"
place:Q49189	place	עלזאָס-לאַטרינגען	572	wikidata_qid	Q49189	"{""kima_id"": """", ""lat"": """", ""lon"": """"}"	candidate		bio	
person:3203	person	אסתר וואַלערשטיין (גאָלדשטיין)	Esther Wallerstein	people_db	3203	entry_person_id:P-1-facs_340_tr_1741260473	matched		bio	"{""entry_type"": ""performer"", ""volume"": ""1"", ""span"": ""648-648"", ""birth_date"": ""1877-10-18"", ""credit"": ""ש. ע. פֿון סאול וואָלערשטיין.""}"
person:3204	person	היימי וואַלערשטיין	Hymie Wallerstein	people_db	3204	entry_person_id:P-1-facs_341_r_7	matched		bio	"{""entry_type"": ""performer"", ""volume"": ""1"", ""span"": ""649-649"", ""birth_date"": ""1867"", ""death_date"": ""1925-07-26""}"
person:3202	person	עלאַ וואַלערשטיין (געשפּאַס)	Ella Wallerstein	people_db	3202	entry_person_id:P-1-facs_341_TextRegion_1710852325453_54	matched		bio	"{""entry_type"": ""performer"", ""volume"": ""1"", ""span"": ""650-650"", ""birth_date"": ""1892-09-24""}"
person:3205	person	ראָזאַ וואַלערשטיין	Rose Wallerstein	people_db	3205	entry_person_id:P-1-facs_342_tr_1741260510	matched		bio	"{""entry_type"": ""performer"", ""volume"": ""1"", ""span"": ""651-651"", ""birth_date"": ""1896-01-25"", ""credit"": ""ש. ע.""}"
person:3275	person	אַרטהור וואָלף	Arthur Wolf	people_db	3275	entry_person_id:P-1-facs_342_tr_1741260508	matched		bio	"{""entry_type"": ""writer"", ""volume"": ""1"", ""span"": ""651-651""}"
person:3192	person	פּעסיע וואָלפינע	Pesye Volfine	people_db	3192	entry_person_id:P-1-facs_342_tr_1741260505	matched		bio	"{""entry_type"": ""performer"", ""volume"": ""1"", ""span"": ""651-651"", ""birth_date"": ""1904-04-01"", ""credit"": ""ש. ע.""}"
person:3277	person	אהרן וואָלפסזאָהן האַללע	Aaron Wolfsohn-Halle	people_db	3277	entry_person_id:P-1-facs_342_tr_1741260502	matched		bio	"{""entry_type"": ""writer"", ""volume"": ""1"", ""span"": ""652-653"", ""birth_date"": ""1754"", ""death_date"": ""1835-03-20""}"
place:Q2102	place	שלאנג	snake	wikidata_qid	Q2102	"{""kima_id"": """", ""lat"": """", ""lon"": """"}"	candidate		bio	
person:3278	person	חנא וואָלפסטאַל	Chona Wolfstal	people_db	3278	entry_person_id:P-1-facs_343_tr_1741260417	matched		bio	"{""entry_type"": ""composer"", ""volume"": ""1"", ""span"": ""654-655"", ""birth_date"": ""1851"", ""death_date"": ""1924-12-19"", ""credit"": ""מ. ע. פֿון יעקב מעסטעל און ש. ע. פֿון אָדאָלף גערטנער.""}"
place:Q973977	place	טישמיעניצע	Abirim	wikidata_qid	Q973977	"{""kima_id"": """", ""lat"": """", ""lon"": """"}"	candidate		bio	
person:3279	person	אברהם וואָלפסטאַט	Avraham Wolfstat	people_db	3279	entry_person_id:P-1-facs_344_tr_1741260464	matched		bio	"{""entry_type"": ""director_regisseur"", ""volume"": ""1"", ""span"": ""656-656"", ""birth_date"": ""1897-12-20"", ""credit"": ""ש. ע.""}"
place:Q991924	place	כענטשין	Chęciny	wikidata_qid	Q991924	"{""kima_id"": ""11333"", ""lat"": """", ""lon"": """"}"	matched		bio	
person:3142	person	שמעון וואלצינאק	Shimon Valtsinak	people_db	3142	entry_person_id:P-1-facs_344_tr_1741260461	matched		bio	"{""entry_type"": ""writer"", ""volume"": ""1"", ""span"": ""656-656""}"
person:3210	person	יעקב וואַסערמאַן	Jakob Wasserman	people_db	3210	entry_person_id:P-1-facs_344_tr_1741260465	matched		bio	"{""entry_type"": ""writer"", ""volume"": ""1"", ""span"": ""656-656"", ""birth_date"": ""189"", ""credit"": ""מ. ע פון ל. ראטבלאַט.""}"
place:UPL-0058	place	ציפּרעס-הילס עביי					unmatched	attestation:unlinked	bio	
person:3137	person	מאָריס וואַקסמאַן (משה דוד)	Morris Vaksman	people_db	3137	entry_person_id:P-1-facs_346_TextRegion_1710166806332_464	matched		bio	"{""entry_type"": ""performer"", ""volume"": ""1"", ""span"": ""660-660"", ""birth_date"": ""1874-07-25"", ""credit"": ""ש. ע.""}"
person:3136	person	פעני וואַקסמאַן	Fanny Vaksman	people_db	3136	entry_person_id:P-1-facs_347_TextRegion_1710167012304_556	matched		bio	"{""entry_type"": ""performer"", ""volume"": ""1"", ""span"": ""661-661"", ""birth_date"": ""1878-02-14"", ""credit"": ""מ. ע.""}"
person:3138	person	ראָזאַ וואַקסמאַן (רחל דינטענפאס)	Roza Vaksman	people_db	3138	entry_person_id:P-1-facs_347_TextRegion_1710166971671_511	matched		bio	"{""entry_type"": ""performer"", ""volume"": ""1"", ""span"": ""662-662"", ""birth_date"": ""1874"", ""credit"": ""ש. ע.""}"
place:Q4209729	place	קעלנאָוויץ	Thièvres	wikidata_qid	Q4209729	"{""kima_id"": """", ""lat"": """", ""lon"": """"}"	matched		bio	
person:3143	person	דזשוליא וואראדי (יהודית האַבערמאַן)	Julia Varadi	people_db	3143	entry_person_id:P-1-facs_348_tr_1741260380	matched		bio	"{""entry_type"": ""performer"", ""volume"": ""1"", ""span"": ""663-663"", ""credit"": ""מ. ע.""}"
place:Q219762	place	וואָלאָטשיסק	Volochysʹk (Ukraine)	wikidata_qid	Q219762	"{""kima_id"": ""87880"", ""lat"": """", ""lon"": """"}"	matched		bio	
person:3451	person	אהרן-יצחק גראָדזאַנסקי		people_db	3451	entry_person_id:P-1-facs_348_r_5	matched		bio	"{""entry_type"": ""group"", ""volume"": ""1"", ""span"": ""664-664"", ""birth_date"": ""1927-06-16"", ""credit"": ""ש. ע. פֿון דוד ווארדי.""}"
person:3283	person	יחזקאל וואָרטסמאַן	Yekhezkel Wortsman	people_db	3283	entry_person_id:P-1-facs_349_tr_1741260454	matched		bio	"{""entry_type"": ""writer"", ""volume"": ""1"", ""span"": ""665-665"", ""birth_date"": ""1878"", ""credit"": ""מ. ע.""}"
place:Q4178401	place	זוואָניעץ	Zhvanets	wikidata_qid	Q4178401	"{""kima_id"": ""22390"", ""lat"": ""48.550000"", ""lon"": ""26.487500""}"	matched		bio	
person_entry:P-1-facs_349_r	person	וואַרמאַן, [?]		entry_person_id	P-1-facs_349_r		unmatched		bio	"{""entry_type"": ""performer"", ""volume"": ""1"", ""span"": ""665-665""}"
person:3282	person	מ. וואַרקעל	M. Workel	people_db	3282	entry_person_id:P-1-facs_349_tr_1741260438	matched		bio	"{""entry_type"": ""director_regisseur"", ""volume"": ""1"", ""span"": ""666-666"", ""birth_date"": ""1878"", ""credit"": ""ש. ע.""}"
place:Q997441	place	וואָרקליאָן	Vorklian	wikidata_qid	Q997441	"{""kima_id"": """", ""lat"": """", ""lon"": """"}"	candidate		bio	
person:3209	person	יצחק-מאיר וואַרשאווסקי (איסעראָווסקי)	Yitskhok Meir Warshavsky	people_db	3209	entry_person_id:P-1-facs_350_tr_1741260476	matched		bio	"{""entry_type"": ""performer"", ""volume"": ""1"", ""span"": ""667-667"", ""birth_date"": ""1890"", ""credit"": ""ש. ע.""}"
place:Q570040	place	וואידיסלאָוו	Władysławowo	wikidata_qid	Q570040	"{""kima_id"": """", ""lat"": """", ""lon"": """"}"	matched		bio	
person:3208	person	פייל וואַרשאַווסקי (איסעראָווסקי)	Feivl Warshavsky	people_db	3208	entry_person_id:P-1-facs_350_tr_1741260473	matched		bio	"{""entry_type"": ""performer"", ""volume"": ""1"", ""span"": ""667-667"", ""birth_date"": ""1897-07-08"", ""credit"": ""ש. ע.""}"
person:3147	person	משה וואַרשע	Moshe Varshe	people_db	3147	entry_person_id:P-1-facs_350_tr_1741260461	matched		bio	"{""entry_type"": ""writer"", ""volume"": ""1"", ""span"": ""668-668"", ""birth_date"": ""1887"", ""death_date"": ""1912-04-22""}"
place:Q4137727	place	אָנטאָפּאָל	Antopol Ghetto	wikidata_qid	Q4137727	"{""kima_id"": """", ""lat"": """", ""lon"": """"}"	matched		bio	
person:3261	person	יעקב וויגאָדסקי דר.	Jacob Wigodski	people_db	3261	entry_person_id:P-1-facs_350_r_7	matched		bio	"{""entry_type"": ""administrator"", ""volume"": ""1"", ""span"": ""668-668"", ""birth_date"": ""1857-04-03""}"
person:3180	person	סאָניאַ ווידאָוו	Sonya Vidov	people_db	3180	entry_person_id:P-1-facs_350_tr_1741260475	matched		bio	"{""entry_type"": ""performer"", ""volume"": ""1"", ""span"": ""668-668"", ""birth_date"": ""1899-04-23"", ""credit"": ""מ. ע.""}"
person:3181	person	משה-דוד ווידרעוויטש	Moshe-Dovid Vidrevitsh	people_db	3181	entry_person_id:P-1-facs_350_tr_1741260471	matched		bio	"{""entry_type"": ""writer"", ""volume"": ""1"", ""span"": ""668-668"", ""birth_date"": ""1867-01-18""}"
place:Q148966	place	זשעשאָוו	Solomon Islands	wikidata_qid	Q148966	"{""kima_id"": """", ""lat"": """", ""lon"": """"}"	candidate		bio	
person:3188	person	פרידא וויאַלין (לאַפּין)	Frida Vitalina	people_db	3188	entry_person_id:P-1-facs_351_tr_1741260423	matched		bio	"{""entry_type"": ""performer"", ""volume"": ""1"", ""span"": ""669-669"", ""birth_date"": ""1886-06-05"", ""credit"": ""ש. ע.""}"
person:3212	person	מרים וויידע (וויידענפעלד)	Miriam Weide	people_db	3212	entry_person_id:P-1-facs_351_tr_1741260421	matched		bio	"{""entry_type"": ""performer"", ""volume"": ""1"", ""span"": ""670-670"", ""birth_date"": ""1897"", ""credit"": ""מ. ע.""}"
person:3243	person	סאַלי וויזענפריינד (חיה צילקע פישלער)	Salli Weisenfreund	people_db	3243	entry_person_id:P-1-facs_352_tr_1741260455	matched		bio	"{""entry_type"": ""performer"", ""volume"": ""1"", ""span"": ""672-672"", ""birth_date"": ""1876"", ""credit"": ""מ. ע.""}"
place:Q156820	place	נאָדוואורנאַ	Nadvirna (Ukraine)	wikidata_qid	Q156820	"{""kima_id"": ""1640"", ""lat"": """", ""lon"": """"}"	matched		bio	
person:3200	person	א וויטער (אייזיק-מאיר דעווענישסקי)	A. Waiter	people_db	3200	entry_person_id:P-1-facs_353_tr_1741260479	matched		bio	"{""entry_type"": ""writer"", ""volume"": ""1"", ""span"": ""673-675"", ""birth_date"": ""1878"", ""death_date"": ""1919-04-21""}"
place:Q3646802	place	ביניאַקאָני	Bieniakoni	wikidata_qid	Q3646802	"{""kima_id"": """", ""lat"": """", ""lon"": """"}"	matched		bio	
place:UPL-0059	place	ווילנער בית עולם					unmatched	attestation:unlinked	bio	
place:Q395865	place	סטאָרע-מיאָסטאָ	Stare Miasto, Pomeranian Voivodeship	wikidata_qid	Q395865	"{""kima_id"": """", ""lat"": """", ""lon"": """"}"	matched		bio	
person:3219	person	טשאַרלס וויינבּלאַט (קלמן)	Charles Weinblatt	people_db	3219	entry_person_id:P-1-facs_355_tr_1741260495	matched		bio	"{""entry_type"": ""performer"", ""volume"": ""1"", ""span"": ""678-679"", ""birth_date"": ""1877-05-19"", ""credit"": ""מ. ע.""}"
place:Q2005381	place	סאדיגורא	Sadhora	wikidata_qid	Q2005381	"{""kima_id"": ""23506"", ""lat"": """", ""lon"": """"}"	candidate		bio	
place:UPL-0060	place	זיין פֿאָרם					unmatched	attestation:unlinked	bio	
place:UPL-0061	place	דאָרט					unmatched	attestation:unlinked	bio	
person_entry:P-1-facs_356_r	person	וויינבלאַט, סאַבינאַ		entry_person_id	P-1-facs_356_r		unmatched		bio	"{""entry_type"": ""performer"", ""volume"": ""1"", ""span"": ""680-680""}"
person:3149	person	דר. וויינבּערג	Vaynberg	people_db	3149	entry_person_id:P-1-facs_356_tr_1741260418	matched		bio	"{""entry_type"": ""performer"", ""volume"": ""1"", ""span"": ""680-680"", ""credit"": ""מ. ע. פֿון צעזאָר גרינבערג.""}"
person:3214	person	הערי ווינבערג (אהרון)	Harry Weinberg	people_db	3214	entry_person_id:P-1-facs_356_tr_1741260406	matched		bio	"{""entry_type"": ""performer"", ""volume"": ""1"", ""span"": ""680-680"", ""birth_date"": ""1892-07-01"", ""credit"": ""מ. ע.""}"
person:3215	person	הערמאַן ויינבּערג	Herman Weinberg	people_db	3215	entry_person_id:P-1-facs_357_r_10	matched		bio	"{""entry_type"": ""performer"", ""volume"": ""1"", ""span"": ""683-683"", ""birth_date"": ""1863"", ""credit"": ""ש. ע.""}"
person:3217	person	משה ויינבּערג	Moshe Weinberg	people_db	3217	entry_person_id:P-1-facs_357_r_19	matched		bio	"{""entry_type"": ""performer"", ""volume"": ""1"", ""span"": ""683-683"", ""birth_date"": ""1872-10-05"", ""credit"": ""ש. ע.""}"
person:3153	person	סאָניאַ ויינבּערג (קאַרל)	Sonya Vaynberg	people_db	3153	entry_person_id:P-1-facs_358_tr_1741260401	matched		bio	"{""entry_type"": ""performer"", ""volume"": ""1"", ""span"": ""683-683"", ""birth_date"": ""1888-03-09"", ""credit"": ""מ. ע.""}"
person:3216	person	קאַַרל וויינבערג (חיים הערבסט)	Karl Weinberg	people_db	3216	entry_person_id:P-1-facs_358_tr_1741260399	matched		bio	"{""volume"": ""1"", ""span"": ""683-683""}"
person:3151	person	סאלטשע וויינבּערג (שרה ליכט)	Saltshe Vaynberg	people_db	3151	entry_person_id:P-1-facs_358_tr_1741260404	matched		bio	"{""entry_type"": ""performer"", ""volume"": ""1"", ""span"": ""684-684"", ""birth_date"": ""1893-02-15"", ""credit"": ""ש. ע.""}"
place:Q18642589	place	לאָוויטש	Łowicz Ghetto	wikidata_qid	Q18642589	"{""kima_id"": """", ""lat"": """", ""lon"": """"}"	matched		bio	
place:Q156565	place	בעלז	Belz	wikidata_qid	Q156565	"{""kima_id"": ""18727"", ""lat"": """", ""lon"": """"}"	matched		bio	
person:3232	person	פרענציס וויינטרויבּ (פייגע)	Frances Weintraub	people_db	3232	entry_person_id:P-1-facs_360_r_7_1	matched		bio	"{""entry_type"": ""performer"", ""volume"": ""1"", ""span"": ""688-688"", ""birth_date"": ""1895-10-05"", ""credit"": ""מ. ע.""}"
person:3234	person	רבקה וויינטרויבּ (פוספעלד)	Rebecca Weintraub	people_db	3234	entry_person_id:P-1-facs_360_TextRegion_1710852683904_242	matched		bio	"{""entry_type"": ""performer"", ""volume"": ""1"", ""span"": ""688-688"", ""birth_date"": ""1874"", ""credit"": ""מ. ע.""}"
person:3237	person	שמחה וויינטרויבּ	Simcha Weintraub	people_db	3237	entry_person_id:P-1-facs_360_TextRegion_1710852670035_228	matched		bio	"{""entry_type"": ""performer"", ""volume"": ""1"", ""span"": ""688-688"", ""birth_date"": ""1890-02-04"", ""credit"": ""ש. ע.""}"
person:3220	person	בּאָריס וויינער	Boris Weiner	people_db	3220	entry_person_id:P-1-facs_360_TextRegion_1710852654922_221	matched		bio	"{""entry_type"": ""performer"", ""volume"": ""1"", ""span"": ""688-688"", ""birth_date"": ""1895-08-17""}"
person:3155	person	ז ווינפער (זישא ווינפעלרליך)	Z. Vaynper	people_db	3155	entry_person_id:P-1-facs_360_TextRegion_1710852639568_206	matched		bio	"{""entry_type"": ""writer"", ""volume"": ""1"", ""span"": ""688-688"", ""birth_date"": ""1892-04-14""}"
place:Q30006805	place	טריסק	Turzysk Ghetto	wikidata_qid	Q30006805	"{""kima_id"": ""20696"", ""lat"": """", ""lon"": """"}"	matched		bio	
place:Q155281	place	גאָלדינגען	Kuldīga (Latvia)	wikidata_qid	Q155281	"{""kima_id"": ""14895"", ""lat"": ""56.967222222222"", ""lon"": ""21.97""}"	matched		bio	
person:3160	person	אייזיק וויינשטאָק	Ayzik Vaynstok	people_db	3160	entry_person_id:P-1-facs_361_r_6	matched		bio	"{""entry_type"": ""writer"", ""volume"": ""1"", ""span"": ""689-689"", ""birth_date"": ""1890-12-24"", ""death_date"": ""1922-05-16""}"
place:Q4536122	place	יאגעלניצא	Periam	wikidata_qid	Q4536122	"{""kima_id"": """", ""lat"": """", ""lon"": """"}"	matched		bio	
person:3230	person	יוסף וויינשטאָק	Joseph Weinstock	people_db	3230	entry_person_id:P-1-facs_361_r_9	matched		bio	"{""entry_type"": ""performer"", ""volume"": ""1"", ""span"": ""690-691"", ""birth_date"": ""1858-04-10"", ""death_date"": ""1930-04-02"", ""credit"": ""ש. ע.""}"
place:Q849116	place	קרעמעניץ	Kremenets	wikidata_qid	Q849116	"{""kima_id"": ""658"", ""lat"": ""50.108056"", ""lon"": ""25.727500""}"	matched		bio	
person:1053	person	סאפיע וויינשטאק (פרידמאן)	Sophia Weinstock	people_db	1053	entry_person_id:P-1-facs_362_TextRegion_1710853984376_412	matched		bio	"{""entry_type"": ""performer"", ""volume"": ""1"", ""span"": ""692-692"", ""birth_date"": ""1866""}"
person:3157	person	וויינשטיין	[?] Vaynshteyn	people_db	3157	entry_person_id:P-1-facs_362_TextRegion_1710853974551_399	matched		bio	"{""entry_type"": ""performer"", ""volume"": ""1"", ""span"": ""692-692""}"
person:3158	person	איטע וויינשטיין	Ita Vaynshteyn	people_db	3158	entry_person_id:P-1-facs_362_r_17	matched		bio	"{""entry_type"": ""performer"", ""volume"": ""1"", ""span"": ""692-692"", ""birth_date"": ""1838"", ""death_date"": ""1924-01-26"", ""credit"": ""מ. ע. פֿון ה. פיינשטיין און זישע קאַץ.""}"
place:UPL-0062	place	דרום-רוסלאַנד					unmatched	attestation:unlinked	bio	
person:3227	person	בּערנאַרד וויינשטיין	Bernard Weinstein	people_db	3227	entry_person_id:P-1-facs_362_TextRegion_1710853958237_371	matched		bio	"{""entry_type"": ""writer"", ""volume"": ""1"", ""span"": ""692-692"", ""birth_date"": ""1866-07-10""}"
person:3229	person	שאול וויינשטיין	Sol Weinstein	people_db	3229	entry_person_id:P-1-facs_363_r_6	matched		bio	"{""entry_type"": ""performer"", ""volume"": ""1"", ""span"": ""693-693"", ""death_date"": ""1896"", ""credit"": ""מ. ע. פֿון יעקב קאָצמאַן און משה שאָר.""}"
person:3156	person	בּרוך וויינשעל	Barukh Vaynshel	people_db	3156	entry_person_id:P-1-facs_363_r_9	matched		bio	"{""entry_type"": ""performer"", ""volume"": ""1"", ""span"": ""694-694"", ""death_date"": ""1918-08-12""}"
person:3164	person	דזשאָן ווייס (יוסף-לייב)	John Vays	people_db	3164	entry_person_id:P-1-facs_363_TextRegion_1710854126127_478	matched		bio	"{""entry_type"": ""performer"", ""volume"": ""1"", ""span"": ""694-694"", ""birth_date"": ""1876-07"", ""credit"": ""ש. ע.""}"
person:782	person	לואיס ווייס (לוי)	Louis Weiss (Levy)	people_db	782	entry_person_id:P-1-facs_363_TextRegion_1710854112959_462	matched		bio	"{""entry_type"": ""performer"", ""volume"": ""1"", ""span"": ""694-694"", ""birth_date"": ""1891-08-15"", ""credit"": ""ט. ע.""}"
person:3165	person	מאַרסעלאַ ווייס (לעווין)	Marsela Vays	people_db	3165	entry_person_id:P-1-facs_364_tr_1741260435	matched		bio	"{""entry_type"": ""performer"", ""volume"": ""1"", ""span"": ""695-695"", ""birth_date"": ""1896-01-22"", ""credit"": ""ש. ע. פֿון יעקב באַטאָשאַנסקי.""}"
place:Q174	place	סאו פאולא	São Paulo	wikidata_qid	Q174	"{""kima_id"": ""25"", ""lat"": ""-23.550394"", ""lon"": ""-46.633947""}"	matched		bio	
person:3163	person	ענריקאָ ווייס	Enrico Vays	people_db	3163	entry_person_id:P-1-facs_364_tr_1741260432	matched		bio	"{""entry_type"": ""performer"", ""volume"": ""1"", ""span"": ""696-696"", ""birth_date"": ""1887"", ""credit"": ""ש. ע. פֿון יעקב באַטאָשאַנסקי.""}"
place:Q975	place	סאן אנטאניא	San Antonio	wikidata_qid	Q975	"{""kima_id"": ""7507"", ""lat"": """", ""lon"": """"}"	candidate		bio	
person:3166	person	פּאולינאַ ווייס	Paulina Vays	people_db	3166	entry_person_id:P-1-facs_364_tr_1741260422	matched		bio	"{""entry_type"": ""performer"", ""volume"": ""1"", ""span"": ""696-696"", ""birth_date"": ""1884"", ""credit"": ""מ. ע. פון לואי גילראָד.""}"
person:3249	person	לואיס ווייסבּערג	Louis Weissberg	people_db	3249	entry_person_id:P-1-facs_364_tr_1741260425	matched		bio	"{""entry_type"": ""performer"", ""volume"": ""1"", ""span"": ""696-696"", ""birth_date"": ""1883-08-13"", ""credit"": ""מ. ע.""}"
person:3168	person	סעם ווייסבּערג	Sam Vaysberg	people_db	3168	entry_person_id:P-1-facs_365_tr_1741260393	matched		bio	"{""volume"": ""1"", ""span"": ""697-697"", ""credit"": ""מ. ע. פֿון דוד רייץ.""}"
person:3250	person	רחל וויסבּערג	Rachel Weissberg	people_db	3250	entry_person_id:P-1-facs_365_tr_1741260404	matched		bio	"{""entry_type"": ""performer"", ""volume"": ""1"", ""span"": ""697-697"", ""birth_date"": ""1901-02-23"", ""credit"": ""ש. ע. פֿון בן-ציון סיגאל.""}"
person:3245	person	יוכבד ווייסליץ (פּראָוויזאָר)	Yocheved Weislitz	people_db	3245	entry_person_id:P-1-facs_365_tr_1741260391	matched		bio	"{""entry_type"": ""performer"", ""volume"": ""1"", ""span"": ""698-698"", ""birth_date"": ""1889"", ""credit"": ""מ. ע.""}"
place:Q608376	place	בלוינע	Błonie	wikidata_qid	Q608376	"{""kima_id"": ""17123"", ""lat"": """", ""lon"": """"}"	matched		bio	
person:3246	person	אהרן ווייסמאַן	Aaron Weisman	people_db	3246	entry_person_id:P-1-facs_365_tr_1741260403	matched		bio	"{""entry_type"": ""performer"", ""volume"": ""1"", ""span"": ""698-698"", ""birth_date"": ""1887-04-10"", ""credit"": ""מ. ע.""}"
person:3251	person	בּעסי ווייסמאַן	Bessie Weissman	people_db	3251	entry_person_id:P-1-facs_365_tr_1741260398	matched		bio	"{""entry_type"": ""performer"", ""volume"": ""1"", ""span"": ""698-698"", ""credit"": ""מ. ע.""}"
person:3247	person	בּערנאַרדאָ ווייסמאַן	Bernardo Weisman	people_db	3247	entry_person_id:P-1-facs_366_tr_1741260406	matched		bio	"{""entry_type"": ""performer"", ""volume"": ""1"", ""span"": ""699-699"", ""birth_date"": ""1873"", ""credit"": ""ש. ע.""}"
person:3172	person	העלענאַ ווייסמאַן	Helena Vaysman	people_db	3172	entry_person_id:P-1-facs_367_tr_1741260404	matched		bio	"{""entry_type"": ""performer"", ""volume"": ""1"", ""span"": ""701-701"", ""birth_date"": ""1889-10-05"", ""credit"": ""מ. ע.""}"
person:3170	person	יצחק-מאיר ווייסענבּערג	Yitzhok-Meir Vaysenberg	people_db	3170	entry_person_id:P-1-facs_368_TextRegion_1710163080180_397	matched		bio	"{""entry_type"": ""writer"", ""volume"": ""1"", ""span"": ""703-703"", ""birth_date"": ""1881""}"
place:Q393091	place	זשעליכאוו	Żelechów	wikidata_qid	Q393091	"{""kima_id"": ""18285"", ""lat"": """", ""lon"": """"}"	matched		bio	
person:3171	person	משה ווייספעלד	Moshe Vaysfeld	people_db	3171	entry_person_id:P-1-facs_368_TextRegion_1710163052802_374	matched		bio	"{""entry_type"": ""administrator"", ""volume"": ""1"", ""span"": ""703-703""}"
person_entry:P-1-facs_368_TextRegion_1710163037685_362	person	''ווילנער טרופּּע,,		entry_person_id	P-1-facs_368_TextRegion_1710163037685_362		unmatched		bio	"{""entry_type"": ""group"", ""volume"": ""1"", ""span"": ""111-717"", ""birth_date"": ""1916-02-18"", ""death_date"": ""1930"", ""credit"": ""מ. ע. פֿון לייב קאָדיסאָן, לאה נעמי, נח נאַכבוש, יוסף בולאָוו.""}"
person:3266	person	מאַקס ווילנער	Max Wilner	people_db	3266	entry_person_id:P-1-facs_375_r_6	matched		bio	"{""entry_type"": ""performer"", ""volume"": ""1"", ""span"": ""718-718"", ""birth_date"": ""1895-12-18"", ""credit"": ""מ. ע.""}"
place:Q987540	place	בזשאָזאָוו		wikidata_qid	Q987540	"{""kima_id"": """", ""lat"": """", ""lon"": """"}"	candidate		bio	
person:3262	person	בּערנאַרד ווילענסקי	Bernard Wilensky	people_db	3262	entry_person_id:P-1-facs_376_tr_1741260453	matched		bio	"{""entry_type"": ""writer"", ""volume"": ""1"", ""span"": ""719-719"", ""birth_date"": ""1866~"", ""death_date"": ""1922-04-23"", ""credit"": ""מ. ע. פֿון מער' ווילענסקי.""}"
person:3263	person	יוליאַן ווילענסקי	Julian Wilensky	people_db	3263	entry_person_id:P-1-facs_376_tr_1741260448	matched		bio	"{""entry_type"": ""performer"", ""volume"": ""1"", ""span"": ""719-719"", ""birth_date"": ""1882~"", ""death_date"": ""1921~"", ""credit"": ""מ. ע. פֿון שלום פּערלמוטער און לואיס קרעמער.""}"
place:Q156732	place	כערסאָן	Kherson	wikidata_qid	Q156732	"{""kima_id"": ""13994"", ""lat"": ""46.642500"", ""lon"": ""32.625000""}"	matched		bio	
person:3265	person	מייקל ווילענסקי (מיכאל)	Michael Wilensky	people_db	3265	entry_person_id:P-1-facs_376_tr_1741260445	matched		bio	"{""entry_type"": ""performer"", ""volume"": ""1"", ""span"": ""720-720"", ""birth_date"": ""1880-09-18"", ""credit"": ""מ. ע.""}"
place:Q1000404	place	פּרילוקי	Pryluky	wikidata_qid	Q1000404	"{""kima_id"": ""1722"", ""lat"": """", ""lon"": """"}"	matched		bio	
person:3264	person	מערי ווילענסקי (מרים קאץ)	Mary Wilensky	people_db	3264	entry_person_id:P-1-facs_376_tr_1741260449	matched		bio	"{""entry_type"": ""performer"", ""volume"": ""1"", ""span"": ""720-720"", ""birth_date"": ""1876-04"", ""credit"": ""מ. ע.""}"
person:3270	person	אַנאַטאָל ווינאגראַדאוו (נפתלי-הערץ גליקמאַן)	Anatol Winogradoff	people_db	3270	entry_person_id:P-1-facs_377_r	matched		bio	"{""entry_type"": ""performer"", ""volume"": ""1"", ""span"": ""721-721"", ""birth_date"": ""1890-10-02"", ""credit"": ""מ. ע.""}"
place:Q847710	place	בערעזנא	oogamy	wikidata_qid	Q847710	"{""kima_id"": """", ""lat"": """", ""lon"": """"}"	candidate		bio	
person:3271	person	יוסף ווינאָגראַדאָוו (וויינשטיין)	Joseph Winogradoff	people_db	3271	entry_person_id:P-1-facs_377_r_4	matched		bio	"{""entry_type"": ""performer"", ""volume"": ""1"", ""span"": ""721-722"", ""birth_date"": ""1868"", ""credit"": ""מ. ע. פֿון אַברהם אויזענבערג.""}"
person:3187	person	בּעטי ווינאָוויטש	Betty Vinovits	people_db	3187	entry_person_id:P-1-facs_378_tr_1739715267	matched		bio	"{""entry_type"": ""performer"", ""volume"": ""1"", ""span"": ""723-723"", ""credit"": ""מ. ע. פֿון ש. טאָבאַטשניקאָוו, ה. פיינשטיין און יוסף וויינשטאָק.""}"
person:3185	person	גערטרוד וויניק	Gertrude Vinik	people_db	3185	entry_person_id:P-1-facs_379_tr_1739715269	matched		bio	"{""entry_type"": ""performer"", ""volume"": ""1"", ""span"": ""725-725"", ""credit"": ""מ. ע.""}"
person:3184	person	רעגינע ליכטיגער ווינער	Regina Viner-Likhtiger	people_db	3184	entry_person_id:P-1-facs_379_tr_1739715276	matched		bio	"{""entry_type"": ""musician"", ""volume"": ""1"", ""span"": ""725-725"", ""birth_date"": ""1904-05-25""}"
place:Q7630230	place	סטעפּין	Stępin	wikidata_qid	Q7630230	"{""kima_id"": """", ""lat"": """", ""lon"": """"}"	matched		bio	
person:3198	person	אידאַ וויסאָצקי	Ida Vysotsky	people_db	3198	entry_person_id:P-1-facs_379_r_152	matched		bio	"{""entry_type"": ""performer"", ""volume"": ""1"", ""span"": ""726-726"", ""credit"": ""מ. ע.""}"
person:3197	person	ליובּאַ וויעסיאָלאַיאַ (שאָסקין)	Lyuba Vyesyolaya	people_db	3197	entry_person_id:P-1-facs_379_r_2	matched		bio	"{""entry_type"": ""performer"", ""volume"": ""1"", ""span"": ""726-726"", ""birth_date"": ""1897"", ""credit"": ""ש. ע. פֿון משה טאָרלאָווסקי.""}"
place:Q2091651	place	נעזשוויז	Niasviž	wikidata_qid	Q2091651	"{""kima_id"": """", ""lat"": """", ""lon"": """"}"	matched		bio	
person:3259	person	בּתיה וויערניק	Batya Wiernik	people_db	3259	entry_person_id:P-1-facs_380_tr_1739715267	matched		bio	"{""entry_type"": ""writer"", ""volume"": ""1"", ""span"": ""727-727"", ""birth_date"": ""1884-03-21""}"
person:3260	person	יצחק וויערניק	Yitzhak Wiernik	people_db	3260	entry_person_id:P-1-facs_380_r_2	matched		bio	"{""entry_type"": ""performer"", ""volume"": ""1"", ""span"": ""727-727"", ""birth_date"": ""1886-01-06"", ""credit"": ""ש. ע. דורך שרה קינדמאַן.""}"
person:3190	person	בּ. וולאַדעק (ברוך-נחמן טשאַרני)	B. Vladeck	people_db	3190	entry_person_id:P-1-facs_380_r	matched		bio	"{""entry_type"": ""writer"", ""volume"": ""1"", ""span"": ""728-728""}"
person:3253	person	ראובן ווענדאָרף	Ruben Wendorf	people_db	3253	entry_person_id:P-1-facs_381_tr_1739715266	matched		bio	"{""entry_type"": ""performer"", ""volume"": ""1"", ""span"": ""730-730"", ""birth_date"": ""1892"", ""credit"": ""ש. ע.""}"
person:3258	person	יעקב וועקסלער	Jacob Wexler	people_db	3258	entry_person_id:P-1-facs_381_r_2	matched		bio	"{""entry_type"": ""performer"", ""volume"": ""1"", ""span"": ""730-730"", ""birth_date"": ""1882-04-10"", ""credit"": ""מ. ע.""}"
person:3174	person	בּנציון וועקשטיין	Bentsion Vekshteyn	people_db	3174	entry_person_id:P-1-facs_382_tr_1739715279	matched		bio	"{""entry_type"": ""writer"", ""volume"": ""1"", ""span"": ""731-731"", ""birth_date"": ""1868-03-03"", ""credit"": ""ש. ע.""}"
place:Q849474	place	איליניץ	Battle of Qarqar	wikidata_qid	Q849474	"{""kima_id"": """", ""lat"": """", ""lon"": """"}"	candidate		bio	
person_entry:P-1-facs_382_tr_1739715278	person	ווערבליינסקיא יאָזעף		entry_person_id	P-1-facs_382_tr_1739715278		unmatched		bio	"{""entry_type"": ""other"", ""volume"": ""1"", ""span"": ""731-731""}"
person:3331	person	זעליג זאַבּאָלינסקי	Zelig Zabolinski	people_db	3331	entry_person_id:P-1-facs_382_tr_1739715265	matched		bio	"{""entry_type"": ""performer"", ""volume"": ""1"", ""span"": ""732-732"", ""death_date"": ""1899"", ""credit"": ""מ. ע. פֿון סאול וואָלערשטיין און מ. ד. וואַקסמאַן.""}"
place:Q863576	place	סלאנים	Slonim	wikidata_qid	Q863576	"{""kima_id"": ""102"", ""lat"": ""53.083333"", ""lon"": ""25.316667""}"	candidate		bio	
person:3330	person	יוסף זאַבּאָלינסקי	Yosef Zabolinski	people_db	3330	entry_person_id:P-1-facs_382_tr_1739715275	matched		bio	"{""entry_type"": ""performer"", ""volume"": ""1"", ""span"": ""732-732"", ""death_date"": ""1889"", ""credit"": ""מ. ע. פֿון בערנאָרד פישמאַן און פּערדינאַנד שטויב.""}"
place:UPL-0063	place	אינזל סאָן-פֿראַנציסקאָ					unmatched	attestation:unlinked	bio	
person:3329	person	נח זאַבּלודאָווסקי	Noach Zabludovski	people_db	3329	entry_person_id:P-1-facs_383_tr_1739715269	matched		bio	"{""entry_type"": ""writer"", ""volume"": ""1"", ""span"": ""733-733"", ""birth_date"": ""1859-07-04""}"
person:3333	person	מאָריץ זאגאר	Moritz Zagar	people_db	3333	entry_person_id:P-1-facs_383_tr_1739715262	matched		bio	"{""entry_type"": ""performer"", ""volume"": ""1"", ""span"": ""733-733"", ""death_date"": ""1911/1912"", ""credit"": ""מ. ע. פֿון יוליוס גוטמאַן און עמיליע אַדלער.""}"
person:3332	person	פרידאַ זאַגאַר	Frida Zagar	people_db	3332	entry_person_id:P-1-facs_383_r_6	matched		bio	"{""entry_type"": ""performer"", ""volume"": ""1"", ""span"": ""734-734"", ""birth_date"": ""1896"", ""credit"": ""ש. ע. דורך י. מ. וואַרשאָווסקי.""}"
place:Q856018	place	סלאַוואַטאַ	Roussent	wikidata_qid	Q856018	"{""kima_id"": ""846"", ""lat"": """", ""lon"": """"}"	matched		bio	
place:Q43196	place	סינסינעטי	Cincinnati	wikidata_qid	Q43196	"{""kima_id"": ""7550"", ""lat"": ""39.100000"", ""lon"": ""-84.512500""}"	matched		bio	
person:3419	person	הלל זאָלאָטאַראָוו	Hilel Zolotarov	people_db	3419	entry_person_id:P-1-facs_384_tr_1739715246	matched		bio	"{""entry_type"": ""writer"", ""volume"": ""1"", ""span"": ""735-735"", ""birth_date"": ""1865""}"
person:3343	person	אליהו זאַלודקאָווסקי	Eliyahu Zaludkowski	people_db	3343	entry_person_id:P-1-facs_389_tr_1739715091	matched		bio	"{""entry_type"": ""composer"", ""volume"": ""1"", ""span"": ""745-745"", ""birth_date"": ""1886"", ""credit"": ""ש. ע.""}"
place:Q869807	place	מייצעד	Christ of Havana	wikidata_qid	Q869807	"{""kima_id"": """", ""lat"": """", ""lon"": """"}"	candidate		bio	
person:3342	person	נעכאָמע זאַלצמאַן	Nekhome Zaltsman	people_db	3342	entry_person_id:P-1-facs_389_tr_1739715084	matched		bio	"{""entry_type"": ""performer"", ""volume"": ""1"", ""span"": ""745-745"", ""birth_date"": ""1905-09"", ""credit"": ""ש. ע.""}"
place:Q958617	place	סמארגאן	Smarhon	wikidata_qid	Q958617	"{""kima_id"": ""105"", ""lat"": """", ""lon"": """"}"	matched		bio	
person:3346	person	פּלטיאל זאַמאָשטשין	Paltiel Zamoshtshin	people_db	3346	entry_person_id:P-1-facs_389_tr_1739715078	matched		bio	"{""entry_type"": ""writer"", ""volume"": ""1"", ""span"": ""746-746"", ""birth_date"": ""1851-07-21"", ""death_date"": ""1909"", ""credit"": ""מ. ע. פֿון יעקב מעסטעל.""}"
person:3350	person	יעקב זאַנגער	Jacob Zanger	people_db	3350	entry_person_id:P-1-facs_389_tr_1739715087	matched		bio	"{""entry_type"": ""performer"", ""volume"": ""1"", ""span"": ""746-746"", ""birth_date"": ""1895"", ""credit"": ""ש. ע.""}"
place:Q19566	place	סימפּעראָפּאָל	Simferopol	wikidata_qid	Q19566	"{""kima_id"": ""101"", ""lat"": ""44.948376"", ""lon"": ""34.100039""}"	candidate		bio	
place:Q200926	place	אָטוואָצק	Nueva Toltén	wikidata_qid	Q200926	"{""kima_id"": ""741"", ""lat"": """", ""lon"": """"}"	matched		bio	
person:3355	person	ווויעראַ זאַסלאַווסקאַיאַ	Vera Zaslavskaya	people_db	3355	entry_person_id:P-1-facs_391_tr_1739715056	matched		bio	"{""entry_type"": ""performer"", ""volume"": ""1"", ""span"": ""750-750"", ""credit"": ""ש. ע.""}"
person:3356	person	רודאָלף זאַסלאַווסקי (ראובן-לייב)	Rudolf Zaslavsky	people_db	3356	entry_person_id:P-1-facs_392_tr_1739715078	matched		bio	"{""entry_type"": ""performer"", ""volume"": ""1"", ""span"": ""751-752"", ""birth_date"": ""1886-11-23"", ""credit"": ""מ. ע.""}"
person:3337	person	אברהם זאַק	Abraham Zak	people_db	3337	entry_person_id:P-1-facs_394_tr_1739715058	matched		bio	"{""entry_type"": ""writer"", ""volume"": ""1"", ""span"": ""756-756"", ""birth_date"": ""1891-12-15"", ""credit"": ""ש. ע.""}"
place:Q2920508	place	אַמדור	Indura	wikidata_qid	Q2920508	"{""kima_id"": ""19671"", ""lat"": """", ""lon"": """"}"	candidate		bio	
person:3338	person	זאַק שעפטעל	Sheftel Zak	people_db	3338	entry_person_id:P-1-facs_395_tr_1739715052	matched		bio	"{""entry_type"": ""performer"", ""volume"": ""1"", ""span"": ""757-757"", ""birth_date"": ""1906-12-27"", ""credit"": ""ש. ע.""}"
person:3340	person	מאיר זאַקאָזשאַנסקי	Meir Zakozhanski	people_db	3340	entry_person_id:P-1-facs_395_tr_1739715051	matched		bio	"{""entry_type"": ""performer"", ""volume"": ""1"", ""span"": ""757-757"", ""birth_date"": ""1886-03-27"", ""credit"": ""ש. ע.""}"
place:Q1939758	place	ראָסנע	Rusnė	wikidata_qid	Q1939758	"{""kima_id"": """", ""lat"": """", ""lon"": """"}"	matched		bio	
person:3341	person	ראָיע זאַקס	Roye[?] Zaks	people_db	3341	entry_person_id:P-1-facs_395_r_8	matched		bio	"{""entry_type"": ""performer"", ""volume"": ""1"", ""span"": ""757-757"", ""credit"": ""מ. ע. פֿון ש. טאָבאַטשניקאָוו.""}"
place:UPL-0064	place	בית-עולם					unmatched	attestation:unlinked	bio	
person:3433	person	בּנימין זוסקין	Benjamin Zuskin	people_db	3433	entry_person_id:P-1-facs_399_tr_1739715070	matched		bio	"{""entry_type"": ""performer"", ""volume"": ""1"", ""span"": ""766-766"", ""birth_date"": ""1899-06-28"", ""credit"": ""ש. ע.""}"
place:UPL-0065	place	פּאַניעוויעזש					unmatched	no_attestation	bio	
person:3387	person	נחמן זיבּעל	Nachman Zibel	people_db	3387	entry_person_id:P-1-facs_399_tr_1739715063	matched		bio	"{""entry_type"": ""performer"", ""volume"": ""1"", ""span"": ""766-766"", ""birth_date"": ""1890"", ""credit"": ""ש. ע.""}"
person:3385	person	עלאַ זיבּעל	Ela Zibel	people_db	3385	entry_person_id:P-1-facs_400_TextRegion_1710065342920_478	matched		bio	"{""entry_type"": ""performer"", ""volume"": ""1"", ""span"": ""767-767"", ""birth_date"": ""1897-05-16"", ""credit"": ""מ. ע.""}"
person:3389	person	ערנאַ זיגלער	Erna Ziegler	people_db	3389	entry_person_id:P-1-facs_400_r_2	matched		bio	"{""entry_type"": ""performer"", ""volume"": ""1"", ""span"": ""768-769"", ""birth_date"": ""1879"", ""credit"": ""ש. ע און ש. ע פון יעקב מעסטעל""}"
person:3390	person	מאָריץ זיגלער (משה בעלזער)	Maurice Ziegler	people_db	3390	entry_person_id:P-1-facs_401_TextRegion_1710065459895_541	matched		bio	"{""entry_type"": ""performer"", ""volume"": ""1"", ""span"": ""770-770"", ""birth_date"": ""1911-02-18""}"
person:3391	person	ראָזאַ זיגלער (ראָזענשטיין)	Rosa Ziegler	people_db	3391	entry_person_id:P-1-facs_401_r_14	matched		bio	"{""entry_type"": ""performer"", ""volume"": ""1"", ""span"": ""770-770"", ""birth_date"": ""1888-12-25"", ""credit"": ""ש. ע.""}"
person:3361	person	בּעני זיידמאַן	Bennie Zeidman	people_db	3361	entry_person_id:P-1-facs_401_r_5_1	matched		bio	"{""entry_type"": ""performer"", ""volume"": ""1"", ""span"": ""770-770"", ""birth_date"": ""1886-12-12"", ""credit"": ""מ. ע.""}"
place:Q2473433	place	טעפליק	Teplyk	wikidata_qid	Q2473433	"{""kima_id"": ""89923"", ""lat"": """", ""lon"": """"}"	matched		bio	
person:3358	person	דוד זיידעמאַן	David Zayderman	people_db	3358	entry_person_id:P-1-facs_402_tr_1739715097	matched		bio	"{""entry_type"": ""performer"", ""volume"": ""1"", ""span"": ""771-771"", ""birth_date"": ""1895-02-12"", ""credit"": ""ש. ע.""}"
person:2882	person	לעאָן זיידענבּערג (דוד-לייב זיידענווערג)	Leon Seidenberg	people_db	2882	entry_person_id:P-1-facs_402_r_3	matched		bio	"{""entry_type"": ""performer"", ""volume"": ""1"", ""span"": ""771-771"", ""birth_date"": ""1896-07-04"", ""credit"": ""ש. ע.""}"
person:3378	person	זיידערמאַן	[?] Zeyderman	people_db	3378	entry_person_id:P-1-facs_402_tr_1739715086	matched		bio	"{""entry_type"": ""performer"", ""volume"": ""1"", ""span"": ""772-772"", ""death_date"": ""1922"", ""credit"": ""מ. ע. פֿון ה. פיינשטיין.""}"
place:Q213127	place	ווילקאמיר	Ukmergė	wikidata_qid	Q213127	"{""kima_id"": ""20082"", ""lat"": ""55.250000"", ""lon"": ""24.766667""}"	matched		bio	
person:3380	person	גרשון זייקין	Gershon Zeykin	people_db	3380	entry_person_id:P-1-facs_403_tr_1739715072	matched		bio	"{""entry_type"": ""writer"", ""volume"": ""1"", ""span"": ""774-774""}"
person:3403	person	משה זילבורג	Moshe Zilburg	people_db	3403	entry_person_id:P-1-facs_404_tr_1739715086	matched		bio	"{""entry_type"": ""writer"", ""volume"": ""1"", ""span"": ""775-775"", ""birth_date"": ""1884"", ""credit"": ""ז. רייזען - „לעקס. ייד. ליט\"" I, זז. 1069-71.""}"
place:Q882261	place	מאָלאָדעטשנא		wikidata_qid	Q882261	"{""kima_id"": """", ""lat"": """", ""lon"": """"}"	candidate		bio	
person:3395	person	לאָניא זילבּער (לאה מירנא-זילבערשטיין)	Lonya Zilber	people_db	3395	entry_person_id:P-1-facs_404_tr_1739715084	matched		bio	"{""entry_type"": ""performer"", ""volume"": ""1"", ""span"": ""775-775"", ""birth_date"": ""1895-08-28"", ""credit"": ""מ. ע.""}"
person:2972	person	סעם זילבּערבּוש (איתמר)	Sam Silberbush	people_db	2972	entry_person_id:P-1-facs_404_r	matched		bio	"{""entry_type"": ""performer"", ""volume"": ""1"", ""span"": ""776-776"", ""birth_date"": ""1878-09-15""}"
person:3398	person	זלמן זילבּערבּלאַט	Zalman Zilberblat	people_db	3398	entry_person_id:P-1-facs_404_tr_1739715089	matched		bio	"{""entry_type"": ""performer"", ""volume"": ""1"", ""span"": ""776-776"", ""birth_date"": ""1899-02-22"", ""credit"": ""ש. ע.""}"
person:3396	person	סעמועל זילבּערבּערג	Samuel Zilberberg	people_db	3396	entry_person_id:P-1-facs_405_TextRegion_1710157093565_274	matched		bio	"{""entry_type"": ""performer"", ""volume"": ""1"", ""span"": ""778-778"", ""birth_date"": ""1892-03-15"", ""credit"": ""ש. ע.""}"
place:Q2629630	place	סאַטאַנאָוו	Sataniv	wikidata_qid	Q2629630	"{""kima_id"": """", ""lat"": """", ""lon"": """"}"	matched		bio	
person:2977	person	טעאָדאָר-הערצל זילבּערט	Teodor-Herzl Silbert	people_db	2977	entry_person_id:P-1-facs_405_TextRegion_1710157077617_269	matched		bio	"{""entry_type"": ""performer"", ""volume"": ""1"", ""span"": ""778-778"", ""birth_date"": ""1904-07-05"", ""credit"": ""מ. ע.""}"
place:Q7550	place	לוצק	Lutsk	wikidata_qid	Q7550	"{""kima_id"": """", ""lat"": """", ""lon"": """"}"	matched		bio	
person:2975	person	ליזאַ זילבּערט	Liza Silbert	people_db	2975	entry_person_id:P-1-facs_406_tr_1739715063	matched		bio	"{""entry_type"": ""performer"", ""volume"": ""1"", ""span"": ""780-780"", ""birth_date"": ""1881"", ""credit"": ""ש. ע.""}"
person:717	person	אסתר זילבּערמאַן	Esther Silberman	people_db	717	entry_person_id:P-1-facs_407_tr_1739715072	matched		bio	"{""entry_type"": ""performer"", ""volume"": ""1"", ""span"": ""782-782"", ""credit"": ""ש. ע. פֿון יאָזער לאַטיינער.""}"
person_entry:P-1-facs_407_r_2	person	זילבערמאַן, משה		entry_person_id	P-1-facs_407_r_2		unmatched		bio	"{""volume"": ""1"", ""span"": ""782-782""}"
person:701	person	מאָריס זילבּערמאַן	Morris Silberman	people_db	701	entry_person_id:P-1-facs_407_tr_1739715081	matched		bio	"{""entry_type"": ""writer"", ""volume"": ""1"", ""span"": ""782-783"", ""birth_date"": ""1881"", ""credit"": ""ש. ע.""}"
place:Q1022879	place	פעלשטיין	Gemeses	wikidata_qid	Q1022879	"{""kima_id"": """", ""lat"": """", ""lon"": """"}"	candidate		bio	
person:3441	person	עלאַ זילבּערמאַן (זיגלער)	Ela Zylberman	people_db	3441	entry_person_id:P-1-facs_408_r_7	matched		bio	"{""entry_type"": ""performer"", ""volume"": ""1"", ""span"": ""784-784"", ""birth_date"": ""1901-04-07""}"
person:3399	person	קאַרל זילבּערמאַן	Karl Zilberman	people_db	3399	entry_person_id:P-1-facs_408_TextRegion_1710064957426_326	matched		bio	"{""entry_type"": ""performer"", ""volume"": ""1"", ""span"": ""784-784"", ""birth_date"": ""1883"", ""credit"": ""ש. ע.""}"
person:3439	person	נתן זילבּערצווייג	Nathan Zylbercweig	people_db	3439	entry_person_id:P-1-facs_409_TextRegion_1710065090972_381	matched		bio	"{""entry_type"": ""performer"", ""volume"": ""1"", ""span"": ""786-786"", ""birth_date"": ""1899-05-25"", ""credit"": ""ש. ע.""}"
person:2973	person	משה זילבּערקאַסטען	Morris Silberkasten	people_db	2973	entry_person_id:P-1-facs_410_tr_1739715091	matched		bio	"{""entry_type"": ""performer"", ""volume"": ""1"", ""span"": ""787-787"", ""birth_date"": ""1891-11-05"", ""credit"": ""מ. ע.""}"
person:3404	person	עני זימאן	Annie Ziman	people_db	3404	entry_person_id:P-1-facs_410_tr_1739715090	matched		bio	"{""entry_type"": ""performer"", ""volume"": ""1"", ""span"": ""787-787"", ""birth_date"": ""1885-03-17"", ""credit"": ""מ. ע.""}"
person:3401	person	משה זילבּערשטיין	Moshe Zilbershteyn	people_db	3401	entry_person_id:P-1-facs_410_tr_1739715084	matched		bio	"{""entry_type"": ""performer"", ""volume"": ""1"", ""span"": ""787-788"", ""birth_date"": ""1875-07-18"", ""credit"": ""מ. ע.""}"
person:3406	person	איווא זימאָנד (חוה-אסתר שטייסל)	Eva Zimond	people_db	3406	entry_person_id:P-1-facs_411_r_2	matched		bio	"{""volume"": ""1"", ""span"": ""789-789""}"
person:3411	person	קלמן זינגמאַן	Kalman Zingman	people_db	3411	entry_person_id:P-1-facs_411_tr_1739715053	matched		bio	"{""entry_type"": ""writer"", ""volume"": ""1"", ""span"": ""789-789"", ""birth_date"": ""1889-11-01"", ""death_date"": ""1929-03-30""}"
place:Q7052783	place	סלאבאדקע	Vilijampolė	wikidata_qid	Q7052783	"{""kima_id"": ""23606"", ""lat"": ""54.916667"", ""lon"": ""23.883333""}"	matched		bio	
person:3407	person	אַדעלאַ זינגער	Adela Zinger	people_db	3407	entry_person_id:P-1-facs_411_tr_1739715050	matched		bio	"{""entry_type"": ""performer"", ""volume"": ""1"", ""span"": ""789-789"", ""birth_date"": ""1862"", ""death_date"": ""1922-04-04"", ""credit"": ""מ. ע. פֿון איר מאַן יוליוס פּראַנד, עליאס ראַטשטיין און ה. פיינשטיין.""}"
place:Q745074	place	שעראָדז	Sieradz (Poland)	wikidata_qid	Q745074	"{""kima_id"": ""14700"", ""lat"": """", ""lon"": """"}"	matched		bio	
place:UPL-0066	place	איסטהעם מענערפּאַרק בית-עולם					unmatched	attestation:unlinked	bio	
person:3466	person	דוטשא זינגער		people_db	3466	entry_person_id:P-1-facs_411_tr_1739715062	matched		bio	"{""entry_type"": ""performer"", ""volume"": ""1"", ""span"": ""790-790"", ""birth_date"": ""1864"", ""death_date"": ""1901""}"
person:3409	person	יוסף זינגער	Yosef Zinger	people_db	3409	entry_person_id:P-1-facs_412_TextRegion_1710153731052_73	matched		bio	"{""entry_type"": ""performer"", ""volume"": ""1"", ""span"": ""791-791"", ""birth_date"": ""1885"", ""credit"": ""מ.ע.""}"
place:Q1251	place	אַדזוד	Cottian Alps	wikidata_qid	Q1251	"{""kima_id"": """", ""lat"": """", ""lon"": """"}"	candidate		bio	
person:2989	person	ישראל-יהושע זינגער	Israel Joshua Singer	people_db	2989	entry_person_id:P-1-facs_412_TextRegion_1710153717390_60	matched		bio	"{""entry_type"": ""writer"", ""volume"": ""1"", ""span"": ""791-791"", ""birth_date"": ""1893-11-30""}"
place:Q202448	place	בילגאריי	cryoablation	wikidata_qid	Q202448	"{""kima_id"": """", ""lat"": """", ""lon"": """"}"	candidate		bio	
person:3410	person	בּערטאַ זינגערמאַן	Berta Zingerman	people_db	3410	entry_person_id:P-1-facs_412_TextRegion_1710153689691_21	matched		bio	"{""entry_type"": ""performer"", ""volume"": ""1"", ""span"": ""792-792""}"
place:Q204150	place	פּינסק	Pinsk	wikidata_qid	Q204150	"{""kima_id"": ""409"", ""lat"": ""52.115278"", ""lon"": ""26.103056""}"	candidate		bio	
person:3416	person	יעפים זלאטאגאראוו (חיים גאָלדענבערג)	Yefim Zlatagarov	people_db	3416	entry_person_id:P-1-facs_413_r_4	matched		bio	"{""entry_type"": ""performer"", ""volume"": ""1"", ""span"": ""793-793"", ""birth_date"": ""1894-03-14"", ""credit"": ""ש. ע.""}"
person:3418	person	זלאָטשעווסקי	[?] Zlotshevski	people_db	3418	entry_person_id:P-1-facs_413_tr_1739715088	matched		bio	"{""entry_type"": ""theatre"", ""volume"": ""1"", ""span"": ""793-793"", ""birth_date"": ""1915""}"
person:3375	person	אסתר זעווקינאַ (זעווקא)	Ester Zevkina	people_db	3375	entry_person_id:P-1-facs_413_r_8	matched		bio	"{""entry_type"": ""performer"", ""volume"": ""1"", ""span"": ""793-793"", ""birth_date"": ""1900-02-20"", ""credit"": ""ש. ע. פֿון ישראל בירנבוים.""}"
place:Q126099	place	אָסטראָלענקאַ	Ostrołęka	wikidata_qid	Q126099	"{""kima_id"": """", ""lat"": """", ""lon"": """"}"	candidate		bio	
place:Q8081273	place	לעלציץ	Łęczyca, West Pomeranian Voivodeship	wikidata_qid	Q8081273	"{""kima_id"": """", ""lat"": """", ""lon"": """"}"	matched		bio	
person:3369	person	העלען זעלינסקאַיאַ	Helen Zelinskaya	people_db	3369	entry_person_id:P-1-facs_413_tr_1739715085	matched		bio	"{""entry_type"": ""performer"", ""volume"": ""1"", ""span"": ""794-794"", ""birth_date"": ""1894-01-28"", ""credit"": ""מ. ע.""}"
person_entry:P-1-facs_414_tr_1739715068	person	זעלמאַן, לעאָן		entry_person_id	P-1-facs_414_tr_1739715068		unmatched		bio	"{""entry_type"": ""composer"", ""volume"": ""1"", ""span"": ""795-795"", ""birth_date"": ""1880-04"", ""credit"": ""ש. ע.""}"
person:3371	person	דזשעני זעלצער	Jennie Zeltser	people_db	3371	entry_person_id:P-1-facs_414_r_304	matched		bio	"{""entry_type"": ""performer"", ""volume"": ""1"", ""span"": ""796-796"", ""credit"": ""מ. ע.""}"
person:3373	person	אברהם זעצער	Avraham Zetser	people_db	3373	entry_person_id:P-1-facs_414_tr_1739715075	matched		bio	"{""entry_type"": ""other"", ""volume"": ""1"", ""span"": ""796-796"", ""credit"": ""מ. ע. פֿון ש. טאָבאַטשניקאָוו, יעקב קאָצמאַן און מישע נאָכאָמקוס.""}"
person:1743	person	מ. זשאָרזש (מאָטל אביון)	M. George	people_db	1743	entry_person_id:P-1-facs_414_r_3	matched		bio	"{""entry_type"": ""performer"", ""volume"": ""1"", ""span"": ""796-796"", ""birth_date"": ""1864~"", ""death_date"": ""1919"", ""credit"": ""מ. ע. פֿון מנשה בודקין, כונע בראָגינסקאַ, אוסר בעזמאַן און לאַזאָר פריד.""}"
person:775	person	זשופּניק	Zhupnik	people_db	775	entry_person_id:P-1-facs_414_tr_1739715077	matched		bio	"{""entry_type"": ""performer"", ""volume"": ""1"", ""span"": ""796-796"", ""credit"": ""מ. ע. פֿון באָריס טאָמאַשעווסקי.""}"
person:3383	person	וולאַדעק זשיטקאָווסקי	Vladek Zhitkovski	people_db	3383	entry_person_id:P-1-facs_415_TextRegion_1710155983674_155	matched		bio	"{""entry_type"": ""performer"", ""volume"": ""1"", ""span"": ""797-797"", ""credit"": ""ש. ע פון יעקב וואַקסמאַן און מ. ע פון בנימין קאַץ.""}"
place:Q202591	place	ראַדזיין	Radzyń Podlaski	wikidata_qid	Q202591	"{""kima_id"": """", ""lat"": """", ""lon"": """"}"	candidate		bio	
person:2107	person	חאַלאַן-חאַלאַנאָוו	[?] Khalan-Khalanov	people_db	2107	entry_person_id:P-1-facs_415_TextRegion_1710155882799_118	matched		bio	"{""entry_type"": ""performer"", ""volume"": ""1"", ""span"": ""798-798""}"
person:2110	person	משה חאַשקעס	Moshe Khashkes	people_db	2110	entry_person_id:P-1-facs_416_tr_1739715059	matched		bio	"{""entry_type"": ""writer"", ""volume"": ""1"", ""span"": ""799-799"", ""birth_date"": ""1830""}"
person_entry:P-1-facs_416_tr_1739715064	person	חד-גדיאַ		entry_person_id	P-1-facs_416_tr_1739715064		unmatched		bio	"{""entry_type"": ""group"", ""volume"": ""1"", ""span"": ""800-800"", ""birth_date"": ""1922-01""}"
person:2116	person	חיים-אריה חזן	Khayim Arye Khazan	people_db	2116	entry_person_id:P-1-facs_416_tr_1739715065	matched		bio	"{""entry_type"": ""writer"", ""volume"": ""1"", ""span"": ""800-800"", ""birth_date"": ""1863-06-15""}"
person:3044	person	אברהם טאַבּאַק	Avraham Tabak	people_db	3044	entry_person_id:P-2-facs_9_r	matched		bio	"{""entry_type"": ""performer"", ""volume"": ""2"", ""span"": ""801-801"", ""credit"": ""מ. ע. פֿון בינע בראַגינסקאָ.""}"
person:3078	person	אַננאַ טאַבּאַק	Anna Toback	people_db	3078	entry_person_id:P-2-facs_9_tr_1743943374	matched		bio	"{""entry_type"": ""performer"", ""volume"": ""2"", ""span"": ""801-801"", ""birth_date"": ""1905-06""}"
person:3045	person	מ.י. טאַבּאַקשיידער	M.I. Tabakschneider	people_db	3045	entry_person_id:P-2-facs_9_r_3	matched		bio	"{""entry_type"": ""director_regisseur"", ""volume"": ""2"", ""span"": ""802-802"", ""birth_date"": ""1893"", ""credit"": ""ש. ע.""}"
person:3046	person	אהרן טאַגער	Aaron Tager	people_db	3046	entry_person_id:P-2-facs_10_tr_1743943354	matched		bio	"{""entry_type"": ""performer"", ""volume"": ""2"", ""span"": ""804-804"", ""death_date"": ""1884/1885"", ""credit"": ""מ. ע. פֿון יעקב קאצמאַן אין בינע אַבראַמאָוויטש אין ש. ע. פֿון בעריש בעקערמאַן.""}"
place:UPL-0067	place	אַסיטניאָשקע					unmatched	attestation:unlinked	bio	
place:Q65380	place	טאַראשטשע	Tarashcha	wikidata_qid	Q65380	"{""kima_id"": ""21486"", ""lat"": """", ""lon"": """"}"	matched		bio	
person:3072	person	הערי טאָמאַשעווסקי (הערש-יונה)	Harry Thomashefsky	people_db	3072	entry_person_id:P-2-facs_31_tr_1744131359	matched		bio	"{""entry_type"": ""performer"", ""volume"": ""2"", ""span"": ""846-846"", ""birth_date"": ""1892-03-21"", ""credit"": ""מ. ע.""}"
person:3073	person	מייק טאָמאַשעווסקי (מרדכי)	Mike Thomashefsky	people_db	3073	entry_person_id:P-2-facs_31_tr_1744131345	matched		bio	"{""entry_type"": ""administrator"", ""volume"": ""2"", ""span"": ""846-846"", ""birth_date"": ""1873-03-21"", ""death_date"": ""1932-07-24"", ""credit"": ""מ. ע. און מ. ע. פֿון י. מעסטעל.""}"
place:UPL-0068	place	אַסיניאָשקי					unmatched	attestation:unlinked	bio	
person:3071	person	עני טאָמאַשעווסקי	Annie Thomashefsky	people_db	3071	entry_person_id:P-2-facs_32_tr_1744131395	matched		bio	"{""entry_type"": ""performer"", ""volume"": ""2"", ""span"": ""847-847"", ""birth_date"": ""1885-03-02"", ""credit"": ""מ. ע.""}"
place:Q219593	place	טאַלנע	Talne	wikidata_qid	Q219593	"{""kima_id"": ""20530"", ""lat"": """", ""lon"": """"}"	matched		bio	
place:Q3569718	place	פאלסבורג	Fallsburg	wikidata_qid	Q3569718	"{""kima_id"": ""369"", ""lat"": """", ""lon"": """"}"	matched		bio	
person:3081	person	ג.וו. טאָמבּאַק	G.V. Tombak	people_db	3081	entry_person_id:P-2-facs_33_r_12	matched		bio	"{""entry_type"": ""performer"", ""volume"": ""2"", ""span"": ""819-819"", ""birth_date"": ""1907"", ""credit"": ""ש. ע.""}"
person_entry:P-2-facs_33_r	person	טאַנטשוק, [?]		entry_person_id	P-2-facs_33_r		unmatched		bio	"{""entry_type"": ""director_regisseur"", ""volume"": ""2"", ""span"": ""850-850""}"
person:3051	person	שלום טאַנין (טאַנקוּס)	Sholom Tanin	people_db	3051	entry_person_id:P-2-facs_34_tr_1744131425	matched		bio	"{""entry_type"": ""performer"", ""volume"": ""2"", ""span"": ""851-851"", ""birth_date"": ""1892-10-12"", ""credit"": ""מ. ע""}"
person:3050	person	דוד טאַנענצאפּ	David Tanentsap	people_db	3050	entry_person_id:P-2-facs_34_tr_1744131418	matched		bio	"{""entry_type"": ""administrator"", ""volume"": ""2"", ""span"": ""851-851"", ""birth_date"": ""18"", ""credit"": ""מ. ע. פֿון משה שאָר, יוליוס גוטמאַן, טש. נאַטאנסאָן און יעקב מעסטעל.""}"
person:3675	person	טאַנצמאַן, בערטאַ [בערלין]	Berta Berlin	people_db	3675	entry_person_id:P-2-facs_35_tr_1744131361	matched		bio	"{""entry_type"": ""performer"", ""volume"": ""2"", ""span"": ""854-854"", ""birth_date"": ""1856"", ""death_date"": ""1926"", ""credit"": ""מ. ע. פֿון ה. פיינשטיין און ש. ע. פֿון פּנחס טאַנצמאַן.""}"
person:730	person	יאַזעף טאַנצמאַן	Josef Tanzman	people_db	730	entry_person_id:P-2-facs_36_tr_1744131432	matched		bio	"{""entry_type"": ""performer"", ""volume"": ""2"", ""span"": ""855-855"", ""birth_date"": ""1886-10-16"", ""death_date"": ""1931-04-04"", ""credit"": ""מ. ע.""}"
person:3047	person	סאַמוּאיל טאַקסא	Samuel Taksa	people_db	3047	entry_person_id:P-2-facs_36_tr_1744131446	matched		bio	"{""entry_type"": ""administrator"", ""volume"": ""2"", ""span"": ""855-855"", ""birth_date"": ""1907"", ""credit"": ""ש. ע. פֿון מאַרק לייפציקער.""}"
person:3056	person	רות טאַרי (רייזל טוּכמאַכער)	Ruth Taru	people_db	3056	entry_person_id:P-2-facs_36_tr_1744131442	matched		bio	"{""entry_type"": ""performer"", ""volume"": ""2"", ""span"": ""856-856"", ""birth_date"": ""1906"", ""credit"": ""ש. ע.""}"
person:3055	person	משה טאַרלאָווסקי	Moshe Tarlowsky	people_db	3055	entry_person_id:P-2-facs_37_tr_1744131397	matched		bio	"{""entry_type"": ""performer"", ""volume"": ""2"", ""span"": ""857-857"", ""birth_date"": ""1892"", ""credit"": ""ש. ע.""}"
place:UPL-0069	place	הר-ציון, ראדאָמער סעקציע					unmatched	attestation:unlinked	bio	
person:3070	person	סידי טהאל (סאַלי בּירקענטאַל)	Sidy Thal	people_db	3070	entry_person_id:P-2-facs_38_tr_1744131347	matched		bio	"{""entry_type"": ""performer"", ""volume"": ""2"", ""span"": ""860-860"", ""birth_date"": ""1909-09-08"", ""credit"": ""ש. ע.""}"
person:3084	person	חיים טויבּענשלאַג	Chaim Toybenshlag	people_db	3084	entry_person_id:P-2-facs_39_r_1	matched		bio	"{""entry_type"": ""writer"", ""volume"": ""2"", ""span"": ""861-861"", ""birth_date"": ""1894-09-06"", ""credit"": ""מ. ע.""}"
person:3083	person	חיים טויבּער	Chaim Towber	people_db	3083	entry_person_id:P-2-facs_39_tr_1744131454	matched		bio	"{""entry_type"": ""performer"", ""volume"": ""2"", ""span"": ""862-862"", ""birth_date"": ""1901-06-14"", ""credit"": ""ש. ע""}"
person:3114	person	מאָריס טוּכבּאַנד	Morris Tuchband	people_db	3114	entry_person_id:P-2-facs_40_tr_1744131398	matched		bio	"{""entry_type"": ""performer"", ""volume"": ""2"", ""span"": ""863-863"", ""birth_date"": ""1886-03"", ""credit"": ""ש. ע.""}"
person:3115	person	ליזאַ טוּכמאַן (קיידאַן)	Lisa Tuchman	people_db	3115	entry_person_id:P-2-facs_40_tr_1744131399	matched		bio	"{""entry_type"": ""performer"", ""volume"": ""2"", ""span"": ""863-863"", ""birth_date"": ""1891-08-15"", ""credit"": ""מ. ע.""}"
person_entry:P-2-facs_40_r	person	טוללער, דזשאָדזש [זלמן טאָלער]		entry_person_id	P-2-facs_40_r		unmatched		bio	"{""entry_type"": ""composer"", ""volume"": ""2"", ""span"": ""864-864"", ""birth_date"": ""1894-07-24"", ""credit"": ""מ. ע.""}"
person:3119	person	הערמאַן טוּניס (חיים-הערש אַווענד)	Herman Tunis	people_db	3119	entry_person_id:P-2-facs_41_tr_1744131371	matched		bio	"{""entry_type"": ""performer"", ""volume"": ""2"", ""span"": ""865-865"", ""birth_date"": ""1900-10-14"", ""credit"": ""מ. ע.""}"
place:UPL-0070	place	זשעזשאַני					unmatched	attestation:unlinked	bio	
person:3120	person	דער טוּנקעלער (יוסף טוּנקעל)	Der Tunkeler	people_db	3120	entry_person_id:P-2-facs_41_tr_1744131372	matched		bio	"{""entry_type"": ""writer"", ""volume"": ""2"", ""span"": ""865-865"", ""birth_date"": ""1881""}"
person:3117	person	יהושע טוּפמאַן	Yehoshua Tufman	people_db	3117	entry_person_id:P-2-facs_41_tr_1744131374	matched		bio	"{""entry_type"": ""performer"", ""volume"": ""2"", ""span"": ""866-866"", ""birth_date"": ""1893-08-15"", ""credit"": ""ש. ע.""}"
place:Q203706	place	אַמשינאָוו	carpenter pencil	wikidata_qid	Q203706	"{""kima_id"": """", ""lat"": """", ""lon"": """"}"	candidate		bio	
person:3116	person	מרים טוּפמאַן (פּאקענטרעגער)	Miriam Tufman	people_db	3116	entry_person_id:P-2-facs_42_tr_1744131428	matched		bio	"{""entry_type"": ""performer"", ""volume"": ""2"", ""span"": ""867-867"", ""birth_date"": ""1890-04-12"", ""credit"": ""ש. ע. פֿון יהושע טופמאן.""}"
place:Q4475720	place	אוניעווא	Univ	wikidata_qid	Q4475720	"{""kima_id"": """", ""lat"": """", ""lon"": """"}"	candidate		bio	
person:3126	person	יעקב טוּראָווסקי	Yakov Turovsky	people_db	3126	entry_person_id:P-2-facs_42_tr_1744131430	matched		bio	"{""entry_type"": ""performer"", ""volume"": ""2"", ""span"": ""867-867"", ""birth_date"": ""1888"", ""credit"": ""ש. ע.""}"
person_entry:P-2-facs_45_r_4	person	טורקאָוו, יצחק		entry_person_id	P-2-facs_45_r_4		unmatched		bio	"{""entry_type"": ""other"", ""volume"": ""2"", ""span"": ""873-873""}"
person:3123	person	מאַרק טוּרקאָוו	Mark Turkow	people_db	3123	entry_person_id:P-2-facs_45_r_9	matched		bio	"{""entry_type"": ""writer"", ""volume"": ""2"", ""span"": ""873-873"", ""birth_date"": ""1901-05-11"", ""credit"": ""ש. ע.""}"
person:3124	person	רחל טוּרקאׇוו	Rachel Turkow	people_db	3124	entry_person_id:P-2-facs_45_tr_1744131387	matched		bio	"{""entry_type"": ""performer"", ""volume"": ""2"", ""span"": ""874-874"", ""birth_date"": ""1908-01-10"", ""credit"": ""ש. ע. פֿון יצחק גרודבערג.""}"
person:3077	person	מרדכי-חיים טיטעלמאַן	Mordechai-Chaim Titelman	people_db	3077	entry_person_id:P-2-facs_46_tr_1744131398	matched		bio	"{""entry_type"": ""performer"", ""volume"": ""2"", ""span"": ""875-875"", ""birth_date"": ""1872"", ""death_date"": ""1921-05-18""}"
person:3062	person	חנה טייעלבּוים (אַננאַ דרוּקער)	Anna Teitelbaum	people_db	3062	entry_person_id:P-2-facs_47_tr_1744131441	matched		bio	"{""entry_type"": ""performer"", ""volume"": ""2"", ""span"": ""878-878"", ""birth_date"": ""1896-11-09"", ""credit"": ""מ. ע.""}"
place:Q4104023	place	וואַרטאַצי	Vartykivtsi	wikidata_qid	Q4104023	"{""kima_id"": """", ""lat"": """", ""lon"": """"}"	candidate		bio	
person:955	person	משה טייך-גאַזניק	Moshe Teykh-Ganzik	people_db	955	entry_person_id:P-2-facs_48_r	matched		bio	"{""entry_type"": ""performer"", ""volume"": ""2"", ""span"": ""879-879"", ""credit"": ""מ. ע. פֿון יצחק ליברעסקאָ, פּ. וויינבלאַט און אַברהם פישקינד, אין ש. ע. פֿון יוסף לאַטיינער.""}"
person:3068	person	משה טיימאַן	Moshe Teyman	people_db	3068	entry_person_id:P-2-facs_48_r_2	matched		bio	"{""entry_type"": ""performer"", ""volume"": ""2"", ""span"": ""880-880"", ""birth_date"": ""1889"", ""credit"": ""ש. ע.""}"
place:Q4218591	place	דאַרף קוואָסעוו	Kvasiv	wikidata_qid	Q4218591	"{""kima_id"": """", ""lat"": """", ""lon"": """"}"	candidate		bio	
person:3076	person	אַדאָלף טימיאַנאָף (טימיאַנקאָ)	Adolf Timianoff	people_db	3076	entry_person_id:P-2-facs_49_tr_1744131389	matched		bio	"{""entry_type"": ""performer"", ""volume"": ""2"", ""span"": ""881-881"", ""birth_date"": ""1886-07-15"", ""credit"": ""ש. ע דורך שרה קינדמאַן.""}"
person:3075	person	יעקב טיקמאַן	Yakov Tikman	people_db	3075	entry_person_id:P-2-facs_49_tr_1744131387	matched		bio	"{""entry_type"": ""writer"", ""volume"": ""2"", ""span"": ""881-881"", ""birth_date"": ""1890-02-02"", ""credit"": ""ש. ע.""}"
person_entry:P-2-facs_49_r_4	person	"טעאַטער-מוזיי א""נ פֿון אסתר-רחל קאַמינסקי ביים ייוו""א."		entry_person_id	P-2-facs_49_r_4		unmatched		bio	"{""entry_type"": ""other"", ""volume"": ""2"", ""span"": ""882-882"", ""birth_date"": ""1927""}"
person_entry:P-2-facs_50_tr_1744131398	person	טעאַטער-סטודיעס.		entry_person_id	P-2-facs_50_tr_1744131398		unmatched		bio	"{""volume"": ""2"", ""span"": ""883-883""}"
person_entry:P-2-facs_50_tr_1744131407	person	וויטעבּסקער סטוּדיע.		entry_person_id	P-2-facs_50_tr_1744131407		unmatched		bio	"{""entry_type"": ""group"", ""volume"": ""2"", ""span"": ""883-883"", ""birth_date"": ""1919-07""}"
person_entry:P-2-facs_50_r_2	person	ווייסרוּסלענדיש-יידישע מלוּכה-סטוּדיע.		entry_person_id	P-2-facs_50_r_2		unmatched		bio	"{""entry_type"": ""theatre"", ""volume"": ""2"", ""span"": ""883-883"", ""birth_date"": ""1920""}"
place:UPL-0071	place	ווייסרוסלאַנד					unmatched	no_attestation	bio	
person_entry:P-2-facs_50_tr_1744131393	person	"""יידיש טעאַטער-סטודיע"" אין וואַרשע."		entry_person_id	P-2-facs_50_tr_1744131393		unmatched		bio	"{""entry_type"": ""group"", ""volume"": ""2"", ""span"": ""884-884""}"
person_entry:P-2-facs_50_r	person	פּעטראָגראַדער סטוּדיע.		entry_person_id	P-2-facs_50_r		unmatched		bio	"{""entry_type"": ""group"", ""volume"": ""2"", ""span"": ""884-884"", ""birth_date"": ""1918/1919""}"
person_entry:P-2-facs_50_tr_1744131400	person	"קיעווער ""קוּלטוּר-ליגע""."		entry_person_id	P-2-facs_50_tr_1744131400		unmatched		bio	"{""entry_type"": ""group"", ""volume"": ""2"", ""span"": ""884-884"", ""birth_date"": ""1919""}"
person_entry:P-2-facs_50_tr_1744131406	person	"""שלם-עליכם-סטוּדיע""."		entry_person_id	P-2-facs_50_tr_1744131406		unmatched		bio	"{""entry_type"": ""group"", ""volume"": ""2"", ""span"": ""884-884""}"
person_entry:P-2-facs_50_tr_1744131396	person	"„טעאַליג"" [טעאַטער-ליבּהאָבּער-געזעלשאַפט]"		entry_person_id	P-2-facs_50_tr_1744131396		unmatched		bio	"{""entry_type"": ""group"", ""volume"": ""2"", ""span"": ""884-884"", ""birth_date"": ""1930-12-28""}"
person:1653	person	אפרים-פישל פישעלזאָהן	Efrayim Fishl Fishelzon	people_db	1653	entry_person_id:P-2-facs_51_tr_1744131371	matched		bio	"{""entry_type"": ""other"", ""volume"": ""2"", ""span"": ""885-885""}"
place:Q30007506	place	אזיראן געטא	Jezierzany Ghetto	wikidata_qid	Q30007506	"{""kima_id"": """", ""lat"": """", ""lon"": """"}"	matched		bio	
person:3066	person	קלמן טעפּער (קאָליאַ)	Kalman Tepper	people_db	3066	entry_person_id:P-2-facs_52_tr_1744131414	matched		bio	"{""entry_type"": ""writer"", ""volume"": ""2"", ""span"": ""888-888"", ""birth_date"": ""1879"", ""credit"": ""מ. ע. פוּן זלמן רייזען.""}"
person:3059	person	אַדאָלף טעפנער	Adolf Tefner	people_db	3059	entry_person_id:P-2-facs_53_tr_1744131450	matched		bio	"{""entry_type"": ""performer"", ""volume"": ""2"", ""span"": ""889-889"", ""birth_date"": ""1908-02-13"", ""credit"": ""ש. ע.""}"
place:Q4513379	place	טשערנאַליציע	Chernelytsia	wikidata_qid	Q4513379	"{""kima_id"": """", ""lat"": """", ""lon"": """"}"	candidate		bio	
place:Q5266	place	נאווא מעסטא	Novo Mesto	wikidata_qid	Q5266	"{""kima_id"": ""16242"", ""lat"": """", ""lon"": """"}"	matched		bio	
person:3086	person	יעקב-שמוּאל טראַכטמאַן	Yakov Shmuel Trakhtman	people_db	3086	entry_person_id:P-2-facs_54_r_3	matched		bio	"{""entry_type"": ""writer"", ""volume"": ""2"", ""span"": ""891-891"", ""death_date"": ""1889?""}"
person:3096	person	חנה טרוימאַן (קאַץ)	Chana Troyman	people_db	3096	entry_person_id:P-2-facs_54_r_9	matched		bio	"{""entry_type"": ""performer"", ""volume"": ""2"", ""span"": ""892-892"", ""birth_date"": ""1894-03-16"", ""credit"": ""ש. ע.""}"
person:3097	person	לייבּ טרוימאַן (גאׇרדאׇן)	Leib Troyman	people_db	3097	entry_person_id:P-2-facs_54_tr_1744131418	matched		bio	"{""entry_type"": ""performer"", ""volume"": ""2"", ""span"": ""892-892"", ""birth_date"": ""1887-08-16"", ""credit"": ""ש. ע.""}"
place:Q1049288	place	ראָגאָווא	Wilson Airport	wikidata_qid	Q1049288	"{""kima_id"": """", ""lat"": """", ""lon"": """"}"	candidate		bio	
person_entry:P-2-facs_54_r_15	person	טריאָ רימס-ראַמס-ראָמס.		entry_person_id	P-2-facs_54_r_15		unmatched		bio	"{""entry_type"": ""group"", ""volume"": ""2"", ""span"": ""892-892"", ""credit"": ""מ. ע. פֿוּן סעם לוּדוויג.""}"
person:3091	person	נאָסען טרייסטמאַן (נאכעמיע)	Nosen Treystman	people_db	3091	entry_person_id:P-2-facs_55_tr_1744131451	matched		bio	"{""entry_type"": ""performer"", ""volume"": ""2"", ""span"": ""893-893"", ""birth_date"": ""1896""}"
person:3085	person	אַרטוּר טרייסי	Arthur Tracy	people_db	3085	entry_person_id:P-2-facs_55_r_2	matched		bio	"{""entry_type"": ""performer"", ""volume"": ""2"", ""span"": ""894-894"", ""birth_date"": ""1900-06-22""}"
person:3092	person	איליאַ טרילינג (סימאָן)	Ilya Trilling	people_db	3092	entry_person_id:P-2-facs_56_tr_1744131372	matched		bio	"{""entry_type"": ""musician"", ""volume"": ""2"", ""span"": ""895-895"", ""birth_date"": ""1895-05-02"", ""credit"": ""ש. ע.""}"
place:Q702259	place	עלבּערפעלד בּיים רהיין	Elberfeld	wikidata_qid	Q702259	"{""kima_id"": ""18850"", ""lat"": """", ""lon"": """"}"	matched		bio	
person:1440	person	מנחם טשאַפּניק	Menachem Chapnik	people_db	1440	entry_person_id:P-2-facs_57_tr_1744131461	matched		bio	"{""entry_type"": ""writer"", ""volume"": ""2"", ""span"": ""897-897"", ""birth_date"": ""1910-08-14"", ""credit"": ""ש. ע. פֿוּן זלמן רייזען.""}"
place:Q336204	place	גראַיעוואַ	Grajewo	wikidata_qid	Q336204	"{""kima_id"": ""883"", ""lat"": """", ""lon"": """"}"	matched		bio	
person:1456	person	ג. טשאָרני	G. Chorny	people_db	1456	entry_person_id:P-2-facs_57_tr_1744131457	matched		bio	"{""entry_type"": ""writer"", ""volume"": ""2"", ""span"": ""897-897"", ""birth_date"": ""1875"", ""death_date"": ""1910/1911""}"
place:Q922668	place	מיר	Mir	wikidata_qid	Q922668	"{""kima_id"": ""12124"", ""lat"": ""53.454722"", ""lon"": ""26.466667""}"	matched		bio	
person:1450	person	דאָראַ טשיזשיק	Dora Chizhik	people_db	1450	entry_person_id:P-2-facs_57_r_6	matched		bio	"{""entry_type"": ""performer"", ""volume"": ""2"", ""span"": ""898-898"", ""birth_date"": ""1869~"", ""credit"": ""ש. ע.""}"
person:1454	person	יוסף טשיזשיק	Yosef Chizhik	people_db	1454	entry_person_id:P-2-facs_57_tr_1744131463	matched		bio	"{""entry_type"": ""performer"", ""volume"": ""2"", ""span"": ""898-898"", ""birth_date"": ""1865"", ""credit"": ""מ. ע.""}"
person:1451	person	לאה טשיזשיק	Leah Chizhik	people_db	1451	entry_person_id:P-2-facs_58_tr_1744131437	matched		bio	"{""entry_type"": ""performer"", ""volume"": ""2"", ""span"": ""899-899"", ""birth_date"": ""1857~"", ""credit"": ""ש. ע. פֿוּן יוסף טשיזשיק.""}"
person:1452	person	מאַניאַ טשיזשיק (פירשטענפעלד)	Manya Chizhik	people_db	1452	entry_person_id:P-2-facs_58_tr_1744131430	matched		bio	"{""entry_type"": ""performer"", ""volume"": ""2"", ""span"": ""899-899"", ""birth_date"": ""1883"", ""credit"": ""מ. ע. פֿוּן עמנוּאל טשיזשיק.""}"
person:1453	person	משה טשיזשיק	Moshe Chizhik	people_db	1453	entry_person_id:P-2-facs_58_r_7	matched		bio	"{""entry_type"": ""musician"", ""volume"": ""2"", ""span"": ""899-899"", ""credit"": ""מ. ע. פֿוּן יוסף און עמנוּאל טשיזשיק.""}"
person:1455	person	עמנוּאל טשיזשיק	Emanuel Chizik	people_db	1455	entry_person_id:P-2-facs_58_tr_1744131436	matched		bio	"{""entry_type"": ""performer"", ""volume"": ""2"", ""span"": ""900-900"", ""birth_date"": ""1867-12-26"", ""credit"": ""מ. ע.""}"
person:3058	person	הערי טשייקאָווקסי (הערשל חייקאָווסקי)	Harry Tchaikovsky	people_db	3058	entry_person_id:P-2-facs_59_tr_1744131417	matched		bio	"{""entry_type"": ""performer"", ""volume"": ""2"", ""span"": ""901-901"", ""birth_date"": ""1889-12-08"", ""credit"": ""מ. ע.""}"
place:Q1999838	place	קאַמינקע	Kamianets	wikidata_qid	Q1999838	"{""kima_id"": """", ""lat"": """", ""lon"": """"}"	candidate		bio	
person:1449	person	דוד טשעטשיק	David Chetshik	people_db	1449	entry_person_id:P-2-facs_59_tr_1744131425	matched		bio	"{""entry_type"": ""performer"", ""volume"": ""2"", ""span"": ""902-902"", ""birth_date"": ""1893-12-25"", ""credit"": ""ש. ע.""}"
person:1443	person	בּרוּך טשעמערינסקי	Baruch Chemerinski	people_db	1443	entry_person_id:P-2-facs_59_tr_1744131426	matched		bio	"{""entry_type"": ""performer"", ""volume"": ""2"", ""span"": ""902-902"", ""birth_date"": ""1889-12-28"", ""credit"": ""מ. ע.""}"
place:Q986075	place	ניי-שטאָט פֿון מוראפא	Nové Město na Moravě	wikidata_qid	Q986075	"{""kima_id"": ""70349"", ""lat"": """", ""lon"": """"}"	candidate		bio	
person:2504	person	חיים-אליעזר-משה טשעמערינסקי (ר. מרדכילע)	Mordkhile	people_db	2504	entry_person_id:P-2-facs_60_r_2	matched		bio	"{""entry_type"": ""other"", ""volume"": ""2"", ""span"": ""903-903""}"
person:1444	person	טשעפּלין	Cheplin	people_db	1444	entry_person_id:P-2-facs_60_r_4	matched		bio	"{""entry_type"": ""performer"", ""volume"": ""2"", ""span"": ""903-903"", ""credit"": ""מ. ע. פֿון פערדינאַנד שטויב.""}"
person:1445	person	דזשעק טשעריש (יצחק-יעקב חרש)	Jack Cherish	people_db	1445	entry_person_id:P-2-facs_60_tr_1744131433	matched		bio	"{""entry_type"": ""administrator"", ""volume"": ""2"", ""span"": ""904-904"", ""birth_date"": ""1886-04-03"", ""credit"": ""ש. ע.""}"
place:Q2439578	place	זגוריצאַ	Zgurița	wikidata_qid	Q2439578	"{""kima_id"": ""20224"", ""lat"": """", ""lon"": """"}"	candidate		bio	
person:1446	person	עני טשערניאַק (פיינמאַן)	Annie Cherniak	people_db	1446	entry_person_id:P-2-facs_61_tr_1744131352	matched		bio	"{""entry_type"": ""performer"", ""volume"": ""2"", ""span"": ""906-907"", ""birth_date"": ""1896-07-15"", ""credit"": ""ש. ע.""}"
person:3285	person	אברהם-יצחק יאבלאנסקי (יאַבּלאָנקאָ)	Avraham-Yitzhak Yablonski	people_db	3285	entry_person_id:P-2-facs_62_tr_1744131370	matched		bio	"{""entry_type"": ""performer"", ""volume"": ""2"", ""span"": ""908-908"", ""birth_date"": ""1888"", ""credit"": ""ש. ע.""}"
person:3284	person	חיים יאַבּלאָקאָוו (יאַבּלאָניק)	Chaim Yablokoff	people_db	3284	entry_person_id:P-2-facs_62_tr_1744131375	matched		bio	"{""entry_type"": ""performer"", ""volume"": ""2"", ""span"": ""908-908"", ""birth_date"": ""1902-08-11"", ""credit"": ""ש. ע.""}"
person:3287	person	זאַכאַר יאַגאָדאַ	Zakhar Yagoda	people_db	3287	entry_person_id:P-2-facs_62_tr_1744131377	matched		bio	"{""entry_type"": ""performer"", ""volume"": ""2"", ""span"": ""908-908"", ""birth_date"": ""1898-09-10"", ""credit"": ""ש. ע.""}"
person:2058	person	לוּאי יאָזעפזאָהן	Louie Josephson	people_db	2058	entry_person_id:P-2-facs_63_tr_1744131371	matched		bio	"{""entry_type"": ""performer"", ""volume"": ""2"", ""span"": ""910-910"", ""birth_date"": ""1879-02-14"", ""credit"": ""מ. ע.""}"
person_entry:P-2-facs_64_r_6	person	יאָזעפזאָן, רייטשל		entry_person_id	P-2-facs_64_r_6		unmatched		bio	"{""entry_type"": ""performer"", ""volume"": ""2"", ""span"": ""911-911""}"
person:3314	person	מאַלווינאַ יאׇלעם-גימפעל	Malvina Yoles-Gimpel	people_db	3314	entry_person_id:P-2-facs_64_tr_1744131363	matched		bio	"{""entry_type"": ""performer"", ""volume"": ""2"", ""span"": ""911-911"", ""birth_date"": ""1900-06-03"", ""credit"": ""ש. ע. און מ. ע. פֿון יואָל שפּיגעל.""}"
person:3300	person	דוד יאַנאָווער	David Yanover	people_db	3300	entry_person_id:P-2-facs_65_tr_1744131350	matched		bio	"{""entry_type"": ""performer"", ""volume"": ""2"", ""span"": ""913-913"", ""birth_date"": ""1893-02-18"", ""credit"": ""ש. ע.""}"
place:Q2980432	place	קאָרנין	Kornyn	wikidata_qid	Q2980432	"{""kima_id"": """", ""lat"": """", ""lon"": """"}"	matched		bio	
person:3316	person	דזשייקאָבּ יאָנגמאַן (יעקב יוּנקמאַן)	Jacob Yongman	people_db	3316	entry_person_id:P-2-facs_69_tr_1744131401	matched		bio	"{""entry_type"": ""administrator"", ""volume"": ""2"", ""span"": ""921-921"", ""birth_date"": ""1887-12-17"", ""credit"": ""ש. ע.""}"
place:Q745661	place	קרייצבורג	Krustpils	wikidata_qid	Q745661	"{""kima_id"": """", ""lat"": """", ""lon"": """"}"	candidate		bio	
person:3468	person	בּ. יאַנפּאָלסקי		people_db	3468	entry_person_id:P-2-facs_69_tr_1744131410	matched		bio	"{""entry_type"": ""performer"", ""volume"": ""2"", ""span"": ""922-922"", ""birth_date"": ""1900"", ""credit"": ""ש. ע.""}"
place:Q847739	place	גלוכאָוו	Central African CFA franc	wikidata_qid	Q847739	"{""kima_id"": """", ""lat"": """", ""lon"": """"}"	candidate		bio	
person:3298	person	יאַשאַ יאַנקאָ (מעיטעס)	Yasha Yanka	people_db	3298	entry_person_id:P-2-facs_70_tr_1744131377	matched		bio	"{""entry_type"": ""performer"", ""volume"": ""2"", ""span"": ""923-923"", ""birth_date"": ""1894"", ""credit"": ""מ. ע. פֿון נאַדיאַ דראַנאָוו.""}"
person:3318	person	חיים יאָסיליס	Chaim Yosilis	people_db	3318	entry_person_id:P-2-facs_70_tr_1744131390	matched		bio	"{""entry_type"": ""writer"", ""volume"": ""2"", ""span"": ""923-923""}"
place:Q762209	place	סאָקילען	Sokil	wikidata_qid	Q762209	"{""kima_id"": """", ""lat"": """", ""lon"": """"}"	matched		bio	
place:Q2112462	place	אָרעיעוו	Orekhov	wikidata_qid	Q2112462	"{""kima_id"": """", ""lat"": """", ""lon"": """"}"	matched		bio	
person:3289	person	מאָזעס יאַקאָבּ (משה-יעקב)	Mozes Yakob	people_db	3289	entry_person_id:P-2-facs_71_tr_1744131401	matched		bio	"{""entry_type"": ""administrator"", ""volume"": ""2"", ""span"": ""925-925"", ""birth_date"": ""1857~"", ""death_date"": ""1932-02"", ""credit"": ""ש. ע. פֿון לעאָן הערבסט.""}"
person:3290	person	יאקב	Yakov ben Yekhezkel from Posnan	people_db	3290	entry_person_id:P-2-facs_71_tr_1744131407	matched		bio	"{""entry_type"": ""writer"", ""volume"": ""2"", ""span"": ""926-926""}"
place:Q268	place	פויזן	Poznań	wikidata_qid	Q268	"{""kima_id"": ""84"", ""lat"": ""52.408333"", ""lon"": ""16.933611""}"	matched		bio	
person:3291	person	א. יאַקובּאָוויטש	A.L. Yakubovitsh	people_db	3291	entry_person_id:P-2-facs_72_tr_1744131382	matched		bio	"{""entry_type"": ""writer"", ""volume"": ""2"", ""span"": ""927-927"", ""birth_date"": ""1880"", ""credit"": ""מ. ע.""}"
place:Q1920614	place	סניאדאָווא	Śniadowo	wikidata_qid	Q1920614	"{""kima_id"": ""80306"", ""lat"": """", ""lon"": """"}"	matched		bio	
person:2048	person	אַננאַ יאַקובאָוויטש (חנה מייעראָוויטש)	Anna Jacobowitz	people_db	2048	entry_person_id:P-2-facs_72_tr_1744131376	matched		bio	"{""entry_type"": ""performer"", ""volume"": ""2"", ""span"": ""928-928"", ""credit"": ""מ. ע.""}"
person:3293	person	לאָלאַ יאַקובּאָוויטש (סאלפיש)	Lola Yakubovitsh	people_db	3293	entry_person_id:P-2-facs_73_tr_1744131433	matched		bio	"{""entry_type"": ""performer"", ""volume"": ""2"", ""span"": ""929-929"", ""birth_date"": ""1906-05"", ""credit"": ""מ. ע.""}"
person:3294	person	ליאָשאַ יאַקובּאָוויטש	Lyosha Yakubovitsh	people_db	3294	entry_person_id:P-2-facs_73_tr_1744131432	matched		bio	"{""entry_type"": ""performer"", ""volume"": ""2"", ""span"": ""929-929"", ""credit"": ""ש. ע. פֿון שבתי איצקאָוויטש.""}"
place:Q193352	place	ברזשעזין	field hockey at the 2012 Summer Olympics	wikidata_qid	Q193352	"{""kima_id"": """", ""lat"": """", ""lon"": """"}"	candidate		bio	
person_entry:P-2-facs_73_r	person	יאַקוּבּאָוויטש, לייזער		entry_person_id	P-2-facs_73_r		unmatched		bio	"{""entry_type"": ""performer"", ""volume"": ""2"", ""span"": ""930-930"", ""credit"": ""מ. ע. פֿון מ. ד. וואַקסמאַן, יעקב קאַצמאַן און באָריס טאָמאַשעווסקי.""}"
person:3296	person	יאַקוּבּזאָן	[?] Yakubzon	people_db	3296	entry_person_id:P-2-facs_73_tr_1744131429	matched		bio	"{""entry_type"": ""administrator"", ""volume"": ""2"", ""span"": ""930-930""}"
person:3304	person	זלאַטע יאַראָסלאַווסקאַ	Zlata Yaroslavska	people_db	3304	entry_person_id:P-2-facs_73_tr_1744131424	matched		bio	"{""entry_type"": ""performer"", ""volume"": ""2"", ""span"": ""930-930"", ""credit"": ""ש. ע.""}"
person_entry:P-2-facs_74_r_3	person	יאַריכאָווסקי, אַליהו-זלמן		entry_person_id	P-2-facs_74_r_3		unmatched		bio	"{""entry_type"": ""composer"", ""volume"": ""2"", ""span"": ""931-931"", ""birth_date"": ""18"", ""credit"": ""י. איז געשטאָרבן אין פֿילאַדעלפיע.""}"
person:3307	person	יהואש (שלמה בּלומגאַרטען)	Yehoash	people_db	3307	entry_person_id:P-2-facs_74_tr_1744131378	matched		bio	"{""entry_type"": ""writer"", ""volume"": ""2"", ""span"": ""931-932"", ""birth_date"": ""1871-04"", ""death_date"": ""1927-01-10"", ""credit"": ""ש. ע. פֿון יעקב מעסטעל.""}"
place:Q1024673	place	וויערזשבאָלאָוו (איצט ווירבאַלין)	Virbalis	wikidata_qid	Q1024673	"{""kima_id"": ""947"", ""lat"": """", ""lon"": """"}"	candidate		bio	
person:3308	person	יהודית	Yehudis	people_db	3308	entry_person_id:P-2-facs_75_tr_1744131424	matched		bio	"{""entry_type"": ""writer"", ""volume"": ""2"", ""span"": ""933-933"", ""birth_date"": ""1869"", ""credit"": ""ז. רייזען - „לעקס. ייד. ליט.\"", I, ז. 1254.""}"
person:3322	person	שלמה יוּדסאָן	Shlomo Yudson	people_db	3322	entry_person_id:P-2-facs_75_tr_1744131430	matched		bio	"{""entry_type"": ""writer"", ""volume"": ""2"", ""span"": ""933-933"", ""birth_date"": ""1878-03-28""}"
place:Q2335805	place	דערעטשין	Dzyarechyn	wikidata_qid	Q2335805	"{""kima_id"": ""83703"", ""lat"": """", ""lon"": """"}"	candidate		bio	
person:2062	person	מאַרק יוּווילער	Mark Juwiler	people_db	2062	entry_person_id:P-2-facs_75_tr_1744131432	matched		bio	"{""entry_type"": ""administrator"", ""volume"": ""2"", ""span"": ""934-934"", ""birth_date"": ""1904-12-07"", ""credit"": ""מ. ע.""}"
person:3323	person	יהוּדה יוּלין (עטמאַן)	Yehuda Yulin	people_db	3323	entry_person_id:P-2-facs_75_tr_1744131431	matched		bio	"{""entry_type"": ""performer"", ""volume"": ""2"", ""span"": ""934-934"", ""birth_date"": ""1888"", ""credit"": ""ש. ע.""}"
person_entry:P-2-facs_76_r	person	"""יונג-אַרגענטינע""."		entry_person_id	P-2-facs_76_r		unmatched		bio	"{""entry_type"": ""group"", ""volume"": ""2"", ""span"": ""935-936"", ""birth_date"": ""1926"", ""credit"": ""ש. ע. פֿון ש. זאָלאָטניצקי.""}"
person:3325	person	לעאׇפאׇלד יונגווירט (פרץ)	Leopold Yungvirt	people_db	3325	entry_person_id:P-2-facs_77_tr_1744131367	matched		bio	"{""entry_type"": ""performer"", ""volume"": ""2"", ""span"": ""937-937"", ""birth_date"": ""1891-04-15"", ""credit"": ""ש.ע.""}"
person:3324	person	ערנעסינע יונגווירט (קערנער)	Ernestine Yungvirt	people_db	3324	entry_person_id:P-2-facs_77_tr_1744131366	matched		bio	"{""entry_type"": ""performer"", ""volume"": ""2"", ""span"": ""937-937"", ""birth_date"": ""1891-04-03"", ""credit"": ""ש. ע. פֿון לעאָן הערבסט.""}"
person:3326	person	סעמיאָן יוּשקעוויטש	Semyon Yushkevich	people_db	3326	entry_person_id:P-2-facs_77_tr_1744131362	matched		bio	"{""entry_type"": ""writer"", ""volume"": ""2"", ""span"": ""937-940"", ""birth_date"": ""1868"", ""death_date"": ""1927-02-12"", ""credit"": ""ש. ע. פֿון נ. פראַנק.""}"
place:UPL-0072	place	בית-עולם באָניע					unmatched	attestation:unlinked	bio	
person_entry:P-2-facs_79_r_1	person	"„פאַריין יידישע בינע""."		entry_person_id	P-2-facs_79_r_1		unmatched		bio	"{""entry_type"": ""group"", ""volume"": ""2"", ""span"": ""941-941"", ""birth_date"": ""1927"", ""credit"": ""ש. ע. פֿון ש. פאָדעמסקי.""}"
person_entry:P-2-facs_79_r_5	person	"""יידישע דראַמאַטישע שול"""		entry_person_id	P-2-facs_79_r_5		unmatched		bio	"{""entry_type"": ""group"", ""volume"": ""2"", ""span"": ""942-942"", ""birth_date"": ""1922"", ""death_date"": ""1924""}"
person_entry:P-2-facs_79_tr_1744131391	person	יידיש טעאַטער אין ארץ-ישראל.		entry_person_id	P-2-facs_79_tr_1744131391		unmatched		bio	"{""entry_type"": ""performer"", ""volume"": ""2"", ""span"": ""942-944"", ""credit"": ""ש. ע. פֿון ל. חיין""}"
person_entry:P-2-facs_81_tr_1744131370	person	"""יידישע טעאַטער-סטודיע""."		entry_person_id	P-2-facs_81_tr_1744131370		unmatched		bio	"{""entry_type"": ""theatre"", ""volume"": ""2"", ""span"": ""945-945"", ""birth_date"": ""1929""}"
person_entry:P-2-facs_81_r_2	person	יידישע מלוכה-טעאַטערס.		entry_person_id	P-2-facs_81_r_2		unmatched		bio	"{""entry_type"": ""theatre"", ""volume"": ""2"", ""span"": ""946-946"", ""death_date"": ""1920""}"
person_entry:P-2-facs_81_tr_1744131360	person	אוקראַאינער יידישער מלוכה-טעאַטער.		entry_person_id	P-2-facs_81_tr_1744131360		unmatched		bio	"{""entry_type"": ""theatre"", ""volume"": ""2"", ""span"": ""946-946""}"
person_entry:P-2-facs_81_tr_1744131358	person	ווייסרוסישער יידישער מלוכה-טעאַטער.		entry_person_id	P-2-facs_81_tr_1744131358		unmatched		bio	"{""entry_type"": ""other"", ""volume"": ""2"", ""span"": ""946-946""}"
person_entry:P-2-facs_81_tr_1744131362	person	ווילנער יידישע מלוכה-טעאַטער.		entry_person_id	P-2-facs_81_tr_1744131362		unmatched		bio	"{""entry_type"": ""group"", ""volume"": ""2"", ""span"": ""946-946"", ""birth_date"": ""1918"", ""death_date"": ""1919-04-19""}"
person_entry:P-2-facs_82_tr_1744131388	person	"כאַרקאָווער ""קוּנסט-ווינקל""."		entry_person_id	P-2-facs_82_tr_1744131388		unmatched		bio	"{""entry_type"": ""group"", ""volume"": ""2"", ""span"": ""947-947"", ""birth_date"": ""1919""}"
person_entry:P-2-facs_82_tr_1744131382	person	מאָסקווער יידישער מלוכה-טעאַטער. (גאָסעקט, גאָסט מימט)		entry_person_id	P-2-facs_82_tr_1744131382		unmatched		bio	"{""entry_type"": ""theatre"", ""volume"": ""2"", ""span"": ""947-947""}"
person_entry:P-2-facs_82_r	person	פראָנט-טעאַטער.		entry_person_id	P-2-facs_82_r		unmatched		bio	"{""entry_type"": ""group"", ""volume"": ""2"", ""span"": ""948-948"", ""birth_date"": ""1919""}"
person_entry:P-2-facs_82_r_2	person	קיעווער יידישער מלוכה-טעאַטער.		entry_person_id	P-2-facs_82_r_2		unmatched		bio	"{""entry_type"": ""theatre"", ""volume"": ""2"", ""span"": ""948-948"", ""birth_date"": ""1919""}"
person_entry:P-2-facs_82_tr_1744131389	person	ריגער יידישער מלוכה-טעאַטער (ריגער יידישער מעוטים-טעאַטער)		entry_person_id	P-2-facs_82_tr_1744131389		unmatched		bio	"{""entry_type"": ""other"", ""volume"": ""2"", ""span"": ""948-948""}"
place:Q1004332	place	יעוויע	Vievis	wikidata_qid	Q1004332	"{""kima_id"": """", ""lat"": """", ""lon"": """"}"	candidate		bio	
person:3306	person	ראָזעטאַ יעגער (פּאגעט)	Rosetta Yeger	people_db	3306	entry_person_id:P-2-facs_83_r_1	matched		bio	"{""entry_type"": ""performer"", ""volume"": ""2"", ""span"": ""949-949"", ""birth_date"": ""1896-03-28"", ""credit"": ""ש. ע. דורך שרה קינדמאַן.""}"
person:3305	person	הערש יעדוואַבּ	Hersh Yedvab	people_db	3305	entry_person_id:P-2-facs_83_tr_1744131381	matched		bio	"{""entry_type"": ""performer"", ""volume"": ""2"", ""span"": ""950-951"", ""birth_date"": ""1870"", ""death_date"": ""1931-10-31""}"
person:3309	person	ראָזאַ יערמאלינאַ	Rosa Yermolina-Veysman	people_db	3309	entry_person_id:P-2-facs_84_tr_1744131380	matched		bio	"{""entry_type"": ""performer"", ""volume"": ""2"", ""span"": ""952-952"", ""birth_date"": ""1850"", ""death_date"": ""1920-10-10""}"
person:2043	person	לינקע יתום (ליבּע)	Linke Itum	people_db	2043	entry_person_id:P-2-facs_84_r_1	matched		bio	"{""entry_type"": ""performer"", ""volume"": ""2"", ""span"": ""952-952"", ""birth_date"": ""18"", ""credit"": ""מ. ע פֿון יוליוס גוטמאַן.""}"
person:2114	person	ליזאַ כאַווינאַ (לאהקע חאַווין-מידע)	Lisa Khavina	people_db	2114	entry_person_id:P-2-facs_85_tr_1744131373	matched		bio	"{""entry_type"": ""performer"", ""volume"": ""2"", ""span"": ""953-953"", ""birth_date"": ""1894-03-16"", ""credit"": ""ש.ע.""}"
person:2115	person	טויביע כאַזאַק	Tevye Khazak	people_db	2115	entry_person_id:P-2-facs_85_tr_1744131379	matched		bio	"{""entry_type"": ""performer"", ""volume"": ""2"", ""span"": ""953-953"", ""birth_date"": ""1887-11-07""}"
person:1441	person	לעאָן כאַראַז	Leon Charaz	people_db	1441	entry_person_id:P-2-facs_85_tr_1744131380	matched		bio	"{""entry_type"": ""performer"", ""volume"": ""2"", ""span"": ""954-954"", ""birth_date"": ""1886-07-31"", ""credit"": ""מ. ע.""}"
place:Q250591	place	קלעוואן	Klevan	wikidata_qid	Q250591	"{""kima_id"": """", ""lat"": """", ""lon"": """"}"	candidate		bio	
person:2094	person	איזאַק כּץ	Isaac Katz	people_db	2094	entry_person_id:P-2-facs_86_tr_1744131445	matched		bio	"{""entry_type"": ""writer"", ""volume"": ""2"", ""span"": ""955-955"", ""credit"": ""מ. ע. פֿון קלמן יאָווילער.""}"
person:2135	person	כריסטעסקאָ פראָפיראַ קאָנסטאַטינאָוואַ (קריסטערמאַן)	Khristesko Profira Konstantinova	people_db	2135	entry_person_id:P-2-facs_86_tr_1744131447	matched		bio	"{""entry_type"": ""performer"", ""volume"": ""2"", ""span"": ""956-956"", ""birth_date"": ""1880"", ""death_date"": ""1931-04-05"", ""credit"": ""ש. ע. פֿון פעדערעסקאָ אין ש. ע. פֿון מאַרק לייפציקער.""}"
place:Q991973	place	כמעלניק	Chmielnik	wikidata_qid	Q991973	"{""kima_id"": ""722"", ""lat"": ""50.611667"", ""lon"": ""20.749722""}"	matched		bio	
place:Q18125	place	מאנטשעסטער	Manchester	wikidata_qid	Q18125	"{""kima_id"": ""245"", ""lat"": ""53.466667"", ""lon"": ""-2.233333""}"	candidate		bio	
person:2213	person	פּעפּי לאַוויץ (פּלפּוּל)	Pepi Lavitz	people_db	2213	entry_person_id:P-2-facs_88_tr_1744131405	matched		bio	"{""entry_type"": ""performer"", ""volume"": ""2"", ""span"": ""960-960"", ""birth_date"": ""1880-03-29"", ""credit"": ""מ. ע.""}"
person:2216	person	חנה לאַזאַר-אינגאַרד (ראַקאָווער)	Chana Lazar-Ingard	people_db	2216	entry_person_id:P-2-facs_89_tr_1744131429	matched		bio	"{""entry_type"": ""performer"", ""volume"": ""2"", ""span"": ""962-962"", ""credit"": ""ש. ע. פֿון יאָנאַס טורקאָוו.""}"
person:2217	person	עליאַס לאַזאַראָוו (אליעזר שאַפיר)	Elias Lazarov	people_db	2217	entry_person_id:P-2-facs_89_tr_1744131435	matched		bio	"{""entry_type"": ""performer"", ""volume"": ""2"", ""span"": ""962-962"", ""birth_date"": ""1896-12-10"", ""credit"": ""ש. ע.""}"
person:2218	person	פייגע לאַזאַראָוו (קריניצאַיאַ)	Feige Lazarov	people_db	2218	entry_person_id:P-2-facs_89_tr_1744131436	matched		bio	"{""entry_type"": ""performer"", ""volume"": ""2"", ""span"": ""962-962"", ""credit"": ""ש. ע. פֿון עליאָס לאַזאַראָוו.""}"
place:Q946994	place	ברוסילעוו	Brusyliv	wikidata_qid	Q946994	"{""kima_id"": ""79683"", ""lat"": """", ""lon"": """"}"	matched		bio	
person:2210	person	בּערטאַ לאַטאָוויטש (בּיילע גוּרעוויטש)	Berta Latovitsh	people_db	2210	entry_person_id:P-2-facs_90_tr_1744131429	matched		bio	"{""entry_type"": ""performer"", ""volume"": ""2"", ""span"": ""963-963"", ""birth_date"": ""1890"", ""credit"": ""ש. ע.""}"
person:2211	person	יצחק לאַטאָוויטש	Itzhak Latovitsh	people_db	2211	entry_person_id:P-2-facs_90_tr_1744131434	matched		bio	"{""entry_type"": ""performer"", ""volume"": ""2"", ""span"": ""963-963"", ""birth_date"": ""1889"", ""credit"": ""ש. ע.""}"
place:Q741876	place	פּיסעצנע	Piaseczno	wikidata_qid	Q741876	"{""kima_id"": ""17110"", ""lat"": """", ""lon"": """"}"	matched		bio	
person:2179	person	הענרי לאַכטינער	Henry Lachtiger	people_db	2179	entry_person_id:P-2-facs_104_r	matched		bio	"{""entry_type"": ""performer"", ""volume"": ""2"", ""span"": ""993-993"", ""birth_date"": ""1888-01-18"", ""credit"": ""מ. און ש. ע.""}"
place:Q213086	place	שיידלאָוויעץ	Jaro	wikidata_qid	Q213086	"{""kima_id"": ""724"", ""lat"": """", ""lon"": """"}"	candidate		bio	
person:2198	person	ה. לאַנג	Harry Lang	people_db	2198	entry_person_id:P-2-facs_105_r_6	matched		bio	"{""entry_type"": ""writer"", ""volume"": ""2"", ""span"": ""993-993"", ""birth_date"": ""1888-12-14"", ""credit"": ""ש. ע.""}"
place:Q1004290	place	שקור	Skuodas	wikidata_qid	Q1004290	"{""kima_id"": ""14696"", ""lat"": """", ""lon"": """"}"	matched		bio	
person:2199	person	קלאַראַ לאַנגסנער	Clara Langsner	people_db	2199	entry_person_id:P-2-facs_105_tr_1744279219	matched		bio	"{""entry_type"": ""performer"", ""volume"": ""2"", ""span"": ""994-994"", ""birth_date"": ""1886"", ""credit"": ""ש. ע.""}"
place:UPL-0073	place	סקאָמאַראַק					unmatched	attestation:unlinked	bio	
person:2195	person	יחיאל לאַנדאָ	Yekhiel Lando	people_db	2195	entry_person_id:P-2-facs_106_r_4	matched		bio	"{""entry_type"": ""performer"", ""volume"": ""2"", ""span"": ""995-995"", ""birth_date"": ""1878"", ""credit"": ""ש. ע.""}"
place:Q1922317	place	אזשאראוו	Ożarów	wikidata_qid	Q1922317	"{""kima_id"": ""18359"", ""lat"": """", ""lon"": """"}"	matched		bio	
person:2340	person	בצלאל לאָנדאָן	Betsalel London	people_db	2340	entry_person_id:P-2-facs_106_tr_1744279090	matched		bio	"{""entry_type"": ""performer"", ""volume"": ""2"", ""span"": ""996-996"", ""birth_date"": ""1900"", ""credit"": ""ש. ע.""}"
person:2197	person	הענרי לאַנדוואָרטה (משה-חיים לאַנדווירט)	Henry Morris Landvorth	people_db	2197	entry_person_id:P-2-facs_106_tr_1744279091	matched		bio	"{""entry_type"": ""writer"", ""volume"": ""2"", ""span"": ""996-996"", ""birth_date"": ""1886-04-01""}"
place:Q984857	place	יענדריכעוו	Andrychów	wikidata_qid	Q984857	"{""kima_id"": ""17824"", ""lat"": """", ""lon"": """"}"	candidate		bio	
person:2187	person	זישע לאַנדוי	Zisha Landau	people_db	2187	entry_person_id:P-2-facs_107_r_2	matched		bio	"{""entry_type"": ""writer"", ""volume"": ""2"", ""span"": ""997-997"", ""birth_date"": ""1889""}"
person:2184	person	חיה לאַנדוי	Chaya Landau	people_db	2184	entry_person_id:P-2-facs_107_r_4	matched		bio	"{""entry_type"": ""performer"", ""volume"": ""2"", ""span"": ""997-997"", ""birth_date"": ""1886"", ""credit"": ""ש. ע. פֿון אַדאָלף לעהרער.""}"
place:Q989423	place	בלאשקי	Błaszki	wikidata_qid	Q989423	"{""kima_id"": ""23580"", ""lat"": """", ""lon"": """"}"	matched		bio	
person:2185	person	יהוּדה-לייבּ לאַנדוי	Yehuda Leib Landau	people_db	2185	entry_person_id:P-2-facs_107_tr_1744279110	matched		bio	"{""entry_type"": ""writer"", ""volume"": ""2"", ""span"": ""998-998"", ""birth_date"": ""1866-05-04""}"
place:Q30966549	place	זאָלאָצע	Zaliztsi Hromada	wikidata_qid	Q30966549	"{""kima_id"": """", ""lat"": """", ""lon"": """"}"	candidate		bio	
person:2188	person	משה לאַנדוי-קלעקוי	Moshe Landau-Klekoy	people_db	2188	entry_person_id:P-2-facs_108_tr_1744279182	matched		bio	"{""entry_type"": ""performer"", ""volume"": ""2"", ""span"": ""999-999"", ""birth_date"": ""186"", ""death_date"": ""1914"", ""credit"": ""פֿון זיין ברודער שמואל לאַנדוי.""}"
person:2192	person	דר. לאַנדמאַן	Landman	people_db	2192	entry_person_id:P-2-facs_108_tr_1744279190	matched		bio	"{""entry_type"": ""other"", ""volume"": ""2"", ""span"": ""1000-1000""}"
person:2193	person	הערי לאַנדמאַן	Harry Landman	people_db	2193	entry_person_id:P-2-facs_108_tr_1744279196	matched		bio	"{""entry_type"": ""writer"", ""volume"": ""2"", ""span"": ""1000-1000"", ""birth_date"": ""1889-05-13"", ""credit"": ""מ. ע.""}"
place:Q4170692	place	דונאַיעוו	Dunaiv	wikidata_qid	Q4170692	"{""kima_id"": """", ""lat"": """", ""lon"": """"}"	matched		bio	
person:2196	person	זילע לאַנדסמאַן	Zila Landsman	people_db	2196	entry_person_id:P-2-facs_109_r_2	matched		bio	"{""entry_type"": ""performer"", ""volume"": ""2"", ""span"": ""1001-1001"", ""birth_date"": ""1886-11-18"", ""credit"": ""ש. ע.""}"
place:Q461513	place	בענדין	Będzin	wikidata_qid	Q461513	"{""kima_id"": ""621"", ""lat"": ""50.325000"", ""lon"": ""19.133333""}"	matched		bio	
person:2190	person	לערָנאַרד לאַנדעס	Leonard Landes	people_db	2190	entry_person_id:P-2-facs_109_r_6	matched		bio	"{""entry_type"": ""writer"", ""volume"": ""2"", ""span"": ""1001-1001""}"
person:2200	person	זקן לאַנצמאַן	Zokn Zarakh=Paltiel Lantsman	people_db	2200	entry_person_id:P-2-facs_109_tr_1744279133	matched		bio	"{""entry_type"": ""performer"", ""volume"": ""2"", ""span"": ""1002-1002"", ""birth_date"": ""1866"", ""credit"": ""מ. ע. פֿון פעלאַ לאַנצמאַן.""}"
place:Q4442506	place	סטעצאָוו	Stetseva	wikidata_qid	Q4442506	"{""kima_id"": """", ""lat"": """", ""lon"": """"}"	candidate		bio	
person:2206	person	בּראָניאַ לאַסקאַ	Bronya Laska	people_db	2206	entry_person_id:P-2-facs_110_tr_1744279157	matched		bio	"{""entry_type"": ""performer"", ""volume"": ""2"", ""span"": ""1003-1003"", ""birth_date"": ""1894-08-03"", ""credit"": ""ש. ע. פֿון מאַרק לייפציקער.""}"
person:2208	person	מאַקס לאַסקי	Max Lasky	people_db	2208	entry_person_id:P-2-facs_111_tr_1744279146	matched		bio	"{""entry_type"": ""performer"", ""volume"": ""2"", ""span"": ""1005-1005"", ""birth_date"": ""1895"", ""credit"": ""מ. ע.""}"
person:2201	person	ריווקע לאפיס	Rivka Lapis-Volkenshteyn	people_db	2201	entry_person_id:P-2-facs_111_tr_1744279149	matched		bio	"{""entry_type"": ""performer"", ""volume"": ""2"", ""span"": ""1005-1005"", ""birth_date"": ""1890-09-21"", ""credit"": ""ש. ע. פֿון מאַרק לייפציקער.""}"
person:2215	person	אברהם לאַקס	Abraham Lax	people_db	2215	entry_person_id:P-2-facs_111_tr_1744279150	matched		bio	"{""entry_type"": ""performer"", ""volume"": ""2"", ""span"": ""1006-1006"", ""birth_date"": ""1899-08-16"", ""credit"": ""ש. ע.""}"
person:2182	person	יצחק לאַקס	Itzhak Laks	people_db	2182	entry_person_id:P-2-facs_111_tr_1744279142	matched		bio	"{""entry_type"": ""writer"", ""volume"": ""2"", ""span"": ""1006-1006"", ""birth_date"": ""1888-10-02"", ""death_date"": ""1930-09-06"", ""credit"": ""ש. ע.""}"
place:Q4262670	place	ליפנאַ	Lipna	wikidata_qid	Q4262670	"{""kima_id"": """", ""lat"": """", ""lon"": """"}"	candidate		bio	
person:958	person	סאַבּינאַ לאַקסער (שרה)	Sabina Lakser	people_db	958	entry_person_id:P-2-facs_112_tr_1744279073	matched		bio	"{""entry_type"": ""performer"", ""volume"": ""2"", ""span"": ""1007-1007"", ""birth_date"": ""1871"", ""death_date"": ""1927-04-18"", ""credit"": ""מ. ע. פֿון יאָזעף רומשינסקי.""}"
place:Q173591	place	אַראָד	Arad	wikidata_qid	Q173591	"{""kima_id"": ""8353"", ""lat"": """", ""lon"": """"}"	matched		bio	
person:2344	person	צלבה לובאַרטאׇווסקאַ	Tsilba Lubartovska	people_db	2344	entry_person_id:P-2-facs_113_r_30	matched		bio	"{""entry_type"": ""performer"", ""volume"": ""2"", ""span"": ""1010-1010"", ""birth_date"": ""1887-09-17"", ""credit"": ""מ. ע.""}"
person:2350	person	יעקב לוּבּאָצקי	Jacob Lubotski	people_db	2350	entry_person_id:P-2-facs_114_tr_1744279202	matched		bio	"{""entry_type"": ""performer"", ""volume"": ""2"", ""span"": ""1011-1011"", ""birth_date"": ""1892-12-15"", ""credit"": ""מ. ע.""}"
person:2343	person	רעגינאַ לובּאַרטאָווסקאַ (רבקה)	Regina Lubartovska	people_db	2343	entry_person_id:P-2-facs_114_tr_1744279198	matched		bio	"{""entry_type"": ""performer"", ""volume"": ""2"", ""span"": ""1012-1012"", ""birth_date"": ""1886-06-04"", ""death_date"": ""1932-07-08"", ""credit"": ""ש. ע.""}"
person:2347	person	הערי לוּבּין (הערשל לויגזאַלץ)	Harry Lubin	people_db	2347	entry_person_id:P-2-facs_115_tr_1744279175	matched		bio	"{""entry_type"": ""composer"", ""volume"": ""2"", ""span"": ""1013-1013"", ""birth_date"": ""1904-03-05"", ""credit"": ""מ. ע.""}"
person:2354	person	אייזיק-יאַנקעל לוּבּריצקי	Isaac Jacob Lubritsky	people_db	2354	entry_person_id:P-2-facs_115_tr_1744279181	matched		bio	"{""entry_type"": ""performer"", ""volume"": ""2"", ""span"": ""1014-1014"", ""birth_date"": ""1859~"", ""death_date"": ""1928-12-02"", ""credit"": ""מ. ע. פֿון פעני לובריצקי און לעאָן גאָטליב.""}"
place:Q569804	place	ווישעגראָד	Wyszogród	wikidata_qid	Q569804	"{""kima_id"": ""14818"", ""lat"": """", ""lon"": """"}"	matched		bio	
person:2353	person	גאָלדע לוּבּריצקי	Goldie Lubritsky	people_db	2353	entry_person_id:P-2-facs_115_tr_1744279184	matched		bio	"{""entry_type"": ""performer"", ""volume"": ""2"", ""span"": ""1014-1014"", ""birth_date"": ""1899-12-26"", ""credit"": ""מ. ע. אין מ. ע. פֿון פעני לובריצקי.""}"
person:2351	person	דעיוו לוּבּריצקי (דוד)	Dave Lubritsky	people_db	2351	entry_person_id:P-2-facs_116_tr_1744279129	matched		bio	"{""entry_type"": ""performer"", ""volume"": ""2"", ""span"": ""1015-1015"", ""birth_date"": ""1904-03-21"", ""credit"": ""מ. ע.""}"
person:2352	person	פעני לוּבּריצקי	Fannie Lubritsky	people_db	2352	entry_person_id:P-2-facs_116_tr_1744279128	matched		bio	"{""entry_type"": ""performer"", ""volume"": ""2"", ""span"": ""1016-1016"", ""birth_date"": ""1896-03-07"", ""credit"": ""מ. ע.""}"
person:2356	person	סעם לוּדוויק	Sam Ludvik	people_db	2356	entry_person_id:P-2-facs_116_tr_1744279120	matched		bio	"{""entry_type"": ""performer"", ""volume"": ""2"", ""span"": ""1016-1016"", ""birth_date"": ""1858-12-14"", ""death_date"": ""1933-04"", ""credit"": ""ש. ע.""}"
person:2362	person	בּרוך לוּמעט	Boruch Lumet	people_db	2362	entry_person_id:P-2-facs_118_r_1	matched		bio	"{""entry_type"": ""performer"", ""volume"": ""2"", ""span"": ""1019-1019"", ""birth_date"": ""1898-05-22"", ""credit"": ""ש. ע.""}"
person:2358	person	שלמה לוּפטיג	Shlomo Luftig	people_db	2358	entry_person_id:P-2-facs_118_r_6	matched		bio	"{""entry_type"": ""performer"", ""volume"": ""2"", ""span"": ""1020-1020"", ""birth_date"": ""1880"", ""death_date"": ""19XX"", ""credit"": ""מ. ע. פֿון יוליוס גוטמאַן און יעקב מעסטעל.""}"
place:Q93323	place	קשאנאוו	Chrzanów	wikidata_qid	Q93323	"{""kima_id"": ""165"", ""lat"": """", ""lon"": """"}"	candidate		bio	
place:UPL-0074	place	גאַליציע					unmatched	no_attestation	bio	
person:2361	person	הערש לוּקאָווסקי	Hersh Lukovski	people_db	2361	entry_person_id:P-2-facs_119_tr_1744279142	matched		bio	"{""entry_type"": ""performer"", ""volume"": ""2"", ""span"": ""1021-1021"", ""birth_date"": ""1896-12-22"", ""credit"": ""ש. ע.""}"
place:Q196483	place	סטאַראָדוב	Starodub	wikidata_qid	Q196483	"{""kima_id"": ""22057"", ""lat"": """", ""lon"": """"}"	candidate		bio	
person:2363	person	אַרן לוּריע	Arn Lurie	people_db	2363	entry_person_id:P-2-facs_119_tr_1744279143	matched		bio	"{""entry_type"": ""performer"", ""volume"": ""2"", ""span"": ""1021-1021"", ""birth_date"": ""1882-10-08"", ""credit"": ""ש. ע. פֿון מאַרק לייפציקער.""}"
place:Q1049242	place	אָפּאָליע	DiskImageMounter	wikidata_qid	Q1049242	"{""kima_id"": """", ""lat"": """", ""lon"": """"}"	candidate		bio	
place:Q739491	place	וואלקאוויסק	Vawkavysk	wikidata_qid	Q739491	"{""kima_id"": ""941"", ""lat"": """", ""lon"": """"}"	candidate		bio	
person:2277	person	שמוּאל ליאַמפּערט	Shmuel Liampert	people_db	2277	entry_person_id:P-2-facs_120_tr_1744279168	matched		bio	"{""entry_type"": ""writer"", ""volume"": ""2"", ""span"": ""1024-1024"", ""birth_date"": ""1888-09-14"", ""credit"": ""ש. ע. פֿון זלמן רייזען.""}"
place:Q2020899	place	קאָריטשין	Korycin	wikidata_qid	Q2020899	"{""kima_id"": ""85240"", ""lat"": """", ""lon"": """"}"	matched		bio	
person:2290	person	באַסיע לבגאׇלד	Basha Liebgold	people_db	2290	entry_person_id:P-2-facs_121_tr_1744279182	matched		bio	"{""entry_type"": ""performer"", ""volume"": ""2"", ""span"": ""1025-1025"", ""credit"": ""מ. ע. פֿון יוליוס גוטמאַן, שמאי אוריך אין קארל וויינבערג.""}"
person:2292	person	זלמן ליבגאׇלד	Zalman Liebgold	people_db	2292	entry_person_id:P-2-facs_121_r	matched		bio	"{""entry_type"": ""performer"", ""volume"": ""2"", ""span"": ""1025-1025"", ""birth_date"": ""1873"", ""credit"": ""באדערס קאַלענדאר.""}"
person:2293	person	זעליג ליבגאָלד	Zelig Liebgold	people_db	2293	entry_person_id:P-2-facs_121_tr_1744279183	matched		bio	"{""entry_type"": ""performer"", ""volume"": ""2"", ""span"": ""1025-1025"", ""birth_date"": ""1879"", ""death_date"": ""1908"", ""credit"": ""מ. ע. פֿון מ. ב. סאַמאילאָוו, שמאי אוריך אין קאָרל וויינבערג.""}"
place:Q156818	place	סניאטין	Sniatyn	wikidata_qid	Q156818	"{""kima_id"": ""1738"", ""lat"": """", ""lon"": """"}"	candidate		bio	
place:Q942985	place	הארקי	Harki	wikidata_qid	Q942985	"{""kima_id"": """", ""lat"": """", ""lon"": """"}"	candidate		bio	
person:2294	person	מאָריץ ליבּליך (יצחק-משה)	Moritz Lieblich	people_db	2294	entry_person_id:P-2-facs_127_tr_1744279075	matched		bio	"{""entry_type"": ""administrator"", ""volume"": ""2"", ""span"": ""1038-1038"", ""birth_date"": ""18"", ""death_date"": ""1913-10-15"", ""credit"": ""מ. ע. פֿון איציקל גאָלדענבערג.""}"
person:2284	person	פּאוּל ליבּמאַן (איצקאָווסקי)	Paul Libman	people_db	2284	entry_person_id:P-2-facs_128_tr_1744279151	matched		bio	"{""entry_type"": ""performer"", ""volume"": ""2"", ""span"": ""1039-1039"", ""credit"": ""מ. ע.""}"
person:2278	person	בּנציון ליבּער	Bentsion Liber	people_db	2278	entry_person_id:P-2-facs_128_tr_1744279152	matched		bio	"{""entry_type"": ""writer"", ""volume"": ""2"", ""span"": ""1039-1039"", ""birth_date"": ""1875-11-06""}"
person:2282	person	יאַנקעוו ליבּערט	Yankev Libert	people_db	2282	entry_person_id:P-2-facs_128_tr_1744279149	matched		bio	"{""entry_type"": ""performer"", ""volume"": ""2"", ""span"": ""1040-1040"", ""birth_date"": ""1874"", ""credit"": ""ש. ע.""}"
person:2280	person	מענוּכאַ ליבּערט	Menukha Libert	people_db	2280	entry_person_id:P-2-facs_129_tr_1744279177	matched		bio	"{""entry_type"": ""performer"", ""volume"": ""2"", ""span"": ""1041-1041"", ""birth_date"": ""1892"", ""credit"": ""ש. ע.""}"
person:2289	person	אברהם ליבערמעאַן	Abraham Lieberman	people_db	2289	entry_person_id:P-2-facs_129_r_4	matched		bio	"{""entry_type"": ""performer"", ""volume"": ""2"", ""span"": ""1041-1041"", ""birth_date"": ""1895-01-28"", ""credit"": ""מ. ע.""}"
person:2279	person	משה ליבערמאַן	Moshe Liberman	people_db	2279	entry_person_id:P-2-facs_129_tr_1744279180	matched		bio	"{""entry_type"": ""other"", ""volume"": ""2"", ""span"": ""1041-1041"", ""credit"": ""ש. ע.""}"
place:Q390162	place	הוש	Huși	wikidata_qid	Q390162	"{""kima_id"": """", ""lat"": """", ""lon"": """"}"	matched		bio	
person_entry:P-2-facs_131_tr_1744279096	person	"""לידאַ"" [לאָדזער יידישע דראַמאַטישע אַקטיאָרן]"		entry_person_id	P-2-facs_131_tr_1744279096		unmatched		bio	"{""entry_type"": ""group"", ""volume"": ""2"", ""span"": ""1045-1046"", ""birth_date"": ""1912""}"
person:2288	person	בּ לידין (אליהו ברוך ליוועראַנט)	B. Lidin	people_db	2288	entry_person_id:P-2-facs_132_tr_1744279065	matched		bio	"{""entry_type"": ""performer"", ""volume"": ""2"", ""span"": ""1047-1047"", ""birth_date"": ""1893"", ""credit"": ""ש. ע.""}"
place:Q202599	place	פּאַרטשעוו	Stardust Resort and Casino	wikidata_qid	Q202599	"{""kima_id"": """", ""lat"": """", ""lon"": """"}"	candidate		bio	
person:2366	person	סעם ליוּדנער (שמוּאל)	Sam Lyudner	people_db	2366	entry_person_id:P-2-facs_132_tr_1744279070	matched		bio	"{""entry_type"": ""writer"", ""volume"": ""2"", ""span"": ""1048-1048"", ""birth_date"": ""1885"", ""credit"": ""ש. ע.""}"
place:Q1906323	place	וואָלבראָם	Wolbrom	wikidata_qid	Q1906323	"{""kima_id"": ""73134"", ""lat"": """", ""lon"": """"}"	matched		bio	
person:2272	person	יוליוס ליוויי	Julius Levy	people_db	2272	entry_person_id:P-2-facs_132_tr_1744279073	matched		bio	"{""entry_type"": ""administrator"", ""volume"": ""2"", ""span"": ""1048-1048"", ""credit"": ""מ. ע. פֿון אַדוו. סאַראַסאָן.""}"
person:816	person	מאַקס ליוויי	Max Levy	people_db	816	entry_person_id:P-2-facs_133_tr_1744279136	matched		bio	"{""entry_type"": ""administrator"", ""volume"": ""2"", ""span"": ""1049-1049"", ""credit"": ""מ. ע. פֿון אָדוו. סאַראַסאָן.""}"
person:2327	person	עני ליטאן (חנה ליפּמאַן)	Annie Litan	people_db	2327	entry_person_id:P-2-facs_133_tr_1744279145	matched		bio	"{""entry_type"": ""performer"", ""volume"": ""2"", ""span"": ""1049-1049"", ""birth_date"": ""1912"", ""credit"": ""ש. ע.""}"
person:2332	person	מוישע ליטוואַקאָוו	Moshe Litvakov	people_db	2332	entry_person_id:P-2-facs_133_tr_1744279149	matched		bio	"{""entry_type"": ""writer"", ""volume"": ""2"", ""span"": ""1050-1050"", ""birth_date"": ""1875~""}"
place:Q156733	place	טשערקאַס	Landsknecht	wikidata_qid	Q156733	"{""kima_id"": """", ""lat"": """", ""lon"": """"}"	candidate		bio	
person:2333	person	בּערטאַ ליטווינאַ-ווייסהאָף	Berta Litvina-Veyshof	people_db	2333	entry_person_id:P-2-facs_134_tr_1744279145	matched		bio	"{""entry_type"": ""performer"", ""volume"": ""2"", ""span"": ""1051-1051"", ""birth_date"": ""1897-12-28"", ""credit"": ""ש. ע.""}"
person:2334	person	ל. ליטווינאָוו (לייבּ גוּרעוויטש)	L. Litvinov	people_db	2334	entry_person_id:P-2-facs_134_tr_1744279151	matched		bio	"{""entry_type"": ""performer"", ""volume"": ""2"", ""span"": ""1051-1051"", ""birth_date"": ""1899-03-28"", ""credit"": ""ש. ע.""}"
person:2328	person	אברהם ליטמאַן	Abraham Littman	people_db	2328	entry_person_id:P-2-facs_134_tr_1744279148	matched		bio	"{""entry_type"": ""administrator"", ""volume"": ""2"", ""span"": ""1052-1053"", ""birth_date"": ""1880-12-01"", ""credit"": ""מ. ע.""}"
person:2331	person	יעטאַ ליטמאַן (זילבּערמאַן)	Yetta Littman	people_db	2331	entry_person_id:P-2-facs_135_tr_1744279211	matched		bio	"{""entry_type"": ""performer"", ""volume"": ""2"", ""span"": ""1054-1054"", ""birth_date"": ""1884-12-18"", ""credit"": ""מ. ע.""}"
person:2330	person	יעקב ליטמאַן	Yakov Littman	people_db	2330	entry_person_id:P-2-facs_135_tr_1744279197	matched		bio	"{""entry_type"": ""performer"", ""volume"": ""2"", ""span"": ""1054-1054"", ""death_date"": ""1917-05-08"", ""credit"": ""מ. ע. פֿון ז. העלמאַן, משה שאָר און סעם לודוויק.""}"
place:Q147741	place	הערצא	Hertsa	wikidata_qid	Q147741	"{""kima_id"": ""6926"", ""lat"": """", ""lon"": """"}"	matched		bio	
person:2329	person	פּעפּי ליטמאַן (פּעשע קאַהאַנע)	Pepi Littman	people_db	2329	entry_person_id:P-2-facs_135_tr_1744279191	matched		bio	"{""entry_type"": ""performer"", ""volume"": ""2"", ""span"": ""1054-1056"", ""birth_date"": ""1874~"", ""death_date"": ""1930-09-13"", ""credit"": ""ש. ע. פֿון יעקב מעסטעל.""}"
person:2224	person	דוד לייבּאָוויטש	David Leibovitsh	people_db	2224	entry_person_id:P-2-facs_137_tr_1744279159	matched		bio	"{""entry_type"": ""performer"", ""volume"": ""2"", ""span"": ""1057-1057"", ""birth_date"": ""1892-12-07"", ""credit"": ""ש. ע.""}"
person:2227	person	רייטשעל לייבּאָוויטש	Raytshel Leibovitsh	people_db	2227	entry_person_id:P-2-facs_137_tr_1744279152	matched		bio	"{""entry_type"": ""performer"", ""volume"": ""2"", ""span"": ""1057-1057"", ""birth_date"": ""1885"", ""credit"": ""ש. ע.""}"
place:Q947404	place	דעמביץ	Dębica	wikidata_qid	Q947404	"{""kima_id"": ""18336"", ""lat"": """", ""lon"": """"}"	matched		bio	
person:2274	person	דזש. לייבּנער (שניאוּר-זלמן)	Dzh. Leybner	people_db	2274	entry_person_id:P-2-facs_137_r_6	matched		bio	"{""entry_type"": ""writer"", ""volume"": ""2"", ""span"": ""1058-1058"", ""birth_date"": ""1883-09-28"", ""credit"": ""מ. ע.""}"
place:Q899454	place	פּאנטשע	Panciu	wikidata_qid	Q899454	"{""kima_id"": """", ""lat"": """", ""lon"": """"}"	matched		bio	
place:Q201458	place	הומען	Červień	wikidata_qid	Q201458	"{""kima_id"": ""22428"", ""lat"": """", ""lon"": """"}"	matched		bio	
person:2312	person	אַדאָלף לינק	Adolf Link	people_db	2312	entry_person_id:P-2-facs_146_tr_1744279102	matched		bio	"{""entry_type"": ""administrator"", ""volume"": ""2"", ""span"": ""1076-1076"", ""birth_date"": ""1897-09-27"", ""credit"": ""ש. ע.""}"
person:2286	person	סידני ליכט	Sidney Licht	people_db	2286	entry_person_id:P-2-facs_147_tr_1744279089	matched		bio	"{""entry_type"": ""writer"", ""volume"": ""2"", ""span"": ""1077-1077"", ""birth_date"": ""1884""}"
place:Q222726	place	טאָמאַשאָוו	shooting at the 1924 Summer Olympics	wikidata_qid	Q222726	"{""kima_id"": """", ""lat"": """", ""lon"": """"}"	candidate		bio	
person:2287	person	משה ליכטענשטיין	Moshe Lichtenstein	people_db	2287	entry_person_id:P-2-facs_147_tr_1744279091	matched		bio	"{""entry_type"": ""performer"", ""volume"": ""2"", ""span"": ""1078-1078"", ""birth_date"": ""1889"", ""credit"": ""ש. ע. פֿון לעאָן דושמאַן.""}"
place:Q598	place	ריישע	Rzeszów	wikidata_qid	Q598	"{""kima_id"": ""451"", ""lat"": ""50.041111"", ""lon"": ""21.998889""}"	candidate		bio	
person:930	person	משה-לייבּ ליליענבּלום	Moshe Leib Lilienblum	people_db	930	entry_person_id:P-2-facs_150_tr_1744279160	matched		bio	"{""entry_type"": ""writer"", ""volume"": ""2"", ""span"": ""1084-1086"", ""birth_date"": ""1843-11-03"", ""death_date"": ""1910-02-12""}"
person:2301	person	ליליפּוט (גבריאל-הירש קרעטשמער)	Liliput	people_db	2301	entry_person_id:P-2-facs_152_tr_1744279180	matched		bio	"{""entry_type"": ""writer"", ""volume"": ""2"", ""span"": ""1087-1087"", ""birth_date"": ""1883-05-15""}"
person:2303	person	אָליאַ לילית (לאָליאַ צעדערבּוים)	Ola Lilith	people_db	2303	entry_person_id:P-2-facs_152_tr_1744279187	matched		bio	"{""entry_type"": ""performer"", ""volume"": ""2"", ""span"": ""1088-1089"", ""birth_date"": ""1906-11-15"", ""credit"": ""מ. ע.""}"
person:2365	person	בּיניאַמין לימאַן	Binyamin Lyman	people_db	2365	entry_person_id:P-2-facs_153_tr_1744279063	matched		bio	"{""entry_type"": ""performer"", ""volume"": ""2"", ""span"": ""1090-1090"", ""birth_date"": ""1900-07"", ""credit"": ""ש. ע.""}"
place:Q835843	place	אַראן	Varėna	wikidata_qid	Q835843	"{""kima_id"": ""72580"", ""lat"": """", ""lon"": """"}"	candidate		bio	
person:2308	person	נ. לינדער (נתן בּלינדער)	N.B. Linder	people_db	2308	entry_person_id:P-2-facs_154_r	matched		bio	"{""entry_type"": ""writer"", ""volume"": ""2"", ""span"": ""1092-1092"", ""birth_date"": ""1885-05-26"", ""credit"": ""מ. ע.""}"
person:2311	person	יצחק-יואל לינעיצקי	Isaac Joel Linetzky	people_db	2311	entry_person_id:P-2-facs_154_tr_1744279071	matched		bio	"{""entry_type"": ""writer"", ""volume"": ""2"", ""span"": ""1092-1098"", ""birth_date"": ""1839-09-08"", ""death_date"": ""1915-09-23""}"
place:Q175452	place	נאָוואָטשערקאס	Novocherkassk	wikidata_qid	Q175452	"{""kima_id"": ""9081"", ""lat"": """", ""lon"": """"}"	matched		bio	
person:2318	person	ליפּאָווסקאַ	Esther Lipovska	people_db	2318	entry_person_id:P-2-facs_156_tr_1744279160	matched		bio	"{""entry_type"": ""performer"", ""volume"": ""2"", ""span"": ""1096-1096""}"
person:2326	person	מאַלקע ליסאַק	Malka Lisak	people_db	2326	entry_person_id:P-2-facs_156_r_1	matched		bio	"{""entry_type"": ""writer"", ""volume"": ""2"", ""span"": ""1096-1096"", ""birth_date"": ""1900"", ""credit"": ""ש. ע. פֿון זלמן רייזען.""}"
place:Q999644	place	קראַשנעוויץ	Krośniewice	wikidata_qid	Q999644	"{""kima_id"": """", ""lat"": """", ""lon"": """"}"	matched		bio	
person:2317	person	אברהם ליפּאָוויצקי	Avraham Lipovietsky	people_db	2317	entry_person_id:P-2-facs_157_r	matched		bio	"{""entry_type"": ""performer"", ""volume"": ""2"", ""span"": ""1097-1097"", ""birth_date"": ""1865"", ""death_date"": ""1921"", ""credit"": ""ש. ע. פֿון פ. קאַנאַפּאָוו.""}"
place:Q124807223	place	קאָלאָניע סאגיידאק	Sagaidak	wikidata_qid	Q124807223	"{""kima_id"": """", ""lat"": """", ""lon"": """"}"	candidate		bio	
place:Q894	place	סאַמאַראַ	Samara	wikidata_qid	Q894	"{""kima_id"": ""17173"", ""lat"": """", ""lon"": """"}"	matched		bio	
person:2319	person	נחוּם ליפּאָווסקי	Nakhum Lipovski	people_db	2319	entry_person_id:P-2-facs_157_tr_1744279097	matched		bio	"{""entry_type"": ""director_regisseur"", ""volume"": ""2"", ""span"": ""1098-1102"", ""birth_date"": ""1874"", ""death_date"": ""1928-12-24"", ""credit"": ""מ. ע. פון א. י. גאָלדשמידט, אסתר און סאַשאַ ליפּאָווסקי.""}"
place:UPL-0075	place	דונסקאַ-וואָליאַ					unmatched	attestation:unlinked	bio	
person:2314	person	יצחק ליפּינסקי	Yitzhock Lipinsky	people_db	2314	entry_person_id:P-2-facs_160_r_6	matched		bio	"{""entry_type"": ""performer"", ""volume"": ""2"", ""span"": ""1104-1104"", ""birth_date"": ""1893-07-04"", ""credit"": ""מ. ע.""}"
place:Q275694	place	אָפּט	Jaszkotle	wikidata_qid	Q275694	"{""kima_id"": ""552"", ""lat"": """", ""lon"": """"}"	matched		bio	
person:2316	person	נאַטאַליאַ ליפּמאַן (נייטשע עלבּוים)	Natalia Lipman	people_db	2316	entry_person_id:P-2-facs_161_tr_1744279095	matched		bio	"{""entry_type"": ""performer"", ""volume"": ""2"", ""span"": ""1106-1106"", ""birth_date"": ""1890"", ""credit"": ""ש. ע.""}"
person:2323	person	מ. ליפּסאָן (מרדכי יאַוואָראָווסקי)	M. Lipson	people_db	2323	entry_person_id:P-2-facs_161_tr_1744279088	matched		bio	"{""entry_type"": ""writer"", ""volume"": ""2"", ""span"": ""1106-1106"", ""birth_date"": ""1885-04-07""}"
person:2324	person	וואָלאָדיאַ ליפּצין	Volodya Liptsin	people_db	2324	entry_person_id:P-2-facs_162_r_2	matched		bio	"{""entry_type"": ""other"", ""volume"": ""2"", ""span"": ""1107-1107"", ""credit"": ""מ. ע. פֿון דיינע פֿיינמאַן.""}"
person:2325	person	סיליע ליפּצין (פּעקער)	Celia Lipzin	people_db	2325	entry_person_id:P-2-facs_162_tr_1744279207	matched		bio	"{""entry_type"": ""performer"", ""volume"": ""2"", ""span"": ""1107-1107"", ""birth_date"": ""1900-09-15"", ""credit"": ""מ. ע.""}"
person:2296	person	האָדע ליפּשיץ	Hoda Lifshits	people_db	2296	entry_person_id:P-2-facs_172_tr_1744279164	matched		bio	"{""entry_type"": ""performer"", ""volume"": ""2"", ""span"": ""1127-1127"", ""birth_date"": ""1889-09"", ""credit"": ""ש. ע.""}"
person:2322	person	יחזקאל ליפּשיץ	Yekhezkel Lipshitz	people_db	2322	entry_person_id:P-2-facs_172_r_16	matched		bio	"{""entry_type"": ""writer"", ""volume"": ""2"", ""span"": ""1128-1128"", ""birth_date"": ""1883""}"
place:Q545958	place	טשערניג. גוב.	Chernigov Governorate	wikidata_qid	Q545958	"{""kima_id"": """", ""lat"": """", ""lon"": """"}"	matched		bio	
person:2321	person	יצחק ליפּשיץ	Itzhak Lipshitz	people_db	2321	entry_person_id:P-2-facs_173_tr_1744279073	matched		bio	"{""entry_type"": ""administrator"", ""volume"": ""2"", ""span"": ""1129-1129"", ""birth_date"": ""1875"", ""credit"": ""מ. ע.""}"
person:2233	person	וואַמפיראַ לעאָנעסקאָ (שומסקי)	Vampira Leoneska	people_db	2233	entry_person_id:P-2-facs_174_r_20	matched		bio	"{""entry_type"": ""performer"", ""volume"": ""2"", ""span"": ""1132-1132"", ""birth_date"": ""18"", ""credit"": ""מ. ע. פֿון איציקל גאָלדענבערג.""}"
person:2219	person	וויעראַ לעבּעדיעוו (רבקה שעכטמאַן)	Vera Lebedeff	people_db	2219	entry_person_id:P-2-facs_176_tr_1744279118	matched		bio	"{""entry_type"": ""performer"", ""volume"": ""2"", ""span"": ""1135-1135"", ""birth_date"": ""1899-11"", ""credit"": ""מ. ע.""}"
person:2221	person	דוד לעדערמאַן	David Lederman	people_db	2221	entry_person_id:P-2-facs_176_r_4	matched		bio	"{""entry_type"": ""performer"", ""volume"": ""2"", ""span"": ""1136-1136"", ""credit"": ""ש. ע.""}"
person:2222	person	העני לעהמאַן	Henni Lehman	people_db	2222	entry_person_id:P-2-facs_177_tr_1744279204	matched		bio	"{""entry_type"": ""performer"", ""volume"": ""2"", ""span"": ""1137-1137"", ""birth_date"": ""1906-06-11"", ""credit"": ""ש. ע. פֿון מאיר זאַקאָזשאַנסקי.""}"
place:Q4734809	place	אַלפענסדאָרף	Alpendorf	wikidata_qid	Q4734809	"{""kima_id"": """", ""lat"": """", ""lon"": """"}"	candidate		bio	
person:754	person	אַדאָלף לעהרער (אהרן)	Adolf (Aaron) Lehrer	people_db	754	entry_person_id:P-2-facs_177_tr_1744279199	matched		bio	"{""entry_type"": ""performer"", ""volume"": ""2"", ""span"": ""1137-1137"", ""birth_date"": ""1888-10-21"", ""credit"": ""ש. ע.""}"
person:753	person	זלמן לעהרער	Zalman Lehrer	people_db	753	entry_person_id:P-2-facs_177_tr_1744279201	matched		bio	"{""entry_type"": ""performer"", ""volume"": ""2"", ""span"": ""1138-1138"", ""birth_date"": ""1896-03-18"", ""credit"": ""מ. ע.""}"
person:2247	person	פייגע לעוואַנדאָ (לעווין)	Feyga Levando	people_db	2247	entry_person_id:P-2-facs_177_r_2	matched		bio	"{""entry_type"": ""performer"", ""volume"": ""2"", ""span"": ""1138-1138"", ""birth_date"": ""1893-03-22"", ""credit"": ""אין מיטן 1927 איז ל. קראַנק געוואָרן אויפֿן האַלז און פֿאַרלוירן איר שטים. צוליב דעם האָט זי זיך צוריקגעצויגן פֿון דער בינע און זיך באזעצט אין כאַרקאָוו.""}"
person:2269	person	מאריס דר. לעוויט (מאיר-לייב לעוויצקי)	Morris Levitt	people_db	2269	entry_person_id:P-2-facs_178_r_5	matched		bio	"{""entry_type"": ""writer"", ""volume"": ""2"", ""span"": ""1140-1140"", ""birth_date"": ""1881-06-30"", ""credit"": ""ש. ע. פֿון זלמן רייזען.""}"
person:2268	person	זשעני לעוויטאַס	Jennie Levitas	people_db	2268	entry_person_id:P-2-facs_179_tr_1744279074	matched		bio	"{""entry_type"": ""performer"", ""volume"": ""2"", ""span"": ""1141-1141"", ""birth_date"": ""1901-01-07"", ""death_date"": ""1932-12-30"", ""credit"": ""ש. ע.""}"
person:2264	person	אַננאַ לעווין (לעווענשטיין)	Anna Levine	people_db	2264	entry_person_id:P-2-facs_179_tr_1744279081	matched		bio	"{""entry_type"": ""performer"", ""volume"": ""2"", ""span"": ""1142-1142"", ""birth_date"": ""1885"", ""credit"": ""מ. ע.""}"
person:2258	person	דוד לעווין	David Levin	people_db	2258	entry_person_id:P-2-facs_180_tr_1744279174	matched		bio	"{""entry_type"": ""performer"", ""volume"": ""2"", ""span"": ""1143-1143"", ""birth_date"": ""1883-05-05"", ""credit"": ""ש. ע.""}"
place:Q1993731	place	אילגעצעם	Iļģuciems	wikidata_qid	Q1993731	"{""kima_id"": """", ""lat"": """", ""lon"": """"}"	matched		bio	
person:904	person	הערי לעווין (הערשל)	Harry Levin	people_db	904	entry_person_id:P-2-facs_180_tr_1744279176	matched		bio	"{""entry_type"": ""writer"", ""volume"": ""2"", ""span"": ""1143-1143"", ""birth_date"": ""1900-09-03"", ""credit"": ""ש. ע.""}"
person:2263	person	ז. לעווין	Z. Levin	people_db	2263	entry_person_id:P-2-facs_180_r_2	matched		bio	"{""entry_type"": ""writer"", ""volume"": ""2"", ""span"": ""1144-1145"", ""birth_date"": ""1877-07-18"", ""credit"": ""מ. ע.""}"
place:Q658230	place	קעלעם	Kelmė	wikidata_qid	Q658230	"{""kima_id"": ""6915"", ""lat"": """", ""lon"": """"}"	matched		bio	
person_entry:P-2-facs_181_r_8	person	לעווין, חנה		entry_person_id	P-2-facs_181_r_8		unmatched		bio	"{""entry_type"": ""performer"", ""volume"": ""2"", ""span"": ""1146-1146"", ""birth_date"": ""1894-05-05"", ""credit"": ""מ. ע.""}"
place:Q209932	place	ביאלע	Biała Podlaska	wikidata_qid	Q209932	"{""kima_id"": ""8525"", ""lat"": ""52.033333"", ""lon"": ""23.133333""}"	matched		bio	
person:2260	person	לוּסי לעווין (ליבּע)	Lucy Levin	people_db	2260	entry_person_id:P-2-facs_182_r_4	matched		bio	"{""entry_type"": ""performer"", ""volume"": ""2"", ""span"": ""1147-1147"", ""birth_date"": ""1906-07-04""}"
person:2261	person	נייטאַן לעווין	Neytan Levin	people_db	2261	entry_person_id:P-2-facs_182_tr_1744279063	matched		bio	"{""entry_type"": ""performer"", ""volume"": ""2"", ""span"": ""1148-1148"", ""birth_date"": ""1840-12-13"", ""death_date"": ""1932"", ""credit"": ""ש. ע. פֿון שרה קינדמאַן.""}"
person:2262	person	שמוּאל לעווין	Shmuel Levin	people_db	2262	entry_person_id:P-2-facs_182_tr_1744279093	matched		bio	"{""entry_type"": ""writer"", ""volume"": ""2"", ""span"": ""1148-1148"", ""birth_date"": ""1890"", ""credit"": ""מ. ע. פֿון ש. שיינבערג.""}"
place:Q320007	place	פּולאַוו	Puławy	wikidata_qid	Q320007	"{""kima_id"": """", ""lat"": """", ""lon"": """"}"	matched		bio	
person:2265	person	אברהם לעווינסאָן	Abraham Levinson	people_db	2265	entry_person_id:P-2-facs_185_tr_1744279134	matched		bio	"{""entry_type"": ""writer"", ""volume"": ""2"", ""span"": ""1153-1153"", ""birth_date"": ""1889-08-14""}"
person:2270	person	גרשון-חיים לעוונער	Gershon-Chaim Levner	people_db	2270	entry_person_id:P-2-facs_185_r_8	matched		bio	"{""entry_type"": ""writer"", ""volume"": ""2"", ""span"": ""1154-1154"", ""birth_date"": ""1864-01-08""}"
place:Q760235	place	גרויס טאָקמאַק	Tokmak	wikidata_qid	Q760235	"{""kima_id"": ""76965"", ""lat"": """", ""lon"": """"}"	candidate		bio	
person:2248	person	אברהם לעוועבּראָווסקי	Avraham Levebrovski	people_db	2248	entry_person_id:P-2-facs_186_tr_1744279126	matched		bio	"{""entry_type"": ""performer"", ""volume"": ""2"", ""span"": ""1155-1155"", ""birth_date"": ""1888"", ""death_date"": ""1928-01-23"", ""credit"": ""ש. ע. פֿון זיין פרוי לאה לעוועבראָווסקי.""}"
person:2341	person	סעם לעווענווירט	Sam Lowenwirth	people_db	2341	entry_person_id:P-2-facs_186_tr_1744279144	matched		bio	"{""entry_type"": ""performer"", ""volume"": ""2"", ""span"": ""1155-1155"", ""birth_date"": ""1880-05-05"", ""credit"": ""מ. ע.""}"
person:2541	person	נעמי נאַטאַן	Naomi Natan	people_db	2541	entry_person_id:P-2-facs_187_r_1	matched		bio	"{""entry_type"": ""other"", ""volume"": ""2"", ""span"": ""1157-1157""}"
person:2252	person	יעקב לעווענסאָהן	Jacob Levenson	people_db	2252	entry_person_id:P-2-facs_187_r_6	matched		bio	"{""entry_type"": ""writer"", ""volume"": ""2"", ""span"": ""1157-1157"", ""birth_date"": ""1872-10-15"", ""credit"": ""ש. ע.""}"
place:Q4455853	place	טערליצע	Terlytsia	wikidata_qid	Q4455853	"{""kima_id"": """", ""lat"": """", ""lon"": """"}"	matched		bio	
person:2253	person	איזידאָר לעווענשטיין (אפרים-יצחק)	Isidor Levenstein	people_db	2253	entry_person_id:P-2-facs_187_tr_1744279120	matched		bio	"{""entry_type"": ""performer"", ""volume"": ""2"", ""span"": ""1158-1158"", ""birth_date"": ""1879"", ""death_date"": ""1933-09"", ""credit"": ""ש. אין מ. ע.""}"
place:Q734122	place	קאַפּצאָווע	Kapčiamiestis	wikidata_qid	Q734122	"{""kima_id"": ""22731"", ""lat"": """", ""lon"": """"}"	candidate		bio	
person:2250	person	פעני לעווענשטיין (פּערלמאַן)	Fannie Levenshteyn	people_db	2250	entry_person_id:P-2-facs_188_tr_1744279090	matched		bio	"{""entry_type"": ""performer"", ""volume"": ""2"", ""span"": ""1159-1159"", ""credit"": ""ש. ע.""}"
person:2230	person	בּערטאַ לעלטשוּק	Bertha Lelchuk	people_db	2230	entry_person_id:P-2-facs_188_tr_1744279091	matched		bio	"{""entry_type"": ""performer"", ""volume"": ""2"", ""span"": ""1160-1160"", ""credit"": ""ש. ע.""}"
person:2231	person	ס. לעמבּערג (סאַראַ פיינשטיין)	S. Lemberg	people_db	2231	entry_person_id:P-2-facs_189_r	matched		bio	"{""entry_type"": ""performer"", ""volume"": ""2"", ""span"": ""1161-1161"", ""birth_date"": ""1901-09-15"", ""credit"": ""ש. ע.""}"
person:2245	person	דזשאָזעף לעסינג	Joseph Lessing	people_db	2245	entry_person_id:P-2-facs_189_tr_1744279165	matched		bio	"{""entry_type"": ""writer"", ""volume"": ""2"", ""span"": ""1161-1161"", ""credit"": ""מ. ע. פֿון יעקב בן-עמי.""}"
place:Q45883	place	כאָטין	Khotyn (Ukraine)	wikidata_qid	Q45883	"{""kima_id"": ""16674"", ""lat"": """", ""lon"": """"}"	matched		bio	
person_entry:P-2-facs_193_r_2	person	לערנער, מאַריא [מרים ראַבינאָוויטש]		entry_person_id	P-2-facs_193_r_2		unmatched		bio	"{""entry_type"": ""writer"", ""volume"": ""2"", ""span"": ""1169-1169"", ""birth_date"": ""1860"", ""death_date"": ""1927"", ""credit"": ""ש. ע. פֿון זלמן רייזען.""}"
place:Q183	place	דייטשלאנד	Germany	wikidata_qid	Q183	"{""kima_id"": ""87828"", ""lat"": """", ""lon"": """"}"	matched		bio	
person:2237	person	אַדעלאַ לערעסקאׇ (קערנער)	Adela Leresko	people_db	2237	entry_person_id:P-2-facs_193_tr_1744279114	matched		bio	"{""entry_type"": ""performer"", ""volume"": ""2"", ""span"": ""1170-1170"", ""birth_date"": ""1886-04"", ""credit"": ""מ. ע. און מ. ע. פֿון יעקב מעסטעל.""}"
person:2235	person	מרים לערער	Miriam Lerer	people_db	2235	entry_person_id:P-2-facs_194_tr_1744279148	matched		bio	"{""entry_type"": ""performer"", ""volume"": ""2"", ""span"": ""1172-1172"", ""credit"": ""ש. ע.""}"
place:Q33544	place	לודמיר	Volodymyr	wikidata_qid	Q33544	"{""kima_id"": ""11456"", ""lat"": """", ""lon"": """"}"	matched		bio	
person:2203	person	יצחק לעש (איזידאׇר לעשטשינסקי)	Isidore Lash	people_db	2203	entry_person_id:P-2-facs_194_tr_1744279150	matched		bio	"{""entry_type"": ""writer"", ""volume"": ""2"", ""span"": ""1172-1176"", ""birth_date"": ""1887-10-06"", ""credit"": ""מ. ע.""}"
person:2496	person	מאַרק מאָאין	Mark Moen	people_db	2496	entry_person_id:P-2-facs_197_r	matched		bio	"{""entry_type"": ""performer"", ""volume"": ""2"", ""span"": ""1178-1178"", ""birth_date"": ""1903-05-10"", ""credit"": ""ש. ע.""}"
place:Q216363	place	ריבניץ	Rîbnița	wikidata_qid	Q216363	"{""kima_id"": ""20984"", ""lat"": """", ""lon"": """"}"	candidate		bio	
person:759	person	אַמאַליע מאָגולעסקאָ (פינקעלשטיין)	Amelia Mogulesko	people_db	759	entry_person_id:P-2-facs_198_r	matched		bio	"{""entry_type"": ""performer"", ""volume"": ""2"", ""span"": ""1180-1180"", ""birth_date"": ""1860~"", ""death_date"": ""1929"", ""credit"": ""מ. ע פון פאולינא עדעלשטיין.""}"
person:2499	person	בּעסי מאָגוּלעסקאָ	Bessie Mogulesko	people_db	2499	entry_person_id:P-2-facs_198_TextRegion_1709396169380_251	matched		bio	"{""entry_type"": ""performer"", ""volume"": ""2"", ""span"": ""1180-1180"", ""birth_date"": ""1892-08-24"", ""credit"": ""מ. ע.""}"
place:Q997478	place	זלאטאָפּאָליע	Zlatopil	wikidata_qid	Q997478	"{""kima_id"": """", ""lat"": """", ""lon"": """"}"	matched		bio	
person:2372	person	איידאַ מאַגידזאָהן (נאַטאנסאׇן) (סטאָן)	Ida Magidzohn	people_db	2372	entry_person_id:P-2-facs_212_r	matched		bio	"{""entry_type"": ""performer"", ""volume"": ""2"", ""span"": ""1208-1208"", ""birth_date"": ""187"", ""death_date"": ""1916-05-11"", ""credit"": ""מ. ע. פון מ. ד. וואַקסמאַן.""}"
person:2498	person	מאָגילניצקי	Mogilnitski	people_db	2498	entry_person_id:P-2-facs_213_r_7	matched		bio	"{""entry_type"": ""performer"", ""volume"": ""2"", ""span"": ""1210-1210"", ""credit"": ""ש. ע. פֿון מאַרק לייפציקער.""}"
person:2497	person	אַלעקסאַנדער מאׇגילעווסקי (סאָלאָמאָן)	Aleksander Mogilevski	people_db	2497	entry_person_id:P-2-facs_213_r_10	matched		bio	"{""entry_type"": ""performer"", ""volume"": ""2"", ""span"": ""1210-1210"", ""birth_date"": ""1899-12-22"", ""credit"": ""ש. ע.""}"
place:Q909612	place	רעטשיצע	Rechytsa	wikidata_qid	Q909612	"{""kima_id"": ""16556"", ""lat"": """", ""lon"": """"}"	matched		bio	
person_entry:P-2-facs_213_r_27	person	"„מאַדיאָקאַט"""		entry_person_id	P-2-facs_213_r_27		unmatched		bio	"{""entry_type"": ""theatre"", ""volume"": ""2"", ""span"": ""1210-1210"", ""birth_date"": ""1925-12-17""}"
place:UPL-0076	place	יאָשליקאָוו					unmatched	attestation:unlinked	bio	
place:Q1022819	place	יאָגעלניצע	Periam	wikidata_qid	Q1022819	"{""kima_id"": """", ""lat"": """", ""lon"": """"}"	candidate		bio	
person:2419	person	מאַטעס לוּניאנסקי (מאַטעס ל.)	L. Mates	people_db	2419	entry_person_id:P-2-facs_215_tr_1744280690	matched		bio	"{""entry_type"": ""writer"", ""volume"": ""2"", ""span"": ""1213-1213"", ""birth_date"": ""1897-02-18"", ""death_date"": ""1929-11-02""}"
place:Q722836	place	אָשמענע/Oshmene	Ašmiany	wikidata_qid	Q722836	"{""kima_id"": ""20619"", ""lat"": ""54.425000"", ""lon"": ""25.937500""}"	matched		bio	
person:2367	person	חנה מאַכאָראָווסקאַ (געכט)	Chana Macharovska	people_db	2367	entry_person_id:P-2-facs_216_tr_1744280692	matched		bio	"{""entry_type"": ""performer"", ""volume"": ""2"", ""span"": ""1216-1216"", ""birth_date"": ""1892"", ""credit"": ""ש. ע.""}"
person:2368	person	משה-דוד מאַכאָראָווסקי	Moshe Dovid Macharovsky	people_db	2368	entry_person_id:P-2-facs_216_tr_1744280686	matched		bio	"{""entry_type"": ""performer"", ""volume"": ""2"", ""span"": ""1216-1216"", ""birth_date"": ""1888-05-06"", ""credit"": ""ש. ע.""}"
person:2369	person	ר. מאַכנאָווסקאַ	R. Machnovska	people_db	2369	entry_person_id:P-2-facs_217_tr_1744280767	matched		bio	"{""entry_type"": ""performer"", ""volume"": ""2"", ""span"": ""1217-1217"", ""credit"": ""ש. ע פֿון ל. דישמאַן.""}"
place:Q766790	place	יאַנאָווקעף	Janówka	wikidata_qid	Q766790	"{""kima_id"": """", ""lat"": """", ""lon"": """"}"	candidate		bio	
place:Q4425605	place	סניטקאָוו	Snitkiv	wikidata_qid	Q4425605	"{""kima_id"": ""76395"", ""lat"": """", ""lon"": """"}"	matched		bio	
person:2377	person	פ.ה מאַליי	F.H. Maley	people_db	2377	entry_person_id:P-2-facs_217_r_4	matched		bio	"{""entry_type"": ""writer"", ""volume"": ""2"", ""span"": ""1218-1218""}"
person:2378	person	פיליפּ מאַלץ	Philip Maltz	people_db	2378	entry_person_id:P-2-facs_218_tr_1744280790	matched		bio	"{""entry_type"": ""performer"", ""volume"": ""2"", ""span"": ""1219-1219"", ""birth_date"": ""1892-01-01"", ""credit"": ""מ. ע.""}"
place:Q3646	place	קראסנאדאר	Krasnodar	wikidata_qid	Q3646	"{""kima_id"": ""10131"", ""lat"": """", ""lon"": """"}"	candidate		bio	
person:2380	person	מ. ש. מאַנדעל	M.Sh. Mandel	people_db	2380	entry_person_id:P-2-facs_218_tr_1744280792	matched		bio	"{""entry_type"": ""writer"", ""volume"": ""2"", ""span"": ""1219-1219"", ""credit"": ""ש. ע. פֿון ש. יאַנאָווסקי.""}"
person:2381	person	יעקב מאַנדעלבּליט	Jacob Mandelblit	people_db	2381	entry_person_id:P-2-facs_218_tr_1744280787	matched		bio	"{""entry_type"": ""performer"", ""volume"": ""2"", ""span"": ""1219-1219"", ""birth_date"": ""1904-03-26"", ""credit"": ""ש. ע.""}"
person:2382	person	לעאָן מאַנדעלטאָרט	Leon Mandeltort	people_db	2382	entry_person_id:P-2-facs_218_tr_1744280785	matched		bio	"{""entry_type"": ""performer"", ""volume"": ""2"", ""span"": ""1220-1220"", ""birth_date"": ""1860"", ""death_date"": ""1899-05-15"", ""credit"": ""ש. ע. פֿון זיין פרוי ראַזאַ מאַנדעלטאָרט.""}"
person:732	person	יאָזעף מאַנדעלקערן	Joseph Mandelkern	people_db	732	entry_person_id:P-2-facs_219_tr_1744280729	matched		bio	"{""entry_type"": ""administrator"", ""volume"": ""2"", ""span"": ""1221-1221"", ""credit"": ""מ. ע פֿון מישע נאַכאַמקיס.""}"
person:2384	person	הערמאַן מאַננעס	Herman Mannes	people_db	2384	entry_person_id:P-2-facs_219_tr_1744280726	matched		bio	"{""entry_type"": ""performer"", ""volume"": ""2"", ""span"": ""1221-1221"", ""birth_date"": ""1895-04-22"", ""credit"": ""ש. ע. פֿון זלמן זילבערבלאַט.""}"
person:765	person	סאָלאָמאָן מאַנע	Solomon Manne	people_db	765	entry_person_id:P-2-facs_219_tr_1744280715	matched		bio	"{""entry_type"": ""performer"", ""volume"": ""2"", ""span"": ""1222-1222"", ""birth_date"": ""1858~"", ""death_date"": ""1922-06-22"", ""credit"": ""מ. ע. פֿון עני מאַנע.""}"
person:760	person	עני מאַנע (אייזענבּערג)	Annie Manne	people_db	760	entry_person_id:P-2-facs_220_tr_1744280762	matched		bio	"{""entry_type"": ""performer"", ""volume"": ""2"", ""span"": ""1223-1223"", ""birth_date"": ""1868-01-14"", ""credit"": ""מ. ע.""}"
person:2500	person	מרדכי-מנוס מאַנעסאָוויץ	Mordechai-Manus Monesovits	people_db	2500	entry_person_id:P-2-facs_220_r	matched		bio	"{""entry_type"": ""writer"", ""volume"": ""2"", ""span"": ""1224-1224"", ""birth_date"": ""1857-07-15""}"
place:Q3287528	place	שאָט	Shattuck	wikidata_qid	Q3287528	"{""kima_id"": """", ""lat"": """", ""lon"": """"}"	candidate		bio	
person:2501	person	אַרי מאָנפריד (דוד-אריה פרידמאַן)	Ari Monfried	people_db	2501	entry_person_id:P-2-facs_220_tr_1744280761	matched		bio	"{""entry_type"": ""writer"", ""volume"": ""2"", ""span"": ""1224-1224"", ""birth_date"": ""1889-04-18""}"
person:2502	person	לאַזאַרוּס מאָנפריד (אליעזר)	Lazarus Monfried	people_db	2502	entry_person_id:P-2-facs_221_r_16	matched		bio	"{""entry_type"": ""musician"", ""volume"": ""2"", ""span"": ""1225-1225"", ""birth_date"": ""1885-08""}"
place:Q2356396	place	שאַדעווע	Šeduva	wikidata_qid	Q2356396	"{""kima_id"": ""22157"", ""lat"": """", ""lon"": """"}"	matched		bio	
person:2416	person	זשעניע מאַסאָף (ווינקלער)	Jennie Masoff	people_db	2416	entry_person_id:P-2-facs_221_tr_1744280749	matched		bio	"{""entry_type"": ""performer"", ""volume"": ""2"", ""span"": ""1226-1226"", ""birth_date"": ""1890"", ""credit"": ""ש. ע.""}"
person:2417	person	סאַמוּעל מאַסאָף	Samuel Masoff	people_db	2417	entry_person_id:P-2-facs_221_r_10	matched		bio	"{""entry_type"": ""performer"", ""volume"": ""2"", ""span"": ""1226-1226"", ""birth_date"": ""1883"", ""credit"": ""ש. ע.""}"
person:2418	person	יואל מאַסטבּוים	Yoel Mastboym	people_db	2418	entry_person_id:P-2-facs_221_r_4	matched		bio	"{""entry_type"": ""writer"", ""volume"": ""2"", ""span"": ""1226-1226"", ""birth_date"": ""1882""}"
person:2519	person	יעקב-יוסף מאָסקאָוויטש ראָמאַנער	Yakov Yosef Moskovitsh Romaner	people_db	2519	entry_person_id:P-2-facs_221_r_2	matched		bio	"{""entry_type"": ""writer"", ""volume"": ""2"", ""span"": ""1226-1226""}"
person_entry:P-2-facs_222_tr_1744280833	person	מאָסקווער יידישער מלוכה-טעאַטער		entry_person_id	P-2-facs_222_tr_1744280833		unmatched		bio	"{""entry_type"": ""theatre"", ""volume"": ""2"", ""span"": ""1227-1239"", ""birth_date"": ""1918-09"", ""credit"": ""ש. ע. פֿון זלמן זילבערבלאַט.""}"
person:2374	person	משה לאׇטטע (מ. מאַקסימאׇוו)	M. Maksimov	people_db	2374	entry_person_id:P-2-facs_228_tr_1744280784	matched		bio	"{""entry_type"": ""performer"", ""volume"": ""2"", ""span"": ""1240-1240"", ""birth_date"": ""1888-12-30"", ""credit"": ""מ. ע.""}"
person:3811	person	מלך פאׇקאׇי (מ. מאַקסימאׇוו)	M. Maksimov	people_db	3811	entry_person_id:P-2-facs_228_r_9	matched		bio	"{""entry_type"": ""performer"", ""volume"": ""2"", ""span"": ""1240-1240"", ""birth_date"": ""1893"", ""credit"": ""ש. ע.""}"
person:2503	person	הערמאַן מאָראַט	Herman Morat	people_db	2503	entry_person_id:P-2-facs_229_tr_1744280765	matched		bio	"{""entry_type"": ""writer"", ""volume"": ""2"", ""span"": ""1241-1241""}"
person:2391	person	א. מאַרגאָלין	A. Margolin	people_db	2391	entry_person_id:P-2-facs_229_tr_1744280772	matched		bio	"{""entry_type"": ""writer"", ""volume"": ""2"", ""span"": ""1242-1242"", ""birth_date"": ""1894"", ""credit"": ""ש. ע.""}"
person:2392	person	סאַמוּאיל א. מאַרגאָלין	Samuel A. Margolin	people_db	2392	entry_person_id:P-2-facs_229_tr_1744280769	matched		bio	"{""entry_type"": ""director_regisseur"", ""volume"": ""2"", ""span"": ""1242-1242"", ""credit"": ""ש. ע. פֿון מאַרק לייפציקער.""}"
person:2390	person	קלאַראַ מאַרגאָלין (בּלייכמאַן)	Clara Margolin	people_db	2390	entry_person_id:P-2-facs_230_tr_1744280765	matched		bio	"{""entry_type"": ""performer"", ""volume"": ""2"", ""span"": ""1243-1243"", ""birth_date"": ""1893-09"", ""credit"": ""ש. ע. פֿון דר. א. מאַרגאָלין.""}"
person:2394	person	עדוואַרד מאַרגאָליס (מרגלית) (יקותיאל)	Edward Margolis	people_db	2394	entry_person_id:P-2-facs_230_tr_1744280762	matched		bio	"{""entry_type"": ""performer"", ""volume"": ""2"", ""span"": ""1243-1244"", ""birth_date"": ""1850"", ""death_date"": ""1915-03-04"", ""credit"": ""מ. ע. פֿון זיין פרוי ראַזאַ מאַרגילעס, פּיטער גראָף, סעמיועל פערקויף און באָריס טאָמאַשעווסקי און ש. ע. פֿון עמיליע אַדלער.""}"
person:2401	person	ראָזאַ מאַרגוּלעס (רייזל גאָלדבּערג)	Rosa Margules	people_db	2401	entry_person_id:P-2-facs_231_tr_1744280783	matched		bio	"{""entry_type"": ""performer"", ""volume"": ""2"", ""span"": ""1245-1245"", ""credit"": ""מ. ע.""}"
person:2506	person	מעימי מאׇרגענבּעסער (צווערלינג-קוּפּערשמידט)	Mamie Morgenbesser	people_db	2506	entry_person_id:P-2-facs_231_tr_1744280785	matched		bio	"{""entry_type"": ""performer"", ""volume"": ""2"", ""span"": ""1246-1246"", ""birth_date"": ""1888-02-23"", ""credit"": ""ש. ע.""}"
person:2507	person	מאָריס	[?] Morris	people_db	2507	entry_person_id:P-2-facs_231_tr_1744280790	matched		bio	"{""entry_type"": ""performer"", ""volume"": ""2"", ""span"": ""1246-1246"", ""credit"": ""מ. ע. פֿון אהרן נאַגער.""}"
place:Q52193	place	קאלאמיי	Kolomyia	wikidata_qid	Q52193	"{""kima_id"": ""1674"", ""lat"": ""48.516667"", ""lon"": ""25.033333""}"	candidate		bio	
place:UPL-0077	place	אַ דאַרף נעבן קאָלבערסאָוו					unmatched	attestation:unlinked	bio	
person:2402	person	מאַקס מאַריענהאָף	Max Marienhof	people_db	2402	entry_person_id:P-2-facs_236_tr_1744280789	matched		bio	"{""entry_type"": ""performer"", ""volume"": ""2"", ""span"": ""1256-1257"", ""birth_date"": ""186"", ""death_date"": ""1928-10-16""}"
place:Q672157	place	סיטאָוואַ		wikidata_qid	Q672157	"{""kima_id"": """", ""lat"": """", ""lon"": """"}"	candidate		bio	
person:2403	person	מאַריענשטראָס	[?] Marienstros	people_db	2403	entry_person_id:P-2-facs_237_tr_1744280735	matched		bio	"{""entry_type"": ""performer"", ""volume"": ""2"", ""span"": ""1258-1258"", ""credit"": ""מ. ע. פֿון באָריס טאָמאַשעווסקי.""}"
person:2413	person	ראובן מאַנדעלבּוים (מאַרסאַלאׇוו)	R. Marsalow	people_db	2413	entry_person_id:P-2-facs_237_tr_1744280744	matched		bio	"{""entry_type"": ""performer"", ""volume"": ""2"", ""span"": ""1258-1258"", ""birth_date"": ""1896-11-25"", ""credit"": ""מ. ע.""}"
person:2404	person	פיליפּ מאַרק	Philip Mark	people_db	2404	entry_person_id:P-2-facs_240_r_2	matched		bio	"{""entry_type"": ""performer"", ""volume"": ""2"", ""span"": ""1264-1264"", ""birth_date"": ""1898"", ""credit"": ""ש. ע.""}"
person:2406	person	א. מאַרקאָוו	A. Markov	people_db	2406	entry_person_id:P-2-facs_241_tr_1744280742	matched		bio	"{""entry_type"": ""writer"", ""volume"": ""2"", ""span"": ""1265-1265"", ""birth_date"": ""186""}"
place:Q539012	place	פּאסטאוו	Pastavy	wikidata_qid	Q539012	"{""kima_id"": ""19432"", ""lat"": """", ""lon"": """"}"	candidate		bio	
person:2407	person	משה מאַרקאָוויטש	Moshe Markovitsh	people_db	2407	entry_person_id:P-2-facs_242_r	matched		bio	"{""entry_type"": ""performer"", ""volume"": ""2"", ""span"": ""1267-1267"", ""birth_date"": ""1892-02-02"", ""credit"": ""ש. ע. פֿון שרה קינדמאַן.""}"
place:Q141796	place	טורגעל	Türi	wikidata_qid	Q141796	"{""kima_id"": """", ""lat"": """", ""lon"": """"}"	candidate		bio	
person:2405	person	פּערעץ מאַרקיש	Peretz Markish	people_db	2405	entry_person_id:P-2-facs_242_tr_1744280797	matched		bio	"{""entry_type"": ""writer"", ""volume"": ""2"", ""span"": ""1267-1267"", ""birth_date"": ""1895-12-07""}"
place:UPL-0078	place	פּאָלאַננאָיע					unmatched	no_attestation	bio	
person:2410	person	צילע מאַרקס	Tsile Marks	people_db	2410	entry_person_id:P-2-facs_242_tr_1744280794	matched		bio	"{""entry_type"": ""performer"", ""volume"": ""2"", ""span"": ""1268-1268"", ""birth_date"": ""1902-04-13"", ""credit"": ""ש. ע.""}"
person:2414	person	דניאל מאַרשאַק	Daniel Marshak	people_db	2414	entry_person_id:P-2-facs_245_tr_1744280734	matched		bio	"{""entry_type"": ""writer"", ""volume"": ""2"", ""span"": ""1273-1273"", ""birth_date"": ""1872-08-03""}"
place:Q636935	place	טוקוּם	Tukums Municipality	wikidata_qid	Q636935	"{""kima_id"": """", ""lat"": """", ""lon"": """"}"	matched		bio	
place:Q955468	place	ראגאטשאוו	Rahachow	wikidata_qid	Q955468	"{""kima_id"": ""20822"", ""lat"": """", ""lon"": """"}"	candidate		bio	
person:2516	person	נאַדיאַ מאָשקאָוויטש (גוּדעוויטש)	Nadya Moshkovitsh	people_db	2516	entry_person_id:P-2-facs_250_tr_1744280768	matched		bio	"{""entry_type"": ""performer"", ""volume"": ""2"", ""span"": ""1283-1283"", ""birth_date"": ""1895-08-27"", ""death_date"": ""1933-10"", ""credit"": ""מ. ע.""}"
person:2517	person	פּאַשאַ מאָשקאָוויטש (בּאַסיאַ)	Pasha Moshkovitsh	people_db	2517	entry_person_id:P-2-facs_250_tr_1744280778	matched		bio	"{""entry_type"": ""performer"", ""volume"": ""2"", ""span"": ""1283-1283"", ""credit"": ""מ. ע פֿון אַברהם פישקינד.""}"
person:2370	person	חנה מגיד	Khana Magid	people_db	2370	entry_person_id:P-2-facs_250_tr_1744280773	matched		bio	"{""entry_type"": ""performer"", ""volume"": ""2"", ""span"": ""1283-1283"", ""birth_date"": ""1865-11-07""}"
person:2522	person	א. מוּקדוני (אַלכּסנדר קאַפּעל)	A. Mukdoni	people_db	2522	entry_person_id:P-2-facs_250_tr_1744280775	matched		bio	"{""entry_type"": ""writer"", ""volume"": ""2"", ""span"": ""1284-1285"", ""birth_date"": ""1878"", ""credit"": ""ש. ע. פֿון יעקב מעסטעל.""}"
person:2525	person	חיים-אליעזר מוּשקאַט	Chaim Eliezer Mushkat	people_db	2525	entry_person_id:P-2-facs_251_r_13	matched		bio	"{""entry_type"": ""writer"", ""volume"": ""2"", ""span"": ""1286-1287"", ""birth_date"": ""1851-01-17""}"
person:3443	person	"מרדכי מזא""ה"		people_db	3443	entry_person_id:P-2-facs_252_tr_1744280823	matched		bio	"{""entry_type"": ""administrator"", ""volume"": ""2"", ""span"": ""1288-1288"", ""birth_date"": ""1880"", ""credit"": ""מ. ע.""}"
person:2461	person	יהושע מזח (מ. סגל)	Yehoshua Mezach	people_db	2461	entry_person_id:P-2-facs_252_tr_1744280813	matched		bio	"{""entry_type"": ""writer"", ""volume"": ""2"", ""span"": ""1288-1288"", ""birth_date"": ""1884"", ""death_date"": ""1917-02-12""}"
person:2528	person	מאָרק מיאָדאָווניק	Mark Myodovnik	people_db	2528	entry_person_id:P-2-facs_253_tr_1744280798	matched		bio	"{""entry_type"": ""performer"", ""volume"": ""2"", ""span"": ""1289-1289"", ""birth_date"": ""1870"", ""credit"": ""ש. ע פֿון מאַרק לייפציקער.""}"
person:2467	person	שמוּאל מיגדאַלאָוויטש (מאַנדעל)	Shmuel Migdalovitsh	people_db	2467	entry_person_id:P-2-facs_253_tr_1744280789	matched		bio	"{""entry_type"": ""other"", ""volume"": ""2"", ""span"": ""1290-1290"", ""birth_date"": ""1893-01-19"", ""credit"": ""ש. ע.""}"
place:Q2093899	place	לענין	Lienin	wikidata_qid	Q2093899	"{""kima_id"": ""19528"", ""lat"": """", ""lon"": """"}"	candidate		bio	
person:2468	person	איגנאַצי מיגדאַלסקי (מיגדאַל)	Ignatsi Migdalski	people_db	2468	entry_person_id:P-2-facs_254_tr_1744280771	matched		bio	"{""entry_type"": ""performer"", ""volume"": ""2"", ""span"": ""1291-1291"", ""birth_date"": ""1877~"", ""death_date"": ""1909-09-25"", ""credit"": ""מ. ע. פֿון נחום ליפּאָווסקי, ה. פיינשטיין, הירש פלאַום און א. ג קאָמפּאַניעעץ.""}"
person:2465	person	אַדאַלף מידע (אברהם)	Adolfo Mide	people_db	2465	entry_person_id:P-2-facs_254_tr_1744280774	matched		bio	"{""entry_type"": ""director_regisseur"", ""volume"": ""2"", ""span"": ""1292-1292"", ""credit"": ""ש. ע.""}"
person:2493	person	אייק מיטניק	Ike Mitnick	people_db	2493	entry_person_id:P-2-facs_254_r_4	matched		bio	"{""entry_type"": ""administrator"", ""volume"": ""2"", ""span"": ""1292-1292"", ""birth_date"": ""1890-01-09"", ""credit"": ""מ. ע.""}"
person:2494	person	לייזער מיטניק	Leiser Mitnick	people_db	2494	entry_person_id:P-2-facs_254_tr_1744280773	matched		bio	"{""entry_type"": ""performer"", ""volume"": ""2"", ""span"": ""1292-1293"", ""birth_date"": ""1866"", ""death_date"": ""1915-10-29"", ""credit"": ""מ. ע. פֿון אייק מיטניק און בועז יאָנג.""}"
place:Q340	place	מאנטרעאל	Montreal	wikidata_qid	Q340	"{""kima_id"": ""9750"", ""lat"": ""45.503343"", ""lon"": ""-73.586841""}"	matched		bio	
place:UPL-0079	place	בית עולם פֿון דער היברו סיק בענעפיט אַסאָסיישאָן					unmatched	attestation:unlinked	bio	
person:2495	person	אהרן מיטעלמאַן	Aaron Mittelman	people_db	2495	entry_person_id:P-2-facs_255_tr_1744280686	matched		bio	"{""entry_type"": ""performer"", ""volume"": ""2"", ""span"": ""1294-1294"", ""birth_date"": ""1868~"", ""death_date"": ""1925-07-26"", ""credit"": ""מ. ע. פֿון זיידל העלמאַן.""}"
person:2529	person	בּעלאַ מייזעל	Bella Mysell	people_db	2529	entry_person_id:P-2-facs_256_tr_1744280809	matched		bio	"{""volume"": ""2"", ""span"": ""1295-1295""}"
person:2428	person	היימאַן מייזעל (חיים)	Hyman Meisel	people_db	2428	entry_person_id:P-2-facs_256_tr_1744280806	matched		bio	"{""entry_type"": ""performer"", ""volume"": ""2"", ""span"": ""1295-1296"", ""birth_date"": ""1866-03"", ""credit"": ""מ. ע.""}"
place:Q1020037	place	קיליקאוו	Kulykiv	wikidata_qid	Q1020037	"{""kima_id"": ""84083"", ""lat"": """", ""lon"": """"}"	candidate		bio	
person:2430	person	קלאַראַ מייזּעלס (פרידהאָפער)	Clara Meisels	people_db	2430	entry_person_id:P-2-facs_257_tr_1744280825	matched		bio	"{""entry_type"": ""performer"", ""volume"": ""2"", ""span"": ""1297-1297"", ""birth_date"": ""1896-12-02"", ""credit"": ""ש. ע.""}"
person:2454	person	גרעטא מייער	Greta Meyer	people_db	2454	entry_person_id:P-2-facs_257_tr_1744280823	matched		bio	"{""entry_type"": ""performer"", ""volume"": ""2"", ""span"": ""1298-1298"", ""birth_date"": ""1886"", ""credit"": ""מ. ע.""}"
place:Q3828	place	דעסוי	Dessau-Roßlau	wikidata_qid	Q3828	"{""kima_id"": ""75861"", ""lat"": """", ""lon"": """"}"	matched		bio	
person:2455	person	העניך מייער	Hanoch Meyer	people_db	2455	entry_person_id:P-2-facs_258_tr_1744280733	matched		bio	"{""entry_type"": ""performer"", ""volume"": ""2"", ""span"": ""1299-1299"", ""birth_date"": ""1899-09-19"", ""credit"": ""ש. ע. פֿון מלך הערשקאָוויטש.""}"
place:Q10753859	place	דאָרף דאַרמאַנעשטי	Dărmănești	wikidata_qid	Q10753859	"{""kima_id"": """", ""lat"": """", ""lon"": """"}"	matched		bio	
person:2458	person	טעסי מייעראָוויטש (טויבּע שטאַרק)	Tessie Meyerowitz	people_db	2458	entry_person_id:P-2-facs_259_r	matched		bio	"{""entry_type"": ""performer"", ""volume"": ""2"", ""span"": ""1301-1301"", ""birth_date"": ""1891"", ""credit"": ""ש. ע. פֿון דוד מייעראָוויטש.""}"
place:Q146663	place	מאַנאַסטעזשיסק	Monastyryska Raion	wikidata_qid	Q146663	"{""kima_id"": """", ""lat"": """", ""lon"": """"}"	candidate		bio	
person:2462	person	דזשוּליוּס מייקעלזאׇהן (יהוּדה מיכעלזאָהן)	Julius Michaelson	people_db	2462	entry_person_id:P-2-facs_262_tr_1744280752	matched		bio	"{""entry_type"": ""performer"", ""volume"": ""2"", ""span"": ""1308-1308""}"
person:2469	person	בּ. מיכאַלעוויטש (יוסף איזבּיצקי)	B. Mikhalevitsh	people_db	2469	entry_person_id:P-2-facs_262_tr_1744280732	matched		bio	"{""entry_type"": ""writer"", ""volume"": ""2"", ""span"": ""1308-1308"", ""birth_date"": ""1878-12"", ""death_date"": ""1928-10-30""}"
place:UPL-0080	place	קאָוואָלאָווקאַ					unmatched	attestation:unlinked	bio	
person:2470	person	ס. מיכאָעלס (שלמה וואָלפסי)	Solomon Mikhoels	people_db	2470	entry_person_id:P-2-facs_264_r	matched		bio	"{""entry_type"": ""performer"", ""volume"": ""2"", ""span"": ""1312-1313"", ""birth_date"": ""1890-03-04"", ""credit"": ""מ. ע.""}"
person:2471	person	חייקע מילבערג (פּאַסקאַל)	Kheyke Milberg	people_db	2471	entry_person_id:P-2-facs_265_tr_1744280818	matched		bio	"{""entry_type"": ""performer"", ""volume"": ""2"", ""span"": ""1314-1314"", ""birth_date"": ""1897"", ""credit"": ""ש. ע.""}"
person:2482	person	מ. מילטאָן	M. and I. Milton	people_db	2482	entry_person_id:P-2-facs_265_r_4	matched		bio	"{""entry_type"": ""writer"", ""volume"": ""2"", ""span"": ""1314-1314""}"
person:2483	person	איסאַק מילטשין	Isak Miltshin	people_db	2483	entry_person_id:P-2-facs_266_tr_1744280774	matched		bio	"{""entry_type"": ""other"", ""volume"": ""2"", ""span"": ""1315-1315"", ""birth_date"": ""1895-05-01"", ""credit"": ""ש. ע. פֿון ל. דושמאַן.""}"
place:Q2553054	place	איווענען	Girls on the Side	wikidata_qid	Q2553054	"{""kima_id"": """", ""lat"": """", ""lon"": """"}"	candidate		bio	
person:2473	person	זקן מיליך	Zokn Milikh	people_db	2473	entry_person_id:P-2-facs_266_r_2	matched		bio	"{""entry_type"": ""performer"", ""volume"": ""2"", ""span"": ""1315-1315"", ""birth_date"": ""1879-07-22"", ""credit"": ""ש. ע.""}"
person:2472	person	יעקב מילך	Jacob Milch	people_db	2472	entry_person_id:P-2-facs_266_tr_1744280767	matched		bio	"{""entry_type"": ""writer"", ""volume"": ""2"", ""span"": ""1316-1316"", ""birth_date"": ""1888-12-24""}"
person:2476	person	העלענאַ מיללער	Helena Miller	people_db	2476	entry_person_id:P-2-facs_266_tr_1744280784	matched		bio	"{""entry_type"": ""writer"", ""volume"": ""2"", ""span"": ""1316-1316""}"
place:UPL-0081	place	הר לבנון בית עולם					unmatched	attestation:unlinked	bio	
person:2479	person	ש. מיללער (ישעיה)	Sh. Miller	people_db	2479	entry_person_id:P-2-facs_268_r_12	matched		bio	"{""entry_type"": ""writer"", ""volume"": ""2"", ""span"": ""1319-1319"", ""birth_date"": ""1892-11""}"
place:UPL-0082	place	דאָרף פֿיליפּאָוויטש					unmatched	attestation:unlinked	bio	
person:2480	person	מאַרקאָ מילנער (מאַרעק)	Marko Milner	people_db	2480	entry_person_id:P-2-facs_268_tr_1744280822	matched		bio	"{""entry_type"": ""performer"", ""volume"": ""2"", ""span"": ""1320-1320"", ""birth_date"": ""1884~"", ""death_date"": ""1929-10-22""}"
person:2481	person	מוישע מילנער	Moishe Milner	people_db	2481	entry_person_id:P-2-facs_269_tr_1744280807	matched		bio	"{""entry_type"": ""composer"", ""volume"": ""2"", ""span"": ""1321-1321"", ""birth_date"": ""1886"", ""credit"": ""ש. ע.""}"
place:Q2162658	place	ראַקיטנאָ	Rokytne	wikidata_qid	Q2162658	"{""kima_id"": ""26881"", ""lat"": """", ""lon"": """"}"	matched		bio	
person:2477	person	היימאַן מילער	Hyman [?] Miller	people_db	2477	entry_person_id:P-2-facs_269_tr_1744280809	matched		bio	"{""entry_type"": ""director_regisseur"", ""volume"": ""2"", ""span"": ""1322-1322""}"
person:2475	person	הערי מילער (הערש מאַלעטץ)	Harry Miller	people_db	2475	entry_person_id:P-2-facs_270_tr_1744280697	matched		bio	"{""entry_type"": ""performer"", ""volume"": ""2"", ""span"": ""1323-1323"", ""birth_date"": ""1884"", ""credit"": ""מ. ע.""}"
person:863	person	חנן-יעקב מיניקעס	Chanan Yaakov Minikes	people_db	863	entry_person_id:P-2-facs_270_tr_1744280698	matched		bio	"{""entry_type"": ""writer"", ""volume"": ""2"", ""span"": ""1323-1324"", ""birth_date"": ""1867"", ""death_date"": ""1932-03-27""}"
person:2488	person	מייקעל מינץ (מיכאל)	Michael Mintz	people_db	2488	entry_person_id:P-2-facs_271_tr_1744280771	matched		bio	"{""entry_type"": ""administrator"", ""volume"": ""2"", ""span"": ""1325-1327"", ""birth_date"": ""1858"", ""death_date"": ""1912-04-14""}"
person:2485	person	יוכבד מינקאָוואַ	Yocheved-Yehudis Minkova	people_db	2485	entry_person_id:P-2-facs_273_tr_1744280708	matched		bio	"{""entry_type"": ""performer"", ""volume"": ""2"", ""span"": ""1329-1329"", ""birth_date"": ""1897-09-17"", ""credit"": ""מ. ע.""}"
person:2486	person	משה מינקוס	Moshe Minkus	people_db	2486	entry_person_id:P-2-facs_273_r_4	matched		bio	"{""entry_type"": ""writer"", ""volume"": ""2"", ""span"": ""1329-1329"", ""birth_date"": ""1891-04-22""}"
person:2466	person	נחמן מיפעלעוו	Nakhmen Mifelev	people_db	2466	entry_person_id:P-2-facs_273_r	matched		bio	"{""entry_type"": ""writer"", ""volume"": ""2"", ""span"": ""1330-1330"", ""birth_date"": ""1896-05-16""}"
place:Q958847	place	סקידעל	Skidzieĺ	wikidata_qid	Q958847	"{""kima_id"": ""72099"", ""lat"": """", ""lon"": """"}"	candidate		bio	
person:2490	person	מאַקס מישוּראַט (מאָטל)	Max Mishurat	people_db	2490	entry_person_id:P-2-facs_274_r_2	matched		bio	"{""entry_type"": ""performer"", ""volume"": ""2"", ""span"": ""1331-1331"", ""birth_date"": ""1901~"", ""death_date"": ""1921"", ""credit"": ""ש. ע פֿון מאַרק לייפציקער.""}"
place:Q212	place	אוקראינע	Ukraine	wikidata_qid	Q212	"{""kima_id"": ""9105"", ""lat"": """", ""lon"": """"}"	matched		bio	
person:2492	person	סאׇניע מישוּראַט (שרה-כייקע ראַבּינאָוויטש)	Sonya Mishurat	people_db	2492	entry_person_id:P-2-facs_274_tr_1744280822	matched		bio	"{""entry_type"": ""performer"", ""volume"": ""2"", ""span"": ""1332-1332"", ""credit"": ""מ. ע. פֿון מישע בודקין און ש. ע. פֿון דוד רייץ און מאַרק לייפציקער.""}"
person:2489	person	ראָזע מישנוּן (ראַשעל)	Rose Mishnun	people_db	2489	entry_person_id:P-2-facs_274_tr_1744280827	matched		bio	"{""entry_type"": ""writer"", ""volume"": ""2"", ""span"": ""1332-1332"", ""birth_date"": ""1883-03-02"", ""credit"": ""ש. ע.""}"
place:UPL-0083	place	דאַרף מישנין					unmatched	attestation:unlinked	bio	
person:2375	person	ל. מלאך (לייבּל זאַלצמאַן)	Leib Malach	people_db	2375	entry_person_id:P-2-facs_275_tr_1744280807	matched		bio	"{""entry_type"": ""writer"", ""volume"": ""2"", ""span"": ""1333-1336"", ""birth_date"": ""1894-11-27"", ""credit"": ""ש. ע.""}"
place:Q858713	place	אונגעני	Ungheni	wikidata_qid	Q858713	"{""kima_id"": ""15533"", ""lat"": """", ""lon"": """"}"	matched		bio	
person:2439	person	מנחם גאָלדבּערג (מנחם)	Menakhem	people_db	2439	entry_person_id:P-2-facs_277_tr_1744280830	matched		bio	"{""entry_type"": ""writer"", ""volume"": ""2"", ""span"": ""1338-1339"", ""birth_date"": ""1888""}"
person:2425	person	דייוויד מעדאָוו	David Medoff	people_db	2425	entry_person_id:P-2-facs_278_tr_1744280831	matched		bio	"{""entry_type"": ""performer"", ""volume"": ""2"", ""span"": ""1340-1340"", ""birth_date"": ""1888-01-22"", ""credit"": ""מ. און ש. ע.""}"
person:2426	person	ראַיסע מעדוועדעוואַ	Raisa Medviedeva	people_db	2426	entry_person_id:P-2-facs_278_tr_1744280823	matched		bio	"{""entry_type"": ""performer"", ""volume"": ""2"", ""span"": ""1340-1340"", ""birth_date"": ""1874"", ""credit"": ""ש. ע. פֿיין מאַרק לייפציקער און מ. ע. פֿון א. קאָמפּאַניעעץ.""}"
person:2427	person	ראָסי מעדוויעדעוואַ	Rosie Medviedeva	people_db	2427	entry_person_id:P-2-facs_279_tr_1744280717	matched		bio	"{""entry_type"": ""performer"", ""volume"": ""2"", ""span"": ""1341-1341"", ""birth_date"": ""1888-03"", ""credit"": ""ש. ע. פֿון מאַרק לייפציקער.""}"
person_entry:P-2-facs_279_r_2	person	מעיט און גראָפּער		entry_person_id	P-2-facs_279_r_2		unmatched		bio	"{""entry_type"": ""other"", ""volume"": ""2"", ""span"": ""1341-1341"", ""credit"": ""מ. ע. פֿיין אַברהם גראָפּער.""}"
person_entry:P-2-facs_279_tr_1744280711	person	מעלוכישער יידישער טעאַטער אין אוקראינע.		entry_person_id	P-2-facs_279_tr_1744280711		unmatched		bio	"{""entry_type"": ""theatre"", ""volume"": ""2"", ""span"": ""1342-1350"", ""birth_date"": ""1925"", ""credit"": ""ש. ע פֿון מאַרק לייפציקער.""}"
person:2433	person	אַלטער מעליצער (אַלטער הערץ)	Alter Melitzer	people_db	2433	entry_person_id:P-2-facs_284_tr_1744280795	matched		bio	"{""entry_type"": ""performer"", ""volume"": ""2"", ""span"": ""1351-1351"", ""credit"": ""מ. ע. פֿון ישראל-מענדל הערץ.""}"
place:Q214844	place	מיעלעץ	Michelin Guide	wikidata_qid	Q214844	"{""kima_id"": """", ""lat"": """", ""lon"": """"}"	candidate		bio	
person:2434	person	מאיר מעלמאַן	Meir Melman	people_db	2434	entry_person_id:P-2-facs_284_tr_1744280797	matched		bio	"{""entry_type"": ""performer"", ""volume"": ""2"", ""span"": ""1351-1351"", ""birth_date"": ""1900"", ""credit"": ""ש. ע.""}"
place:Q864836	place	זשולקיעוו	Zhovkva	wikidata_qid	Q864836	"{""kima_id"": ""1703"", ""lat"": """", ""lon"": """"}"	candidate		bio	
person:2437	person	איזידאָר מעלצער	Isidor Meltzer	people_db	2437	entry_person_id:P-2-facs_285_tr_1744280833	matched		bio	"{""entry_type"": ""performer"", ""volume"": ""2"", ""span"": ""1354-1354"", ""birth_date"": ""1883-04-15"", ""credit"": ""ש. ע.""}"
person:2438	person	דזשוּליוס מעלצער	Julius Meltzer	people_db	2438	entry_person_id:P-2-facs_286_tr_1744280806	matched		bio	"{""entry_type"": ""performer"", ""volume"": ""2"", ""span"": ""1355-1355"", ""birth_date"": ""1878-04-12"", ""credit"": ""ש. ע.""}"
person:2445	person	אברהם מענדזשעלעווסקי	Avraham Mendzelevsky	people_db	2445	entry_person_id:P-2-facs_286_tr_1744280812	matched		bio	"{""entry_type"": ""performer"", ""volume"": ""2"", ""span"": ""1356-1356"", ""birth_date"": ""1892"", ""credit"": ""ש. ע.""}"
person:2443	person	דזשאָזעף מענדעלסאָן	Jozef Mendelson	people_db	2443	entry_person_id:P-2-facs_286_tr_1744280821	matched		bio	"{""entry_type"": ""performer"", ""volume"": ""2"", ""span"": ""1356-1356"", ""credit"": ""מ. ע. פֿון פּיטער זוסמאַן.""}"
person:2444	person	שלמה מענדעלסאָן (קוּיאַווסקי)	Shlomo Mendelson	people_db	2444	entry_person_id:P-2-facs_287_tr_1744280761	matched		bio	"{""entry_type"": ""performer"", ""volume"": ""2"", ""span"": ""1357-1357"", ""birth_date"": ""1879-05-10"", ""credit"": ""ש. ע.""}"
person:3469	person	שלום-יעקב אַבראַמאָוויטש		people_db	3469	entry_person_id:P-2-facs_287_tr_1744280748	matched		bio	"{""entry_type"": ""writer"", ""volume"": ""2"", ""span"": ""1358-1368"", ""birth_date"": ""1836-01-02"", ""death_date"": ""1917-12-08""}"
place:Q4232525	place	קאפוליע געטא	Kopyl Ghetto	wikidata_qid	Q4232525	"{""kima_id"": """", ""lat"": """", ""lon"": """"}"	matched		bio	
person:2441	person	דוד מענדעלעוויטש	David Mendelevitsh	people_db	2441	entry_person_id:P-2-facs_292_tr_1744280734	matched		bio	"{""entry_type"": ""performer"", ""volume"": ""2"", ""span"": ""1368-1368"", ""birth_date"": ""1888"", ""credit"": ""ש. ע.""}"
person:2442	person	פאַניע מענדעלעוויטש	Fanya Mendelevitsh	people_db	2442	entry_person_id:P-2-facs_292_tr_1744280742	matched		bio	"{""entry_type"": ""performer"", ""volume"": ""2"", ""span"": ""1368-1368"", ""credit"": ""ש. ע.""}"
person:2446	person	יעלענאַ מענעס	Yelena Menes	people_db	2446	entry_person_id:P-2-facs_293_tr_1744280708	matched		bio	"{""entry_type"": ""performer"", ""volume"": ""2"", ""span"": ""1271-1271"", ""birth_date"": ""1905-08-27"", ""credit"": ""ש. ע.""}"
person:2450	person	יצחק מעסטעל (יונה)	Yitzhak Mestel	people_db	2450	entry_person_id:P-2-facs_295_tr_1744280772	matched		bio	"{""entry_type"": ""performer"", ""volume"": ""2"", ""span"": ""1374-1374"", ""birth_date"": ""1894-09-15"", ""credit"": ""ש. ע.""}"
person:3297	person	מעריסאָן, י. מ.	A. Yam	people_db	3297	entry_person_id:P-2-facs_297_r_6	matched		bio	"{""entry_type"": ""other"", ""volume"": ""2"", ""span"": ""1377-1377""}"
person:2448	person	וואָלף מערקוּר	Wolf Merkur	people_db	2448	entry_person_id:P-2-facs_298_tr_1744280755	matched		bio	"{""entry_type"": ""performer"", ""volume"": ""2"", ""span"": ""1379-1379"", ""birth_date"": ""1897-11-10"", ""credit"": ""ש. און מ. ע.""}"
person:2398	person	אליהו מרגליות	Eliyahu Margolius	people_db	2398	entry_person_id:P-2-facs_298_tr_1744280754	matched		bio	"{""entry_type"": ""writer"", ""volume"": ""2"", ""span"": ""1380-1380"", ""birth_date"": ""1886""}"
person:2395	person	ידידיה מרגלית	Yedidya Margolis	people_db	2395	entry_person_id:P-2-facs_298_tr_1744280758	matched		bio	"{""entry_type"": ""writer"", ""volume"": ""2"", ""span"": ""1380-1380"", ""birth_date"": ""1884-09-22""}"
place:UPL-0084	place	דאָרף פּוסטיקי					unmatched	attestation:unlinked	bio	
person:3599	person	ר מרדכילע (חיים-אליעזר-משה טשעמערינסקי)		people_db	3599	entry_person_id:P-2-facs_299_tr_1744280815	matched		bio	"{""entry_type"": ""writer"", ""volume"": ""2"", ""span"": ""1381-1381"", ""birth_date"": ""1862"", ""death_date"": ""1917-01-13""}"
place:Q1049200	place	מאָטעלע	Ságat	wikidata_qid	Q1049200	"{""kima_id"": """", ""lat"": """", ""lon"": """"}"	candidate		bio	
person:2412	person	קאַרל מרמר (קלמן-צבי)	Karl Marmor	people_db	2412	entry_person_id:P-2-facs_299_tr_1744280816	matched		bio	"{""entry_type"": ""writer"", ""volume"": ""2"", ""span"": ""1382-1382"", ""birth_date"": ""1879-10-10"", ""credit"": ""מ. ע.""}"
place:Q3494848	place	מיישעגאָלע	Maišiagala	wikidata_qid	Q3494848	"{""kima_id"": """", ""lat"": """", ""lon"": """"}"	candidate		bio	
person:2548	person	אברהם נאַאוּמאָוו	Avraham Naumov	people_db	2548	entry_person_id:P-2-facs_300_tr_1744280754	matched		bio	"{""entry_type"": ""writer"", ""volume"": ""2"", ""span"": ""1383-1383"", ""credit"": ""מ. ע. פֿון ס. ה. קאָן.""}"
person:812	person	לעאן נאַדאָלסקי (לייבּ)	Leon Nadolsky	people_db	812	entry_person_id:P-2-facs_301_tr_1744365783	matched		bio	"{""entry_type"": ""performer"", ""volume"": ""2"", ""span"": ""1386-1386"", ""birth_date"": ""1865-02-10"", ""credit"": ""ש. ע.""}"
person:840	person	סאָניאַ נאַדאָלסקי (שרה קאַץ)	Sonya Nadolsky	people_db	840	entry_person_id:P-2-facs_302_tr_1744365753	matched		bio	"{""entry_type"": ""performer"", ""volume"": ""2"", ""span"": ""1387-1387"", ""birth_date"": ""1887-09-01"", ""credit"": ""ש. ע.""}"
person:2532	person	נאַדינאַ (נ. בּ. קאַצנעלבּויגן)	Nadina	people_db	2532	entry_person_id:P-2-facs_302_tr_1744365754	matched		bio	"{""entry_type"": ""performer"", ""volume"": ""2"", ""span"": ""1388-1388"", ""birth_date"": ""1898"", ""credit"": ""ש. ע פֿון מאַרק לייפציקער.""}"
place:Q157835	place	זאפאראזשיע	Zaporizhzhia	wikidata_qid	Q157835	"{""kima_id"": ""10765"", ""lat"": """", ""lon"": """"}"	matched		bio	
place:Q4313044	place	נאַראַיעוו	Narayiv	wikidata_qid	Q4313044	"{""kima_id"": ""10603"", ""lat"": """", ""lon"": """"}"	matched		bio	
person:2531	person	בּעלאַ נאַדעל (נאַדאָלסקי)	Bela Nadel	people_db	2531	entry_person_id:P-2-facs_305_tr_1744365745	matched		bio	"{""entry_type"": ""performer"", ""volume"": ""2"", ""span"": ""1393-1393"", ""birth_date"": ""1899-03"", ""credit"": ""ש. ע.""}"
person:2577	person	מאריס נאוויקאָוו (בּאַכנאָוו)	Morris Novikov	people_db	2577	entry_person_id:P-2-facs_305_tr_1744365746	matched		bio	"{""entry_type"": ""performer"", ""volume"": ""2"", ""span"": ""1393-1393"", ""birth_date"": ""1892-06-17"", ""credit"": ""ש.ע.""}"
person:2579	person	יצחק נאָזשיק	Itzhak Nozyk	people_db	2579	entry_person_id:P-2-facs_305_tr_1744365748	matched		bio	"{""entry_type"": ""writer"", ""volume"": ""2"", ""span"": ""1394-1395"", ""birth_date"": ""1889-04-23"", ""credit"": ""ש.ע""}"
person:2540	person	בּ. נאַטאַן (נאַטאַן בּרייטמאַן)	B. Natan	people_db	2540	entry_person_id:P-2-facs_306_tr_1744365745	matched		bio	"{""entry_type"": ""performer"", ""volume"": ""2"", ""span"": ""1393-1393"", ""birth_date"": ""1899-09-16"", ""credit"": ""ש.ע""}"
person:2543	person	שמחה נאַטאַן	Simcha Natan	people_db	2543	entry_person_id:P-2-facs_307_tr_1744365741	matched		bio	"{""entry_type"": ""performer"", ""volume"": ""2"", ""span"": ""1398-1398"", ""birth_date"": ""1892-08-15"", ""credit"": ""מ. ע.""}"
person:2542	person	שרה נאַטאַן	Sarah Natan	people_db	2542	entry_person_id:P-2-facs_307_r_1	matched		bio	"{""entry_type"": ""performer"", ""volume"": ""2"", ""span"": ""1398-1398"", ""credit"": ""מ. ע. פֿון יונה רייזמאַן.""}"
person:2545	person	אַננאַ נאַטאַנסאָן (מילשטיין)	Anna Nathanson	people_db	2545	entry_person_id:P-2-facs_308_r	matched		bio	"{""entry_type"": ""performer"", ""volume"": ""2"", ""span"": ""1399-1399""}"
person:2546	person	דזשוּליוּס נאַטאַנסאָן (יוליוס, חנינא)	Julius Nathanson	people_db	2546	entry_person_id:P-2-facs_308_tr_1744365754	matched		bio	"{""entry_type"": ""other"", ""volume"": ""2"", ""span"": ""1399-1399""}"
person:745	person	טשאַרלס נאַטאַנסאָן	Charles Nathanson	people_db	745	entry_person_id:P-2-facs_308_r_2	matched		bio	"{""entry_type"": ""performer"", ""volume"": ""2"", ""span"": ""1399-1399""}"
person:2544	person	אַמאַליע נאַטאַנסאָן (נאַטאַליאַ)	Amalya Natanson	people_db	2544	entry_person_id:P-2-facs_308_tr_1744365761	matched		bio	"{""entry_type"": ""performer"", ""volume"": ""2"", ""span"": ""1399-1399"", ""credit"": ""מ. ע. פֿון מישע נאָכאַמקוס אין עמנואל טשיזשיק.""}"
place:UPL-0085	place	פּאָוועליטש					unmatched	attestation:unlinked	bio	
person:2547	person	סאָניא נאַטאַנסאָן (חיה-שרה)	Sonia Nathanson	people_db	2547	entry_person_id:P-2-facs_309_tr_1744365742	matched		bio	"{""entry_type"": ""performer"", ""volume"": ""2"", ""span"": ""1402-1402"", ""birth_date"": ""1894-12"", ""credit"": ""מ.ע.""}"
person:2535	person	דאָלי נאכבּאר (אוּרי)	Doli Nakhbar	people_db	2535	entry_person_id:P-2-facs_310_tr_1744365759	matched		bio	"{""entry_type"": ""performer"", ""volume"": ""2"", ""span"": ""1403-1403"", ""birth_date"": ""1903-12-18"", ""credit"": ""מ.ע""}"
place:Q118995	place	מוש	Muş	wikidata_qid	Q118995	"{""kima_id"": ""16753"", ""lat"": """", ""lon"": """"}"	candidate		bio	
person:2538	person	אַראָן נאַמיאָט	Aron Namyot	people_db	2538	entry_person_id:P-2-facs_312_tr_1744365814	matched		bio	"{""entry_type"": ""administrator"", ""volume"": ""2"", ""span"": ""1408-1408"", ""birth_date"": ""1903-02-15"", ""credit"": ""ש. ע. פֿון בנימין זיסקין.""}"
person:2537	person	אברהם-חיים נאמן	Avraham Chaim Namn	people_db	2537	entry_person_id:P-2-facs_312_tr_1744365809	matched		bio	"{""entry_type"": ""performer"", ""volume"": ""2"", ""span"": ""1408-1408"", ""birth_date"": ""1891"", ""credit"": ""ש. ע.""}"
person:2573	person	בּארוּך נאָרד (בּענעדיקט לעווין)	Barukh Nord	people_db	2573	entry_person_id:P-2-facs_313_tr_1744365816	matched		bio	"{""entry_type"": ""performer"", ""volume"": ""2"", ""span"": ""1408-1408"", ""birth_date"": ""1901-10-26"", ""credit"": ""ש. ע.""}"
person:2576	person	מאָריץ נאָרוויד (טרעפלער)	Moritz Norvid	people_db	2576	entry_person_id:P-2-facs_313_tr_1744365813	matched		bio	"{""entry_type"": ""director_regisseur"", ""volume"": ""2"", ""span"": ""1408-1410"", ""birth_date"": ""1895-07-04"", ""credit"": ""ש. ע פֿון מאַרק לייפציקער.""}"
person:2575	person	יצכאָק נאָרינסקי	Yitzchok Norinsky	people_db	2575	entry_person_id:P-2-facs_314_tr_1744365761	matched		bio	"{""entry_type"": ""performer"", ""volume"": ""2"", ""span"": ""1411-1411"", ""birth_date"": ""1890-12-12"", ""credit"": ""ש. ע. פֿון מאַרק לייפציקער.""}"
place:UPL-0086	place	דאַרף באן					unmatched	attestation:unlinked	bio	
place:Q157053	place	טשערניכאָוו	Chernihiv	wikidata_qid	Q157053	"{""kima_id"": ""9159"", ""lat"": """", ""lon"": """"}"	matched		bio	
person:2582	person	אברהם נוּסבּוים	Avraham Nusbaum	people_db	2582	entry_person_id:P-2-facs_316_tr_1744365729	matched		bio	"{""volume"": ""2"", ""span"": ""1415-1415""}"
person:2550	person	נחמה ליפשיץ-קאַדיש	Nechama	people_db	2550	entry_person_id:P-2-facs_316_tr_1744365733	matched		bio	"{""entry_type"": ""performer"", ""volume"": ""2"", ""span"": ""1415-1416"", ""birth_date"": ""1892"", ""credit"": ""מ. ע. פון ל. מאָרגענשטערן.""}"
place:UPL-0087	place	כאַטיעוויטש					unmatched	attestation:misresolved	bio	
place:UPL-0088	place	דווקאַר					unmatched	attestation:unlinked	bio	
person:2560	person	מאָזעס ניי	Mozes Ney	people_db	2560	entry_person_id:P-2-facs_317_tr_1744365783	matched		bio	"{""entry_type"": ""performer"", ""volume"": ""2"", ""span"": ""1418-1418"", ""birth_date"": ""1891-04-07"", ""credit"": ""ש. ע. דורך בנימין זיסקין.""}"
place:UPL-0089	place	באאליטק					unmatched	attestation:unlinked	bio	
person:2558	person	וואׇלף נייהויז	Wolf Neuhaus	people_db	2558	entry_person_id:P-2-facs_317_r_3	matched		bio	"{""entry_type"": ""administrator"", ""volume"": ""2"", ""span"": ""1418-1418"", ""birth_date"": ""1891-01-20"", ""credit"": ""ש. ע.""}"
place:Q841029	place	איזשביץ	Izi︠a︡slav (Ukraine)	wikidata_qid	Q841029	"{""kima_id"": ""15851"", ""lat"": """", ""lon"": """"}"	matched		bio	
person:3809	person	אברהם ניימאַן (בּאַראַקאַן)		people_db	3809	entry_person_id:P-2-facs_318_tr_1744365808	matched		bio	"{""entry_type"": ""performer"", ""volume"": ""2"", ""span"": ""1419-1419"", ""birth_date"": ""1865-03-28"", ""credit"": ""מ. ע.""}"
person:2561	person	אהרן ניימאַן	Aaron Neyman	people_db	2561	entry_person_id:P-2-facs_318_r_2	matched		bio	"{""entry_type"": ""performer"", ""volume"": ""2"", ""span"": ""1420-1420"", ""birth_date"": ""1876"", ""credit"": ""ש. ע.""}"
person:2563	person	יחזקאל-משה ניימאַן	Yekhezkel Moshe Neyman	people_db	2563	entry_person_id:P-2-facs_318_tr_1744365811	matched		bio	"{""entry_type"": ""writer"", ""volume"": ""2"", ""span"": ""1420-1420"", ""birth_date"": ""1893""}"
person:2562	person	יצחק ניימאַן	Itzhak Neyman	people_db	2562	entry_person_id:P-2-facs_319_tr_1744365779	matched		bio	"{""entry_type"": ""writer"", ""volume"": ""2"", ""span"": ""1421-1421"", ""birth_date"": ""1869"", ""death_date"": ""1931-07-28""}"
place:Q4120832	place	קעניגסבערג	Königsberg	wikidata_qid	Q4120832	"{""kima_id"": """", ""lat"": ""54.711472"", ""lon"": ""20.509306""}"	matched		bio	
place:UPL-0090	place	יידישן שפּיטאָל					unmatched	attestation:unlinked	bio	
person_entry:P-2-facs_319_r_1	person	נימאַנאָוויץ, נפתלי-הערץ		entry_person_id	P-2-facs_319_r_1		unmatched		bio	"{""entry_type"": ""writer"", ""volume"": ""2"", ""span"": ""1422-1422"", ""birth_date"": ""1843-02-12"", ""death_date"": ""1898""}"
place:Q1025336	place	יוזעפּאָוו	Józefów	wikidata_qid	Q1025336	"{""kima_id"": """", ""lat"": """", ""lon"": """"}"	matched		bio	
person:2565	person	דוד ניימאַרק	David Neymark	people_db	2565	entry_person_id:P-2-facs_319_tr_1744365790	matched		bio	"{""entry_type"": ""writer"", ""volume"": ""2"", ""span"": ""1422-1422"", ""birth_date"": ""1866"", ""death_date"": ""1924-12-20""}"
place:Q393	place	שטעטין	Szczecin	wikidata_qid	Q393	"{""kima_id"": ""9163"", ""lat"": """", ""lon"": """"}"	matched		bio	
person:2570	person	יעקב ניסענבּוים	Yakov Nisenboym	people_db	2570	entry_person_id:P-2-facs_320_tr_1744365794	matched		bio	"{""entry_type"": ""director_regisseur"", ""volume"": ""2"", ""span"": ""1423-1423"", ""birth_date"": ""1894"", ""credit"": ""ש. ע. פֿון שלמה שיינבערג.""}"
place:Q1959	place	קאנסקאוואלע	Końskowola	wikidata_qid	Q1959	"{""kima_id"": ""175"", ""lat"": """", ""lon"": """"}"	matched		bio	
place:Q324892	place	סטאַשעוו	Staszów	wikidata_qid	Q324892	"{""kima_id"": ""13145"", ""lat"": """", ""lon"": """"}"	matched		bio	
person:2569	person	אשר-לייבּ נירענבּערג	Asher Leyb Nirenberg	people_db	2569	entry_person_id:P-2-facs_321_tr_1744365709	matched		bio	"{""entry_type"": ""performer"", ""volume"": ""2"", ""span"": ""1425-1425"", ""birth_date"": ""1890"", ""death_date"": ""1928-11-21""}"
person:734	person	מישע נעכאַמקאָס	Misha Nekhamkus	people_db	734	entry_person_id:P-2-facs_321_tr_1744365722	matched		bio	"{""entry_type"": ""performer"", ""volume"": ""2"", ""span"": ""1425-1425"", ""birth_date"": ""1865-06-14"", ""credit"": ""ש. ע.""}"
person:2552	person	טשאַרלס נעלסאָן (שכנא)	Charles Nelson	people_db	2552	entry_person_id:P-2-facs_321_tr_1744365724	matched		bio	"{""entry_type"": ""administrator"", ""volume"": ""2"", ""span"": ""1426-1426"", ""birth_date"": ""1895-08-04"", ""credit"": ""מ.ע.""}"
person:2553	person	לייע נעלסאָן (קאַצנעלסאָן)	Leye Nelson	people_db	2553	entry_person_id:P-2-facs_322_tr_1744365724	matched		bio	"{""entry_type"": ""performer"", ""volume"": ""2"", ""span"": ""1427-1427"", ""birth_date"": ""1905-09-05"", ""credit"": ""ש. ע.""}"
person:2556	person	משה נעסטאָר	Moshe Nestor	people_db	2556	entry_person_id:P-2-facs_322_tr_1744365731	matched		bio	"{""entry_type"": ""writer"", ""volume"": ""2"", ""span"": ""1428-1429"", ""birth_date"": ""1885-01-05"", ""credit"": ""מ. און ש. ע.""}"
place:Q505416	place	אניקשט	Anykščiai	wikidata_qid	Q505416	"{""kima_id"": ""20519"", ""lat"": """", ""lon"": """"}"	matched		bio	
person:3619	person	רבקה מאַצקין-ראַקאָוו (נערה)		people_db	3619	entry_person_id:P-2-facs_324_tr_1744365769	matched		bio	"{""entry_type"": ""performer"", ""volume"": ""2"", ""span"": ""1432-1432"", ""birth_date"": ""1909-11-03"", ""credit"": ""ש. ע. פֿון יוליוס ראַקאָוו.""}"
person:2817	person	דוד-משה סאַבּסיי	David Moshe Sabsey	people_db	2817	entry_person_id:P-2-facs_324_tr_1744365762	matched		bio	"{""entry_type"": ""performer"", ""volume"": ""2"", ""span"": ""1432-1433"", ""birth_date"": ""18"", ""death_date"": ""1921"", ""credit"": ""מ. ע. פֿון משה בודקין, נחום ליפּאָווסקי, יעקב קאַצמאַן, בינע אַבראָמאָוויטש, א. ג. קאָמפּאַניעעץ און ש. ע. פֿון מאַרק לייפציקער.""}"
person:2819	person	בּנימין סאַדיגוּרסקי	Benjamin Sadigurski	people_db	2819	entry_person_id:P-2-facs_325_r_4	matched		bio	"{""entry_type"": ""performer"", ""volume"": ""2"", ""span"": ""1434-1434"", ""birth_date"": ""1892-08-27"", ""credit"": ""ש.ע.""}"
person:2839	person	דזשוּבּי סאָוּר (בּאבּעלע)	Jubi Sauer	people_db	2839	entry_person_id:P-2-facs_325_tr_1744365772	matched		bio	"{""entry_type"": ""performer"", ""volume"": ""2"", ""span"": ""1434-1434"", ""credit"": ""מ. ע. פֿון משה שאָר און יוליוס גוטמאַן.""}"
person:2840	person	מאַלי סאַוּער	Mollie Sauer	people_db	2840	entry_person_id:P-2-facs_326_tr_1744365745	matched		bio	"{""entry_type"": ""performer"", ""volume"": ""2"", ""span"": ""1435-1435"", ""credit"": ""מ. ע. פֿון צעזאַר גרינבערג.""}"
person:3009	person	אָסקאַר סאָלאָמאָנעסקאָ	Oscar Solomonesco	people_db	3009	entry_person_id:P-2-facs_326_r_2	matched		bio	"{""entry_type"": ""performer"", ""volume"": ""2"", ""span"": ""1435-1435"", ""birth_date"": ""1869-04"", ""credit"": ""ש.ע""}"
person:3008	person	נעלי סאָלאָמאָנעסקאָ (אזארא)	Nellie Solomonesco	people_db	3008	entry_person_id:P-2-facs_326_tr_1744365744	matched		bio	"{""entry_type"": ""performer"", ""volume"": ""2"", ""span"": ""1436-1436"", ""birth_date"": ""1889"", ""credit"": ""ש. ע. פֿון אָסקאָר סאָלאָמאָנעסקאָ.""}"
place:UPL-0091	place	סטייט וויסקאַנסען					unmatched	attestation:unlinked	bio	
person:2823	person	ליזאַ סאַלמאַן	Lisa Salman	people_db	2823	entry_person_id:P-2-facs_326_tr_1744365739	matched		bio	"{""entry_type"": ""performer"", ""volume"": ""2"", ""span"": ""1436-1436"", ""birth_date"": ""1899"", ""death_date"": ""1928-08-03"", ""credit"": ""מ.ע""}"
person:2826	person	דעיוו סאַמאָלעסקאָ	Dave Samolesko	people_db	2826	entry_person_id:P-2-facs_327_tr_1744365754	matched		bio	"{""entry_type"": ""performer"", ""volume"": ""2"", ""span"": ""1437-1437"", ""birth_date"": ""18"", ""death_date"": ""1915-05-07"", ""credit"": ""מ. ע. פֿון מאָריס מייער, משה זילבערשטיין און לואיס קרעמער.""}"
place:UPL-0092	place	לוזיטאַניאַ					unmatched	attestation:unlinked	bio	
person:2827	person	אסתּר סאַמוּאילאׇוו	Esther Samuilov	people_db	2827	entry_person_id:P-2-facs_329_tr_1744365807	matched		bio	"{""entry_type"": ""performer"", ""volume"": ""2"", ""span"": ""1441-1441"", ""birth_date"": ""1876"", ""credit"": ""ש.ע.""}"
place:UPL-0093	place	באנימאָלאָוואָווז					unmatched	attestation:unlinked	bio	
person:2828	person	מאַלווינאַ סאַמוּאילאׇוו (סאַלי פערקויף)	Malvina Samuilov	people_db	2828	entry_person_id:P-2-facs_329_tr_1744365802	matched		bio	"{""entry_type"": ""performer"", ""volume"": ""2"", ""span"": ""1442-1442"", ""birth_date"": ""1900"", ""credit"": ""ש.ע.""}"
person:2829	person	ס. סאַמוּאילאָוו (שלמה רעזידענט)	S. Samuilov	people_db	2829	entry_person_id:P-2-facs_330_tr_1744365795	matched		bio	"{""entry_type"": ""performer"", ""volume"": ""2"", ""span"": ""1444-1444"", ""credit"": ""מ. ע. פֿון נחום ליפּאָווסקי.""}"
person:3019	person	מאַטילדאַ סאַן-קלעיר (מאַנטיבּאַנד)	Mathilda St. Claire	people_db	3019	entry_person_id:P-2-facs_330_tr_1744365810	matched		bio	"{""entry_type"": ""performer"", ""volume"": ""2"", ""span"": ""1444-1444""}"
person:2833	person	א. סאַנדוּ (אַלעקסאַנגערוּ-סאַמוּעלי)	A. Sando	people_db	2833	entry_person_id:P-2-facs_331_tr_1744365767	matched		bio	"{""entry_type"": ""administrator"", ""volume"": ""2"", ""span"": ""1445-1445""}"
place:Q1929511	place	לונאַ	Lonavala	wikidata_qid	Q1929511	"{""kima_id"": """", ""lat"": """", ""lon"": """"}"	candidate		bio	
person:3004	person	אהרן סאָפפא	Aaron Soffe	people_db	3004	entry_person_id:P-2-facs_336_tr_1744365769	matched		bio	"{""entry_type"": ""performer"", ""volume"": ""2"", ""span"": ""1455-1455"", ""birth_date"": ""1873-04"", ""credit"": ""מ.ע.""}"
person:3005	person	מוישע סאָקאָל	Moyshe Sokol	people_db	3005	entry_person_id:P-2-facs_336_r_2	matched		bio	"{""entry_type"": ""performer"", ""volume"": ""2"", ""span"": ""1455-1455"", ""birth_date"": ""1904-11-21"", ""credit"": ""ש. ע.""}"
place:Q869823	place	זשמערינקע	Karl Rönisch	wikidata_qid	Q869823	"{""kima_id"": """", ""lat"": """", ""lon"": """"}"	candidate		bio	
place:Q4195751	place	איוואָניצע, נעבן פּרילוקי	Ivanytsia	wikidata_qid	Q4195751	"{""kima_id"": """", ""lat"": """", ""lon"": """"}"	matched		bio	
person:2821	person	מיכאַאיל סאַקס (סאַדייגוּרסקי)	Michael Saks	people_db	2821	entry_person_id:P-2-facs_337_tr_1744365760	matched		bio	"{""entry_type"": ""administrator"", ""volume"": ""2"", ""span"": ""1458-1458"", ""birth_date"": ""1878-04"", ""credit"": ""מ.ע""}"
person:3013	person	פרויקע סאׇראׇקין	Froyke Sorokin	people_db	3013	entry_person_id:P-2-facs_337_tr_1744365766	matched		bio	"{""entry_type"": ""performer"", ""volume"": ""2"", ""span"": ""1458-1458"", ""birth_date"": ""1898-07-10"", ""credit"": ""ש. ע.""}"
person:3042	person	יצחק סווערדלאָוו	Isaac Swerdlow	people_db	3042	entry_person_id:P-2-facs_338_tr_1744365807	matched		bio	"{""entry_type"": ""performer"", ""volume"": ""2"", ""span"": ""1459-1459"", ""birth_date"": ""1894"", ""credit"": ""ש.ע.""}"
person:3040	person	צירל גאָלדענבּערג (סוּזאַן)	Susan	people_db	3040	entry_person_id:P-2-facs_338_tr_1744365800	matched		bio	"{""entry_type"": ""performer"", ""volume"": ""2"", ""span"": ""1460-1460"", ""birth_date"": ""1902-08-10"", ""credit"": ""ש. ע.""}"
person:3023	person	לעאָן ליאָנעק	Leon Stav	people_db	3023	entry_person_id:P-2-facs_339_tr_1744365747	matched		bio	"{""entry_type"": ""performer"", ""volume"": ""2"", ""span"": ""1461-1461"", ""birth_date"": ""1901-10-01"", ""credit"": ""ש.ע.""}"
person:3020	person	העריס סטאַמבּולקא	Harris Stambulka	people_db	3020	entry_person_id:P-2-facs_339_tr_1744365749	matched		bio	"{""entry_type"": ""performer"", ""volume"": ""2"", ""span"": ""1462-1462"", ""birth_date"": ""1876-07-15"", ""credit"": ""מ.ע.""}"
person:3022	person	הערי סטאַר	Harry Starr	people_db	3022	entry_person_id:P-2-facs_340_tr_1744365805	matched		bio	"{""entry_type"": ""performer"", ""volume"": ""2"", ""span"": ""1463-1463"", ""birth_date"": ""18.."", ""death_date"": ""1926"", ""credit"": ""ש. ע פֿון יעקב פרנס.""}"
place:Q36947	place	באַהיע	Salvador	wikidata_qid	Q36947	"{""kima_id"": ""7743"", ""lat"": """", ""lon"": """"}"	matched		bio	
place:Q242149	place	בראָק	Brakel	wikidata_qid	Q242149	"{""kima_id"": """", ""lat"": """", ""lon"": """"}"	candidate		bio	
person:3033	person	אברהם סטריזאָווער	Avraham Strizover	people_db	3033	entry_person_id:P-2-facs_342_tr_1744365726	matched		bio	"{""entry_type"": ""performer"", ""volume"": ""2"", ""span"": ""1467-1467"", ""birth_date"": ""1893"", ""death_date"": ""1923-01"", ""credit"": ""מ. ע פֿון יהודה בלייך, לאה וויינטרויב-גראָף אין יעקב מעסטעל.""}"
place:Q3573883	place	מזרח גאַליציע	Eastern Galicia	wikidata_qid	Q3573883	"{""kima_id"": """", ""lat"": """", ""lon"": """"}"	matched		bio	
person:3031	person	סאָניע סטרעלסקאַ (סאָפיע)	Sonia Strelska	people_db	3031	entry_person_id:P-2-facs_342_tr_1744365731	matched		bio	"{""entry_type"": ""performer"", ""volume"": ""2"", ""span"": ""1468-1468"", ""birth_date"": ""1874"", ""credit"": ""ש. ע פֿון מאַרק לייפציקער.""}"
place:Q149024	place	זוועהיל	Zviahel	wikidata_qid	Q149024	"{""kima_id"": ""19544"", ""lat"": """", ""lon"": """"}"	matched		bio	
person:2963	person	נינאַ סיבּירצעוואַ	Nina Sibirtseva	people_db	2963	entry_person_id:P-2-facs_343_tr_1744365798	matched		bio	"{""entry_type"": ""performer"", ""volume"": ""2"", ""span"": ""1469-1469"", ""birth_date"": ""1901"", ""credit"": ""ש. ע.""}"
place:Q153715	place	קלינצי	Klintsy	wikidata_qid	Q153715	"{""kima_id"": ""19618"", ""lat"": """", ""lon"": """"}"	candidate		bio	
place:UPL-0094	place	דאַרף אָלעיוב					unmatched	attestation:unlinked	bio	
place:Q2037259	place	נעמאָקשטי	Nemakščiai	wikidata_qid	Q2037259	"{""kima_id"": ""24684"", ""lat"": """", ""lon"": """"}"	matched		bio	
place:Q187945	place	פּיאַטראנעאַמץ	Piatra Neamț	wikidata_qid	Q187945	"{""kima_id"": ""9128"", ""lat"": """", ""lon"": """"}"	matched		bio	
person:2964	person	סידעלסקאַ	Sidelska	people_db	2964	entry_person_id:P-2-facs_350_r_4	matched		bio	"{""entry_type"": ""performer"", ""volume"": ""2"", ""span"": ""1483-1483"", ""credit"": ""ש. ע. פֿון בינע אַבראמאָוויטש און מרס. ראָזענטאָל.""}"
person:2981	person	פרוי סיימאָן (מישקינד)	Mrs. Simon	people_db	2981	entry_person_id:P-2-facs_351_tr_1744365734	matched		bio	"{""entry_type"": ""performer"", ""volume"": ""2"", ""span"": ""1486-1486""}"
person:3043	person	סאַראַ סילוויאַ (גאָלדשטיין)	Sara Sylvia	people_db	3043	entry_person_id:P-2-facs_351_r	matched		bio	"{""entry_type"": ""performer"", ""volume"": ""2"", ""span"": ""1486-1486"", ""birth_date"": ""1893-05-18"", ""credit"": ""ש. ע. פון לעאָן ברעסט.""}"
person:715	person	אברהם סימאָוויטש	Abraham Simowitz	people_db	715	entry_person_id:P-2-facs_352_r_2	matched		bio	"{""entry_type"": ""performer"", ""volume"": ""2"", ""span"": ""1487-1487"", ""death_date"": ""19.."", ""credit"": ""מ. ע. פֿון סעם אינדין""}"
person:2983	person	רעגינאַ סימאָוויטש (קובּאַוויטש)	Regina Simovitsh	people_db	2983	entry_person_id:P-2-facs_352_tr_1744365751	matched		bio	"{""entry_type"": ""performer"", ""volume"": ""2"", ""span"": ""1488-1488"", ""birth_date"": ""1881"", ""credit"": ""ש. ע.""}"
person:2984	person	שלום סימאָוויטש	Sholem Simovitsh	people_db	2984	entry_person_id:P-2-facs_352_r_6	matched		bio	"{""entry_type"": ""performer"", ""volume"": ""2"", ""span"": ""1488-1488"", ""birth_date"": ""18"", ""credit"": ""מ. ע. פֿון סעם לודוויק.""}"
person:2982	person	בּעטי סימאָנאָף	Betty Simonoff	people_db	2982	entry_person_id:P-2-facs_352_tr_1744365752	matched		bio	"{""entry_type"": ""performer"", ""volume"": ""2"", ""span"": ""1488-1488"", ""birth_date"": ""1902-01-03"", ""credit"": ""מ. ע.""}"
person:2884	person	שיינע-רחל סימקאָף (זאַמקאָוו)	Sheyne Rokhl Semkoff	people_db	2884	entry_person_id:P-2-facs_354_r_2	matched		bio	"{""entry_type"": ""writer"", ""volume"": ""2"", ""span"": ""1491-1493"", ""birth_date"": ""1899-09-18"", ""credit"": ""מ.ע""}"
place:Q957530	place	מייטשיט	Molėtai	wikidata_qid	Q957530	"{""kima_id"": ""20210"", ""lat"": """", ""lon"": """"}"	candidate		bio	
person:2985	person	אייבּ סינקאָף	Abe Sincoff	people_db	2985	entry_person_id:P-2-facs_355_r_4	matched		bio	"{""entry_type"": ""performer"", ""volume"": ""2"", ""span"": ""1494-1494"", ""birth_date"": ""1885"", ""credit"": ""ש. ע.""}"
person_entry:P-2-facs_356_r	person	סינקאָף, פרענציס [שאַפּיראָ]		entry_person_id	P-2-facs_356_r		unmatched		bio	"{""entry_type"": ""performer"", ""volume"": ""2"", ""span"": ""1495-1495"", ""birth_date"": ""1892"", ""credit"": ""ש. ע. פֿון איין סינקאָף.""}"
person:2966	person	מאלווינאַ סיעראׇצקא (קאׇמפּאַניעעץ)	Malvina Sierotzka	people_db	2966	entry_person_id:P-2-facs_356_tr_1744365739	matched		bio	"{""entry_type"": ""performer"", ""volume"": ""2"", ""span"": ""1496-1496"", ""birth_date"": ""1881-08-27"", ""credit"": ""ש. ע.""}"
person:2967	person	אַלבּערטינאַ סיפצער	Albertina Siftser	people_db	2967	entry_person_id:P-2-facs_357_tr_1744365782	matched		bio	"{""entry_type"": ""performer"", ""volume"": ""2"", ""span"": ""1498-1498"", ""birth_date"": ""1896"", ""death_date"": ""1924-09-26"", ""credit"": ""ש. ע. פֿון יעקב באַטאָשאַנסקי.""}"
place:Q109917219	place	נאָוואַפּאָלטאָווסק	Rare-earth mineralization in late carbonatites of the Novopoltavsk Massif	wikidata_qid	Q109917219	"{""kima_id"": """", ""lat"": """", ""lon"": """"}"	candidate		bio	
place:Q52535	place	ראָזאַריאָ	Rosario	wikidata_qid	Q52535	"{""kima_id"": ""17410"", ""lat"": """", ""lon"": """"}"	matched		bio	
person:2968	person	פּאַוּלינאַ סיפצער	Paulina Siftser	people_db	2968	entry_person_id:P-2-facs_357_tr_1744365788	matched		bio	"{""entry_type"": ""performer"", ""volume"": ""2"", ""span"": ""1498-1498"", ""birth_date"": ""1892"", ""death_date"": ""1917-05-20"", ""credit"": ""ש. ע. פֿון יעקב באַטאָשאַנסקי.""}"
person:2991	person	לוּאיס סירקין	Louis Sirkin	people_db	2991	entry_person_id:P-2-facs_358_tr_1744365786	matched		bio	"{""entry_type"": ""other"", ""volume"": ""2"", ""span"": ""1499-1499"", ""birth_date"": ""1904"", ""credit"": ""ש. ע.""}"
person:2998	person	מאַדאַם סלאָנימסקי (שטערן)	Madam Slonimski	people_db	2998	entry_person_id:P-2-facs_358_tr_1744365785	matched		bio	"{""entry_type"": ""director_regisseur"", ""volume"": ""2"", ""span"": ""1499-1499""}"
person:3002	person	בּער סמאׇליאַר	Ber Smoliar	people_db	3002	entry_person_id:P-2-facs_358_tr_1744365783	matched		bio	"{""entry_type"": ""writer"", ""volume"": ""2"", ""span"": ""1499-1499"", ""birth_date"": ""1897-05-27""}"
person_entry:P-2-facs_358_tr_1744365784	person	„סמבטיון'.		entry_person_id	P-2-facs_358_tr_1744365784		unmatched		bio	"{""entry_type"": ""theatre"", ""volume"": ""2"", ""span"": ""1500-1502"", ""birth_date"": ""1926-06"", ""death_date"": ""1929-10""}"
person:3001	person	דוד סמיטה (שמידל)	David Smith	people_db	3001	entry_person_id:P-2-facs_360_tr_1744365766	matched		bio	"{""entry_type"": ""administrator"", ""volume"": ""2"", ""span"": ""1503-1503"", ""birth_date"": ""1830~"", ""death_date"": ""1909-01-26"", ""credit"": ""מ. ע. פֿון זיין פאַמיליע, יעקב קאַצמאַן, דיינע פֿיינמאַן, פּראָפּ. פ. שטויב.""}"
place:Q179585	place	פלעשוט	Ploiești	wikidata_qid	Q179585	"{""kima_id"": ""664"", ""lat"": """", ""lon"": """"}"	matched		bio	
person:3003	person	לעאׇניד סניעגאׇוו (יהודה-לייבּ גאָלדשטיין)	Leonid Sniegoff	people_db	3003	entry_person_id:P-2-facs_360_tr_1744365774	matched		bio	"{""entry_type"": ""performer"", ""volume"": ""2"", ""span"": ""1503-1504"", ""birth_date"": ""1883-05-07"", ""credit"": ""מ. ע.""}"
person:2873	person	בּאָריס סעגאַל	Boris Segal	people_db	2873	entry_person_id:P-2-facs_361_tr_1744366818	matched		bio	"{""entry_type"": ""composer"", ""volume"": ""2"", ""span"": ""1506-1506"", ""birth_date"": ""1885-02-15"", ""credit"": ""מ. ע.""}"
person:2874	person	חיה סעגאַל	Chaya Segal	people_db	2874	entry_person_id:P-2-facs_361_tr_1744366829	matched		bio	"{""entry_type"": ""performer"", ""volume"": ""2"", ""span"": ""1506-1506"", ""credit"": ""ש. ע.""}"
person:2879	person	נחום סעגאַלאָוויטש	Nakhum Segalovitsh	people_db	2879	entry_person_id:P-2-facs_362_tr_1744366866	matched		bio	"{""entry_type"": ""performer"", ""volume"": ""2"", ""span"": ""1508-1508"", ""death_date"": ""1916"", ""credit"": ""מ. ע. פֿון בערנאָרד פישמאַן.""}"
place:Q12407577	place	וואָסלוי	Vasloi	wikidata_qid	Q12407577	"{""kima_id"": """", ""lat"": """", ""lon"": """"}"	candidate		bio	
person:2876	person	אַמאַליע סעגאַלעסקאָ (מלכּה)	Amalia Segalesko	people_db	2876	entry_person_id:P-2-facs_363_tr_1744366847	matched		bio	"{""entry_type"": ""performer"", ""volume"": ""2"", ""span"": ""1510-1510"", ""credit"": ""מ. ע. פֿון יעקב קאַליך.""}"
person:2892	person	פּאַסטאָר סעווילאַ (בּת-שרה זיגלער)	Sevilla	people_db	2892	entry_person_id:P-2-facs_365_tr_1744366810	matched		bio	"{""entry_type"": ""performer"", ""volume"": ""2"", ""span"": ""1513-1513"", ""birth_date"": ""1906-01-25"", ""credit"": ""מ. ע.""}"
person:2893	person	מעקס סעיגער (מרדכי)	Max Seyger	people_db	2893	entry_person_id:P-2-facs_365_tr_1744366833	matched		bio	"{""entry_type"": ""administrator"", ""volume"": ""2"", ""span"": ""1513-1513"", ""birth_date"": ""1893-08-10"", ""credit"": ""ש. ע. פֿון שרה קינדמאַן.""}"
person:2886	person	איסר סענדיק	Iser Sendik	people_db	2886	entry_person_id:P-2-facs_365_tr_1744366830	matched		bio	"{""entry_type"": ""performer"", ""volume"": ""2"", ""span"": ""1513-1513"", ""birth_date"": ""1871~"", ""credit"": ""מ. ע. פֿון עמנואל טשיזשיק און ש. לינדענפעלד.""}"
person:2870	person	שלום סעקוּנדא	Sholom Secunda	people_db	2870	entry_person_id:P-2-facs_366_tr_1744366819	matched		bio	"{""entry_type"": ""composer"", ""volume"": ""2"", ""span"": ""1515-1518"", ""birth_date"": ""1894-08-22"", ""credit"": ""מ. און ש. ע.""}"
place:Q128390	place	אַלעקסאַנדיאָ	FC Oleksandriya	wikidata_qid	Q128390	"{""kima_id"": """", ""lat"": """", ""lon"": """"}"	candidate		bio	
person:2818	person	הערי סעקלער (צבי-הערש)	Harry Sackler	people_db	2818	entry_person_id:P-2-facs_368_tr_1744366867	matched		bio	"{""entry_type"": ""writer"", ""volume"": ""2"", ""span"": ""1519-1523"", ""birth_date"": ""1883-08-22"", ""credit"": ""ש. ע. און ש. ע. פֿון דר. יהושע בלאָך""}"
place:Q639830	place	באַהאַראָדשאָני (בראָדשין)	Bohorodchany	wikidata_qid	Q639830	"{""kima_id"": ""20456"", ""lat"": """", ""lon"": """"}"	candidate		bio	
person:2888	person	יענטע סערדאַצקי (רייבּמאַן)	Yenta Serdatski	people_db	2888	entry_person_id:P-2-facs_370_tr_1744366797	matched		bio	"{""entry_type"": ""writer"", ""volume"": ""2"", ""span"": ""1524-1524"", ""birth_date"": ""1879""}"
place:Q2553042	place	אַלעקסאָט	Aleksota	wikidata_qid	Q2553042	"{""kima_id"": """", ""lat"": """", ""lon"": """"}"	candidate		bio	
person:2889	person	מוּני סערעבּראָוו (חיים זילבּערראַנד)	Muni Serebrov	people_db	2889	entry_person_id:P-2-facs_371_tr_1744366835	matched		bio	"{""entry_type"": ""performer"", ""volume"": ""2"", ""span"": ""1525-1525"", ""birth_date"": ""1897"", ""credit"": ""ש. ע.""}"
person:2890	person	בּ. סערעני (דוב סרילאָוויטען)	B. Sereny	people_db	2890	entry_person_id:P-2-facs_371_tr_1744366832	matched		bio	"{""entry_type"": ""writer"", ""volume"": ""2"", ""span"": ""1526-1526"", ""birth_date"": ""1892-11-10"", ""credit"": ""ש. ע. פֿון זלמן רייזען.""}"
place:Q156711	place	אונגוואר	Uzhhorod	wikidata_qid	Q156711	"{""kima_id"": ""1718"", ""lat"": """", ""lon"": """"}"	matched		bio	
place:Q148015	place	זשאַרנישטש	Zarnow	wikidata_qid	Q148015	"{""kima_id"": """", ""lat"": """", ""lon"": """"}"	candidate		bio	
place:UPL-0095	place	עדמאַנטאַן בית עולם					unmatched	attestation:unlinked	bio	
person:786	person	בּעטי ספּעקטאָר (מאַגידאָוו)	Betty Spector	people_db	786	entry_person_id:P-2-facs_376_tr_1744366801	matched		bio	"{""entry_type"": ""performer"", ""volume"": ""2"", ""span"": ""1536-1536""}"
person:781	person	לעאָן ספּעקטאָר	Leon Spector	people_db	781	entry_person_id:P-2-facs_376_tr_1744366815	matched		bio	"{""entry_type"": ""performer"", ""volume"": ""2"", ""span"": ""1536-1537""}"
place:Q889579	place	זלאַטאָפּאָל	Zlatopil	wikidata_qid	Q889579	"{""kima_id"": """", ""lat"": ""49.386944"", ""lon"": ""36.214167""}"	matched		bio	
person:2995	person	שרה סקוּלניק (קוטנער)	Sarah Skulnik	people_db	2995	entry_person_id:P-2-facs_378_tr_1744366816	matched		bio	"{""entry_type"": ""performer"", ""volume"": ""2"", ""span"": ""1539-1539"", ""birth_date"": ""1892-08"", ""credit"": ""ש. ע. פֿון מנשה סקולניק.""}"
person:2869	person	צבי סקוּלער	Zvi Scooler	people_db	2869	entry_person_id:P-2-facs_378_tr_1744366824	matched		bio	"{""entry_type"": ""performer"", ""volume"": ""2"", ""span"": ""1540-1540"", ""birth_date"": ""1899-11-30"", ""credit"": ""ש. ע.""}"
person:1543	person	תּנחוּם עדוּת	Tenakhum Edut	people_db	1543	entry_person_id:P-2-facs_379_tr_1744366859	matched		bio	"{""entry_type"": ""writer"", ""volume"": ""2"", ""span"": ""1541-1541"", ""birth_date"": ""1884-07-17""}"
person:3472	person	וויליאַם עדלין		people_db	3472	entry_person_id:P-2-facs_379_tr_1744366858	matched		bio	"{""entry_type"": ""writer"", ""volume"": ""2"", ""span"": ""1542-1542"", ""birth_date"": ""1878"", ""credit"": ""מ. ע.""}"
person:1537	person	מאָריץ עדעלהאָפער (משה)	Moritz Edelhofer	people_db	1537	entry_person_id:P-2-facs_379_r_3	matched		bio	"{""entry_type"": ""administrator"", ""volume"": ""2"", ""span"": ""1542-1542"", ""credit"": ""מ. ע. פֿון יונה רייזמאַן, ש. אוריך אין ש. ע. פֿון יעקב מעסטעל.""}"
place:UPL-0096	place	מעהרען					unmatched	attestation:unlinked	bio	
person:1536	person	שלמה עדעלהייט	Shlomo Edelheit	people_db	1536	entry_person_id:P-2-facs_380_tr_1744366817	matched		bio	"{""entry_type"": ""writer"", ""volume"": ""2"", ""span"": ""1543-1544"", ""birth_date"": ""1884-12-14"", ""credit"": ""ש. ע.""}"
place:Q2588425	place	רימאנאוו	Rymanów	wikidata_qid	Q2588425	"{""kima_id"": ""17888"", ""lat"": """", ""lon"": """"}"	matched		bio	
person:1538	person	יוראַעל עדעלמאַן	Israel Edelman	people_db	1538	entry_person_id:P-2-facs_381_r_4	matched		bio	"{""entry_type"": ""performer"", ""volume"": ""2"", ""span"": ""1546-1546"", ""birth_date"": ""1898-11-11"", ""credit"": ""ש. ע.""}"
person:1539	person	לאַריסאַ עדעלמאַן	Larissa Edelman	people_db	1539	entry_person_id:P-2-facs_382_tr_1744366868	matched		bio	"{""entry_type"": ""performer"", ""volume"": ""2"", ""span"": ""1547-1547"", ""birth_date"": ""1906-06-16"", ""credit"": ""ש. ע.""}"
person:1541	person	ניוניאַ עדעלמאַן-קלעבאַנאָׁואַ (חנה)	Nyunye Edelman-Klebanova	people_db	1541	entry_person_id:P-2-facs_382_tr_1744366861	matched		bio	"{""entry_type"": ""performer"", ""volume"": ""2"", ""span"": ""1547-1547"", ""birth_date"": ""1892"", ""credit"": ""ש. ע. פֿון מאַרק לייפציקער.""}"
place:Q1104739	place	קאָנסטאַנטינאָגראָד	Berestyn	wikidata_qid	Q1104739	"{""kima_id"": """", ""lat"": """", ""lon"": """"}"	matched		bio	
person:707	person	יאָזעף עדעלשטיין (יוסף)	Joseph Edelstein	people_db	707	entry_person_id:P-2-facs_382_tr_1744366859	matched		bio	"{""entry_type"": ""administrator"", ""volume"": ""2"", ""span"": ""1548-1549"", ""birth_date"": ""1859-12"", ""credit"": ""מ. ע.""}"
person:1548	person	עהרליך	Ehrlich	people_db	1548	entry_person_id:P-2-facs_384_tr_1744366798	matched		bio	"{""entry_type"": ""writer"", ""volume"": ""2"", ""span"": ""1551-1551"", ""credit"": ""ב. גאָרין — „געש. איד. טעאַט.“, II, ז. 271.""}"
person:3473	person	זיגמונד עהרליך		people_db	3473	entry_person_id:P-2-facs_384_tr_1744366808	matched		bio	"{""entry_type"": ""performer"", ""volume"": ""2"", ""span"": ""1551-1551"", ""birth_date"": ""1875-12-15"", ""credit"": ""מ. ע.""}"
person:3442	person	וועלוול עהרענקראַנץ		people_db	3442	entry_person_id:P-2-facs_384_tr_1744366801	matched		bio	"{""entry_type"": ""performer"", ""volume"": ""2"", ""span"": ""1551-1551""}"
person:1544	person	חיים ע(ה)רענרייך (ה)	Chaim Ehrenreich	people_db	1544	entry_person_id:P-2-facs_384_r_6	matched		bio	"{""entry_type"": ""writer"", ""volume"": ""2"", ""span"": ""1552-1552"", ""birth_date"": ""1900-05-10""}"
place:Q13030075	place	סוכארי	Sukharia	wikidata_qid	Q13030075	"{""kima_id"": """", ""lat"": """", ""lon"": """"}"	matched		bio	
place:Q37133	place	מאריופאל	Mariupol	wikidata_qid	Q37133	"{""kima_id"": ""17998"", ""lat"": """", ""lon"": """"}"	matched		bio	
person:1560	person	משה עלבּיום	Moshe Elbaum	people_db	1560	entry_person_id:P-2-facs_391_tr_1744366856	matched		bio	"{""entry_type"": ""writer"", ""volume"": ""2"", ""span"": ""1565-1565"", ""birth_date"": ""1903"", ""credit"": ""ש. ע.""}"
person:1561	person	איזידאָר עלגאַרד (יצחק-לייבּ)	Isidore Elgard	people_db	1561	entry_person_id:P-2-facs_391_tr_1744366853	matched		bio	"{""entry_type"": ""performer"", ""volume"": ""2"", ""span"": ""1566-1566"", ""birth_date"": ""1894-06-27"", ""credit"": ""ש. ע. און ש. ע. פֿון שרה קינדמאַן.""}"
person:1562	person	מאַניע עלגאַרד (מרים בּובער)	Manye Elgard	people_db	1562	entry_person_id:P-2-facs_391_tr_1744366854	matched		bio	"{""entry_type"": ""performer"", ""volume"": ""2"", ""span"": ""1566-1566"", ""birth_date"": ""1892-07-17"", ""credit"": ""מ. ע.""}"
place:Q2633540	place	סקולען	Sculeni	wikidata_qid	Q2633540	"{""kima_id"": ""20319"", ""lat"": """", ""lon"": """"}"	matched		bio	
person:1571	person	ראָזאַ עלווינג	Rose Elving	people_db	1571	entry_person_id:P-2-facs_392_tr_1744366849	matched		bio	"{""entry_type"": ""performer"", ""volume"": ""2"", ""span"": ""1568-1568"", ""birth_date"": ""1892-12-22"", ""credit"": ""מ. ע.""}"
place:Q2216893	place	יאָרמאַלינעץ	Yarmolyntsi Raion	wikidata_qid	Q2216893	"{""kima_id"": """", ""lat"": """", ""lon"": """"}"	candidate		bio	
person:3806	person	עלזאַ בּארדט		people_db	3806	entry_person_id:P-2-facs_392_r_4	matched		bio	"{""entry_type"": ""performer"", ""volume"": ""2"", ""span"": ""1568-1568""}"
person:3474	person	עליכם-שלום (עליכם-שלום)		people_db	3474	entry_person_id:P-2-facs_393_tr_1744366830	matched		bio	"{""entry_type"": ""writer"", ""volume"": ""2"", ""span"": ""1570-1570""}"
person:1566	person	עלישעוואַ (שעוואַ בּאָקשטיין)	Elisheva	people_db	1566	entry_person_id:P-2-facs_393_tr_1744366832	matched		bio	"{""entry_type"": ""performer"", ""volume"": ""2"", ""span"": ""1570-1570"", ""birth_date"": ""1899-12-22"", ""credit"": ""ש. ע. פֿון מאַרק לייפציקער.""}"
person:1569	person	מישאַ עלמאַן (מאָריס הילמאַן)	Mischa Elman	people_db	1569	entry_person_id:P-2-facs_393_tr_1744366841	matched		bio	"{""entry_type"": ""other"", ""volume"": ""2"", ""span"": ""1570-1570"", ""birth_date"": ""1895-04-20"", ""credit"": ""מ. ע.""}"
place:UPL-0097	place	פּריזשאָני					unmatched	attestation:unlinked	bio	
person:1140	person	ס. עלמית (סאָניאַ לובּאָצקי)	Sonia Alomis	people_db	1140	entry_person_id:P-2-facs_394_tr_1744366847	matched		bio	"{""entry_type"": ""performer"", ""volume"": ""2"", ""span"": ""1571-1571"", ""birth_date"": ""1896"", ""credit"": ""מ. ע. פֿון מאיר בולקין און פֿון י. יולין.""}"
person:1567	person	מענדל עלקין	Mendl Elkin	people_db	1567	entry_person_id:P-2-facs_394_tr_1744366844	matched		bio	"{""entry_type"": ""director_regisseur"", ""volume"": ""2"", ""span"": ""1572-1575"", ""birth_date"": ""1873"", ""credit"": ""ש. ע. און ש. ע. פֿון יעקב מעסטעל.""}"
place:UPL-0098	place	דאַרף בראָזשע					unmatched	attestation:unlinked	bio	
person:1568	person	אברהם עלשטיין	Abraham Ellstein	people_db	1568	entry_person_id:P-2-facs_396_tr_1744366839	matched		bio	"{""entry_type"": ""composer"", ""volume"": ""2"", ""span"": ""1576-1576"", ""birth_date"": ""1907-07-07"", ""credit"": ""מ. ע.""}"
place:Q3917727	place	פּאָהאָסט	Pahost Zaharodski	wikidata_qid	Q3917727	"{""kima_id"": ""20257"", ""lat"": """", ""lon"": """"}"	matched		bio	
person:1595	person	סלאַוואַ עסטרין	Slava Estrin	people_db	1595	entry_person_id:P-2-facs_398_tr_1744366863	matched		bio	"{""entry_type"": ""performer"", ""volume"": ""2"", ""span"": ""1579-1579"", ""birth_date"": ""1892"", ""credit"": ""ש. ע.""}"
person:1594	person	יאָזעף עסקרייז	Yozef Eskreyz	people_db	1594	entry_person_id:P-2-facs_398_r	matched		bio	"{""entry_type"": ""performer"", ""volume"": ""2"", ""span"": ""1580-1580"", ""birth_date"": ""18"", ""death_date"": ""1912"", ""credit"": ""מ. ע. פֿון יעקב מעסטעל, יוליוס גוטמאַן, סעם לודוויק, ה. פעניגשטיין אין יצחק ליברעסקאָ.""}"
person:1576	person	בּ. עפּעלבּיום (מנחם-בּעריש)	B. Eppelbaum	people_db	1576	entry_person_id:P-2-facs_399_tr_1744366854	matched		bio	"{""entry_type"": ""writer"", ""volume"": ""2"", ""span"": ""1581-1581"", ""birth_date"": ""1887-09-22"", ""credit"": ""ש. ע.""}"
place:UPL-0099	place	וואוקיין, נעבן ראָדזין					unmatched	attestation:misresolved	bio	
place:Q152112	place	לאָמאַז	Łomazy	wikidata_qid	Q152112	"{""kima_id"": ""18363"", ""lat"": """", ""lon"": """"}"	matched		bio	
person:3475	person	אַלטער עפּשטיין		people_db	3475	entry_person_id:P-2-facs_401_tr_1744366824	matched		bio	"{""entry_type"": ""writer"", ""volume"": ""2"", ""span"": ""1586-1586"", ""birth_date"": ""1879-04-22""}"
place:Q303374	place	פּאַנעמונאָק	Panemunė	wikidata_qid	Q303374	"{""kima_id"": ""19898"", ""lat"": """", ""lon"": """"}"	matched		bio	
person:1578	person	בּנימין עפּשטיין	Benjamin Epstein	people_db	1578	entry_person_id:P-2-facs_402_tr_1744366872	matched		bio	"{""entry_type"": ""performer"", ""volume"": ""2"", ""span"": ""1587-1587"", ""birth_date"": ""1899-12-01"", ""credit"": ""ש. ע.""}"
person:1580	person	גרישאַ עפּשטיין (יואל)	Grisha Epstein	people_db	1580	entry_person_id:P-2-facs_402_tr_1744366863	matched		bio	"{""entry_type"": ""performer"", ""volume"": ""2"", ""span"": ""1588-1588"", ""birth_date"": ""1890"", ""death_date"": ""1920-04-27""}"
person:1581	person	הלל-לייבּ עפּשטיין	Hillel Leyb Epstein	people_db	1581	entry_person_id:P-2-facs_402_tr_1744366862	matched		bio	"{""entry_type"": ""writer"", ""volume"": ""2"", ""span"": ""1588-1588"", ""birth_date"": ""1879"", ""credit"": ""ש. ע.""}"
person:1585	person	וויליאַם עפּשטיין (הלל)	Wiliam Epstein	people_db	1585	entry_person_id:P-2-facs_403_tr_1744366821	matched		bio	"{""entry_type"": ""performer"", ""volume"": ""2"", ""span"": ""1589-1589"", ""birth_date"": ""1888-05-15"", ""credit"": ""מ. ע.""}"
place:Q149060	place	פּיטשאַיעוו	Pochaiv	wikidata_qid	Q149060	"{""kima_id"": ""9177"", ""lat"": """", ""lon"": """"}"	matched		bio	
person:3476	person	זשעניע עפּשטיין		people_db	3476	entry_person_id:P-2-facs_403_tr_1744366822	matched		bio	"{""entry_type"": ""performer"", ""volume"": ""2"", ""span"": ""1590-1590"", ""birth_date"": ""1897-07-20"", ""credit"": ""ש. ע.""}"
person:1583	person	מאַרק עפּשטיין	Mark Epstein	people_db	1583	entry_person_id:P-2-facs_404_tr_1744366810	matched		bio	"{""entry_type"": ""other"", ""volume"": ""2"", ""span"": ""1591-1591"", ""birth_date"": ""1892""}"
person:1086	person	פעני עפשטיין וואדיא	Penny Epstein Vadia	people_db	1086	entry_person_id:P-2-facs_404_tr_1744366806	matched		bio	"{""entry_type"": ""performer"", ""volume"": ""2"", ""span"": ""1591-1594"", ""birth_date"": ""1868"", ""death_date"": ""1913-02-08""}"
person:1584	person	שכנא עפּשטיין	Shakhne Epstein	people_db	1584	entry_person_id:P-2-facs_406_tr_1744366834	matched		bio	"{""entry_type"": ""writer"", ""volume"": ""2"", ""span"": ""1595-1596"", ""birth_date"": ""1883-12-10""}"
person:1559	person	איזידאָר עקסלער	Isidore Eksler	people_db	1559	entry_person_id:P-2-facs_407_tr_1744366825	matched		bio	"{""entry_type"": ""administrator"", ""volume"": ""2"", ""span"": ""1597-1597"", ""birth_date"": ""1888"", ""credit"": ""ש. ע.""}"
person:1587	person	אַדאָלף ערבּער	Adolph Erber	people_db	1587	entry_person_id:P-2-facs_407_r_6	matched		bio	"{""entry_type"": ""performer"", ""volume"": ""2"", ""span"": ""1597-1597"", ""birth_date"": ""1880"", ""credit"": ""ש. ע.""}"
person:1589	person	דזוּשליוּס ערבּער (יחיאל)	Julius Erber	people_db	1589	entry_person_id:P-2-facs_407_tr_1744366814	matched		bio	"{""entry_type"": ""other"", ""volume"": ""2"", ""span"": ""1597-1597"", ""birth_date"": ""1877-11-25"", ""death_date"": ""1924-07-14"", ""credit"": ""מ. ע. פֿון אַדאָלף ערבער.""}"
person_entry:P-2-facs_407_r_2	person	ערבער, עני (פּראַנקענבערג]		entry_person_id	P-2-facs_407_r_2		unmatched		bio	"{""entry_type"": ""performer"", ""volume"": ""2"", ""span"": ""1598-1598"", ""birth_date"": ""1892"", ""credit"": ""ש. ע.""}"
place:Q237512	place	לובין	Lubin	wikidata_qid	Q237512	"{""kima_id"": ""79621"", ""lat"": """", ""lon"": """"}"	matched		bio	
person:1592	person	מאַקס עריק (זלמן מערקין)	Max Erik	people_db	1592	entry_person_id:P-2-facs_408_tr_1744366808	matched		bio	"{""entry_type"": ""writer"", ""volume"": ""2"", ""span"": ""1599-1599"", ""birth_date"": ""1898-11-17""}"
place:Q105060	place	סאסנאווצע	Sosnowiec	wikidata_qid	Q105060	"{""kima_id"": ""62"", ""lat"": ""50.300000"", ""lon"": ""19.166667""}"	matched		bio	
person:1546	person	מרדכי ערליך	Mordechai Ehrlich	people_db	1546	entry_person_id:P-2-facs_408_tr_1744366806	matched		bio	"{""entry_type"": ""writer"", ""volume"": ""2"", ""span"": ""1600-1600"", ""birth_date"": ""1878-05-12"", ""death_date"": ""1931-08-01""}"
place:Q518559	place	וויעטקע	Vetka	wikidata_qid	Q518559	"{""kima_id"": ""18683"", ""lat"": """", ""lon"": """"}"	matched		bio	
person_entry:P-2-facs_108_r_1	person	לאַנדוי-קלעקוי, שמואל		entry_person_id	P-2-facs_108_r_1		unmatched		bio	"{""entry_type"": ""performer"", ""volume"": ""2"", ""birth_date"": ""1882-08-09""}"
place:UPL-0100	place	וולאָצלאַוועק					unmatched	no_attestation	bio	
person_entry:P-2-facs_296_r_5	person	מעסקאָ, אַדאַם		entry_person_id	P-2-facs_296_r_5		unmatched		bio	"{""entry_type"": ""writer"", ""volume"": ""2"", ""birth_date"": ""1864""}"
place:UPL-0101	place	איניקסט					unmatched	no_attestation	bio	
person:2606	person	בערל פּאַדאָוויטש	Berl Padovitsh	people_db	2606	entry_person_id:P-3-facs_12_tr_1752652592	matched		bio	"{""volume"": ""3"", ""span"": ""1601-1601"", ""credit"": ""ש. ע.""}"
person:2666	person	וויעראַ פּאָדאָלסקאַ	Vera Podolska	people_db	2666	entry_person_id:P-3-facs_12_tr_1752652590	matched		bio	"{""volume"": ""3"", ""span"": ""1601-1601"", ""credit"": ""ש. ע. פֿון מאַרק לייפציקער.""}"
person:2668	person	שלום פּאָדזאַמטשע	Sholom Podzamce	people_db	2668	entry_person_id:P-3-facs_12_tr_1752652594	matched		bio	"{""volume"": ""3"", ""span"": ""1602-1605"", ""credit"": ""מ. ע., אין מ. ע. פֿון יהודה בלייך און לאַזאר פריד.""}"
person:2665	person	נ. פּאָדלובני (נאַום, נוניאַ)	N.Y. Podlubny	people_db	2665	entry_person_id:P-3-facs_14_tr_1752653034	matched		bio	"{""volume"": ""3"", ""span"": ""1606-1606"", ""credit"": ""ש. ע.""}"
person:2664	person	פרויקע פּאָדלובני (אפרים)	Froyke Podlubny	people_db	2664	entry_person_id:P-3-facs_15_tr_1752653017	matched		bio	"{""volume"": ""3"", ""span"": ""1607-1607"", ""credit"": ""ש. ע. פֿון חיים טויבער. מ. ע. פֿון כיענאַ בראַגינסקאַ און מישאַ פישזאָן. \""יידיש טעאַטער“, וואַרשע, ז, 1921.""}"
person:2663	person	חיים פּאָדליאַס	Chaim Podlias	people_db	2663	entry_person_id:P-3-facs_15_tr_1752653010	matched		bio	"{""volume"": ""3"", ""span"": ""1608-1608"", ""credit"": ""ש. ע.""}"
person_entry:P-3-facs_15_r_4	person	פּאָדעם, סעם		entry_person_id	P-3-facs_15_r_4		unmatched		bio	"{""volume"": ""3"", ""span"": ""1608-1608""}"
person:2630	person	פּ. פּאוויק	P. Pavik	people_db	2630	entry_person_id:P-3-facs_15_r_6	matched		bio	"{""volume"": ""3"", ""span"": ""1608-1608""}"
person:2627	person	ה. פּאול	H. Paul	people_db	2627	entry_person_id:P-3-facs_15_tr_1752653013	matched		bio	"{""volume"": ""3"", ""span"": ""1608-1608"", ""credit"": ""ש. ע.""}"
person:2692	person	הערש פּאָזנאַנסקי	Hersh Poznanski	people_db	2692	entry_person_id:P-3-facs_17_tr_1752653007	matched		bio	"{""volume"": ""3"", ""span"": ""1612-1612"", ""credit"": ""ש. ע.""}"
person:2686	person	יחיאל-מאיר פּאָזנער	Posner	people_db	2686	entry_person_id:P-3-facs_17_tr_1752653009	matched		bio	"{""volume"": ""3"", ""span"": ""1612-1613"", ""credit"": ""ש. ע. פֿון זיין פרוי ר. פּאזנער.""}"
person:2624	person	יעקב פּאַט	Jacob Pat	people_db	2624	entry_person_id:P-3-facs_18_tr_1752653039	matched		bio	"{""volume"": ""3"", ""span"": ""1614-1614"", ""credit"": ""מ. ע.""}"
person:2687	person	ריקודה פּאָטאַש-פוקס	Rikuda Potash-Fuks	people_db	2687	entry_person_id:P-3-facs_20_tr_1752653050	matched		bio	"{""volume"": ""3"", ""span"": ""1617-1617""}"
person:2688	person	משה פּאָטאַשינסקי	Moshe Potashinski	people_db	2688	entry_person_id:P-3-facs_20_tr_1752653056	matched		bio	"{""volume"": ""3"", ""span"": ""1618-1618"", ""credit"": ""ש. ע. און ש. ע. פֿון מ. פּערענסאָן.""}"
person:2689	person	מיכאַאיל פּאָטאַשניק	Mikhail Potashnik	people_db	2689	entry_person_id:P-3-facs_20_tr_1752653048	matched		bio	"{""volume"": ""3"", ""span"": ""1618-1618"", ""credit"": ""ש. ע.""}"
person:2625	person	אליהו פּאַטראָן (עליאַס)	Elihu Patron	people_db	2625	entry_person_id:P-3-facs_20_tr_1752653058	matched		bio	"{""volume"": ""3"", ""span"": ""1618-1619"", ""credit"": ""ש. ע.""}"
person_entry:P-3-facs_21_r	person	פּאַטראָני, לאָלאַ		entry_person_id	P-3-facs_21_r		unmatched		bio	"{""volume"": ""3"", ""span"": ""1620-1620""}"
person:2626	person	פּאָלאַ פּאַטראָני (פּאַולינאַ פּאַטראָן)	Pola Patroni	people_db	2626	entry_person_id:P-3-facs_21_tr_1752653037	matched		bio	"{""volume"": ""3"", ""span"": ""1620-1632"", ""credit"": ""מ. און ש. ע.""}"
person_entry:P-3-facs_28_r_1	person	פאיאץ, דער		entry_person_id	P-3-facs_28_r_1		unmatched		bio	"{""volume"": ""3"", ""span"": ""1633-1633""}"
person_entry:P-3-facs_28_r	person	פּאַך, אַברהם יצחק		entry_person_id	P-3-facs_28_r		unmatched		bio	"{""volume"": ""3"", ""span"": ""1633-1633"", ""credit"": ""ש. ע.""}"
person:2670	person	טויבע פּאָך (פישעל)	Toybe Pokh	people_db	2670	entry_person_id:P-3-facs_28_tr_1752653002	matched		bio	"{""volume"": ""3"", ""span"": ""1633-1633"", ""credit"": ""ש.ע.""}"
person:2672	person	טאַניאַ פּאָלאַנד	Tanya Poland	people_db	2672	entry_person_id:P-3-facs_28_tr_1752653013	matched		bio	"{""volume"": ""3"", ""span"": ""1634-1634""}"
person:2673	person	חיים פאַלאנסקי	Khayim Polanski	people_db	2673	entry_person_id:P-3-facs_28_tr_1752653010	matched		bio	"{""volume"": ""3"", ""span"": ""1634-1634"", ""credit"": ""ש. ע.""}"
person:2671	person	משה פאָלאַקעוויטש	Moshe Polakevitsh	people_db	2671	entry_person_id:P-3-facs_29_tr_1752653013	matched		bio	"{""volume"": ""3"", ""span"": ""1635-1635"", ""credit"": ""ש. ע. פֿון ס. וואָהל.""}"
person:2679	person	מ. פּאָליאַק	M. Polyak	people_db	2679	entry_person_id:P-3-facs_29_tr_1752652999	matched		bio	"{""volume"": ""3"", ""span"": ""1635-1635""}"
person:2675	person	אהרן פּאָליאַקאָוו (פּאָליאַטשעק)	Aron Poliakov	people_db	2675	entry_person_id:P-3-facs_29_tr_1752653003	matched		bio	"{""volume"": ""3"", ""span"": ""1636-1636"", ""credit"": ""מ. ע.""}"
person:2680	person	פּאָליעוויק	[?] Polyevik	people_db	2680	entry_person_id:P-3-facs_30_r_5	matched		bio	"{""volume"": ""3"", ""span"": ""1637-1637"", ""credit"": ""מ. ע. פֿון פיענאַ בראגינסקאַ אין מישאַ בודקין.""}"
person:2609	person	ס. פּאַלמע	S. Palme	people_db	2609	entry_person_id:P-3-facs_31_tr_1752653038	matched		bio	"{""volume"": ""3"", ""span"": ""1639-1640"", ""credit"": ""ע. פֿון יעקב מעסטל.""}"
person:2607	person	דזשייקאָב פּאלעי	Jacob Paley	people_db	2607	entry_person_id:P-3-facs_32_r_2	matched		bio	"{""volume"": ""3"", ""span"": ""1641-1641""}"
person:2681	person	נ. פּאָמעראַנץ	N. Pomerants	people_db	2681	entry_person_id:P-3-facs_32_r_5	matched		bio	"{""volume"": ""3"", ""span"": ""1642-1642""}"
person:2682	person	ח. פּאָנטש	Kh. Pontsh	people_db	2682	entry_person_id:P-3-facs_32_r_6	matched		bio	"{""volume"": ""3"", ""span"": ""1642-1642""}"
person:2623	person	משה (מוני) פאסטאָר (אברהם משה פּאַסטערנאַק)	Moshe Pastor	people_db	2623	entry_person_id:P-3-facs_32_r_8	matched		bio	"{""volume"": ""3"", ""span"": ""1642-1642"", ""credit"": ""ש. ע.""}"
person:2622	person	ווילי פּאַסטערנאַק	Willy Pasternak	people_db	2622	entry_person_id:P-3-facs_33_tr_1752653026	matched		bio	"{""volume"": ""3"", ""span"": ""1643-1644"", ""credit"": ""מ. ע. און מ. ע. פֿון נייטאַן פאַרנעס.""}"
person:2621	person	חנינא פּאַסטערנאַק	Khanina Pasternak	people_db	2621	entry_person_id:P-3-facs_34_tr_1752653017	matched		bio	"{""volume"": ""3"", ""span"": ""1645-1645"", ""credit"": ""מ. ע.""}"
person:2685	person	שימען פּאָסיאַס	Shimen Posias	people_db	2685	entry_person_id:P-3-facs_34_tr_1752653015	matched		bio	"{""volume"": ""3"", ""span"": ""1645-1645"", ""credit"": ""ש. ע. פֿון מאַרק לייפציקער.""}"
person:2618	person	שמעון פּאַסקאַל	Simon Paskal	people_db	2618	entry_person_id:P-3-facs_35_tr_1752653010	matched		bio	"{""volume"": ""3"", ""span"": ""1647-1647"", ""credit"": ""מ. ע. פֿון לואיס קופּערשמידט און פֿישל קאַנאַפּאָוו.""}"
person:2619	person	דזשאַנעט פּאַסקעוויטש	Janet Paskewitz	people_db	2619	entry_person_id:P-3-facs_35_tr_1752653022	matched		bio	"{""volume"": ""3"", ""span"": ""1647-1647"", ""credit"": ""מ. ע.""}"
person:2620	person	מאַלווינאַ פּאַסקעוויטש	Malvina Paskewitz	people_db	2620	entry_person_id:P-3-facs_35_tr_1752653019	matched		bio	"{""volume"": ""3"", ""span"": ""1648-1648"", ""credit"": ""מ. ע. פֿון דזשאַנעט פּאַסקעוויטש.""}"
person:2611	person	ה. פּאָפּאַק	H. Papak	people_db	2611	entry_person_id:P-3-facs_36_tr_1752653027	matched		bio	"{""volume"": ""3"", ""span"": ""1649-1649""}"
person:2613	person	אברהם-יצחק פּאַפּירנא	Avraham Yakov Papyrna	people_db	2613	entry_person_id:P-3-facs_36_tr_1752653036	matched		bio	"{""volume"": ""3"", ""span"": ""1649-1649"", ""credit"": ""אין 1918 איז פ. געשטאָרבן אין אָדעס.""}"
person_entry:P-3-facs_36_tr_1752653025	person	פּאָקאָי, מאַקס		entry_person_id	P-3-facs_36_tr_1752653025		unmatched		bio	"{""volume"": ""3"", ""span"": ""1650-1650""}"
person:2615	person	נייטאן פּאַרנעס	Nathan Parnes	people_db	2615	entry_person_id:P-3-facs_36_r_5	matched		bio	"{""volume"": ""3"", ""span"": ""1650-1650"", ""credit"": ""מ. ע.""}"
person:2617	person	מישאַ פּאַשקאָווסקי	Misha Pashkovsky	people_db	2617	entry_person_id:P-3-facs_37_tr_1752653030	matched		bio	"{""volume"": ""3"", ""span"": ""1651-1651"", ""credit"": ""ש. ע.""}"
person:2691	person	סאַול פּויזנער	Saul Poyzner	people_db	2691	entry_person_id:P-3-facs_37_tr_1752653025	matched		bio	"{""volume"": ""3"", ""span"": ""1651-1651""}"
person:2711	person	פּזשיגאָדאַ	[?] Pshigoda	people_db	2711	entry_person_id:P-3-facs_89_tr_1753268336	matched		bio	"{""volume"": ""3"", ""span"": ""1756-1758"", ""credit"": ""מ. ע. פֿון משה פֿעדער און סאָלאָמאָן קרויזע.""}"
person:2658	person	ראָזע פּיוואַר	Rose Pivar	people_db	2658	entry_person_id:P-3-facs_91_tr_1753268287	matched		bio	"{""volume"": ""3"", ""span"": ""1759-1759"", ""credit"": ""מ. ע.""}"
person:2715	person	רוזשאַ פּיורניק	Ruzha Pyurnik	people_db	2715	entry_person_id:P-3-facs_91_tr_1753268268	matched		bio	"{""volume"": ""3"", ""span"": ""1759-1759""}"
person:2652	person	מאַקס פּיין	Max Pine	people_db	2652	entry_person_id:P-3-facs_91_tr_1753268279	matched		bio	"{""volume"": ""3"", ""span"": ""1759-1759"", ""credit"": ""ש. ע. פֿון קלמן מרמר.""}"
person:2656	person	פּ. פּינטשיק (פנחס סגל)	P. Pintshik	people_db	2656	entry_person_id:P-3-facs_91_tr_1753268278	matched		bio	"{""volume"": ""3"", ""span"": ""1760-1760"", ""credit"": ""מ. ע.""}"
person:2651	person	מוישע פּינטשעווסקי	Moishe Pinchevsky	people_db	2651	entry_person_id:P-3-facs_92_tr_1753268305	matched		bio	"{""volume"": ""3"", ""span"": ""1761-1761""}"
person_entry:P-3-facs_92_r	person	פּינסקי, דוד		entry_person_id	P-3-facs_92_r		unmatched		bio	"{""volume"": ""3"", ""span"": ""1762-1806"", ""credit"": ""מ. ע. פֿון מיכל פרייס, לייב קאַדיסאָן, יצחק ריבקינד.""}"
person:2653	person	מאיר פּינעס	Meir Pines	people_db	2653	entry_person_id:P-3-facs_115_tr_1753726028	matched		bio	"{""volume"": ""3"", ""span"": ""1807-1807""}"
person:2654	person	שאָלעם פּינקוס (וויטענבערג)	Sholem Pinkus	people_db	2654	entry_person_id:P-3-facs_115_tr_1753726015	matched		bio	"{""volume"": ""3"", ""span"": ""1807-1807"", ""credit"": ""ש. ע. פֿון מאַרק לייפציקער.""}"
person:2714	person	יעקב פּיעקאַרניק	Yakov Pyekarnik	people_db	2714	entry_person_id:P-3-facs_115_tr_1753726022	matched		bio	"{""volume"": ""3"", ""span"": ""1808-1808"", ""credit"": ""מ. ע.""}"
person:2713	person	רוזשאַ פּיעקארניק (טאַרקעוויטש)	Ruzha Pyekarnik	people_db	2713	entry_person_id:P-3-facs_115_r	matched		bio	"{""volume"": ""3"", ""span"": ""1808-1808""}"
person_entry:P-3-facs_124_r	person	פּיקוס, מאַלי		entry_person_id	P-3-facs_124_r		unmatched		bio	"{""volume"": ""3"", ""span"": ""1825-1825""}"
person:2649	person	יעטע פּיקעלטשיק	Yetta Pikeltshik	people_db	2649	entry_person_id:P-3-facs_124_tr_1754820300	matched		bio	"{""volume"": ""3"", ""span"": ""1825-1825"", ""credit"": ""ש. ע. דורך ל. דושמאַן.""}"
person:2657	person	יצחק פּיראזשניקאָוו	Yitskhok Pirozhnikov	people_db	2657	entry_person_id:P-3-facs_124_tr_1754820292	matched		bio	"{""volume"": ""3"", ""span"": ""1825-1826"", ""credit"": ""ש. ע. פֿון נח נאַכבוש און א. אַזראָ.""}"
person:2633	person	צילע פּירסאָן	Celia Pearson	people_db	2633	entry_person_id:P-3-facs_125_tr_1754820300	matched		bio	"{""volume"": ""3"", ""span"": ""1827-1827"", ""credit"": ""מ. ע.""}"
person:2659	person	קאַטיאַ פּלאַווינאַ	Katya Plavina	people_db	2659	entry_person_id:P-3-facs_125_tr_1754820306	matched		bio	"{""volume"": ""3"", ""span"": ""1828-1828"", ""credit"": ""ש. ע. פֿון סאַשאַ ראָזענטאל.""}"
person:2660	person	מענדל פּלאַוונער	Mendl Plavner	people_db	2660	entry_person_id:P-3-facs_126_tr_1754820315	matched		bio	"{""volume"": ""3"", ""span"": ""1829-1829"", ""credit"": ""מ. ע. פֿון רעגינאַ פלאַוונער.""}"
person:2661	person	רבקהלע פּלאַוונער (רעגינע בערגער)	Rivke'le Plavner	people_db	2661	entry_person_id:P-3-facs_126_tr_1754820316	matched		bio	"{""volume"": ""3"", ""span"": ""1829-1829"", ""credit"": ""מ. און ש. ע.""}"
person:2710	person	אהרן פּסאַכיס	Aharon Psakhis	people_db	2710	entry_person_id:P-3-facs_126_tr_1754820319	matched		bio	"{""volume"": ""3"", ""span"": ""1830-1830"", ""credit"": ""מ. ע. פֿון א. וו. בידערמאַן.""}"
person:2637	person	מרדכי פּעלץ	Mordechai Peltz	people_db	2637	entry_person_id:P-3-facs_126_tr_1754820323	matched		bio	"{""volume"": ""3"", ""span"": ""1830-1830"", ""credit"": ""ש. ע.""}"
person:2634	person	קלאַראַ פּעקער (מיחער)	Clara Pecker	people_db	2634	entry_person_id:P-3-facs_128_tr_1754820289	matched		bio	"{""volume"": ""3"", ""span"": ""1833-1833"", ""credit"": ""ש. ע.""}"
person:2636	person	יעקב פּעקעראָוו	Yakov Pekerov	people_db	2636	entry_person_id:P-3-facs_128_tr_1754820296	matched		bio	"{""volume"": ""3"", ""span"": ""1833-1833"", ""credit"": ""ש. ע.""}"
person:2647	person	בעטי פּערלאָוו (ראָזענבּערג)	Betty Perlov	people_db	2647	entry_person_id:P-3-facs_128_tr_1754820291	matched		bio	"{""volume"": ""3"", ""span"": ""1834-1834"", ""credit"": ""ש. ע. פֿון ישראל ראָזענבערג.""}"
person_entry:P-3-facs_129_r_6	person	פּערלאָוו, יצחק		entry_person_id	P-3-facs_129_r_6		unmatched		bio	"{""volume"": ""3"", ""span"": ""1835-1835""}"
person:2642	person	יעקב פּערלמאַן	Jacob Perlman	people_db	2642	entry_person_id:P-3-facs_129_tr_1754820306	matched		bio	"{""volume"": ""3"", ""span"": ""1836-1836"", ""credit"": ""ש. ע. דורך יעקב באַטאשאַנסקי.""}"
person:2632	person	מאַקס פּערלמאַן	Max Pearlman	people_db	2632	entry_person_id:P-3-facs_130_tr_1754820307	matched		bio	"{""volume"": ""3"", ""span"": ""1837-1837""}"
person_entry:P-3-facs_130_r_2	person	פּערלמוטער, אַפֿרים		entry_person_id	P-3-facs_130_r_2		unmatched		bio	"{""volume"": ""3"", ""span"": ""1838-1838"", ""credit"": ""מ. ע. פֿון בועז יאָנג און שלום פּערלמוטער.""}"
person:2644	person	מרדכי פּערלמוטער	Mordechai Perlmuter	people_db	2644	entry_person_id:P-3-facs_132_tr_1755157157	matched		bio	"{""volume"": ""3"", ""span"": ""1841-1841"", ""credit"": ""ש. ע. פֿון ש. יאַנאָווסקי,""}"
person:2638	person	משה פּערענסאָן	Moshe Perenson	people_db	2638	entry_person_id:P-3-facs_135_tr_1754820287	matched		bio	"{""volume"": ""3"", ""span"": ""1847-1847"", ""credit"": ""מ. און ש. ע.""}"
person:2639	person	יצחק פּערקאָף	Yitzhak Perkoff	people_db	2639	entry_person_id:P-3-facs_135_tr_1754820286	matched		bio	"{""volume"": ""3"", ""span"": ""1848-1848"", ""credit"": ""מ. ע.""}"
person:2640	person	רובין פּערקאָף	Rubin Perkofff	people_db	2640	entry_person_id:P-3-facs_136_tr_1754820292	matched		bio	"{""volume"": ""3"", ""span"": ""1849-1849"", ""credit"": ""ש. ע.""}"
person_entry:P-3-facs_146_tr_1754213823	person	פּראַנד אַדעלאַ		entry_person_id	P-3-facs_146_tr_1754213823		unmatched		bio	"{""volume"": ""3"", ""span"": ""1870-1870""}"
person:2709	person	יוליוס פּראָנד	Julius Prond	people_db	2709	entry_person_id:P-3-facs_146_tr_1754213821	matched		bio	"{""volume"": ""3"", ""span"": ""1870-1870"", ""credit"": ""מ. ע.""}"
person:2700	person	יצחק פּריבולסקי	Yitzhok Pribulski	people_db	2700	entry_person_id:P-3-facs_147_tr_1754213836	matched		bio	"{""volume"": ""3"", ""span"": ""1871-1871"", ""credit"": ""מ. ע. פֿון משה אַדאַנער און פ.'ס זון, סנדר.""}"
person:2699	person	יאַן פּריבעאַגו (איזיק לאַזאַראָוויטש)	Jan Pribeagu	people_db	2699	entry_person_id:P-3-facs_147_tr_1754213828	matched		bio	"{""volume"": ""3"", ""span"": ""1871-1871""}"
person:2707	person	היימי פּריזאַנט	Hymie Prizant	people_db	2707	entry_person_id:P-3-facs_149_tr_1754213838	matched		bio	"{""volume"": ""3"", ""span"": ""1876-1877"", ""credit"": ""ש. ע.""}"
person:2697	person	מיכאל פּרייס	Michael Preiss	people_db	2697	entry_person_id:P-3-facs_150_tr_1754213811	matched		bio	"{""volume"": ""3"", ""span"": ""1878-1878"", ""credit"": ""מ. און ש. ע.""}"
person:2701	person	נח פּרילוצקי	Noah Prilutski	people_db	2701	entry_person_id:P-3-facs_151_tr_1754213805	matched		bio	"{""volume"": ""3"", ""span"": ""1879-1883""}"
person:2702	person	פּאַולא פּרילוצקאַ (פרילוצקאַ)	Paula Prilutski	people_db	2702	entry_person_id:P-3-facs_153_tr_1754213807	matched		bio	"{""volume"": ""3"", ""span"": ""1884-1885""}"
person_entry:P-3-facs_154_r_4	person	פ.'ס געדרוקטע פּיעסעס:		entry_person_id	P-3-facs_154_r_4		unmatched		bio	"{""volume"": ""3"", ""span"": ""1886-1886""}"
person:2703	person	א. פּרינץ (איציק גרינבערג)	A. Prints	people_db	2703	entry_person_id:P-3-facs_154_tr_1754213805	matched		bio	"{""volume"": ""3"", ""span"": ""1886-1886"", ""credit"": ""ש. ע.""}"
person:2708	person	יעקב פּרנס	Jacob Prns	people_db	2708	entry_person_id:P-3-facs_155_tr_1754213825	matched		bio	"{""volume"": ""3"", ""span"": ""1887-1887"", ""credit"": ""ש. ע. און מ. ע. פֿון י. מ. נירענבערגער.""}"
person:2698	person	יוסף-שלמה פּרענאָוויץ	Yosef Shlomo Prenovits	people_db	2698	entry_person_id:P-3-facs_158_tr_1755156151	matched		bio	"{""volume"": ""3"", ""span"": ""1894-1897"", ""credit"": ""מ. ע. פֿון יצחק לאַקס.""}"
person:2940	person	אברהם שאָמער	Abraham S. Shomer	people_db	2940	entry_person_id:P-3-facs_263_tr_1755674223	matched		bio	"{""volume"": ""3"", ""span"": ""2104-2111""}"
person:1211	person	ראָזע שאָמער-באַטשעלעס	Rose Shomer Bachelis	people_db	1211	entry_person_id:P-3-facs_267_tr_1755674219	matched		bio	"{""volume"": ""3"", ""span"": ""2112-2114"", ""credit"": ""ש. ע.""}"
person:3432	person	מרים שאָמער-צונזער (מיני)	Miriam Shomer Zunser	people_db	3432	entry_person_id:P-3-facs_269_tr_1755674195	matched		bio	"{""volume"": ""3"", ""span"": ""2111-2118"", ""credit"": ""מ. ע. פֿון שלום פּערלמוטער.""}"
person:1231	person	בען בּאַסענקאָ	Ben Basenko	people_db	1231	entry_person_id:P-3-facs_271_tr_1755674156	matched		bio	"{""volume"": ""3"", ""span"": ""2118-2118"", ""credit"": ""ש. און מ. ע.""}"
person:1937	person	מ. גולדאָן אַלפרעד	Alfred M. Gulden	people_db	1937	entry_person_id:P-3-facs_272_tr_1755674155	matched		bio	"{""volume"": ""3"", ""span"": ""2122-2122"", ""credit"": ""פ.3""}"
person:1741	person	הירש גענדעל	Hirsh Gendel	people_db	1741	entry_person_id:P-3-facs_272_tr_1755674152	matched		bio	"{""volume"": ""3"", ""span"": ""2123-2123"", ""credit"": ""ש. ע.""}"
person:1928	person	דזשעי גרובער (יהושע)	Jay Gruber	people_db	1928	entry_person_id:P-3-facs_272_tr_1755674151	matched		bio	"{""volume"": ""3"", ""span"": ""2123-2123"", ""credit"": ""מ. ע. פֿון זיין טאַכטער מירעלע.""}"
person:3011	person	ראַאיסא סאלאָוויאָוואַ (וואָסמאַן)	Raisa Solovyova	people_db	3011	entry_person_id:P-3-facs_273_tr_1755674139	matched		bio	"{""volume"": ""3"", ""span"": ""2124-2124""}"
person_entry:P-3-facs_274_tr_1755674141	person	פישמאַן, יעקב ש. ע		entry_person_id	P-3-facs_274_tr_1755674141		unmatched		bio	"{""volume"": ""3"", ""span"": ""2125-2125"", ""credit"": ""מ. ע. פֿין זיין ברודער אַברהם פישכאן.""}"
person:2557	person	ציליע נייהויז	Tsilye Neuhaus	people_db	2557	entry_person_id:P-3-facs_274_tr_1755674144	matched		bio	"{""volume"": ""3"", ""span"": ""2126-2126"", ""credit"": ""ש. ע.""}"
person:2958	person	דוד שוואַרצבּאַרד	Dovid Shvartsbard	people_db	2958	entry_person_id:P-3-facs_275_tr_1755674163	matched		bio	"{""volume"": ""3"", ""span"": ""2127-2127"", ""credit"": ""מ. ע. פֿון גוסטאָוו שוואַרצבאַרד און ה. פֿיינשטיין.""}"
person:2956	person	וואָלף שומסקי (מארמאָר)	Wolf Shumsky	people_db	2956	entry_person_id:P-3-facs_275_tr_1755674154	matched		bio	"{""volume"": ""3"", ""span"": ""2127-2127"", ""credit"": ""מ. ע. און מ. ע. פֿון ס. קוסטין.""}"
person:2920	person	אסתר שער-גרין	Ester Sher-Grin	people_db	2920	entry_person_id:P-3-facs_276_tr_1755674176	matched		bio	"{""volume"": ""3"", ""span"": ""2129-2129""}"
person:2295	person	פריידעלע ליפּשיץ	Freydele Lifschitz	people_db	2295	entry_person_id:P-3-facs_276_tr_1755674177	matched		bio	"{""volume"": ""3"", ""span"": ""031ב"", ""credit"": ""ש. ע.""}"
person:2993	person	ברכה סקולניק (גאָלדמאַן)	Brocha Skolnick	people_db	2993	entry_person_id:P-3-facs_277_tr_1755674188	matched		bio	"{""volume"": ""3"", ""span"": ""2131-2131"", ""credit"": ""ש. ע.""}"
person:2743	person	יעקב ריינגלאַס	Jacob Reinglass	people_db	2743	entry_person_id:P-3-facs_277_tr_1755674194	matched		bio	"{""volume"": ""3"", ""span"": ""2131-2131"", ""credit"": ""ש. ע.""}"
person:1872	person	זיסל גאָרליצקאַ-ריינגלאַס	Zisl Gorlitska-Reinglass	people_db	1872	entry_person_id:P-3-facs_277_tr_1755674190	matched		bio	"{""volume"": ""3"", ""span"": ""2132-2132"", ""credit"": ""ש. ע.""}"
person:2913	person	דזשעק שייקעוויטש (יעקב)	Jack Sheikevitz	people_db	2913	entry_person_id:P-3-facs_277_tr_1755674189	matched		bio	"{""volume"": ""3"", ""span"": ""2132-2132"", ""credit"": ""מ. ע. און ש. ע. פֿין שרה קינדכאַן.""}"
person:2914	person	נינאַ שייקעוויטש (הערצאָג)	Nina Sheikevitz	people_db	2914	entry_person_id:P-3-facs_278_tr_1755674210	matched		bio	"{""volume"": ""3"", ""span"": ""3133-3133""}"
person:2584	person	לייזער נוסענבוים	Leyzer Nussenbaum	people_db	2584	entry_person_id:P-3-facs_278_tr_1755674211	matched		bio	"{""volume"": ""3"", ""span"": ""2134-2134"", ""credit"": ""ש. ע.""}"
person:866	person	הערמאַן פידלער (אברהם הערש)	Herman Fiedler	people_db	866	entry_person_id:P-3-facs_278_tr_1755674209	matched		bio	"{""volume"": ""3"", ""span"": ""2134-2135"", ""credit"": ""מ. ע. און מ. ע. פֿון יעקב קאָצמאַן.""}"
person:1458	person	טשאַרלי קאָהען (שבתי)	Charlie Cohan	people_db	1458	entry_person_id:P-3-facs_279_tr_1755674215	matched		bio	"{""volume"": ""3"", ""span"": ""2136-2136"", ""credit"": ""מ. ע.""}"
person:1636	person	לייבע פייווישאָוו	Leybe Feyvishov	people_db	1636	entry_person_id:P-3-facs_280_r_3	matched		bio	"{""volume"": ""3"", ""span"": ""2137-2137"", ""credit"": ""ש. ע. פֿין לעאָן דושבאַן.""}"
person:2118	person	שרה קינדמאַן	Sarah Kindman	people_db	2118	entry_person_id:P-3-facs_280_tr_1755674203	matched		bio	"{""volume"": ""3"", ""span"": ""2137-2137"", ""credit"": ""ש. ע.""}"
person:2157	person	אידאַ קרעמער	Ida Kremer	people_db	2157	entry_person_id:P-3-facs_280_tr_1755674193	matched		bio	"{""volume"": ""3"", ""span"": ""2128-2128"", ""credit"": ""מ. ע. פֿון לואיס קרעמער און ש. ע. פֿון לואיס גאָלדשטיין.""}"
person:2766	person	הלל ראָגאָף	Hillel Rogoff	people_db	2766	entry_person_id:P-3-facs_281_tr_1755674196	matched		bio	"{""volume"": ""3"", ""span"": ""2139-2139""}"
person:2857	person	זעליג שור (יוסף-אהרן אשר-זליג)	Zelig Schorr	people_db	2857	entry_person_id:P-3-facs_281_tr_1755674203	matched		bio	"{""volume"": ""3"", ""span"": ""2139-2140"", ""credit"": "".5 ל. פֿון משה און אַנשל שאָר.""}"
person:3482	person	פרידריך פיליפּעסקאָ (בלייכער)		people_db	3482	entry_person_id:P-3-facs_282_tr_1755674183	matched		bio	"{""volume"": ""3"", ""span"": ""2142-2142"", ""credit"": ""מ. ע. פֿון קופּערשמידט און אַליווענבוים.""}"
person:2959	person	גוסטאַוו שוואַרצבּאַרד	Gustav Shvartsbard	people_db	2959	entry_person_id:P-3-facs_283_tr_1755674200	matched		bio	"{""volume"": ""3"", ""span"": ""2143-2143"", ""credit"": ""ש. ע.""}"
person:1632	person	איגנאַץ פערקויף	Ignats Ferkauf	people_db	1632	entry_person_id:P-3-facs_283_tr_1755674206	matched		bio	"{""volume"": ""3"", ""span"": ""2144-2144"", ""credit"": ""מ. ע. פֿון זיין ברידער סעם פערקויף און ש. ע. פֿון מ. ב. סאַרואילאָוז.""}"
person:2787	person	בּנימין ראָטמאַן	Benjamin Rothman	people_db	2787	entry_person_id:P-3-facs_284_tr_1755674196	matched		bio	"{""volume"": ""3"", ""span"": ""2145-2145"", ""credit"": ""פ. ע.""}"
person:2165	person	הערי קראָהן	Harry Krohn	people_db	2165	entry_person_id:P-3-facs_289_tr_1755803001	matched		bio	"{""volume"": ""3"", ""span"": ""2155-2155"", ""credit"": ""ש. ע.""}"
person:1437	person	איזידאָר קעשיר (זישע קאַסירר)	Izidore Casher	people_db	1437	entry_person_id:P-3-facs_289_tr_1755803006	matched		bio	"{""volume"": ""3"", ""span"": ""171-3174"", ""credit"": ""מ. ע. און מ. ע. פֿון וואלף מערקור און ראָזעטאַ ביאַליס.""}"
person:1671	person	ל. פאָגעלמאַן (אליעזר פייגלמאַן)	L. Fogelman	people_db	1671	entry_person_id:P-3-facs_310_tr_1755973672	matched		bio	"{""volume"": ""3"", ""span"": ""2198-2198"", ""credit"": ""מ. ע""}"
person_entry:P-3-facs_311_tr_1755975320	person	פֿאַוויך אַליעזר		entry_person_id	P-3-facs_311_tr_1755975320		unmatched		bio	"{""volume"": ""3"", ""span"": ""2200-2201"", ""credit"": ""ש. ע.""}"
person:1616	person	יואל-בעריש פאַלקאָוויטש	Joel Berish Falkowitz	people_db	1616	entry_person_id:P-3-facs_312_tr_1756043047	matched		bio	"{""volume"": ""3"", ""span"": ""2202-2202""}"
person:1612	person	דוד פאַכלער	David Fachler	people_db	1612	entry_person_id:P-3-facs_313_tr_1756043360	matched		bio	"{""volume"": ""3"", ""span"": ""2203-2203"", ""credit"": ""ש. ע.""}"
person:1613	person	ראָזאַ פאַכלער	Rosa Fachler	people_db	1613	entry_person_id:P-3-facs_313_tr_1756043369	matched		bio	"{""volume"": ""3"", ""span"": ""2204-2204"", ""credit"": ""ש. ע. פֿין באַקס ברין.""}"
person:1673	person	פּאָולין פאָגעלנעסט (בענדער)	Pauline Fogelnest	people_db	1673	entry_person_id:P-3-facs_315_tr_1756044901	matched		bio	"{""volume"": ""3"", ""span"": ""2207-2207"", ""credit"": ""ש. ע. פֿון סעם פֿאָגעלנעסט.""}"
person:1672	person	פעליקס פאָגעלנעסט	Feliks Fogelnest	people_db	1672	entry_person_id:P-3-facs_315_tr_1756044903	matched		bio	"{""volume"": ""3"", ""span"": ""2208-2208"", ""credit"": ""ש. און ב. ע.""}"
person:1670	person	אַנדזשאַ פאָדערמאַן	Andzha Foderman	people_db	1670	entry_person_id:P-3-facs_315_tr_1756044900	matched		bio	"{""volume"": ""3"", ""span"": ""2208-2208"", ""credit"": ""מ. ע. איי מ.ע. פֿון עמיליע אַדלער.""}"
person:2259	person	דזשוליאַ לעווין	Julia Levin	people_db	2259	entry_person_id:P-3-facs_316_tr_1756045031	matched		bio	"{""volume"": ""3"", ""span"": ""2209-2209"", ""credit"": ""ש.ע. פֿון בניכין לעתין.""}"
person:1779	person	איסאַק גלאַדסטאָן (יצחק)	Isaak Gladstone	people_db	1779	entry_person_id:P-3-facs_316_tr_1756045022	matched		bio	"{""volume"": ""3"", ""span"": ""2209-2209"", ""credit"": ""מ. ע. פֿון זיין פרוי מאלי.""}"
person:2232	person	לייבוש לענסקי (קשיענסקי)	Leibush Lensky	people_db	2232	entry_person_id:P-3-facs_317_tr_1756045223	matched		bio	"{""volume"": ""3"", ""span"": ""2211-2211"", ""credit"": ""ש. ע.""}"
person:790	person	נייטאן ראָזענטאַל (נחום)	Nathan Rosenthal	people_db	790	entry_person_id:P-3-facs_318_tr_1756045383	matched		bio	"{""volume"": ""3"", ""span"": ""2214-2214"", ""credit"": ""ש. ע. פֿון וויליאַם סיגעל.""}"
person:2409	person	לואי מאַרקאָוויטש	Louie Markowitz	people_db	2409	entry_person_id:P-3-facs_319_tr_1756045711	matched		bio	"{""volume"": ""3"", ""span"": ""2216-5515"", ""credit"": ""מ.ע.""}"
person:1652	person	יצחק פישעלעוויטש	Yitskhok Fishelewitz	people_db	1652	entry_person_id:P-3-facs_320_tr_1756045941	matched		bio	"{""volume"": ""3"", ""span"": ""2217-2218""}"
person:2841	person	גוסטאַוו שאַכט	Gustav Schacht	people_db	2841	entry_person_id:P-3-facs_321_tr_1756057140	matched		bio	"{""volume"": ""3"", ""span"": ""2218-2224"", ""credit"": ""מ.ע""}"
person:2033	person	אָזיאַס האָראָוויץ	Ozias Horowitz	people_db	2033	entry_person_id:P-3-facs_325_tr_1756057604	matched		bio	"{""volume"": ""3"", ""span"": ""2228-2228"", ""credit"": ""מ. ע. פֿון זיין פרוי גיעלאָ אין שערי שאַרף.""}"
person:2996	person	לידאַ סלאַוואַ-ליס	Lyda Slava-Lis	people_db	2996	entry_person_id:P-3-facs_326_tr_1756057712	matched		bio	"{""volume"": ""3"", ""span"": ""2229-2229"", ""credit"": ""ש. ע. פֿון מרדכי יחסן.""}"
person:2765	person	לעה ראָבינס (אליעזר ראַבינאָוויטש, לעאָ)	Leo Robbins	people_db	2765	entry_person_id:P-3-facs_327_tr_1756057819	matched		bio	"{""volume"": ""3"", ""span"": ""2232-2233"", ""credit"": ""ש. ע. און ש. ע. פֿון יעפים ישורין.""}"
person:3041	person	נתן סווערדלין	Nathan Swerdlin	people_db	3041	entry_person_id:P-3-facs_328_tr_1756057972	matched		bio	"{""volume"": ""3"", ""span"": ""2234-2234"", ""credit"": ""ש. ע.""}"
person:3254	person	לאהלע ווענדאָרף (וואַסערמאַן)	Leola Wendorff	people_db	3254	entry_person_id:P-3-facs_329_tr_1756058152	matched		bio	"{""volume"": ""3"", ""span"": ""2235-2235"", ""credit"": ""מ. ע.""}"
person:3479	person	בעל דידזשא (בענדער)		people_db	3479	entry_person_id:P-3-facs_329_tr_1756058147	matched		bio	"{""volume"": ""3"", ""span"": ""2236-2236"", ""credit"": ""ש. ע.""}"
person:3428	person	לעאָן צוקערבערג (לייבל)	Leon Zuckerberg	people_db	3428	entry_person_id:P-3-facs_330_tr_1756058354	matched		bio	"{""volume"": ""3"", ""span"": ""2238-2238"", ""credit"": ""ש. ע. פֿון צילע צוקערבערג. [— — ל. צוקערבערג געשטאָרבן, „דער וועג\"", מעקסיקאָ, 29 יוני, 1935.""}"
person:2176	person	סאָניאַ קוסטין (קעמפאנעעץ)	Sonia Kustin	people_db	2176	entry_person_id:P-3-facs_332_tr_1756058884	matched		bio	"{""volume"": ""3"", ""span"": ""2242-2242"", ""credit"": ""מ. ע.""}"
person:1640	person	אסתר פיעלד (קאָרנבליט)	Esther Field	people_db	1640	entry_person_id:P-3-facs_333_tr_1756059823	matched		bio	"{""volume"": ""3"", ""span"": ""2243-2244"", ""credit"": ""ש. ע. און מ. ע. פֿון איר מאַן און זון.""}"
person:2065	person	לאַזאַר קאַהאַן	Lazar Kahan	people_db	2065	entry_person_id:P-3-facs_336_tr_1756105932	matched		bio	"{""volume"": ""3"", ""span"": ""2249-2250""}"
person:2786	person	ישראל ראָטבלום	Israel Rotblum	people_db	2786	entry_person_id:P-3-facs_338_tr_1756106571	matched		bio	"{""volume"": ""3"", ""span"": ""2253-2253"", ""credit"": ""ש. ע. פֿון זיין ברודער יצחק רויטבלום.""}"
person:3335	person	רוט זאַהאַוואַ (גאָלדשטיין)	Ruth Zahava	people_db	3335	entry_person_id:P-3-facs_340_tr_1756106824	matched		bio	"{""volume"": ""3"", ""span"": ""2257-2257"", ""credit"": ""ש.ע.""}"
person:2236	person	שפרה לערער	Shifra Lerer	people_db	2236	entry_person_id:P-3-facs_341_tr_1756106971	matched		bio	"{""volume"": ""3"", ""span"": ""2259-2259"", ""credit"": ""ש. ע.""}"
person:1318	person	פעלא בּירא (פיינרייך)	Fela Biro	people_db	1318	entry_person_id:P-3-facs_342_tr_1756107070	matched		bio	"{""volume"": ""3"", ""span"": ""2262-2262"", ""credit"": ""ש. ע.""}"
person:2866	person	סעם שוואַרץ	Sam Schwartz	people_db	2866	entry_person_id:P-3-facs_343_tr_1756107174	matched		bio	"{""volume"": ""3"", ""span"": ""2263-2263"", ""credit"": ""ש. ע. פֿון מרדכי יחסן.""}"
person:2783	person	קלאַראַ ראָזענטאַל	Klara Rosenthal	people_db	2783	entry_person_id:P-3-facs_343_tr_1756107173	matched		bio	"{""volume"": ""3"", ""span"": ""2264-2266"", ""credit"": ""מ. ע.""}"
person_entry:P-3-facs_345_r	person	גרובער מירעלע		entry_person_id	P-3-facs_345_r		unmatched		bio	"{""volume"": ""3"", ""span"": ""2267-2267"", ""credit"": ""ש. ע.""}"
person:3225	person	י.י. וויינראָט (יצחק יוסף)	I.J. Weinrot	people_db	3225	entry_person_id:P-3-facs_345_tr_1756107437	matched		bio	"{""volume"": ""3"", ""span"": ""2268-2273"", ""credit"": ""מ. ע.""}"
person:1662	person	סילוויאַ פישמאַן	Sylvia Fishman	people_db	1662	entry_person_id:P-3-facs_348_tr_1756107767	matched		bio	"{""volume"": ""3"", ""span"": ""2274-2274"", ""credit"": ""מ. ע.""}"
person:2153	person	בערטאַ קרייצבערג (לעסער)	Bertha Kreitsberg	people_db	2153	entry_person_id:P-3-facs_349_tr_1756107917	matched		bio	"{""volume"": ""3"", ""span"": ""2275-2275"", ""credit"": ""ש. ע. פֿון מאַקס פרידלענדער.""}"
person:1700	person	מאַקס פרידלאַנדער	Max Friedlander	people_db	1700	entry_person_id:P-3-facs_349_tr_1756107919	matched		bio	"{""volume"": ""3"", ""span"": ""2275-2275"", ""credit"": ""ש. ע.""}"
person:2814	person	שמעון רוסקין	Shimen Ruskin	people_db	2814	entry_person_id:P-3-facs_351_tr_1756108353	matched		bio	"{""volume"": ""3"", ""span"": ""2280-2283"", ""credit"": ""ש. און מ. ע.""}"
person:1353	person	בּען בּאָנוס	Ben Bonus	people_db	1353	entry_person_id:P-3-facs_359_tr_1755856143	matched		bio	"{""volume"": ""3"", ""span"": ""2296-2296"", ""credit"": ""מ. ע.""}"
person:1280	person	מינאַ בּערן (בערנהאָלץ)	Mina Bern	people_db	1280	entry_person_id:P-3-facs_359_tr_1755856144	matched		bio	"{""volume"": ""3"", ""span"": ""2296-2321"", ""credit"": ""ש. און מ. ע.""}"
person:1230	person	וואָלף בּאַרזעל (אייזענבערג)	Wolfe Barzell	people_db	1230	entry_person_id:P-3-facs_373_tr_1755856139	matched		bio	"{""volume"": ""3"", ""span"": ""2324-2324"", ""credit"": ""מ. ע.""}"
person:3438	person	אברהם זיגעלבוים	Abraham Zygielbaum	people_db	3438	entry_person_id:P-3-facs_399_tr_1755856125	matched		bio	"{""volume"": ""3"", ""span"": ""2376-2376"", ""credit"": ""מ. ע.""}"
person:2809	person	יעקב רובין	Yakov Rubin	people_db	2809	entry_person_id:P-3-facs_400_tr_1755856076	matched		bio	"{""volume"": ""3"", ""span"": ""2377-2377"", ""credit"": ""ש. און מ. ע.""}"
person:1705	person	רובין פרידמאַן (מאיר רובין)	Reuben Friedman	people_db	1705	entry_person_id:P-3-facs_400_tr_1755856074	matched		bio	"{""volume"": ""3"", ""span"": ""2378-2378"", ""credit"": ""ש. ע. און מ. ע. פֿון זיין ברודער יאַנקעלע רובין.""}"
person:1124	person	דזשוליוס אַדלער (יואל)	Julius Adler (bilgoraj)	people_db	1124	entry_person_id:P-3-facs_401_tr_1755856142	matched		bio	"{""volume"": ""3"", ""span"": ""2379-2379"", ""credit"": ""ש. ע. פֿון מרדכי יחסן.""}"
person:3483	person	הערי פעלד		people_db	3483	entry_person_id:P-3-facs_401_tr_1755856147	matched		bio	"{""volume"": ""3"", ""span"": ""2380-2380"", ""credit"": ""מ. ע. און ש. ע.""}"
person:1157	person	הערי אַניסמאַן	Harry Anisman	people_db	1157	entry_person_id:P-4-facs_27_r_14	matched		bio	"{""entry_type"": ""performer"", ""volume"": ""4"", ""span"": ""2458-2458"", ""birth_date"": ""1893"", ""death_date"": ""1950-12-15"", ""credit"": ""ש. ע. פֿון מאָלווינאַ סאַמואילאָוו.""}"
person_entry:P-4-facs_28_r	person	שאצקי, יעקב, דר.		entry_person_id	P-4-facs_28_r		unmatched		bio	"{""entry_type"": ""writer"", ""volume"": ""4"", ""span"": ""2459-2470"", ""birth_date"": ""1893"", ""death_date"": ""1956-06-13"", ""credit"": ""מ. ע. פֿון מענדל עלקין.""}"
place:UPL-0102	place	האָליוואוד בית עולם					unmatched	attestation:unlinked	bio	
place:Q2637331	place	טשאן	Teofipol	wikidata_qid	Q2637331	"{""kima_id"": ""18245"", ""lat"": """", ""lon"": """"}"	matched		bio	
place:UPL-0103	place	"בית ישראל"" האָספּיטאָל"					unmatched	attestation:unlinked	bio	
person:2781	person	סעמועל ראָזענשטיין	Samuel Rosenstein	people_db	2781	entry_person_id:P-4-facs_39_tr_1752612112	matched		bio	"{""entry_type"": ""performer"", ""volume"": ""4"", ""span"": ""2482-2484"", ""birth_date"": ""1879-01-05"", ""death_date"": ""1930-01-30"", ""credit"": ""מ. ע.""}"
person_entry:P-4-facs_41_r_2	person	ראָזענטאַל, מאַקס		entry_person_id	P-4-facs_41_r_2		unmatched		bio	"{""entry_type"": ""performer"", ""volume"": ""4"", ""span"": ""2485-2489"", ""birth_date"": ""1865/1866"", ""death_date"": ""1938-04-04"", ""credit"": ""מ. ע.""}"
place:UPL-0104	place	סילווערלעיק בית עולם					unmatched	attestation:unlinked	bio	
person_entry:P-4-facs_47_r_2	person	ראַקאָוו, נ.		entry_person_id	P-4-facs_47_r_2		unmatched		bio	"{""entry_type"": ""writer"", ""volume"": ""4"", ""span"": ""2497-2505"", ""birth_date"": ""1866-02-20"", ""death_date"": ""1927-12-29"", ""credit"": ""ש. ע.""}"
person:3807	person	לייזער צוקערמאַן		people_db	3807	entry_person_id:P-4-facs_55_tr_1753681940	matched		bio	"{""entry_type"": ""performer"", ""volume"": ""4"", ""span"": ""2514-2516"", ""birth_date"": ""1850"", ""death_date"": ""1922-06-17"", ""credit"": ""מ. ע. פֿון יצחק ליברעסקאָ.""}"
place:Q997398	place	קארעץ	Korets	wikidata_qid	Q997398	"{""kima_id"": ""675"", ""lat"": """", ""lon"": """"}"	matched		bio	
person_entry:P-4-facs_57_tr_1753681918	person	ראָזענבערג, ישראל		entry_person_id	P-4-facs_57_tr_1753681918		unmatched		bio	"{""entry_type"": ""performer"", ""volume"": ""4"", ""span"": ""2517-2521""}"
person:1625	person	איידאַ פיין	Ida Fein	people_db	1625	entry_person_id:P-4-facs_59_tr_1753681938	matched		bio	"{""entry_type"": ""performer"", ""volume"": ""4"", ""span"": ""2522-2522"", ""birth_date"": ""188.."", ""death_date"": ""1918-03-03"", ""credit"": ""מ. ע. פון ה. ראַבינאָוויטש און טשאָרלס קאָהען.""}"
person:2100	person	הערשל קויפמאַן	Hershl Kaufman	people_db	2100	entry_person_id:P-4-facs_60_r_1	matched		bio	"{""entry_type"": ""performer"", ""volume"": ""4"", ""span"": ""2523-2523"", ""birth_date"": ""1880"", ""death_date"": ""1959-01-01"", ""credit"": ""ש. ע.""}"
person:2864	person	מאיר שוואַרץ	Meyer Schwartz	people_db	2864	entry_person_id:P-4-facs_60_tr_1753681919	matched		bio	"{""entry_type"": ""writer"", ""volume"": ""4"", ""span"": ""2524-2528"", ""birth_date"": ""1889-04-26"", ""credit"": ""ש. ע.""}"
person:1714	person	נאָרמאַן פורמאַן	Norman Furman	people_db	1714	entry_person_id:P-4-facs_63_tr_1753681916	matched		bio	"{""entry_type"": ""administrator"", ""volume"": ""4"", ""span"": ""2531-2531"", ""birth_date"": ""1901"", ""credit"": ""ש. ע.""}"
place:Q2653301	place	דאשיעוו	Dashiv	wikidata_qid	Q2653301	"{""kima_id"": ""76730"", ""lat"": """", ""lon"": """"}"	candidate		bio	
person:1699	person	עדוואַרד פרידלענדער	Edward Friedlander	people_db	1699	entry_person_id:P-4-facs_64_r_1	matched		bio	"{""entry_type"": ""performer"", ""volume"": ""4"", ""span"": ""2531-2531"", ""birth_date"": ""1919-01-27"", ""credit"": ""ש. ע. פון זיין פֿאָטער מאַקס פֿרידלענדער.""}"
person:1973	person	אַל העריס	Al. Harris	people_db	1973	entry_person_id:P-4-facs_64_r_3	matched		bio	"{""entry_type"": ""performer"", ""volume"": ""4"", ""span"": ""2531-2532"", ""birth_date"": ""1892-02-15"", ""credit"": ""ש. ע.""}"
person:2776	person	ישראל ראָזענבּערג (אַמעריקע)	Israel Rosenberg	people_db	2776	entry_person_id:P-4-facs_65_tr_1753681954	matched		bio	"{""entry_type"": ""performer"", ""volume"": ""4"", ""span"": ""2533-2540"", ""birth_date"": ""1895"", ""credit"": ""מ. און ש. ע.""}"
place:Q71731	place	רעזישטשעוו	Rzhyshchiv	wikidata_qid	Q71731	"{""kima_id"": ""13452"", ""lat"": """", ""lon"": """"}"	matched		bio	
place:UPL-0105	place	הר לבנון					unmatched	attestation:unlinked	bio	
place:Q185146	place	אינשעסט	plasma display	wikidata_qid	Q185146	"{""kima_id"": """", ""lat"": """", ""lon"": """"}"	candidate		bio	
place:UPL-0106	place	לאָדזשער יידישן בית עולם					unmatched	attestation:unlinked	bio	
person:2768	person	יעטאַ רויך	Yetta Roich	people_db	2768	entry_person_id:P-4-facs_79_tr_1753938272	matched		bio	"{""entry_type"": ""performer"", ""volume"": ""4"", ""span"": ""2561-2561"", ""birth_date"": ""1862-06"", ""death_date"": ""1908"", ""credit"": ""מ. ע. פֿון קלמן יאָווילער.""}"
person:2928	person	אברהם-שמואל שימאַנסקי (סיימאָן) (סיימאָן)	Shimansky	people_db	2928	entry_person_id:P-4-facs_79_tr_1753938275	matched		bio	"{""entry_type"": ""performer"", ""volume"": ""4"", ""span"": ""2561-2561"", ""birth_date"": ""1882"", ""death_date"": ""1921-03-02"", ""credit"": ""ש. ע. פֿון זיין ברודער אַלעקס סיימאַן.""}"
person:1685	person	פלאָראַ פריימאַן	Flora Freiman	people_db	1685	entry_person_id:P-4-facs_79_tr_1753938273	matched		bio	"{""entry_type"": ""performer"", ""volume"": ""4"", ""span"": ""2562-2562"", ""birth_date"": ""1915-09-20"", ""credit"": ""ש. ע. פֿון לואיס פֿריימאַן.""}"
place:Q4076148	place	דאָרף באָקשאַ	Baksha	wikidata_qid	Q4076148	"{""kima_id"": """", ""lat"": """", ""lon"": """"}"	candidate		bio	
person:3362	person	מאָריס זיידמאַן	Morris Zeidman	people_db	3362	entry_person_id:P-4-facs_85_tr_1753938252	matched		bio	"{""entry_type"": ""performer"", ""volume"": ""4"", ""span"": ""2574-2574"", ""birth_date"": ""1884-03"", ""death_date"": ""1950-06-22"", ""credit"": ""ש. ע. פֿון זיין ברודער בעני זיידמאַן.""}"
person:2939	person	בעני שעהנגאָלד	Benny Shoengold	people_db	2939	entry_person_id:P-4-facs_86_tr_1753938260	matched		bio	"{""entry_type"": ""performer"", ""volume"": ""4"", ""span"": ""2575-2575"", ""birth_date"": ""1881"", ""death_date"": ""1915-09-21"", ""credit"": ""מ. ע. פֿון זיין טאָכטער.""}"
person:2008	person	אברהם האָכבּאַן	Abraham Hochban	people_db	2008	entry_person_id:P-4-facs_86_tr_1753938264	matched		bio	"{""entry_type"": ""director_regisseur"", ""volume"": ""4"", ""span"": ""2575-2576"", ""birth_date"": ""1893"", ""death_date"": ""1936-08-20"", ""credit"": ""ש. ע. פֿון זיין ברודער דזשעק האָבען.""}"
place:Q3927	place	אסטראכאן	Astrakhan	wikidata_qid	Q3927	"{""kima_id"": ""12816"", ""lat"": """", ""lon"": """"}"	matched		bio	
place:UPL-0107	place	מייאַ קליניק					unmatched	attestation:unlinked	bio	
place:UPL-0108	place	מאָנטעפיאָראַ בית עולם					unmatched	attestation:unlinked	bio	
person:3032	person	מאַקס שטרענג	Max Streng	people_db	3032	entry_person_id:P-4-facs_89_tr_1753938268	matched		bio	"{""entry_type"": ""performer"", ""volume"": ""4"", ""span"": ""2581-2581"", ""birth_date"": ""1876-06-20"", ""death_date"": ""1928-08-03"", ""credit"": ""מ. ע. פֿון יהודה בלייך, פאַול ברייטמאַן און יוליוס גוטמאַן.""}"
place:UPL-0109	place	צענטראַלן פֿרידהאָף					unmatched	attestation:unlinked	bio	
person:1706	person	ראָזע פרידמאַן	Rose Friedman	people_db	1706	entry_person_id:P-4-facs_89_tr_1753938266	matched		bio	"{""entry_type"": ""performer"", ""volume"": ""4"", ""span"": ""2582-2584"", ""death_date"": ""1918-03-09"", ""credit"": ""ש. ע. פֿון לעאָן קאָרנפעלד, מ. ע. פֿון משה לאָזניק, איציקל גאָלדענבורג, יאָזער לאַטיינער, מאיר וואָלף שוואַרץ און צעזאָר גרינבערג.""}"
person:703	person	מאַקס קאַרפּ	Max Karp	people_db	703	entry_person_id:P-4-facs_91_tr_1753602024	matched		bio	"{""entry_type"": ""performer"", ""volume"": ""4"", ""span"": ""2585-2587"", ""birth_date"": ""1856~"", ""death_date"": ""1898-11-17"", ""credit"": ""מ. ע. פון מאַקס ראָזענטאָל.""}"
place:Q1026911	place	סאַנדאָוו ווישניאַ	Sudova Vyshni︠a︡ (Ukraine)	wikidata_qid	Q1026911	"{""kima_id"": ""13173"", ""lat"": """", ""lon"": """"}"	matched		bio	
person:2087	person	ראָזע קאַרפּ	Rosa Karp	people_db	2087	entry_person_id:P-4-facs_95_tr_1753602022	matched		bio	"{""entry_type"": ""performer"", ""volume"": ""4"", ""span"": ""2593-2593"", ""birth_date"": ""1882-01-10"", ""death_date"": ""1935-03-29"", ""credit"": ""מ. ע.""}"
place:Q210127	place	פאָקשאָני	balanced scorecard	wikidata_qid	Q210127	"{""kima_id"": """", ""lat"": """", ""lon"": """"}"	candidate		bio	
person:2120	person	הירש-מאיר קירשענבוים	Hirsh Meir Kirshenbaum	people_db	2120	entry_person_id:P-4-facs_95_tr_1753602024	matched		bio	"{""entry_type"": ""writer"", ""volume"": ""4"", ""span"": ""2594-2594"", ""birth_date"": ""1889"", ""death_date"": ""1943-01-21"", ""credit"": ""מ. ע.""}"
place:Q2342620	place	ליפּסק	Lipsko	wikidata_qid	Q2342620	"{""kima_id"": ""83618"", ""lat"": """", ""lon"": """"}"	matched		bio	
person:2780	person	לייזער ראָזענשטיין	Leyzer Rosenstein	people_db	2780	entry_person_id:P-4-facs_96_tr_1753602020	matched		bio	"{""entry_type"": ""performer"", ""volume"": ""4"", ""span"": ""2595-2596"", ""birth_date"": ""1881-01-22"", ""death_date"": ""1960-01-14"", ""credit"": ""מ. ע.""}"
person:2148	person	מתתיהו קאָוואַלסקי (קאָוואַל)	Matisyahu Kovalski	people_db	2148	entry_person_id:P-4-facs_99_r_2	matched		bio	"{""entry_type"": ""performer"", ""volume"": ""4"", ""span"": ""2601-2602"", ""birth_date"": ""1880-01-15"", ""death_date"": ""1936-10-07"", ""credit"": ""מ. ע.""}"
place:Q6507691	place	לופץ	Liubča	wikidata_qid	Q6507691	"{""kima_id"": """", ""lat"": """", ""lon"": """"}"	matched		bio	
place:UPL-0110	place	לבנון בית עולם פונם אַרבעטעררינג					unmatched	attestation:unlinked	bio	
person:2902	person	דוד שאַראַוונער	David Sharavner	people_db	2902	entry_person_id:P-4-facs_101_r_1	matched		bio	"{""entry_type"": ""performer"", ""volume"": ""4"", ""span"": ""2606-2606"", ""birth_date"": ""1860"", ""death_date"": ""1923"", ""credit"": ""ש. ע. פֿון מאַרק לייפציקער, מ. ע. פֿון וויעראַ ראָזאַנקאָ.""}"
person:2903	person	סאָניאַ שאַראַוונער (סאָפיאַ ווינער)	Sonia Sharavner	people_db	2903	entry_person_id:P-4-facs_102_r_1	matched		bio	"{""entry_type"": ""performer"", ""volume"": ""4"", ""span"": ""2607-2607"", ""birth_date"": ""1885"", ""death_date"": ""1924"", ""credit"": ""ש. ע. פֿון מאַרק לייפציקער און מ. ע. פֿון וויעראַ ראָזאַנקאָ.""}"
person:2628	person	רחל-לאה פּאָול	Ruchel-Leah Paul	people_db	2628	entry_person_id:P-4-facs_102_tr_1753681958	matched		bio	"{""entry_type"": ""performer"", ""volume"": ""4"", ""span"": ""2608-2608"", ""credit"": ""ש. ע. פֿון מרדכי יחסן.""}"
person:3007	person	אסתר סאָלאָמאָן	Esther Solomon	people_db	3007	entry_person_id:P-4-facs_102_tr_1753681953	matched		bio	"{""entry_type"": ""writer"", ""volume"": ""4"", ""span"": ""2608-2608""}"
place:UPL-0111	place	בוטענקאָווע					unmatched	attestation:misresolved	bio	
person:838	person	שרה קראַנצפעלד	Sarah Krantzfeld	people_db	838	entry_person_id:P-4-facs_120_tr_1753936413	matched		bio	"{""entry_type"": ""performer"", ""volume"": ""4"", ""span"": ""2643-2649""}"
place:UPL-0112	place	קליין שטעטל					unmatched	attestation:unlinked	bio	
place:UPL-0113	place	פאַרק ריטש					unmatched	no_attestation	bio	
person:3427	person	הערשל צוקערבערג	Hershel Zuckerberg	people_db	3427	entry_person_id:P-4-facs_129_r_2	matched		bio	"{""entry_type"": ""administrator"", ""volume"": ""4"", ""span"": ""2661-2663"", ""birth_date"": ""1881-11-12"", ""death_date"": ""1936-08-10"", ""credit"": ""מ. ע.""}"
place:Q156593	place	סאמבאר	Sambir	wikidata_qid	Q156593	"{""kima_id"": """", ""lat"": """", ""lon"": """"}"	candidate		bio	
person:1869	person	וויעראַ גאָרדאָן	Vera Gordon	people_db	1869	entry_person_id:P-4-facs_130_r_2	matched		bio	"{""entry_type"": ""performer"", ""volume"": ""4"", ""span"": ""2664-2664"", ""birth_date"": ""1888"", ""death_date"": ""1948-05-08"", ""credit"": ""ש.ע. פֿון אַברהם באַביטש.""}"
person:769	person	אַנעטאַ פינקעל	Annette Finkel	people_db	769	entry_person_id:P-4-facs_137_tr_1754224982	matched		bio	"{""entry_type"": ""performer"", ""volume"": ""4"", ""span"": ""2678-2679"", ""death_date"": ""1926"", ""credit"": ""מ. ע. פֿון יצחק ליברעסקאָ און אייזיק אבערמאַן.""}"
place:Q157645	place	אַטלאַנטיק סיטי	Deutsche Post AG	wikidata_qid	Q157645	"{""kima_id"": """", ""lat"": """", ""lon"": """"}"	candidate		bio	
person:2133	person	מאַקס קאָמפּאַנעיעץ	Max Kompaneyets	people_db	2133	entry_person_id:P-4-facs_141_tr_1754377601	matched		bio	"{""entry_type"": ""performer"", ""volume"": ""4"", ""span"": ""2685-2685"", ""birth_date"": ""1905"", ""death_date"": ""1949-01-06"", ""credit"": ""מ. ע. פֿון זיין שוועסטער באָריסאָוואָ.""}"
person:1359	person	באׇריסאׇוואׇ	Borisovo	people_db	1359	entry_person_id:P-4-facs_142_tr_1754377600	matched		bio	"{""entry_type"": ""performer"", ""volume"": ""4"", ""span"": ""2687-2687"", ""birth_date"": ""1900"", ""credit"": ""מ. ע.""}"
person:3384	person	יוסף זשיטאָמירסקי	Yosef Zhitomirski	people_db	3384	entry_person_id:P-4-facs_142_tr_1754377597	matched		bio	"{""entry_type"": ""writer"", ""volume"": ""4"", ""span"": ""2688-2688""}"
person:1648	person	לוסי פינקעל	Lucy Finkel	people_db	1648	entry_person_id:P-4-facs_200_tr_1754841831	matched		bio	"{""entry_type"": ""performer"", ""volume"": ""4"", ""span"": ""2804-2804"", ""birth_date"": ""1897-11-22"", ""death_date"": ""1943-06-22"", ""credit"": ""מ. ע.""}"
person:1646	person	בעלאַ פינקעל	Bella Finkel	people_db	1646	entry_person_id:P-4-facs_201_tr_1754998569	matched		bio	"{""entry_type"": ""performer"", ""volume"": ""4"", ""span"": ""2805-2805"", ""birth_date"": ""1898-02-08"", ""credit"": ""מ. ע.""}"
person:2736	person	מישאַ ראַפּעל	Misha Rappel	people_db	2736	entry_person_id:P-4-facs_201_tr_1754998574	matched		bio	"{""entry_type"": ""performer"", ""volume"": ""4"", ""span"": ""2806-2806"", ""birth_date"": ""1901-11-15"", ""death_date"": ""1942-04-11"", ""credit"": ""ש. ע. און מ. ע. פֿון חנהלע סטראָמבערג.""}"
place:UPL-0114	place	מאונט זייאָן					unmatched	attestation:unlinked	bio	
person:3218	person	ישעיהו-דניאל וויינבּערג (ס.ד.)	Yeshayahu Daniel Weinberg	people_db	3218	entry_person_id:P-4-facs_202_tr_1754998546	matched		bio	"{""entry_type"": ""writer"", ""volume"": ""4"", ""span"": ""2807-2807"", ""birth_date"": ""1888-06-15"", ""death_date"": ""1943-04-15""}"
place:Q202481	place	ביאַלאָ מאַזאָוויעצק	Kunsthalle Rostock	wikidata_qid	Q202481	"{""kima_id"": """", ""lat"": """", ""lon"": """"}"	candidate		bio	
place:Q974062	place	טשאַרטאָריסק		wikidata_qid	Q974062	"{""kima_id"": """", ""lat"": """", ""lon"": """"}"	candidate		bio	
person:1645	person	פילאָפּ	Filop	people_db	1645	entry_person_id:P-4-facs_206_tr_1754998503	matched		bio	"{""entry_type"": ""performer"", ""volume"": ""4"", ""span"": ""2816-2816"", ""credit"": ""ש. ע פֿון לואיס קרעמער""}"
place:UPL-0115	place	רוסלאַנד					unmatched	no_attestation	bio	
place:UPL-0116	place	האָליוואוד סעמעטערי					unmatched	attestation:unlinked	bio	
place:Q83809	place	סט. מיקלאָש	totem pole	wikidata_qid	Q83809	"{""kima_id"": """", ""lat"": """", ""lon"": """"}"	candidate		bio	
person:2853	person	דוד שעהנהאָלץ	David Schoenholtz	people_db	2853	entry_person_id:P-4-facs_248_tr_1754998565	matched		bio	"{""entry_type"": ""performer"", ""volume"": ""4"", ""span"": ""2899-2899"", ""birth_date"": ""1877-01-29"", ""death_date"": ""1942-06-17"", ""credit"": ""מ. ע.""}"
person:2067	person	דזשעני קייזער	Jenny Kaiser	people_db	2067	entry_person_id:P-4-facs_248_tr_1754998566	matched		bio	"{""entry_type"": ""performer"", ""volume"": ""4"", ""span"": ""2900-2900"", ""birth_date"": ""1872"", ""death_date"": ""1940-02-22"", ""credit"": ""מ. ע. פֿון איר מוטער און ש. ע. פֿון ש. י. האַרענדאָרף.""}"
place:UPL-0117	place	דאָרף קרופּנע					unmatched	attestation:unlinked	bio	
person:711	person	גאָדל קוראַזש	Godl Kurazh	people_db	711	entry_person_id:P-4-facs_251_tr_1754998368	matched		bio	"{""entry_type"": ""performer"", ""volume"": ""4"", ""span"": ""2906-2906"", ""credit"": ""מ. ע. פֿון באָריס טאָמאַשעווסקי, דיינע פֿיינמאַן, הערמאַן פידלער.""}"
person:1688	person	יצחק פרענקעל	Yitzhak Frenkel	people_db	1688	entry_person_id:P-4-facs_260_tr_1754998378	matched		bio	"{""entry_type"": ""performer"", ""volume"": ""4"", ""span"": ""2924-2924"", ""birth_date"": ""1889-04-15"", ""death_date"": ""1956-07-15"", ""credit"": ""ש. ע. און מ. ע. פֿון זלמן זילבערצווייג.""}"
place:UPL-0118	place	פּאָדואילאָי					unmatched	no_attestation	bio	
place:UPL-0119	place	בית דוד בית עולם					unmatched	attestation:unlinked	bio	
place:UPL-0120	place	אַ קליין שטעטל נעבן בודאפּעסט					unmatched	attestation:unlinked	bio	
person:2867	person	יוסף שוואַרצבּערג	Joseph Schwartzberg	people_db	2867	entry_person_id:P-4-facs_269_tr_1754998524	matched		bio	"{""entry_type"": ""writer"", ""volume"": ""4"", ""span"": ""2942-2942"", ""birth_date"": ""1889-03"", ""death_date"": ""1939-07-20"", ""credit"": ""מ. ע.""}"
person:1463	person	ראָזעטאַ קאָהן	Rosetta Conn	people_db	1463	entry_person_id:P-4-facs_270_tr_1754998438	matched		bio	"{""entry_type"": ""performer"", ""volume"": ""4"", ""span"": ""2943-2943"", ""birth_date"": ""1891-07-12"", ""death_date"": ""1953-01-15"", ""credit"": ""ש. ע. פֿון טשאַרלז קאהען און שרה קינדמאַן-מעסטל.""}"
place:Q28	place	אונגארן	Hungary	wikidata_qid	Q28	"{""kima_id"": ""7547"", ""lat"": """", ""lon"": """"}"	matched		bio	
person:2808	person	ראָזאַ רובין	Rose Rubin	people_db	2808	entry_person_id:P-4-facs_274_tr_1754998428	matched		bio	"{""entry_type"": ""performer"", ""volume"": ""4"", ""span"": ""2952-2952"", ""birth_date"": ""1892-12-11"", ""death_date"": ""1931-03-10"", ""credit"": ""מ. ע.""}"
place:Q869818	place	קאַלינאָווקאַ	Christ of the Abyss	wikidata_qid	Q869818	"{""kima_id"": """", ""lat"": """", ""lon"": """"}"	candidate		bio	
place:Q1022877	place	פידקאמען	Cardiac Arrhythmia Suppression Trial	wikidata_qid	Q1022877	"{""kima_id"": """", ""lat"": """", ""lon"": """"}"	candidate		bio	
place:UPL-0121	place	וואַלדהיים בית עולם					unmatched	attestation:unlinked	bio	
person:2076	person	לעאָפּאָלד קאַנער (לייבּ)	Leopold Kanner	people_db	2076	entry_person_id:P-4-facs_277_tr_1754998404	matched		bio	"{""entry_type"": ""performer"", ""volume"": ""4"", ""span"": ""2957-2958"", ""birth_date"": ""1875-12-16"", ""death_date"": ""1919""}"
person:2077	person	שרה קאַנער (פרילינג)	Sarah Kanner	people_db	2077	entry_person_id:P-4-facs_278_tr_1754998432	matched		bio	"{""entry_type"": ""performer"", ""volume"": ""4"", ""span"": ""2959-2960"", ""birth_date"": ""1882-05-29"", ""death_date"": ""1959-02-14"", ""credit"": ""ש. ע. פֿון שרה קאַנער.""}"
person:1459	person	הערי קאָהען	Harry Cohen	people_db	1459	entry_person_id:P-4-facs_279_tr_1754998502	matched		bio	"{""entry_type"": ""performer"", ""volume"": ""4"", ""span"": ""2961-2961"", ""birth_date"": ""1877"", ""death_date"": ""1953-08-28"", ""credit"": ""ש. ע. פֿון טשאַרלי קאָהען.""}"
place:Q1022893	place	סקאַלאַ ביים זברוטש	CATWOE	wikidata_qid	Q1022893	"{""kima_id"": """", ""lat"": """", ""lon"": """"}"	candidate		bio	
person:2128	person	פּאַלינאַ קאָברין (סעגאַל)	Paulina Kobrin	people_db	2128	entry_person_id:P-4-facs_320_r_8	matched		bio	"{""entry_type"": ""writer"", ""volume"": ""4"", ""span"": ""3044-3045"", ""birth_date"": ""1875"", ""death_date"": ""1961-08-29""}"
person:2130	person	אייב קאָגוט	Abe Kogut	people_db	2130	entry_person_id:P-4-facs_321_tr_1754998460	matched		bio	"{""entry_type"": ""administrator"", ""volume"": ""4"", ""span"": ""3046-3046"", ""birth_date"": ""1878-12-19"", ""death_date"": ""1938-04-14"", ""credit"": ""מ. ע.""}"
place:Q1026945	place	טאוסט	Tovste	wikidata_qid	Q1026945	"{""kima_id"": """", ""lat"": """", ""lon"": """"}"	matched		bio	
person:2747	person	דוד רייטץ (רייצען) (רייצען)	David Reitz	people_db	2747	entry_person_id:P-4-facs_322_tr_1754998441	matched		bio	"{""entry_type"": ""performer"", ""volume"": ""4"", ""span"": ""3047-3047"", ""birth_date"": ""1885-10-03"", ""death_date"": ""1928-12-25"", ""credit"": ""ט. ע.""}"
place:Q2788497	place	באָבט	Babtai	wikidata_qid	Q2788497	"{""kima_id"": """", ""lat"": """", ""lon"": """"}"	matched		bio	
person:2852	person	לואיס שניצער (ישראל-לייבּ)	Louis Schnitzer	people_db	2852	entry_person_id:P-4-facs_323_tr_1754998450	matched		bio	"{""entry_type"": ""administrator"", ""volume"": ""4"", ""span"": ""3050-3052"", ""birth_date"": ""1886-07-01"", ""death_date"": ""1954-08-18"", ""credit"": ""ש. ע. און ש. ע. פון לואי מאַרקאָוויטש.""}"
place:Q1022828	place	מאָגעלניץ	Sânandrei	wikidata_qid	Q1022828	"{""kima_id"": """", ""lat"": """", ""lon"": """"}"	candidate		bio	
place:Q815903	place	באָניאַ	Bochnia	wikidata_qid	Q815903	"{""kima_id"": ""11230"", ""lat"": """", ""lon"": """"}"	candidate		bio	
place:UPL-0122	place	קרעמאַטאָריום					unmatched	attestation:unlinked	bio	
person:2164	person	לעאָן קרישטאַל	Leon Kristol	people_db	2164	entry_person_id:P-4-facs_328_tr_1754998393	matched		bio	"{""entry_type"": ""writer"", ""volume"": ""4"", ""span"": ""3059-3062"", ""birth_date"": ""1894-08-10"", ""death_date"": ""1959-08-21"", ""credit"": ""מ. ע.""}"
place:Q1022958	place	שאַרגאָראָד	Tatárszentgyörgy	wikidata_qid	Q1022958	"{""kima_id"": """", ""lat"": """", ""lon"": """"}"	candidate		bio	
person:2849	person	נייטאַן שליף	Neitan Schliff	people_db	2849	entry_person_id:P-4-facs_330_tr_1754998389	matched		bio	"{""entry_type"": ""performer"", ""volume"": ""4"", ""span"": ""3063-3063"", ""birth_date"": ""1892-11-04"", ""death_date"": ""1956-04-17"", ""credit"": ""מ. ע. און ש. ע. פון ב. קאַץ.""}"
place:Q123038	place	גראָכאָוו	Maserati GranTurismo	wikidata_qid	Q123038	"{""kima_id"": """", ""lat"": """", ""lon"": """"}"	candidate		bio	
person:3176	person	העלענאַ וועליש (אינווענטאַרזש)	Helena Velish	people_db	3176	entry_person_id:P-4-facs_332_tr_1754998445	matched		bio	"{""entry_type"": ""performer"", ""volume"": ""4"", ""span"": ""3068-3068"", ""birth_date"": ""1907"", ""death_date"": ""1942"", ""credit"": ""ש. ע. פון איר ברודער יצחק אינווענטאַרזש.""}"
person:2348	person	לעאָן לובינסקי (לייבוש)	Leon Lubinski	people_db	2348	entry_person_id:P-4-facs_332_tr_1754998448	matched		bio	"{""entry_type"": ""performer"", ""volume"": ""4"", ""span"": ""3068-3068"", ""birth_date"": ""1903-05-01"", ""credit"": ""מ. ע.""}"
person:3351	person	הערי זאַר (גבריאל זארשעווסקי)	Harry Zar	people_db	3351	entry_person_id:P-4-facs_333_tr_1754998452	matched		bio	"{""entry_type"": ""administrator"", ""volume"": ""4"", ""span"": ""3069-3069"", ""birth_date"": ""1888-08-17"", ""credit"": ""מ. ע.""}"
person:3353	person	פּאולינאַ זאַרשעווסקי (קעלער)	Paulina Zarzhevska	people_db	3353	entry_person_id:P-4-facs_333_tr_1754998454	matched		bio	"{""entry_type"": ""performer"", ""volume"": ""4"", ""span"": ""3070-3070"", ""birth_date"": ""1891"", ""credit"": ""מ. ע.""}"
person:883	person	אב קאַהאַן (אברהם)	Abe Cahan	people_db	883	entry_person_id:P-4-facs_334_tr_1754998419	matched		bio	"{""entry_type"": ""writer"", ""volume"": ""4"", ""span"": ""3071-3086"", ""birth_date"": ""1860-07-06""}"
place:Q1022876	place	פּאַרברעזע	Orțișoara	wikidata_qid	Q1022876	"{""kima_id"": """", ""lat"": """", ""lon"": """"}"	candidate		bio	
person_entry:P-4-facs_342_tr_1754998516	person	אַלס טעאַטער-קרייטיקער		entry_person_id	P-4-facs_342_tr_1754998516		unmatched		bio	"{""entry_type"": ""writer"", ""volume"": ""4"", ""span"": ""3087-3104"", ""death_date"": ""1951-08-31""}"
person:2151	person	שלמה קרויזע	Solomon Krause	people_db	2151	entry_person_id:P-4-facs_351_tr_1754998561	matched		bio	"{""entry_type"": ""performer"", ""volume"": ""4"", ""span"": ""3105-3106"", ""birth_date"": ""1876-07-04"", ""death_date"": ""1950-04-29"", ""credit"": ""מ. ע. און ש. ע. פֿון וואָלף מערקור.""}"
place:Q1049168	place	ליביוונע	Xeon Phi	wikidata_qid	Q1049168	"{""kima_id"": """", ""lat"": """", ""lon"": """"}"	candidate		bio	
person:1996	person	גיזי היידען-פּריזאַמענט	Gizi Heyden-Pryzament	people_db	1996	entry_person_id:P-4-facs_354_tr_1754998470	matched		bio	"{""entry_type"": ""performer"", ""volume"": ""4"", ""span"": ""3111-3111"", ""birth_date"": ""1906-06-09"", ""credit"": ""ש. ע. פֿון שלמה פריזאַמענט.""}"
person:2171	person	סאַמועל קופּערמאַן	Samuel Kuperman	people_db	2171	entry_person_id:P-4-facs_354_tr_1754998468	matched		bio	"{""entry_type"": ""administrator"", ""volume"": ""4"", ""span"": ""3112-3112"", ""birth_date"": ""188X"", ""credit"": ""מ. ע. פֿון פּאָלאַ פּאַטראָני.""}"
place:Q203680	place	וולאָשטשאַווע	postage stamps and postal history of Egypt	wikidata_qid	Q203680	"{""kima_id"": """", ""lat"": """", ""lon"": """"}"	candidate		bio	
person:2846	person	מאיר שעהר	Meyer Scheer	people_db	2846	entry_person_id:P-4-facs_355_tr_1754998462	matched		bio	"{""entry_type"": ""performer"", ""volume"": ""4"", ""span"": ""3113-3113"", ""birth_date"": ""1881"", ""death_date"": ""1961-05-13"", ""credit"": ""ש. ע.""}"
person:1618	person	אַלעקסאַנדער פאַרבעאׇ (סענדער זושיע פאַרבּער)	Alexander Farbo	people_db	1618	entry_person_id:P-4-facs_355_tr_1754998470	matched		bio	"{""entry_type"": ""writer"", ""volume"": ""4"", ""span"": ""3114-3114"", ""birth_date"": ""1888-07-23"", ""death_date"": ""1940-03-29""}"
place:UPL-0123	place	דאָרף אַלעקסאַנדערהאָף					unmatched	attestation:unlinked	bio	
person:2102	person	מאָריס קעניג (כליוונער)	Morris Kenig	people_db	2102	entry_person_id:P-4-facs_358_tr_1754998513	matched		bio	"{""entry_type"": ""performer"", ""volume"": ""4"", ""span"": ""3120-3120"", ""birth_date"": ""1892"", ""death_date"": ""1954-11-17"", ""credit"": ""ש.. ע.""}"
person:2078	person	סעם קאַפּלאַן (זכריה)	Sam Kaplan	people_db	2078	entry_person_id:P-4-facs_358_tr_1754998512	matched		bio	"{""entry_type"": ""performer"", ""volume"": ""4"", ""span"": ""3120-3120"", ""birth_date"": ""1885"", ""credit"": ""ש. ע. און ש. ע. פֿון ב. קאַץ.""}"
place:Q1049260	place	פּשעראָסלע	Sádaba Castle	wikidata_qid	Q1049260	"{""kima_id"": """", ""lat"": """", ""lon"": """"}"	candidate		bio	
person:3808	person	לייבּ קאַדיסאָן (שוסטער)		people_db	3808	entry_person_id:P-4-facs_360_tr_1754998576	matched		bio	"{""entry_type"": ""director_regisseur"", ""volume"": ""4"", ""span"": ""3124, 3125, 3126, 3127, 3128, 3129, :"", ""birth_date"": ""1881-01-09"", ""death_date"": ""1947-09-25"", ""credit"": ""מ. ע.""}"
person_entry:P-4-facs_364_tr_1755030303	person	"„פּערהיפט"" [פרץ הירשביין פֿאָלקס טעאַטער]"		entry_person_id	P-4-facs_364_tr_1755030303		unmatched		bio	"{""entry_type"": ""group"", ""volume"": ""4"", ""span"": ""56-3147"", ""birth_date"": ""1920"", ""credit"": ""מ. און ש. ע. פֿון חיים וויינשל.""}"
person:2145	person	מלכה קאָרנשטיין	Malka Kornstein	people_db	2145	entry_person_id:P-4-facs_372_tr_1755029967	matched		bio	"{""entry_type"": ""performer"", ""volume"": ""4"", ""span"": ""3148-3148"", ""birth_date"": ""1899-04"", ""death_date"": ""1944-02"", ""credit"": ""ש. ע. פֿון יעקב טיקמאַן""}"
person:3485	person	ש. קאָזיניץ (שמואל-יצחק)		people_db	3485	entry_person_id:P-4-facs_373_tr_1755030160	matched		bio	"{""entry_type"": ""writer"", ""volume"": ""4"", ""span"": ""3149-3152"", ""birth_date"": ""1891-03"", ""credit"": ""ש.ע""}"
place:Q3484694	place	טשאַשניקי	Simple Headphone Mind	wikidata_qid	Q3484694	"{""kima_id"": """", ""lat"": """", ""lon"": """"}"	candidate		bio	
person:1709	person	זאַנוויל פרומקיס	Zanvil Frumkis	people_db	1709	entry_person_id:P-4-facs_375_tr_1755029878	matched		bio	"{""entry_type"": ""writer"", ""volume"": ""4"", ""span"": ""3153-3153""}"
place:Q10958	place	פּיאַטערגאָרי	Neunkirchen	wikidata_qid	Q10958	"{""kima_id"": """", ""lat"": """", ""lon"": """"}"	candidate		bio	
place:Q2062891	place	מאַרקולעשט	Weißkirchen	wikidata_qid	Q2062891	"{""kima_id"": """", ""lat"": """", ""lon"": """"}"	candidate		bio	
person:2602	person	חיים אָסטראָווסקי	Chaim Ostrovsky	people_db	2602	entry_person_id:P-4-facs_380_tr_1755030217	matched		bio	"{""entry_type"": ""director_regisseur"", ""volume"": ""4"", ""span"": ""3163-3164"", ""birth_date"": ""1896-07-15"", ""credit"": ""ש. און מ. ע.""}"
place:Q1527795	place	לאכװע	Lakhva	wikidata_qid	Q1527795	"{""kima_id"": ""19050"", ""lat"": """", ""lon"": """"}"	matched		bio	
person:2093	person	בן-ציון קאַץ	Ben-Zion Katz	people_db	2093	entry_person_id:P-4-facs_381_tr_1755030081	matched		bio	"{""entry_type"": ""performer"", ""volume"": ""4"", ""span"": ""3166-3166"", ""birth_date"": ""1897"", ""death_date"": ""1945-02-01"", ""credit"": ""מ. ע. פֿון מרדכי יחסן.""}"
person:2858	person	נייטאַן שולמאַן	Nathan Schulman	people_db	2858	entry_person_id:P-4-facs_381_r	matched		bio	"{""entry_type"": ""administrator"", ""volume"": ""4"", ""span"": ""3166-3166"", ""birth_date"": ""1874"", ""death_date"": ""1931-10-06""}"
place:Q3646499	place	אָסטראָוונע	Astroŭna	wikidata_qid	Q3646499	"{""kima_id"": """", ""lat"": """", ""lon"": """"}"	candidate		bio	
place:Q6541521	place	ליבערטי	Liberty	wikidata_qid	Q6541521	"{""kima_id"": """", ""lat"": """", ""lon"": """"}"	matched		bio	
place:UPL-0124	place	הר סיני בית עולם					unmatched	attestation:unlinked	bio	
person:2744	person	לואיס ריינגאָלד (אלעזר דוד אַזשאַראַוו)	Louis Reingold	people_db	2744	entry_person_id:P-4-facs_385_tr_1755029934	matched		bio	"{""entry_type"": ""writer"", ""volume"": ""4"", ""span"": ""3173-3174"", ""birth_date"": ""1875-11-20"", ""death_date"": ""1944-08-27"", ""credit"": ""ש. ע. און מ. ע.""}"
place:Q182563	place	טשעכאַנאָוו	Ciechanów	wikidata_qid	Q182563	"{""kima_id"": """", ""lat"": """", ""lon"": """"}"	candidate		bio	
person:2772	person	וויעראַ ראָזאַנקאָ (שפרע ווינער)	Vera Rosanko	people_db	2772	entry_person_id:P-4-facs_386_tr_1755029933	matched		bio	"{""entry_type"": ""performer"", ""volume"": ""4"", ""span"": ""3175-3175"", ""credit"": ""מ. ע. פֿון ישראל ראָזענבערג.""}"
person:2718	person	אסתר ראַבינער	Esther Rabiner	people_db	2718	entry_person_id:P-4-facs_386_tr_1755029936	matched		bio	"{""entry_type"": ""writer"", ""volume"": ""4"", ""span"": ""3176-3176"", ""birth_date"": ""1898-03-18"", ""death_date"": ""1941-08-05"", ""credit"": ""ש. ע. פֿון ליפּע לערער.""}"
person_entry:P-4-facs_387_tr_1755030250	person	וועליטשאַנסקי, ישראל		entry_person_id	P-4-facs_387_tr_1755030250		unmatched		bio	"{""entry_type"": ""performer"", ""volume"": ""4"", ""span"": ""3177-3177"", ""credit"": ""מ. ע.""}"
person:2098	person	אַדאָלף קאַצער	Adolph Katzer	people_db	2098	entry_person_id:P-4-facs_387_r	matched		bio	"{""entry_type"": ""performer"", ""volume"": ""4"", ""span"": ""3178-3178"", ""credit"": ""מ. ע. פֿון הערי מילער און לואיס קרעמער.""}"
person:2750	person	עדווין רעלקין (אַראָלד, אברהם)	Edwin A. Relkin	people_db	2750	entry_person_id:P-4-facs_394_tr_1755030217	matched		bio	"{""entry_type"": ""administrator"", ""volume"": ""4"", ""span"": ""3192-3198"", ""birth_date"": ""1880"", ""death_date"": ""1952-10-11"", ""credit"": ""ש. ע. פֿון וואָלף מערקור.""}"
place:Q827229	place	בערשאַד	Bershad	wikidata_qid	Q827229	"{""kima_id"": ""18919"", ""lat"": """", ""lon"": """"}"	matched		bio	
person:2172	person	יעקב קורלענדער	Yakov Kurlender	people_db	2172	entry_person_id:P-4-facs_400_tr_1755030252	matched		bio	"{""entry_type"": ""performer"", ""volume"": ""4"", ""span"": ""3204-3205"", ""birth_date"": ""1904-12-20"", ""credit"": ""ש. ע.""}"
place:Q152406	place	קרית גת	Kiryat Gat	wikidata_qid	Q152406	"{""kima_id"": ""478"", ""lat"": ""31.606111"", ""lon"": ""34.771667""}"	candidate		bio	
person:1395	person	חיים בּריסמאַן	Chaim Brisman	people_db	1395	entry_person_id:P-4-facs_404_tr_1755030317	matched		bio	"{""entry_type"": ""director_regisseur"", ""volume"": ""4"", ""span"": ""3211-3213"", ""birth_date"": ""1903-05-01"", ""credit"": ""מ. ע.""}"
place:Q587155	place	קאָלנע	Kolno	wikidata_qid	Q587155	"{""kima_id"": """", ""lat"": """", ""lon"": """"}"	matched		bio	
person:2281	person	שרה ליבערט (לאה)	Sarah L. Libert	people_db	2281	entry_person_id:P-4-facs_405_tr_1755029979	matched		bio	"{""entry_type"": ""writer"", ""volume"": ""4"", ""span"": ""3214-3215"", ""birth_date"": ""1892-04-27"", ""death_date"": ""1955-01-28"", ""credit"": ""ש. ע. פֿון איר שוועסטער רעגינע ליבערט.""}"
person_entry:P-4-facs_409_r_1	person	שיקאַגער דראַמאַטישע געזעלשאַפט		entry_person_id	P-4-facs_409_r_1		unmatched		bio	"{""entry_type"": ""group"", ""volume"": ""4"", ""span"": ""382-3268"", ""birth_date"": ""1908"", ""credit"": ""ש. ע. פֿון מאָריס מייסאָן און ש. רובינשטיין.""}"
person:3035	person	חנה סטראַמבערג	Chana Stromberg	people_db	3035	entry_person_id:P-4-facs_445_tr_1755030294	matched		bio	"{""entry_type"": ""performer"", ""volume"": ""4"", ""span"": ""3294-3294"", ""credit"": ""שע.""}"
person:3377	person	לאהלע זיידענבערג-סאַנטאׇפּ	Leale Zeydenberg-Santop	people_db	3377	entry_person_id:P-4-facs_446_tr_1755029997	matched		bio	"{""entry_type"": ""performer"", ""volume"": ""4"", ""span"": ""3295-3295"", ""credit"": ""ש. ע.""}"
place:Q1116456	place	מיאָדל	badminton at the 1990 Commonwealth Games	wikidata_qid	Q1116456	"{""kima_id"": """", ""lat"": """", ""lon"": """"}"	candidate		bio	
person:3303	person	מרדכי ירדני (מאָטל שערמאַן)	Mordechai Yardeini	people_db	3303	entry_person_id:P-4-facs_446_tr_1755029998	matched		bio	"{""entry_type"": ""performer"", ""volume"": ""4"", ""span"": ""3296-3297"", ""birth_date"": ""1906-07-16"", ""credit"": ""ש. און מ. ע.""}"
place:Q1023005	place	סלאָוועשנע	CB Cantabria	wikidata_qid	Q1023005	"{""kima_id"": """", ""lat"": """", ""lon"": """"}"	candidate		bio	
person_entry:P-4-facs_451_tr_1755030302	person	יידישע טעאַטריקל עלייענס		entry_person_id	P-4-facs_451_tr_1755030302		unmatched		bio	"{""entry_type"": ""union"", ""volume"": ""4"", ""span"": ""3307-3806"", ""birth_date"": ""1917-12-31"", ""credit"": ""ש. ע. פֿון מרדכי ירדני.""}"
person:2379	person	ישראל מאַנדעל (מאַדזשעוויצקי)	Israel Mandel	people_db	2379	entry_person_id:P-4-facs_452_tr_1755030299	matched		bio	"{""entry_type"": ""performer"", ""volume"": ""4"", ""span"": ""3308-3308"", ""birth_date"": ""1902"", ""death_date"": ""1962-09-16"", ""credit"": ""ש. ע. פֿון יעקב בערגרין און זיין שוועגערין מרס. מאַזאָוו.""}"
place:Q104740	place	ראדעם	Radom	wikidata_qid	Q104740	"{""kima_id"": ""636"", ""lat"": ""51.416667"", ""lon"": ""21.150000""}"	matched		bio	
place:Q849499	place	פּעריעסלאָוו	Pereiaslav	wikidata_qid	Q849499	"{""kima_id"": """", ""lat"": """", ""lon"": """"}"	candidate		bio	
person_entry:P-4-facs_564_tr_1755029956	person	"""שלום-עליכם סטודיאָ“ (טעאַטער)"		entry_person_id	P-4-facs_564_tr_1755029956		unmatched		bio	"{""entry_type"": ""group"", ""volume"": ""4"", ""span"": ""3532-3532""}"
person_entry:P-4-facs_565_tr_1755029876	person	אָפּשאַצונגען		entry_person_id	P-4-facs_565_tr_1755029876		unmatched		bio	"{""entry_type"": ""writer"", ""volume"": ""4"", ""span"": ""3533-3867"", ""credit"": ""ש. ע. פֿון שעפטל זאַק, דוד לייכט, ל. מאַן, דוד בערעזער, נתן כספּי און משה שולווייס.""}"
place:UPL-0125	place	קאָמענקאָיע					unmatched	attestation:misresolved	bio	
person:1545	person	הירש עהרענרייך	Hirsh Ehrenreich	people_db	1545	entry_person_id:P-4-facs_590_tr_1755030075	matched		bio	"{""entry_type"": ""administrator"", ""volume"": ""4"", ""span"": ""3584-3584"", ""birth_date"": ""188X"", ""death_date"": ""1953-06-03"", ""credit"": ""ש. ע. פֿון חיים עהרענרייך.""}"
place:Q60498333	place	סוכאַרי	Sukharia	wikidata_qid	Q60498333	"{""kima_id"": """", ""lat"": ""23.129280"", ""lon"": ""88.443250""}"	matched		bio	
place:UPL-0126	place	אַ דאָרף נעבן שאַריווקע, גיט ווייט פון פּראָסקוראָוו					unmatched	attestation:unlinked	bio	
place:Q1022993	place	טרייסק	Phillipsburg	wikidata_qid	Q1022993	"{""kima_id"": """", ""lat"": """", ""lon"": """"}"	matched		bio	
person:2999	person	חיים סלאַוועס	Chaim Sloves	people_db	2999	entry_person_id:P-4-facs_593_tr_1755030177	matched		bio	"{""entry_type"": ""writer"", ""volume"": ""4"", ""span"": ""3590-3889"", ""birth_date"": ""1905-06-19"", ""credit"": ""ש. ע.""}"
place:Q165940	place	נאָוואַראַדאָמסק	typhlosole	wikidata_qid	Q165940	"{""kima_id"": """", ""lat"": """", ""lon"": """"}"	candidate		bio	
person:2080	person	זעלדע קאַפּלאַן	Zelda Kaplan	people_db	2080	entry_person_id:P-4-facs_597_tr_1755030190	matched		bio	"{""entry_type"": ""performer"", ""volume"": ""4"", ""span"": ""3597-3597"", ""birth_date"": ""1935-01-22"", ""credit"": ""מ. ע.""}"
person_entry:P-4-facs_598_tr_1755029985	person	באַמבערגער יידישע דראַמאַטישע סטודיע		entry_person_id	P-4-facs_598_tr_1755029985		unmatched		bio	"{""entry_type"": ""group"", ""volume"": ""4"", ""span"": ""3599-3601"", ""birth_date"": ""1946-02-20"", ""death_date"": ""1947"", ""credit"": ""מ. ע. פֿון שלמה זינשטיין.""}"
person:2918	person	משה שמש	Moshe Shemesh	people_db	2918	entry_person_id:P-4-facs_599_tr_1755030067	matched		bio	"{""entry_type"": ""writer"", ""volume"": ""4"", ""span"": ""3602-3602"", ""birth_date"": ""1881-01-29"", ""death_date"": ""1951-12-31"", ""credit"": ""מ. ע. פֿון לואיס מאַרקאָוויטש.""}"
place:Q973946	place	זבאַראָוו	Rip Her to Shreds	wikidata_qid	Q973946	"{""kima_id"": """", ""lat"": """", ""lon"": """"}"	candidate		bio	
person:2610	person	פייגעלע פּאַניץ	Feigele Panitz	people_db	2610	entry_person_id:P-4-facs_600_tr_1755030245	matched		bio	"{""entry_type"": ""performer"", ""volume"": ""4"", ""span"": ""3603-3604"", ""birth_date"": ""1893"", ""credit"": ""ש. ע. פֿון יוסף פּאָניץ.""}"
person:1812	person	איטשע גאָלדבּערג	Itshe Goldberg	people_db	1812	entry_person_id:P-4-facs_613_tr_1755030200	matched		bio	"{""entry_type"": ""writer"", ""volume"": ""4"", ""span"": ""3630-3631"", ""credit"": ""ש. ע.""}"
person:2737	person	שאול ראַסקין	Saul Raskin	people_db	2737	entry_person_id:P-4-facs_614_tr_1755030236	matched		bio	"{""entry_type"": ""other"", ""volume"": ""4"", ""span"": ""3632-3635"", ""birth_date"": ""1878-08-15"", ""credit"": ""ש. ע. פֿון ה. וואַקסבערג.""}"
place:Q869809	place	נאַגאָיסק (נאַגייסקי)	Nahoysk	wikidata_qid	Q869809	"{""kima_id"": """", ""lat"": """", ""lon"": """"}"	candidate		bio	
person:3167	person	פייוול ווייסבּערג	Feivl Vaysberg	people_db	3167	entry_person_id:P-4-facs_618_tr_1755029882	matched		bio	"{""entry_type"": ""performer"", ""volume"": ""4"", ""span"": ""3639-3639"", ""birth_date"": ""1896-09-22"", ""credit"": ""ש. ע.""}"
place:Q1221977	place	דראָהייטשין	Silesian Parliament	wikidata_qid	Q1221977	"{""kima_id"": """", ""lat"": """", ""lon"": """"}"	candidate		bio	
place:Q485027	place	דיניווייל	body armor	wikidata_qid	Q485027	"{""kima_id"": """", ""lat"": """", ""lon"": """"}"	candidate		bio	
place:Q40357	place	טורמע	prison	wikidata_qid	Q40357	"{""kima_id"": """", ""lat"": """", ""lon"": """"}"	candidate		bio	
person:3364	person	אהרן צייטלין (אליעזר)	Aaron Zeitlin	people_db	3364	entry_person_id:P-4-facs_622_tr_1755030211	matched		bio	"{""entry_type"": ""writer"", ""volume"": ""4"", ""span"": ""3647-3650"", ""birth_date"": ""1898-06-03"", ""credit"": ""מ. ע.""}"
place:Q852786	place	אַוואַראָוויטשי	Avaravichy	wikidata_qid	Q852786	"{""kima_id"": """", ""lat"": """", ""lon"": """"}"	candidate		bio	
person:1504	person	משה דלוזשנאָווסקי	Moshe Dluznowsky	people_db	1504	entry_person_id:P-4-facs_625_tr_1755029931	matched		bio	"{""entry_type"": ""writer"", ""volume"": ""4"", ""span"": ""3654-3656"", ""birth_date"": ""1906-02-22""}"
place:Q157994	place	טאָמעשעוו	Tomaszów Mazowiecki	wikidata_qid	Q157994	"{""kima_id"": ""10105"", ""lat"": """", ""lon"": """"}"	matched		bio	
person:2807	person	מנחם רובין (עקהייזער, קייזער)	Menachem Rubin	people_db	2807	entry_person_id:P-4-facs_627_tr_1755030085	matched		bio	"{""entry_type"": ""performer"", ""volume"": ""4"", ""span"": ""3659-3865"", ""birth_date"": ""1892"", ""death_date"": ""1962-06-18"", ""credit"": ""מ. ע. פֿון יוליוס אַדלער. מ. גערץ — רובינס „סטעמפּעניו, „פרימאָרגן“, ריגע, 8, אַפּריל 1929.""}"
place:Q1261285	place	אַדימאָוו	Drummeholm	wikidata_qid	Q1261285	"{""kima_id"": """", ""lat"": """", ""lon"": """"}"	candidate		bio	
place:Q4441722	place	סטעפּעניץ	Stepanetske	wikidata_qid	Q4441722	"{""kima_id"": """", ""lat"": """", ""lon"": """"}"	matched		bio	
person_entry:P-4-facs_639_tr_1755030118	person	פֿילאָדעלפֿיער יידישע דראָמ. געזעלשאַפטן		entry_person_id	P-4-facs_639_tr_1755030118		unmatched		bio	"{""entry_type"": ""group"", ""volume"": ""4"", ""span"": ""3681-3685"", ""birth_date"": ""1885-02""}"
place:Q1022960	place	שוועקסנע	Třemošnice	wikidata_qid	Q1022960	"{""kima_id"": ""84456"", ""lat"": """", ""lon"": """"}"	candidate		bio	
place:Q1086702	place	דובראָווע	20371 Ekladyous	wikidata_qid	Q1086702	"{""kima_id"": """", ""lat"": """", ""lon"": """"}"	candidate		bio	
person_entry:P-4-facs_651_tr_1755030221	person	נח און גאָס ריינעם		entry_person_id	P-4-facs_651_tr_1755030221		unmatched		bio	"{""entry_type"": ""other"", ""volume"": ""4"", ""span"": ""[1]-[1]"", ""birth_date"": ""1878""}"
place:UPL-0127	place	יאַשאָנאָווקי					unmatched	attestation:misresolved	bio	
person_entry:P-4-facs_651_tr_1755030219	person	אונדזערע בויער		entry_person_id	P-4-facs_651_tr_1755030219		unmatched		bio	"{""entry_type"": ""administrator"", ""volume"": ""4"", ""span"": ""[1]"", ""death_date"": ""1947-06-22""}"
person_entry:P-4-facs_651_tr_1755030222	person	אַלעקס שניידמאַן		entry_person_id	P-4-facs_651_tr_1755030222		unmatched		bio	"{""entry_type"": ""performer"", ""volume"": ""4"", ""span"": ""[2]-[2]""}"
person_entry:P-4-facs_652_r_1	person	נחמן זיידענוועבער		entry_person_id	P-4-facs_652_r_1		unmatched		bio	"{""entry_type"": ""administrator"", ""volume"": ""4"", ""span"": ""[2]"", ""birth_date"": ""1899-03-28""}"
place:Q4086068	place	בעכעווע	Becheve	wikidata_qid	Q4086068	"{""kima_id"": """", ""lat"": """", ""lon"": """"}"	matched		bio	
person_entry:P-4-facs_652_tr_1755030209	person	מאָריס פֿאַרבער		entry_person_id	P-4-facs_652_tr_1755030209		unmatched		bio	"{""entry_type"": ""administrator"", ""volume"": ""4"", ""span"": ""[3]-[3]""}"
place:Q178090	place	פעאָדאַסיע	Partizansk	wikidata_qid	Q178090	"{""kima_id"": """", ""lat"": """", ""lon"": """"}"	candidate		bio	
person_entry:P-4-facs_653_tr_1755030266	person	מאַניאַ פֿאַרבער		entry_person_id	P-4-facs_653_tr_1755030266		unmatched		bio	"{""entry_type"": ""performer"", ""volume"": ""4"", ""span"": ""[3]-[3]""}"
person_entry:P-4-facs_653_tr_1755030263	person	לאָניאַ בימקאָ		entry_person_id	P-4-facs_653_tr_1755030263		unmatched		bio	"{""entry_type"": ""other"", ""volume"": ""4"", ""span"": ""[3]"", ""birth_date"": ""1900"", ""death_date"": ""1949-05-15""}"
person_entry:P-4-facs_654_tr_1755029981	person	דר. וועלוול אַסטראָווסקי		entry_person_id	P-4-facs_654_tr_1755029981		unmatched		bio	"{""entry_type"": ""writer"", ""volume"": ""4"", ""span"": ""[4]-[4]"", ""birth_date"": ""1888"", ""death_date"": ""1941""}"
person_entry:P-4-facs_654_tr_1755029982	person	מאיר אַסטראָווסקי		entry_person_id	P-4-facs_654_tr_1755029982		unmatched		bio	"{""entry_type"": ""administrator"", ""volume"": ""4"", ""span"": ""[4]"", ""birth_date"": ""1897-07-14"", ""death_date"": ""1960-10-21""}"
place:Q4225915	place	קאַשאַוואַטע	Noda	wikidata_qid	Q4225915	"{""kima_id"": """", ""lat"": """", ""lon"": """"}"	matched		bio	
person_entry:P-4-facs_655_tr_1755030266	person	יוסף אַרנאָלד		entry_person_id	P-4-facs_655_tr_1755030266		unmatched		bio	"{""entry_type"": ""administrator"", ""volume"": ""4"", ""span"": ""[5]-[5]""}"
place:UPL-0128	place	קאַזשעמינקי					unmatched	attestation:misresolved	bio	
person_entry:P-4-facs_655_tr_1755030265	person	יודל (יוליוס) באָרענשטיין		entry_person_id	P-4-facs_655_tr_1755030265		unmatched		bio	"{""entry_type"": ""administrator"", ""volume"": ""4"", ""span"": ""[5]"", ""birth_date"": ""1889-09-25""}"
place:Q165843	place	ראַכאָוו	Audi Type K	wikidata_qid	Q165843	"{""kima_id"": """", ""lat"": """", ""lon"": """"}"	candidate		bio	
person_entry:P-4-facs_655_tr_1755030260	person	יעקב דובאָוו		entry_person_id	P-4-facs_655_tr_1755030260		unmatched		bio	"{""entry_type"": ""administrator"", ""volume"": ""4"", ""span"": ""[6]-[6]""}"
place:UPL-0129	place	דאַרף ניט ווייט פון פּיראַטיין					unmatched	attestation:unlinked	bio	
person_entry:P-4-facs_656_tr_1755029862	person	מינאַ האָפמאַן		entry_person_id	P-4-facs_656_tr_1755029862		unmatched		bio	"{""entry_type"": ""performer"", ""volume"": ""4"", ""span"": ""[7]-[7]"", ""birth_date"": ""1892-09-15""}"
place:Q869869	place	סמילע	41xx steel	wikidata_qid	Q869869	"{""kima_id"": """", ""lat"": """", ""lon"": """"}"	candidate		bio	
person_entry:P-4-facs_658_tr_1755030002	person	פאַולין ווהייטמאַן		entry_person_id	P-4-facs_658_tr_1755030002		unmatched		bio	"{""entry_type"": ""performer"", ""volume"": ""4"", ""span"": ""[8]-[8]"", ""birth_date"": ""1906""}"
person_entry:P-4-facs_658_tr_1755030000	person	הענעלע וואַסערמאַן		entry_person_id	P-4-facs_658_tr_1755030000		unmatched		bio	"{""entry_type"": ""other"", ""volume"": ""4"", ""span"": ""[8]"", ""death_date"": ""1960-12-27""}"
person_entry:P-4-facs_658_tr_1755030003	person	רחל (קאָקאָ) זינגער		entry_person_id	P-4-facs_658_tr_1755030003		unmatched		bio	"{""entry_type"": ""other"", ""volume"": ""4"", ""span"": ""[9]-[9]"", ""birth_date"": ""1900"", ""death_date"": ""1959-12-19""}"
person_entry:P-4-facs_659_tr_1755030149	person	בעני און מאָלי טראָי		entry_person_id	P-4-facs_659_tr_1755030149		unmatched		bio	"{""entry_type"": ""administrator"", ""volume"": ""4"", ""span"": ""[9]-[9]"", ""birth_date"": ""1892-06-10""}"
person:2257	person	חנה לעווין	Chana Levin	people_db	2257	entry_person_id:P-4-facs_660_tr_1755030252	matched		bio	"{""entry_type"": ""performer"", ""volume"": ""4"", ""span"": ""]10]-]10]"", ""death_date"": ""1960-03-17""}"
person_entry:P-4-facs_660_tr_1755030253	person	לוסי לאַנג-ראָבינס (1888-1962)		entry_person_id	P-4-facs_660_tr_1755030253		unmatched		bio	"{""entry_type"": ""administrator"", ""volume"": ""4"", ""span"": ""]10]""}"
person_entry:P-4-facs_661_tr_1755030263	person	רויזעלע ליבקין		entry_person_id	P-4-facs_661_tr_1755030263		unmatched		bio	"{""entry_type"": ""performer"", ""volume"": ""4"", ""span"": ""[11]"", ""birth_date"": ""1910-04-06"", ""death_date"": ""1959-05-19""}"
place:Q24879	place	ברעמען	Bremen	wikidata_qid	Q24879	"{""kima_id"": ""580"", ""lat"": """", ""lon"": """"}"	matched		bio	
place:UPL-0130	place	פֿיינהוירסט (נאַציאָנאלן) בית עולם					unmatched	attestation:unlinked	bio	
person_entry:P-4-facs_662_tr_1755029947	person	דזשוליוס און בערטאָ מילער		entry_person_id	P-4-facs_662_tr_1755029947		unmatched		bio	"{""entry_type"": ""musician"", ""volume"": ""4"", ""span"": ""[12]""}"
person_entry:P-4-facs_663_tr_1755030299	person	בען סאפּקין		entry_person_id	P-4-facs_663_tr_1755030299		unmatched		bio	"{""entry_type"": ""other"", ""volume"": ""4"", ""span"": ""]13]""}"
place:Q869806	place	מאָלאַסטאָווקע	Roman Catholic Diocese of Issele-Uku	wikidata_qid	Q869806	"{""kima_id"": """", ""lat"": """", ""lon"": """"}"	candidate		bio	
place:Q1021697	place	טאַרנאָרודא		wikidata_qid	Q1021697	"{""kima_id"": """", ""lat"": """", ""lon"": """"}"	candidate		bio	
person_entry:P-4-facs_664_tr_1755030050	person	אַברהם עדעלמאַן		entry_person_id	P-4-facs_664_tr_1755030050		unmatched		bio	"{""entry_type"": ""other"", ""volume"": ""4"", ""span"": ""[14]"", ""birth_date"": ""1890-10-12""}"
place:Q4171400	place	דושאַט	Dushatin	wikidata_qid	Q4171400	"{""kima_id"": """", ""lat"": """", ""lon"": """"}"	matched		bio	
person_entry:P-4-facs_664_tr_1755030049	person	נייטען ערליך		entry_person_id	P-4-facs_664_tr_1755030049		unmatched		bio	"{""entry_type"": ""administrator"", ""volume"": ""4"", ""span"": ""[15]-[15]"", ""birth_date"": ""1900""}"
person_entry:P-4-facs_666_tr_1755030166	person	מענדל פּעטרושקאַ		entry_person_id	P-4-facs_666_tr_1755030166		unmatched		bio	"{""entry_type"": ""performer"", ""volume"": ""4"", ""span"": ""[17]-[17]"", ""birth_date"": ""1891-03-22"", ""death_date"": ""1952-04-07""}"
person_entry:P-4-facs_666_tr_1755030169	person	דבורה פֿאַרמאַן		entry_person_id	P-4-facs_666_tr_1755030169		unmatched		bio	"{""entry_type"": ""other"", ""volume"": ""4"", ""span"": ""[17]-[17]"", ""birth_date"": ""1892-06-06"", ""death_date"": ""1962-04-04""}"
place:Q958747	place	סטוטשין	Szczuczyn	wikidata_qid	Q958747	"{""kima_id"": """", ""lat"": """", ""lon"": """"}"	matched		bio	
person_entry:P-4-facs_666_tr_1755030168	person	נייטען פֿאַרמאַן		entry_person_id	P-4-facs_666_tr_1755030168		unmatched		bio	"{""entry_type"": ""administrator"", ""volume"": ""4"", ""span"": ""[17]-[17]"", ""birth_date"": ""1892-01-15""}"
person_entry:P-4-facs_667_tr_1755030056	person	עטל פֿורמאַן		entry_person_id	P-4-facs_667_tr_1755030056		unmatched		bio	"{""entry_type"": ""other"", ""volume"": ""4"", ""span"": ""[17]-[17]"", ""death_date"": ""1955-11-07""}"
person_entry:P-4-facs_668_tr_1755029974	person	יוסף קאַראַבעלאַ		entry_person_id	P-4-facs_668_tr_1755029974		unmatched		bio	"{""entry_type"": ""administrator"", ""volume"": ""4"", ""span"": ""[18]"", ""birth_date"": ""1903-03-03"", ""death_date"": ""1962-04-25""}"
person_entry:P-4-facs_668_tr_1755029972	person	שמואל קאַרפּמאַן		entry_person_id	P-4-facs_668_tr_1755029972		unmatched		bio	"{""entry_type"": ""other"", ""volume"": ""4"", ""span"": ""[19]-[19]"", ""birth_date"": ""1889"", ""death_date"": ""1962""}"
place:Q875097	place	נאַראַווליע	Schwelme	wikidata_qid	Q875097	"{""kima_id"": """", ""lat"": """", ""lon"": """"}"	candidate		bio	
person_entry:P-4-facs_669_tr_1755030279	person	דזשעק קאַהאַן		entry_person_id	P-4-facs_669_tr_1755030279		unmatched		bio	"{""entry_type"": ""administrator"", ""volume"": ""4"", ""span"": ""[19]-[19]""}"
person_entry:P-4-facs_669_tr_1755030278	person	דוד קולאָק		entry_person_id	P-4-facs_669_tr_1755030278		unmatched		bio	"{""entry_type"": ""administrator"", ""volume"": ""4"", ""span"": ""[19]"", ""birth_date"": ""1897-06-18""}"
person_entry:P-4-facs_670_tr_1755030252	person	ליזאַ שאָר		entry_person_id	P-4-facs_670_tr_1755030252		unmatched		bio	"{""entry_type"": ""writer"", ""volume"": ""4"", ""span"": ""[20]-[20]"", ""birth_date"": ""1898"", ""death_date"": ""1962-10-26""}"
person_entry:P-4-facs_670_tr_1755030250	person	שאַרי שאַרף		entry_person_id	P-4-facs_670_tr_1755030250		unmatched		bio	"{""entry_type"": ""other"", ""volume"": ""4"", ""span"": ""[20]""}"
place:UPL-0131	place	דאָרף ראָמאַנאַ					unmatched	attestation:unlinked	bio	
person:3756	person	זיגמונד שוואַרץ	Zigmunt Schwartz	people_db	3756	entry_person_id:P-4-facs_670_tr_1755030253	matched		bio	"{""entry_type"": ""administrator"", ""volume"": ""4"", ""span"": ""[21]-[21]"", ""birth_date"": ""1870"", ""death_date"": ""1936-11-12""}"
place:Q2438640	place	פּאַשקאַן	Pașcani	wikidata_qid	Q2438640	"{""kima_id"": """", ""lat"": """", ""lon"": """"}"	matched		bio	
person_entry:P-4-facs_671_tr_1755030277	person	דאָריס שטאַבינסקי		entry_person_id	P-4-facs_671_tr_1755030277		unmatched		bio	"{""entry_type"": ""administrator"", ""volume"": ""4"", ""span"": ""[21]-[21]"", ""birth_date"": ""1924-05-09""}"
person:3372	person	משה זעלווער	Moshe Zelver	people_db	3372	entry_person_id:P-4-facs_671_tr_1755030275	matched		bio	"{""entry_type"": ""administrator"", ""volume"": ""4"", ""span"": ""[21]"", ""birth_date"": ""1893-12-02"", ""death_date"": ""1961-10-28""}"
person_entry:P-4-facs_672_r_1	person	אין אָנדענק פֿון מיכאל און אַננאַ מיכאַלעסקאָ		entry_person_id	P-4-facs_672_r_1		unmatched		bio	"{""entry_type"": ""performer"", ""volume"": ""4"", ""span"": ""[22]"", ""death_date"": ""1957-04-28""}"
place:UPL-0132	place	לעמבערגער געטאָ					unmatched	attestation:unlinked	bio	
person:3131	person	פּעפּי אוריך (פּערל)	Pepi Urich	people_db	3131	entry_person_id:P-5-facs_25_r_6	matched		bio	"{""entry_type"": ""performer"", ""volume"": ""5"", ""span"": ""3717-3718"", ""birth_date"": ""1908-08-03"", ""death_date"": ""1942-08"", ""credit"": ""ש. ע.""}"
place:Q160143	place	בעלזשיץ פארטיליקונג לאגער	Belzec extermination camp	wikidata_qid	Q160143	"{""kima_id"": """", ""lat"": """", ""lon"": """"}"	matched		bio	
person:2036	person	אידינא (איוואַ שעוואַכאָוויטש)	Idina	people_db	2036	entry_person_id:P-5-facs_26_r_861	matched		bio	"{""entry_type"": ""performer"", ""volume"": ""5"", ""span"": ""3719-3719"", ""birth_date"": ""1904-06-04""}"
place:Q745059	place	אטוואצק	Otwock	wikidata_qid	Q745059	"{""kima_id"": ""741"", ""lat"": ""52.116666666667"", ""lon"": ""21.266666666667""}"	matched		bio	
person:1291	person	חיים-יענקל בזשוסטאָווסקי (בריסטאָווסקי)	Khayim Yankl Bezhustovski	people_db	1291	entry_person_id:P-5-facs_28_tr_1729945273	matched		bio	"{""entry_type"": ""writer"", ""volume"": ""5"", ""span"": ""3723-3724"", ""birth_date"": ""1892-03-02"", ""death_date"": ""1941""}"
place:Q2005090	place	פאנאר	Aukštieji Paneriai	wikidata_qid	Q2005090	"{""kima_id"": """", ""lat"": """", ""lon"": """"}"	matched		bio	
place:Q7341	place	אוישוויץ	Auschwitz	wikidata_qid	Q7341	"{""kima_id"": ""11759"", ""lat"": """", ""lon"": """"}"	matched		bio	
place:UPL-0133	place	דייטשישן קאַנצענטראַציע לאַגער					unmatched	attestation:unlinked	bio	
place:UPL-0134	place	געטאָ					unmatched	attestation:unlinked	bio	
person:3497	person	אַרנאָלד (א. גינזבּורג)		people_db	3497	entry_person_id:P-5-facs_35_r_6	matched		bio	"{""entry_type"": ""administrator"", ""volume"": ""5"", ""span"": ""3737-3747"", ""credit"": ""מ. ע. פֿון רפֿאָל פעדערמאַן.""}"
place:Q152010	place	טרעבלינקע	Treblinka extermination camp	wikidata_qid	Q152010	"{""kima_id"": """", ""lat"": """", ""lon"": """"}"	candidate		bio	
person:3444	person	יחיאל בוים		people_db	3444	entry_person_id:P-5-facs_43_tr_1733050580	matched		bio	"{""entry_type"": ""writer"", ""volume"": ""5"", ""span"": ""3754-3757"", ""birth_date"": ""189""}"
place:Q250485	place	סאָכאַטשאָוו	Sochaczew (Poland)	wikidata_qid	Q250485	"{""kima_id"": ""18416"", ""lat"": ""52.225"", ""lon"": ""20.2333333333333""}"	matched		bio	
place:Q327895	place	לאדזשער געטא	Łódź Ghetto	wikidata_qid	Q327895	"{""kima_id"": ""27130"", ""lat"": ""51.801389"", ""lon"": ""19.441389""}"	matched		bio	
person_entry:P-5-facs_57_tr_1733050594	person	וויטאַליין פֿרידע [שימעליסקא, לאַפין]		entry_person_id	P-5-facs_57_tr_1733050594		unmatched		bio	"{""entry_type"": ""performer"", ""volume"": ""5"", ""span"": ""3781-3782"", ""birth_date"": ""1886-06-05"", ""death_date"": ""1941-09""}"
person_entry:P-5-facs_58_tr_1733050538	person	וויינגאָלד שלמה [ספירידיאָן וואיק (צ) אַ]		entry_person_id	P-5-facs_58_tr_1733050538		unmatched		bio	"{""entry_type"": ""performer"", ""volume"": ""5"", ""span"": ""3783-3785"", ""birth_date"": ""1888-08-03""}"
person:3348	person	צעשא זאַנדבּערג (ראַדאָלניק)	Tseshiya Zandberg	people_db	3348	entry_person_id:P-5-facs_59_tr_1733050535	matched		bio	"{""entry_type"": ""performer"", ""volume"": ""5"", ""span"": ""3786-3787"", ""birth_date"": ""189"", ""credit"": ""מ. ע.""}"
person:3516	person	שמעון זאַבּלאָצקי		people_db	3516	entry_person_id:P-5-facs_60_tr_1733050526	matched		bio	"{""entry_type"": ""performer"", ""volume"": ""5"", ""span"": ""3788-3789"", ""birth_date"": ""1908"", ""death_date"": ""1941-07""}"
place:Q570649	place	אַנטאָקאָל	Antakalnis	wikidata_qid	Q570649	"{""kima_id"": """", ""lat"": """", ""lon"": """"}"	candidate		bio	
place:UPL-0135	place	לוקישקער תפיסה					unmatched	attestation:unlinked	bio	
person:1005	person	דוד זיידעמאן	Dovid Zeydeman	people_db	1005	entry_person_id:P-5-facs_64_tr_1733059339	matched		bio	"{""entry_type"": ""performer"", ""volume"": ""5"", ""span"": ""3795-3798"", ""birth_date"": ""1895-02-12"", ""death_date"": ""1943-11-03""}"
place:Q153324	place	מאַידאַנעק	Condor Legion	wikidata_qid	Q153324	"{""kima_id"": """", ""lat"": """", ""lon"": """"}"	candidate		bio	
place:Q269	place	טאשקענט	Tashkent	wikidata_qid	Q269	"{""kima_id"": ""767"", ""lat"": ""41.311111"", ""lon"": ""69.279722""}"	matched		bio	
person:2096	person	מיכאל כּץ	Michael Katz	people_db	2096	entry_person_id:P-5-facs_72_tr_1733059407	matched		bio	"{""entry_type"": ""performer"", ""volume"": ""5"", ""span"": ""3812-3813"", ""birth_date"": ""1908""}"
person_entry:P-5-facs_75_tr_1733059379	person	ליפּאָווסקי, סאַשאַ (שמחה)		entry_person_id	P-5-facs_75_tr_1733059379		unmatched		bio	"{""entry_type"": ""performer"", ""volume"": ""5"", ""span"": ""3720-3819"", ""birth_date"": ""1906-04-18"", ""death_date"": ""1942-04-12"", ""credit"": ""ש. ע. פֿון זלמן זילבערצווייג""}"
place:Q52842	place	קאליש	Kalisz	wikidata_qid	Q52842	"{""kima_id"": ""436"", ""lat"": ""51.7575"", ""lon"": ""18.08""}"	matched		bio	
place:UPL-0136	place	ווילנער זאַרעטשער בית עולם					unmatched	attestation:unlinked	bio	
person:1185	person	אברהם אַש (אברהם אווערבוך)	Avraham Ash	people_db	1185	entry_person_id:P-5-facs_80_tr_1733059427	matched		bio	"{""entry_type"": ""performer"", ""volume"": ""5"", ""span"": ""3828-3829"", ""birth_date"": ""1892"", ""death_date"": ""1943""}"
person:1941	person	גדליה גורמאן	Gedalya Gurman	people_db	1941	entry_person_id:P-5-facs_81_tr_1733059413	matched		bio	"{""entry_type"": ""performer"", ""volume"": ""5"", ""span"": ""3830-3830"", ""birth_date"": ""1883"", ""death_date"": ""1941"", ""credit"": ""ש. ע. פֿון יוליאַן שוואַרץ.""}"
place:UPL-0137	place	דייטשישע טויט-לאַגערס					unmatched	attestation:unlinked	bio	
person:1982	person	איציק העלער (הערשקאָוויטש)	Itsik Heller	people_db	1982	entry_person_id:P-5-facs_86_tr_1733059453	matched		bio	"{""entry_type"": ""performer"", ""volume"": ""5"", ""span"": ""3839-3839"", ""birth_date"": ""1876"", ""death_date"": ""1941-06-30"", ""credit"": ""ש. ע. פֿון יוליאַן שוואַרץ.""}"
place:UPL-0138	place	צווישן יאָס און פּאָדאָלאָי					unmatched	attestation:unlinked	bio	
person:3510	person	אברהם האַלפּערן		people_db	3510	entry_person_id:P-5-facs_86_tr_1733059457	matched		bio	"{""entry_type"": ""administrator"", ""volume"": ""5"", ""span"": ""3839-3842"", ""birth_date"": ""1884"", ""credit"": ""ש. ע.""}"
place:Q869838	place	פּאָראָזאָווע	Waidbach	wikidata_qid	Q869838	"{""kima_id"": """", ""lat"": """", ""lon"": """"}"	candidate		bio	
place:UPL-0139	place	אָשמענער יידישן בית עולם					unmatched	attestation:unlinked	bio	
person:2595	person	יוסף אָרענשטיין (אָרען)	Yosef Orenshteyn	people_db	2595	entry_person_id:P-5-facs_95_r_9	matched		bio	"{""entry_type"": ""performer"", ""volume"": ""5"", ""span"": ""3857-3857""}"
person:3405	person	קאַרל צימבאַליסט (עקיבא)	Karl Zimbalist	people_db	3405	entry_person_id:P-5-facs_95_tr_1733059363	matched		bio	"{""entry_type"": ""performer"", ""volume"": ""5"", ""span"": ""3858-3858"", ""birth_date"": ""1891-08-15"", ""death_date"": ""1942-09-22"", ""credit"": ""מ. ע.""}"
place:Q793424	place	ברעזשאן	Berezhany	wikidata_qid	Q793424	"{""kima_id"": ""347"", ""lat"": """", ""lon"": """"}"	candidate		bio	
person:2069	person	לעאָן קאַליש (לייבּ)	Leon Kalish	people_db	2069	entry_person_id:P-5-facs_96_tr_1733059348	matched		bio	"{""entry_type"": ""performer"", ""volume"": ""5"", ""span"": ""3859-3860"", ""birth_date"": ""1882-01-01"", ""credit"": ""ש. ע. פֿון עמנואל דעסער, און ש. ע. פֿון זיין זון הענרי קאַליש""}"
place:UPL-0140	place	פּוילן					unmatched	no_attestation	bio	
person:3546	person	זישע קאַץ		people_db	3546	entry_person_id:P-5-facs_97_tr_1733059490	matched		bio	"{""entry_type"": ""performer"", ""volume"": ""5"", ""span"": ""3862-3866"", ""birth_date"": ""1892"", ""death_date"": ""1940-07-03"", ""credit"": ""ש. ע.""}"
person_entry:P-5-facs_100_r	person	גראָובאַרט, כנימין		entry_person_id	P-5-facs_100_r		unmatched		bio	"{""entry_type"": ""director_regisseur"", ""volume"": ""5"", ""span"": ""3867-3867""}"
person:3569	person	געניא שליט		people_db	3569	entry_person_id:P-5-facs_103_tr_1733832686	matched		bio	"{""entry_type"": ""performer"", ""volume"": ""5"", ""span"": ""3873-3879"", ""birth_date"": ""1904-06-15"", ""death_date"": ""1941"", ""credit"": ""מ. ע.""}"
place:Q125413	place	הרובישעוו	Hrubieszów County	wikidata_qid	Q125413	"{""kima_id"": """", ""lat"": """", ""lon"": """"}"	candidate		bio	
place:UPL-0141	place	קאַנצלאַגער קלאַאַגע					unmatched	attestation:unlinked	bio	
place:UPL-0142	place	אויפֿן וועג אַ היים					unmatched	attestation:unlinked	bio	
person:3528	person	צעשא סארנא (הירשפעלד, עליאַן)		people_db	3528	entry_person_id:P-5-facs_114_tr_1733832736	matched		bio	"{""entry_type"": ""performer"", ""volume"": ""5"", ""span"": ""3896-3897"", ""birth_date"": ""1898"", ""death_date"": ""1942""}"
place:Q213142	place	זאַבלודאָוואַ	shilling	wikidata_qid	Q213142	"{""kima_id"": """", ""lat"": """", ""lon"": """"}"	candidate		bio	
place:Q1915040	place	ריישער געטאָ	McConnell's Mill Covered Bridge	wikidata_qid	Q1915040	"{""kima_id"": """", ""lat"": """", ""lon"": """"}"	candidate		bio	
person:3028	person	אברהם סטאבער	Avraham Stober	people_db	3028	entry_person_id:P-5-facs_116_tr_1733832781	matched		bio	"{""entry_type"": ""performer"", ""volume"": ""5"", ""span"": ""3900-3900"", ""birth_date"": ""1908"", ""death_date"": ""1941-07""}"
person:3539	person	פעליקס פרידמאַן (פישל)		people_db	3539	entry_person_id:P-5-facs_117_tr_1733832750	matched		bio	"{""entry_type"": ""other"", ""volume"": ""5"", ""span"": ""3809-3912"", ""birth_date"": ""1897-05-14"", ""death_date"": ""1943-01-18""}"
person:3499	person	יואל בּערגמאן		people_db	3499	entry_person_id:P-5-facs_123_tr_1733832749	matched		bio	"{""entry_type"": ""performer"", ""volume"": ""5"", ""span"": ""3913-3915"", ""birth_date"": ""1900"", ""death_date"": ""1942-02-17""}"
place:Q23438	place	אשגאבאט	Ashgabat	wikidata_qid	Q23438	"{""kima_id"": ""642"", ""lat"": ""37.950000"", ""lon"": ""58.383333""}"	matched		bio	
place:UPL-0143	place	אַשכאַבאַדער בית עולם					unmatched	attestation:unlinked	bio	
person:3496	person	מרים אייזענשטאט		people_db	3496	entry_person_id:P-5-facs_124_tr_1733832663	matched		bio	"{""entry_type"": ""performer"", ""volume"": ""5"", ""span"": ""3916-3918"", ""birth_date"": ""1922"", ""death_date"": ""1941-08""}"
place:Q5612672	place	גזשיבי	Grzybów, Gmina Bogoria	wikidata_qid	Q5612672	"{""kima_id"": """", ""lat"": """", ""lon"": """"}"	candidate		bio	
place:Q200968	place	לאָהויסק	Lahojsk	wikidata_qid	Q200968	"{""kima_id"": ""22488"", ""lat"": """", ""lon"": """"}"	matched		bio	
person:3561	person	נתן רייכענבערג		people_db	3561	entry_person_id:P-5-facs_133_tr_1733832671	matched		bio	"{""entry_type"": ""performer"", ""volume"": ""5"", ""span"": ""3933-3935"", ""birth_date"": ""1894-07-07"", ""credit"": ""ש. ע. און ש. ע. פֿון זלמן זילבערצווייג.""}"
person:3540	person	שלום צוקער		people_db	3540	entry_person_id:P-5-facs_143_tr_1733832807	matched		bio	"{""entry_type"": ""performer"", ""volume"": ""5"", ""span"": ""3856-3957"", ""birth_date"": ""1880"", ""death_date"": ""1942-07"", ""credit"": ""ש. ע.""}"
person:2816	person	הענריק ריבּא (היים)	Henryk Ryba	people_db	2816	entry_person_id:P-5-facs_145_tr_1733832655	matched		bio	"{""entry_type"": ""administrator"", ""volume"": ""5"", ""span"": ""3958-3959"", ""birth_date"": ""1889-07-17"", ""credit"": ""מ. ע.""}"
person:2749	person	יעקב רעלעס	Yakov Reles	people_db	2749	entry_person_id:P-5-facs_146_tr_1733832663	matched		bio	"{""entry_type"": ""performer"", ""volume"": ""5"", ""span"": ""3960-3960"", ""birth_date"": ""1878-07-22"", ""credit"": ""ש. ע.""}"
person:3552	person	אברהם קורץ		people_db	3552	entry_person_id:P-5-facs_147_tr_1733832799	matched		bio	"{""entry_type"": ""performer"", ""volume"": ""5"", ""span"": ""3862-3963"", ""birth_date"": ""1892-04-13"", ""credit"": ""מ. ע.""}"
place:UPL-0144	place	אין אַ שטעטל נעבן קיעוו					unmatched	attestation:unlinked	bio	
place:Q487656	place	אַנדידזשאַן	South Huron	wikidata_qid	Q487656	"{""kima_id"": """", ""lat"": """", ""lon"": """"}"	matched		bio	
place:UPL-0145	place	טרעבלינקאַ					unmatched	attestation:unlinked	bio	
person:2800	person	לייבּ ראָזענטאַל	Leyb Rozental	people_db	2800	entry_person_id:P-5-facs_152_tr_1735651774	matched		bio	"{""entry_type"": ""writer"", ""volume"": ""5"", ""span"": ""3972-3973"", ""death_date"": ""1945-01"", ""credit"": ""ש. ע. פֿון חיהלע ראָזענטאַל און דוד ראַגאָוו.""}"
place:UPL-0146	place	דייטשן לאַגער דואַטמערגען					unmatched	attestation:unlinked	bio	
place:UPL-0147	place	כוואַליעס פון באַלטישן ים					unmatched	attestation:unlinked	bio	
place:Q663764	place	אָסוויענטשים	Auschwitz II-Birkenau concentration camp	wikidata_qid	Q663764	"{""kima_id"": """", ""lat"": """", ""lon"": """"}"	matched		bio	
place:UPL-0148	place	פּיער לאַשעיז					unmatched	attestation:unlinked	bio	
person:3519	person	אברהם זיינפעלד		people_db	3519	entry_person_id:P-5-facs_154_tr_1735652626	matched		bio	"{""entry_type"": ""administrator"", ""volume"": ""5"", ""span"": ""3976-3982"", ""birth_date"": ""1886"", ""credit"": ""ש. ע. פֿון בנימין רעסלער.""}"
person:3535	person	דאָראַ פאַקעל (דבורה)		people_db	3535	entry_person_id:P-5-facs_158_tr_1735652602	matched		bio	"{""entry_type"": ""performer"", ""volume"": ""5"", ""span"": ""3983-3986"", ""birth_date"": ""1914"", ""death_date"": ""1943-11-03""}"
person:1655	person	הערמאַן פישער	Herman Fisher	people_db	1655	entry_person_id:P-5-facs_160_tr_1735652649	matched		bio	"{""entry_type"": ""director_regisseur"", ""volume"": ""5"", ""span"": ""3987-3989"", ""birth_date"": ""1878"", ""death_date"": ""1943""}"
place:Q160135	place	מיידאנעק	Lublin-Majdanek concentration camp	wikidata_qid	Q160135	"{""kima_id"": """", ""lat"": """", ""lon"": """"}"	matched		bio	
person:3558	person	שמחה ראָזען		people_db	3558	entry_person_id:P-5-facs_161_tr_1735652635	matched		bio	"{""entry_type"": ""performer"", ""volume"": ""5"", ""span"": ""3990-3993"", ""birth_date"": ""1893"", ""credit"": ""ש. און מ. ע.""}"
person:3564	person	אברהם שטאָקפעדער (משה)		people_db	3564	entry_person_id:P-5-facs_164_tr_1735652626	matched		bio	"{""entry_type"": ""performer"", ""volume"": ""5"", ""span"": ""3995-3997"", ""birth_date"": ""1893"", ""credit"": ""ש. ע.""}"
person:3495	person	יצחק אַזאַרך		people_db	3495	entry_person_id:P-5-facs_165_tr_1735652613	matched		bio	"{""entry_type"": ""performer"", ""volume"": ""5"", ""span"": ""3998-4000"", ""birth_date"": ""1888"", ""credit"": ""ש. ע.""}"
person:2299	person	ליפּשיץ	Lifshits	people_db	2299	entry_person_id:P-5-facs_168_tr_1735652657	matched		bio	"{""entry_type"": ""performer"", ""volume"": ""5"", ""span"": ""4003-4004"", ""birth_date"": ""1892"", ""death_date"": ""1941-07""}"
place:UPL-0149	place	טראַנסניסטריאַ					unmatched	attestation:unlinked	bio	
person:2593	person	אומע אָלקעניצקי (פרומע)	Ume Olkenitski	people_db	2593	entry_person_id:P-5-facs_170_tr_1735652620	matched		bio	"{""entry_type"": ""other"", ""volume"": ""5"", ""span"": ""4008-4009"", ""birth_date"": ""1899-07-12"", ""death_date"": ""1943-09""}"
person:3424	person	סאַראַ זובּאק	Sara Zubak	people_db	3424	entry_person_id:P-5-facs_173_tr_1736588922	matched		bio	"{""entry_type"": ""performer"", ""volume"": ""5"", ""span"": ""4013-4013"", ""death_date"": ""1941"", ""credit"": ""מ. ע. פֿון יהושע באָראָדאָוו.""}"
person:3498	person	זיגמונד בּאָלק		people_db	3498	entry_person_id:P-5-facs_173_tr_1736588921	matched		bio	"{""entry_type"": ""other"", ""volume"": ""5"", ""span"": ""4013-4013""}"
person:3423	person	ישראל זובּאק	Israel Zubak	people_db	3423	entry_person_id:P-5-facs_173_r	matched		bio	"{""entry_type"": ""performer"", ""volume"": ""5"", ""span"": ""4014-4014"", ""death_date"": ""1941"", ""credit"": ""מ. ע. פֿון יהושע באָראָדאָוו.""}"
person:2790	person	אזיאש ראזאניעצקי	Oziash Rozanietski	people_db	2790	entry_person_id:P-5-facs_174_tr_1736589029	matched		bio	"{""entry_type"": ""other"", ""volume"": ""5"", ""span"": ""4015-4015"", ""birth_date"": ""1896""}"
place:UPL-0150	place	בוכאַראַ					unmatched	no_attestation	bio	
person:1430	person	מינאַ בּורשטין (האַלפּערן)	Mina Burshtin	people_db	1430	entry_person_id:P-5-facs_175_tr_1736588953	matched		bio	"{""entry_type"": ""performer"", ""volume"": ""5"", ""span"": ""4018-4018"", ""birth_date"": ""1888-06"", ""death_date"": ""1942-08"", ""credit"": ""ש. ע. פֿון איר טאָכטער חייקעלע בורשטיין.""}"
place:Q1746788	place	טאָפּאַראָוו	Toporów	wikidata_qid	Q1746788	"{""kima_id"": """", ""lat"": """", ""lon"": """"}"	matched		bio	
person:3191	person	וועלוול וולאדיר	Velvl Vladir	people_db	3191	entry_person_id:P-5-facs_175_tr_1736588948	matched		bio	"{""entry_type"": ""performer"", ""volume"": ""5"", ""span"": ""4018-4018"", ""birth_date"": ""1894"", ""death_date"": ""1941/1942"", ""credit"": ""ש.ע. פון יוליאַן שוואַרץ און חיהלע אַש.""}"
place:UPL-0151	place	אויפֿן פֿראָנט					unmatched	attestation:unlinked	bio	
person:1533	person	וואָלף דורמאשקין	Wolf Durmashkin	people_db	1533	entry_person_id:P-5-facs_176_tr_1736589046	matched		bio	"{""entry_type"": ""musician"", ""volume"": ""5"", ""span"": ""4020-4091"", ""birth_date"": ""1908"", ""death_date"": ""1944"", ""credit"": ""ש. ע. פֿון דוד ראַגאַוו און ש. ע. פֿון העני און פֿאַניי דורמאַשקין.""}"
place:UPL-0152	place	לאַגעדע					unmatched	attestation:unlinked	bio	
person:3213	person	משה וויידע	Moshe Weide	people_db	3213	entry_person_id:P-5-facs_177_tr_1736589074	matched		bio	"{""entry_type"": ""director_regisseur"", ""volume"": ""5"", ""span"": ""4021-4022"", ""birth_date"": ""1892"", ""credit"": ""ש. ע. פון מ. פּערענסאַן.""}"
person:1401	person	מוסיא בּראדסקי	Musia Brodski	people_db	1401	entry_person_id:P-5-facs_178_tr_1736588958	matched		bio	"{""entry_type"": ""performer"", ""volume"": ""5"", ""span"": ""4023-4023"", ""birth_date"": ""1921~"", ""death_date"": ""1944-06"", ""credit"": ""ש. ע. פֿון דוד ראַגאָוו.""}"
person:3150	person	וויינבערג, קאַרל [חיים הערבסט]	Karl Vaynberg	people_db	3150	entry_person_id:P-5-facs_178_tr_1736588955	matched		bio	"{""entry_type"": ""performer"", ""volume"": ""5"", ""span"": ""4024-4024"", ""birth_date"": ""1892-02-15"", ""credit"": ""ש. ע. פֿון מאיר מעלמאַן.""}"
person:3376	person	חוה זיידע	Chava Zeyde	people_db	3376	entry_person_id:P-5-facs_179_tr_1736589033	matched		bio	"{""entry_type"": ""performer"", ""volume"": ""5"", ""span"": ""4025-4025"", ""birth_date"": ""1889"", ""credit"": ""מ. ע.""}"
place:Q997343	place	ראַוואַ-ביאַלאַ	Aleksandrów	wikidata_qid	Q997343	"{""kima_id"": ""20695"", ""lat"": """", ""lon"": """"}"	matched		bio	
person:3359	person	האַרי זיידערמאַן	Harry Zayderman	people_db	3359	entry_person_id:P-5-facs_179_tr_1736589024	matched		bio	"{""entry_type"": ""performer"", ""volume"": ""5"", ""span"": ""4026-4026"", ""birth_date"": ""1919"", ""death_date"": ""1943-11-03"", ""credit"": ""ש. ע. פֿון ערנאַ זיידערמאַן.""}"
person:3504	person	אסתר גרובער		people_db	3504	entry_person_id:P-5-facs_180_tr_1736588912	matched		bio	"{""entry_type"": ""performer"", ""volume"": ""5"", ""span"": ""4027-4029"", ""birth_date"": ""1917~"", ""death_date"": ""1944""}"
place:Q2422842	place	יאַנאָווער לאַגער	Janowska concentration camp	wikidata_qid	Q2422842	"{""kima_id"": """", ""lat"": """", ""lon"": """"}"	matched		bio	
person:2088	person	דאָראַ קארפּינאָוויטש (דבורה)	Dora Karpinovitsh	people_db	2088	entry_person_id:P-5-facs_181_tr_1736588970	matched		bio	"{""entry_type"": ""performer"", ""volume"": ""5"", ""span"": ""4030-4030"", ""birth_date"": ""1919"", ""death_date"": ""1941"", ""credit"": ""ש. ע. פֿון איר ברודער מ. קאַרפּינאָוויטש.""}"
person:3379	person	משה זיידערמאַן	Moshe Zeyderman	people_db	3379	entry_person_id:P-5-facs_184_tr_1736588987	matched		bio	"{""entry_type"": ""performer"", ""volume"": ""5"", ""span"": ""4036-4036"", ""birth_date"": ""1897-05-30"", ""credit"": ""ש. ע. פֿון יעקב מאָשקאָוויטש און ערנאַ זיידערמאַן-מאָשקאָוויטש.""}"
person:2513	person	אסתר מאָשקאָוויטש (געליבטער, גאָטליב)	Esther Moshkovitsh	people_db	2513	entry_person_id:P-5-facs_185_tr_1736588943	matched		bio	"{""entry_type"": ""performer"", ""volume"": ""5"", ""span"": ""4037-4037"", ""birth_date"": ""1895-08-15"", ""credit"": ""ש. ע. פֿון יעקב מאָשקאָוויטש.""}"
person:2911	person	יעקב שעפנער	Yakov Shefner	people_db	2911	entry_person_id:P-5-facs_185_tr_1736588927	matched		bio	"{""entry_type"": ""performer"", ""volume"": ""5"", ""span"": ""4038-4038"", ""birth_date"": ""1890-12-20"", ""credit"": ""מ. ע.""}"
person:2386	person	מאַפּו	Mapu	people_db	2386	entry_person_id:P-5-facs_186_tr_1736588957	matched		bio	"{""entry_type"": ""performer"", ""volume"": ""5"", ""span"": ""4039-4039"", ""credit"": ""ש. ע. פֿון יונה ראַדינאָוו.""}"
place:UPL-0153	place	האַנאָווער בונקער					unmatched	attestation:unlinked	bio	
person:2921	person	אַננאַ שערמאַן (פּאפּערנא)	Anna Sherman	people_db	2921	entry_person_id:P-5-facs_186_tr_1736588948	matched		bio	"{""entry_type"": ""performer"", ""volume"": ""5"", ""span"": ""4040-4040"", ""birth_date"": ""1892"", ""death_date"": ""1941-11-30"", ""credit"": ""ש. ע. און ש. ע. פֿון יונה ראַדינאָוו.""}"
place:UPL-0154	place	רומבילער וואַלד					unmatched	attestation:unlinked	bio	
person:1985	person	משה הערמאַלין	Moshe Hermalin	people_db	1985	entry_person_id:P-5-facs_188_tr_1736589057	matched		bio	"{""entry_type"": ""performer"", ""volume"": ""5"", ""span"": ""4043-4043"", ""credit"": ""ש. ע. פֿון זלמן קאלעשניקאָוו, שעפטל זאַק, מאיר מעלמאַז און מ. ע. פֿון גרישע ראַטשיין.""}"
person:2861	person	לאה שוואַרץ (שאַצקי)	Leah Schwartz	people_db	2861	entry_person_id:P-5-facs_188_tr_1736589047	matched		bio	"{""entry_type"": ""performer"", ""volume"": ""5"", ""span"": ""4044-4044"", ""birth_date"": ""1882-07-22"", ""death_date"": ""1944"", ""credit"": ""ש. ע. פֿון חייקעלע בורשטיין-שוואַרץ.""}"
place:Q140671	place	אָסטראָג	Ostroh (Ukraine)	wikidata_qid	Q140671	"{""kima_id"": ""633"", ""lat"": """", ""lon"": """"}"	matched		bio	
place:UPL-0155	place	אומבאַקאַנטן פלאַץ					unmatched	attestation:unlinked	bio	
person:2820	person	מאַקס שאַדאווסקי (מרדכי)	Max Sadowski	people_db	2820	entry_person_id:P-5-facs_189_tr_1736589041	matched		bio	"{""entry_type"": ""performer"", ""volume"": ""5"", ""span"": ""4045-4045"", ""birth_date"": ""1905"", ""death_date"": ""1944-05-10"", ""credit"": ""ש. ע. און מ. ע. פֿון דאָראַ רובינא.""}"
person:1352	person	בּאָנטשע (אַברהם ראָזענפעלד)	Bontshe	people_db	1352	entry_person_id:P-5-facs_189_tr_1736589045	matched		bio	"{""entry_type"": ""writer"", ""volume"": ""5"", ""span"": ""4046-4046"", ""birth_date"": ""1884""}"
place:UPL-0156	place	גענשער בית עולם					unmatched	attestation:unlinked	bio	
person:1143	person	סאָניא אלטבּוים (סטאַראָדוב)	Sonya Altboym	people_db	1143	entry_person_id:P-5-facs_190_tr_1736588983	matched		bio	"{""entry_type"": ""performer"", ""volume"": ""5"", ""span"": ""4047-4048""}"
person:3804	person	לייבּ ווינער		people_db	3804	entry_person_id:P-5-facs_191_tr_1736588985	matched		bio	"{""entry_type"": ""performer"", ""volume"": ""5"", ""span"": ""4049-4049"", ""birth_date"": ""1913"", ""death_date"": ""1941"", ""credit"": ""ש. ע. פֿון זיין שוואָגער מ. קאַרפּינאָוויטש און יחיאל בורגיין.""}"
person:2792	person	ליובא ראָזענבּערג	Lyuba Rozenberg	people_db	2792	entry_person_id:P-5-facs_192_tr_1736589012	matched		bio	"{""entry_type"": ""performer"", ""volume"": ""5"", ""span"": ""4051-4051""}"
person:2785	person	גרשון ראט	Gershon Rot	people_db	2785	entry_person_id:P-5-facs_192_tr_1736589024	matched		bio	"{""entry_type"": ""performer"", ""volume"": ""5"", ""span"": ""4051-4051"", ""birth_date"": ""1892-10-22"", ""credit"": ""ש. ע. און מ. ע. פֿון סעווערין צווערלינג.""}"
person:1308	person	שלמה בּינדער	Shlomo Binder	people_db	1308	entry_person_id:P-5-facs_192_tr_1736589026	matched		bio	"{""entry_type"": ""writer"", ""volume"": ""5"", ""span"": ""4052-4052"", ""birth_date"": ""1904"", ""death_date"": ""1943""}"
place:Q157992	place	באַלטרעמאַנץ	Bełchatów	wikidata_qid	Q157992	"{""kima_id"": ""15758"", ""lat"": """", ""lon"": """"}"	candidate		bio	
place:UPL-0157	place	לאַגער אולינורמען					unmatched	attestation:unlinked	bio	
person:1713	person	רוזשא פוקס	Ruzha Fuks	people_db	1713	entry_person_id:P-5-facs_193_tr_1736589047	matched		bio	"{""entry_type"": ""performer"", ""volume"": ""5"", ""span"": ""4053-4053"", ""birth_date"": ""1890"", ""death_date"": ""1942"", ""credit"": ""ש. ע. פֿון גרשון ראָט און מ. ע. פֿון סעווערין צווערלינג.""}"
person_entry:P-5-facs_193_r_2	person	וועקסלער מישאַ (מיכאל)		entry_person_id	P-5-facs_193_r_2		unmatched		bio	"{""entry_type"": ""composer"", ""volume"": ""5"", ""span"": ""4054-4054"", ""birth_date"": ""1907"", ""death_date"": ""1943-09"", ""credit"": ""מ. ע. פֿון ישראל סעגאַל און ש. ע. פֿון דוד פערגאַמענט.""}"
person:2178	person	לייב קוזניעצאָוו	Leyb Kuznetsov	people_db	2178	entry_person_id:P-5-facs_194_tr_1736588933	matched		bio	"{""entry_type"": ""performer"", ""volume"": ""5"", ""span"": ""4055-4056"", ""birth_date"": ""1900"", ""death_date"": ""1941""}"
person:1690	person	עמיל פרידעס (אליהו)	Emil Frides	people_db	1690	entry_person_id:P-5-facs_195_tr_1736589072	matched		bio	"{""entry_type"": ""performer"", ""volume"": ""5"", ""span"": ""4057-4058"", ""birth_date"": ""1903-12-28"", ""credit"": ""ש. ע. און מ. ע.""}"
place:Q33172	place	סיביר	Unibet Arena	wikidata_qid	Q33172	"{""kima_id"": """", ""lat"": """", ""lon"": """"}"	candidate		bio	
person:2554	person	רבקה מאׇצקין-ראַקאׇוו (נערה)	Nera	people_db	2554	entry_person_id:P-5-facs_198_tr_1736588963	matched		bio	"{""entry_type"": ""performer"", ""volume"": ""5"", ""span"": ""4063-4063"", ""birth_date"": ""1909-11-03"", ""credit"": ""מ. ע. פֿון אַברהם קירשענבוים.""}"
person:1387	person	שרה בּרעז	Sarah Brez	people_db	1387	entry_person_id:P-5-facs_198_r_70	matched		bio	"{""entry_type"": ""performer"", ""volume"": ""5"", ""span"": ""4064-4064"", ""birth_date"": ""1903"", ""death_date"": ""1941-11-30"", ""credit"": ""מ. ע. פֿון מאַקס פּערלמאַן און ש. ע. פֿון יונה ראַדינאָוו,""}"
place:Q2350607	place	רומבולער הריגה	Rumbula massacre	wikidata_qid	Q2350607	"{""kima_id"": """", ""lat"": """", ""lon"": """"}"	candidate		bio	
place:UPL-0158	place	מאַסן-קבר פֿון די אומגעבראַכטע 30,000 ריגער יידן					unmatched	attestation:unlinked	bio	
person:2731	person	יוליוס ראַקאָוו (יחיאל)	Julius Rakow	people_db	2731	entry_person_id:P-5-facs_199_tr_1736588975	matched		bio	"{""entry_type"": ""performer"", ""volume"": ""5"", ""span"": ""4066-4066"", ""birth_date"": ""1890-11-17"", ""credit"": ""ש. ע. און ש. ע. פֿון מ. נאָדעלמאַן.""}"
person:3063	person	כאנע טייטש	Chana Teitsh	people_db	3063	entry_person_id:P-5-facs_202_tr_1739221568	matched		bio	"{""entry_type"": ""performer"", ""volume"": ""5"", ""span"": ""4071-4071"", ""birth_date"": ""1907"", ""death_date"": ""1944"", ""credit"": ""ש. ע. פֿון יונה ראַדינאָוו.""}"
place:Q180379	place	רעזשיצע	Rēzekne	wikidata_qid	Q180379	"{""kima_id"": ""15523"", ""lat"": ""56.506667"", ""lon"": ""27.330833""}"	matched		bio	
place:Q152978	place	שטוטהאָף		wikidata_qid	Q152978	"{""kima_id"": """", ""lat"": """", ""lon"": """"}"	candidate		bio	
person:3521	person	באָריס טורגעל		people_db	3521	entry_person_id:P-5-facs_202_tr_1739221569	matched		bio	"{""entry_type"": ""administrator"", ""volume"": ""5"", ""span"": ""4072-4074"", ""birth_date"": ""1898""}"
place:Q392772	place	נאָוואָ-סוויענצאַן	Švenčionėliai	wikidata_qid	Q392772	"{""kima_id"": """", ""lat"": """", ""lon"": """"}"	candidate		bio	
person:3526	person	איטשע-מאיר מאָשקאָוויטש		people_db	3526	entry_person_id:P-5-facs_204_tr_1739220839	matched		bio	"{""entry_type"": ""performer"", ""volume"": ""5"", ""span"": ""4075-4078"", ""birth_date"": ""1884"", ""death_date"": ""1942"", ""credit"": ""ש. ע. פֿון זלמן זילבערצווייג, ר. שושנה און אַברהם קירשענבוים.""}"
person:3532	person	אידאַ ערוועסט (אייערוויס)		people_db	3532	entry_person_id:P-5-facs_206_tr_1739220644	matched		bio	"{""entry_type"": ""performer"", ""volume"": ""5"", ""span"": ""4079-4081"", ""credit"": ""מ. ע. פֿון גרישע ראַטשיין.""}"
person:2684	person	ה. פּאַרסקי (הירש פּאָרודאָמינסקי)	H. Porski	people_db	2684	entry_person_id:P-5-facs_207_tr_1739221937	matched		bio	"{""entry_type"": ""performer"", ""volume"": ""5"", ""span"": ""4082-4082"", ""birth_date"": ""1913"", ""death_date"": ""1941"", ""credit"": ""ש. ע. פֿון דוד ראָגאָוו און יחיאָל בורגיין.""}"
place:Q50455	place	פרעשאָוו	Prešov	wikidata_qid	Q50455	"{""kima_id"": """", ""lat"": """", ""lon"": """"}"	candidate		bio	
place:UPL-0159	place	אין איינע פֿון די געטאָס					unmatched	attestation:unlinked	bio	
person:3522	person	יאַנקל טרופיאנסקי (יעקב)		people_db	3522	entry_person_id:P-5-facs_210_tr_1739220934	matched		bio	"{""entry_type"": ""composer"", ""volume"": ""5"", ""span"": ""4088-4091"", ""birth_date"": ""1909-05-15"", ""death_date"": ""1944-11-17"", ""credit"": ""ש. ע. פון יאָסל מלאָטעק.""}"
place:UPL-0160	place	שעמבערג-דאַוטמערגען					unmatched	attestation:unlinked	bio	
person:2815	person	יקותיאל רוטענבּערג	Yekutiel Rutenberg	people_db	2815	entry_person_id:P-5-facs_212_tr_1739221090	matched		bio	"{""entry_type"": ""performer"", ""volume"": ""5"", ""span"": ""4092-4092"", ""death_date"": ""1945-01-27"", ""credit"": ""מ. ע. פֿון מיני בוירנס.""}"
place:UPL-0161	place	ביים באַלטיק					unmatched	attestation:unlinked	bio	
person:2612	person	משה פּאַפּיערין	Moshe Papierin	people_db	2612	entry_person_id:P-5-facs_212_tr_1739221096	matched		bio	"{""entry_type"": ""performer"", ""volume"": ""5"", ""span"": ""4092-4092"", ""birth_date"": ""1901"", ""death_date"": ""1941"", ""credit"": ""ש. ע. פֿון דוד ראַגאָוו און יחיאָל בורגיין.""}"
person:2072	person	ישראל קאמאי	Israel Kamai	people_db	2072	entry_person_id:P-5-facs_213_tr_1739221759	matched		bio	"{""entry_type"": ""performer"", ""volume"": ""5"", ""span"": ""4093-4093"", ""birth_date"": ""1900"", ""death_date"": ""1946-01-17"", ""credit"": ""מ. ע. פֿון ישראל סעגאַל און יהושע באָראָדאָוו און ש. ע. פֿון זיין ברודער ט. קאַמאי.""}"
place:Q5753	place	סאמארקאנד	Samarkand	wikidata_qid	Q5753	"{""kima_id"": ""635"", ""lat"": ""39.654722"", ""lon"": ""66.975833""}"	matched		bio	
person:2770	person	זלמן רויטמאַן	Zalman Roitman	people_db	2770	entry_person_id:P-5-facs_213_tr_1739221756	matched		bio	"{""entry_type"": ""performer"", ""volume"": ""5"", ""span"": ""4093-4093"", ""birth_date"": ""1899-05-12"", ""credit"": ""ש. ע. און ש. ע. פֿון יוליאַן שוואַרץ.""}"
person:3545	person	שלמה קאן		people_db	3545	entry_person_id:P-5-facs_213_tr_1739221750	matched		bio	"{""entry_type"": ""performer"", ""volume"": ""5"", ""span"": ""4094-4096"", ""credit"": ""ש. ע.""}"
person:2992	person	זלמן סקאַרבניק	Zalmen Skarbnik	people_db	2992	entry_person_id:P-5-facs_215_tr_1739221501	matched		bio	"{""entry_type"": ""administrator"", ""volume"": ""5"", ""span"": ""4097-4097"", ""birth_date"": ""1873"", ""death_date"": ""1943"", ""credit"": ""ש. ע. פֿון שעפטל זאַק און דוד ראַגאָוו.""}"
person:2152	person	לאה קרויזע-מילער (לויפלאַנד)	Leah Krause-Miller	people_db	2152	entry_person_id:P-5-facs_215_tr_1739221509	matched		bio	"{""entry_type"": ""performer"", ""volume"": ""5"", ""span"": ""4098-4098"", ""birth_date"": ""1880"", ""credit"": ""מ. ע. פֿון סאַלאָמאָן קרויזע און גרישע ראָטשיין.""}"
person:2243	person	יעקב לערמאַן	Yakov Lerner	people_db	2243	entry_person_id:P-5-facs_216_tr_1739220872	matched		bio	"{""entry_type"": ""performer"", ""volume"": ""5"", ""span"": ""4099-4100"", ""death_date"": ""1942-07-16"", ""credit"": ""מ. ע. פֿון זיגמונט לעוו, ש. ע. פֿון זלמן זילבערצווייג, משה דוד מאַכאַראָווסקי און אַניוטאַ פֿאַליאַקאָוו.""}"
place:Q201348	place	דראַנסי	Drancy	wikidata_qid	Q201348	"{""kima_id"": ""12318"", ""lat"": ""48.923333"", ""lon"": ""2.445000""}"	matched		bio	
person:2012	person	יעטאַ האָכבּערג	Yetta Hochberg	people_db	2012	entry_person_id:P-5-facs_217_tr_1739220726	matched		bio	"{""entry_type"": ""performer"", ""volume"": ""5"", ""span"": ""4101-4101"", ""birth_date"": ""1906"", ""death_date"": ""1942"", ""credit"": ""מ. ע. פֿון סעווערין צווערלינג, דוד האַרט, ש. ע. פֿון מאיר מעלמאַן און וואָלף מערקור.""}"
person:3555	person	פריץ קליינמאַן		people_db	3555	entry_person_id:P-5-facs_217_tr_1739220732	matched		bio	"{""entry_type"": ""other"", ""volume"": ""5"", ""span"": ""4102-4111"", ""birth_date"": ""1896"", ""death_date"": ""1943/1944""}"
place:UPL-0162	place	יאַנאָווער וואַלד					unmatched	attestation:unlinked	bio	
person:1364	person	אירענא בּארטשעווסקא (דבורה)	Irena Bortshevska	people_db	1364	entry_person_id:P-5-facs_222_tr_1739220652	matched		bio	"{""entry_type"": ""performer"", ""volume"": ""5"", ""span"": ""4112-4112"", ""birth_date"": ""1897"", ""death_date"": ""1941-11-20"", ""credit"": ""מ. ע. פֿון מאַקס פּערלמאַן און ש. ע. פֿון יונה ראַדינאָוו.""}"
place:Q72360	place	דמיטריעוו	Dmitriyev	wikidata_qid	Q72360	"{""kima_id"": """", ""lat"": """", ""lon"": """"}"	matched		bio	
place:UPL-0163	place	רומפֿולער וואַלד					unmatched	attestation:unlinked	bio	
place:UPL-0164	place	מאַסן-קבר					unmatched	attestation:unlinked	bio	
person:3515	person	מאַקס וויסקינד		people_db	3515	entry_person_id:P-5-facs_223_tr_1739220900	matched		bio	"{""entry_type"": ""director_regisseur"", ""volume"": ""5"", ""span"": ""3117-4116"", ""birth_date"": ""1907/1908"", ""death_date"": ""1942-09-27""}"
person_entry:P-5-facs_229_tr_1739222567	person	גאָלדפֿאַרב, שמואל		entry_person_id	P-5-facs_229_tr_1739222567		unmatched		bio	"{""entry_type"": ""performer"", ""volume"": ""5"", ""span"": ""4125-4125"", ""birth_date"": ""1891-09-27"", ""credit"": ""ש. ע. פֿון אַניוטאַ פּאַליאַקאָוו.""}"
place:UPL-0165	place	אין אַ געטאָ					unmatched	attestation:unlinked	bio	
place:UPL-0166	place	ערגעץ וואו					unmatched	attestation:unlinked	bio	
person:3568	person	יוסף שליווניאק		people_db	3568	entry_person_id:P-5-facs_231_tr_1739221365	matched		bio	"{""entry_type"": ""other"", ""volume"": ""5"", ""span"": ""4130-4132"", ""birth_date"": ""1899"", ""death_date"": ""1942""}"
place:Q2398279	place	דוביאַנקע	Gmina Dubienka	wikidata_qid	Q2398279	"{""kima_id"": """", ""lat"": """", ""lon"": """"}"	matched		bio	
person:2912	person	שמואל שעפטל	Shmuel Sheftel	people_db	2912	entry_person_id:P-5-facs_236_tr_1739221310	matched		bio	"{""entry_type"": ""director_regisseur"", ""volume"": ""5"", ""span"": ""4140-4140"", ""birth_date"": ""1898"", ""death_date"": ""1943-05-03"", ""credit"": ""מ. ע. פֿון זיין טאָכטער סאָניאַ שעפטל-שטערנפעלד.""}"
place:UPL-0167	place	אין אַ קעלער אויף סמאָטשע 1					unmatched	attestation:unlinked	bio	
person:1734	person	פּיניע געדולד	Pinie Geduld	people_db	1734	entry_person_id:P-5-facs_237_tr_1739220686	matched		bio	"{""entry_type"": ""performer"", ""volume"": ""5"", ""span"": ""4141-4141"", ""birth_date"": ""1908"", ""credit"": ""מ. ע. פֿון צירל שטיינגאַרט און ש. ע. פֿון לייב לענסקי.""}"
person:1721	person	אסתר גאמעראוו )פאָגעל( (פאָגעל)	Esther Gamerov-Fogel	people_db	1721	entry_person_id:P-5-facs_237_tr_1739220695	matched		bio	"{""entry_type"": ""performer"", ""volume"": ""5"", ""span"": ""4142-4142"", ""birth_date"": ""1904"", ""death_date"": ""1943-06"", ""credit"": ""ש. ע. פון לייב לענסקי.""}"
person:2798	person	הערמאַן ראָזענפאַרב	Herman Rozenfarb	people_db	2798	entry_person_id:P-5-facs_237_tr_1739220691	matched		bio	"{""entry_type"": ""performer"", ""volume"": ""5"", ""span"": ""4142-4142"", ""birth_date"": ""1903"", ""death_date"": ""1942"", ""credit"": ""ש. ע. פון לייב לענסקי.""}"
person:1693	person	הענעך פרידמאַן	Henekh Fridman	people_db	1693	entry_person_id:P-5-facs_238_tr_1739221128	matched		bio	"{""entry_type"": ""administrator"", ""volume"": ""5"", ""span"": ""4143-4143"", ""birth_date"": ""1898-02"", ""credit"": ""ש. ע. פון לייב לענסקי.""}"
person:3556	person	פּסח קערמאַן (פּסחיה אַקערמאַן)		people_db	3556	entry_person_id:P-5-facs_238_tr_1739221129	matched		bio	"{""entry_type"": ""performer"", ""volume"": ""5"", ""span"": ""4144-4146"", ""birth_date"": ""1897"", ""credit"": ""ש. ע.""}"
place:UPL-0168	place	טשקאַלאָוו					unmatched	attestation:unlinked	bio	
person:3503	person	מאָטל גילינסקי (בּאַטקע)		people_db	3503	entry_person_id:P-5-facs_240_tr_1739222482	matched		bio	"{""entry_type"": ""writer"", ""volume"": ""5"", ""span"": ""4148-4150"", ""birth_date"": ""1892-02-02"", ""death_date"": ""1943""}"
place:Q137863	place	סווענציאַן	Švenčionys	wikidata_qid	Q137863	"{""kima_id"": ""14451"", ""lat"": ""55.133333"", ""lon"": ""26.155556""}"	matched		bio	
place:Q191	place	עסטלאנד	Estonia	wikidata_qid	Q191	"{""kima_id"": ""13665"", ""lat"": """", ""lon"": """"}"	matched		bio	
person:3388	person	פּיניע זיגעלבוים	Pinye Ziegelbaum	people_db	3388	entry_person_id:P-5-facs_242_tr_1739221237	matched		bio	"{""entry_type"": ""performer"", ""volume"": ""5"", ""span"": ""4151-4152"", ""birth_date"": ""1906"", ""credit"": ""מ. ע. פֿון זלמן קאָלעשניקאָוו.""}"
place:Q155088	place	קראַסנאָסטאַוו	Krasnystaw	wikidata_qid	Q155088	"{""kima_id"": ""16227"", ""lat"": """", ""lon"": """"}"	matched		bio	
person:3530	person	ניקאָליי עליאשעוו		people_db	3530	entry_person_id:P-5-facs_245_tr_1739220554	matched		bio	"{""entry_type"": ""director_regisseur"", ""volume"": ""5"", ""span"": ""4158-4160"", ""death_date"": ""1941-07"", ""credit"": ""מ. ע. פֿון ישראל סעגאַל און חיים לייקאָוויטש.""}"
place:UPL-0169	place	קאַליינע					unmatched	attestation:unlinked	bio	
person:2173	person	כייקעלע קושניר	Khaykele Kushnir	people_db	2173	entry_person_id:P-5-facs_247_tr_1739222210	matched		bio	"{""entry_type"": ""performer"", ""volume"": ""5"", ""span"": ""4161-4161"", ""birth_date"": ""1915"", ""death_date"": ""1941-11-30"", ""credit"": ""מ. ע. פֿון מאַקס פּערלמאַן און ש. ע. פֿון יונה ראַדינאָוו.""}"
place:UPL-0170	place	רומבולער וועלדל					unmatched	attestation:unlinked	bio	
person:2676	person	זאָן פּאָליאַקאָוו	Zon Poliakov	people_db	2676	entry_person_id:P-5-facs_247_tr_1739222208	matched		bio	"{""entry_type"": ""composer"", ""volume"": ""5"", ""span"": ""4161-4161"", ""birth_date"": ""189"", ""death_date"": ""1941"", ""credit"": ""ש. ע. פֿון יוליאַן שווצרץ, חיהלע אַש און מ. ע. פֿון אַלפּערן.""}"
place:UPL-0171	place	אין וואַגאָן					unmatched	attestation:unlinked	bio	
place:UPL-0172	place	ביי די רעלסן					unmatched	attestation:unlinked	bio	
person:1527	person	לייב דרוקער	Leib Drucker	people_db	1527	entry_person_id:P-5-facs_247_tr_1739222205	matched		bio	"{""entry_type"": ""writer"", ""volume"": ""5"", ""span"": ""4162-4162"", ""birth_date"": ""1902-09-23"", ""credit"": ""ש. ע. ש. ע. פֿון יוליאַן שוואַרץ.""}"
place:UPL-0173	place	קעמפּ דראַנסי					unmatched	attestation:unlinked	bio	
person:3506	person	אדאם דאָמב		people_db	3506	entry_person_id:P-5-facs_248_tr_1739220762	matched		bio	"{""entry_type"": ""performer"", ""volume"": ""5"", ""span"": ""4164-4167"", ""death_date"": ""1943"", ""credit"": ""ש. ע. פֿון מאיר מעלמאַן.""}"
place:Q324922	place	ליפנע	Lipno	wikidata_qid	Q324922	"{""kima_id"": ""18080"", ""lat"": """", ""lon"": """"}"	matched		bio	
place:UPL-0174	place	גענשער בית עלמין					unmatched	attestation:unlinked	bio	
person:3000	person	רפאל סמאַרגאָנסקי (שמאַרגאָן)	Rafael Smargonski	people_db	3000	entry_person_id:P-5-facs_263_tr_1739220950	matched		bio	"{""entry_type"": ""performer"", ""volume"": ""5"", ""span"": ""4194-4194"", ""birth_date"": ""1904-08-27"", ""death_date"": ""1941"", ""credit"": ""ש. ע. און ש. ע. פֿון יונה ראַדינאָוו""}"
place:Q698342	place	ריגע געטא	Riga Ghetto	wikidata_qid	Q698342	"{""kima_id"": """", ""lat"": """", ""lon"": """"}"	matched		bio	
place:Q693998	place	לאַגער קלאַגע	Klooga concentration camp	wikidata_qid	Q693998	"{""kima_id"": """", ""lat"": """", ""lon"": """"}"	matched		bio	
place:Q12165058	place	אושאָמיר	Ushomir	wikidata_qid	Q12165058	"{""kima_id"": """", ""lat"": """", ""lon"": """"}"	matched		bio	
person_entry:P-5-facs_270_tr_1739220577	person	דייכעס לייזע		entry_person_id	P-5-facs_270_tr_1739220577		unmatched		bio	"{""entry_type"": ""performer"", ""volume"": ""5"", ""span"": ""4208-4208"", ""birth_date"": ""1914"", ""death_date"": ""1945"", ""credit"": ""ש. ע. פֿון איר שוועסטער מוסיע דייכעס.""}"
place:Q900	place	קאזאן	Kazan	wikidata_qid	Q900	"{""kima_id"": ""10740"", ""lat"": ""55.790833"", ""lon"": ""49.114444""}"	matched		bio	
place:UPL-0175	place	אויפֿן וועג קיין דאַנציג					unmatched	attestation:unlinked	bio	
person:2897	person	פיאמע שאַפּיראָ	Fime Shapiro	people_db	2897	entry_person_id:P-5-facs_272_tr_1739221127	matched		bio	"{""entry_type"": ""performer"", ""volume"": ""5"", ""span"": ""4211-4211"", ""birth_date"": ""1911"", ""credit"": ""ש. ע. פֿון דוד ראַגאָוו און ישראל סעגאַל.""}"
place:UPL-0176	place	סאָוויעט רוסלאַנד					unmatched	no_attestation	bio	
person:3106	person	בערל צימליך	Berl Tsimlikh	people_db	3106	entry_person_id:P-5-facs_273_tr_1739222329	matched		bio	"{""entry_type"": ""performer"", ""volume"": ""5"", ""span"": ""4213-4213"", ""death_date"": ""1942"", ""credit"": ""ש. ע. פֿון לייב לענסקי.""}"
place:UPL-0177	place	טויטן לאַגער					unmatched	attestation:unlinked	bio	
person:3107	person	לאה צימליך	Leah Tsimlikh	people_db	3107	entry_person_id:P-5-facs_273_tr_1739222330	matched		bio	"{""entry_type"": ""performer"", ""volume"": ""5"", ""span"": ""4214-4214"", ""death_date"": ""1942"", ""credit"": ""ש. ע. פֿון לייב לענסקי.""}"
person:1992	person	שלום הערצבערג	Sholem Hertsberg	people_db	1992	entry_person_id:P-5-facs_273_tr_1739222328	matched		bio	"{""entry_type"": ""performer"", ""volume"": ""5"", ""span"": ""4214-4214"", ""credit"": ""ש. ע. פֿון לייב לענסקי.""}"
person:1418	person	יאָסל בּודייסקי	Yosl Budeyski	people_db	1418	entry_person_id:P-5-facs_273_tr_1739222335	matched		bio	"{""entry_type"": ""performer"", ""volume"": ""5"", ""span"": ""4214-4214"", ""birth_date"": ""1899"", ""death_date"": ""1944"", ""credit"": ""ש. ע. פֿון יוליאַן שוואַרץ.""}"
place:UPL-0178	place	מיטלאַזיע					unmatched	attestation:unlinked	bio	
person:3553	person	מוסיא קורץ-סמאַרגאָנסקאַ (לאַנגמאַן)		people_db	3553	entry_person_id:P-5-facs_274_r	matched		bio	"{""entry_type"": ""performer"", ""volume"": ""5"", ""span"": ""4215-4218""}"
person:1940	person	משה-לייב גורעוויטש	Moshe Leib Gurevitsh	people_db	1940	entry_person_id:P-5-facs_276_tr_1739221991	matched		bio	"{""entry_type"": ""performer"", ""volume"": ""5"", ""span"": ""4219-4219"", ""birth_date"": ""1892"", ""credit"": ""מ. ע. פֿון יהושע באַראַדאָוו און זלמן קאָלעשניקאָוו.""}"
place:Q134712	place	שאַוול	Šiauliai (Lithuania)	wikidata_qid	Q134712	"{""kima_id"": ""298"", ""lat"": ""55.928055555556"", ""lon"": ""23.316666666667""}"	matched		bio	
place:UPL-0179	place	עסטאָניע					unmatched	no_attestation	bio	
person_entry:P-5-facs_276_tr_1739221992	person	לעווין, חנה		entry_person_id	P-5-facs_276_tr_1739221992		unmatched		bio	"{""entry_type"": ""performer"", ""volume"": ""5"", ""span"": ""4220-4223"", ""birth_date"": ""1894-05-05""}"
person:2527	person	יודל מוט	Yudl Mutt	people_db	2527	entry_person_id:P-5-facs_278_tr_1739220808	matched		bio	"{""entry_type"": ""other"", ""volume"": ""5"", ""span"": ""4224-4224"", ""birth_date"": ""1915"", ""credit"": ""ש. ע. פֿון יחיאָל בורגיין.""}"
person:3625	person	יאַשאַ גלעזער		people_db	3625	entry_person_id:P-5-facs_279_tr_1739222367	matched		bio	"{""entry_type"": ""performer"", ""volume"": ""5"", ""span"": ""4225-4226"", ""death_date"": ""1942""}"
place:UPL-0180	place	9טן פאַררט					unmatched	attestation:unlinked	bio	
person:3231	person	שמחה וויינשטאָק	Simcha Weinstock	people_db	3231	entry_person_id:P-5-facs_280_tr_1739220952	matched		bio	"{""entry_type"": ""performer"", ""volume"": ""5"", ""span"": ""4228-4228"", ""birth_date"": ""1898"", ""credit"": ""מ. ע. פֿון סעווערין צווערלינג.""}"
person:1947	person	חיים גוטמאַן	Chaim Gutman	people_db	1947	entry_person_id:P-5-facs_281_tr_1739220611	matched		bio	"{""entry_type"": ""performer"", ""volume"": ""5"", ""span"": ""4229-4229"", ""birth_date"": ""1894-09-24"", ""credit"": ""ש. ע. פֿון יוליאַן שוואַרץ.""}"
person:3132	person	גאווא וואי (גרוניאַ ווינשטאָק)	Gava Vai	people_db	3132	entry_person_id:P-5-facs_281_r_1	matched		bio	"{""entry_type"": ""performer"", ""volume"": ""5"", ""span"": ""4229-4229"", ""birth_date"": ""1905~"", ""credit"": ""מ. ע. פֿון זלמן קאָלעשניקאָוו.""}"
person:3551	person	שלמה קוטנער		people_db	3551	entry_person_id:P-5-facs_281_tr_1739220612	matched		bio	"{""entry_type"": ""performer"", ""volume"": ""5"", ""span"": ""4230-4250"", ""birth_date"": ""1887"", ""death_date"": ""1943-11-03"", ""credit"": ""ש. ע. פֿון זלמן זילבערצוויי""}"
place:Q302169	place	באַלוט	balut	wikidata_qid	Q302169	"{""kima_id"": """", ""lat"": """", ""lon"": """"}"	candidate		bio	
person:3525	person	הערש מאַץ (גרישאַ)		people_db	3525	entry_person_id:P-5-facs_292_tr_1739222004	matched		bio	"{""entry_type"": ""other"", ""volume"": ""5"", ""span"": ""4251-4253"", ""birth_date"": ""1899"", ""death_date"": ""1941-06-22""}"
person:2131	person	ישראל קאָמפּאַנעעץ	Israel Kompaneyets	people_db	2131	entry_person_id:P-5-facs_293_tr_1739221835	matched		bio	"{""entry_type"": ""performer"", ""volume"": ""5"", ""span"": ""4254-4255"", ""birth_date"": ""1900"", ""credit"": ""ט און ש. ע. פֿון זיין שוועסטער אַניוטאַ פּאַליאַקאָוו-קאָמפּאַנעעץ.""}"
place:Q132854	place	פֿעאָדאָסיאָ	(1048) Feodosia	wikidata_qid	Q132854	"{""kima_id"": """", ""lat"": """", ""lon"": """"}"	candidate		bio	
place:UPL-0181	place	אַן אומבאַקאַנטן פלאַץ					unmatched	attestation:unlinked	bio	
person:3531	person	ענדען (?)		people_db	3531	entry_person_id:P-5-facs_294_tr_1739222345	matched		bio	"{""entry_type"": ""performer"", ""volume"": ""5"", ""span"": ""4256-4256"", ""credit"": ""ש. ע. פֿון לייבוש לענסקי.""}"
person:3382	person	פּינקע זשילבערט	Pinke Zhilbert	people_db	3382	entry_person_id:P-5-facs_295_tr_1739221293	matched		bio	"{""entry_type"": ""performer"", ""volume"": ""5"", ""span"": ""4257-4257""}"
place:UPL-0182	place	קאָנצענטראַציע-לאַגער					unmatched	attestation:unlinked	bio	
person:2957	person	בערטאַ שורעק	Berta Shurek	people_db	2957	entry_person_id:P-5-facs_295_tr_1739221311	matched		bio	"{""entry_type"": ""performer"", ""volume"": ""5"", ""span"": ""4257-4257"", ""death_date"": ""1942"", ""credit"": ""ש. ע. פֿון לייבוש לענסקי.""}"
person:2002	person	דבורה הילסבּערג (דאָרעלע)	Devora Hilsberg	people_db	2002	entry_person_id:P-5-facs_295_tr_1739221304	matched		bio	"{""entry_type"": ""performer"", ""volume"": ""5"", ""span"": ""4257-4257"", ""birth_date"": ""1926-12-14"", ""death_date"": ""1942/1943"", ""credit"": ""ש. ע. פֿון פֿאָטער מרכי הילסבערג.""}"
person:3052	person	טאַנקעל	[?] Tankel	people_db	3052	entry_person_id:P-5-facs_295_tr_1739221315	matched		bio	"{""entry_type"": ""performer"", ""volume"": ""5"", ""span"": ""4258-4258"", ""credit"": ""ש. ע. פֿון לייבוש לענסקי.""}"
person:2146	person	ס. קארנטייער	S. Kornteyer	people_db	2146	entry_person_id:P-5-facs_295_tr_1739221297	matched		bio	"{""entry_type"": ""writer"", ""volume"": ""5"", ""span"": ""4258-4259"", ""credit"": ""ש. ע. פֿון זלמן זילבערצווייג""}"
place:UPL-0183	place	גאַז-קאַמערן					unmatched	attestation:unlinked	bio	
person:3494	person	נַאַכאַלנִיק אורקע (יצחק פאַרבּעראָוויטש)		people_db	3494	entry_person_id:P-5-facs_298_r	matched		bio	"{""entry_type"": ""writer"", ""volume"": ""5"", ""span"": ""4264-4267"", ""birth_date"": ""1897-06"", ""death_date"": ""1939/1940""}"
person:2313	person	אַנקאַ ליפינסקי (ווייצמאַן)	Anka Lipinsky	people_db	2313	entry_person_id:P-5-facs_300_tr_1739221668	matched		bio	"{""entry_type"": ""performer"", ""volume"": ""5"", ""span"": ""4268-4268"", ""birth_date"": ""1903"", ""death_date"": ""1942"", ""credit"": ""ש. ע. פֿון לייבוש לענסקי.""}"
person:3566	person	נחום שטערנהיים		people_db	3566	entry_person_id:P-5-facs_301_tr_1739221393	matched		bio	"{""entry_type"": ""composer"", ""volume"": ""5"", ""span"": ""4269-4276"", ""birth_date"": ""1879""}"
person:2302	person	לילית	Lilit	people_db	2302	entry_person_id:P-5-facs_306_tr_1739221517	matched		bio	"{""entry_type"": ""performer"", ""volume"": ""5"", ""span"": ""4279-4279"", ""credit"": ""ש. ע. פֿון יחזקאָל קאָנהענדלער.""}"
person:3095	person	לייבל טראָיאַנאָווסקי	Leybl Troyanovski	people_db	3095	entry_person_id:P-5-facs_306_tr_1739221515	matched		bio	"{""entry_type"": ""performer"", ""volume"": ""5"", ""span"": ""4280-4280"", ""death_date"": ""1942"", ""credit"": ""ש. ע. פֿון לייבוש לענסקי.""}"
person:2769	person	בּן-ציון רויטמאַן	Ben-Tsion Roitman	people_db	2769	entry_person_id:P-5-facs_306_tr_1739221514	matched		bio	"{""entry_type"": ""performer"", ""volume"": ""5"", ""span"": ""4280-4280"", ""birth_date"": ""191"", ""death_date"": ""1943"", ""credit"": ""ש. ע. פֿון יוליאַן שוואַרץ און חיהלע אַש.""}"
place:UPL-0184	place	וואַרשעווער פּאַוויאַק					unmatched	attestation:unlinked	bio	
person:3512	person	דוד העלפמאַן		people_db	3512	entry_person_id:P-5-facs_319_tr_1739221737	matched		bio	"{""entry_type"": ""administrator"", ""volume"": ""5"", ""span"": ""4306-4310"", ""birth_date"": ""1907/1908"", ""death_date"": ""1943""}"
person:3559	person	ראמאן ראָזענטאַל		people_db	3559	entry_person_id:P-5-facs_322_tr_1739221858	matched		bio	"{""entry_type"": ""composer"", ""volume"": ""5"", ""span"": ""4311-4315"", ""birth_date"": ""1897-10-18"", ""death_date"": ""1942-09"", ""credit"": ""ש. ע. פֿון שיינע מרים בראָדערזאָן.""}"
person:3500	person	חנה בּראז		people_db	3500	entry_person_id:P-5-facs_324_tr_1739221845	matched		bio	"{""entry_type"": ""performer"", ""volume"": ""5"", ""span"": ""4316-4319"", ""birth_date"": ""1892""}"
place:Q1049177	place	לויוויטש		wikidata_qid	Q1049177	"{""kima_id"": """", ""lat"": """", ""lon"": """"}"	candidate		bio	
person:1908	person	אהרון-יצחק גראָדזענסקי	Aaron Itzhak Grodzenski	people_db	1908	entry_person_id:P-5-facs_331_tr_1739222376	matched		bio	"{""entry_type"": ""writer"", ""volume"": ""5"", ""span"": ""4329-4329"", ""birth_date"": ""1891-10-19"", ""death_date"": ""1941""}"
person:2134	person	מאטל קאן	Motl Kon	people_db	2134	entry_person_id:P-5-facs_331_tr_1739222358	matched		bio	"{""entry_type"": ""performer"", ""volume"": ""5"", ""span"": ""4330-4330"", ""birth_date"": ""1905"", ""credit"": ""מ. ע. פֿון זלמן קאָלעשניקאָוו און ש. ע. פֿון שיינע מרים בראָדערזאָן.""}"
place:UPL-0185	place	ערגעץ וואו אויף די וועגן					unmatched	attestation:unlinked	bio	
person:3189	person	פישל וויטקאווער	Fishl Vitkover	people_db	3189	entry_person_id:P-5-facs_332_tr_1739221453	matched		bio	"{""entry_type"": ""writer"", ""volume"": ""5"", ""span"": ""4332-4332"", ""birth_date"": ""1880-06-13"", ""credit"": ""ע. פֿון זלמן זילבערצווייג, ש. ע. פֿון רחל אויערבאַך.""}"
place:Q156825	place	קריסניפאליע	Sheptytskyi	wikidata_qid	Q156825	"{""kima_id"": ""19848"", ""lat"": """", ""lon"": """"}"	candidate		bio	
place:UPL-0186	place	איינער פֿון די יידישע געטאָס					unmatched	attestation:unlinked	bio	
person:2156	person	סאַשאַ ראָזענטאַל (פישנאָוו שמעיה)	Betsalel Kremer	people_db	2156	entry_person_id:P-5-facs_333_tr_1739220898	matched		bio	"{""entry_type"": ""director_regisseur"", ""volume"": ""5"", ""span"": ""4333-4333"", ""birth_date"": ""1905"", ""death_date"": ""1944"", ""credit"": ""ש. ע. פֿון דוד ראַגאָוו, יחיאָל בורגיין און א. אַראַנסאָן.""}"
place:UPL-0187	place	ראַדאָשקאָוויטש					unmatched	attestation:unlinked	bio	
person:3334	person	זלמן זאַגאָרין	Zalmen Zagorin	people_db	3334	entry_person_id:P-5-facs_333_tr_1739220890	matched		bio	"{""entry_type"": ""director_regisseur"", ""volume"": ""5"", ""span"": ""4334-4334"", ""birth_date"": ""1915"", ""death_date"": ""1943/1944"", ""credit"": ""ש. ע. פֿון דוד ראַגאָוו און יחיאָל בורגיין.""}"
person:2226	person	מאָטי לייבאָוויטש	Moti Leibovitsh	people_db	2226	entry_person_id:P-5-facs_333_tr_1739220886	matched		bio	"{""entry_type"": ""performer"", ""volume"": ""5"", ""span"": ""4334-4334"", ""birth_date"": ""189x"", ""credit"": ""ש. ע. פֿון חיהלע אַש און יוליאַן שוואַרץ.""}"
place:UPL-0188	place	טראַנסניסטריע					unmatched	attestation:unlinked	bio	
person:2228	person	ציליע לייבאָוויטש	Tsile Leibovitsh	people_db	2228	entry_person_id:P-5-facs_333_tr_1739220896	matched		bio	"{""entry_type"": ""performer"", ""volume"": ""5"", ""span"": ""4334-4334"", ""birth_date"": ""189"", ""death_date"": ""1942"", ""credit"": ""ש. ע. פֿון חיהלע אַש און יוליאַן שוואַרץ.""}"
person:1717	person	אברהם גאכאנסקי	Abraham Gachanski	people_db	1717	entry_person_id:P-5-facs_334_tr_1739221282	matched		bio	"{""entry_type"": ""performer"", ""volume"": ""5"", ""span"": ""4336-4337"", ""death_date"": ""1941"", ""credit"": ""ון יוליאַן שוואַרץ און מ. ע. פֿון שרה עטינגער און ראָזע העלער.""}"
person:3339	person	זכריה זאַכאַראָוו	Zakharia Zakharov	people_db	3339	entry_person_id:P-5-facs_335_r	matched		bio	"{""entry_type"": ""performer"", ""volume"": ""5"", ""span"": ""4338-4338"", ""credit"": ""ש. ע. פֿון יוליאַן שוואַרץ.""}"
person:2464	person	בּן-ציון מיכטאם (בענציע)	Ben Zion Michtam	people_db	2464	entry_person_id:P-5-facs_336_tr_1739222350	matched		bio	"{""entry_type"": ""other"", ""volume"": ""5"", ""span"": ""4339-4339"", ""birth_date"": ""1908"", ""death_date"": ""1941"", ""credit"": ""ש. ע. פֿון יחיאָל בורגיין.""}"
person:3524	person	לובא לעוויצקא		people_db	3524	entry_person_id:P-5-facs_336_r	matched		bio	"{""entry_type"": ""performer"", ""volume"": ""5"", ""span"": ""4340-4348"", ""death_date"": ""1943""}"
person:3544	person	יאָסעלע קאלאדני		people_db	3544	entry_person_id:P-5-facs_341_tr_1739222058	matched		bio	"{""entry_type"": ""performer"", ""volume"": ""5"", ""span"": ""4349-4353"", ""birth_date"": ""1898"", ""death_date"": ""1942-10-27"", ""credit"": ""ש. ע""}"
place:Q629648	place	דאָבראַ וואָלאַ	Dobra Wola	wikidata_qid	Q629648	"{""kima_id"": """", ""lat"": """", ""lon"": """"}"	matched		bio	
person:2121	person	בן-ציון קיט	Ben-Zion Kit	people_db	2121	entry_person_id:P-5-facs_343_tr_1739221019	matched		bio	"{""entry_type"": ""performer"", ""volume"": ""5"", ""span"": ""4354-4354"", ""death_date"": ""1942"", ""credit"": ""ש. ע. פֿון נח נאַכבוש.""}"
person:3563	person	הענריק שארא (שאַפּיראָ)		people_db	3563	entry_person_id:P-5-facs_344_r	matched		bio	"{""entry_type"": ""director_regisseur"", ""volume"": ""5"", ""span"": ""4355-4356"", ""death_date"": ""1942-04-19""}"
person:3039	person	ראָזע-לאה סוריץ (לעוויאוס)	Rosa Leah Surits	people_db	3039	entry_person_id:P-5-facs_345_r_2	matched		bio	"{""entry_type"": ""performer"", ""volume"": ""5"", ""span"": ""4357-4357"", ""birth_date"": ""1890"", ""death_date"": ""1941-11-30"", ""credit"": ""ש. ע. פֿון יונה ראַדינאָוו.""}"
place:UPL-0189	place	וועלדל רומבולע					unmatched	attestation:unlinked	bio	
place:UPL-0190	place	מאַסן-גריבער					unmatched	attestation:unlinked	bio	
person:1518	person	מ. דראַנאָוו (מרדכי-דוד ראָזענבלאַט)	M. Dranov	people_db	1518	entry_person_id:P-5-facs_345_r	matched		bio	"{""entry_type"": ""performer"", ""volume"": ""5"", ""span"": ""4358-4358"", ""credit"": ""מ. ע. פֿון גרישע ראָטשיין, זלמן קאָלעשניקאָוו, ש. ע. פֿון שעפטל זאַק.""}"
person:2536	person	נאַכומאָוויטש	[?] Nakhumovitsh	people_db	2536	entry_person_id:P-5-facs_346_r	matched		bio	"{""entry_type"": ""performer"", ""volume"": ""5"", ""span"": ""4359-4359"", ""credit"": ""ש. ע. פֿון יוליאַן שוואַרץ.""}"
place:UPL-0191	place	עוואַקוואַציע					unmatched	attestation:unlinked	bio	
person:1234	person	אהרן בּאַסטאמסקי	Aaron Bastomski	people_db	1234	entry_person_id:P-5-facs_346_tr_1739220500	matched		bio	"{""entry_type"": ""director_regisseur"", ""volume"": ""5"", ""span"": ""4359-4360"", ""birth_date"": ""1907"", ""death_date"": ""1944"", ""credit"": ""ש. ע. פֿון ישראל סעגאַל און יחיאָל בורגיין.""}"
person:1724	person	משה גארבארזש	Moshe Garbazh	people_db	1724	entry_person_id:P-5-facs_347_tr_1739221408	matched		bio	"{""entry_type"": ""performer"", ""volume"": ""5"", ""span"": ""4361-4361""}"
person:2930	person	שקליאר	Shkliar	people_db	2930	entry_person_id:P-5-facs_347_r_5	matched		bio	"{""volume"": ""5"", ""span"": ""4362-4362""}"
person_entry:P-5-facs_347_r_2	person	ליפשיץ,		entry_person_id	P-5-facs_347_r_2		unmatched		bio	"{""volume"": ""5"", ""span"": ""4362-4362""}"
person:3313	person	יאקוב יאָפע	Yakov Yofe	people_db	3313	entry_person_id:P-5-facs_347_r_1	matched		bio	"{""entry_type"": ""performer"", ""volume"": ""5"", ""span"": ""4362-4362"", ""credit"": ""ש. ע. פֿון יונה ראַדינאָוו.""}"
person:1723	person	פעלא גארבארזש	Fela Garbazh	people_db	1723	entry_person_id:P-5-facs_348_tr_1739220913	matched		bio	"{""entry_type"": ""director_regisseur"", ""volume"": ""5"", ""span"": ""4363-4363""}"
person:1529	person	ראובן דובּינסקי	Reuben Dubinsky	people_db	1529	entry_person_id:P-5-facs_348_tr_1739220923	matched		bio	"{""entry_type"": ""performer"", ""volume"": ""5"", ""span"": ""4364-4364"", ""birth_date"": ""1911~"", ""credit"": ""ש. ע. פֿון דוד ראַגאָוו.""}"
person:1993	person	רעגינע הערצלין	Regina Hertslikh	people_db	1993	entry_person_id:P-5-facs_349_tr_1739221468	matched		bio	"{""entry_type"": ""performer"", ""volume"": ""5"", ""span"": ""4365-4365""}"
person:3029	person	צילע סטראַשון	Tsili Strashun	people_db	3029	entry_person_id:P-5-facs_349_tr_1739221478	matched		bio	"{""entry_type"": ""performer"", ""volume"": ""5"", ""span"": ""4366-4366""}"
person_entry:P-5-facs_349_r	person	מאַניעלאַ, מאַניע [מעלאַמער]		entry_person_id	P-5-facs_349_r		unmatched		bio	"{""entry_type"": ""performer"", ""volume"": ""5"", ""span"": ""4366-4366""}"
person:3501	person	כתריאל בּרוידא		people_db	3501	entry_person_id:P-5-facs_350_tr_1739221050	matched		bio	"{""entry_type"": ""performer"", ""volume"": ""5"", ""span"": ""4367-4369"", ""birth_date"": ""1907"", ""death_date"": ""1945-01""}"
place:UPL-0192	place	ים					unmatched	attestation:unlinked	bio	
person_entry:P-5-facs_351_r	person	שטערנבאך, סאמי,		entry_person_id	P-5-facs_351_r		unmatched		bio	"{""entry_type"": ""musician"", ""volume"": ""5"", ""span"": ""4370-4370""}"
person:2740	person	לייזער ראוך	Leyzer Raukh	people_db	2740	entry_person_id:P-5-facs_351_r_7	matched		bio	"{""entry_type"": ""musician"", ""volume"": ""5"", ""span"": ""4370-4370""}"
place:UPL-0193	place	דעפאָרטאציע					unmatched	attestation:unlinked	bio	
person:1474	person	אַדאָלף דאובער	Adolf Dauber	people_db	1474	entry_person_id:P-5-facs_351_r_11	matched		bio	"{""entry_type"": ""musician"", ""volume"": ""5"", ""span"": ""4370-4370"", ""death_date"": ""1941"", ""credit"": ""ש. ע. פֿון יוליאַן שוואַרץ.""}"
person:2925	person	שעווטאָלאָוויטש	Shevtolovitsh	people_db	2925	entry_person_id:P-5-facs_351_r_13	matched		bio	"{""entry_type"": ""performer"", ""volume"": ""5"", ""span"": ""4370-4370"", ""credit"": ""ש. ע. פֿון יונה ראַדינאָוו.""}"
person:2887	person	יעקב סערבסקי (בלום, יאַקאָווליעוו)	Yakov Serbsky	people_db	2887	entry_person_id:P-5-facs_352_r_1	matched		bio	"{""entry_type"": ""performer"", ""volume"": ""5"", ""span"": ""4372-4372"", ""birth_date"": ""1892"", ""credit"": ""ש. ע. און ש. ע. פֿון יונה ראַדינאָוו.""}"
person:1118	person	אסתר אַדלער (שאַצקי)	Esther Adler	people_db	1118	entry_person_id:P-5-facs_353_r_4	matched		bio	"{""entry_type"": ""performer"", ""volume"": ""5"", ""span"": ""4373-4373"", ""death_date"": ""1942"", ""credit"": ""ש. ע. פֿון חייקעלע בורשטין-שוואַרץ.""}"
place:UPL-0194	place	אַן אומבאַוואוסטן פלאַץ					unmatched	attestation:unlinked	bio	
place:Q1281172	place	סלאָמניקי	Słomniki	wikidata_qid	Q1281172	"{""kima_id"": ""83617"", ""lat"": """", ""lon"": """"}"	matched		bio	
person:2073	person	אהרן קאַמיאָנאוו	Aaron Kamianov	people_db	2073	entry_person_id:P-5-facs_353_tr_1739222259	matched		bio	"{""entry_type"": ""performer"", ""volume"": ""5"", ""span"": ""4374-4374"", ""credit"": ""ש. ע. פֿון יונה ראַדינאָוו.""}"
person:1824	person	אסתר גאָלדענבערג	Esther Goldenberg	people_db	1824	entry_person_id:P-5-facs_354_tr_1739222151	matched		bio	"{""entry_type"": ""performer"", ""volume"": ""5"", ""span"": ""4375-4375"", ""death_date"": ""1943-04"", ""credit"": ""מ. ע. פֿון יאָנאַס טורקאָוו.""}"
person:2757	person	ריבאק	[?] Ribak	people_db	2757	entry_person_id:P-5-facs_354_tr_1739222163	matched		bio	"{""entry_type"": ""performer"", ""volume"": ""5"", ""span"": ""4376-4376"", ""credit"": ""מ. ע. פֿון זלמן קאָלעשניקאָוו.""}"
place:UPL-0195	place	קבר-גרוב					unmatched	attestation:unlinked	bio	
person:2650	person	אליהו פּילניק	Eliyahu Pilnik	people_db	2650	entry_person_id:P-5-facs_354_tr_1739222148	matched		bio	"{""entry_type"": ""performer"", ""volume"": ""5"", ""span"": ""4376-4376"", ""death_date"": ""1943-08"", ""credit"": ""מ. ע. פֿון דוד ראַגאָוו.""}"
person:1190	person	בּרוך אַס	Boruch Ass	people_db	1190	entry_person_id:P-5-facs_355_tr_1739221117	matched		bio	"{""entry_type"": ""administrator"", ""volume"": ""5"", ""span"": ""4377-4377"", ""credit"": ""מ. ע. פֿון גרישאַ ראָטשיין. זיסל ווייניק און מאיר מעלמאַן.""}"
person:1142	person	איסאַק אַלפּעראָוויטש	Isak Alperovitsh	people_db	1142	entry_person_id:P-5-facs_355_tr_1739221123	matched		bio	"{""entry_type"": ""performer"", ""volume"": ""5"", ""span"": ""4377-4377"", ""birth_date"": ""1909"", ""death_date"": ""1942"", ""credit"": ""ש. ע. פֿון יונה ראַדינאָוו.""}"
person:2906	person	דינה שאַיעוויטש (איזעלסקיאַ)	Dina Shayevitsh	people_db	2906	entry_person_id:P-5-facs_355_r_2	matched		bio	"{""entry_type"": ""performer"", ""volume"": ""5"", ""span"": ""4378-4378"", ""birth_date"": ""1891-05"", ""credit"": ""מ. ע.""}"
person:1357	person	בּערל בּאריסאוו (העקער)	Berl Borisov	people_db	1357	entry_person_id:P-5-facs_356_r_2	matched		bio	"{""entry_type"": ""performer"", ""volume"": ""5"", ""span"": ""4380-4380"", ""death_date"": ""1941"", ""credit"": ""ש. ע. פֿון דוד ראַגאָוו.""}"
person:2752	person	רייכמאַן	[?] Reykhman	people_db	2752	entry_person_id:P-5-facs_356_tr_1739222166	matched		bio	"{""entry_type"": ""performer"", ""volume"": ""5"", ""span"": ""4380-4380"", ""credit"": ""מ. ע. פֿון זלמן קאָלעשניקאָוו.""}"
person:1922	person	פּאַוועל גראסמאַן	Pavel Grossman	people_db	1922	entry_person_id:P-5-facs_357_tr_1739221525	matched		bio	"{""entry_type"": ""director_regisseur"", ""volume"": ""5"", ""span"": ""4382-4382"", ""death_date"": ""1941"", ""credit"": ""ש. ע. פֿון דוד ראַגאָוו.""}"
person:2723	person	נאַדיע ראדין	Nadia Radin	people_db	2723	entry_person_id:P-5-facs_357_tr_1739221522	matched		bio	"{""entry_type"": ""performer"", ""volume"": ""5"", ""span"": ""4382-4382"", ""death_date"": ""1941""}"
person:1555	person	עווא אייזען-אָרענשטיין	Eva Eisen-Orenstein	people_db	1555	entry_person_id:P-5-facs_358_tr_1739221627	matched		bio	"{""entry_type"": ""performer"", ""volume"": ""5"", ""span"": ""4384-4384"", ""birth_date"": ""1899"", ""death_date"": ""1939/1945""}"
place:Q52845	place	קאָנין	Konin	wikidata_qid	Q52845	"{""kima_id"": ""386"", ""lat"": """", ""lon"": """"}"	matched		bio	
person:3110	person	פאַניאַ ציפּקינא	Fanya Tsipkina	people_db	3110	entry_person_id:P-5-facs_358_tr_1739221613	matched		bio	"{""entry_type"": ""performer"", ""volume"": ""5"", ""span"": ""4384-4384"", ""credit"": ""ש. ע. פֿון דוד ראַגאָוו און יונה ראַדינאָוו.""}"
place:Q153336	place	מינסקער געטאָ	Minsk Ghetto	wikidata_qid	Q153336	"{""kima_id"": """", ""lat"": """", ""lon"": """"}"	matched		bio	
person:2566	person	זעלדע ניימילער (זינא)	Zelde Neymiler	people_db	2566	entry_person_id:P-5-facs_358_tr_1739221631	matched		bio	"{""entry_type"": ""performer"", ""volume"": ""5"", ""span"": ""4384-4384"", ""birth_date"": ""1917"", ""death_date"": ""1944"", ""credit"": ""ש. ע. פֿון דוד ראַגאָוו.""}"
person:1099	person	בּן-ציון אבּעלסאָן	Ben-Zion Abelson	people_db	1099	entry_person_id:P-5-facs_359_tr_1739221250	matched		bio	"{""entry_type"": ""performer"", ""volume"": ""5"", ""span"": ""4385-4385"", ""death_date"": ""1941"", ""credit"": ""מ. ע. פֿון זלמן קאָלעשניקאָוו.""}"
person:2754	person	אַנעטאַ רייזער	Aneta Reyzer	people_db	2754	entry_person_id:P-5-facs_359_tr_1739221254	matched		bio	"{""entry_type"": ""performer"", ""volume"": ""5"", ""span"": ""4386-4386"", ""credit"": ""מ. ע. פֿון יאָנאַס טורקאָוו און זלמן קאָלעשניקאָוו.""}"
person:3312	person	משה יאָפע (מאָאיסיי)	Moshe Yofe	people_db	3312	entry_person_id:P-5-facs_359_tr_1739221244	matched		bio	"{""entry_type"": ""performer"", ""volume"": ""5"", ""span"": ""4386-4386"", ""death_date"": ""1941"", ""credit"": ""מ. ע. פֿון נח נאַכבוש.""}"
person:1609	person	נחמה אייזענשטאט	Nechama Eyzenshtat	people_db	1609	entry_person_id:P-5-facs_360_tr_1739221940	matched		bio	"{""entry_type"": ""performer"", ""volume"": ""5"", ""span"": ""4387-4387"", ""credit"": ""מ. ע. פֿון דוד ראַגאָוו.""}"
person:1960	person	באָריס האַלפּערן	Boris Halpern	people_db	1960	entry_person_id:P-5-facs_360_tr_1739221934	matched		bio	"{""entry_type"": ""writer"", ""volume"": ""5"", ""span"": ""4387-4387"", ""birth_date"": ""1868-03-12"", ""death_date"": ""1944""}"
place:Q1309	place	מאָסט	Maastricht	wikidata_qid	Q1309	"{""kima_id"": ""6899"", ""lat"": """", ""lon"": """"}"	candidate		bio	
place:UPL-0196	place	לאַגער קיוויאָלי					unmatched	attestation:unlinked	bio	
person:2023	person	לייב האָלענדער	Leib Hollander	people_db	2023	entry_person_id:P-5-facs_360_tr_1739221925	matched		bio	"{""entry_type"": ""performer"", ""volume"": ""5"", ""span"": ""4387-4387"", ""credit"": ""ש. ע. פֿון דוד ראַגאָוו און יונה ראַדינאָוו.""}"
person:2016	person	האָפמאַן	[?] Hoffman	people_db	2016	entry_person_id:P-5-facs_360_tr_1739221935	matched		bio	"{""entry_type"": ""administrator"", ""volume"": ""5"", ""span"": ""4387-4387"", ""credit"": ""ש. ע. פֿון יונה ראַדינאָוו.""}"
person:2674	person	ריטאַ פּאָלאַנסקי	Rita Polanski	people_db	2674	entry_person_id:P-5-facs_367_tr_1739222548	matched		bio	"{""entry_type"": ""performer"", ""volume"": ""5"", ""span"": ""4401-4401"", ""credit"": ""ש. ע. פֿון יונה ראַדינאָוו.""}"
person:2112	person	מישא חאסין	Misha Khasin	people_db	2112	entry_person_id:P-5-facs_368_tr_1739221075	matched		bio	"{""entry_type"": ""performer"", ""volume"": ""5"", ""span"": ""4403-4403"", ""birth_date"": ""1915~"", ""death_date"": ""1942"", ""credit"": ""ש. ע. פֿון יונה ראַדינאָוו.""}"
place:UPL-0197	place	אויפֿן פֿראָנט קעגן די נאַציס					unmatched	attestation:unlinked	bio	
person:2411	person	גרישא מאַרמאָ	Grisha Marmo	people_db	2411	entry_person_id:P-5-facs_368_tr_1739221068	matched		bio	"{""entry_type"": ""performer"", ""volume"": ""5"", ""span"": ""4403-4403"", ""birth_date"": ""1921"", ""death_date"": ""1941"", ""credit"": ""ש. ע. פֿון יונה ראַדינאָוו.""}"
place:UPL-0198	place	פֿראָנט					unmatched	attestation:unlinked	bio	
person:2836	person	איזי סאַפּאָזשניקאָוו (איסאַק)	Izzy Sapozhnikov	people_db	2836	entry_person_id:P-5-facs_368_r	matched		bio	"{""entry_type"": ""administrator"", ""volume"": ""5"", ""span"": ""4403-4403"", ""birth_date"": ""1909"", ""death_date"": ""1942"", ""credit"": ""ש. ע. פֿון יונה ראַדינאָוו.""}"
person:2931	person	שלמה שלאַקמאַן	Shlomo Shlakman	people_db	2931	entry_person_id:P-5-facs_368_tr_1739221061	matched		bio	"{""entry_type"": ""performer"", ""volume"": ""5"", ""span"": ""4404-4404"", ""credit"": ""ז. ע. פֿון זלמן קאָלעשניקאָוו, ש. ע. פֿון שעפטל זאַק.""}"
person:3642	person	שלמה-לייב קאַואַ		people_db	3642	entry_person_id:P-5-facs_369_r	matched		bio	"{""entry_type"": ""writer"", ""volume"": ""5"", ""span"": ""3408-4407"", ""birth_date"": ""1889"", ""credit"": ""ש. ע. פֿון זלמן זילבערצווייג""}"
place:Q2919755	place	קאצק	Kotsk	wikidata_qid	Q2919755	"{""kima_id"": """", ""lat"": """", ""lon"": """"}"	candidate		bio	
person:2773	person	אברהם ראזען	Avraham Rosen	people_db	2773	entry_person_id:P-5-facs_371_tr_1739222500	matched		bio	"{""entry_type"": ""writer"", ""volume"": ""5"", ""span"": ""4409-4409"", ""birth_date"": ""1893-12-26"", ""death_date"": ""1941"", ""credit"": ""ש. ע. און מ. ע. פֿון ראָזע העלער.""}"
place:UPL-0199	place	יאַסי-פּאָדאָלאָי					unmatched	attestation:unlinked	bio	
person:2551	person	משה נעלקען	Moshe Nelken	people_db	2551	entry_person_id:P-5-facs_371_tr_1739222499	matched		bio	"{""entry_type"": ""performer"", ""volume"": ""5"", ""span"": ""4410-4410"", ""birth_date"": ""1901"", ""death_date"": ""1944-08""}"
person:1340	person	חנה בּלום (חנה-בּלומע צענציפּער)	Chana Blum	people_db	1340	entry_person_id:P-5-facs_371_r_6	matched		bio	"{""entry_type"": ""performer"", ""volume"": ""5"", ""span"": ""4410-4410"", ""birth_date"": ""1900"", ""credit"": ""ש. ע. פֿון יונה ראַדינאָוו.""}"
person:2523	person	יאָסל מוראק	Yosl Murak	people_db	2523	entry_person_id:P-5-facs_371_tr_1739222498	matched		bio	"{""entry_type"": ""performer"", ""volume"": ""5"", ""span"": ""4410-4410"", ""birth_date"": ""1921~"", ""death_date"": ""1941"", ""credit"": ""ש. ע. פֿון יונה ראַדינאָוו.""}"
person:3060	person	וואָלף טעפנער	Wolf Tefner	people_db	3060	entry_person_id:P-5-facs_371_r_2	matched		bio	"{""entry_type"": ""performer"", ""volume"": ""5"", ""span"": ""4410-4410"", ""death_date"": ""1942"", ""credit"": ""ש. ע. פֿון יוליאַן שוואַרץ.""}"
person:3818	person	ישראל קאַהאַן (אברהם)		people_db	3818	entry_person_id:P-5-facs_372_tr_1739222357	matched		bio	"{""entry_type"": ""writer"", ""volume"": ""5"", ""span"": ""4411-4411"", ""birth_date"": ""1888-09-19"", ""death_date"": ""1939"", ""credit"": ""ש. ע. פֿון שושנה.""}"
person:2103	person	חיים-יוסף קיימאַן	Khaim-Yosef Keymon	people_db	2103	entry_person_id:P-5-facs_372_tr_1739222351	matched		bio	"{""entry_type"": ""performer"", ""volume"": ""5"", ""span"": ""4412-4412"", ""birth_date"": ""1891"", ""death_date"": ""1942""}"
person:1591	person	סאָפיאַ ערדי (גאַרפינקעל)	Sofia Erdi	people_db	1591	entry_person_id:P-5-facs_373_r_2	matched		bio	"{""entry_type"": ""performer"", ""volume"": ""5"", ""span"": ""4413-4413"", ""birth_date"": ""189"", ""credit"": ""מ. ע. און ש. ע. פֿון יונה ראַדינאָוו.""}"
place:Q3208684	place	קאָוונער געטאָ	Acer Liquid Glow E330	wikidata_qid	Q3208684	"{""kima_id"": """", ""lat"": """", ""lon"": """"}"	candidate		bio	
person:3182	person	וויטיא וויקטאָראָוו (אַביגדור)	Vitya Viktorov	people_db	3182	entry_person_id:P-5-facs_373_r_6	matched		bio	"{""entry_type"": ""other"", ""volume"": ""5"", ""span"": ""4413-4413"", ""birth_date"": ""1914"", ""death_date"": ""1943"", ""credit"": ""ש. ע. פֿון יונה ראַדינאָוו.""}"
person:1605	person	אַוראָם אייזענבערג	Avrom Eyzenberg	people_db	1605	entry_person_id:P-5-facs_400_tr_1739220489	matched		bio	"{""entry_type"": ""performer"", ""volume"": ""5"", ""span"": ""4467-4467"", ""birth_date"": ""1899-07-22"", ""death_date"": ""1941-10"", ""credit"": ""ש. ע. פֿון יונה ראַדינאָוו.""}"
place:Q159139	place	מאַזשיאָסק	Mozhaysk	wikidata_qid	Q159139	"{""kima_id"": ""9158"", ""lat"": """", ""lon"": """"}"	matched		bio	
person:2117	person	יוסף קיגעל	Yosef Kigel	people_db	2117	entry_person_id:P-5-facs_400_tr_1739220492	matched		bio	"{""entry_type"": ""performer"", ""volume"": ""5"", ""span"": ""4468-4468"", ""birth_date"": ""1921~"", ""death_date"": ""1941""}"
person:3344	person	איזי זאלוזניאק	Izzy Zaluzniak	people_db	3344	entry_person_id:P-5-facs_400_tr_1739220482	matched		bio	"{""entry_type"": ""performer"", ""volume"": ""5"", ""span"": ""4468-4468"", ""birth_date"": ""1910"", ""credit"": ""ש. ע. פֿון יונה ראַדינאָוו""}"
place:UPL-0200	place	אוקראייניש דערל קאָוואָליי					unmatched	attestation:unlinked	bio	
person:3103	person	אווראם טשעטשעלניצקי	Avram Tshetshelnitski	people_db	3103	entry_person_id:P-5-facs_401_tr_1739221659	matched		bio	"{""volume"": ""5"", ""span"": ""4469-4469"", ""credit"": ""ש. ע. פֿון יונה ראַדינאָוו.""}"
person:2089	person	וואדיא קאָסיאקאוו	Vadya Kasiakov	people_db	2089	entry_person_id:P-5-facs_401_tr_1739221644	matched		bio	"{""entry_type"": ""performer"", ""volume"": ""5"", ""span"": ""4470-4470"", ""birth_date"": ""1908"", ""credit"": ""ש. ע. פֿון יונה ראַדינאָוו.""}"
person:2844	person	עמנואל שעכטער	Emanuel Schechter	people_db	2844	entry_person_id:P-5-facs_401_tr_1739221658	matched		bio	"{""entry_type"": ""writer"", ""volume"": ""5"", ""span"": ""4470-4470"", ""death_date"": ""1942-11"", ""credit"": ""ש. ע. פֿון יונה ראַדינאָוו.""}"
place:UPL-0201	place	זאַמד-בערג ביי ליטשאַקאָוו					unmatched	attestation:unlinked	bio	
person:3094	person	חיה טראָקינער	Chaya Trokiner	people_db	3094	entry_person_id:P-5-facs_402_tr_1739220478	matched		bio	"{""entry_type"": ""performer"", ""volume"": ""5"", ""span"": ""447-447"", ""birth_date"": ""1919"", ""death_date"": ""1942"", ""credit"": ""ש. ע. פֿון יחיאָל בורגיין.""}"
place:UPL-0202	place	קראָקעווער געטאָ					unmatched	attestation:unlinked	bio	
person:2160	person	יוסף קרעמער	Yosef Kremer	people_db	2160	entry_person_id:P-5-facs_414_tr_1739222253	matched		bio	"{""entry_type"": ""performer"", ""volume"": ""5"", ""span"": ""4495-4495"", ""birth_date"": ""1917"", ""death_date"": ""1942"", ""credit"": ""ש. ע. פֿון יונה ראַדינאָוו.""}"
place:Q7525	place	סעוואַסטאָפּאָל	Sevastopol	wikidata_qid	Q7525	"{""kima_id"": ""652"", ""lat"": ""44.605"", ""lon"": ""33.5225""}"	matched		bio	
person:2158	person	איסאַק קרעמער	Isak Kremer	people_db	2158	entry_person_id:P-5-facs_414_tr_1739222259	matched		bio	"{""entry_type"": ""performer"", ""volume"": ""5"", ""span"": ""4496-4496"", ""birth_date"": ""1912"", ""death_date"": ""1941"", ""credit"": ""ש. ע. פֿון יונה ראַדינאָוו.""}"
place:UPL-0203	place	דאָנבאַס					unmatched	attestation:unlinked	bio	
place:UPL-0204	place	וואָלדדאַרף מיידאַן					unmatched	attestation:unlinked	bio	
person:3518	person	דוב זאוואדזקי		people_db	3518	entry_person_id:P-5-facs_416_tr_1739222225	matched		bio	"{""entry_type"": ""composer"", ""volume"": ""5"", ""span"": ""4499-4499"", ""birth_date"": ""1888-06-22"", ""credit"": ""ש. ע.""}"
person:1814	person	לילי גאָלדבּערג	Lili Goldberg	people_db	1814	entry_person_id:P-5-facs_416_tr_1739222231	matched		bio	"{""entry_type"": ""performer"", ""volume"": ""5"", ""span"": ""4500-4500"", ""birth_date"": ""1912"", ""credit"": ""ש. ע. פֿון יונה ראַדינאָוו.""}"
person:3596	person	ישראל שטערן		people_db	3596	entry_person_id:P-5-facs_417_tr_1739222565	matched		bio	"{""entry_type"": ""writer"", ""volume"": ""5"", ""span"": ""862-4503"", ""birth_date"": ""1894-06""}"
person:3454	person	מ. פראַנקענטאַל (מרדכי-נח)		people_db	3454	entry_person_id:P-5-facs_418_tr_1739222210	matched		bio	"{""entry_type"": ""writer"", ""volume"": ""5"", ""span"": ""4504-4508"", ""birth_date"": ""1893"", ""death_date"": ""1943"", ""credit"": ""ש. ע. פֿון זלמן זילבערצווייג""}"
person:1731	person	ראָזאַ גאזעל (פאזניאק)	Roza Gazel	people_db	1731	entry_person_id:P-5-facs_421_r_8	matched		bio	"{""entry_type"": ""performer"", ""volume"": ""5"", ""span"": ""4509-4509"", ""credit"": ""ש. ע. פֿון מאיר מעלמאַן און משה אָפּענהיים.""}"
person:2648	person	שייע פּאַטלאַך	Shaye Petlakh	people_db	2648	entry_person_id:P-5-facs_421_tr_1739222373	matched		bio	"{""entry_type"": ""performer"", ""volume"": ""5"", ""span"": ""4510-4510"", ""credit"": ""ש. ע. פֿון יונה ראַדינאָוו.""}"
person:2181	person	נאַיע לאקערניק	Naya Lakernik	people_db	2181	entry_person_id:P-5-facs_421_tr_1739222376	matched		bio	"{""entry_type"": ""performer"", ""volume"": ""5"", ""span"": ""4510-4510"", ""birth_date"": ""1907"", ""credit"": ""ש. ע. פֿון יונה ראַדינאָוו.""}"
person:1244	person	אַננאַ בּעלאגאלאווסקאַ (חנה)	Anna Belegolovska	people_db	1244	entry_person_id:P-5-facs_421_tr_1739222380	matched		bio	"{""entry_type"": ""performer"", ""volume"": ""5"", ""span"": ""4510-4510"", ""birth_date"": ""1883"", ""credit"": ""ש. ע. פֿון מאַרק לייפציקער און יונה ראַדינאָוו.""}"
place:Q48766	place	באבי יאר	Babi Yar	wikidata_qid	Q48766	"{""kima_id"": """", ""lat"": """", ""lon"": """"}"	candidate		bio	
person:1707	person	הערש פרוימאַוויטש	Hersh Froymovitsh	people_db	1707	entry_person_id:P-5-facs_423_r_6	matched		bio	"{""entry_type"": ""director_regisseur"", ""volume"": ""5"", ""span"": ""4513-4513""}"
person:2810	person	נחום רובינשטיין	Nakhum Rubinshteyn	people_db	2810	entry_person_id:P-5-facs_423_r_4	matched		bio	"{""entry_type"": ""performer"", ""volume"": ""5"", ""span"": ""4513-4513""}"
person:2753	person	באָריס רייסקי	Boris Reyski	people_db	2753	entry_person_id:P-5-facs_423_r_3	matched		bio	"{""entry_type"": ""performer"", ""volume"": ""5"", ""span"": ""4513-4513"", ""death_date"": ""1941"", ""credit"": ""ש. ע. פֿון יונה ראַדינאָוו.""}"
place:Q156752	place	סומי	Sumy	wikidata_qid	Q156752	"{""kima_id"": ""9193"", ""lat"": """", ""lon"": """"}"	matched		bio	
place:UPL-0205	place	וואַסער-קלאָזעט					unmatched	attestation:unlinked	bio	
place:UPL-0206	place	נעבן אַ דורכגאַנג פֿון אַ באַן					unmatched	attestation:unlinked	bio	
person:1775	person	חיים גינזבּורג	Chaim Ginzburg	people_db	1775	entry_person_id:P-5-facs_431_tr_1739220740	matched		bio	"{""entry_type"": ""administrator"", ""volume"": ""5"", ""span"": ""4530-4530"", ""birth_date"": ""1908"", ""death_date"": ""1942-09"", ""credit"": ""ש. ע. פֿון יונה ראַדינאָוו.""}"
person:2917	person	יאַקאָוו שעכטמאַן	Yakov Shekhtman	people_db	2917	entry_person_id:P-5-facs_434_tr_1739221694	matched		bio	"{""entry_type"": ""other"", ""volume"": ""5"", ""span"": ""4536-4536"", ""birth_date"": ""1912"", ""death_date"": ""1942"", ""credit"": ""ש. ע. פֿון יונה ראַדינאָוו.""}"
place:Q4262636	place	דאַרף ליפּניקי	Lipniki	wikidata_qid	Q4262636	"{""kima_id"": """", ""lat"": """", ""lon"": """"}"	matched		bio	
person:3121	person	דאוויד טורעווסקי	David Turevski	people_db	3121	entry_person_id:P-5-facs_434_tr_1739221693	matched		bio	"{""entry_type"": ""other"", ""volume"": ""5"", ""span"": ""4536-4536"", ""birth_date"": ""1914"", ""death_date"": ""1943"", ""credit"": ""ש. ע. פֿון יונה ראַדינאָוו.""}"
place:Q161994	place	ראמען	Romny	wikidata_qid	Q161994	"{""kima_id"": ""442"", ""lat"": """", ""lon"": """"}"	matched		bio	
person:1493	person	שייע דייטש	Shaye Deytsh	people_db	1493	entry_person_id:P-5-facs_434_tr_1739221689	matched		bio	"{""entry_type"": ""performer"", ""volume"": ""5"", ""span"": ""4536-4536"", ""credit"": ""ש. ע. פֿון דוד ראַגאָוו.""}"
person:3514	person	מאיר ווינדער		people_db	3514	entry_person_id:P-5-facs_435_tr_1739222512	matched		bio	"{""entry_type"": ""administrator"", ""volume"": ""5"", ""span"": ""4537-4538"", ""birth_date"": ""1897"", ""credit"": ""מ. ע. פֿון משה שולווייס און ש. ע. פֿון דוד לעדערמאַן.""}"
person:2729	person	לייזער ראַכמאַנאָוו	Leyzer Rakhmanov	people_db	2729	entry_person_id:P-5-facs_438_tr_1739221804	matched		bio	"{""entry_type"": ""performer"", ""volume"": ""5"", ""span"": ""4544-4544"", ""birth_date"": ""1909"", ""death_date"": ""1941-10"", ""credit"": ""ש. ע. פֿון יונה ראַדינאָוו.""}"
person:1245	person	נחום בּעלעזאווסקי	Nachum Belezavski	people_db	1245	entry_person_id:P-5-facs_438_r_2	matched		bio	"{""entry_type"": ""composer"", ""volume"": ""5"", ""span"": ""4544-4544""}"
person_entry:P-5-facs_438_r_3	person	דאָווידאָוו, דאָוויד,		entry_person_id	P-5-facs_438_r_3		unmatched		bio	"{""entry_type"": ""performer"", ""volume"": ""5"", ""span"": ""4544-4544"", ""birth_date"": ""1914""}"
place:UPL-0207	place	ביי יאָר, אין קיעוו					unmatched	attestation:unlinked	bio	
person:3368	person	יאַקאָוו זעלדיטש	Yakov Zeldish	people_db	3368	entry_person_id:P-5-facs_438_r_4	matched		bio	"{""entry_type"": ""director_regisseur"", ""volume"": ""5"", ""span"": ""4544-4544""}"
person_entry:P-5-facs_438_r_16	person	בראדסקי		entry_person_id	P-5-facs_438_r_16		unmatched		bio	"{""entry_type"": ""performer"", ""volume"": ""5"", ""span"": ""4544-4544""}"
person:2761	person	רינסלער	Rinsler	people_db	2761	entry_person_id:P-5-facs_438_r_10	matched		bio	"{""entry_type"": ""performer"", ""volume"": ""5"", ""span"": ""4544-4544""}"
place:UPL-0208	place	זשמערינקער געטאָ					unmatched	attestation:unlinked	bio	
person:2186	person	שמעון לאַנדאַ	Simeon Landau	people_db	2186	entry_person_id:P-5-facs_438_r_15	matched		bio	"{""entry_type"": ""performer"", ""volume"": ""5"", ""span"": ""4544-4544""}"
person:2234	person	לעאָניד לעאָנאָוו	Leonid Leonov	people_db	2234	entry_person_id:P-5-facs_438_r_20	matched		bio	"{""entry_type"": ""performer"", ""volume"": ""5"", ""span"": ""4544-4544"", ""birth_date"": ""1920"", ""death_date"": ""1942""}"
person:3508	person	מאַניאַ דוליצקאיא		people_db	3508	entry_person_id:P-5-facs_438_r_22	matched		bio	"{""entry_type"": ""performer"", ""volume"": ""5"", ""span"": ""4544-4544"", ""birth_date"": ""1020~"", ""death_date"": ""1942""}"
person:2453	person	באָריס מיידעלמאַן	Boris Meydelman	people_db	2453	entry_person_id:P-5-facs_438_r_12	matched		bio	"{""entry_type"": ""performer"", ""volume"": ""5"", ""span"": ""4544-4544"", ""birth_date"": ""1916~"", ""death_date"": ""1942""}"
person:1866	person	הערשל גאָרדאָן	Hershl Gordon	people_db	1866	entry_person_id:P-5-facs_438_r_14	matched		bio	"{""entry_type"": ""performer"", ""volume"": ""5"", ""span"": ""4544-4544"", ""birth_date"": ""1912"", ""credit"": ""ש. ע. פֿון יונה דאַדינאָוו.""}"
person:1781	person	ישראל גלאַטשטיין	Israel Glatstein	people_db	1781	entry_person_id:P-5-facs_441_tr_1739220583	matched		bio	"{""entry_type"": ""composer"", ""volume"": ""5"", ""span"": ""4550-4550"", ""birth_date"": ""189"", ""credit"": ""מ. ע. פֿון יוליוס מילער.""}"
place:Q983735	place	גאָסטינין	Gostynin	wikidata_qid	Q983735	"{""kima_id"": ""18497"", ""lat"": """", ""lon"": """"}"	matched		bio	
person:2225	person	הערץ לייבאָוויטש	Herts Leibovitsh	people_db	2225	entry_person_id:P-5-facs_442_tr_1739222531	matched		bio	"{""entry_type"": ""administrator"", ""volume"": ""5"", ""span"": ""4551-4551"", ""death_date"": ""1943"", ""credit"": ""ש. ע. פֿון יונה ראַדינאָוו.""}"
place:Q104036	place	ווינדאָו	Ventspils	wikidata_qid	Q104036	"{""kima_id"": ""13372"", ""lat"": """", ""lon"": """"}"	matched		bio	
place:Q196479	place	סטאַראַיאַ רוסאַ	Staraya Russa	wikidata_qid	Q196479	"{""kima_id"": ""11652"", ""lat"": """", ""lon"": """"}"	matched		bio	
place:UPL-0209	place	מאַסן-קבר פֿון סאָוויעטישע קעמפער					unmatched	attestation:unlinked	bio	
person:1268	person	יעקב בערגאָלסקי ((גאָלדבערג))	Yakov Bergolski	people_db	1268	entry_person_id:P-5-facs_443_r_3	matched		bio	"{""entry_type"": ""performer"", ""volume"": ""5"", ""span"": ""4554-4554"", ""death_date"": ""1944"", ""credit"": ""מ. ע. פֿון ישראל סעגאַל, מרדכי הילסבערג, יהושע באָראָדאָוו און דאָראַ רובינאַ און ש. ע. פֿון יונה ראַדינאָוו.""}"
place:UPL-0210	place	אוקראינע					unmatched	no_attestation	bio	
place:UPL-0211	place	אַרבעטסלאַגער ה. ק. פּ.					unmatched	attestation:unlinked	bio	
person:2393	person	זכריה מאַרגאָלין	Zakhariah Margolin	people_db	2393	entry_person_id:P-5-facs_444_tr_1739222259	matched		bio	"{""entry_type"": ""director_regisseur"", ""volume"": ""5"", ""span"": ""4555-4555"", ""birth_date"": ""1893-12-31"", ""death_date"": ""1945"", ""credit"": ""ש. ע. פֿון ראובן רובינשטיין און ישראל קאָפּלאַן.""}"
place:Q640661	place	פּיאַסיכאַטקאָ	Piatykhatky	wikidata_qid	Q640661	"{""kima_id"": """", ""lat"": """", ""lon"": """"}"	matched		bio	
place:UPL-0212	place	בוכענוואָלד					unmatched	attestation:unlinked	bio	
person:3169	person	חיים ווייסבּיין	Chaim Vaysbeyn	people_db	3169	entry_person_id:P-5-facs_444_tr_1739222260	matched		bio	"{""entry_type"": ""musician"", ""volume"": ""5"", ""span"": ""4556-4556"", ""birth_date"": ""1881"", ""death_date"": ""1943"", ""credit"": ""ש. ע. פֿון יונה ראַדינאָוו און מ. ע. פֿון מאַקס פּערלמאַן.""}"
person:2415	person	שמואל מאַרוויל	Shmuel Marvil	people_db	2415	entry_person_id:P-5-facs_445_tr_1739221348	matched		bio	"{""entry_type"": ""writer"", ""volume"": ""5"", ""span"": ""4558-4558"", ""birth_date"": ""1906"", ""credit"": ""ש. ע. פֿון דוד ראַגאָוו.""}"
place:UPL-0213	place	אַ שטעטל ביי וואַרשע					unmatched	attestation:unlinked	bio	
person:2788	person	פעליא ראָטשטיין	Felia Rotshteyn	people_db	2788	entry_person_id:P-5-facs_446_r_2	matched		bio	"{""entry_type"": ""administrator"", ""volume"": ""5"", ""span"": ""4559-4559"", ""death_date"": ""1941-12"", ""credit"": ""ש. ע. פֿון יונה ראַדינאָוו.""}"
place:UPL-0214	place	תפיסה					unmatched	attestation:unlinked	bio	
person:3627	person	לייב לאַנדוי		people_db	3627	entry_person_id:P-5-facs_446_tr_1739220512	matched		bio	"{""entry_type"": ""performer"", ""volume"": ""5"", ""span"": ""485-4568"", ""birth_date"": ""1880~"", ""death_date"": ""1943""}"
person:2907	person	ישראל שאַיעוויטש	Israel Shayevitsh	people_db	2907	entry_person_id:P-5-facs_451_tr_1739220683	matched		bio	"{""entry_type"": ""composer"", ""volume"": ""5"", ""span"": ""4570-4570""}"
person:2922	person	דוד שערמאַן	David Sherman	people_db	2922	entry_person_id:P-5-facs_452_tr_1739221802	matched		bio	"{""entry_type"": ""performer"", ""volume"": ""5"", ""span"": ""4572-4573"", ""birth_date"": ""189"", ""credit"": ""ש. ע. פֿון זלמן זילבערצווייג.""}"
person:3541	person	אלחנן צייטלין		people_db	3541	entry_person_id:P-5-facs_453_tr_1739221401	matched		bio	"{""entry_type"": ""writer"", ""volume"": ""5"", ""span"": ""43-4586"", ""birth_date"": ""1902-03-15"", ""death_date"": ""1942-12-04"", ""credit"": ""ש. ע. פֿון זלמן זילבערצווייג.""}"
person:2717	person	מנהם-מענדל ראבין	Menachem-Mendl Rabin	people_db	2717	entry_person_id:P-5-facs_482_tr_1739221607	matched		bio	"{""entry_type"": ""performer"", ""volume"": ""5"", ""span"": ""4632-4633"", ""birth_date"": ""1896-07-08"", ""credit"": ""ש.ע""}"
place:Q9361	place	בישקעק	Bishkek	wikidata_qid	Q9361	"{""kima_id"": ""17989"", ""lat"": ""42.866667"", ""lon"": ""74.566667""}"	matched		bio	
place:UPL-0215	place	פֿרונזער בית עולם					unmatched	attestation:unlinked	bio	
person:1718	person	מרים גאכאנסקי (מינדע)	Miriam Gachanski	people_db	1718	entry_person_id:P-5-facs_483_tr_1739222529	matched		bio	"{""entry_type"": ""performer"", ""volume"": ""5"", ""span"": ""4634-4635""}"
place:Q997568	place	טולטשין	Tulchyn	wikidata_qid	Q997568	"{""kima_id"": """", ""lat"": """", ""lon"": """"}"	matched		bio	
person:2732	person	משה ראַן	Moshe Ran	people_db	2732	entry_person_id:P-5-facs_484_tr_1739220531	matched		bio	"{""entry_type"": ""director_regisseur"", ""volume"": ""5"", ""span"": ""4636-4636"", ""birth_date"": ""1903-05-01"", ""death_date"": ""1944-09-19"", ""credit"": ""ש. ע. פֿון לייזער ראַן.""}"
person:3374	person	לעוו זעווין	Lev Zevin	people_db	3374	entry_person_id:P-5-facs_484_r_5	matched		bio	"{""entry_type"": ""other"", ""volume"": ""5"", ""span"": ""4636-4636"", ""birth_date"": ""1901"", ""credit"": ""ש. ע. פֿון יונה ראַדינאָוו.""}"
person:2589	person	יעקב אַבאָזשאַנעק	Yakov Obozhanek	people_db	2589	entry_person_id:P-5-facs_508_tr_1739222134	matched		bio	"{""entry_type"": ""writer"", ""volume"": ""5"", ""span"": ""4683-4683"", ""birth_date"": ""1891"", ""death_date"": ""1943""}"
person:3098	person	דוד צעלערמייסטער	David Tselmeister	people_db	3098	entry_person_id:P-5-facs_508_tr_1739222135	matched		bio	"{""entry_type"": ""director_regisseur"", ""volume"": ""5"", ""span"": ""4684-4685"", ""birth_date"": ""1915"", ""credit"": ""מ. ע. פֿון גרישע ראָטשיין, העניעק ליטמאַן, נתן וואָלפֿאָוויטש און זלמן קאָלעשניקאָוו.""}"
person:3562	person	דניאל שאַפּיראָ		people_db	3562	entry_person_id:P-5-facs_529_tr_1739221773	matched		bio	"{""entry_type"": ""performer"", ""volume"": ""5"", ""span"": ""4726-4735"", ""birth_date"": ""1893-10-11"", ""death_date"": ""1939-09-26"", ""credit"": ""ש. ע.""}"
person:2806	person	מלך רובין	Melech Rubin	people_db	2806	entry_person_id:P-5-facs_534_tr_1739222534	matched		bio	"{""entry_type"": ""performer"", ""volume"": ""5"", ""span"": ""4736-4736"", ""birth_date"": ""1907~"", ""credit"": ""מ. ע. פֿון זון יעקב רובין און זלמן קאָלעשניקאָוו.""}"
place:UPL-0216	place	סלאָנימער געטאָ					unmatched	attestation:unlinked	bio	
person:2568	person	מייער ניקאָלאַיעווסקי	Meir Nikolayevski	people_db	2568	entry_person_id:P-5-facs_535_tr_1739222167	matched		bio	"{""entry_type"": ""director_regisseur"", ""volume"": ""5"", ""span"": ""4737-4737"", ""birth_date"": ""1908"", ""death_date"": ""1941-07"", ""credit"": ""ש. ע. פֿון יונה ראַדינאָוו.""}"
place:Q277861	place	פּאָד, גוב.	Podolia Governorate	wikidata_qid	Q277861	"{""kima_id"": """", ""lat"": """", ""lon"": """"}"	matched		bio	
person:2719	person	ליובא ראַבינאָוויטש	Lyuba Rabinovitsh	people_db	2719	entry_person_id:P-5-facs_535_tr_1739222178	matched		bio	"{""entry_type"": ""performer"", ""volume"": ""5"", ""span"": ""4738-4738"", ""birth_date"": ""1913"", ""death_date"": ""1941"", ""credit"": ""ש. ע. פֿון יונה ראַדינאָוו.""}"
person:3571	person	לייבּ שריפטזעצער		people_db	3571	entry_person_id:P-5-facs_535_tr_1739222170	matched		bio	"{""entry_type"": ""performer"", ""volume"": ""5"", ""span"": ""4738-4743"", ""birth_date"": ""1886-07-31""}"
person:2791	person	אברהם ראָזענבּערג	Avraham Rozenberg	people_db	2791	entry_person_id:P-5-facs_546_tr_1739220662	matched		bio	"{""entry_type"": ""performer"", ""volume"": ""5"", ""span"": ""4760-4760"", ""birth_date"": ""1914~"", ""death_date"": ""1942"", ""credit"": ""ש. ע. פֿון יונה ראַדינאָוו.""}"
person:2738	person	מאַניע ראַטנער	Manye Ratner	people_db	2738	entry_person_id:P-5-facs_546_tr_1739220658	matched		bio	"{""entry_type"": ""performer"", ""volume"": ""5"", ""span"": ""4760-4760"", ""birth_date"": ""1921~"", ""death_date"": ""1941"", ""credit"": ""ש. ע. פֿון יונה ראַדינאָוו.""}"
place:UPL-0217	place	אָדעסער קאַטאַקאָמבעס					unmatched	attestation:unlinked	bio	
person:2916	person	מאַנועל שעכטמאַן	Manuel Shekhtman	people_db	2916	entry_person_id:P-5-facs_547_tr_1739222026	matched		bio	"{""entry_type"": ""other"", ""volume"": ""5"", ""span"": ""4761-4761"", ""birth_date"": ""1900"", ""death_date"": ""1941-11"", ""credit"": ""ש. ע. פֿון יונה ראַדינאָוו.""}"
person:2111	person	לייזער כאסין	Leyzer Khasin	people_db	2111	entry_person_id:P-5-facs_547_tr_1739222018	matched		bio	"{""entry_type"": ""performer"", ""volume"": ""5"", ""span"": ""4761-4761"", ""birth_date"": ""1915"", ""death_date"": ""1941"", ""credit"": ""ש. ע. פֿון יונה ראַדינאָוו.""}"
person:3148	person	מישע וואַסערייך	Mishe Vasereykh	people_db	3148	entry_person_id:P-5-facs_547_tr_1739222033	matched		bio	"{""entry_type"": ""performer"", ""volume"": ""5"", ""span"": ""4761-4761"", ""birth_date"": ""1909"", ""death_date"": ""1941"", ""credit"": ""ש. ע. פֿון יונה ראַדינאָוו.""}"
place:UPL-0218	place	הינטער מאָסקווע					unmatched	attestation:unlinked	bio	
person:2167	person	זלמן קרוין (קרוינשטאט)	Zalmen Kroyn	people_db	2167	entry_person_id:P-5-facs_547_tr_1739222023	matched		bio	"{""entry_type"": ""performer"", ""volume"": ""5"", ""span"": ""4761-4761"", ""birth_date"": ""189X"", ""death_date"": ""1942/1943"", ""credit"": ""ש. ע. פֿון יוליאַן שוואַרץ און חיהלע אַש.""}"
place:UPL-0219	place	הינטער כאַרקאָוו					unmatched	attestation:unlinked	bio	
person:3422	person	זאָרין	[?] Zorin	people_db	3422	entry_person_id:P-5-facs_547_tr_1739222037	matched		bio	"{""entry_type"": ""performer"", ""volume"": ""5"", ""span"": ""4762-4762"", ""credit"": ""ש. ע. פֿון יונה ראַדינאָוו.""}"
person:1516	person	זכריה-אברהם דויבער	Zechariah-Avraham Doyber	people_db	1516	entry_person_id:P-5-facs_548_tr_1739220543	matched		bio	"{""entry_type"": ""writer"", ""volume"": ""5"", ""span"": ""4763-4763"", ""birth_date"": ""1893-04-23"", ""death_date"": ""1941"", ""credit"": ""ש. ע. און ש. ע. פֿון יוליאַן שוואַרץ.""}"
place:Q1343217	place	טשערעמאש טייך	Cheremosh River	wikidata_qid	Q1343217	"{""kima_id"": """", ""lat"": """", ""lon"": """"}"	candidate		bio	
person:2933	person	נחמיה שמאיען	Nekhemya Shmayen	people_db	2933	entry_person_id:P-5-facs_548_r_4	matched		bio	"{""entry_type"": ""performer"", ""volume"": ""5"", ""span"": ""4763-4763"", ""birth_date"": ""1907"", ""death_date"": ""1943""}"
place:UPL-0220	place	הינטער לוגאַנסק					unmatched	attestation:unlinked	bio	
person_entry:P-5-facs_548_r_5	person	ביעגון,		entry_person_id	P-5-facs_548_r_5		unmatched		bio	"{""entry_type"": ""performer"", ""volume"": ""5"", ""span"": ""4763-4763""}"
person:3021	person	סטארקעוויטש	Starkevitsh	people_db	3021	entry_person_id:P-5-facs_548_r_3	matched		bio	"{""entry_type"": ""other"", ""volume"": ""5"", ""span"": ""4763-4763""}"
person_entry:P-5-facs_548_r_10	person	ליכטענשטיין,		entry_person_id	P-5-facs_548_r_10		unmatched		bio	"{""entry_type"": ""director_regisseur"", ""volume"": ""5"", ""span"": ""4763-4763"", ""credit"": ""ש. ע. פֿון יונה ראַדינאָוו.""}"
person:3796	person	משה גערשענסאָן		people_db	3796	entry_person_id:P-5-facs_551_tr_1739221725	matched		bio	"{""entry_type"": ""writer"", ""volume"": ""5"", ""span"": ""4769-4779"", ""birth_date"": ""1903"", ""death_date"": ""1943-04-16"", ""credit"": ""ש. ע. פֿון אַנאַטאָל ווינאָגראַדאָוו, יונה ראַדינאָוו, הערשל ראָזען.""}"
place:Q872377	place	טשערניאַכאָוו	Cherniakhiv	wikidata_qid	Q872377	"{""kima_id"": """", ""lat"": """", ""lon"": """"}"	candidate		bio	
place:UPL-0221	place	קרימער ראַיאָן					unmatched	attestation:unlinked	bio	
person:1098	person	ציפע אַבּעלמאַן (צפּורה)	Tsipa Abelman	people_db	1098	entry_person_id:P-5-facs_557_tr_1739222011	matched		bio	"{""entry_type"": ""performer"", ""volume"": ""5"", ""span"": ""4781-4781"", ""credit"": ""מ. ע. פֿון י. פישעלעוויטש.""}"
person:1657	person	לובא פישער	Luba Fisher	people_db	1657	entry_person_id:P-5-facs_557_tr_1739222018	matched		bio	"{""entry_type"": ""performer"", ""volume"": ""5"", ""span"": ""4781-4781""}"
person:2355	person	סאָניאַ לודנער (קוריצקאַ)	Sonia Ludner	people_db	2355	entry_person_id:P-5-facs_558_r	matched		bio	"{""entry_type"": ""performer"", ""volume"": ""5"", ""span"": ""4783-4783"", ""birth_date"": ""1899"", ""death_date"": ""1943"", ""credit"": ""ש. ע. פֿון מאָלי לודנער לאַזאָר.""}"
person_entry:P-5-facs_558_tr_1739222068	person	זעלמאַן, לעאָן		entry_person_id	P-5-facs_558_tr_1739222068		unmatched		bio	"{""entry_type"": ""composer"", ""volume"": ""5"", ""span"": ""4783-4783"", ""birth_date"": ""1880-04"", ""credit"": ""מ. ע. פֿון זלמן קאָלעשניקאָוו.""}"
person_entry:P-5-facs_558_tr_1739222086	person	יידיש טעאַטער אין דער געטאָ פֿון פּיעטריקאָוו טריבונאַלני		entry_person_id	P-5-facs_558_tr_1739222086		unmatched		bio	"{""entry_type"": ""performer"", ""volume"": ""5"", ""span"": ""4784-4784"", ""credit"": ""ש. ע. פֿון דר. מיכאָל לובלינער.""}"
person:2832	person	ראָזאַ סאַנדלער	Rosa Sandler	people_db	2832	entry_person_id:P-5-facs_559_tr_1739222339	matched		bio	"{""entry_type"": ""performer"", ""volume"": ""5"", ""span"": ""4785-4785""}"
place:UPL-0222	place	אין די ווייסרוסישע וועלדער					unmatched	attestation:unlinked	bio	
person:3400	person	ביינוש זילבּערשטיין	Beynish Zilbershtayn	people_db	3400	entry_person_id:P-5-facs_560_tr_1739220854	matched		bio	"{""entry_type"": ""writer"", ""volume"": ""5"", ""span"": ""4787-4787"", ""birth_date"": ""1902"", ""death_date"": ""1942-11""}"
place:Q2597195	place	וואַמפּיעזשאָוו	Wampierzów	wikidata_qid	Q2597195	"{""kima_id"": """", ""lat"": """", ""lon"": """"}"	matched		bio	
person:2387	person	ישראל מארכעווקא	Israel Marchevka	people_db	2387	entry_person_id:P-5-facs_560_tr_1739220846	matched		bio	"{""entry_type"": ""performer"", ""volume"": ""5"", ""span"": ""4788-4788"", ""credit"": ""ש. ע. פֿון שוואַגער וואָלף אַבראַמאָוויטש.""}"
place:Q149059	place	ראַוואַ מאַזאָוויעצקאַ	Rawa Mazowiecka	wikidata_qid	Q149059	"{""kima_id"": ""15981"", ""lat"": """", ""lon"": """"}"	matched		bio	
person:2822	person	קלמן סאַלמאַן	Kalman Salman	people_db	2822	entry_person_id:P-5-facs_563_tr_1739221890	matched		bio	"{""entry_type"": ""other"", ""volume"": ""5"", ""span"": ""4794-4794"", ""death_date"": ""1942"", ""credit"": ""מ. ע. פֿון זלמן קאָלעשניקאָוו.""}"
person:1745	person	ישראל גערמאַן	Israel German	people_db	1745	entry_person_id:P-5-facs_563_tr_1739221876	matched		bio	"{""entry_type"": ""performer"", ""volume"": ""5"", ""span"": ""4794-4794"", ""credit"": ""ש. ע. פֿון יונה ראַדינאָוו און דוד ראַגאָוו.""}"
person:2177	person	מאָטעלע קוציק	Motele Kutsik	people_db	2177	entry_person_id:P-5-facs_564_tr_1739222472	matched		bio	"{""entry_type"": ""performer"", ""volume"": ""5"", ""span"": ""4795-4795"", ""birth_date"": ""1921"", ""credit"": ""ש. ע. פֿון נתן מינסקי.""}"
person:2081	person	זוניע קאַפלאַן	Zunye Kaplan	people_db	2081	entry_person_id:P-5-facs_564_r	matched		bio	"{""entry_type"": ""performer"", ""volume"": ""5"", ""span"": ""4795-4795"", ""credit"": ""ש. ע. פֿון יונה ראַדינאָוו.""}"
person:3502	person	שמואל-ניסן גאָדינער		people_db	3502	entry_person_id:P-5-facs_564_tr_1739222476	matched		bio	"{""entry_type"": ""writer"", ""volume"": ""5"", ""span"": ""4796-4801"", ""birth_date"": ""1893"", ""death_date"": ""1942""}"
place:Q576393	place	טעלעכאַן	Cieliachany	wikidata_qid	Q576393	"{""kima_id"": """", ""lat"": """", ""lon"": """"}"	candidate		bio	
place:UPL-0223	place	הינטערשטע ליניעם פֿון פֿראָנט					unmatched	attestation:unlinked	bio	
person:1943	person	משה גורוויטש	Moshe Gurvitsh	people_db	1943	entry_person_id:P-5-facs_568_tr_1739221634	matched		bio	"{""entry_type"": ""performer"", ""volume"": ""5"", ""span"": ""4803-4803"", ""birth_date"": ""1896"", ""credit"": ""ש. ע.""}"
place:Q51438	place	טשזשניקי	Czarnków	wikidata_qid	Q51438	"{""kima_id"": ""16093"", ""lat"": """", ""lon"": """"}"	candidate		bio	
person:1153	person	סאניא אמאטין (שרה גאלדבערג-לעווין)	Sonya Amatin	people_db	1153	entry_person_id:P-5-facs_568_r_2	matched		bio	"{""entry_type"": ""performer"", ""volume"": ""5"", ""span"": ""4804-4804"", ""birth_date"": ""1899-08-15""}"
person:2105	person	מאַניאַ קייזעראָוויטש (וואַרשילעווסקאַ)	Mania Keyzerovitsh	people_db	2105	entry_person_id:P-5-facs_569_r	matched		bio	"{""entry_type"": ""performer"", ""volume"": ""5"", ""span"": ""4805-4805"", ""birth_date"": ""1885"", ""credit"": ""ש. ע. פֿון דוד קייזעראָוויטש.""}"
person_entry:P-5-facs_569_r_4	person	באַרישעוו,		entry_person_id	P-5-facs_569_r_4		unmatched		bio	"{""entry_type"": ""other"", ""volume"": ""5"", ""span"": ""4806-4806""}"
person:2509	person	אברהם מאָס	Avraham Mos	people_db	2509	entry_person_id:P-5-facs_569_r_1	matched		bio	"{""entry_type"": ""director_regisseur"", ""volume"": ""5"", ""span"": ""4806-4806"", ""credit"": ""ש. ע. פֿון יונה ראַדינאָוו.""}"
place:UPL-0224	place	טאָרנע					unmatched	attestation:misresolved	bio	
person:2755	person	יעקב רייזפעדער	Yakov Reyzfeder	people_db	2755	entry_person_id:P-5-facs_586_tr_1739221921	matched		bio	"{""entry_type"": ""writer"", ""volume"": ""5"", ""span"": ""4840-4840"", ""birth_date"": ""1890-09-18""}"
person:2926	person	מאָניאַ שיין (מאַניאַ זאַבּורסקאַ)	Manya Sheyn	people_db	2926	entry_person_id:P-5-facs_586_r	matched		bio	"{""entry_type"": ""performer"", ""volume"": ""5"", ""span"": ""4840-4840"", ""credit"": ""ש. ע.""}"
person:2797	person	יעקב-חיים ראזענבּוים	Yakov Chaim Rozenboym	people_db	2797	entry_person_id:P-5-facs_587_tr_1739221101	matched		bio	"{""entry_type"": ""writer"", ""volume"": ""5"", ""span"": ""4841-4841"", ""birth_date"": ""1890-02-05"", ""death_date"": ""1942"", ""credit"": ""ש. ע. פֿון יונה ראַדינאָוו.""}"
place:Q148896	place	ראָזשישטש	Rozhyshche	wikidata_qid	Q148896	"{""kima_id"": ""12619"", ""lat"": """", ""lon"": """"}"	matched		bio	
place:Q35493	place	אלמאטיע	Almaty	wikidata_qid	Q35493	"{""kima_id"": ""7366"", ""lat"": """", ""lon"": """"}"	matched		bio	
person:2802	person	רעגינאַ ראָזענצווייג	Regina Rozentsvayg	people_db	2802	entry_person_id:P-5-facs_587_tr_1739221100	matched		bio	"{""entry_type"": ""performer"", ""volume"": ""5"", ""span"": ""4842-4842"", ""credit"": ""מ. ע. פֿון זלמן קאָלעשניקאָוו.""}"
person:3099	person	רינאַ צעלזאַר (זעליגסאָן)	Rina Tselzar	people_db	3099	entry_person_id:P-5-facs_588_r_2	matched		bio	"{""entry_type"": ""performer"", ""volume"": ""5"", ""span"": ""4844-4844"", ""credit"": ""ש. ע. פֿון מאַרק ראָזומני.""}"
person:1147	person	משה אַלטמאן	Moshe Altman	people_db	1147	entry_person_id:P-5-facs_588_r_3	matched		bio	"{""entry_type"": ""performer"", ""volume"": ""5"", ""span"": ""4844-4844"", ""credit"": ""ש. ע. פֿון יונה ראַדינאָוו.""}"
place:Q7835	place	קרים	Crimea	wikidata_qid	Q7835	"{""kima_id"": ""17099"", ""lat"": ""45.0"", ""lon"": ""34.0""}"	matched		bio	
person:1362	person	מאַליאַ בּארקאווסקא	Malya Borkovska	people_db	1362	entry_person_id:P-5-facs_589_tr_1739220590	matched		bio	"{""entry_type"": ""performer"", ""volume"": ""5"", ""span"": ""4845-4845"", ""credit"": ""ש. ע. פֿון יונה ראַדינאָוו.""}"
person:2113	person	משה כאטשעוואַצקי	Moshe Khatshevatsky	people_db	2113	entry_person_id:P-5-facs_589_tr_1739220603	matched		bio	"{""entry_type"": ""writer"", ""volume"": ""5"", ""span"": ""4845-4845"", ""birth_date"": ""1897-01-30"", ""death_date"": ""1943-12-17""}"
place:Q7248	place	בוקי	Bukittinggi	wikidata_qid	Q7248	"{""kima_id"": ""80407"", ""lat"": """", ""lon"": """"}"	candidate		bio	
person:3134	person	בערל וואַקסמאַן	Berl Vaksman	people_db	3134	entry_person_id:P-5-facs_589_tr_1739220595	matched		bio	"{""entry_type"": ""administrator"", ""volume"": ""5"", ""span"": ""4846-4846"", ""death_date"": ""1943"", ""credit"": ""ש. ע. פֿון יונה ראַדינאָוו.""}"
person:1582	person	מ.ב. עפּשטיין	M.B. Epstein	people_db	1582	entry_person_id:P-5-facs_589_tr_1739220611	matched		bio	"{""entry_type"": ""performer"", ""volume"": ""5"", ""span"": ""4846-4846"", ""death_date"": ""1943"", ""credit"": ""ש. ע. פֿון זיין פרוי פערשטענפעלד.""}"
person:1523	person	זשעניע דרייזין	Jennie Dreyzin	people_db	1523	entry_person_id:P-5-facs_589_r_6	matched		bio	"{""entry_type"": ""performer"", ""volume"": ""5"", ""span"": ""4846-4846"", ""birth_date"": ""1903"", ""credit"": ""ש. ע. פֿון יונה ראַדינאָוו.""}"
person:3152	person	שמואל וויינבּערג	Shmuel Vaynberg	people_db	3152	entry_person_id:P-5-facs_590_tr_1739222448	matched		bio	"{""entry_type"": ""composer"", ""volume"": ""5"", ""span"": ""4847-4847"", ""birth_date"": ""1882"", ""credit"": ""ש. ע.""}"
place:Q956132	place	לונינייץ	Luninyets	wikidata_qid	Q956132	"{""kima_id"": ""13800"", ""lat"": """", ""lon"": """"}"	matched		bio	
person:3101	person	איסאַק צעסין	Isak Tsesin	people_db	3101	entry_person_id:P-5-facs_590_r	matched		bio	"{""entry_type"": ""composer"", ""volume"": ""5"", ""span"": ""4848-4850"", ""credit"": ""ש. ע. פֿון יונה ראַדינאָוו.""}"
person:1331	person	מנחם בּליאַכאַר (מיטיע)	Menachem Bliacher	people_db	1331	entry_person_id:P-5-facs_592_r_4	matched		bio	"{""entry_type"": ""performer"", ""volume"": ""5"", ""span"": ""4851-4851""}"
place:UPL-0225	place	אויף דער אַרישער זייט					unmatched	attestation:unlinked	bio	
place:UPL-0226	place	ערגעץ אין פעלד					unmatched	attestation:unlinked	bio	
person:2894	person	געניאַ שאַפּיראָ	Genya Shapira	people_db	2894	entry_person_id:P-5-facs_592_tr_1739221199	matched		bio	"{""entry_type"": ""performer"", ""volume"": ""5"", ""span"": ""4851-4851"", ""credit"": ""ש. ע. פֿון דוד ראָגאָוו""}"
person_entry:P-5-facs_592_r_6	person	ספּיוואַק, איסאַק,		entry_person_id	P-5-facs_592_r_6		unmatched		bio	"{""entry_type"": ""performer"", ""volume"": ""5"", ""span"": ""4851-4851""}"
person:2961	person	איסאַק שוועץ	Isak Shvets	people_db	2961	entry_person_id:P-5-facs_592_r	matched		bio	"{""entry_type"": ""other"", ""volume"": ""5"", ""span"": ""4851-4851""}"
person:2166	person	עלקאַ קראַטשאַק	Elka Krotshak	people_db	2166	entry_person_id:P-5-facs_592_r_7	matched		bio	"{""entry_type"": ""performer"", ""volume"": ""5"", ""span"": ""4852-4852""}"
person:2762	person	מ. ריסקינד	M. Riskind	people_db	2762	entry_person_id:P-5-facs_592_r_9	matched		bio	"{""entry_type"": ""performer"", ""volume"": ""5"", ""span"": ""4852-4852""}"
person:1906	person	חנה גרינשטיין	Khana Grinshteyn	people_db	1906	entry_person_id:P-5-facs_592_r_10	matched		bio	"{""entry_type"": ""performer"", ""volume"": ""5"", ""span"": ""4852-4852""}"
person:1624	person	דאָראַ פיין	Dora Fein	people_db	1624	entry_person_id:P-5-facs_592_r_12	matched		bio	"{""entry_type"": ""performer"", ""volume"": ""5"", ""span"": ""4852-4852""}"
person:1338	person	מיראַ בּלויפאַרבּ	Mira Bloyfarb	people_db	1338	entry_person_id:P-5-facs_592_r_14	matched		bio	"{""entry_type"": ""performer"", ""volume"": ""5"", ""span"": ""4852-4852""}"
person_entry:P-5-facs_592_r_16	person	לעווין, אַברהם,		entry_person_id	P-5-facs_592_r_16		unmatched		bio	"{""entry_type"": ""performer"", ""volume"": ""5"", ""span"": ""4852-4852""}"
person:2953	person	ליובּאַ שובּ	Lyuba Shub	people_db	2953	entry_person_id:P-5-facs_592_r_18	matched		bio	"{""entry_type"": ""other"", ""volume"": ""5"", ""span"": ""4852-4852""}"
person:1799	person	גדליה גליוויצקי	Gedalya Glivitski	people_db	1799	entry_person_id:P-5-facs_592_r_20	matched		bio	"{""entry_type"": ""other"", ""volume"": ""5"", ""span"": ""4852-4852""}"
place:UPL-0227	place	דער דאָרטיקער געטאָ					unmatched	attestation:unlinked	bio	
person:2254	person	אַלטער לעווין	Alter Levin	people_db	2254	entry_person_id:P-5-facs_592_r_26	matched		bio	"{""entry_type"": ""performer"", ""volume"": ""5"", ""span"": ""4852-4852""}"
person_entry:P-5-facs_592_r_28	person	וואַראָבערטשיק,		entry_person_id	P-5-facs_592_r_28		unmatched		bio	"{""entry_type"": ""writer"", ""volume"": ""5"", ""span"": ""4852-4852""}"
person:2631	person	מישע פּאַוולאָציקי	Misha Pavlotsiki	people_db	2631	entry_person_id:P-5-facs_592_r_30	matched		bio	"{""entry_type"": ""performer"", ""volume"": ""5"", ""span"": ""4852-4852"", ""birth_date"": ""1913""}"
person:2357	person	לופט	Luft	people_db	2357	entry_person_id:P-5-facs_592_r_32	matched		bio	"{""entry_type"": ""director_regisseur"", ""volume"": ""5"", ""span"": ""4852-4852""}"
person:2041	person	איטקין	Itkin	people_db	2041	entry_person_id:P-5-facs_592_r_34	matched		bio	"{""entry_type"": ""performer"", ""volume"": ""5"", ""span"": ""4852-4852""}"
place:Q1882	place	לוואָווער געטאָ	berkelium	wikidata_qid	Q1882	"{""kima_id"": """", ""lat"": """", ""lon"": """"}"	candidate		bio	
person:3100	person	צעסאַרסקי	Tsesarski	people_db	3100	entry_person_id:P-5-facs_592_r_36	matched		bio	"{""entry_type"": ""performer"", ""volume"": ""5"", ""span"": ""4852-4852"", ""credit"": ""ש. ע. פֿון יונה ראַדינאָוו.""}"
person:3080	person	אַלעקסאַנדער טאָקמאַן	Aleksander Tokman	people_db	3080	entry_person_id:P-5-facs_593_tr_1739221040	matched		bio	"{""entry_type"": ""performer"", ""volume"": ""5"", ""span"": ""4853-4853"", ""death_date"": ""1941"", ""credit"": ""ש. ע. פֿון יונה ראַדינאָוו.""}"
person:3392	person	נאַאים זיגעל	Naum Zigel	people_db	3392	entry_person_id:P-5-facs_593_r_1	matched		bio	"{""entry_type"": ""administrator"", ""volume"": ""5"", ""span"": ""4853-4853"", ""death_date"": ""1942-01-14"", ""credit"": ""ש. ע. פֿון יונה ראַדינאָוו.""}"
person:2944	person	כ. שראגע	Kh. Shrage	people_db	2944	entry_person_id:P-5-facs_593_r_4	matched		bio	"{""entry_type"": ""director_regisseur"", ""volume"": ""5"", ""span"": ""4853-4853"", ""birth_date"": ""1915""}"
person_entry:P-5-facs_593_r_10	person	פידלעלמאַן,		entry_person_id	P-5-facs_593_r_10		unmatched		bio	"{""entry_type"": ""performer"", ""volume"": ""5"", ""span"": ""4853-4853""}"
place:UPL-0228	place	אויף אַ שייף					unmatched	attestation:unlinked	bio	
person_entry:P-5-facs_593_r_11	person	לייזענבערג,		entry_person_id	P-5-facs_593_r_11		unmatched		bio	"{""entry_type"": ""performer"", ""volume"": ""5"", ""span"": ""4853-4853""}"
person_entry:P-5-facs_593_r_12	person	קאַץ,		entry_person_id	P-5-facs_593_r_12		unmatched		bio	"{""entry_type"": ""director_regisseur"", ""volume"": ""5"", ""span"": ""4853-4853"", ""credit"": ""ש. ע. פֿון יונה ראַדינאָוו.""}"
person:1232	person	מישע בּאסין	Misha Basin	people_db	1232	entry_person_id:P-5-facs_593_tr_1739221042	matched		bio	"{""entry_type"": ""performer"", ""volume"": ""5"", ""span"": ""4854-4854"", ""birth_date"": ""1914"", ""credit"": ""ש. ע. פֿון יונה ראַדינאָוו.""}"
person_entry:P-5-facs_593_r_13	person	פֿויסטיילניק,		entry_person_id	P-5-facs_593_r_13		unmatched		bio	"{""entry_type"": ""performer"", ""volume"": ""5"", ""span"": ""4854-4854""}"
person:1905	person	ישראל גרינשפּון	Israel Grinshpun	people_db	1905	entry_person_id:P-5-facs_593_r_14	matched		bio	"{""entry_type"": ""performer"", ""volume"": ""5"", ""span"": ""4854-4854"", ""death_date"": ""1941""}"
person_entry:P-5-facs_593_r_15	person	ספּיוואַק, איסאַק,		entry_person_id	P-5-facs_593_r_15		unmatched		bio	"{""entry_type"": ""performer"", ""volume"": ""5"", ""span"": ""4854-4854""}"
person:1191	person	כ. אָסטראָווסקי	Kh. Astrovsky	people_db	1191	entry_person_id:P-5-facs_593_r_16	matched		bio	"{""entry_type"": ""performer"", ""volume"": ""5"", ""span"": ""4854-4854""}"
person:3087	person	צאַליק טרעגער	Tsalik Treger	people_db	3087	entry_person_id:P-5-facs_593_r_17	matched		bio	"{""entry_type"": ""performer"", ""volume"": ""5"", ""span"": ""4854-4854"", ""birth_date"": ""1913""}"
person:3049	person	כ. טאמארקין	Kh. Tamarkin	people_db	3049	entry_person_id:P-5-facs_593_r_22	matched		bio	"{""entry_type"": ""performer"", ""volume"": ""5"", ""span"": ""4854-4854"", ""birth_date"": ""1915"", ""death_date"": ""1941""}"
person:2484	person	איזי מינעוויץ	Izzy Minevits	people_db	2484	entry_person_id:P-5-facs_593_r_24	matched		bio	"{""entry_type"": ""performer"", ""volume"": ""5"", ""span"": ""4854-4854"", ""birth_date"": ""1913""}"
person:2086	person	מישע קאַרלאָס	Misha Karlos	people_db	2086	entry_person_id:P-5-facs_593_r_26	matched		bio	"{""entry_type"": ""performer"", ""volume"": ""5"", ""span"": ""4854-4854""}"
person:2997	person	פאַניאַ סלאַווינא	Fanya Slavina	people_db	2997	entry_person_id:P-5-facs_593_r_34	matched		bio	"{""entry_type"": ""performer"", ""volume"": ""5"", ""span"": ""4854-4854""}"
place:Q579736	place	מאָלינע	Moline	wikidata_qid	Q579736	"{""kima_id"": ""75148"", ""lat"": """", ""lon"": """"}"	matched		bio	
person:1738	person	אידאַ געלפאַנד	Ida Gelfand	people_db	1738	entry_person_id:P-5-facs_593_r_36	matched		bio	"{""entry_type"": ""performer"", ""volume"": ""5"", ""span"": ""4854-4854"", ""credit"": ""ש. ע. פֿון יונה ראַדינאָוו.""}"
person_entry:P-5-facs_595_r_18	person	אונדזערע בויער		entry_person_id	P-5-facs_595_r_18		unmatched		bio	"{""volume"": ""5"", ""span"": ""2-2""}"
person_entry:P-5-facs_595_r	person	סעם ווישניאַק		entry_person_id	P-5-facs_595_r		unmatched		bio	"{""entry_type"": ""other"", ""volume"": ""5"", ""span"": ""2-2""}"
person_entry:P-5-facs_595_tr_1739220497	person	די צבי קעסעל-פּרעמיע פֿאַר יידישער ליטעראַטור		entry_person_id	P-5-facs_595_tr_1739220497		unmatched		bio	"{""entry_type"": ""other"", ""volume"": ""5"", ""span"": ""2-2"", ""birth_date"": ""1947""}"
person:569	person	שלמה גבריאל ראזענטאל	Solomon Gabriel Rozenthal	people_db	569	entry_person_id:P-5-facs_596_r	matched		bio	"{""entry_type"": ""administrator"", ""volume"": ""5"", ""span"": ""2-2"", ""birth_date"": ""1893-09-10""}"
place:Q693738	place	דאַמבראָוואַ	Dąbrowa	wikidata_qid	Q693738	"{""kima_id"": """", ""lat"": """", ""lon"": """"}"	candidate		bio	
person_entry:P-5-facs_597_tr_1739222302	person	בנימין קוריאָן		entry_person_id	P-5-facs_597_tr_1739222302		unmatched		bio	"{""entry_type"": ""other"", ""volume"": ""5"", ""span"": ""10-10"", ""death_date"": ""1957-10-30""}"
person_entry:P-5-facs_597_r	person	מאַקס ברעסלאָו		entry_person_id	P-5-facs_597_r		unmatched		bio	"{""entry_type"": ""administrator"", ""volume"": ""5"", ""span"": ""10-10"", ""death_date"": ""1966-02-15""}"
place:Q201516	place	מימי ביעטש	Miami Beach	wikidata_qid	Q201516	"{""kima_id"": ""71460"", ""lat"": ""25.813889"", ""lon"": ""-80.132500""}"	matched		bio	
person_entry:P-5-facs_597_tr_1739222301	person	סעם גוטלין		entry_person_id	P-5-facs_597_tr_1739222301		unmatched		bio	"{""entry_type"": ""performer"", ""volume"": ""5"", ""span"": ""10-10"", ""death_date"": ""1955-09-10""}"
place:UPL-0229	place	צאַרישע רוסלאַנד					unmatched	attestation:unlinked	bio	
person_entry:P-5-facs_598_tr_1739222545	person	דר מייקל סאַסין		entry_person_id	P-5-facs_598_tr_1739222545		unmatched		bio	"{""entry_type"": ""administrator"", ""volume"": ""5"", ""span"": ""10-10""}"
place:Q16	place	קאנאדע	Canada	wikidata_qid	Q16	"{""kima_id"": ""6476"", ""lat"": """", ""lon"": """"}"	matched		bio	
person_entry:P-5-facs_598_tr_1739222546	person	פעי (פֿייגע) גענדעל		entry_person_id	P-5-facs_598_tr_1739222546		unmatched		bio	"{""entry_type"": ""other"", ""volume"": ""5"", ""span"": ""10-10"", ""death_date"": ""1964-04-25""}"
person_entry:P-5-facs_602_r	person	יצחק (אוירווינג) נידאָרף		entry_person_id	P-5-facs_602_r		unmatched		bio	"{""entry_type"": ""administrator"", ""volume"": ""5"", ""span"": ""10-10"", ""birth_date"": ""1905-07-25""}"
place:Q537928	place	בערלינעץ	Berlinți	wikidata_qid	Q537928	"{""kima_id"": """", ""lat"": """", ""lon"": """"}"	matched		bio	
person_entry:P-5-facs_602_tr_1739222225	person	האָפמאַן אַברהם		entry_person_id	P-5-facs_602_tr_1739222225		unmatched		bio	"{""entry_type"": ""director_regisseur"", ""volume"": ""5"", ""span"": ""10-10""}"
place:Q611784	place	וולאַשטשאווא	Włoszczowa	wikidata_qid	Q611784	"{""kima_id"": ""17474"", ""lat"": """", ""lon"": """"}"	matched		bio	
person_entry:P-5-facs_603_r	person	יצחק און שרה רעכטשייד (רעכטצייט)		entry_person_id	P-5-facs_603_r		unmatched		bio	"{""entry_type"": ""musician"", ""volume"": ""5"", ""span"": ""10-10"", ""death_date"": ""1950""}"
place:Q391461	place	גריצע	Grójec	wikidata_qid	Q391461	"{""kima_id"": ""78155"", ""lat"": """", ""lon"": """"}"	candidate		bio	
person_entry:P-5-facs_604_tr_1739220749	person	חיהלע אָש (פֿורמאַן)		entry_person_id	P-5-facs_604_tr_1739220749		unmatched		bio	"{""entry_type"": ""performer"", ""volume"": ""5"", ""span"": ""13-13"", ""birth_date"": ""1920""}"
person_entry:P-5-facs_605_r	person	זעליג סלאָבאָדניק		entry_person_id	P-5-facs_605_r		unmatched		bio	"{""entry_type"": ""administrator"", ""volume"": ""5"", ""span"": ""13-13""}"
place:UPL-0230	place	נעזשניווקע					unmatched	attestation:unlinked	bio	
person_entry:P-5-facs_606_r_165	person	קערי האָדעם		entry_person_id	P-5-facs_606_r_165		unmatched		bio	"{""entry_type"": ""performer"", ""volume"": ""5"", ""span"": ""13-13"", ""birth_date"": ""1930-12-10""}"
person_entry:P-5-facs_607_tr_1739222280	person	קולטור-דעפּאַרטאַמענט ביי דער אַשכנזישער קהלה אין מעקסיקע		entry_person_id	P-5-facs_607_tr_1739222280		unmatched		bio	"{""entry_type"": ""group"", ""volume"": ""5"", ""span"": ""13-13"", ""birth_date"": ""1957""}"
person_entry:P-5-facs_607_tr_1739222283	person	בערנאַרד פֿייטעק		entry_person_id	P-5-facs_607_tr_1739222283		unmatched		bio	"{""entry_type"": ""administrator"", ""volume"": ""5"", ""span"": ""14-14"", ""birth_date"": ""1920""}"
person_entry:P-5-facs_608_r_137	person	נחמן זיידענוועבער		entry_person_id	P-5-facs_608_r_137		unmatched		bio	"{""entry_type"": ""administrator"", ""volume"": ""5"", ""span"": ""14-14"", ""death_date"": ""1965-08-25""}"
place:Q96	place	מעקסיקא	Mexico	wikidata_qid	Q96	"{""kima_id"": ""9063"", ""lat"": """", ""lon"": """"}"	matched		bio	
person_entry:P-5-facs_609_r_249	person	רוכטשע קאָרן		entry_person_id	P-5-facs_609_r_249		unmatched		bio	"{""entry_type"": ""other"", ""volume"": ""5"", ""span"": ""15-15"", ""birth_date"": ""1895""}"
place:Q1579038	place	נאָשעלסק	Nasielsk	wikidata_qid	Q1579038	"{""kima_id"": ""34"", ""lat"": ""52.589722"", ""lon"": ""20.804167""}"	matched		bio	
person_entry:P-5-facs_609_r	person	מאַלי טראָי		entry_person_id	P-5-facs_609_r		unmatched		bio	"{""entry_type"": ""other"", ""volume"": ""5"", ""span"": ""16-16""}"
person_entry:P-5-facs_610_r_262	person	מאָריס און מאַניאַ פֿאַרבער		entry_person_id	P-5-facs_610_r_262		unmatched		bio	"{""entry_type"": ""other"", ""volume"": ""5"", ""span"": ""16-16""}"
person_entry:P-5-facs_610_r_145	person	משה מאָרגענשטערן		entry_person_id	P-5-facs_610_r_145		unmatched		bio	"{""entry_type"": ""performer"", ""volume"": ""5"", ""span"": ""16-16""}"
place:Q260320	place	שטייער	Steyr	wikidata_qid	Q260320	"{""kima_id"": ""8268"", ""lat"": """", ""lon"": """"}"	matched		bio	
person_entry:P-5-facs_610_tr_1739221773	person	וועלט-פֿאַרבאַנד פֿון בערגען-בעלזען		entry_person_id	P-5-facs_610_tr_1739221773		unmatched		bio	"{""entry_type"": ""administrator"", ""volume"": ""5"", ""span"": ""17-17""}"
person_entry:P-5-facs_614_r_2	person	געניאַ (באָיאַרסקאָ) לובינסקי		entry_person_id	P-5-facs_614_r_2		unmatched		bio	"{""volume"": ""5"", ""span"": ""23-23""}"
person_entry:P-5-facs_615_r_516	person	הענרי סאַלאָמאַן		entry_person_id	P-5-facs_615_r_516		unmatched		bio	"{""entry_type"": ""musician"", ""volume"": ""5"", ""span"": ""23-23"", ""birth_date"": ""1901-04-12"", ""death_date"": ""1942-08-11""}"
person_entry:P-5-facs_615_r_1	person	לייב ראוואַ		entry_person_id	P-5-facs_615_r_1		unmatched		bio	"{""entry_type"": ""other"", ""volume"": ""5"", ""span"": ""23-23""}"
person_entry:P-5-facs_615_r_5	person	וויערא וייס		entry_person_id	P-5-facs_615_r_5		unmatched		bio	"{""volume"": ""5"", ""span"": ""23-23""}"
person_entry:P-5-facs_615_r_7	person	דוב בעריש סאָכאַטשעווסקי		entry_person_id	P-5-facs_615_r_7		unmatched		bio	"{""entry_type"": ""other"", ""volume"": ""5"", ""span"": ""23-23"", ""death_date"": ""1929""}"
place:Q928392	place	שערפּץ	Sierpc	wikidata_qid	Q928392	"{""kima_id"": ""16554"", ""lat"": """", ""lon"": """"}"	matched		bio	
person_entry:P-5-facs_615_tr_1739221651	person	חיה ליבע סאָכאַטשעווסקי		entry_person_id	P-5-facs_615_tr_1739221651		unmatched		bio	"{""entry_type"": ""other"", ""volume"": ""5"", ""span"": ""23-23""}"
person_entry:P-5-facs_615_r_6	person	מרדכי יוסף סאָכאַטשעווסקי		entry_person_id	P-5-facs_615_r_6		unmatched		bio	"{""entry_type"": ""other"", ""volume"": ""5"", ""span"": ""23-23""}"
place:UPL-0231	place	דער וואַרשעווער געטאָ					unmatched	attestation:unlinked	bio	
person_entry:P-5-facs_615_r_10	person	רבקה סאָכאַטשעווסקי		entry_person_id	P-5-facs_615_r_10		unmatched		bio	"{""volume"": ""5"", ""span"": ""23-23""}"
person_entry:P-5-facs_615_r_11	person	מרים סאַכאַטשעווסקי		entry_person_id	P-5-facs_615_r_11		unmatched		bio	"{""entry_type"": ""other"", ""volume"": ""5"", ""span"": ""23-23""}"
person_entry:P-5-facs_616_r	person	בעלאַ פֿיינמאַן		entry_person_id	P-5-facs_616_r		unmatched		bio	"{""entry_type"": ""other"", ""volume"": ""5"", ""span"": ""23-23""}"
person_entry:P-5-facs_617_r_9	person	ייהודית מרים שייווער מאַרקאָוויטש		entry_person_id	P-5-facs_617_r_9		unmatched		bio	"{""entry_type"": ""other"", ""volume"": ""5"", ""span"": ""23-23""}"
person_entry:P-5-facs_617_r_221	person	רחל ווינציגסטער		entry_person_id	P-5-facs_617_r_221		unmatched		bio	"{""entry_type"": ""other"", ""volume"": ""5"", ""span"": ""23-23"", ""birth_date"": ""1897"", ""death_date"": ""1942-10""}"
place:UPL-0232	place	בעל[זשיץ					unmatched	attestation:unlinked	bio	
person_entry:P-5-facs_617_r_315	person	בענאַ ווינציגסטער		entry_person_id	P-5-facs_617_r_315		unmatched		bio	"{""entry_type"": ""other"", ""volume"": ""5"", ""span"": ""23-23""}"
person_entry:P-5-facs_617_tr_1739221429	person	חיים ווינטשעסטער		entry_person_id	P-5-facs_617_tr_1739221429		unmatched		bio	"{""volume"": ""5"", ""span"": ""23-23""}"
person_entry:P-5-facs_617_tr_1739221426	person	חיים-ברוך ווישאָגראָד		entry_person_id	P-5-facs_617_tr_1739221426		unmatched		bio	"{""entry_type"": ""musician"", ""volume"": ""5"", ""span"": ""23-23"", ""birth_date"": ""1885-12""}"
person_entry:P-5-facs_617_r	person	חנה ספּעקטאָר		entry_person_id	P-5-facs_617_r		unmatched		bio	"{""volume"": ""5"", ""span"": ""24-24""}"
person_entry:P-5-facs_617_r_1	person	אָסקאַר גאָרין		entry_person_id	P-5-facs_617_r_1		unmatched		bio	"{""entry_type"": ""group"", ""volume"": ""5"", ""span"": ""24-24""}"
person_entry:P-5-facs_617_r_3	person	שושנה ספעקטאָר-גרינבערג		entry_person_id	P-5-facs_617_r_3		unmatched		bio	"{""entry_type"": ""other"", ""volume"": ""5"", ""span"": ""24-24""}"
person_entry:P-5-facs_617_r_6	person	רודאַ פּשיסוואַ		entry_person_id	P-5-facs_617_r_6		unmatched		bio	"{""entry_type"": ""other"", ""volume"": ""5"", ""span"": ""24-24""}"
person_entry:P-5-facs_617_r_8	person	יחזקאָל קרייסטאָל		entry_person_id	P-5-facs_617_r_8		unmatched		bio	"{""entry_type"": ""administrator"", ""volume"": ""5"", ""span"": ""24-24"", ""death_date"": ""1942""}"
person_entry:P-5-facs_618_tr_1739221549	person	אהרן יעקב האַנס		entry_person_id	P-5-facs_618_tr_1739221549		unmatched		bio	"{""entry_type"": ""performer"", ""volume"": ""5"", ""span"": ""24-24"", ""death_date"": ""1963""}"
place:UPL-0233	place	איכנאָוו					unmatched	attestation:unlinked	bio	
person_entry:P-5-facs_618_r_9	person	ראַוז און מענדל קראוט		entry_person_id	P-5-facs_618_r_9		unmatched		bio	"{""volume"": ""5"", ""span"": ""24-24""}"
person_entry:P-5-facs_618_r_11	person	מאָריס און ען טרייבער		entry_person_id	P-5-facs_618_r_11		unmatched		bio	"{""volume"": ""5"", ""span"": ""24-24""}"
person_entry:P-5-facs_618_r_10	person	זיין קוזיין מעקס קרעימאַרז		entry_person_id	P-5-facs_618_r_10		unmatched		bio	"{""volume"": ""5"", ""span"": ""24-24""}"
person_entry:P-5-facs_618_r_12	person	משה און נינאַ אַסטער		entry_person_id	P-5-facs_618_r_12		unmatched		bio	"{""volume"": ""5"", ""span"": ""24-24""}"
person_entry:P-5-facs_618_r_13	person	משה און סאָניאַ שיין		entry_person_id	P-5-facs_618_r_13		unmatched		bio	"{""volume"": ""5"", ""span"": ""24-24""}"
person_entry:P-5-facs_618_r_14	person	חיים אַסטער		entry_person_id	P-5-facs_618_r_14		unmatched		bio	"{""volume"": ""5"", ""span"": ""24-24""}"
person_entry:P-5-facs_618_r_15	person	איוואַ ביילאָוויץ		entry_person_id	P-5-facs_618_r_15		unmatched		bio	"{""volume"": ""5"", ""span"": ""24-24""}"
person_entry:P-5-facs_618_r_16	person	ען ווייסדאַרף		entry_person_id	P-5-facs_618_r_16		unmatched		bio	"{""volume"": ""5"", ""span"": ""24-24""}"
person_entry:P-5-facs_618_r_17	person	מר. און מרס סוסמאַן		entry_person_id	P-5-facs_618_r_17		unmatched		bio	"{""volume"": ""5"", ""span"": ""24-24""}"
person_entry:P-5-facs_618_r_18	person	וויליאַם גאָלד און פאַמיליע		entry_person_id	P-5-facs_618_r_18		unmatched		bio	"{""volume"": ""5"", ""span"": ""24-24""}"
person:1530	person	פאַולין ווהייטמאַן	Yudel Dubinsky	people_db	1530	entry_person_id:P-5-facs_618_r_19	matched		bio	"{""volume"": ""5"", ""span"": ""24-24""}"
person_entry:P-5-facs_618_r_20	person	משה וואָלקאָוויץ		entry_person_id	P-5-facs_618_r_20		unmatched		bio	"{""volume"": ""5"", ""span"": ""24-24""}"
person_entry:P-5-facs_618_r_21	person	אסתר קרעימער		entry_person_id	P-5-facs_618_r_21		unmatched		bio	"{""volume"": ""5"", ""span"": ""24-24""}"
person_entry:P-5-facs_618_r_22	person	משה און לאָטי טאַמרעז		entry_person_id	P-5-facs_618_r_22		unmatched		bio	"{""volume"": ""5"", ""span"": ""24-24""}"
person_entry:P-5-facs_618_r_24	person	מר. און מרס. שעהנהאַלץ		entry_person_id	P-5-facs_618_r_24		unmatched		bio	"{""entry_type"": ""other"", ""volume"": ""5"", ""span"": ""24-24""}"
person_entry:P-5-facs_618_r_2	person	מאַן און קינדער		entry_person_id	P-5-facs_618_r_2		unmatched		bio	"{""volume"": ""5"", ""span"": ""25-25""}"
person_entry:P-5-facs_618_r_1	person	מאַלי שטערן		entry_person_id	P-5-facs_618_r_1		unmatched		bio	"{""entry_type"": ""other"", ""volume"": ""5"", ""span"": ""25-25""}"
person_entry:P-5-facs_618_r_4	person	נאָך אַננאַ (חנה) טיליס		entry_person_id	P-5-facs_618_r_4		unmatched		bio	"{""entry_type"": ""other"", ""volume"": ""5"", ""span"": ""25-25""}"
place:Q25409	place	קאשוי	Košice	wikidata_qid	Q25409	"{""kima_id"": ""393"", ""lat"": """", ""lon"": """"}"	candidate		bio	
person_entry:P-5-facs_618_tr_1739221557	person	מעלווין טיליס		entry_person_id	P-5-facs_618_tr_1739221557		unmatched		bio	"{""volume"": ""5"", ""span"": ""25-25""}"
person_entry:P-5-facs_618_tr_1739221558	person	שמעון רוסאַטאַ		entry_person_id	P-5-facs_618_tr_1739221558		unmatched		bio	"{""entry_type"": ""writer"", ""volume"": ""5"", ""span"": ""25-27"", ""death_date"": ""1936""}"
place:UPL-0234	place	תל-ביב					unmatched	attestation:unlinked	bio	
place:UPL-0235	place	אַלטן בית עולם					unmatched	attestation:unlinked	bio	
person:3511	person	בערנאַרד האַרט (בּער)		people_db	3511	entry_person_id:P-5-facs_83_tr_1733059382	matched		bio	"{""entry_type"": ""director_regisseur"", ""volume"": ""5"", ""span"": ""3833-3838""}"
place:Q158821	place	דראהביטש	Drohobych	wikidata_qid	Q158821	"{""kima_id"": ""977"", ""lat"": ""54.915"", ""lon"": ""33.29722""}"	matched		bio	
place:UPL-0236	place	בית עלמין					unmatched	attestation:unlinked	bio	
person:814	person	לואיס צוויבעל	Louis Zwiebel	people_db	814	entry_person_id:P-6-facs_18_tr_1747746220	matched		bio	"{""entry_type"": ""other"", ""volume"": ""6"", ""span"": ""4869-4869"", ""birth_date"": ""1862"", ""death_date"": ""1907"", ""credit"": ""מ. ע. פֿון זיין פרוי פֿרידאַ און טאָכטער עלאַ זיבעל, שלום פּערלמוטער און איציק גאָלדענבורג.""}"
place:Q639839	place	פּעריאָסלאָוו	Pereiaslav	wikidata_qid	Q639839	"{""kima_id"": """", ""lat"": """", ""lon"": """"}"	matched		bio	
place:UPL-0237	place	ריווערסייד דרייוו בית עולם					unmatched	attestation:unlinked	bio	
person:2191	person	יוסף לאנדיס	Joseph Landis	people_db	2191	entry_person_id:P-6-facs_19_tr_1747746114	matched		bio	"{""entry_type"": ""writer"", ""volume"": ""6"", ""span"": ""4871-4871"", ""birth_date"": ""1917-08-24"", ""credit"": ""ש. ע.""}"
person:2082	person	אַניע קאַפּוסטין	Anya Kapustin	people_db	2082	entry_person_id:P-6-facs_19_tr_1747746117	matched		bio	"{""entry_type"": ""performer"", ""volume"": ""6"", ""span"": ""4871-4871""}"
person:1208	person	נייטען אייזיקאָוויטש (נטע)	Nathan Ayzikovitsh	people_db	1208	entry_person_id:P-6-facs_19_tr_1747746110	matched		bio	"{""entry_type"": ""performer"", ""volume"": ""6"", ""span"": ""4872-4872"", ""birth_date"": ""1875-08-03"", ""death_date"": ""1939-06"", ""credit"": ""מ. ע.""}"
place:Q985366	place	וולאַדיסלאַוואָוו	Władysławów	wikidata_qid	Q985366	"{""kima_id"": """", ""lat"": """", ""lon"": """"}"	matched		bio	
person:1200	person	נחום אויסלענדער	Nahum Auslander	people_db	1200	entry_person_id:P-6-facs_20_tr_1747746136	matched		bio	"{""entry_type"": ""writer"", ""volume"": ""6"", ""span"": ""4873-4875"", ""birth_date"": ""1893-12-13"", ""death_date"": ""1962-09-28"", ""credit"": ""ש. ע. פֿון זלמן זילבערצווייג""}"
place:Q4498775	place	חאדארקוב	Khodorkiv	wikidata_qid	Q4498775	"{""kima_id"": ""26098"", ""lat"": """", ""lon"": """"}"	matched		bio	
person:1120	person	היימאַן אַדלער (בּאַרטפעלד)	Hyman Adler	people_db	1120	entry_person_id:P-6-facs_21_r_2	matched		bio	"{""entry_type"": ""performer"", ""volume"": ""6"", ""span"": ""4876-4876"", ""birth_date"": ""1886"", ""credit"": ""מ. ע. פֿון יעקב שאַרגעל און טשאַרלי קאָהען און ש. ע. פֿון שלום פּערלמוטער.""}"
person:1608	person	מרדכי אייזענשטאַט	Mordechai Eyzenshtat	people_db	1608	entry_person_id:P-6-facs_21_tr_1747746221	matched		bio	"{""entry_type"": ""performer"", ""volume"": ""6"", ""span"": ""4876-4876"", ""credit"": ""ש. ע. פֿון יחזקאָל קאָנהענדלער.""}"
place:Q30007807	place	לאזדיי געטא	Lazdijai Ghetto	wikidata_qid	Q30007807	"{""kima_id"": """", ""lat"": """", ""lon"": """"}"	matched		bio	
place:Q99	place	קאליפארניע	California	wikidata_qid	Q99	"{""kima_id"": ""7652"", ""lat"": ""37.0"", ""lon"": ""-120.0""}"	matched		bio	
person:1161	person	ריוואַ אַנציפּאָוויטש	Riva Antsipovitsh	people_db	1161	entry_person_id:P-6-facs_24_tr_1747746131	matched		bio	"{""entry_type"": ""performer"", ""volume"": ""6"", ""span"": ""4881-4881"", ""birth_date"": ""1870-06-06"", ""credit"": ""ש. ע. פֿון מאַרק לייפציקער און מ. ע. פֿון כיענע בראַגינסקאַ.""}"
place:UPL-0238	place	דאָרף זשוקי					unmatched	attestation:unlinked	bio	
person:3456	person	טאָטשיא אַרצישעווסקאַ (ליפסקי, קראַטקאַ)		people_db	3456	entry_person_id:P-6-facs_24_r_2	matched		bio	"{""entry_type"": ""performer"", ""volume"": ""6"", ""span"": ""4882-4888"", ""death_date"": ""1962-01"", ""credit"": ""ש. ע. פֿון מיכאל מילבערגער.""}"
person:1303	person	ל.ס. בּיעלי (אליהו, לואיס)	L.S. Biely	people_db	1303	entry_person_id:P-6-facs_28_r_73	matched		bio	"{""entry_type"": ""writer"", ""volume"": ""6"", ""span"": ""4889-4889"", ""birth_date"": ""1889-07-12"", ""credit"": ""ש. ע.""}"
place:Q4089653	place	באָגאָפּאָליע		wikidata_qid	Q4089653	"{""kima_id"": """", ""lat"": """", ""lon"": """"}"	candidate		bio	
place:Q8519552	place	הר נבו	Mount Nebo	wikidata_qid	Q8519552	"{""kima_id"": """", ""lat"": """", ""lon"": """"}"	matched		bio	
person:2306	person	פּאול לימאַן (לייבאָוויטש)	Paul Liman	people_db	2306	entry_person_id:P-6-facs_29_r_4	matched		bio	"{""entry_type"": ""performer"", ""volume"": ""6"", ""span"": ""4892-4892"", ""birth_date"": ""1930-11-22"", ""credit"": ""ש. ע. פֿון ש'ס ראָמאַן.""}"
place:UPL-0239	place	באַקווי					unmatched	no_attestation	bio	
person:2919	person	איזאַ שערף	Iza Sherf	people_db	2919	entry_person_id:P-6-facs_29_tr_1747746221	matched		bio	"{""entry_type"": ""other"", ""volume"": ""6"", ""span"": ""4892-4892"", ""birth_date"": ""1913"", ""credit"": ""ש.ע. פון ש\""ס ראָמאַן.""}"
person:2751	person	יוסף רעטיק	Yosef Retik	people_db	2751	entry_person_id:P-6-facs_30_tr_1747746177	matched		bio	"{""entry_type"": ""performer"", ""volume"": ""6"", ""span"": ""4894-4894"", ""birth_date"": ""1927-09-28"", ""credit"": ""ש. ע.""}"
person:3597	person	יצחק-אייזיק פרידמאַן		people_db	3597	entry_person_id:P-6-facs_30_tr_1747746174	matched		bio	"{""entry_type"": ""writer"", ""volume"": ""6"", ""span"": ""4894-4894"", ""birth_date"": ""1967-09-07"", ""death_date"": ""1945-09-08""}"
person:3579	person	פּלאַטאָן בּרונאָוו		people_db	3579	entry_person_id:P-6-facs_33_tr_1747746219	matched		bio	"{""entry_type"": ""composer"", ""volume"": ""6"", ""span"": ""4899-4900"", ""birth_date"": ""1859-05-10"", ""death_date"": ""1914""}"
person_entry:P-6-facs_34_r_1	person	בראַנדעסקאָ, יוסף [סמאָלניק]		entry_person_id	P-6-facs_34_r_1		unmatched		bio	"{""entry_type"": ""performer"", ""volume"": ""6"", ""span"": ""4901-4902"", ""birth_date"": ""1883"", ""credit"": ""ש. ע. און מ. ע. פֿון דוד רייץ, פֿיינשטיין און גרישע גראָסמאַן.""}"
person:3582	person	הערש ווייסמאַן		people_db	3582	entry_person_id:P-6-facs_35_tr_1747746200	matched		bio	"{""entry_type"": ""performer"", ""volume"": ""6"", ""span"": ""4903-4914"", ""birth_date"": ""1887"", ""death_date"": ""1943"", ""credit"": ""מ. ע. פֿון שלמה מיכאַלס און ש. ע. פֿון מ. לייפציגער און זלמן זילבערצווייג.""}"
person:1664	person	יוסף פישמאַן	Yosef Fishman	people_db	1664	entry_person_id:P-6-facs_41_tr_1747746161	matched		bio	"{""entry_type"": ""other"", ""volume"": ""6"", ""span"": ""4915-4915"", ""birth_date"": ""1892"", ""credit"": ""ש. ע.""}"
person:2339	person	שמואל-יקיר לאָנדינסקי	Shmuel-Yakir Londinski	people_db	2339	entry_person_id:P-6-facs_41_tr_1747746160	matched		bio	"{""entry_type"": ""writer"", ""volume"": ""6"", ""span"": ""4915-4915"", ""birth_date"": ""1889-04-08"", ""death_date"": ""1956-08-26""}"
place:Q218980	place	סעמיאַטיטש	Siemiatycze	wikidata_qid	Q218980	"{""kima_id"": ""17642"", ""lat"": """", ""lon"": """"}"	matched		bio	
person:2092	person	איזאַק קאַסוואן (יצחק)	Izak Kasvan	people_db	2092	entry_person_id:P-6-facs_41_tr_1747746159	matched		bio	"{""entry_type"": ""performer"", ""volume"": ""6"", ""span"": ""4916-4916"", ""birth_date"": ""1909-03-13"", ""credit"": ""ש. ע. פֿון יוליאַן שוואַרץ.""}"
place:Q617624	place	רעמניקו	Râmnicu Sărat	wikidata_qid	Q617624	"{""kima_id"": ""23503"", ""lat"": """", ""lon"": """"}"	matched		bio	
place:UPL-0240	place	ישראל					unmatched	no_attestation	bio	
person:1573	person	לוצא ענגעלבערג (יחיאל)	Lutsa Engelberg	people_db	1573	entry_person_id:P-6-facs_43_tr_1747746166	matched		bio	"{""entry_type"": ""writer"", ""volume"": ""6"", ""span"": ""4920-4920"", ""birth_date"": ""1879-01-24"", ""death_date"": ""1948-10-15""}"
person:1710	person	יעקב פוקס	Yakov Fuchs	people_db	1710	entry_person_id:P-6-facs_44_tr_1747746150	matched		bio	"{""entry_type"": ""performer"", ""volume"": ""6"", ""span"": ""4921-4921"", ""birth_date"": ""1880-03"", ""death_date"": ""1921-02-21"", ""credit"": ""ש. ע. פֿון יוליוס גוטמאַן און מ. ע. פֿון יעקב מעסטעל.""}"
person:2908	person	אסתר שאפנער	Ester Shefner	people_db	2908	entry_person_id:P-6-facs_44_tr_1747746152	matched		bio	"{""entry_type"": ""performer"", ""volume"": ""6"", ""span"": ""4922-4922"", ""birth_date"": ""1893"", ""death_date"": ""1918"", ""credit"": ""ש. ע. פֿון איר שוועסטער מלכה שענער.""}"
person:2909	person	מלכה שאפנער	Malka Shefner	people_db	2909	entry_person_id:P-6-facs_45_tr_1747746107	matched		bio	"{""entry_type"": ""performer"", ""volume"": ""6"", ""span"": ""44923-44923"", ""birth_date"": ""1898-02-13"", ""credit"": ""ש. ע.""}"
person:3584	person	לילי זאַץ		people_db	3584	entry_person_id:P-6-facs_45_r_7	matched		bio	"{""entry_type"": ""performer"", ""volume"": ""6"", ""span"": ""4924-4924""}"
person:2899	person	משה שפּיראָ	Moshe Shapiro	people_db	2899	entry_person_id:P-6-facs_45_r_10	matched		bio	"{""entry_type"": ""performer"", ""volume"": ""6"", ""span"": ""4924-4924"", ""death_date"": ""1916"", ""credit"": ""מ. ע. פֿון כיענע בראגינסקאַ און ש. ע. פֿון זלמן זילבערצווייג.""}"
person:1107	person	ח. ע. אַבּראַמאָוויץ	Ch.E. Abramovits	people_db	1107	entry_person_id:P-6-facs_46_tr_1747746179	matched		bio	"{""entry_type"": ""writer"", ""volume"": ""6"", ""span"": ""4925-4925"", ""credit"": ""א. וו. לעססינג.""}"
person:1661	person	הערי פישמאַן (הערשל)	Harry Fishman	people_db	1661	entry_person_id:P-6-facs_46_tr_1747746173	matched		bio	"{""entry_type"": ""performer"", ""volume"": ""6"", ""span"": ""4926-4926"", ""birth_date"": ""1887"", ""death_date"": ""1964-02-10"", ""credit"": ""ש. ע.""}"
person:3109	person	ישראל-יצחק ציפּערשטיין	Yis'roel Yitskhak Tsipershteyn	people_db	3109	entry_person_id:P-6-facs_47_tr_1747746190	matched		bio	"{""entry_type"": ""performer"", ""volume"": ""6"", ""span"": ""4927-4928"", ""birth_date"": ""1875"", ""death_date"": ""1950-08-06"", ""credit"": ""ש. ע. פֿון שכנאַ קאַפּלאַן און זלמן זילבערצווייג און מ. ע. פֿון בנימין קאַץ.""}"
place:Q1007355	place	בערטשיין	Barcin	wikidata_qid	Q1007355	"{""kima_id"": """", ""lat"": """", ""lon"": """"}"	matched		bio	
person:2725	person	איוואַ ראַפאַלאַ	Eva Rafalo	people_db	2725	entry_person_id:P-6-facs_48_tr_1747746203	matched		bio	"{""entry_type"": ""performer"", ""volume"": ""6"", ""span"": ""4929-4929"", ""birth_date"": ""1892"", ""credit"": ""ש. ע. פֿון הענרי פישמאַן""}"
person:2122	person	משה-מיכאל קיטאַי	Moshe Michal Kitai	people_db	2122	entry_person_id:P-6-facs_48_tr_1747746197	matched		bio	"{""entry_type"": ""writer"", ""volume"": ""6"", ""span"": ""4929-4930"", ""birth_date"": ""1886-04-13"", ""death_date"": ""1942""}"
person:2101	person	יעקב קלעטער	Jacob Kelter	people_db	2101	entry_person_id:P-6-facs_49_tr_1747746207	matched		bio	"{""entry_type"": ""performer"", ""volume"": ""6"", ""span"": ""4931-4932"", ""birth_date"": ""1888-12-12"", ""death_date"": ""1938-09-12""}"
place:UPL-0241	place	גוט אַלכאָוואַ					unmatched	attestation:unlinked	bio	
place:Q149030	place	נאָוואָסעליץ	Novoselytsia	wikidata_qid	Q149030	"{""kima_id"": ""11673"", ""lat"": ""48.216667"", ""lon"": ""26.266667""}"	matched		bio	
person:2943	person	אַדאָלף שראַגע (נפתלי-יהושע)	Adolph Shrage	people_db	2943	entry_person_id:P-6-facs_52_tr_1747746168	matched		bio	"{""entry_type"": ""performer"", ""volume"": ""6"", ""span"": ""4938-4938"", ""birth_date"": ""1871-01-01"", ""death_date"": ""1924-02-10"", ""credit"": ""מ. ע. פֿון משה שאר.""}"
person_entry:P-6-facs_53_tr_1747746142	person	זשאָרדען ד'היווער		entry_person_id	P-6-facs_53_tr_1747746142		unmatched		bio	"{""entry_type"": ""theatre"", ""volume"": ""6"", ""span"": ""4939-4939"", ""birth_date"": ""1905"", ""death_date"": ""1909""}"
person:3781	person	מ.ב. שטיין (משה-בּער בּאַרנשטיין)		people_db	3781	entry_person_id:P-6-facs_53_r_13	matched		bio	"{""entry_type"": ""writer"", ""volume"": ""6"", ""span"": ""4940-4943"", ""birth_date"": ""1892"", ""death_date"": ""1961"", ""credit"": ""ש. ע. פֿון משה אונגער""}"
person:1557	person	ראובן אייזלאַנד	Reuben Eisland	people_db	1557	entry_person_id:P-6-facs_55_tr_1747746152	matched		bio	"{""entry_type"": ""writer"", ""volume"": ""6"", ""span"": ""4944-4944"", ""birth_date"": ""1884-04-22"", ""death_date"": ""1956-06-18""}"
place:Q867431	place	ראדאמישל	Radomyśl Wielki	wikidata_qid	Q867431	"{""kima_id"": """", ""lat"": """", ""lon"": """"}"	candidate		bio	
person:2960	person	רעגינאַ שוואַרצבּאַרד	Regina Shvartsbard	people_db	2960	entry_person_id:P-6-facs_56_tr_1747746145	matched		bio	"{""entry_type"": ""performer"", ""volume"": ""6"", ""span"": ""4946-4946"", ""birth_date"": ""1868"", ""death_date"": ""1937-04-20"", ""credit"": ""ש. ע.""}"
person:2942	person	אוגוסטאַ שוידער (לויפער)	Augusta Shoyder	people_db	2942	entry_person_id:P-6-facs_57_r_2	matched		bio	"{""entry_type"": ""performer"", ""volume"": ""6"", ""span"": ""4947-4947"", ""birth_date"": ""1878"", ""credit"": ""ש. ע. און מ. ע. פֿון יוליוס גוטמאַן.""}"
place:UPL-0242	place	סטראַסאָלי					unmatched	attestation:unlinked	bio	
person:2759	person	נייטאַן ריכטער	Neytan Richter	people_db	2759	entry_person_id:P-6-facs_57_tr_1747746149	matched		bio	"{""entry_type"": ""performer"", ""volume"": ""6"", ""span"": ""4948-4948"", ""birth_date"": ""1883-04-14"", ""death_date"": ""1943-09-25"", ""credit"": ""ש. ע.""}"
person:2758	person	מאַניאַ ריכטער (מלכה באַראַנאָוויטש)	Manya Richter	people_db	2758	entry_person_id:P-6-facs_57_r_21	matched		bio	"{""entry_type"": ""performer"", ""volume"": ""6"", ""span"": ""4948-4948"", ""birth_date"": ""1889-05-10"", ""death_date"": ""1928-09-23"", ""credit"": ""ש. ע. פֿון איר מאַן נייטאַן ריכטער.""}"
place:UPL-0243	place	הר יהודה בית עולם					unmatched	attestation:unlinked	bio	
person:2865	person	מרדכי שוואַרץ	Mordechai Schwartz	people_db	2865	entry_person_id:P-6-facs_58_tr_1747746187	matched		bio	"{""entry_type"": ""performer"", ""volume"": ""6"", ""span"": ""4949-4949"", ""birth_date"": ""1872-12-17"", ""death_date"": ""1959-11-20"", ""credit"": ""ש. ע. און מ. ע. פֿון טשאַרלז קאָהען.""}"
place:UPL-0244	place	ניחומץ					unmatched	attestation:unlinked	bio	
person:2859	person	אַדעלאַ שוואַרץ (פינקעלשטיין)	Adela Schwartz	people_db	2859	entry_person_id:P-6-facs_58_r	matched		bio	"{""entry_type"": ""performer"", ""volume"": ""6"", ""span"": ""4949-4949"", ""birth_date"": ""1888"", ""death_date"": ""1934-09-10"", ""credit"": ""ש. ע. פֿון איר מאַן מרדכי שוואַרץ.""}"
person:2860	person	פעני שוואַרץ (גלאַזער, גרינבּערג)	Fannie Schwartz	people_db	2860	entry_person_id:P-6-facs_58_r_23	matched		bio	"{""entry_type"": ""performer"", ""volume"": ""6"", ""span"": ""4950-4950"", ""death_date"": ""1932-01-06"", ""credit"": ""ש. ע.""}"
person:1620	person	אייזיק פעדער (פעדאָרעסקו)	Ayzik Feder	people_db	1620	entry_person_id:P-6-facs_59_r_33	matched		bio	"{""entry_type"": ""director_regisseur"", ""volume"": ""6"", ""span"": ""4951-4951"", ""birth_date"": ""1897"", ""credit"": ""ש. ע. פֿון מאַרק לייפציגער.""}"
person:2904	person	יעקב שאַרגעל	Jacob Shargel	people_db	2904	entry_person_id:P-6-facs_59_tr_1747746198	matched		bio	"{""entry_type"": ""performer"", ""volume"": ""6"", ""span"": ""4952-4952"", ""birth_date"": ""1884-02"", ""death_date"": ""1955-07-12"", ""credit"": ""מ. ע.""}"
person:2720	person	אברהם ראַבינאָׁוויטש	Abraham Rabinowitz	people_db	2720	entry_person_id:P-6-facs_62_tr_1747746110	matched		bio	"{""entry_type"": ""performer"", ""volume"": ""6"", ""span"": ""4958-4958"", ""birth_date"": ""1870"", ""death_date"": ""1919-11-25"", ""credit"": ""מ. ע. פֿון זיין טאָכטער טילי ראַבינאָוויטש.""}"
person_entry:P-6-facs_62_tr_1747746121	person	באַגאַטעלאַ טעאַטער		entry_person_id	P-6-facs_62_tr_1747746121		unmatched		bio	"{""entry_type"": ""theatre"", ""volume"": ""6"", ""span"": ""4958-4958"", ""birth_date"": ""1905-05-19""}"
place:Q1634585	place	מאָקאָטאָוו	Mokotów	wikidata_qid	Q1634585	"{""kima_id"": ""15022"", ""lat"": """", ""lon"": """"}"	matched		bio	
person:2722	person	ראָזאַ ראַבינאָוויטש (טאַראַרוצקאַיאַ)	Rosa Rabinowitz	people_db	2722	entry_person_id:P-6-facs_63_r_13	matched		bio	"{""entry_type"": ""performer"", ""volume"": ""6"", ""span"": ""4959-4959"", ""birth_date"": ""1873"", ""death_date"": ""1937"", ""credit"": ""מ. ע. פֿון איר טאָכטער טילי ראַבינאָוויטש.""}"
place:Q43421	place	סימפּעראָפּאָל	Richmond	wikidata_qid	Q43421	"{""kima_id"": """", ""lat"": ""37.540833"", ""lon"": ""-77.436667""}"	candidate		bio	
person:3057	person	אוירווינג טאוב	Irving Taub	people_db	3057	entry_person_id:P-6-facs_63_tr_1747746207	matched		bio	"{""entry_type"": ""performer"", ""volume"": ""6"", ""span"": ""4960-4960"", ""birth_date"": ""1897"", ""credit"": ""ש. ע.""}"
person:3581	person	הערש וואָלאָזשינער		people_db	3581	entry_person_id:P-6-facs_63_tr_1747746209	matched		bio	"{""entry_type"": ""writer"", ""volume"": ""6"", ""span"": ""4960-4960""}"
person:2273	person	א. לייב (אברהם-מרדכי)	A. Leyb	people_db	2273	entry_person_id:P-6-facs_64_tr_1747746195	matched		bio	"{""entry_type"": ""writer"", ""volume"": ""6"", ""span"": ""962-4961"", ""birth_date"": ""1898-07-20"", ""credit"": ""ש. ע.""}"
person:2760	person	דזשאַנעט רינגלער	Jeanette Ringler	people_db	2760	entry_person_id:P-6-facs_65_tr_1747746178	matched		bio	"{""entry_type"": ""performer"", ""volume"": ""6"", ""span"": ""4963-4963"", ""birth_date"": ""1888-02-26"", ""death_date"": ""1940-05-05"", ""credit"": ""מ. ע.""}"
person:2763	person	מלכה ריטען	Malka Riten	people_db	2763	entry_person_id:P-6-facs_65_tr_1747746191	matched		bio	"{""entry_type"": ""performer"", ""volume"": ""6"", ""span"": ""4963-4963"", ""birth_date"": ""1889"", ""credit"": ""ש. ע.""}"
person:2932	person	אַדאַלף שליפערשטיין	Adolf Shliferstein	people_db	2932	entry_person_id:P-6-facs_65_tr_1747746187	matched		bio	"{""entry_type"": ""performer"", ""volume"": ""6"", ""span"": ""4964-4965"", ""credit"": ""מ. ע. פֿון ישעיה ראָטשטיין, פּיטער גראַף, שלמה קרויזע. און ש. ע. פֿון פּנחס טאַנצמאַן.""}"
person_entry:P-6-facs_67_tr_1747746115	person	"„מאַסקע"""		entry_person_id	P-6-facs_67_tr_1747746115		unmatched		bio	"{""entry_type"": ""group"", ""volume"": ""6"", ""span"": ""4968-4968"", ""birth_date"": ""1930""}"
person:2734	person	אהרן ב. ראַפּאַפּאָרט	Aaron B. Rappaport	people_db	2734	entry_person_id:P-6-facs_69_tr_1747746123	matched		bio	"{""entry_type"": ""writer"", ""volume"": ""6"", ""span"": ""4971-4971"", ""birth_date"": ""1892"", ""death_date"": ""1964-09-01"", ""credit"": ""ש. ע. פֿון מלכה לי.""}"
place:UPL-0245	place	אַ דאַרף ביים טעך בערעזינאַ					unmatched	attestation:unlinked	bio	
person:1678	person	חנה פרענק (איינבּינדער)	Chana Frank	people_db	1678	entry_person_id:P-6-facs_71_r_13	matched		bio	"{""entry_type"": ""performer"", ""volume"": ""6"", ""span"": ""4975-4975"", ""birth_date"": ""1875"", ""death_date"": ""1923-01-18"", ""credit"": ""מ. ע. פֿון יעקב פרענק.""}"
person_entry:P-6-facs_71_r_6	person	"„אונזער ווינקל"""		entry_person_id	P-6-facs_71_r_6		unmatched		bio	"{""entry_type"": ""theatre"", ""volume"": ""6"", ""span"": ""4975-4977"", ""birth_date"": ""1918"", ""death_date"": ""1921"", ""credit"": ""ש. ע. פֿון נחום סטוטשקאָוו.""}"
person:1676	person	אברהם פרענק	Abraham Frank	people_db	1676	entry_person_id:P-6-facs_72_tr_1747746141	matched		bio	"{""entry_type"": ""performer"", ""volume"": ""6"", ""span"": ""4978-4978"", ""birth_date"": ""1900-02-05"", ""credit"": ""מ. ע. פֿון יעקב פרענק.""}"
person:3577	person	לואי בּראַנדט (מאָטעלע)		people_db	3577	entry_person_id:P-6-facs_72_r_192	matched		bio	"{""entry_type"": ""performer"", ""volume"": ""6"", ""span"": ""4978-4978"", ""birth_date"": ""1890-11-07"", ""credit"": ""מ. ע. פֿון יעקב פרענק.""}"
person:1680	person	נייטאַן פרענק (נפתלי)	Nathan Frank	people_db	1680	entry_person_id:P-6-facs_72_r_13	matched		bio	"{""entry_type"": ""performer"", ""volume"": ""6"", ""span"": ""4978-4978"", ""credit"": ""מ. ע. פֿון יעקב פרענק און לואי גילראָד.""}"
person:3585	person	יצחק לובעלטשיק		people_db	3585	entry_person_id:P-6-facs_76_tr_1747746207	matched		bio	"{""entry_type"": ""director_regisseur"", ""volume"": ""6"", ""span"": ""4985-4987"", ""birth_date"": ""1890-12-17"", ""death_date"": ""1960-08-07"", ""credit"": ""ש. ע. און ש. ע. פֿון זלמן זילבערצווייג און יעקב קורלענדער.""}"
place:UPL-0246	place	בוטאַנטאן-בית עולם					unmatched	attestation:unlinked	bio	
person:3288	person	זלמן יאַכנעס	Zalmen Yakhnes	people_db	3288	entry_person_id:P-6-facs_77_tr_1747746215	matched		bio	"{""entry_type"": ""performer"", ""volume"": ""6"", ""span"": ""4988-4988"", ""birth_date"": ""1911-12-22"", ""death_date"": ""1966-12-26"", ""credit"": ""ש. ע. פֿון י. פֿריד און הערשל ראָזען.""}"
place:Q278100	place	סמילאָוויטש	Smilavičy	wikidata_qid	Q278100	"{""kima_id"": """", ""lat"": """", ""lon"": """"}"	candidate		bio	
person:2905	person	יהודה-הערש שאיאק	Yehuda Hersh Shayak	people_db	2905	entry_person_id:P-6-facs_78_tr_1747746117	matched		bio	"{""entry_type"": ""writer"", ""volume"": ""6"", ""span"": ""4989-4989"", ""birth_date"": ""1892-04-10"", ""death_date"": ""1958-08""}"
place:Q3130	place	סידני	Sydney	wikidata_qid	Q3130	"{""kima_id"": ""100"", ""lat"": """", ""lon"": """"}"	matched		bio	
place:Q8652	place	מיאמי	Miami	wikidata_qid	Q8652	"{""kima_id"": ""229"", ""lat"": ""25.783333"", ""lon"": ""-80.216667""}"	matched		bio	
person:2154	person	יאַשאַ קרייצבערג (סאַקסאַנסקי)	Yasha Kreitzberg	people_db	2154	entry_person_id:P-6-facs_81_r_1	matched		bio	"{""entry_type"": ""composer"", ""volume"": ""6"", ""span"": ""4995-4995"", ""birth_date"": ""1885-12-04"", ""credit"": ""ש. ע. און ש. ע. פֿון שמואל טאָסק""}"
person:2952	person	באָריס מאַרקאָוויטש שטשערבאַקאָוו (בער מאיר)	Boris Markovich Shtsherbakov	people_db	2952	entry_person_id:P-6-facs_92_r	matched		bio	"{""entry_type"": ""director_regisseur"", ""volume"": ""6"", ""span"": ""5017-5018"", ""death_date"": ""1933-03-17"", ""credit"": ""ש. ע. פֿון מאַרק לייפּציגער און משה שולווייס.""}"
person_entry:P-6-facs_93_r_66	person	זשיטאָמירסקי, [?]		entry_person_id	P-6-facs_93_r_66		unmatched		bio	"{""entry_type"": ""director_regisseur"", ""volume"": ""6"", ""span"": ""5019-5020"", ""credit"": ""מ. ע. פֿון א. ג. קאָמפּאַנעעץ.""}"
person:1149	person	לייבּ אַלטשולער	Leyb Altshuler	people_db	1149	entry_person_id:P-6-facs_96_tr_1747746116	matched		bio	"{""entry_type"": ""performer"", ""volume"": ""6"", ""span"": ""5026-5026"", ""birth_date"": ""1904-06-07"", ""credit"": ""ש. ע. און ש. ע. פֿון חיים-לייב פוקס.""}"
person:1071	person	בנימין חיים רייז	Binyamin Chaim Raise	people_db	1071	entry_person_id:P-6-facs_97_tr_1747746189	matched		bio	"{""entry_type"": ""writer"", ""volume"": ""6"", ""span"": ""5027-5027"", ""birth_date"": ""1863-01-03"", ""death_date"": ""1933-11-23""}"
person:2168	person	קרוג	Krug	people_db	2168	entry_person_id:P-6-facs_97_r_2	matched		bio	"{""entry_type"": ""administrator"", ""volume"": ""6"", ""span"": ""5028-5028""}"
person:1704	person	לאַראַ פרידמאַן (לאה וויינטרויבּ)	Lara Friedman	people_db	1704	entry_person_id:P-6-facs_98_r	matched		bio	"{""entry_type"": ""performer"", ""volume"": ""6"", ""span"": ""5029-5029"", ""birth_date"": ""1860"", ""credit"": ""ש. ע. פֿון טש. גאָלדשטיין און מ. ע. פֿון י. וויינשטאָק.""}"
person:1701	person	אַלבערט פרידמאַן (וועלוול-אַלטער)	Albert Friedman	people_db	1701	entry_person_id:P-6-facs_98_tr_1747746110	matched		bio	"{""entry_type"": ""performer"", ""volume"": ""6"", ""span"": ""5030-5030"", ""birth_date"": ""1855"", ""death_date"": ""1913-10-16"", ""credit"": ""מ. ע. פֿון זיין פרוי לאַראַ פֿרידמאַן און ש. ע. פֿון טש. גאָלדשטיין.""}"
place:UPL-0247	place	בית עולם אין מעספיט					unmatched	attestation:unlinked	bio	
place:UPL-0248	place	נעבן קיעוו					unmatched	attestation:unlinked	bio	
person:1072	person	הערמאן פיינשטיין (צבי חיים)	Herman Feinstein	people_db	1072	entry_person_id:P-6-facs_101_tr_1747825157	matched		bio	"{""entry_type"": ""performer"", ""volume"": ""6"", ""span"": ""5035-5036"", ""birth_date"": ""1861-01-26"", ""death_date"": ""1937-06-29"", ""credit"": ""ש. ע.""}"
person:1658	person	סאַמועל פישער (שאול-פּנחס)	Samuel Fisher	people_db	1658	entry_person_id:P-6-facs_102_tr_1747825165	matched		bio	"{""entry_type"": ""performer"", ""volume"": ""6"", ""span"": ""5037-5037"", ""birth_date"": ""1887-03-15"", ""credit"": ""מ. ע.""}"
person:2778	person	בּעטי ראָזענבּלום (בּיילע)	Betty Rosenblum	people_db	2778	entry_person_id:P-6-facs_104_tr_1747825074	matched		bio	"{""entry_type"": ""performer"", ""volume"": ""6"", ""span"": ""5041-5041"", ""birth_date"": ""1861"", ""death_date"": ""1941-10-03"", ""credit"": ""מ. ע. פֿון איר טאָכטער לייזע זילבערט.""}"
person:1696	person	מיכל פרידמאַן	Michal Fridman	people_db	1696	entry_person_id:P-6-facs_104_tr_1747825076	matched		bio	"{""entry_type"": ""performer"", ""volume"": ""6"", ""span"": ""5041-5041"", ""birth_date"": ""1894"", ""credit"": ""מ. ע. און ש. ע. פֿון מאַרק לייפּציגער און פֿייוויש אַראָנעס.""}"
person:1633	person	סעם פערקויף (שמואל-בערל)	Sam Ferkauf	people_db	1633	entry_person_id:P-6-facs_105_tr_1747825151	matched		bio	"{""entry_type"": ""performer"", ""volume"": ""6"", ""span"": ""5044-5044"", ""birth_date"": ""1869-01-11"", ""death_date"": ""1931-02-17"", ""credit"": ""מ. ע.""}"
person:1691	person	פרידמאַַן	[?] Fridman	people_db	1691	entry_person_id:P-6-facs_106_tr_1747825136	matched		bio	"{""entry_type"": ""performer"", ""volume"": ""6"", ""span"": ""5045-5045""}"
person:3784	person	יאָזעף ראָזענבּערג (יוסף-יונה)		people_db	3784	entry_person_id:P-6-facs_106_tr_1747825134	matched		bio	"{""entry_type"": ""performer"", ""volume"": ""6"", ""span"": ""5046-5048"", ""birth_date"": ""1864"", ""death_date"": ""1932-04-28"", ""credit"": ""מ. ע. פֿון זיין טאָכטער בערטאַ ראָזענבערג, ש. ע. פֿון ז. זילבערצווייג.""}"
place:Q1022004	place	באַקאָוו	Bąków	wikidata_qid	Q1022004	"{""kima_id"": """", ""lat"": """", ""lon"": """"}"	candidate		bio	
person_entry:P-6-facs_108_r	person	ראָזענבערג, שרה (-שיינדל) [הערמאַן]		entry_person_id	P-6-facs_108_r		unmatched		bio	"{""entry_type"": ""performer"", ""volume"": ""6"", ""span"": ""5049-5049"", ""death_date"": ""1923-03"", ""credit"": ""מ. ע. פֿון איר מאַן יאָזעף ראָזענבערג""}"
person:1104	person	בּאָריס אַבּראַמאָוו (פיינלאַנד)	Boris Abramov	people_db	1104	entry_person_id:P-6-facs_108_r_4	matched		bio	"{""entry_type"": ""performer"", ""volume"": ""6"", ""span"": ""5050-5051"", ""death_date"": ""1967-10-25"", ""credit"": ""מ. ע. און ש. ע. פֿון אָסקאַר אַסטראָף.""}"
place:Q672990	place	אַקערמאַן	Bilhorod-Dnistrovskyi	wikidata_qid	Q672990	"{""kima_id"": ""16672"", ""lat"": """", ""lon"": """"}"	matched		bio	
person:1105	person	מערי אַבּראַמאָוו (מרים איינהאָרן)	Mary Abramov	people_db	1105	entry_person_id:P-6-facs_109_tr_1747825072	matched		bio	"{""entry_type"": ""performer"", ""volume"": ""6"", ""span"": ""5052-5052"", ""credit"": ""מ. ע. און ש. ע. פֿון אָסקאַר אַסטראָף.""}"
place:Q4387829	place	ראַדאָמיסל	Radomyshl	wikidata_qid	Q4387829	"{""kima_id"": """", ""lat"": """", ""lon"": """"}"	matched		bio	
person:1373	person	אַברהמלע בּאָזשיק	Avrahamele Bozyk	people_db	1373	entry_person_id:P-6-facs_110_tr_1747825093	matched		bio	"{""entry_type"": ""performer"", ""volume"": ""6"", ""span"": ""5053-5053"", ""birth_date"": ""1923-04-01"", ""death_date"": ""1942"", ""credit"": ""מ. ע. פֿון מאַקס באָזשיק.""}"
place:UPL-0249	place	דעמבאָ					unmatched	attestation:unlinked	bio	
person:3588	person	דב-בער מאַלקין		people_db	3588	entry_person_id:P-6-facs_110_tr_1747825087	matched		bio	"{""entry_type"": ""writer"", ""volume"": ""6"", ""span"": ""5054-5056"", ""birth_date"": ""1901"", ""death_date"": ""1966-02-12"", ""credit"": ""ש. ע. פֿון אַברהם קירשנבוים.""}"
place:Q41621	place	חיפה	Haifa	wikidata_qid	Q41621	"{""kima_id"": ""791"", ""lat"": ""32.819167"", ""lon"": ""34.999167""}"	matched		bio	
place:UPL-0250	place	קליניק פֿון פּראָפ. באַרכאַרדט					unmatched	attestation:unlinked	bio	
place:Q2897810	place	קרית שאַול	Kiryat Shaul (Ramat Hasharon, Israel)	wikidata_qid	Q2897810	"{""kima_id"": ""26741"", ""lat"": ""32.1244444"", ""lon"": ""34.8238889""}"	matched		bio	
person:2143	person	בערטאַ קאָרנפעלד (בתיה קוריער)	Berta Kornfeld	people_db	2143	entry_person_id:P-6-facs_118_tr_1747825157	matched		bio	"{""entry_type"": ""performer"", ""volume"": ""6"", ""span"": ""5070-5070"", ""birth_date"": ""1882-04-23"", ""credit"": ""ש. ע.""}"
person:1900	person	הענריק גרינבּערג	Henryk Grinberg	people_db	1900	entry_person_id:P-6-facs_119_r_50	matched		bio	"{""entry_type"": ""performer"", ""volume"": ""6"", ""span"": ""5071-5080"", ""birth_date"": ""1936-07-04"", ""credit"": ""ש. ע.""}"
place:Q5173615	place	ראַדאָשיין	Radoszyna	wikidata_qid	Q5173615	"{""kima_id"": ""20403"", ""lat"": """", ""lon"": """"}"	matched		bio	
person:1687	person	ברוך פרענקעל	Barukh Frenkel	people_db	1687	entry_person_id:P-6-facs_124_tr_1747825126	matched		bio	"{""entry_type"": ""performer"", ""volume"": ""6"", ""span"": ""5081-5081"", ""birth_date"": ""1888"", ""credit"": ""861""}"
person:1629	person	אַהרן פעלדמאַן	Aaron Feldman	people_db	1629	entry_person_id:P-6-facs_125_tr_1747825049	matched		bio	"{""entry_type"": ""writer"", ""volume"": ""6"", ""span"": ""5083-5083"", ""birth_date"": ""1889-07-12"", ""death_date"": ""1952-02-17"", ""credit"": ""ש. ע. און ש. ע. פֿון זיין איידעם גאָלדשמידט""}"
person:2139	person	לעא קאָפּ	Leo Kopp	people_db	2139	entry_person_id:P-6-facs_125_tr_1747825044	matched		bio	"{""entry_type"": ""composer"", ""volume"": ""6"", ""span"": ""5084-5085"", ""birth_date"": ""1889"", ""death_date"": ""1953-02-28"", ""credit"": ""ש. ע. פֿון זלמן זילבערצווייג.""}"
person:3787	person	יונה רייזמאַן		people_db	3787	entry_person_id:P-6-facs_126_tr_1747825032	matched		bio	"{""entry_type"": ""performer"", ""volume"": ""6"", ""span"": ""5086-5095"", ""birth_date"": ""1862-01-01""}"
person:3345	person	קאָראָלינאַ זאַמלער (קיילע זענדע)	Karolina Zamler	people_db	3345	entry_person_id:P-6-facs_132_tr_1747825065	matched		bio	"{""entry_type"": ""performer"", ""volume"": ""6"", ""span"": ""5098-5098"", ""birth_date"": ""1888-09-04"", ""credit"": ""ש. ע. פֿון יוליאַן שוואַרץ.""}"
person:3590	person	יאָזעף פיינבערג		people_db	3590	entry_person_id:P-6-facs_133_tr_1747825075	matched		bio	"{""entry_type"": ""performer"", ""volume"": ""6"", ""span"": ""5099-5100"", ""credit"": ""ש. ע.""}"
place:Q2553113	place	ניישטאָט שירווינט	AZ Groeninge	wikidata_qid	Q2553113	"{""kima_id"": """", ""lat"": """", ""lon"": """"}"	candidate		bio	
person:1626	person	העריס פיינבערג	Harris Feinberg	people_db	1626	entry_person_id:P-6-facs_134_tr_1747825144	matched		bio	"{""entry_type"": ""performer"", ""volume"": ""6"", ""span"": ""5101-5112"", ""credit"": ""ש. ע.""}"
place:Q2916085	place	מאָזעסווייל	Moisés Ville	wikidata_qid	Q2916085	"{""kima_id"": ""15757"", ""lat"": """", ""lon"": """"}"	matched		bio	
place:UPL-0251	place	האַלייוויד בית-עולם					unmatched	attestation:unlinked	bio	
person:1684	person	אַננאַ פריימאַן (האָכבּערגער)	Anna Freeman	people_db	1684	entry_person_id:P-6-facs_140_tr_1747825133	matched		bio	"{""entry_type"": ""performer"", ""volume"": ""6"", ""span"": ""5114-5114"", ""birth_date"": ""1885"", ""death_date"": ""1961-03-03"", ""credit"": ""ש. ע. פֿון איר שוואַגער יוסף האָבערמאַן.""}"
place:Q2341034	place	באבאוו	Bobowa	wikidata_qid	Q2341034	"{""kima_id"": ""18415"", ""lat"": """", ""lon"": """"}"	candidate		bio	
person:1698	person	י. פריד	Y. Fried	people_db	1698	entry_person_id:P-6-facs_141_tr_1747825144	matched		bio	"{""entry_type"": ""writer"", ""volume"": ""6"", ""span"": ""5115-5115""}"
person_entry:P-6-facs_141_tr_1747825143	person	מוראַנאָווער, טעאַטער		entry_person_id	P-6-facs_141_tr_1747825143		unmatched		bio	"{""entry_type"": ""theatre"", ""volume"": ""6"", ""span"": ""5115-5116"", ""birth_date"": ""1905"", ""death_date"": ""1912""}"
person_entry:P-6-facs_142_tr_1747825183	person	קרולעווסקאַ טעאַטער		entry_person_id	P-6-facs_142_tr_1747825183		unmatched		bio	"{""entry_type"": ""theatre"", ""volume"": ""6"", ""span"": ""5117-5117"", ""birth_date"": ""1908""}"
person:967	person	פיליפּ קראַנץ (יעקב ראָמבּראָ)	Philip Krantz (Yakov Rombro)	people_db	967	entry_person_id:P-6-facs_142_tr_1747825180	matched		bio	"{""entry_type"": ""performer"", ""volume"": ""6"", ""span"": ""5118-5120"", ""birth_date"": ""1894"", ""credit"": ""ש. ע.""}"
person:2126	person	אייזיק קלומאק	Isaac Klumak	people_db	2126	entry_person_id:P-6-facs_144_tr_1747825158	matched		bio	"{""entry_type"": ""writer"", ""volume"": ""6"", ""span"": ""5121-5121"", ""birth_date"": ""1888""}"
place:Q200891	place	קוידינוב (קוידענאוו)	Dzyarzhynsk	wikidata_qid	Q200891	"{""kima_id"": ""14894"", ""lat"": """", ""lon"": """"}"	matched		bio	
person:2774	person	גערטאַ ראָזען	Gerta Rosen	people_db	2774	entry_person_id:P-6-facs_146_tr_1747825146	matched		bio	"{""entry_type"": ""performer"", ""volume"": ""6"", ""span"": ""5126-5126"", ""credit"": ""מ. ע. פֿון משה שטראָסבערג און זלמן לערער.""}"
person:3573	person	זעליק בּאַרדיטשעווער		people_db	3573	entry_person_id:P-6-facs_147_tr_1747825115	matched		bio	"{""entry_type"": ""writer"", ""volume"": ""6"", ""span"": ""5127-5130"", ""birth_date"": ""1898"", ""death_date"": ""1937-12-30""}"
person:2850	person	שלמה שניידער	Shlomo Schneider	people_db	2850	entry_person_id:P-6-facs_150_tr_1747825137	matched		bio	"{""entry_type"": ""writer"", ""volume"": ""6"", ""span"": ""5133-5133"", ""birth_date"": ""1897-08-30"", ""death_date"": ""1938-12-28"", ""credit"": ""ש. ע. פֿון זיין ברודער אַברהם שניידער.""}"
place:UPL-0252	place	דיניוויץ					unmatched	attestation:unlinked	bio	
person:1276	person	הענריק בּערלעווי	Henryk Berlewi	people_db	1276	entry_person_id:P-6-facs_152_tr_1747825185	matched		bio	"{""entry_type"": ""other"", ""volume"": ""6"", ""span"": ""5138-5138"", ""birth_date"": ""1894"", ""death_date"": ""1967-08-04"", ""credit"": ""ש. ל. שניידערמאַן — הענריך בערלעוו, דער וועלט-באַרימטער יידישער מאָלער,""}"
person_entry:P-6-facs_153_tr_1747825089	person	פֿאַרייניקטע טרופּע		entry_person_id	P-6-facs_153_tr_1747825089		unmatched		bio	"{""volume"": ""6"", ""span"": ""5139-5139""}"
person:2075	person	פּנחס קאַניסקעוויטש	Pinchus Kaniskevitsh	people_db	2075	entry_person_id:P-6-facs_155_tr_1747825066	matched		bio	"{""entry_type"": ""performer"", ""volume"": ""6"", ""span"": ""5144-5144"", ""credit"": ""מ. ע. פֿון סעם לודווייג.""}"
place:Q49258	place	קאלאראדא ספרינגס	Colorado Springs	wikidata_qid	Q49258	"{""kima_id"": ""7181"", ""lat"": """", ""lon"": """"}"	matched		bio	
person:3173	person	מאָריס ווייסמאַן	Morris Vaysman	people_db	3173	entry_person_id:P-6-facs_156_tr_1747825094	matched		bio	"{""entry_type"": ""performer"", ""volume"": ""6"", ""span"": ""5145-5145"", ""birth_date"": ""1880"", ""death_date"": ""1960-08-19""}"
place:UPL-0253	place	נייטס אָוו פּיטהיאָס					unmatched	attestation:unlinked	bio	
person:2937	person	מאַרקוס שנעק	Markus Shneck	people_db	2937	entry_person_id:P-6-facs_156_tr_1747825099	matched		bio	"{""entry_type"": ""performer"", ""volume"": ""6"", ""span"": ""5146-5147"", ""birth_date"": ""1876""}"
person:2726	person	חיים מ. ראַפאַלאַוויטש	Chaim M. Rafalovitsh	people_db	2726	entry_person_id:P-6-facs_157_tr_1747825067	matched		bio	"{""entry_type"": ""writer"", ""volume"": ""6"", ""span"": ""5148-5148"", ""birth_date"": ""1888"", ""credit"": ""ש. ע.""}"
place:Q658562	place	ראָסיין	Raseiniai	wikidata_qid	Q658562	"{""kima_id"": ""12861"", ""lat"": ""55.366667"", ""lon"": ""23.116667""}"	matched		bio	
person:3365	person	לעוו צייטלין (אהרון-לייבּ)	Lev Zeitlin	people_db	3365	entry_person_id:P-6-facs_158_tr_1747825103	matched		bio	"{""entry_type"": ""composer"", ""volume"": ""6"", ""span"": ""5149-5151"", ""birth_date"": ""1881-03-14"", ""death_date"": ""1930-07-08""}"
person:1622	person	רחל פייגענבערג	Rachel Feigenberg	people_db	1622	entry_person_id:P-6-facs_159_tr_1747825090	matched		bio	"{""entry_type"": ""writer"", ""volume"": ""6"", ""span"": ""5152-5153"", ""birth_date"": ""1885""}"
place:Q200991	place	ליובאַן	Lyuban	wikidata_qid	Q200991	"{""kima_id"": ""72390"", ""lat"": """", ""lon"": """"}"	matched		bio	
person:2212	person	דזשעני לאוויץ (שמילאָוויטש)	Jennie Lavitz	people_db	2212	entry_person_id:P-6-facs_160_tr_1747825040	matched		bio	"{""entry_type"": ""performer"", ""volume"": ""6"", ""span"": ""5154-5156"", ""birth_date"": ""1912-04-07"", ""death_date"": ""1965-03-28"", ""credit"": ""ש. ע. פֿון איר מאָן חיים לעווין.""}"
place:Q175	place	סט. פאַולאָ	São Paulo	wikidata_qid	Q175	"{""kima_id"": """", ""lat"": """", ""lon"": """"}"	candidate		bio	
person:3575	person	סעם בּלומשטיין		people_db	3575	entry_person_id:P-6-facs_162_tr_1747825124	matched		bio	"{""entry_type"": ""musician"", ""volume"": ""6"", ""span"": ""5157-5157"", ""birth_date"": ""1900"", ""death_date"": ""1968-03-30"", ""credit"": ""ש. ע. פֿון מאַקס באָזשיק.""}"
person:2929	person	שימעלע דער הייזעריקער (שמאיעלע)	Shimele der Heyzeriker	people_db	2929	entry_person_id:P-6-facs_162_tr_1747825129	matched		bio	"{""entry_type"": ""performer"", ""volume"": ""6"", ""span"": ""5158-5158"", ""credit"": ""ש. ע. פֿון סאַני שאַפּיראָ.""}"
person:3618	person	שמעון-בער קראַטקאָ		people_db	3618	entry_person_id:P-6-facs_163_tr_1747825045	matched		bio	"{""entry_type"": ""other"", ""volume"": ""6"", ""span"": ""5159-5163"", ""birth_date"": ""1880"", ""death_date"": ""1960-08"", ""credit"": ""ש. ע. פֿון מיכאָל מילבערגער.""}"
place:UPL-0254	place	טשעלונקינסקאָיע					unmatched	attestation:unlinked	bio	
place:UPL-0255	place	קרעמאַטאָריע					unmatched	attestation:unlinked	bio	
place:Q2652151	place	ליובאָר	Liubar	wikidata_qid	Q2652151	"{""kima_id"": ""85189"", ""lat"": """", ""lon"": """"}"	matched		bio	
person_entry:P-6-facs_166_tr_1747825168	person	פֿיינמאַן-טעאַטער („טעמפּל')		entry_person_id	P-6-facs_166_tr_1747825168		unmatched		bio	"{""entry_type"": ""other"", ""volume"": ""6"", ""span"": ""5165-5171"", ""credit"": ""ש. ע. פֿון יצחק פּערקאָוו.""}"
person:3319	person	ראובן יוקלסאָן	Rubin Youkelson	people_db	3319	entry_person_id:P-6-facs_169_tr_1747825080	matched		bio	"{""entry_type"": ""writer"", ""volume"": ""6"", ""span"": ""5172-5172"", ""birth_date"": ""1886-06-03"", ""credit"": ""ש. ע.""}"
place:UPL-0256	place	דאַרף נעביריווקע					unmatched	attestation:unlinked	bio	
person:1134	person	אליעזר סערהייסקי (אליעזר סערהייסקי)	Leo Albertson	people_db	1134	entry_person_id:P-6-facs_171_tr_1747825164	matched		bio	"{""entry_type"": ""performer"", ""volume"": ""6"", ""span"": ""5175-5175"", ""birth_date"": ""1883-05-14"", ""credit"": ""מ. ע.""}"
person:2716	person	מלכה ראַבעל (ראַבּינאָוויטש)	Malkah Rabell	people_db	2716	entry_person_id:P-6-facs_171_tr_1747825166	matched		bio	"{""entry_type"": ""writer"", ""volume"": ""6"", ""span"": ""5176-5176"", ""credit"": ""ש. ע.""}"
person:2106	person	חקלאי (פעלדמאַן)	Khaklai	people_db	2106	entry_person_id:P-6-facs_172_tr_1747825165	matched		bio	"{""entry_type"": ""performer"", ""volume"": ""6"", ""span"": ""5177-5179"", ""birth_date"": ""1883-10-22"", ""credit"": ""מ. ע.""}"
place:Q925340	place	קאָניעוו	Koniukhy	wikidata_qid	Q925340	"{""kima_id"": """", ""lat"": """", ""lon"": """"}"	matched		bio	
person:1102	person	א. אַבּראַמאָוו (אברהם קאַגאַן)	A. Abramov	people_db	1102	entry_person_id:P-6-facs_173_tr_1747825113	matched		bio	"{""entry_type"": ""performer"", ""volume"": ""6"", ""span"": ""5180-5180"", ""birth_date"": ""1893-02-02""}"
person:2155	person	יצחק קרעלמאַן	Yitzhak Krelman	people_db	2155	entry_person_id:P-6-facs_174_tr_1747825082	matched		bio	"{""entry_type"": ""performer"", ""volume"": ""6"", ""span"": ""5182-5182"", ""birth_date"": ""1892-11-02"", ""death_date"": ""1966-07-12"", ""credit"": ""ש. ע. און ש. ע. פֿון אַברהם קירשענבוים.""}"
place:UPL-0257	place	בית עולם אין חולון					unmatched	attestation:unlinked	bio	
person:3791	person	רות רענעי (רייזעלע טאַבּאַקסבּלאַט)		people_db	3791	entry_person_id:P-6-facs_174_tr_1747825098	matched		bio	"{""entry_type"": ""performer"", ""volume"": ""6"", ""span"": ""5182-5184"", ""birth_date"": ""1899"", ""death_date"": ""1967-05-10""}"
person:1212	person	איידא בּאַדאַנעס	Ida Badanes	people_db	1212	entry_person_id:P-6-facs_176_tr_1747825145	matched		bio	"{""entry_type"": ""writer"", ""volume"": ""6"", ""span"": ""5185-5186"", ""birth_date"": ""1874""}"
person:3790	person	דוד איגנאַטאָוו (איגנאַטאָווסקי)		people_db	3790	entry_person_id:P-6-facs_177_tr_1747825182	matched		bio	"{""entry_type"": ""writer"", ""volume"": ""6"", ""span"": ""5187-5188"", ""birth_date"": ""1885-10-14"", ""death_date"": ""1954-02-26"", ""credit"": ""ש. ע פֿון זיין זון דניאַל.""}"
place:UPL-0258	place	ערן-אַלייע פֿון יידישע שרייבער אויפֿן אַרבעטער רינג בית עולם					unmatched	attestation:unlinked	bio	
person:2150	person	קראַסטאָשעווסקי	[?] Krastoshevsky	people_db	2150	entry_person_id:P-6-facs_178_tr_1747825088	matched		bio	"{""entry_type"": ""performer"", ""volume"": ""6"", ""span"": ""5189-5189""}"
place:Q869877	place	שפּאָלע	2006 Davidoff Swiss Indoors	wikidata_qid	Q869877	"{""kima_id"": """", ""lat"": """", ""lon"": """"}"	candidate		bio	
person:3805	person	דזשעין ראוז (צוקערמאַן)		people_db	3805	entry_person_id:P-6-facs_178_tr_1747825078	matched		bio	"{""entry_type"": ""writer"", ""volume"": ""6"", ""span"": ""5190-5192"", ""birth_date"": ""1880~"", ""death_date"": ""1927-07-14""}"
person:2901	person	סאָני שאַפּיראָ (נתנאל-דוד)	Sani Shapiro	people_db	2901	entry_person_id:P-6-facs_180_tr_1747825079	matched		bio	"{""entry_type"": ""performer"", ""volume"": ""6"", ""span"": ""5194-5194"", ""birth_date"": ""1861-03-25"", ""death_date"": ""1931-02-11"", ""credit"": ""ש. ע. און ש. ע. פֿון זיין פרוי און פֿון זלמן זילבערצווייג.""}"
person:2779	person	דבורה ראָזענבּלום	Devorah Rosenblum	people_db	2779	entry_person_id:P-6-facs_181_tr_1747825077	matched		bio	"{""entry_type"": ""performer"", ""volume"": ""6"", ""span"": ""5195-5195"", ""birth_date"": ""1909-12-06"", ""credit"": ""ש. ע.""}"
person:1702	person	בצלאל פרידמאַן	Betsalel Friedman	people_db	1702	entry_person_id:P-6-facs_181_tr_1747825054	matched		bio	"{""entry_type"": ""writer"", ""volume"": ""6"", ""span"": ""5196-5196"", ""birth_date"": ""1897""}"
person:3800	person	אייזיק גאָלדבערג		people_db	3800	entry_person_id:P-6-facs_182_tr_1747825093	matched		bio	"{""entry_type"": ""writer"", ""volume"": ""6"", ""span"": ""5197-5199"", ""birth_date"": ""1887-11-01"", ""credit"": ""ש. ע. פֿון זלמן זילבערצווייג און דר. אַברהם בערגער.""}"
place:UPL-0259	place	"בוקאַרעשטער בית עולם „פילענטראָפּיע"""					unmatched	attestation:unlinked	bio	
person:3783	person	בערטאַ ראָזענבּערג		people_db	3783	entry_person_id:P-6-facs_186_tr_1747825065	matched		bio	"{""entry_type"": ""performer"", ""volume"": ""6"", ""span"": ""5206-5207"", ""birth_date"": ""1899-10-25"", ""death_date"": ""1931-09-19"", ""credit"": ""מ. ע. און ש. ע. פֿון זלמן זילבערצווייג.""}"
person:3609	person	יאָסל קאַטלער		people_db	3609	entry_person_id:P-6-facs_187_tr_1747825092	matched		bio	"{""entry_type"": ""writer"", ""volume"": ""6"", ""span"": ""5208-5212"", ""birth_date"": ""1896-10"", ""death_date"": ""1935-06-12"", ""credit"": ""ק.'ס געדרוקטע פּיעסן:""}"
place:Q606706	place	טראָיאנעץ	Trostianets	wikidata_qid	Q606706	"{""kima_id"": """", ""lat"": """", ""lon"": """"}"	matched		bio	
place:UPL-0260	place	אויפֿן וועג פֿון מינעאָפּאָלס קיין דענווער					unmatched	attestation:unlinked	bio	
person:3803	person	ישראל ראַבינאָוויטש		people_db	3803	entry_person_id:P-6-facs_190_tr_1747825169	matched		bio	"{""entry_type"": ""writer"", ""volume"": ""6"", ""span"": ""5213-5219"", ""birth_date"": ""1894-09-15"", ""death_date"": ""1964-03-18"", ""credit"": ""ש. ע. פֿון זלמן זילבערצווייג.""}"
place:Q852398	place	בוטען	Buteni	wikidata_qid	Q852398	"{""kima_id"": """", ""lat"": """", ""lon"": """"}"	candidate		bio	
person_entry:P-6-facs_193_tr_1747825032	person	רייש, משה		entry_person_id	P-6-facs_193_tr_1747825032		unmatched		bio	"{""entry_type"": ""performer"", ""volume"": ""6"", ""span"": ""5220-5220"", ""birth_date"": ""1892-10-23""}"
person:1465	person	לואיס קופּערשמידט	Louis Coopersmith	people_db	1465	entry_person_id:P-6-facs_196_tr_1747825036	matched		bio	"{""entry_type"": ""performer"", ""volume"": ""6"", ""span"": ""5225-5225"", ""birth_date"": ""1874-03-15"", ""death_date"": ""1947-07-20"", ""credit"": ""מ. ע.""}"
person:3574	person	פרידאַ בּלומענטאַל		people_db	3574	entry_person_id:P-6-facs_196_tr_1747825052	matched		bio	"{""entry_type"": ""performer"", ""volume"": ""6"", ""span"": ""5226-5230"", ""death_date"": ""1947-04-16"", ""credit"": ""ש. ע. פֿון בעלאַ בעלערינאָ.""}"
place:UPL-0261	place	ראָטשילד שפּיטאָל					unmatched	attestation:unlinked	bio	
person:3801	person	א. ראַבאָי (אייזיק)		people_db	3801	entry_person_id:P-6-facs_199_tr_1747825102	matched		bio	"{""entry_type"": ""writer"", ""volume"": ""6"", ""span"": ""33-5236"", ""birth_date"": ""1882-11"", ""death_date"": ""1944-01-08"", ""credit"": ""ש. ע. פֿון יעקב טיקמאַן.""}"
place:Q21336249	place	זאַוואָליע		wikidata_qid	Q21336249	"{""kima_id"": """", ""lat"": """", ""lon"": """"}"	candidate		bio	
place:UPL-0262	place	דואַרטי סאַנאַטאָריום					unmatched	attestation:unlinked	bio	
person:3607	person	באָריס קאַדער		people_db	3607	entry_person_id:P-6-facs_202_tr_1747928985	matched		bio	"{""entry_type"": ""writer"", ""volume"": ""6"", ""span"": ""5237-5238"", ""birth_date"": ""1882-07-09"", ""death_date"": ""1958-01-27"", ""credit"": ""ש. ע.""}"
place:Q1020136	place	וואָליאַ	Wola	wikidata_qid	Q1020136	"{""kima_id"": ""18926"", ""lat"": """", ""lon"": """"}"	matched		bio	
place:UPL-0263	place	לאָמזשער בית עולם					unmatched	attestation:unlinked	bio	
place:Q816185	place	בעלסק	Bieĺsk	wikidata_qid	Q816185	"{""kima_id"": ""528"", ""lat"": """", ""lon"": """"}"	matched		bio	
person:2843	person	לייבּ שאוס	Leib Schaus	people_db	2843	entry_person_id:P-6-facs_226_tr_1747928986	matched		bio	"{""entry_type"": ""writer"", ""volume"": ""6"", ""span"": ""5285-5285"", ""birth_date"": ""1915-10-22"", ""death_date"": ""1967-12-28"", ""credit"": ""ש. ע. פֿון ראַביי עמוס שאוס.""}"
place:Q11555839	place	גאָרוד	Horado	wikidata_qid	Q11555839	"{""kima_id"": """", ""lat"": """", ""lon"": """"}"	candidate		bio	
place:Q487439	place	אוראַלסק	Oral	wikidata_qid	Q487439	"{""kima_id"": ""72301"", ""lat"": """", ""lon"": """"}"	matched		bio	
person:2161	person	יעקב קרעפּליאַק	Jacob Kreplak	people_db	2161	entry_person_id:P-6-facs_245_tr_1747928875	matched		bio	"{""entry_type"": ""writer"", ""volume"": ""6"", ""span"": ""5323-5323"", ""birth_date"": ""1885"", ""death_date"": ""1945-09-21""}"
person:2141	person	קאַרעס	[?] Kores	people_db	2141	entry_person_id:P-6-facs_246_tr_1747928955	matched		bio	"{""entry_type"": ""other"", ""volume"": ""6"", ""span"": ""5326-5326""}"
person:1870	person	אסתר גאָרעלאָוואַ-קאַגאַן	Esther Gorelova-Kogan	people_db	1870	entry_person_id:P-6-facs_246_r	matched		bio	"{""entry_type"": ""performer"", ""volume"": ""6"", ""span"": ""5326-5326"", ""birth_date"": ""1901-01-06"", ""death_date"": ""1927""}"
person:2132	person	לאה קאָמפּאַנעעץ (גאָטליבּ)	Leah Kompaneyets	people_db	2132	entry_person_id:P-6-facs_247_tr_1747928913	matched		bio	"{""entry_type"": ""performer"", ""volume"": ""6"", ""span"": ""5327-5328"", ""death_date"": ""1935-10-07""}"
place:UPL-0264	place	בען					unmatched	attestation:unlinked	bio	
person:3606	person	דזשייקאָב ר. שיף		people_db	3606	entry_person_id:P-6-facs_248_tr_1747928920	matched		bio	"{""entry_type"": ""other"", ""volume"": ""6"", ""span"": ""5329-5331"", ""birth_date"": ""1880"", ""death_date"": ""1949-01-10"", ""credit"": ""ש. ע. פֿון זלמן זילבערצווייג און יעקב טיקמאַן.""}"
place:Q913420	place	קרית יואל	Kiryas Joel	wikidata_qid	Q913420	"{""kima_id"": ""15756"", ""lat"": """", ""lon"": """"}"	candidate		bio	
person:3457	person	דזשעימז אַלבערט מילער		people_db	3457	entry_person_id:P-6-facs_249_tr_1747928987	matched		bio	"{""entry_type"": ""other"", ""volume"": ""6"", ""span"": ""5332-5335"", ""birth_date"": ""1903-01-10"", ""credit"": ""מ. און ש. ע.""}"
person:1679	person	ע. פרענק (עזריאל-נתן)	Ezriel Natan Frank	people_db	1679	entry_person_id:P-6-facs_251_tr_1747928968	matched		bio	"{""entry_type"": ""writer"", ""volume"": ""6"", ""span"": ""5336-5337"", ""birth_date"": ""1863"", ""death_date"": ""1924-02-01""}"
place:Q2917229	place	וואָדזיסלאָוו	Gmina Wodzisław	wikidata_qid	Q2917229	"{""kima_id"": """", ""lat"": """", ""lon"": """"}"	matched		bio	
person:2896	person	טשאַרלז שאַפּיראָ	Charles Shapiro	people_db	2896	entry_person_id:P-6-facs_252_tr_1747928995	matched		bio	"{""entry_type"": ""performer"", ""volume"": ""6"", ""span"": ""5338-5338"", ""birth_date"": ""1865"", ""death_date"": ""1909-06-30"", ""credit"": ""נעקראָלאָג.""}"
place:Q995159	place	טשעכאַנאָוויצע	Ciechanowice	wikidata_qid	Q995159	"{""kima_id"": """", ""lat"": """", ""lon"": """"}"	matched		bio	
person:3614	person	דוד קאַסעל		people_db	3614	entry_person_id:P-6-facs_253_tr_1747928926	matched		bio	"{""entry_type"": ""writer"", ""volume"": ""6"", ""span"": ""5339-5340"", ""birth_date"": ""1881-01-18"", ""death_date"": ""1935-05-11""}"
person:1368	person	רבקה בּאָיאַרסקא	Rivka Boyarska	people_db	1368	entry_person_id:P-6-facs_260_tr_1747928893	matched		bio	"{""entry_type"": ""composer"", ""volume"": ""6"", ""span"": ""5354, -, 5350"", ""birth_date"": ""1893"", ""death_date"": ""1967-04-26"", ""credit"": ""ש. ע. און ש. ע. פון י. ליובאָמירסקי""}"
place:Q4394270	place	רזשיטשעוו	Rzhyshchiv	wikidata_qid	Q4394270	"{""kima_id"": ""13452"", ""lat"": """", ""lon"": """"}"	matched		bio	
person:767	person	פרענק וואָלף	Frank Wolf	people_db	767	entry_person_id:P-6-facs_262_tr_1747928892	matched		bio	"{""entry_type"": ""administrator"", ""volume"": ""6"", ""span"": ""5357-5359""}"
person:2739	person	משה ראַטנער	Moshe Ratner	people_db	2739	entry_person_id:P-6-facs_263_tr_1747928942	matched		bio	"{""entry_type"": ""writer"", ""volume"": ""6"", ""span"": ""5360-5360"", ""birth_date"": ""1879~"", ""death_date"": ""1910~"", ""credit"": ""ש. ע. פֿון הערי וויינבערג.""}"
person:1478	person	מיכל דאַווידזאָן	Mikhl Davidzon	people_db	1478	entry_person_id:P-6-facs_264_tr_1747928896	matched		bio	"{""entry_type"": ""writer"", ""volume"": ""6"", ""span"": ""5361-5362"", ""birth_date"": ""1883"", ""death_date"": ""1941-12-01""}"
person:2389	person	חיים (-משה-יואל) מאַרגאָליס-דאַווידזאָן	Chaim Margoles-Davidzon	people_db	2389	entry_person_id:P-6-facs_265_r	matched		bio	"{""entry_type"": ""writer"", ""volume"": ""6"", ""span"": ""5364-5365"", ""birth_date"": ""1891-01-14"", ""death_date"": ""1960-03-02""}"
place:Q3545343	place	זופּראַן	Župrany	wikidata_qid	Q3545343	"{""kima_id"": """", ""lat"": """", ""lon"": """"}"	matched		bio	
person:3788	person	הירש רייטמאַן		people_db	3788	entry_person_id:P-6-facs_268_tr_1747928948	matched		bio	"{""entry_type"": ""writer"", ""volume"": ""6"", ""span"": ""5369-5371"", ""birth_date"": ""1808-03-03"", ""death_date"": ""1866-01-10""}"
place:UPL-0265	place	יידישער קאָלאָניע					unmatched	attestation:unlinked	bio	
place:Q997335	place	נעמיראָוו	Nemyriv	wikidata_qid	Q997335	"{""kima_id"": ""27168"", ""lat"": """", ""lon"": """"}"	matched		bio	
person:2746	person	שרה רייזען	Sara Reisen	people_db	2746	entry_person_id:P-6-facs_290_tr_1747928961	matched		bio	"{""entry_type"": ""writer"", ""volume"": ""6"", ""span"": ""5414-5414"", ""birth_date"": ""1885-10""}"
place:Q183048	place	קאַידענאָוו	The Beach Boys	wikidata_qid	Q183048	"{""kima_id"": """", ""lat"": """", ""lon"": """"}"	candidate		bio	
person:2900	person	פּנחס שאַפּיראָ	Pinchas Shapiro	people_db	2900	entry_person_id:P-6-facs_299_r	matched		bio	"{""entry_type"": ""performer"", ""volume"": ""6"", ""span"": ""5432-5432"", ""credit"": ""מ. ע. פֿון יצחק ליברעסקאָ.""}"
person_entry:P-6-facs_327_tr_1747930566	person	"„ליטעראַרישע טרופּע""."		entry_person_id	P-6-facs_327_tr_1747930566		unmatched		bio	"{""entry_type"": ""performer"", ""volume"": ""6"", ""span"": ""3-5615"", ""birth_date"": ""1870"", ""death_date"": ""1925-12-27"", ""credit"": ""ש. ע. פֿון זלמן זילבערצווייג און מאיר מעלמאַן.""}"
place:UPL-0266	place	וואַרשעווער בית עולם					unmatched	attestation:unlinked	bio	
person:2756	person	מאַקאַר רעזניקאָוו	Makar Osipovitsh Reznikov	people_db	2756	entry_person_id:P-6-facs_391_tr_1747930571	matched		bio	"{""entry_type"": ""performer"", ""volume"": ""6"", ""span"": ""5616-5616""}"
place:UPL-0267	place	טווערער גובערניע					unmatched	attestation:unlinked	bio	
person_entry:P-6-facs_392_r	person	הערשעלע אַסטראָפאָלער		entry_person_id	P-6-facs_392_r		unmatched		bio	"{""entry_type"": ""other"", ""volume"": ""6"", ""span"": ""5617-5639"", ""birth_date"": ""17XX"", ""death_date"": ""18XX""}"
place:Q805554	place	באַלטע	Balta	wikidata_qid	Q805554	"{""kima_id"": ""21649"", ""lat"": ""47.936111"", ""lon"": ""29.622500""}"	matched		bio	
person:1956	person	קלאַראַ האַבּערמאַן (פריימאַן)	Clara Haberman	people_db	1956	entry_person_id:P-6-facs_403_tr_1747930160	matched		bio	"{""entry_type"": ""performer"", ""volume"": ""6"", ""span"": ""5640-5641"", ""birth_date"": ""1900-04-08"", ""credit"": ""ש. ע. פֿון איר מאַן יוסף האָבערמאַן.""}"
person:2124	person	מאַקס קלעטער	Max Kletter	people_db	2124	entry_person_id:P-6-facs_404_tr_1747930204	matched		bio	"{""entry_type"": ""performer"", ""volume"": ""6"", ""span"": ""5642-5643"", ""birth_date"": ""1901-05-01"", ""death_date"": ""1952-04-07"", ""credit"": ""ש. ע. פֿון זלמן זילבערצווייג און ראוז פּיוואָר.""}"
place:UPL-0268	place	רוטיניאַ					unmatched	attestation:unlinked	bio	
person:1854	person	שמואליקל גאָלדשטיין	Shmulik Goldstein	people_db	1854	entry_person_id:P-6-facs_406_tr_1747930314	matched		bio	"{""entry_type"": ""performer"", ""volume"": ""6"", ""span"": ""5645-5645"", ""birth_date"": ""1908-11"", ""credit"": ""מ. ע.""}"
person:2349	person	יהושע ליובאָמירסקי	Yeshua Lubomirski	people_db	2349	entry_person_id:P-6-facs_406_tr_1747930311	matched		bio	"{""entry_type"": ""writer"", ""volume"": ""6"", ""span"": ""5646-5647"", ""birth_date"": ""1884""}"
person:3797	person	אליעזר שטיינבּאַרג		people_db	3797	entry_person_id:P-6-facs_413_tr_1747930424	matched		bio	"{""entry_type"": ""writer"", ""volume"": ""6"", ""span"": ""3865-5664"", ""birth_date"": ""1880"", ""death_date"": ""1932-03-28"", ""credit"": ""ש. ע. פֿון שלמה ביקל און י. קאַראָ.""}"
place:Q2057040	place	ליפקאַן	Lipcani	wikidata_qid	Q2057040	"{""kima_id"": """", ""lat"": """", ""lon"": """"}"	candidate		bio	
person:2071	person	אולריך קאַלמוס	Ulrich Kalmus	people_db	2071	entry_person_id:P-6-facs_417_tr_1747930467	matched		bio	"{""entry_type"": ""writer"", ""volume"": ""6"", ""span"": ""5667-5667"", ""credit"": ""ש. ע. פֿון יעקב טיקמאַן.""}"
place:UPL-0269	place	בולאַנטאַנער יידישן בית עולם					unmatched	attestation:unlinked	bio	
place:UPL-0270	place	אַ קליין שטעטל נעבן גראָדנע					unmatched	attestation:unlinked	bio	
person:3799	person	רודאָלף קריסטיאַן		people_db	3799	entry_person_id:P-6-facs_424_tr_1747930495	matched		bio	"{""entry_type"": ""performer"", ""volume"": ""6"", ""span"": ""5682-5682""}"
person:1697	person	סאַראַ פרידמאַן (שרה גלעוויצקאַ)	Sara Fridman	people_db	1697	entry_person_id:P-6-facs_425_r_5	matched		bio	"{""entry_type"": ""group"", ""volume"": ""6"", ""span"": ""5683-5692"", ""credit"": ""ש. ע. פֿון חיים וויינשל.""}"
person:2084	person	ליבּע קאַרליק (לינאַ)	Liba Karlik	people_db	2084	entry_person_id:P-6-facs_430_tr_1747930458	matched		bio	"{""entry_type"": ""performer"", ""volume"": ""6"", ""span"": ""5693-5693"", ""birth_date"": ""1875-03-15"", ""death_date"": ""1929-12"", ""credit"": ""ש. ע.""}"
person_entry:P-6-facs_435_r	person	קליוולאַנד טעאַטער סטודיאַ ביי דער אידישער קולטור-געזעלשאַפט		entry_person_id	P-6-facs_435_r		unmatched		bio	"{""entry_type"": ""group"", ""volume"": ""6"", ""span"": ""5703-5739"", ""birth_date"": ""1910"", ""credit"": ""ש. ע. פֿון שייע נעשקין.""}"
person:1477	person	אפרים דאַווידזאָהן	Efrayim Davidzon	people_db	1477	entry_person_id:P-6-facs_453_tr_1747930493	matched		bio	"{""entry_type"": ""writer"", ""volume"": ""6"", ""span"": ""5740-5740"", ""birth_date"": ""1899-06-21"", ""death_date"": ""1964"", ""credit"": ""ש. ע.""}"
place:Q554580	place	דאָמבראָוונע	Gmina Dąbrówno	wikidata_qid	Q554580	"{""kima_id"": """", ""lat"": """", ""lon"": """"}"	matched		bio	
place:UPL-0271	place	אין שטוב					unmatched	attestation:unlinked	bio	
person:3608	person	סאָלאָמאָן קאַהאַן (שלמה)		people_db	3608	entry_person_id:P-6-facs_459_tr_1747930174	matched		bio	"{""entry_type"": ""writer"", ""volume"": ""6"", ""span"": ""5752-5758"", ""birth_date"": ""1896-06-02"", ""death_date"": ""1965-03-04"", ""credit"": ""מ. ע. פֿון זיין פרוי ליזאַ.""}"
place:Q1799	place	ברעסלוי	Wrocław	wikidata_qid	Q1799	"{""kima_id"": ""951"", ""lat"": ""51.110000"", ""lon"": ""17.032500""}"	matched		bio	
person:2104	person	דוד קייזעראָוויטש	David Keyzerovitsh	people_db	2104	entry_person_id:P-6-facs_463_tr_1747930274	matched		bio	"{""entry_type"": ""performer"", ""volume"": ""6"", ""span"": ""5760-5760"", ""birth_date"": ""1889"", ""death_date"": ""1932-03-23"", ""credit"": ""ש. ע.""}"
person:2862	person	מאַרגאַרעטאַ שוואַרץ	Margareta Schwartz	people_db	2862	entry_person_id:P-6-facs_464_tr_1747930212	matched		bio	"{""entry_type"": ""performer"", ""volume"": ""6"", ""span"": ""5761-5761"", ""birth_date"": ""1858-02-26"", ""death_date"": ""1914-02-13"", ""credit"": ""מ. ע. פֿון איר זון דר. דזשאָן מ. ווערבל און פֿון בינע אַבראַמאָוויטש.""}"
place:UPL-0272	place	הר נבו בית עולם					unmatched	attestation:unlinked	bio	
person:3621	person	פייפער שייקע		people_db	3621	entry_person_id:P-6-facs_464_tr_1747930221	matched		bio	"{""entry_type"": ""performer"", ""volume"": ""6"", ""span"": ""5761-5763""}"
person:3025	person	גיטל שטיין	Gitel Stein	people_db	3025	entry_person_id:P-6-facs_465_tr_1747930358	matched		bio	"{""entry_type"": ""performer"", ""volume"": ""6"", ""span"": ""5764-5764"", ""credit"": ""מ. ע.""}"
person:1335	person	יעטע בלאָק[ך]	Yetta Block	people_db	1335	entry_person_id:P-6-facs_466_tr_1747930136	matched		bio	"{""entry_type"": ""writer"", ""volume"": ""6"", ""span"": ""5765-5766"", ""credit"": ""ש. ע. פֿון מ. קופּער און זלמן קערשטיין.""}"
person:1659	person	בערטאַ פישלער	Berta Fishler	people_db	1659	entry_person_id:P-6-facs_467_tr_1747930273	matched		bio	"{""entry_type"": ""performer"", ""volume"": ""6"", ""span"": ""5767-5767"", ""birth_date"": ""1875~"", ""credit"": ""מ. ע. פֿון יוליוס גוטמאַן, גרשום באַדער און בנימין רעסלער.""}"
person:3592	person	ישעיה-מאיר פינקעלשטיין		people_db	3592	entry_person_id:P-6-facs_468_tr_1747930432	matched		bio	"{""entry_type"": ""writer"", ""volume"": ""6"", ""span"": ""5769-5782"", ""birth_date"": ""1805/1806"", ""death_date"": ""1870/1871"", ""credit"": ""ש. ע. פֿון י. קאַראָ.""}"
place:Q2079	place	לייפציג	Leipzig	wikidata_qid	Q2079	"{""kima_id"": ""579"", ""lat"": ""51.340632"", ""lon"": ""12.374733""}"	matched		bio	
person:1409	person	דוד בּרוין	David Brown	people_db	1409	entry_person_id:P-6-facs_475_r	matched		bio	"{""entry_type"": ""group"", ""volume"": ""6"", ""span"": ""5783-5907"", ""birth_date"": ""1925-12-15"", ""death_date"": ""1940"", ""credit"": ""ש. ע. פֿון זלמן זילבערצווייג, יעקב טיקמאַן און הערשל ראָזען.""}"
person:1695	person	לייב פרידמאַן	Leyb Fridman	people_db	1695	entry_person_id:P-6-facs_537_tr_1747930464	matched		bio	"{""entry_type"": ""performer"", ""volume"": ""6"", ""span"": ""5908-5908"", ""birth_date"": ""1896-05-03"", ""death_date"": ""1968-10"", ""credit"": ""ש. ע.""}"
place:Q1335	place	מאנטעווידעא	Montevideo	wikidata_qid	Q1335	"{""kima_id"": ""7220"", ""lat"": ""-34.905917"", ""lon"": ""-56.191311""}"	matched		bio	
person:2591	person	סעם אַגורסקי (שמואל)	Sam Ogursky	people_db	2591	entry_person_id:P-6-facs_564_r_27	matched		bio	"{""entry_type"": ""writer"", ""volume"": ""6"", ""span"": ""5962-5962"", ""birth_date"": ""1884-04-15"", ""credit"": ""ש. ע. פֿון חיים-לייב פוקס.""}"
person_entry:P-6-facs_566_r_2	person	"""יידישע מוזיקאַלישע טעאַטער גרופּע"" (פילאָדעלפּיע)"		entry_person_id	P-6-facs_566_r_2		unmatched		bio	"{""entry_type"": ""group"", ""volume"": ""6"", ""span"": ""5965-5965"", ""credit"": ""ש. ע. פון חיהלע אש""}"
person:1712	person	אברהם פורמאַן	Avraham Fuhrman	people_db	1712	entry_person_id:P-6-facs_566_tr_1752130132	matched		bio	"{""entry_type"": ""performer"", ""volume"": ""6"", ""span"": ""3982-6037"", ""birth_date"": ""1922-01-24"", ""credit"": ""ש. ע. פֿון יעקב טיקמאַן.""}"
person:1668	person	פלייסיג	[?] Fleisig	people_db	1668	entry_person_id:P-6-facs_602_tr_1747930276	matched		bio	"{""entry_type"": ""administrator"", ""volume"": ""6"", ""span"": ""6038-6038"", ""credit"": ""ש. ע. פֿון שלום פּערלמוטער און ראוז פּיוואַר.""}"
person:2883	person	מאַרווין זייגער	Marvin L. Seiger	people_db	2883	entry_person_id:P-6-facs_603_r	matched		bio	"{""entry_type"": ""writer"", ""volume"": ""6"", ""span"": ""6039-6040"", ""birth_date"": ""1924-04-14"", ""credit"": ""ש. ע.""}"
person:3580	person	מאָריס געלבער		people_db	3580	entry_person_id:P-6-facs_604_tr_1747930212	matched		bio	"{""entry_type"": ""performer"", ""volume"": ""6"", ""span"": ""6041-6042"", ""birth_date"": ""1891"", ""death_date"": ""1954-07-30"", ""credit"": ""מ. ע. פֿון מאָריס בראון.""}"
person:1737	person	געניאַ געלבער	Genia Gelber	people_db	1737	entry_person_id:P-6-facs_605_tr_1747930533	matched		bio	"{""entry_type"": ""performer"", ""volume"": ""6"", ""span"": ""6043-6043"", ""birth_date"": ""1899-09-10"", ""credit"": ""מ. ע. פֿון מאָריס בראון.""}"
person:1898	person	אפּרים גריידיקער	Efrim Greidiker	people_db	1898	entry_person_id:P-6-facs_605_tr_1747930539	matched		bio	"{""entry_type"": ""performer"", ""volume"": ""6"", ""span"": ""6044-6044""}"
place:Q724115	place	גריידיק	Gródek	wikidata_qid	Q724115	"{""kima_id"": """", ""lat"": """", ""lon"": """"}"	candidate		bio	
place:Q4323336	place	נאָוואָוויטעבסק	Novovitebske	wikidata_qid	Q4323336	"{""kima_id"": """", ""lat"": """", ""lon"": """"}"	matched		bio	
person:1972	person	משה האַר	Moshe Harr	people_db	1972	entry_person_id:P-6-facs_608_tr_1747930290	matched		bio	"{""entry_type"": ""director_regisseur"", ""volume"": ""6"", ""span"": ""6050-6051"", ""birth_date"": ""1898"", ""death_date"": ""1966-09-17"", ""credit"": ""מ. ע. פֿון זיין פרוי מאלי.""}"
place:Q1022711	place	דזשיקעוו	CACI	wikidata_qid	Q1022711	"{""kima_id"": """", ""lat"": """", ""lon"": """"}"	candidate		bio	
place:Q148997	place	מאלין	Malyn	wikidata_qid	Q148997	"{""kima_id"": ""27167"", ""lat"": """", ""lon"": """"}"	matched		bio	
person:3583	person	מאו זאָלאָטאַראָף		people_db	3583	entry_person_id:P-6-facs_639_tr_1747930195	matched		bio	"{""entry_type"": ""other"", ""volume"": ""6"", ""span"": ""6111-6115"", ""birth_date"": ""1897"", ""credit"": ""מ. ע.""}"
place:Q161980	place	טשיגרין	Chyhyryn	wikidata_qid	Q161980	"{""kima_id"": ""19211"", ""lat"": ""49.083333"", ""lon"": ""32.666667""}"	matched		bio	
person:3615	person	"ש.י. קאַצענעלנבויגען (רש""י)"		people_db	3615	entry_person_id:P-6-facs_641_tr_1747930520	matched		bio	"{""entry_type"": ""administrator"", ""volume"": ""6"", ""span"": ""6116-6116"", ""birth_date"": ""1901-12"", ""credit"": ""ש. ע. פֿון חיהלע אַש.""}"
person:2845	person	לעאָן שעכטער	Leon Schechter	people_db	2845	entry_person_id:P-6-facs_642_tr_1747930358	matched		bio	"{""entry_type"": ""performer"", ""volume"": ""6"", ""span"": ""6117-6117"", ""birth_date"": ""1900"", ""credit"": ""ש. ע. פֿון הערי וויינבערג.""}"
person:3233	person	מילטאָן וויינטרויבּ	Milton Weintraub	people_db	3233	entry_person_id:P-6-facs_642_tr_1747930347	matched		bio	"{""entry_type"": ""administrator"", ""volume"": ""6"", ""span"": ""6118-6118"", ""birth_date"": ""1897-11-24"", ""death_date"": ""1968-11-17"", ""credit"": ""ש. ע. פֿון פֿרענציס וויינטרויב.""}"
person:3027	person	העראָלד שטערנבערג	Harold Sternberg	people_db	3027	entry_person_id:P-6-facs_644_r	matched		bio	"{""entry_type"": ""performer"", ""volume"": ""6"", ""span"": ""6121-6121"", ""birth_date"": ""1909-10-22"", ""credit"": ""מ. ע.""}"
place:UPL-0273	place	דערפל זאַאיטשע					unmatched	attestation:unlinked	bio	
person:2091	person	סוזי קעסטין (סילווער)	Suzi Kasten	people_db	2091	entry_person_id:P-6-facs_648_tr_1747930309	matched		bio	"{""entry_type"": ""performer"", ""volume"": ""6"", ""span"": ""6129-6129"", ""death_date"": ""1944-09-08"", ""credit"": ""מ. ע. פֿון סעם און לואי קעססין.""}"
person_entry:P-6-facs_648_tr_1747930316	person	וועליטשאַנסקי, ישראל		entry_person_id	P-6-facs_648_tr_1747930316		unmatched		bio	"{""entry_type"": ""performer"", ""volume"": ""6"", ""span"": ""6130-6131"", ""credit"": ""ש. ע.""}"
person:2169	person	אייב קובאַנסקי	Abraham Kubansky	people_db	2169	entry_person_id:P-6-facs_649_tr_1747930511	matched		bio	"{""entry_type"": ""performer"", ""volume"": ""6"", ""span"": ""6132-6132"", ""birth_date"": ""1882-11-22"", ""death_date"": ""1965-05-22"", ""credit"": ""ש. ע. פֿון אַנאַטאָל ווינאָגראַדאָוו.""}"
person_entry:P-6-facs_650_tr_1747931534	person	אונדזערע בויער		entry_person_id	P-6-facs_650_tr_1747931534		unmatched		bio	"{""volume"": ""6"", ""span"": ""1-1""}"
person_entry:P-6-facs_650_tr_1747931535	person	שמואל בריינין		entry_person_id	P-6-facs_650_tr_1747931535		unmatched		bio	"{""entry_type"": ""other"", ""volume"": ""6"", ""span"": ""1-1""}"
place:UPL-0274	place	ליווזנע					unmatched	attestation:unlinked	bio	
person_entry:P-6-facs_651_r	person	ניומאַן יעקב		entry_person_id	P-6-facs_651_r		unmatched		bio	"{""entry_type"": ""performer"", ""volume"": ""6"", ""span"": ""2-2"", ""birth_date"": ""1900-06-04"", ""death_date"": ""1966-07-29""}"
person_entry:P-6-facs_652_tr_1747931529	person	נתן פֿודעמבערג		entry_person_id	P-6-facs_652_tr_1747931529		unmatched		bio	"{""entry_type"": ""writer"", ""volume"": ""6"", ""span"": ""3-3"", ""birth_date"": ""1896-05-15"", ""death_date"": ""1967-07-28""}"
place:Q1613105	place	סאָקאָלאָוו פּאָדלאָסקי	Sokołów Podlaski	wikidata_qid	Q1613105	"{""kima_id"": ""17745"", ""lat"": """", ""lon"": """"}"	matched		bio	
person_entry:P-6-facs_652_r	person	מערי ריטשמאַן		entry_person_id	P-6-facs_652_r		unmatched		bio	"{""entry_type"": ""other"", ""volume"": ""6"", ""span"": ""3-3"", ""birth_date"": ""1888-05-20""}"
place:UPL-0275	place	סטאַראָ ביכל					unmatched	attestation:unlinked	bio	
person_entry:P-6-facs_654_r	person	ווילי שאָר		entry_person_id	P-6-facs_654_r		unmatched		bio	"{""entry_type"": ""administrator"", ""volume"": ""6"", ""span"": ""5-5""}"
place:Q149201	place	איטשנע	Ichnia	wikidata_qid	Q149201	"{""kima_id"": """", ""lat"": """", ""lon"": """"}"	matched		bio	
person_entry:P-6-facs_654_r_1	person	מ. נ. וואָלפּערט		entry_person_id	P-6-facs_654_r_1		unmatched		bio	"{""entry_type"": ""administrator"", ""volume"": ""6"", ""span"": ""6-6"", ""birth_date"": ""1874-08-09"", ""death_date"": ""1954""}"
person_entry:P-6-facs_655_tr_1747931510	person	מאָריס וויינבערגער		entry_person_id	P-6-facs_655_tr_1747931510		unmatched		bio	"{""entry_type"": ""administrator"", ""volume"": ""6"", ""span"": ""6-6""}"
person:1677	person	בעלאַ פרענק	Bela Frank	people_db	1677	entry_person_id:P-6-facs_656_tr_1747931530	matched		bio	"{""entry_type"": ""musician"", ""volume"": ""6"", ""span"": ""7-7""}"
person_entry:P-6-facs_657_tr_1747931522	person	ישראליק-מנהם הערמעלין		entry_person_id	P-6-facs_657_tr_1747931522		unmatched		bio	"{""entry_type"": ""performer"", ""volume"": ""6"", ""span"": ""8-8"", ""birth_date"": ""1900-07-20""}"
person_entry:P-6-facs_658_tr_1747931529	person	ליטוואַק אייזיק (יצחק)		entry_person_id	P-6-facs_658_tr_1747931529		unmatched		bio	"{""entry_type"": ""union"", ""volume"": ""6"", ""span"": ""9-9"", ""birth_date"": ""1892""}"
person_entry:P-6-facs_659_tr_1747931536	person	דזשאָרדזש מ. זעלצער		entry_person_id	P-6-facs_659_tr_1747931536		unmatched		bio	"{""entry_type"": ""administrator"", ""volume"": ""6"", ""span"": ""10-10"", ""birth_date"": ""1922-05-18""}"
person:3802	person	יוסף קאַמיען (אָסיאַ)		people_db	3802	entry_person_id:P-6-facs_660_tr_1747931528	matched		bio	"{""entry_type"": ""administrator"", ""volume"": ""6"", ""span"": ""10-10"", ""birth_date"": ""1896-01""}"
place:UPL-0276	place	פֿאָבאָלאָוו					unmatched	attestation:unlinked	bio	
person_entry:P-6-facs_660_tr_1747931529	person	אַננאַ לייקין		entry_person_id	P-6-facs_660_tr_1747931529		unmatched		bio	"{""entry_type"": ""other"", ""volume"": ""6"", ""span"": ""12-12"", ""death_date"": ""1968-02-28""}"
place:Q5016803	place	וויזון	Vyžuonos	wikidata_qid	Q5016803	"{""kima_id"": """", ""lat"": """", ""lon"": """"}"	matched		bio	
person_entry:P-6-facs_660_r	person	משה לעסער (לאזניק)		entry_person_id	P-6-facs_660_r		unmatched		bio	"{""entry_type"": ""writer"", ""volume"": ""6"", ""span"": ""12-12"", ""birth_date"": ""1897""}"
place:Q427726	place	ווישקאָוו	Wyszków County	wikidata_qid	Q427726	"{""kima_id"": """", ""lat"": """", ""lon"": """"}"	candidate		bio	
person_entry:P-6-facs_662_tr_1747931526	person	דען און רעבעקאַ פֿראָהמאַן		entry_person_id	P-6-facs_662_tr_1747931526		unmatched		bio	"{""entry_type"": ""musician"", ""volume"": ""6"", ""span"": ""13-13"", ""birth_date"": ""1905""}"
person:3578	person	סעם בּראנעצקי (יאַקובאָוויטש)		people_db	3578	entry_person_id:P-6-facs_663_r_1	matched		bio	"{""entry_type"": ""writer"", ""volume"": ""6"", ""span"": ""14-14"", ""birth_date"": ""1889""}"
person_entry:P-6-facs_663_r_2	person	נתן פּ. ראָזען		entry_person_id	P-6-facs_663_r_2		unmatched		bio	"{""entry_type"": ""other"", ""volume"": ""6"", ""span"": ""15-15""}"
place:Q388079	place	וולאדימירעץ	Volodymyrets Raion	wikidata_qid	Q388079	"{""kima_id"": """", ""lat"": """", ""lon"": """"}"	candidate		bio	
person_entry:P-6-facs_664_r_1	person	הערי שומער		entry_person_id	P-6-facs_664_r_1		unmatched		bio	"{""entry_type"": ""administrator"", ""volume"": ""6"", ""span"": ""15-15"", ""birth_date"": ""1896-08-29""}"
person_entry:P-6-facs_665_r	person	משה אַלבין-ביאַליק		entry_person_id	P-6-facs_665_r		unmatched		bio	"{""entry_type"": ""performer"", ""volume"": ""6"", ""span"": ""16-16"", ""birth_date"": ""1895"", ""death_date"": ""1967-05-19""}"
person_entry:P-6-facs_665_r_1	person	שבתי (שעפּסל) סולקעס		entry_person_id	P-6-facs_665_r_1		unmatched		bio	"{""entry_type"": ""administrator"", ""volume"": ""6"", ""span"": ""17-17"", ""birth_date"": ""1914"", ""death_date"": ""1965-12-27""}"
person_entry:P-6-facs_666_r	person	פּאול ווהייטמאַן		entry_person_id	P-6-facs_666_r		unmatched		bio	"{""entry_type"": ""performer"", ""volume"": ""6"", ""span"": ""17-17"", ""birth_date"": ""1904-01-03"", ""death_date"": ""1955-08-03""}"
place:Q11780346	place	מיעלניץ	Mielnica	wikidata_qid	Q11780346	"{""kima_id"": """", ""lat"": """", ""lon"": """"}"	candidate		bio	
person_entry:P-6-facs_667_r_2	person	עמאַ שייווער		entry_person_id	P-6-facs_667_r_2		unmatched		bio	"{""entry_type"": ""other"", ""volume"": ""6"", ""span"": ""18-18""}"
person_entry:P-6-facs_667_r	person	קרכנות פון די נאַצישע רדצחים		entry_person_id	P-6-facs_667_r		unmatched		bio	"{""entry_type"": ""performer"", ""volume"": ""6"", ""span"": ""18-18""}"
person:3591	person	לילי פיינמאַן (לאה)		people_db	3591	entry_person_id:P-6-facs_192_tr_1747825120	matched		bio	"{""entry_type"": ""performer"", ""volume"": ""6"", ""span"": ""5218-5219"", ""credit"": ""מ. ע. פֿון צילי אַדלער""}"
person_entry:P-6-facs_123_tr_1747825171	person	אייזענבערג, מאיר		entry_person_id	P-6-facs_123_tr_1747825171		unmatched		bio	"{""entry_type"": ""director_regisseur"", ""volume"": ""6"", ""birth_date"": ""1896"", ""death_date"": ""1966-05-08""}"
place:UPL-0277	place	גאָווערטשעוו					unmatched	no_attestation	bio	
place:UPL-0278	place	מיאַמי ביעטש					unmatched	no_attestation	bio	
person:3644	person	וויקטאָר כענקין (וולאַדימיר)		people_db	3644	entry_person_id:P-7-facs_8_r_3	matched		bio	"{""entry_type"": ""performer"", ""volume"": ""7"", ""span"": ""1133-6136"", ""birth_date"": ""1883-12-20"", ""death_date"": ""1953-04-17""}"
place:Q908	place	ראָסטאָוו	Rostov-on-Don	wikidata_qid	Q908	"{""kima_id"": ""9052"", ""lat"": ""47.2225"", ""lon"": ""39.71""}"	matched		bio	
person:2129	person	(יעקב) קאַָפלער-לעמקאַוו	[Yakov?] Kofler-Lemkov	people_db	2129	entry_person_id:P-7-facs_10_r_5	matched		bio	"{""entry_type"": ""performer"", ""volume"": ""7"", ""span"": ""6139-6139"", ""credit"": ""מ. ע. פֿון פערדינאַנד שטויב, יחיאָל לאַנדוי, יאָסל טשיזשיק און בערנאַרד פישמאַן.""}"
person:1302	person	היים ביילאָגלאָווסקי (ביעלווסקי, הום בעלקין דוד)	Chaim Bieloglovski	people_db	1302	entry_person_id:P-7-facs_11_r_2	matched		bio	"{""entry_type"": ""performer"", ""volume"": ""7"", ""span"": ""6142-6142"", ""birth_date"": ""1855~"", ""death_date"": ""1908"", ""credit"": ""מ. ע. פֿון כיענאַ בראגינסקא, ס. קרויזע, מישע בודקין און אבאַ קאָמפּאַנעעץ.""}"
person:3631	person	י. בערנאַס		people_db	3631	entry_person_id:P-7-facs_12_tr_1756389600	matched		bio	"{""entry_type"": ""writer"", ""volume"": ""7"", ""span"": ""6143-6145""}"
person:1201	person	עוואַ אוואכער (ליטווין חוה)	Eva Avakher	people_db	1201	entry_person_id:P-7-facs_13_r_4	matched		bio	"{""entry_type"": ""performer"", ""volume"": ""7"", ""span"": ""6146-6146"", ""credit"": ""מ. ע. פֿון מישע בודקין אין יעקב גאַרטעלעוויטש.""}"
place:Q867722	place	טשיטשערסק	Chachersk	wikidata_qid	Q867722	"{""kima_id"": ""682"", ""lat"": """", ""lon"": """"}"	candidate		bio	
person:3650	person	יעקב ציפקוס (ציפעס, יעקב זיידל)		people_db	3650	entry_person_id:P-7-facs_14_r_5	matched		bio	"{""entry_type"": ""performer"", ""volume"": ""7"", ""span"": ""6147-6149"", ""birth_date"": ""1852"", ""death_date"": ""1935"", ""credit"": ""ש. ע.""}"
place:Q2511152	place	מאכניווקא	Makhnivka	wikidata_qid	Q2511152	"{""kima_id"": ""69933"", ""lat"": """", ""lon"": """"}"	matched		bio	
person:3111	person	אַנעטאַ ציפקוס (פויגעל איטע)	Aneta Tsipkus	people_db	3111	entry_person_id:P-7-facs_15_r_3	matched		bio	"{""entry_type"": ""performer"", ""volume"": ""7"", ""span"": ""6150-6150"", ""birth_date"": ""1865"", ""death_date"": ""1931-08-20""}"
person:3647	person	מאַריאַ אָרסקאַ (מרים-רחל)		people_db	3647	entry_person_id:P-7-facs_16_r_2	matched		bio	"{""entry_type"": ""performer"", ""volume"": ""7"", ""span"": ""6151-6153"", ""birth_date"": ""1886"", ""death_date"": ""1930-05""}"
person_entry:P-7-facs_17_tr_1756390458	person	"""באַלאַגאַניידען"""		entry_person_id	P-7-facs_17_tr_1756390458		unmatched		bio	"{""entry_type"": ""theatre"", ""volume"": ""7"", ""span"": ""6154-6154""}"
person:3639	person	יעקב גוזיק		people_db	3639	entry_person_id:P-7-facs_18_tr_1756799204	matched		bio	"{""entry_type"": ""performer"", ""volume"": ""7"", ""span"": ""6155-6156"", ""birth_date"": ""1877"", ""death_date"": ""1952"", ""credit"": ""ש. ע. פֿון יהושע טייל און זלמן זילבערצווייג.""}"
person_entry:P-7-facs_19_r	person	"„הכל הבל"""		entry_person_id	P-7-facs_19_r		unmatched		bio	"{""entry_type"": ""group"", ""volume"": ""7"", ""span"": ""6159-6159""}"
person:3652	person	ל. זשיטניצקי (פנחס אליעזר)		people_db	3652	entry_person_id:P-7-facs_19_r_7	matched		bio	"{""entry_type"": ""writer"", ""volume"": ""7"", ""span"": ""6160-6162"", ""birth_date"": ""1894-10-30"", ""death_date"": ""1967-01-24"", ""credit"": ""ש. ע. פֿון זלמן זילבערצווייג.""}"
person:3643	person	חבל כץ		people_db	3643	entry_person_id:P-7-facs_21_tr_1756831761	matched		bio	"{""entry_type"": ""performer"", ""volume"": ""7"", ""span"": ""6163-6166"", ""birth_date"": ""1902-05-10"", ""death_date"": ""1940-03-08""}"
place:UPL-0279	place	ליניערס					unmatched	attestation:unlinked	bio	
person:1145	person	חיים אַלטמאַן (היימאַן)	Chaim Altman	people_db	1145	entry_person_id:P-7-facs_24_r_5	matched		bio	"{""entry_type"": ""composer"", ""volume"": ""7"", ""span"": ""6169-6169"", ""birth_date"": ""1881-05-15"", ""death_date"": ""1945-02-10"", ""credit"": ""ש. ע. פֿון הערי וויינבערג.""}"
place:Q1879003	place	ליסינקע	Lysianka	wikidata_qid	Q1879003	"{""kima_id"": ""20251"", ""lat"": """", ""lon"": """"}"	candidate		bio	
person:3431	person	איזידאָר צוקערמאַן	Isidor Zuckerman	people_db	3431	entry_person_id:P-7-facs_24_tr_1756894820	matched		bio	"{""entry_type"": ""performer"", ""volume"": ""7"", ""span"": ""6170-6170"", ""birth_date"": ""1882"", ""death_date"": ""1945-04-05"", ""credit"": ""ש. ע.""}"
person:3430	person	קלאַראַ צוקערמאַן (שטיינבערג)	Clara Zuckerman	people_db	3430	entry_person_id:P-7-facs_25_r_3	matched		bio	"{""entry_type"": ""performer"", ""volume"": ""7"", ""span"": ""6171-6171"", ""birth_date"": ""1894"", ""death_date"": ""1945-01-11"", ""credit"": ""ש. ע.""}"
person:3646	person	יעקב מעדוועדיעוו		people_db	3646	entry_person_id:P-7-facs_25_tr_1756895087	matched		bio	"{""entry_type"": ""performer"", ""volume"": ""7"", ""span"": ""6172-6176""}"
person:1160	person	איסאַק אַנטשאַראָוו	Isak Antsharov	people_db	1160	entry_person_id:P-7-facs_28_r_1	matched		bio	"{""entry_type"": ""performer"", ""volume"": ""7"", ""span"": ""6177-6177"", ""birth_date"": ""1897-04-15""}"
person:1141	person	סעם אלוני (קאָפעלבוים שמואל)	Sam Alony	people_db	1141	entry_person_id:P-7-facs_28_r_6	matched		bio	"{""entry_type"": ""performer"", ""volume"": ""7"", ""span"": ""6179-6179"", ""birth_date"": ""1903-11"", ""credit"": ""ש. ע.""}"
person:3637	person	רעניאַ גליקמאַן (רבקה)		people_db	3637	entry_person_id:P-7-facs_29_tr_1756359803	matched		bio	"{""entry_type"": ""performer"", ""volume"": ""7"", ""span"": ""6179-6181"", ""birth_date"": ""1912-08-10"", ""death_date"": ""1961-09-28"", ""credit"": ""ט. ע. פֿון זלמן קאָלעשניקאָוו.""}"
person:3112	person	מינדל צוקערמאַן (שנאַפ)	Mindl Tsukerman	people_db	3112	entry_person_id:P-7-facs_30_r_7	matched		bio	"{""entry_type"": ""performer"", ""volume"": ""7"", ""span"": ""6182-6182"", ""credit"": ""מ. ע. פֿון יצחק ליברעסקאַ און איציקל גאָלדענבורג.""}"
person:1637	person	סאַָרע פיביק	Sore Fibich	people_db	1637	entry_person_id:P-7-facs_31_tr_1756359774	matched		bio	"{""entry_type"": ""performer"", ""volume"": ""7"", ""span"": ""6184-6185"", ""birth_date"": ""1893"", ""death_date"": ""1947"", ""credit"": ""ש. ע. פֿון דר. א. מוקדוני, ש. שנייפאַל, שושנה, יהושע פייל.""}"
person:2801	person	סאַשאַַ ראָזענטאַל (פישנאָוו שמעיה)	Sasha Rozental	people_db	2801	entry_person_id:P-7-facs_34_r	matched		bio	"{""entry_type"": ""performer"", ""volume"": ""7"", ""span"": ""6189-6189"", ""birth_date"": ""1892"", ""death_date"": ""1962-09-11"", ""credit"": ""ש. ע.""}"
person:1979	person	קאַרל דר. האַרטמאַן	Karl Hartman	people_db	1979	entry_person_id:P-7-facs_34_r_4	matched		bio	"{""entry_type"": ""writer"", ""volume"": ""7"", ""span"": ""6190-6190"", ""birth_date"": ""1923"", ""credit"": ""ש. ע.""}"
person:2042	person	סאָניאַ איצקאָוויטש	Sonya Itskovitsh	people_db	2042	entry_person_id:P-7-facs_34_tr_1756359795	matched		bio	"{""entry_type"": ""performer"", ""volume"": ""7"", ""span"": ""6190-6190"", ""birth_date"": ""1894-12-02"", ""credit"": ""ש. ע. פֿון מאַרק לייפציקער.""}"
person_entry:P-7-facs_35_r_2	person	„ניי-אַזאַזעל“		entry_person_id	P-7-facs_35_r_2		unmatched		bio	"{""entry_type"": ""theatre"", ""volume"": ""7"", ""span"": ""6191-6192"", ""credit"": ""ש. ע. פֿון זלמן זילבערצווייג.""}"
place:UPL-0280	place	נאָוואָליפּיע 72					unmatched	attestation:unlinked	bio	
person:3048	person	נינאַ נטאַליני (ווינאָקור)	Nina Talini	people_db	3048	entry_person_id:P-7-facs_36_r_2	matched		bio	"{""entry_type"": ""performer"", ""volume"": ""7"", ""span"": ""6193-6194"", ""birth_date"": ""1901"", ""death_date"": ""1940-02-28"", ""credit"": ""ש. ע. פֿון זלמן זילבערצווייג.""}"
person_entry:P-7-facs_37_r_6	person	"„סימכעוועסאָסען"" [שמחה וששון]"		entry_person_id	P-7-facs_37_r_6		unmatched		bio	"{""entry_type"": ""group"", ""volume"": ""7"", ""span"": ""6195-6195"", ""birth_date"": ""1926""}"
person:2771	person	וויליאַם ראָלאַנד (ראַסקין וועלוועל)	William Rolland	people_db	2771	entry_person_id:P-7-facs_37_r_9	matched		bio	"{""entry_type"": ""administrator"", ""volume"": ""7"", ""span"": ""6195-6199"", ""birth_date"": ""1885-07-24"", ""credit"": ""מ. ע.""}"
place:Q16557	place	דאָלאָס	Dallas	wikidata_qid	Q16557	"{""kima_id"": ""888"", ""lat"": """", ""lon"": """"}"	matched		bio	
person:1656	person	כאַיע פישער	Khaye Fisher	people_db	1656	entry_person_id:P-7-facs_38_tr_1756359805	matched		bio	"{""entry_type"": ""performer"", ""volume"": ""7"", ""span"": ""6200-6200"", ""birth_date"": ""1902""}"
place:UPL-0281	place	סאָלאָק					unmatched	no_attestation	bio	
person:2950	person	לעאָן שטראַספאָגעל	Leon Shtrasfogel	people_db	2950	entry_person_id:P-7-facs_39_r	matched		bio	"{""entry_type"": ""performer"", ""volume"": ""7"", ""span"": ""6201-6207"", ""birth_date"": ""1872"", ""death_date"": ""1919"", ""credit"": ""ש. ע. פֿון י. ליובאמירסקי.""}"
person_entry:P-7-facs_40_r	person	צינבערג ישראל		entry_person_id	P-7-facs_40_r		unmatched		bio	"{""entry_type"": ""writer"", ""volume"": ""7"", ""span"": ""6208-6208"", ""birth_date"": ""1873"", ""death_date"": ""1939-01""}"
place:UPL-0282	place	אַ דאָרף נעבן לאָנאָוויץ					unmatched	attestation:unlinked	bio	
place:Q959	place	וולאדיוואסטאק	Vladivostok	wikidata_qid	Q959	"{""kima_id"": ""7400"", ""lat"": """", ""lon"": """"}"	matched		bio	
person:3421	person	יעקב זאַנשיין	Jakub Zonszajn	people_db	3421	entry_person_id:P-7-facs_42_tr_1756359776	matched		bio	"{""entry_type"": ""writer"", ""volume"": ""7"", ""span"": ""6125-6125"", ""birth_date"": ""1914-01-10"", ""death_date"": ""1962-02-07"", ""credit"": ""ש. ע. פֿון משה שקליאָר.""}"
person:1133	person	מאיר אַקסעלראָד	Meir Akselrad	people_db	1133	entry_person_id:P-7-facs_42_tr_1756359784	matched		bio	"{""entry_type"": ""other"", ""volume"": ""7"", ""span"": ""6126-6126"", ""birth_date"": ""1902""}"
place:UPL-0283	place	וויגאַנקאָ					unmatched	attestation:unlinked	bio	
person_entry:P-7-facs_44_tr_1756359784	person	געזעלשאַפֿטלעכער יידישער טעאַטער אין דעטראָיט		entry_person_id	P-7-facs_44_tr_1756359784		unmatched		bio	"{""entry_type"": ""theatre"", ""volume"": ""7"", ""span"": ""6224-6226"", ""birth_date"": ""1940"", ""credit"": ""ש. ע. פֿון זלמן זילבערצווייג.""}"
person:3178	person	ס. וועריטע (ס. ווייסבלאַט)	S. Verite	people_db	3178	entry_person_id:P-7-facs_46_r_2	matched		bio	"{""entry_type"": ""performer"", ""volume"": ""7"", ""span"": ""6229-6229"", ""death_date"": ""1969"", ""credit"": ""ש. ע. פֿון מאיר מעלמאַן און יעקב בעלצער.""}"
place:Q174994	place	בעסאראביע	Bessarabia	wikidata_qid	Q174994	"{""kima_id"": ""1775"", ""lat"": ""46.833333333333"", ""lon"": ""29.0""}"	matched		bio	
person:2063	person	יאַַשאַ קאַבאַק	Yasha Kabak	people_db	2063	entry_person_id:P-7-facs_46_r_8	matched		bio	"{""entry_type"": ""performer"", ""volume"": ""7"", ""span"": ""6230-6230"", ""birth_date"": ""1903"", ""credit"": ""ש. ע. פֿון מאַרק לייפציקער.""}"
person:1703	person	פֿרידמאַן, יצחק	Itzhak Friedman	people_db	1703	entry_person_id:P-7-facs_46_tr_1756359802	matched		bio	"{""entry_type"": ""writer"", ""volume"": ""7"", ""span"": ""6230-6230""}"
person_entry:P-7-facs_47_tr_1756359790	person	"""יידישע באַנדע"""		entry_person_id	P-7-facs_47_tr_1756359790		unmatched		bio	"{""entry_type"": ""group"", ""volume"": ""7"", ""span"": ""6231-6232"", ""birth_date"": ""1932""}"
person:1255	person	צבי בן-מנחם	Tsvi Ben-Menachem	people_db	1255	entry_person_id:P-7-facs_48_tr_1756359788	matched		bio	"{""entry_type"": ""writer"", ""volume"": ""7"", ""span"": ""6231-6231""}"
person:3222	person	וויינער העלענאַ	Helena Weiner	people_db	3222	entry_person_id:P-7-facs_48_tr_1756359786	matched		bio	"{""entry_type"": ""performer"", ""volume"": ""7"", ""span"": ""6231-6231"", ""birth_date"": ""1875"", ""death_date"": ""1934-04-08""}"
person:3226	person	יוסף וויינשעלבוים	Joseph Weinshelbaum	people_db	3226	entry_person_id:P-7-facs_48_tr_1756359790	matched		bio	"{""entry_type"": ""performer"", ""volume"": ""7"", ""span"": ""6232-6232"", ""birth_date"": ""1890"", ""credit"": ""ש. ע. פֿון סעם פאָדעם.""}"
place:Q156717	place	פּראָסקוראָוו	Khmelnytskyi	wikidata_qid	Q156717	"{""kima_id"": ""797"", ""lat"": ""49.420000"", ""lon"": ""27.000000""}"	matched		bio	
person:3248	person	ווילהעלם ווייס	Wilhelm Weiss	people_db	3248	entry_person_id:P-7-facs_48_tr_1756359787	matched		bio	"{""entry_type"": ""administrator"", ""volume"": ""7"", ""span"": ""6232-6232""}"
person:3113	person	מרדכי צווייט	Mordechai Tsvit	people_db	3113	entry_person_id:P-7-facs_48_tr_1756359789	matched		bio	"{""entry_type"": ""performer"", ""volume"": ""7"", ""span"": ""6232-6232"", ""birth_date"": ""1913"", ""credit"": ""ש. ע. פֿון יהושע ליובאמירסקי.""}"
person:3436	person	סעמיואל צווערלינג	Samuel Zwerling	people_db	3436	entry_person_id:P-7-facs_49_r	matched		bio	"{""entry_type"": ""performer"", ""volume"": ""7"", ""span"": ""6233-6233"", ""birth_date"": ""1887-11-03"", ""credit"": ""ש. ע. פֿון שרה קינדמאַן-מעסטל.""}"
place:Q200797	place	פּאָלאָצק	Polatsk	wikidata_qid	Q200797	"{""kima_id"": ""17006"", ""lat"": ""55.483333"", ""lon"": ""28.800000""}"	candidate		bio	
person:2422	person	ה. מאַיראָוויטש (הערשל)	Hershel Mayarovitsh	people_db	2422	entry_person_id:P-7-facs_49_r_3	matched		bio	"{""entry_type"": ""composer"", ""volume"": ""7"", ""span"": ""6233-6233"", ""birth_date"": ""1918-09-06"", ""credit"": ""פ. ע. פֿון יוליאָן שוואַרץ.""}"
person:3104	person	יאַנקעוו ציבולעווסקי	Yankev Tsibulevsky	people_db	3104	entry_person_id:P-7-facs_49_tr_1756359774	matched		bio	"{""entry_type"": ""performer"", ""volume"": ""7"", ""span"": ""6234-6234"", ""birth_date"": ""1902"", ""credit"": ""ש. ע. פֿון י. ליובאמירסקי.""}"
place:Q599542	place	זשיאַוואַטאָוו	Zhyvotivka	wikidata_qid	Q599542	"{""kima_id"": """", ""lat"": """", ""lon"": """"}"	matched		bio	
place:Q1669868	place	קאָזעלעץ	Kozelets	wikidata_qid	Q1669868	"{""kima_id"": """", ""lat"": """", ""lon"": """"}"	candidate		bio	
person:3435	person	דאָראָטי צוויג (מאָשקאָוויטש)	Dorothy Zweig	people_db	3435	entry_person_id:P-7-facs_52_r_11	matched		bio	"{""entry_type"": ""performer"", ""volume"": ""7"", ""span"": ""6239-6239"", ""birth_date"": ""1903-02-20"", ""credit"": ""ש. ע.""}"
person:3425	person	חיה צוקערמאַן (מישינעווסקאַ קלאַראַ)	Khaya Zucker	people_db	3425	entry_person_id:P-7-facs_52_r_3	matched		bio	"{""entry_type"": ""performer"", ""volume"": ""7"", ""span"": ""6239-6239"", ""birth_date"": ""1896"", ""credit"": ""ש. ע.""}"
person_entry:P-7-facs_52_tr_1756359809	person	פֿרידמאַן, ישראל		entry_person_id	P-7-facs_52_tr_1756359809		unmatched		bio	"{""entry_type"": ""writer"", ""volume"": ""7"", ""span"": ""6239-6239"", ""birth_date"": ""1878-04-11"", ""death_date"": ""1934-03-18""}"
person:2083	person	נאַדיאַ קאַרעני (שליפקאָוויטש)	Nadia Kareni	people_db	2083	entry_person_id:P-7-facs_52_r_13	matched		bio	"{""entry_type"": ""performer"", ""volume"": ""7"", ""span"": ""6240-6240"", ""birth_date"": ""1905-10-28"", ""death_date"": ""1961-01-10"", ""credit"": ""מ. ע. און ש. ע. פֿון גרישאַ ראָטשיין. מ. ע. פֿון רחל אויערבאַך.""}"
person:1667	person	מעני פליישמאןַ (מאיר)	Manny Fleischman	people_db	1667	entry_person_id:P-7-facs_53_r_4	matched		bio	"{""entry_type"": ""composer"", ""volume"": ""7"", ""span"": ""6241-6241"", ""birth_date"": ""1903-07-01"", ""death_date"": ""1963-12-17"", ""credit"": ""ש. ע. פֿון הערמאַן יאַבלאָקאָוו.""}"
person:1881	person	ישראל גויכבערג	Israel Goykhberg	people_db	1881	entry_person_id:P-7-facs_53_tr_1756359804	matched		bio	"{""entry_type"": ""writer"", ""volume"": ""7"", ""span"": ""6242-6242"", ""birth_date"": ""1894-01-01"", ""death_date"": ""1970-06-09""}"
place:Q647051	place	טעלענעשט	Telenești	wikidata_qid	Q647051	"{""kima_id"": ""82089"", ""lat"": """", ""lon"": """"}"	matched		bio	
person:2460	person	רות מיימאָן (פישמאַן)	Ruth Meymon	people_db	2460	entry_person_id:P-7-facs_54_r_10	matched		bio	"{""entry_type"": ""performer"", ""volume"": ""7"", ""span"": ""6243-6243"", ""birth_date"": ""1924-07-13"", ""credit"": ""ש. ע. פֿון זלמן קאָלעשניקאָוו.""}"
person:3194	person	דוד וואָלענשטיין	David Volkenshteyn	people_db	3194	entry_person_id:P-7-facs_54_tr_1756359768	matched		bio	"{""entry_type"": ""writer"", ""volume"": ""7"", ""span"": ""6244-6244"", ""birth_date"": ""1891"", ""death_date"": ""1961""}"
person:1665	person	יעקב פלאַפּאַן	Jacobo Flapan	people_db	1665	entry_person_id:P-7-facs_55_tr_1756359778	matched		bio	"{""entry_type"": ""director_regisseur"", ""volume"": ""7"", ""span"": ""6245-6246"", ""birth_date"": ""1897-07-12"", ""death_date"": ""1936-03-23""}"
person:3648	person	אייזיק ראָטמאַן		people_db	3648	entry_person_id:P-7-facs_56_r	matched		bio	"{""entry_type"": ""performer"", ""volume"": ""7"", ""span"": ""6247-6248"", ""birth_date"": ""1901"", ""death_date"": ""1964-07-17"", ""credit"": ""ש. ע. פֿון גרישאַ ראָטשיין.""}"
place:Q1022506	place	דגניה ב'	Degania Bet	wikidata_qid	Q1022506	"{""kima_id"": ""893"", ""lat"": """", ""lon"": """"}"	candidate		bio	
place:UPL-0284	place	קיביץ דגניה ב'					unmatched	no_attestation	bio	
person:2804	person	דוד רובין	David Rubin	people_db	2804	entry_person_id:P-7-facs_57_tr_1756359819	matched		bio	"{""entry_type"": ""writer"", ""volume"": ""7"", ""span"": ""6249-6249"", ""birth_date"": ""1893-09-07""}"
place:Q520174	place	קאָרלסבערג (גוראַ פּוטנעי)	Karlsberg	wikidata_qid	Q520174	"{""kima_id"": """", ""lat"": """", ""lon"": """"}"	candidate		bio	
person_entry:P-7-facs_57_tr_1756359815	person	גאָלדבערג, דיינע		entry_person_id	P-7-facs_57_tr_1756359815		unmatched		bio	"{""entry_type"": ""performer"", ""volume"": ""7"", ""span"": ""6250-6252"", ""birth_date"": ""1908-08-04"", ""credit"": ""ש. ע. און ש. ע. פֿון זלמן זילבערצוויינ.""}"
person:1638	person	משה פידעל	Moshe Fidel	people_db	1638	entry_person_id:P-7-facs_59_tr_1756359798	matched		bio	"{""entry_type"": ""composer"", ""volume"": ""7"", ""span"": ""6253-6253"", ""birth_date"": ""1911-11-27"", ""credit"": ""ש. ע. פֿון יוליאן שוואַרץ.""}"
person:2474	person	בוזי מילער	Buzzy Miller	people_db	2474	entry_person_id:P-7-facs_59_tr_1756359795	matched		bio	"{""entry_type"": ""writer"", ""volume"": ""7"", ""span"": ""6253-6253"", ""birth_date"": ""1913-04-21"", ""credit"": ""ש. ע. פֿון יהושע ליובאמירסקי.""}"
place:Q1973699	place	וואָלקאָוויניעץ	Vovkovyntsi	wikidata_qid	Q1973699	"{""kima_id"": ""70470"", ""lat"": """", ""lon"": """"}"	candidate		bio	
person:2924	person	קלעמענטינאַ שערמעל (קיילע)	Clementina Shermel	people_db	2924	entry_person_id:P-7-facs_59_r_5	matched		bio	"{""entry_type"": ""performer"", ""volume"": ""7"", ""span"": ""6254-6255"", ""birth_date"": ""1922"", ""credit"": ""ש. ע. פֿון יהושע ליובאמירסקי.""}"
person:3645	person	איליא קאָריק		people_db	3645	entry_person_id:P-7-facs_60_tr_1756359809	matched		bio	"{""entry_type"": ""performer"", ""volume"": ""7"", ""span"": ""6256-6258"", ""birth_date"": ""1881"", ""credit"": ""ש. ע. פֿון מאַרק לייפציקער.""}"
person:3310	person	יעווינא	Yevina	people_db	3310	entry_person_id:P-7-facs_62_tr_1756359784	matched		bio	"{""entry_type"": ""performer"", ""volume"": ""7"", ""span"": ""6259-6259"", ""death_date"": ""1922/1923"", ""credit"": ""ש. ע. פֿון מאַרק לייפציקער.""}"
place:Q65270	place	סטאָווישטשע	Stavyshche	wikidata_qid	Q65270	"{""kima_id"": ""89840"", ""lat"": """", ""lon"": """"}"	matched		bio	
person:3235	person	סאַלי וויינטרוייב	Sally Weintraub	people_db	3235	entry_person_id:P-7-facs_62_tr_1756359788	matched		bio	"{""entry_type"": ""performer"", ""volume"": ""7"", ""span"": ""6259-6259""}"
place:Q721928	place	יאָראָסלאָוו	Jarosław	wikidata_qid	Q721928	"{""kima_id"": ""862"", ""lat"": """", ""lon"": """"}"	matched		bio	
person:3221	person	ברכה וויינער	Bracha Weiner	people_db	3221	entry_person_id:P-7-facs_62_tr_1756359785	matched		bio	"{""entry_type"": ""performer"", ""volume"": ""7"", ""span"": ""6259-6259"", ""death_date"": ""1928""}"
place:UPL-0285	place	טשערנאָוויצער יידישן שפּיטאָל					unmatched	attestation:unlinked	bio	
person:3228	person	טשאַרלז וויינשטיין	Charles Weinstein	people_db	3228	entry_person_id:P-7-facs_62_tr_1756359786	matched		bio	"{""entry_type"": ""administrator"", ""volume"": ""7"", ""span"": ""6260-6260"", ""birth_date"": ""1890-06-15""}"
place:Q112707	place	ראָמאַנאָוו	House of Romanov	wikidata_qid	Q112707	"{""kima_id"": """", ""lat"": """", ""lon"": """"}"	candidate		bio	
person:1237	person	סאַשאַ בעקער	Sasha Becker	people_db	1237	entry_person_id:P-7-facs_63_r_4	matched		bio	"{""entry_type"": ""performer"", ""volume"": ""7"", ""span"": ""6262-6262"", ""credit"": ""מ. ע. פֿון ראַזאַ בעקער און סאָניאַ קוסטין.""}"
person:2813	person	ריוואַ רופינאַ (פאָדאָלסקא)	Riva Rupina	people_db	2813	entry_person_id:P-7-facs_63_r_10	matched		bio	"{""entry_type"": ""performer"", ""volume"": ""7"", ""span"": ""6262-6263"", ""birth_date"": ""1904"", ""credit"": ""ש. ע.""}"
person:3641	person	אָסקאַר קאַרטאָשינסקי (אשר)		people_db	3641	entry_person_id:P-7-facs_64_r_4	matched		bio	"{""entry_type"": ""writer"", ""volume"": ""7"", ""span"": ""6264-6270"", ""birth_date"": ""1882-02-26"", ""death_date"": ""1933-07-28""}"
place:UPL-0286	place	ליובייטש					unmatched	attestation:unlinked	bio	
person:2677	person	פאָלינאָוואַ	Polinova	people_db	2677	entry_person_id:P-7-facs_68_tr_1756359775	matched		bio	"{""entry_type"": ""performer"", ""volume"": ""7"", ""span"": ""6272-6272"", ""credit"": ""ש. ע. פֿון מאַרק לייפציקער.""}"
person:2266	person	אַנאַ לעווינשטיין	Ana Levinstein	people_db	2266	entry_person_id:P-7-facs_68_tr_1756359771	matched		bio	"{""entry_type"": ""performer"", ""volume"": ""7"", ""span"": ""6272-6272"", ""credit"": ""ש. ע. פֿון י. ליובאמירסקי.""}"
person:3636	person	ש. פרייליך (ליטמאַן-געלטמאַן)		people_db	3636	entry_person_id:P-7-facs_68_r_4	matched		bio	"{""entry_type"": ""writer"", ""volume"": ""7"", ""span"": ""6272-6276"", ""birth_date"": ""1898"", ""death_date"": ""1946-07-26""}"
person:1414	person	בוכבינדער	[?] Buchbinder	people_db	1414	entry_person_id:P-7-facs_71_r_1	matched		bio	"{""entry_type"": ""performer"", ""volume"": ""7"", ""span"": ""6277-6277"", ""death_date"": ""..1914"", ""credit"": ""מ. ע. פֿון א. ג. קאָמפּאַנעעץ און נחום ליפּאָווסקי.""}"
person:3130	person	האַנס אונטערקישר	Hans Unterkisher	people_db	3130	entry_person_id:P-7-facs_71_tr_1757228906	matched		bio	"{""entry_type"": ""performer"", ""volume"": ""7"", ""span"": ""6277-6277""}"
person:1281	person	ברוך בערנאַרד (גרינבערג)	Baruch Bernard	people_db	1281	entry_person_id:P-7-facs_71_r	matched		bio	"{""entry_type"": ""writer"", ""volume"": ""7"", ""span"": ""6277-6277"", ""birth_date"": ""1901-04-15"", ""death_date"": ""1953-02-26""}"
person:2015	person	הערי האָפענבערג	Harry Hoffenberg	people_db	2015	entry_person_id:P-7-facs_71_tr_1757228899	matched		bio	"{""entry_type"": ""writer"", ""volume"": ""7"", ""span"": ""6278-6278"", ""birth_date"": ""1895~"", ""death_date"": ""1960-08-01"", ""credit"": ""ש. ע. פֿון זלמן זילבערצווייג.""}"
person_entry:P-7-facs_72_r_5	person	שמואלזאַן [שמוליכסאָן] משה		entry_person_id	P-7-facs_72_r_5		unmatched		bio	"{""entry_type"": ""writer"", ""volume"": ""7"", ""span"": ""6279-6279"", ""birth_date"": ""1871-12""}"
place:UPL-0287	place	דאַרף מאַכאַסטעריק					unmatched	attestation:unlinked	bio	
person:2397	person	אפרים מרגליות	Efrayim Margolius	people_db	2397	entry_person_id:P-7-facs_72_r_9	matched		bio	"{""entry_type"": ""writer"", ""volume"": ""7"", ""span"": ""6280-6280""}"
person_entry:P-7-facs_73_r	person	מרגליות, יצחק [בראָדער]		entry_person_id	P-7-facs_73_r		unmatched		bio	"{""entry_type"": ""writer"", ""volume"": ""7"", ""span"": ""6281-6281"", ""birth_date"": ""1855-09-08"", ""death_date"": ""1919-12-22""}"
place:Q2509983	place	פּאָדקאָמיין	Pidkamin	wikidata_qid	Q2509983	"{""kima_id"": ""71242"", ""lat"": """", ""lon"": """"}"	matched		bio	
person:1404	person	מאַקסים בראָדין (מאַקס בראָדסקי)	Maxim Brody	people_db	1404	entry_person_id:P-7-facs_73_r_4	matched		bio	"{""entry_type"": ""performer"", ""volume"": ""7"", ""span"": ""6281-6282"", ""birth_date"": ""1902"", ""credit"": ""ש. ע.""}"
place:UPL-0288	place	לישטין					unmatched	attestation:unlinked	bio	
person_entry:P-7-facs_74_r_3	person	זלאַטין, זעלדע [הילדאַ שוואַרץ]		entry_person_id	P-7-facs_74_r_3		unmatched		bio	"{""entry_type"": ""performer"", ""volume"": ""7"", ""span"": ""6283-6283"", ""birth_date"": ""1906"", ""credit"": ""ש. ע.""}"
person:1097	person	מרדכי אבעלמאַן	Mordechai Abelman	people_db	1097	entry_person_id:P-7-facs_74_tr_1757228890	matched		bio	"{""entry_type"": ""performer"", ""volume"": ""7"", ""span"": ""6284-6285"", ""birth_date"": ""1909-05-25"", ""death_date"": ""1969-12-02"", ""credit"": ""ש. ע. פֿון בנימין קאַץ.""}"
person:2149	person	עטל קאָווענסקאַ	Etel Kovenska	people_db	2149	entry_person_id:P-7-facs_75_r_1	matched		bio	"{""entry_type"": ""performer"", ""volume"": ""7"", ""span"": ""6286-6287"", ""birth_date"": ""1924"", ""credit"": ""ש. ע. פֿון יהושע ליובאמירסקי.""}"
place:Q1025883	place	זשעטל	Dzyatlava	wikidata_qid	Q1025883	"{""kima_id"": """", ""lat"": ""53.450000"", ""lon"": ""25.400000""}"	matched		bio	
place:Q219601	place	שומסק	Shumsk	wikidata_qid	Q219601	"{""kima_id"": """", ""lat"": """", ""lon"": """"}"	candidate		bio	
person:2526	person	מאַקס מושקאַט ((מריאַן)	Max Mushkat	people_db	2526	entry_person_id:P-7-facs_76_r_2	matched		bio	"{""entry_type"": ""writer"", ""volume"": ""7"", ""span"": ""6288-6288"", ""birth_date"": ""1912-01-05""}"
person:2969	person	א. סיגאַל	A. Sigal	people_db	2969	entry_person_id:P-7-facs_77_tr_1757228916	matched		bio	"{""entry_type"": ""writer"", ""volume"": ""7"", ""span"": ""6289-6289""}"
person:1432	person	ה. בורשטיין	H. Burstein	people_db	1432	entry_person_id:P-7-facs_77_tr_1757228911	matched		bio	"{""entry_type"": ""other"", ""volume"": ""7"", ""span"": ""6289-6289""}"
person:1614	person	הערש פייגין	Hersh Fagin	people_db	1614	entry_person_id:P-7-facs_77_tr_1757228908	matched		bio	"{""entry_type"": ""performer"", ""volume"": ""7"", ""span"": ""6289-6289"", ""birth_date"": ""1905-12-24"", ""death_date"": ""1965-02-23"", ""credit"": ""ש. ע. פֿון י. ראַדינאָוו.""}"
person:3034	person	סטראָקאָווער	Strokover	people_db	3034	entry_person_id:P-7-facs_77_r_5	matched		bio	"{""entry_type"": ""performer"", ""volume"": ""7"", ""span"": ""6290-6290""}"
person:2667	person	צילע פאַדאָלסקאיאַ	Tsile Podolskaya	people_db	2667	entry_person_id:P-7-facs_78_r	matched		bio	"{""entry_type"": ""performer"", ""volume"": ""7"", ""span"": ""6291-6291"", ""death_date"": ""1948""}"
place:UPL-0289	place	בעסעראַביע					unmatched	attestation:unlinked	bio	
place:UPL-0290	place	אויף אַ שיף קיין דרום אַמעריקע					unmatched	attestation:unlinked	bio	
person:1494	person	שלמה דיאמנט	Shlomo Diamant	people_db	1494	entry_person_id:P-7-facs_78_r_1	matched		bio	"{""entry_type"": ""composer"", ""volume"": ""7"", ""span"": ""6292-6292"", ""birth_date"": ""1859-11"", ""death_date"": ""1923-02-11""}"
person:3413	person	יצחק יצחק	Yitzhak Ziser	people_db	3413	entry_person_id:P-7-facs_79_tr_1757228888	matched		bio	"{""entry_type"": ""performer"", ""volume"": ""7"", ""span"": ""6294-6296"", ""birth_date"": ""1894"", ""credit"": ""ש. ע.""}"
place:Q663482	place	מאַגעראָוו	Maheriv	wikidata_qid	Q663482	"{""kima_id"": ""80991"", ""lat"": """", ""lon"": """"}"	candidate		bio	
person:2127	person	קנעלער	[?] Kneler	people_db	2127	entry_person_id:P-7-facs_81_r_2	matched		bio	"{""entry_type"": ""performer"", ""volume"": ""7"", ""span"": ""6297-6297""}"
person:1304	person	מרדכי בעראָזקין	Mordechai Bierozkin	people_db	1304	entry_person_id:P-7-facs_81_tr_1757228905	matched		bio	"{""entry_type"": ""performer"", ""volume"": ""7"", ""span"": ""6297-6297"", ""death_date"": ""1966-07""}"
person:3633	person	דניאל פינקעלקרויט		people_db	3633	entry_person_id:P-7-facs_82_tr_1757228891	matched		bio	"{""entry_type"": ""performer"", ""volume"": ""7"", ""span"": ""6299-6301"", ""birth_date"": ""1895-07-12"", ""death_date"": ""1971-07"", ""credit"": ""ש. ע. פֿון י. ליובאמירסקי.""}"
place:UPL-0291	place	פֿאָרזען					unmatched	attestation:unlinked	bio	
person:1654	person	אברהם-אליעזר פישער	Avrom-Leyzer Fisher	people_db	1654	entry_person_id:P-7-facs_84_tr_1757228895	matched		bio	"{""entry_type"": ""performer"", ""volume"": ""7"", ""span"": ""6304-6304"", ""birth_date"": ""1896-11-04"", ""credit"": ""ש. ע. פֿון מאַרק לייטציקער.""}"
person:2834	person	אַדאַ סאָנץ	Ada Sants	people_db	2834	entry_person_id:P-7-facs_86_tr_1757228903	matched		bio	"{""entry_type"": ""performer"", ""volume"": ""7"", ""span"": ""6310-6311""}"
place:Q42956	place	כאַרבין	Harbin	wikidata_qid	Q42956	"{""kima_id"": ""321"", ""lat"": ""45.750000"", ""lon"": ""126.633333""}"	matched		bio	
person:2580	person	א.פ. נוגער	A.F. Nuger	people_db	2580	entry_person_id:P-7-facs_103_r_1	matched		bio	"{""entry_type"": ""performer"", ""volume"": ""7"", ""span"": ""6343-6343""}"
person:3649	person	ד. סטריזשעווסקי		people_db	3649	entry_person_id:P-7-facs_103_tr_1757321271	matched		bio	"{""entry_type"": ""performer"", ""volume"": ""7"", ""span"": ""6344-6346""}"
place:Q269523	place	פיריאטין	Pyriatyn	wikidata_qid	Q269523	"{""kima_id"": """", ""lat"": """", ""lon"": """"}"	matched		bio	
person:1860	person	יאַנקעוו גאָלמאַןַ	Yankev Golman	people_db	1860	entry_person_id:P-7-facs_106_tr_1757328790	matched		bio	"{""entry_type"": ""performer"", ""volume"": ""7"", ""span"": ""6352-6353"", ""birth_date"": ""1903-03-10"", ""credit"": ""ש. ע. פֿון מאַרק לייפציקער.""}"
person:3414	person	וועראַ זיסמאַן	Vera Zisman	people_db	3414	entry_person_id:P-7-facs_107_tr_1757329749	matched		bio	"{""entry_type"": ""performer"", ""volume"": ""7"", ""span"": ""6354-6354""}"
person_entry:P-7-facs_108_r	person	סיגאַלאָווסקאַ, לענאַ		entry_person_id	P-7-facs_108_r		unmatched		bio	"{""entry_type"": ""performer"", ""volume"": ""7"", ""span"": ""6355-6355""}"
person:1649	person	מאיר מאיר פינקעל	Finkel. Meir	people_db	1649	entry_person_id:P-7-facs_108_tr_1757330142	matched		bio	"{""entry_type"": ""performer"", ""volume"": ""7"", ""span"": ""6356-6357""}"
